analog,analog_sterr,photon_counting,pc_sterr,overflow_info
5.66172,0.000539265,0.0,0.0,0.0
5.66232,0.000539006,0.0166597,0.0166632,0.0
5.66234,0.000545946,0.0166597,0.0166632,0.0
5.66291,0.000528887,0.0166597,0.0166632,0.0
5.66279,0.0005512,0.0,0.0,0.0
5.6612,0.000544389,0.0333195,0.0234645,0.0
5.66189,0.000536606,0.0,0.0,0.0
5.66237,0.000540627,0.0166597,0.0166632,0.0
5.66141,0.000538098,0.0166597,0.0166632,0.0
5.66196,0.000535892,0.0166597,0.0166632,0.0
5.66183,0.000524152,0.0166597,0.0166632,0.0
5.66178,0.000524282,0.0166597,0.0166632,0.0
5.66231,0.000526228,0.0,0.0,0.0
5.66207,0.000529406,0.0,0.0,0.0
5.66241,0.000540887,0.0166597,0.0166632,0.0
5.66243,0.00053933,0.0,0.0,0.0
5.6622,0.000533622,0.0,0.0,0.0
5.66206,0.000538292,0.0166597,0.0166632,0.0
5.66196,0.000525125,0.0,0.0,0.0
5.66156,0.000534141,0.0,0.0,0.0
5.66094,0.000533298,0.0,0.0,0.0
5.66094,0.000542508,0.0333195,0.0234645,0.0
5.66197,0.000535698,0.0,0.0,0.0
5.66155,0.000547957,0.0166597,0.0166632,0.0
5.66168,0.000551459,0.0166597,0.0166632,0.0
5.66112,0.000544778,0.0333195,0.0234645,0.0
5.66227,0.000531092,0.0,0.0,0.0
5.66251,0.000535957,0.0,0.0,0.0
5.66221,0.000526941,0.0,0.0,0.0
5.66213,0.000544843,0.0166597,0.0166632,0.0
5.66211,0.000539589,0.0,0.0,0.0
5.66251,0.000539265,0.0,0.0,0.0
5.66181,0.00053933,0.0,0.0,0.0
5.66104,0.000537514,0.0166597,0.0166632,0.0
5.66152,0.000533557,0.0,0.0,0.0
5.66278,0.000541276,0.0166597,0.0166632,0.0
5.66218,0.000531676,0.0166597,0.0166632,0.0
5.6613,0.000543481,0.0,0.0,0.0
5.66132,0.000527784,0.0,0.0,0.0
5.66083,0.000539914,0.0333195,0.0234645,0.0
5.66171,0.000542962,0.0,0.0,0.0
5.66163,0.000539914,0.0,0.0,0.0
5.66216,0.000533298,0.0166597,0.0166632,0.0
5.66304,0.000539525,0.0,0.0,0.0
5.66209,0.000563718,0.0,0.0,0.0
5.66123,0.000536152,0.0,0.0,0.0
5.66217,0.000537773,0.0,0.0,0.0
5.66243,0.000541276,0.0,0.0,0.0
5.6619,0.000534919,0.0166597,0.0166632,0.0
5.66221,0.000536735,0.0,0.0,0.0
5.66146,0.000531157,0.0,0.0,0.0
5.66302,0.000537449,0.0166597,0.0166632,0.0
5.66258,0.000544259,0.0,0.0,0.0
5.662,0.000535698,0.0,0.0,0.0
5.66114,0.000540173,0.0,0.0,0.0
5.66265,0.000536281,0.0333195,0.0234645,0.0
5.66247,0.000519742,0.0166597,0.0166632,0.0
5.66222,0.000536346,0.0,0.0,0.0
5.6625,0.000546984,0.0,0.0,0.0
5.66252,0.000542573,0.0333195,0.0234645,0.0
5.66192,0.000540043,0.0166597,0.0166632,0.0
5.66183,0.000539395,0.0,0.0,0.0
5.66192,0.000533622,0.0166597,0.0166632,0.0
5.66136,0.000534076,0.0,0.0,0.0
5.66097,0.000541795,0.0,0.0,0.0
5.66164,0.000538422,0.0,0.0,0.0
5.6618,0.000540822,0.0166597,0.0166632,0.0
5.66263,0.000534984,0.0166597,0.0166632,0.0
5.66201,0.000546141,0.0,0.0,0.0
5.66164,0.000560151,0.0166597,0.0166632,0.0
5.66199,0.000547438,0.0,0.0,0.0
5.66166,0.000531417,0.0,0.0,0.0
5.66192,0.000550357,0.0,0.0,0.0
5.66215,0.000547503,0.0166597,0.0166632,0.0
5.66229,0.000542768,0.0,0.0,0.0
5.66166,0.000535179,0.0,0.0,0.0
5.66264,0.000537838,0.0,0.0,0.0
5.66284,0.000531871,0.0,0.0,0.0
5.66313,0.000541535,0.0,0.0,0.0
5.66215,0.000535827,0.0166597,0.0166632,0.0
5.66185,0.000539589,0.0166597,0.0166632,0.0
5.66122,0.000519871,0.0,0.0,0.0
5.66196,0.000524866,0.0,0.0,0.0
5.66243,0.000527201,0.0,0.0,0.0
5.66148,0.000524931,0.0,0.0,0.0
5.66217,0.000544,0.0499792,0.0289055,0.0
5.6616,0.0005464,0.0,0.0,0.0
5.66212,0.000529017,0.0166597,0.0166632,0.0
5.66229,0.000546141,0.0166597,0.0166632,0.0
5.66176,0.000541989,0.0,0.0,0.0
5.6618,0.000535308,0.0,0.0,0.0
5.6621,0.0005416,0.0,0.0,0.0
5.66163,0.000523244,0.0,0.0,0.0
5.6621,0.00053226,0.0,0.0,0.0
5.66206,0.000526293,0.0,0.0,0.0
5.66171,0.000539784,0.0166597,0.0166632,0.0
5.66214,0.000545816,0.0166597,0.0166632,0.0
5.66184,0.000527006,0.0,0.0,0.0
5.66183,0.000551589,0.0166597,0.0166632,0.0
5.66201,0.000541406,0.0,0.0,0.0
5.66282,0.000547892,0.0166597,0.0166632,0.0
5.66272,0.000540303,0.0,0.0,0.0
5.66186,0.0005344,0.0,0.0,0.0
5.66184,0.000529471,0.0,0.0,0.0
5.6625,0.000531806,0.0,0.0,0.0
5.66253,0.000533622,0.0166597,0.0166632,0.0
5.66236,0.000539589,0.0166597,0.0166632,0.0
5.66262,0.000548022,0.0,0.0,0.0
5.66188,0.000549903,0.0,0.0,0.0
5.66212,0.000539395,0.0,0.0,0.0
5.66221,0.000541665,0.0,0.0,0.0
5.66194,0.000550032,0.0,0.0,0.0
5.66177,0.000546076,0.0166597,0.0166632,0.0
5.66189,0.000542054,0.0,0.0,0.0
5.66147,0.000531936,0.0,0.0,0.0
5.66126,0.000541989,0.0,0.0,0.0
5.66144,0.00053012,0.0,0.0,0.0
5.66159,0.000535438,0.0,0.0,0.0
5.66208,0.000539265,0.0166597,0.0166632,0.0
5.66234,0.000528952,0.0,0.0,0.0
5.66189,0.00052986,0.0,0.0,0.0
5.66167,0.000533817,0.0,0.0,0.0
5.66162,0.00054413,0.0,0.0,0.0
5.66264,0.000549319,0.0,0.0,0.0
5.66353,0.000540757,0.0166597,0.0166632,0.0
5.66239,0.000544973,0.0166597,0.0166632,0.0
5.66175,0.000541211,0.0166597,0.0166632,0.0
5.66287,0.00054186,0.0,0.0,0.0
5.66202,0.000533298,0.0,0.0,0.0
5.66213,0.000537708,0.0,0.0,0.0
5.66307,0.000543351,0.0333195,0.0234645,0.0
5.66211,0.000550746,0.0,0.0,0.0
5.66144,0.000540757,0.0,0.0,0.0
5.66189,0.000535568,0.0,0.0,0.0
5.66144,0.000528174,0.0166597,0.0166632,0.0
5.66216,0.000530379,0.0,0.0,0.0
5.66277,0.000536606,0.0,0.0,0.0
5.66174,0.0005344,0.0,0.0,0.0
5.66207,0.000543546,0.0,0.0,0.0
5.66202,0.000536476,0.0,0.0,0.0
5.6619,0.00053946,0.0166597,0.0166632,0.0
5.6624,0.000531871,0.0,0.0,0.0
5.66149,0.00053719,0.0166597,0.0166632,0.0
5.6624,0.000531871,0.0166597,0.0166632,0.0
5.66284,0.000507612,0.0166597,0.0166632,0.0
5.66166,0.000532973,0.0166597,0.0166632,0.0
5.66257,0.000535114,0.0,0.0,0.0
5.66243,0.000535633,0.0166597,0.0166632,0.0
5.66219,0.000535049,0.0,0.0,0.0
5.66263,0.000543546,0.0,0.0,0.0
5.66225,0.000540562,0.0166597,0.0166632,0.0
5.66212,0.00053933,0.0,0.0,0.0
5.66205,0.000529795,0.0,0.0,0.0
5.66212,0.000542443,0.0166597,0.0166632,0.0
5.66218,0.000536865,0.0,0.0,0.0
5.66169,0.000522985,0.0,0.0,0.0
5.66152,0.000543676,0.0166597,0.0166632,0.0
5.66142,0.000541276,0.0,0.0,0.0
5.66121,0.000532973,0.0,0.0,0.0
5.66209,0.000544778,0.0,0.0,0.0
5.66259,0.0005368,0.0,0.0,0.0
5.66202,0.000554573,0.0166597,0.0166632,0.0
5.66184,0.00054186,0.0166597,0.0166632,0.0
5.6629,0.000548281,0.0,0.0,0.0
5.66213,0.000548281,0.0,0.0,0.0
5.66177,0.00052759,0.0,0.0,0.0
5.66223,0.000536735,0.0,0.0,0.0
5.66218,0.000535373,0.0,0.0,0.0
5.66287,0.000539006,0.0,0.0,0.0
5.66282,0.000528109,0.0,0.0,0.0
5.66273,0.00052733,0.0,0.0,0.0
5.6631,0.000516304,0.0,0.0,0.0
5.66352,0.000549773,0.0166597,0.0166632,0.0
5.66287,0.000536541,0.0166597,0.0166632,0.0
5.66304,0.000542508,0.0,0.0,0.0
5.66307,0.000538616,0.0,0.0,0.0
5.66304,0.000536281,0.0166597,0.0166632,0.0
5.66193,0.000542443,0.0,0.0,0.0
5.66198,0.000530509,0.0166597,0.0166632,0.0
5.66235,0.000536411,0.0,0.0,0.0
5.66184,0.000544843,0.0,0.0,0.0
5.66193,0.000545881,0.0166597,0.0166632,0.0
5.66232,0.000539395,0.0,0.0,0.0
5.66113,0.000530574,0.0,0.0,0.0
5.66114,0.000533946,0.0,0.0,0.0
5.66147,0.000545038,0.0166597,0.0166632,0.0
5.6624,0.000532844,0.0,0.0,0.0
5.66136,0.00053453,0.0,0.0,0.0
5.66163,0.000525644,0.0,0.0,0.0
5.66255,0.000526941,0.0,0.0,0.0
5.66158,0.000536087,0.0166597,0.0166632,0.0
5.66262,0.000539849,0.0166597,0.0166632,0.0
5.66268,0.000544259,0.0166597,0.0166632,0.0
5.66291,0.00054147,0.0,0.0,0.0
5.66178,0.000539525,0.0166597,0.0166632,0.0
5.6613,0.000534076,0.0,0.0,0.0
5.66175,0.000541795,0.0,0.0,0.0
5.66168,0.000537514,0.0,0.0,0.0
5.66308,0.000524931,0.0,0.0,0.0
5.663,0.000535568,0.0,0.0,0.0
5.66261,0.000540692,0.0166597,0.0166632,0.0
5.66264,0.000529341,0.0,0.0,0.0
5.66292,0.000536995,0.0,0.0,0.0
5.66166,0.000549319,0.0166597,0.0166632,0.0
5.66169,0.000536995,0.0,0.0,0.0
5.66127,0.00053213,0.0166597,0.0166632,0.0
5.66163,0.000524606,0.0333195,0.0234645,0.0
5.66182,0.000521817,0.0,0.0,0.0
5.66125,0.000526293,0.0166597,0.0166632,0.0
5.6618,0.000536281,0.0,0.0,0.0
5.66223,0.000524931,0.0333195,0.0234645,0.0
5.66273,0.000564367,0.0333195,0.0234645,0.0
5.66182,0.000534336,0.0,0.0,0.0
5.66145,0.000539849,0.0333195,0.0234645,0.0
5.66193,0.000542443,0.0166597,0.0166632,0.0
5.66159,0.000547827,0.0,0.0,0.0
5.66269,0.000530184,0.0,0.0,0.0
5.66297,0.000531936,0.0166597,0.0166632,0.0
5.66285,0.000539914,0.0,0.0,0.0
5.66223,0.000517471,0.0,0.0,0.0
5.6623,0.000534919,0.0,0.0,0.0
5.66301,0.000532844,0.0,0.0,0.0
5.66244,0.000534011,0.0,0.0,0.0
5.66184,0.000526293,0.0333195,0.0234645,0.0
5.66245,0.00052266,0.0,0.0,0.0
5.66194,0.00053479,0.0166597,0.0166632,0.0
5.66153,0.000540887,0.0166597,0.0166632,0.0
5.66219,0.000539979,0.0166597,0.0166632,0.0
5.66162,0.000531806,0.0166597,0.0166632,0.0
5.66242,0.000536865,0.0,0.0,0.0
5.66244,0.000534854,0.0,0.0,0.0
5.66172,0.000537644,0.0166597,0.0166632,0.0
5.66233,0.000555286,0.0166597,0.0166632,0.0
5.66162,0.000532714,0.0166597,0.0166632,0.0
5.66076,0.000534854,0.0,0.0,0.0
5.66174,0.000538162,0.0,0.0,0.0
5.66218,0.00051598,0.0166597,0.0166632,0.0
5.66221,0.000526422,0.0166597,0.0166632,0.0
5.66228,0.000537125,0.0,0.0,0.0
5.66168,0.000526098,0.0,0.0,0.0
5.6619,0.000538681,0.0166597,0.0166632,0.0
5.6617,0.000540303,0.0166597,0.0166632,0.0
5.66142,0.000537514,0.0333195,0.0234645,0.0
5.66196,0.000530055,0.0166597,0.0166632,0.0
5.66175,0.000544324,0.0166597,0.0166632,0.0
5.66154,0.000537708,0.0166597,0.0166632,0.0
5.66229,0.000536087,0.0166597,0.0166632,0.0
5.66199,0.000536346,0.0,0.0,0.0
5.66189,0.000534854,0.0,0.0,0.0
5.66175,0.000531092,0.0,0.0,0.0
5.66322,0.00054387,0.0166597,0.0166632,0.0
5.66248,0.000530509,0.0,0.0,0.0
5.66277,0.000545686,0.0,0.0,0.0
5.66246,0.000543416,0.0,0.0,0.0
5.6629,0.000533946,0.0166597,0.0166632,0.0
5.66266,0.000531936,0.0,0.0,0.0
5.66159,0.000539719,0.0166597,0.0166632,0.0
5.6624,0.00054387,0.0,0.0,0.0
5.66209,0.000535827,0.0333195,0.0234645,0.0
5.66114,0.00052999,0.0,0.0,0.0
5.66151,0.000534465,0.0,0.0,0.0
5.66209,0.000526098,0.0,0.0,0.0
5.66228,0.000528952,0.0,0.0,0.0
5.66233,0.000533817,0.0,0.0,0.0
5.66171,0.000539784,0.0,0.0,0.0
5.66194,0.000537125,0.0499792,0.0289055,0.0
5.66263,0.00052772,0.0,0.0,0.0
5.66221,0.000532844,0.0,0.0,0.0
5.66156,0.00052746,0.0,0.0,0.0
5.66164,0.000528498,0.0,0.0,0.0
5.66264,0.000552951,0.0166597,0.0166632,0.0
5.66242,0.000541341,0.0,0.0,0.0
5.66246,0.000536541,0.0166597,0.0166632,0.0
5.66215,0.000522725,0.0,0.0,0.0
5.66256,0.000535827,0.0,0.0,0.0
5.66296,0.000553859,0.0333195,0.0234645,0.0
5.66245,0.000545816,0.0,0.0,0.0
5.66238,0.000544,0.0166597,0.0166632,0.0
5.66187,0.000538162,0.0,0.0,0.0
5.6621,0.000537644,0.0,0.0,0.0
5.66248,0.000528109,0.0,0.0,0.0
5.66214,0.000540692,0.0166597,0.0166632,0.0
5.66233,0.000530574,0.0166597,0.0166632,0.0
5.66168,0.000531417,0.0,0.0,0.0
5.66135,0.000540108,0.0166597,0.0166632,0.0
5.66148,0.00053466,0.0166597,0.0166632,0.0
5.66172,0.000542119,0.0166597,0.0166632,0.0
5.66214,0.000537514,0.0,0.0,0.0
5.66313,0.000533752,0.0499792,0.0289055,0.0
5.66145,0.000530509,0.0,0.0,0.0
5.6601,0.000532909,0.0166597,0.0166632,0.0
5.66199,0.000549708,0.0166597,0.0166632,0.0
5.66156,0.0005392,0.0,0.0,0.0
5.66138,0.000542508,0.0,0.0,0.0
5.66311,0.000538876,0.0166597,0.0166632,0.0
5.66298,0.000543351,0.0,0.0,0.0
5.66239,0.00053719,0.0,0.0,0.0
5.6623,0.00052986,0.0166597,0.0166632,0.0
5.66184,0.000549124,0.0,0.0,0.0
5.6622,0.000540433,0.0,0.0,0.0
5.66232,0.000534595,0.0166597,0.0166632,0.0
5.66214,0.000539006,0.0166597,0.0166632,0.0
5.66261,0.000528433,0.0,0.0,0.0
5.66257,0.000529601,0.0,0.0,0.0
5.66216,0.000544324,0.0,0.0,0.0
5.66193,0.000550227,0.0166597,0.0166632,0.0
5.6617,0.000544778,0.0,0.0,0.0
5.66207,0.000549189,0.0,0.0,0.0
5.66178,0.000541406,0.0,0.0,0.0
5.66218,0.000543611,0.0166597,0.0166632,0.0
5.66146,0.000540238,0.0166597,0.0166632,0.0
5.6623,0.000534595,0.0,0.0,0.0
5.66186,0.000542573,0.0,0.0,0.0
5.66175,0.000533427,0.0,0.0,0.0
5.66156,0.000545232,0.0333195,0.0234645,0.0
5.66191,0.000544454,0.0166597,0.0166632,0.0
5.66155,0.000535308,0.0,0.0,0.0
5.66184,0.000530574,0.0,0.0,0.0
5.66195,0.000542249,0.0166597,0.0166632,0.0
5.66129,0.000542314,0.0,0.0,0.0
5.66284,0.000556583,0.0333195,0.0234645,0.0
5.66246,0.000546465,0.0166597,0.0166632,0.0
5.66162,0.000542703,0.0,0.0,0.0
5.66118,0.000536346,0.0,0.0,0.0
5.66158,0.000530184,0.0,0.0,0.0
5.66168,0.000527006,0.0,0.0,0.0
5.66128,0.000529536,0.0166597,0.0166632,0.0
5.66185,0.000546854,0.0166597,0.0166632,0.0
5.66127,0.000536671,0.0,0.0,0.0
5.66128,0.000546076,0.0333195,0.0234645,0.0
5.66142,0.000544519,0.0166597,0.0166632,0.0
5.66224,0.000544584,0.0,0.0,0.0
5.66256,0.000535244,0.0166597,0.0166632,0.0
5.66196,0.000555351,0.0333195,0.0234645,0.0
5.6601,0.000547178,0.0,0.0,0.0
5.66167,0.000523633,0.0,0.0,0.0
5.66192,0.000532455,0.0,0.0,0.0
5.66128,0.000531741,0.0166597,0.0166632,0.0
5.66123,0.000546919,0.0,0.0,0.0
5.66265,0.000544714,0.0166597,0.0166632,0.0
5.66273,0.000543157,0.0,0.0,0.0
5.66171,0.000522141,0.0,0.0,0.0
5.66174,0.000520196,0.0166597,0.0166632,0.0
5.66226,0.000522531,0.0,0.0,0.0
5.66177,0.000545751,0.0,0.0,0.0
5.662,0.00052746,0.0166597,0.0166632,0.0
5.66253,0.000526941,0.0,0.0,0.0
5.66246,0.000543287,0.0166597,0.0166632,0.0
5.66196,0.000543351,0.0,0.0,0.0
5.66176,0.000536865,0.0,0.0,0.0
5.66175,0.000548281,0.0,0.0,0.0
5.66112,0.000545492,0.0,0.0,0.0
5.66182,0.000542184,0.0166597,0.0166632,0.0
5.66182,0.00052279,0.0,0.0,0.0
5.66238,0.000540433,0.0166597,0.0166632,0.0
5.6614,0.000530574,0.0,0.0,0.0
5.6607,0.000524736,0.0,0.0,0.0
5.66146,0.000544778,0.0166597,0.0166632,0.0
5.66134,0.000551265,0.0166597,0.0166632,0.0
5.66125,0.000544714,0.0166597,0.0166632,0.0
5.6616,0.000527006,0.0,0.0,0.0
5.6613,0.000535438,0.0166597,0.0166632,0.0
5.66118,0.000547178,0.0,0.0,0.0
5.66116,0.000536476,0.0,0.0,0.0
5.66195,0.000531806,0.0333195,0.0234645,0.0
5.66271,0.000554378,0.0,0.0,0.0
5.66231,0.000526941,0.0,0.0,0.0
5.6619,0.000548346,0.0,0.0,0.0
5.66222,0.000542314,0.0,0.0,0.0
5.66215,0.000529082,0.0,0.0,0.0
5.66188,0.000528822,0.0,0.0,0.0
5.66239,0.000540173,0.0,0.0,0.0
5.66257,0.000530509,0.0166597,0.0166632,0.0
5.66244,0.00053226,0.0,0.0,0.0
5.66277,0.00054147,0.0,0.0,0.0
5.66244,0.000528628,0.0333195,0.0234645,0.0
5.66196,0.000543287,0.0333195,0.0234645,0.0
5.66244,0.0005368,0.0,0.0,0.0
5.66182,0.000545816,0.0,0.0,0.0
5.66167,0.000551329,0.0166597,0.0166632,0.0
5.66225,0.000537449,0.0166597,0.0166632,0.0
5.66203,0.000538292,0.0,0.0,0.0
5.66171,0.000543351,0.0499792,0.0289055,0.0
5.66148,0.000544519,0.0166597,0.0166632,0.0
5.66263,0.000537254,0.0,0.0,0.0
5.66251,0.000536671,0.0333195,0.0234645,0.0
5.66244,0.000552108,0.0166597,0.0166632,0.0
5.66223,0.000547503,0.0333195,0.0234645,0.0
5.66143,0.000539654,0.0,0.0,0.0
5.66121,0.000551524,0.0166597,0.0166632,0.0
5.66165,0.000538681,0.0,0.0,0.0
5.66182,0.000531871,0.0,0.0,0.0
5.66161,0.000540043,0.0,0.0,0.0
5.66279,0.000522595,0.0,0.0,0.0
5.66267,0.000530055,0.0,0.0,0.0
5.66278,0.000530638,0.0,0.0,0.0
5.66251,0.000533817,0.0,0.0,0.0
5.66257,0.000543935,0.0166597,0.0166632,0.0
5.66242,0.000532519,0.0,0.0,0.0
5.66128,0.000535373,0.0,0.0,0.0
5.66174,0.000524412,0.0,0.0,0.0
5.66295,0.000541665,0.0166597,0.0166632,0.0
5.66205,0.00053213,0.0,0.0,0.0
5.66168,0.000529795,0.0,0.0,0.0
5.66229,0.000533687,0.0166597,0.0166632,0.0
5.66167,0.000546659,0.0,0.0,0.0
5.66103,0.000545103,0.0166597,0.0166632,0.0
5.66215,0.000544973,0.0166597,0.0166632,0.0
5.66232,0.000543611,0.0,0.0,0.0
5.66231,0.000533817,0.0,0.0,0.0
5.66252,0.000534271,0.0333195,0.0234645,0.0
5.66254,0.000537384,0.0,0.0,0.0
5.66283,0.00053453,0.0,0.0,0.0
5.66231,0.000530768,0.0,0.0,0.0
5.66209,0.000538098,0.0166597,0.0166632,0.0
5.66189,0.000544714,0.0,0.0,0.0
5.6621,0.000548605,0.0,0.0,0.0
5.66216,0.000549319,0.0499792,0.0289055,0.0
5.66254,0.000539914,0.0,0.0,0.0
5.66173,0.000558464,0.0,0.0,0.0
5.66118,0.00053453,0.0,0.0,0.0
5.66211,0.000541276,0.0,0.0,0.0
5.66179,0.000542768,0.0,0.0,0.0
5.66148,0.000539589,0.0,0.0,0.0
5.66216,0.000535957,0.0166597,0.0166632,0.0
5.66193,0.000554573,0.0166597,0.0166632,0.0
5.66211,0.000538422,0.0,0.0,0.0
5.66252,0.000549254,0.0,0.0,0.0
5.66297,0.000548216,0.0166597,0.0166632,0.0
5.66213,0.000547503,0.0,0.0,0.0
5.66101,0.000525903,0.0,0.0,0.0
5.66136,0.000526487,0.0166597,0.0166632,0.0
5.66108,0.000532065,0.0166597,0.0166632,0.0
5.6617,0.000533622,0.0,0.0,0.0
5.66099,0.000552497,0.0166597,0.0166632,0.0
5.66113,0.000528887,0.0,0.0,0.0
5.66174,0.000527525,0.0,0.0,0.0
5.66259,0.000543805,0.0166597,0.0166632,0.0
5.6623,0.00054387,0.0,0.0,0.0
5.6616,0.000551135,0.0,0.0,0.0
5.66191,0.000535244,0.0166597,0.0166632,0.0
5.66235,0.000531417,0.0333195,0.0234645,0.0
5.66132,0.000538227,0.0166597,0.0166632,0.0
5.66124,0.000540627,0.0,0.0,0.0
5.66255,0.000536735,0.0,0.0,0.0
5.66181,0.00052532,0.0,0.0,0.0
5.66209,0.000534336,0.0,0.0,0.0
5.66198,0.000534919,0.0166597,0.0166632,0.0
5.66265,0.00053693,0.0333195,0.0234645,0.0
5.66227,0.00053946,0.0166597,0.0166632,0.0
5.6625,0.000547762,0.0333195,0.0234645,0.0
5.66257,0.000536152,0.0166597,0.0166632,0.0
5.66256,0.00053479,0.0333195,0.0234645,0.0
5.6622,0.000534336,0.0,0.0,0.0
5.66252,0.000537579,0.0166597,0.0166632,0.0
5.66197,0.000539784,0.0166597,0.0166632,0.0
5.66207,0.000533298,0.0166597,0.0166632,0.0
5.66145,0.000528044,0.0,0.0,0.0
5.66216,0.000543676,0.0333195,0.0234645,0.0
5.6621,0.000541016,0.0,0.0,0.0
5.6615,0.000540562,0.0,0.0,0.0
5.66074,0.000518639,0.0,0.0,0.0
5.66098,0.00052065,0.0,0.0,0.0
5.66083,0.000546465,0.0,0.0,0.0
5.66174,0.000544454,0.0166597,0.0166632,0.0
5.66216,0.000540692,0.0166597,0.0166632,0.0
5.66158,0.000553275,0.0166597,0.0166632,0.0
5.66086,0.000538422,0.0,0.0,0.0
5.66149,0.000527006,0.0,0.0,0.0
5.66205,0.000537838,0.0,0.0,0.0
5.66164,0.000545751,0.0166597,0.0166632,0.0
5.66156,0.000540108,0.0,0.0,0.0
5.66146,0.000536735,0.0,0.0,0.0
5.66179,0.000522725,0.0,0.0,0.0
5.66206,0.000531611,0.0,0.0,0.0
5.66208,0.000539719,0.0,0.0,0.0
5.66154,0.000549513,0.0,0.0,0.0
5.66243,0.00055334,0.0,0.0,0.0
5.66209,0.000541406,0.0,0.0,0.0
5.66188,0.000543611,0.0,0.0,0.0
5.6626,0.000533363,0.0,0.0,0.0
5.66314,0.000529147,0.0,0.0,0.0
5.66098,0.00053933,0.0,0.0,0.0
5.66148,0.000546465,0.0166597,0.0166632,0.0
5.66211,0.000553275,0.0333195,0.0234645,0.0
5.66133,0.000535503,0.0,0.0,0.0
5.66149,0.000521104,0.0,0.0,0.0
5.66136,0.000533817,0.0,0.0,0.0
5.66222,0.000536087,0.0166597,0.0166632,0.0
5.66321,0.000532584,0.0,0.0,0.0
5.66213,0.000541211,0.0,0.0,0.0
5.66188,0.0005392,0.0166597,0.0166632,0.0
5.66158,0.000541989,0.0166597,0.0166632,0.0
5.66263,0.000545622,0.0166597,0.0166632,0.0
5.66306,0.000538487,0.0,0.0,0.0
5.66196,0.000521493,0.0,0.0,0.0
5.66174,0.000538746,0.0,0.0,0.0
5.6621,0.000532001,0.0,0.0,0.0
5.66146,0.000530833,0.0,0.0,0.0
5.66271,0.000542184,0.0,0.0,0.0
5.66249,0.000530963,0.0166597,0.0166632,0.0
5.66209,0.000524412,0.0,0.0,0.0
5.66211,0.000538552,0.0,0.0,0.0
5.66231,0.000530703,0.0166597,0.0166632,0.0
5.66191,0.000532001,0.0166597,0.0166632,0.0
5.6609,0.000540368,0.0,0.0,0.0
5.66187,0.000544259,0.0166597,0.0166632,0.0
5.66258,0.000563913,0.0,0.0,0.0
5.6627,0.000535049,0.0166597,0.0166632,0.0
5.6623,0.000530833,0.0,0.0,0.0
5.66245,0.000539006,0.0,0.0,0.0
5.66325,0.000556713,0.0499792,0.0289055,0.0
5.66165,0.000537254,0.0,0.0,0.0
5.6611,0.000542897,0.0,0.0,0.0
5.66194,0.000540562,0.0166597,0.0166632,0.0
5.66145,0.000535179,0.0,0.0,0.0
5.66115,0.000532065,0.0,0.0,0.0
5.66183,0.000537903,0.0166597,0.0166632,0.0
5.66209,0.000547503,0.0,0.0,0.0
5.66202,0.000545622,0.0166597,0.0166632,0.0
5.66203,0.000543222,0.0,0.0,0.0
5.66164,0.000544649,0.0,0.0,0.0
5.6621,0.00053706,0.0,0.0,0.0
5.6621,0.000533557,0.0,0.0,0.0
5.66224,0.000536022,0.0,0.0,0.0
5.66215,0.000534919,0.0,0.0,0.0
5.66152,0.000545751,0.0,0.0,0.0
5.6626,0.000533233,0.0166597,0.0166632,0.0
5.66217,0.000542897,0.0,0.0,0.0
5.6617,0.000542119,0.0,0.0,0.0
5.66098,0.000528952,0.0,0.0,0.0
5.66133,0.00052772,0.0,0.0,0.0
5.66162,0.00053226,0.0166597,0.0166632,0.0
5.66224,0.000541406,0.0,0.0,0.0
5.66173,0.000533687,0.0,0.0,0.0
5.66219,0.000530444,0.0,0.0,0.0
5.66211,0.000539135,0.0,0.0,0.0
5.66182,0.000531676,0.0,0.0,0.0
5.66239,0.000535114,0.0,0.0,0.0
5.66245,0.000526293,0.0,0.0,0.0
5.66263,0.000535763,0.0,0.0,0.0
5.66261,0.000528044,0.0,0.0,0.0
5.66227,0.000539071,0.0,0.0,0.0
5.66197,0.000546076,0.0,0.0,0.0
5.66194,0.00053946,0.0,0.0,0.0
5.66204,0.000533233,0.0,0.0,0.0
5.66142,0.000537449,0.0,0.0,0.0
5.66239,0.000540108,0.0,0.0,0.0
5.66287,0.000542703,0.0,0.0,0.0
5.66194,0.000537773,0.0,0.0,0.0
5.66247,0.000537838,0.0166597,0.0166632,0.0
5.66275,0.000532519,0.0,0.0,0.0
5.662,0.000534141,0.0,0.0,0.0
5.66214,0.000528693,0.0,0.0,0.0
5.66119,0.000536606,0.0,0.0,0.0
5.66225,0.000547438,0.0166597,0.0166632,0.0
5.66326,0.000520779,0.0,0.0,0.0
5.66133,0.000551135,0.0,0.0,0.0
5.66177,0.00054854,0.0333195,0.0234645,0.0
5.6624,0.000540043,0.0,0.0,0.0
5.66202,0.000519482,0.0,0.0,0.0
5.66141,0.00053946,0.0,0.0,0.0
5.66267,0.000536606,0.0166597,0.0166632,0.0
5.66253,0.000529471,0.0,0.0,0.0
5.66232,0.000550097,0.0333195,0.0333264,0.0
5.66281,0.00053213,0.0,0.0,0.0
5.66215,0.000541795,0.0166597,0.0166632,0.0
5.66213,0.000540108,0.0,0.0,0.0
5.66149,0.000532455,0.0,0.0,0.0
5.66163,0.000545232,0.0166597,0.0166632,0.0
5.66116,0.00053226,0.0,0.0,0.0
5.66312,0.000548605,0.0333195,0.0234645,0.0
5.66329,0.000548022,0.0166597,0.0166632,0.0
5.66178,0.000544519,0.0,0.0,0.0
5.66263,0.000542249,0.0,0.0,0.0
5.66248,0.000554962,0.0333195,0.0234645,0.0
5.66191,0.000539525,0.0,0.0,0.0
5.66186,0.000526682,0.0,0.0,0.0
5.66169,0.000530574,0.0,0.0,0.0
5.66152,0.000542833,0.0,0.0,0.0
5.66147,0.000524217,0.0,0.0,0.0
5.66202,0.000531806,0.0,0.0,0.0
5.66128,0.000538811,0.0166597,0.0166632,0.0
5.66251,0.000542378,0.0,0.0,0.0
5.66241,0.000531676,0.0,0.0,0.0
5.66137,0.000538941,0.0,0.0,0.0
5.66132,0.000531936,0.0333195,0.0234645,0.0
5.66242,0.000534725,0.0166597,0.0166632,0.0
5.66201,0.000539006,0.0,0.0,0.0
5.66246,0.000540173,0.0499792,0.0289055,0.0
5.66312,0.000540822,0.0,0.0,0.0
5.6623,0.000549708,0.0,0.0,0.0
5.66214,0.000539525,0.0166597,0.0166632,0.0
5.66223,0.000539589,0.0,0.0,0.0
5.66211,0.00054854,0.0,0.0,0.0
5.6613,0.000531417,0.0,0.0,0.0
5.66231,0.000530963,0.0,0.0,0.0
5.66235,0.000544714,0.0,0.0,0.0
5.66126,0.000543027,0.0499792,0.0289055,0.0
5.66233,0.000553146,0.0,0.0,0.0
5.66191,0.000535244,0.0166597,0.0166632,0.0
5.66257,0.000546984,0.0333195,0.0234645,0.0
5.66288,0.000552302,0.0166597,0.0166632,0.0
5.66109,0.000533752,0.0,0.0,0.0
5.66154,0.000537384,0.0166597,0.0166632,0.0
5.66156,0.000529276,0.0,0.0,0.0
5.6627,0.000545686,0.0166597,0.0166632,0.0
5.66257,0.000520909,0.0,0.0,0.0
5.66192,0.000540368,0.0333195,0.0234645,0.0
5.66166,0.000558789,0.0,0.0,0.0
5.66275,0.000540368,0.0499792,0.0289055,0.0
5.66214,0.00053453,0.0,0.0,0.0
5.66157,0.000532195,0.0,0.0,0.0
5.66131,0.0005368,0.0,0.0,0.0
5.6614,0.000533557,0.0,0.0,0.0
5.66042,0.000535114,0.0166597,0.0166632,0.0
5.66157,0.000543157,0.0166597,0.0166632,0.0
5.66248,0.000530574,0.0166597,0.0166632,0.0
5.6623,0.000535827,0.0,0.0,0.0
5.66206,0.000542054,0.0,0.0,0.0
5.66108,0.000533363,0.0,0.0,0.0
5.66244,0.000540043,0.0,0.0,0.0
5.66289,0.00052973,0.0,0.0,0.0
5.66229,0.000532973,0.0,0.0,0.0
5.66188,0.000534595,0.0,0.0,0.0
5.66224,0.000529406,0.0,0.0,0.0
5.66213,0.000528693,0.0,0.0,0.0
5.66222,0.000541341,0.0,0.0,0.0
5.6621,0.000543416,0.0,0.0,0.0
5.6623,0.000536346,0.0,0.0,0.0
5.66255,0.00052519,0.0,0.0,0.0
5.66203,0.000536995,0.0166597,0.0166632,0.0
5.66149,0.000544454,0.0333195,0.0333264,0.0
5.6615,0.000547567,0.0,0.0,0.0
5.66129,0.000534141,0.0,0.0,0.0
5.66169,0.000535892,0.0,0.0,0.0
5.6626,0.000541276,0.0166597,0.0166632,0.0
5.66214,0.000533752,0.0,0.0,0.0
5.66122,0.000538746,0.0,0.0,0.0
5.66185,0.000543222,0.0166597,0.0166632,0.0
5.66237,0.000544714,0.0,0.0,0.0
5.66221,0.000536995,0.0,0.0,0.0
5.66193,0.000519223,0.0166597,0.0166632,0.0
5.6629,0.000542249,0.0,0.0,0.0
5.66225,0.000542508,0.0,0.0,0.0
5.6615,0.000547308,0.0,0.0,0.0
5.66174,0.000533817,0.0,0.0,0.0
5.66204,0.000545232,0.0,0.0,0.0
5.6621,0.000546789,0.0166597,0.0166632,0.0
5.66208,0.00053933,0.0,0.0,0.0
5.66165,0.000533298,0.0,0.0,0.0
5.66352,0.000532973,0.0,0.0,0.0
5.66318,0.000542638,0.0,0.0,0.0
5.66209,0.000539589,0.0,0.0,0.0
5.6622,0.000532001,0.0,0.0,0.0
5.6618,0.000531546,0.0166597,0.0166632,0.0
5.6624,0.0005392,0.0,0.0,0.0
5.66219,0.000531352,0.0,0.0,0.0
5.66209,0.000536735,0.0166597,0.0166632,0.0
5.66237,0.000540692,0.0,0.0,0.0
5.66175,0.000545168,0.0,0.0,0.0
5.66168,0.00052506,0.0,0.0,0.0
5.66182,0.000530444,0.0166597,0.0166632,0.0
5.66205,0.000533687,0.0,0.0,0.0
5.66127,0.000538098,0.0499792,0.0289055,0.0
5.66225,0.000522855,0.0,0.0,0.0
5.66145,0.000543351,0.0,0.0,0.0
5.66168,0.000532714,0.0166597,0.0166632,0.0
5.66263,0.000525968,0.0,0.0,0.0
5.66325,0.000531287,0.0,0.0,0.0
5.66287,0.000534919,0.0166597,0.0166632,0.0
5.66366,0.000548281,0.0166597,0.0166632,0.0
5.66229,0.000537644,0.0,0.0,0.0
5.66174,0.000544259,0.0166597,0.0166632,0.0
5.66217,0.000527525,0.0166597,0.0166632,0.0
5.66287,0.000544,0.0333195,0.0234645,0.0
5.66159,0.000524606,0.0166597,0.0166632,0.0
5.66264,0.000538552,0.0,0.0,0.0
5.66192,0.000543222,0.0166597,0.0166632,0.0
5.66132,0.000532584,0.0166597,0.0166632,0.0
5.66271,0.000548411,0.0166597,0.0166632,0.0
5.66278,0.000556518,0.0,0.0,0.0
5.6619,0.000536476,0.0166597,0.0166632,0.0
5.66262,0.000528368,0.0,0.0,0.0
5.6623,0.000540303,0.0333195,0.0234645,0.0
5.6619,0.00053239,0.0,0.0,0.0
5.66182,0.000528303,0.0,0.0,0.0
5.66078,0.000533622,0.0333195,0.0234645,0.0
5.66154,0.00055334,0.0166597,0.0166632,0.0
5.66282,0.000535438,0.0166597,0.0166632,0.0
5.66195,0.000548865,0.0166597,0.0166632,0.0
5.66215,0.000545297,0.0,0.0,0.0
5.66203,0.000521882,0.0,0.0,0.0
5.66291,0.000524217,0.0,0.0,0.0
5.6625,0.0005464,0.0166597,0.0166632,0.0
5.66203,0.000542508,0.0,0.0,0.0
5.66179,0.000541211,0.0,0.0,0.0
5.66164,0.000532584,0.0333195,0.0234645,0.0
5.66192,0.00053706,0.0,0.0,0.0
5.66197,0.000550032,0.0,0.0,0.0
5.66217,0.00053933,0.0166597,0.0166632,0.0
5.66211,0.000542119,0.0,0.0,0.0
5.66178,0.000541341,0.0,0.0,0.0
5.66173,0.00053946,0.0,0.0,0.0
5.66167,0.000551913,0.0166597,0.0166632,0.0
5.66134,0.000542897,0.0,0.0,0.0
5.66192,0.00054147,0.0333195,0.0234645,0.0
5.66265,0.000538162,0.0166597,0.0166632,0.0
5.66187,0.000530379,0.0,0.0,0.0
5.66135,0.000529406,0.0,0.0,0.0
5.66221,0.000525514,0.0166597,0.0166632,0.0
5.66236,0.000530249,0.0,0.0,0.0
5.66202,0.000531028,0.0,0.0,0.0
5.66218,0.000539395,0.0166597,0.0166632,0.0
5.66186,0.000547438,0.0333195,0.0234645,0.0
5.66257,0.00054147,0.0166597,0.0166632,0.0
5.66247,0.000524217,0.0166597,0.0166632,0.0
5.66263,0.000534725,0.0,0.0,0.0
5.66251,0.000537903,0.0,0.0,0.0
5.66193,0.000544065,0.0,0.0,0.0
5.66135,0.000525709,0.0166597,0.0166632,0.0
5.66243,0.0005464,0.0,0.0,0.0
5.66308,0.000545816,0.0333195,0.0234645,0.0
5.66249,0.000552302,0.0,0.0,0.0
5.66135,0.000544843,0.0166597,0.0166632,0.0
5.66111,0.00053933,0.0,0.0,0.0
5.66226,0.000548086,0.0,0.0,0.0
5.66158,0.000547243,0.0,0.0,0.0
5.66159,0.000529471,0.0,0.0,0.0
5.66218,0.000546205,0.0,0.0,0.0
5.66117,0.000533168,0.0333195,0.0234645,0.0
5.66216,0.000540757,0.0,0.0,0.0
5.66277,0.000529341,0.0166597,0.0166632,0.0
5.66095,0.000534141,0.0,0.0,0.0
5.66139,0.000548281,0.0166597,0.0166632,0.0
5.66182,0.000544649,0.0333195,0.0234645,0.0
5.66175,0.000524801,0.0166597,0.0166632,0.0
5.66196,0.000540303,0.0,0.0,0.0
5.66266,0.000537514,0.0,0.0,0.0
5.66286,0.000525644,0.0,0.0,0.0
5.66201,0.000537644,0.0,0.0,0.0
5.66263,0.000533882,0.0,0.0,0.0
5.66262,0.000523439,0.0,0.0,0.0
5.66155,0.000520779,0.0,0.0,0.0
5.66206,0.000529925,0.0,0.0,0.0
5.66172,0.000546659,0.0,0.0,0.0
5.66248,0.000531482,0.0,0.0,0.0
5.6626,0.00053719,0.0,0.0,0.0
5.66199,0.00053453,0.0,0.0,0.0
5.66202,0.000537838,0.0166597,0.0166632,0.0
5.66234,0.000541211,0.0,0.0,0.0
5.66247,0.000542184,0.0166597,0.0166632,0.0
5.66254,0.000556259,0.0166597,0.0166632,0.0
5.66187,0.000531676,0.0,0.0,0.0
5.6622,0.000527136,0.0,0.0,0.0
5.66202,0.000547503,0.0166597,0.0166632,0.0
5.6626,0.000534011,0.0166597,0.0166632,0.0
5.66215,0.000535503,0.0,0.0,0.0
5.66219,0.000520455,0.0,0.0,0.0
5.66168,0.000538162,0.0166597,0.0166632,0.0
5.66099,0.000537449,0.0,0.0,0.0
5.66123,0.000537319,0.0,0.0,0.0
5.66179,0.000540757,0.0,0.0,0.0
5.66262,0.000536152,0.0,0.0,0.0
5.66192,0.000549124,0.0333195,0.0234645,0.0
5.66169,0.000544519,0.0166597,0.0166632,0.0
5.66276,0.000553989,0.0333195,0.0234645,0.0
5.66241,0.000538357,0.0333195,0.0234645,0.0
5.66168,0.000517861,0.0,0.0,0.0
5.6623,0.000533038,0.0166597,0.0166632,0.0
5.66239,0.000531936,0.0,0.0,0.0
5.662,0.000525449,0.0,0.0,0.0
5.66124,0.000543741,0.0166597,0.0166632,0.0
5.66111,0.000536411,0.0333195,0.0234645,0.0
5.66169,0.000543546,0.0,0.0,0.0
5.66128,0.00053719,0.0,0.0,0.0
5.66167,0.000534919,0.0,0.0,0.0
5.66182,0.000542638,0.0166597,0.0166632,0.0
5.66154,0.000530249,0.0,0.0,0.0
5.66274,0.000523568,0.0,0.0,0.0
5.66261,0.000531157,0.0,0.0,0.0
5.66277,0.000539979,0.0166597,0.0166632,0.0
5.66178,0.000534076,0.0166597,0.0166632,0.0
5.66207,0.00052733,0.0,0.0,0.0
5.66182,0.000529925,0.0,0.0,0.0
5.66229,0.000517342,0.0,0.0,0.0
5.66198,0.000532455,0.0,0.0,0.0
5.66185,0.000519482,0.0,0.0,0.0
5.66201,0.000538227,0.0166597,0.0166632,0.0
5.66212,0.000538746,0.0,0.0,0.0
5.66106,0.000531871,0.0,0.0,0.0
5.66177,0.000536995,0.0,0.0,0.0
5.66323,0.000546076,0.0,0.0,0.0
5.66195,0.000531287,0.0,0.0,0.0
5.66163,0.000539525,0.0,0.0,0.0
5.66259,0.000533103,0.0,0.0,0.0
5.66318,0.00052999,0.0166597,0.0166632,0.0
5.66298,0.000525125,0.0333195,0.0234645,0.0
5.66301,0.000551005,0.0,0.0,0.0
5.66182,0.000530574,0.0,0.0,0.0
5.66212,0.000539589,0.0,0.0,0.0
5.66245,0.000530963,0.0,0.0,0.0
5.66186,0.000535179,0.0166597,0.0166632,0.0
5.66171,0.000535503,0.0,0.0,0.0
5.66294,0.000530703,0.0,0.0,0.0
5.66213,0.000545622,0.0,0.0,0.0
5.66272,0.00054186,0.0166597,0.0166632,0.0
5.66231,0.000547892,0.0166597,0.0166632,0.0
5.66155,0.000539849,0.0,0.0,0.0
5.66214,0.000534465,0.0,0.0,0.0
5.66254,0.000534076,0.0,0.0,0.0
5.66138,0.000526876,0.0,0.0,0.0
5.66161,0.000528822,0.0,0.0,0.0
5.66157,0.000534854,0.0,0.0,0.0
5.66196,0.000516498,0.0,0.0,0.0
5.66214,0.000528757,0.0,0.0,0.0
5.66158,0.000538292,0.0166597,0.0166632,0.0
5.66161,0.000539979,0.0,0.0,0.0
5.6619,0.000530249,0.0,0.0,0.0
5.66157,0.000531028,0.0,0.0,0.0
5.66238,0.000532973,0.0166597,0.0166632,0.0
5.66097,0.000542443,0.0166597,0.0166632,0.0
5.66127,0.000539914,0.0166597,0.0166632,0.0
5.66277,0.000551394,0.0166597,0.0166632,0.0
5.66264,0.000537903,0.0166597,0.0166632,0.0
5.66273,0.000541341,0.0,0.0,0.0
5.662,0.000528563,0.0,0.0,0.0
5.66221,0.000537968,0.0166597,0.0166632,0.0
5.66235,0.000539589,0.0166597,0.0166632,0.0
5.6626,0.000518055,0.0,0.0,0.0
5.66232,0.000537773,0.0,0.0,0.0
5.662,0.000534854,0.0,0.0,0.0
5.66281,0.00054186,0.0166597,0.0166632,0.0
5.66307,0.000517342,0.0166597,0.0166632,0.0
5.66217,0.000547827,0.0166597,0.0166632,0.0
5.66214,0.000544973,0.0166597,0.0166632,0.0
5.66167,0.0005368,0.0166597,0.0166632,0.0
5.66157,0.000538033,0.0,0.0,0.0
5.66234,0.000524671,0.0166597,0.0166632,0.0
5.66164,0.000526098,0.0166597,0.0166632,0.0
5.66247,0.000541989,0.0,0.0,0.0
5.66224,0.000543027,0.0,0.0,0.0
5.66192,0.000524347,0.0,0.0,0.0
5.66193,0.000530768,0.0166597,0.0166632,0.0
5.66241,0.000533557,0.0,0.0,0.0
5.66251,0.00052746,0.0,0.0,0.0
5.66234,0.000538811,0.0,0.0,0.0
5.66188,0.000537708,0.0,0.0,0.0
5.66196,0.000535179,0.0,0.0,0.0
5.66198,0.000534141,0.0,0.0,0.0
5.66275,0.000512542,0.0166597,0.0166632,0.0
5.66264,0.000531871,0.0166597,0.0166632,0.0
5.66251,0.000549967,0.0,0.0,0.0
5.66184,0.000527525,0.0166597,0.0166632,0.0
5.66241,0.000543092,0.0166597,0.0166632,0.0
5.66233,0.00054893,0.0166597,0.0166632,0.0
5.66188,0.000543935,0.0,0.0,0.0
5.66185,0.000535244,0.0166597,0.0166632,0.0
5.66193,0.000531676,0.0,0.0,0.0
5.66177,0.000530963,0.0166597,0.0166632,0.0
5.66208,0.000534595,0.0166597,0.0166632,0.0
5.66203,0.000530509,0.0,0.0,0.0
5.66192,0.000540497,0.0,0.0,0.0
5.66154,0.000516693,0.0166597,0.0166632,0.0
5.66164,0.000540887,0.0,0.0,0.0
5.66118,0.000538227,0.0,0.0,0.0
5.66095,0.000526941,0.0,0.0,0.0
5.66124,0.000535892,0.0166597,0.0166632,0.0
5.66134,0.000534011,0.0,0.0,0.0
5.66148,0.000528628,0.0166597,0.0166632,0.0
5.66188,0.000541341,0.0166597,0.0166632,0.0
5.66276,0.00054186,0.0,0.0,0.0
5.66222,0.000533687,0.0333195,0.0234645,0.0
5.66166,0.000523439,0.0,0.0,0.0
5.66187,0.000537903,0.0,0.0,0.0
5.66199,0.000536022,0.0,0.0,0.0
5.66233,0.000544973,0.0499792,0.0289055,0.0
5.66264,0.0005392,0.0166597,0.0166632,0.0
5.66179,0.000530638,0.0166597,0.0166632,0.0
5.66244,0.000545168,0.0166597,0.0166632,0.0
5.66164,0.000546595,0.0166597,0.0166632,0.0
5.66164,0.000540173,0.0166597,0.0166632,0.0
5.66099,0.000546011,0.0,0.0,0.0
5.66219,0.000544714,0.0333195,0.0234645,0.0
5.66282,0.000528433,0.0166597,0.0166632,0.0
5.66214,0.000528693,0.0,0.0,0.0
5.6623,0.000531157,0.0166597,0.0166632,0.0
5.66191,0.00054413,0.0,0.0,0.0
5.66186,0.000530055,0.0,0.0,0.0
5.66256,0.0005416,0.0333195,0.0234645,0.0
5.66353,0.000544,0.0,0.0,0.0
5.66199,0.000525644,0.0,0.0,0.0
5.66076,0.000522012,0.0,0.0,0.0
5.66191,0.000529341,0.0166597,0.0166632,0.0
5.66203,0.000524801,0.0166597,0.0166632,0.0
5.66228,0.000554573,0.0,0.0,0.0
5.66229,0.000553989,0.0,0.0,0.0
5.66179,0.000545492,0.0333195,0.0234645,0.0
5.66153,0.000548994,0.0,0.0,0.0
5.66211,0.000542378,0.0,0.0,0.0
5.66179,0.000537838,0.0,0.0,0.0
5.66127,0.000532065,0.0,0.0,0.0
5.66182,0.000538098,0.0,0.0,0.0
5.66092,0.000534011,0.0,0.0,0.0
5.66065,0.000532001,0.0,0.0,0.0
5.66065,0.000547243,0.0166597,0.0166632,0.0
5.66181,0.000545686,0.0166597,0.0166632,0.0
5.66241,0.000540692,0.0,0.0,0.0
5.66157,0.000545622,0.0,0.0,0.0
5.66208,0.000526228,0.0166597,0.0166632,0.0
5.66234,0.000531611,0.0,0.0,0.0
5.66293,0.000543416,0.0,0.0,0.0
5.66207,0.000534011,0.0,0.0,0.0
5.66205,0.000543676,0.0,0.0,0.0
5.66166,0.000549384,0.0,0.0,0.0
5.66282,0.000528628,0.0,0.0,0.0
5.66259,0.000539654,0.0,0.0,0.0
5.66204,0.000544973,0.0166597,0.0166632,0.0
5.66225,0.0005344,0.0,0.0,0.0
5.66153,0.000546335,0.0,0.0,0.0
5.66225,0.000539654,0.0,0.0,0.0
5.66294,0.000528368,0.0166597,0.0166632,0.0
5.66266,0.000534725,0.0166597,0.0166632,0.0
5.66102,0.000545881,0.0166597,0.0166632,0.0
5.66137,0.000536476,0.0,0.0,0.0
5.66131,0.000537644,0.0,0.0,0.0
5.66045,0.00052279,0.0,0.0,0.0
5.66154,0.000530509,0.0,0.0,0.0
5.66153,0.00053719,0.0,0.0,0.0
5.66209,0.000528887,0.0,0.0,0.0
5.66133,0.0005536,0.0,0.0,0.0
5.66161,0.00054854,0.0166597,0.0166632,0.0
5.66168,0.0005392,0.0,0.0,0.0
5.66205,0.000544324,0.0333195,0.0234645,0.0
5.6625,0.00053213,0.0,0.0,0.0
5.66265,0.000540368,0.0,0.0,0.0
5.66293,0.000542184,0.0333195,0.0234645,0.0
5.66228,0.000538227,0.0,0.0,0.0
5.66233,0.000536476,0.0,0.0,0.0
5.66236,0.000535373,0.0,0.0,0.0
5.66236,0.00053946,0.0166597,0.0166632,0.0
5.66175,0.000537514,0.0,0.0,0.0
5.66116,0.000529795,0.0166597,0.0166632,0.0
5.66243,0.000529925,0.0,0.0,0.0
5.66252,0.000536735,0.0,0.0,0.0
5.66178,0.000542378,0.0,0.0,0.0
5.66168,0.000545427,0.0166597,0.0166632,0.0
5.66211,0.000543092,0.0166597,0.0166632,0.0
5.66199,0.00053479,0.0,0.0,0.0
5.66207,0.000538227,0.0,0.0,0.0
5.66141,0.000525449,0.0,0.0,0.0
5.66167,0.000537773,0.0,0.0,0.0
5.66176,0.000546595,0.0,0.0,0.0
5.66151,0.000548346,0.0,0.0,0.0
5.66177,0.000530703,0.0,0.0,0.0
5.66159,0.000539525,0.0,0.0,0.0
5.66119,0.000542184,0.0333195,0.0234645,0.0
5.66119,0.000540887,0.0166597,0.0166632,0.0
5.66199,0.000529601,0.0166597,0.0166632,0.0
5.66223,0.000558983,0.0166597,0.0166632,0.0
5.66218,0.000543935,0.0,0.0,0.0
5.66326,0.000539265,0.0166597,0.0166632,0.0
5.66289,0.000547957,0.0333195,0.0234645,0.0
5.66218,0.000525709,0.0,0.0,0.0
5.66208,0.000531741,0.0,0.0,0.0
5.66262,0.000538552,0.0333195,0.0234645,0.0
5.66209,0.000535244,0.0,0.0,0.0
5.66275,0.0005416,0.0499792,0.0289055,0.0
5.6629,0.000541276,0.0,0.0,0.0
5.6614,0.000541924,0.0166597,0.0166632,0.0
5.66143,0.000537838,0.0,0.0,0.0
5.66246,0.000535957,0.0166597,0.0166632,0.0
5.66166,0.000531611,0.0,0.0,0.0
5.66134,0.000534206,0.0333195,0.0234645,0.0
5.66217,0.000547178,0.0,0.0,0.0
5.66159,0.00053226,0.0166597,0.0166632,0.0
5.66121,0.000532714,0.0,0.0,0.0
5.66151,0.000543351,0.0,0.0,0.0
5.66188,0.000534271,0.0,0.0,0.0
5.66144,0.000536281,0.0166597,0.0166632,0.0
5.6615,0.00054186,0.0166597,0.0166632,0.0
5.66182,0.000538292,0.0166597,0.0166632,0.0
5.66203,0.000532001,0.0166597,0.0166632,0.0
5.66177,0.000534984,0.0,0.0,0.0
5.6623,0.000533882,0.0,0.0,0.0
5.66216,0.000539265,0.0166597,0.0166632,0.0
5.66139,0.000535503,0.0,0.0,0.0
5.66182,0.000536865,0.0,0.0,0.0
5.66239,0.00054893,0.0166597,0.0166632,0.0
5.66301,0.000542962,0.0166597,0.0166632,0.0
5.66269,0.000537903,0.0,0.0,0.0
5.66252,0.000552497,0.0166597,0.0166632,0.0
5.66312,0.000558789,0.0166597,0.0166632,0.0
5.66295,0.000535308,0.0166597,0.0166632,0.0
5.66277,0.000549838,0.0,0.0,0.0
5.66158,0.000544778,0.0333195,0.0234645,0.0
5.66248,0.000544843,0.0,0.0,0.0
5.66317,0.000542443,0.0,0.0,0.0
5.66191,0.000541276,0.0,0.0,0.0
5.66198,0.0005368,0.0,0.0,0.0
5.66262,0.000536671,0.0,0.0,0.0
5.6623,0.000545038,0.0,0.0,0.0
5.66233,0.000539784,0.0,0.0,0.0
5.66238,0.000531417,0.0,0.0,0.0
5.66136,0.00053706,0.0166597,0.0166632,0.0
5.66209,0.000533298,0.0,0.0,0.0
5.66195,0.000530768,0.0,0.0,0.0
5.66169,0.00054147,0.0,0.0,0.0
5.66194,0.000566507,0.0,0.0,0.0
5.66319,0.000551913,0.0166597,0.0166632,0.0
5.66128,0.000543351,0.0333195,0.0234645,0.0
5.66189,0.000534336,0.0,0.0,0.0
5.66204,0.00053226,0.0166597,0.0166632,0.0
5.66184,0.000550811,0.0,0.0,0.0
5.66158,0.000540043,0.0,0.0,0.0
5.6615,0.000546854,0.0,0.0,0.0
5.662,0.000535438,0.0333195,0.0234645,0.0
5.6625,0.000545492,0.0,0.0,0.0
5.66241,0.000551265,0.0,0.0,0.0
6.01969,0.00850974,0.0832986,0.0370671,0.0
12.9051,0.0936837,59.5252,0.93926,0.0
37.2475,0.187705,157.318,0.984829,0.0
58.4323,0.0916184,191.537,0.859345,0.0
55.3734,0.0936469,186.472,0.879749,0.0
49.4631,0.0671373,185.256,0.892671,0.0
49.2245,0.0713658,185.873,0.881789,0.0
45.6633,0.0713378,185.356,0.876008,0.0
42.8185,0.0602097,187.522,0.870567,0.0
42.4092,0.0574459,187.822,0.88791,0.0
40.9839,0.0587517,188.905,0.862745,0.0
39.7129,0.0736029,185.939,0.88825,0.0
39.061,0.061651,189.421,0.865806,0.0
37.996,0.0534907,187.072,0.877708,0.0
37.017,0.0541266,187.622,0.865126,0.0
36.2095,0.0582224,186.356,0.877028,0.0
35.3335,0.0595288,189.604,0.8335,0.0
34.7071,0.0596657,187.055,0.871927,0.0
34.3655,0.0569916,187.422,0.88587,0.0
33.7986,0.0521964,188.405,0.859685,0.0
33.0028,0.0491146,185.789,0.883149,0.0
32.2246,0.0484325,188.072,0.877028,0.0
31.5887,0.0496931,187.189,0.880429,0.0
31.1214,0.0498133,187.155,0.855944,0.0
30.7593,0.0508266,184.19,0.870567,0.0
30.3235,0.0513043,186.172,0.857304,0.0
29.8059,0.0511917,184.723,0.871927,0.0
29.3246,0.0523417,187.005,0.858665,0.0
28.9411,0.0493081,184.756,0.867166,0.0
28.6938,0.0472358,186.739,0.853564,0.0
28.4268,0.0468561,185.906,0.870227,0.0
27.8853,0.0446448,186.839,0.857644,0.0
27.1851,0.0430175,185.473,0.866146,0.0
26.4956,0.0421273,182.541,0.859005,0.0
25.8793,0.0418213,183.79,0.860365,0.0
25.2667,0.0403114,182.84,0.855604,0.0
24.5704,0.0387135,181.858,0.851523,0.0
23.9469,0.0368654,183.324,0.854244,0.0
23.4716,0.0362648,181.175,0.853564,0.0
22.9878,0.0362582,181.874,0.867846,0.0
22.4795,0.0351161,180.625,0.868186,0.0
21.974,0.0344764,180.125,0.854244,0.0
21.4662,0.0341393,179.958,0.858665,0.0
20.9732,0.0331946,177.526,0.864786,0.0
20.4663,0.0311017,178.592,0.865806,0.0
19.9772,0.0313083,177.493,0.867506,0.0
19.533,0.0307595,177.343,0.853224,0.0
19.1495,0.0294729,176.06,0.859685,0.0
18.7188,0.0289681,175.277,0.862405,0.0
18.3618,0.0286091,174.411,0.858325,0.0
18.1602,0.0291128,174.81,0.851523,0.0
17.8752,0.0282956,176.01,0.853564,0.0
17.5401,0.0283045,174.294,0.842342,0.0
17.2742,0.0271413,171.245,0.843022,0.0
16.9456,0.0268429,171.562,0.83452,0.0
16.5782,0.0268515,170.662,0.847102,0.0
16.312,0.0258471,170.096,0.856624,0.0
15.9939,0.0254895,169.713,0.872947,0.0
15.5812,0.0248963,168.98,0.847443,0.0
15.212,0.0245415,166.814,0.850503,0.0
14.7457,0.0240243,166.947,0.83656,0.0
14.1719,0.0245944,164.215,0.855604,0.0
13.6835,0.0257792,163.399,0.842342,0.0
13.1531,0.0255119,158.95,0.83418,0.0
12.5457,0.0240531,158.684,0.869207,0.0
12.0631,0.0217924,154.819,0.857304,0.0
11.7138,0.0198447,153.919,0.848463,0.0
11.4931,0.0182227,153.936,0.83656,0.0
11.4893,0.018502,155.352,0.824318,0.0
11.5803,0.0186664,153.553,0.848123,0.0
11.586,0.0185653,153.853,0.841661,0.0
11.5755,0.0191386,153.669,0.83486,0.0
11.5682,0.0189772,152.67,0.8318,0.0
11.5741,0.0194656,154.802,0.850503,0.0
11.6259,0.0191301,153.553,0.8335,0.0
11.6128,0.0182958,152.037,0.852543,0.0
11.5931,0.0183554,153.386,0.855264,0.0
11.6227,0.0183487,152.087,0.842001,0.0
11.6066,0.0185586,152.087,0.875668,0.0
11.5655,0.0185388,153.986,0.83384,0.0
11.5565,0.018154,153.236,0.848463,0.0
11.5299,0.0180621,152.653,0.844382,0.0
11.4135,0.0176837,151.104,0.838261,0.0
11.2947,0.0175078,151.703,0.826699,0.0
11.2087,0.0174633,151.387,0.83588,0.0
11.0989,0.0174379,149.721,0.838941,0.0
10.9843,0.0170406,148.222,0.853904,0.0
10.8883,0.0172069,148.755,0.850843,0.0
10.7571,0.0169735,146.855,0.844042,0.0
10.6262,0.0163806,147.672,0.842682,0.0
10.5399,0.0165335,144.94,0.83452,0.0
10.4344,0.0162302,144.84,0.855944,0.0
10.2995,0.0158806,142.724,0.822958,0.0
10.1907,0.0159804,143.04,0.83656,0.0
10.0877,0.0151809,139.792,0.826699,0.0
9.96228,0.0152655,138.942,0.831459,0.0
9.83024,0.0155816,139.708,0.864106,0.0
9.74299,0.0145127,138.742,0.849143,0.0
9.65505,0.0147675,136.426,0.845062,0.0
9.54842,0.0145916,135.077,0.829079,0.0
9.47311,0.0147992,134.561,0.83622,0.0
9.38061,0.0142187,133.978,0.841321,0.0
9.29025,0.0141075,134.344,0.847443,0.0
9.21613,0.0138136,130.629,0.828399,0.0
9.14125,0.0138924,130.796,0.83384,0.0
9.07521,0.0135948,129.663,0.842001,0.0
9.00754,0.0134269,128.846,0.839961,0.0
8.93726,0.013424,128.78,0.828739,0.0
8.85394,0.0131761,126.281,0.83554,0.0
8.79591,0.0125419,127.18,0.837581,0.0
8.74178,0.0130605,124.298,0.829419,0.0
8.66956,0.0129702,124.048,0.853224,0.0
8.62616,0.0129157,123.565,0.846422,0.0
8.57394,0.0124503,121.233,0.8369,0.0
8.49251,0.0119967,121.2,0.846422,0.0
8.4315,0.0123144,120.133,0.840641,0.0
8.39444,0.0122095,117.501,0.865466,0.0
8.32668,0.0121837,117.468,0.814116,0.0
8.26617,0.0117898,117.934,0.829079,0.0
8.20878,0.0118547,114.536,0.838601,0.0
8.13892,0.0117375,114.102,0.850503,0.0
8.08808,0.0112382,114.536,0.83452,0.0
8.02737,0.0112572,111.62,0.848123,0.0
7.97699,0.0112476,110.021,0.83214,0.0
7.94506,0.0111151,110.587,0.840641,0.0
7.90318,0.010983,110.504,0.83588,0.0
7.85817,0.0107292,108.005,0.853564,0.0
7.8076,0.0108208,106.422,0.8369,0.0
7.75877,0.0107655,106.639,0.824998,0.0
7.72535,0.0102741,105.856,0.864106,0.0
7.67688,0.0101343,103.59,0.824658,0.0
7.61949,0.00984019,102.591,0.83214,0.0
7.58009,0.00996479,101.308,0.856284,0.0
7.54748,0.010034,100.175,0.83384,0.0
7.50431,0.00977857,99.8251,0.824998,0.0
7.46036,0.00979258,96.6764,0.822278,0.0
7.41452,0.00965683,97.1262,0.83452,0.0
7.37075,0.0098544,95.6268,0.822958,0.0
7.31352,0.00974018,92.4448,0.847102,0.0
7.24573,0.00958288,91.5452,0.850503,0.0
7.21477,0.00972578,90.8288,0.814116,0.0
7.18773,0.00935405,88.9796,0.830779,0.0
7.12024,0.00905257,87.0471,0.823638,0.0
7.07015,0.00911451,85.7143,0.818877,0.0
7.03403,0.00868688,83.915,0.823978,0.0
6.99109,0.00868934,82.9155,0.83588,0.0
6.95671,0.00853815,81.6826,0.815476,0.0
6.91901,0.00824231,79.2503,0.838261,0.0
6.88884,0.00799506,79.2003,0.824998,0.0
6.87408,0.00821377,77.1179,0.798813,0.0
6.84557,0.00780754,77.2845,0.803914,0.0
6.80897,0.00749821,75.252,0.807995,0.0
6.77648,0.00738211,73.2195,0.778409,0.0
6.75837,0.00747752,73.2861,0.801534,0.0
6.73852,0.00747927,71.4869,0.808675,0.0
6.7046,0.00740066,70.6039,0.808675,0.0
6.68894,0.00723785,70.0541,0.813776,0.0
6.67228,0.00717961,68.5548,0.801194,0.0
6.64401,0.00716093,67.5219,0.795753,0.0
6.62177,0.00717928,66.0891,0.792352,0.0
6.60896,0.00696005,66.1891,0.803574,0.0
6.5916,0.00684628,64.2899,0.796433,0.0
6.57639,0.00680107,63.94,0.773988,0.0
6.56383,0.00689862,64.3065,0.78283,0.0
6.54887,0.00650413,61.591,0.775009,0.0
6.54187,0.00676436,62.7572,0.78453,0.0
6.53429,0.00672518,61.641,0.777729,0.0
6.5163,0.00663703,59.8751,0.767867,0.0
6.50584,0.00658923,60.2416,0.791332,0.0
6.50621,0.00665513,60.758,0.772628,0.0
6.50171,0.00643616,60.6081,0.78181,0.0
6.4847,0.00648389,59.2253,0.758345,0.0
6.47282,0.00638472,59.975,0.771948,0.0
6.48261,0.00662588,58.8255,0.786231,0.0
6.47432,0.00632809,58.3923,0.78249,0.0
6.45787,0.00645633,57.8925,0.756645,0.0
6.44969,0.00640917,56.1599,0.765487,0.0
6.44045,0.00610445,58.4257,0.769228,0.0
6.42951,0.00612099,56.4765,0.778749,0.0
6.40421,0.00612209,55.2103,0.747803,0.0
6.38858,0.00608259,56.5264,0.756645,0.0
6.39527,0.00605554,54.2607,0.752564,0.0
6.39052,0.00613202,53.7276,0.754265,0.0
6.37772,0.00598899,53.2611,0.746443,0.0
6.37391,0.00583423,52.9779,0.765487,0.0
6.36712,0.00599016,52.8613,0.740662,0.0
6.35934,0.00593912,52.8446,0.741682,0.0
6.3507,0.00586135,50.7788,0.739642,0.0
6.33917,0.00586284,52.0783,0.755965,0.0
6.32877,0.00578721,50.7622,0.747123,0.0
6.32058,0.00566274,51.162,0.750184,0.0
6.31422,0.00550986,49.7626,0.742702,0.0
6.30767,0.00562616,49.7793,0.743383,0.0
6.30945,0.00571858,50.3957,0.738962,0.0
6.31268,0.00547567,48.5298,0.745763,0.0
6.31107,0.00558328,50.4956,0.742362,0.0
6.30746,0.00581069,49.2128,0.753925,0.0
6.30091,0.00583728,48.6297,0.738962,0.0
6.29742,0.00566001,48.9296,0.725019,0.0
6.2993,0.00569407,48.5298,0.736581,0.0
6.29524,0.00559288,48.913,0.718558,0.0
6.28431,0.00553334,48.6297,0.727059,0.0
6.28829,0.00561312,48.4631,0.72876,0.0
6.29377,0.00562213,48.7464,0.746783,0.0
6.28853,0.00579395,49.5627,0.751884,0.0
6.28592,0.00569491,47.6635,0.72808,0.0
6.28407,0.00562356,47.8967,0.725359,0.0
6.28535,0.00564088,47.98,0.72978,0.0
6.28158,0.00560611,48.3632,0.719578,0.0
6.26875,0.00548249,46.5973,0.735901,0.0
6.26548,0.0055753,47.4636,0.722979,0.0
6.26026,0.005495,46.464,0.746103,0.0
6.25385,0.00557005,45.7476,0.725019,0.0
6.25117,0.00563692,45.2978,0.719238,0.0
6.23895,0.00536638,44.7813,0.732841,0.0
6.22877,0.00541795,45.0479,0.722979,0.0
6.22713,0.00526403,45.7476,0.72944,0.0
6.21971,0.00531981,43.8484,0.708356,0.0
6.20688,0.00521337,43.5985,0.715157,0.0
6.19984,0.00526792,43.7151,0.704955,0.0
6.18757,0.00525612,42.1324,0.716177,0.0
6.17634,0.00517095,40.4665,0.688632,0.0
6.17099,0.00516816,40.5498,0.717538,0.0
6.16151,0.00517666,40.883,0.686932,0.0
6.15391,0.00516207,39.4002,0.692713,0.0
6.14752,0.00507087,38.5339,0.67877,0.0
6.13144,0.00495866,38.5339,0.686932,0.0
6.12139,0.00490858,37.3511,0.685912,0.0
6.12328,0.00479657,37.9342,0.672309,0.0
6.11709,0.00479274,36.8013,0.67877,0.0
6.10127,0.00476783,37.0179,0.686932,0.0
6.08981,0.00472995,35.3353,0.68013,0.0
6.08316,0.00473897,34.0858,0.663807,0.0
6.08554,0.00468111,35.4519,0.665168,0.0
6.08194,0.00464641,34.5856,0.660407,0.0
6.06641,0.00463259,33.7859,0.658366,0.0
6.0604,0.00463383,33.5194,0.662447,0.0
6.05647,0.00461852,32.07,0.635582,0.0
6.04637,0.00452953,32.5031,0.642723,0.0
6.03012,0.00441972,30.4706,0.621979,0.0
6.02464,0.00430601,30.1374,0.622999,0.0
6.03361,0.00440863,30.8705,0.62674,0.0
6.03018,0.00442581,31.1703,0.62334,0.0
6.01821,0.00428636,29.8709,0.631501,0.0
6.01554,0.00429953,30.4873,0.620959,0.0
6.00954,0.00422325,28.9546,0.611777,0.0
5.99637,0.00420437,28.688,0.62538,0.0
5.9876,0.0041052,27.7551,0.600895,0.0
5.97967,0.00409696,27.1554,0.62776,0.0
5.97501,0.00405876,26.3057,0.586272,0.0
5.96745,0.00399837,26.1891,0.580831,0.0
5.95445,0.00386566,25.8892,0.602596,0.0
5.95041,0.00379354,25.0562,0.592734,0.0
5.95055,0.00380605,24.8397,0.570629,0.0
5.94555,0.00381624,24.3565,0.581171,0.0
5.94788,0.00380709,25.4894,0.581171,0.0
5.94687,0.00382052,24.9229,0.586272,0.0
5.93138,0.00375987,23.7568,0.559747,0.0
5.9249,0.00363365,23.7234,0.57505,0.0
5.9267,0.00369053,22.9571,0.565188,0.0
5.92351,0.00362898,23.0237,0.570629,0.0
5.91918,0.00371998,22.5239,0.557707,0.0
5.91536,0.00368768,23.157,0.556347,0.0
5.90882,0.00353837,21.1245,0.543764,0.0
5.90462,0.00347928,22.3907,0.564508,0.0
5.90735,0.00344717,21.7076,0.542064,0.0
5.90681,0.00357022,21.2578,0.552606,0.0
5.90406,0.00355893,21.641,0.554306,0.0
5.90467,0.00359117,21.4577,0.548525,0.0
5.90268,0.00355595,21.4411,0.552946,0.0
5.89626,0.00348311,20.3082,0.546485,0.0
5.89537,0.00343271,21.0412,0.541044,0.0
5.89715,0.00336635,21.3578,0.546825,0.0
5.88895,0.00348752,19.9917,0.531182,0.0
5.88247,0.0033504,20.2082,0.541044,0.0
5.88674,0.00337414,20.0416,0.526421,0.0
5.8838,0.00332912,19.8251,0.52234,0.0
5.8815,0.00344536,20.2582,0.544444,0.0
5.88027,0.00341052,19.7418,0.539003,0.0
5.87895,0.00338114,20.025,0.525401,0.0
5.87826,0.00339197,18.8588,0.52268,0.0
5.87363,0.00339859,19.9084,0.541384,0.0
5.86988,0.00331816,18.359,0.51894,0.0
5.8685,0.00336123,18.459,0.52336,0.0
5.8657,0.00331485,18.6756,0.525741,0.0
5.86319,0.00318824,18.4257,0.500576,0.0
5.85895,0.0031695,17.6093,0.498196,0.0
5.85318,0.00317501,17.2428,0.492754,0.0
5.85025,0.00306662,16.8263,0.500916,0.0
5.84394,0.00306909,16.3099,0.491394,0.0
5.84197,0.00302829,16.4931,0.491394,0.0
5.84367,0.00305962,16.4265,0.491394,0.0
5.83567,0.00294196,15.7434,0.483233,0.0
5.83326,0.00301259,15.5768,0.483913,0.0
5.83218,0.00290862,15.7434,0.478472,0.0
5.82605,0.00291167,15.4769,0.477111,0.0
5.82755,0.00289078,15.0104,0.476091,0.0
5.82645,0.00291939,14.6272,0.474051,0.0
5.82456,0.0028627,15.227,0.474731,0.0
5.82423,0.00291083,14.9271,0.465889,0.0
5.81896,0.00283779,13.8109,0.463169,0.0
5.81011,0.00287463,13.3611,0.453307,0.0
5.80551,0.00276346,13.4277,0.442425,0.0
5.80419,0.00265254,12.9779,0.451607,0.0
5.80089,0.00267505,13.0779,0.441745,0.0
5.8018,0.00271682,13.3278,0.453647,0.0
5.79891,0.00273764,12.9446,0.433583,0.0
5.79232,0.00267525,11.8284,0.427462,0.0
5.792,0.00267012,12.0117,0.427462,0.0
5.79083,0.0026087,12.0616,0.433243,0.0
5.78898,0.00260169,12.1783,0.432903,0.0
5.78649,0.00253216,12.3115,0.429162,0.0
5.78196,0.00253547,11.1953,0.41828,0.0
5.77547,0.00243746,10.0625,0.395156,0.0
5.77386,0.00239569,11.3619,0.41896,0.0
5.77668,0.00239627,10.2124,0.401617,0.0
5.77152,0.00236079,10.0625,0.397196,0.0
5.76932,0.00235217,9.89588,0.398216,0.0
5.77133,0.00229515,10.2957,0.396856,0.0
5.76849,0.00236274,10.2624,0.395836,0.0
5.76883,0.00234211,10.7289,0.41794,0.0
5.77212,0.00241223,10.6456,0.396176,0.0
5.76825,0.00236391,9.91254,0.386314,0.0
5.76582,0.00230735,9.74594,0.389375,0.0
5.76594,0.00234905,10.329,0.399917,0.0
5.76384,0.00233984,10.0791,0.395836,0.0
5.76123,0.00237474,9.54602,0.388014,0.0
5.75892,0.00222789,8.89629,0.369311,0.0
5.75964,0.00218411,9.46272,0.384954,0.0
5.75868,0.00231474,8.86297,0.382913,0.0
5.75301,0.0021496,8.96293,0.372371,0.0
5.75268,0.00221589,8.46314,0.371351,0.0
5.75327,0.00221706,8.36318,0.360129,0.0
5.75107,0.00219475,8.51312,0.36285,0.0
5.75187,0.00216685,8.77968,0.376792,0.0
5.75408,0.00219565,8.51312,0.374072,0.0
5.75088,0.00219098,8.41316,0.360129,0.0
5.74798,0.00212567,8.24656,0.355368,0.0
5.74869,0.00211996,8.34652,0.362169,0.0
5.74502,0.00206282,7.93003,0.343806,0.0
5.7436,0.00207086,7.78009,0.346526,0.0
5.74636,0.00210433,7.59683,0.349247,0.0
5.74819,0.00215265,8.59642,0.36693,0.0
5.74832,0.00220447,8.41316,0.36455,0.0
5.7411,0.0020608,7.43024,0.345846,0.0
5.73844,0.00207183,7.71345,0.345506,0.0
5.74431,0.00207611,7.81341,0.358769,0.0
5.74194,0.00211665,7.76343,0.346867,0.0
5.73692,0.00202909,7.24698,0.340065,0.0
5.7369,0.00193932,7.14702,0.334964,0.0
5.73918,0.00199581,7.84673,0.347547,0.0
5.73875,0.00202876,6.98042,0.337345,0.0
5.73787,0.00202429,7.3636,0.339385,0.0
5.73566,0.00191843,6.99708,0.330883,0.0
5.73414,0.0019999,7.18034,0.340405,0.0
5.7337,0.00198641,6.59725,0.320001,0.0
5.73155,0.00195644,6.81383,0.331224,0.0
5.73074,0.00188328,6.91379,0.332924,0.0
5.73197,0.00188393,7.2803,0.332924,0.0
5.73347,0.0019314,7.04706,0.338365,0.0
5.73494,0.00203966,7.197,0.341766,0.0
5.73457,0.00200794,6.63057,0.330883,0.0
5.72981,0.00198316,6.28072,0.317961,0.0
5.72787,0.00192193,6.63057,0.324762,0.0
5.73058,0.00192609,6.39733,0.323402,0.0
5.72866,0.00192745,6.3307,0.309119,0.0
5.72849,0.00194898,6.91379,0.328843,0.0
5.72852,0.00192135,6.46397,0.316601,0.0
5.72702,0.00191473,6.63057,0.325782,0.0
5.72369,0.00180486,5.63099,0.300958,0.0
5.72125,0.00180486,5.9142,0.307419,0.0
5.72362,0.00177191,5.76426,0.300958,0.0
5.72699,0.00188036,6.53061,0.316941,0.0
5.72713,0.00185552,6.09746,0.305379,0.0
5.72523,0.00186862,6.23074,0.319661,0.0
5.72549,0.00187348,5.9142,0.300958,0.0
5.72491,0.00180641,5.9975,0.308099,0.0
5.72402,0.00185299,6.39733,0.31286,0.0
5.72323,0.00181757,5.58101,0.296197,0.0
5.72291,0.00182211,5.96418,0.304698,0.0
5.72564,0.00191992,6.41399,0.319321,0.0
5.72353,0.00184202,5.61433,0.298917,0.0
5.71578,0.00172871,5.0479,0.282254,0.0
5.71769,0.00176367,5.46439,0.297557,0.0
5.72357,0.00178501,5.96418,0.305719,0.0
5.71996,0.00182049,5.93086,0.3115,0.0
5.71738,0.00173254,5.53103,0.291436,0.0
5.72055,0.00176088,5.86422,0.303678,0.0
5.7201,0.0017867,5.59767,0.293816,0.0
5.71884,0.00173325,5.93086,0.305038,0.0
5.71893,0.00176724,5.56435,0.295177,0.0
5.71869,0.00174233,5.49771,0.296537,0.0
5.71733,0.0017675,5.36443,0.297557,0.0
5.71659,0.00171269,5.31445,0.289055,0.0
5.71692,0.00178138,5.36443,0.297557,0.0
5.71837,0.00179909,5.46439,0.301298,0.0
5.71783,0.00181621,5.14786,0.282254,0.0
5.71516,0.00169582,5.16451,0.286675,0.0
5.71571,0.00169712,5.19783,0.290416,0.0
5.7179,0.00177334,5.48105,0.294156,0.0
5.71716,0.00171489,5.53103,0.294496,0.0
5.71658,0.00168804,5.44773,0.289736,0.0
5.71537,0.00167967,4.84798,0.276813,0.0
5.71394,0.00174045,5.0479,0.289055,0.0
5.71549,0.0016872,5.68097,0.300278,0.0
5.7173,0.00179759,5.56435,0.297897,0.0
5.71484,0.00168071,5.36443,0.292796,0.0
5.71253,0.00169719,4.86464,0.282934,0.0
5.71325,0.00171593,5.1312,0.285995,0.0
5.71252,0.00164303,4.84798,0.280554,0.0
5.71208,0.00166677,4.98126,0.283614,0.0
5.71356,0.00170614,5.21449,0.286675,0.0
5.71298,0.00170017,5.19783,0.288375,0.0
5.71167,0.00166411,4.84798,0.277833,0.0
5.70991,0.00164205,4.7147,0.268652,0.0
5.70863,0.00158627,4.6314,0.275793,0.0
5.70865,0.00158361,4.74802,0.274433,0.0
5.70746,0.00162571,4.64806,0.278173,0.0
5.70691,0.00157291,4.38151,0.266611,0.0
5.70906,0.00157434,4.9646,0.285315,0.0
5.711,0.00162915,5.01458,0.284295,0.0
5.70931,0.00162843,4.44815,0.268311,0.0
5.70806,0.00159756,4.08163,0.255049,0.0
5.7108,0.00162182,5.28113,0.293136,0.0
5.70901,0.00161676,4.74802,0.279534,0.0
5.70653,0.00155948,4.21491,0.254029,0.0
5.70893,0.00163135,4.28155,0.264231,0.0
5.7069,0.0015779,4.03165,0.25913,0.0
5.70434,0.00160735,3.96501,0.256069,0.0
5.70501,0.00155546,4.24823,0.26253,0.0
5.70646,0.00156305,4.51479,0.265931,0.0
5.7071,0.00162577,4.43149,0.268992,0.0
5.70791,0.00160035,4.76468,0.279874,0.0
5.70682,0.00157881,4.38151,0.26253,0.0
5.70509,0.00153555,3.99833,0.255049,0.0
5.70874,0.00163109,4.7147,0.271712,0.0
5.70838,0.00165172,4.14827,0.257769,0.0
5.70425,0.00161092,4.09829,0.255389,0.0
5.70556,0.00157317,4.73136,0.275113,0.0
5.7083,0.00157602,4.18159,0.267971,0.0
5.70514,0.00154385,4.29821,0.263551,0.0
5.70368,0.00153983,3.99833,0.250628,0.0
5.70601,0.00150461,4.21491,0.257089,0.0
5.70613,0.0015434,4.28155,0.264231,0.0
5.70502,0.00156396,4.13161,0.25845,0.0
5.70319,0.00157058,3.79842,0.247227,0.0
5.70512,0.00160936,4.29821,0.26151,0.0
5.70506,0.00150435,4.09829,0.256409,0.0
5.70461,0.00154541,4.01499,0.246547,0.0
5.70399,0.00158763,4.03165,0.255729,0.0
5.70169,0.00151466,3.6818,0.237366,0.0
5.70165,0.00150104,4.06497,0.25879,0.0
5.7031,0.0015567,4.03165,0.253689,0.0
5.70169,0.0015168,3.94835,0.251308,0.0
5.70137,0.00150422,4.26489,0.26185,0.0
5.70205,0.00151596,4.04831,0.257429,0.0
5.70248,0.00152316,4.13161,0.257429,0.0
5.7014,0.00148904,3.96501,0.247227,0.0
5.70011,0.00147562,3.66514,0.247227,0.0
5.70085,0.00152867,3.8484,0.255389,0.0
5.70096,0.00148262,3.5985,0.244167,0.0
5.70002,0.00150279,3.96501,0.254029,0.0
5.70168,0.00151317,3.88172,0.256069,0.0
5.70075,0.00153354,3.78176,0.246887,0.0
5.69912,0.00148094,3.7651,0.247567,0.0
5.70009,0.00147983,3.91504,0.255049,0.0
5.70154,0.00146719,3.96501,0.254029,0.0
5.70084,0.00150111,3.61516,0.240086,0.0
5.69894,0.0014812,3.96501,0.25947,0.0
5.69721,0.00142548,3.53186,0.236345,0.0
5.69867,0.00141328,3.38192,0.231924,0.0
5.69979,0.00144928,3.74844,0.250288,0.0
5.69969,0.0014834,4.01499,0.249948,0.0
5.70004,0.00150059,3.71512,0.241786,0.0
5.69889,0.00145467,3.61516,0.243487,0.0
5.70068,0.00150266,4.03165,0.256749,0.0
5.69975,0.00145486,3.36526,0.233965,0.0
5.69597,0.00140667,3.21533,0.230564,0.0
5.69633,0.00142833,3.5152,0.244167,0.0
5.69801,0.00142976,3.5985,0.240766,0.0
5.69461,0.00139999,3.38192,0.242466,0.0
5.69336,0.001385,3.19867,0.228864,0.0
5.69738,0.00143683,3.5152,0.234645,0.0
5.69823,0.0014306,3.56518,0.242126,0.0
5.69528,0.00142898,3.36526,0.232605,0.0
5.69324,0.00140038,3.33195,0.232945,0.0
5.6945,0.00136944,3.21533,0.228184,0.0
5.69634,0.00136944,3.28197,0.228864,0.0
5.69534,0.00137145,3.16535,0.231584,0.0
5.69737,0.00143813,3.56518,0.239746,0.0
5.69792,0.00141633,3.11537,0.225123,0.0
5.6946,0.00136107,3.3486,0.233285,0.0
5.6961,0.00143631,3.6818,0.243147,0.0
5.69739,0.00142159,3.18201,0.224783,0.0
5.69593,0.00139966,3.46522,0.241446,0.0
5.69574,0.00140518,3.4319,0.236005,0.0
5.69554,0.00143015,3.38192,0.234305,0.0
5.69319,0.00137599,3.13203,0.228184,0.0
5.69198,0.00139506,2.86547,0.216962,0.0
5.69335,0.0013865,3.39858,0.237366,0.0
5.6934,0.00134927,3.04873,0.225463,0.0
5.69333,0.00134842,3.26531,0.227164,0.0
5.69368,0.00136704,3.18201,0.225803,0.0
5.69189,0.00133052,2.96543,0.213901,0.0
5.69283,0.00131716,3.01541,0.224443,0.0
5.69317,0.00131158,3.16535,0.224103,0.0
5.69189,0.00133441,3.08205,0.222743,0.0
5.69369,0.00135134,3.41524,0.237706,0.0
5.69504,0.00135121,3.19867,0.230224,0.0
5.69355,0.00141419,3.01541,0.224443,0.0
5.69207,0.00130522,3.14869,0.227164,0.0
5.6923,0.00133266,2.93211,0.216622,0.0
5.69364,0.00131327,3.26531,0.231924,0.0
5.69239,0.00138176,3.14869,0.221042,0.0
5.69128,0.00130185,2.93211,0.215261,0.0
5.68999,0.00130561,3.03207,0.221042,0.0
5.6888,0.00128641,2.24906,0.192477,0.0
5.68854,0.00121636,2.49896,0.201659,0.0
5.68997,0.0013252,3.09871,0.227164,0.0
5.69015,0.00128486,2.4823,0.202679,0.0
5.69041,0.00133824,3.08205,0.225123,0.0
5.69068,0.00133279,2.69888,0.21016,0.0
5.68999,0.00128888,2.69888,0.21016,0.0
5.69071,0.00133636,3.18201,0.224783,0.0
5.69135,0.00133934,2.6489,0.204379,0.0
5.69057,0.00131385,2.81549,0.212881,0.0
5.69162,0.00132319,2.84881,0.216622,0.0
5.68979,0.00127208,3.03207,0.223763,0.0
5.68738,0.00124678,2.63224,0.20778,0.0
5.68927,0.00130477,2.58226,0.20744,0.0
5.6884,0.00126384,2.68222,0.21084,0.0
5.68755,0.00123122,2.36568,0.196898,0.0
5.69114,0.00130736,2.86547,0.216962,0.0
5.69053,0.0013014,2.68222,0.205739,0.0
5.68792,0.00124691,2.59892,0.201319,0.0
5.68794,0.00125126,2.68222,0.20812,0.0
5.68967,0.00130445,2.94877,0.219682,0.0
5.68906,0.00128071,2.93211,0.220362,0.0
5.68711,0.00124497,2.3157,0.192137,0.0
5.6876,0.0012678,2.68222,0.20676,0.0
5.68772,0.00121461,2.58226,0.203359,0.0
5.6876,0.00126546,2.76551,0.20846,0.0
5.6875,0.00128959,2.58226,0.20744,0.0
5.68842,0.00132747,2.76551,0.21118,0.0
5.68955,0.00129815,2.74885,0.20778,0.0
5.68882,0.00129452,2.59892,0.20812,0.0
5.68647,0.00126449,2.2324,0.201659,0.0
5.68858,0.00130853,2.73219,0.212541,0.0
5.68933,0.00127461,2.73219,0.2088,0.0
5.6885,0.0012916,2.84881,0.215261,0.0
5.6862,0.00115014,2.41566,0.194517,0.0
5.6872,0.00123212,2.53228,0.204379,0.0
5.68815,0.00123764,2.59892,0.20676,0.0
5.68625,0.00118607,2.44898,0.198598,0.0
5.68668,0.00119619,2.26572,0.191797,0.0
5.68735,0.00121442,2.3157,0.194857,0.0
5.68702,0.00124575,2.5656,0.204039,0.0
5.68725,0.00124244,2.51562,0.202339,0.0
5.68645,0.00119729,2.53228,0.203019,0.0
5.68632,0.00122505,2.36568,0.194177,0.0
5.68727,0.00121909,2.51562,0.202339,0.0
5.68734,0.00122207,2.34902,0.194857,0.0
5.68675,0.0012667,2.44898,0.201319,0.0
5.68643,0.00123615,2.58226,0.204719,0.0
5.68693,0.0012894,2.54894,0.200979,0.0
5.68582,0.00124581,2.43232,0.197918,0.0
5.68381,0.00121247,2.49896,0.201659,0.0
5.68454,0.00117154,2.2324,0.191797,0.0
5.68504,0.00120131,2.1491,0.185676,0.0
5.68592,0.00122454,2.29904,0.195878,0.0
5.68767,0.00126306,2.4823,0.201319,0.0
5.686,0.00120151,2.09913,0.184995,0.0
5.68519,0.00124354,2.63224,0.20642,0.0
5.68524,0.00115416,1.94919,0.177514,0.0
5.68397,0.00117433,2.36568,0.198258,0.0
5.68409,0.00119314,2.16576,0.190777,0.0
5.68519,0.0011801,2.43232,0.199278,0.0
5.68333,0.00116882,2.08247,0.184315,0.0
5.68322,0.0011707,2.18242,0.188396,0.0
5.68488,0.00117887,2.24906,0.191117,0.0
5.68527,0.00120112,2.49896,0.200298,0.0
5.68378,0.00117226,1.96585,0.178194,0.0
5.68268,0.0011491,2.08247,0.184315,0.0
5.68223,0.00115649,1.94919,0.177514,0.0
5.68256,0.00117336,2.16576,0.189076,0.0
5.68358,0.00110584,2.08247,0.184315,0.0
5.6826,0.00116921,2.01583,0.183295,0.0
5.68258,0.00118575,2.26572,0.193157,0.0
5.68395,0.00115753,2.41566,0.195878,0.0
5.68141,0.00110824,1.73261,0.167992,0.0
5.68108,0.00107425,1.88255,0.174453,0.0
5.68295,0.00107963,2.09913,0.184995,0.0
5.68451,0.00114599,2.21574,0.189756,0.0
5.68418,0.00118374,2.41566,0.194517,0.0
5.68311,0.00119651,2.24906,0.191117,0.0
5.68162,0.00111991,2.08247,0.184315,0.0
5.68207,0.00115987,1.89921,0.179894,0.0
5.68227,0.00114021,2.16576,0.187716,0.0
5.68242,0.00113885,2.13244,0.186356,0.0
5.68243,0.00108489,2.04915,0.179894,0.0
5.68262,0.0011203,1.93253,0.176494,0.0
5.68399,0.00116,2.03249,0.183975,0.0
5.68457,0.00116914,2.1491,0.183975,0.0
5.68267,0.00115494,2.18242,0.187036,0.0
5.6807,0.00109397,1.89921,0.175134,0.0
5.68126,0.00110266,1.89921,0.175134,0.0
5.68202,0.00112089,2.06581,0.185336,0.0
5.6805,0.00105719,1.61599,0.162551,0.0
5.679,0.00108592,1.84923,0.177854,0.0
5.67879,0.00107769,1.56601,0.161871,0.0
5.67945,0.00107574,1.73261,0.167992,0.0
5.68028,0.00110156,2.08247,0.181255,0.0
5.6808,0.00109786,1.53269,0.160171,0.0
5.67966,0.00107736,1.66597,0.164932,0.0
5.68051,0.00110759,1.98251,0.180235,0.0
5.68034,0.00108696,1.93253,0.176494,0.0
5.67826,0.0010387,1.53269,0.15847,0.0
5.67883,0.00105356,1.58267,0.160851,0.0
5.68035,0.00107684,1.86589,0.175474,0.0
5.6812,0.00103585,1.64931,0.165612,0.0
5.6793,0.00108138,1.86589,0.173773,0.0
5.67899,0.0010677,1.59933,0.159831,0.0
5.67878,0.00103702,1.46606,0.15711,0.0
5.67978,0.00102898,1.73261,0.167992,0.0
5.68087,0.00110649,1.86589,0.175474,0.0
5.68004,0.00108625,1.78259,0.170033,0.0
5.67838,0.00105505,1.79925,0.170713,0.0
5.67931,0.00108417,1.71595,0.166972,0.0
5.67964,0.00104513,1.99917,0.182615,0.0
5.67777,0.00104837,1.51603,0.15575,0.0
5.67742,0.00103488,1.54935,0.15745,0.0
5.6786,0.00107847,1.61599,0.164251,0.0
5.67939,0.00101659,1.59933,0.161531,0.0
5.68041,0.0011048,1.69929,0.166292,0.0
5.67924,0.00108644,1.88255,0.177514,0.0
5.67776,0.00105648,1.4494,0.15439,0.0
5.67878,0.00105829,1.98251,0.178874,0.0
5.68051,0.00110266,1.74927,0.170373,0.0
5.68081,0.00110097,1.94919,0.181935,0.0
5.68191,0.00109546,1.83257,0.173773,0.0
5.68045,0.00112393,1.83257,0.177174,0.0
5.67817,0.001052,1.58267,0.159151,0.0
5.67888,0.00103961,1.46606,0.15507,0.0
5.67975,0.00105116,1.53269,0.15847,0.0
5.68002,0.0010522,1.58267,0.159151,0.0
5.6787,0.0010509,1.4494,0.15439,0.0
5.67912,0.00110149,1.94919,0.177514,0.0
5.67979,0.00105648,1.88255,0.174453,0.0
5.67902,0.00111641,1.53269,0.15847,0.0
5.67821,0.0010651,1.66597,0.163231,0.0
5.67733,0.00103488,1.56601,0.161871,0.0
5.67686,0.00101347,1.46606,0.15711,0.0
5.67668,0.00100225,1.53269,0.15677,0.0
5.67647,0.00103507,1.16618,0.139427,0.0
5.6749,0.000994144,1.33278,0.146568,0.0
5.67611,0.000988891,1.31612,0.145548,0.0
5.67809,0.00101166,1.58267,0.159151,0.0
5.67707,0.000977734,1.3661,0.150309,0.0
5.67709,0.000982923,1.56601,0.163571,0.0
5.67993,0.00105654,1.63265,0.166632,0.0
5.68062,0.00109111,1.98251,0.186356,0.0
5.67931,0.00107697,1.4494,0.15609,0.0
5.67806,0.00111362,1.94919,0.177514,0.0
5.67926,0.00106731,1.58267,0.162551,0.0
5.67873,0.00101497,1.71595,0.165612,0.0
5.67777,0.00105764,1.53269,0.15847,0.0
5.67715,0.00100173,1.38276,0.150989,0.0
5.67911,0.00107224,1.94919,0.175814,0.0
5.67899,0.00104545,1.63265,0.164932,0.0
5.67609,0.000970924,1.26614,0.142827,0.0
5.677,0.00103922,1.81591,0.170033,0.0
5.67883,0.00103131,1.56601,0.15847,0.0
5.67605,0.00102658,1.39942,0.152009,0.0
5.67635,0.000983377,1.56601,0.160171,0.0
5.67755,0.00101315,1.49938,0.163911,0.0
5.67749,0.00102833,1.29946,0.144868,0.0
5.67748,0.00105486,1.59933,0.161531,0.0
5.67742,0.00102833,1.58267,0.164251,0.0
5.67783,0.00103799,1.59933,0.159831,0.0
5.67577,0.0010079,1.41608,0.15439,0.0
5.67574,0.00101295,1.51603,0.15779,0.0
5.67706,0.00102119,1.48272,0.159491,0.0
5.67575,0.00101951,1.34944,0.147248,0.0
5.67601,0.00103553,1.59933,0.161531,0.0
5.67709,0.000977734,1.1995,0.139087,0.0
5.67772,0.000992069,1.61599,0.165952,0.0
5.67867,0.00103468,1.71595,0.166972,0.0
5.67782,0.00104934,1.53269,0.160171,0.0
5.67718,0.00102911,1.48272,0.15439,0.0
5.6773,0.000990188,1.4494,0.15439,0.0
5.67604,0.00100841,1.33278,0.146568,0.0
5.6766,0.00100011,1.38276,0.149289,0.0
5.67657,0.000981626,1.53269,0.160171,0.0
5.67436,0.000993431,1.2828,0.145888,0.0
5.67549,0.00100608,1.26614,0.142827,0.0
5.67529,0.000969237,1.13286,0.139427,0.0
5.67498,0.000946406,1.2828,0.151329,0.0
5.67708,0.000990901,1.34944,0.150989,0.0
5.6769,0.00105006,1.63265,0.168332,0.0
5.67516,0.000998814,1.24948,0.142147,0.0
5.67531,0.000968589,1.34944,0.147248,0.0
5.67597,0.00100815,1.63265,0.166632,0.0
5.6766,0.00100835,1.51603,0.15575,0.0
5.67621,0.00101049,1.3661,0.153709,0.0
5.67606,0.000982145,1.54935,0.162891,0.0
5.67551,0.000966189,1.21616,0.142147,0.0
5.67409,0.000950881,1.14952,0.136366,0.0
5.67562,0.000986685,1.38276,0.150989,0.0
5.67758,0.00100906,1.64931,0.165612,0.0
5.67804,0.00103105,1.74927,0.170373,0.0
5.67739,0.00102411,1.31612,0.147588,0.0
5.67446,0.000980199,1.39942,0.152009,0.0
5.67373,0.000961519,1.14952,0.138407,0.0
5.67534,0.000986815,1.13286,0.135346,0.0
5.67486,0.000955746,1.23282,0.146908,0.0
5.6747,0.000994598,1.38276,0.150989,0.0
5.67528,0.000968459,1.09954,0.133646,0.0
5.67543,0.000983637,1.23282,0.144868,0.0
5.67518,0.000977799,1.46606,0.15711,0.0
5.67412,0.000975853,1.1995,0.139087,0.0
5.67431,0.000933498,1.26614,0.144868,0.0
5.67466,0.000926363,1.18284,0.140447,0.0
5.6747,0.000948027,1.4494,0.15609,0.0
5.67554,0.000984545,0.999584,0.127524,0.0
5.67571,0.000927596,1.39942,0.149969,0.0
5.67487,0.00099369,1.49938,0.15507,0.0
5.67626,0.000947249,1.33278,0.146568,0.0
5.67499,0.000943681,1.24948,0.143848,0.0
5.67447,0.000941671,1.33278,0.148268,0.0
5.67504,0.000966513,1.26614,0.144868,0.0
5.67418,0.000910926,1.08288,0.132625,0.0
5.67409,0.000963075,1.29946,0.146568,0.0
5.67464,0.000938752,1.33278,0.146568,0.0
5.67332,0.000942903,1.1162,0.134326,0.0
5.67303,0.000896267,0.899625,0.121063,0.0
5.67388,0.000903272,1.1995,0.139087,0.0
5.67444,0.000955032,1.39942,0.152009,0.0
5.67338,0.000932785,1.1162,0.136366,0.0
5.67246,0.000895164,1.14952,0.138407,0.0
5.67372,0.000928439,1.23282,0.143167,0.0
5.67469,0.00093512,1.34944,0.150989,0.0
5.67406,0.000973064,1.21616,0.140107,0.0
5.67328,0.000930514,1.0329,0.131605,0.0
5.67237,0.000886732,1.1995,0.143167,0.0
5.67319,0.000912807,1.14952,0.136366,0.0
5.67444,0.000943163,1.1162,0.136366,0.0
5.67385,0.000931487,1.21616,0.142147,0.0
5.6736,0.000899964,1.09954,0.133646,0.0
5.67367,0.000949908,1.1162,0.134326,0.0
5.67453,0.000895164,1.06622,0.131605,0.0
5.67462,0.000931293,1.14952,0.136366,0.0
5.67409,0.000918385,1.0329,0.135686,0.0
5.67459,0.000956265,1.29946,0.146568,0.0
5.67397,0.000928698,1.08288,0.132625,0.0
5.67319,0.000901067,1.18284,0.142147,0.0
5.67457,0.000941022,1.14952,0.136366,0.0
5.67516,0.000967745,1.2828,0.145888,0.0
5.67358,0.000929866,1.21616,0.140107,0.0
5.67143,0.000889976,1.0329,0.131605,0.0
5.67283,0.000915142,1.1995,0.141127,0.0
5.67478,0.000952243,1.1995,0.139087,0.0
5.67434,0.000943422,1.33278,0.146568,0.0
5.67306,0.000903013,1.0329,0.131605,0.0
5.67344,0.000920591,1.31612,0.147588,0.0
5.67447,0.000923574,1.09954,0.133646,0.0
5.67291,0.000948027,1.1162,0.136366,0.0
5.67327,0.000902299,1.26614,0.146908,0.0
5.67429,0.000959378,1.0329,0.129565,0.0
5.67444,0.000942838,1.39942,0.152009,0.0
5.67404,0.000948222,1.13286,0.137386,0.0
5.67446,0.000957757,0.932945,0.123104,0.0
5.67307,0.000933044,1.09954,0.139767,0.0
5.67284,0.000923898,1.21616,0.144188,0.0
5.6736,0.00087856,1.06622,0.133646,0.0
5.67287,0.000870906,0.849646,0.117663,0.0
5.67198,0.000886019,1.1162,0.136366,0.0
5.67281,0.000893867,1.06622,0.131605,0.0
5.67408,0.000923185,1.04956,0.130585,0.0
5.67244,0.000912677,1.21616,0.140107,0.0
5.67134,0.000910926,0.949604,0.124464,0.0
5.67118,0.000907099,0.966264,0.127524,0.0
5.672,0.000895943,1.04956,0.130585,0.0
5.67343,0.000903207,1.13286,0.135346,0.0
5.67223,0.000854236,0.866306,0.121063,0.0
5.67196,0.000879792,1.18284,0.140447,0.0
5.67347,0.000944265,1.18284,0.138407,0.0
5.67237,0.000929152,0.982924,0.126504,0.0
5.67113,0.000891727,0.966264,0.131945,0.0
5.67268,0.000925455,1.09954,0.137726,0.0
5.67185,0.000877522,0.816327,0.115282,0.0
5.67131,0.000868636,0.866306,0.121063,0.0
5.67252,0.000855923,0.999584,0.127524,0.0
5.67186,0.000881868,1.06622,0.131605,0.0
5.67153,0.000895489,1.01624,0.128545,0.0
5.67176,0.000845091,0.949604,0.126504,0.0
5.67263,0.000906191,1.13286,0.135346,0.0
5.67224,0.000906775,1.1162,0.136366,0.0
5.67129,0.000875122,1.09954,0.133646,0.0
5.6726,0.00087363,0.982924,0.126504,0.0
5.67283,0.000890559,1.21616,0.140107,0.0
5.67201,0.000866949,0.849646,0.117663,0.0
5.67192,0.000894321,1.23282,0.143167,0.0
5.67107,0.000884981,1.01624,0.128545,0.0
5.67084,0.000856053,0.966264,0.127524,0.0
5.67392,0.000943357,1.14952,0.136366,0.0
5.67372,0.000887705,1.06622,0.131605,0.0
5.67284,0.000944654,1.13286,0.135346,0.0
5.67167,0.000917477,0.949604,0.128545,0.0
5.67198,0.000878754,0.816327,0.117663,0.0
5.67151,0.000853393,1.06622,0.133646,0.0
5.67191,0.000869349,0.899625,0.121063,0.0
5.67092,0.000841718,0.783007,0.113242,0.0
5.67111,0.000835102,0.966264,0.127524,0.0
5.67299,0.000889392,0.932945,0.125484,0.0
5.67335,0.000902818,1.29946,0.144868,0.0
5.67176,0.000867663,0.832986,0.116642,0.0
5.67144,0.000894905,1.06622,0.131605,0.0
5.67181,0.000871749,0.916285,0.122083,0.0
5.67199,0.000899056,1.08288,0.132625,0.0
5.67273,0.000927077,0.932945,0.123104,0.0
5.67197,0.000869609,1.09954,0.133646,0.0
5.6712,0.000864679,0.849646,0.117663,0.0
5.67153,0.000862214,0.882965,0.120043,0.0
5.67066,0.000822584,0.716368,0.110861,0.0
5.67103,0.000857415,0.799667,0.116642,0.0
5.6719,0.000864809,0.916285,0.122083,0.0
5.67214,0.000883424,0.866306,0.118683,0.0
5.67207,0.000919553,1.24948,0.143848,0.0
5.67074,0.000870452,1.06622,0.133646,0.0
5.6703,0.000881284,0.966264,0.125484,0.0
5.67071,0.000832053,0.783007,0.113242,0.0
5.67156,0.000852031,0.916285,0.122083,0.0
5.67202,0.000851901,0.866306,0.123444,0.0
5.67151,0.000858517,0.832986,0.116642,0.0
5.67126,0.000881349,1.08288,0.132625,0.0
5.67146,0.000890365,1.09954,0.133646,0.0
5.67138,0.000915402,0.966264,0.125484,0.0
5.67101,0.000845934,0.849646,0.117663,0.0
5.67132,0.000864614,0.882965,0.120043,0.0
5.67198,0.000857869,0.966264,0.127524,0.0
5.67163,0.000848334,0.949604,0.126504,0.0
5.67108,0.0008951,0.783007,0.115622,0.0
5.67078,0.000865912,0.966264,0.129565,0.0
5.6706,0.000807146,0.816327,0.115282,0.0
5.67228,0.000888159,1.31612,0.145548,0.0
5.67188,0.000856182,0.699708,0.107121,0.0
5.67023,0.00083361,0.832986,0.116642,0.0
5.67014,0.000809287,0.783007,0.113242,0.0
5.67086,0.000855144,0.966264,0.127524,0.0
5.67009,0.000827578,0.866306,0.118683,0.0
5.67115,0.000881673,0.816327,0.117663,0.0
5.66954,0.00085962,0.832986,0.116642,0.0
5.669,0.000832572,0.766347,0.111881,0.0
5.67097,0.00084068,0.999584,0.129565,0.0
5.67124,0.000864874,1.0329,0.129565,0.0
5.67024,0.000855469,0.799667,0.116642,0.0
5.67046,0.000866495,0.849646,0.117663,0.0
5.6704,0.000881219,0.866306,0.121063,0.0
5.66939,0.00075584,0.58309,0.0979388,0.0
5.66968,0.000830691,0.866306,0.121063,0.0
5.67103,0.000898797,0.949604,0.126504,0.0
5.66985,0.000851253,0.749688,0.110861,0.0
5.67022,0.000878171,0.899625,0.121063,0.0
5.67269,0.000908072,1.26614,0.142827,0.0
5.67243,0.000884462,0.949604,0.124464,0.0
5.67029,0.000833286,0.799667,0.114262,0.0
5.67032,0.000813438,0.916285,0.122083,0.0
5.67146,0.000896721,1.06622,0.135686,0.0
5.67078,0.000884008,0.899625,0.121063,0.0
5.67023,0.000845545,0.849646,0.120043,0.0
5.6707,0.000854496,0.949604,0.126504,0.0
5.67059,0.000823038,0.899625,0.121063,0.0
5.67011,0.00083588,0.849646,0.120043,0.0
5.66954,0.000805265,0.749688,0.110861,0.0
5.67058,0.000819535,0.799667,0.114262,0.0
5.67153,0.000843534,0.982924,0.126504,0.0
5.66997,0.000828551,0.63307,0.10474,0.0
5.67043,0.000857609,0.982924,0.128545,0.0
5.67075,0.000851901,0.866306,0.118683,0.0
5.66963,0.000816032,0.649729,0.10338,0.0
5.66854,0.000782564,0.63307,0.10474,0.0
5.66944,0.000811103,0.849646,0.122423,0.0
5.66906,0.000762262,0.63307,0.10202,0.0
5.66954,0.000830951,0.766347,0.111881,0.0
5.67056,0.000842756,0.916285,0.122083,0.0
5.67049,0.000819859,0.866306,0.118683,0.0
5.66982,0.000856182,0.749688,0.110861,0.0
5.66975,0.000834648,0.799667,0.116642,0.0
5.66973,0.00083134,0.832986,0.116642,0.0
5.67113,0.000839318,0.932945,0.125484,0.0
5.67101,0.000838994,0.866306,0.121063,0.0
5.66953,0.000804617,0.899625,0.121063,0.0
5.67016,0.000796833,0.749688,0.110861,0.0
5.67061,0.000804098,0.783007,0.113242,0.0
5.67035,0.000828551,0.58309,0.0979388,0.0
5.66979,0.000834648,0.799667,0.116642,0.0
5.67024,0.000817005,0.832986,0.116642,0.0
5.66941,0.000818886,0.733028,0.109501,0.0
5.67077,0.000822843,0.949604,0.124464,0.0
5.67115,0.000838799,0.916285,0.122083,0.0
5.67053,0.000827254,0.716368,0.108141,0.0
5.67016,0.000822843,0.866306,0.118683,0.0
5.67072,0.000825697,0.932945,0.125484,0.0
5.67014,0.000816681,0.716368,0.108141,0.0
5.6704,0.000849307,0.849646,0.117663,0.0
5.67029,0.000836594,0.916285,0.122083,0.0
5.66939,0.00080066,0.683049,0.10576,0.0
5.66792,0.00078211,0.61641,0.100659,0.0
5.66828,0.000797741,0.749688,0.110861,0.0
5.66906,0.000795925,0.666389,0.1044,0.0
5.67054,0.000828227,0.932945,0.123104,0.0
5.66883,0.000785093,0.699708,0.109501,0.0
5.66781,0.000773029,0.666389,0.1044,0.0
5.66975,0.000808768,0.783007,0.118003,0.0
5.6699,0.000826605,0.949604,0.124464,0.0
5.66908,0.000834194,0.716368,0.108141,0.0
5.6691,0.000789309,0.749688,0.110861,0.0
5.66881,0.00078172,0.799667,0.114262,0.0
5.66949,0.000805525,0.716368,0.108141,0.0
5.66998,0.000814476,0.749688,0.110861,0.0
5.66936,0.000827383,0.866306,0.121063,0.0
5.66949,0.000821027,0.783007,0.113242,0.0
5.67034,0.000826281,0.866306,0.118683,0.0
5.66981,0.000806498,0.716368,0.108141,0.0
5.67073,0.000834389,0.982924,0.126504,0.0
5.66941,0.000833221,0.766347,0.111881,0.0
5.6681,0.000762716,0.733028,0.111881,0.0
5.66948,0.000808444,0.966264,0.125484,0.0
5.67017,0.00083348,0.649729,0.10338,0.0
5.66807,0.000763494,0.59975,0.099299,0.0
5.6686,0.000762845,0.733028,0.109501,0.0
5.67026,0.00078412,0.832986,0.116642,0.0
5.66894,0.000773159,0.649729,0.10338,0.0
5.66761,0.000806303,0.799667,0.116642,0.0
5.66888,0.000780812,0.566431,0.0965785,0.0
5.66799,0.000772315,0.699708,0.107121,0.0
5.66877,0.000804876,0.716368,0.110861,0.0
5.66947,0.00077718,0.683049,0.10576,0.0
5.67001,0.000833286,0.649729,0.10338,0.0
5.66891,0.000784574,0.716368,0.113242,0.0
5.66791,0.000772445,0.832986,0.119023,0.0
5.66878,0.000778153,0.649729,0.10338,0.0
5.66945,0.00078438,0.766347,0.111881,0.0
5.66884,0.000812919,0.783007,0.115622,0.0
5.66876,0.000794563,0.61641,0.100659,0.0
5.66971,0.000799103,0.733028,0.111881,0.0
5.66897,0.000800336,0.566431,0.099299,0.0
5.66805,0.000749095,0.566431,0.0965785,0.0
5.66791,0.000784185,0.566431,0.0965785,0.0
5.66899,0.000792682,0.749688,0.110861,0.0
5.66948,0.000806173,0.749688,0.113242,0.0
5.66923,0.000802152,0.58309,0.0979388,0.0
5.66911,0.000798066,0.783007,0.115622,0.0
5.66807,0.000787623,0.58309,0.0979388,0.0
5.66818,0.000809222,0.533111,0.0935179,0.0
5.66857,0.000782174,0.666389,0.1044,0.0
5.66874,0.00081707,0.949604,0.124464,0.0
5.6694,0.000819795,0.63307,0.10202,0.0
5.66851,0.00077024,0.566431,0.0965785,0.0
5.66793,0.000780553,0.816327,0.115282,0.0
5.66931,0.000797222,0.766347,0.114262,0.0
5.66959,0.000808833,0.783007,0.113242,0.0
5.66812,0.000780034,0.499792,0.0907974,0.0
5.66892,0.000733917,0.666389,0.107121,0.0
5.6697,0.000765829,0.63307,0.10202,0.0
5.66808,0.000745138,0.549771,0.0952183,0.0
5.66883,0.000788985,0.566431,0.0965785,0.0
5.66951,0.000754478,0.566431,0.099299,0.0
5.66846,0.000791969,0.733028,0.109501,0.0
5.66845,0.00076064,0.499792,0.0907974,0.0
5.66798,0.000745787,0.61641,0.100659,0.0
5.66778,0.000776596,0.59975,0.099299,0.0
5.66806,0.000779774,0.666389,0.1044,0.0
5.66742,0.000786585,0.59975,0.099299,0.0
5.66817,0.000771083,0.59975,0.099299,0.0
5.66752,0.000762327,0.533111,0.0935179,0.0
5.66752,0.000752467,0.783007,0.115622,0.0
5.66815,0.000784315,0.58309,0.0979388,0.0
5.66827,0.000745657,0.666389,0.1044,0.0
5.66856,0.000770045,0.499792,0.0907974,0.0
5.66893,0.000763105,0.749688,0.110861,0.0
5.66873,0.000788985,0.733028,0.109501,0.0
5.66803,0.000783991,0.649729,0.10338,0.0
5.66801,0.000782174,0.716368,0.108141,0.0
5.66875,0.000825502,0.866306,0.118683,0.0
5.6671,0.000766218,0.449813,0.0860365,0.0
5.66717,0.000759732,0.566431,0.0965785,0.0
5.66822,0.000768748,0.666389,0.1044,0.0
5.66828,0.000765829,0.516451,0.0921577,0.0
5.6679,0.000734501,0.59975,0.10202,0.0
5.6689,0.000789698,0.832986,0.119023,0.0
5.66771,0.000743257,0.416493,0.0829759,0.0
5.66838,0.000779256,0.783007,0.115622,0.0
5.66967,0.000802152,0.783007,0.113242,0.0
5.66801,0.000728793,0.466472,0.0877368,0.0
5.6671,0.000744165,0.499792,0.093858,0.0
5.66856,0.000750846,0.666389,0.1044,0.0
5.66754,0.000751559,0.466472,0.0877368,0.0
5.66661,0.000724252,0.449813,0.0860365,0.0
5.66738,0.000731776,0.549771,0.0952183,0.0
5.66767,0.000747343,0.666389,0.1044,0.0
5.66833,0.000774261,0.63307,0.10202,0.0
5.66727,0.000757267,0.516451,0.0952183,0.0
5.66687,0.000738327,0.483132,0.0890971,0.0
5.66755,0.000740403,0.61641,0.10338,0.0
5.66806,0.000763105,0.549771,0.0952183,0.0
5.66867,0.000757786,0.63307,0.10202,0.0
5.66815,0.000743906,0.683049,0.10576,0.0
5.66733,0.000754867,0.716368,0.110861,0.0
5.66674,0.000766607,0.399833,0.0812756,0.0
5.66785,0.000762845,0.783007,0.113242,0.0
5.66897,0.000786196,0.683049,0.10576,0.0
5.66868,0.000770694,0.549771,0.0952183,0.0
5.66802,0.000774391,0.59975,0.099299,0.0
5.66879,0.000772445,0.533111,0.0935179,0.0
5.66884,0.000784185,0.733028,0.109501,0.0
5.6685,0.000776726,0.649729,0.10338,0.0
5.66701,0.000751559,0.466472,0.0877368,0.0
5.66683,0.000727171,0.366514,0.0778749,0.0
5.66675,0.000718869,0.566431,0.0965785,0.0
5.66692,0.000719193,0.416493,0.0829759,0.0
5.66763,0.000727041,0.433153,0.0843362,0.0
5.6683,0.000719647,0.499792,0.0907974,0.0
5.66698,0.000777439,0.566431,0.0965785,0.0
5.66718,0.00074436,0.61641,0.100659,0.0
5.66657,0.000725939,0.549771,0.0952183,0.0
5.66733,0.000761678,0.666389,0.1044,0.0
5.66761,0.000759083,0.516451,0.0921577,0.0
5.66631,0.000742089,0.666389,0.1044,0.0
5.66705,0.000738717,0.59975,0.099299,0.0
5.66741,0.000736771,0.499792,0.0907974,0.0
5.66712,0.000740403,0.483132,0.0890971,0.0
5.66762,0.000697205,0.399833,0.0812756,0.0
5.66759,0.000769007,0.683049,0.10576,0.0
5.66808,0.000778153,0.63307,0.10202,0.0
5.66677,0.000720036,0.333195,0.0741342,0.0
5.66808,0.000752792,0.499792,0.0907974,0.0
5.66867,0.00076077,0.683049,0.10576,0.0
5.66763,0.000760056,0.58309,0.0979388,0.0
5.66799,0.00073476,0.666389,0.1044,0.0
5.66828,0.000763429,0.533111,0.0935179,0.0
5.66657,0.000720555,0.483132,0.0890971,0.0
5.66754,0.000761548,0.533111,0.0935179,0.0
5.66804,0.000748316,0.666389,0.1044,0.0
5.66711,0.000769072,0.499792,0.0907974,0.0
5.66656,0.00071595,0.366514,0.0778749,0.0
5.66645,0.000718415,0.466472,0.0877368,0.0
5.66757,0.000732684,0.61641,0.10338,0.0
5.66876,0.000757462,0.63307,0.10202,0.0
5.66683,0.000767191,0.733028,0.111881,0.0
5.66616,0.000721139,0.433153,0.0843362,0.0
5.66757,0.000705961,0.449813,0.0860365,0.0
5.66707,0.000721917,0.516451,0.0921577,0.0
5.66616,0.000757851,0.483132,0.0921577,0.0
5.6672,0.000711734,0.499792,0.0907974,0.0
5.66628,0.000696297,0.416493,0.0829759,0.0
5.66636,0.000720815,0.483132,0.0890971,0.0
5.66665,0.000720944,0.566431,0.0965785,0.0
5.66696,0.000709075,0.366514,0.0778749,0.0
5.66624,0.000707518,0.499792,0.0907974,0.0
5.6666,0.000722566,0.533111,0.0935179,0.0
5.66698,0.00073956,0.516451,0.0952183,0.0
5.66704,0.000745333,0.483132,0.0890971,0.0
5.66788,0.000739106,0.59975,0.099299,0.0
5.66763,0.000767775,0.59975,0.099299,0.0
5.66708,0.000743387,0.466472,0.0877368,0.0
5.66802,0.000767191,0.59975,0.099299,0.0
5.66856,0.000708685,0.433153,0.0843362,0.0
5.66699,0.000731582,0.499792,0.0907974,0.0
5.66574,0.000707842,0.533111,0.0935179,0.0
5.66644,0.000699151,0.433153,0.0843362,0.0
5.66788,0.000762845,0.516451,0.0952183,0.0
5.66729,0.000735084,0.61641,0.100659,0.0
5.66625,0.000740598,0.433153,0.0843362,0.0
5.66689,0.000716599,0.61641,0.100659,0.0
5.66742,0.000715301,0.566431,0.0965785,0.0
5.66624,0.000735603,0.466472,0.0907974,0.0
5.66635,0.000703237,0.58309,0.0979388,0.0
5.66617,0.000712512,0.366514,0.0778749,0.0
5.66648,0.00070408,0.63307,0.10202,0.0
5.66625,0.000749159,0.549771,0.0952183,0.0
5.66686,0.000736771,0.533111,0.0935179,0.0
5.666,0.00071115,0.516451,0.0921577,0.0
5.66624,0.000690589,0.383174,0.0795753,0.0
5.66651,0.000697659,0.399833,0.0812756,0.0
5.66554,0.000704923,0.416493,0.0829759,0.0
5.6661,0.000686243,0.416493,0.0829759,0.0
5.66669,0.000690848,0.349854,0.0761746,0.0
5.66577,0.000695972,0.266556,0.0663127,0.0
5.66739,0.000726977,0.433153,0.0843362,0.0
5.66877,0.000743581,0.499792,0.0907974,0.0
5.66693,0.00074676,0.483132,0.0890971,0.0
5.66626,0.000725809,0.466472,0.0877368,0.0
5.66721,0.000731906,0.499792,0.0907974,0.0
5.66615,0.000707129,0.316535,0.0724339,0.0
5.6654,0.00068754,0.383174,0.0795753,0.0
5.6664,0.000701097,0.433153,0.0843362,0.0
5.6671,0.000713874,0.483132,0.0890971,0.0
5.66788,0.00073969,0.58309,0.0979388,0.0
5.66875,0.000766867,0.566431,0.0965785,0.0
5.66708,0.000713226,0.416493,0.0829759,0.0
5.66626,0.000722696,0.416493,0.0829759,0.0
5.66646,0.000707453,0.383174,0.0795753,0.0
5.6668,0.00073703,0.483132,0.0890971,0.0
5.66713,0.000734501,0.566431,0.099299,0.0
5.66774,0.000751689,0.58309,0.0979388,0.0
5.666,0.000686048,0.349854,0.0761746,0.0
5.6654,0.000665617,0.366514,0.0778749,0.0
5.66527,0.000675087,0.299875,0.0703935,0.0
5.66516,0.000710048,0.549771,0.0952183,0.0
5.66551,0.000728339,0.366514,0.0778749,0.0
5.66494,0.000710437,0.416493,0.0860365,0.0
5.6656,0.000692924,0.516451,0.0921577,0.0
5.66733,0.000748511,0.549771,0.0979388,0.0
5.66599,0.00073716,0.58309,0.0979388,0.0
5.66586,0.000702005,0.333195,0.0741342,0.0
5.6652,0.000689875,0.449813,0.0860365,0.0
5.66686,0.000686503,0.399833,0.0846762,0.0
5.66662,0.000700253,0.466472,0.0877368,0.0
5.66611,0.000701875,0.449813,0.0860365,0.0
5.66648,0.000718285,0.483132,0.0890971,0.0
5.66739,0.00073249,0.533111,0.0935179,0.0
5.66704,0.000735733,0.516451,0.0921577,0.0
5.66665,0.00075811,0.63307,0.10202,0.0
5.6665,0.000734306,0.433153,0.0843362,0.0
5.66584,0.000712318,0.466472,0.0877368,0.0
5.6657,0.000690719,0.249896,0.0642723,0.0
5.66585,0.000677552,0.366514,0.0778749,0.0
5.66595,0.000699345,0.499792,0.0907974,0.0
5.66727,0.000696816,0.416493,0.0829759,0.0
5.66624,0.000685789,0.399833,0.0812756,0.0
5.66545,0.000712123,0.483132,0.0890971,0.0
5.66513,0.000670871,0.249896,0.0642723,0.0
5.66697,0.000687411,0.516451,0.0921577,0.0
5.66718,0.000710177,0.416493,0.0829759,0.0
5.6668,0.000728598,0.483132,0.0890971,0.0
5.66672,0.000711669,0.399833,0.0812756,0.0
5.66746,0.000717572,0.483132,0.0890971,0.0
5.66626,0.000699994,0.333195,0.0741342,0.0
5.66529,0.000730155,0.316535,0.0724339,0.0
5.66626,0.000701615,0.399833,0.0812756,0.0
5.6661,0.000678719,0.416493,0.0829759,0.0
5.66545,0.000674957,0.349854,0.0761746,0.0
5.66592,0.000669509,0.283215,0.0683531,0.0
5.66696,0.000697529,0.533111,0.0935179,0.0
5.66673,0.000685011,0.266556,0.0663127,0.0
5.66554,0.000662374,0.299875,0.0703935,0.0
5.66645,0.000695259,0.383174,0.0795753,0.0
5.66636,0.000744489,0.349854,0.0795753,0.0
5.66577,0.00069941,0.433153,0.0843362,0.0
5.66642,0.000708426,0.366514,0.0778749,0.0
5.66582,0.000708815,0.516451,0.0921577,0.0
5.66572,0.000684751,0.366514,0.0778749,0.0
5.66519,0.0006782,0.283215,0.0683531,0.0
5.66654,0.000691886,0.349854,0.0761746,0.0
5.66666,0.000703432,0.333195,0.0741342,0.0
5.66561,0.000681703,0.266556,0.0663127,0.0
5.66585,0.000692405,0.483132,0.0890971,0.0
5.66644,0.000671844,0.316535,0.0724339,0.0
5.66628,0.000674308,0.283215,0.0683531,0.0
5.66534,0.000676773,0.349854,0.0761746,0.0
5.66563,0.000673076,0.399833,0.0812756,0.0
5.66538,0.000679497,0.349854,0.0761746,0.0
5.66571,0.00072088,0.349854,0.0761746,0.0
5.6652,0.000675022,0.449813,0.0860365,0.0
5.66549,0.000651282,0.133278,0.046929,0.0
5.66579,0.000656601,0.366514,0.0778749,0.0
5.66641,0.000672233,0.383174,0.0795753,0.0
5.66691,0.000686178,0.483132,0.0890971,0.0
5.66535,0.000705377,0.499792,0.0907974,0.0
5.66541,0.000706934,0.333195,0.0741342,0.0
5.66509,0.000683843,0.333195,0.0778749,0.0
5.66516,0.000679627,0.383174,0.0795753,0.0
5.66778,0.000728728,0.466472,0.0877368,0.0
5.66699,0.000733528,0.383174,0.0795753,0.0
5.66447,0.000657963,0.399833,0.0812756,0.0
5.6656,0.000700707,0.399833,0.0812756,0.0
5.66548,0.000699151,0.349854,0.0761746,0.0
5.66376,0.000672427,0.433153,0.0843362,0.0
5.66589,0.00069461,0.466472,0.0877368,0.0
5.66554,0.000673919,0.483132,0.0921577,0.0
5.66396,0.000676189,0.299875,0.0703935,0.0
5.66522,0.00066633,0.349854,0.0761746,0.0
5.66619,0.000720036,0.483132,0.0890971,0.0
5.66569,0.000694935,0.366514,0.0778749,0.0
5.66624,0.000707194,0.516451,0.0921577,0.0
5.66576,0.00070661,0.433153,0.0843362,0.0
5.66611,0.000717507,0.433153,0.0843362,0.0
5.66554,0.000672492,0.266556,0.0663127,0.0
5.66522,0.000649207,0.266556,0.0663127,0.0
5.66554,0.000679822,0.399833,0.0812756,0.0
5.6668,0.000712966,0.499792,0.0907974,0.0
5.6676,0.000721074,0.516451,0.0921577,0.0
5.66668,0.000729182,0.449813,0.0860365,0.0
5.66543,0.000666655,0.349854,0.0761746,0.0
5.66573,0.00068073,0.449813,0.0860365,0.0
5.66635,0.000686827,0.266556,0.0663127,0.0
5.66562,0.000683519,0.299875,0.0703935,0.0
5.66536,0.000652125,0.316535,0.0724339,0.0
5.6655,0.0006806,0.383174,0.0795753,0.0
5.66498,0.000651801,0.249896,0.0642723,0.0
5.66509,0.000684297,0.349854,0.0761746,0.0
5.66495,0.000673335,0.299875,0.0703935,0.0
5.66524,0.000675281,0.383174,0.0795753,0.0
5.66505,0.000700837,0.433153,0.0843362,0.0
5.66521,0.000665682,0.249896,0.0642723,0.0
5.66478,0.000685659,0.349854,0.0761746,0.0
5.6654,0.000695713,0.333195,0.0741342,0.0
5.66539,0.000659066,0.316535,0.0724339,0.0
5.66436,0.000684881,0.283215,0.0683531,0.0
5.66553,0.00066166,0.416493,0.0860365,0.0
5.66607,0.000696167,0.366514,0.0778749,0.0
5.66586,0.000655498,0.366514,0.0778749,0.0
5.66561,0.000679108,0.366514,0.0778749,0.0
5.66569,0.000680081,0.333195,0.0741342,0.0
5.66599,0.000695843,0.333195,0.0741342,0.0
5.66469,0.000673919,0.399833,0.0812756,0.0
5.66508,0.000681638,0.366514,0.0778749,0.0
5.66629,0.000714264,0.449813,0.0860365,0.0
5.66535,0.000667498,0.216576,0.0598515,0.0
5.6641,0.000674698,0.433153,0.0843362,0.0
5.66476,0.000639737,0.233236,0.0622319,0.0
5.66581,0.000700059,0.483132,0.0890971,0.0
5.66617,0.000683973,0.383174,0.0795753,0.0
5.66493,0.00065725,0.283215,0.0683531,0.0
5.66435,0.000656147,0.366514,0.0778749,0.0
5.66454,0.000652255,0.299875,0.0703935,0.0
5.66506,0.000656601,0.233236,0.0622319,0.0
5.66653,0.000708102,0.366514,0.0778749,0.0
5.6652,0.00065485,0.199917,0.057471,0.0
5.66505,0.000686438,0.366514,0.0778749,0.0
5.66533,0.000622808,0.166597,0.0527101,0.0
5.66434,0.000663476,0.249896,0.0642723,0.0
5.66399,0.000688773,0.349854,0.0761746,0.0
5.66471,0.000650115,0.399833,0.0812756,0.0
5.66513,0.000643239,0.216576,0.0598515,0.0
5.66556,0.000667433,0.483132,0.0890971,0.0
5.66651,0.000681119,0.316535,0.0724339,0.0
5.66513,0.000643629,0.183257,0.0550906,0.0
5.66519,0.00067113,0.349854,0.0761746,0.0
5.66604,0.000689097,0.383174,0.0795753,0.0
5.66632,0.000693767,0.399833,0.0812756,0.0
5.66591,0.000648947,0.316535,0.0724339,0.0
5.6652,0.000661985,0.449813,0.0860365,0.0
5.66598,0.000673335,0.383174,0.0795753,0.0
5.66449,0.000641683,0.266556,0.0663127,0.0
5.66468,0.000651347,0.366514,0.0778749,0.0
5.6656,0.000690524,0.366514,0.0778749,0.0
5.66406,0.000657379,0.299875,0.0703935,0.0
5.66376,0.000649855,0.283215,0.0683531,0.0
5.66425,0.000634094,0.249896,0.0642723,0.0
5.66459,0.000663152,0.249896,0.0642723,0.0
5.6645,0.000647585,0.266556,0.0663127,0.0
5.66574,0.000646028,0.366514,0.0778749,0.0
5.66541,0.000650115,0.383174,0.0829759,0.0
5.66502,0.000641553,0.149938,0.0499896,0.0
5.66474,0.000635067,0.316535,0.0761746,0.0
5.6651,0.000641034,0.349854,0.0761746,0.0
5.66452,0.000673076,0.333195,0.0741342,0.0
5.66508,0.000682157,0.266556,0.0663127,0.0
5.66451,0.000640775,0.216576,0.0598515,0.0
5.66454,0.000630721,0.283215,0.0683531,0.0
5.66514,0.000637337,0.316535,0.0724339,0.0
5.66622,0.000705183,0.383174,0.0795753,0.0
5.66538,0.000657055,0.249896,0.0642723,0.0
5.66432,0.000657639,0.349854,0.0761746,0.0
5.66506,0.000646418,0.266556,0.0663127,0.0
5.66447,0.000634159,0.249896,0.0642723,0.0
5.66487,0.000652904,0.399833,0.0812756,0.0
5.66576,0.00065472,0.183257,0.0550906,0.0
5.66498,0.000655109,0.266556,0.0663127,0.0
5.665,0.000658936,0.316535,0.0724339,0.0
5.66454,0.000644991,0.249896,0.0642723,0.0
5.66428,0.00064752,0.283215,0.0683531,0.0
5.66491,0.000630202,0.233236,0.0622319,0.0
5.66524,0.000667368,0.366514,0.0778749,0.0
5.66447,0.000673465,0.266556,0.0663127,0.0
5.66436,0.000637467,0.183257,0.0550906,0.0
5.66515,0.00064778,0.349854,0.0761746,0.0
5.66447,0.000667692,0.349854,0.0761746,0.0
5.66348,0.000644731,0.133278,0.046929,0.0
5.66367,0.000627932,0.299875,0.0703935,0.0
5.6639,0.000639931,0.283215,0.0683531,0.0
5.66476,0.000637791,0.233236,0.0622319,0.0
5.66461,0.000653682,0.166597,0.0527101,0.0
5.66391,0.000639996,0.283215,0.0683531,0.0
5.6645,0.000653812,0.299875,0.0741342,0.0
5.66494,0.000643045,0.266556,0.0663127,0.0
5.66405,0.000668146,0.366514,0.0778749,0.0
5.66517,0.000658287,0.233236,0.0622319,0.0
5.66549,0.000670806,0.416493,0.0829759,0.0
5.66557,0.000660233,0.316535,0.0724339,0.0
5.66582,0.00064765,0.216576,0.0598515,0.0
5.66568,0.000644277,0.233236,0.0622319,0.0
5.66582,0.000672881,0.399833,0.0812756,0.0
5.66557,0.000639348,0.266556,0.0663127,0.0
5.66487,0.000620148,0.0832986,0.0370671,0.0
5.66471,0.000638115,0.333195,0.0741342,0.0
5.66557,0.000657769,0.266556,0.0663127,0.0
5.66481,0.000644861,0.349854,0.0761746,0.0
5.66448,0.000667238,0.399833,0.0846762,0.0
5.66408,0.000622613,0.283215,0.0683531,0.0
5.66465,0.000624883,0.216576,0.0598515,0.0
5.66477,0.00065472,0.299875,0.0703935,0.0
5.66424,0.000645769,0.249896,0.0642723,0.0
5.6635,0.000626699,0.199917,0.057471,0.0
5.66379,0.000644342,0.333195,0.0741342,0.0
5.66413,0.000644277,0.183257,0.0550906,0.0
5.66434,0.00061924,0.249896,0.0642723,0.0
5.66407,0.000630202,0.233236,0.0622319,0.0
5.66413,0.000640904,0.283215,0.0683531,0.0
5.66474,0.000664125,0.333195,0.0741342,0.0
5.66433,0.000650828,0.249896,0.0642723,0.0
5.66461,0.000622613,0.249896,0.0642723,0.0
5.66549,0.000620602,0.249896,0.0642723,0.0
5.66498,0.000662633,0.316535,0.0724339,0.0
5.66426,0.00064778,0.249896,0.0642723,0.0
5.66478,0.000650958,0.283215,0.0683531,0.0
5.66554,0.000692664,0.216576,0.0598515,0.0
5.6653,0.000607695,0.216576,0.0598515,0.0
5.66473,0.000641748,0.249896,0.0642723,0.0
5.66439,0.000629489,0.349854,0.0761746,0.0
5.66355,0.000653877,0.316535,0.0724339,0.0
5.66386,0.00063111,0.116618,0.0438684,0.0
5.66602,0.000708945,0.483132,0.0890971,0.0
5.66476,0.000670027,0.333195,0.0741342,0.0
5.66433,0.000665228,0.249896,0.0642723,0.0
5.66471,0.000640515,0.299875,0.0741342,0.0
5.66396,0.000643888,0.183257,0.0598515,0.0
5.66356,0.000642137,0.333195,0.0741342,0.0
5.66421,0.000654525,0.299875,0.0703935,0.0
5.66411,0.000625467,0.0999584,0.0408078,0.0
5.66339,0.000620667,0.249896,0.0642723,0.0
5.66508,0.000638699,0.316535,0.0724339,0.0
5.66347,0.000614895,0.183257,0.0550906,0.0
5.66311,0.000608733,0.166597,0.0527101,0.0
5.66423,0.000610354,0.299875,0.0703935,0.0
5.66381,0.000618138,0.233236,0.0622319,0.0
5.66436,0.0006027,0.183257,0.0550906,0.0
5.66485,0.00061937,0.283215,0.0683531,0.0
5.66441,0.000659779,0.383174,0.0795753,0.0
5.66494,0.000680665,0.483132,0.0890971,0.0
5.66538,0.000665357,0.283215,0.0683531,0.0
5.66503,0.000658871,0.333195,0.0741342,0.0
5.66505,0.000644731,0.249896,0.0642723,0.0
5.66476,0.000652904,0.183257,0.0550906,0.0
5.66368,0.000634678,0.233236,0.0622319,0.0
5.66527,0.000649077,0.283215,0.0683531,0.0
5.66484,0.000646807,0.249896,0.0642723,0.0
5.66448,0.00062897,0.249896,0.0642723,0.0
5.66422,0.000616516,0.299875,0.0703935,0.0
5.66458,0.000626245,0.333195,0.0741342,0.0
5.66411,0.000641293,0.249896,0.0642723,0.0
5.66459,0.000639737,0.316535,0.0724339,0.0
5.66407,0.000666201,0.316535,0.0724339,0.0
5.66464,0.000655887,0.199917,0.057471,0.0
5.66365,0.000626116,0.133278,0.046929,0.0
5.66421,0.000621316,0.283215,0.0683531,0.0
5.66495,0.000632407,0.233236,0.0622319,0.0
5.6647,0.000674114,0.266556,0.0744743,0.0
5.66463,0.000640645,0.233236,0.0622319,0.0
5.66434,0.000612559,0.216576,0.0598515,0.0
5.66439,0.000640775,0.199917,0.057471,0.0
5.6648,0.000630591,0.199917,0.057471,0.0
5.66483,0.000637337,0.266556,0.0663127,0.0
5.66451,0.000626116,0.316535,0.0724339,0.0
5.6644,0.000630461,0.216576,0.0598515,0.0
5.66421,0.00064071,0.233236,0.0622319,0.0
5.6642,0.000620213,0.249896,0.0642723,0.0
5.66484,0.0006243,0.166597,0.0527101,0.0
5.6645,0.000646677,0.233236,0.0622319,0.0
5.66425,0.000650634,0.299875,0.0703935,0.0
5.66413,0.000641877,0.249896,0.0642723,0.0
5.66443,0.000642461,0.249896,0.0642723,0.0
5.66327,0.000611133,0.249896,0.0642723,0.0
5.6636,0.000646872,0.316535,0.0724339,0.0
5.66375,0.00064538,0.283215,0.0683531,0.0
5.66345,0.000629683,0.149938,0.0499896,0.0
5.66347,0.000611392,0.133278,0.046929,0.0
5.66379,0.000630656,0.249896,0.0642723,0.0
5.66454,0.000645769,0.299875,0.0703935,0.0
5.66495,0.000662763,0.249896,0.0642723,0.0
5.66468,0.000645704,0.299875,0.0703935,0.0
5.66407,0.000632991,0.233236,0.0622319,0.0
5.66432,0.00064071,0.266556,0.0663127,0.0
5.66519,0.000658547,0.283215,0.0683531,0.0
5.66471,0.000629489,0.249896,0.0642723,0.0
5.66457,0.000601468,0.216576,0.0598515,0.0
5.66562,0.000630851,0.283215,0.0683531,0.0
5.66586,0.000654266,0.266556,0.0663127,0.0
5.66449,0.000637402,0.199917,0.057471,0.0
5.66459,0.000653423,0.233236,0.0622319,0.0
5.66437,0.000628126,0.233236,0.0622319,0.0
5.66562,0.000660493,0.249896,0.0642723,0.0
5.66445,0.000632861,0.116618,0.0438684,0.0
5.66445,0.000639218,0.333195,0.0741342,0.0
5.66365,0.000651801,0.199917,0.057471,0.0
5.66449,0.000666201,0.333195,0.0741342,0.0
5.66386,0.000609122,0.0666389,0.0333264,0.0
5.66332,0.000628905,0.199917,0.057471,0.0
5.66379,0.000638699,0.316535,0.0724339,0.0
5.66459,0.000653163,0.333195,0.0741342,0.0
5.66414,0.000627737,0.199917,0.057471,0.0
5.66312,0.000627348,0.233236,0.0622319,0.0
5.66419,0.000662568,0.333195,0.0741342,0.0
5.66454,0.000649077,0.383174,0.0795753,0.0
5.66484,0.000639607,0.233236,0.0622319,0.0
5.66473,0.000622159,0.216576,0.0598515,0.0
5.66441,0.000625208,0.149938,0.0499896,0.0
5.66451,0.00063124,0.216576,0.0598515,0.0
5.66485,0.000651023,0.366514,0.0778749,0.0
5.66482,0.000621056,0.183257,0.0550906,0.0
5.6642,0.000631175,0.166597,0.0527101,0.0
5.66451,0.000619694,0.166597,0.0527101,0.0
5.66459,0.000614895,0.149938,0.0499896,0.0
5.66456,0.000644666,0.233236,0.0663127,0.0
5.66482,0.000618397,0.283215,0.0683531,0.0
5.66413,0.000646223,0.183257,0.0550906,0.0
5.66388,0.000618786,0.199917,0.057471,0.0
5.6646,0.000639802,0.366514,0.0778749,0.0
5.66526,0.000648558,0.249896,0.0642723,0.0
5.66373,0.000639802,0.333195,0.0741342,0.0
5.66329,0.000639348,0.333195,0.0741342,0.0
5.66398,0.000606138,0.183257,0.0550906,0.0
5.66407,0.000636494,0.249896,0.0642723,0.0
5.6635,0.000616127,0.216576,0.0598515,0.0
5.66378,0.000655823,0.266556,0.0663127,0.0
5.66435,0.000659779,0.233236,0.0622319,0.0
5.66406,0.000643758,0.199917,0.057471,0.0
5.66359,0.000613143,0.266556,0.0663127,0.0
5.66438,0.000635521,0.249896,0.0642723,0.0
5.66397,0.000626505,0.283215,0.0683531,0.0
5.66414,0.000621056,0.216576,0.0598515,0.0
5.66543,0.000634483,0.266556,0.0663127,0.0
5.66526,0.000628062,0.183257,0.0550906,0.0
5.66414,0.0006243,0.133278,0.046929,0.0
5.66405,0.000626505,0.283215,0.0683531,0.0
5.66397,0.000611781,0.233236,0.0622319,0.0
5.66448,0.000626699,0.249896,0.0642723,0.0
5.66472,0.000623975,0.233236,0.0622319,0.0
5.66476,0.000632926,0.216576,0.0598515,0.0
5.66434,0.00065018,0.299875,0.0703935,0.0
5.66521,0.000637986,0.183257,0.0550906,0.0
5.66441,0.00061924,0.149938,0.0499896,0.0
5.66327,0.000599846,0.166597,0.0527101,0.0
5.66375,0.000640385,0.266556,0.0663127,0.0
5.6649,0.000626894,0.199917,0.057471,0.0
5.66513,0.000631434,0.349854,0.0761746,0.0
5.66484,0.00063565,0.266556,0.0663127,0.0
5.66348,0.000638245,0.216576,0.0598515,0.0
5.66399,0.00065232,0.299875,0.0703935,0.0
5.66517,0.000644018,0.166597,0.0527101,0.0
5.66375,0.000632667,0.216576,0.0598515,0.0
5.66417,0.000643045,0.216576,0.0598515,0.0
5.66433,0.000615673,0.299875,0.0703935,0.0
5.66309,0.000625532,0.149938,0.0499896,0.0
5.66341,0.000589858,0.133278,0.046929,0.0
5.66404,0.000611976,0.233236,0.0622319,0.0
5.6648,0.000617878,0.199917,0.057471,0.0
5.66503,0.000621446,0.216576,0.0598515,0.0
5.66363,0.00061697,0.166597,0.0527101,0.0
5.66407,0.000655628,0.299875,0.0703935,0.0
5.66409,0.00062858,0.266556,0.0663127,0.0
5.66379,0.000627478,0.283215,0.0683531,0.0
5.66366,0.000641164,0.166597,0.0527101,0.0
5.66442,0.00065005,0.266556,0.0663127,0.0
5.66442,0.000633705,0.249896,0.0642723,0.0
5.66341,0.00063578,0.216576,0.0598515,0.0
5.66372,0.000610614,0.199917,0.057471,0.0
5.66382,0.000606203,0.166597,0.0527101,0.0
5.66348,0.000627543,0.133278,0.046929,0.0
5.66439,0.000638115,0.349854,0.0761746,0.0
5.66407,0.000624818,0.166597,0.0527101,0.0
5.66431,0.000637467,0.266556,0.0663127,0.0
5.66522,0.000646288,0.266556,0.0663127,0.0
5.66543,0.000668601,0.299875,0.0741342,0.0
5.6644,0.000642461,0.283215,0.0683531,0.0
5.66453,0.000633251,0.233236,0.0622319,0.0
5.66462,0.00061697,0.166597,0.0527101,0.0
5.6635,0.000623716,0.149938,0.0499896,0.0
5.66356,0.000615284,0.199917,0.057471,0.0
5.66366,0.000626245,0.283215,0.0683531,0.0
5.66329,0.000633769,0.233236,0.0622319,0.0
5.66375,0.000594852,0.149938,0.0499896,0.0
5.66408,0.000597706,0.216576,0.0598515,0.0
5.66451,0.000580063,0.133278,0.046929,0.0
5.66385,0.000604906,0.116618,0.0438684,0.0
5.66308,0.000606592,0.149938,0.0499896,0.0
5.66381,0.000609122,0.183257,0.0550906,0.0
5.66386,0.00063137,0.316535,0.0724339,0.0
5.66348,0.000632537,0.249896,0.0642723,0.0
5.66305,0.00063604,0.183257,0.0550906,0.0
5.66457,0.000615997,0.166597,0.0527101,0.0
5.66573,0.000650634,0.316535,0.0724339,0.0
5.66396,0.000611457,0.249896,0.0642723,0.0
5.66303,0.000605749,0.149938,0.0499896,0.0
5.66395,0.000603933,0.166597,0.0527101,0.0
5.66516,0.000636299,0.333195,0.0741342,0.0
5.66498,0.000649466,0.249896,0.0642723,0.0
5.66425,0.000629489,0.183257,0.0550906,0.0
5.66377,0.000627737,0.266556,0.0663127,0.0
5.66372,0.000592906,0.166597,0.0527101,0.0
5.66393,0.000609187,0.199917,0.057471,0.0
5.66492,0.00061457,0.216576,0.0598515,0.0
5.6641,0.000610549,0.233236,0.0663127,0.0
5.66334,0.000631694,0.216576,0.0598515,0.0
5.66447,0.000626375,0.233236,0.0622319,0.0
5.66505,0.000661985,0.249896,0.0642723,0.0
5.66525,0.000634029,0.249896,0.0642723,0.0
5.66392,0.000600495,0.183257,0.0550906,0.0
5.66371,0.000619629,0.183257,0.0550906,0.0
5.66516,0.000659714,0.366514,0.0778749,0.0
5.66447,0.000611197,0.183257,0.0550906,0.0
5.66392,0.000611976,0.249896,0.0642723,0.0
5.66417,0.000608733,0.149938,0.0499896,0.0
5.66464,0.000605035,0.166597,0.0527101,0.0
5.66381,0.000615284,0.233236,0.0622319,0.0
5.66386,0.000608343,0.266556,0.0663127,0.0
5.66513,0.000651607,0.249896,0.0642723,0.0
5.66512,0.000662503,0.266556,0.0663127,0.0
5.66407,0.000635975,0.183257,0.0550906,0.0
5.66336,0.000584734,0.149938,0.0499896,0.0
5.66329,0.000619954,0.116618,0.0438684,0.0
5.66288,0.000589469,0.149938,0.0499896,0.0
5.66295,0.000586874,0.116618,0.0438684,0.0
5.66377,0.00063591,0.233236,0.0622319,0.0
5.66482,0.000633769,0.233236,0.0622319,0.0
5.6636,0.000616516,0.149938,0.0499896,0.0
5.66263,0.000601403,0.149938,0.0499896,0.0
5.66311,0.000602246,0.133278,0.046929,0.0
5.6642,0.000616516,0.233236,0.0622319,0.0
5.66521,0.000622808,0.216576,0.0598515,0.0
5.66388,0.000621251,0.266556,0.0663127,0.0
5.66409,0.000639996,0.299875,0.0703935,0.0
5.66376,0.000597317,0.149938,0.0499896,0.0
5.6641,0.000589144,0.116618,0.0438684,0.0
5.6635,0.000603414,0.116618,0.0438684,0.0
5.66313,0.00061243,0.199917,0.057471,0.0
5.66397,0.000625013,0.216576,0.0598515,0.0
5.66299,0.000622224,0.183257,0.0550906,0.0
5.66311,0.000620992,0.233236,0.0622319,0.0
5.66394,0.000635261,0.166597,0.0527101,0.0
5.66445,0.000644601,0.199917,0.057471,0.0
5.6635,0.000612754,0.133278,0.046929,0.0
5.66305,0.000613338,0.116618,0.0438684,0.0
5.66332,0.000583761,0.199917,0.057471,0.0
5.66373,0.000599328,0.149938,0.0499896,0.0
5.663,0.000589274,0.183257,0.0550906,0.0
5.66296,0.000594657,0.149938,0.0499896,0.0
5.6635,0.000594593,0.133278,0.046929,0.0
5.6635,0.000623391,0.233236,0.0622319,0.0
5.66331,0.000618527,0.216576,0.0598515,0.0
5.66396,0.000629164,0.199917,0.057471,0.0
5.66425,0.000641748,0.333195,0.0741342,0.0
5.664,0.000652839,0.266556,0.0663127,0.0
5.6645,0.000609641,0.149938,0.0499896,0.0
5.66502,0.000606268,0.199917,0.057471,0.0
5.66521,0.000627997,0.199917,0.057471,0.0
5.66492,0.000618267,0.166597,0.0527101,0.0
5.66496,0.000613662,0.133278,0.046929,0.0
5.66419,0.000604322,0.216576,0.0598515,0.0
5.66411,0.000594657,0.183257,0.0550906,0.0
5.66368,0.000586485,0.166597,0.0527101,0.0
5.66459,0.000617684,0.233236,0.0622319,0.0
5.66484,0.000634418,0.199917,0.057471,0.0
5.66278,0.000606008,0.199917,0.057471,0.0
5.66381,0.000611262,0.183257,0.0550906,0.0
5.66329,0.000588755,0.149938,0.0499896,0.0
5.66368,0.000622289,0.183257,0.0550906,0.0
5.66477,0.000626894,0.216576,0.0598515,0.0
5.66434,0.000617813,0.183257,0.0550906,0.0
5.66357,0.000660233,0.283215,0.0683531,0.0
5.66468,0.000644018,0.249896,0.0683531,0.0
5.66412,0.000656212,0.216576,0.0642723,0.0
5.66232,0.000601857,0.166597,0.0527101,0.0
5.6628,0.000594982,0.183257,0.0550906,0.0
5.66386,0.000642461,0.233236,0.0622319,0.0
5.66356,0.00061444,0.166597,0.0527101,0.0
5.66362,0.000630656,0.183257,0.0550906,0.0
5.66393,0.000601079,0.133278,0.046929,0.0
5.6644,0.000595112,0.0832986,0.0370671,0.0
5.66329,0.000605035,0.249896,0.0642723,0.0
5.66307,0.000608473,0.183257,0.0550906,0.0
5.66311,0.000617748,0.216576,0.0598515,0.0
5.66441,0.000606852,0.149938,0.0499896,0.0
5.66451,0.000614311,0.149938,0.0499896,0.0
5.66343,0.000612105,0.183257,0.0550906,0.0
5.66452,0.000597382,0.0999584,0.0408078,0.0
5.66409,0.000582463,0.116618,0.0438684,0.0
5.6633,0.000593036,0.116618,0.0499896,0.0
5.66407,0.000612689,0.166597,0.0527101,0.0
5.66475,0.000611068,0.183257,0.0550906,0.0
5.66336,0.000588431,0.133278,0.046929,0.0
5.66298,0.000605554,0.149938,0.0499896,0.0
5.66381,0.000582853,0.149938,0.0499896,0.0
5.66445,0.000625337,0.283215,0.0683531,0.0
5.66425,0.000632667,0.183257,0.0550906,0.0
5.66298,0.000609641,0.183257,0.0550906,0.0
5.6645,0.000630656,0.249896,0.0642723,0.0
5.66386,0.000621381,0.199917,0.057471,0.0
5.66345,0.00061016,0.149938,0.0499896,0.0
5.66413,0.000611716,0.199917,0.057471,0.0
5.66227,0.000587782,0.0499792,0.0289055,0.0
5.66222,0.000601533,0.216576,0.0598515,0.0
5.66452,0.000625337,0.166597,0.0527101,0.0
5.6627,0.000594333,0.133278,0.046929,0.0
5.66299,0.000598809,0.199917,0.057471,0.0
5.66416,0.000622289,0.133278,0.046929,0.0
5.66376,0.000599457,0.166597,0.0527101,0.0
5.6644,0.000631824,0.266556,0.0663127,0.0
5.66389,0.000593879,0.133278,0.046929,0.0
5.66264,0.000618203,0.183257,0.0550906,0.0
5.66305,0.000608279,0.233236,0.0622319,0.0
5.663,0.000606203,0.216576,0.0598515,0.0
5.66347,0.000608019,0.183257,0.0550906,0.0
5.66384,0.000599522,0.133278,0.046929,0.0
5.6631,0.000628062,0.266556,0.0663127,0.0
5.66398,0.000606008,0.0999584,0.0408078,0.0
5.66404,0.00059349,0.166597,0.0527101,0.0
5.66376,0.000613468,0.0999584,0.0408078,0.0
5.66329,0.000592582,0.149938,0.0499896,0.0
5.66309,0.000598355,0.199917,0.057471,0.0
5.66332,0.000607306,0.183257,0.0550906,0.0
5.66261,0.000599782,0.149938,0.0499896,0.0
5.66307,0.00060536,0.149938,0.0499896,0.0
5.66291,0.000593749,0.0999584,0.0408078,0.0
5.66257,0.00058149,0.0666389,0.0333264,0.0
5.66279,0.000604322,0.149938,0.0499896,0.0
5.66338,0.000644666,0.299875,0.0703935,0.0
5.66373,0.000599263,0.133278,0.046929,0.0
5.66324,0.000606268,0.183257,0.0550906,0.0
5.66369,0.000604581,0.266556,0.0663127,0.0
5.66397,0.000590441,0.133278,0.046929,0.0
5.66402,0.00058856,0.166597,0.0527101,0.0
5.66418,0.000608084,0.199917,0.057471,0.0
5.66241,0.000587069,0.149938,0.0499896,0.0
5.66359,0.000598484,0.166597,0.0527101,0.0
5.66367,0.000605619,0.166597,0.0527101,0.0
5.66421,0.000595695,0.133278,0.046929,0.0
5.66429,0.000620667,0.183257,0.0550906,0.0
5.6642,0.000593555,0.133278,0.046929,0.0
5.66292,0.000631564,0.183257,0.0550906,0.0
5.66346,0.000621835,0.133278,0.046929,0.0
5.66422,0.000592906,0.133278,0.046929,0.0
5.66302,0.000589469,0.183257,0.0550906,0.0
5.66363,0.000606592,0.149938,0.0499896,0.0
5.66366,0.000588236,0.133278,0.046929,0.0
5.66355,0.000622483,0.216576,0.0598515,0.0
5.6636,0.000641293,0.216576,0.0598515,0.0
5.66265,0.00063604,0.199917,0.057471,0.0
5.66259,0.000618527,0.183257,0.0550906,0.0
5.66333,0.000588301,0.116618,0.0438684,0.0
5.66266,0.000586225,0.133278,0.046929,0.0
5.66271,0.000586679,0.0999584,0.0408078,0.0
5.66348,0.000599392,0.149938,0.0499896,0.0
5.66249,0.000595501,0.166597,0.0527101,0.0
5.66329,0.000618916,0.149938,0.0499896,0.0
5.6638,0.000610224,0.133278,0.046929,0.0
5.66288,0.000580712,0.133278,0.046929,0.0
5.66224,0.000569686,0.0666389,0.0333264,0.0
5.66269,0.00058428,0.116618,0.0438684,0.0
5.66295,0.00059096,0.149938,0.0499896,0.0
5.6626,0.000585512,0.183257,0.0550906,0.0
5.66323,0.000584344,0.0999584,0.0408078,0.0
5.66365,0.000580518,0.0999584,0.0408078,0.0
5.6645,0.000591544,0.0999584,0.0408078,0.0
5.6638,0.00059096,0.183257,0.0550906,0.0
5.66253,0.000585058,0.0499792,0.0289055,0.0
5.66359,0.000615543,0.233236,0.0622319,0.0
5.66325,0.000605425,0.0999584,0.0408078,0.0
5.66292,0.000592582,0.166597,0.0527101,0.0
5.66416,0.000594009,0.199917,0.057471,0.0
5.66374,0.000601598,0.149938,0.0499896,0.0
5.66339,0.000601727,0.133278,0.046929,0.0
5.6631,0.000596798,0.0832986,0.0370671,0.0
5.6623,0.000573448,0.0832986,0.0370671,0.0
5.66272,0.000575588,0.116618,0.0438684,0.0
5.6626,0.000600041,0.166597,0.0527101,0.0
5.66305,0.000591998,0.133278,0.046929,0.0
5.66281,0.000617165,0.149938,0.0499896,0.0
5.6632,0.000618916,0.233236,0.0622319,0.0
5.66251,0.000603479,0.0832986,0.0370671,0.0
5.66288,0.000588496,0.0999584,0.0408078,0.0
5.66313,0.000589663,0.0999584,0.0408078,0.0
5.66318,0.000595825,0.199917,0.057471,0.0
5.6635,0.000583761,0.0832986,0.0370671,0.0
5.66314,0.000613792,0.183257,0.0550906,0.0
5.66221,0.000617424,0.149938,0.0499896,0.0
5.66308,0.000626051,0.233236,0.0622319,0.0
5.66398,0.000618397,0.183257,0.0550906,0.0
5.66406,0.000610354,0.183257,0.0550906,0.0
5.6638,0.000594463,0.166597,0.0527101,0.0
5.66331,0.000591609,0.149938,0.0499896,0.0
5.66323,0.00059842,0.149938,0.0499896,0.0
5.66338,0.000595501,0.166597,0.0527101,0.0
5.66398,0.00060523,0.183257,0.0550906,0.0
5.66413,0.000592193,0.149938,0.0499896,0.0
5.66294,0.000595112,0.133278,0.046929,0.0
5.66141,0.000571177,0.0666389,0.0333264,0.0
5.66258,0.000560864,0.133278,0.046929,0.0
5.66353,0.000605489,0.183257,0.0550906,0.0
5.66336,0.000583761,0.0832986,0.0370671,0.0
5.66288,0.000584669,0.0999584,0.0408078,0.0
5.66262,0.000609641,0.166597,0.057471,0.0
5.66197,0.00060977,0.183257,0.0550906,0.0
5.66247,0.000597057,0.0832986,0.0370671,0.0
5.66206,0.000618527,0.166597,0.0527101,0.0
5.66365,0.00060283,0.116618,0.0438684,0.0
5.66409,0.000603284,0.149938,0.0499896,0.0
5.66306,0.000588366,0.0999584,0.0408078,0.0
5.66294,0.000565405,0.0832986,0.0370671,0.0
5.66336,0.000563459,0.116618,0.0438684,0.0
5.66323,0.000583566,0.133278,0.046929,0.0
5.66379,0.000582009,0.116618,0.0438684,0.0
5.66243,0.000592647,0.149938,0.0499896,0.0
5.66426,0.000604776,0.149938,0.0499896,0.0
5.66397,0.000604322,0.183257,0.0550906,0.0
5.66318,0.000582723,0.0832986,0.0370671,0.0
5.66311,0.000568648,0.0999584,0.0408078,0.0
5.66323,0.000586615,0.149938,0.0499896,0.0
5.66322,0.000589728,0.133278,0.046929,0.0
5.66362,0.000618203,0.116618,0.0438684,0.0
5.66299,0.000590701,0.0999584,0.0408078,0.0
5.66288,0.000549189,0.0832986,0.0370671,0.0
5.66215,0.000557686,0.0499792,0.0289055,0.0
5.66337,0.000584734,0.0999584,0.0408078,0.0
5.66442,0.000596214,0.133278,0.046929,0.0
5.6628,0.000592387,0.149938,0.0499896,0.0
5.66295,0.000601922,0.199917,0.057471,0.0
5.66356,0.000594268,0.166597,0.0527101,0.0
5.66363,0.000595955,0.0832986,0.0370671,0.0
5.66286,0.000585382,0.216576,0.0598515,0.0
5.66365,0.000589079,0.0999584,0.0408078,0.0
5.66319,0.00060069,0.166597,0.0527101,0.0
5.66465,0.000583436,0.0999584,0.0408078,0.0
5.66444,0.000619889,0.266556,0.0663127,0.0
5.66392,0.000653747,0.233236,0.0622319,0.0
5.66325,0.00061016,0.0999584,0.0408078,0.0
5.66316,0.000593749,0.116618,0.0438684,0.0
5.66371,0.000569686,0.116618,0.0438684,0.0
5.66344,0.000584798,0.183257,0.0550906,0.0
5.66274,0.000572539,0.0999584,0.0408078,0.0
5.66295,0.000573448,0.0666389,0.0333264,0.0
5.66294,0.000585577,0.166597,0.0527101,0.0
5.66385,0.000621251,0.183257,0.0550906,0.0
5.66306,0.000587393,0.149938,0.0499896,0.0
5.66223,0.000590052,0.149938,0.0499896,0.0
5.66317,0.000595306,0.133278,0.046929,0.0
5.66309,0.000599522,0.116618,0.0438684,0.0
5.66237,0.000589987,0.0666389,0.0333264,0.0
5.66303,0.000601922,0.199917,0.057471,0.0
5.66279,0.000599068,0.0832986,0.0370671,0.0
5.66245,0.000586679,0.0832986,0.0370671,0.0
5.66262,0.000594398,0.149938,0.0499896,0.0
5.66316,0.000578312,0.149938,0.0499896,0.0
5.66417,0.000597122,0.166597,0.0527101,0.0
5.66404,0.00059589,0.0999584,0.0408078,0.0
5.66433,0.00060296,0.199917,0.057471,0.0
5.66374,0.000589144,0.0999584,0.0408078,0.0
5.66367,0.000592193,0.133278,0.046929,0.0
5.66335,0.000565924,0.0999584,0.0408078,0.0
5.6628,0.000587133,0.116618,0.0438684,0.0
5.66284,0.000580777,0.0499792,0.0289055,0.0
5.66348,0.00058642,0.149938,0.0499896,0.0
5.66367,0.000572539,0.116618,0.0438684,0.0
5.66261,0.00059842,0.183257,0.0550906,0.0
5.66234,0.000590117,0.116618,0.0438684,0.0
5.66259,0.000589533,0.133278,0.046929,0.0
5.66343,0.000596409,0.0999584,0.0408078,0.0
5.66289,0.000594982,0.133278,0.046929,0.0
5.66216,0.00058389,0.116618,0.0438684,0.0
5.66337,0.00060283,0.166597,0.057471,0.0
5.66352,0.000587069,0.0499792,0.0289055,0.0
5.66309,0.00057001,0.133278,0.046929,0.0
5.66296,0.000605035,0.149938,0.0499896,0.0
5.66343,0.000611133,0.116618,0.0438684,0.0
5.66396,0.000580193,0.183257,0.0550906,0.0
5.66348,0.000614959,0.183257,0.0550906,0.0
5.66354,0.000579091,0.0832986,0.0370671,0.0
5.6633,0.000589014,0.116618,0.0438684,0.0
5.66328,0.000570918,0.0832986,0.0370671,0.0
5.66366,0.000583047,0.0832986,0.0370671,0.0
5.66296,0.000560994,0.0999584,0.0408078,0.0
5.66411,0.00060977,0.166597,0.0527101,0.0
5.66363,0.000579869,0.0999584,0.0408078,0.0
5.66321,0.000572734,0.0666389,0.0333264,0.0
5.66325,0.000585577,0.183257,0.0550906,0.0
5.66367,0.000607825,0.183257,0.0550906,0.0
5.66327,0.000587588,0.133278,0.046929,0.0
5.66325,0.000576107,0.199917,0.057471,0.0
5.66391,0.00058869,0.116618,0.0438684,0.0
5.6632,0.000579674,0.116618,0.0438684,0.0
5.66384,0.000584085,0.133278,0.046929,0.0
5.66357,0.000610743,0.116618,0.0438684,0.0
5.66264,0.000599003,0.0999584,0.0408078,0.0
5.66374,0.000590701,0.116618,0.0438684,0.0
5.66324,0.000584474,0.183257,0.0550906,0.0
5.66256,0.000566118,0.0333195,0.0234645,0.0
5.6614,0.000573448,0.0832986,0.0370671,0.0
5.66201,0.000561772,0.166597,0.0527101,0.0
5.66301,0.000588496,0.133278,0.046929,0.0
5.66278,0.000605165,0.116618,0.0438684,0.0
5.66294,0.000599392,0.133278,0.046929,0.0
5.66376,0.000581944,0.0832986,0.0370671,0.0
5.66326,0.000579545,0.133278,0.046929,0.0
5.66325,0.000600106,0.116618,0.0438684,0.0
5.66297,0.000582982,0.0999584,0.0408078,0.0
5.66338,0.000588496,0.133278,0.046929,0.0
5.66377,0.000618721,0.249896,0.0642723,0.0
5.66393,0.000594139,0.149938,0.0499896,0.0
5.66317,0.00062177,0.133278,0.046929,0.0
5.66362,0.000597447,0.0666389,0.0333264,0.0
5.66349,0.00060977,0.166597,0.0527101,0.0
5.66353,0.000619046,0.116618,0.0499896,0.0
5.66289,0.000610938,0.199917,0.057471,0.0
5.66397,0.000582658,0.149938,0.0499896,0.0
5.66269,0.000568777,0.0832986,0.0370671,0.0
5.66229,0.000575523,0.0999584,0.0408078,0.0
5.66271,0.00059589,0.149938,0.0499896,0.0
5.66321,0.000571112,0.0333195,0.0234645,0.0
5.66253,0.000577145,0.183257,0.0550906,0.0
5.6625,0.00058415,0.0666389,0.0333264,0.0
5.66243,0.000604841,0.149938,0.0499896,0.0
5.66361,0.000600301,0.166597,0.0527101,0.0
5.66305,0.000602246,0.133278,0.046929,0.0
5.66239,0.000595176,0.116618,0.0438684,0.0
5.66331,0.000584344,0.0999584,0.0408078,0.0
5.66326,0.000581166,0.149938,0.0499896,0.0
5.66217,0.000563978,0.133278,0.046929,0.0
5.66351,0.000584669,0.149938,0.0499896,0.0
5.66329,0.000581685,0.183257,0.0550906,0.0
5.66209,0.000591414,0.116618,0.0438684,0.0
5.662,0.000561448,0.0832986,0.0370671,0.0
5.663,0.0006051,0.133278,0.046929,0.0
5.66307,0.000589728,0.0666389,0.0333264,0.0
5.6634,0.000605165,0.233236,0.0622319,0.0
5.66298,0.000585966,0.149938,0.0499896,0.0
5.6623,0.000575393,0.0999584,0.0408078,0.0
5.6626,0.000581685,0.0999584,0.0408078,0.0
5.66425,0.000579415,0.0832986,0.0370671,0.0
5.66295,0.000567999,0.0832986,0.0370671,0.0
5.66299,0.000564042,0.183257,0.0550906,0.0
5.66336,0.000576431,0.116618,0.0438684,0.0
5.66257,0.000577599,0.0666389,0.0333264,0.0
5.66274,0.000578572,0.116618,0.0438684,0.0
5.66245,0.000556778,0.0666389,0.0333264,0.0
5.66275,0.000579869,0.0999584,0.0408078,0.0
5.66337,0.000616257,0.199917,0.057471,0.0
5.66359,0.0006027,0.133278,0.046929,0.0
5.66268,0.000591868,0.116618,0.0438684,0.0
5.66312,0.000583112,0.166597,0.0527101,0.0
5.66278,0.000575264,0.116618,0.0438684,0.0
5.66246,0.00058415,0.0999584,0.0408078,0.0
5.66236,0.000602311,0.133278,0.046929,0.0
5.66169,0.000562875,0.0832986,0.0370671,0.0
5.66241,0.000576691,0.0832986,0.0370671,0.0
5.663,0.000607371,0.0999584,0.0408078,0.0
5.66259,0.000587458,0.116618,0.0438684,0.0
5.66195,0.00058402,0.0499792,0.0289055,0.0
5.66343,0.000584344,0.133278,0.046929,0.0
5.66276,0.000598549,0.0832986,0.0370671,0.0
5.66219,0.000558594,0.133278,0.046929,0.0
5.66258,0.000596084,0.133278,0.0527101,0.0
5.66328,0.000575523,0.116618,0.0438684,0.0
5.66222,0.000571502,0.0666389,0.0333264,0.0
5.66339,0.000578637,0.149938,0.0499896,0.0
5.66384,0.000618916,0.149938,0.0499896,0.0
5.66269,0.000566767,0.0666389,0.0333264,0.0
5.66216,0.000585642,0.0832986,0.0370671,0.0
5.66285,0.000594528,0.0666389,0.0333264,0.0
5.6628,0.000596409,0.149938,0.0499896,0.0
5.66333,0.000578182,0.133278,0.046929,0.0
5.66312,0.00057468,0.0666389,0.0333264,0.0
5.66302,0.000599003,0.149938,0.0499896,0.0
5.66294,0.000592647,0.166597,0.0527101,0.0
5.66338,0.000572215,0.0999584,0.0408078,0.0
5.66297,0.000596344,0.166597,0.0527101,0.0
5.66335,0.0006075,0.149938,0.0499896,0.0
5.66356,0.000590182,0.0832986,0.0370671,0.0
5.66237,0.000566961,0.0999584,0.0408078,0.0
5.66342,0.00059336,0.183257,0.0550906,0.0
5.66278,0.000599263,0.0832986,0.0370671,0.0
5.66327,0.000595047,0.133278,0.046929,0.0
5.66333,0.000609706,0.216576,0.0598515,0.0
5.66331,0.000590117,0.116618,0.0438684,0.0
5.66248,0.000591804,0.0999584,0.0408078,0.0
5.66305,0.000564561,0.116618,0.0438684,0.0
5.66371,0.000592387,0.0999584,0.0408078,0.0
5.66323,0.000595306,0.0999584,0.0408078,0.0
5.66291,0.000570983,0.0166597,0.0166632,0.0
5.66282,0.000569491,0.116618,0.0438684,0.0
5.6635,0.000567286,0.133278,0.046929,0.0
5.66412,0.00056988,0.0832986,0.0370671,0.0
5.66272,0.000577274,0.0999584,0.0408078,0.0
5.66228,0.000575847,0.0666389,0.0333264,0.0
5.66197,0.000543351,0.0166597,0.0166632,0.0
5.66238,0.000568842,0.0832986,0.0370671,0.0
5.66255,0.00057241,0.116618,0.0438684,0.0
5.6631,0.000582853,0.166597,0.0527101,0.0
5.66291,0.000585966,0.0999584,0.0408078,0.0
5.66247,0.000584798,0.0999584,0.0408078,0.0
5.66204,0.000575199,0.0832986,0.0370671,0.0
5.66328,0.000573058,0.149938,0.0499896,0.0
5.66272,0.000582917,0.0832986,0.0370671,0.0
5.6619,0.000565145,0.0166597,0.0166632,0.0
5.66263,0.000583242,0.116618,0.0438684,0.0
5.66252,0.000594268,0.116618,0.0438684,0.0
5.66345,0.00059135,0.183257,0.0550906,0.0
5.6627,0.000567415,0.0499792,0.0289055,0.0
5.66245,0.000559502,0.149938,0.0499896,0.0
5.66353,0.000612495,0.166597,0.0527101,0.0
5.66264,0.000586809,0.116618,0.0438684,0.0
5.6625,0.000586031,0.0832986,0.0370671,0.0
5.66332,0.00060069,0.133278,0.046929,0.0
5.66319,0.000559956,0.0499792,0.0289055,0.0
5.66301,0.000568129,0.0832986,0.0370671,0.0
5.66345,0.000575653,0.149938,0.0499896,0.0
5.66263,0.00059122,0.166597,0.0527101,0.0
5.66347,0.000580388,0.149938,0.0499896,0.0
5.66311,0.000594593,0.0999584,0.0408078,0.0
5.66227,0.000592841,0.133278,0.046929,0.0
5.66255,0.000608927,0.0832986,0.0370671,0.0
5.66242,0.000579869,0.0666389,0.0333264,0.0
5.66234,0.000565275,0.133278,0.046929,0.0
5.66336,0.000568259,0.0999584,0.0408078,0.0
5.66297,0.00059563,0.149938,0.0499896,0.0
5.66205,0.000573642,0.0499792,0.0289055,0.0
5.66213,0.000563264,0.0666389,0.0333264,0.0
5.66344,0.00056281,0.133278,0.046929,0.0
5.66262,0.000595241,0.149938,0.0499896,0.0
5.66346,0.000582723,0.0999584,0.0408078,0.0
5.66402,0.000580193,0.149938,0.0499896,0.0
5.66288,0.00060056,0.116618,0.0438684,0.0
5.66336,0.000594982,0.116618,0.0438684,0.0
5.66331,0.00058655,0.0499792,0.0289055,0.0
5.6619,0.000557427,0.0499792,0.0289055,0.0
5.66216,0.000592128,0.149938,0.0499896,0.0
5.66186,0.000554573,0.0832986,0.0370671,0.0
5.66408,0.000563913,0.0999584,0.0408078,0.0
5.66412,0.00058389,0.133278,0.046929,0.0
5.66363,0.000563524,0.0832986,0.0370671,0.0
5.66277,0.000556064,0.0999584,0.0408078,0.0
5.66213,0.000558399,0.0666389,0.0333264,0.0
5.66206,0.00057922,0.149938,0.0499896,0.0
5.66244,0.000593166,0.116618,0.0438684,0.0
5.66178,0.000565988,0.0666389,0.0333264,0.0
5.6624,0.000560994,0.0499792,0.0289055,0.0
5.66249,0.000549643,0.0499792,0.0289055,0.0
5.66294,0.000591414,0.166597,0.0527101,0.0
5.66289,0.000582723,0.0832986,0.0370671,0.0
5.6616,0.000573188,0.0832986,0.0370671,0.0
5.66234,0.000559826,0.0832986,0.0370671,0.0
5.66249,0.000557362,0.0499792,0.0289055,0.0
5.66205,0.000575783,0.0832986,0.0370671,0.0
5.6634,0.000590441,0.116618,0.0438684,0.0
5.66374,0.000587977,0.0999584,0.0408078,0.0
5.66252,0.000587652,0.0999584,0.0408078,0.0
5.66237,0.000590636,0.133278,0.046929,0.0
5.66307,0.000587133,0.0832986,0.0370671,0.0
5.66318,0.000583631,0.0832986,0.0370671,0.0
5.66259,0.000561318,0.0499792,0.0289055,0.0
5.66262,0.000558983,0.0832986,0.0370671,0.0
5.66262,0.000563718,0.0499792,0.0289055,0.0
5.66262,0.000563264,0.0333195,0.0234645,0.0
5.66228,0.000564561,0.0999584,0.0408078,0.0
5.66339,0.000594009,0.0999584,0.0408078,0.0
5.66351,0.000598355,0.149938,0.0499896,0.0
5.66223,0.000590571,0.0666389,0.0333264,0.0
5.66175,0.000563978,0.0333195,0.0234645,0.0
5.66214,0.000577274,0.116618,0.0438684,0.0
5.66317,0.000582853,0.0333195,0.0234645,0.0
5.66265,0.000580193,0.149938,0.0499896,0.0
5.66197,0.000571177,0.0499792,0.0289055,0.0
5.66259,0.000582853,0.0832986,0.0370671,0.0
5.66382,0.00058389,0.133278,0.046929,0.0
5.66394,0.000619565,0.166597,0.0527101,0.0
5.66351,0.000583501,0.0666389,0.0333264,0.0
5.66269,0.000575653,0.0832986,0.0370671,0.0
5.66211,0.000579609,0.0333195,0.0234645,0.0
5.66209,0.00055107,0.116618,0.0438684,0.0
5.66237,0.000559437,0.0832986,0.0370671,0.0
5.66334,0.000575912,0.0499792,0.0289055,0.0
5.6625,0.000599522,0.166597,0.0527101,0.0
5.66289,0.00059135,0.166597,0.0527101,0.0
5.66283,0.000588236,0.116618,0.0438684,0.0
5.66316,0.000591155,0.149938,0.0499896,0.0
5.66382,0.000596474,0.0666389,0.0333264,0.0
5.66277,0.000576366,0.0999584,0.0408078,0.0
5.66249,0.000569621,0.116618,0.0438684,0.0
5.66348,0.000564172,0.0499792,0.0289055,0.0
5.66339,0.00059816,0.133278,0.046929,0.0
5.66419,0.000585058,0.166597,0.0527101,0.0
5.66379,0.000574939,0.0666389,0.0333264,0.0
5.66277,0.000574031,0.0999584,0.0408078,0.0
5.6632,0.000593749,0.166597,0.0527101,0.0
5.6635,0.000577664,0.0999584,0.0408078,0.0
5.66278,0.000567415,0.0333195,0.0234645,0.0
5.66313,0.000568648,0.0666389,0.0333264,0.0
5.66254,0.000558659,0.0666389,0.0333264,0.0
5.66257,0.000556194,0.0666389,0.0333264,0.0
5.66268,0.00057922,0.133278,0.046929,0.0
5.66254,0.00057922,0.0666389,0.0333264,0.0
5.66221,0.000557037,0.0999584,0.0408078,0.0
5.6623,0.000556778,0.0832986,0.0370671,0.0
5.66315,0.000563978,0.0166597,0.0166632,0.0
5.66236,0.000543481,0.0999584,0.0408078,0.0
5.66303,0.000579609,0.116618,0.0438684,0.0
5.66249,0.000566118,0.0832986,0.0370671,0.0
5.66196,0.000555935,0.133278,0.046929,0.0
5.66282,0.000578572,0.166597,0.0527101,0.0
5.66289,0.000593166,0.116618,0.0438684,0.0
5.66327,0.000573707,0.116618,0.0438684,0.0
5.66285,0.000574874,0.133278,0.046929,0.0
5.66227,0.000601079,0.116618,0.0438684,0.0
5.66345,0.00057708,0.0832986,0.0370671,0.0
5.66311,0.000587263,0.149938,0.0499896,0.0
5.66288,0.000597057,0.0999584,0.0408078,0.0
5.66264,0.000573772,0.0666389,0.0333264,0.0
5.66294,0.000568713,0.0999584,0.0408078,0.0
5.66339,0.000573512,0.0999584,0.0408078,0.0
5.66369,0.000575004,0.0166597,0.0166632,0.0
5.66298,0.000593295,0.199917,0.057471,0.0
5.66314,0.000570658,0.116618,0.0438684,0.0
5.66271,0.000576172,0.0999584,0.0408078,0.0
5.66237,0.000568583,0.0666389,0.0333264,0.0
5.66257,0.000603868,0.183257,0.0550906,0.0
5.66372,0.000578701,0.0832986,0.0370671,0.0
5.66239,0.000552497,0.0666389,0.0333264,0.0
5.66123,0.000562356,0.0333195,0.0234645,0.0
5.66354,0.000597382,0.249896,0.0642723,0.0
5.6635,0.000573642,0.0999584,0.0408078,0.0
5.66168,0.000590571,0.149938,0.0499896,0.0
5.6622,0.000569037,0.0499792,0.0289055,0.0
5.66218,0.000561318,0.0499792,0.0289055,0.0
5.66217,0.000577923,0.0666389,0.0333264,0.0
5.66283,0.000580258,0.0499792,0.0289055,0.0
5.66215,0.000567156,0.0666389,0.0333264,0.0
5.66241,0.000564886,0.0832986,0.0370671,0.0
5.66215,0.000575393,0.0499792,0.0289055,0.0
5.66244,0.000574485,0.133278,0.046929,0.0
5.66221,0.000587198,0.0999584,0.0408078,0.0
5.6621,0.000602182,0.116618,0.0438684,0.0
5.66258,0.000574356,0.0999584,0.0408078,0.0
5.66343,0.000582139,0.133278,0.046929,0.0
5.66346,0.000573318,0.0666389,0.0333264,0.0
5.66278,0.000549578,0.0832986,0.0370671,0.0
5.66265,0.00055801,0.0666389,0.0333264,0.0
5.66295,0.000558529,0.0499792,0.0289055,0.0
5.66242,0.000548151,0.0832986,0.0370671,0.0
5.66114,0.000560994,0.0666389,0.0333264,0.0
5.66266,0.000577534,0.0999584,0.0408078,0.0
5.66318,0.000566248,0.0666389,0.0333264,0.0
5.66253,0.000563264,0.0832986,0.0370671,0.0
5.66274,0.000582463,0.116618,0.0438684,0.0
5.66352,0.000600625,0.199917,0.057471,0.0
5.66358,0.00062657,0.116618,0.0438684,0.0
5.66287,0.000569102,0.0999584,0.0408078,0.0
5.66256,0.000579739,0.0999584,0.0408078,0.0
5.66368,0.000600106,0.183257,0.0550906,0.0
5.66298,0.000587717,0.0333195,0.0234645,0.0
5.66184,0.000575199,0.0832986,0.0370671,0.0
5.66234,0.000549903,0.0832986,0.0370671,0.0
5.66278,0.000572993,0.0166597,0.0166632,0.0
5.6621,0.000572539,0.0832986,0.0370671,0.0
5.66176,0.000554702,0.0832986,0.0370671,0.0
5.66214,0.000575523,0.0832986,0.0370671,0.0
5.66273,0.000549708,0.0166597,0.0166632,0.0
5.66291,0.000575264,0.116618,0.0438684,0.0
5.66277,0.000582334,0.0999584,0.0408078,0.0
5.6618,0.000582658,0.0832986,0.0370671,0.0
5.66287,0.000599392,0.116618,0.0438684,0.0
5.66271,0.000561383,0.0999584,0.0408078,0.0
5.66255,0.00058175,0.0832986,0.0370671,0.0
5.66324,0.000584798,0.0999584,0.0408078,0.0
5.66221,0.000592387,0.133278,0.046929,0.0
5.66156,0.000565015,0.0333195,0.0234645,0.0
5.66214,0.000570075,0.0499792,0.0289055,0.0
5.66216,0.000576431,0.0666389,0.0333264,0.0
5.66272,0.00056988,0.133278,0.046929,0.0
5.66283,0.000584669,0.0666389,0.0333264,0.0
5.66252,0.000594139,0.0999584,0.0408078,0.0
5.66331,0.000594203,0.183257,0.0550906,0.0
5.66316,0.000593749,0.133278,0.046929,0.0
5.6626,0.000570334,0.0,0.0,0.0
5.66206,0.00056521,0.0666389,0.0333264,0.0
5.66218,0.000558789,0.0999584,0.0408078,0.0
5.66295,0.000559308,0.0666389,0.0333264,0.0
5.66335,0.000573707,0.0666389,0.0333264,0.0
5.66324,0.000555286,0.0166597,0.0166632,0.0
5.66336,0.00057922,0.116618,0.0438684,0.0
5.66304,0.000586096,0.0832986,0.0370671,0.0
5.6623,0.000568777,0.133278,0.046929,0.0
5.66177,0.000566832,0.0666389,0.0333264,0.0
5.66263,0.000577339,0.116618,0.0438684,0.0
5.66271,0.000567675,0.116618,0.0438684,0.0
5.66202,0.000565534,0.0999584,0.0408078,0.0
5.66253,0.000563718,0.116618,0.0438684,0.0
5.66279,0.00057228,0.0999584,0.0408078,0.0
5.66285,0.000565405,0.0499792,0.0289055,0.0
5.66254,0.000572085,0.0499792,0.0289055,0.0
5.66268,0.000593036,0.116618,0.0438684,0.0
5.66235,0.000564561,0.0499792,0.0289055,0.0
5.66218,0.000562551,0.0999584,0.0408078,0.0
5.6618,0.000551135,0.0499792,0.0289055,0.0
5.66309,0.00056041,0.0832986,0.0370671,0.0
5.66307,0.000560475,0.0832986,0.0370671,0.0
5.66232,0.00057455,0.0666389,0.0333264,0.0
5.66257,0.000573448,0.0333195,0.0234645,0.0
5.66347,0.000570529,0.0832986,0.0370671,0.0
5.66238,0.000566507,0.0666389,0.0333264,0.0
5.66257,0.000547438,0.0333195,0.0234645,0.0
5.66242,0.000533298,0.0333195,0.0234645,0.0
5.66242,0.000550227,0.0166597,0.0166632,0.0
5.66289,0.000583242,0.0999584,0.0408078,0.0
5.66328,0.000554248,0.0999584,0.0408078,0.0
5.66304,0.000566313,0.0832986,0.0370671,0.0
5.66225,0.000571048,0.0832986,0.0370671,0.0
5.66309,0.000564886,0.0166597,0.0166632,0.0
5.66235,0.000568972,0.0666389,0.0333264,0.0
5.66217,0.000563913,0.0999584,0.0408078,0.0
5.66275,0.000567675,0.0832986,0.0370671,0.0
5.66214,0.000573448,0.0666389,0.0333264,0.0
5.66217,0.000556778,0.0832986,0.0370671,0.0
5.66245,0.000572734,0.0666389,0.0333264,0.0
5.66247,0.000553081,0.0999584,0.0408078,0.0
5.66264,0.000559178,0.0832986,0.0370671,0.0
5.66306,0.000566572,0.0666389,0.0333264,0.0
5.6629,0.000591479,0.116618,0.0438684,0.0
5.66292,0.00056281,0.0499792,0.0289055,0.0
5.66279,0.000558464,0.116618,0.0438684,0.0
5.66251,0.000553275,0.0499792,0.0289055,0.0
5.66317,0.00055801,0.0499792,0.0289055,0.0
5.6637,0.000564237,0.0333195,0.0234645,0.0
5.66386,0.00057468,0.133278,0.046929,0.0
5.66362,0.000585447,0.0333195,0.0234645,0.0
5.66304,0.000552756,0.0333195,0.0234645,0.0
5.66279,0.000553535,0.0832986,0.0370671,0.0
5.66222,0.000563264,0.0333195,0.0234645,0.0
5.66313,0.000561124,0.0999584,0.0408078,0.0
5.6625,0.000564821,0.0333195,0.0234645,0.0
5.66148,0.000552108,0.0499792,0.0289055,0.0
5.66167,0.000562616,0.0832986,0.0370671,0.0
5.66267,0.000570918,0.0832986,0.0370671,0.0
5.66249,0.000564367,0.0666389,0.0333264,0.0
5.66221,0.000546919,0.0499792,0.0289055,0.0
5.6622,0.000563653,0.0832986,0.0370671,0.0
5.66298,0.000569945,0.0999584,0.0408078,0.0
5.66305,0.000582009,0.116618,0.0438684,0.0
5.66243,0.000576561,0.0166597,0.0166632,0.0
5.66223,0.000566248,0.0832986,0.0370671,0.0
5.66319,0.000547049,0.0832986,0.0370671,0.0
5.66381,0.000580323,0.0999584,0.0408078,0.0
5.66278,0.000578701,0.0832986,0.0370671,0.0
5.66267,0.000568842,0.0832986,0.0370671,0.0
5.66364,0.000604711,0.199917,0.057471,0.0
5.66263,0.000576626,0.0666389,0.0333264,0.0
5.66281,0.000576691,0.0832986,0.0370671,0.0
5.66391,0.000578896,0.0999584,0.0408078,0.0
5.66393,0.000565794,0.0499792,0.0289055,0.0
5.66314,0.000556583,0.0333195,0.0234645,0.0
5.66294,0.000573512,0.133278,0.046929,0.0
5.66236,0.000568907,0.0832986,0.0370671,0.0
5.66323,0.000561707,0.0666389,0.0333264,0.0
5.6629,0.000557427,0.0832986,0.0370671,0.0
5.6618,0.000551394,0.0333195,0.0234645,0.0
5.66171,0.000574031,0.149938,0.0499896,0.0
5.66223,0.000554637,0.0166597,0.0166632,0.0
5.66148,0.00055321,0.0499792,0.0289055,0.0
5.6618,0.000524217,0.0166597,0.0166632,0.0
5.66206,0.000566572,0.0999584,0.0408078,0.0
5.66207,0.000559502,0.0666389,0.0408078,0.0
5.66206,0.000566832,0.0832986,0.0370671,0.0
5.66213,0.000569686,0.0999584,0.0408078,0.0
5.66227,0.000563005,0.0166597,0.0166632,0.0
5.66253,0.000536411,0.0333195,0.0234645,0.0
5.66264,0.000557945,0.0333195,0.0234645,0.0
5.66218,0.00055107,0.0,0.0,0.0
5.66295,0.000559048,0.0666389,0.0333264,0.0
5.66224,0.000571177,0.0499792,0.0289055,0.0
5.66238,0.00057682,0.0499792,0.0289055,0.0
5.66287,0.000588625,0.0999584,0.0408078,0.0
5.66351,0.000581944,0.0832986,0.0370671,0.0
5.66307,0.000552627,0.0832986,0.0370671,0.0
5.66267,0.000582204,0.149938,0.0499896,0.0
5.66358,0.000573058,0.0666389,0.0333264,0.0
5.66368,0.000575588,0.0999584,0.0408078,0.0
5.66262,0.000591414,0.166597,0.0527101,0.0
5.66327,0.00055827,0.0333195,0.0234645,0.0
5.66284,0.000557945,0.0999584,0.0408078,0.0
5.6627,0.000544714,0.0166597,0.0166632,0.0
5.66233,0.000565469,0.116618,0.0438684,0.0
5.66176,0.000572085,0.0666389,0.0333264,0.0
5.66216,0.000573642,0.133278,0.046929,0.0
5.66347,0.000578118,0.0999584,0.0408078,0.0
5.66238,0.000573123,0.0666389,0.0333264,0.0
5.66285,0.00057442,0.133278,0.046929,0.0
5.66291,0.000563783,0.0333195,0.0234645,0.0
5.66223,0.000575783,0.166597,0.0527101,0.0
5.66204,0.000589858,0.116618,0.0438684,0.0
5.66238,0.000556648,0.149938,0.0499896,0.0
5.66191,0.000564626,0.0499792,0.0289055,0.0
5.66297,0.000564107,0.0999584,0.0408078,0.0
5.66301,0.000561643,0.0666389,0.0333264,0.0
5.66329,0.000579609,0.133278,0.046929,0.0
5.66314,0.000575134,0.0999584,0.0408078,0.0
5.6624,0.000578053,0.0666389,0.0333264,0.0
5.66301,0.000556259,0.0,0.0,0.0
5.66291,0.000573123,0.133278,0.046929,0.0
5.66263,0.000563329,0.0666389,0.0333264,0.0
5.66196,0.000560605,0.0333195,0.0234645,0.0
5.66307,0.000573707,0.116618,0.0438684,0.0
5.66298,0.000558983,0.0499792,0.0289055,0.0
5.66298,0.000554054,0.0333195,0.0234645,0.0
5.663,0.000547892,0.0333195,0.0234645,0.0
5.663,0.000557232,0.0832986,0.0370671,0.0
5.66278,0.000564367,0.0666389,0.0333264,0.0
5.66284,0.000566313,0.0999584,0.0408078,0.0
5.66187,0.000571502,0.0499792,0.0289055,0.0
5.66179,0.000557491,0.0333195,0.0234645,0.0
5.66315,0.000556,0.0333195,0.0234645,0.0
5.66339,0.000557167,0.0666389,0.0333264,0.0
5.66355,0.00055801,0.0666389,0.0333264,0.0
5.66292,0.000578247,0.0999584,0.0408078,0.0
5.66206,0.000574874,0.0333195,0.0234645,0.0
5.66218,0.000563783,0.0999584,0.0408078,0.0
5.66296,0.000559891,0.0666389,0.0333264,0.0
5.66244,0.00054387,0.0166597,0.0166632,0.0
5.66249,0.000535373,0.0,0.0,0.0
5.66189,0.000550032,0.0666389,0.0333264,0.0
5.66224,0.000558918,0.133278,0.046929,0.0
5.66213,0.000552821,0.133278,0.046929,0.0
5.66127,0.000554443,0.0333195,0.0234645,0.0
5.66193,0.000547632,0.0499792,0.0289055,0.0
5.66325,0.000551329,0.0832986,0.0370671,0.0
5.66328,0.000570853,0.0832986,0.0370671,0.0
5.6623,0.000575588,0.133278,0.046929,0.0
5.66282,0.000564432,0.0166597,0.0166632,0.0
5.66302,0.000566702,0.0832986,0.0370671,0.0
5.66339,0.000552173,0.0499792,0.0289055,0.0
5.66219,0.000568194,0.133278,0.046929,0.0
5.66197,0.000568907,0.0832986,0.0370671,0.0
5.66238,0.000573188,0.0832986,0.0370671,0.0
5.66248,0.00056988,0.0333195,0.0234645,0.0
5.66265,0.000560994,0.0499792,0.0289055,0.0
5.66266,0.000554443,0.0499792,0.0289055,0.0
5.66256,0.000554962,0.0999584,0.0408078,0.0
5.66203,0.000553275,0.0333195,0.0234645,0.0
5.66152,0.000571372,0.116618,0.0438684,0.0
5.66303,0.000570658,0.133278,0.046929,0.0
5.66343,0.000600755,0.133278,0.046929,0.0
5.66264,0.000564107,0.0166597,0.0166632,0.0
5.6623,0.000569815,0.0499792,0.0289055,0.0
5.66359,0.000552562,0.0333195,0.0234645,0.0
5.66307,0.00056268,0.0166597,0.0166632,0.0
5.66234,0.000571826,0.0666389,0.0333264,0.0
5.66235,0.000568259,0.0333195,0.0234645,0.0
5.66286,0.000565664,0.0832986,0.0370671,0.0
5.66228,0.000583371,0.116618,0.0438684,0.0
5.66216,0.000558464,0.0499792,0.0289055,0.0
5.66253,0.000570983,0.0333195,0.0234645,0.0
5.66196,0.00056054,0.0666389,0.0333264,0.0
5.66277,0.000549643,0.0499792,0.0289055,0.0
5.66344,0.000556908,0.0499792,0.0289055,0.0
5.66269,0.000557816,0.0499792,0.0289055,0.0
5.66299,0.000567286,0.0666389,0.0333264,0.0
5.66386,0.000558594,0.0333195,0.0234645,0.0
5.6632,0.000570529,0.149938,0.0499896,0.0
5.66212,0.000574939,0.0499792,0.0289055,0.0
5.66235,0.000557686,0.0499792,0.0289055,0.0
5.66238,0.000577988,0.0499792,0.0289055,0.0
5.66244,0.000607825,0.149938,0.0499896,0.0
5.6624,0.000570723,0.0333195,0.0234645,0.0
5.66322,0.00057708,0.116618,0.0438684,0.0
5.66318,0.000578312,0.0499792,0.0289055,0.0
5.66269,0.000542573,0.0333195,0.0234645,0.0
5.66247,0.000554378,0.133278,0.046929,0.0
5.66286,0.000583242,0.0499792,0.0289055,0.0
5.66401,0.00059563,0.133278,0.046929,0.0
5.66366,0.000560605,0.0832986,0.0370671,0.0
5.66215,0.000558789,0.0666389,0.0333264,0.0
5.66217,0.000553535,0.0832986,0.0370671,0.0
5.66231,0.000572215,0.116618,0.0438684,0.0
5.66295,0.000551913,0.0999584,0.0408078,0.0
5.66339,0.000534595,0.0,0.0,0.0
5.66295,0.00054413,0.0,0.0,0.0
5.66294,0.000553081,0.0666389,0.0333264,0.0
5.66316,0.000585447,0.0832986,0.0370671,0.0
5.6622,0.000565599,0.116618,0.0438684,0.0
5.66149,0.00055814,0.0666389,0.0333264,0.0
5.66332,0.000577469,0.0499792,0.0289055,0.0
5.66272,0.000563978,0.0499792,0.0289055,0.0
5.6612,0.000561059,0.0166597,0.0166632,0.0
5.66206,0.000553405,0.0666389,0.0333264,0.0
5.66213,0.000559048,0.0499792,0.0289055,0.0
5.66155,0.000557427,0.0999584,0.0408078,0.0
5.66179,0.000559178,0.0166597,0.0166632,0.0
5.6619,0.000567675,0.133278,0.046929,0.0
5.66295,0.000572345,0.0999584,0.0408078,0.0
5.66295,0.000565534,0.0166597,0.0166632,0.0
5.66262,0.000551394,0.0499792,0.0289055,0.0
5.66246,0.000558918,0.0499792,0.0289055,0.0
5.6622,0.000570788,0.116618,0.0438684,0.0
5.66324,0.000561513,0.0333195,0.0234645,0.0
5.66302,0.000562097,0.0333195,0.0234645,0.0
5.66175,0.000556843,0.0666389,0.0333264,0.0
5.66309,0.000556194,0.0499792,0.0289055,0.0
5.66324,0.000563718,0.0666389,0.0333264,0.0
5.66243,0.00057001,0.0666389,0.0333264,0.0
5.6627,0.000567675,0.0832986,0.0370671,0.0
5.66296,0.000551978,0.0499792,0.0289055,0.0
5.66175,0.000566702,0.0499792,0.0289055,0.0
5.66265,0.00056534,0.0499792,0.0289055,0.0
5.66334,0.000563199,0.0832986,0.0370671,0.0
5.66285,0.000586874,0.116618,0.0438684,0.0
5.66266,0.000581555,0.0999584,0.0408078,0.0
5.66297,0.000559697,0.0166597,0.0166632,0.0
5.66188,0.000557816,0.0999584,0.0408078,0.0
5.6609,0.000551005,0.0499792,0.0289055,0.0
5.6619,0.000573058,0.133278,0.046929,0.0
5.66127,0.000561383,0.0832986,0.0370671,0.0
5.66192,0.000575588,0.0666389,0.0333264,0.0
5.66344,0.00056988,0.0499792,0.0289055,0.0
5.6636,0.000568648,0.0999584,0.0408078,0.0
5.66266,0.00057682,0.0499792,0.0289055,0.0
5.66225,0.000562421,0.0999584,0.0408078,0.0
5.6633,0.000568323,0.0832986,0.0370671,0.0
5.66349,0.00055587,0.133278,0.046929,0.0
5.66231,0.000578507,0.116618,0.0438684,0.0
5.66246,0.000572345,0.0666389,0.0333264,0.0
5.66329,0.000571891,0.0666389,0.0333264,0.0
5.66295,0.000557556,0.0832986,0.0370671,0.0
5.66227,0.000549708,0.0666389,0.0333264,0.0
5.66217,0.000572669,0.0666389,0.0333264,0.0
5.66273,0.000562486,0.0999584,0.0408078,0.0
5.66203,0.000561643,0.0166597,0.0166632,0.0
5.66215,0.000562356,0.0666389,0.0333264,0.0
5.66284,0.000579545,0.0666389,0.0333264,0.0
5.66319,0.00056761,0.149938,0.0499896,0.0
5.66294,0.000557881,0.0499792,0.0289055,0.0
5.66167,0.000561253,0.0499792,0.0289055,0.0
5.66239,0.00054854,0.0,0.0,0.0
5.66178,0.000551329,0.0666389,0.0333264,0.0
5.66305,0.000554702,0.0499792,0.0289055,0.0
5.66332,0.000554573,0.0666389,0.0333264,0.0
5.66251,0.000563199,0.0666389,0.0333264,0.0
5.66218,0.000563783,0.0166597,0.0166632,0.0
5.66228,0.000555416,0.0333195,0.0234645,0.0
5.6627,0.000556973,0.0666389,0.0333264,0.0
5.6623,0.000556194,0.0,0.0,0.0
5.66227,0.000588755,0.0499792,0.0289055,0.0
5.6632,0.000569426,0.0999584,0.0408078,0.0
5.66271,0.00056988,0.0999584,0.0408078,0.0
5.66299,0.000570594,0.116618,0.0438684,0.0
5.66241,0.000561448,0.0499792,0.0289055,0.0
5.66217,0.000552886,0.0666389,0.0333264,0.0
5.66292,0.000580518,0.0832986,0.0370671,0.0
5.66166,0.000556129,0.0499792,0.0289055,0.0
5.66184,0.000550681,0.0832986,0.0370671,0.0
5.66253,0.000561643,0.0333195,0.0234645,0.0
5.66368,0.000553016,0.0666389,0.0333264,0.0
5.66392,0.000562875,0.133278,0.046929,0.0
5.66218,0.000556064,0.0499792,0.0289055,0.0
5.66198,0.000569231,0.133278,0.046929,0.0
5.66272,0.000564951,0.0499792,0.0289055,0.0
5.66243,0.000568842,0.0999584,0.0408078,0.0
5.66327,0.000547049,0.0166597,0.0166632,0.0
5.66376,0.000556518,0.0999584,0.0408078,0.0
5.66185,0.000562486,0.116618,0.0438684,0.0
5.66204,0.000545686,0.0666389,0.0333264,0.0
5.66235,0.00057014,0.0999584,0.0408078,0.0
5.6625,0.000573318,0.0666389,0.0333264,0.0
5.66239,0.000552692,0.0499792,0.0289055,0.0
5.66316,0.000559502,0.0666389,0.0333264,0.0
5.66209,0.000562226,0.0333195,0.0234645,0.0
5.66269,0.00057215,0.0832986,0.0370671,0.0
5.66248,0.000576107,0.0832986,0.0370671,0.0
5.66252,0.00055587,0.0166597,0.0166632,0.0
5.6626,0.000549319,0.0666389,0.0333264,0.0
5.6623,0.000559308,0.0666389,0.0333264,0.0
5.66262,0.000549838,0.0666389,0.0333264,0.0
5.66237,0.000566053,0.0832986,0.0370671,0.0
5.66281,0.000565924,0.116618,0.0438684,0.0
5.663,0.000545751,0.0832986,0.0370671,0.0
5.66271,0.00057935,0.0666389,0.0333264,0.0
5.66276,0.000558983,0.0499792,0.0289055,0.0
5.66326,0.000574291,0.0666389,0.0333264,0.0
5.66286,0.000568194,0.0832986,0.0370671,0.0
5.66322,0.000599911,0.116618,0.0438684,0.0
5.66266,0.000572475,0.0666389,0.0333264,0.0
5.66281,0.000561707,0.0666389,0.0333264,0.0
5.66244,0.000577274,0.0832986,0.0370671,0.0
5.6637,0.00060043,0.149938,0.0499896,0.0
5.66252,0.000571696,0.0499792,0.0289055,0.0
5.66199,0.000547762,0.0166597,0.0166632,0.0
5.66175,0.000549254,0.0499792,0.0289055,0.0
5.66315,0.000548735,0.0666389,0.0333264,0.0
5.66288,0.000548605,0.0333195,0.0234645,0.0
5.66224,0.000557232,0.116618,0.0438684,0.0
5.66168,0.000536346,0.0166597,0.0166632,0.0
5.66161,0.000551329,0.0499792,0.0289055,0.0
5.6621,0.000579091,0.0999584,0.0408078,0.0
5.66212,0.000561513,0.0333195,0.0234645,0.0
5.66126,0.000547762,0.0333195,0.0234645,0.0
5.66155,0.000575329,0.0832986,0.0370671,0.0
5.66184,0.000561967,0.0166597,0.0166632,0.0
5.6619,0.000545881,0.0333195,0.0234645,0.0
5.66184,0.000558205,0.0666389,0.0333264,0.0
5.66159,0.00055827,0.0166597,0.0166632,0.0
5.66212,0.000556454,0.0499792,0.0289055,0.0
5.66217,0.000547762,0.0166597,0.0166632,0.0
5.66265,0.00057442,0.116618,0.0438684,0.0
5.66294,0.000555286,0.0666389,0.0333264,0.0
5.66225,0.000571112,0.116618,0.0438684,0.0
5.66281,0.000582463,0.0999584,0.0408078,0.0
5.66309,0.000589144,0.0666389,0.0333264,0.0
5.66211,0.00056281,0.0333195,0.0234645,0.0
5.66245,0.00055827,0.0666389,0.0333264,0.0
5.66261,0.000556713,0.0666389,0.0333264,0.0
5.66284,0.000553275,0.0499792,0.0289055,0.0
5.66249,0.000570269,0.0832986,0.0370671,0.0
5.66258,0.000555351,0.0499792,0.0289055,0.0
5.66255,0.000568064,0.0333195,0.0234645,0.0
5.66328,0.000573902,0.0666389,0.0333264,0.0
5.66252,0.000554897,0.0666389,0.0333264,0.0
5.66181,0.000548994,0.0166597,0.0166632,0.0
5.66242,0.000575004,0.0666389,0.0333264,0.0
5.66223,0.000548735,0.0499792,0.0289055,0.0
5.66215,0.000554378,0.0666389,0.0333264,0.0
5.66185,0.000537449,0.0,0.0,0.0
5.66207,0.000556389,0.0166597,0.0166632,0.0
5.66187,0.000559891,0.0333195,0.0234645,0.0
5.66171,0.000550357,0.0499792,0.0289055,0.0
5.66217,0.000552432,0.0832986,0.0370671,0.0
5.66237,0.000552562,0.116618,0.0438684,0.0
5.6622,0.000557686,0.0333195,0.0234645,0.0
5.66264,0.000585317,0.0832986,0.0370671,0.0
5.66291,0.000570204,0.0166597,0.0166632,0.0
5.6627,0.000571891,0.0333195,0.0234645,0.0
5.66247,0.000557556,0.0666389,0.0333264,0.0
5.66304,0.00054413,0.0166597,0.0166632,0.0
5.66207,0.000547243,0.0333195,0.0234645,0.0
5.6615,0.000536087,0.0166597,0.0166632,0.0
5.66229,0.000551913,0.0499792,0.0289055,0.0
5.66325,0.000572215,0.116618,0.0438684,0.0
5.66276,0.000556973,0.0333195,0.0234645,0.0
5.66301,0.000539654,0.0,0.0,0.0
5.6618,0.000543676,0.0333195,0.0234645,0.0
5.66147,0.00054173,0.0499792,0.0289055,0.0
5.66266,0.000544065,0.0666389,0.0333264,0.0
5.66196,0.000544065,0.0166597,0.0166632,0.0
5.66087,0.000543416,0.0333195,0.0234645,0.0
5.6622,0.000544584,0.0333195,0.0234645,0.0
5.66231,0.000543287,0.0,0.0,0.0
5.6623,0.000564237,0.0499792,0.0289055,0.0
5.66268,0.000545686,0.0,0.0,0.0
5.66283,0.000546335,0.0666389,0.0333264,0.0
5.66237,0.000564432,0.0499792,0.0289055,0.0
5.66347,0.000551784,0.0499792,0.0289055,0.0
5.6635,0.000568518,0.116618,0.0438684,0.0
5.66313,0.00056748,0.0333195,0.0234645,0.0
5.66349,0.000548735,0.0,0.0,0.0
5.66162,0.000550746,0.0333195,0.0234645,0.0
5.66168,0.000571048,0.0,0.0,0.0
5.66253,0.000559891,0.0666389,0.0333264,0.0
5.66297,0.000559437,0.0832986,0.0370671,0.0
5.66231,0.000564042,0.0666389,0.0333264,0.0
5.66211,0.000578961,0.0499792,0.0289055,0.0
5.66217,0.000581944,0.116618,0.0438684,0.0
5.66124,0.000562226,0.0166597,0.0166632,0.0
5.66134,0.000561707,0.116618,0.0438684,0.0
5.6631,0.000543351,0.0499792,0.0289055,0.0
5.66252,0.000547697,0.0499792,0.0289055,0.0
5.66206,0.000569102,0.116618,0.0438684,0.0
5.66227,0.000585512,0.116618,0.0438684,0.0
5.66227,0.000575329,0.0333195,0.0234645,0.0
5.66237,0.000572539,0.0499792,0.0289055,0.0
5.66298,0.000552562,0.0333195,0.0234645,0.0
5.66265,0.000544324,0.0333195,0.0234645,0.0
5.66222,0.000548151,0.0499792,0.0289055,0.0
5.66288,0.00056307,0.0666389,0.0333264,0.0
5.66237,0.000549967,0.0333195,0.0234645,0.0
5.66225,0.000541081,0.0333195,0.0234645,0.0
5.66261,0.000554248,0.0166597,0.0166632,0.0
5.66259,0.000550032,0.0499792,0.0289055,0.0
5.66275,0.000545946,0.0,0.0,0.0
5.66278,0.000546854,0.0333195,0.0234645,0.0
5.66355,0.000561837,0.0832986,0.0370671,0.0
5.66303,0.000549124,0.0499792,0.0289055,0.0
5.66248,0.000568777,0.0666389,0.0408078,0.0
5.66285,0.000563134,0.0166597,0.0166632,0.0
5.66245,0.000564561,0.0832986,0.0370671,0.0
5.66215,0.000558335,0.0333195,0.0234645,0.0
5.66231,0.000559308,0.0499792,0.0289055,0.0
5.66179,0.000544454,0.0333195,0.0234645,0.0
5.66239,0.000556324,0.0999584,0.0408078,0.0
5.66326,0.000562032,0.0499792,0.0289055,0.0
5.66244,0.000546854,0.0499792,0.0289055,0.0
5.662,0.000551329,0.0333195,0.0234645,0.0
5.6619,0.000572669,0.0666389,0.0333264,0.0
5.66183,0.000569102,0.0666389,0.0333264,0.0
5.66293,0.000550357,0.0333195,0.0234645,0.0
5.66241,0.000556973,0.0832986,0.0442085,0.0
5.6633,0.000559762,0.0333195,0.0234645,0.0
5.66342,0.00055561,0.0832986,0.0370671,0.0
5.66343,0.000560151,0.0499792,0.0289055,0.0
5.66308,0.000563653,0.0499792,0.0289055,0.0
5.66296,0.000547438,0.0499792,0.0289055,0.0
5.66278,0.000570464,0.0333195,0.0234645,0.0
5.66353,0.000569556,0.0499792,0.0289055,0.0
5.66298,0.000563394,0.116618,0.0438684,0.0
5.66254,0.000561124,0.0499792,0.0289055,0.0
5.6621,0.000544649,0.0166597,0.0166632,0.0
5.66206,0.000540173,0.0166597,0.0166632,0.0
5.6623,0.000539265,0.0,0.0,0.0
5.66218,0.000552886,0.0666389,0.0333264,0.0
5.66262,0.000556,0.0166597,0.0166632,0.0
5.6623,0.000561772,0.0666389,0.0333264,0.0
5.6626,0.000567091,0.0499792,0.0289055,0.0
5.66287,0.000552043,0.0499792,0.0289055,0.0
5.66221,0.000556843,0.0499792,0.0289055,0.0
5.66296,0.000547178,0.0333195,0.0234645,0.0
5.66287,0.000557881,0.0499792,0.0289055,0.0
5.66144,0.000544065,0.0499792,0.0289055,0.0
5.66258,0.000543416,0.0499792,0.0289055,0.0
5.66245,0.000555675,0.0166597,0.0166632,0.0
5.66237,0.000548346,0.0,0.0,0.0
5.66296,0.000556778,0.0499792,0.0289055,0.0
5.66368,0.000546076,0.0666389,0.0333264,0.0
5.66318,0.00053706,0.0499792,0.0289055,0.0
5.6631,0.000537838,0.0832986,0.0370671,0.0
5.66295,0.00056508,0.0166597,0.0166632,0.0
5.66176,0.000564951,0.0,0.0,0.0
5.66213,0.000541665,0.0499792,0.0289055,0.0
5.6629,0.00055801,0.0,0.0,0.0
5.6622,0.000545816,0.0,0.0,0.0
5.66262,0.000556454,0.0499792,0.0289055,0.0
5.6632,0.000558075,0.0333195,0.0234645,0.0
5.6623,0.000560021,0.0166597,0.0166632,0.0
5.66175,0.000560864,0.0832986,0.0370671,0.0
5.66227,0.000538487,0.0166597,0.0166632,0.0
5.66217,0.000549513,0.0666389,0.0333264,0.0
5.66208,0.000548994,0.0166597,0.0166632,0.0
5.66269,0.000544065,0.0333195,0.0234645,0.0
5.66269,0.000542054,0.0666389,0.0333264,0.0
5.66338,0.000550746,0.0666389,0.0333264,0.0
5.66323,0.000573253,0.0499792,0.0289055,0.0
5.66177,0.000561383,0.0666389,0.0333264,0.0
5.66188,0.000576626,0.116618,0.0438684,0.0
5.66244,0.000559372,0.0499792,0.0289055,0.0
5.66238,0.000572929,0.0666389,0.0333264,0.0
5.66275,0.000542897,0.0166597,0.0166632,0.0
5.66255,0.000562032,0.0666389,0.0333264,0.0
5.66178,0.000558529,0.0499792,0.0289055,0.0
5.66234,0.000547892,0.0333195,0.0234645,0.0
5.66265,0.00055334,0.0832986,0.0370671,0.0
5.6628,0.000545103,0.0499792,0.0289055,0.0
5.6625,0.000575588,0.0499792,0.0289055,0.0
5.663,0.000565275,0.0166597,0.0166632,0.0
5.66344,0.000544065,0.0666389,0.0333264,0.0
5.66209,0.000563394,0.0832986,0.0370671,0.0
5.66296,0.000561059,0.0832986,0.0370671,0.0
5.66288,0.000554378,0.0166597,0.0166632,0.0
5.66318,0.000548022,0.0499792,0.0289055,0.0
5.6622,0.000533752,0.0832986,0.0370671,0.0
5.66312,0.00056028,0.0832986,0.0370671,0.0
5.66216,0.000542249,0.0,0.0,0.0
5.66106,0.000535308,0.0166597,0.0166632,0.0
5.66214,0.000528693,0.0333195,0.0234645,0.0
5.66274,0.000537644,0.0166597,0.0166632,0.0
5.66227,0.000544584,0.0333195,0.0234645,0.0
5.66259,0.000540822,0.0666389,0.0333264,0.0
5.66223,0.000559826,0.0333195,0.0234645,0.0
5.6612,0.000535957,0.0166597,0.0166632,0.0
5.66149,0.000551784,0.0999584,0.0408078,0.0
5.66303,0.000554637,0.0,0.0,0.0
5.66217,0.0005536,0.0333195,0.0234645,0.0
5.66222,0.00054653,0.0333195,0.0234645,0.0
5.66283,0.000564107,0.0333195,0.0234645,0.0
5.66168,0.000557297,0.0666389,0.0333264,0.0
5.66238,0.000562486,0.0499792,0.0289055,0.0
5.66302,0.000547632,0.0,0.0,0.0
5.66174,0.00054413,0.0166597,0.0166632,0.0
5.66274,0.000561902,0.0166597,0.0166632,0.0
5.66309,0.000561448,0.0166597,0.0166632,0.0
5.66246,0.000552238,0.0333195,0.0234645,0.0
5.66248,0.000545168,0.0333195,0.0234645,0.0
5.66274,0.000540822,0.0666389,0.0333264,0.0
5.66316,0.000542184,0.0666389,0.0333264,0.0
5.66263,0.000584085,0.0166597,0.0166632,0.0
5.66255,0.000542184,0.0333195,0.0234645,0.0
5.66305,0.000564951,0.0999584,0.0408078,0.0
5.66305,0.000552173,0.116618,0.0438684,0.0
5.66211,0.00056041,0.0333195,0.0234645,0.0
5.66305,0.000557102,0.0666389,0.0333264,0.0
5.66286,0.000553081,0.0832986,0.0370671,0.0
5.6621,0.000568259,0.0666389,0.0333264,0.0
5.66197,0.000549124,0.0,0.0,0.0
5.66226,0.000575653,0.0832986,0.0370671,0.0
5.66159,0.000557362,0.0166597,0.0166632,0.0
5.66166,0.000553405,0.0832986,0.0370671,0.0
5.66306,0.000576237,0.0499792,0.0289055,0.0
5.66317,0.000550421,0.0166597,0.0166632,0.0
5.66153,0.00054867,0.0,0.0,0.0
5.66185,0.000544778,0.0166597,0.0166632,0.0
5.66111,0.000556583,0.0832986,0.0370671,0.0
5.66224,0.000558529,0.0166597,0.0166632,0.0
5.66328,0.000562226,0.0499792,0.0289055,0.0
5.66279,0.000569102,0.0499792,0.0289055,0.0
5.66301,0.000547503,0.0166597,0.0166632,0.0
5.66308,0.000544324,0.0832986,0.0370671,0.0
5.66308,0.000554443,0.0166597,0.0166632,0.0
5.66353,0.000550746,0.0,0.0,0.0
5.66223,0.000561772,0.0499792,0.0289055,0.0
5.66207,0.000555546,0.0166597,0.0166632,0.0
5.66272,0.000571761,0.0166597,0.0166632,0.0
5.66333,0.000540757,0.0166597,0.0166632,0.0
5.66253,0.000552302,0.0499792,0.0289055,0.0
5.66256,0.000543027,0.0,0.0,0.0
5.66223,0.000558918,0.0166597,0.0166632,0.0
5.66186,0.000547567,0.0166597,0.0166632,0.0
5.66202,0.000535892,0.0333195,0.0234645,0.0
5.66332,0.000562421,0.0666389,0.0333264,0.0
5.66328,0.000554378,0.0832986,0.0370671,0.0
5.66261,0.000545492,0.0499792,0.0289055,0.0
5.66263,0.000552951,0.0666389,0.0333264,0.0
5.66287,0.000556583,0.0999584,0.0408078,0.0
5.66317,0.000549254,0.0666389,0.0333264,0.0
5.66289,0.000583631,0.0666389,0.0333264,0.0
5.66202,0.000554897,0.0333195,0.0234645,0.0
5.66249,0.000543935,0.0499792,0.0289055,0.0
5.66366,0.000548216,0.0666389,0.0333264,0.0
5.66323,0.000558659,0.0166597,0.0166632,0.0
5.66283,0.000562161,0.0832986,0.0370671,0.0
5.66233,0.000548865,0.0,0.0,0.0
5.66247,0.000560086,0.0832986,0.0370671,0.0
5.66305,0.000589274,0.116618,0.0438684,0.0
5.66247,0.000556908,0.0333195,0.0234645,0.0
5.66257,0.000554962,0.0333195,0.0234645,0.0
5.66264,0.000554702,0.0666389,0.0333264,0.0
5.66183,0.000538098,0.0,0.0,0.0
5.66243,0.000542573,0.0166597,0.0166632,0.0
5.66237,0.000558464,0.0499792,0.0289055,0.0
5.66247,0.000558594,0.0,0.0,0.0
5.66223,0.000557945,0.0499792,0.0289055,0.0
5.66209,0.000547697,0.0333195,0.0234645,0.0
5.66267,0.000562551,0.0499792,0.0289055,0.0
5.66274,0.000565664,0.0333195,0.0234645,0.0
5.66202,0.000554637,0.0333195,0.0234645,0.0
5.66124,0.000561902,0.0666389,0.0333264,0.0
5.66242,0.000540822,0.0499792,0.0289055,0.0
5.66258,0.000560605,0.0166597,0.0166632,0.0
5.66274,0.000579739,0.0666389,0.0333264,0.0
5.66223,0.000556713,0.0333195,0.0234645,0.0
5.66258,0.000570658,0.0499792,0.0289055,0.0
5.66229,0.000557037,0.0166597,0.0166632,0.0
5.66204,0.000554962,0.0499792,0.0289055,0.0
5.66205,0.000544324,0.0,0.0,0.0
5.66269,0.000560605,0.0499792,0.0289055,0.0
5.66273,0.000550097,0.0166597,0.0166632,0.0
5.66191,0.000544778,0.0666389,0.0333264,0.0
5.66244,0.000578377,0.0333195,0.0234645,0.0
5.66262,0.000570269,0.0999584,0.0408078,0.0
5.66269,0.000560864,0.0333195,0.0234645,0.0
5.66271,0.000557751,0.0499792,0.0289055,0.0
5.66284,0.000564302,0.0499792,0.0289055,0.0
5.66227,0.000547049,0.0499792,0.0289055,0.0
5.66067,0.000550162,0.0166597,0.0166632,0.0
5.66128,0.000540692,0.0166597,0.0166632,0.0
5.66212,0.000542573,0.0,0.0,0.0
5.66178,0.000549838,0.0499792,0.0289055,0.0
5.66181,0.000554183,0.0166597,0.0166632,0.0
5.66197,0.000538552,0.0499792,0.0289055,0.0
5.66245,0.000547892,0.0333195,0.0234645,0.0
5.66308,0.000540173,0.0333195,0.0234645,0.0
5.66272,0.000554313,0.0333195,0.0234645,0.0
5.66232,0.000569945,0.116618,0.0438684,0.0
5.66305,0.000547632,0.0499792,0.0289055,0.0
5.66304,0.000570075,0.0333195,0.0234645,0.0
5.66293,0.000562551,0.0666389,0.0333264,0.0
5.66266,0.00053706,0.0499792,0.0289055,0.0
5.6628,0.000552821,0.0499792,0.0289055,0.0
5.66238,0.000570918,0.0499792,0.0289055,0.0
5.66322,0.000578377,0.0333195,0.0234645,0.0
5.66264,0.000552951,0.0,0.0,0.0
5.66226,0.000557491,0.0666389,0.0333264,0.0
5.66164,0.00056054,0.0333195,0.0234645,0.0
5.66196,0.000545038,0.0333195,0.0234645,0.0
5.66124,0.000530703,0.0,0.0,0.0
5.66167,0.000546854,0.0333195,0.0234645,0.0
5.66218,0.00054173,0.0499792,0.0289055,0.0
5.66193,0.00056028,0.0333195,0.0234645,0.0
5.66234,0.000540173,0.0333195,0.0234645,0.0
5.66175,0.000544389,0.0333195,0.0234645,0.0
5.66172,0.000537125,0.0166597,0.0166632,0.0
5.66211,0.000550875,0.0166597,0.0166632,0.0
5.66356,0.000576431,0.149938,0.0499896,0.0
5.6626,0.000571956,0.0499792,0.0289055,0.0
5.66235,0.000565015,0.0333195,0.0234645,0.0
5.66228,0.000579415,0.0333195,0.0234645,0.0
5.66253,0.000559048,0.0499792,0.0289055,0.0
5.6627,0.000551913,0.0166597,0.0166632,0.0
5.66231,0.0005488,0.0666389,0.0333264,0.0
5.66237,0.000561643,0.0333195,0.0234645,0.0
5.66145,0.000537708,0.0499792,0.0289055,0.0
5.662,0.000549708,0.0166597,0.0166632,0.0
5.66299,0.000553535,0.0333195,0.0234645,0.0
5.66303,0.0005392,0.0499792,0.0289055,0.0
5.66344,0.000567415,0.0499792,0.0289055,0.0
5.66213,0.000549838,0.0499792,0.0289055,0.0
5.66177,0.000550227,0.0499792,0.0289055,0.0
5.66361,0.000550032,0.0499792,0.0289055,0.0
5.66281,0.000533946,0.0333195,0.0234645,0.0
5.66201,0.000562421,0.0333195,0.0234645,0.0
5.66261,0.000546141,0.0499792,0.0289055,0.0
5.66235,0.000548151,0.0333195,0.0234645,0.0
5.66175,0.000547892,0.0499792,0.0289055,0.0
5.66162,0.000577404,0.0666389,0.0333264,0.0
5.66209,0.000562486,0.0333195,0.0234645,0.0
5.6629,0.000552562,0.0666389,0.0333264,0.0
5.66237,0.000535892,0.0333195,0.0234645,0.0
5.66148,0.000564561,0.0333195,0.0234645,0.0
5.66186,0.000548605,0.0166597,0.0166632,0.0
5.6618,0.00054186,0.0166597,0.0166632,0.0
5.66249,0.000530314,0.0166597,0.0166632,0.0
5.66232,0.000547503,0.0166597,0.0166632,0.0
5.66143,0.000542897,0.0333195,0.0234645,0.0
5.66243,0.000549578,0.0166597,0.0166632,0.0
5.66301,0.000530509,0.0,0.0,0.0
5.66319,0.000545103,0.0666389,0.0333264,0.0
5.66313,0.000549254,0.0333195,0.0234645,0.0
5.66262,0.000550227,0.0499792,0.0289055,0.0
5.66323,0.000557167,0.0166597,0.0166632,0.0
5.66249,0.000549643,0.0166597,0.0166632,0.0
5.66212,0.000560994,0.0499792,0.0289055,0.0
5.662,0.000561124,0.0499792,0.0289055,0.0
5.66254,0.000557102,0.0499792,0.0289055,0.0
5.66262,0.000546205,0.0,0.0,0.0
5.66213,0.000530444,0.0,0.0,0.0
5.66254,0.000533622,0.0,0.0,0.0
5.66289,0.000547373,0.0333195,0.0234645,0.0
5.66214,0.000545038,0.0166597,0.0166632,0.0
5.66108,0.000544389,0.0333195,0.0234645,0.0
5.66165,0.000565664,0.0166597,0.0166632,0.0
5.66165,0.000542962,0.0333195,0.0234645,0.0
5.66328,0.00054867,0.0166597,0.0166632,0.0
5.66197,0.000536865,0.0166597,0.0166632,0.0
5.66171,0.000540173,0.0333195,0.0234645,0.0
5.66193,0.000544843,0.0333195,0.0234645,0.0
5.66257,0.000555675,0.0999584,0.0408078,0.0
5.66141,0.000552886,0.0499792,0.0289055,0.0
5.66206,0.000550357,0.0166597,0.0166632,0.0
5.66225,0.000555675,0.0333195,0.0234645,0.0
5.66181,0.000558464,0.0499792,0.0289055,0.0
5.66211,0.0005464,0.0333195,0.0234645,0.0
5.66263,0.000556064,0.0832986,0.0370671,0.0
5.66211,0.000552562,0.0499792,0.0289055,0.0
5.66135,0.000538357,0.0166597,0.0166632,0.0
5.66164,0.00052759,0.0166597,0.0166632,0.0
5.66181,0.00055347,0.0333195,0.0234645,0.0
5.66232,0.000559762,0.0333195,0.0234645,0.0
5.66245,0.000564951,0.0666389,0.0333264,0.0
5.66273,0.000572864,0.0333195,0.0234645,0.0
5.66257,0.000554313,0.0499792,0.0289055,0.0
5.66283,0.000561707,0.0166597,0.0166632,0.0
5.66156,0.000532065,0.0333195,0.0234645,0.0
5.66265,0.000563913,0.0499792,0.0289055,0.0
5.66276,0.000559178,0.0832986,0.0370671,0.0
5.66273,0.000548086,0.0499792,0.0289055,0.0
5.66263,0.000551913,0.0999584,0.0408078,0.0
5.66274,0.000569167,0.0166597,0.0166632,0.0
5.66216,0.000530055,0.0166597,0.0166632,0.0
5.6624,0.000545038,0.0166597,0.0166632,0.0
5.66196,0.000529406,0.0166597,0.0166632,0.0
5.66169,0.000549319,0.0333195,0.0234645,0.0
5.66151,0.000549578,0.0666389,0.0333264,0.0
5.66202,0.000563588,0.0499792,0.0289055,0.0
5.66275,0.000552951,0.0832986,0.0370671,0.0
5.66298,0.000569167,0.0333195,0.0234645,0.0
5.66179,0.000546984,0.0166597,0.0166632,0.0
5.66198,0.000547632,0.0166597,0.0166632,0.0
5.66269,0.000539525,0.0166597,0.0166632,0.0
5.6627,0.000538033,0.0333195,0.0234645,0.0
5.66128,0.000536995,0.0666389,0.0333264,0.0
5.66164,0.000554443,0.0333195,0.0234645,0.0
5.6622,0.000543741,0.0166597,0.0166632,0.0
5.66198,0.000554962,0.0499792,0.0289055,0.0
5.66269,0.00056508,0.0499792,0.0289055,0.0
5.6634,0.000574874,0.0499792,0.0289055,0.0
5.66376,0.000558464,0.0166597,0.0166632,0.0
5.66352,0.00054893,0.0166597,0.0166632,0.0
5.66339,0.000554378,0.0832986,0.0370671,0.0
5.6629,0.00056028,0.0333195,0.0234645,0.0
5.66098,0.000540562,0.0,0.0,0.0
5.66206,0.000525644,0.0333195,0.0234645,0.0
5.66267,0.000547049,0.0499792,0.0289055,0.0
5.66203,0.000542508,0.0166597,0.0166632,0.0
5.66272,0.00054413,0.0333195,0.0234645,0.0
5.66276,0.000534336,0.0333195,0.0234645,0.0
5.66211,0.000537254,0.0333195,0.0234645,0.0
5.66176,0.00056294,0.0499792,0.0289055,0.0
5.66209,0.000560799,0.0832986,0.0370671,0.0
5.66194,0.000565275,0.0166597,0.0166632,0.0
5.66234,0.000545946,0.0333195,0.0234645,0.0
5.66286,0.000548086,0.0166597,0.0166632,0.0
5.66206,0.000547762,0.0166597,0.0166632,0.0
5.66208,0.000553405,0.0166597,0.0166632,0.0
5.66278,0.000550421,0.0499792,0.0289055,0.0
5.66207,0.000542962,0.0166597,0.0166632,0.0
5.66222,0.000540692,0.0499792,0.0289055,0.0
5.66245,0.000546076,0.0499792,0.0289055,0.0
5.66203,0.000550486,0.0,0.0,0.0
5.66342,0.000546984,0.0499792,0.0289055,0.0
5.66232,0.000539265,0.0333195,0.0234645,0.0
5.66242,0.000537903,0.0499792,0.0289055,0.0
5.66307,0.00053479,0.0333195,0.0234645,0.0
5.66146,0.000544389,0.0333195,0.0234645,0.0
5.66239,0.000556389,0.0832986,0.0370671,0.0
5.66228,0.000563783,0.0333195,0.0234645,0.0
5.66202,0.000540562,0.0499792,0.0289055,0.0
5.66148,0.000567934,0.0832986,0.0370671,0.0
5.66163,0.000551719,0.0333195,0.0234645,0.0
5.66179,0.000554897,0.0333195,0.0234645,0.0
5.66175,0.000536671,0.0666389,0.0333264,0.0
5.66227,0.000547567,0.0166597,0.0166632,0.0
5.66097,0.000548411,0.0,0.0,0.0
5.66147,0.000540433,0.0,0.0,0.0
5.6619,0.000547762,0.0,0.0,0.0
5.66111,0.000550097,0.0,0.0,0.0
5.66259,0.000549773,0.0666389,0.0333264,0.0
5.66284,0.000551524,0.0666389,0.0333264,0.0
5.66279,0.000558529,0.0333195,0.0234645,0.0
5.66309,0.00055347,0.0,0.0,0.0
5.66337,0.000535438,0.0333195,0.0234645,0.0
5.66301,0.00055321,0.0499792,0.0289055,0.0
5.66223,0.000544649,0.0333195,0.0234645,0.0
5.66285,0.000554248,0.0666389,0.0333264,0.0
5.66339,0.000557816,0.0499792,0.0289055,0.0
5.66238,0.00054147,0.0166597,0.0166632,0.0
5.66337,0.000542249,0.0999584,0.0408078,0.0
5.66309,0.000538227,0.0166597,0.0166632,0.0
5.66193,0.000564951,0.0333195,0.0234645,0.0
5.66243,0.000557816,0.0666389,0.0333264,0.0
5.66127,0.000569815,0.0999584,0.0408078,0.0
5.66128,0.00054893,0.0,0.0,0.0
5.66196,0.000553794,0.0333195,0.0234645,0.0
5.66209,0.000541211,0.0333195,0.0234645,0.0
5.66191,0.000541795,0.0499792,0.0289055,0.0
5.66182,0.000556454,0.0333195,0.0234645,0.0
5.66207,0.000538292,0.0,0.0,0.0
5.663,0.000574356,0.0333195,0.0234645,0.0
5.6627,0.000563588,0.0499792,0.0289055,0.0
5.66222,0.000552886,0.0166597,0.0166632,0.0
5.66263,0.000549643,0.0166597,0.0166632,0.0
5.66233,0.000529795,0.0499792,0.0289055,0.0
5.66202,0.000533492,0.0333195,0.0234645,0.0
5.66204,0.000536995,0.0,0.0,0.0
5.66287,0.000523504,0.0333195,0.0234645,0.0
5.6625,0.000559437,0.0499792,0.0289055,0.0
5.66236,0.000566118,0.0832986,0.0370671,0.0
5.66151,0.000542249,0.0166597,0.0166632,0.0
5.66116,0.000554378,0.0333195,0.0234645,0.0
5.66197,0.000540043,0.0,0.0,0.0
5.66215,0.000527849,0.0166597,0.0166632,0.0
5.66157,0.000544843,0.0,0.0,0.0
5.6619,0.000544065,0.0666389,0.0333264,0.0
5.66324,0.000553275,0.0333195,0.0234645,0.0
5.66101,0.000534919,0.0166597,0.0166632,0.0
5.66153,0.000554897,0.0666389,0.0333264,0.0
5.66164,0.00056268,0.0499792,0.0289055,0.0
5.66219,0.000543805,0.0166597,0.0166632,0.0
5.66148,0.000541146,0.0499792,0.0289055,0.0
5.66143,0.000545168,0.0,0.0,0.0
5.66174,0.000538227,0.0499792,0.0289055,0.0
5.66229,0.000550616,0.0333195,0.0234645,0.0
5.66212,0.000539265,0.0,0.0,0.0
5.66199,0.000545686,0.0166597,0.0166632,0.0
5.66293,0.0005464,0.0499792,0.0289055,0.0
5.66241,0.000537773,0.0499792,0.0289055,0.0
5.66242,0.000547178,0.0,0.0,0.0
5.66203,0.000544065,0.0166597,0.0166632,0.0
5.66195,0.000553016,0.0166597,0.0166632,0.0
5.66319,0.00053226,0.0,0.0,0.0
5.66246,0.000567415,0.116618,0.0438684,0.0
5.66265,0.000562875,0.0666389,0.0333264,0.0
5.6619,0.000535244,0.0166597,0.0166632,0.0
5.66252,0.000556713,0.0333195,0.0234645,0.0
5.66282,0.0005488,0.0166597,0.0166632,0.0
5.66202,0.000552951,0.0333195,0.0234645,0.0
5.66119,0.000541081,0.0,0.0,0.0
5.66177,0.00053239,0.0333195,0.0234645,0.0
5.66208,0.000544714,0.0499792,0.0289055,0.0
5.66166,0.000548281,0.0333195,0.0234645,0.0
5.6624,0.000547113,0.0333195,0.0234645,0.0
5.6618,0.000542833,0.0666389,0.0333264,0.0
5.66189,0.000547632,0.0666389,0.0333264,0.0
5.6623,0.000562356,0.0832986,0.0370671,0.0
5.662,0.000573448,0.0666389,0.0333264,0.0
5.66247,0.0005464,0.0166597,0.0166632,0.0
5.66278,0.000551394,0.0666389,0.0333264,0.0
5.6625,0.000554702,0.0832986,0.0370671,0.0
5.66271,0.000556324,0.0333195,0.0234645,0.0
5.66222,0.000553081,0.0333195,0.0234645,0.0
5.66279,0.000546335,0.0166597,0.0166632,0.0
5.66306,0.000557686,0.0666389,0.0333264,0.0
5.66225,0.000561253,0.0499792,0.0289055,0.0
5.66155,0.000549384,0.0499792,0.0289055,0.0
5.66215,0.000553016,0.0666389,0.0333264,0.0
5.66222,0.00055334,0.0499792,0.0289055,0.0
5.6633,0.000544843,0.0499792,0.0289055,0.0
5.66317,0.000557362,0.0666389,0.0333264,0.0
5.6625,0.000547503,0.0666389,0.0333264,0.0
5.66253,0.000555351,0.0832986,0.0370671,0.0
5.66262,0.000569426,0.0666389,0.0333264,0.0
5.66254,0.000547632,0.0,0.0,0.0
5.66249,0.000539654,0.0499792,0.0289055,0.0
5.66249,0.000542184,0.0499792,0.0289055,0.0
5.66173,0.000546465,0.0499792,0.0289055,0.0
5.66228,0.000569686,0.0832986,0.0370671,0.0
5.66283,0.000550746,0.0333195,0.0234645,0.0
5.66263,0.000547957,0.0166597,0.0166632,0.0
5.66213,0.0005488,0.0166597,0.0166632,0.0
5.66216,0.000554767,0.0499792,0.0289055,0.0
5.66222,0.000547503,0.0166597,0.0166632,0.0
5.66134,0.000516369,0.0333195,0.0234645,0.0
5.6621,0.000542443,0.0,0.0,0.0
5.66265,0.000568453,0.0499792,0.0289055,0.0
5.66244,0.000551978,0.0832986,0.0370671,0.0
5.66284,0.000543222,0.0166597,0.0166632,0.0
5.662,0.000536346,0.0166597,0.0166632,0.0
5.66241,0.000553924,0.0666389,0.0333264,0.0
5.66264,0.000543351,0.0,0.0,0.0
5.66211,0.000547178,0.0666389,0.0333264,0.0
5.66268,0.000554313,0.0,0.0,0.0
5.6627,0.000558529,0.0666389,0.0333264,0.0
5.662,0.000547762,0.0499792,0.0289055,0.0
5.66204,0.000541665,0.0,0.0,0.0
5.6627,0.000541535,0.0333195,0.0234645,0.0
5.66232,0.000540303,0.0333195,0.0234645,0.0
5.66164,0.000536865,0.0499792,0.0289055,0.0
5.66158,0.000553405,0.0166597,0.0166632,0.0
5.66183,0.000534919,0.0,0.0,0.0
5.66193,0.000543157,0.0,0.0,0.0
5.66219,0.000533882,0.0166597,0.0166632,0.0
5.66255,0.000538941,0.0166597,0.0166632,0.0
5.66222,0.000541924,0.0499792,0.0289055,0.0
5.66218,0.000539525,0.0333195,0.0234645,0.0
5.66246,0.000550357,0.0666389,0.0333264,0.0
5.66266,0.000543805,0.0333195,0.0234645,0.0
5.6616,0.000564886,0.0166597,0.0166632,0.0
5.66128,0.000535373,0.0166597,0.0166632,0.0
5.66147,0.000564756,0.0832986,0.0370671,0.0
5.66173,0.000543027,0.0,0.0,0.0
5.66187,0.000550811,0.0166597,0.0166632,0.0
5.66191,0.000549448,0.0499792,0.0289055,0.0
5.66203,0.000528498,0.0166597,0.0166632,0.0
5.66185,0.000534076,0.0,0.0,0.0
5.66222,0.000542897,0.0166597,0.0166632,0.0
5.66193,0.000560151,0.0166597,0.0166632,0.0
5.66182,0.000549643,0.0499792,0.0289055,0.0
5.66217,0.000557686,0.0333195,0.0234645,0.0
5.6623,0.000535244,0.0166597,0.0166632,0.0
5.66207,0.000539914,0.0166597,0.0166632,0.0
5.66216,0.000544519,0.0166597,0.0166632,0.0
5.66313,0.00055814,0.0499792,0.0289055,0.0
5.66271,0.000549967,0.0166597,0.0166632,0.0
5.66217,0.00054867,0.0333195,0.0234645,0.0
5.66286,0.00054893,0.0666389,0.0333264,0.0
5.66281,0.000538357,0.0,0.0,0.0
5.6626,0.000537838,0.0166597,0.0166632,0.0
5.66243,0.000539525,0.0333195,0.0234645,0.0
5.66241,0.000542378,0.0499792,0.0289055,0.0
5.66178,0.000537319,0.0166597,0.0166632,0.0
5.66186,0.000532519,0.0333195,0.0234645,0.0
5.66244,0.000539135,0.0333195,0.0234645,0.0
5.66213,0.000525385,0.0499792,0.0289055,0.0
5.66252,0.000541016,0.0166597,0.0166632,0.0
5.66274,0.000543935,0.0,0.0,0.0
5.66185,0.000559762,0.0333195,0.0234645,0.0
5.66174,0.000540303,0.0333195,0.0234645,0.0
5.66219,0.000543481,0.0166597,0.0166632,0.0
5.66181,0.000547827,0.0333195,0.0234645,0.0
5.66194,0.000544649,0.0,0.0,0.0
5.66313,0.000546854,0.0166597,0.0166632,0.0
5.66254,0.000552238,0.0333195,0.0234645,0.0
5.66225,0.00054627,0.0666389,0.0333264,0.0
5.6621,0.000550162,0.0499792,0.0289055,0.0
5.66267,0.000553859,0.0999584,0.0408078,0.0
5.66222,0.000543027,0.0,0.0,0.0
5.66108,0.000542508,0.0166597,0.0166632,0.0
5.66234,0.0005488,0.0333195,0.0234645,0.0
5.66209,0.000539525,0.0333195,0.0234645,0.0
5.66206,0.000544454,0.0499792,0.0289055,0.0
5.66172,0.000543805,0.0333195,0.0234645,0.0
5.66213,0.000544973,0.0499792,0.0289055,0.0
5.66198,0.000552497,0.0499792,0.0289055,0.0
5.66311,0.000558075,0.0666389,0.0333264,0.0
5.66215,0.000545362,0.0166597,0.0166632,0.0
5.66111,0.000559372,0.0333195,0.0234645,0.0
5.66194,0.0005536,0.0,0.0,0.0
5.66263,0.000551848,0.0333195,0.0234645,0.0
5.66226,0.000543741,0.0832986,0.0370671,0.0
5.6616,0.000549578,0.0333195,0.0234645,0.0
5.66237,0.000548086,0.0166597,0.0166632,0.0
5.66293,0.000545492,0.0333195,0.0234645,0.0
5.66276,0.000543351,0.0333195,0.0234645,0.0
5.66271,0.000549838,0.0499792,0.0289055,0.0
5.66335,0.000543351,0.0166597,0.0166632,0.0
5.66285,0.000526098,0.0166597,0.0166632,0.0
5.66236,0.000550681,0.0,0.0,0.0
5.6626,0.000560021,0.0499792,0.0289055,0.0
5.66255,0.000536411,0.0,0.0,0.0
5.66246,0.000542443,0.0166597,0.0166632,0.0
5.66259,0.000548346,0.0499792,0.0289055,0.0
5.66237,0.000541211,0.0,0.0,0.0
5.66257,0.000557362,0.0666389,0.0333264,0.0
5.66152,0.000540433,0.0166597,0.0166632,0.0
5.66309,0.000553535,0.0333195,0.0234645,0.0
5.66218,0.000538422,0.0166597,0.0166632,0.0
5.66062,0.000556324,0.0333195,0.0234645,0.0
5.66214,0.00054627,0.0,0.0,0.0
5.66251,0.000545297,0.0166597,0.0166632,0.0
5.66234,0.000539979,0.0333195,0.0234645,0.0
5.66215,0.000544259,0.0832986,0.0370671,0.0
5.66259,0.000554508,0.0333195,0.0234645,0.0
5.6622,0.000556,0.0,0.0,0.0
5.66172,0.000558399,0.0499792,0.0289055,0.0
5.6617,0.000553081,0.0333195,0.0234645,0.0
5.66189,0.000541924,0.0333195,0.0234645,0.0
5.66263,0.000549384,0.0166597,0.0166632,0.0
5.66251,0.000556454,0.0499792,0.0289055,0.0
5.66242,0.000546724,0.0166597,0.0166632,0.0
5.66246,0.000537838,0.0,0.0,0.0
5.66252,0.000551394,0.0333195,0.0234645,0.0
5.66211,0.000548346,0.0333195,0.0234645,0.0
5.66215,0.000535503,0.0,0.0,0.0
5.66224,0.000548086,0.0499792,0.0289055,0.0
5.66276,0.000559178,0.0333195,0.0234645,0.0
5.66202,0.000558594,0.0166597,0.0166632,0.0
5.66205,0.000557102,0.0166597,0.0166632,0.0
5.66218,0.000558529,0.0999584,0.0408078,0.0
5.66119,0.000554637,0.0166597,0.0166632,0.0
5.66094,0.000555481,0.0333195,0.0234645,0.0
5.66162,0.000550681,0.0166597,0.0166632,0.0
5.66168,0.000542314,0.0166597,0.0166632,0.0
5.66181,0.000538681,0.0166597,0.0166632,0.0
5.66231,0.000542184,0.0166597,0.0166632,0.0
5.66228,0.000537319,0.0,0.0,0.0
5.66199,0.000544065,0.0333195,0.0234645,0.0
5.66272,0.000561189,0.0499792,0.0289055,0.0
5.66337,0.000554054,0.0499792,0.0289055,0.0
5.66214,0.00053239,0.0166597,0.0166632,0.0
5.66197,0.000539589,0.0166597,0.0166632,0.0
5.66287,0.000551654,0.0333195,0.0234645,0.0
5.66259,0.0005416,0.0166597,0.0166632,0.0
5.66236,0.000543092,0.0333195,0.0234645,0.0
5.66293,0.000545232,0.0333195,0.0234645,0.0
5.66216,0.0005392,0.0,0.0,0.0
5.66232,0.000539589,0.0166597,0.0166632,0.0
5.66188,0.000551913,0.0666389,0.0333264,0.0
5.66181,0.000555675,0.0666389,0.0333264,0.0
5.66217,0.000559502,0.0666389,0.0333264,0.0
5.66284,0.000533687,0.0,0.0,0.0
5.66204,0.000556389,0.0832986,0.0370671,0.0
5.66197,0.000545751,0.0333195,0.0234645,0.0
5.6624,0.000533103,0.0,0.0,0.0
5.66285,0.000549903,0.0333195,0.0234645,0.0
5.66281,0.000546984,0.0,0.0,0.0
5.66189,0.000536606,0.0333195,0.0234645,0.0
5.66243,0.000563848,0.0499792,0.0289055,0.0
5.66267,0.00056534,0.0666389,0.0333264,0.0
5.66216,0.000573383,0.0333195,0.0234645,0.0
5.66196,0.0,0.0166597,0.0,0.0
5.66331,0.0,0.0,0.0,0.0
5.66252,0.0,0.0166597,0.0,0.0
5.66236,0.0,0.0666389,0.0,0.0
5.66243,0.0,0.0166597,0.0,0.0
5.66274,0.0,0.0166597,0.0,0.0
5.6632,0.0,0.0333195,0.0,0.0
5.66246,0.0,0.0166597,0.0,0.0
5.6616,0.0,0.0333195,0.0,0.0
5.66211,0.0,0.0333195,0.0,0.0
5.66298,0.0,0.0,0.0,0.0
5.66326,0.0,0.0166597,0.0,0.0
5.66285,0.0,0.0166597,0.0,0.0
5.66228,0.0,0.0499792,0.0,0.0
5.66216,0.0,0.0166597,0.0,0.0
5.6622,0.0,0.0166597,0.0,0.0
5.66116,0.0,0.0499792,0.0,0.0
5.66202,0.0,0.0,0.0,0.0
5.66222,0.0,0.0333195,0.0,0.0
5.66184,0.0,0.0666389,0.0,0.0
5.66251,0.0,0.0333195,0.0,0.0
5.66236,0.0,0.0499792,0.0,0.0
5.66197,0.0,0.0166597,0.0,0.0
5.66268,0.0,0.0333195,0.0,0.0
5.66278,0.0,0.0666389,0.0,0.0
5.66237,0.0,0.0,0.0,0.0
5.66319,0.0,0.0666389,0.0,0.0
5.66247,0.0,0.0333195,0.0,0.0
5.66259,0.0,0.0666389,0.0,0.0
5.66311,0.0,0.0166597,0.0,0.0
5.66247,0.0,0.0166597,0.0,0.0
5.66253,0.0,0.0166597,0.0,0.0
5.66326,0.0,0.0499792,0.0,0.0
5.66278,0.0,0.0333195,0.0,0.0
5.66202,0.0,0.0166597,0.0,0.0
5.66227,0.0,0.0333195,0.0,0.0
5.6627,0.0,0.0333195,0.0,0.0
5.66267,0.0,0.0333195,0.0,0.0
5.66164,0.0,0.0333195,0.0,0.0
5.66215,0.0,0.0499792,0.0,0.0
5.66216,0.0,0.0166597,0.0,0.0
5.66189,0.0,0.0166597,0.0,0.0
5.66195,0.0,0.0166597,0.0,0.0
5.66197,0.0,0.0,0.0,0.0
5.6629,0.0,0.0333195,0.0,0.0
5.66261,0.0,0.0333195,0.0,0.0
5.66194,0.0,0.0666389,0.0,0.0
5.66366,0.0,0.0499792,0.0,0.0
5.66403,0.0,0.0,0.0,0.0
5.66305,0.0,0.0666389,0.0,0.0
5.66179,0.0,0.0,0.0,0.0
5.66231,0.0,0.0333195,0.0,0.0
5.66251,0.0,0.0999584,0.0,0.0
5.66211,0.0,0.0499792,0.0,0.0
5.66238,0.0,0.0333195,0.0,0.0
5.66264,0.0,0.0,0.0,0.0
5.66361,0.0,0.0333195,0.0,0.0
5.66237,0.0,0.0333195,0.0,0.0
5.66221,0.0,0.0499792,0.0,0.0
5.66245,0.0,0.0499792,0.0,0.0
5.66186,0.0,0.0166597,0.0,0.0
5.66248,0.0,0.0,0.0,0.0
5.66293,0.0,0.0499792,0.0,0.0
5.66286,0.0,0.0166597,0.0,0.0
5.66308,0.0,0.0166597,0.0,0.0
5.66211,0.0,0.0166597,0.0,0.0
5.66232,0.0,0.0,0.0,0.0
5.66295,0.0,0.0333195,0.0,0.0
5.66213,0.0,0.0166597,0.0,0.0
5.66215,0.0,0.0499792,0.0,0.0
5.66212,0.0,0.0,0.0,0.0
5.66237,0.0,0.0,0.0,0.0
5.66262,0.0,0.0333195,0.0,0.0
5.66163,0.0,0.0166597,0.0,0.0
5.66131,0.0,0.0,0.0,0.0
5.66192,0.0,0.0333195,0.0,0.0
5.66216,0.0,0.0333195,0.0,0.0
5.66161,0.0,0.0,0.0,0.0
5.66148,0.0,0.0333195,0.0,0.0
5.66162,0.0,0.0333195,0.0,0.0
5.66184,0.0,0.0333195,0.0,0.0
5.66228,0.0,0.0166597,0.0,0.0
5.66248,0.0,0.0166597,0.0,0.0
5.66175,0.0,0.0,0.0,0.0
5.66149,0.0,0.0166597,0.0,0.0
5.66213,0.0,0.0333195,0.0,0.0
5.66293,0.0,0.0333195,0.0,0.0
5.66212,0.0,0.0166597,0.0,0.0
5.66273,0.0,0.0,0.0,0.0
5.66319,0.0,0.0499792,0.0,0.0
5.66175,0.0,0.0,0.0,0.0
5.6623,0.0,0.0333195,0.0,0.0
5.66204,0.0,0.0166597,0.0,0.0
5.66259,0.0,0.0166597,0.0,0.0
5.66223,0.0,0.0333195,0.0,0.0
5.66193,0.0,0.0166597,0.0,0.0
5.66193,0.0,0.0166597,0.0,0.0
5.66165,0.0,0.0499792,0.0,0.0
5.66265,0.0,0.0333195,0.0,0.0
5.66309,0.0,0.0,0.0,0.0
5.66253,0.0,0.0333195,0.0,0.0
5.66209,0.0,0.0499792,0.0,0.0
5.66217,0.0,0.0166597,0.0,0.0
5.66156,0.0,0.0166597,0.0,0.0
5.66217,0.0,0.0333195,0.0,0.0
5.66301,0.0,0.0166597,0.0,0.0
5.66185,0.0,0.0333195,0.0,0.0
5.6611,0.0,0.0499792,0.0,0.0
5.66319,0.0,0.0166597,0.0,0.0
5.66269,0.0,0.0166597,0.0,0.0
5.66165,0.0,0.0166597,0.0,0.0
5.66227,0.0,0.0333195,0.0,0.0
5.6626,0.0,0.0832986,0.0,0.0
5.6621,0.0,0.0,0.0,0.0
5.66235,0.0,0.0,0.0,0.0
5.66264,0.0,0.0166597,0.0,0.0
5.6618,0.0,0.0832986,0.0,0.0
5.66363,0.0,0.0666389,0.0,0.0
5.66166,0.0,0.0333195,0.0,0.0
5.66163,0.0,0.0166597,0.0,0.0
5.66197,0.0,0.0333195,0.0,0.0
5.6627,0.0,0.0166597,0.0,0.0
5.66184,0.0,0.0333195,0.0,0.0
5.66226,0.0,0.0333195,0.0,0.0
5.6632,0.0,0.0333195,0.0,0.0
5.66262,0.0,0.0333195,0.0,0.0
5.66139,0.0,0.0,0.0,0.0
5.66216,0.0,0.0333195,0.0,0.0
5.66254,0.0,0.0666389,0.0,0.0
5.66234,0.0,0.0499792,0.0,0.0
5.66228,0.0,0.0666389,0.0,0.0
5.66184,0.0,0.0166597,0.0,0.0
5.66218,0.0,0.0499792,0.0,0.0
5.66172,0.0,0.0,0.0,0.0
5.66149,0.0,0.0333195,0.0,0.0
5.6621,0.0,0.0,0.0,0.0
5.66164,0.0,0.0499792,0.0,0.0
5.66189,0.0,0.0166597,0.0,0.0
5.66292,0.0,0.0166597,0.0,0.0
5.66285,0.0,0.0,0.0,0.0
5.66219,0.0,0.0333195,0.0,0.0
5.66209,0.0,0.0166597,0.0,0.0
5.66216,0.0,0.0333195,0.0,0.0
5.66209,0.0,0.0499792,0.0,0.0
5.66276,0.0,0.0,0.0,0.0
5.66204,0.0,0.0,0.0,0.0
5.66208,0.0,0.0,0.0,0.0
5.66255,0.0,0.0499792,0.0,0.0
5.66222,0.0,0.0166597,0.0,0.0
5.66195,0.0,0.0499792,0.0,0.0
5.66224,0.0,0.0333195,0.0,0.0
5.66257,0.0,0.0166597,0.0,0.0
5.66227,0.0,0.0333195,0.0,0.0
5.66209,0.0,0.0,0.0,0.0
5.66268,0.0,0.0333195,0.0,0.0
5.66253,0.0,0.0166597,0.0,0.0
5.66339,0.0,0.0166597,0.0,0.0
5.66253,0.0,0.0166597,0.0,0.0
5.66172,0.0,0.0166597,0.0,0.0
5.6626,0.0,0.0666389,0.0,0.0
5.66215,0.0,0.0166597,0.0,0.0
5.66113,0.0,0.0,0.0,0.0
5.66158,0.0,0.0166597,0.0,0.0
5.66235,0.0,0.0166597,0.0,0.0
5.66209,0.0,0.0333195,0.0,0.0
5.6615,0.0,0.0333195,0.0,0.0
5.66069,0.0,0.0,0.0,0.0
5.66107,0.0,0.0166597,0.0,0.0
5.66158,0.0,0.0666389,0.0,0.0
5.662,0.0,0.0166597,0.0,0.0
5.6625,0.0,0.0832986,0.0,0.0
5.66202,0.0,0.0999584,0.0,0.0
5.66276,0.0,0.0333195,0.0,0.0
5.66239,0.0,0.0,0.0,0.0
5.66127,0.0,0.0333195,0.0,0.0
5.66137,0.0,0.0666389,0.0,0.0
5.6619,0.0,0.0166597,0.0,0.0
5.66209,0.0,0.0,0.0,0.0
5.66196,0.0,0.0499792,0.0,0.0
5.66177,0.0,0.0499792,0.0,0.0
5.66238,0.0,0.0333195,0.0,0.0
5.66217,0.0,0.0166597,0.0,0.0
5.66212,0.0,0.0166597,0.0,0.0
5.66278,0.0,0.0,0.0,0.0
5.66247,0.0,0.0499792,0.0,0.0
5.66258,0.0,0.0499792,0.0,0.0
5.66275,0.0,0.0499792,0.0,0.0
5.66181,0.0,0.0666389,0.0,0.0
5.66172,0.0,0.0166597,0.0,0.0
5.66206,0.0,0.0166597,0.0,0.0
5.66197,0.0,0.0166597,0.0,0.0
5.66256,0.0,0.0,0.0,0.0
5.66128,0.0,0.0333195,0.0,0.0
5.66113,0.0,0.0333195,0.0,0.0
5.66281,0.0,0.0333195,0.0,0.0
5.66182,0.0,0.0166597,0.0,0.0
5.66175,0.0,0.0499792,0.0,0.0
5.6623,0.0,0.0,0.0,0.0
5.66254,0.0,0.0166597,0.0,0.0
5.66208,0.0,0.0166597,0.0,0.0
5.6627,0.0,0.0,0.0,0.0
5.663,0.0,0.0,0.0,0.0
5.6631,0.0,0.0499792,0.0,0.0
5.66203,0.0,0.0166597,0.0,0.0
5.66253,0.0,0.0666389,0.0,0.0
5.66344,0.0,0.0333195,0.0,0.0
5.66202,0.0,0.0499792,0.0,0.0
5.66281,0.0,0.0499792,0.0,0.0
5.66297,0.0,0.0,0.0,0.0
5.66235,0.0,0.0333195,0.0,0.0
5.66273,0.0,0.0333195,0.0,0.0
5.66227,0.0,0.0166597,0.0,0.0
5.66267,0.0,0.0832986,0.0,0.0
5.66271,0.0,0.0166597,0.0,0.0
5.66313,0.0,0.0166597,0.0,0.0
5.66293,0.0,0.0166597,0.0,0.0
5.66123,0.0,0.0166597,0.0,0.0
5.66121,0.0,0.0333195,0.0,0.0
5.66262,0.0,0.0166597,0.0,0.0
5.66211,0.0,0.0,0.0,0.0
5.66146,0.0,0.0333195,0.0,0.0
5.66324,0.0,0.0166597,0.0,0.0
5.66238,0.0,0.0,0.0,0.0
5.66236,0.0,0.0333195,0.0,0.0
5.66178,0.0,0.0666389,0.0,0.0
5.66128,0.0,0.0166597,0.0,0.0
5.66197,0.0,0.0,0.0,0.0
5.66253,0.0,0.0166597,0.0,0.0
5.66243,0.0,0.0,0.0,0.0
5.66151,0.0,0.0166597,0.0,0.0
5.66196,0.0,0.0499792,0.0,0.0
5.66279,0.0,0.0166597,0.0,0.0
5.66163,0.0,0.0,0.0,0.0
5.66214,0.0,0.0499792,0.0,0.0
5.66118,0.0,0.0166597,0.0,0.0
5.66233,0.0,0.0166597,0.0,0.0
5.66282,0.0,0.0,0.0,0.0
5.66205,0.0,0.0333195,0.0,0.0
5.66186,0.0,0.0166597,0.0,0.0
5.66222,0.0,0.0,0.0,0.0
5.66125,0.0,0.0166597,0.0,0.0
5.66159,0.0,0.0333195,0.0,0.0
5.66245,0.0,0.0,0.0,0.0
5.6621,0.0,0.0,0.0,0.0
5.66277,0.0,0.0499792,0.0,0.0
5.66232,0.0,0.0333195,0.0,0.0
5.66128,0.0,0.0666389,0.0,0.0
5.66222,0.0,0.0166597,0.0,0.0
5.66128,0.0,0.0166597,0.0,0.0
5.66096,0.0,0.0499792,0.0,0.0
5.66181,0.0,0.0333195,0.0,0.0
5.66205,0.0,0.0166597,0.0,0.0
5.6621,0.0,0.0,0.0,0.0
5.66241,0.0,0.0166597,0.0,0.0
5.66216,0.0,0.0333195,0.0,0.0
5.66199,0.0,0.0,0.0,0.0
5.66275,0.0,0.0499792,0.0,0.0
5.66199,0.0,0.0166597,0.0,0.0
5.66123,0.0,0.0166597,0.0,0.0
5.66168,0.0,0.0166597,0.0,0.0
5.66292,0.0,0.0166597,0.0,0.0
5.66297,0.0,0.0333195,0.0,0.0
5.66209,0.0,0.0,0.0,0.0
5.66281,0.0,0.0166597,0.0,0.0
5.66258,0.0,0.0333195,0.0,0.0
5.66203,0.0,0.0166597,0.0,0.0
5.66256,0.0,0.0499792,0.0,0.0
5.6623,0.0,0.0166597,0.0,0.0
5.66228,0.0,0.0166597,0.0,0.0
5.66244,0.0,0.0,0.0,0.0
5.66226,0.0,0.0333195,0.0,0.0
5.66188,0.0,0.0,0.0,0.0
5.66106,0.0,0.0,0.0,0.0
5.66223,0.0,0.0499792,0.0,0.0
5.66185,0.0,0.0166597,0.0,0.0
5.66124,0.0,0.0,0.0,0.0
5.66173,0.0,0.0,0.0,0.0
5.66136,0.0,0.0,0.0,0.0
5.66175,0.0,0.0166597,0.0,0.0
5.66247,0.0,0.0333195,0.0,0.0
5.66154,0.0,0.0166597,0.0,0.0
5.66153,0.0,0.0333195,0.0,0.0
5.66195,0.0,0.0166597,0.0,0.0
5.66161,0.0,0.0166597,0.0,0.0
5.66261,0.0,0.0166597,0.0,0.0
5.66245,0.0,0.0333195,0.0,0.0
5.66329,0.0,0.0499792,0.0,0.0
5.66195,0.0,0.0166597,0.0,0.0
5.66184,0.0,0.0333195,0.0,0.0
5.66226,0.0,0.0166597,0.0,0.0
5.66243,0.0,0.0,0.0,0.0
5.66198,0.0,0.0,0.0,0.0
5.66133,0.0,0.0166597,0.0,0.0
5.66173,0.0,0.0,0.0,0.0
5.66201,0.0,0.0166597,0.0,0.0
5.66154,0.0,0.0333195,0.0,0.0
5.66155,0.0,0.0,0.0,0.0
5.66172,0.0,0.0166597,0.0,0.0
5.66178,0.0,0.0333195,0.0,0.0
5.66263,0.0,0.0333195,0.0,0.0
5.66232,0.0,0.0,0.0,0.0
5.6629,0.0,0.0499792,0.0,0.0
5.66235,0.0,0.0666389,0.0,0.0
5.66184,0.0,0.0666389,0.0,0.0
5.66258,0.0,0.0499792,0.0,0.0
5.66336,0.0,0.0999584,0.0,0.0
5.66284,0.0,0.0499792,0.0,0.0
5.66307,0.0,0.0333195,0.0,0.0
5.66282,0.0,0.0333195,0.0,0.0
5.6628,0.0,0.0166597,0.0,0.0
5.66196,0.0,0.0,0.0,0.0
5.66133,0.0,0.0333195,0.0,0.0
5.66233,0.0,0.0,0.0,0.0
5.66223,0.0,0.0499792,0.0,0.0
5.66162,0.0,0.0832986,0.0,0.0
5.66148,0.0,0.0666389,0.0,0.0
5.66188,0.0,0.0,0.0,0.0
5.66188,0.0,0.0166597,0.0,0.0
5.66203,0.0,0.0166597,0.0,0.0
5.66133,0.0,0.0666389,0.0,0.0
5.66166,0.0,0.0499792,0.0,0.0
5.66247,0.0,0.0333195,0.0,0.0
5.66221,0.0,0.0166597,0.0,0.0
5.66178,0.0,0.0166597,0.0,0.0
5.66135,0.0,0.0166597,0.0,0.0
5.66126,0.0,0.0,0.0,0.0
5.66303,0.0,0.0499792,0.0,0.0
5.66295,0.0,0.0499792,0.0,0.0
5.66251,0.0,0.0333195,0.0,0.0
5.66229,0.0,0.0,0.0,0.0
5.6619,0.0,0.0666389,0.0,0.0
5.66234,0.0,0.0,0.0,0.0
5.66241,0.0,0.0333195,0.0,0.0
5.6624,0.0,0.0,0.0,0.0
5.66292,0.0,0.0166597,0.0,0.0
5.66279,0.0,0.0,0.0,0.0
5.66194,0.0,0.0333195,0.0,0.0
5.66214,0.0,0.0499792,0.0,0.0
5.66236,0.0,0.0166597,0.0,0.0
5.66238,0.0,0.0499792,0.0,0.0
5.66261,0.0,0.0499792,0.0,0.0
5.66277,0.0,0.0333195,0.0,0.0
5.66156,0.0,0.0166597,0.0,0.0
5.663,0.0,0.0,0.0,0.0
5.66229,0.0,0.0499792,0.0,0.0
5.66175,0.0,0.0666389,0.0,0.0
5.6617,0.0,0.0333195,0.0,0.0
5.66203,0.0,0.0166597,0.0,0.0
5.66216,0.0,0.0,0.0,0.0
5.66221,0.0,0.0,0.0,0.0
5.6611,0.0,0.0166597,0.0,0.0
5.66071,0.0,0.0166597,0.0,0.0
5.66173,0.0,0.0333195,0.0,0.0
5.66287,0.0,0.0333195,0.0,0.0
5.66337,0.0,0.0,0.0,0.0
5.66344,0.0,0.0499792,0.0,0.0
5.66283,0.0,0.0,0.0,0.0
5.66217,0.0,0.0,0.0,0.0
5.66204,0.0,0.0,0.0,0.0
5.66245,0.0,0.0166597,0.0,0.0
5.66187,0.0,0.0499792,0.0,0.0
5.66143,0.0,0.0499792,0.0,0.0
5.66225,0.0,0.0166597,0.0,0.0
5.66228,0.0,0.0666389,0.0,0.0
5.66247,0.0,0.0333195,0.0,0.0
5.66353,0.0,0.0499792,0.0,0.0
5.66223,0.0,0.0166597,0.0,0.0
5.66251,0.0,0.0333195,0.0,0.0
5.66232,0.0,0.0333195,0.0,0.0
5.6616,0.0,0.0166597,0.0,0.0
5.66182,0.0,0.0333195,0.0,0.0
5.66233,0.0,0.0333195,0.0,0.0
5.66237,0.0,0.0,0.0,0.0
5.66271,0.0,0.0166597,0.0,0.0
5.66261,0.0,0.0333195,0.0,0.0
5.66254,0.0,0.0166597,0.0,0.0
5.6624,0.0,0.0,0.0,0.0
5.66256,0.0,0.0333195,0.0,0.0
5.6614,0.0,0.0,0.0,0.0
5.66241,0.0,0.0,0.0,0.0
5.6625,0.0,0.0,0.0,0.0
5.66131,0.0,0.0832986,0.0,0.0
5.66277,0.0,0.0,0.0,0.0
5.66205,0.0,0.0166597,0.0,0.0
5.66175,0.0,0.0166597,0.0,0.0
5.66234,0.0,0.0166597,0.0,0.0
5.66173,0.0,0.0333195,0.0,0.0
5.66235,0.0,0.0,0.0,0.0
5.66316,0.0,0.0333195,0.0,0.0
5.66271,0.0,0.0499792,0.0,0.0
5.66236,0.0,0.0499792,0.0,0.0
5.66199,0.0,0.0166597,0.0,0.0
5.66308,0.0,0.0166597,0.0,0.0
5.66278,0.0,0.0499792,0.0,0.0
5.66202,0.0,0.0333195,0.0,0.0
5.66171,0.0,0.0166597,0.0,0.0
5.66165,0.0,0.0,0.0,0.0
5.66118,0.0,0.0166597,0.0,0.0
5.66177,0.0,0.0499792,0.0,0.0
5.66173,0.0,0.0,0.0,0.0
5.66245,0.0,0.0333195,0.0,0.0
5.6625,0.0,0.0166597,0.0,0.0
5.66315,0.0,0.0166597,0.0,0.0
5.66288,0.0,0.0166597,0.0,0.0
5.66248,0.0,0.0,0.0,0.0
5.66218,0.0,0.0333195,0.0,0.0
5.66212,0.0,0.0333195,0.0,0.0
5.66219,0.0,0.0,0.0,0.0
5.66244,0.0,0.0,0.0,0.0
5.66202,0.0,0.0499792,0.0,0.0
5.66204,0.0,0.0166597,0.0,0.0
5.6626,0.0,0.0499792,0.0,0.0
5.66345,0.0,0.0166597,0.0,0.0
5.66206,0.0,0.0333195,0.0,0.0
5.66237,0.0,0.0499792,0.0,0.0
5.66235,0.0,0.0499792,0.0,0.0
5.66249,0.0,0.0666389,0.0,0.0
5.66247,0.0,0.0166597,0.0,0.0
5.66166,0.0,0.0,0.0,0.0
5.66237,0.0,0.0166597,0.0,0.0
5.66301,0.0,0.0,0.0,0.0
5.66275,0.0,0.0499792,0.0,0.0
5.66271,0.0,0.0166597,0.0,0.0
5.66136,0.0,0.0,0.0,0.0
5.66157,0.0,0.0,0.0,0.0
5.66202,0.0,0.0166597,0.0,0.0
5.66246,0.0,0.0,0.0,0.0
5.66221,0.0,0.0499792,0.0,0.0
5.66261,0.0,0.0,0.0,0.0
5.66121,0.0,0.0,0.0,0.0
5.66187,0.0,0.0,0.0,0.0
5.66215,0.0,0.0333195,0.0,0.0
5.66218,0.0,0.0166597,0.0,0.0
5.66222,0.0,0.0333195,0.0,0.0
5.66234,0.0,0.0499792,0.0,0.0
5.66214,0.0,0.0333195,0.0,0.0
5.66194,0.0,0.0166597,0.0,0.0
5.66188,0.0,0.0,0.0,0.0
5.66202,0.0,0.0,0.0,0.0
5.66271,0.0,0.0166597,0.0,0.0
5.66227,0.0,0.0333195,0.0,0.0
5.66312,0.0,0.0166597,0.0,0.0
5.66175,0.0,0.0,0.0,0.0
5.66133,0.0,0.0166597,0.0,0.0
5.66311,0.0,0.0,0.0,0.0
5.66183,0.0,0.0,0.0,0.0
5.66169,0.0,0.0166597,0.0,0.0
5.6628,0.0,0.0166597,0.0,0.0
5.66213,0.0,0.0166597,0.0,0.0
5.66243,0.0,0.0166597,0.0,0.0
5.6621,0.0,0.0333195,0.0,0.0
5.66188,0.0,0.0333195,0.0,0.0
5.6621,0.0,0.0333195,0.0,0.0
5.66227,0.0,0.0333195,0.0,0.0
5.66154,0.0,0.0499792,0.0,0.0
5.66231,0.0,0.0333195,0.0,0.0
5.66305,0.0,0.0333195,0.0,0.0
5.66256,0.0,0.0166597,0.0,0.0
5.66219,0.0,0.0666389,0.0,0.0
5.66242,0.0,0.0166597,0.0,0.0
5.66253,0.0,0.0333195,0.0,0.0
5.66164,0.0,0.0333195,0.0,0.0
5.66235,0.0,0.0,0.0,0.0
5.66358,0.0,0.0,0.0,0.0
5.66202,0.0,0.0166597,0.0,0.0
5.66255,0.0,0.0166597,0.0,0.0
5.66211,0.0,0.0166597,0.0,0.0
5.66148,0.0,0.0166597,0.0,0.0
5.66192,0.0,0.0666389,0.0,0.0
5.662,0.0,0.0333195,0.0,0.0
5.66239,0.0,0.0333195,0.0,0.0
5.66209,0.0,0.0166597,0.0,0.0
5.66193,0.0,0.0166597,0.0,0.0
5.66191,0.0,0.0499792,0.0,0.0
5.6622,0.0,0.0166597,0.0,0.0
5.66135,0.0,0.0499792,0.0,0.0
5.66164,0.0,0.0166597,0.0,0.0
5.66168,0.0,0.0166597,0.0,0.0
5.66184,0.0,0.0499792,0.0,0.0
5.66276,0.0,0.0166597,0.0,0.0
5.66238,0.0,0.0,0.0,0.0
5.66112,0.0,0.0,0.0,0.0
5.66207,0.0,0.0499792,0.0,0.0
5.66165,0.0,0.0166597,0.0,0.0
5.66223,0.0,0.0166597,0.0,0.0
5.66192,0.0,0.0166597,0.0,0.0
5.66162,0.0,0.0166597,0.0,0.0
5.66092,0.0,0.0166597,0.0,0.0
5.66224,0.0,0.0166597,0.0,0.0
5.66191,0.0,0.0333195,0.0,0.0
5.66173,0.0,0.0166597,0.0,0.0
5.66258,0.0,0.0166597,0.0,0.0
5.66231,0.0,0.0166597,0.0,0.0
5.66164,0.0,0.0166597,0.0,0.0
5.66197,0.0,0.0166597,0.0,0.0
5.66274,0.0,0.0333195,0.0,0.0
5.66216,0.0,0.0,0.0,0.0
5.66151,0.0,0.0166597,0.0,0.0
5.66152,0.0,0.0499792,0.0,0.0
5.6616,0.0,0.0166597,0.0,0.0
5.66152,0.0,0.0,0.0,0.0
5.66275,0.0,0.0499792,0.0,0.0
5.66238,0.0,0.0,0.0,0.0
5.66173,0.0,0.0333195,0.0,0.0
5.66168,0.0,0.0166597,0.0,0.0
5.66142,0.0,0.0166597,0.0,0.0
5.66224,0.0,0.0166597,0.0,0.0
5.66232,0.0,0.0333195,0.0,0.0
5.66182,0.0,0.0333195,0.0,0.0
5.6619,0.0,0.0333195,0.0,0.0
5.66195,0.0,0.0333195,0.0,0.0
5.66239,0.0,0.0,0.0,0.0
5.66147,0.0,0.0333195,0.0,0.0
5.66216,0.0,0.0499792,0.0,0.0
5.66254,0.0,0.0333195,0.0,0.0
5.66226,0.0,0.0166597,0.0,0.0
5.66278,0.0,0.0333195,0.0,0.0
5.66283,0.0,0.0,0.0,0.0
5.66132,0.0,0.0499792,0.0,0.0
5.66216,0.0,0.0166597,0.0,0.0
5.66164,0.0,0.0,0.0,0.0
5.66159,0.0,0.0166597,0.0,0.0
5.66188,0.0,0.0166597,0.0,0.0
5.66209,0.0,0.0,0.0,0.0
5.66126,0.0,0.0166597,0.0,0.0
5.66137,0.0,0.0,0.0,0.0
5.66225,0.0,0.0333195,0.0,0.0
5.66132,0.0,0.0,0.0,0.0
5.66116,0.0,0.0166597,0.0,0.0
5.66195,0.0,0.0166597,0.0,0.0
5.66263,0.0,0.0,0.0,0.0
5.66176,0.0,0.0499792,0.0,0.0
5.66178,0.0,0.0,0.0,0.0
5.66228,0.0,0.0166597,0.0,0.0
5.66233,0.0,0.0,0.0,0.0
5.66217,0.0,0.0,0.0,0.0
5.66144,0.0,0.0166597,0.0,0.0
5.66202,0.0,0.0499792,0.0,0.0
5.66179,0.0,0.0,0.0,0.0
5.66139,0.0,0.0333195,0.0,0.0
5.66209,0.0,0.0333195,0.0,0.0
5.66128,0.0,0.0,0.0,0.0
5.66162,0.0,0.0333195,0.0,0.0
5.66171,0.0,0.0,0.0,0.0
5.6619,0.0,0.0333195,0.0,0.0
5.662,0.0,0.0333195,0.0,0.0
5.66228,0.0,0.0333195,0.0,0.0
5.66312,0.0,0.0499792,0.0,0.0
5.66208,0.0,0.0166597,0.0,0.0
5.66114,0.0,0.0,0.0,0.0
5.66147,0.0,0.0166597,0.0,0.0
5.66213,0.0,0.0166597,0.0,0.0
5.66254,0.0,0.0166597,0.0,0.0
5.66342,0.0,0.0166597,0.0,0.0
5.66299,0.0,0.0,0.0,0.0
5.66304,0.0,0.0166597,0.0,0.0
5.66204,0.0,0.0166597,0.0,0.0
5.66204,0.0,0.0166597,0.0,0.0
5.66177,0.0,0.0,0.0,0.0
5.6621,0.0,0.0499792,0.0,0.0
5.66241,0.0,0.0,0.0,0.0
5.66211,0.0,0.0333195,0.0,0.0
5.66144,0.0,0.0166597,0.0,0.0
5.66103,0.0,0.0166597,0.0,0.0
5.66159,0.0,0.0,0.0,0.0
5.66231,0.0,0.0333195,0.0,0.0
5.66216,0.0,0.0499792,0.0,0.0
5.66179,0.0,0.0166597,0.0,0.0
5.66126,0.0,0.0,0.0,0.0
5.66215,0.0,0.0166597,0.0,0.0
5.66231,0.0,0.0,0.0,0.0
5.66233,0.0,0.0166597,0.0,0.0
5.66249,0.0,0.0,0.0,0.0
5.66251,0.0,0.0,0.0,0.0
5.66199,0.0,0.0166597,0.0,0.0
5.6622,0.0,0.0166597,0.0,0.0
5.663,0.0,0.0166597,0.0,0.0
5.66267,0.0,0.0333195,0.0,0.0
5.66244,0.0,0.0,0.0,0.0
5.66222,0.0,0.0333195,0.0,0.0
5.66291,0.0,0.0499792,0.0,0.0
5.66256,0.0,0.0166597,0.0,0.0
5.66167,0.0,0.0,0.0,0.0
5.66208,0.0,0.0,0.0,0.0
5.66227,0.0,0.0333195,0.0,0.0
5.66202,0.0,0.0333195,0.0,0.0
5.66162,0.0,0.0499792,0.0,0.0
5.66178,0.0,0.0,0.0,0.0
5.66168,0.0,0.0,0.0,0.0
5.66154,0.0,0.0166597,0.0,0.0
5.66192,0.0,0.0166597,0.0,0.0
5.66123,0.0,0.0333195,0.0,0.0
5.6614,0.0,0.0666389,0.0,0.0
5.66232,0.0,0.0333195,0.0,0.0
5.6622,0.0,0.0,0.0,0.0
5.66259,0.0,0.0333195,0.0,0.0
5.66286,0.0,0.0166597,0.0,0.0
5.66152,0.0,0.0,0.0,0.0
5.66261,0.0,0.0166597,0.0,0.0
5.66287,0.0,0.0,0.0,0.0
5.66196,0.0,0.0,0.0,0.0
5.66241,0.0,0.0333195,0.0,0.0
5.66318,0.0,0.0333195,0.0,0.0
5.66246,0.0,0.0333195,0.0,0.0
5.6627,0.0,0.0,0.0,0.0
5.66251,0.0,0.0166597,0.0,0.0
5.66164,0.0,0.0333195,0.0,0.0
5.66264,0.0,0.0333195,0.0,0.0
5.66172,0.0,0.0333195,0.0,0.0
5.66235,0.0,0.0,0.0,0.0
5.66387,0.0,0.0166597,0.0,0.0
5.66216,0.0,0.0499792,0.0,0.0
5.66248,0.0,0.0166597,0.0,0.0
5.66206,0.0,0.0166597,0.0,0.0
5.66183,0.0,0.0166597,0.0,0.0
5.66205,0.0,0.0,0.0,0.0
5.6612,0.0,0.0166597,0.0,0.0
5.66141,0.0,0.0166597,0.0,0.0
5.66264,0.0,0.0,0.0,0.0
5.6614,0.0,0.0166597,0.0,0.0
5.66138,0.0,0.0166597,0.0,0.0
5.66314,0.0,0.0333195,0.0,0.0
5.66186,0.0,0.0,0.0,0.0
5.66209,0.0,0.0499792,0.0,0.0
5.66331,0.0,0.0166597,0.0,0.0
5.66264,0.0,0.0,0.0,0.0
5.66199,0.0,0.0333195,0.0,0.0
5.66142,0.0,0.0333195,0.0,0.0
5.66134,0.0,0.0166597,0.0,0.0
5.66181,0.0,0.0,0.0,0.0
5.662,0.0,0.0,0.0,0.0
5.66238,0.0,0.0166597,0.0,0.0
5.66275,0.0,0.0166597,0.0,0.0
5.66311,0.0,0.0,0.0,0.0
5.66311,0.0,0.0166597,0.0,0.0
5.66306,0.0,0.0,0.0,0.0
5.66243,0.0,0.0499792,0.0,0.0
5.66149,0.0,0.0,0.0,0.0
5.66177,0.0,0.0,0.0,0.0
5.66315,0.0,0.0333195,0.0,0.0
5.6621,0.0,0.0,0.0,0.0
5.66192,0.0,0.0666389,0.0,0.0
5.66186,0.0,0.0,0.0,0.0
5.66182,0.0,0.0333195,0.0,0.0
5.66228,0.0,0.0166597,0.0,0.0
5.66168,0.0,0.0,0.0,0.0
5.66156,0.0,0.0,0.0,0.0
5.66206,0.0,0.0499792,0.0,0.0
5.66123,0.0,0.0,0.0,0.0
5.6617,0.0,0.0,0.0,0.0
5.66124,0.0,0.0499792,0.0,0.0
5.66251,0.0,0.0333195,0.0,0.0
5.66192,0.0,0.0166597,0.0,0.0
5.66194,0.0,0.0,0.0,0.0
5.66221,0.0,0.0499792,0.0,0.0
5.66196,0.0,0.0166597,0.0,0.0
5.66214,0.0,0.0333195,0.0,0.0
5.66224,0.0,0.0333195,0.0,0.0
5.66339,0.0,0.0,0.0,0.0
5.6633,0.0,0.0,0.0,0.0
5.66247,0.0,0.0166597,0.0,0.0
5.66283,0.0,0.0166597,0.0,0.0
5.66155,0.0,0.0,0.0,0.0
5.66183,0.0,0.0166597,0.0,0.0
5.66165,0.0,0.0166597,0.0,0.0
5.66222,0.0,0.0333195,0.0,0.0
5.6615,0.0,0.0333195,0.0,0.0
5.66094,0.0,0.0166597,0.0,0.0
5.66154,0.0,0.0333195,0.0,0.0
5.66211,0.0,0.0166597,0.0,0.0
5.66243,0.0,0.0333195,0.0,0.0
5.66181,0.0,0.0166597,0.0,0.0
5.6614,0.0,0.0333195,0.0,0.0
5.66235,0.0,0.0166597,0.0,0.0
5.66301,0.0,0.0166597,0.0,0.0
5.66096,0.0,0.0333195,0.0,0.0
5.66104,0.0,0.0166597,0.0,0.0
5.66243,0.0,0.0333195,0.0,0.0
5.66262,0.0,0.0499792,0.0,0.0
5.66255,0.0,0.0,0.0,0.0
5.66177,0.0,0.0166597,0.0,0.0
5.6621,0.0,0.0166597,0.0,0.0
5.66321,0.0,0.0166597,0.0,0.0
5.66206,0.0,0.0,0.0,0.0
5.66207,0.0,0.0,0.0,0.0
5.66286,0.0,0.0166597,0.0,0.0
5.66294,0.0,0.0,0.0,0.0
5.66213,0.0,0.0499792,0.0,0.0
5.6626,0.0,0.0333195,0.0,0.0
5.6625,0.0,0.0,0.0,0.0
5.66192,0.0,0.0166597,0.0,0.0
5.66314,0.0,0.0333195,0.0,0.0
5.66327,0.0,0.0666389,0.0,0.0
5.66208,0.0,0.0166597,0.0,0.0
5.66203,0.0,0.0166597,0.0,0.0
5.66162,0.0,0.0166597,0.0,0.0
5.6609,0.0,0.0,0.0,0.0
5.6622,0.0,0.0166597,0.0,0.0
5.66271,0.0,0.0,0.0,0.0
5.66282,0.0,0.0,0.0,0.0
5.66238,0.0,0.0,0.0,0.0
5.66313,0.0,0.0,0.0,0.0
5.66291,0.0,0.0166597,0.0,0.0
5.66209,0.0,0.0,0.0,0.0
5.66225,0.0,0.0333195,0.0,0.0
5.66173,0.0,0.0,0.0,0.0
5.66186,0.0,0.0166597,0.0,0.0
5.66197,0.0,0.0166597,0.0,0.0
5.66055,0.0,0.0333195,0.0,0.0
5.66088,0.0,0.0333195,0.0,0.0
5.66231,0.0,0.0,0.0,0.0
5.66111,0.0,0.0333195,0.0,0.0
5.66056,0.0,0.0166597,0.0,0.0
5.66155,0.0,0.0333195,0.0,0.0
5.66209,0.0,0.0166597,0.0,0.0
5.66196,0.0,0.0166597,0.0,0.0
5.66182,0.0,0.0166597,0.0,0.0
5.66146,0.0,0.0499792,0.0,0.0
5.66189,0.0,0.0,0.0,0.0
5.66269,0.0,0.0333195,0.0,0.0
5.66217,0.0,0.0499792,0.0,0.0
5.66198,0.0,0.0166597,0.0,0.0
5.66294,0.0,0.0,0.0,0.0
5.6629,0.0,0.0166597,0.0,0.0
5.66294,0.0,0.0166597,0.0,0.0
5.66231,0.0,0.0166597,0.0,0.0
5.6615,0.0,0.0,0.0,0.0
5.66181,0.0,0.0333195,0.0,0.0
5.6624,0.0,0.0499792,0.0,0.0
5.66253,0.0,0.0166597,0.0,0.0
5.66202,0.0,0.0333195,0.0,0.0
5.66248,0.0,0.0,0.0,0.0
5.66271,0.0,0.0333195,0.0,0.0
5.66266,0.0,0.0499792,0.0,0.0
5.6623,0.0,0.0,0.0,0.0
5.66163,0.0,0.0,0.0,0.0
5.66174,0.0,0.0166597,0.0,0.0
5.66239,0.0,0.0166597,0.0,0.0
5.66188,0.0,0.0333195,0.0,0.0
5.66189,0.0,0.0166597,0.0,0.0
5.66214,0.0,0.0333195,0.0,0.0
5.66255,0.0,0.0,0.0,0.0
5.6625,0.0,0.0166597,0.0,0.0
5.66202,0.0,0.0166597,0.0,0.0
5.66163,0.0,0.0,0.0,0.0
5.66194,0.0,0.0166597,0.0,0.0
5.66121,0.0,0.0,0.0,0.0
5.66197,0.0,0.0333195,0.0,0.0
5.6633,0.0,0.0,0.0,0.0
5.66308,0.0,0.0333195,0.0,0.0
5.66221,0.0,0.0,0.0,0.0
5.66351,0.0,0.0333195,0.0,0.0
5.66329,0.0,0.0,0.0,0.0
5.66297,0.0,0.0333195,0.0,0.0
5.66268,0.0,0.0166597,0.0,0.0
5.66219,0.0,0.0333195,0.0,0.0
5.66336,0.0,0.0666389,0.0,0.0
5.66329,0.0,0.0166597,0.0,0.0
5.66239,0.0,0.0,0.0,0.0
5.66186,0.0,0.0166597,0.0,0.0
5.662,0.0,0.0,0.0,0.0
5.66192,0.0,0.0,0.0,0.0
5.66131,0.0,0.0,0.0,0.0
5.66099,0.0,0.0333195,0.0,0.0
5.66147,0.0,0.0333195,0.0,0.0
5.66236,0.0,0.0,0.0,0.0
5.66178,0.0,0.0,0.0,0.0
5.66177,0.0,0.0166597,0.0,0.0
5.66177,0.0,0.0166597,0.0,0.0
5.66161,0.0,0.0166597,0.0,0.0
5.66261,0.0,0.0666389,0.0,0.0
5.66305,0.0,0.0166597,0.0,0.0
5.66225,0.0,0.0166597,0.0,0.0
5.6623,0.0,0.0,0.0,0.0
5.66279,0.0,0.0499792,0.0,0.0
5.66272,0.0,0.0166597,0.0,0.0
5.66285,0.0,0.0166597,0.0,0.0
5.66308,0.0,0.0166597,0.0,0.0
5.66225,0.0,0.0166597,0.0,0.0
5.66196,0.0,0.0166597,0.0,0.0
5.66248,0.0,0.0166597,0.0,0.0
5.66205,0.0,0.0166597,0.0,0.0
5.66217,0.0,0.0166597,0.0,0.0
5.66252,0.0,0.0166597,0.0,0.0
5.66185,0.0,0.0,0.0,0.0
5.66216,0.0,0.0166597,0.0,0.0
5.66399,0.0,0.0166597,0.0,0.0
5.66249,0.0,0.0,0.0,0.0
5.6614,0.0,0.0,0.0,0.0
5.66268,0.0,0.0166597,0.0,0.0
5.66225,0.0,0.0166597,0.0,0.0
5.66247,0.0,0.0166597,0.0,0.0
5.66286,0.0,0.0166597,0.0,0.0
5.6621,0.0,0.0,0.0,0.0
5.66287,0.0,0.0166597,0.0,0.0
5.66334,0.0,0.0166597,0.0,0.0
5.66153,0.0,0.0999584,0.0,0.0
5.66193,0.0,0.0166597,0.0,0.0
5.66241,0.0,0.0166597,0.0,0.0
5.66256,0.0,0.0166597,0.0,0.0
5.66164,0.0,0.0,0.0,0.0
5.66194,0.0,0.0,0.0,0.0
5.66207,0.0,0.0,0.0,0.0
5.66204,0.0,0.0,0.0,0.0
5.66238,0.0,0.0,0.0,0.0
5.66304,0.0,0.0499792,0.0,0.0
5.66203,0.0,0.0333195,0.0,0.0
5.6626,0.0,0.0166597,0.0,0.0
5.66291,0.0,0.0499792,0.0,0.0
5.66235,0.0,0.0166597,0.0,0.0
5.66178,0.0,0.0333195,0.0,0.0
5.66279,0.0,0.0333195,0.0,0.0
5.66252,0.0,0.0166597,0.0,0.0
5.662,0.0,0.0166597,0.0,0.0
5.66174,0.0,0.0333195,0.0,0.0
5.66165,0.0,0.0,0.0,0.0
5.6623,0.0,0.0166597,0.0,0.0
5.66164,0.0,0.0166597,0.0,0.0
5.6625,0.0,0.0166597,0.0,0.0
5.66244,0.0,0.0166597,0.0,0.0
5.66176,0.0,0.0333195,0.0,0.0
5.66095,0.0,0.0,0.0,0.0
5.66156,0.0,0.0,0.0,0.0
5.66177,0.0,0.0,0.0,0.0
5.66196,0.0,0.0,0.0,0.0
5.66201,0.0,0.0333195,0.0,0.0
5.66236,0.0,0.0166597,0.0,0.0
5.66178,0.0,0.0,0.0,0.0
5.66266,0.0,0.0,0.0,0.0
5.66319,0.0,0.0499792,0.0,0.0
5.66227,0.0,0.0333195,0.0,0.0
5.6626,0.0,0.0,0.0,0.0
5.66235,0.0,0.0499792,0.0,0.0
5.66191,0.0,0.0333195,0.0,0.0
5.66156,0.0,0.0166597,0.0,0.0
5.6622,0.0,0.0333195,0.0,0.0
5.66309,0.0,0.0166597,0.0,0.0
5.66237,0.0,0.0166597,0.0,0.0
5.66234,0.0,0.0166597,0.0,0.0
5.66258,0.0,0.0166597,0.0,0.0
5.66171,0.0,0.0166597,0.0,0.0
5.66262,0.0,0.0,0.0,0.0
5.66179,0.0,0.0,0.0,0.0
5.66157,0.0,0.0166597,0.0,0.0
5.66253,0.0,0.0166597,0.0,0.0
5.66229,0.0,0.0166597,0.0,0.0
5.66193,0.0,0.0,0.0,0.0
5.66273,0.0,0.0,0.0,0.0
5.66217,0.0,0.0499792,0.0,0.0
5.66147,0.0,0.0166597,0.0,0.0
5.66209,0.0,0.0166597,0.0,0.0
5.66188,0.0,0.0333195,0.0,0.0
5.66136,0.0,0.0166597,0.0,0.0
5.66236,0.0,0.0832986,0.0,0.0
5.66289,0.0,0.0166597,0.0,0.0
5.66237,0.0,0.0166597,0.0,0.0
5.66216,0.0,0.0166597,0.0,0.0
5.66236,0.0,0.0499792,0.0,0.0
5.66239,0.0,0.0,0.0,0.0
5.66168,0.0,0.0166597,0.0,0.0
5.66274,0.0,0.0166597,0.0,0.0
5.66289,0.0,0.0166597,0.0,0.0
5.66208,0.0,0.0,0.0,0.0
5.66179,0.0,0.0166597,0.0,0.0
5.66202,0.0,0.0333195,0.0,0.0
5.66237,0.0,0.0,0.0,0.0
5.66145,0.0,0.0,0.0,0.0
5.66141,0.0,0.0166597,0.0,0.0
5.66236,0.0,0.0499792,0.0,0.0
5.66231,0.0,0.0166597,0.0,0.0
5.66136,0.0,0.0166597,0.0,0.0
5.66236,0.0,0.0333195,0.0,0.0
5.66205,0.0,0.0333195,0.0,0.0
5.66174,0.0,0.0,0.0,0.0
5.66249,0.0,0.0333195,0.0,0.0
5.6618,0.0,0.0166597,0.0,0.0
5.66265,0.0,0.0666389,0.0,0.0
5.66212,0.0,0.0333195,0.0,0.0
5.66184,0.0,0.0,0.0,0.0
5.66155,0.0,0.0166597,0.0,0.0
5.66181,0.0,0.0,0.0,0.0
5.66238,0.0,0.0333195,0.0,0.0
5.66272,0.0,0.0499792,0.0,0.0
5.66194,0.0,0.0166597,0.0,0.0
5.66188,0.0,0.0166597,0.0,0.0
5.6621,0.0,0.0333195,0.0,0.0
5.66265,0.0,0.0333195,0.0,0.0
5.66249,0.0,0.0166597,0.0,0.0
5.6608,0.0,0.0166597,0.0,0.0
5.66125,0.0,0.0,0.0,0.0
5.66134,0.0,0.0166597,0.0,0.0
5.66092,0.0,0.0166597,0.0,0.0
5.66221,0.0,0.0,0.0,0.0
5.66172,0.0,0.0166597,0.0,0.0
5.66123,0.0,0.0,0.0,0.0
5.66293,0.0,0.0333195,0.0,0.0
5.66282,0.0,0.0166597,0.0,0.0
5.66205,0.0,0.0,0.0,0.0
5.66205,0.0,0.0166597,0.0,0.0
5.66255,0.0,0.0166597,0.0,0.0
5.66306,0.0,0.0333195,0.0,0.0
5.66308,0.0,0.0166597,0.0,0.0
5.66198,0.0,0.0499792,0.0,0.0
5.6617,0.0,0.0,0.0,0.0
5.66235,0.0,0.0499792,0.0,0.0
5.66228,0.0,0.0166597,0.0,0.0
5.66278,0.0,0.0166597,0.0,0.0
5.66309,0.0,0.0166597,0.0,0.0
5.66284,0.0,0.0166597,0.0,0.0
5.66164,0.0,0.0166597,0.0,0.0
5.66318,0.0,0.0,0.0,0.0
5.66242,0.0,0.0666389,0.0,0.0
5.66166,0.0,0.0166597,0.0,0.0
5.66152,0.0,0.0499792,0.0,0.0
5.66156,0.0,0.0166597,0.0,0.0
5.66105,0.0,0.0,0.0,0.0
5.66213,0.0,0.0166597,0.0,0.0
5.66246,0.0,0.0333195,0.0,0.0
5.66178,0.0,0.0333195,0.0,0.0
5.66189,0.0,0.0,0.0,0.0
5.66303,0.0,0.0333195,0.0,0.0
5.66322,0.0,0.0,0.0,0.0
5.66243,0.0,0.0,0.0,0.0
5.66201,0.0,0.0,0.0,0.0
5.66218,0.0,0.0166597,0.0,0.0
5.66197,0.0,0.0166597,0.0,0.0
5.66264,0.0,0.0166597,0.0,0.0
5.66202,0.0,0.0499792,0.0,0.0
5.66282,0.0,0.0,0.0,0.0
5.66196,0.0,0.0166597,0.0,0.0
5.6615,0.0,0.0333195,0.0,0.0
5.66228,0.0,0.0166597,0.0,0.0
5.6621,0.0,0.0166597,0.0,0.0
5.66211,0.0,0.0,0.0,0.0
