analog,analog_sterr,photon_counting,pc_sterr,overflow_info
5.67021,0.000538629,0.0166667,0.0166736,0.0
5.67065,0.000536617,0.0,0.0,0.0
5.66926,0.000542393,0.0,0.0,0.0
5.66989,0.000538434,0.0,0.0,0.0
5.67028,0.000545703,0.0333333,0.0234792,0.0
5.67033,0.000528958,0.0,0.0,0.0
5.67087,0.000536357,0.0,0.0,0.0
5.67068,0.000549597,0.0166667,0.0166736,0.0
5.67045,0.000543367,0.0,0.0,0.0
5.67043,0.000524739,0.0333333,0.0234792,0.0
5.66998,0.000545054,0.0,0.0,0.0
5.66986,0.000540186,0.0333333,0.0234792,0.0
5.6701,0.000543042,0.0,0.0,0.0
5.67015,0.000544405,0.0,0.0,0.0
5.6698,0.000542328,0.0,0.0,0.0
5.6698,0.0005409,0.0,0.0,0.0
5.67075,0.000531165,0.0,0.0,0.0
5.66978,0.000540641,0.0,0.0,0.0
5.66973,0.000528763,0.0,0.0,0.0
5.66985,0.000535254,0.0,0.0,0.0
5.66962,0.000542718,0.0,0.0,0.0
5.66953,0.000545703,0.0166667,0.0166736,0.0
5.66903,0.000538888,0.0,0.0,0.0
5.66963,0.000537525,0.0166667,0.0166736,0.0
5.66999,0.00052805,0.0166667,0.0166736,0.0
5.66932,0.000533696,0.0,0.0,0.0
5.66989,0.000545184,0.0,0.0,0.0
5.67074,0.000535773,0.0,0.0,0.0
5.66995,0.00052792,0.0,0.0,0.0
5.67037,0.000532009,0.0,0.0,0.0
5.67036,0.000533047,0.0166667,0.0166736,0.0
5.67028,0.000541355,0.0166667,0.0166736,0.0
5.66974,0.000533501,0.0,0.0,0.0
5.66988,0.000528828,0.0,0.0,0.0
5.67116,0.000539667,0.0166667,0.0166736,0.0
5.67032,0.000545184,0.0166667,0.0166736,0.0
5.66914,0.000534345,0.0166667,0.0166736,0.0
5.67003,0.000531295,0.0,0.0,0.0
5.66993,0.000541095,0.0,0.0,0.0
5.66951,0.000557515,0.0166667,0.0166736,0.0
5.66957,0.000531814,0.0166667,0.0166736,0.0
5.6686,0.00053084,0.0166667,0.0166736,0.0
5.66906,0.000526427,0.0,0.0,0.0
5.67002,0.000522403,0.0,0.0,0.0
5.66958,0.000536033,0.0166667,0.0166736,0.0
5.67012,0.000536292,0.0,0.0,0.0
5.66986,0.000538045,0.0,0.0,0.0
5.6703,0.000537396,0.0166667,0.0166736,0.0
5.67113,0.000530775,0.0,0.0,0.0
5.67048,0.000536617,0.0,0.0,0.0
5.67008,0.000552323,0.0,0.0,0.0
5.67036,0.000532852,0.0166667,0.0166736,0.0
5.6701,0.000535448,0.0,0.0,0.0
5.67045,0.000536162,0.0,0.0,0.0
5.67023,0.000539018,0.0,0.0,0.0
5.67131,0.000522468,0.0,0.0,0.0
5.67006,0.000540641,0.0,0.0,0.0
5.67041,0.000533566,0.0,0.0,0.0
5.6711,0.000538369,0.0,0.0,0.0
5.67074,0.000553102,0.0333333,0.0234792,0.0
5.67024,0.000552453,0.0166667,0.0166736,0.0
5.67124,0.000539667,0.0,0.0,0.0
5.66994,0.000550116,0.0,0.0,0.0
5.66945,0.0005409,0.0,0.0,0.0
5.67033,0.000530191,0.0166667,0.0166736,0.0
5.66927,0.000547585,0.0166667,0.0166736,0.0
5.66919,0.000536876,0.0,0.0,0.0
5.67013,0.000520845,0.0,0.0,0.0
5.67084,0.000528439,0.0,0.0,0.0
5.67011,0.00053759,0.0,0.0,0.0
5.67072,0.000519742,0.0,0.0,0.0
5.66986,0.000524999,0.0,0.0,0.0
5.67018,0.000532009,0.0,0.0,0.0
5.67019,0.000548429,0.0,0.0,0.0
5.67004,0.000543172,0.0,0.0,0.0
5.67042,0.000546222,0.0,0.0,0.0
5.66979,0.000543107,0.0,0.0,0.0
5.66984,0.000543431,0.0166667,0.0166736,0.0
5.67043,0.000538953,0.0166667,0.0166736,0.0
5.67071,0.000530775,0.0,0.0,0.0
5.67037,0.000538564,0.0,0.0,0.0
5.67042,0.000546093,0.0166667,0.0166736,0.0
5.66936,0.000532917,0.0333333,0.0234792,0.0
5.67061,0.000535578,0.0,0.0,0.0
5.67043,0.000545833,0.0,0.0,0.0
5.67005,0.000533047,0.0,0.0,0.0
5.67013,0.000538758,0.0,0.0,0.0
5.66997,0.000546417,0.0333333,0.0234792,0.0
5.66931,0.000555309,0.0,0.0,0.0
5.66931,0.000542977,0.0,0.0,0.0
5.6699,0.00053136,0.0,0.0,0.0
5.67074,0.000534475,0.0,0.0,0.0
5.67074,0.000538434,0.0166667,0.0166736,0.0
5.66945,0.000531879,0.0,0.0,0.0
5.6703,0.000548234,0.0,0.0,0.0
5.67013,0.000531749,0.0166667,0.0166736,0.0
5.66914,0.000540186,0.0166667,0.0166736,0.0
5.66944,0.000538109,0.0,0.0,0.0
5.67048,0.000534864,0.0166667,0.0166736,0.0
5.67029,0.000532658,0.0166667,0.0166736,0.0
5.67072,0.000536552,0.0,0.0,0.0
5.67125,0.000545833,0.0,0.0,0.0
5.67034,0.00053415,0.0,0.0,0.0
5.66944,0.000529412,0.0166667,0.0166736,0.0
5.67075,0.000543237,0.0,0.0,0.0
5.67049,0.000545443,0.0,0.0,0.0
5.66926,0.000537655,0.0166667,0.0166736,0.0
5.67018,0.000542004,0.0333333,0.0234792,0.0
5.67129,0.000554984,0.05,0.0289236,0.0
5.6704,0.000541095,0.0166667,0.0166736,0.0
5.67068,0.000546677,0.0166667,0.0166736,0.0
5.67073,0.000549013,0.0,0.0,0.0
5.67036,0.000546222,0.0333333,0.0234792,0.0
5.67031,0.000539213,0.0,0.0,0.0
5.67016,0.000528244,0.0,0.0,0.0
5.67002,0.000537655,0.0166667,0.0166736,0.0
5.67009,0.00053454,0.0,0.0,0.0
5.67023,0.000524026,0.0,0.0,0.0
5.67066,0.000543886,0.0166667,0.0166736,0.0
5.67004,0.000528893,0.0166667,0.0166736,0.0
5.66997,0.000531295,0.0,0.0,0.0
5.66989,0.000525259,0.0166667,0.0166736,0.0
5.67038,0.000531489,0.0166667,0.0166736,0.0
5.67008,0.000535124,0.0,0.0,0.0
5.6693,0.000534085,0.0,0.0,0.0
5.66947,0.000522598,0.0,0.0,0.0
5.67001,0.000541744,0.0166667,0.0166736,0.0
5.67013,0.000530386,0.0166667,0.0166736,0.0
5.67014,0.000553037,0.0166667,0.0166736,0.0
5.67039,0.000528958,0.0,0.0,0.0
5.67057,0.000532787,0.0,0.0,0.0
5.67047,0.000534864,0.0333333,0.0234792,0.0
5.67146,0.000539992,0.0166667,0.0166736,0.0
5.67049,0.000531035,0.0166667,0.0166736,0.0
5.6703,0.000534735,0.0,0.0,0.0
5.6703,0.000534799,0.0,0.0,0.0
5.66964,0.000544405,0.05,0.0289236,0.0
5.6702,0.00054447,0.0,0.0,0.0
5.6706,0.000529218,0.0,0.0,0.0
5.66969,0.000527595,0.0,0.0,0.0
5.67046,0.000540576,0.0166667,0.0166736,0.0
5.67038,0.000539537,0.0166667,0.0166736,0.0
5.66997,0.00052409,0.0,0.0,0.0
5.66991,0.000522273,0.0,0.0,0.0
5.66991,0.000540965,0.0166667,0.0166736,0.0
5.67035,0.000544665,0.0,0.0,0.0
5.66957,0.000538694,0.0166667,0.0166736,0.0
5.67024,0.00053746,0.0166667,0.0166736,0.0
5.67075,0.000533047,0.0,0.0,0.0
5.66997,0.000532463,0.0,0.0,0.0
5.67087,0.000533891,0.0,0.0,0.0
5.67053,0.000526102,0.0166667,0.0166736,0.0
5.66965,0.000542393,0.0166667,0.0166736,0.0
5.66996,0.000549013,0.0166667,0.0166736,0.0
5.67031,0.000551934,0.0,0.0,0.0
5.67055,0.000546028,0.0333333,0.0234792,0.0
5.67026,0.000545184,0.0,0.0,0.0
5.67008,0.000524675,0.0,0.0,0.0
5.6703,0.000530321,0.0,0.0,0.0
5.6702,0.000527271,0.0,0.0,0.0
5.67009,0.000533501,0.0,0.0,0.0
5.67052,0.000543237,0.0,0.0,0.0
5.67068,0.000536811,0.0,0.0,0.0
5.66993,0.000548299,0.0166667,0.0166736,0.0
5.67019,0.0005446,0.0166667,0.0166736,0.0
5.67022,0.000537266,0.0,0.0,0.0
5.66891,0.000543237,0.0333333,0.0234792,0.0
5.67007,0.000546677,0.0,0.0,0.0
5.66965,0.000532268,0.0,0.0,0.0
5.66939,0.000540381,0.0,0.0,0.0
5.66994,0.00052104,0.0,0.0,0.0
5.67013,0.000534021,0.0,0.0,0.0
5.6701,0.000535189,0.0,0.0,0.0
5.66991,0.000525064,0.0166667,0.0166736,0.0
5.66887,0.000551285,0.0,0.0,0.0
5.66988,0.00054473,0.0,0.0,0.0
5.67054,0.000534864,0.0,0.0,0.0
5.66942,0.000536422,0.0,0.0,0.0
5.66915,0.000549403,0.0,0.0,0.0
5.67007,0.000534215,0.0166667,0.0166736,0.0
5.67049,0.000538694,0.0166667,0.0166736,0.0
5.66925,0.000539797,0.0166667,0.0166736,0.0
5.67045,0.000549857,0.0166667,0.0166736,0.0
5.67138,0.00053772,0.0,0.0,0.0
5.66979,0.000543302,0.0166667,0.0166736,0.0
5.66931,0.000535578,0.0,0.0,0.0
5.67027,0.000543367,0.0333333,0.0234792,0.0
5.67064,0.000535903,0.0,0.0,0.0
5.66863,0.000528439,0.0166667,0.0166736,0.0
5.66975,0.00054116,0.0,0.0,0.0
5.66983,0.000521105,0.0166667,0.0166736,0.0
5.66952,0.000543886,0.0333333,0.0234792,0.0
5.67002,0.000556737,0.0333333,0.0234792,0.0
5.67079,0.000559852,0.0333333,0.0234792,0.0
5.66896,0.000550636,0.0166667,0.0166736,0.0
5.66928,0.000544535,0.0166667,0.0166736,0.0
5.66946,0.000544924,0.0333333,0.0234792,0.0
5.67006,0.0005311,0.0,0.0,0.0
5.6694,0.00054765,0.0166667,0.0166736,0.0
5.66972,0.000540511,0.0,0.0,0.0
5.66994,0.000556412,0.0166667,0.0166736,0.0
5.67018,0.000552128,0.0166667,0.0166736,0.0
5.67067,0.000539992,0.0166667,0.0166736,0.0
5.66995,0.000518054,0.0,0.0,0.0
5.66977,0.000544275,0.0,0.0,0.0
5.67096,0.000538694,0.0,0.0,0.0
5.66964,0.000543496,0.0,0.0,0.0
5.66979,0.000525388,0.0,0.0,0.0
5.67051,0.000532333,0.0,0.0,0.0
5.66991,0.000541225,0.0166667,0.0166736,0.0
5.67008,0.000529283,0.0,0.0,0.0
5.66926,0.000535254,0.0,0.0,0.0
5.66921,0.000528893,0.0,0.0,0.0
5.66952,0.000533501,0.0,0.0,0.0
5.67032,0.000523506,0.0,0.0,0.0
5.66989,0.00052792,0.0,0.0,0.0
5.66951,0.000522663,0.0,0.0,0.0
5.67016,0.000535513,0.0,0.0,0.0
5.6698,0.000542198,0.0,0.0,0.0
5.66992,0.000542004,0.0166667,0.0166736,0.0
5.66946,0.000545573,0.0,0.0,0.0
5.67005,0.000538629,0.0166667,0.0166736,0.0
5.67041,0.000544145,0.0,0.0,0.0
5.6706,0.000536941,0.0166667,0.0166736,0.0
5.67041,0.000532073,0.0,0.0,0.0
5.66955,0.000538434,0.0,0.0,0.0
5.67027,0.000540835,0.0,0.0,0.0
5.67006,0.000542133,0.0,0.0,0.0
5.67032,0.000534864,0.0,0.0,0.0
5.67006,0.000545703,0.0,0.0,0.0
5.67065,0.000538823,0.0,0.0,0.0
5.66995,0.000532917,0.0,0.0,0.0
5.66997,0.000538304,0.0166667,0.0166736,0.0
5.67067,0.000533307,0.0166667,0.0166736,0.0
5.67027,0.000538174,0.0,0.0,0.0
5.67087,0.000538694,0.0333333,0.0234792,0.0
5.67021,0.000552518,0.0,0.0,0.0
5.66981,0.000538499,0.0,0.0,0.0
5.67036,0.000530711,0.0333333,0.0234792,0.0
5.67041,0.000532658,0.0166667,0.0166736,0.0
5.66977,0.000540381,0.0166667,0.0166736,0.0
5.67016,0.000540121,0.0166667,0.0166736,0.0
5.67025,0.000537071,0.0,0.0,0.0
5.67,0.000538369,0.0,0.0,0.0
5.66952,0.000544016,0.0333333,0.0234792,0.0
5.67001,0.000536941,0.0166667,0.0166736,0.0
5.67008,0.000548689,0.0166667,0.0166736,0.0
5.67003,0.000527271,0.0,0.0,0.0
5.67009,0.000545833,0.0166667,0.0166736,0.0
5.66966,0.000543821,0.0,0.0,0.0
5.67008,0.00053415,0.0166667,0.0166736,0.0
5.67021,0.000539732,0.0,0.0,0.0
5.66962,0.000536617,0.0,0.0,0.0
5.67008,0.000527271,0.0,0.0,0.0
5.67086,0.000529412,0.0,0.0,0.0
5.67027,0.000530256,0.0,0.0,0.0
5.66988,0.000543951,0.0166667,0.0166736,0.0
5.67111,0.000546612,0.0166667,0.0166736,0.0
5.67097,0.000545508,0.0,0.0,0.0
5.67053,0.000533436,0.0,0.0,0.0
5.6704,0.000539797,0.0166667,0.0166736,0.0
5.67006,0.000554076,0.0333333,0.0234792,0.0
5.67011,0.000548364,0.0,0.0,0.0
5.67006,0.000542523,0.0,0.0,0.0
5.66995,0.000543886,0.0166667,0.0166736,0.0
5.67023,0.000534215,0.0,0.0,0.0
5.66985,0.000530126,0.0,0.0,0.0
5.66961,0.000556023,0.0,0.0,0.0
5.66991,0.000551544,0.0166667,0.0166736,0.0
5.66998,0.000537071,0.0,0.0,0.0
5.66963,0.000547585,0.0,0.0,0.0
5.6701,0.000539408,0.0,0.0,0.0
5.66951,0.000543951,0.0,0.0,0.0
5.66938,0.000533112,0.0166667,0.0166736,0.0
5.67029,0.000534605,0.0,0.0,0.0
5.67045,0.00052435,0.0,0.0,0.0
5.66985,0.000533566,0.0,0.0,0.0
5.66973,0.000547001,0.0,0.0,0.0
5.67069,0.000532333,0.0,0.0,0.0
5.67021,0.000530451,0.0,0.0,0.0
5.66968,0.000542718,0.0166667,0.0166736,0.0
5.67069,0.000555439,0.0333333,0.0234792,0.0
5.67053,0.000532982,0.0,0.0,0.0
5.66979,0.000545833,0.0166667,0.0166736,0.0
5.67016,0.000540446,0.0,0.0,0.0
5.67123,0.000535124,0.0,0.0,0.0
5.67111,0.000545638,0.0166667,0.0166736,0.0
5.67043,0.000538434,0.0,0.0,0.0
5.67032,0.000534021,0.0166667,0.0166736,0.0
5.67017,0.000542458,0.0,0.0,0.0
5.67,0.000534735,0.0,0.0,0.0
5.67021,0.000532009,0.0166667,0.0166736,0.0
5.66991,0.000536292,0.0,0.0,0.0
5.67022,0.00053467,0.0166667,0.0166736,0.0
5.66956,0.000541939,0.0,0.0,0.0
5.66885,0.000534994,0.0333333,0.0234792,0.0
5.66923,0.00052422,0.0,0.0,0.0
5.66987,0.000530775,0.0,0.0,0.0
5.67065,0.000533761,0.0166667,0.0166736,0.0
5.66952,0.000527141,0.0,0.0,0.0
5.67012,0.000545379,0.0,0.0,0.0
5.67047,0.000544859,0.0,0.0,0.0
5.66969,0.000525259,0.0166667,0.0166736,0.0
5.66967,0.000528569,0.0166667,0.0166736,0.0
5.67014,0.000533501,0.0166667,0.0166736,0.0
5.66984,0.000533242,0.0,0.0,0.0
5.67001,0.000533112,0.0166667,0.0166736,0.0
5.6697,0.000542458,0.0,0.0,0.0
5.67059,0.000545443,0.0333333,0.0234792,0.0
5.6711,0.000537266,0.0,0.0,0.0
5.67015,0.000530581,0.0,0.0,0.0
5.67038,0.000526492,0.0,0.0,0.0
5.67056,0.000536097,0.0,0.0,0.0
5.67089,0.000533566,0.0166667,0.0166736,0.0
5.67007,0.000532009,0.0166667,0.0166736,0.0
5.66977,0.00054077,0.0166667,0.0166736,0.0
5.67031,0.000543626,0.0,0.0,0.0
5.66985,0.00053084,0.0,0.0,0.0
5.66985,0.000530775,0.0,0.0,0.0
5.67009,0.000548429,0.0,0.0,0.0
5.67048,0.00054129,0.0166667,0.0166736,0.0
5.67078,0.000518444,0.0,0.0,0.0
5.66995,0.000539927,0.0333333,0.0234792,0.0
5.66986,0.000543431,0.0166667,0.0166736,0.0
5.67017,0.00054421,0.0166667,0.0166736,0.0
5.67,0.000540641,0.0166667,0.0166736,0.0
5.67012,0.000532852,0.0,0.0,0.0
5.66932,0.000531035,0.0,0.0,0.0
5.66966,0.000537006,0.0,0.0,0.0
5.67084,0.000537071,0.0,0.0,0.0
5.67018,0.0005409,0.0166667,0.0166736,0.0
5.66991,0.000521689,0.0,0.0,0.0
5.67113,0.000534799,0.0,0.0,0.0
5.6707,0.000531554,0.0166667,0.0166736,0.0
5.67043,0.000531879,0.0,0.0,0.0
5.67092,0.000541874,0.0166667,0.0166736,0.0
5.67049,0.000526102,0.05,0.0289236,0.0
5.66999,0.000535448,0.0,0.0,0.0
5.67018,0.000538239,0.0166667,0.0166736,0.0
5.66925,0.000550701,0.0,0.0,0.0
5.66971,0.000538629,0.0166667,0.0166736,0.0
5.66952,0.000541225,0.0333333,0.0234792,0.0
5.66981,0.000539148,0.0,0.0,0.0
5.66939,0.000527076,0.0,0.0,0.0
5.67027,0.000539797,0.0,0.0,0.0
5.67067,0.000550376,0.0,0.0,0.0
5.67004,0.000551999,0.0166667,0.0166736,0.0
5.67004,0.000541679,0.0,0.0,0.0
5.67032,0.000542588,0.0166667,0.0166736,0.0
5.67001,0.000532463,0.0166667,0.0166736,0.0
5.67024,0.00055453,0.0,0.0,0.0
5.67064,0.000532982,0.0,0.0,0.0
5.66981,0.000536552,0.0166667,0.0166736,0.0
5.67022,0.000525713,0.0,0.0,0.0
5.66985,0.000525713,0.0,0.0,0.0
5.66975,0.000537136,0.0,0.0,0.0
5.66946,0.000546482,0.0,0.0,0.0
5.66927,0.000524804,0.0,0.0,0.0
5.66971,0.000536033,0.0,0.0,0.0
5.67061,0.000542912,0.0,0.0,0.0
5.66952,0.000531424,0.0,0.0,0.0
5.67119,0.000518639,0.0,0.0,0.0
5.67002,0.000533826,0.0,0.0,0.0
5.67069,0.000539667,0.0166667,0.0166736,0.0
5.67112,0.000535773,0.0166667,0.0166736,0.0
5.66972,0.000535448,0.0333333,0.0234792,0.0
5.66933,0.000526167,0.0166667,0.0166736,0.0
5.67017,0.000536876,0.0166667,0.0166736,0.0
5.67011,0.000543886,0.0,0.0,0.0
5.66979,0.000541095,0.0333333,0.0234792,0.0
5.67013,0.000541809,0.0,0.0,0.0
5.66984,0.00053785,0.0,0.0,0.0
5.6701,0.000547001,0.0166667,0.0166736,0.0
5.66938,0.000549532,0.0,0.0,0.0
5.6701,0.000528309,0.0166667,0.0166736,0.0
5.67027,0.00054473,0.0166667,0.0166736,0.0
5.66994,0.00054473,0.0166667,0.0166736,0.0
5.6704,0.000534085,0.0,0.0,0.0
5.66999,0.000534345,0.0166667,0.0166736,0.0
5.67075,0.000534929,0.0,0.0,0.0
5.67057,0.000529607,0.0,0.0,0.0
5.67068,0.00055109,0.0166667,0.0166736,0.0
5.67001,0.000545638,0.0,0.0,0.0
5.67071,0.000546677,0.0,0.0,0.0
5.67038,0.000538758,0.0,0.0,0.0
5.66946,0.000538499,0.0,0.0,0.0
5.67035,0.000531749,0.0166667,0.0166736,0.0
5.6706,0.000542069,0.0166667,0.0166736,0.0
5.67061,0.000529218,0.0,0.0,0.0
5.67027,0.000532138,0.0,0.0,0.0
5.66986,0.000530581,0.0,0.0,0.0
5.67007,0.000539797,0.0,0.0,0.0
5.67075,0.000527141,0.0,0.0,0.0
5.6701,0.00054142,0.0166667,0.0166736,0.0
5.67044,0.000543886,0.0,0.0,0.0
5.6706,0.000549727,0.0,0.0,0.0
5.6702,0.000536227,0.0166667,0.0166736,0.0
5.67005,0.000551869,0.0666667,0.0333472,0.0
5.67066,0.000544275,0.0,0.0,0.0
5.67002,0.000531165,0.0166667,0.0166736,0.0
5.67075,0.000538304,0.0166667,0.0166736,0.0
5.67014,0.0005409,0.0,0.0,0.0
5.66926,0.000536617,0.0,0.0,0.0
5.66996,0.000537006,0.0333333,0.0234792,0.0
5.6708,0.000543302,0.0166667,0.0166736,0.0
5.67015,0.000552518,0.0166667,0.0166736,0.0
5.66979,0.000542133,0.0,0.0,0.0
5.66953,0.000530386,0.0,0.0,0.0
5.67009,0.000551739,0.0166667,0.0166736,0.0
5.67031,0.000541095,0.0,0.0,0.0
5.66961,0.00053097,0.0,0.0,0.0
5.66955,0.000539667,0.0,0.0,0.0
5.66965,0.000515913,0.0,0.0,0.0
5.67006,0.000537655,0.0166667,0.0166736,0.0
5.66958,0.000524026,0.0,0.0,0.0
5.6705,0.00053136,0.0333333,0.0234792,0.0
5.67001,0.000523961,0.0,0.0,0.0
5.67037,0.000519547,0.0,0.0,0.0
5.67061,0.000537655,0.0166667,0.0166736,0.0
5.6699,0.000523571,0.0,0.0,0.0
5.66922,0.000529088,0.0,0.0,0.0
5.67036,0.000543886,0.0,0.0,0.0
5.67019,0.000549857,0.0,0.0,0.0
5.66901,0.000539083,0.0,0.0,0.0
5.66909,0.000538953,0.0166667,0.0166736,0.0
5.66975,0.000544081,0.0,0.0,0.0
5.67037,0.000537396,0.0166667,0.0166736,0.0
5.67089,0.00053428,0.0,0.0,0.0
5.67071,0.000541095,0.0,0.0,0.0
5.67052,0.000532852,0.0166667,0.0166736,0.0
5.67007,0.000540186,0.0,0.0,0.0
5.67034,0.000545443,0.0,0.0,0.0
5.67067,0.000531424,0.0,0.0,0.0
5.67025,0.000540186,0.0333333,0.0234792,0.0
5.67045,0.000542977,0.0,0.0,0.0
5.67042,0.000531554,0.0,0.0,0.0
5.67001,0.000534864,0.0,0.0,0.0
5.67032,0.000540251,0.0,0.0,0.0
5.67037,0.000532658,0.0,0.0,0.0
5.67025,0.000523571,0.0166667,0.0166736,0.0
5.66988,0.000535189,0.0,0.0,0.0
5.66888,0.000531489,0.0,0.0,0.0
5.66956,0.000541939,0.0166667,0.0166736,0.0
5.66962,0.000525713,0.0,0.0,0.0
5.67022,0.00052435,0.0166667,0.0166736,0.0
5.67027,0.000545184,0.0,0.0,0.0
5.66965,0.000525778,0.0166667,0.0166736,0.0
5.67017,0.000533566,0.0,0.0,0.0
5.67078,0.000538758,0.0166667,0.0166736,0.0
5.67028,0.000540446,0.0,0.0,0.0
5.6695,0.000524804,0.0,0.0,0.0
5.67,0.000535513,0.0,0.0,0.0
5.67038,0.000552842,0.0166667,0.0166736,0.0
5.67046,0.000539862,0.0166667,0.0166736,0.0
5.67018,0.000524026,0.0,0.0,0.0
5.67054,0.000553946,0.0,0.0,0.0
5.6698,0.000535773,0.0,0.0,0.0
5.67037,0.000542718,0.0,0.0,0.0
5.67053,0.000532073,0.0,0.0,0.0
5.67013,0.000534605,0.0166667,0.0166736,0.0
5.67027,0.000545898,0.0333333,0.0234792,0.0
5.67037,0.000538953,0.0,0.0,0.0
5.67043,0.000529737,0.0,0.0,0.0
5.67029,0.000532917,0.0166667,0.0166736,0.0
5.67087,0.000551934,0.0166667,0.0166736,0.0
5.67014,0.000546222,0.0,0.0,0.0
5.66957,0.000543951,0.0,0.0,0.0
5.66972,0.000542133,0.0,0.0,0.0
5.6702,0.000533501,0.0166667,0.0166736,0.0
5.67063,0.000542718,0.0,0.0,0.0
5.66971,0.000542458,0.0,0.0,0.0
5.66967,0.000543561,0.0,0.0,0.0
5.67044,0.000540316,0.0333333,0.0234792,0.0
5.66941,0.000545638,0.0,0.0,0.0
5.66936,0.000537396,0.0166667,0.0166736,0.0
5.66959,0.000552323,0.0,0.0,0.0
5.66957,0.000542523,0.0,0.0,0.0
5.67084,0.000535513,0.0,0.0,0.0
5.67004,0.000533891,0.0,0.0,0.0
5.67047,0.000534345,0.0,0.0,0.0
5.6699,0.000539927,0.0333333,0.0234792,0.0
5.67004,0.00053084,0.0,0.0,0.0
5.6699,0.000544145,0.0333333,0.0234792,0.0
5.66975,0.0005544,0.0166667,0.0166736,0.0
5.67113,0.000547585,0.0333333,0.0234792,0.0
5.66999,0.000540121,0.0,0.0,0.0
5.67063,0.000534864,0.0166667,0.0166736,0.0
5.67034,0.000530775,0.0,0.0,0.0
5.66964,0.000531424,0.0,0.0,0.0
5.66968,0.000529802,0.0,0.0,0.0
5.66924,0.000540511,0.0166667,0.0166736,0.0
5.66975,0.000552972,0.0166667,0.0166736,0.0
5.66939,0.000543821,0.0,0.0,0.0
5.66962,0.000542263,0.0333333,0.0234792,0.0
5.66979,0.000533826,0.0166667,0.0166736,0.0
5.6694,0.000521884,0.0,0.0,0.0
5.67021,0.000542133,0.0,0.0,0.0
5.67017,0.000530905,0.0,0.0,0.0
5.6702,0.000536292,0.0,0.0,0.0
5.67048,0.000539148,0.0166667,0.0166736,0.0
5.66996,0.000552388,0.0,0.0,0.0
5.67006,0.000542393,0.0,0.0,0.0
5.67057,0.000536552,0.0,0.0,0.0
5.67028,0.000537655,0.0,0.0,0.0
5.66954,0.000528114,0.0166667,0.0166736,0.0
5.66985,0.000533566,0.0,0.0,0.0
5.67023,0.000536097,0.0,0.0,0.0
5.67043,0.00053772,0.0,0.0,0.0
5.67039,0.000542588,0.0,0.0,0.0
5.67051,0.000541614,0.0,0.0,0.0
5.6707,0.000534475,0.0166667,0.0166736,0.0
5.67074,0.000545119,0.0166667,0.0166736,0.0
5.6705,0.000532917,0.0,0.0,0.0
5.66947,0.000528699,0.0166667,0.0166736,0.0
5.66986,0.000545054,0.0166667,0.0166736,0.0
5.67062,0.00053772,0.0,0.0,0.0
5.66973,0.000547131,0.0,0.0,0.0
5.66993,0.000553621,0.0,0.0,0.0
5.67027,0.000552972,0.0,0.0,0.0
5.67107,0.000537201,0.0,0.0,0.0
5.67041,0.00053136,0.0,0.0,0.0
5.67007,0.000532658,0.0,0.0,0.0
5.67118,0.00054142,0.0166667,0.0166736,0.0
5.67029,0.000553297,0.0333333,0.0234792,0.0
5.66963,0.000543302,0.0166667,0.0166736,0.0
5.67034,0.000542069,0.0,0.0,0.0
5.66984,0.000532982,0.0166667,0.0166736,0.0
5.66959,0.00054103,0.0,0.0,0.0
5.67058,0.000525908,0.0,0.0,0.0
5.67094,0.000530191,0.0,0.0,0.0
5.67003,0.000540251,0.0,0.0,0.0
5.66965,0.000540381,0.0,0.0,0.0
5.67006,0.000523896,0.0,0.0,0.0
5.67086,0.000530581,0.0166667,0.0166736,0.0
5.66988,0.00052448,0.0,0.0,0.0
5.67007,0.00052766,0.0,0.0,0.0
5.67069,0.000527076,0.0,0.0,0.0
5.67079,0.000533436,0.0,0.0,0.0
5.6699,0.000542328,0.0,0.0,0.0
5.6702,0.000532723,0.0,0.0,0.0
5.67036,0.000558489,0.0333333,0.0234792,0.0
5.67027,0.000538888,0.0,0.0,0.0
5.66978,0.000533826,0.0,0.0,0.0
5.66988,0.000550506,0.0166667,0.0166736,0.0
5.6692,0.000536876,0.0,0.0,0.0
5.67027,0.000531424,0.0,0.0,0.0
5.6697,0.000550441,0.05,0.0289236,0.0
5.66997,0.000545898,0.0,0.0,0.0
5.67016,0.000538564,0.0,0.0,0.0
5.66998,0.000517146,0.0,0.0,0.0
5.67122,0.000521429,0.0,0.0,0.0
5.67088,0.00053415,0.0,0.0,0.0
5.66991,0.000535578,0.0,0.0,0.0
5.66974,0.00053785,0.0166667,0.0166736,0.0
5.67061,0.000538758,0.0,0.0,0.0
5.67034,0.000545768,0.0166667,0.0166736,0.0
5.67094,0.000536162,0.0166667,0.0166736,0.0
5.66981,0.000533826,0.0,0.0,0.0
5.66988,0.000536487,0.0333333,0.0234792,0.0
5.67095,0.000529348,0.0,0.0,0.0
5.66992,0.000539927,0.0166667,0.0166736,0.0
5.67077,0.000526427,0.0,0.0,0.0
5.67067,0.000535708,0.0166667,0.0166736,0.0
5.67055,0.000530775,0.0,0.0,0.0
5.6708,0.000545379,0.0,0.0,0.0
5.6705,0.000535903,0.0,0.0,0.0
5.66981,0.00053123,0.0166667,0.0166736,0.0
5.66921,0.000542133,0.0166667,0.0166736,0.0
5.66937,0.00055096,0.0,0.0,0.0
5.66922,0.000528958,0.0166667,0.0166736,0.0
5.66998,0.000525194,0.0166667,0.0166736,0.0
5.66995,0.00052779,0.0,0.0,0.0
5.66986,0.00053467,0.0166667,0.0166736,0.0
5.66958,0.000517925,0.0,0.0,0.0
5.67103,0.000534475,0.0166667,0.0166736,0.0
5.67035,0.000535578,0.0,0.0,0.0
5.67025,0.000534929,0.0166667,0.0166736,0.0
5.66943,0.000532463,0.0,0.0,0.0
5.66944,0.000515069,0.0,0.0,0.0
5.67002,0.000546028,0.0166667,0.0166736,0.0
5.67019,0.000529672,0.0,0.0,0.0
5.66968,0.000537201,0.0166667,0.0166736,0.0
5.67029,0.000540641,0.0166667,0.0166736,0.0
5.66967,0.000535124,0.0,0.0,0.0
5.67037,0.000533696,0.0,0.0,0.0
5.6699,0.000552388,0.0,0.0,0.0
5.66991,0.000541809,0.0,0.0,0.0
5.67014,0.000531165,0.0,0.0,0.0
5.67061,0.000531424,0.0,0.0,0.0
5.6706,0.000534021,0.0166667,0.0166736,0.0
5.67039,0.000525778,0.0166667,0.0166736,0.0
5.67005,0.000549467,0.0333333,0.0234792,0.0
5.67034,0.000546028,0.0,0.0,0.0
5.67079,0.000556737,0.0166667,0.0166736,0.0
5.67008,0.000535708,0.0,0.0,0.0
5.67007,0.000525129,0.0166667,0.0166736,0.0
5.67026,0.000528893,0.0166667,0.0166736,0.0
5.66952,0.000535708,0.0,0.0,0.0
5.66998,0.000545314,0.0166667,0.0166736,0.0
5.66989,0.000540576,0.0,0.0,0.0
5.66947,0.000519742,0.0,0.0,0.0
5.66959,0.000539862,0.0,0.0,0.0
5.66962,0.000537396,0.0166667,0.0166736,0.0
5.6702,0.00052753,0.0,0.0,0.0
5.67099,0.000531554,0.0166667,0.0166736,0.0
5.6711,0.000539862,0.0,0.0,0.0
5.66989,0.000558684,0.0166667,0.0166736,0.0
5.66863,0.000551934,0.0,0.0,0.0
5.66945,0.000535189,0.0,0.0,0.0
5.66971,0.00054421,0.05,0.0289236,0.0
5.66971,0.000552907,0.0,0.0,0.0
5.66981,0.000534735,0.0166667,0.0166736,0.0
5.66962,0.000541614,0.0166667,0.0166736,0.0
5.66952,0.000551285,0.0,0.0,0.0
5.67043,0.000535708,0.0333333,0.0234792,0.0
5.66979,0.000545249,0.0,0.0,0.0
5.66933,0.000541095,0.0,0.0,0.0
5.66978,0.000526751,0.0166667,0.0166736,0.0
5.67091,0.000529283,0.0,0.0,0.0
5.66853,0.000539537,0.0,0.0,0.0
5.66882,0.000546157,0.0,0.0,0.0
5.6702,0.000546093,0.0,0.0,0.0
5.67014,0.000541484,0.0,0.0,0.0
5.6698,0.00055797,0.0,0.0,0.0
5.66977,0.000559138,0.0,0.0,0.0
5.6694,0.000542912,0.0,0.0,0.0
5.67046,0.000529932,0.0,0.0,0.0
5.67124,0.000543626,0.0,0.0,0.0
5.67074,0.000559722,0.0,0.0,0.0
5.66983,0.000550636,0.0,0.0,0.0
5.67009,0.000526232,0.0,0.0,0.0
5.67061,0.000545508,0.0166667,0.0166736,0.0
5.66977,0.000546677,0.0166667,0.0166736,0.0
5.66991,0.000531944,0.0166667,0.0166736,0.0
5.67014,0.000542977,0.0,0.0,0.0
5.67044,0.00054765,0.0,0.0,0.0
5.67037,0.000546547,0.0,0.0,0.0
5.67069,0.000533501,0.0,0.0,0.0
5.66943,0.000533372,0.0,0.0,0.0
5.66917,0.000536357,0.0166667,0.0166736,0.0
5.66943,0.000540381,0.0,0.0,0.0
5.66957,0.00053415,0.0,0.0,0.0
5.66938,0.000523117,0.0,0.0,0.0
5.66987,0.000529737,0.0,0.0,0.0
5.67032,0.000545443,0.0,0.0,0.0
5.6701,0.000541484,0.0,0.0,0.0
5.66953,0.000547585,0.0,0.0,0.0
5.66977,0.000537266,0.0,0.0,0.0
5.66977,0.000534475,0.0166667,0.0166736,0.0
5.66973,0.000544016,0.0,0.0,0.0
5.66948,0.00054791,0.0333333,0.0234792,0.0
5.66978,0.000533047,0.0,0.0,0.0
5.6696,0.00052448,0.0,0.0,0.0
5.6702,0.000552583,0.0,0.0,0.0
5.67044,0.000552842,0.0,0.0,0.0
5.66975,0.000535319,0.0166667,0.0166736,0.0
5.66959,0.000532333,0.0,0.0,0.0
5.66997,0.00053798,0.0166667,0.0166736,0.0
5.6703,0.000553167,0.0166667,0.0166736,0.0
5.67074,0.000562773,0.0,0.0,0.0
5.67059,0.000541484,0.0,0.0,0.0
5.67032,0.000547001,0.0,0.0,0.0
5.67025,0.000543886,0.0166667,0.0166736,0.0
5.67023,0.000544016,0.0166667,0.0166736,0.0
5.67006,0.000543756,0.0,0.0,0.0
5.66989,0.000524155,0.0,0.0,0.0
5.66986,0.00053415,0.0,0.0,0.0
5.66963,0.000538304,0.0,0.0,0.0
5.66972,0.000522727,0.0,0.0,0.0
5.66953,0.000541549,0.0166667,0.0166736,0.0
5.66946,0.000554011,0.0333333,0.0234792,0.0
5.67017,0.000536033,0.0166667,0.0166736,0.0
5.66947,0.0005311,0.0,0.0,0.0
5.66945,0.000526557,0.0,0.0,0.0
5.67017,0.000536552,0.0166667,0.0166736,0.0
5.66992,0.000533956,0.0,0.0,0.0
5.66979,0.00053759,0.0,0.0,0.0
5.66956,0.000545573,0.0166667,0.0166736,0.0
5.67009,0.000534735,0.0,0.0,0.0
5.66969,0.000539408,0.0,0.0,0.0
5.67054,0.000538694,0.0,0.0,0.0
5.66946,0.000526232,0.0166667,0.0166736,0.0
5.67123,0.000539537,0.0166667,0.0166736,0.0
5.6711,0.000529737,0.0166667,0.0166736,0.0
5.67097,0.000546547,0.0166667,0.0166736,0.0
5.67092,0.000522014,0.0,0.0,0.0
5.67014,0.000536487,0.0,0.0,0.0
5.67041,0.00052448,0.0,0.0,0.0
5.66987,0.00053415,0.0,0.0,0.0
5.66963,0.000537331,0.0,0.0,0.0
5.67008,0.000526816,0.0,0.0,0.0
5.67022,0.000526622,0.0,0.0,0.0
5.67012,0.000540511,0.0,0.0,0.0
5.67042,0.000549662,0.0333333,0.0234792,0.0
5.67038,0.000536422,0.0166667,0.0166736,0.0
5.66961,0.000517535,0.0,0.0,0.0
5.66963,0.000536162,0.0166667,0.0166736,0.0
5.67019,0.000548559,0.0166667,0.0166736,0.0
5.67012,0.000548624,0.0166667,0.0166736,0.0
5.66997,0.000530256,0.0,0.0,0.0
5.66876,0.000529867,0.0,0.0,0.0
5.67094,0.000535773,0.0166667,0.0166736,0.0
5.67079,0.000535708,0.0,0.0,0.0
5.66965,0.000549662,0.0,0.0,0.0
5.66975,0.000542458,0.0,0.0,0.0
5.66938,0.000531879,0.0166667,0.0166736,0.0
5.66939,0.000551934,0.0,0.0,0.0
5.66972,0.000528634,0.0166667,0.0166736,0.0
5.66986,0.00053428,0.0,0.0,0.0
5.66918,0.00054103,0.0333333,0.0234792,0.0
5.66999,0.000537201,0.0,0.0,0.0
5.66985,0.000545443,0.0,0.0,0.0
5.67021,0.000543107,0.0,0.0,0.0
5.67012,0.000540057,0.0,0.0,0.0
5.66997,0.000519223,0.0,0.0,0.0
5.66996,0.000532268,0.0166667,0.0166736,0.0
5.66954,0.000529477,0.0166667,0.0166736,0.0
5.6698,0.000528244,0.0,0.0,0.0
5.66967,0.000549403,0.0166667,0.0166736,0.0
5.6688,0.000523312,0.0,0.0,0.0
5.66901,0.00053772,0.0,0.0,0.0
5.66961,0.000533696,0.0,0.0,0.0
5.67003,0.000531165,0.0,0.0,0.0
5.66994,0.000534345,0.0,0.0,0.0
5.67,0.000538564,0.0,0.0,0.0
5.67106,0.000544794,0.0333333,0.0234792,0.0
5.67032,0.00053415,0.0,0.0,0.0
5.66977,0.000541744,0.0,0.0,0.0
5.67006,0.000535643,0.0,0.0,0.0
5.67013,0.000544016,0.0166667,0.0166736,0.0
5.66985,0.00054142,0.0166667,0.0166736,0.0
5.67082,0.000531035,0.0166667,0.0166736,0.0
5.67072,0.000548299,0.0333333,0.0234792,0.0
5.66935,0.000531944,0.0,0.0,0.0
5.67022,0.000543626,0.0166667,0.0166736,0.0
5.66993,0.00053772,0.0166667,0.0166736,0.0
5.67021,0.000529088,0.0,0.0,0.0
5.67013,0.000543431,0.0,0.0,0.0
5.67045,0.000530256,0.0,0.0,0.0
5.66965,0.000543237,0.0166667,0.0166736,0.0
5.66987,0.000538434,0.0,0.0,0.0
5.66937,0.000555439,0.0166667,0.0166736,0.0
5.67039,0.000533242,0.0,0.0,0.0
5.66996,0.000544405,0.0166667,0.0166736,0.0
5.66903,0.000547001,0.0,0.0,0.0
5.67,0.000539927,0.0,0.0,0.0
5.67002,0.000543691,0.0166667,0.0166736,0.0
5.67013,0.000542912,0.0166667,0.0166736,0.0
5.67055,0.00054103,0.0,0.0,0.0
5.66953,0.000542653,0.0,0.0,0.0
5.6691,0.000541744,0.0166667,0.0166736,0.0
5.6702,0.000527011,0.0,0.0,0.0
5.67022,0.000513511,0.0,0.0,0.0
5.66973,0.000534215,0.0,0.0,0.0
5.66995,0.000520715,0.0,0.0,0.0
5.66974,0.000520715,0.0,0.0,0.0
5.67027,0.000537266,0.0,0.0,0.0
5.67056,0.000532593,0.0,0.0,0.0
5.67094,0.000539018,0.0,0.0,0.0
5.67099,0.000526362,0.0,0.0,0.0
5.66976,0.000532787,0.0,0.0,0.0
5.67036,0.00055096,0.0333333,0.0234792,0.0
5.67022,0.000537071,0.0,0.0,0.0
5.66909,0.000549532,0.0,0.0,0.0
5.66944,0.000530062,0.0,0.0,0.0
5.67007,0.000533891,0.0166667,0.0166736,0.0
5.66996,0.000568159,0.0333333,0.0234792,0.0
5.66941,0.000543626,0.0,0.0,0.0
5.66917,0.000526427,0.0,0.0,0.0
5.66993,0.000529023,0.0,0.0,0.0
5.67004,0.000532852,0.0,0.0,0.0
5.67072,0.000551739,0.0166667,0.0166736,0.0
5.67131,0.000536811,0.0166667,0.0166736,0.0
5.67018,0.000519742,0.0166667,0.0166736,0.0
5.66979,0.000528309,0.0,0.0,0.0
5.6697,0.000538953,0.0,0.0,0.0
5.66951,0.000535708,0.0,0.0,0.0
5.67,0.00052117,0.0166667,0.0166736,0.0
5.67097,0.000537785,0.0,0.0,0.0
5.6703,0.000527076,0.0166667,0.0166736,0.0
5.67028,0.000532203,0.0166667,0.0166736,0.0
5.66987,0.000532463,0.0,0.0,0.0
5.66947,0.000537396,0.0,0.0,0.0
5.66987,0.000542133,0.0333333,0.0234792,0.0
5.66923,0.000541549,0.0,0.0,0.0
5.66896,0.000535643,0.0,0.0,0.0
5.6698,0.000524739,0.0333333,0.0234792,0.0
5.66926,0.000546806,0.0166667,0.0166736,0.0
5.67046,0.000544924,0.0333333,0.0234792,0.0
5.67034,0.000546806,0.0,0.0,0.0
5.66903,0.000523831,0.0166667,0.0166736,0.0
5.6693,0.00053759,0.0,0.0,0.0
5.67047,0.000544275,0.0,0.0,0.0
5.66989,0.000531879,0.0166667,0.0166736,0.0
5.67032,0.000557645,0.0,0.0,0.0
5.67002,0.000545703,0.0,0.0,0.0
5.6695,0.000540316,0.0166667,0.0166736,0.0
5.67039,0.000542912,0.0,0.0,0.0
5.67008,0.000528374,0.0,0.0,0.0
5.66996,0.00054129,0.0166667,0.0166736,0.0
5.67074,0.000547585,0.0166667,0.0166736,0.0
5.67012,0.000545703,0.0,0.0,0.0
5.66902,0.000556737,0.0,0.0,0.0
5.66969,0.000532723,0.0,0.0,0.0
5.67083,0.000528439,0.0,0.0,0.0
5.67068,0.000549273,0.0166667,0.0166736,0.0
5.66945,0.000543626,0.0166667,0.0166736,0.0
5.67025,0.000558684,0.0333333,0.0234792,0.0
5.67028,0.000534215,0.0166667,0.0166736,0.0
5.66939,0.000534735,0.0166667,0.0166736,0.0
5.66982,0.000536357,0.0,0.0,0.0
5.67023,0.000535578,0.0,0.0,0.0
5.66903,0.000531814,0.0,0.0,0.0
5.66993,0.000533631,0.0,0.0,0.0
5.67063,0.000545703,0.0,0.0,0.0
5.67046,0.000526362,0.0166667,0.0166736,0.0
5.6702,0.000537136,0.0,0.0,0.0
5.67018,0.000536552,0.0166667,0.0166736,0.0
5.66965,0.000541614,0.0166667,0.0166736,0.0
5.66958,0.000532138,0.0,0.0,0.0
5.67018,0.000538434,0.0166667,0.0166736,0.0
5.66955,0.000529737,0.0,0.0,0.0
5.67034,0.00054434,0.0166667,0.0166736,0.0
5.66919,0.000533761,0.0,0.0,0.0
5.66947,0.000533501,0.0,0.0,0.0
5.67022,0.000526232,0.0166667,0.0166736,0.0
5.67005,0.000522208,0.0,0.0,0.0
5.66904,0.000546222,0.0,0.0,0.0
5.67039,0.000538758,0.0166667,0.0166736,0.0
5.67036,0.00053798,0.0166667,0.0166736,0.0
5.66946,0.000531684,0.0,0.0,0.0
5.67041,0.00053136,0.0,0.0,0.0
5.67133,0.000526038,0.0,0.0,0.0
5.67048,0.000530581,0.0,0.0,0.0
5.66978,0.000535448,0.0166667,0.0166736,0.0
5.6702,0.000542523,0.0166667,0.0166736,0.0
5.66984,0.000544989,0.0166667,0.0166736,0.0
5.66991,0.000536033,0.0,0.0,0.0
5.67042,0.000541355,0.0166667,0.0166736,0.0
5.67055,0.000521819,0.0,0.0,0.0
5.67052,0.000524869,0.0,0.0,0.0
5.66971,0.000538758,0.0,0.0,0.0
5.66957,0.000537331,0.0,0.0,0.0
5.66967,0.000536422,0.0166667,0.0166736,0.0
5.66945,0.000546093,0.0166667,0.0166736,0.0
5.66919,0.000540316,0.0166667,0.0166736,0.0
5.66926,0.0005409,0.0,0.0,0.0
5.66975,0.000545898,0.0,0.0,0.0
5.67038,0.000560566,0.05,0.0374306,0.0
5.67002,0.000568808,0.0,0.0,0.0
5.66975,0.000534929,0.0,0.0,0.0
5.67027,0.000532528,0.0,0.0,0.0
5.67076,0.000549857,0.0166667,0.0166736,0.0
5.66985,0.000545508,0.0166667,0.0166736,0.0
5.67002,0.000533372,0.0,0.0,0.0
5.66959,0.00054077,0.0,0.0,0.0
5.66981,0.000535319,0.0166667,0.0166736,0.0
5.66936,0.000537136,0.0166667,0.0166736,0.0
5.67097,0.000539537,0.0,0.0,0.0
5.67135,0.000538239,0.0,0.0,0.0
5.67026,0.000549662,0.0,0.0,0.0
5.66942,0.000533631,0.0,0.0,0.0
5.66965,0.000549143,0.0333333,0.0234792,0.0
5.6696,0.000546093,0.0166667,0.0166736,0.0
5.67019,0.000545768,0.0333333,0.0234792,0.0
5.6704,0.000527271,0.0,0.0,0.0
5.66972,0.000539992,0.0,0.0,0.0
5.66961,0.000543042,0.0,0.0,0.0
5.67025,0.000526167,0.0,0.0,0.0
5.67036,0.000531749,0.0,0.0,0.0
5.66981,0.000540576,0.0166667,0.0166736,0.0
5.66944,0.000536422,0.0166667,0.0166736,0.0
5.66936,0.000550571,0.0,0.0,0.0
5.66989,0.000525973,0.0,0.0,0.0
5.66975,0.000546677,0.0166667,0.0166736,0.0
5.66954,0.000551285,0.0166667,0.0166736,0.0
5.67096,0.000535059,0.0,0.0,0.0
5.67035,0.000547326,0.0166667,0.0166736,0.0
5.66901,0.000545703,0.0,0.0,0.0
5.66993,0.000544924,0.0166667,0.0166736,0.0
5.67049,0.000535643,0.0,0.0,0.0
5.67047,0.000537136,0.0,0.0,0.0
5.67004,0.000535513,0.0333333,0.0234792,0.0
5.67019,0.000556996,0.0166667,0.0166736,0.0
5.66939,0.000546742,0.0166667,0.0166736,0.0
5.67029,0.00055109,0.0333333,0.0234792,0.0
5.67039,0.000532268,0.0166667,0.0166736,0.0
5.67074,0.000517081,0.0,0.0,0.0
5.67041,0.000528309,0.0,0.0,0.0
5.66985,0.0005176,0.0,0.0,0.0
5.66983,0.00053428,0.0,0.0,0.0
5.6697,0.000532268,0.0,0.0,0.0
5.67041,0.000528763,0.0,0.0,0.0
5.67035,0.000529672,0.0166667,0.0166736,0.0
5.66939,0.000539343,0.0,0.0,0.0
5.67027,0.000535578,0.0,0.0,0.0
5.67063,0.000538304,0.0166667,0.0166736,0.0
5.66903,0.000525778,0.0,0.0,0.0
5.67007,0.000536292,0.0333333,0.0234792,0.0
5.67082,0.000522208,0.0,0.0,0.0
5.67036,0.000546547,0.05,0.0289236,0.0
5.67089,0.000560955,0.0,0.0,0.0
5.67051,0.000550116,0.0333333,0.0234792,0.0
5.66983,0.000527725,0.0,0.0,0.0
5.67012,0.000538109,0.0,0.0,0.0
5.67029,0.000545184,0.0166667,0.0166736,0.0
5.6697,0.000544665,0.0,0.0,0.0
5.66954,0.000547975,0.0,0.0,0.0
5.66967,0.000545314,0.0,0.0,0.0
5.67013,0.000522857,0.0166667,0.0166736,0.0
5.66963,0.000525648,0.0,0.0,0.0
5.66964,0.000543821,0.0,0.0,0.0
5.6697,0.000517535,0.0,0.0,0.0
5.66949,0.000534085,0.0,0.0,0.0
5.66985,0.000534994,0.0166667,0.0166736,0.0
5.67013,0.000529153,0.0,0.0,0.0
5.66923,0.000540576,0.0166667,0.0166736,0.0
5.66895,0.000530321,0.0,0.0,0.0
5.67052,0.000546352,0.0166667,0.0166736,0.0
5.67114,0.000523052,0.0,0.0,0.0
5.66953,0.000529542,0.0,0.0,0.0
5.67039,0.000527336,0.0166667,0.0166736,0.0
5.67031,0.000532398,0.0,0.0,0.0
5.66966,0.000541874,0.0,0.0,0.0
5.66975,0.000518054,0.0166667,0.0166736,0.0
5.66984,0.000552777,0.0333333,0.0234792,0.0
5.67067,0.00054116,0.0,0.0,0.0
5.67062,0.000547585,0.0,0.0,0.0
5.67028,0.000534994,0.0,0.0,0.0
5.67,0.000544405,0.0,0.0,0.0
5.66962,0.000544405,0.0166667,0.0166736,0.0
5.66894,0.000552907,0.0,0.0,0.0
5.66921,0.000535189,0.0,0.0,0.0
5.67022,0.000533372,0.0166667,0.0166736,0.0
5.67067,0.000541484,0.0166667,0.0166736,0.0
5.66966,0.000543886,0.0166667,0.0166736,0.0
5.66953,0.000541939,0.0,0.0,0.0
5.6696,0.000537071,0.0,0.0,0.0
5.66982,0.000546222,0.0166667,0.0166736,0.0
5.67084,0.000538953,0.0,0.0,0.0
5.67027,0.000533956,0.0,0.0,0.0
5.67009,0.000546417,0.0166667,0.0166736,0.0
5.67002,0.00054804,0.0,0.0,0.0
5.66933,0.000532593,0.0333333,0.0234792,0.0
5.66931,0.000533242,0.0,0.0,0.0
5.66981,0.000534475,0.0,0.0,0.0
5.67014,0.000546352,0.0333333,0.0234792,0.0
5.67008,0.000527985,0.0,0.0,0.0
5.67055,0.000517146,0.0,0.0,0.0
5.66988,0.000529542,0.0,0.0,0.0
5.66989,0.000525973,0.0,0.0,0.0
5.67048,0.000538758,0.0333333,0.0234792,0.0
5.67084,0.000535319,0.0,0.0,0.0
5.66945,0.000531165,0.0,0.0,0.0
5.6695,0.000533631,0.0,0.0,0.0
5.67067,0.000550766,0.0,0.0,0.0
5.66953,0.000535708,0.0166667,0.0166736,0.0
5.66977,0.000543821,0.0,0.0,0.0
5.66976,0.000533696,0.0,0.0,0.0
5.66974,0.000543302,0.0166667,0.0166736,0.0
5.67067,0.000537266,0.0166667,0.0166736,0.0
5.67031,0.000538434,0.0,0.0,0.0
5.66988,0.000542458,0.0,0.0,0.0
5.67033,0.000542912,0.0333333,0.0234792,0.0
5.67033,0.000542458,0.0,0.0,0.0
5.67001,0.000539343,0.0,0.0,0.0
5.67004,0.000547196,0.0333333,0.0234792,0.0
5.67013,0.000550376,0.0166667,0.0166736,0.0
5.66996,0.000540316,0.0,0.0,0.0
5.66955,0.000535643,0.0166667,0.0166736,0.0
5.66934,0.000537136,0.0,0.0,0.0
5.67048,0.000531879,0.0333333,0.0234792,0.0
5.67003,0.000549078,0.0,0.0,0.0
5.67131,0.000542069,0.0,0.0,0.0
5.6707,0.000532333,0.0333333,0.0234792,0.0
5.67123,0.000533956,0.0166667,0.0166736,0.0
5.66996,0.000538434,0.0,0.0,0.0
5.67006,0.000545768,0.0166667,0.0166736,0.0
5.66978,0.000530516,0.0,0.0,0.0
5.67,0.000538758,0.0166667,0.0166736,0.0
5.67003,0.000543886,0.0,0.0,0.0
5.67005,0.000534475,0.0,0.0,0.0
5.66938,0.000536357,0.0,0.0,0.0
5.66996,0.000529672,0.0,0.0,0.0
5.66976,0.000542782,0.0333333,0.0234792,0.0
5.6692,0.000539018,0.0166667,0.0166736,0.0
5.66986,0.000556737,0.0,0.0,0.0
5.67053,0.000535773,0.0166667,0.0166736,0.0
5.67047,0.000550376,0.0166667,0.0166736,0.0
5.6702,0.000538239,0.0,0.0,0.0
5.66979,0.00052792,0.0166667,0.0166736,0.0
5.67011,0.000518833,0.0,0.0,0.0
5.66988,0.000534799,0.0,0.0,0.0
5.66963,0.000525129,0.0,0.0,0.0
5.67025,0.00052766,0.0,0.0,0.0
5.6698,0.000528309,0.0,0.0,0.0
5.66986,0.000543367,0.0333333,0.0234792,0.0
5.67029,0.000540511,0.0166667,0.0166736,0.0
5.66966,0.000548559,0.0333333,0.0234792,0.0
5.67022,0.000543951,0.0,0.0,0.0
5.67019,0.000543691,0.0,0.0,0.0
5.66971,0.000536552,0.0333333,0.0333472,0.0
5.67058,0.000535189,0.0,0.0,0.0
5.67153,0.000528114,0.0,0.0,0.0
5.6703,0.000530126,0.0,0.0,0.0
5.66967,0.000534929,0.0166667,0.0166736,0.0
5.67105,0.000542912,0.0166667,0.0166736,0.0
5.66965,0.000538564,0.0166667,0.0166736,0.0
5.67005,0.000531489,0.0,0.0,0.0
5.67004,0.000545379,0.0,0.0,0.0
5.66984,0.000538239,0.0,0.0,0.0
5.66935,0.000515004,0.0,0.0,0.0
5.66988,0.000517925,0.0,0.0,0.0
5.66962,0.000530581,0.0,0.0,0.0
5.6694,0.000534085,0.0166667,0.0166736,0.0
5.66912,0.000539408,0.0166667,0.0166736,0.0
5.66967,0.000542977,0.0,0.0,0.0
5.67061,0.000526297,0.0166667,0.0166736,0.0
5.67122,0.000544535,0.0,0.0,0.0
5.96128,0.00706747,0.0666667,0.0333472,0.0
12.2409,0.0878943,61.5333,0.994292,0.0
37.0851,0.200502,152.75,0.933042,0.0
62.9692,0.120367,192.833,0.880979,0.0
65.2419,0.0959208,189.667,0.879958,0.0
62.3228,0.0856995,191.967,0.891868,0.0
63.5604,0.0787571,188.267,0.880979,0.0
58.7744,0.0825171,188.483,0.867028,0.0
52.8188,0.0727849,187.567,0.894931,0.0
49.4215,0.0693614,189.183,0.878597,0.0
45.108,0.0647681,187.5,0.853417,0.0
41.0251,0.0592151,185.767,0.876896,0.0
37.9475,0.0562611,187.333,0.87009,0.0
35.1121,0.052463,186.1,0.8575,0.0
32.8182,0.049862,186.483,0.855458,0.0
30.8247,0.0484674,185.1,0.866688,0.0
28.8556,0.0473599,185.317,0.840826,0.0
27.2491,0.0450874,184.3,0.877917,0.0
26.0846,0.0440555,182.067,0.864986,0.0
25.1273,0.0439779,180.983,0.861924,0.0
24.2837,0.0448645,181.517,0.871111,0.0
23.5978,0.0458284,180.7,0.883701,0.0
23.056,0.0500347,180.183,0.859882,0.0
22.6127,0.0531316,180.6,0.866347,0.0
22.3143,0.0519427,179.783,0.875195,0.0
22.2436,0.0500863,180.317,0.854778,0.0
22.1865,0.0506009,179.8,0.871792,0.0
22.1176,0.0519166,178.483,0.840486,0.0
22.1086,0.0518133,178.833,0.85682,0.0
21.9614,0.0502524,180.533,0.873493,0.0
21.6551,0.0467218,180.133,0.856479,0.0
21.1873,0.0444946,178.333,0.851375,0.0
20.6638,0.0445387,177.333,0.84491,0.0
20.1934,0.0451878,176.25,0.846611,0.0
19.7404,0.0433366,177.65,0.859882,0.0
19.391,0.0421996,174.95,0.875875,0.0
19.1423,0.0426124,175.15,0.852736,0.0
18.8797,0.0411017,175.283,0.866347,0.0
18.5948,0.0389734,174.25,0.862604,0.0
18.3293,0.0385807,174.317,0.854438,0.0
17.9872,0.0376618,173.233,0.851715,0.0
17.5149,0.0367407,172.85,0.85784,0.0
17.0253,0.0352559,172.4,0.851375,0.0
16.5803,0.0341006,169.233,0.843889,0.0
16.0927,0.0320954,167.967,0.868049,0.0
15.6201,0.0304388,169.117,0.844229,0.0
15.2019,0.0299595,167.283,0.837424,0.0
14.8388,0.0289795,165.533,0.838445,0.0
14.4534,0.0270916,165.8,0.841847,0.0
13.9825,0.0257378,164.617,0.843208,0.0
13.5636,0.0253485,161.35,0.836063,0.0
13.1822,0.0248669,161.483,0.851715,0.0
12.7813,0.0257551,158.5,0.842868,0.0
12.4624,0.0261936,158.717,0.841847,0.0
12.188,0.0255726,156.183,0.859201,0.0
11.8744,0.0259694,154.883,0.839806,0.0
11.6491,0.0263265,152.4,0.859201,0.0
11.5612,0.0261382,153.45,0.827215,0.0
11.456,0.0252339,152.267,0.846951,0.0
11.2329,0.0226757,149.833,0.841847,0.0
10.8555,0.0198489,144.95,0.838785,0.0
10.3781,0.0182502,143.167,0.831639,0.0
10.0226,0.0183334,141.383,0.850695,0.0
9.78329,0.0177114,138.3,0.846271,0.0
9.54744,0.0175256,135.8,0.814625,0.0
9.39296,0.0173219,135.1,0.851035,0.0
9.27543,0.0172012,131.933,0.839465,0.0
9.14097,0.0167734,130.05,0.842868,0.0
9.01965,0.0172547,127.75,0.862264,0.0
8.87785,0.017133,127.617,0.852396,0.0
8.77985,0.0168239,125.95,0.860903,0.0
8.74071,0.0164093,124.233,0.82109,0.0
8.66088,0.0164011,121.85,0.855458,0.0
8.60771,0.0164361,122.433,0.861243,0.0
8.5632,0.0161911,122.4,0.859542,0.0
8.49363,0.0159246,119.833,0.848993,0.0
8.43544,0.0157459,119.417,0.855799,0.0
8.37186,0.0157174,117.167,0.819049,0.0
8.31238,0.0154831,117.15,0.863285,0.0
8.26482,0.0156439,116.383,0.866347,0.0
8.2223,0.0159499,114.65,0.854097,0.0
8.17768,0.0155002,115.183,0.848313,0.0
8.13372,0.0150909,114.367,0.852056,0.0
8.08929,0.015234,113.3,0.873153,0.0
8.04777,0.0153109,111.333,0.858861,0.0
8.02536,0.0156564,110.55,0.873493,0.0
7.98823,0.0156683,110.9,0.874174,0.0
7.91801,0.0152326,107.583,0.868049,0.0
7.85853,0.0149556,107.017,0.868729,0.0
7.82131,0.0144223,105.517,0.848653,0.0
7.79566,0.0137167,105.617,0.855458,0.0
7.77591,0.0136964,105.733,0.843889,0.0
7.72848,0.0136742,102.083,0.862264,0.0
7.68088,0.0137186,102.45,0.868389,0.0
7.64976,0.0134442,101.717,0.865667,0.0
7.57892,0.01325,99.1167,0.839806,0.0
7.51411,0.0131204,97.9833,0.850695,0.0
7.50937,0.0130852,97.4167,0.861243,0.0
7.49336,0.0129546,96.8,0.85716,0.0
7.45165,0.0128384,97.5167,0.860563,0.0
7.42548,0.0130368,93.2833,0.855799,0.0
7.40513,0.0130745,95.7667,0.8575,0.0
7.37488,0.0129297,93.3833,0.876556,0.0
7.33676,0.0126359,92.4333,0.84525,0.0
7.30315,0.0125163,90.8333,0.85784,0.0
7.2811,0.0128506,90.2667,0.847632,0.0
7.25637,0.0125879,90.3,0.863625,0.0
7.20912,0.0121788,87.5167,0.816326,0.0
7.18676,0.0121723,86.6167,0.83232,0.0
7.1748,0.0123011,85.8167,0.872132,0.0
7.13697,0.0119362,85.4667,0.850695,0.0
7.1066,0.0118371,84.1667,0.853076,0.0
7.08323,0.0116596,83.1833,0.835382,0.0
7.04949,0.0113747,82.9667,0.854438,0.0
7.0317,0.011617,82.05,0.837424,0.0
7.02341,0.0113605,81.5667,0.874174,0.0
7.00965,0.0109591,82.0167,0.856479,0.0
6.98218,0.0109507,81.1333,0.864306,0.0
6.95041,0.0109254,79.4333,0.842868,0.0
6.91849,0.0104865,77.15,0.847632,0.0
6.89531,0.0104211,77.0833,0.835382,0.0
6.88211,0.0103843,76.2167,0.82109,0.0
6.85599,0.0100303,74.35,0.828576,0.0
6.82068,0.0101621,74.7,0.851375,0.0
6.80731,0.0100403,74.0833,0.830618,0.0
6.78584,0.00980662,70.6333,0.826195,0.0
6.76778,0.00990385,71.4167,0.823132,0.0
6.76174,0.00996927,71.15,0.836403,0.0
6.72664,0.00944959,68.9667,0.831299,0.0
6.69972,0.00918933,68.9833,0.833681,0.0
6.68825,0.00916668,69.0333,0.831299,0.0
6.64405,0.00904772,65.4833,0.813604,0.0
6.61086,0.00918511,64.2833,0.82075,0.0
6.59926,0.00896172,62.9333,0.814285,0.0
6.57591,0.00855192,63.2667,0.824833,0.0
6.54346,0.00830867,59.0667,0.781958,0.0
6.50053,0.00761219,58.8667,0.792507,0.0
6.4801,0.00746143,58.5167,0.787063,0.0
6.47097,0.00762602,56.8667,0.779917,0.0
6.44527,0.0072405,57.2333,0.790806,0.0
6.42332,0.00693318,55.35,0.767326,0.0
6.41236,0.0073163,53.9833,0.780938,0.0
6.39795,0.00734291,54.1833,0.773792,0.0
6.37017,0.00675613,52.3333,0.773451,0.0
6.34966,0.00683979,51.25,0.776854,0.0
6.33657,0.00677144,49.5333,0.750313,0.0
6.30936,0.00671173,48.7167,0.755757,0.0
6.28222,0.00660919,45.5167,0.719688,0.0
6.26993,0.00663872,45.6667,0.742146,0.0
6.25846,0.00642006,44.85,0.745549,0.0
6.24871,0.00659906,45.3833,0.748611,0.0
6.2402,0.0064577,43.9167,0.738743,0.0
6.21578,0.00631914,41.9167,0.719688,0.0
6.20891,0.00608036,43.0667,0.733299,0.0
6.20763,0.00598936,40.4333,0.699611,0.0
6.18292,0.00588792,39.6833,0.699271,0.0
6.17044,0.00592115,40.7833,0.720028,0.0
6.15315,0.00577259,38.1,0.701993,0.0
6.12074,0.00563629,35.9667,0.683958,0.0
6.10632,0.00572372,35.5667,0.688722,0.0
6.0938,0.00554121,34.2167,0.686,0.0
6.0723,0.00538655,33.1167,0.67375,0.0
6.0631,0.00524441,33.1,0.675451,0.0
6.06153,0.00534501,31.9167,0.668986,0.0
6.05776,0.00533852,32.2667,0.667625,0.0
6.05279,0.00510772,30.4833,0.644146,0.0
6.04888,0.0050719,31.4167,0.644486,0.0
6.04362,0.00499544,30.3833,0.642785,0.0
6.03119,0.00502335,30.8833,0.641424,0.0
6.02282,0.00486447,29.0167,0.618965,0.0
6.01551,0.00476887,28.25,0.629514,0.0
6.008,0.0047638,27.7833,0.613181,0.0
6.00074,0.0047553,27.1,0.620667,0.0
5.99561,0.00472597,26.8833,0.621347,0.0
6.0,0.00476861,27.7833,0.619646,0.0
6.0022,0.00488465,27.5,0.643465,0.0
5.99075,0.0047468,26.6333,0.608757,0.0
5.98362,0.00452775,27.45,0.620667,0.0
5.98335,0.00459233,26.1167,0.596847,0.0
5.9832,0.00469131,26.1333,0.617944,0.0
5.98195,0.00457474,27.15,0.621347,0.0
5.97981,0.00457318,26.4333,0.613861,0.0
5.97516,0.00458506,26.3,0.615903,0.0
5.97375,0.00451983,25.8,0.605694,0.0
5.97154,0.00457844,25.6167,0.614882,0.0
5.97068,0.00459103,25.85,0.605354,0.0
5.96588,0.00433142,25.6167,0.609778,0.0
5.95403,0.00429897,23.7,0.586979,0.0
5.95169,0.00424108,24.7833,0.582215,0.0
5.95329,0.00428443,23.6333,0.589361,0.0
5.95034,0.0042954,24.4167,0.592424,0.0
5.95073,0.00433389,24.25,0.586639,0.0
5.95161,0.00410335,23.6,0.572688,0.0
5.94277,0.00407032,23.3333,0.596167,0.0
5.93427,0.00409303,22.7667,0.569285,0.0
5.9407,0.00410387,23.6167,0.581875,0.0
5.94045,0.0041582,22.5,0.561118,0.0
5.93516,0.00417247,23.2167,0.575069,0.0
5.9385,0.00418825,23.3833,0.582896,0.0
5.93109,0.00412386,21.2833,0.556354,0.0
5.92068,0.00403871,21.55,0.567243,0.0
5.9188,0.00392175,21.3,0.558396,0.0
5.91491,0.00385795,21.85,0.562479,0.0
5.91196,0.00393863,21.2167,0.555674,0.0
5.90322,0.00384186,20.0333,0.543764,0.0
5.89469,0.00378812,19.9833,0.532875,0.0
5.89285,0.00372153,19.35,0.528111,0.0
5.88498,0.00361139,19.3333,0.529472,0.0
5.88392,0.00364968,19.1833,0.535938,0.0
5.88539,0.00353662,18.85,0.531854,0.0
5.88144,0.00362392,18.8333,0.52675,0.0
5.87921,0.00364741,17.7,0.513819,0.0
5.87359,0.00355927,17.6833,0.511778,0.0
5.86301,0.0035964,17.2333,0.510076,0.0
5.85772,0.00343154,16.55,0.499528,0.0
5.86107,0.00334749,17.5333,0.515181,0.0
5.85688,0.00334879,16.6667,0.494764,0.0
5.84676,0.00332634,16.2167,0.491361,0.0
5.84347,0.0031411,15.6833,0.495785,0.0
5.84242,0.00306861,15.9,0.493743,0.0
5.84102,0.00312027,15.35,0.47775,0.0
5.83968,0.003118,15.7,0.497826,0.0
5.83091,0.00307432,13.5333,0.448826,0.0
5.82869,0.00297502,15.15,0.475368,0.0
5.82832,0.00284385,14.1833,0.458014,0.0
5.82416,0.00292219,14.5167,0.462097,0.0
5.82403,0.00299293,14.25,0.466861,0.0
5.81839,0.00289739,13.15,0.443382,0.0
5.81456,0.0029157,14.3333,0.462438,0.0
5.81586,0.00287559,13.0167,0.451208,0.0
5.8092,0.0028776,12.3333,0.441681,0.0
5.80446,0.00272903,12.7,0.436576,0.0
5.80676,0.00277667,12.0833,0.424326,0.0
5.8026,0.00272644,12.5167,0.439639,0.0
5.79881,0.0026897,11.9833,0.425007,0.0
5.79962,0.00277278,12.5,0.452229,0.0
5.79404,0.00283087,11.0167,0.428069,0.0
5.79019,0.00280056,11.6,0.422965,0.0
5.79103,0.00259034,10.95,0.421944,0.0
5.78895,0.00252394,11.1833,0.410715,0.0
5.78736,0.00259728,10.7167,0.398125,0.0
5.78203,0.00248007,10.05,0.395063,0.0
5.77882,0.00261623,10.4333,0.400167,0.0
5.78082,0.00248727,10.2333,0.398465,0.0
5.78072,0.0025281,9.93333,0.398806,0.0
5.7795,0.00256632,10.15,0.400167,0.0
5.77315,0.00245443,9.5,0.388938,0.0
5.77126,0.00242146,9.41667,0.38009,0.0
5.77625,0.00238765,9.95,0.386215,0.0
5.77922,0.0024214,10.45,0.395743,0.0
5.7758,0.00243658,9.45,0.392,0.0
5.77025,0.00247007,9.48333,0.396083,0.0
5.77048,0.00237921,9.23333,0.38009,0.0
5.76811,0.00237084,8.8,0.382132,0.0
5.76558,0.00231632,9.25,0.384174,0.0
5.76468,0.00232579,8.75,0.360014,0.0
5.76172,0.00232125,8.35,0.366819,0.0
5.75847,0.00233735,8.11667,0.357632,0.0
5.7617,0.00235656,9.35,0.390299,0.0
5.76289,0.00230807,8.6,0.371583,0.0
5.76087,0.00231781,8.36667,0.358653,0.0
5.75878,0.00229769,8.41667,0.361715,0.0
5.75514,0.00221981,7.93333,0.354229,0.0
5.75221,0.00219884,7.63333,0.348444,0.0
5.75347,0.00216334,8.01667,0.356271,0.0
5.75628,0.00219982,8.23333,0.360694,0.0
5.75354,0.00216782,7.75,0.353208,0.0
5.75111,0.00216328,8.45,0.358993,0.0
5.75074,0.00210032,6.9,0.329389,0.0
5.7489,0.00210058,7.68333,0.351507,0.0
5.74952,0.00212667,7.18333,0.334833,0.0
5.75148,0.00215568,7.23333,0.331431,0.0
5.74883,0.00211408,7.43333,0.341979,0.0
5.745,0.00207722,6.95,0.332111,0.0
5.74435,0.00200959,6.75,0.323604,0.0
5.74738,0.00204768,7.26667,0.344361,0.0
5.74721,0.00214465,7.03333,0.337556,0.0
5.74327,0.00202335,6.9,0.325986,0.0
5.74509,0.00206203,7.13333,0.336535,0.0
5.74284,0.00206716,6.31667,0.321903,0.0
5.73943,0.00204996,6.53333,0.321563,0.0
5.7398,0.00201465,7.03333,0.336535,0.0
5.73972,0.00200926,6.23333,0.322243,0.0
5.73886,0.00205061,6.85,0.336194,0.0
5.73818,0.0019846,6.61667,0.322924,0.0
5.73753,0.00201147,6.63333,0.323944,0.0
5.73606,0.00197175,5.8,0.311694,0.0
5.73625,0.00204593,6.53333,0.329049,0.0
5.73687,0.00194241,6.53333,0.319861,0.0
5.7368,0.00194092,6.16667,0.312375,0.0
5.73719,0.00200907,6.78333,0.330069,0.0
5.73468,0.00192878,5.66667,0.302847,0.0
5.73164,0.00189419,6.46667,0.322924,0.0
5.73177,0.0018557,5.48333,0.292639,0.0
5.73116,0.00190626,5.7,0.302507,0.0
5.73128,0.00193793,5.85,0.316118,0.0
5.73178,0.00194546,5.73333,0.304208,0.0
5.73032,0.00189004,5.86667,0.30659,0.0
5.72855,0.00187673,5.88333,0.313396,0.0
5.72748,0.00179119,5.46667,0.294,0.0
5.72783,0.00181436,5.25,0.291278,0.0
5.72549,0.00177587,5.1,0.290257,0.0
5.72597,0.00173959,5.43333,0.290597,0.0
5.72798,0.00179554,5.7,0.300806,0.0
5.72239,0.0017342,4.86667,0.284132,0.0
5.72261,0.00175244,5.21667,0.291618,0.0
5.72848,0.00184058,5.13333,0.290938,0.0
5.7249,0.00170909,4.86667,0.278347,0.0
5.72417,0.00181215,5.41667,0.289236,0.0
5.72626,0.0018213,5.3,0.293319,0.0
5.72233,0.00176341,5.05,0.280389,0.0
5.72097,0.00168871,4.81667,0.280049,0.0
5.71795,0.00165742,4.56667,0.275285,0.0
5.71651,0.00172304,4.73333,0.279028,0.0
5.72072,0.00175329,5.03333,0.289576,0.0
5.7199,0.00173745,4.71667,0.271542,0.0
5.71728,0.00160076,4.6,0.265757,0.0
5.71955,0.00170604,4.55,0.26984,0.0
5.71875,0.0017233,4.6,0.272903,0.0
5.71678,0.00166891,4.58333,0.275625,0.0
5.71738,0.0016238,4.76667,0.276986,0.0
5.71648,0.00165677,4.38333,0.26984,0.0
5.71319,0.00159817,4.03333,0.257931,0.0
5.71365,0.00156247,4.21667,0.260653,0.0
5.71261,0.00154384,3.88333,0.251806,0.0
5.71184,0.0015833,4.1,0.259632,0.0
5.71379,0.00156435,4.05,0.254188,0.0
5.71373,0.0015443,4.38333,0.267799,0.0
5.71313,0.00158129,3.91667,0.25725,0.0
5.71207,0.00159998,4.28333,0.266438,0.0
5.71249,0.00159395,3.76667,0.253167,0.0
5.71347,0.0015628,4.35,0.266097,0.0
5.7144,0.00161628,4.18333,0.263035,0.0
5.71107,0.00157688,4.2,0.264396,0.0
5.71233,0.00154943,4.43333,0.270181,0.0
5.71302,0.00155825,3.5,0.242618,0.0
5.70719,0.00149484,3.91667,0.249424,0.0
5.70903,0.0015186,3.71667,0.243979,0.0
5.71222,0.00156364,4.18333,0.267118,0.0
5.70873,0.00159375,3.6,0.244319,0.0
5.70706,0.00153677,3.63333,0.240576,0.0
5.71006,0.00159862,3.7,0.251465,0.0
5.70888,0.0015393,3.9,0.249083,0.0
5.70695,0.00146966,3.63333,0.241597,0.0
5.70762,0.00146979,3.55,0.243979,0.0
5.70816,0.001543,3.73333,0.247722,0.0
5.70779,0.0015223,3.6,0.247722,0.0
5.7057,0.00151418,3.51667,0.239556,0.0
5.70572,0.00148167,3.61667,0.248063,0.0
5.70497,0.00144104,3.38333,0.236833,0.0
5.70492,0.00139931,3.36667,0.235132,0.0
5.7042,0.00141696,3.31667,0.227646,0.0
5.70576,0.00145402,3.76667,0.252146,0.0
5.70716,0.00147544,3.48333,0.240917,0.0
5.7087,0.0014731,3.45,0.23275,0.0
5.70586,0.00148355,3.31667,0.229007,0.0
5.70273,0.00142987,3.21667,0.228326,0.0
5.70195,0.00138211,3.28333,0.233771,0.0
5.7016,0.00142734,2.75,0.217097,0.0
5.70342,0.00142196,3.23333,0.23241,0.0
5.70368,0.00144513,3.05,0.229347,0.0
5.70268,0.00137146,3.3,0.229688,0.0
5.70509,0.00140424,3.43333,0.237174,0.0
5.70552,0.00142656,3.25,0.227986,0.0
5.70334,0.0014178,3.41667,0.235472,0.0
5.70111,0.00134699,3.01667,0.218118,0.0
5.70337,0.00138957,3.46667,0.233431,0.0
5.70286,0.0013564,2.81667,0.211653,0.0
5.70139,0.00139288,2.9,0.217097,0.0
5.70172,0.00140125,3.0,0.218799,0.0
5.70074,0.00134667,3.0,0.226285,0.0
5.69895,0.00133479,2.65,0.205868,0.0
5.69966,0.00133719,3.06667,0.221181,0.0
5.70106,0.00135296,2.83333,0.214715,0.0
5.69971,0.00127735,2.8,0.216076,0.0
5.69908,0.00135952,2.68333,0.206889,0.0
5.69993,0.0013222,2.96667,0.215396,0.0
5.69878,0.00134544,2.71667,0.209611,0.0
5.6994,0.00135193,3.08333,0.225264,0.0
5.69999,0.00129812,2.53333,0.201785,0.0
5.69768,0.00132389,2.6,0.209611,0.0
5.69913,0.00133466,2.83333,0.217438,0.0
5.70032,0.00131253,2.61667,0.20859,0.0
5.69814,0.00125237,2.83333,0.217438,0.0
5.69693,0.00131182,2.78333,0.215736,0.0
5.69779,0.0013209,2.56667,0.205528,0.0
5.69616,0.00128508,2.56667,0.201444,0.0
5.69563,0.00123744,2.58333,0.203486,0.0
5.69701,0.00127898,2.86667,0.214715,0.0
5.6969,0.00129877,2.36667,0.197021,0.0
5.69711,0.00127268,2.61667,0.207229,0.0
5.69553,0.00125425,2.33333,0.201444,0.0
5.69528,0.00123867,2.46667,0.203486,0.0
5.69669,0.00132201,2.63333,0.214375,0.0
5.69618,0.00131461,2.51667,0.206549,0.0
5.69547,0.00128793,2.56667,0.206889,0.0
5.69519,0.00125048,2.43333,0.199403,0.0
5.69552,0.00123938,2.38333,0.194639,0.0
5.69413,0.00124795,2.45,0.202806,0.0
5.6935,0.00122232,2.28333,0.192257,0.0
5.69457,0.00118071,2.03333,0.182389,0.0
5.69467,0.00118798,2.21667,0.192597,0.0
5.69404,0.00122355,2.23333,0.193278,0.0
5.69347,0.00121901,2.13333,0.187833,0.0
5.69443,0.00118779,2.35,0.199063,0.0
5.69549,0.00120083,2.66667,0.206549,0.0
5.694,0.00124587,2.48333,0.205188,0.0
5.69245,0.00117435,2.23333,0.188854,0.0
5.69381,0.00122193,2.3,0.196,0.0
5.69382,0.00117552,2.43333,0.199403,0.0
5.69414,0.00127145,2.46667,0.204847,0.0
5.69118,0.00113749,1.75,0.170479,0.0
5.69073,0.00117818,2.05,0.183069,0.0
5.69372,0.00116864,2.21667,0.191236,0.0
5.69413,0.00122193,2.48333,0.205188,0.0
5.69279,0.00124003,2.28333,0.193958,0.0
5.69266,0.00123504,2.5,0.204507,0.0
5.69248,0.001212,1.95,0.180688,0.0
5.69076,0.00117623,2.3,0.196,0.0
5.6928,0.00123543,2.46667,0.200764,0.0
5.69417,0.00120849,2.3,0.194299,0.0
5.69133,0.00113814,2.13333,0.185111,0.0
5.69202,0.00117643,2.26667,0.193278,0.0
5.69351,0.00123153,2.23333,0.194639,0.0
5.69315,0.00126554,2.4,0.201104,0.0
5.69229,0.00124088,2.28333,0.192257,0.0
5.69136,0.00117636,2.4,0.201104,0.0
5.69228,0.00115819,2.33333,0.194299,0.0
5.69367,0.00122634,2.45,0.200083,0.0
5.69232,0.00121401,1.9,0.173542,0.0
5.69205,0.00121972,2.3,0.198722,0.0
5.69358,0.00121466,2.36667,0.198382,0.0
5.69283,0.00123549,2.26667,0.197361,0.0
5.69198,0.00119538,2.03333,0.189875,0.0
5.68958,0.0011138,1.7,0.166396,0.0
5.68918,0.0010927,2.03333,0.181028,0.0
5.68943,0.00110997,1.65,0.162313,0.0
5.68897,0.00110348,2.15,0.187153,0.0
5.68967,0.00111146,1.76667,0.17116,0.0
5.69062,0.00117682,2.15,0.185792,0.0
5.69028,0.00113405,1.81667,0.176604,0.0
5.6891,0.00111042,2.11667,0.185792,0.0
5.68894,0.0010929,1.58333,0.162653,0.0
5.68964,0.00115274,1.91667,0.177625,0.0
5.69057,0.00113483,1.93333,0.181368,0.0
5.68911,0.00114365,1.73333,0.169458,0.0
5.6893,0.00112412,1.95,0.175924,0.0
5.68966,0.00115209,1.78333,0.168438,0.0
5.68911,0.0011062,1.88333,0.176264,0.0
5.68932,0.00109154,1.71667,0.167076,0.0
5.68964,0.00113619,1.9,0.178306,0.0
5.69094,0.00118058,2.21667,0.194299,0.0
5.6899,0.00109374,1.75,0.168778,0.0
5.68866,0.00106519,1.65,0.162313,0.0
5.69015,0.00109537,1.96667,0.179667,0.0
5.68936,0.00112301,2.13333,0.186472,0.0
5.68846,0.00110205,1.73333,0.169458,0.0
5.6881,0.00109816,1.93333,0.175243,0.0
5.68805,0.00107687,1.66667,0.165035,0.0
5.68779,0.00111659,1.65,0.167417,0.0
5.68811,0.00110659,1.7,0.166396,0.0
5.68902,0.00110958,1.88333,0.179326,0.0
5.68833,0.00108621,1.98333,0.185111,0.0
5.68853,0.00109887,1.88333,0.176264,0.0
5.68846,0.00106473,1.66667,0.166396,0.0
5.6874,0.00105837,1.81667,0.176604,0.0
5.68588,0.00104799,1.56667,0.163674,0.0
5.68806,0.00111185,1.93333,0.178306,0.0
5.6892,0.00110504,1.96667,0.179667,0.0
5.68688,0.00110095,1.5,0.160271,0.0
5.68683,0.00107382,1.83333,0.173882,0.0
5.68711,0.00110854,1.66667,0.166396,0.0
5.68727,0.00107336,1.75,0.167076,0.0
5.68722,0.00107051,1.71667,0.165375,0.0
5.68691,0.00110458,1.7,0.166396,0.0
5.68825,0.00111516,1.88333,0.180688,0.0
5.68754,0.0010707,1.76667,0.167757,0.0
5.68679,0.0010746,1.9,0.183069,0.0
5.68589,0.00109439,1.45,0.161632,0.0
5.6867,0.0010463,1.83333,0.177285,0.0
5.68795,0.00103293,1.58333,0.15925,0.0
5.68708,0.00106304,1.73333,0.168097,0.0
5.68633,0.00104104,1.51667,0.161292,0.0
5.68612,0.00108115,1.75,0.167076,0.0
5.68546,0.00105539,1.5,0.158569,0.0
5.68654,0.00108225,1.5,0.160271,0.0
5.68698,0.00107278,1.61667,0.162653,0.0
5.68739,0.00111529,1.83333,0.170819,0.0
5.68594,0.00102306,1.28333,0.145979,0.0
5.6858,0.00104578,1.41667,0.154486,0.0
5.68676,0.00104902,1.76667,0.17116,0.0
5.6872,0.00105311,1.71667,0.168778,0.0
5.68468,0.00103377,1.5,0.156868,0.0
5.68414,0.00096173,1.11667,0.136451,0.0
5.68451,0.000986004,1.4,0.151764,0.0
5.68627,0.00104117,1.61667,0.162653,0.0
5.68609,0.00103883,1.56667,0.158569,0.0
5.68421,0.00100723,1.36667,0.152104,0.0
5.685,0.00100593,1.48333,0.156188,0.0
5.68627,0.00102923,1.68333,0.167417,0.0
5.68501,0.00105986,1.55,0.160951,0.0
5.6843,0.00103196,1.48333,0.156188,0.0
5.68667,0.0010008,1.46667,0.157208,0.0
5.686,0.00103241,1.68333,0.169118,0.0
5.68521,0.00100684,1.28333,0.143938,0.0
5.6847,0.000994831,1.4,0.151764,0.0
5.68606,0.00103527,1.48333,0.154486,0.0
5.68791,0.00103423,1.66667,0.163333,0.0
5.68544,0.00101761,1.55,0.160951,0.0
5.68447,0.00102066,1.43333,0.151764,0.0
5.68516,0.000994376,1.4,0.150063,0.0
5.68427,0.000991586,1.33333,0.150403,0.0
5.68327,0.0009984,1.26667,0.147,0.0
5.6838,0.000959913,1.26667,0.142917,0.0
5.68469,0.00102748,1.51667,0.157889,0.0
5.6853,0.00102663,1.53333,0.160271,0.0
5.68469,0.00102086,1.66667,0.163333,0.0
5.68364,0.000998855,1.11667,0.138493,0.0
5.68495,0.00104831,1.35,0.151083,0.0
5.6851,0.000980617,1.45,0.152785,0.0
5.68452,0.000995739,1.2,0.141215,0.0
5.68456,0.00101404,1.58333,0.160951,0.0
5.68476,0.00102624,1.3,0.148701,0.0
5.68422,0.00100281,1.45,0.157889,0.0
5.68407,0.000984641,1.3,0.14666,0.0
5.68505,0.00100035,1.6,0.161632,0.0
5.68507,0.00101268,1.43333,0.153465,0.0
5.68474,0.00100022,1.38333,0.151083,0.0
5.68434,0.00104176,1.41667,0.154486,0.0
5.68305,0.0009751,1.26667,0.142917,0.0
5.68308,0.000968999,1.51667,0.155847,0.0
5.68356,0.000995155,1.21667,0.142236,0.0
5.68314,0.000974192,1.31667,0.145639,0.0
5.68404,0.000956603,1.35,0.14734,0.0
5.68517,0.00100846,1.46667,0.155167,0.0
5.68451,0.00104292,1.38333,0.154826,0.0
5.68363,0.000981785,1.61667,0.160951,0.0
5.68399,0.000977761,1.23333,0.141215,0.0
5.6834,0.000987886,1.56667,0.163674,0.0
5.68387,0.000974516,1.36667,0.150063,0.0
5.68518,0.00101871,1.6,0.159931,0.0
5.68467,0.00100113,1.18333,0.138493,0.0
5.6831,0.00096173,1.35,0.149382,0.0
5.6827,0.000983797,1.21667,0.140194,0.0
5.68248,0.000972504,1.05,0.132708,0.0
5.6833,0.00101605,1.51667,0.15959,0.0
5.68371,0.00103514,1.45,0.152785,0.0
5.68269,0.000969584,1.31667,0.151424,0.0
5.68306,0.000993078,1.36667,0.152104,0.0
5.68301,0.0010069,1.28333,0.147681,0.0
5.68242,0.00100431,1.35,0.151083,0.0
5.68347,0.000941026,1.31667,0.145639,0.0
5.6841,0.00097854,1.55,0.160951,0.0
5.68222,0.000958615,1.25,0.143938,0.0
5.6818,0.000947971,1.06667,0.133729,0.0
5.68273,0.000964781,1.23333,0.141215,0.0
5.68338,0.000995934,1.25,0.142236,0.0
5.68214,0.000970297,1.13333,0.135431,0.0
5.68104,0.000933757,1.15,0.136451,0.0
5.68197,0.000958615,1.2,0.141215,0.0
5.683,0.0009616,1.23333,0.141215,0.0
5.68311,0.000945959,1.25,0.143938,0.0
5.68276,0.000961016,1.11667,0.13441,0.0
5.68117,0.000931096,1.28333,0.145979,0.0
5.68202,0.000941026,1.06667,0.131688,0.0
5.68141,0.000932978,1.1,0.133389,0.0
5.68049,0.000960822,1.25,0.149722,0.0
5.68247,0.00102384,1.46667,0.155167,0.0
5.68325,0.000947387,1.28333,0.145979,0.0
5.68187,0.00100827,1.45,0.152785,0.0
5.682,0.000969519,1.05,0.13475,0.0
5.68016,0.000960302,1.1,0.135771,0.0
5.68063,0.000946803,1.11667,0.138493,0.0
5.68159,0.000923762,0.966667,0.125563,0.0
5.6803,0.000923957,1.1,0.139514,0.0
5.68117,0.000914935,1.1,0.133389,0.0
5.68187,0.000924671,1.25,0.143938,0.0
5.68017,0.000957447,0.9,0.123521,0.0
5.68056,0.000926228,1.16667,0.141556,0.0
5.68132,0.000923827,1.06667,0.131688,0.0
5.68193,0.00101969,1.16667,0.145299,0.0
5.68194,0.000955175,1.2,0.139174,0.0
5.68133,0.00095219,1.06667,0.131688,0.0
5.68131,0.000905005,1.05,0.130667,0.0
5.68234,0.000939339,1.43333,0.153465,0.0
5.6813,0.000919608,1.1,0.135771,0.0
5.67843,0.000877357,0.883333,0.12216,0.0
5.67918,0.000865155,0.933333,0.125563,0.0
5.68096,0.000887352,0.883333,0.120118,0.0
5.67936,0.000870217,1.1,0.137813,0.0
5.68007,0.000895659,1.05,0.132708,0.0
5.6801,0.000887027,0.866667,0.123521,0.0
5.6801,0.000902279,1.15,0.136451,0.0
5.68028,0.000884626,1.08333,0.13475,0.0
5.68014,0.000895659,0.983333,0.128625,0.0
5.67858,0.000857496,0.766667,0.111951,0.0
5.67839,0.000847177,0.8,0.116715,0.0
5.67872,0.000841076,0.85,0.120118,0.0
5.67937,0.000887157,1.15,0.140535,0.0
5.68071,0.000937522,1.0,0.127604,0.0
5.68038,0.00090546,1.18333,0.146319,0.0
5.68053,0.000883977,1.08333,0.13475,0.0
5.68003,0.000908445,1.11667,0.13441,0.0
5.67921,0.000905005,1.0,0.127604,0.0
5.67904,0.000896763,0.933333,0.125563,0.0
5.67965,0.000844386,0.866667,0.118757,0.0
5.67977,0.000866518,0.933333,0.123181,0.0
5.67872,0.000874955,0.966667,0.127604,0.0
5.67842,0.000829004,0.833333,0.116715,0.0
5.67783,0.000810766,0.7,0.114674,0.0
5.67849,0.000836013,0.833333,0.119097,0.0
5.67931,0.000853213,0.983333,0.126583,0.0
5.67898,0.000833872,0.883333,0.120118,0.0
5.67693,0.000795904,0.633333,0.102083,0.0
5.67725,0.000790452,0.65,0.103104,0.0
5.67879,0.000845749,0.783333,0.113313,0.0
5.67906,0.000865804,0.716667,0.108208,0.0
5.67733,0.000810961,0.85,0.120118,0.0
5.67845,0.000813038,0.9,0.121139,0.0
5.67861,0.000824461,0.85,0.120118,0.0
5.67788,0.000830886,0.883333,0.120118,0.0
5.67779,0.000822059,0.866667,0.118757,0.0
5.67873,0.000860092,0.866667,0.123521,0.0
5.67833,0.000830627,0.85,0.117736,0.0
5.67868,0.000830172,0.8,0.114333,0.0
5.68008,0.000851785,1.01667,0.128625,0.0
5.67975,0.00090163,0.816667,0.117736,0.0
5.67772,0.000847371,0.833333,0.116715,0.0
5.67776,0.000828874,0.75,0.110931,0.0
5.6784,0.000808884,0.783333,0.113313,0.0
5.6787,0.000852629,0.816667,0.117736,0.0
5.67812,0.000815439,0.783333,0.115694,0.0
5.67782,0.000837701,0.45,0.0860903,0.0
5.67926,0.000870347,1.1,0.133389,0.0
5.67904,0.000853927,0.716667,0.108208,0.0
5.67617,0.000792399,0.816667,0.115354,0.0
5.67692,0.000822384,0.666667,0.104465,0.0
5.67748,0.000789219,0.6,0.0993611,0.0
5.67748,0.000854251,0.916667,0.124542,0.0
5.67855,0.000862234,0.666667,0.104465,0.0
5.67664,0.000819269,0.816667,0.117736,0.0
5.67774,0.000827771,0.816667,0.115354,0.0
5.67883,0.000929344,0.95,0.126583,0.0
5.67775,0.000851071,0.733333,0.109569,0.0
5.67668,0.000810052,0.766667,0.111951,0.0
5.67577,0.000774031,0.583333,0.098,0.0
5.6757,0.000762803,0.666667,0.104465,0.0
5.67666,0.000788959,0.716667,0.110931,0.0
5.67684,0.000761635,0.766667,0.111951,0.0
5.67789,0.000831405,0.816667,0.115354,0.0
5.67956,0.000883198,1.08333,0.132708,0.0
5.67927,0.000851071,0.666667,0.104465,0.0
5.67765,0.000802718,0.95,0.126583,0.0
5.67688,0.000767411,0.6,0.0993611,0.0
5.67638,0.00076514,0.533333,0.0935764,0.0
5.67654,0.000773317,0.85,0.117736,0.0
5.67766,0.000794281,0.633333,0.102083,0.0
5.6772,0.000802913,0.8,0.119097,0.0
5.67786,0.000796033,0.833333,0.119097,0.0
5.67719,0.000794151,0.516667,0.0922153,0.0
5.67696,0.000800187,0.733333,0.109569,0.0
5.67829,0.000790192,0.716667,0.108208,0.0
5.67815,0.000786752,0.633333,0.104465,0.0
5.67758,0.000786493,0.65,0.103104,0.0
5.67756,0.000795968,0.8,0.114333,0.0
5.67779,0.000833677,0.75,0.110931,0.0
5.67691,0.000817451,0.55,0.0949375,0.0
5.67649,0.00076793,0.683333,0.105826,0.0
5.67772,0.000817321,0.783333,0.115694,0.0
5.67823,0.000818749,0.733333,0.109569,0.0
5.67758,0.000780067,0.633333,0.102083,0.0
5.67672,0.000795904,0.716667,0.108208,0.0
5.67659,0.000776562,0.6,0.0993611,0.0
5.6754,0.000764555,0.466667,0.0877917,0.0
5.6753,0.000755858,0.583333,0.100722,0.0
5.67651,0.000791555,0.7,0.109569,0.0
5.67743,0.000844451,0.633333,0.104465,0.0
5.67832,0.000846982,0.833333,0.119097,0.0
5.6762,0.000796877,0.6,0.0993611,0.0
5.67537,0.000757806,0.533333,0.0993611,0.0
5.67648,0.000761116,0.683333,0.108549,0.0
5.67732,0.00077137,0.633333,0.102083,0.0
5.67522,0.000745669,0.5,0.0908542,0.0
5.67655,0.000790062,0.666667,0.104465,0.0
5.67748,0.000790322,0.6,0.0993611,0.0
5.67594,0.000778185,0.833333,0.119097,0.0
5.67674,0.00078182,0.783333,0.113313,0.0
5.67665,0.000769293,0.633333,0.102083,0.0
5.67586,0.000797526,0.716667,0.108208,0.0
5.67528,0.000795514,0.683333,0.105826,0.0
5.67594,0.000773966,0.516667,0.0922153,0.0
5.67607,0.000763128,0.666667,0.104465,0.0
5.67696,0.000786363,0.833333,0.116715,0.0
5.67708,0.000755209,0.6,0.0993611,0.0
5.67585,0.000726847,0.366667,0.0779236,0.0
5.6768,0.00076183,0.716667,0.108208,0.0
5.67705,0.000805899,0.733333,0.111951,0.0
5.67721,0.000810636,0.7,0.107188,0.0
5.67632,0.000785454,0.716667,0.108208,0.0
5.67532,0.000762543,0.55,0.0949375,0.0
5.67626,0.000763257,0.616667,0.100722,0.0
5.67761,0.000803497,0.783333,0.113313,0.0
5.67696,0.000788245,0.583333,0.098,0.0
5.67555,0.000768385,0.7,0.107188,0.0
5.67592,0.000764101,0.55,0.0949375,0.0
5.67699,0.00076475,0.55,0.0949375,0.0
5.67577,0.000732104,0.483333,0.0891528,0.0
5.67538,0.00070504,0.45,0.0860903,0.0
5.67589,0.000746642,0.5,0.0908542,0.0
5.67553,0.000755858,0.583333,0.098,0.0
5.67512,0.000752354,0.65,0.103104,0.0
5.67601,0.000763647,0.65,0.105826,0.0
5.67617,0.000779678,0.516667,0.0922153,0.0
5.67562,0.000733597,0.483333,0.0891528,0.0
5.67585,0.000756508,0.716667,0.108208,0.0
5.67597,0.000728794,0.416667,0.0830278,0.0
5.67585,0.000746448,0.65,0.103104,0.0
5.67581,0.000780651,0.666667,0.107188,0.0
5.67559,0.000739892,0.483333,0.0891528,0.0
5.67631,0.000788505,0.75,0.113313,0.0
5.67711,0.000787336,0.5,0.0908542,0.0
5.67666,0.000772019,0.533333,0.0935764,0.0
5.67575,0.000739568,0.633333,0.102083,0.0
5.67528,0.00075456,0.533333,0.0935764,0.0
5.67504,0.000745669,0.516667,0.0922153,0.0
5.67693,0.000748654,0.55,0.098,0.0
5.67585,0.000753587,0.45,0.0860903,0.0
5.67535,0.000761051,0.55,0.0949375,0.0
5.67675,0.000764945,0.466667,0.0877917,0.0
5.67601,0.000716917,0.516667,0.0922153,0.0
5.67446,0.000696407,0.433333,0.0843889,0.0
5.67606,0.000769878,0.633333,0.102083,0.0
5.67707,0.000754106,0.583333,0.098,0.0
5.67499,0.00073457,0.5,0.0908542,0.0
5.67416,0.000707376,0.516667,0.0922153,0.0
5.67622,0.000758455,0.683333,0.108549,0.0
5.67683,0.000835364,0.666667,0.104465,0.0
5.67608,0.000769228,0.55,0.0949375,0.0
5.67569,0.000780002,0.55,0.098,0.0
5.67433,0.000732558,0.433333,0.0843889,0.0
5.674,0.000717436,0.483333,0.0891528,0.0
5.67528,0.000732104,0.616667,0.100722,0.0
5.67549,0.000736972,0.5,0.0908542,0.0
5.67453,0.000724381,0.416667,0.0830278,0.0
5.67492,0.000747226,0.483333,0.0891528,0.0
5.67586,0.000749238,0.566667,0.0993611,0.0
5.67613,0.000767022,0.616667,0.100722,0.0
5.67549,0.000722304,0.433333,0.0843889,0.0
5.67629,0.000725354,0.566667,0.0966389,0.0
5.67585,0.000736388,0.566667,0.0966389,0.0
5.67564,0.000794541,0.6,0.0993611,0.0
5.67471,0.000724251,0.566667,0.0966389,0.0
5.67514,0.000753846,0.75,0.113313,0.0
5.67575,0.000749238,0.45,0.0891528,0.0
5.6745,0.000716008,0.516667,0.0922153,0.0
5.6759,0.000752808,0.65,0.103104,0.0
5.67534,0.00074463,0.516667,0.0922153,0.0
5.67487,0.000736258,0.466667,0.0877917,0.0
5.67529,0.000718669,0.583333,0.098,0.0
5.67478,0.000737686,0.5,0.0908542,0.0
5.67488,0.000715878,0.4,0.0813264,0.0
5.67591,0.000774226,0.783333,0.115694,0.0
5.67633,0.000758455,0.516667,0.0922153,0.0
5.67575,0.00075482,0.466667,0.0877917,0.0
5.67596,0.000733142,0.65,0.103104,0.0
5.67555,0.000787336,0.566667,0.0966389,0.0
5.67628,0.000804406,0.683333,0.110931,0.0
5.67527,0.000794605,0.4,0.0813264,0.0
5.67415,0.000727301,0.433333,0.0939167,0.0
5.6737,0.000717176,0.45,0.0891528,0.0
5.67511,0.000715164,0.4,0.0847292,0.0
5.67341,0.000663891,0.266667,0.0663542,0.0
5.67411,0.000728794,0.683333,0.108549,0.0
5.67538,0.000723926,0.416667,0.0830278,0.0
5.67426,0.000702508,0.333333,0.0741806,0.0
5.67456,0.00071471,0.5,0.0908542,0.0
5.67579,0.000760142,0.633333,0.104465,0.0
5.67495,0.000713412,0.433333,0.0843889,0.0
5.67441,0.000700821,0.35,0.079625,0.0
5.67558,0.000709258,0.533333,0.0935764,0.0
5.67575,0.000715489,0.483333,0.0891528,0.0
5.67475,0.000737491,0.566667,0.0966389,0.0
5.6738,0.000716462,0.366667,0.0779236,0.0
5.67543,0.000703028,0.433333,0.0843889,0.0
5.67423,0.00070822,0.4,0.0813264,0.0
5.67424,0.000705883,0.533333,0.0935764,0.0
5.67493,0.000735479,0.516667,0.0922153,0.0
5.67619,0.000728664,0.566667,0.0966389,0.0
5.67423,0.000687061,0.55,0.0949375,0.0
5.67471,0.000719318,0.45,0.0860903,0.0
5.6753,0.00074794,0.566667,0.0966389,0.0
5.67428,0.000703287,0.35,0.0762222,0.0
5.67438,0.000725873,0.483333,0.0891528,0.0
5.67515,0.000717501,0.35,0.079625,0.0
5.67432,0.000732299,0.583333,0.098,0.0
5.67554,0.00074794,0.483333,0.0891528,0.0
5.67438,0.000727431,0.416667,0.0830278,0.0
5.67415,0.000704975,0.583333,0.098,0.0
5.67558,0.000759558,0.433333,0.0843889,0.0
5.67446,0.00071127,0.383333,0.079625,0.0
5.67397,0.000722823,0.45,0.0860903,0.0
5.67489,0.000749109,0.65,0.103104,0.0
5.67407,0.000717047,0.333333,0.0741806,0.0
5.67341,0.000699328,0.4,0.0813264,0.0
5.6747,0.000698679,0.383333,0.079625,0.0
5.67535,0.000711984,0.583333,0.098,0.0
5.67489,0.000733792,0.466667,0.0908542,0.0
5.67473,0.000722953,0.533333,0.0935764,0.0
5.67493,0.000734051,0.4,0.0813264,0.0
5.67431,0.000754301,0.533333,0.0966389,0.0
5.67461,0.000736517,0.366667,0.0779236,0.0
5.67456,0.000707765,0.383333,0.079625,0.0
5.67476,0.000722498,0.416667,0.0860903,0.0
5.67435,0.000716203,0.533333,0.0935764,0.0
5.67408,0.00068797,0.35,0.0762222,0.0
5.67466,0.000745344,0.416667,0.0860903,0.0
5.67535,0.00075787,0.566667,0.0966389,0.0
5.6754,0.000750991,0.683333,0.110931,0.0
5.67544,0.000764231,0.533333,0.0966389,0.0
5.67513,0.000749044,0.45,0.0860903,0.0
5.67433,0.000711011,0.533333,0.0966389,0.0
5.67375,0.000693357,0.4,0.0813264,0.0
5.67342,0.000680636,0.333333,0.0741806,0.0
5.67412,0.000683492,0.3,0.0704375,0.0
5.67543,0.000705429,0.533333,0.0935764,0.0
5.67529,0.000740996,0.433333,0.0843889,0.0
5.67394,0.000703417,0.383333,0.079625,0.0
5.67472,0.000705689,0.433333,0.0843889,0.0
5.67476,0.000705494,0.366667,0.0779236,0.0
5.67409,0.000680571,0.333333,0.0741806,0.0
5.67414,0.000695369,0.35,0.0762222,0.0
5.6752,0.000701145,0.4,0.0813264,0.0
5.67567,0.000732429,0.516667,0.0922153,0.0
5.67454,0.000696667,0.333333,0.0741806,0.0
5.67407,0.000676223,0.35,0.0762222,0.0
5.67421,0.00068109,0.4,0.0813264,0.0
5.674,0.000693097,0.3,0.0704375,0.0
5.67367,0.000704066,0.433333,0.0843889,0.0
5.67458,0.000681415,0.35,0.0762222,0.0
5.67508,0.000692384,0.383333,0.079625,0.0
5.67429,0.000698679,0.383333,0.079625,0.0
5.67449,0.000695304,0.433333,0.0843889,0.0
5.67404,0.000742164,0.416667,0.0860903,0.0
5.67349,0.000678559,0.4,0.0813264,0.0
5.67377,0.000702443,0.45,0.0860903,0.0
5.67371,0.000681415,0.316667,0.0724792,0.0
5.67379,0.000675119,0.333333,0.0741806,0.0
5.67327,0.000702508,0.3,0.0704375,0.0
5.67409,0.000698614,0.316667,0.0724792,0.0
5.67481,0.000689593,0.35,0.0762222,0.0
5.67424,0.000693552,0.35,0.0762222,0.0
5.67387,0.000703742,0.35,0.0762222,0.0
5.67294,0.000666682,0.366667,0.0779236,0.0
5.6742,0.000684011,0.483333,0.0891528,0.0
5.67426,0.000693422,0.4,0.0813264,0.0
5.67415,0.000668045,0.45,0.0891528,0.0
5.67418,0.000678884,0.416667,0.0830278,0.0
5.67361,0.000675184,0.416667,0.0830278,0.0
5.67423,0.000713282,0.45,0.0860903,0.0
5.67441,0.000695369,0.383333,0.079625,0.0
5.67386,0.00068823,0.483333,0.0891528,0.0
5.67453,0.000711789,0.466667,0.0877917,0.0
5.67453,0.000698679,0.35,0.0762222,0.0
5.67292,0.000687581,0.283333,0.0683958,0.0
5.67351,0.000682713,0.333333,0.0741806,0.0
5.67435,0.000661749,0.466667,0.0877917,0.0
5.67394,0.000671874,0.25,0.0643125,0.0
5.67305,0.000683816,0.4,0.0813264,0.0
5.67362,0.000670836,0.383333,0.079625,0.0
5.67336,0.000681545,0.4,0.0813264,0.0
5.67446,0.000717631,0.366667,0.0779236,0.0
5.67381,0.000716138,0.35,0.0762222,0.0
5.67387,0.000703222,0.4,0.0813264,0.0
5.67413,0.000670576,0.233333,0.0622708,0.0
5.67344,0.000669862,0.383333,0.079625,0.0
5.67533,0.000715164,0.45,0.0860903,0.0
5.67455,0.000699523,0.433333,0.0843889,0.0
5.67276,0.000692384,0.283333,0.0683958,0.0
5.67362,0.000697706,0.416667,0.0830278,0.0
5.67358,0.000696537,0.366667,0.0779236,0.0
5.67321,0.00065474,0.2,0.0575069,0.0
5.67398,0.000691021,0.416667,0.0830278,0.0
5.67456,0.000679273,0.316667,0.0724792,0.0
5.67357,0.000668889,0.3,0.0704375,0.0
5.67355,0.000715943,0.616667,0.100722,0.0
5.67484,0.000753457,0.383333,0.079625,0.0
5.67426,0.000692189,0.316667,0.0724792,0.0
5.67387,0.000697316,0.3,0.0704375,0.0
5.67362,0.000680247,0.316667,0.0724792,0.0
5.67427,0.000692384,0.45,0.0860903,0.0
5.67347,0.000650651,0.283333,0.0683958,0.0
5.67171,0.000647795,0.216667,0.0598889,0.0
5.67311,0.00064468,0.283333,0.0683958,0.0
5.67473,0.000685699,0.433333,0.0843889,0.0
5.67365,0.000663696,0.3,0.0704375,0.0
5.67242,0.000668564,0.366667,0.0779236,0.0
5.67272,0.000695045,0.416667,0.0830278,0.0
5.67389,0.000697965,0.483333,0.0891528,0.0
5.67414,0.000699977,0.416667,0.0830278,0.0
5.67472,0.000695694,0.433333,0.0843889,0.0
5.67434,0.00067804,0.333333,0.0741806,0.0
5.67365,0.000692643,0.366667,0.0779236,0.0
5.673,0.000656622,0.266667,0.0663542,0.0
5.67411,0.000690956,0.316667,0.0724792,0.0
5.67346,0.000672718,0.4,0.0813264,0.0
5.67422,0.000698484,0.416667,0.0860903,0.0
5.67319,0.00065805,0.333333,0.0741806,0.0
5.67349,0.000685699,0.45,0.0860903,0.0
5.67513,0.000712893,0.466667,0.0877917,0.0
5.67462,0.000709777,0.383333,0.079625,0.0
5.6738,0.00072451,0.55,0.0949375,0.0
5.67476,0.000703092,0.35,0.0762222,0.0
5.67476,0.000705689,0.433333,0.0908542,0.0
5.67295,0.000667006,0.283333,0.0683958,0.0
5.67299,0.000675639,0.35,0.079625,0.0
5.67289,0.000692319,0.4,0.0813264,0.0
5.67363,0.000669148,0.316667,0.0724792,0.0
5.67295,0.000644875,0.3,0.0704375,0.0
5.67272,0.000681545,0.45,0.0860903,0.0
5.67323,0.000698679,0.366667,0.0779236,0.0
5.67342,0.000675444,0.383333,0.079625,0.0
5.67288,0.000684855,0.266667,0.0663542,0.0
5.67348,0.000659737,0.35,0.0762222,0.0
5.67292,0.000673497,0.266667,0.0663542,0.0
5.67283,0.000669732,0.3,0.0704375,0.0
5.67362,0.000631115,0.233333,0.0622708,0.0
5.67309,0.000657725,0.333333,0.0741806,0.0
5.67315,0.000645329,0.283333,0.0683958,0.0
5.67382,0.000673951,0.516667,0.0922153,0.0
5.67401,0.000716722,0.283333,0.0724792,0.0
5.67337,0.000677261,0.316667,0.0724792,0.0
5.67363,0.000669148,0.3,0.0704375,0.0
5.67391,0.000685049,0.383333,0.079625,0.0
5.67376,0.000672134,0.266667,0.0663542,0.0
5.67353,0.000643706,0.25,0.0643125,0.0
5.67356,0.000679143,0.433333,0.0843889,0.0
5.67307,0.000660322,0.166667,0.0527431,0.0
5.6735,0.000686218,0.383333,0.079625,0.0
5.67419,0.000649483,0.433333,0.0843889,0.0
5.67279,0.000679922,0.4,0.0813264,0.0
5.67444,0.000710362,0.416667,0.0830278,0.0
5.67451,0.000668889,0.316667,0.0724792,0.0
5.67362,0.000648704,0.333333,0.0741806,0.0
5.67285,0.000657011,0.283333,0.0683958,0.0
5.67164,0.00063157,0.233333,0.0622708,0.0
5.67228,0.000666098,0.3,0.0704375,0.0
5.67265,0.000633841,0.266667,0.0663542,0.0
5.67335,0.000672069,0.266667,0.0663542,0.0
5.67392,0.000664281,0.416667,0.0830278,0.0
5.67321,0.000681026,0.45,0.0860903,0.0
5.67289,0.00065779,0.216667,0.0598889,0.0
5.6722,0.000640461,0.266667,0.0663542,0.0
5.67405,0.000687905,0.433333,0.0877917,0.0
5.6746,0.000702898,0.45,0.0860903,0.0
5.67226,0.000645069,0.183333,0.055125,0.0
5.67293,0.000642149,0.333333,0.0741806,0.0
5.67407,0.000664151,0.333333,0.0741806,0.0
5.67382,0.00069167,0.416667,0.0830278,0.0
5.67365,0.000668564,0.4,0.0813264,0.0
5.67352,0.000662593,0.25,0.0643125,0.0
5.67301,0.000654545,0.316667,0.0724792,0.0
5.67393,0.000667656,0.35,0.0762222,0.0
5.67448,0.000642603,0.2,0.0575069,0.0
5.67209,0.000644745,0.2,0.0575069,0.0
5.67335,0.000656557,0.216667,0.0598889,0.0
5.6739,0.000684855,0.416667,0.0830278,0.0
5.67337,0.000695564,0.25,0.0683958,0.0
5.67308,0.000663307,0.35,0.0762222,0.0
5.6741,0.000702963,0.516667,0.0952778,0.0
5.67434,0.000682259,0.416667,0.0830278,0.0
5.67336,0.000703742,0.383333,0.079625,0.0
5.67237,0.000632803,0.216667,0.0598889,0.0
5.6718,0.000656038,0.416667,0.0830278,0.0
5.67325,0.000661425,0.316667,0.0724792,0.0
5.67351,0.000665254,0.366667,0.0779236,0.0
5.67342,0.000632673,0.25,0.0643125,0.0
5.67085,0.000595808,0.166667,0.0527431,0.0
5.67215,0.000617161,0.2,0.0575069,0.0
5.67418,0.000676937,0.366667,0.0779236,0.0
5.67388,0.000655973,0.183333,0.055125,0.0
5.67242,0.00065792,0.3,0.0704375,0.0
5.67394,0.000677845,0.366667,0.0779236,0.0
5.67327,0.000660581,0.3,0.0704375,0.0
5.67338,0.000651625,0.283333,0.0683958,0.0
5.67313,0.000626637,0.183333,0.055125,0.0
5.6738,0.000657401,0.316667,0.0724792,0.0
5.67328,0.000648899,0.333333,0.0741806,0.0
5.67263,0.000641759,0.283333,0.0724792,0.0
5.67429,0.000652274,0.333333,0.0741806,0.0
5.67429,0.000692384,0.483333,0.0952778,0.0
5.67272,0.000642214,0.25,0.0643125,0.0
5.67228,0.000625923,0.35,0.0762222,0.0
5.67248,0.000648314,0.166667,0.0527431,0.0
5.67251,0.000618329,0.25,0.0643125,0.0
5.67311,0.000662723,0.283333,0.0683958,0.0
5.67292,0.000663502,0.316667,0.0724792,0.0
5.67327,0.000665773,0.3,0.0704375,0.0
5.67365,0.000655843,0.233333,0.0622708,0.0
5.67316,0.00062813,0.2,0.0575069,0.0
5.67206,0.000660841,0.283333,0.0683958,0.0
5.67306,0.000626832,0.233333,0.0622708,0.0
5.67346,0.00064786,0.316667,0.0724792,0.0
5.67236,0.000650911,0.2,0.0575069,0.0
5.6724,0.000617161,0.2,0.0575069,0.0
5.67274,0.000638968,0.266667,0.0663542,0.0
5.67353,0.000642084,0.2,0.0575069,0.0
5.67306,0.000632154,0.266667,0.0663542,0.0
5.6734,0.000687711,0.45,0.0860903,0.0
5.674,0.000675509,0.35,0.0762222,0.0
5.67263,0.000617875,0.216667,0.0598889,0.0
5.67233,0.000652338,0.283333,0.0683958,0.0
5.67247,0.000646238,0.316667,0.0724792,0.0
5.67266,0.000635139,0.316667,0.0724792,0.0
5.67357,0.000646822,0.266667,0.0663542,0.0
5.67371,0.000668824,0.366667,0.0779236,0.0
5.67333,0.000665384,0.333333,0.0741806,0.0
5.67254,0.000642343,0.3,0.0704375,0.0
5.67446,0.000649742,0.316667,0.0724792,0.0
5.67353,0.00064098,0.216667,0.0598889,0.0
5.67234,0.000647925,0.266667,0.0663542,0.0
5.67307,0.00065805,0.233333,0.0622708,0.0
5.67412,0.000644291,0.283333,0.0683958,0.0
5.67255,0.000663826,0.316667,0.0724792,0.0
5.67233,0.000655843,0.25,0.0643125,0.0
5.67247,0.000642603,0.316667,0.0724792,0.0
5.67313,0.000663761,0.283333,0.0683958,0.0
5.67326,0.000660841,0.466667,0.0877917,0.0
5.67257,0.000667136,0.333333,0.0741806,0.0
5.67215,0.000638514,0.216667,0.0598889,0.0
5.67229,0.00064111,0.283333,0.0683958,0.0
5.67266,0.000645004,0.366667,0.0813264,0.0
5.67266,0.000657985,0.25,0.0643125,0.0
5.67271,0.000641175,0.216667,0.0598889,0.0
5.67263,0.000650262,0.25,0.0643125,0.0
5.67258,0.000634101,0.15,0.0500208,0.0
5.67141,0.00063793,0.183333,0.055125,0.0
5.6727,0.000633971,0.283333,0.0683958,0.0
5.67397,0.000666682,0.466667,0.0877917,0.0
5.67385,0.000680961,0.333333,0.0741806,0.0
5.67325,0.000649223,0.3,0.0704375,0.0
5.67188,0.000667915,0.233333,0.0622708,0.0
5.67259,0.000655194,0.266667,0.0663542,0.0
5.67221,0.000635334,0.183333,0.055125,0.0
5.67201,0.000647016,0.266667,0.0663542,0.0
5.6735,0.000640267,0.183333,0.055125,0.0
5.67245,0.000634555,0.183333,0.055125,0.0
5.6724,0.000640526,0.3,0.0704375,0.0
5.67261,0.000650002,0.233333,0.0622708,0.0
5.67212,0.000626248,0.3,0.0704375,0.0
5.67385,0.000648899,0.266667,0.0663542,0.0
5.67339,0.00063144,0.233333,0.0622708,0.0
5.67269,0.000629168,0.3,0.0704375,0.0
5.67287,0.000639228,0.266667,0.0663542,0.0
5.67271,0.000659672,0.283333,0.0683958,0.0
5.67162,0.000609178,0.2,0.0575069,0.0
5.67287,0.000642084,0.233333,0.0663542,0.0
5.67291,0.0006145,0.183333,0.055125,0.0
5.67197,0.000644745,0.233333,0.0622708,0.0
5.67124,0.000601065,0.1,0.0408333,0.0
5.67226,0.000618978,0.233333,0.0622708,0.0
5.67238,0.000628844,0.233333,0.0622708,0.0
5.6732,0.00062443,0.183333,0.055125,0.0
5.67316,0.000631764,0.3,0.0704375,0.0
5.67262,0.000643641,0.216667,0.0643125,0.0
5.67257,0.000640202,0.25,0.0643125,0.0
5.67301,0.000624171,0.2,0.0575069,0.0
5.6721,0.000621899,0.216667,0.0598889,0.0
5.67192,0.000612553,0.15,0.0500208,0.0
5.67194,0.000600221,0.116667,0.0438958,0.0
5.67199,0.000604051,0.216667,0.0598889,0.0
5.6725,0.000639812,0.183333,0.055125,0.0
5.67273,0.000637995,0.283333,0.0683958,0.0
5.67381,0.000661879,0.233333,0.0622708,0.0
5.67232,0.000622224,0.266667,0.0663542,0.0
5.67245,0.000643057,0.233333,0.0622708,0.0
5.67242,0.000664281,0.283333,0.0683958,0.0
5.67182,0.000613332,0.116667,0.0438958,0.0
5.67164,0.000612099,0.216667,0.0598889,0.0
5.67304,0.000633192,0.3,0.0704375,0.0
5.67304,0.000633192,0.233333,0.0622708,0.0
5.6726,0.000629168,0.3,0.0741806,0.0
5.6726,0.000623781,0.233333,0.0622708,0.0
5.67277,0.000654999,0.266667,0.0663542,0.0
5.67239,0.000598339,0.116667,0.0438958,0.0
5.67131,0.000602558,0.233333,0.0622708,0.0
5.67165,0.000595094,0.233333,0.0663542,0.0
5.67097,0.000587111,0.166667,0.0527431,0.0
5.67127,0.000635788,0.266667,0.0663542,0.0
5.67208,0.000599637,0.2,0.0575069,0.0
5.67178,0.000616966,0.133333,0.0469583,0.0
5.67143,0.000622353,0.25,0.0643125,0.0
5.67244,0.000644355,0.2,0.0575069,0.0
5.67336,0.000642992,0.266667,0.0663542,0.0
5.67263,0.000670381,0.25,0.0643125,0.0
5.672,0.000650262,0.333333,0.0741806,0.0
5.67224,0.000633906,0.2,0.0575069,0.0
5.6731,0.000613072,0.2,0.0575069,0.0
5.67247,0.000619498,0.216667,0.0598889,0.0
5.67129,0.000620212,0.2,0.0575069,0.0
5.67284,0.000632348,0.233333,0.0622708,0.0
5.67226,0.00061794,0.216667,0.0598889,0.0
5.67268,0.000609957,0.166667,0.0527431,0.0
5.67279,0.000621055,0.25,0.0643125,0.0
5.67185,0.000594835,0.0666667,0.0333472,0.0
5.67204,0.00060152,0.216667,0.0598889,0.0
5.67313,0.00062826,0.183333,0.055125,0.0
5.67276,0.000621315,0.2,0.0575069,0.0
5.67196,0.000619433,0.2,0.0575069,0.0
5.67239,0.000640007,0.283333,0.0683958,0.0
5.67235,0.000631115,0.216667,0.0598889,0.0
5.67168,0.000621639,0.183333,0.055125,0.0
5.67189,0.000632283,0.183333,0.055125,0.0
5.67222,0.000617031,0.183333,0.055125,0.0
5.67114,0.000636178,0.216667,0.0598889,0.0
5.6713,0.000634555,0.25,0.0643125,0.0
5.67107,0.000621769,0.183333,0.055125,0.0
5.67094,0.00059769,0.116667,0.0438958,0.0
5.67216,0.000628065,0.183333,0.055125,0.0
5.672,0.000602688,0.0833333,0.0370903,0.0
5.67142,0.000599637,0.15,0.0500208,0.0
5.67151,0.000637865,0.25,0.0643125,0.0
5.6721,0.000637151,0.25,0.0643125,0.0
5.67231,0.000619433,0.2,0.0575069,0.0
5.67215,0.000611385,0.15,0.0500208,0.0
5.67155,0.000605998,0.166667,0.0527431,0.0
5.67193,0.000611644,0.183333,0.055125,0.0
5.67152,0.000622937,0.183333,0.055125,0.0
5.67174,0.000627546,0.166667,0.0527431,0.0
5.67215,0.000612423,0.2,0.0575069,0.0
5.67158,0.00062813,0.233333,0.0622708,0.0
5.67181,0.000636632,0.133333,0.0469583,0.0
5.67195,0.000615409,0.266667,0.0663542,0.0
5.67261,0.000611969,0.233333,0.0622708,0.0
5.67352,0.000648704,0.3,0.0704375,0.0
5.67256,0.000613462,0.116667,0.0438958,0.0
5.67197,0.000601844,0.2,0.0575069,0.0
5.67241,0.000604181,0.216667,0.0598889,0.0
5.67151,0.000611579,0.2,0.0575069,0.0
5.67111,0.000613462,0.133333,0.0469583,0.0
5.67323,0.000620341,0.2,0.0575069,0.0
5.67305,0.000634036,0.283333,0.0683958,0.0
5.67204,0.00060139,0.133333,0.0469583,0.0
5.67196,0.000604894,0.133333,0.0469583,0.0
5.67143,0.00060788,0.183333,0.055125,0.0
5.67197,0.000594899,0.15,0.0500208,0.0
5.67128,0.000592823,0.15,0.0500208,0.0
5.67111,0.000598534,0.2,0.0575069,0.0
5.67295,0.00061145,0.233333,0.0622708,0.0
5.67325,0.000622483,0.183333,0.055125,0.0
5.6722,0.000619498,0.266667,0.0663542,0.0
5.67188,0.000617031,0.183333,0.055125,0.0
5.67137,0.000603986,0.2,0.0575069,0.0
5.67224,0.000613137,0.233333,0.0622708,0.0
5.67242,0.000627805,0.233333,0.0622708,0.0
5.67285,0.000630921,0.2,0.0575069,0.0
5.67169,0.000616707,0.166667,0.0527431,0.0
5.6714,0.000618135,0.183333,0.055125,0.0
5.67251,0.00060788,0.15,0.0500208,0.0
5.67319,0.000633062,0.4,0.0813264,0.0
5.67242,0.000636892,0.2,0.0575069,0.0
5.67185,0.000652533,0.2,0.0575069,0.0
5.67223,0.000630401,0.233333,0.0622708,0.0
5.67166,0.00061119,0.2,0.0575069,0.0
5.67212,0.000634231,0.216667,0.0598889,0.0
5.67183,0.000613786,0.116667,0.0438958,0.0
5.67107,0.000623781,0.2,0.0575069,0.0
5.67183,0.000620147,0.133333,0.0469583,0.0
5.67188,0.000591914,0.233333,0.0622708,0.0
5.67128,0.000599508,0.2,0.0575069,0.0
5.67258,0.000588279,0.15,0.0500208,0.0
5.67218,0.000659478,0.333333,0.0741806,0.0
5.67145,0.000636048,0.2,0.0575069,0.0
5.6711,0.00059477,0.166667,0.0527431,0.0
5.67122,0.000605868,0.116667,0.0438958,0.0
5.67154,0.000595808,0.183333,0.055125,0.0
5.67192,0.000596003,0.15,0.0500208,0.0
5.67184,0.000607555,0.183333,0.055125,0.0
5.67303,0.000669992,0.3,0.0704375,0.0
5.67201,0.000610022,0.1,0.0408333,0.0
5.67191,0.000614046,0.2,0.0575069,0.0
5.67236,0.000617226,0.216667,0.0598889,0.0
5.67086,0.00059438,0.2,0.0575069,0.0
5.6712,0.000633517,0.216667,0.0598889,0.0
5.67267,0.000628779,0.266667,0.0663542,0.0
5.67186,0.000593082,0.166667,0.0527431,0.0
5.67088,0.000609178,0.15,0.0500208,0.0
5.67201,0.000608854,0.25,0.0643125,0.0
5.67211,0.000625793,0.166667,0.0527431,0.0
5.67252,0.000595873,0.183333,0.055125,0.0
5.67149,0.000586332,0.0666667,0.0333472,0.0
5.67182,0.000604894,0.233333,0.0622708,0.0
5.6719,0.000590875,0.0666667,0.0333472,0.0
5.67177,0.000568744,0.0833333,0.0370903,0.0
5.67188,0.000593861,0.166667,0.0527431,0.0
5.67143,0.000606647,0.183333,0.055125,0.0
5.67154,0.000619238,0.15,0.0500208,0.0
5.67195,0.000600416,0.116667,0.0438958,0.0
5.67251,0.000613721,0.183333,0.055125,0.0
5.67275,0.000625469,0.2,0.0575069,0.0
5.67239,0.000589642,0.133333,0.0469583,0.0
5.67247,0.000583412,0.166667,0.0527431,0.0
5.67179,0.000579582,0.2,0.0575069,0.0
5.67183,0.000632608,0.183333,0.055125,0.0
5.6727,0.000634036,0.166667,0.0527431,0.0
5.67189,0.00062443,0.183333,0.055125,0.0
5.67164,0.000596003,0.183333,0.055125,0.0
5.67247,0.000593861,0.166667,0.0527431,0.0
5.67237,0.000613332,0.2,0.0575069,0.0
5.67106,0.000593407,0.15,0.0500208,0.0
5.67145,0.000623586,0.266667,0.0663542,0.0
5.67213,0.000626637,0.216667,0.0598889,0.0
5.67226,0.000612813,0.183333,0.055125,0.0
5.67123,0.000617421,0.216667,0.0598889,0.0
5.67115,0.000616123,0.233333,0.0622708,0.0
5.67129,0.000626572,0.183333,0.055125,0.0
5.67147,0.00061132,0.183333,0.055125,0.0
5.672,0.00063118,0.166667,0.0527431,0.0
5.67197,0.000585878,0.116667,0.0438958,0.0
5.67162,0.000606971,0.216667,0.0598889,0.0
5.67239,0.000606063,0.116667,0.0438958,0.0
5.67147,0.000580231,0.0833333,0.0370903,0.0
5.6706,0.000571859,0.0833333,0.0370903,0.0
5.67172,0.000592238,0.133333,0.0469583,0.0
5.67239,0.000609373,0.233333,0.0622708,0.0
5.67208,0.000587955,0.1,0.0408333,0.0
5.67146,0.000592952,0.166667,0.0527431,0.0
5.67216,0.000600676,0.133333,0.0469583,0.0
5.6719,0.000615993,0.2,0.0575069,0.0
5.67181,0.000618913,0.183333,0.055125,0.0
5.67168,0.000589837,0.2,0.0575069,0.0
5.67123,0.000602428,0.0833333,0.0370903,0.0
5.67289,0.00061768,0.166667,0.0527431,0.0
5.67305,0.000611255,0.216667,0.0598889,0.0
5.67173,0.000597885,0.15,0.0500208,0.0
5.67052,0.000600546,0.2,0.0575069,0.0
5.67217,0.00059094,0.2,0.0575069,0.0
5.67282,0.000625728,0.266667,0.0663542,0.0
5.6724,0.000609697,0.166667,0.0527431,0.0
5.67198,0.000602688,0.133333,0.0469583,0.0
5.67232,0.000602947,0.233333,0.0622708,0.0
5.67186,0.000601,0.15,0.0500208,0.0
5.67157,0.000582373,0.166667,0.0527431,0.0
5.67057,0.000579777,0.116667,0.0438958,0.0
5.67049,0.000570885,0.1,0.0408333,0.0
5.67171,0.000589772,0.183333,0.055125,0.0
5.67295,0.000624041,0.183333,0.055125,0.0
5.67189,0.000620796,0.1,0.0408333,0.0
5.67181,0.000601714,0.15,0.0500208,0.0
5.6719,0.000602753,0.116667,0.0438958,0.0
5.67149,0.000608724,0.15,0.0500208,0.0
5.67105,0.000585878,0.0666667,0.0333472,0.0
5.67154,0.00058088,0.183333,0.055125,0.0
5.67175,0.000589383,0.166667,0.0527431,0.0
5.67122,0.000577311,0.2,0.0575069,0.0
5.67123,0.000615474,0.183333,0.055125,0.0
5.67192,0.000588928,0.133333,0.0469583,0.0
5.67225,0.000616642,0.15,0.0500208,0.0
5.6715,0.000590032,0.116667,0.0438958,0.0
5.67189,0.000615863,0.233333,0.0622708,0.0
5.67244,0.000601779,0.0833333,0.0370903,0.0
5.67091,0.000594964,0.133333,0.0469583,0.0
5.67037,0.000583866,0.116667,0.0438958,0.0
5.67148,0.000580816,0.0666667,0.0333472,0.0
5.67158,0.000583801,0.0833333,0.0370903,0.0
5.67112,0.00057757,0.15,0.0500208,0.0
5.67137,0.00057426,0.116667,0.0438958,0.0
5.67125,0.000588669,0.0833333,0.0370903,0.0
5.67141,0.000584126,0.15,0.0500208,0.0
5.67196,0.000599183,0.216667,0.0598889,0.0
5.67225,0.000636632,0.266667,0.0663542,0.0
5.67219,0.000605933,0.166667,0.0527431,0.0
5.67261,0.000607426,0.183333,0.055125,0.0
5.67177,0.000605154,0.166667,0.0527431,0.0
5.67107,0.000590616,0.133333,0.0469583,0.0
5.67189,0.000622743,0.25,0.0643125,0.0
5.67257,0.000609438,0.166667,0.0527431,0.0
5.67213,0.00060113,0.116667,0.0438958,0.0
5.6724,0.000578674,0.0833333,0.0370903,0.0
5.67177,0.000582568,0.15,0.0500208,0.0
5.67126,0.000598404,0.2,0.0575069,0.0
5.67196,0.000577765,0.05,0.0289236,0.0
5.67207,0.000597301,0.15,0.0500208,0.0
5.67185,0.000587111,0.133333,0.0469583,0.0
5.67155,0.000606971,0.2,0.0575069,0.0
5.67151,0.000606777,0.0833333,0.0370903,0.0
5.67157,0.000597106,0.15,0.0500208,0.0
5.67139,0.000614111,0.166667,0.0527431,0.0
5.67135,0.00060444,0.133333,0.0469583,0.0
5.67067,0.000618394,0.2,0.0575069,0.0
5.67123,0.000624236,0.133333,0.0469583,0.0
5.67165,0.000622029,0.133333,0.0469583,0.0
5.67129,0.000619173,0.216667,0.0598889,0.0
5.67194,0.000616512,0.183333,0.055125,0.0
5.67061,0.000580296,0.0333333,0.0234792,0.0
5.6708,0.000601779,0.2,0.0575069,0.0
5.67112,0.000598534,0.0666667,0.0333472,0.0
5.67125,0.000603077,0.2,0.0575069,0.0
5.67166,0.000617356,0.233333,0.0622708,0.0
5.67123,0.000604765,0.133333,0.0469583,0.0
5.67067,0.000597301,0.1,0.0408333,0.0
5.67203,0.000620731,0.2,0.0575069,0.0
5.67167,0.000605673,0.2,0.0575069,0.0
5.67034,0.000582957,0.15,0.0500208,0.0
5.67094,0.000576921,0.0833333,0.0370903,0.0
5.67193,0.000573027,0.133333,0.0469583,0.0
5.67151,0.000575948,0.133333,0.0469583,0.0
5.67111,0.000593861,0.133333,0.0469583,0.0
5.67207,0.000588863,0.116667,0.0438958,0.0
5.67298,0.000611515,0.183333,0.055125,0.0
5.67192,0.00060457,0.0833333,0.0370903,0.0
5.6719,0.000583087,0.0666667,0.0333472,0.0
5.67233,0.000585748,0.116667,0.0438958,0.0
5.67171,0.000592498,0.133333,0.0469583,0.0
5.67215,0.000588669,0.116667,0.0438958,0.0
5.67273,0.000622743,0.2,0.0575069,0.0
5.67171,0.000621704,0.25,0.0643125,0.0
5.67168,0.000632478,0.216667,0.0598889,0.0
5.67153,0.000590421,0.1,0.0408333,0.0
5.67117,0.000579388,0.116667,0.0438958,0.0
5.67188,0.000610541,0.1,0.0408333,0.0
5.67155,0.000595224,0.15,0.0500208,0.0
5.67206,0.000591849,0.116667,0.0438958,0.0
5.67113,0.000589577,0.133333,0.0469583,0.0
5.67103,0.000582763,0.15,0.0500208,0.0
5.67215,0.000602753,0.15,0.0500208,0.0
5.67222,0.000618329,0.15,0.0500208,0.0
5.67167,0.000590746,0.133333,0.0469583,0.0
5.67034,0.000581529,0.133333,0.0469583,0.0
5.6719,0.000586787,0.1,0.0408333,0.0
5.6721,0.000570236,0.133333,0.0469583,0.0
5.67149,0.00057147,0.0833333,0.0370903,0.0
5.67118,0.000566861,0.0833333,0.0370903,0.0
5.67123,0.000586592,0.116667,0.0438958,0.0
5.67153,0.000585683,0.0833333,0.0370903,0.0
5.67121,0.000584645,0.0833333,0.0442361,0.0
5.67142,0.00057452,0.216667,0.0598889,0.0
5.67206,0.000594056,0.116667,0.0438958,0.0
5.67187,0.000608399,0.183333,0.055125,0.0
5.67152,0.000577246,0.183333,0.055125,0.0
5.67101,0.000609892,0.0666667,0.0333472,0.0
5.67061,0.000572248,0.1,0.0408333,0.0
5.67117,0.000570431,0.0833333,0.0370903,0.0
5.67123,0.000600611,0.166667,0.0527431,0.0
5.67141,0.000581724,0.166667,0.0527431,0.0
5.67064,0.000596652,0.116667,0.0438958,0.0
5.67056,0.000585424,0.183333,0.055125,0.0
5.67159,0.000595354,0.216667,0.0598889,0.0
5.67172,0.000610217,0.116667,0.0438958,0.0
5.67107,0.000574585,0.1,0.0408333,0.0
5.67198,0.000577181,0.116667,0.0438958,0.0
5.67163,0.000590811,0.183333,0.055125,0.0
5.67039,0.000586202,0.05,0.0289236,0.0
5.67053,0.000610995,0.25,0.0643125,0.0
5.67163,0.000595224,0.133333,0.0469583,0.0
5.67144,0.000599378,0.1,0.0408333,0.0
5.67149,0.000590032,0.133333,0.0469583,0.0
5.67092,0.00057082,0.1,0.0408333,0.0
5.671,0.000588279,0.1,0.0408333,0.0
5.67156,0.00060788,0.133333,0.0469583,0.0
5.67161,0.000594056,0.1,0.0408333,0.0
5.67212,0.000570885,0.15,0.0500208,0.0
5.67246,0.000603921,0.233333,0.0622708,0.0
5.67196,0.000610736,0.0666667,0.0333472,0.0
5.67114,0.000578479,0.183333,0.055125,0.0
5.6705,0.000579842,0.0333333,0.0234792,0.0
5.67079,0.000581984,0.1,0.0408333,0.0
5.6715,0.000591654,0.216667,0.0598889,0.0
5.67172,0.000593407,0.166667,0.0527431,0.0
5.67161,0.000592109,0.116667,0.0438958,0.0
5.67141,0.00056751,0.05,0.0289236,0.0
5.67064,0.000577765,0.15,0.0500208,0.0
5.67117,0.000618264,0.15,0.0500208,0.0
5.67178,0.000588409,0.133333,0.0469583,0.0
5.67166,0.000585359,0.15,0.0500208,0.0
5.67068,0.000571924,0.0833333,0.0370903,0.0
5.67065,0.000571145,0.116667,0.0438958,0.0
5.67094,0.000598339,0.15,0.0500208,0.0
5.67199,0.000587565,0.0833333,0.0370903,0.0
5.67163,0.000587695,0.2,0.0575069,0.0
5.67102,0.000590681,0.133333,0.0469583,0.0
5.67041,0.000575039,0.0833333,0.0370903,0.0
5.67127,0.000579517,0.15,0.0500208,0.0
5.67153,0.000593731,0.133333,0.0469583,0.0
5.67156,0.000580751,0.1,0.0408333,0.0
5.67169,0.000583671,0.0666667,0.0333472,0.0
5.67111,0.000582373,0.116667,0.0438958,0.0
5.67144,0.000566926,0.0833333,0.0370903,0.0
5.67174,0.000583931,0.0666667,0.0333472,0.0
5.67097,0.00058458,0.133333,0.0469583,0.0
5.67037,0.000574325,0.1,0.0408333,0.0
5.67091,0.000569912,0.0666667,0.0333472,0.0
5.67028,0.00057796,0.0666667,0.0333472,0.0
5.67123,0.000570366,0.0333333,0.0234792,0.0
5.67168,0.00058445,0.116667,0.0438958,0.0
5.67068,0.000585748,0.133333,0.0469583,0.0
5.6717,0.000597885,0.133333,0.0469583,0.0
5.67112,0.0005814,0.0833333,0.0370903,0.0
5.67117,0.000574909,0.133333,0.0469583,0.0
5.67077,0.000578739,0.0666667,0.0333472,0.0
5.67118,0.000589902,0.2,0.0575069,0.0
5.67244,0.000596392,0.166667,0.0527431,0.0
5.67213,0.000595484,0.15,0.0500208,0.0
5.67228,0.000581789,0.0833333,0.0370903,0.0
5.67102,0.000606712,0.116667,0.0438958,0.0
5.6707,0.000570496,0.1,0.0408333,0.0
5.67188,0.00059094,0.216667,0.0598889,0.0
5.67264,0.000607036,0.133333,0.0469583,0.0
5.67145,0.000591265,0.133333,0.0469583,0.0
5.67185,0.000601,0.133333,0.0469583,0.0
5.67129,0.00059795,0.0833333,0.0370903,0.0
5.67122,0.000577051,0.0666667,0.0333472,0.0
5.67132,0.000578479,0.116667,0.0438958,0.0
5.67082,0.000573352,0.0666667,0.0333472,0.0
5.67148,0.000568614,0.133333,0.0469583,0.0
5.67131,0.000580037,0.1,0.0408333,0.0
5.67049,0.000602753,0.1,0.0408333,0.0
5.67146,0.000566083,0.133333,0.0469583,0.0
5.67241,0.000598729,0.166667,0.0527431,0.0
5.67156,0.000594315,0.1,0.0408333,0.0
5.67061,0.000577376,0.0333333,0.0234792,0.0
5.67196,0.000593796,0.2,0.0575069,0.0
5.67211,0.000584515,0.05,0.0289236,0.0
5.67125,0.000555568,0.05,0.0289236,0.0
5.6709,0.000576792,0.183333,0.055125,0.0
5.6718,0.000612683,0.1,0.0408333,0.0
5.67139,0.000586657,0.133333,0.0469583,0.0
5.67099,0.000567316,0.05,0.0289236,0.0
5.67132,0.000582957,0.1,0.0408333,0.0
5.67187,0.000557515,0.0666667,0.0333472,0.0
5.6724,0.000587046,0.0833333,0.0370903,0.0
5.67159,0.000577311,0.0833333,0.0370903,0.0
5.67014,0.000585489,0.0833333,0.0370903,0.0
5.67067,0.000563616,0.116667,0.0438958,0.0
5.67135,0.000579777,0.1,0.0408333,0.0
5.67058,0.000596392,0.116667,0.0438958,0.0
5.6709,0.000601844,0.116667,0.0438958,0.0
5.6701,0.000603207,0.05,0.0289236,0.0
5.66997,0.000585229,0.15,0.0500208,0.0
5.67034,0.000584061,0.0833333,0.0370903,0.0
5.67059,0.000579517,0.1,0.0408333,0.0
5.67122,0.000569068,0.05,0.0289236,0.0
5.67201,0.000586073,0.0666667,0.0333472,0.0
5.67157,0.000606322,0.233333,0.0622708,0.0
5.67063,0.000572054,0.0833333,0.0370903,0.0
5.67074,0.000571145,0.133333,0.0469583,0.0
5.67146,0.000572832,0.116667,0.0438958,0.0
5.67217,0.000605544,0.183333,0.055125,0.0
5.67077,0.00058101,0.116667,0.0438958,0.0
5.67123,0.000586008,0.1,0.0408333,0.0
5.67187,0.000593796,0.133333,0.0469583,0.0
5.67141,0.000581529,0.0666667,0.0333472,0.0
5.67136,0.000576986,0.1,0.0408333,0.0
5.6708,0.000576013,0.116667,0.0438958,0.0
5.67075,0.00057452,0.0833333,0.0370903,0.0
5.67154,0.000581465,0.0833333,0.0370903,0.0
5.67143,0.000572768,0.116667,0.0438958,0.0
5.67204,0.000589448,0.1,0.0408333,0.0
5.67204,0.000607166,0.166667,0.0527431,0.0
5.67151,0.000576207,0.05,0.0289236,0.0
5.67112,0.000564914,0.0833333,0.0370903,0.0
5.67046,0.000584515,0.0833333,0.0370903,0.0
5.67087,0.000589123,0.15,0.0500208,0.0
5.67116,0.000569652,0.1,0.0408333,0.0
5.6713,0.000583931,0.15,0.0500208,0.0
5.67104,0.000587371,0.0833333,0.0370903,0.0
5.67098,0.000583282,0.0833333,0.0370903,0.0
5.67066,0.000583606,0.1,0.0408333,0.0
5.67075,0.000567705,0.15,0.0500208,0.0
5.67048,0.000569652,0.05,0.0289236,0.0
5.67027,0.000568744,0.1,0.0408333,0.0
5.67029,0.000575364,0.05,0.0289236,0.0
5.67095,0.000558359,0.0166667,0.0166736,0.0
5.67201,0.000598729,0.133333,0.0469583,0.0
5.67215,0.000593536,0.133333,0.0469583,0.0
5.67134,0.000583736,0.116667,0.0438958,0.0
5.67135,0.000578025,0.0833333,0.0370903,0.0
5.67141,0.000570107,0.0833333,0.0370903,0.0
5.67148,0.00058471,0.05,0.0289236,0.0
5.67106,0.000563681,0.116667,0.0438958,0.0
5.67151,0.000583801,0.0833333,0.0370903,0.0
5.67139,0.000559657,0.0833333,0.0370903,0.0
5.67089,0.000574195,0.133333,0.0469583,0.0
5.67153,0.000572313,0.15,0.0500208,0.0
5.67146,0.000582957,0.133333,0.0469583,0.0
5.67109,0.000576337,0.1,0.0408333,0.0
5.67059,0.000599832,0.166667,0.0527431,0.0
5.67034,0.000572508,0.0333333,0.0234792,0.0
5.67028,0.000549338,0.05,0.0289236,0.0
5.67109,0.000560306,0.133333,0.0469583,0.0
5.67052,0.00057757,0.1,0.0408333,0.0
5.67036,0.000582698,0.0833333,0.0370903,0.0
5.67095,0.000590811,0.15,0.0500208,0.0
5.67059,0.000598988,0.15,0.0500208,0.0
5.67132,0.000566472,0.1,0.0408333,0.0
5.67165,0.000592758,0.15,0.0500208,0.0
5.67075,0.000577181,0.0833333,0.0370903,0.0
5.67156,0.000572508,0.15,0.0500208,0.0
5.67159,0.000562902,0.0166667,0.0166736,0.0
5.67058,0.000579907,0.133333,0.0469583,0.0
5.67054,0.000585878,0.0666667,0.0333472,0.0
5.67073,0.000563357,0.0666667,0.0333472,0.0
5.67075,0.000566732,0.0833333,0.0370903,0.0
5.67116,0.00057465,0.133333,0.0469583,0.0
5.67157,0.000608594,0.15,0.0500208,0.0
5.67192,0.000607491,0.166667,0.0527431,0.0
5.67017,0.000587371,0.1,0.0408333,0.0
5.67141,0.000567965,0.183333,0.055125,0.0
5.67157,0.000596262,0.133333,0.0469583,0.0
5.67164,0.000600157,0.0666667,0.0333472,0.0
5.67135,0.000615019,0.15,0.055125,0.0
5.67063,0.000590486,0.0666667,0.0333472,0.0
5.67113,0.000589513,0.05,0.0289236,0.0
5.67161,0.000582438,0.133333,0.0469583,0.0
5.67154,0.000606257,0.166667,0.0527431,0.0
5.67038,0.000561864,0.0333333,0.0234792,0.0
5.66979,0.00057095,0.133333,0.0469583,0.0
5.67157,0.000586202,0.0833333,0.0370903,0.0
5.66985,0.000580102,0.05,0.0289236,0.0
5.67031,0.000570431,0.0833333,0.0370903,0.0
5.67106,0.000562059,0.0666667,0.0333472,0.0
5.67122,0.000563357,0.0833333,0.0370903,0.0
5.671,0.000583996,0.15,0.0500208,0.0
5.6715,0.000575948,0.0833333,0.0370903,0.0
5.67108,0.000563551,0.05,0.0289236,0.0
5.67055,0.000572962,0.0833333,0.0370903,0.0
5.67112,0.000589967,0.1,0.0408333,0.0
5.67071,0.000575558,0.0666667,0.0333472,0.0
5.67165,0.00060139,0.183333,0.055125,0.0
5.67221,0.000580102,0.0666667,0.0333472,0.0
5.67047,0.000576727,0.2,0.0575069,0.0
5.67105,0.000572768,0.0666667,0.0333472,0.0
5.6717,0.000559917,0.0833333,0.0370903,0.0
5.67061,0.000560696,0.05,0.0289236,0.0
5.67075,0.000556347,0.15,0.0500208,0.0
5.67113,0.00057134,0.116667,0.0438958,0.0
5.67082,0.000567835,0.1,0.0408333,0.0
5.67103,0.000599702,0.166667,0.0527431,0.0
5.67144,0.000582568,0.0666667,0.0333472,0.0
5.67042,0.000587501,0.1,0.0408333,0.0
5.67109,0.000589577,0.05,0.0289236,0.0
5.67142,0.000577116,0.0666667,0.0333472,0.0
5.67083,0.000586722,0.116667,0.0438958,0.0
5.67114,0.000569003,0.05,0.0289236,0.0
5.67164,0.000605219,0.216667,0.0598889,0.0
5.67133,0.000599183,0.0833333,0.0370903,0.0
5.67075,0.000574066,0.0666667,0.0333472,0.0
5.67125,0.000569328,0.0833333,0.0370903,0.0
5.67093,0.000581789,0.05,0.0289236,0.0
5.67119,0.000594121,0.15,0.0500208,0.0
5.67237,0.000588928,0.116667,0.0438958,0.0
5.67198,0.00059769,0.1,0.0408333,0.0
5.67098,0.000582438,0.0666667,0.0333472,0.0
5.67069,0.000571405,0.0666667,0.0333472,0.0
5.67073,0.00056777,0.133333,0.0469583,0.0
5.67094,0.000588214,0.1,0.0408333,0.0
5.67078,0.000587565,0.0166667,0.0166736,0.0
5.67196,0.000581984,0.15,0.0500208,0.0
5.67179,0.000569458,0.166667,0.0527431,0.0
5.66995,0.000579907,0.0833333,0.0370903,0.0
5.67097,0.000574066,0.116667,0.0438958,0.0
5.67185,0.00059146,0.133333,0.0469583,0.0
5.67173,0.000588928,0.133333,0.0469583,0.0
5.6703,0.000562708,0.0333333,0.0234792,0.0
5.67103,0.000567251,0.1,0.0408333,0.0
5.67053,0.000558878,0.05,0.0289236,0.0
5.67071,0.000574131,0.133333,0.0469583,0.0
5.67094,0.000581659,0.116667,0.0438958,0.0
5.67161,0.00057147,0.05,0.0289236,0.0
5.67217,0.000572638,0.15,0.0500208,0.0
5.67114,0.000576467,0.05,0.0289236,0.0
5.67097,0.000559268,0.0833333,0.0370903,0.0
5.67149,0.000554595,0.15,0.0500208,0.0
5.67113,0.000590811,0.15,0.0500208,0.0
5.67088,0.000557061,0.0833333,0.0370903,0.0
5.67221,0.000547585,0.0166667,0.0166736,0.0
5.67107,0.000564071,0.116667,0.0438958,0.0
5.67118,0.000565563,0.0666667,0.0333472,0.0
5.67157,0.000576727,0.166667,0.0527431,0.0
5.67094,0.000569522,0.05,0.0289236,0.0
5.67094,0.00057757,0.0833333,0.0370903,0.0
5.67081,0.000562578,0.0666667,0.0333472,0.0
5.67133,0.000569068,0.0666667,0.0333472,0.0
5.67082,0.000556801,0.0166667,0.0166736,0.0
5.67038,0.000548299,0.0833333,0.0370903,0.0
5.6708,0.000566147,0.0833333,0.0370903,0.0
5.67137,0.000607036,0.116667,0.0438958,0.0
5.6711,0.000583217,0.1,0.0408333,0.0
5.67191,0.000593666,0.166667,0.0575069,0.0
5.67201,0.000605544,0.1,0.0408333,0.0
5.67136,0.000578674,0.1,0.0408333,0.0
5.67039,0.000554595,0.0166667,0.0166736,0.0
5.67073,0.000579193,0.1,0.0408333,0.0
5.67133,0.000553621,0.05,0.0289236,0.0
5.6709,0.000577441,0.116667,0.0438958,0.0
5.67134,0.000586332,0.1,0.0408333,0.0
5.67112,0.000550895,0.0833333,0.0370903,0.0
5.67076,0.000570366,0.0666667,0.0333472,0.0
5.67177,0.00058815,0.133333,0.0469583,0.0
5.67209,0.000575039,0.116667,0.0438958,0.0
5.67146,0.000566147,0.05,0.0289236,0.0
5.67091,0.000573027,0.116667,0.0438958,0.0
5.67141,0.000591265,0.05,0.0289236,0.0
5.67108,0.00056089,0.0333333,0.0234792,0.0
5.6715,0.000595484,0.133333,0.0469583,0.0
5.67053,0.00059133,0.0666667,0.0333472,0.0
5.67,0.000592628,0.0833333,0.0370903,0.0
5.67061,0.000574325,0.05,0.0289236,0.0
5.67156,0.000555114,0.0666667,0.0333472,0.0
5.67119,0.000575364,0.0666667,0.0333472,0.0
5.67023,0.000576856,0.05,0.0289236,0.0
5.67101,0.000548624,0.0333333,0.0234792,0.0
5.67094,0.000560371,0.05,0.0289236,0.0
5.67128,0.000567965,0.0333333,0.0234792,0.0
5.67082,0.000569003,0.05,0.0289236,0.0
5.67043,0.000573936,0.0666667,0.0333472,0.0
5.67077,0.000584969,0.15,0.0500208,0.0
5.6706,0.00059438,0.0833333,0.0370903,0.0
5.67068,0.000579647,0.0666667,0.0333472,0.0
5.67097,0.000575753,0.1,0.0408333,0.0
5.6709,0.000588279,0.1,0.0408333,0.0
5.67096,0.00058088,0.116667,0.0438958,0.0
5.67177,0.000572313,0.0666667,0.0333472,0.0
5.67175,0.000552193,0.0333333,0.0234792,0.0
5.67198,0.000575169,0.133333,0.0469583,0.0
5.67187,0.000571275,0.0666667,0.0333472,0.0
5.67116,0.000562773,0.05,0.0289236,0.0
5.67121,0.000570042,0.0833333,0.0370903,0.0
5.67216,0.000563162,0.0833333,0.0370903,0.0
5.67128,0.00057452,0.0833333,0.0370903,0.0
5.67092,0.000562967,0.05,0.0289236,0.0
5.67131,0.000579128,0.1,0.0408333,0.0
5.67138,0.000563097,0.116667,0.0438958,0.0
5.67051,0.00057796,0.0666667,0.0333472,0.0
5.66931,0.000566342,0.05,0.0289236,0.0
5.67013,0.000563551,0.0666667,0.0333472,0.0
5.67091,0.000548754,0.0166667,0.0166736,0.0
5.67053,0.000576207,0.1,0.0408333,0.0
5.67051,0.000564914,0.0666667,0.0333472,0.0
5.67193,0.000568095,0.1,0.0408333,0.0
5.67222,0.000576078,0.05,0.0289236,0.0
5.67102,0.000585229,0.1,0.0408333,0.0
5.67082,0.000583931,0.0833333,0.0370903,0.0
5.67149,0.000575688,0.1,0.0408333,0.0
5.67055,0.000571405,0.0666667,0.0333472,0.0
5.67076,0.000568614,0.133333,0.0469583,0.0
5.67109,0.000569522,0.05,0.0289236,0.0
5.67149,0.000562643,0.0666667,0.0333472,0.0
5.67063,0.000570496,0.0833333,0.0370903,0.0
5.67144,0.000584255,0.116667,0.0438958,0.0
5.67116,0.000566861,0.0333333,0.0234792,0.0
5.67068,0.000558749,0.0166667,0.0166736,0.0
5.67123,0.000562967,0.0666667,0.0333472,0.0
5.67144,0.000560176,0.0166667,0.0166736,0.0
5.6715,0.000557775,0.0833333,0.0370903,0.0
5.67201,0.000564849,0.0666667,0.0333472,0.0
5.67107,0.000543691,0.0833333,0.0370903,0.0
5.67067,0.000576143,0.0666667,0.0333472,0.0
5.67187,0.000573157,0.0666667,0.0333472,0.0
5.67095,0.000578739,0.1,0.0408333,0.0
5.67083,0.000565044,0.0333333,0.0234792,0.0
5.6707,0.000558749,0.0666667,0.0333472,0.0
5.67065,0.000572703,0.0666667,0.0408333,0.0
5.67136,0.000574585,0.0833333,0.0370903,0.0
5.67048,0.000573936,0.133333,0.0469583,0.0
5.67068,0.000562902,0.0666667,0.0333472,0.0
5.67128,0.000555439,0.05,0.0289236,0.0
5.67137,0.000566018,0.0333333,0.0234792,0.0
5.67073,0.000563357,0.0666667,0.0333472,0.0
5.67135,0.000561474,0.05,0.0289236,0.0
5.67224,0.000566602,0.133333,0.0469583,0.0
5.6718,0.000576143,0.0833333,0.0370903,0.0
5.67088,0.000558554,0.0666667,0.0333472,0.0
5.67112,0.000585034,0.116667,0.0438958,0.0
5.6712,0.00056128,0.133333,0.0469583,0.0
5.67148,0.000568873,0.1,0.0408333,0.0
5.67151,0.000558229,0.0666667,0.0333472,0.0
5.67016,0.000566018,0.0833333,0.0370903,0.0
5.67069,0.000556088,0.1,0.0408333,0.0
5.67147,0.000568679,0.0666667,0.0333472,0.0
5.67237,0.00058419,0.0833333,0.0370903,0.0
5.67095,0.00056764,0.0166667,0.0166736,0.0
5.67086,0.000556866,0.05,0.0289236,0.0
5.67164,0.000589253,0.1,0.0408333,0.0
5.67213,0.00059808,0.116667,0.0438958,0.0
5.6708,0.000577051,0.0833333,0.0370903,0.0
5.67017,0.000587695,0.1,0.0408333,0.0
5.67064,0.000599832,0.116667,0.0438958,0.0
5.67147,0.000566018,0.0666667,0.0333472,0.0
5.67088,0.000562188,0.0666667,0.0333472,0.0
5.67055,0.000567251,0.0666667,0.0333472,0.0
5.67039,0.000571405,0.1,0.0408333,0.0
5.67195,0.000590421,0.133333,0.0469583,0.0
5.6705,0.000569068,0.0833333,0.0370903,0.0
5.67075,0.000586592,0.116667,0.0438958,0.0
5.67167,0.000575558,0.116667,0.0438958,0.0
5.67087,0.000569717,0.0333333,0.0234792,0.0
5.67078,0.000582957,0.116667,0.0438958,0.0
5.67214,0.000572962,0.0833333,0.0370903,0.0
5.67133,0.000592303,0.116667,0.0438958,0.0
5.6712,0.000549208,0.0333333,0.0234792,0.0
5.67122,0.00055797,0.0666667,0.0333472,0.0
5.67113,0.000566277,0.05,0.0289236,0.0
5.67078,0.000566277,0.0166667,0.0166736,0.0
5.67089,0.000554335,0.0666667,0.0333472,0.0
5.67123,0.000545963,0.0166667,0.0166736,0.0
5.67053,0.000556931,0.0666667,0.0333472,0.0
5.67047,0.000583152,0.116667,0.0438958,0.0
5.67095,0.000571145,0.0166667,0.0166736,0.0
5.6707,0.000552907,0.05,0.0289236,0.0
5.6706,0.000560176,0.0333333,0.0234792,0.0
5.67041,0.000549338,0.05,0.0289236,0.0
5.6702,0.000569522,0.1,0.0408333,0.0
5.67195,0.000573741,0.0666667,0.0333472,0.0
5.67119,0.000572508,0.05,0.0289236,0.0
5.67012,0.000562188,0.0833333,0.0370903,0.0
5.6712,0.000576921,0.1,0.0408333,0.0
5.67102,0.000545768,0.0333333,0.0234792,0.0
5.6709,0.000563097,0.0333333,0.0234792,0.0
5.67069,0.000552713,0.0166667,0.0166736,0.0
5.67069,0.000538109,0.0333333,0.0234792,0.0
5.66993,0.00057134,0.0666667,0.0333472,0.0
5.67007,0.000564006,0.0333333,0.0234792,0.0
5.6703,0.0005581,0.05,0.0289236,0.0
5.67026,0.000549273,0.0333333,0.0234792,0.0
5.67104,0.000572573,0.0833333,0.0370903,0.0
5.67061,0.000566861,0.05,0.0289236,0.0
5.67095,0.000557775,0.0833333,0.0370903,0.0
5.67021,0.000558684,0.0,0.0,0.0
5.67066,0.000553427,0.0166667,0.0166736,0.0
5.67073,0.000551479,0.0833333,0.0370903,0.0
5.67078,0.00055109,0.0333333,0.0234792,0.0
5.67014,0.000571534,0.0833333,0.0370903,0.0
5.67098,0.000576207,0.1,0.0408333,0.0
5.67166,0.00058127,0.0833333,0.0370903,0.0
5.67028,0.000583477,0.116667,0.0438958,0.0
5.67009,0.000575169,0.1,0.0408333,0.0
5.67122,0.000586138,0.1,0.0408333,0.0
5.67059,0.000569068,0.05,0.0289236,0.0
5.67048,0.000584385,0.05,0.0289236,0.0
5.67103,0.000572313,0.0333333,0.0234792,0.0
5.67028,0.000582698,0.1,0.0408333,0.0
5.67117,0.000576467,0.0833333,0.0370903,0.0
5.67119,0.000555698,0.0166667,0.0166736,0.0
5.6709,0.000540251,0.0333333,0.0234792,0.0
5.67001,0.000562124,0.0833333,0.0370903,0.0
5.67016,0.000559852,0.0333333,0.0234792,0.0
5.67068,0.000557321,0.05,0.0289236,0.0
5.67085,0.000558749,0.0666667,0.0333472,0.0
5.67037,0.000555244,0.133333,0.0469583,0.0
5.67114,0.000549013,0.0166667,0.0166736,0.0
5.67151,0.000575948,0.15,0.0500208,0.0
5.67126,0.000559333,0.0333333,0.0234792,0.0
5.67084,0.000546482,0.0666667,0.0333472,0.0
5.67202,0.000584126,0.166667,0.0527431,0.0
5.67127,0.000587825,0.0666667,0.0333472,0.0
5.67028,0.000561799,0.0833333,0.0370903,0.0
5.6711,0.000560761,0.05,0.0289236,0.0
5.67071,0.00055758,0.0833333,0.0370903,0.0
5.67024,0.00054473,0.0333333,0.0234792,0.0
5.6707,0.000552128,0.0666667,0.0333472,0.0
5.67185,0.000565758,0.133333,0.0469583,0.0
5.67013,0.000556931,0.05,0.0289236,0.0
5.67042,0.000557256,0.0666667,0.0333472,0.0
5.67096,0.000566018,0.116667,0.0438958,0.0
5.67077,0.000564979,0.0333333,0.0234792,0.0
5.67066,0.000566083,0.0666667,0.0333472,0.0
5.67136,0.000549792,0.05,0.0289236,0.0
5.6706,0.000568289,0.0666667,0.0333472,0.0
5.67028,0.000570496,0.0666667,0.0333472,0.0
5.6701,0.000557386,0.0666667,0.0333472,0.0
5.6709,0.000556801,0.05,0.0289236,0.0
5.67138,0.000575688,0.0333333,0.0234792,0.0
5.67118,0.000558424,0.0833333,0.0370903,0.0
5.6709,0.00055453,0.0666667,0.0333472,0.0
5.67056,0.0005679,0.0333333,0.0234792,0.0
5.66931,0.000556088,0.05,0.0289236,0.0
5.67083,0.000556347,0.0833333,0.0370903,0.0
5.67061,0.000568095,0.0333333,0.0234792,0.0
5.66957,0.000552453,0.0333333,0.0234792,0.0
5.67,0.000535189,0.0666667,0.0333472,0.0
5.67084,0.000566667,0.0333333,0.0234792,0.0
5.67057,0.000557386,0.05,0.0289236,0.0
5.67111,0.000550766,0.0166667,0.0166736,0.0
5.67044,0.00056433,0.0833333,0.0370903,0.0
5.67068,0.000578933,0.116667,0.0438958,0.0
5.67144,0.00055427,0.05,0.0289236,0.0
5.67091,0.000558489,0.0666667,0.0333472,0.0
5.67074,0.000561474,0.0833333,0.0370903,0.0
5.67062,0.000574585,0.0833333,0.0370903,0.0
5.67097,0.000551739,0.05,0.0289236,0.0
5.6703,0.000549857,0.05,0.0289236,0.0
5.67071,0.000551285,0.0666667,0.0333472,0.0
5.67037,0.000548754,0.0333333,0.0234792,0.0
5.66972,0.000562124,0.05,0.0289236,0.0
5.67015,0.00055784,0.05,0.0289236,0.0
5.67065,0.000570626,0.0666667,0.0333472,0.0
5.67003,0.000563551,0.133333,0.0469583,0.0
5.6705,0.000569458,0.0333333,0.0234792,0.0
5.67051,0.000557451,0.0666667,0.0333472,0.0
5.67057,0.00058763,0.1,0.0408333,0.0
5.67114,0.000573092,0.0,0.0,0.0
5.6708,0.00056089,0.0833333,0.0370903,0.0
5.67053,0.000549857,0.0166667,0.0166736,0.0
5.67079,0.000554919,0.0333333,0.0234792,0.0
5.67131,0.000560436,0.0666667,0.0333472,0.0
5.67074,0.000573092,0.0666667,0.0333472,0.0
5.67064,0.000563681,0.0833333,0.0370903,0.0
5.67018,0.000563811,0.0333333,0.0234792,0.0
5.67068,0.000552583,0.05,0.0289236,0.0
5.67197,0.000559592,0.05,0.0289236,0.0
5.67021,0.000572378,0.0666667,0.0333472,0.0
5.66963,0.000558229,0.05,0.0289236,0.0
5.67051,0.000568938,0.0166667,0.0166736,0.0
5.67139,0.000564006,0.0833333,0.0370903,0.0
5.6709,0.000560955,0.116667,0.0438958,0.0
5.66929,0.000556737,0.0166667,0.0166736,0.0
5.67036,0.000547261,0.0166667,0.0166736,0.0
5.67215,0.000567121,0.0333333,0.0234792,0.0
5.67083,0.00056764,0.0166667,0.0166736,0.0
5.67067,0.000546742,0.0833333,0.0442361,0.0
5.67011,0.000563811,0.116667,0.0438958,0.0
5.67063,0.000570496,0.1,0.0408333,0.0
5.67053,0.000562124,0.05,0.0289236,0.0
5.67071,0.000550636,0.0666667,0.0333472,0.0
5.67099,0.000548364,0.0333333,0.0234792,0.0
5.67027,0.000557775,0.0666667,0.0333472,0.0
5.66998,0.000556088,0.0166667,0.0166736,0.0
5.66982,0.000557256,0.05,0.0289236,0.0
5.66986,0.000536811,0.0666667,0.0333472,0.0
5.66946,0.000550052,0.05,0.0289236,0.0
5.67018,0.00054778,0.0166667,0.0166736,0.0
5.67064,0.000580361,0.0666667,0.0333472,0.0
5.67008,0.000570042,0.0666667,0.0333472,0.0
5.67015,0.000553816,0.0166667,0.0166736,0.0
5.67051,0.000564849,0.0666667,0.0333472,0.0
5.67082,0.000552258,0.1,0.0408333,0.0
5.67007,0.000572443,0.0333333,0.0234792,0.0
5.67045,0.000556737,0.05,0.0289236,0.0
5.67071,0.000562124,0.0333333,0.0234792,0.0
5.67029,0.000537525,0.0,0.0,0.0
5.6702,0.000551999,0.0333333,0.0234792,0.0
5.67004,0.000551285,0.0166667,0.0166736,0.0
5.67056,0.000566147,0.0666667,0.0333472,0.0
5.6707,0.000564071,0.05,0.0289236,0.0
5.67118,0.000564265,0.116667,0.0438958,0.0
5.67061,0.000564395,0.0333333,0.0234792,0.0
5.67095,0.000591395,0.116667,0.0438958,0.0
5.67179,0.000576921,0.0666667,0.0333472,0.0
5.67093,0.000562124,0.0833333,0.0370903,0.0
5.67089,0.000546157,0.0166667,0.0166736,0.0
5.67006,0.000569717,0.0666667,0.0333472,0.0
5.67075,0.000537071,0.0833333,0.0370903,0.0
5.67222,0.000562773,0.1,0.0408333,0.0
5.67096,0.000555633,0.05,0.0289236,0.0
5.67088,0.000561669,0.0166667,0.0166736,0.0
5.672,0.000550246,0.05,0.0289236,0.0
5.66967,0.000562967,0.0333333,0.0234792,0.0
5.67037,0.000549143,0.0666667,0.0333472,0.0
5.67087,0.000550376,0.05,0.0289236,0.0
5.66962,0.000549403,0.0166667,0.0166736,0.0
5.67012,0.000568095,0.0666667,0.0333472,0.0
5.6709,0.000537785,0.05,0.0289236,0.0
5.66958,0.000540121,0.0166667,0.0166736,0.0
5.66983,0.000548559,0.0333333,0.0234792,0.0
5.67074,0.000544145,0.0833333,0.0370903,0.0
5.67097,0.000556152,0.0666667,0.0333472,0.0
5.67084,0.000546806,0.1,0.0408333,0.0
5.66993,0.000553556,0.05,0.0289236,0.0
5.66997,0.000558684,0.0833333,0.0370903,0.0
5.67113,0.000545119,0.0666667,0.0333472,0.0
5.67114,0.000561929,0.0666667,0.0333472,0.0
5.67104,0.000564071,0.0666667,0.0333472,0.0
5.67162,0.000579842,0.0833333,0.0370903,0.0
5.67068,0.000566861,0.0666667,0.0333472,0.0
5.67097,0.000570171,0.0333333,0.0234792,0.0
5.67115,0.000560696,0.0833333,0.0370903,0.0
5.67094,0.000557775,0.0666667,0.0333472,0.0
5.67212,0.000583606,0.0833333,0.0370903,0.0
5.67112,0.000575883,0.05,0.0289236,0.0
5.67041,0.000592174,0.0833333,0.0370903,0.0
5.67079,0.000558035,0.0166667,0.0166736,0.0
5.67058,0.000559852,0.0833333,0.0370903,0.0
5.67081,0.000546028,0.0333333,0.0234792,0.0
5.67093,0.000603402,0.116667,0.0438958,0.0
5.67047,0.000582178,0.05,0.0289236,0.0
5.67006,0.000557386,0.0333333,0.0234792,0.0
5.67118,0.000548689,0.05,0.0289236,0.0
5.67127,0.000565823,0.0833333,0.0370903,0.0
5.67121,0.000558229,0.0666667,0.0333472,0.0
5.67109,0.00056764,0.0666667,0.0333472,0.0
5.67051,0.0005581,0.05,0.0289236,0.0
5.67058,0.000562773,0.0333333,0.0234792,0.0
5.67034,0.000578025,0.1,0.0408333,0.0
5.67021,0.000560566,0.0166667,0.0166736,0.0
5.67115,0.000549857,0.05,0.0289236,0.0
5.67128,0.000542782,0.0166667,0.0166736,0.0
5.67091,0.000545119,0.0166667,0.0166736,0.0
5.67256,0.000549273,0.05,0.0289236,0.0
5.67247,0.000578609,0.116667,0.0438958,0.0
5.67163,0.000560112,0.0666667,0.0333472,0.0
5.67134,0.000549922,0.1,0.0408333,0.0
5.67134,0.000569717,0.0333333,0.0234792,0.0
5.6712,0.000566018,0.05,0.0289236,0.0
5.67105,0.000552388,0.0333333,0.0234792,0.0
5.6721,0.000566861,0.116667,0.0438958,0.0
5.67187,0.00055453,0.05,0.0289236,0.0
5.67071,0.0005642,0.0666667,0.0333472,0.0
5.67089,0.00056803,0.05,0.0289236,0.0
5.67005,0.000572703,0.0666667,0.0333472,0.0
5.6711,0.000578284,0.116667,0.0438958,0.0
5.67164,0.000564849,0.0166667,0.0166736,0.0
5.67043,0.000555958,0.0666667,0.0333472,0.0
5.67081,0.000548169,0.05,0.0289236,0.0
5.67061,0.000566083,0.0333333,0.0234792,0.0
5.66972,0.00054473,0.0333333,0.0234792,0.0
5.6706,0.000541679,0.0666667,0.0333472,0.0
5.67086,0.000547455,0.0166667,0.0166736,0.0
5.67036,0.00054752,0.0333333,0.0234792,0.0
5.67079,0.000555698,0.0166667,0.0166736,0.0
5.67026,0.000563811,0.0666667,0.0333472,0.0
5.67019,0.000542847,0.0333333,0.0234792,0.0
5.67013,0.000562448,0.0833333,0.0370903,0.0
5.6703,0.000549338,0.0333333,0.0234792,0.0
5.66972,0.000569458,0.1,0.0408333,0.0
5.67058,0.0005544,0.0333333,0.0234792,0.0
5.67045,0.000546871,0.0333333,0.0234792,0.0
5.67029,0.000558489,0.0166667,0.0166736,0.0
5.6715,0.000578219,0.116667,0.0438958,0.0
5.67105,0.000564785,0.0833333,0.0370903,0.0
5.67104,0.000580037,0.05,0.0289236,0.0
5.6717,0.000569717,0.1,0.0408333,0.0
5.67037,0.000551804,0.0166667,0.0166736,0.0
5.66992,0.000552453,0.0333333,0.0234792,0.0
5.67093,0.000550052,0.05,0.0289236,0.0
5.67029,0.000539927,0.0,0.0,0.0
5.66995,0.000542977,0.0333333,0.0234792,0.0
5.67123,0.000559073,0.0333333,0.0234792,0.0
5.67086,0.000575753,0.0666667,0.0333472,0.0
5.6702,0.000554205,0.05,0.0289236,0.0
5.67079,0.000560696,0.0666667,0.0333472,0.0
5.67074,0.000542718,0.05,0.0289236,0.0
5.67086,0.000559462,0.0166667,0.0166736,0.0
5.67127,0.000570042,0.116667,0.0438958,0.0
5.67041,0.000564135,0.0166667,0.0166736,0.0
5.67006,0.000540251,0.0333333,0.0234792,0.0
5.67092,0.000546612,0.0166667,0.0166736,0.0
5.67047,0.000541614,0.0833333,0.0370903,0.0
5.67085,0.000554465,0.0333333,0.0234792,0.0
5.67062,0.000550895,0.0333333,0.0234792,0.0
5.67149,0.000543237,0.0333333,0.0234792,0.0
5.67089,0.000543626,0.0166667,0.0166736,0.0
5.67111,0.000544665,0.0166667,0.0166736,0.0
5.67057,0.00053454,0.0166667,0.0166736,0.0
5.67123,0.000561539,0.0666667,0.0333472,0.0
5.67088,0.000566018,0.0666667,0.0333472,0.0
5.66983,0.000556931,0.0833333,0.0370903,0.0
5.66982,0.000559203,0.0166667,0.0166736,0.0
5.6699,0.000563097,0.05,0.0289236,0.0
5.67012,0.000554595,0.05,0.0289236,0.0
5.67034,0.000560501,0.0333333,0.0234792,0.0
5.67035,0.00054421,0.116667,0.0438958,0.0
5.67009,0.000552128,0.0333333,0.0234792,0.0
5.66995,0.000552388,0.05,0.0289236,0.0
5.67089,0.000573157,0.05,0.0289236,0.0
5.67122,0.000553232,0.05,0.0289236,0.0
5.66932,0.000566926,0.0833333,0.0370903,0.0
5.66991,0.000568159,0.0833333,0.0370903,0.0
5.6705,0.000553232,0.0333333,0.0234792,0.0
5.67053,0.000552064,0.0833333,0.0370903,0.0
5.67155,0.000548429,0.0,0.0,0.0
5.6708,0.0005581,0.05,0.0289236,0.0
5.67017,0.000555828,0.1,0.0408333,0.0
5.6707,0.000549208,0.0166667,0.0166736,0.0
5.67089,0.000577181,0.0833333,0.0370903,0.0
5.67046,0.000550506,0.0333333,0.0234792,0.0
5.6707,0.000545249,0.0666667,0.0333472,0.0
5.6717,0.000553297,0.0333333,0.0234792,0.0
5.67038,0.000563551,0.05,0.0289236,0.0
5.67066,0.000563616,0.0333333,0.0234792,0.0
5.67109,0.000560112,0.0666667,0.0333472,0.0
5.67072,0.000566797,0.0166667,0.0166736,0.0
5.67022,0.000542328,0.0333333,0.0234792,0.0
5.67053,0.000536876,0.05,0.0289236,0.0
5.67038,0.000544859,0.0,0.0,0.0
5.6704,0.00054765,0.0333333,0.0234792,0.0
5.67075,0.00055771,0.0666667,0.0333472,0.0
5.67124,0.000575039,0.0333333,0.0234792,0.0
5.6706,0.000562124,0.0333333,0.0234792,0.0
5.67046,0.00055453,0.0666667,0.0333472,0.0
5.67067,0.000563811,0.05,0.0289236,0.0
5.67081,0.000575299,0.0666667,0.0333472,0.0
5.67091,0.000557061,0.05,0.0289236,0.0
5.67065,0.000531295,0.0333333,0.0234792,0.0
5.6705,0.000555828,0.05,0.0289236,0.0
5.67127,0.000584515,0.05,0.0289236,0.0
5.67015,0.000553491,0.0166667,0.0166736,0.0
5.67028,0.000548624,0.0833333,0.0370903,0.0
5.6714,0.000571015,0.0333333,0.0234792,0.0
5.67028,0.000538823,0.0166667,0.0166736,0.0
5.67019,0.000554335,0.0666667,0.0333472,0.0
5.6709,0.00055758,0.0333333,0.0234792,0.0
5.67022,0.00056115,0.0833333,0.0370903,0.0
5.66999,0.000557386,0.0333333,0.0234792,0.0
5.67107,0.000556542,0.05,0.0289236,0.0
5.67125,0.000570691,0.05,0.0289236,0.0
5.67021,0.000551739,0.0666667,0.0333472,0.0
5.67072,0.000551544,0.0166667,0.0166736,0.0
5.67089,0.000541679,0.0,0.0,0.0
5.67015,0.000540706,0.0,0.0,0.0
5.67067,0.000545638,0.0166667,0.0166736,0.0
5.67028,0.000535773,0.0333333,0.0234792,0.0
5.67008,0.000533112,0.0166667,0.0166736,0.0
5.67133,0.00054434,0.0833333,0.0370903,0.0
5.67141,0.000565563,0.0666667,0.0333472,0.0
5.67131,0.00058802,0.0833333,0.0370903,0.0
5.67033,0.000554465,0.0333333,0.0234792,0.0
5.67074,0.000566147,0.1,0.0408333,0.0
5.67093,0.000588928,0.05,0.0289236,0.0
5.67096,0.000548624,0.0,0.0,0.0
5.6712,0.000544859,0.0333333,0.0234792,0.0
5.67198,0.000572054,0.0333333,0.0234792,0.0
5.67147,0.000555114,0.0833333,0.0370903,0.0
5.67083,0.000559073,0.0833333,0.0370903,0.0
5.67119,0.00055096,0.0,0.0,0.0
5.67132,0.000560955,0.0666667,0.0333472,0.0
5.67023,0.000549143,0.0166667,0.0166736,0.0
5.67056,0.000556282,0.1,0.0408333,0.0
5.67108,0.000566472,0.0333333,0.0234792,0.0
5.67107,0.000539732,0.05,0.0289236,0.0
5.67126,0.000549467,0.0333333,0.0234792,0.0
5.67042,0.000583477,0.0666667,0.0333472,0.0
5.67091,0.000552064,0.0666667,0.0333472,0.0
5.67011,0.000558489,0.0666667,0.0333472,0.0
5.67076,0.000532398,0.0,0.0,0.0
5.67008,0.000555309,0.1,0.0408333,0.0
5.67062,0.000554854,0.0833333,0.0370903,0.0
5.67082,0.000556347,0.0166667,0.0166736,0.0
5.67101,0.000544081,0.0333333,0.0234792,0.0
5.6699,0.000549857,0.0333333,0.0234792,0.0
5.67028,0.000541549,0.0333333,0.0234792,0.0
5.67102,0.000544145,0.0166667,0.0166736,0.0
5.67068,0.000564525,0.0666667,0.0333472,0.0
5.67034,0.000577246,0.05,0.0289236,0.0
5.66976,0.000541549,0.1,0.0408333,0.0
5.66975,0.000547196,0.0333333,0.0234792,0.0
5.67015,0.000562253,0.0833333,0.0370903,0.0
5.67025,0.000560176,0.05,0.0289236,0.0
5.67103,0.000553556,0.0333333,0.0234792,0.0
5.67152,0.000579777,0.1,0.0408333,0.0
5.67132,0.000594575,0.1,0.0408333,0.0
5.67131,0.000569328,0.0333333,0.0234792,0.0
5.67065,0.000562188,0.0666667,0.0333472,0.0
5.67174,0.000567121,0.05,0.0289236,0.0
5.67082,0.000555893,0.05,0.0289236,0.0
5.67034,0.000542263,0.05,0.0289236,0.0
5.67112,0.000557775,0.0,0.0,0.0
5.67147,0.000543561,0.0,0.0,0.0
5.67005,0.000544859,0.0333333,0.0234792,0.0
5.67034,0.00055109,0.05,0.0289236,0.0
5.66992,0.000572313,0.0666667,0.0333472,0.0
5.67065,0.000539018,0.0,0.0,0.0
5.67103,0.000543626,0.05,0.0289236,0.0
5.67095,0.000550506,0.05,0.0289236,0.0
5.6713,0.000535903,0.0166667,0.0166736,0.0
5.67068,0.000556412,0.1,0.0408333,0.0
5.67099,0.000562578,0.05,0.0289236,0.0
5.67101,0.000550636,0.0833333,0.0370903,0.0
5.67132,0.0005642,0.0166667,0.0166736,0.0
5.67143,0.000556023,0.0666667,0.0333472,0.0
5.67026,0.000549013,0.0333333,0.0234792,0.0
5.67034,0.000552842,0.05,0.0289236,0.0
5.67063,0.000564914,0.05,0.0289236,0.0
5.67075,0.000552258,0.0166667,0.0166736,0.0
5.67041,0.00053785,0.05,0.0289236,0.0
5.67094,0.000558294,0.05,0.0289236,0.0
5.67153,0.00055122,0.0666667,0.0333472,0.0
5.67024,0.000556152,0.0166667,0.0166736,0.0
5.67089,0.000546547,0.05,0.0289236,0.0
5.67138,0.000520326,0.05,0.0289236,0.0
5.6705,0.000563876,0.05,0.0289236,0.0
5.67019,0.000578739,0.0833333,0.0370903,0.0
5.67076,0.000563357,0.0333333,0.0234792,0.0
5.67125,0.000550506,0.0666667,0.0333472,0.0
5.67059,0.000567835,0.0666667,0.0333472,0.0
5.671,0.000559917,0.0666667,0.0333472,0.0
5.67067,0.000577505,0.05,0.0289236,0.0
5.67091,0.000565823,0.05,0.0374306,0.0
5.67099,0.000568614,0.05,0.0289236,0.0
5.66998,0.00055096,0.0166667,0.0166736,0.0
5.67059,0.000536552,0.0,0.0,0.0
5.6703,0.000540706,0.0666667,0.0333472,0.0
5.66923,0.000552193,0.0166667,0.0166736,0.0
5.67033,0.000563227,0.0833333,0.0370903,0.0
5.67095,0.00056433,0.0333333,0.0234792,0.0
5.6719,0.000549467,0.0166667,0.0166736,0.0
5.67088,0.000551609,0.05,0.0289236,0.0
5.67077,0.000552583,0.05,0.0289236,0.0
5.6712,0.000536357,0.05,0.0289236,0.0
5.67068,0.000553167,0.0,0.0,0.0
5.66928,0.000551415,0.05,0.0289236,0.0
5.66974,0.000543237,0.0333333,0.0234792,0.0
5.67093,0.00056128,0.0166667,0.0166736,0.0
5.66985,0.000563746,0.0666667,0.0333472,0.0
5.67025,0.00055083,0.0,0.0,0.0
5.67047,0.000546222,0.0833333,0.0370903,0.0
5.67088,0.000554725,0.0666667,0.0333472,0.0
5.66966,0.000565109,0.05,0.0289236,0.0
5.67013,0.00053759,0.0333333,0.0234792,0.0
5.67061,0.000531165,0.0,0.0,0.0
5.67025,0.000528244,0.0166667,0.0166736,0.0
5.67045,0.000531165,0.05,0.0289236,0.0
5.67019,0.000540576,0.0166667,0.0166736,0.0
5.6704,0.000539992,0.0166667,0.0166736,0.0
5.67152,0.000551285,0.0666667,0.0333472,0.0
5.6708,0.000545508,0.0,0.0,0.0
5.66993,0.00053441,0.0333333,0.0234792,0.0
5.66925,0.000542977,0.0333333,0.0234792,0.0
5.67036,0.000552713,0.0333333,0.0234792,0.0
5.67104,0.000538369,0.05,0.0289236,0.0
5.67092,0.000546547,0.0333333,0.0234792,0.0
5.67093,0.000567316,0.0666667,0.0333472,0.0
5.67089,0.000547326,0.05,0.0289236,0.0
5.67041,0.000563162,0.0666667,0.0333472,0.0
5.67095,0.00056459,0.05,0.0289236,0.0
5.67144,0.000555049,0.0666667,0.0333472,0.0
5.67085,0.000548364,0.05,0.0289236,0.0
5.6707,0.000569133,0.05,0.0289236,0.0
5.67036,0.000568354,0.1,0.0408333,0.0
5.67128,0.000619303,0.05,0.0289236,0.0
5.67039,0.000552323,0.05,0.0289236,0.0
5.67009,0.000566277,0.0666667,0.0333472,0.0
5.67049,0.000545898,0.05,0.0289236,0.0
5.66993,0.000545314,0.0166667,0.0166736,0.0
5.67041,0.00056433,0.0833333,0.0370903,0.0
5.67065,0.000555893,0.05,0.0289236,0.0
5.67025,0.000560112,0.0333333,0.0234792,0.0
5.67057,0.000573222,0.0666667,0.0333472,0.0
5.67085,0.000556737,0.0333333,0.0234792,0.0
5.67055,0.00056115,0.0833333,0.0370903,0.0
5.67024,0.000552907,0.0166667,0.0166736,0.0
5.67053,0.00054473,0.0166667,0.0166736,0.0
5.67037,0.000557256,0.0,0.0,0.0
5.67062,0.000579063,0.1,0.0408333,0.0
5.67063,0.000572378,0.05,0.0289236,0.0
5.67128,0.000535059,0.05,0.0289236,0.0
5.67157,0.000581854,0.1,0.0408333,0.0
5.67057,0.000573611,0.05,0.0289236,0.0
5.67061,0.000549597,0.05,0.0289236,0.0
5.67155,0.000564979,0.0166667,0.0166736,0.0
5.66982,0.000543042,0.0166667,0.0166736,0.0
5.66959,0.000560436,0.0666667,0.0333472,0.0
5.67061,0.000562188,0.05,0.0289236,0.0
5.67093,0.000548234,0.05,0.0289236,0.0
5.67028,0.000552583,0.0666667,0.0333472,0.0
5.67064,0.000557126,0.0333333,0.0234792,0.0
5.67137,0.000534864,0.0333333,0.0234792,0.0
5.66995,0.000542718,0.0333333,0.0234792,0.0
5.66908,0.000543561,0.0166667,0.0166736,0.0
5.67028,0.0005642,0.0666667,0.0333472,0.0
5.67128,0.000563811,0.0166667,0.0166736,0.0
5.67133,0.000533372,0.0333333,0.0234792,0.0
5.67124,0.000556866,0.0666667,0.0333472,0.0
5.66955,0.000565044,0.0333333,0.0234792,0.0
5.66891,0.00055427,0.0166667,0.0166736,0.0
5.67004,0.000552777,0.0,0.0,0.0
5.6707,0.000544145,0.0333333,0.0234792,0.0
5.67039,0.000539862,0.0166667,0.0166736,0.0
5.67048,0.000558229,0.05,0.0289236,0.0
5.67084,0.000558554,0.0166667,0.0166736,0.0
5.67049,0.000549338,0.0,0.0,0.0
5.67022,0.000564914,0.05,0.0289236,0.0
5.67074,0.000553751,0.0833333,0.0370903,0.0
5.67051,0.000552193,0.0166667,0.0166736,0.0
5.66929,0.000539018,0.0333333,0.0234792,0.0
5.67023,0.000555309,0.0333333,0.0234792,0.0
5.67051,0.000565888,0.0333333,0.0234792,0.0
5.66995,0.000541549,0.0333333,0.0234792,0.0
5.67054,0.000554984,0.0333333,0.0234792,0.0
5.67052,0.000559852,0.0333333,0.0234792,0.0
5.67036,0.000552583,0.0333333,0.0234792,0.0
5.67028,0.000541484,0.0,0.0,0.0
5.67027,0.000539408,0.0166667,0.0166736,0.0
5.67104,0.000552713,0.0333333,0.0234792,0.0
5.67023,0.000546482,0.0,0.0,0.0
5.66986,0.00054473,0.05,0.0289236,0.0
5.67068,0.000539927,0.0166667,0.0166736,0.0
5.67052,0.000548234,0.0,0.0,0.0
5.67029,0.000549467,0.0,0.0,0.0
5.67016,0.000552648,0.0333333,0.0234792,0.0
5.67077,0.000551739,0.0666667,0.0333472,0.0
5.67105,0.000561734,0.0333333,0.0234792,0.0
5.67065,0.000565044,0.0333333,0.0234792,0.0
5.67038,0.000541355,0.0333333,0.0234792,0.0
5.67,0.000546806,0.0,0.0,0.0
5.67079,0.000548494,0.0333333,0.0234792,0.0
5.67109,0.000552842,0.0333333,0.0234792,0.0
5.67107,0.000538953,0.0166667,0.0166736,0.0
5.67075,0.000525843,0.05,0.0289236,0.0
5.67118,0.000539602,0.0333333,0.0234792,0.0
5.6711,0.000581075,0.1,0.0408333,0.0
5.67139,0.000563422,0.05,0.0289236,0.0
5.6706,0.000551479,0.0166667,0.0166736,0.0
5.67024,0.000553102,0.0333333,0.0234792,0.0
5.67109,0.00055096,0.0333333,0.0234792,0.0
5.67118,0.000565239,0.0833333,0.0370903,0.0
5.67113,0.000568679,0.116667,0.0438958,0.0
5.67062,0.000553621,0.05,0.0289236,0.0
5.66996,0.000566277,0.0333333,0.0234792,0.0
5.6706,0.000539278,0.05,0.0289236,0.0
5.67041,0.000551544,0.0333333,0.0234792,0.0
5.67,0.000554011,0.0333333,0.0234792,0.0
5.67071,0.000529542,0.0333333,0.0234792,0.0
5.67062,0.000555309,0.05,0.0289236,0.0
5.67001,0.000567056,0.0666667,0.0333472,0.0
5.66997,0.000563486,0.0666667,0.0333472,0.0
5.67061,0.000565758,0.0166667,0.0166736,0.0
5.67026,0.000546677,0.0166667,0.0166736,0.0
5.67042,0.000547326,0.0833333,0.0370903,0.0
5.67053,0.00055096,0.0166667,0.0166736,0.0
5.67032,0.000560112,0.0166667,0.0166736,0.0
5.66984,0.00054421,0.05,0.0289236,0.0
5.67003,0.000538109,0.0,0.0,0.0
5.67057,0.000546936,0.05,0.0289236,0.0
5.67154,0.000553362,0.0333333,0.0234792,0.0
5.67172,0.000553751,0.0333333,0.0234792,0.0
5.67089,0.00055122,0.0333333,0.0234792,0.0
5.67098,0.000535189,0.0333333,0.0234792,0.0
5.67106,0.000566147,0.05,0.0289236,0.0
5.67072,0.000569068,0.1,0.0408333,0.0
5.67106,0.000533761,0.0166667,0.0166736,0.0
5.67031,0.000545314,0.0333333,0.0234792,0.0
5.67068,0.00055083,0.0166667,0.0166736,0.0
5.67096,0.000573676,0.1,0.0408333,0.0
5.67057,0.000561734,0.05,0.0289236,0.0
5.67032,0.000555698,0.05,0.0289236,0.0
5.67015,0.000549338,0.05,0.0289236,0.0
5.6703,0.000547585,0.0333333,0.0234792,0.0
5.67113,0.000548624,0.0333333,0.0234792,0.0
5.67153,0.000542069,0.05,0.0289236,0.0
5.66921,0.000536811,0.0166667,0.0166736,0.0
5.66869,0.000553167,0.0166667,0.0166736,0.0
5.6699,0.000546742,0.0,0.0,0.0
5.6705,0.000556347,0.0333333,0.0234792,0.0
5.67077,0.000532073,0.0166667,0.0166736,0.0
5.67077,0.000556672,0.0333333,0.0234792,0.0
5.67102,0.000534605,0.0333333,0.0234792,0.0
5.6706,0.000529672,0.0,0.0,0.0
5.66978,0.000536292,0.0166667,0.0166736,0.0
5.6704,0.000555374,0.0166667,0.0166736,0.0
5.67155,0.000559008,0.0833333,0.0370903,0.0
5.67102,0.000557451,0.116667,0.0438958,0.0
5.67052,0.0005679,0.0166667,0.0166736,0.0
5.66995,0.000554789,0.05,0.0289236,0.0
5.67075,0.000545379,0.0,0.0,0.0
5.67024,0.000540706,0.0166667,0.0166736,0.0
5.67002,0.00053772,0.0333333,0.0234792,0.0
5.67071,0.000559462,0.0333333,0.0234792,0.0
5.67062,0.000548624,0.0333333,0.0234792,0.0
5.67068,0.000545833,0.0666667,0.0333472,0.0
5.67039,0.000561085,0.0333333,0.0234792,0.0
5.67087,0.000556088,0.05,0.0289236,0.0
5.67004,0.000554595,0.05,0.0289236,0.0
5.67023,0.000550116,0.05,0.0289236,0.0
5.67055,0.000544016,0.0166667,0.0166736,0.0
5.67068,0.000539148,0.0,0.0,0.0
5.66993,0.000546417,0.0333333,0.0234792,0.0
5.67013,0.000546806,0.0166667,0.0166736,0.0
5.67075,0.000536357,0.0,0.0,0.0
5.67049,0.000537525,0.05,0.0289236,0.0
5.6708,0.000550246,0.0,0.0,0.0
5.66983,0.000546871,0.05,0.0289236,0.0
5.66994,0.000544535,0.0333333,0.0234792,0.0
5.66987,0.000566472,0.0666667,0.0333472,0.0
5.67044,0.000554205,0.05,0.0289236,0.0
5.67019,0.000541874,0.0166667,0.0166736,0.0
5.66994,0.000556152,0.0333333,0.0234792,0.0
5.67037,0.000548754,0.0166667,0.0166736,0.0
5.67121,0.000548169,0.05,0.0289236,0.0
5.67051,0.000543626,0.05,0.0289236,0.0
5.67006,0.000546871,0.0166667,0.0166736,0.0
5.67025,0.000559333,0.05,0.0289236,0.0
5.67007,0.000561215,0.0333333,0.0234792,0.0
5.67089,0.000552972,0.0833333,0.0370903,0.0
5.66974,0.000568419,0.0333333,0.0234792,0.0
5.67068,0.000563357,0.0166667,0.0166736,0.0
5.66965,0.000545638,0.0166667,0.0166736,0.0
5.66958,0.000540381,0.0166667,0.0166736,0.0
5.67048,0.000541809,0.05,0.0289236,0.0
5.67027,0.000553881,0.0166667,0.0166736,0.0
5.66992,0.000554919,0.0666667,0.0333472,0.0
5.67,0.000542458,0.05,0.0289236,0.0
5.67053,0.000543172,0.0,0.0,0.0
5.6699,0.000558424,0.0333333,0.0234792,0.0
5.67026,0.000550895,0.0666667,0.0333472,0.0
5.67061,0.000579193,0.1,0.0408333,0.0
5.67046,0.000558943,0.0166667,0.0166736,0.0
5.67006,0.000550701,0.0,0.0,0.0
5.67034,0.000544989,0.05,0.0289236,0.0
5.6701,0.000538953,0.0,0.0,0.0
5.67001,0.000540965,0.0166667,0.0166736,0.0
5.67177,0.000525778,0.0333333,0.0234792,0.0
5.67198,0.000548948,0.0333333,0.0234792,0.0
5.67072,0.000544145,0.0166667,0.0166736,0.0
5.66994,0.000541874,0.0333333,0.0234792,0.0
5.67014,0.000554725,0.0333333,0.0234792,0.0
5.66946,0.000530451,0.0166667,0.0166736,0.0
5.6702,0.00054447,0.0166667,0.0166736,0.0
5.67083,0.000547326,0.0333333,0.0234792,0.0
5.67061,0.00053759,0.0166667,0.0166736,0.0
5.67025,0.000548364,0.05,0.0289236,0.0
5.67086,0.000541549,0.05,0.0289236,0.0
5.67078,0.0005446,0.0,0.0,0.0
5.66971,0.000517341,0.0,0.0,0.0
5.66992,0.00052779,0.0,0.0,0.0
5.66903,0.000547196,0.0666667,0.0333472,0.0
5.6696,0.000548624,0.0166667,0.0166736,0.0
5.66926,0.00054116,0.0166667,0.0166736,0.0
5.67048,0.000552388,0.0833333,0.0370903,0.0
5.6709,0.000556088,0.0333333,0.0234792,0.0
5.67011,0.000553556,0.0,0.0,0.0
5.66921,0.000551804,0.05,0.0289236,0.0
5.67103,0.000552842,0.0333333,0.0234792,0.0
5.67078,0.000559073,0.0333333,0.0234792,0.0
5.67073,0.000560047,0.0166667,0.0166736,0.0
5.67091,0.000563032,0.0833333,0.0370903,0.0
5.67079,0.000560241,0.05,0.0289236,0.0
5.67051,0.000552583,0.0166667,0.0166736,0.0
5.67123,0.000559787,0.0333333,0.0234792,0.0
5.67122,0.000548624,0.0833333,0.0370903,0.0
5.67054,0.000543561,0.0166667,0.0166736,0.0
5.67015,0.000545833,0.05,0.0289236,0.0
5.67002,0.000543496,0.05,0.0289236,0.0
5.66949,0.00056141,0.05,0.0289236,0.0
5.6698,0.000558813,0.0166667,0.0166736,0.0
5.67106,0.000556477,0.05,0.0289236,0.0
5.67101,0.000557905,0.0666667,0.0333472,0.0
5.67105,0.000562448,0.0166667,0.0166736,0.0
5.67111,0.000568614,0.0833333,0.0370903,0.0
5.6705,0.000551285,0.0166667,0.0166736,0.0
5.67025,0.000536487,0.0166667,0.0166736,0.0
5.67043,0.00055122,0.0166667,0.0166736,0.0
5.67134,0.000573936,0.1,0.0408333,0.0
5.67005,0.000543172,0.0166667,0.0166736,0.0
5.67008,0.000543367,0.05,0.0289236,0.0
5.67041,0.000543302,0.0166667,0.0166736,0.0
5.67097,0.000557191,0.05,0.0289236,0.0
5.67068,0.000545508,0.0,0.0,0.0
5.67023,0.000543626,0.0166667,0.0166736,0.0
5.6705,0.000558035,0.05,0.0289236,0.0
5.67036,0.000529867,0.0166667,0.0166736,0.0
5.67106,0.000539213,0.0166667,0.0166736,0.0
5.67164,0.000545833,0.0333333,0.0234792,0.0
5.67079,0.000555439,0.0333333,0.0234792,0.0
5.67055,0.000546936,0.0,0.0,0.0
5.6706,0.000561085,0.0666667,0.0333472,0.0
5.67021,0.000573482,0.05,0.0289236,0.0
5.6698,0.000555309,0.0166667,0.0166736,0.0
5.66991,0.000555244,0.0833333,0.0370903,0.0
5.67048,0.000546352,0.0333333,0.0234792,0.0
5.67005,0.000557256,0.0166667,0.0166736,0.0
5.6702,0.000564849,0.0166667,0.0166736,0.0
5.67024,0.000550571,0.0333333,0.0234792,0.0
5.67011,0.000536682,0.0,0.0,0.0
5.67088,0.000532982,0.0166667,0.0166736,0.0
5.67021,0.000532593,0.0,0.0,0.0
5.6706,0.000549727,0.0,0.0,0.0
5.67052,0.000557061,0.0666667,0.0333472,0.0
5.66991,0.000542912,0.0333333,0.0234792,0.0
5.66881,0.000542782,0.0166667,0.0166736,0.0
5.66967,0.000543107,0.0166667,0.0166736,0.0
5.67035,0.000536162,0.0166667,0.0166736,0.0
5.67077,0.000539148,0.0166667,0.0166736,0.0
5.67038,0.000552648,0.0333333,0.0234792,0.0
5.67148,0.000565369,0.0166667,0.0166736,0.0
5.67086,0.00055414,0.0666667,0.0333472,0.0
5.67023,0.000538434,0.0333333,0.0234792,0.0
5.67014,0.000546417,0.0666667,0.0333472,0.0
5.67064,0.000580037,0.0666667,0.0333472,0.0
5.67063,0.000553167,0.0166667,0.0166736,0.0
5.66987,0.000543821,0.0166667,0.0166736,0.0
5.66997,0.000566277,0.0666667,0.0333472,0.0
5.6704,0.000547455,0.0333333,0.0234792,0.0
5.67006,0.000549857,0.0166667,0.0166736,0.0
5.6693,0.00052753,0.0,0.0,0.0
5.67051,0.000554725,0.0333333,0.0234792,0.0
5.67056,0.00053467,0.0333333,0.0234792,0.0
5.66945,0.000532723,0.0166667,0.0166736,0.0
5.67036,0.000540511,0.05,0.0289236,0.0
5.67045,0.000549662,0.0333333,0.0234792,0.0
5.66944,0.00056472,0.0166667,0.0166736,0.0
5.67002,0.00055427,0.0166667,0.0166736,0.0
5.67101,0.00056764,0.0333333,0.0234792,0.0
5.67053,0.000547975,0.0333333,0.0234792,0.0
5.67001,0.000549532,0.0166667,0.0166736,0.0
5.67048,0.000558943,0.0666667,0.0333472,0.0
5.67086,0.000559787,0.0666667,0.0333472,0.0
5.67012,0.000552972,0.0,0.0,0.0
5.66977,0.000562124,0.0333333,0.0234792,0.0
5.66985,0.000552323,0.05,0.0289236,0.0
5.67034,0.000558164,0.0333333,0.0234792,0.0
5.67054,0.000557645,0.0166667,0.0166736,0.0
5.67069,0.000565693,0.0833333,0.0370903,0.0
5.67079,0.00057783,0.05,0.0289236,0.0
5.67048,0.000564849,0.0166667,0.0166736,0.0
5.67011,0.000544081,0.05,0.0289236,0.0
5.66917,0.00055453,0.05,0.0289236,0.0
5.67015,0.0005544,0.0333333,0.0234792,0.0
5.66977,0.00056089,0.0333333,0.0234792,0.0
5.66921,0.000533047,0.0166667,0.0166736,0.0
5.66931,0.000532787,0.0166667,0.0166736,0.0
5.67041,0.000536487,0.0166667,0.0166736,0.0
5.67022,0.000531489,0.0166667,0.0166736,0.0
5.67033,0.000550246,0.05,0.0289236,0.0
5.67095,0.000551804,0.0166667,0.0166736,0.0
5.67086,0.000561215,0.0666667,0.0333472,0.0
5.67048,0.000552128,0.0,0.0,0.0
5.67001,0.000529607,0.0166667,0.0166736,0.0
5.67014,0.000554595,0.0833333,0.0370903,0.0
5.66994,0.000558554,0.0333333,0.0234792,0.0
5.67027,0.000541874,0.0,0.0,0.0
5.67003,0.000544989,0.0666667,0.0333472,0.0
5.67015,0.000541679,0.0166667,0.0166736,0.0
5.66959,0.000549078,0.0166667,0.0166736,0.0
5.67005,0.00055427,0.05,0.0289236,0.0
5.67094,0.000545898,0.05,0.0289236,0.0
5.6715,0.000556931,0.05,0.0289236,0.0
5.67114,0.000535708,0.0,0.0,0.0
5.67052,0.000539667,0.05,0.0289236,0.0
5.66952,0.000551934,0.0166667,0.0166736,0.0
5.67008,0.000543172,0.0166667,0.0166736,0.0
5.67155,0.000545703,0.0166667,0.0166736,0.0
5.6706,0.00055122,0.0,0.0,0.0
5.6698,0.000534864,0.0333333,0.0234792,0.0
5.67022,0.000550181,0.0166667,0.0166736,0.0
5.67064,0.00054752,0.0166667,0.0166736,0.0
5.67205,0.000570885,0.0833333,0.0370903,0.0
5.67003,0.000568484,0.0166667,0.0166736,0.0
5.67001,0.000560631,0.0333333,0.0234792,0.0
5.67052,0.000549857,0.05,0.0289236,0.0
5.66932,0.000550376,0.0166667,0.0166736,0.0
5.66972,0.000536487,0.0,0.0,0.0
5.67002,0.000556737,0.0166667,0.0166736,0.0
5.67011,0.000557905,0.05,0.0289236,0.0
5.67052,0.000558489,0.0,0.0,0.0
5.66979,0.0005446,0.0333333,0.0234792,0.0
5.66981,0.000545573,0.0333333,0.0234792,0.0
5.67023,0.000547261,0.0166667,0.0166736,0.0
5.66969,0.000551869,0.05,0.0289236,0.0
5.67035,0.000550181,0.0,0.0,0.0
5.67063,0.000532463,0.0166667,0.0166736,0.0
5.6694,0.000558878,0.0333333,0.0234792,0.0
5.66998,0.000553621,0.0333333,0.0234792,0.0
5.67006,0.00054804,0.0333333,0.0234792,0.0
5.6699,0.000549143,0.0333333,0.0234792,0.0
5.66996,0.000535708,0.05,0.0289236,0.0
5.66933,0.000561474,0.0333333,0.0234792,0.0
5.67063,0.00055109,0.0166667,0.0166736,0.0
5.67098,0.000543237,0.0333333,0.0234792,0.0
5.6702,0.000548559,0.0666667,0.0333472,0.0
5.67005,0.000555114,0.05,0.0289236,0.0
5.66968,0.000532463,0.0333333,0.0234792,0.0
5.66925,0.000550701,0.05,0.0289236,0.0
5.66992,0.000541809,0.0,0.0,0.0
5.67085,0.00054752,0.0666667,0.0333472,0.0
5.67072,0.000547196,0.05,0.0289236,0.0
5.67084,0.000556217,0.05,0.0289236,0.0
5.67071,0.000553427,0.0666667,0.0333472,0.0
5.66982,0.000549662,0.0333333,0.0234792,0.0
5.6708,0.000562837,0.0333333,0.0234792,0.0
5.67076,0.00054434,0.0333333,0.0234792,0.0
5.66979,0.000552648,0.05,0.0289236,0.0
5.67067,0.000534021,0.0,0.0,0.0
5.67035,0.000532138,0.0166667,0.0166736,0.0
5.66966,0.000536811,0.0333333,0.0234792,0.0
5.67027,0.000545508,0.05,0.0289236,0.0
5.67031,0.000545963,0.0166667,0.0166736,0.0
5.67075,0.000561864,0.05,0.0289236,0.0
5.66998,0.000576272,0.05,0.0289236,0.0
5.67059,0.000552972,0.05,0.0289236,0.0
5.67092,0.000560241,0.05,0.0289236,0.0
5.67022,0.000556996,0.0166667,0.0166736,0.0
5.6705,0.000542004,0.0166667,0.0166736,0.0
5.67076,0.000549597,0.0833333,0.0370903,0.0
5.6713,0.000544859,0.0333333,0.0234792,0.0
5.66982,0.000541744,0.0,0.0,0.0
5.67052,0.000548883,0.0166667,0.0166736,0.0
5.67077,0.00055109,0.0333333,0.0234792,0.0
5.67048,0.000560306,0.0166667,0.0166736,0.0
5.67071,0.000533566,0.05,0.0289236,0.0
5.67118,0.000561474,0.0333333,0.0234792,0.0
5.67025,0.000536227,0.0166667,0.0166736,0.0
5.67014,0.000543172,0.0666667,0.0333472,0.0
5.67066,0.000548559,0.0333333,0.0234792,0.0
5.67042,0.000547715,0.0166667,0.0166736,0.0
5.67002,0.000544016,0.0333333,0.0234792,0.0
5.67076,0.0005446,0.0166667,0.0166736,0.0
5.6703,0.000532398,0.0,0.0,0.0
5.6704,0.000542004,0.0166667,0.0166736,0.0
5.67028,0.000540121,0.05,0.0289236,0.0
5.67067,0.000550116,0.0166667,0.0166736,0.0
5.67046,0.000542069,0.0,0.0,0.0
5.67017,0.000546222,0.0166667,0.0166736,0.0
5.67014,0.000542977,0.0166667,0.0166736,0.0
5.67064,0.000539213,0.0166667,0.0166736,0.0
5.6701,0.000526946,0.0,0.0,0.0
5.67022,0.000539148,0.0333333,0.0234792,0.0
5.66916,0.000539667,0.0333333,0.0234792,0.0
5.66873,0.000547845,0.0,0.0,0.0
5.6697,0.000535124,0.0666667,0.0333472,0.0
5.67004,0.00055414,0.0166667,0.0166736,0.0
5.66973,0.000536682,0.0166667,0.0166736,0.0
5.66989,0.000533891,0.0333333,0.0234792,0.0
5.6699,0.000542718,0.0333333,0.0234792,0.0
5.67044,0.00054142,0.0333333,0.0234792,0.0
5.67062,0.000544924,0.0,0.0,0.0
5.6703,0.000533242,0.0333333,0.0234792,0.0
5.67086,0.000541809,0.0333333,0.0234792,0.0
5.67097,0.000543756,0.0333333,0.0234792,0.0
5.67103,0.000540381,0.0166667,0.0166736,0.0
5.67149,0.000530256,0.0,0.0,0.0
5.67073,0.000541355,0.0166667,0.0166736,0.0
5.67014,0.000557775,0.05,0.0289236,0.0
5.67097,0.000545833,0.0,0.0,0.0
5.67076,0.000541809,0.0666667,0.0333472,0.0
5.67039,0.000538694,0.0333333,0.0234792,0.0
5.67092,0.00054142,0.0166667,0.0166736,0.0
5.67096,0.000544924,0.05,0.0289236,0.0
5.67017,0.000532593,0.05,0.0289236,0.0
5.67055,0.00055135,0.0166667,0.0166736,0.0
5.67112,0.000562253,0.0166667,0.0166736,0.0
5.67093,0.000551544,0.0,0.0,0.0
5.67039,0.0005409,0.0,0.0,0.0
5.66982,0.000530581,0.0166667,0.0166736,0.0
5.67012,0.000552193,0.0333333,0.0234792,0.0
5.67119,0.000526232,0.0333333,0.0234792,0.0
5.67058,0.000551674,0.0,0.0,0.0
5.67048,0.000533177,0.0333333,0.0234792,0.0
5.67002,0.000566083,0.05,0.0289236,0.0
5.67034,0.000569263,0.0333333,0.0234792,0.0
5.67066,0.000559073,0.0,0.0,0.0
5.67055,0.000548754,0.0333333,0.0234792,0.0
5.67039,0.000544665,0.0166667,0.0166736,0.0
5.67072,0.000543756,0.0333333,0.0234792,0.0
5.67057,0.000530905,0.0,0.0,0.0
5.6702,0.000546742,0.0333333,0.0234792,0.0
5.67036,0.000545249,0.0,0.0,0.0
5.67075,0.000531944,0.0,0.0,0.0
5.67051,0.000526102,0.0333333,0.0234792,0.0
5.67015,0.000538823,0.05,0.0289236,0.0
5.67027,0.000547196,0.0166667,0.0166736,0.0
5.67017,0.000547975,0.0,0.0,0.0
5.67102,0.00052805,0.05,0.0289236,0.0
5.67077,0.000534215,0.0166667,0.0166736,0.0
5.67018,0.000542328,0.0666667,0.0333472,0.0
5.66972,0.000549338,0.0333333,0.0234792,0.0
5.66944,0.000552453,0.0333333,0.0234792,0.0
5.67007,0.000549532,0.0333333,0.0234792,0.0
5.67042,0.000549597,0.0333333,0.0234792,0.0
5.67066,0.000559268,0.0833333,0.0370903,0.0
5.67036,0.000569977,0.0,0.0,0.0
5.67096,0.000529153,0.0666667,0.0333472,0.0
5.67097,0.000547001,0.0,0.0,0.0
5.66969,0.000562383,0.0166667,0.0166736,0.0
5.67078,0.000551609,0.0,0.0,0.0
5.67046,0.000549143,0.0333333,0.0234792,0.0
5.67016,0.000560112,0.0166667,0.0166736,0.0
5.67036,0.000573027,0.0333333,0.0234792,0.0
5.67061,0.000543042,0.0333333,0.0234792,0.0
5.67042,0.000556217,0.05,0.0289236,0.0
5.67087,0.000553232,0.0833333,0.0370903,0.0
5.66974,0.000551739,0.05,0.0289236,0.0
5.67008,0.000550052,0.0333333,0.0234792,0.0
5.66945,0.00055771,0.0166667,0.0166736,0.0
5.66977,0.000543367,0.0333333,0.0234792,0.0
5.67037,0.000546936,0.0166667,0.0166736,0.0
5.67031,0.00053759,0.0166667,0.0166736,0.0
5.66971,0.000541809,0.0,0.0,0.0
5.6697,0.000548169,0.0666667,0.0333472,0.0
5.66961,0.000546028,0.0,0.0,0.0
5.6691,0.000544275,0.1,0.0408333,0.0
5.67012,0.000558813,0.0166667,0.0166736,0.0
5.66949,0.000531295,0.0,0.0,0.0
5.67037,0.00057108,0.133333,0.0469583,0.0
5.6706,0.000567705,0.05,0.0289236,0.0
5.67047,0.000548754,0.0333333,0.0234792,0.0
5.67071,0.000542977,0.05,0.0289236,0.0
5.67039,0.000546352,0.0333333,0.0234792,0.0
5.67045,0.000548494,0.0166667,0.0166736,0.0
5.67019,0.000550116,0.0333333,0.0234792,0.0
5.67041,0.000552193,0.0333333,0.0234792,0.0
5.67085,0.00054791,0.05,0.0289236,0.0
5.6703,0.000534021,0.0,0.0,0.0
5.67057,0.000537071,0.0166667,0.0166736,0.0
5.67029,0.000546093,0.0166667,0.0166736,0.0
5.67048,0.000540381,0.0166667,0.0166736,0.0
5.67099,0.000537006,0.0,0.0,0.0
5.67094,0.000565563,0.0833333,0.0370903,0.0
5.67103,0.000548364,0.0166667,0.0166736,0.0
5.67046,0.000550571,0.0166667,0.0166736,0.0
5.67015,0.000529412,0.0333333,0.0234792,0.0
5.67014,0.000530191,0.0166667,0.0166736,0.0
5.66997,0.000540381,0.0,0.0,0.0
5.66992,0.000547845,0.0166667,0.0166736,0.0
5.67074,0.000540706,0.0,0.0,0.0
5.67051,0.000553881,0.0333333,0.0234792,0.0
5.67032,0.000535254,0.0333333,0.0234792,0.0
5.66946,0.000539537,0.0166667,0.0166736,0.0
5.67002,0.000555049,0.0333333,0.0234792,0.0
5.67063,0.000565563,0.0333333,0.0234792,0.0
5.67027,0.000548948,0.0,0.0,0.0
5.67109,0.00054752,0.0166667,0.0166736,0.0
5.67097,0.000537071,0.0,0.0,0.0
5.66952,0.000534021,0.0166667,0.0166736,0.0
5.66932,0.000540446,0.0166667,0.0166736,0.0
5.67014,0.000559722,0.0166667,0.0166736,0.0
5.66964,0.000567121,0.0333333,0.0234792,0.0
5.66981,0.000540251,0.0,0.0,0.0
5.67021,0.000542004,0.0666667,0.0333472,0.0
5.67055,0.000566537,0.0166667,0.0166736,0.0
5.66999,0.000537266,0.0166667,0.0166736,0.0
5.66999,0.000545249,0.0166667,0.0166736,0.0
5.66978,0.000547715,0.0666667,0.0333472,0.0
5.67036,0.000549273,0.0,0.0,0.0
5.67008,0.000532073,0.0,0.0,0.0
5.66983,0.000534929,0.0166667,0.0166736,0.0
5.6702,0.000539862,0.0166667,0.0166736,0.0
5.67014,0.000538758,0.0333333,0.0234792,0.0
5.67042,0.000547066,0.0333333,0.0234792,0.0
5.67004,0.000554919,0.0166667,0.0166736,0.0
5.6705,0.000540121,0.0166667,0.0166736,0.0
5.67081,0.000553167,0.0,0.0,0.0
5.6708,0.00054791,0.0,0.0,0.0
5.67048,0.000530775,0.0,0.0,0.0
5.6705,0.000525778,0.0,0.0,0.0
5.67013,0.000545703,0.0166667,0.0166736,0.0
5.67098,0.000546677,0.0166667,0.0166736,0.0
5.67027,0.000535968,0.0166667,0.0166736,0.0
5.67017,0.000536746,0.0166667,0.0166736,0.0
5.67023,0.000545314,0.0,0.0,0.0
5.67064,0.000522273,0.0,0.0,0.0
5.66966,0.000543431,0.0,0.0,0.0
5.67029,0.000556607,0.0333333,0.0234792,0.0
5.66982,0.000545963,0.0166667,0.0166736,0.0
5.67046,0.000539278,0.0166667,0.0166736,0.0
5.67041,0.000537136,0.0,0.0,0.0
5.67061,0.000551479,0.0333333,0.0234792,0.0
5.6703,0.000547261,0.0333333,0.0234792,0.0
5.66983,0.000546742,0.0,0.0,0.0
5.67051,0.000536682,0.0166667,0.0166736,0.0
5.67042,0.00055109,0.0,0.0,0.0
5.67016,0.000552648,0.0,0.0,0.0
5.67089,0.000544405,0.05,0.0289236,0.0
5.67096,0.000551739,0.0333333,0.0234792,0.0
5.67045,0.000551804,0.0166667,0.0166736,0.0
5.67054,0.00054129,0.0,0.0,0.0
5.67089,0.000518704,0.0,0.0,0.0
5.66976,0.000536746,0.0,0.0,0.0
5.67082,0.000570171,0.0666667,0.0333472,0.0
5.67092,0.000549597,0.0333333,0.0234792,0.0
5.66998,0.000540965,0.0166667,0.0166736,0.0
5.67007,0.000550376,0.0666667,0.0333472,0.0
5.67136,0.00055797,0.0,0.0,0.0
5.67104,0.000554725,0.0166667,0.0166736,0.0
5.67046,0.000540251,0.0333333,0.0234792,0.0
5.67013,0.000549727,0.0333333,0.0234792,0.0
5.67,0.000536227,0.0,0.0,0.0
5.67069,0.000541484,0.0333333,0.0234792,0.0
5.66996,0.000541549,0.0166667,0.0166736,0.0
5.66935,0.000547001,0.0333333,0.0234792,0.0
5.67011,0.000537266,0.0166667,0.0166736,0.0
5.67035,0.000544989,0.0166667,0.0166736,0.0
5.66991,0.000543951,0.0333333,0.0234792,0.0
5.66982,0.000541614,0.0,0.0,0.0
5.67004,0.000535124,0.0,0.0,0.0
5.67003,0.000548559,0.0166667,0.0166736,0.0
5.66975,0.000546352,0.0166667,0.0166736,0.0
5.66983,0.000542977,0.0166667,0.0166736,0.0
5.67087,0.000563486,0.0333333,0.0234792,0.0
5.67088,0.000550701,0.0166667,0.0166736,0.0
5.67034,0.000530646,0.0,0.0,0.0
5.67011,0.000544989,0.0166667,0.0166736,0.0
5.67069,0.000550376,0.0333333,0.0234792,0.0
5.67077,0.000550701,0.0166667,0.0166736,0.0
5.6697,0.000539278,0.0166667,0.0166736,0.0
5.67035,0.000560112,0.0166667,0.0166736,0.0
5.67127,0.000547196,0.0833333,0.0370903,0.0
5.67043,0.000546547,0.0166667,0.0166736,0.0
5.67027,0.000541484,0.0333333,0.0234792,0.0
5.66952,0.000538823,0.0166667,0.0166736,0.0
5.67005,0.000549987,0.0,0.0,0.0
5.67055,0.000535384,0.0333333,0.0234792,0.0
5.67147,0.000538369,0.05,0.0289236,0.0
5.67056,0.00054421,0.0,0.0,0.0
5.67094,0.000550571,0.05,0.0289236,0.0
5.67038,0.000563551,0.0166667,0.0166736,0.0
5.67024,0.000522078,0.0166667,0.0166736,0.0
5.67069,0.000534735,0.0,0.0,0.0
5.6711,0.000544016,0.0333333,0.0234792,0.0
5.66986,0.000536811,0.0,0.0,0.0
5.67103,0.000538174,0.05,0.0289236,0.0
5.67098,0.000549078,0.0,0.0,0.0
5.67041,0.000548364,0.0333333,0.0234792,0.0
5.67138,0.000539927,0.0166667,0.0166736,0.0
5.67084,0.000534864,0.0166667,0.0166736,0.0
5.67108,0.000541679,0.0333333,0.0234792,0.0
5.66995,0.000546417,0.0166667,0.0166736,0.0
5.66938,0.000556088,0.0166667,0.0166736,0.0
5.67043,0.000546612,0.0333333,0.0234792,0.0
5.67003,0.000553751,0.0,0.0,0.0
5.67028,0.000552648,0.0166667,0.0166736,0.0
5.67011,0.000552064,0.0166667,0.0166736,0.0
5.67055,0.000550766,0.05,0.0289236,0.0
5.67045,0.000540186,0.0333333,0.0234792,0.0
5.67061,0.000551869,0.0166667,0.0166736,0.0
5.6711,0.000551804,0.0,0.0,0.0
5.67065,0.000539408,0.0333333,0.0234792,0.0
5.6713,0.000550571,0.0166667,0.0166736,0.0
5.6706,0.000542393,0.0333333,0.0234792,0.0
5.66997,0.000548559,0.0333333,0.0234792,0.0
5.66954,0.000538239,0.0333333,0.0234792,0.0
5.67008,0.000540706,0.0333333,0.0234792,0.0
5.67018,0.00053467,0.0,0.0,0.0
5.67094,0.000527855,0.0666667,0.0333472,0.0
5.67138,0.000591265,0.0333333,0.0234792,0.0
5.67006,0.000548104,0.0,0.0,0.0
5.67003,0.000545703,0.0,0.0,0.0
5.67114,0.000547391,0.0333333,0.0234792,0.0
5.67031,0.000543561,0.05,0.0289236,0.0
5.67026,0.000532333,0.0,0.0,0.0
5.67042,0.000539408,0.05,0.0289236,0.0
5.66964,0.000555568,0.0333333,0.0234792,0.0
5.66965,0.000532723,0.0,0.0,0.0
5.67067,0.000542458,0.0333333,0.0234792,0.0
5.67021,0.000541809,0.0333333,0.0234792,0.0
5.67076,0.000549013,0.0,0.0,0.0
5.67075,0.000550766,0.0166667,0.0166736,0.0
5.67013,0.000546093,0.0,0.0,0.0
5.67036,0.000552064,0.0166667,0.0166736,0.0
5.67062,0.000532787,0.0166667,0.0166736,0.0
5.67076,0.000541355,0.0,0.0,0.0
5.66994,0.000546352,0.0333333,0.0234792,0.0
5.6705,0.000537266,0.0166667,0.0166736,0.0
5.67034,0.000550766,0.0333333,0.0234792,0.0
5.67018,0.000533436,0.05,0.0289236,0.0
5.67021,0.000538758,0.0,0.0,0.0
5.67103,0.000548689,0.0333333,0.0234792,0.0
5.66947,0.000541744,0.0166667,0.0166736,0.0
5.67034,0.000535254,0.0166667,0.0166736,0.0
5.67107,0.000532658,0.0,0.0,0.0
5.67116,0.000518833,0.0,0.0,0.0
5.67048,0.000531814,0.0166667,0.0166736,0.0
5.67045,0.000537136,0.0333333,0.0234792,0.0
5.67014,0.000539278,0.0,0.0,0.0
5.67021,0.000546742,0.0166667,0.0166736,0.0
5.67033,0.000533047,0.0,0.0,0.0
5.67009,0.000542718,0.05,0.0289236,0.0
5.67019,0.000576272,0.05,0.0289236,0.0
5.67068,0.000568679,0.0333333,0.0234792,0.0
5.67025,0.00053759,0.0333333,0.0234792,0.0
5.67013,0.000550311,0.0166667,0.0166736,0.0
5.67042,0.000561539,0.05,0.0289236,0.0
5.66995,0.000538629,0.0166667,0.0166736,0.0
5.67083,0.000552648,0.0,0.0,0.0
5.6709,0.00054434,0.0,0.0,0.0
5.67164,0.000565174,0.0666667,0.0333472,0.0
5.67146,0.000560825,0.0166667,0.0166736,0.0
5.67203,0.000545703,0.0166667,0.0166736,0.0
5.67104,0.000540511,0.0166667,0.0166736,0.0
5.67037,0.000549532,0.0166667,0.0166736,0.0
5.67047,0.00053467,0.0166667,0.0166736,0.0
5.67054,0.00052779,0.0166667,0.0166736,0.0
5.66967,0.000537201,0.0166667,0.0166736,0.0
5.67072,0.000537785,0.05,0.0289236,0.0
5.67107,0.000537525,0.0166667,0.0166736,0.0
5.67037,0.000549857,0.0166667,0.0166736,0.0
5.66983,0.000535189,0.0,0.0,0.0
5.66963,0.000547715,0.0,0.0,0.0
5.67021,0.000539213,0.0666667,0.0333472,0.0
5.67062,0.000520715,0.0166667,0.0166736,0.0
5.67016,0.000536162,0.0333333,0.0234792,0.0
5.67057,0.000524415,0.0166667,0.0166736,0.0
5.66924,0.00055466,0.0166667,0.0166736,0.0
5.66995,0.00054765,0.0166667,0.0166736,0.0
5.67056,0.000531749,0.0,0.0,0.0
5.67055,0.000538888,0.05,0.0289236,0.0
5.6708,0.000546612,0.0166667,0.0166736,0.0
5.6706,0.000541679,0.0,0.0,0.0
5.67106,0.000532852,0.0166667,0.0166736,0.0
5.67094,0.000546936,0.0333333,0.0234792,0.0
5.67024,0.000531424,0.0166667,0.0166736,0.0
5.67054,0.00054116,0.0166667,0.0166736,0.0
5.67035,0.000545768,0.0166667,0.0166736,0.0
5.66967,0.000540316,0.0333333,0.0234792,0.0
5.67068,0.00054129,0.0333333,0.0234792,0.0
5.67098,0.000552453,0.0,0.0,0.0
5.67124,0.000581529,0.0666667,0.0333472,0.0
5.67164,0.00054116,0.0333333,0.0234792,0.0
5.67076,0.000548754,0.0333333,0.0234792,0.0
5.67133,0.000549727,0.0333333,0.0234792,0.0
5.67098,0.000562448,0.0166667,0.0166736,0.0
5.66997,0.000538758,0.0166667,0.0166736,0.0
5.67101,0.000549987,0.0333333,0.0234792,0.0
5.67077,0.000555698,0.0333333,0.0234792,0.0
5.6703,0.000538434,0.0,0.0,0.0
5.67054,0.000545184,0.0333333,0.0234792,0.0
5.67063,0.000548948,0.0333333,0.0234792,0.0
5.67031,0.000549078,0.05,0.0289236,0.0
5.6699,0.000536162,0.05,0.0289236,0.0
5.67032,0.000535903,0.0166667,0.0166736,0.0
5.67048,0.000543561,0.0,0.0,0.0
5.67086,0.00054791,0.0166667,0.0166736,0.0
5.67008,0.000548948,0.0166667,0.0166736,0.0
5.66978,0.000547391,0.0333333,0.0234792,0.0
5.67035,0.000557905,0.1,0.0408333,0.0
5.67061,0.000543172,0.05,0.0289236,0.0
5.67103,0.00057082,0.0833333,0.0370903,0.0
5.6718,0.000553686,0.0166667,0.0166736,0.0
5.67057,0.000555568,0.0666667,0.0333472,0.0
5.66991,0.0005544,0.0333333,0.0234792,0.0
5.67018,0.000542069,0.0,0.0,0.0
5.66976,0.000537331,0.0,0.0,0.0
5.66941,0.000532009,0.0,0.0,0.0
5.67031,0.000555049,0.0333333,0.0234792,0.0
5.67068,0.000563681,0.0,0.0,0.0
5.66974,0.000539408,0.0,0.0,0.0
5.67027,0.00052435,0.0166667,0.0166736,0.0
5.67044,0.000543626,0.0166667,0.0166736,0.0
5.67069,0.000552193,0.0333333,0.0234792,0.0
5.67105,0.000544405,0.0166667,0.0166736,0.0
5.67028,0.000557126,0.0333333,0.0234792,0.0
5.67033,0.000527985,0.0166667,0.0166736,0.0
5.66988,0.000542069,0.0,0.0,0.0
5.67037,0.000530581,0.0,0.0,0.0
5.67037,0.000540121,0.0333333,0.0234792,0.0
5.6707,0.000544924,0.0166667,0.0166736,0.0
5.67003,0.000538304,0.0,0.0,0.0
5.67017,0.000528699,0.0,0.0,0.0
5.67006,0.000531749,0.0,0.0,0.0
5.67056,0.000547261,0.0166667,0.0166736,0.0
5.67059,0.000543756,0.0166667,0.0166736,0.0
5.67067,0.000551285,0.05,0.0289236,0.0
5.67058,0.000545054,0.0333333,0.0234792,0.0
5.66985,0.000549338,0.0166667,0.0166736,0.0
5.67064,0.000551544,0.0666667,0.0333472,0.0
5.67067,0.000547066,0.0,0.0,0.0
5.66965,0.000537136,0.0166667,0.0166736,0.0
5.67007,0.000530646,0.0166667,0.0166736,0.0
5.6706,0.000550116,0.0666667,0.0333472,0.0
5.67099,0.000556088,0.0166667,0.0166736,0.0
5.67115,0.000533501,0.0,0.0,0.0
5.67116,0.000545638,0.05,0.0289236,0.0
5.67031,0.000528893,0.0,0.0,0.0
5.67053,0.000538239,0.0,0.0,0.0
5.67028,0.000557645,0.0333333,0.0234792,0.0
5.67097,0.000550181,0.0,0.0,0.0
5.67145,0.000543821,0.0166667,0.0166736,0.0
5.67057,0.000534799,0.0,0.0,0.0
5.6699,0.000532138,0.05,0.0289236,0.0
5.67044,0.000531684,0.0166667,0.0166736,0.0
5.67038,0.000550571,0.0166667,0.0166736,0.0
5.67031,0.000550052,0.0333333,0.0234792,0.0
5.67094,0.000542069,0.05,0.0289236,0.0
5.67111,0.000538564,0.0,0.0,0.0
5.67182,0.0005581,0.05,0.0289236,0.0
5.67064,0.000555958,0.0166667,0.0166736,0.0
5.66984,0.000532268,0.0,0.0,0.0
5.67045,0.000547391,0.0166667,0.0166736,0.0
5.67084,0.000545833,0.0166667,0.0166736,0.0
5.67001,0.00054473,0.0,0.0,0.0
5.67073,0.000532982,0.0166667,0.0166736,0.0
5.67038,0.000542198,0.0,0.0,0.0
5.67022,0.000546287,0.05,0.0289236,0.0
5.66979,0.000548169,0.0,0.0,0.0
5.66999,0.000547391,0.05,0.0289236,0.0
5.66999,0.000525843,0.0166667,0.0166736,0.0
5.67015,0.000538369,0.0333333,0.0234792,0.0
5.66999,0.000532982,0.0,0.0,0.0
5.67006,0.000541549,0.0,0.0,0.0
5.67037,0.000544405,0.0166667,0.0166736,0.0
5.66998,0.000542133,0.0166667,0.0166736,0.0
5.67056,0.000531619,0.0,0.0,0.0
5.67076,0.000540576,0.0666667,0.0333472,0.0
5.67067,0.000545314,0.0166667,0.0166736,0.0
5.67022,0.000537136,0.0166667,0.0166736,0.0
5.67134,0.00054447,0.0333333,0.0234792,0.0
5.67081,0.000533047,0.0166667,0.0166736,0.0
5.66958,0.000533826,0.0166667,0.0166736,0.0
5.67015,0.000552388,0.0166667,0.0166736,0.0
5.67138,0.000536941,0.0,0.0,0.0
5.67027,0.000549208,0.0166667,0.0166736,0.0
5.67036,0.000537655,0.0,0.0,0.0
5.67136,0.000544535,0.0,0.0,0.0
5.67065,0.000534215,0.0166667,0.0166736,0.0
5.6701,0.000541679,0.0166667,0.0166736,0.0
5.67026,0.000538564,0.0333333,0.0234792,0.0
5.66991,0.000548559,0.0166667,0.0166736,0.0
5.67061,0.000536811,0.0,0.0,0.0
5.66975,0.000545184,0.0333333,0.0234792,0.0
5.67039,0.000571145,0.0166667,0.0166736,0.0
5.67155,0.000538694,0.0333333,0.0234792,0.0
5.67047,0.000563422,0.0333333,0.0234792,0.0
5.67043,0.000540121,0.0333333,0.0234792,0.0
5.67128,0.000528504,0.05,0.0289236,0.0
5.67048,0.000556801,0.0166667,0.0166736,0.0
5.66982,0.000542782,0.0,0.0,0.0
5.67038,0.000543431,0.0,0.0,0.0
5.67058,0.000545379,0.0333333,0.0234792,0.0
5.6701,0.000552193,0.0166667,0.0166736,0.0
5.67031,0.000542523,0.05,0.0289236,0.0
5.67079,0.000537525,0.0,0.0,0.0
5.67055,0.000543172,0.0166667,0.0166736,0.0
5.66926,0.000547455,0.0166667,0.0166736,0.0
5.67076,0.000545054,0.0166667,0.0166736,0.0
5.67076,0.000512473,0.0333333,0.0234792,0.0
5.67067,0.000561929,0.0333333,0.0333472,0.0
5.67095,0.000555049,0.0,0.0,0.0
5.67063,0.0005409,0.0166667,0.0166736,0.0
5.66986,0.000545768,0.0,0.0,0.0
5.67109,0.000566926,0.05,0.0289236,0.0
5.67032,0.000540186,0.0333333,0.0234792,0.0
5.66964,0.000551869,0.05,0.0289236,0.0
5.66984,0.000544859,0.0,0.0,0.0
5.66971,0.000536876,0.0166667,0.0166736,0.0
5.66973,0.000528699,0.0333333,0.0234792,0.0
5.67032,0.00054447,0.0,0.0,0.0
5.67029,0.000561864,0.05,0.0289236,0.0
5.67035,0.00055122,0.0166667,0.0166736,0.0
5.67055,0.000542004,0.0166667,0.0166736,0.0
5.67031,0.000548883,0.0166667,0.0166736,0.0
5.67003,0.000526102,0.0333333,0.0234792,0.0
5.66987,0.000548948,0.0333333,0.0234792,0.0
5.6698,0.000556023,0.0166667,0.0166736,0.0
5.66957,0.000531879,0.0166667,0.0166736,0.0
5.66926,0.000535059,0.0,0.0,0.0
5.67014,0.000538239,0.0166667,0.0166736,0.0
5.67007,0.000566018,0.0333333,0.0234792,0.0
5.67037,0.000552388,0.0,0.0,0.0
5.67073,0.000555179,0.05,0.0289236,0.0
5.67108,0.000551804,0.0333333,0.0234792,0.0
5.6706,0.000542588,0.0166667,0.0166736,0.0
5.67119,0.00053415,0.0333333,0.0234792,0.0
5.67053,0.0005581,0.0333333,0.0234792,0.0
5.67096,0.000557321,0.0166667,0.0166736,0.0
5.67156,0.000552064,0.0666667,0.0333472,0.0
5.67127,0.000542912,0.0333333,0.0234792,0.0
5.67021,0.000540121,0.0333333,0.0234792,0.0
5.66991,0.000547975,0.0333333,0.0234792,0.0
5.6702,0.000547455,0.05,0.0289236,0.0
5.67,0.00053746,0.0166667,0.0166736,0.0
5.66943,0.000539213,0.0166667,0.0166736,0.0
5.6701,0.000531619,0.0,0.0,0.0
5.67047,0.000535968,0.0166667,0.0166736,0.0
5.67049,0.000538239,0.0333333,0.0234792,0.0
5.67024,0.000529023,0.0,0.0,0.0
5.66929,0.000533501,0.0,0.0,0.0
5.67023,0.000546093,0.0333333,0.0234792,0.0
5.66985,0.000539992,0.0,0.0,0.0
5.67003,0.000548299,0.0166667,0.0166736,0.0
5.66952,0.000540251,0.0,0.0,0.0
5.66913,0.000534345,0.0166667,0.0166736,0.0
5.67041,0.000543886,0.0,0.0,0.0
5.67056,0.000539472,0.0166667,0.0166736,0.0
5.66998,0.000555503,0.0333333,0.0234792,0.0
5.66927,0.000556088,0.0,0.0,0.0
5.66972,0.000541095,0.0166667,0.0166736,0.0
5.67019,0.000544405,0.0333333,0.0234792,0.0
5.67073,0.000524739,0.0,0.0,0.0
5.67031,0.000545379,0.0,0.0,0.0
5.66944,0.000557515,0.0,0.0,0.0
5.67006,0.000537331,0.0166667,0.0166736,0.0
5.67028,0.000548559,0.0166667,0.0166736,0.0
5.67171,0.000535513,0.0,0.0,0.0
5.6702,0.000528504,0.0166667,0.0166736,0.0
5.66974,0.000522987,0.0166667,0.0166736,0.0
5.67081,0.000536617,0.0,0.0,0.0
5.6702,0.000536033,0.0333333,0.0234792,0.0
5.6706,0.000521559,0.0,0.0,0.0
5.67098,0.000540835,0.0,0.0,0.0
5.67,0.000539408,0.0166667,0.0166736,0.0
5.66946,0.000539927,0.0166667,0.0166736,0.0
5.6701,0.000539278,0.0,0.0,0.0
5.67007,0.000535319,0.05,0.0289236,0.0
5.66974,0.000545768,0.0,0.0,0.0
5.66992,0.000542782,0.0,0.0,0.0
5.66935,0.000548818,0.0,0.0,0.0
5.66954,0.000554205,0.0166667,0.0166736,0.0
5.66915,0.000531035,0.0,0.0,0.0
5.6702,0.000540576,0.0333333,0.0234792,0.0
5.67093,0.000535903,0.0333333,0.0234792,0.0
5.67093,0.00053759,0.0,0.0,0.0
5.67026,0.000557515,0.0166667,0.0166736,0.0
5.67045,0.00055096,0.0166667,0.0166736,0.0
5.67094,0.000549143,0.0166667,0.0166736,0.0
5.67075,0.000543496,0.0,0.0,0.0
5.67116,0.000535513,0.0166667,0.0166736,0.0
5.67143,0.000550506,0.0333333,0.0234792,0.0
5.6707,0.000533177,0.0166667,0.0166736,0.0
5.67053,0.000532787,0.0166667,0.0166736,0.0
5.67094,0.000553556,0.0166667,0.0166736,0.0
5.67085,0.000536227,0.0166667,0.0166736,0.0
5.67078,0.000538499,0.0333333,0.0234792,0.0
5.67054,0.000545898,0.0166667,0.0166736,0.0
5.66993,0.000530451,0.0333333,0.0234792,0.0
5.6704,0.000553297,0.0166667,0.0166736,0.0
5.67062,0.000542718,0.0,0.0,0.0
5.66995,0.000554725,0.0,0.0,0.0
5.66947,0.000539602,0.0333333,0.0234792,0.0
5.67016,0.000539992,0.0333333,0.0234792,0.0
5.67033,0.000534994,0.0,0.0,0.0
5.66982,0.000522598,0.0166667,0.0166736,0.0
5.6701,0.000539472,0.0166667,0.0166736,0.0
5.67036,0.000536617,0.0,0.0,0.0
5.67011,0.000538304,0.0333333,0.0234792,0.0
5.6695,0.000538823,0.0333333,0.0234792,0.0
5.67017,0.000548624,0.0166667,0.0166736,0.0
5.67034,0.000540381,0.0166667,0.0166736,0.0
5.66982,0.000553686,0.0166667,0.0166736,0.0
5.67001,0.000551869,0.0166667,0.0166736,0.0
5.66994,0.000545314,0.0333333,0.0234792,0.0
5.67103,0.000543496,0.0166667,0.0166736,0.0
5.66989,0.000537006,0.0,0.0,0.0
5.66934,0.000526881,0.0,0.0,0.0
5.6694,0.00054142,0.05,0.0289236,0.0
5.67001,0.000531749,0.0166667,0.0166736,0.0
5.67016,0.000541874,0.0333333,0.0234792,0.0
5.67046,0.000546157,0.0,0.0,0.0
5.67064,0.000534735,0.0166667,0.0166736,0.0
5.67111,0.000549338,0.0333333,0.0234792,0.0
5.67015,0.000559787,0.0166667,0.0166736,0.0
5.66957,0.000543042,0.0333333,0.0234792,0.0
5.6699,0.000534085,0.0,0.0,0.0
5.6696,0.000553686,0.0333333,0.0234792,0.0
5.66988,0.000557191,0.0333333,0.0234792,0.0
5.67075,0.000550376,0.0333333,0.0234792,0.0
5.67002,0.000536292,0.0166667,0.0166736,0.0
5.66986,0.0005311,0.0,0.0,0.0
5.66963,0.000528893,0.0,0.0,0.0
5.67074,0.000530581,0.0,0.0,0.0
5.67021,0.000533826,0.0,0.0,0.0
5.66936,0.000545119,0.0,0.0,0.0
5.6699,0.000539083,0.0,0.0,0.0
5.66921,0.000532268,0.0166667,0.0166736,0.0
5.66996,0.000553556,0.0333333,0.0234792,0.0
5.6698,0.000550701,0.0166667,0.0166736,0.0
5.67026,0.000547845,0.0333333,0.0234792,0.0
5.66973,0.000538499,0.0,0.0,0.0
5.67052,0.000543367,0.0166667,0.0166736,0.0
5.67044,0.000552193,0.0166667,0.0166736,0.0
5.67127,0.00053785,0.05,0.0289236,0.0
5.67027,0.000533047,0.0333333,0.0234792,0.0
5.67054,0.00055122,0.0166667,0.0166736,0.0
5.67077,0.000533891,0.05,0.0289236,0.0
5.67026,0.000526427,0.0333333,0.0234792,0.0
5.66993,0.000541549,0.0166667,0.0166736,0.0
5.67043,0.000538109,0.0,0.0,0.0
5.66974,0.000550116,0.0333333,0.0234792,0.0
5.67033,0.00054103,0.0166667,0.0166736,0.0
5.67048,0.000545314,0.0166667,0.0166736,0.0
5.66984,0.00054791,0.0,0.0,0.0
5.66955,0.000557645,0.0333333,0.0234792,0.0
5.6702,0.000556866,0.0,0.0,0.0
5.67098,0.000541614,0.0166667,0.0166736,0.0
5.67044,0.00054752,0.0,0.0,0.0
5.66974,0.000539408,0.0166667,0.0166736,0.0
5.67073,0.000566407,0.0833333,0.0370903,0.0
5.67041,0.00055466,0.0,0.0,0.0
5.66961,0.000547066,0.0333333,0.0234792,0.0
5.67082,0.000522338,0.0333333,0.0234792,0.0
5.67051,0.000540576,0.0,0.0,0.0
5.67074,0.00054765,0.0166667,0.0166736,0.0
5.67113,0.000523831,0.0,0.0,0.0
5.66984,0.0,0.0333333,0.0,0.0
5.67137,0.0,0.0166667,0.0,0.0
5.67113,0.0,0.0166667,0.0,0.0
5.66927,0.0,0.0166667,0.0,0.0
5.66942,0.0,0.0166667,0.0,0.0
5.67026,0.0,0.0,0.0,0.0
5.67114,0.0,0.05,0.0,0.0
5.67006,0.0,0.0,0.0,0.0
5.67013,0.0,0.0166667,0.0,0.0
5.67031,0.0,0.0166667,0.0,0.0
5.67051,0.0,0.0166667,0.0,0.0
5.6701,0.0,0.0,0.0,0.0
5.67061,0.0,0.0333333,0.0,0.0
5.6712,0.0,0.0,0.0,0.0
5.67051,0.0,0.05,0.0,0.0
5.66996,0.0,0.0333333,0.0,0.0
5.66979,0.0,0.0166667,0.0,0.0
5.67006,0.0,0.0666667,0.0,0.0
5.66984,0.0,0.0,0.0,0.0
5.66957,0.0,0.0166667,0.0,0.0
5.67028,0.0,0.0,0.0,0.0
5.66948,0.0,0.0,0.0,0.0
5.67007,0.0,0.0,0.0,0.0
5.6701,0.0,0.0166667,0.0,0.0
5.67091,0.0,0.0166667,0.0,0.0
5.67034,0.0,0.0,0.0,0.0
5.66962,0.0,0.0333333,0.0,0.0
5.67035,0.0,0.0333333,0.0,0.0
5.66994,0.0,0.0333333,0.0,0.0
5.66987,0.0,0.0,0.0,0.0
5.67097,0.0,0.0333333,0.0,0.0
5.67058,0.0,0.0166667,0.0,0.0
5.67034,0.0,0.0166667,0.0,0.0
5.67092,0.0,0.0166667,0.0,0.0
5.67055,0.0,0.0166667,0.0,0.0
5.67041,0.0,0.0333333,0.0,0.0
5.67055,0.0,0.0,0.0,0.0
5.67069,0.0,0.0,0.0,0.0
5.67099,0.0,0.0,0.0,0.0
5.67044,0.0,0.0166667,0.0,0.0
5.67018,0.0,0.0166667,0.0,0.0
5.67022,0.0,0.0166667,0.0,0.0
5.67045,0.0,0.0333333,0.0,0.0
5.66962,0.0,0.0,0.0,0.0
5.66919,0.0,0.0,0.0,0.0
5.66923,0.0,0.0,0.0,0.0
5.67063,0.0,0.0,0.0,0.0
5.6713,0.0,0.0,0.0,0.0
5.67186,0.0,0.0333333,0.0,0.0
5.67121,0.0,0.0166667,0.0,0.0
5.67011,0.0,0.0,0.0,0.0
5.67003,0.0,0.0166667,0.0,0.0
5.67028,0.0,0.0166667,0.0,0.0
5.67041,0.0,0.0,0.0,0.0
5.67018,0.0,0.0,0.0,0.0
5.67011,0.0,0.05,0.0,0.0
5.66965,0.0,0.0166667,0.0,0.0
5.66979,0.0,0.0166667,0.0,0.0
5.66995,0.0,0.0333333,0.0,0.0
5.67055,0.0,0.0166667,0.0,0.0
5.6706,0.0,0.0,0.0,0.0
5.66962,0.0,0.0,0.0,0.0
5.6697,0.0,0.0,0.0,0.0
5.67073,0.0,0.0166667,0.0,0.0
5.6701,0.0,0.0166667,0.0,0.0
5.67048,0.0,0.0166667,0.0,0.0
5.67139,0.0,0.0166667,0.0,0.0
5.67149,0.0,0.0166667,0.0,0.0
5.67124,0.0,0.0166667,0.0,0.0
5.66986,0.0,0.0166667,0.0,0.0
5.67088,0.0,0.0166667,0.0,0.0
5.66994,0.0,0.0,0.0,0.0
5.66963,0.0,0.0166667,0.0,0.0
5.67125,0.0,0.0166667,0.0,0.0
5.67058,0.0,0.0333333,0.0,0.0
5.67056,0.0,0.0166667,0.0,0.0
5.66963,0.0,0.0,0.0,0.0
5.66969,0.0,0.0166667,0.0,0.0
5.66951,0.0,0.0,0.0,0.0
5.66978,0.0,0.0333333,0.0,0.0
5.66982,0.0,0.0,0.0,0.0
5.6699,0.0,0.0333333,0.0,0.0
5.66953,0.0,0.0166667,0.0,0.0
5.66912,0.0,0.0166667,0.0,0.0
5.66994,0.0,0.0,0.0,0.0
5.67085,0.0,0.0333333,0.0,0.0
5.67091,0.0,0.0,0.0,0.0
5.67069,0.0,0.0,0.0,0.0
5.66951,0.0,0.05,0.0,0.0
5.66961,0.0,0.0,0.0,0.0
5.66928,0.0,0.0166667,0.0,0.0
5.66903,0.0,0.0166667,0.0,0.0
5.66994,0.0,0.0166667,0.0,0.0
5.67075,0.0,0.0166667,0.0,0.0
5.67059,0.0,0.0,0.0,0.0
5.67077,0.0,0.0333333,0.0,0.0
5.67,0.0,0.0,0.0,0.0
5.67119,0.0,0.0333333,0.0,0.0
5.67054,0.0,0.0,0.0,0.0
5.67031,0.0,0.05,0.0,0.0
5.66973,0.0,0.0333333,0.0,0.0
5.66912,0.0,0.0333333,0.0,0.0
5.66926,0.0,0.0166667,0.0,0.0
5.66997,0.0,0.05,0.0,0.0
5.6703,0.0,0.0166667,0.0,0.0
5.67046,0.0,0.0166667,0.0,0.0
5.67012,0.0,0.0333333,0.0,0.0
5.67006,0.0,0.0,0.0,0.0
5.67,0.0,0.0,0.0,0.0
5.67007,0.0,0.0,0.0,0.0
5.67007,0.0,0.0166667,0.0,0.0
5.6707,0.0,0.05,0.0,0.0
5.67027,0.0,0.0166667,0.0,0.0
5.67108,0.0,0.05,0.0,0.0
5.66949,0.0,0.0166667,0.0,0.0
5.66898,0.0,0.0,0.0,0.0
5.6702,0.0,0.0,0.0,0.0
5.66995,0.0,0.0,0.0,0.0
5.67035,0.0,0.0,0.0,0.0
5.67108,0.0,0.0166667,0.0,0.0
5.67117,0.0,0.0166667,0.0,0.0
5.67068,0.0,0.0333333,0.0,0.0
5.67006,0.0,0.0166667,0.0,0.0
5.6702,0.0,0.0166667,0.0,0.0
5.67037,0.0,0.0,0.0,0.0
5.67038,0.0,0.05,0.0,0.0
5.67025,0.0,0.0,0.0,0.0
5.66997,0.0,0.0,0.0,0.0
5.67064,0.0,0.0333333,0.0,0.0
5.67089,0.0,0.05,0.0,0.0
5.66992,0.0,0.0,0.0,0.0
5.67036,0.0,0.0333333,0.0,0.0
5.67075,0.0,0.0,0.0,0.0
5.67035,0.0,0.0,0.0,0.0
5.67055,0.0,0.0,0.0,0.0
5.66964,0.0,0.0166667,0.0,0.0
5.67015,0.0,0.0333333,0.0,0.0
5.67076,0.0,0.0333333,0.0,0.0
5.67021,0.0,0.0166667,0.0,0.0
5.67054,0.0,0.0,0.0,0.0
5.67099,0.0,0.0,0.0,0.0
5.67007,0.0,0.05,0.0,0.0
5.67029,0.0,0.0333333,0.0,0.0
5.6702,0.0,0.0,0.0,0.0
5.67031,0.0,0.0666667,0.0,0.0
5.67037,0.0,0.0,0.0,0.0
5.66971,0.0,0.0,0.0,0.0
5.66983,0.0,0.0,0.0,0.0
5.66935,0.0,0.0,0.0,0.0
5.66986,0.0,0.0166667,0.0,0.0
5.67005,0.0,0.0333333,0.0,0.0
5.66973,0.0,0.0166667,0.0,0.0
5.67035,0.0,0.05,0.0,0.0
5.67022,0.0,0.0,0.0,0.0
5.67006,0.0,0.0166667,0.0,0.0
5.6702,0.0,0.0,0.0,0.0
5.67076,0.0,0.0166667,0.0,0.0
5.67061,0.0,0.05,0.0,0.0
5.67025,0.0,0.0,0.0,0.0
5.67032,0.0,0.05,0.0,0.0
5.67034,0.0,0.0166667,0.0,0.0
5.66947,0.0,0.0,0.0,0.0
5.67003,0.0,0.0166667,0.0,0.0
5.66978,0.0,0.0166667,0.0,0.0
5.66962,0.0,0.0666667,0.0,0.0
5.66997,0.0,0.0333333,0.0,0.0
5.6705,0.0,0.0166667,0.0,0.0
5.67008,0.0,0.0666667,0.0,0.0
5.66951,0.0,0.0333333,0.0,0.0
5.66998,0.0,0.0,0.0,0.0
5.67106,0.0,0.0333333,0.0,0.0
5.67082,0.0,0.0,0.0,0.0
5.67009,0.0,0.0666667,0.0,0.0
5.67019,0.0,0.0166667,0.0,0.0
5.66935,0.0,0.0,0.0,0.0
5.6696,0.0,0.0333333,0.0,0.0
5.66974,0.0,0.0166667,0.0,0.0
5.67005,0.0,0.0166667,0.0,0.0
5.66982,0.0,0.05,0.0,0.0
5.6699,0.0,0.0166667,0.0,0.0
5.67053,0.0,0.0166667,0.0,0.0
5.67017,0.0,0.0,0.0,0.0
5.67021,0.0,0.0166667,0.0,0.0
5.67047,0.0,0.0166667,0.0,0.0
5.6705,0.0,0.0166667,0.0,0.0
5.66973,0.0,0.0,0.0,0.0
5.66985,0.0,0.0333333,0.0,0.0
5.66863,0.0,0.05,0.0,0.0
5.66877,0.0,0.0333333,0.0,0.0
5.66962,0.0,0.0,0.0,0.0
5.66891,0.0,0.0333333,0.0,0.0
5.67032,0.0,0.0,0.0,0.0
5.67077,0.0,0.0,0.0,0.0
5.66958,0.0,0.0166667,0.0,0.0
5.67029,0.0,0.0333333,0.0,0.0
5.67057,0.0,0.0166667,0.0,0.0
5.66984,0.0,0.0333333,0.0,0.0
5.66966,0.0,0.0,0.0,0.0
5.6703,0.0,0.0166667,0.0,0.0
5.67024,0.0,0.0166667,0.0,0.0
5.66911,0.0,0.0,0.0,0.0
5.66937,0.0,0.0,0.0,0.0
5.67061,0.0,0.0,0.0,0.0
5.66987,0.0,0.0,0.0,0.0
5.67001,0.0,0.0,0.0,0.0
5.67049,0.0,0.0,0.0,0.0
5.67028,0.0,0.0166667,0.0,0.0
5.66934,0.0,0.0166667,0.0,0.0
5.66953,0.0,0.0,0.0,0.0
5.66966,0.0,0.0,0.0,0.0
5.67018,0.0,0.0,0.0,0.0
5.67065,0.0,0.0,0.0,0.0
5.66992,0.0,0.0166667,0.0,0.0
5.67088,0.0,0.0333333,0.0,0.0
5.67109,0.0,0.0166667,0.0,0.0
5.66982,0.0,0.0166667,0.0,0.0
5.6704,0.0,0.0333333,0.0,0.0
5.67036,0.0,0.0,0.0,0.0
5.66975,0.0,0.0333333,0.0,0.0
5.67004,0.0,0.0,0.0,0.0
5.67028,0.0,0.0166667,0.0,0.0
5.67006,0.0,0.0,0.0,0.0
5.66875,0.0,0.0,0.0,0.0
5.6701,0.0,0.0,0.0,0.0
5.67063,0.0,0.0166667,0.0,0.0
5.67024,0.0,0.0333333,0.0,0.0
5.66997,0.0,0.0,0.0,0.0
5.66979,0.0,0.05,0.0,0.0
5.67025,0.0,0.0,0.0,0.0
5.67129,0.0,0.05,0.0,0.0
5.67065,0.0,0.0,0.0,0.0
5.66952,0.0,0.0,0.0,0.0
5.67016,0.0,0.0166667,0.0,0.0
5.66998,0.0,0.0166667,0.0,0.0
5.67053,0.0,0.0333333,0.0,0.0
5.67044,0.0,0.0166667,0.0,0.0
5.67047,0.0,0.0666667,0.0,0.0
5.67014,0.0,0.0166667,0.0,0.0
5.66942,0.0,0.0,0.0,0.0
5.66945,0.0,0.0,0.0,0.0
5.67053,0.0,0.05,0.0,0.0
5.67073,0.0,0.0333333,0.0,0.0
5.67118,0.0,0.05,0.0,0.0
5.67136,0.0,0.0166667,0.0,0.0
5.67078,0.0,0.0166667,0.0,0.0
5.67019,0.0,0.0166667,0.0,0.0
5.67071,0.0,0.0,0.0,0.0
5.67007,0.0,0.0166667,0.0,0.0
5.66984,0.0,0.0,0.0,0.0
5.67007,0.0,0.0,0.0,0.0
5.67019,0.0,0.0166667,0.0,0.0
5.67015,0.0,0.0,0.0,0.0
5.66958,0.0,0.0333333,0.0,0.0
5.66987,0.0,0.0,0.0,0.0
5.67,0.0,0.0166667,0.0,0.0
5.67041,0.0,0.0166667,0.0,0.0
5.67004,0.0,0.0,0.0,0.0
5.67024,0.0,0.0166667,0.0,0.0
5.66993,0.0,0.0,0.0,0.0
5.66859,0.0,0.0166667,0.0,0.0
5.6701,0.0,0.0,0.0,0.0
5.66979,0.0,0.0,0.0,0.0
5.66943,0.0,0.0166667,0.0,0.0
5.67019,0.0,0.0,0.0,0.0
5.67045,0.0,0.0,0.0,0.0
5.67048,0.0,0.0333333,0.0,0.0
5.6701,0.0,0.0166667,0.0,0.0
5.66957,0.0,0.0333333,0.0,0.0
5.67062,0.0,0.0333333,0.0,0.0
5.67133,0.0,0.0,0.0,0.0
5.67019,0.0,0.05,0.0,0.0
5.67091,0.0,0.0,0.0,0.0
5.67042,0.0,0.0166667,0.0,0.0
5.67044,0.0,0.0,0.0,0.0
5.67042,0.0,0.0166667,0.0,0.0
5.67035,0.0,0.0166667,0.0,0.0
5.6696,0.0,0.0,0.0,0.0
5.66996,0.0,0.0166667,0.0,0.0
5.66966,0.0,0.0166667,0.0,0.0
5.67074,0.0,0.0166667,0.0,0.0
5.67067,0.0,0.0333333,0.0,0.0
5.66953,0.0,0.0,0.0,0.0
5.66911,0.0,0.0166667,0.0,0.0
5.67087,0.0,0.0,0.0,0.0
5.66966,0.0,0.0,0.0,0.0
5.66951,0.0,0.0,0.0,0.0
5.66982,0.0,0.0,0.0,0.0
5.67056,0.0,0.0166667,0.0,0.0
5.67014,0.0,0.0,0.0,0.0
5.67013,0.0,0.0166667,0.0,0.0
5.67023,0.0,0.0,0.0,0.0
5.67034,0.0,0.0166667,0.0,0.0
5.67029,0.0,0.05,0.0,0.0
5.67183,0.0,0.0166667,0.0,0.0
5.67026,0.0,0.0,0.0,0.0
5.66984,0.0,0.0166667,0.0,0.0
5.67035,0.0,0.0333333,0.0,0.0
5.67004,0.0,0.05,0.0,0.0
5.67078,0.0,0.0333333,0.0,0.0
5.66965,0.0,0.0166667,0.0,0.0
5.6697,0.0,0.0,0.0,0.0
5.67032,0.0,0.0,0.0,0.0
5.67046,0.0,0.0333333,0.0,0.0
5.66939,0.0,0.0,0.0,0.0
5.67006,0.0,0.0,0.0,0.0
5.6707,0.0,0.0,0.0,0.0
5.67022,0.0,0.0166667,0.0,0.0
5.67041,0.0,0.0166667,0.0,0.0
5.67052,0.0,0.0166667,0.0,0.0
5.67073,0.0,0.0166667,0.0,0.0
5.67039,0.0,0.0,0.0,0.0
5.67067,0.0,0.0,0.0,0.0
5.6703,0.0,0.0,0.0,0.0
5.67038,0.0,0.0333333,0.0,0.0
5.67005,0.0,0.0,0.0,0.0
5.66978,0.0,0.0,0.0,0.0
5.6703,0.0,0.0166667,0.0,0.0
5.67107,0.0,0.0,0.0,0.0
5.67083,0.0,0.0166667,0.0,0.0
5.67052,0.0,0.0333333,0.0,0.0
5.67022,0.0,0.0166667,0.0,0.0
5.67074,0.0,0.0166667,0.0,0.0
5.66975,0.0,0.0166667,0.0,0.0
5.6697,0.0,0.0333333,0.0,0.0
5.67042,0.0,0.0,0.0,0.0
5.66972,0.0,0.0166667,0.0,0.0
5.66982,0.0,0.0166667,0.0,0.0
5.67035,0.0,0.0166667,0.0,0.0
5.67102,0.0,0.05,0.0,0.0
5.67167,0.0,0.0333333,0.0,0.0
5.67,0.0,0.0,0.0,0.0
5.67012,0.0,0.0166667,0.0,0.0
5.67027,0.0,0.0,0.0,0.0
5.67,0.0,0.0333333,0.0,0.0
5.671,0.0,0.0333333,0.0,0.0
5.67058,0.0,0.0333333,0.0,0.0
5.66972,0.0,0.0,0.0,0.0
5.66999,0.0,0.0,0.0,0.0
5.6697,0.0,0.0,0.0,0.0
5.66995,0.0,0.0,0.0,0.0
5.66953,0.0,0.0,0.0,0.0
5.67059,0.0,0.0,0.0,0.0
5.67012,0.0,0.0166667,0.0,0.0
5.66998,0.0,0.05,0.0,0.0
5.67033,0.0,0.0166667,0.0,0.0
5.67031,0.0,0.0166667,0.0,0.0
5.67065,0.0,0.0166667,0.0,0.0
5.67018,0.0,0.0,0.0,0.0
5.66967,0.0,0.0166667,0.0,0.0
5.66949,0.0,0.0166667,0.0,0.0
5.6706,0.0,0.05,0.0,0.0
5.67048,0.0,0.0,0.0,0.0
5.67075,0.0,0.05,0.0,0.0
5.67057,0.0,0.0166667,0.0,0.0
5.66962,0.0,0.0,0.0,0.0
5.66943,0.0,0.0,0.0,0.0
5.67012,0.0,0.0166667,0.0,0.0
5.6703,0.0,0.0166667,0.0,0.0
5.66972,0.0,0.0,0.0,0.0
5.66961,0.0,0.0166667,0.0,0.0
5.67022,0.0,0.0,0.0,0.0
5.67137,0.0,0.0166667,0.0,0.0
5.67063,0.0,0.0333333,0.0,0.0
5.66978,0.0,0.0,0.0,0.0
5.66982,0.0,0.0,0.0,0.0
5.66996,0.0,0.0166667,0.0,0.0
5.67044,0.0,0.0166667,0.0,0.0
5.67094,0.0,0.0,0.0,0.0
5.67033,0.0,0.0166667,0.0,0.0
5.66996,0.0,0.0333333,0.0,0.0
5.67114,0.0,0.0166667,0.0,0.0
5.67075,0.0,0.0333333,0.0,0.0
5.67006,0.0,0.0333333,0.0,0.0
5.66977,0.0,0.0,0.0,0.0
5.67011,0.0,0.0,0.0,0.0
5.67031,0.0,0.0,0.0,0.0
5.6702,0.0,0.0,0.0,0.0
5.67087,0.0,0.0166667,0.0,0.0
5.66974,0.0,0.0,0.0,0.0
5.66995,0.0,0.0,0.0,0.0
5.67074,0.0,0.0,0.0,0.0
5.67026,0.0,0.0333333,0.0,0.0
5.67066,0.0,0.0,0.0,0.0
5.66999,0.0,0.0166667,0.0,0.0
5.67032,0.0,0.05,0.0,0.0
5.66994,0.0,0.0,0.0,0.0
5.67014,0.0,0.0,0.0,0.0
5.67076,0.0,0.0,0.0,0.0
5.6699,0.0,0.0166667,0.0,0.0
5.66952,0.0,0.0,0.0,0.0
5.67001,0.0,0.0333333,0.0,0.0
5.67065,0.0,0.0333333,0.0,0.0
5.6702,0.0,0.0,0.0,0.0
5.66879,0.0,0.0,0.0,0.0
5.66934,0.0,0.0,0.0,0.0
5.67007,0.0,0.0166667,0.0,0.0
5.6698,0.0,0.0,0.0,0.0
5.66999,0.0,0.0,0.0,0.0
5.66974,0.0,0.0,0.0,0.0
5.67038,0.0,0.0166667,0.0,0.0
5.67004,0.0,0.0166667,0.0,0.0
5.6707,0.0,0.0166667,0.0,0.0
5.67039,0.0,0.0,0.0,0.0
5.67037,0.0,0.0,0.0,0.0
5.67065,0.0,0.0,0.0,0.0
5.67091,0.0,0.0166667,0.0,0.0
5.67084,0.0,0.0,0.0,0.0
5.6706,0.0,0.0,0.0,0.0
5.67059,0.0,0.0166667,0.0,0.0
5.6708,0.0,0.0333333,0.0,0.0
5.67007,0.0,0.0,0.0,0.0
5.67054,0.0,0.0333333,0.0,0.0
5.67065,0.0,0.0166667,0.0,0.0
5.67024,0.0,0.0333333,0.0,0.0
5.6702,0.0,0.0,0.0,0.0
5.67036,0.0,0.0333333,0.0,0.0
5.67024,0.0,0.0166667,0.0,0.0
5.66974,0.0,0.0166667,0.0,0.0
5.66907,0.0,0.0333333,0.0,0.0
5.66973,0.0,0.0166667,0.0,0.0
5.67028,0.0,0.0,0.0,0.0
5.66987,0.0,0.0166667,0.0,0.0
5.67012,0.0,0.0,0.0,0.0
5.67092,0.0,0.0,0.0,0.0
5.67041,0.0,0.0166667,0.0,0.0
5.66916,0.0,0.0,0.0,0.0
5.66964,0.0,0.0,0.0,0.0
5.66974,0.0,0.0166667,0.0,0.0
5.66965,0.0,0.0166667,0.0,0.0
5.66969,0.0,0.0,0.0,0.0
5.66974,0.0,0.0,0.0,0.0
5.66966,0.0,0.0166667,0.0,0.0
5.6702,0.0,0.0166667,0.0,0.0
5.67005,0.0,0.0,0.0,0.0
5.66915,0.0,0.0166667,0.0,0.0
5.67032,0.0,0.0333333,0.0,0.0
5.67026,0.0,0.0,0.0,0.0
5.6693,0.0,0.0,0.0,0.0
5.66997,0.0,0.0166667,0.0,0.0
5.6708,0.0,0.0666667,0.0,0.0
5.67008,0.0,0.0166667,0.0,0.0
5.67059,0.0,0.0,0.0,0.0
5.67012,0.0,0.0166667,0.0,0.0
5.67011,0.0,0.05,0.0,0.0
5.67011,0.0,0.0166667,0.0,0.0
5.67054,0.0,0.05,0.0,0.0
5.6706,0.0,0.0166667,0.0,0.0
5.67022,0.0,0.0166667,0.0,0.0
5.66957,0.0,0.05,0.0,0.0
5.67036,0.0,0.0,0.0,0.0
5.67049,0.0,0.0,0.0,0.0
5.6697,0.0,0.0333333,0.0,0.0
5.66977,0.0,0.0,0.0,0.0
5.669,0.0,0.0166667,0.0,0.0
5.66897,0.0,0.0166667,0.0,0.0
5.66949,0.0,0.0,0.0,0.0
5.66956,0.0,0.0333333,0.0,0.0
5.66929,0.0,0.0,0.0,0.0
5.66961,0.0,0.0166667,0.0,0.0
5.6708,0.0,0.0,0.0,0.0
5.66974,0.0,0.0166667,0.0,0.0
5.66876,0.0,0.0166667,0.0,0.0
5.66942,0.0,0.0166667,0.0,0.0
5.66982,0.0,0.0,0.0,0.0
5.6694,0.0,0.0,0.0,0.0
5.67017,0.0,0.0,0.0,0.0
5.67022,0.0,0.0,0.0,0.0
5.66993,0.0,0.0166667,0.0,0.0
5.66945,0.0,0.0166667,0.0,0.0
5.67028,0.0,0.0,0.0,0.0
5.67136,0.0,0.0166667,0.0,0.0
5.67079,0.0,0.05,0.0,0.0
5.67041,0.0,0.0166667,0.0,0.0
5.67117,0.0,0.0166667,0.0,0.0
5.67099,0.0,0.0,0.0,0.0
5.67011,0.0,0.0333333,0.0,0.0
5.67025,0.0,0.0,0.0,0.0
5.67033,0.0,0.0333333,0.0,0.0
5.67007,0.0,0.0,0.0,0.0
5.67109,0.0,0.0,0.0,0.0
5.67059,0.0,0.0,0.0,0.0
5.67015,0.0,0.0333333,0.0,0.0
5.67015,0.0,0.0,0.0,0.0
5.66962,0.0,0.0,0.0,0.0
5.67011,0.0,0.0166667,0.0,0.0
5.6702,0.0,0.0333333,0.0,0.0
5.66919,0.0,0.0166667,0.0,0.0
5.67016,0.0,0.0,0.0,0.0
5.66973,0.0,0.0,0.0,0.0
5.67025,0.0,0.0,0.0,0.0
5.67066,0.0,0.0166667,0.0,0.0
5.66993,0.0,0.0166667,0.0,0.0
5.67055,0.0,0.0166667,0.0,0.0
5.67053,0.0,0.0,0.0,0.0
5.67021,0.0,0.0166667,0.0,0.0
5.66959,0.0,0.0,0.0,0.0
5.67108,0.0,0.0666667,0.0,0.0
5.67107,0.0,0.0166667,0.0,0.0
5.67005,0.0,0.0,0.0,0.0
5.67007,0.0,0.0166667,0.0,0.0
5.66985,0.0,0.0,0.0,0.0
5.67012,0.0,0.0166667,0.0,0.0
5.67008,0.0,0.0,0.0,0.0
5.66975,0.0,0.0,0.0,0.0
5.67073,0.0,0.0,0.0,0.0
5.67106,0.0,0.0166667,0.0,0.0
5.66998,0.0,0.0,0.0,0.0
5.67009,0.0,0.0,0.0,0.0
5.67007,0.0,0.0,0.0,0.0
5.66897,0.0,0.0,0.0,0.0
5.67007,0.0,0.0166667,0.0,0.0
5.6701,0.0,0.0,0.0,0.0
5.67013,0.0,0.0333333,0.0,0.0
5.67,0.0,0.0333333,0.0,0.0
5.67013,0.0,0.0166667,0.0,0.0
5.67045,0.0,0.0666667,0.0,0.0
5.67096,0.0,0.0,0.0,0.0
5.67045,0.0,0.0,0.0,0.0
5.66991,0.0,0.0166667,0.0,0.0
5.67012,0.0,0.0333333,0.0,0.0
5.67051,0.0,0.0166667,0.0,0.0
5.67078,0.0,0.0,0.0,0.0
5.67089,0.0,0.0,0.0,0.0
5.67046,0.0,0.0,0.0,0.0
5.66964,0.0,0.0,0.0,0.0
5.67054,0.0,0.0333333,0.0,0.0
5.67019,0.0,0.0166667,0.0,0.0
5.67002,0.0,0.0166667,0.0,0.0
5.67024,0.0,0.05,0.0,0.0
5.67063,0.0,0.0166667,0.0,0.0
5.66934,0.0,0.0,0.0,0.0
5.66946,0.0,0.0166667,0.0,0.0
5.6699,0.0,0.0,0.0,0.0
5.67015,0.0,0.0,0.0,0.0
5.6698,0.0,0.0,0.0,0.0
5.6708,0.0,0.0166667,0.0,0.0
5.66997,0.0,0.0166667,0.0,0.0
5.67012,0.0,0.0166667,0.0,0.0
5.67091,0.0,0.0,0.0,0.0
5.67026,0.0,0.0166667,0.0,0.0
5.67066,0.0,0.0,0.0,0.0
5.67007,0.0,0.0166667,0.0,0.0
5.66915,0.0,0.0166667,0.0,0.0
5.6699,0.0,0.0,0.0,0.0
5.67,0.0,0.0333333,0.0,0.0
5.67005,0.0,0.0166667,0.0,0.0
5.67053,0.0,0.0,0.0,0.0
5.66997,0.0,0.0333333,0.0,0.0
5.67009,0.0,0.0333333,0.0,0.0
5.66999,0.0,0.0166667,0.0,0.0
5.66918,0.0,0.0166667,0.0,0.0
5.66961,0.0,0.0333333,0.0,0.0
5.66977,0.0,0.0,0.0,0.0
5.6698,0.0,0.0,0.0,0.0
5.67026,0.0,0.0,0.0,0.0
5.6691,0.0,0.05,0.0,0.0
5.66916,0.0,0.0,0.0,0.0
5.67049,0.0,0.0166667,0.0,0.0
5.67045,0.0,0.0,0.0,0.0
5.67054,0.0,0.0333333,0.0,0.0
5.67051,0.0,0.0,0.0,0.0
5.66942,0.0,0.0166667,0.0,0.0
5.66935,0.0,0.0166667,0.0,0.0
5.67025,0.0,0.0,0.0,0.0
5.67018,0.0,0.0,0.0,0.0
5.66951,0.0,0.0166667,0.0,0.0
5.6704,0.0,0.0,0.0,0.0
5.66987,0.0,0.0,0.0,0.0
5.66943,0.0,0.0166667,0.0,0.0
5.67003,0.0,0.0166667,0.0,0.0
5.6709,0.0,0.0,0.0,0.0
5.66999,0.0,0.0,0.0,0.0
5.67001,0.0,0.0166667,0.0,0.0
5.66988,0.0,0.0,0.0,0.0
5.66938,0.0,0.0333333,0.0,0.0
5.67049,0.0,0.0166667,0.0,0.0
5.66997,0.0,0.0,0.0,0.0
5.66966,0.0,0.0166667,0.0,0.0
5.67047,0.0,0.05,0.0,0.0
5.67083,0.0,0.0166667,0.0,0.0
5.67074,0.0,0.0,0.0,0.0
5.67067,0.0,0.0166667,0.0,0.0
5.67007,0.0,0.0,0.0,0.0
5.66993,0.0,0.0,0.0,0.0
5.66871,0.0,0.0,0.0,0.0
5.67041,0.0,0.0333333,0.0,0.0
5.67107,0.0,0.0166667,0.0,0.0
5.66953,0.0,0.0,0.0,0.0
5.66941,0.0,0.0166667,0.0,0.0
5.66957,0.0,0.0,0.0,0.0
5.6682,0.0,0.0333333,0.0,0.0
5.66931,0.0,0.0166667,0.0,0.0
5.67005,0.0,0.0333333,0.0,0.0
5.67002,0.0,0.0,0.0,0.0
5.66952,0.0,0.0,0.0,0.0
5.66999,0.0,0.0166667,0.0,0.0
5.67054,0.0,0.0166667,0.0,0.0
5.6702,0.0,0.0166667,0.0,0.0
5.66997,0.0,0.0,0.0,0.0
5.67054,0.0,0.0333333,0.0,0.0
5.67097,0.0,0.0333333,0.0,0.0
5.67013,0.0,0.0333333,0.0,0.0
5.66993,0.0,0.0,0.0,0.0
5.66966,0.0,0.05,0.0,0.0
5.67081,0.0,0.0166667,0.0,0.0
5.67098,0.0,0.0,0.0,0.0
5.66994,0.0,0.0333333,0.0,0.0
5.66999,0.0,0.0,0.0,0.0
5.66932,0.0,0.0,0.0,0.0
5.66993,0.0,0.0166667,0.0,0.0
5.67073,0.0,0.0,0.0,0.0
5.67021,0.0,0.0166667,0.0,0.0
5.67015,0.0,0.0166667,0.0,0.0
5.67002,0.0,0.0,0.0,0.0
5.67029,0.0,0.0,0.0,0.0
5.67067,0.0,0.0333333,0.0,0.0
5.6705,0.0,0.05,0.0,0.0
5.67055,0.0,0.0,0.0,0.0
5.67046,0.0,0.0,0.0,0.0
5.66985,0.0,0.0333333,0.0,0.0
5.66978,0.0,0.0,0.0,0.0
5.66991,0.0,0.0333333,0.0,0.0
5.66982,0.0,0.0,0.0,0.0
5.67,0.0,0.0166667,0.0,0.0
5.6692,0.0,0.0166667,0.0,0.0
5.66911,0.0,0.0166667,0.0,0.0
5.66958,0.0,0.0166667,0.0,0.0
5.66997,0.0,0.0333333,0.0,0.0
5.67014,0.0,0.0,0.0,0.0
5.66983,0.0,0.0,0.0,0.0
5.66975,0.0,0.0,0.0,0.0
5.66894,0.0,0.0333333,0.0,0.0
5.66965,0.0,0.0,0.0,0.0
5.67062,0.0,0.0166667,0.0,0.0
5.66983,0.0,0.0166667,0.0,0.0
5.67026,0.0,0.0,0.0,0.0
5.67072,0.0,0.0333333,0.0,0.0
5.66938,0.0,0.0,0.0,0.0
5.66992,0.0,0.0,0.0,0.0
5.67099,0.0,0.0,0.0,0.0
5.66992,0.0,0.0166667,0.0,0.0
5.67002,0.0,0.0,0.0,0.0
5.6702,0.0,0.0333333,0.0,0.0
5.66981,0.0,0.0,0.0,0.0
5.67029,0.0,0.0,0.0,0.0
5.67042,0.0,0.0333333,0.0,0.0
5.67123,0.0,0.0,0.0,0.0
5.67036,0.0,0.0166667,0.0,0.0
5.66986,0.0,0.0166667,0.0,0.0
5.67067,0.0,0.0,0.0,0.0
5.66974,0.0,0.0,0.0,0.0
5.6694,0.0,0.0333333,0.0,0.0
5.66981,0.0,0.0166667,0.0,0.0
5.66962,0.0,0.0,0.0,0.0
5.66928,0.0,0.0,0.0,0.0
5.67027,0.0,0.0166667,0.0,0.0
5.67042,0.0,0.0,0.0,0.0
5.67044,0.0,0.0,0.0,0.0
5.66963,0.0,0.0166667,0.0,0.0
5.67034,0.0,0.0,0.0,0.0
5.67003,0.0,0.0333333,0.0,0.0
5.66984,0.0,0.0166667,0.0,0.0
5.66972,0.0,0.0166667,0.0,0.0
5.67036,0.0,0.0,0.0,0.0
5.67009,0.0,0.0,0.0,0.0
5.67048,0.0,0.0166667,0.0,0.0
5.67048,0.0,0.0,0.0,0.0
5.67023,0.0,0.05,0.0,0.0
5.6714,0.0,0.0166667,0.0,0.0
5.66989,0.0,0.0,0.0,0.0
5.66911,0.0,0.0,0.0,0.0
5.67048,0.0,0.0166667,0.0,0.0
5.67024,0.0,0.0,0.0,0.0
5.66968,0.0,0.0,0.0,0.0
5.67024,0.0,0.0,0.0,0.0
5.67004,0.0,0.0166667,0.0,0.0
5.67096,0.0,0.0333333,0.0,0.0
5.66987,0.0,0.0,0.0,0.0
5.67027,0.0,0.0166667,0.0,0.0
5.67103,0.0,0.0,0.0,0.0
5.67017,0.0,0.0166667,0.0,0.0
5.66998,0.0,0.0166667,0.0,0.0
5.67078,0.0,0.0166667,0.0,0.0
5.66949,0.0,0.0166667,0.0,0.0
5.66946,0.0,0.0,0.0,0.0
5.67084,0.0,0.0,0.0,0.0
5.67074,0.0,0.0166667,0.0,0.0
5.66986,0.0,0.0166667,0.0,0.0
5.67013,0.0,0.0,0.0,0.0
5.66975,0.0,0.0,0.0,0.0
5.66997,0.0,0.0,0.0,0.0
5.67028,0.0,0.0,0.0,0.0
5.67016,0.0,0.0,0.0,0.0
5.66956,0.0,0.0166667,0.0,0.0
5.6693,0.0,0.0,0.0,0.0
5.66871,0.0,0.0166667,0.0,0.0
5.66952,0.0,0.0,0.0,0.0
5.66979,0.0,0.0,0.0,0.0
5.66974,0.0,0.0,0.0,0.0
5.67015,0.0,0.0166667,0.0,0.0
5.67107,0.0,0.0,0.0,0.0
5.67061,0.0,0.0166667,0.0,0.0
5.67023,0.0,0.0,0.0,0.0
5.67034,0.0,0.0,0.0,0.0
5.67049,0.0,0.0,0.0,0.0
5.67001,0.0,0.0,0.0,0.0
5.67004,0.0,0.0,0.0,0.0
5.66994,0.0,0.0166667,0.0,0.0
5.67075,0.0,0.0166667,0.0,0.0
5.67061,0.0,0.0333333,0.0,0.0
5.67005,0.0,0.0,0.0,0.0
5.66957,0.0,0.0333333,0.0,0.0
5.67043,0.0,0.0333333,0.0,0.0
5.67046,0.0,0.0,0.0,0.0
5.67021,0.0,0.0,0.0,0.0
5.66974,0.0,0.0,0.0,0.0
5.66994,0.0,0.0,0.0,0.0
5.67062,0.0,0.0,0.0,0.0
5.67034,0.0,0.0166667,0.0,0.0
5.66984,0.0,0.0166667,0.0,0.0
5.67011,0.0,0.0,0.0,0.0
5.67035,0.0,0.05,0.0,0.0
5.67073,0.0,0.0,0.0,0.0
5.66999,0.0,0.0166667,0.0,0.0
5.67035,0.0,0.0333333,0.0,0.0
5.6701,0.0,0.0,0.0,0.0
5.67,0.0,0.0333333,0.0,0.0
5.67051,0.0,0.0166667,0.0,0.0
5.67006,0.0,0.0166667,0.0,0.0
5.67005,0.0,0.0166667,0.0,0.0
5.67008,0.0,0.0166667,0.0,0.0
5.66916,0.0,0.0333333,0.0,0.0
5.6692,0.0,0.0166667,0.0,0.0
5.67018,0.0,0.0166667,0.0,0.0
5.66997,0.0,0.0,0.0,0.0
5.67082,0.0,0.0,0.0,0.0
5.67062,0.0,0.0333333,0.0,0.0
5.67015,0.0,0.0166667,0.0,0.0
5.67105,0.0,0.0,0.0,0.0
5.67046,0.0,0.0166667,0.0,0.0
5.67071,0.0,0.0,0.0,0.0
5.67045,0.0,0.0166667,0.0,0.0
5.67079,0.0,0.0166667,0.0,0.0
5.67041,0.0,0.0166667,0.0,0.0
5.67049,0.0,0.0,0.0,0.0
5.6698,0.0,0.0166667,0.0,0.0
5.6703,0.0,0.0,0.0,0.0
5.66974,0.0,0.0,0.0,0.0
5.67016,0.0,0.0166667,0.0,0.0
5.67066,0.0,0.0333333,0.0,0.0
5.66966,0.0,0.0,0.0,0.0
5.66972,0.0,0.0333333,0.0,0.0
5.6704,0.0,0.0166667,0.0,0.0
5.67031,0.0,0.0333333,0.0,0.0
5.66987,0.0,0.0166667,0.0,0.0
5.67012,0.0,0.0,0.0,0.0
5.67028,0.0,0.0,0.0,0.0
5.66922,0.0,0.0,0.0,0.0
5.66984,0.0,0.0,0.0,0.0
5.67026,0.0,0.0,0.0,0.0
5.67079,0.0,0.0666667,0.0,0.0
5.67008,0.0,0.0166667,0.0,0.0
5.67026,0.0,0.0333333,0.0,0.0
5.67036,0.0,0.0,0.0,0.0
5.67048,0.0,0.0,0.0,0.0
5.67032,0.0,0.0,0.0,0.0
5.67007,0.0,0.0,0.0,0.0
5.6706,0.0,0.0333333,0.0,0.0
5.67064,0.0,0.0166667,0.0,0.0
5.67054,0.0,0.0,0.0,0.0
5.67018,0.0,0.0166667,0.0,0.0
5.67146,0.0,0.0,0.0,0.0
5.67061,0.0,0.0166667,0.0,0.0
5.6698,0.0,0.0,0.0,0.0
5.66902,0.0,0.0,0.0,0.0
5.66927,0.0,0.0,0.0,0.0
5.66965,0.0,0.0,0.0,0.0
5.6705,0.0,0.0,0.0,0.0
5.67034,0.0,0.0166667,0.0,0.0
5.66987,0.0,0.05,0.0,0.0
5.67,0.0,0.0166667,0.0,0.0
5.67097,0.0,0.0333333,0.0,0.0
5.67055,0.0,0.0166667,0.0,0.0
5.67,0.0,0.0,0.0,0.0
5.66951,0.0,0.0166667,0.0,0.0
5.66961,0.0,0.0,0.0,0.0
5.66886,0.0,0.0,0.0,0.0
5.67002,0.0,0.0166667,0.0,0.0
5.6698,0.0,0.0166667,0.0,0.0
5.66924,0.0,0.0333333,0.0,0.0
5.66926,0.0,0.0,0.0,0.0
5.67158,0.0,0.0,0.0,0.0
5.6714,0.0,0.0,0.0,0.0
5.67029,0.0,0.0333333,0.0,0.0
5.67027,0.0,0.0166667,0.0,0.0
5.67032,0.0,0.0166667,0.0,0.0
5.67088,0.0,0.0,0.0,0.0
5.67065,0.0,0.0166667,0.0,0.0
5.67018,0.0,0.0333333,0.0,0.0
5.67103,0.0,0.0166667,0.0,0.0
5.67013,0.0,0.0166667,0.0,0.0
5.66948,0.0,0.0,0.0,0.0
5.67025,0.0,0.0166667,0.0,0.0
5.67016,0.0,0.0166667,0.0,0.0
5.66956,0.0,0.0,0.0,0.0
5.66994,0.0,0.0,0.0,0.0
5.66971,0.0,0.0166667,0.0,0.0
5.67043,0.0,0.0166667,0.0,0.0
5.6701,0.0,0.0,0.0,0.0
5.66939,0.0,0.0,0.0,0.0
5.66971,0.0,0.0,0.0,0.0
5.67061,0.0,0.0333333,0.0,0.0
5.67008,0.0,0.0333333,0.0,0.0
5.67028,0.0,0.0333333,0.0,0.0
5.67044,0.0,0.0,0.0,0.0
5.67044,0.0,0.0166667,0.0,0.0
5.66985,0.0,0.0,0.0,0.0
5.67014,0.0,0.0,0.0,0.0
5.67018,0.0,0.0,0.0,0.0
5.66993,0.0,0.0333333,0.0,0.0
5.67041,0.0,0.0,0.0,0.0
5.66999,0.0,0.0,0.0,0.0
5.6703,0.0,0.0,0.0,0.0
5.67075,0.0,0.0166667,0.0,0.0
5.66995,0.0,0.0,0.0,0.0
5.67029,0.0,0.0,0.0,0.0
5.67037,0.0,0.0,0.0,0.0
5.66972,0.0,0.0333333,0.0,0.0
5.66894,0.0,0.0333333,0.0,0.0
5.66999,0.0,0.0,0.0,0.0
5.66947,0.0,0.0,0.0,0.0
5.66956,0.0,0.0,0.0,0.0
5.66988,0.0,0.0333333,0.0,0.0
5.66889,0.0,0.0,0.0,0.0
5.67019,0.0,0.0166667,0.0,0.0
5.67112,0.0,0.0166667,0.0,0.0
5.66986,0.0,0.0166667,0.0,0.0
5.66926,0.0,0.0166667,0.0,0.0
5.67043,0.0,0.0333333,0.0,0.0
5.67077,0.0,0.0,0.0,0.0
5.67006,0.0,0.0,0.0,0.0
5.67024,0.0,0.0,0.0,0.0
5.6709,0.0,0.0166667,0.0,0.0
5.67038,0.0,0.0166667,0.0,0.0
5.66943,0.0,0.0,0.0,0.0
5.66989,0.0,0.0,0.0,0.0
5.67056,0.0,0.0,0.0,0.0
5.67039,0.0,0.0166667,0.0,0.0
5.66967,0.0,0.0166667,0.0,0.0
5.67021,0.0,0.0,0.0,0.0
5.67031,0.0,0.0,0.0,0.0
5.67057,0.0,0.0333333,0.0,0.0
5.67009,0.0,0.0,0.0,0.0
5.66937,0.0,0.0166667,0.0,0.0
5.67004,0.0,0.0,0.0,0.0
5.67018,0.0,0.0166667,0.0,0.0
5.67034,0.0,0.0,0.0,0.0
5.67022,0.0,0.0,0.0,0.0
5.66979,0.0,0.0166667,0.0,0.0
5.66999,0.0,0.0166667,0.0,0.0
5.67023,0.0,0.0,0.0,0.0
5.67027,0.0,0.0166667,0.0,0.0
5.67022,0.0,0.0166667,0.0,0.0
5.67061,0.0,0.0166667,0.0,0.0
5.67109,0.0,0.0166667,0.0,0.0
5.67034,0.0,0.0166667,0.0,0.0
5.66902,0.0,0.0166667,0.0,0.0
5.66925,0.0,0.0166667,0.0,0.0
5.67026,0.0,0.0,0.0,0.0
5.67075,0.0,0.0333333,0.0,0.0
5.67023,0.0,0.0,0.0,0.0
5.67041,0.0,0.0166667,0.0,0.0
5.67053,0.0,0.0166667,0.0,0.0
5.67008,0.0,0.0,0.0,0.0
5.66993,0.0,0.0,0.0,0.0
5.67037,0.0,0.0166667,0.0,0.0
5.67094,0.0,0.0,0.0,0.0
5.6695,0.0,0.0,0.0,0.0
5.66933,0.0,0.0,0.0,0.0
5.671,0.0,0.0,0.0,0.0
5.67054,0.0,0.0333333,0.0,0.0
5.66983,0.0,0.0,0.0,0.0
5.67012,0.0,0.0333333,0.0,0.0
5.67065,0.0,0.0,0.0,0.0
5.67035,0.0,0.0,0.0,0.0
5.66924,0.0,0.0,0.0,0.0
5.66972,0.0,0.0166667,0.0,0.0
5.67032,0.0,0.0,0.0,0.0
5.67005,0.0,0.0,0.0,0.0
5.67033,0.0,0.0,0.0,0.0
5.66971,0.0,0.0,0.0,0.0
5.67033,0.0,0.05,0.0,0.0
5.67028,0.0,0.05,0.0,0.0
5.66986,0.0,0.0,0.0,0.0
5.66998,0.0,0.0333333,0.0,0.0
5.67076,0.0,0.0,0.0,0.0
5.67011,0.0,0.0,0.0,0.0
5.67039,0.0,0.0,0.0,0.0
5.67013,0.0,0.0166667,0.0,0.0
5.67049,0.0,0.0166667,0.0,0.0
5.67021,0.0,0.0333333,0.0,0.0
5.67037,0.0,0.0,0.0,0.0
5.67025,0.0,0.0,0.0,0.0
5.67068,0.0,0.0666667,0.0,0.0
5.67045,0.0,0.0,0.0,0.0
5.66994,0.0,0.0,0.0,0.0
5.67011,0.0,0.0,0.0,0.0
5.67047,0.0,0.0,0.0,0.0
5.66951,0.0,0.0,0.0,0.0
5.66993,0.0,0.0,0.0,0.0
5.67042,0.0,0.0166667,0.0,0.0
5.67063,0.0,0.0,0.0,0.0
5.67052,0.0,0.0166667,0.0,0.0
5.67039,0.0,0.0,0.0,0.0
5.67043,0.0,0.0,0.0,0.0
5.67002,0.0,0.0,0.0,0.0
5.67051,0.0,0.0,0.0,0.0
5.67048,0.0,0.0166667,0.0,0.0
5.67065,0.0,0.0333333,0.0,0.0
5.67013,0.0,0.0,0.0,0.0
5.66991,0.0,0.0,0.0,0.0
5.67027,0.0,0.0,0.0,0.0
5.66978,0.0,0.0333333,0.0,0.0
5.67023,0.0,0.0,0.0,0.0
5.66999,0.0,0.0,0.0,0.0
5.6687,0.0,0.0166667,0.0,0.0
5.66963,0.0,0.0166667,0.0,0.0
5.67031,0.0,0.0,0.0,0.0
5.6697,0.0,0.0,0.0,0.0
5.67034,0.0,0.0,0.0,0.0
5.6704,0.0,0.0166667,0.0,0.0
5.66958,0.0,0.0,0.0,0.0
5.66972,0.0,0.0166667,0.0,0.0
5.66993,0.0,0.0166667,0.0,0.0
