analog,analog_sterr,photon_counting,pc_sterr,overflow_info
5.66301,0.000532274,0.0,0.0,0.0
5.66296,0.000545198,0.0167294,0.0167679,0.0
5.66271,0.000549767,0.0,0.0,0.0
5.66315,0.000558056,0.0,0.0,0.0
5.66315,0.000524899,0.0,0.0,0.0
5.66307,0.000534232,0.0,0.0,0.0
5.6627,0.00054696,0.0167294,0.0167679,0.0
5.66314,0.00052627,0.0,0.0,0.0
5.66512,0.000547613,0.0334588,0.0236119,0.0
5.66437,0.000523267,0.0,0.0,0.0
5.66302,0.000540564,0.0167294,0.0167679,0.0
5.66387,0.000543631,0.0,0.0,0.0
5.66444,0.000542652,0.0167294,0.0167679,0.0
5.66366,0.000543892,0.0167294,0.0167679,0.0
5.66335,0.000552704,0.0334588,0.0236119,0.0
5.66382,0.000546373,0.0,0.0,0.0
5.66421,0.000538671,0.0167294,0.0167679,0.0
5.66368,0.000540107,0.0,0.0,0.0
5.66343,0.000541934,0.0334588,0.0236119,0.0
5.6639,0.000535146,0.0,0.0,0.0
5.66431,0.00053482,0.0167294,0.0167679,0.0
5.66319,0.000529207,0.0167294,0.0167679,0.0
5.66379,0.000538605,0.0501882,0.0290871,0.0
5.66376,0.000538018,0.0,0.0,0.0
5.66386,0.000541869,0.0,0.0,0.0
5.66378,0.000541151,0.0167294,0.0167679,0.0
5.66336,0.000550615,0.0167294,0.0167679,0.0
5.66284,0.000539128,0.0167294,0.0167679,0.0
5.66321,0.000541934,0.0,0.0,0.0
5.66349,0.00052751,0.0167294,0.0167679,0.0
5.66381,0.0005482,0.0167294,0.0167679,0.0
5.66394,0.000533058,0.0,0.0,0.0
5.66361,0.000546177,0.0,0.0,0.0
5.66278,0.000543697,0.0167294,0.0167679,0.0
5.66287,0.000539519,0.0,0.0,0.0
5.66269,0.000539585,0.0,0.0,0.0
5.66339,0.000557207,0.0167294,0.0167679,0.0
5.66398,0.000528423,0.0,0.0,0.0
5.66414,0.000540107,0.0167294,0.0167679,0.0
5.66431,0.000539585,0.0,0.0,0.0
5.66343,0.000537822,0.0167294,0.0167679,0.0
5.66376,0.000521831,0.0,0.0,0.0
5.66327,0.000519743,0.0,0.0,0.0
5.66293,0.000532666,0.0167294,0.0167679,0.0
5.6636,0.000542848,0.0167294,0.0167679,0.0
5.66364,0.000540302,0.0,0.0,0.0
5.66402,0.000554531,0.0167294,0.0167679,0.0
5.66391,0.000540302,0.0,0.0,0.0
5.66467,0.000536321,0.0167294,0.0167679,0.0
5.66398,0.000541151,0.0,0.0,0.0
5.6635,0.000527379,0.0,0.0,0.0
5.66339,0.000546438,0.0167294,0.0167679,0.0
5.66337,0.000521374,0.0,0.0,0.0
5.6634,0.000551333,0.0,0.0,0.0
5.66383,0.000541673,0.0,0.0,0.0
5.66359,0.000535995,0.0,0.0,0.0
5.6638,0.000534559,0.0167294,0.0167679,0.0
5.66398,0.000545459,0.0167294,0.0167679,0.0
5.66458,0.000541347,0.0,0.0,0.0
5.66421,0.000540107,0.0,0.0,0.0
5.66394,0.000540955,0.0,0.0,0.0
5.66361,0.000552704,0.0,0.0,0.0
5.66374,0.000538932,0.0,0.0,0.0
5.66473,0.000553618,0.0,0.0,0.0
5.66399,0.000547939,0.0,0.0,0.0
5.66293,0.000540629,0.0167294,0.0167679,0.0
5.66405,0.000530969,0.0,0.0,0.0
5.66436,0.000549179,0.0167294,0.0167679,0.0
5.66411,0.000552116,0.0334588,0.0236119,0.0
5.66413,0.000552051,0.0,0.0,0.0
5.66303,0.000531948,0.0,0.0,0.0
5.66407,0.000540629,0.0,0.0,0.0
5.6642,0.000549506,0.0167294,0.0167679,0.0
5.66378,0.000542717,0.0167294,0.0167679,0.0
5.66476,0.000539389,0.0167294,0.0167679,0.0
5.66418,0.000552312,0.0,0.0,0.0
5.66386,0.00052888,0.0167294,0.0167679,0.0
5.66471,0.000543762,0.0,0.0,0.0
5.66414,0.000536582,0.0,0.0,0.0
5.66384,0.000546438,0.0,0.0,0.0
5.66356,0.000540172,0.0,0.0,0.0
5.66331,0.000545067,0.0,0.0,0.0
5.66368,0.000543697,0.0,0.0,0.0
5.66361,0.000539389,0.0,0.0,0.0
5.664,0.000546503,0.0334588,0.0236119,0.0
5.66413,0.000544937,0.0,0.0,0.0
5.66258,0.000546503,0.0,0.0,0.0
5.66391,0.000546829,0.0167294,0.0167679,0.0
5.66451,0.00054337,0.0,0.0,0.0
5.66374,0.00053358,0.0,0.0,0.0
5.66263,0.000541086,0.0,0.0,0.0
5.66279,0.000537692,0.0167294,0.0167679,0.0
5.6626,0.000540825,0.0167294,0.0167679,0.0
5.66279,0.000552182,0.0167294,0.0167679,0.0
5.66441,0.000528162,0.0,0.0,0.0
5.66391,0.000541216,0.0,0.0,0.0
5.66266,0.000530577,0.0167294,0.0167679,0.0
5.6637,0.00053854,0.0,0.0,0.0
5.66455,0.000525421,0.0,0.0,0.0
5.6632,0.000519743,0.0,0.0,0.0
5.66361,0.000549962,0.0167294,0.0167679,0.0
5.66454,0.000530316,0.0,0.0,0.0
5.66373,0.000523137,0.0,0.0,0.0
5.66413,0.000533645,0.0167294,0.0167679,0.0
5.66412,0.000544088,0.0,0.0,0.0
5.6634,0.00052764,0.0,0.0,0.0
5.66282,0.000537822,0.0,0.0,0.0
5.66271,0.000538932,0.0,0.0,0.0
5.6642,0.000535211,0.0,0.0,0.0
5.6644,0.000547286,0.0,0.0,0.0
5.66403,0.000530643,0.0,0.0,0.0
5.66318,0.000539128,0.0,0.0,0.0
5.66403,0.000528358,0.0,0.0,0.0
5.66441,0.00054213,0.0167294,0.0167679,0.0
5.66419,0.000534689,0.0,0.0,0.0
5.66345,0.000552051,0.0,0.0,0.0
5.66291,0.000539911,0.0,0.0,0.0
5.66409,0.000535211,0.0167294,0.0167679,0.0
5.66368,0.000552116,0.0,0.0,0.0
5.66372,0.000540825,0.0,0.0,0.0
5.66323,0.000539454,0.0,0.0,0.0
5.66361,0.000541412,0.0,0.0,0.0
5.66395,0.000538801,0.0167294,0.0167679,0.0
5.66369,0.000546699,0.0,0.0,0.0
5.66318,0.000543631,0.0167294,0.0167679,0.0
5.66339,0.000534689,0.0,0.0,0.0
5.66283,0.000540825,0.0,0.0,0.0
5.66341,0.00056021,0.0167294,0.0167679,0.0
5.66367,0.000548526,0.0167294,0.0167679,0.0
5.66386,0.000560732,0.0334588,0.0236119,0.0
5.66427,0.000546634,0.0167294,0.0167679,0.0
5.66464,0.000550876,0.0,0.0,0.0
5.6638,0.000536647,0.0334588,0.0236119,0.0
5.66402,0.000527967,0.0,0.0,0.0
5.66467,0.000529664,0.0167294,0.0167679,0.0
5.6631,0.00053965,0.0167294,0.0167679,0.0
5.6634,0.000557403,0.0334588,0.0236119,0.0
5.66342,0.000554858,0.0167294,0.0167679,0.0
5.66249,0.000537104,0.0167294,0.0167679,0.0
5.6642,0.00054585,0.0,0.0,0.0
5.66366,0.000540564,0.0,0.0,0.0
5.66362,0.000555576,0.0167294,0.0167679,0.0
5.66316,0.000539519,0.0,0.0,0.0
5.66442,0.000544806,0.0167294,0.0167679,0.0
5.66446,0.000540564,0.0,0.0,0.0
5.66324,0.000538344,0.0,0.0,0.0
5.66342,0.000546307,0.0,0.0,0.0
5.66334,0.000529598,0.0,0.0,0.0
5.66302,0.000555053,0.0,0.0,0.0
5.66384,0.00054102,0.0167294,0.0167679,0.0
5.66306,0.000542,0.0,0.0,0.0
5.66347,0.000544088,0.0,0.0,0.0
5.66365,0.000539715,0.0,0.0,0.0
5.66364,0.000542522,0.0,0.0,0.0
5.66427,0.000549767,0.0,0.0,0.0
5.66432,0.000546634,0.0,0.0,0.0
5.66311,0.000544414,0.0,0.0,0.0
5.66462,0.000553813,0.0,0.0,0.0
5.6651,0.000544414,0.0,0.0,0.0
5.66413,0.000545263,0.0,0.0,0.0
5.66415,0.000550419,0.0,0.0,0.0
5.6641,0.000536908,0.0167294,0.0167679,0.0
5.66418,0.000535603,0.0167294,0.0167679,0.0
5.66436,0.000538867,0.0167294,0.0167679,0.0
5.66296,0.000568368,0.0167294,0.0167679,0.0
5.66302,0.000556032,0.0,0.0,0.0
5.66364,0.000536713,0.0,0.0,0.0
5.66326,0.00055055,0.0334588,0.0236119,0.0
5.66314,0.000550746,0.0334588,0.0236119,0.0
5.66377,0.000540433,0.0,0.0,0.0
5.66339,0.000546503,0.0167294,0.0167679,0.0
5.66429,0.000550028,0.0,0.0,0.0
5.66395,0.000542456,0.0167294,0.0167679,0.0
5.66254,0.000547613,0.0167294,0.0167679,0.0
5.66402,0.000560862,0.0,0.0,0.0
5.66388,0.000540368,0.0,0.0,0.0
5.66286,0.000543958,0.0167294,0.0167679,0.0
5.66369,0.000546568,0.0167294,0.0167679,0.0
5.66383,0.000557142,0.0167294,0.0167679,0.0
5.66334,0.000546895,0.0,0.0,0.0
5.6638,0.000540368,0.0334588,0.0236119,0.0
5.66412,0.000545916,0.0,0.0,0.0
5.66441,0.000561646,0.0167294,0.0167679,0.0
5.66338,0.000540433,0.0,0.0,0.0
5.66329,0.000531361,0.0167294,0.0167679,0.0
5.66423,0.000526596,0.0,0.0,0.0
5.66416,0.000535929,0.0,0.0,0.0
5.6632,0.00054944,0.0334588,0.0335357,0.0
5.66362,0.000565236,0.0167294,0.0167679,0.0
5.66345,0.000534559,0.0167294,0.0167679,0.0
5.66425,0.000546699,0.0167294,0.0167679,0.0
5.66359,0.000531426,0.0167294,0.0167679,0.0
5.66313,0.000546438,0.0,0.0,0.0
5.66316,0.000541608,0.0,0.0,0.0
5.66358,0.000542065,0.0167294,0.0167679,0.0
5.66384,0.000538736,0.0,0.0,0.0
5.66335,0.000528554,0.0,0.0,0.0
5.66358,0.000522288,0.0,0.0,0.0
5.66402,0.000547417,0.0,0.0,0.0
5.66382,0.00054585,0.0167294,0.0167679,0.0
5.66362,0.000523659,0.0,0.0,0.0
5.66385,0.00053717,0.0167294,0.0167679,0.0
5.66382,0.000538279,0.0167294,0.0167679,0.0
5.66421,0.000541347,0.0167294,0.0167679,0.0
5.66355,0.00053482,0.0,0.0,0.0
5.66368,0.000532731,0.0,0.0,0.0
5.66377,0.000535864,0.0,0.0,0.0
5.66369,0.000529402,0.0,0.0,0.0
5.66364,0.000552247,0.0167294,0.0167679,0.0
5.66362,0.000545328,0.0,0.0,0.0
5.66386,0.000542913,0.0,0.0,0.0
5.66383,0.00054572,0.0334588,0.0236119,0.0
5.66389,0.000550223,0.0,0.0,0.0
5.66318,0.000537888,0.0,0.0,0.0
5.66306,0.000540955,0.0,0.0,0.0
5.6639,0.000535277,0.0,0.0,0.0
5.66337,0.000547809,0.0334588,0.0236119,0.0
5.66326,0.000541086,0.0,0.0,0.0
5.6646,0.000553226,0.0167294,0.0167679,0.0
5.66416,0.000535538,0.0167294,0.0167679,0.0
5.66347,0.000532796,0.0,0.0,0.0
5.66401,0.000539715,0.0,0.0,0.0
5.66409,0.000536517,0.0,0.0,0.0
5.6634,0.000554205,0.0,0.0,0.0
5.66345,0.000540629,0.0,0.0,0.0
5.66362,0.00054324,0.0,0.0,0.0
5.66342,0.000531556,0.0,0.0,0.0
5.66344,0.000543044,0.0167294,0.0167679,0.0
5.6636,0.000541282,0.0,0.0,0.0
5.66369,0.000538867,0.0,0.0,0.0
5.66355,0.000525813,0.0,0.0,0.0
5.66346,0.000545459,0.0334588,0.0236119,0.0
5.66356,0.00055675,0.0,0.0,0.0
5.66376,0.000534037,0.0167294,0.0167679,0.0
5.66364,0.000544545,0.0,0.0,0.0
5.66403,0.000535538,0.0167294,0.0167679,0.0
5.66356,0.000551529,0.0167294,0.0167679,0.0
5.66344,0.00055068,0.0167294,0.0167679,0.0
5.66371,0.000557273,0.0,0.0,0.0
5.66399,0.000530251,0.0167294,0.0167679,0.0
5.66414,0.000528162,0.0167294,0.0167679,0.0
5.66315,0.000562364,0.0,0.0,0.0
5.66418,0.000552508,0.0167294,0.0167679,0.0
5.66435,0.000544741,0.0,0.0,0.0
5.66365,0.000537365,0.0,0.0,0.0
5.6639,0.000537888,0.0167294,0.0167679,0.0
5.66384,0.00054572,0.0167294,0.0167679,0.0
5.6642,0.000540302,0.0334588,0.0236119,0.0
5.66403,0.000537888,0.0,0.0,0.0
5.66398,0.000541738,0.0,0.0,0.0
5.66368,0.000541804,0.0167294,0.0167679,0.0
5.66406,0.0005482,0.0,0.0,0.0
5.66379,0.000531165,0.0,0.0,0.0
5.66365,0.000529664,0.0,0.0,0.0
5.66404,0.00053841,0.0,0.0,0.0
5.66398,0.000536908,0.0,0.0,0.0
5.66357,0.000536386,0.0167294,0.0167679,0.0
5.66331,0.000555837,0.0,0.0,0.0
5.66408,0.000532796,0.0334588,0.0236119,0.0
5.66404,0.000514064,0.0,0.0,0.0
5.66375,0.000532144,0.0,0.0,0.0
5.66456,0.000547091,0.0167294,0.0167679,0.0
5.66482,0.000552312,0.0167294,0.0167679,0.0
5.6633,0.000535342,0.0,0.0,0.0
5.66369,0.000535016,0.0,0.0,0.0
5.66399,0.000540172,0.0,0.0,0.0
5.66446,0.000551268,0.0167294,0.0167679,0.0
5.66431,0.000541086,0.0167294,0.0167679,0.0
5.66435,0.000544219,0.0,0.0,0.0
5.66436,0.000544023,0.0167294,0.0167679,0.0
5.6645,0.000544023,0.0,0.0,0.0
5.66406,0.000541934,0.0,0.0,0.0
5.66274,0.000538997,0.0,0.0,0.0
5.66314,0.000544088,0.0,0.0,0.0
5.66429,0.000544545,0.0501882,0.0290871,0.0
5.66518,0.000545394,0.0167294,0.0167679,0.0
5.66375,0.000523593,0.0167294,0.0167679,0.0
5.6632,0.000523789,0.0167294,0.0167679,0.0
5.66352,0.000525617,0.0,0.0,0.0
5.66339,0.000543892,0.0167294,0.0167679,0.0
5.66338,0.000542848,0.0167294,0.0167679,0.0
5.66378,0.000537626,0.0,0.0,0.0
5.66316,0.000533514,0.0167294,0.0167679,0.0
5.66361,0.000536517,0.0,0.0,0.0
5.66364,0.000529141,0.0167294,0.0167679,0.0
5.66355,0.000543044,0.0167294,0.0167679,0.0
5.66395,0.000539911,0.0,0.0,0.0
5.66349,0.000534428,0.0,0.0,0.0
5.66403,0.000523659,0.0,0.0,0.0
5.66412,0.0005373,0.0167294,0.0167679,0.0
5.66426,0.000525486,0.0167294,0.0167679,0.0
5.66435,0.000541216,0.0167294,0.0167679,0.0
5.66358,0.000547352,0.0167294,0.0167679,0.0
5.66304,0.000536647,0.0,0.0,0.0
5.66369,0.000539585,0.0,0.0,0.0
5.66383,0.000542913,0.0,0.0,0.0
5.66359,0.000547156,0.0,0.0,0.0
5.66357,0.000530316,0.0,0.0,0.0
5.66437,0.000536582,0.0,0.0,0.0
5.66378,0.000524507,0.0,0.0,0.0
5.66367,0.000548788,0.0,0.0,0.0
5.66432,0.000544806,0.0167294,0.0167679,0.0
5.66387,0.000542261,0.0,0.0,0.0
5.66373,0.000542979,0.0167294,0.0167679,0.0
5.66412,0.000536256,0.0167294,0.0167679,0.0
5.66302,0.000536582,0.0,0.0,0.0
5.66322,0.000534493,0.0,0.0,0.0
5.66448,0.000539062,0.0,0.0,0.0
5.66459,0.000531883,0.0,0.0,0.0
5.66301,0.000547809,0.0,0.0,0.0
5.66406,0.000540629,0.0,0.0,0.0
5.66446,0.000557729,0.0,0.0,0.0
5.66383,0.000534428,0.0,0.0,0.0
5.66376,0.000563995,0.0334588,0.0236119,0.0
5.66342,0.000558382,0.0334588,0.0236119,0.0
5.66366,0.000537496,0.0,0.0,0.0
5.66459,0.000549832,0.0,0.0,0.0
5.66345,0.000542,0.0,0.0,0.0
5.66361,0.000530381,0.0167294,0.0167679,0.0
5.6638,0.000538475,0.0,0.0,0.0
5.66395,0.000544545,0.0167294,0.0167679,0.0
5.66345,0.000545785,0.0167294,0.0167679,0.0
5.6638,0.000539258,0.0334588,0.0236119,0.0
5.66339,0.000545916,0.0167294,0.0167679,0.0
5.6637,0.000538736,0.0167294,0.0167679,0.0
5.66469,0.000551398,0.0167294,0.0167679,0.0
5.66403,0.00054448,0.0334588,0.0236119,0.0
5.66351,0.000545067,0.0,0.0,0.0
5.66381,0.000552247,0.0167294,0.0167679,0.0
5.66402,0.000534624,0.0,0.0,0.0
5.66397,0.000540107,0.0,0.0,0.0
5.66379,0.000535342,0.0,0.0,0.0
5.66408,0.000553552,0.0,0.0,0.0
5.66338,0.000545589,0.0,0.0,0.0
5.66373,0.00055192,0.0167294,0.0167679,0.0
5.66392,0.000542391,0.0,0.0,0.0
5.66385,0.000545459,0.0,0.0,0.0
5.66396,0.000545981,0.0,0.0,0.0
5.66479,0.000542195,0.0,0.0,0.0
5.66479,0.00054089,0.0167294,0.0167679,0.0
5.66456,0.000533449,0.0167294,0.0167679,0.0
5.66388,0.000552247,0.0,0.0,0.0
5.66443,0.000553618,0.0,0.0,0.0
5.66469,0.000550289,0.0,0.0,0.0
5.6637,0.00054585,0.0167294,0.0167679,0.0
5.66423,0.000531556,0.0501882,0.0290871,0.0
5.66392,0.000542848,0.0,0.0,0.0
5.66304,0.000541151,0.0167294,0.0167679,0.0
5.66427,0.000545524,0.0167294,0.0167679,0.0
5.66393,0.000532144,0.0,0.0,0.0
5.66391,0.000545198,0.0167294,0.0167679,0.0
5.66376,0.000553095,0.0167294,0.0167679,0.0
5.66363,0.000530316,0.0334588,0.0236119,0.0
5.66398,0.000543174,0.0,0.0,0.0
5.66404,0.000532079,0.0167294,0.0167679,0.0
5.66345,0.000542,0.0,0.0,0.0
5.66345,0.000543501,0.0,0.0,0.0
5.66385,0.000547939,0.0167294,0.0167679,0.0
5.66371,0.000552573,0.0501882,0.0290871,0.0
5.66433,0.000545263,0.0,0.0,0.0
5.66369,0.000541477,0.0167294,0.0167679,0.0
5.66315,0.000539911,0.0,0.0,0.0
5.66335,0.00055675,0.0334588,0.0236119,0.0
5.66322,0.000555249,0.0,0.0,0.0
5.66378,0.000556032,0.0,0.0,0.0
5.66491,0.00054931,0.0,0.0,0.0
5.6638,0.00054572,0.0,0.0,0.0
5.6642,0.000537104,0.0,0.0,0.0
5.66429,0.000534755,0.0,0.0,0.0
5.66353,0.000530643,0.0,0.0,0.0
5.66395,0.000534298,0.0167294,0.0167679,0.0
5.66405,0.000537692,0.0,0.0,0.0
5.66381,0.000546829,0.0,0.0,0.0
5.66361,0.000557468,0.0,0.0,0.0
5.6636,0.000536908,0.0,0.0,0.0
5.66407,0.00052875,0.0334588,0.0236119,0.0
5.6637,0.00054337,0.0,0.0,0.0
5.66365,0.000528097,0.0,0.0,0.0
5.66378,0.000543435,0.0,0.0,0.0
5.66372,0.000556424,0.0334588,0.0236119,0.0
5.66344,0.000534428,0.0,0.0,0.0
5.66331,0.000532144,0.0,0.0,0.0
5.66362,0.00054461,0.0,0.0,0.0
5.66305,0.000543174,0.0167294,0.0167679,0.0
5.66331,0.000560993,0.0,0.0,0.0
5.66372,0.000548004,0.0,0.0,0.0
5.6636,0.000556163,0.0,0.0,0.0
5.66397,0.000548265,0.0,0.0,0.0
5.66396,0.000551855,0.0,0.0,0.0
5.66422,0.000550419,0.0167294,0.0167679,0.0
5.66388,0.00054213,0.0167294,0.0167679,0.0
5.66343,0.000539193,0.0,0.0,0.0
5.66314,0.000537365,0.0167294,0.0167679,0.0
5.66348,0.00054089,0.0167294,0.0167679,0.0
5.66389,0.000539128,0.0167294,0.0167679,0.0
5.66412,0.000534689,0.0167294,0.0167679,0.0
5.66386,0.000526074,0.0167294,0.0167679,0.0
5.66391,0.000537626,0.0,0.0,0.0
5.66338,0.000529664,0.0,0.0,0.0
5.66285,0.000527183,0.0,0.0,0.0
5.6635,0.000546438,0.0167294,0.0167679,0.0
5.6633,0.000545524,0.0,0.0,0.0
5.6635,0.000536713,0.0,0.0,0.0
5.66401,0.000544741,0.0,0.0,0.0
5.6636,0.000537888,0.0167294,0.0167679,0.0
5.66375,0.00054102,0.0,0.0,0.0
5.66338,0.000534037,0.0334588,0.0236119,0.0
5.66353,0.000534493,0.0,0.0,0.0
5.664,0.000547482,0.0167294,0.0167679,0.0
5.6635,0.000539911,0.0,0.0,0.0
5.66287,0.000538605,0.0,0.0,0.0
5.66388,0.000544741,0.0,0.0,0.0
5.66357,0.000548788,0.0,0.0,0.0
5.66364,0.000538149,0.0167294,0.0167679,0.0
5.66358,0.000543174,0.0167294,0.0167679,0.0
5.66241,0.000537235,0.0,0.0,0.0
5.66393,0.000539585,0.0,0.0,0.0
5.66502,0.00054337,0.0,0.0,0.0
5.66421,0.000548461,0.0,0.0,0.0
5.66333,0.000540498,0.0,0.0,0.0
5.66409,0.000545328,0.0,0.0,0.0
5.66374,0.000546895,0.0,0.0,0.0
5.66388,0.000542717,0.0,0.0,0.0
5.66431,0.000545198,0.0,0.0,0.0
5.66413,0.000549244,0.0,0.0,0.0
5.66326,0.000550028,0.0334588,0.0236119,0.0
5.66256,0.000533123,0.0,0.0,0.0
5.66326,0.000543566,0.0167294,0.0167679,0.0
5.66381,0.000581618,0.0167294,0.0167679,0.0
5.66392,0.000562298,0.0167294,0.0167679,0.0
5.66439,0.000545132,0.0167294,0.0167679,0.0
5.66321,0.000545394,0.0,0.0,0.0
5.66318,0.000540825,0.0,0.0,0.0
5.66406,0.000551398,0.0,0.0,0.0
5.66391,0.000565562,0.0334588,0.0236119,0.0
5.66334,0.00054696,0.0167294,0.0167679,0.0
5.66408,0.000547613,0.0,0.0,0.0
5.66413,0.00055055,0.0,0.0,0.0
5.66408,0.000528815,0.0167294,0.0167679,0.0
5.66326,0.000537626,0.0167294,0.0167679,0.0
5.66366,0.000543566,0.0334588,0.0236119,0.0
5.66366,0.000541347,0.0,0.0,0.0
5.66419,0.000531165,0.0,0.0,0.0
5.66405,0.000533188,0.0,0.0,0.0
5.66353,0.000541282,0.0,0.0,0.0
5.6628,0.000535668,0.0,0.0,0.0
5.66406,0.000537561,0.0167294,0.0167679,0.0
5.66383,0.00054324,0.0501882,0.0290871,0.0
5.66335,0.000547025,0.0,0.0,0.0
5.66378,0.000540433,0.0167294,0.0167679,0.0
5.66433,0.000540302,0.0167294,0.0167679,0.0
5.66368,0.000547417,0.0,0.0,0.0
5.66313,0.000533776,0.0,0.0,0.0
5.6627,0.000554466,0.0334588,0.0236119,0.0
5.66375,0.000533906,0.0167294,0.0167679,0.0
5.66492,0.000540433,0.0,0.0,0.0
5.66441,0.000540629,0.0,0.0,0.0
5.6636,0.000536713,0.0167294,0.0167679,0.0
5.66406,0.000537365,0.0167294,0.0167679,0.0
5.6642,0.000563343,0.0334588,0.0236119,0.0
5.6645,0.000548526,0.0334588,0.0236119,0.0
5.66377,0.000542391,0.0167294,0.0167679,0.0
5.66443,0.000533906,0.0,0.0,0.0
5.66423,0.000536843,0.0,0.0,0.0
5.66339,0.000537561,0.0,0.0,0.0
5.66297,0.000538932,0.0167294,0.0167679,0.0
5.66408,0.000548331,0.0,0.0,0.0
5.66341,0.000537953,0.0,0.0,0.0
5.66399,0.000526531,0.0,0.0,0.0
5.6642,0.00054585,0.0,0.0,0.0
5.66417,0.000552769,0.0167294,0.0167679,0.0
5.66396,0.000546895,0.0167294,0.0167679,0.0
5.66436,0.000540498,0.0,0.0,0.0
5.66396,0.000536843,0.0,0.0,0.0
5.66233,0.000540302,0.0,0.0,0.0
5.66384,0.000557207,0.0167294,0.0167679,0.0
5.66404,0.000537561,0.0167294,0.0167679,0.0
5.66288,0.000524442,0.0,0.0,0.0
5.6639,0.000528554,0.0,0.0,0.0
5.66322,0.000550746,0.0,0.0,0.0
5.66308,0.000535864,0.0,0.0,0.0
5.66369,0.000543827,0.0,0.0,0.0
5.66304,0.000554792,0.0167294,0.0167679,0.0
5.66369,0.0005529,0.0,0.0,0.0
5.66434,0.000534624,0.0167294,0.0167679,0.0
5.66359,0.000550354,0.0,0.0,0.0
5.66327,0.000541347,0.0,0.0,0.0
5.6638,0.000555641,0.0167294,0.0167679,0.0
5.66393,0.000537626,0.0167294,0.0167679,0.0
5.66344,0.000537561,0.0,0.0,0.0
5.66337,0.000528684,0.0,0.0,0.0
5.66339,0.000543958,0.0,0.0,0.0
5.6633,0.000534167,0.0,0.0,0.0
5.66263,0.000542783,0.0,0.0,0.0
5.66336,0.00053965,0.0,0.0,0.0
5.66349,0.000543566,0.0,0.0,0.0
5.66354,0.000553618,0.0167294,0.0167679,0.0
5.66301,0.000548983,0.0,0.0,0.0
5.66357,0.00052888,0.0,0.0,0.0
5.66351,0.000534428,0.0,0.0,0.0
5.66364,0.000542848,0.0,0.0,0.0
5.66363,0.000542783,0.0,0.0,0.0
5.66451,0.000551464,0.0,0.0,0.0
5.66376,0.000556032,0.0,0.0,0.0
5.66336,0.000534363,0.0,0.0,0.0
5.66458,0.000534037,0.0501882,0.0290871,0.0
5.66464,0.000543697,0.0,0.0,0.0
5.66505,0.000532079,0.0,0.0,0.0
5.66459,0.000533841,0.0,0.0,0.0
5.66429,0.00053965,0.0,0.0,0.0
5.66387,0.000535081,0.0167294,0.0167679,0.0
5.66403,0.000553552,0.0,0.0,0.0
5.66398,0.00053495,0.0,0.0,0.0
5.66408,0.000542261,0.0,0.0,0.0
5.6644,0.000544806,0.0167294,0.0167679,0.0
5.66346,0.000538149,0.0,0.0,0.0
5.66286,0.000544088,0.0,0.0,0.0
5.66375,0.00054213,0.0,0.0,0.0
5.66345,0.00054807,0.0167294,0.0167679,0.0
5.66275,0.000545785,0.0,0.0,0.0
5.66375,0.000533253,0.0167294,0.0167679,0.0
5.66396,0.000535929,0.0,0.0,0.0
5.66365,0.000565105,0.0,0.0,0.0
5.66404,0.000548722,0.0167294,0.0167679,0.0
5.66367,0.000546177,0.0167294,0.0167679,0.0
5.66377,0.000537104,0.0,0.0,0.0
5.66375,0.000531883,0.0,0.0,0.0
5.66346,0.000528619,0.0,0.0,0.0
5.66402,0.00053123,0.0,0.0,0.0
5.66409,0.000531883,0.0,0.0,0.0
5.66375,0.0005373,0.0,0.0,0.0
5.66391,0.000548983,0.0167294,0.0167679,0.0
5.66431,0.000540302,0.0,0.0,0.0
5.66411,0.000527444,0.0167294,0.0167679,0.0
5.66363,0.000535211,0.0,0.0,0.0
5.66465,0.000534559,0.0167294,0.0167679,0.0
5.66417,0.000545655,0.0334588,0.0236119,0.0
5.66315,0.000549962,0.0,0.0,0.0
5.66414,0.000548265,0.0,0.0,0.0
5.66411,0.00053619,0.0,0.0,0.0
5.66403,0.000542848,0.0167294,0.0167679,0.0
5.66413,0.000544545,0.0334588,0.0236119,0.0
5.66367,0.000546764,0.0,0.0,0.0
5.66409,0.000544153,0.0167294,0.0167679,0.0
5.66399,0.00052764,0.0,0.0,0.0
5.66371,0.000536321,0.0,0.0,0.0
5.66376,0.000535929,0.0167294,0.0167679,0.0
5.66439,0.000534037,0.0167294,0.0167679,0.0
5.66386,0.00052405,0.0,0.0,0.0
5.66345,0.000551333,0.0,0.0,0.0
5.6631,0.000528162,0.0,0.0,0.0
5.66346,0.000532405,0.0,0.0,0.0
5.66412,0.000542717,0.0,0.0,0.0
5.66386,0.000546503,0.0167294,0.0167679,0.0
5.66327,0.000549506,0.0,0.0,0.0
5.66346,0.000543566,0.0,0.0,0.0
5.66383,0.00053978,0.0,0.0,0.0
5.66297,0.000547809,0.0,0.0,0.0
5.66326,0.000556816,0.0,0.0,0.0
5.66377,0.000542783,0.0167294,0.0167679,0.0
5.66425,0.000524311,0.0,0.0,0.0
5.66402,0.000559492,0.0334588,0.0236119,0.0
5.66368,0.000546242,0.0,0.0,0.0
5.6639,0.000532601,0.0167294,0.0167679,0.0
5.66321,0.000547221,0.0167294,0.0167679,0.0
5.66287,0.000531034,0.0,0.0,0.0
5.66401,0.000528032,0.0,0.0,0.0
5.66432,0.000542326,0.0334588,0.0236119,0.0
5.66424,0.000557338,0.0,0.0,0.0
5.66355,0.000527379,0.0167294,0.0167679,0.0
5.66429,0.000532796,0.0167294,0.0167679,0.0
5.66267,0.000539454,0.0,0.0,0.0
5.66378,0.000542195,0.0,0.0,0.0
5.66407,0.000540368,0.0167294,0.0167679,0.0
5.66294,0.000535668,0.0,0.0,0.0
5.66316,0.000558904,0.0334588,0.0236119,0.0
5.66416,0.000535864,0.0,0.0,0.0
5.66446,0.00053247,0.0334588,0.0236119,0.0
5.66379,0.000546634,0.0167294,0.0167679,0.0
5.66488,0.000529925,0.0,0.0,0.0
5.66376,0.000531817,0.0,0.0,0.0
5.66428,0.000546829,0.0,0.0,0.0
5.66426,0.000548396,0.0,0.0,0.0
5.66391,0.000550028,0.0,0.0,0.0
5.66377,0.000531165,0.0,0.0,0.0
5.66389,0.00054089,0.0,0.0,0.0
5.66338,0.00054931,0.0167294,0.0167679,0.0
5.66367,0.000538149,0.0,0.0,0.0
5.66413,0.000553291,0.0,0.0,0.0
5.66394,0.000534755,0.0,0.0,0.0
5.66413,0.000534037,0.0,0.0,0.0
5.66324,0.000549049,0.0167294,0.0167679,0.0
5.66291,0.000547417,0.0,0.0,0.0
5.66399,0.00054324,0.0,0.0,0.0
5.66385,0.000525029,0.0,0.0,0.0
5.66393,0.000550941,0.0,0.0,0.0
5.6635,0.000529468,0.0,0.0,0.0
5.66396,0.000539911,0.0167294,0.0167679,0.0
5.66448,0.00053234,0.0,0.0,0.0
5.66393,0.000540237,0.0,0.0,0.0
5.66343,0.000532079,0.0,0.0,0.0
5.66406,0.000548788,0.0,0.0,0.0
5.66421,0.000550876,0.0167294,0.0167679,0.0
5.66325,0.000547091,0.0,0.0,0.0
5.66368,0.000536125,0.0167294,0.0167679,0.0
5.66358,0.000538932,0.0167294,0.0167679,0.0
5.66307,0.000536256,0.0,0.0,0.0
5.66312,0.000540368,0.0,0.0,0.0
5.66364,0.000544806,0.0,0.0,0.0
5.66384,0.000543044,0.0334588,0.0236119,0.0
5.66418,0.00053123,0.0,0.0,0.0
5.66344,0.000548918,0.0167294,0.0167679,0.0
5.66356,0.000552573,0.0167294,0.0167679,0.0
5.6636,0.000540237,0.0167294,0.0167679,0.0
5.66378,0.000545589,0.0,0.0,0.0
5.6639,0.000530708,0.0,0.0,0.0
5.66425,0.000537953,0.0,0.0,0.0
5.66409,0.000542,0.0167294,0.0167679,0.0
5.66377,0.000547743,0.0,0.0,0.0
5.66421,0.000538475,0.0334588,0.0236119,0.0
5.66358,0.000543501,0.0,0.0,0.0
5.66363,0.000540368,0.0,0.0,0.0
5.66341,0.000555184,0.0167294,0.0167679,0.0
5.66379,0.000556424,0.0,0.0,0.0
5.66412,0.000543174,0.0,0.0,0.0
5.6644,0.00054696,0.0167294,0.0167679,0.0
5.66318,0.000532796,0.0,0.0,0.0
5.66317,0.000542,0.0,0.0,0.0
5.66431,0.00054089,0.0167294,0.0167679,0.0
5.66336,0.000540825,0.0,0.0,0.0
5.66317,0.000543892,0.0,0.0,0.0
5.6636,0.000558447,0.0,0.0,0.0
5.66367,0.000542456,0.0167294,0.0167679,0.0
5.66318,0.000539715,0.0334588,0.0236119,0.0
5.66331,0.000529598,0.0,0.0,0.0
5.66321,0.000539193,0.0167294,0.0167679,0.0
5.66374,0.000556555,0.0167294,0.0167679,0.0
5.66418,0.000538801,0.0,0.0,0.0
5.66398,0.000530316,0.0167294,0.0167679,0.0
5.66437,0.00054448,0.0167294,0.0167679,0.0
5.66365,0.000536452,0.0,0.0,0.0
5.66245,0.000540368,0.0,0.0,0.0
5.66339,0.000543762,0.0,0.0,0.0
5.66351,0.000529794,0.0,0.0,0.0
5.66306,0.000521244,0.0,0.0,0.0
5.66395,0.000525095,0.0,0.0,0.0
5.66376,0.000545981,0.0167294,0.0167679,0.0
5.66366,0.000546373,0.0334588,0.0236119,0.0
5.66356,0.00054944,0.0167294,0.0167679,0.0
5.66354,0.000545198,0.0,0.0,0.0
5.66376,0.000543762,0.0,0.0,0.0
5.66427,0.000544937,0.0,0.0,0.0
5.66387,0.000532927,0.0,0.0,0.0
5.66293,0.000546373,0.0167294,0.0167679,0.0
5.66381,0.000528815,0.0,0.0,0.0
5.66416,0.000539193,0.0,0.0,0.0
5.66424,0.00054102,0.0,0.0,0.0
5.664,0.000535473,0.0,0.0,0.0
5.66271,0.000556881,0.0,0.0,0.0
5.6631,0.000539128,0.0,0.0,0.0
5.66454,0.000541477,0.0,0.0,0.0
5.66365,0.000534232,0.0,0.0,0.0
5.66353,0.000527771,0.0,0.0,0.0
5.66369,0.000546177,0.0167294,0.0167679,0.0
5.66289,0.000536386,0.0,0.0,0.0
5.66232,0.000543435,0.0167294,0.0167679,0.0
5.66424,0.000534167,0.0,0.0,0.0
5.66406,0.000542195,0.0167294,0.0167679,0.0
5.66268,0.000544349,0.0,0.0,0.0
5.66385,0.000539128,0.0334588,0.0236119,0.0
5.66477,0.000533645,0.0,0.0,0.0
5.66343,0.000546568,0.0,0.0,0.0
5.66311,0.000542652,0.0,0.0,0.0
5.66332,0.000541216,0.0,0.0,0.0
5.66422,0.000541869,0.0,0.0,0.0
5.66457,0.000537626,0.0334588,0.0236119,0.0
5.66293,0.000551398,0.0,0.0,0.0
5.66261,0.000547091,0.0,0.0,0.0
5.66265,0.000533776,0.0,0.0,0.0
5.6638,0.000538997,0.0167294,0.0167679,0.0
5.66403,0.00056158,0.0,0.0,0.0
5.66381,0.00053854,0.0334588,0.0236119,0.0
5.66366,0.000550028,0.0334588,0.0236119,0.0
5.66373,0.00053841,0.0,0.0,0.0
5.66437,0.000554662,0.0167294,0.0167679,0.0
5.66473,0.000569348,0.0,0.0,0.0
5.66391,0.000547547,0.0167294,0.0167679,0.0
5.66288,0.000544349,0.0,0.0,0.0
5.66346,0.00054461,0.0,0.0,0.0
5.66324,0.000545002,0.0,0.0,0.0
5.66339,0.000537626,0.0167294,0.0167679,0.0
5.66447,0.000528815,0.0,0.0,0.0
5.66331,0.000548461,0.0,0.0,0.0
5.66333,0.000535473,0.0,0.0,0.0
5.664,0.000522353,0.0,0.0,0.0
5.66392,0.000533906,0.0,0.0,0.0
5.66287,0.000540759,0.0,0.0,0.0
5.66336,0.000523724,0.0,0.0,0.0
5.66407,0.000534363,0.0167294,0.0167679,0.0
5.66339,0.000534624,0.0167294,0.0167679,0.0
5.66376,0.000548331,0.0,0.0,0.0
5.66319,0.000544676,0.0,0.0,0.0
5.66318,0.000550028,0.0,0.0,0.0
5.66327,0.000535538,0.0,0.0,0.0
5.66343,0.000552834,0.0167294,0.0167679,0.0
5.66317,0.000533514,0.0,0.0,0.0
5.66387,0.000530381,0.0,0.0,0.0
5.6637,0.000552182,0.0167294,0.0167679,0.0
5.66407,0.000540498,0.0,0.0,0.0
5.66372,0.00053965,0.0,0.0,0.0
5.66353,0.000537757,0.0,0.0,0.0
5.6644,0.000539128,0.0,0.0,0.0
5.66348,0.000546829,0.0334588,0.0236119,0.0
5.66353,0.000553095,0.0501882,0.0290871,0.0
5.66396,0.000543827,0.0,0.0,0.0
5.66384,0.000537888,0.0,0.0,0.0
5.66373,0.000546568,0.0167294,0.0167679,0.0
5.66357,0.000546373,0.0334588,0.0236119,0.0
5.66378,0.000550354,0.0167294,0.0167679,0.0
5.66335,0.000537953,0.0,0.0,0.0
5.66335,0.000534298,0.0,0.0,0.0
5.66334,0.000545198,0.0167294,0.0167679,0.0
5.66323,0.000542391,0.0,0.0,0.0
5.66436,0.000538083,0.0,0.0,0.0
5.66327,0.000536582,0.0,0.0,0.0
5.66256,0.000526987,0.0,0.0,0.0
5.66353,0.000534885,0.0,0.0,0.0
5.66355,0.000545655,0.0,0.0,0.0
5.6646,0.000556294,0.0,0.0,0.0
5.66405,0.000532927,0.0167294,0.0167679,0.0
5.66347,0.000523593,0.0,0.0,0.0
5.66388,0.000543958,0.0,0.0,0.0
5.66444,0.000527705,0.0,0.0,0.0
5.66421,0.000540629,0.0,0.0,0.0
5.6636,0.00055551,0.0,0.0,0.0
5.66381,0.000561124,0.0167294,0.0167679,0.0
5.66413,0.00055675,0.0167294,0.0167679,0.0
5.66451,0.000540041,0.0,0.0,0.0
5.66388,0.000534755,0.0167294,0.0167679,0.0
5.66353,0.000544545,0.0,0.0,0.0
5.66415,0.000548265,0.0,0.0,0.0
5.66469,0.000541216,0.0,0.0,0.0
5.66452,0.000533188,0.0,0.0,0.0
5.66443,0.000545981,0.0,0.0,0.0
5.66384,0.000538671,0.0167294,0.0167679,0.0
5.66364,0.000527967,0.0167294,0.0167679,0.0
5.66377,0.000537365,0.0,0.0,0.0
5.66345,0.000545524,0.0167294,0.0167679,0.0
5.66449,0.00053495,0.0,0.0,0.0
5.66371,0.000530251,0.0167294,0.0167679,0.0
5.66365,0.000534428,0.0,0.0,0.0
5.66482,0.000542783,0.0,0.0,0.0
5.66372,0.000540955,0.0,0.0,0.0
5.66306,0.000538736,0.0,0.0,0.0
5.66353,0.000534493,0.0,0.0,0.0
5.66317,0.000548265,0.0,0.0,0.0
5.66388,0.000550941,0.0167294,0.0167679,0.0
5.66365,0.000546699,0.0167294,0.0167679,0.0
5.6625,0.000551007,0.0,0.0,0.0
5.66278,0.000541543,0.0,0.0,0.0
5.66423,0.000540694,0.0,0.0,0.0
5.66433,0.000545067,0.0334588,0.0236119,0.0
5.66317,0.000545524,0.0334588,0.0236119,0.0
5.66344,0.00054448,0.0,0.0,0.0
5.66318,0.00053495,0.0167294,0.0167679,0.0
5.6624,0.000544023,0.0,0.0,0.0
5.66353,0.000538475,0.0,0.0,0.0
5.66446,0.000561972,0.0,0.0,0.0
5.66357,0.000545459,0.0,0.0,0.0
5.66309,0.000540629,0.0334588,0.0236119,0.0
5.66476,0.000550876,0.0,0.0,0.0
5.66431,0.000550223,0.0167294,0.0167679,0.0
5.66398,0.000537365,0.0167294,0.0167679,0.0
5.66409,0.000545132,0.0,0.0,0.0
5.66344,0.000537496,0.0334588,0.0236119,0.0
5.66359,0.000565758,0.0334588,0.0335357,0.0
5.6634,0.000537431,0.0,0.0,0.0
5.66266,0.000540107,0.0,0.0,0.0
5.66317,0.000544088,0.0,0.0,0.0
5.66408,0.000544088,0.0,0.0,0.0
5.66325,0.000548722,0.0,0.0,0.0
5.66375,0.00054213,0.0,0.0,0.0
5.66456,0.000543762,0.0,0.0,0.0
5.66425,0.000537431,0.0,0.0,0.0
5.66294,0.000532796,0.0,0.0,0.0
5.6635,0.000539454,0.0,0.0,0.0
5.66431,0.000534428,0.0167294,0.0167679,0.0
5.66503,0.000542587,0.0167294,0.0167679,0.0
5.66367,0.00054324,0.0,0.0,0.0
5.66274,0.000548331,0.0334588,0.0236119,0.0
5.66307,0.000539128,0.0,0.0,0.0
5.66379,0.000534885,0.0,0.0,0.0
5.66402,0.000529402,0.0167294,0.0167679,0.0
5.66354,0.000534363,0.0,0.0,0.0
5.66335,0.000536517,0.0,0.0,0.0
5.66392,0.000545916,0.0167294,0.0167679,0.0
5.66423,0.000528423,0.0,0.0,0.0
5.66338,0.000542261,0.0167294,0.0167679,0.0
5.66321,0.000543501,0.0167294,0.0167679,0.0
5.66388,0.000539715,0.0,0.0,0.0
5.66349,0.000553226,0.0,0.0,0.0
5.6639,0.000545916,0.0,0.0,0.0
5.66393,0.000545067,0.0,0.0,0.0
5.66387,0.000546634,0.0,0.0,0.0
5.66396,0.000539193,0.0,0.0,0.0
5.66465,0.000552573,0.0334588,0.0236119,0.0
5.66389,0.000535995,0.0,0.0,0.0
5.66376,0.000531817,0.0,0.0,0.0
5.66423,0.000544088,0.0,0.0,0.0
5.66381,0.000551203,0.0167294,0.0167679,0.0
5.66323,0.000550028,0.0167294,0.0167679,0.0
5.66352,0.000553944,0.0669176,0.0335357,0.0
5.66389,0.00053717,0.0,0.0,0.0
5.66455,0.000541151,0.0167294,0.0167679,0.0
5.66358,0.000543044,0.0,0.0,0.0
5.66303,0.00055068,0.0,0.0,0.0
5.6634,0.000538671,0.0,0.0,0.0
5.66403,0.000541412,0.0167294,0.0167679,0.0
5.66385,0.00053247,0.0,0.0,0.0
5.66398,0.000537953,0.0,0.0,0.0
5.66428,0.000533906,0.0,0.0,0.0
5.66371,0.000533971,0.0,0.0,0.0
5.66355,0.000561646,0.0167294,0.0167679,0.0
5.66388,0.000539715,0.0,0.0,0.0
5.66289,0.000531295,0.0167294,0.0167679,0.0
5.66363,0.000551203,0.0,0.0,0.0
5.66337,0.000540302,0.0334588,0.0236119,0.0
5.66269,0.000547091,0.0167294,0.0167679,0.0
5.66297,0.000536256,0.0,0.0,0.0
5.66398,0.000536647,0.0167294,0.0167679,0.0
5.66414,0.000529925,0.0,0.0,0.0
5.66384,0.000541608,0.0,0.0,0.0
5.664,0.000545916,0.0167294,0.0167679,0.0
5.66327,0.000543631,0.0,0.0,0.0
5.66383,0.000525682,0.0,0.0,0.0
5.66362,0.000538018,0.0167294,0.0167679,0.0
5.6635,0.000552443,0.0167294,0.0167679,0.0
5.66346,0.000549832,0.0167294,0.0167679,0.0
5.66352,0.000565105,0.0167294,0.0167679,0.0
5.6633,0.000538867,0.0,0.0,0.0
5.66316,0.000544349,0.0167294,0.0167679,0.0
5.66226,0.000541673,0.0,0.0,0.0
5.66417,0.000542456,0.0,0.0,0.0
5.6638,0.000538149,0.0334588,0.0236119,0.0
5.66358,0.000544414,0.0,0.0,0.0
5.66319,0.000540955,0.0167294,0.0167679,0.0
5.66437,0.000528423,0.0,0.0,0.0
5.66421,0.000543174,0.0,0.0,0.0
5.66319,0.000544023,0.0,0.0,0.0
5.66354,0.000546438,0.0,0.0,0.0
5.66368,0.000546438,0.0167294,0.0167679,0.0
5.66439,0.000556163,0.0,0.0,0.0
5.6642,0.000563277,0.0167294,0.0167679,0.0
5.66344,0.000531622,0.0,0.0,0.0
5.66302,0.000540955,0.0167294,0.0167679,0.0
5.66389,0.000541738,0.0334588,0.0236119,0.0
5.66335,0.000537692,0.0,0.0,0.0
5.6645,0.000546242,0.0,0.0,0.0
5.66418,0.000546111,0.0,0.0,0.0
5.66332,0.000545002,0.0,0.0,0.0
5.66389,0.000539062,0.0334588,0.0236119,0.0
5.6645,0.000542652,0.0167294,0.0167679,0.0
5.66331,0.000544284,0.0,0.0,0.0
5.66322,0.000535211,0.0,0.0,0.0
5.66379,0.000545002,0.0,0.0,0.0
5.66292,0.000547221,0.0,0.0,0.0
5.66317,0.000531948,0.0,0.0,0.0
5.6635,0.00055662,0.0,0.0,0.0
5.66424,0.000569674,0.0334588,0.0236119,0.0
5.66414,0.00053841,0.0,0.0,0.0
5.66421,0.000538997,0.0,0.0,0.0
5.66297,0.000545981,0.0,0.0,0.0
5.66285,0.000546829,0.0,0.0,0.0
5.66305,0.000546699,0.0167294,0.0167679,0.0
5.66358,0.000550876,0.0,0.0,0.0
5.664,0.000534755,0.0167294,0.0167679,0.0
5.6635,0.000527379,0.0,0.0,0.0
5.66333,0.000549636,0.0,0.0,0.0
5.66292,0.000547025,0.0334588,0.0236119,0.0
5.66327,0.000559361,0.0,0.0,0.0
5.66405,0.000543697,0.0167294,0.0167679,0.0
5.66413,0.000542587,0.0,0.0,0.0
5.66413,0.000549049,0.0,0.0,0.0
5.66302,0.000539976,0.0,0.0,0.0
5.66357,0.00055179,0.0334588,0.0236119,0.0
5.66494,0.000553683,0.0167294,0.0167679,0.0
5.66415,0.000541608,0.0,0.0,0.0
5.66356,0.000543305,0.0167294,0.0167679,0.0
5.66363,0.000535277,0.0,0.0,0.0
5.66385,0.000537039,0.0334588,0.0236119,0.0
5.66348,0.000547482,0.0,0.0,0.0
5.66353,0.000542522,0.0,0.0,0.0
5.66422,0.000538083,0.0167294,0.0167679,0.0
5.66331,0.000553291,0.0,0.0,0.0
5.66331,0.000535734,0.0167294,0.0167679,0.0
5.66471,0.000531034,0.0,0.0,0.0
5.66411,0.000540498,0.0,0.0,0.0
5.66397,0.000554727,0.0167294,0.0167679,0.0
5.66358,0.000549962,0.0167294,0.0167679,0.0
5.66354,0.000531295,0.0,0.0,0.0
5.66454,0.000535995,0.0167294,0.0167679,0.0
5.66442,0.000530904,0.0,0.0,0.0
5.66352,0.000539193,0.0,0.0,0.0
5.66393,0.000532731,0.0,0.0,0.0
5.66372,0.000555706,0.0334588,0.0236119,0.0
5.66254,0.000547874,0.0,0.0,0.0
5.66378,0.000549375,0.0167294,0.0167679,0.0
5.66353,0.000537039,0.0167294,0.0167679,0.0
5.6638,0.00054585,0.0,0.0,0.0
5.664,0.000528423,0.0,0.0,0.0
5.66465,0.00053717,0.0,0.0,0.0
5.66387,0.000527183,0.0167294,0.0167679,0.0
5.66339,0.000548265,0.0,0.0,0.0
5.66345,0.000546503,0.0,0.0,0.0
5.66344,0.000541477,0.0,0.0,0.0
5.66321,0.00054585,0.0,0.0,0.0
5.66301,0.000540759,0.0167294,0.0167679,0.0
5.66255,0.000542652,0.0,0.0,0.0
5.66334,0.000547417,0.0,0.0,0.0
5.66389,0.000550093,0.0167294,0.0167679,0.0
5.66314,0.000549049,0.0167294,0.0167679,0.0
5.66395,0.000552247,0.0,0.0,0.0
5.66304,0.0005591,0.0334588,0.0236119,0.0
5.66244,0.000554662,0.0334588,0.0236119,0.0
5.66376,0.00054089,0.0334588,0.0236119,0.0
5.66368,0.000545067,0.0,0.0,0.0
5.66286,0.000548526,0.0,0.0,0.0
5.66405,0.000543827,0.0,0.0,0.0
5.66406,0.000533906,0.0167294,0.0167679,0.0
5.66257,0.000539389,0.0167294,0.0167679,0.0
5.66351,0.000524442,0.0,0.0,0.0
5.66372,0.000537431,0.0,0.0,0.0
5.66353,0.000559035,0.0167294,0.0167679,0.0
5.66389,0.000547286,0.0334588,0.0236119,0.0
5.66357,0.000545524,0.0334588,0.0236119,0.0
5.66257,0.000557403,0.0334588,0.0236119,0.0
5.66301,0.000549897,0.0,0.0,0.0
5.6643,0.000540955,0.0167294,0.0167679,0.0
5.66365,0.000540302,0.0,0.0,0.0
5.66322,0.000545916,0.0,0.0,0.0
5.66346,0.000527379,0.0,0.0,0.0
5.66379,0.000545132,0.0167294,0.0167679,0.0
5.66326,0.000532535,0.0334588,0.0236119,0.0
5.66245,0.000543762,0.0167294,0.0167679,0.0
5.66293,0.000534298,0.0,0.0,0.0
5.66333,0.00053619,0.0167294,0.0167679,0.0
5.66279,0.00052627,0.0,0.0,0.0
5.66265,0.000542,0.0,0.0,0.0
5.66415,0.000548004,0.0,0.0,0.0
5.66358,0.000533319,0.0,0.0,0.0
5.66288,0.000543827,0.0,0.0,0.0
5.66336,0.00053495,0.0167294,0.0167679,0.0
5.66406,0.000555445,0.0501882,0.0290871,0.0
5.66351,0.000548004,0.0167294,0.0167679,0.0
5.66446,0.000539128,0.0167294,0.0167679,0.0
5.66425,0.000548004,0.0,0.0,0.0
5.66374,0.000535211,0.0,0.0,0.0
5.66471,0.000534037,0.0,0.0,0.0
5.66425,0.000538801,0.0167294,0.0167679,0.0
5.66313,0.000543762,0.0167294,0.0167679,0.0
5.66345,0.000530512,0.0,0.0,0.0
5.66353,0.000548265,0.0,0.0,0.0
5.66444,0.000552704,0.0,0.0,0.0
5.66417,0.000547743,0.0167294,0.0167679,0.0
5.6636,0.0005373,0.0501882,0.0290871,0.0
5.6639,0.000548722,0.0,0.0,0.0
5.66353,0.000539519,0.0,0.0,0.0
5.66346,0.000543631,0.0,0.0,0.0
5.66455,0.000538736,0.0,0.0,0.0
5.66431,0.000545916,0.0167294,0.0167679,0.0
5.66365,0.000546242,0.0,0.0,0.0
5.66396,0.000532601,0.0,0.0,0.0
5.66448,0.000554792,0.0334588,0.0236119,0.0
5.66366,0.00054089,0.0,0.0,0.0
5.66401,0.000557534,0.0167294,0.0167679,0.0
5.66268,0.000533384,0.0,0.0,0.0
5.66372,0.000538018,0.0167294,0.0167679,0.0
5.66439,0.000547352,0.0167294,0.0167679,0.0
5.66405,0.000537365,0.0,0.0,0.0
5.66292,0.000526857,0.0,0.0,0.0
5.66353,0.000536517,0.0,0.0,0.0
5.66427,0.000527901,0.0167294,0.0167679,0.0
5.66297,0.000539258,0.0,0.0,0.0
5.66315,0.000539389,0.0,0.0,0.0
5.66387,0.000522745,0.0,0.0,0.0
5.66422,0.000538736,0.0167294,0.0167679,0.0
5.66476,0.000547025,0.0,0.0,0.0
5.66338,0.00052875,0.0167294,0.0167679,0.0
5.66371,0.000552638,0.0,0.0,0.0
5.66331,0.000542,0.0167294,0.0167679,0.0
5.66319,0.000542848,0.0,0.0,0.0
5.66398,0.000535473,0.0,0.0,0.0
5.66298,0.000548004,0.0,0.0,0.0
5.6624,0.00054931,0.0,0.0,0.0
5.66388,0.000519612,0.0,0.0,0.0
5.66321,0.00052764,0.0167294,0.0167679,0.0
5.66385,0.000522092,0.0,0.0,0.0
5.66386,0.000547286,0.0167294,0.0167679,0.0
5.66354,0.000543305,0.0167294,0.0167679,0.0
5.66336,0.000554792,0.0167294,0.0167679,0.0
5.66383,0.000550093,0.0,0.0,0.0
5.66362,0.000531295,0.0167294,0.0167679,0.0
5.66407,0.000541347,0.0167294,0.0167679,0.0
5.66382,0.000538801,0.0,0.0,0.0
5.66365,0.000541869,0.0167294,0.0167679,0.0
5.66199,0.000535081,0.0,0.0,0.0
5.66261,0.000530512,0.0,0.0,0.0
5.6625,0.000541216,0.0,0.0,0.0
5.66357,0.00055192,0.0167294,0.0167679,0.0
5.66334,0.000542522,0.0,0.0,0.0
5.66404,0.000531817,0.0,0.0,0.0
5.66368,0.000554858,0.0167294,0.0167679,0.0
5.66336,0.000541412,0.0167294,0.0167679,0.0
5.66404,0.000542261,0.0,0.0,0.0
5.66503,0.00054102,0.0,0.0,0.0
5.66332,0.000556489,0.0167294,0.0167679,0.0
5.66339,0.000551725,0.0,0.0,0.0
5.66379,0.000523985,0.0,0.0,0.0
5.66452,0.000545524,0.0,0.0,0.0
5.92151,0.00617347,0.0501882,0.0290871,0.0
11.5933,0.0779077,59.9582,0.983486,0.0
33.5414,0.172345,153.007,0.966718,0.0
54.1037,0.0940307,190.146,0.905464,0.0
51.4738,0.0974001,185.496,0.890065,0.0
45.165,0.067484,185.278,0.859609,0.0
44.9001,0.0637015,183.906,0.878088,0.0
41.8779,0.0670713,184.843,0.886985,0.0
39.6689,0.0550192,189.276,0.851054,0.0
39.7189,0.0668593,187.102,0.872271,0.0
37.6954,0.0727046,185.379,0.860978,0.0
34.9714,0.048034,186.064,0.86132,0.0
33.1727,0.0449446,185.178,0.842157,0.0
31.3398,0.0432301,184.442,0.852765,0.0
29.3502,0.0432369,182.066,0.87056,0.0
27.001,0.049,180.109,0.862689,0.0
24.2666,0.0422929,180.059,0.862689,0.0
22.4919,0.0462141,178.653,0.845921,0.0
22.1466,0.0589487,180.895,0.865085,0.0
22.4367,0.0708756,180.393,0.868849,0.0
23.3237,0.0846919,180.962,0.862347,0.0
24.2773,0.0827285,183.873,0.861662,0.0
23.9061,0.0646123,178.469,0.874666,0.0
22.8495,0.053982,181.297,0.85345,0.0
22.3608,0.0544028,179.155,0.846606,0.0
22.1229,0.0545166,179.456,0.87364,0.0
21.9341,0.0560877,178.235,0.880484,0.0
21.9813,0.0576203,179.757,0.860636,0.0
21.8574,0.0518517,178.887,0.851054,0.0
21.3357,0.0477811,179.607,0.876719,0.0
20.7162,0.0524943,177.131,0.88767,0.0
20.3074,0.058274,176.361,0.874324,0.0
20.2095,0.0583357,177.716,0.837024,0.0
20.1972,0.0588641,176.361,0.862689,0.0
20.1428,0.0621878,177.733,0.859951,0.0
20.0054,0.0632936,177.031,0.85345,0.0
19.7317,0.0599436,175.709,0.861662,0.0
19.512,0.054638,176.629,0.879799,0.0
19.2371,0.0452021,176.11,0.864058,0.0
18.7773,0.0386178,174.973,0.864742,0.0
18.2548,0.041195,174.371,0.846948,0.0
17.7216,0.0455896,171.644,0.853792,0.0
17.3085,0.0445252,171.543,0.855161,0.0
16.9815,0.0440234,172.313,0.863716,0.0
16.7334,0.0456005,171.593,0.869191,0.0
16.66,0.0453757,169.87,0.849343,0.0
16.6673,0.044334,171.393,0.850712,0.0
16.5898,0.0433051,170.205,0.85037,0.0
16.3417,0.0414885,170.807,0.849001,0.0
16.0739,0.0407722,169.82,0.846948,0.0
15.864,0.0395443,167.612,0.849001,0.0
15.6466,0.0379689,168.499,0.868164,0.0
15.4729,0.0373087,168.699,0.853792,0.0
15.2946,0.0362675,168.181,0.839419,0.0
15.0692,0.0342473,168.03,0.846606,0.0
14.8398,0.0331134,165.22,0.860636,0.0
14.6368,0.0318132,164.751,0.865085,0.0
14.4196,0.0306217,164.584,0.855503,0.0
14.1637,0.0300288,164.433,0.833602,0.0
13.9281,0.0294044,162.827,0.844895,0.0
13.6991,0.029253,162.459,0.845579,0.0
13.483,0.0298322,161.355,0.843868,0.0
13.2755,0.0305402,159.23,0.842157,0.0
13.0899,0.0308059,159.582,0.852423,0.0
12.9962,0.0311015,160.853,0.84421,0.0
12.9521,0.0316693,158.478,0.859951,0.0
12.8895,0.0321876,158.227,0.849343,0.0
12.7768,0.0329195,160.05,0.857556,0.0
12.6582,0.0330573,157.44,0.848317,0.0
12.573,0.0327581,157.273,0.854476,0.0
12.464,0.0322764,155.951,0.851054,0.0
12.3551,0.0316676,156.119,0.854476,0.0
12.2431,0.0310239,155.818,0.829838,0.0
12.1229,0.0296951,155.717,0.852423,0.0
12.0461,0.0301645,153.676,0.865085,0.0
11.9498,0.0309451,152.187,0.864742,0.0
11.8084,0.0309305,152.673,0.847974,0.0
11.6499,0.0303432,151.501,0.833602,0.0
11.4165,0.0302154,149.879,0.864058,0.0
11.1892,0.0302845,147.386,0.843184,0.0
11.0164,0.0293328,147.286,0.856187,0.0
10.802,0.0279415,144.977,0.850028,0.0
10.5932,0.0269712,144.977,0.866453,0.0
10.4575,0.0273161,143.103,0.860294,0.0
10.3278,0.0268627,140.744,0.871586,0.0
10.1849,0.02625,141.715,0.858583,0.0
10.0746,0.0257774,139.691,0.875008,0.0
9.98387,0.0257914,137.298,0.867138,0.0
9.89243,0.0256772,137.683,0.86748,0.0
9.78819,0.0250465,137.298,0.854134,0.0
9.68429,0.0245757,136.897,0.849001,0.0
9.58657,0.0243392,134.99,0.870218,0.0
9.48808,0.0242104,134.956,0.87056,0.0
9.42303,0.024248,133.601,0.870902,0.0
9.35033,0.0238593,129.921,0.85345,0.0
9.25251,0.0228503,130.456,0.843868,0.0
9.16861,0.0224252,129.118,0.851396,0.0
9.09968,0.0217892,129.419,0.837708,0.0
9.0281,0.0212765,127.93,0.846948,0.0
8.95135,0.0213551,126.357,0.886301,0.0
8.86903,0.0210271,125.203,0.8644,0.0
8.76533,0.0201867,122.995,0.891776,0.0
8.6604,0.0197481,123.095,0.869533,0.0
8.58697,0.0197285,120.97,0.868507,0.0
8.51276,0.0199308,119.147,0.860636,0.0
8.40463,0.019906,116.771,0.833944,0.0
8.27958,0.0198519,114.245,0.865085,0.0
8.18276,0.019068,113.71,0.892803,0.0
8.16366,0.0186813,113.342,0.847974,0.0
8.16459,0.0182025,113.007,0.899305,0.0
8.12134,0.0179092,112.003,0.866796,0.0
8.07987,0.0176712,110.28,0.85037,0.0
8.03421,0.0174683,109.444,0.875351,0.0
7.99191,0.0179004,108.557,0.881852,0.0
7.95077,0.0179902,107.604,0.892118,0.0
7.8711,0.0172066,107.118,0.871586,0.0
7.77487,0.0167929,103.053,0.888696,0.0
7.69736,0.0162974,101.196,0.8644,0.0
7.62253,0.0159678,101.062,0.870902,0.0
7.55392,0.015532,99.0213,0.872613,0.0
7.47268,0.0148776,96.077,0.879115,0.0
7.37786,0.0141139,93.6679,0.875351,0.0
7.30393,0.0134561,91.3091,0.860294,0.0
7.23718,0.0128254,88.9837,0.870902,0.0
7.17124,0.0124788,86.675,0.865427,0.0
7.11728,0.012514,85.4371,0.87843,0.0
7.06794,0.0127179,83.3459,0.872271,0.0
6.9918,0.0122652,79.9833,0.886985,0.0
6.92187,0.0116636,79.3141,0.872613,0.0
6.86346,0.0111789,74.8306,0.829496,0.0
6.78854,0.0101854,73.074,0.84113,0.0
6.72504,0.0094205,69.611,0.839762,0.0
6.66466,0.00914578,67.5868,0.814781,0.0
6.61659,0.00917183,65.0272,0.834971,0.0
6.59798,0.00880814,63.7056,0.821625,0.0
6.583,0.00883902,64.0402,0.835997,0.0
6.55403,0.00885905,61.3969,0.812043,0.0
6.52475,0.00865026,60.4935,0.815123,0.0
6.51296,0.00850014,60.8448,0.791511,0.0
6.49409,0.00869999,58.0678,0.807595,0.0
6.45927,0.00815682,57.064,0.803488,0.0
6.4341,0.0080738,56.5454,0.799724,0.0
6.41386,0.00817881,54.1196,0.800408,0.0
6.39315,0.00779411,52.6976,0.776797,0.0
6.3752,0.00767356,51.192,0.773717,0.0
6.36087,0.00761515,52.363,0.796302,0.0
6.33951,0.00741699,49.0339,0.776797,0.0
6.32308,0.00757605,50.3555,0.786378,0.0
6.31568,0.00740942,47.478,0.765504,0.0
6.30292,0.00705605,49.335,0.760371,0.0
6.29615,0.00695879,47.6286,0.777481,0.0
6.28984,0.00716642,47.6955,0.773032,0.0
6.27984,0.00728364,46.6918,0.773032,0.0
6.26173,0.00704312,46.0226,0.766531,0.0
6.25686,0.00697602,45.2196,0.750447,0.0
6.25844,0.00705696,45.8386,0.779192,0.0
6.24191,0.00681735,43.3124,0.743945,0.0
6.23017,0.00667467,44.2995,0.746341,0.0
6.23073,0.00671012,43.5801,0.729573,0.0
6.21759,0.00680358,42.4927,0.73847,0.0
6.2101,0.00679059,42.9276,0.763109,0.0
6.20756,0.00665849,42.1414,0.730257,0.0
6.19389,0.00662076,40.368,0.725809,0.0
6.18086,0.00624363,40.1338,0.708699,0.0
6.17582,0.00626791,39.8829,0.731626,0.0
6.16818,0.0063012,39.6654,0.716911,0.0
6.16528,0.00628058,40.1673,0.725124,0.0
6.16376,0.00626184,39.3977,0.718965,0.0
6.15062,0.00598014,38.2434,0.713147,0.0
6.14661,0.00613685,38.8624,0.712805,0.0
6.13625,0.00611466,37.4069,0.717938,0.0
6.1252,0.00585404,37.4906,0.71041,0.0
6.12928,0.00592577,36.3697,0.691931,0.0
6.12489,0.00593726,37.2898,0.699459,0.0
6.11462,0.00583211,35.4161,0.695695,0.0
6.11394,0.00578577,35.8511,0.697748,0.0
6.11252,0.00583511,36.4868,0.692615,0.0
6.09812,0.00578028,34.8641,0.674478,0.0
6.08017,0.00548885,33.9607,0.6779,0.0
6.07557,0.00570868,33.7097,0.68714,0.0
6.07344,0.00549643,34.0109,0.693642,0.0
6.07062,0.00541928,33.3752,0.657711,0.0
6.06264,0.00551353,32.6391,0.672767,0.0
6.05494,0.00533286,33.0071,0.68714,0.0
6.05178,0.00526922,31.9699,0.650182,0.0
6.03932,0.00532216,30.849,0.675847,0.0
6.02976,0.00521028,31.2338,0.675505,0.0
6.03062,0.00501095,29.7951,0.642654,0.0
6.0276,0.00518391,29.9624,0.646076,0.0
6.02264,0.005096,30.1464,0.646418,0.0
6.01181,0.00484627,28.6407,0.63273,0.0
6.0024,0.00479752,28.2392,0.632046,0.0
6.00497,0.00492434,28.5905,0.631361,0.0
6.00948,0.00482121,28.2727,0.630335,0.0
6.0012,0.00484627,28.0719,0.632046,0.0
5.99409,0.00483485,28.189,0.631361,0.0
6.00184,0.00491944,28.4233,0.634441,0.0
5.99907,0.00492571,28.189,0.628966,0.0
5.9875,0.00486344,27.8043,0.624517,0.0
5.98866,0.00466515,27.7206,0.627255,0.0
5.99308,0.0047829,27.9214,0.629308,0.0
5.98872,0.00471495,27.5701,0.627597,0.0
5.98286,0.00465471,26.8172,0.606723,0.0
5.97993,0.00466274,25.8804,0.613909,0.0
5.98255,0.00470353,27.4864,0.627597,0.0
5.9814,0.00465366,26.2819,0.617331,0.0
5.97621,0.00479308,25.9975,0.616304,0.0
5.97739,0.00470614,27.2522,0.612882,0.0
5.975,0.00448677,25.78,0.602274,0.0
5.96669,0.00465053,25.8971,0.607065,0.0
5.96075,0.00470862,25.6462,0.61562,0.0
5.96285,0.00461189,25.6294,0.605696,0.0
5.95631,0.00433743,25.1777,0.620068,0.0
5.94635,0.00438253,24.0067,0.593035,0.0
5.94308,0.00426955,23.3208,0.586533,0.0
5.93898,0.00434115,23.6052,0.594403,0.0
5.93416,0.00419867,23.1033,0.581058,0.0
5.93216,0.00426812,23.0866,0.593035,0.0
5.93275,0.00431752,23.9063,0.588928,0.0
5.92618,0.00419684,22.4843,0.570107,0.0
5.91977,0.00402433,22.2501,0.560525,0.0
5.92323,0.00418548,22.133,0.570107,0.0
5.92222,0.00421603,22.0828,0.575925,0.0
5.91743,0.00409815,22.4509,0.577293,0.0
5.91909,0.00417106,22.8189,0.581058,0.0
5.91127,0.00403021,20.9285,0.557446,0.0
5.90599,0.00400201,21.3467,0.56429,0.0
5.90646,0.00392049,20.9452,0.554708,0.0
5.90309,0.00391834,21.4304,0.566685,0.0
5.89624,0.00390358,20.6608,0.556419,0.0
5.89313,0.00387832,20.7277,0.560868,0.0
5.89047,0.00378492,20.1255,0.549233,0.0
5.88498,0.00380392,19.4061,0.544442,0.0
5.88248,0.0037314,19.2054,0.54102,0.0
5.87908,0.00372083,18.7202,0.537256,0.0
5.87421,0.00369635,18.9544,0.546495,0.0
5.87252,0.00367651,18.7537,0.521515,0.0
5.87192,0.00365197,19.2723,0.539309,0.0
5.87242,0.00354891,18.1347,0.539309,0.0
5.87097,0.00353422,18.921,0.53794,0.0
5.86586,0.00353233,18.7369,0.53007,0.0
5.86266,0.00361614,17.867,0.524594,0.0
5.86088,0.00356953,17.3651,0.518777,0.0
5.86076,0.00363774,17.9841,0.515697,0.0
5.85871,0.00360752,17.1644,0.509538,0.0
5.85429,0.0034794,16.6959,0.492085,0.0
5.85489,0.0034339,17.5157,0.515355,0.0
5.85004,0.00341563,15.9933,0.502351,0.0
5.84118,0.00336648,15.9933,0.496192,0.0
5.84101,0.00332249,16.4785,0.503378,0.0
5.841,0.00331733,15.9264,0.493796,0.0
5.82962,0.00332079,14.8055,0.481477,0.0
5.82122,0.00317041,14.9895,0.491743,0.0
5.82393,0.00318816,13.785,0.461972,0.0
5.8241,0.00323202,14.7219,0.474975,0.0
5.82048,0.00319802,14.3036,0.472922,0.0
5.81775,0.00302603,14.4542,0.480108,0.0
5.81719,0.00310866,13.6679,0.458207,0.0
5.81439,0.00301239,13.3668,0.447599,0.0
5.81257,0.00298387,13.9189,0.464025,0.0
5.81451,0.00303981,13.4839,0.466762,0.0
5.81586,0.00312472,13.8352,0.46642,0.0
5.81224,0.00301494,13.2162,0.457865,0.0
5.81021,0.00299999,13.9356,0.457181,0.0
5.80636,0.00298746,13.0489,0.454443,0.0
5.80315,0.00284484,12.6642,0.444519,0.0
5.80325,0.00283936,12.9486,0.444519,0.0
5.80308,0.00289145,12.4467,0.430147,0.0
5.80333,0.00290881,12.8984,0.451706,0.0
5.80524,0.00296155,13.0824,0.452048,0.0
5.80309,0.00289438,12.4132,0.439386,0.0
5.79857,0.00286416,13.0489,0.460603,0.0
5.7983,0.00290137,11.8779,0.425698,0.0
5.79551,0.00282428,12.8315,0.448626,0.0
5.79527,0.0028331,12.3463,0.43528,0.0
5.79552,0.0027724,12.0619,0.436306,0.0
5.7924,0.00281939,11.4596,0.422961,0.0
5.78896,0.00273637,11.6604,0.432542,0.0
5.78702,0.0028019,11.56,0.423645,0.0
5.78649,0.00272579,11.192,0.431173,0.0
5.78398,0.00275353,10.6901,0.414063,0.0
5.78509,0.00269309,11.7608,0.430489,0.0
5.7885,0.0027489,10.941,0.415774,0.0
5.77977,0.00269642,10.4893,0.409273,0.0
5.77322,0.00260113,10.322,0.409273,0.0
5.77609,0.00263298,10.2886,0.40106,0.0
5.77559,0.00264688,10.138,0.399007,0.0
5.77269,0.00255877,10.0376,0.397296,0.0
5.76975,0.00256536,10.1213,0.405851,0.0
5.76459,0.00250277,9.40192,0.382239,0.0
5.76235,0.00247698,9.56922,0.396953,0.0
5.76227,0.00260746,8.95023,0.392163,0.0
5.76011,0.002442,9.35174,0.39182,0.0
5.75684,0.00239272,8.16395,0.361364,0.0
5.7548,0.00237151,8.39816,0.36376,0.0
5.75125,0.00231322,7.72898,0.364444,0.0
5.74735,0.00222955,7.76244,0.352467,0.0
5.74769,0.00224534,7.5115,0.352809,0.0
5.74671,0.00222322,7.41113,0.352125,0.0
5.74527,0.00225546,8.16395,0.372657,0.0
5.74238,0.00218477,7.21037,0.339464,0.0
5.73965,0.0021428,7.11,0.33262,0.0
5.73839,0.00211624,7.37767,0.347676,0.0
5.74073,0.00210945,7.24383,0.345623,0.0
5.73844,0.00211852,7.09327,0.328171,0.0
5.73591,0.0020712,6.74195,0.336726,0.0
5.7369,0.00207329,6.97616,0.336384,0.0
5.73799,0.00203863,7.46131,0.339806,0.0
5.7361,0.00201089,6.95943,0.333646,0.0
5.7326,0.00196207,6.45755,0.326802,0.0
5.73335,0.00193936,6.39063,0.321327,0.0
5.73471,0.00196938,6.80887,0.330224,0.0
5.7343,0.00198962,6.59138,0.330909,0.0
5.73298,0.00198988,6.80887,0.32954,0.0
5.73209,0.00199647,6.44082,0.334331,0.0
5.73336,0.00204869,6.50774,0.319958,0.0
5.734,0.00207127,6.72522,0.332277,0.0
5.73336,0.00204823,7.09327,0.338437,0.0
5.73315,0.00205802,6.85905,0.331251,0.0
5.73132,0.00192311,6.32371,0.314141,0.0
5.72959,0.00193786,6.20661,0.318247,0.0
5.72932,0.00198263,5.82183,0.303532,0.0
5.72878,0.00199223,6.52447,0.324749,0.0
5.72861,0.00196651,6.02258,0.313798,0.0
5.72825,0.00193401,5.88875,0.309692,0.0
5.72738,0.00190574,6.45755,0.314825,0.0
5.72778,0.00196207,6.10623,0.318931,0.0
5.72701,0.00193799,6.12296,0.315852,0.0
5.72845,0.00189856,6.2568,0.313798,0.0
5.7287,0.00188832,6.24007,0.315167,0.0
5.7255,0.00191684,5.60435,0.307639,0.0
5.72432,0.0018906,5.95567,0.316194,0.0
5.72418,0.00189726,5.67127,0.302506,0.0
5.72323,0.0018519,5.62108,0.309692,0.0
5.72285,0.00187552,5.8051,0.308665,0.0
5.72499,0.00190392,5.9724,0.314825,0.0
5.72575,0.00190542,5.82183,0.307297,0.0
5.72244,0.00186312,5.77164,0.302848,0.0
5.72098,0.00184615,5.57089,0.296688,0.0
5.72199,0.00186906,5.55416,0.302164,0.0
5.71985,0.00183506,4.90171,0.289502,0.0
5.71838,0.00185634,5.57089,0.298742,0.0
5.71986,0.0017803,5.25303,0.296004,0.0
5.71924,0.00177782,5.21957,0.290529,0.0
5.7206,0.00185607,5.88875,0.313114,0.0
5.71993,0.00183258,5.65454,0.305928,0.0
5.71862,0.00184237,5.31995,0.30011,0.0
5.7195,0.00180484,5.26976,0.294293,0.0
5.71765,0.00181254,5.70473,0.306954,0.0
5.71596,0.00176594,5.03555,0.288476,0.0
5.7172,0.00170994,5.08574,0.289502,0.0
5.71665,0.00178428,5.31995,0.29532,0.0
5.71667,0.00182579,5.13593,0.297373,0.0
5.7163,0.00179452,5.1192,0.294977,0.0
5.7152,0.00174505,5.1192,0.300795,0.0
5.71545,0.00173787,4.98536,0.283343,0.0
5.71619,0.00171764,4.85153,0.277525,0.0
5.7138,0.00170817,4.6675,0.27205,0.0
5.71187,0.00169714,4.51694,0.266575,0.0
5.71213,0.00172305,4.63404,0.276499,0.0
5.71125,0.00167965,4.48348,0.277867,0.0
5.71207,0.00169962,4.81807,0.281632,0.0
5.71349,0.00172044,4.86826,0.284711,0.0
5.70987,0.00166993,4.43329,0.269655,0.0
5.70599,0.0016164,4.29946,0.270681,0.0
5.70824,0.0015698,4.29946,0.265206,0.0
5.70867,0.00167038,4.03179,0.258362,0.0
5.70578,0.00156602,3.89795,0.25186,0.0
5.70672,0.0016414,4.33292,0.270339,0.0
5.70671,0.00164173,3.88122,0.254598,0.0
5.70392,0.00161627,4.36637,0.269997,0.0
5.70475,0.00156158,4.11543,0.267944,0.0
5.7045,0.00155329,3.8143,0.253913,0.0
5.70263,0.00154565,3.96487,0.261099,0.0
5.70153,0.00154265,3.63028,0.241936,0.0
5.70092,0.00147614,3.47972,0.238856,0.0
5.70079,0.00148397,3.83103,0.247754,0.0
5.70021,0.0014984,3.5299,0.242621,0.0
5.6971,0.00145369,3.36261,0.239199,0.0
5.69698,0.00140872,3.2455,0.232012,0.0
5.69666,0.00142647,3.22877,0.230301,0.0
5.69757,0.00144873,3.47972,0.240225,0.0
5.69834,0.00147372,3.68047,0.247069,0.0
5.69679,0.00140043,2.92765,0.219693,0.0
5.69592,0.00141831,3.32915,0.236803,0.0
5.69565,0.00141381,3.26223,0.237145,0.0
5.69503,0.00136968,3.17859,0.222431,0.0
5.69588,0.00142967,3.04475,0.22072,0.0
5.69679,0.00141022,3.46299,0.239541,0.0
5.69666,0.00144833,3.21205,0.229617,0.0
5.69604,0.00145597,2.86073,0.217298,0.0
5.69256,0.00133124,2.92765,0.218324,0.0
5.69337,0.00136675,3.2455,0.232012,0.0
5.69584,0.00140075,3.19532,0.233039,0.0
5.69434,0.00137569,2.82727,0.219009,0.0
5.69334,0.00138196,3.04475,0.22072,0.0
5.69299,0.00134488,2.82727,0.220035,0.0
5.69186,0.00133875,3.04475,0.225853,0.0
5.69116,0.00132334,2.52614,0.203267,0.0
5.69,0.00129345,2.69343,0.209085,0.0
5.69197,0.00133353,3.04475,0.22072,0.0
5.69379,0.00137269,2.77708,0.21456,0.0
5.69118,0.00130827,2.64325,0.204636,0.0
5.6922,0.00126258,2.64325,0.212849,0.0
5.69304,0.00127778,2.79381,0.21764,0.0
5.69287,0.0012691,2.89419,0.217298,0.0
5.69212,0.00130317,2.49268,0.20053,0.0
5.68983,0.00124358,2.71016,0.213534,0.0
5.69,0.00127863,2.50941,0.203952,0.0
5.69174,0.00132393,2.60979,0.210112,0.0
5.6907,0.00130122,2.5596,0.201556,0.0
5.69113,0.00133457,2.844,0.217982,0.0
5.69072,0.00128575,2.47595,0.202925,0.0
5.68868,0.00128157,2.52614,0.203267,0.0
5.68945,0.00121917,2.49268,0.199161,0.0
5.68968,0.00131264,2.52614,0.203267,0.0
5.68917,0.00132772,2.69343,0.210454,0.0
5.69024,0.00123693,2.20828,0.192659,0.0
5.68878,0.00128627,2.81054,0.215587,0.0
5.68804,0.00124058,2.49268,0.203267,0.0
5.68669,0.00123053,2.15809,0.192317,0.0
5.68821,0.00123882,2.57633,0.207716,0.0
5.6861,0.00120821,1.94061,0.17726,0.0
5.68449,0.00124058,2.02426,0.185473,0.0
5.68682,0.00120834,2.2752,0.190948,0.0
5.68812,0.00125324,2.17482,0.191633,0.0
5.68577,0.00119085,2.40903,0.203267,0.0
5.68603,0.00119646,1.9908,0.177945,0.0
5.68621,0.00122015,2.37558,0.197792,0.0
5.68499,0.00118419,2.19155,0.189237,0.0
5.68387,0.00117968,1.95734,0.184104,0.0
5.68577,0.00119607,2.15809,0.192317,0.0
5.6858,0.00117551,2.02426,0.182393,0.0
5.68516,0.0011962,2.12463,0.1865,0.0
5.68534,0.00118008,2.22501,0.191975,0.0
5.68546,0.00115638,1.84023,0.173154,0.0
5.68566,0.00119365,1.95734,0.179656,0.0
5.68473,0.00113935,1.95734,0.177945,0.0
5.68476,0.00115801,2.19155,0.189237,0.0
5.68555,0.00115116,2.14136,0.185815,0.0
5.68582,0.00114816,2.24174,0.19129,0.0
5.68424,0.00118491,1.94061,0.18034,0.0
5.68381,0.00116245,1.94061,0.17726,0.0
5.68476,0.00118021,2.09118,0.186842,0.0
5.68387,0.00115253,1.89042,0.181367,0.0
5.68321,0.00110645,2.00753,0.178629,0.0
5.68491,0.00119215,2.07445,0.186157,0.0
5.68626,0.00122387,2.25847,0.196081,0.0
5.68525,0.00118908,2.2752,0.192317,0.0
5.68315,0.00112244,1.7064,0.166994,0.0
5.68401,0.00115873,2.1079,0.187184,0.0
5.68364,0.00110619,2.1079,0.188895,0.0
5.68284,0.00114809,1.90715,0.175891,0.0
5.6843,0.00117525,2.12463,0.185131,0.0
5.6822,0.00112538,1.80678,0.176234,0.0
5.68136,0.00114927,1.90715,0.177602,0.0
5.68268,0.00109222,1.94061,0.178971,0.0
5.6821,0.00115142,1.89042,0.178287,0.0
5.6807,0.00109823,1.68967,0.168021,0.0
5.67994,0.00107062,1.73986,0.170074,0.0
5.68046,0.00106951,1.7064,0.165283,0.0
5.68138,0.00108707,1.75659,0.172469,0.0
5.68306,0.00110397,1.87369,0.177602,0.0
5.68135,0.00109777,1.68967,0.16631,0.0
5.68091,0.00110299,1.89042,0.173496,0.0
5.68035,0.00102317,1.37181,0.148858,0.0
5.68023,0.00102408,1.60602,0.163914,0.0
5.681,0.00107858,1.85696,0.175207,0.0
5.68098,0.00106174,1.95734,0.179656,0.0
5.67945,0.00103857,1.43873,0.161177,0.0
5.6802,0.00107075,1.95734,0.177945,0.0
5.68047,0.00104516,1.72313,0.16939,0.0
5.67997,0.0010761,1.8235,0.17726,0.0
5.67921,0.00102624,1.33835,0.1492,0.0
5.67975,0.000984659,1.62275,0.16323,0.0
5.68066,0.00105091,1.77332,0.173496,0.0
5.68129,0.00106057,1.85696,0.172127,0.0
5.68066,0.0011056,1.87369,0.174523,0.0
5.68245,0.00108739,1.95734,0.177945,0.0
5.68181,0.00109072,1.92388,0.176576,0.0
5.67997,0.00105156,1.63948,0.165625,0.0
5.67996,0.00108158,1.67294,0.167336,0.0
5.67914,0.00103583,1.25471,0.142698,0.0
5.67898,0.00103798,1.67294,0.165625,0.0
5.68056,0.00107395,1.45546,0.153306,0.0
5.67965,0.00103015,1.40527,0.150569,0.0
5.68004,0.00103629,1.67294,0.165625,0.0
5.6806,0.00107349,1.85696,0.178629,0.0
5.67961,0.00106592,1.63948,0.169047,0.0
5.67819,0.00103074,1.30489,0.1492,0.0
5.67916,0.00106651,1.75659,0.172469,0.0
5.67952,0.00104281,1.63948,0.163914,0.0
5.6788,0.00110567,1.63948,0.167336,0.0
5.6805,0.00109516,1.80678,0.170074,0.0
5.68279,0.0011246,1.85696,0.175207,0.0
5.67827,0.00102186,1.25471,0.144409,0.0
5.67716,0.001003,1.60602,0.160492,0.0
5.68074,0.00103479,1.75659,0.16939,0.0
5.6799,0.00105202,1.32162,0.148173,0.0
5.67928,0.00106005,1.77332,0.170074,0.0
5.68044,0.00104999,1.52238,0.163572,0.0
5.67823,0.000985638,1.45546,0.153306,0.0
5.67877,0.00108987,1.48892,0.156728,0.0
5.6799,0.001031,1.37181,0.148858,0.0
5.67656,0.000978066,1.45546,0.153306,0.0
5.67646,0.00101246,1.32162,0.14612,0.0
5.67848,0.00103537,1.57256,0.159124,0.0
5.67908,0.00103766,1.79005,0.169047,0.0
5.67798,0.00101814,1.47219,0.159466,0.0
5.67724,0.00102108,1.47219,0.155702,0.0
5.67697,0.00101005,1.23798,0.141671,0.0
5.67689,0.00097885,1.35508,0.149884,0.0
5.67755,0.000985377,1.37181,0.148858,0.0
5.67673,0.000970691,1.15433,0.13688,0.0
5.67681,0.000978654,1.37181,0.150911,0.0
5.67803,0.000998104,1.22125,0.142698,0.0
5.67772,0.00101161,1.62275,0.16323,0.0
5.67783,0.0010122,1.48892,0.158439,0.0
5.67808,0.00101736,1.43873,0.154333,0.0
5.67759,0.00101906,1.22125,0.142698,0.0
5.67752,0.00094021,1.23798,0.141671,0.0
5.67757,0.00100417,1.35508,0.148173,0.0
5.6769,0.0010263,1.08741,0.137223,0.0
5.67682,0.00100019,1.37181,0.150911,0.0
5.67764,0.000999605,1.23798,0.143724,0.0
5.67591,0.000948238,1.08741,0.133116,0.0
5.67638,0.000936098,1.17106,0.13996,0.0
5.67816,0.00100483,1.40527,0.152622,0.0
5.6765,0.00098616,1.37181,0.154333,0.0
5.67631,0.000983941,1.37181,0.150911,0.0
5.6758,0.000906204,0.953576,0.126957,0.0
5.67532,0.00094393,1.1376,0.137907,0.0
5.676,0.00092944,1.22125,0.140645,0.0
5.67524,0.000942299,1.12087,0.137223,0.0
5.6758,0.0009609,1.30489,0.145435,0.0
5.6778,0.00101005,1.58929,0.161519,0.0
5.67683,0.000944518,1.18779,0.140987,0.0
5.67533,0.000940601,1.00376,0.127983,0.0
5.67549,0.000949152,1.40527,0.154333,0.0
5.67599,0.000924676,1.07068,0.134143,0.0
5.67526,0.00094876,1.12087,0.137223,0.0
5.67627,0.000974411,1.422,0.153306,0.0
5.67601,0.000957115,1.22125,0.146462,0.0
5.67342,0.000880814,0.936847,0.123877,0.0
5.676,0.0009329,1.37181,0.152622,0.0
5.67716,0.000978327,1.23798,0.147489,0.0
5.67595,0.000976435,1.22125,0.144751,0.0
5.67546,0.000925459,1.1376,0.137907,0.0
5.67492,0.000906139,0.987035,0.12901,0.0
5.67611,0.000899873,1.03722,0.13209,0.0
5.67607,0.000925524,1.20452,0.143724,0.0
5.67415,0.000902027,1.10414,0.138249,0.0
5.67354,0.000888908,1.23798,0.143724,0.0
5.67555,0.000937403,1.07068,0.136196,0.0
5.67582,0.000926438,1.33835,0.1492,0.0
5.67554,0.000905682,0.970305,0.127983,0.0
5.67478,0.000927809,1.28816,0.144409,0.0
5.67484,0.000929375,1.02049,0.131063,0.0
5.67504,0.000910251,0.987035,0.12901,0.0
5.67543,0.000956005,1.18779,0.138934,0.0
5.67654,0.000949217,1.18779,0.142698,0.0
5.67592,0.000947781,1.22125,0.146462,0.0
5.67339,0.000877812,1.02049,0.12901,0.0
5.67401,0.000923044,1.05395,0.131063,0.0
5.67558,0.000933095,1.22125,0.142698,0.0
5.67495,0.000933552,1.05395,0.131063,0.0
5.67475,0.000930811,1.03722,0.13209,0.0
5.67654,0.000953133,1.30489,0.145435,0.0
5.6761,0.000950588,1.02049,0.133116,0.0
5.67482,0.000936228,1.25471,0.144409,0.0
5.67385,0.000905095,0.953576,0.124903,0.0
5.674,0.000883556,1.10414,0.134143,0.0
5.67608,0.000936424,1.27143,0.143382,0.0
5.67456,0.000932508,1.25471,0.142698,0.0
5.6732,0.000885514,0.953576,0.124903,0.0
5.67393,0.000937338,1.22125,0.142698,0.0
5.67394,0.000894652,1.00376,0.130036,0.0
5.67382,0.000948042,1.07068,0.134143,0.0
5.67508,0.000927221,1.10414,0.138249,0.0
5.67544,0.000915146,0.769552,0.112242,0.0
5.67332,0.000857709,1.08741,0.133116,0.0
5.6727,0.00087259,0.987035,0.12901,0.0
5.67337,0.000867304,0.886658,0.12285,0.0
5.67379,0.000839107,0.869929,0.119428,0.0
5.67476,0.000889756,0.903388,0.121481,0.0
5.67481,0.000887276,1.05395,0.131063,0.0
5.67481,0.000881794,1.02049,0.12901,0.0
5.67496,0.000883947,1.23798,0.141671,0.0
5.67623,0.000922261,1.15433,0.138934,0.0
5.67563,0.000937012,1.15433,0.13688,0.0
5.6751,0.000926307,1.15433,0.140987,0.0
5.6742,0.000917235,1.07068,0.13209,0.0
5.67415,0.000912274,0.953576,0.124903,0.0
5.67392,0.000903398,0.970305,0.127983,0.0
5.67407,0.000910904,0.869929,0.121824,0.0
5.67193,0.000846026,0.936847,0.130379,0.0
5.67398,0.000888647,1.15433,0.138934,0.0
5.67311,0.00085314,0.702635,0.107451,0.0
5.67246,0.000885383,0.987035,0.12901,0.0
5.6737,0.00088225,1.02049,0.12901,0.0
5.67379,0.000923044,1.20452,0.141671,0.0
5.67274,0.000857187,0.953576,0.124903,0.0
5.67271,0.000893216,1.00376,0.130036,0.0
5.67277,0.000867238,0.886658,0.120455,0.0
5.67172,0.000777166,0.83647,0.117033,0.0
5.67239,0.000839564,0.920117,0.124903,0.0
5.67358,0.000887929,0.970305,0.12593,0.0
5.67377,0.000884208,0.953576,0.129352,0.0
5.67426,0.000935054,1.17106,0.142013,0.0
5.6736,0.000893803,0.869929,0.119428,0.0
5.67235,0.000888777,0.920117,0.124903,0.0
5.67307,0.000876833,0.903388,0.128325,0.0
5.67277,0.000845504,0.970305,0.12593,0.0
5.67242,0.000848637,1.00376,0.130036,0.0
5.67259,0.000884143,1.10414,0.134143,0.0
5.67433,0.000901048,1.03722,0.134143,0.0
5.67354,0.000894847,0.803011,0.117033,0.0
5.67105,0.000837802,0.83647,0.117033,0.0
5.67112,0.000838911,0.719364,0.10882,0.0
5.67336,0.000844851,0.936847,0.123877,0.0
5.67387,0.000885383,0.987035,0.126957,0.0
5.67249,0.000867304,0.953576,0.126957,0.0
5.67131,0.000832907,0.920117,0.127299,0.0
5.67205,0.000839368,0.786282,0.116006,0.0
5.6728,0.000815153,0.618988,0.100949,0.0
5.67289,0.000878269,0.970305,0.12593,0.0
5.67181,0.000829578,1.00376,0.130036,0.0
5.67291,0.00086032,0.987035,0.126957,0.0
5.6738,0.00091358,1.02049,0.131063,0.0
5.67105,0.000864758,0.736094,0.109847,0.0
5.67193,0.000876376,0.987035,0.131405,0.0
5.67414,0.000887407,0.953576,0.129352,0.0
5.67324,0.000852096,1.00376,0.127983,0.0
5.67283,0.000861234,0.903388,0.121481,0.0
5.67365,0.000840151,0.736094,0.109847,0.0
5.67266,0.000837671,0.936847,0.123877,0.0
5.67224,0.000826118,0.752823,0.113611,0.0
5.67222,0.000850007,1.03722,0.134143,0.0
5.67306,0.000887472,0.903388,0.121481,0.0
5.67216,0.000870306,0.886658,0.120455,0.0
5.67155,0.000823573,0.920117,0.127299,0.0
5.67392,0.000909076,1.02049,0.131063,0.0
5.67252,0.000873374,0.752823,0.111215,0.0
5.67123,0.000854968,0.719364,0.10882,0.0
5.67195,0.000818743,0.886658,0.120455,0.0
5.67174,0.000825923,0.886658,0.120455,0.0
5.6713,0.000841196,0.786282,0.113611,0.0
5.67226,0.000829708,1.03722,0.130036,0.0
5.67276,0.000822137,0.903388,0.121481,0.0
5.671,0.000830165,0.853199,0.118059,0.0
5.67082,0.000779973,0.468423,0.0879457,0.0
5.67217,0.000851769,1.05395,0.131063,0.0
5.67201,0.000814892,0.652447,0.103687,0.0
5.67133,0.000803796,0.685905,0.106082,0.0
5.67142,0.000825792,0.853199,0.118059,0.0
5.67089,0.000817242,0.652447,0.103687,0.0
5.67019,0.000802752,0.769552,0.112242,0.0
5.67102,0.000800794,0.803011,0.117033,0.0
5.67081,0.000796486,0.719364,0.10882,0.0
5.67113,0.000828207,0.769552,0.11498,0.0
5.6717,0.000816393,0.719364,0.111215,0.0
5.67191,0.000785455,0.602258,0.102318,0.0
5.67089,0.000810911,0.719364,0.10882,0.0
5.67075,0.00085301,0.685905,0.106082,0.0
5.66998,0.000794593,0.451694,0.0865769,0.0
5.67048,0.000810454,0.953576,0.124903,0.0
5.67147,0.000811563,0.752823,0.113611,0.0
5.67176,0.000796421,0.5688,0.0968429,0.0
5.66872,0.00075393,0.585529,0.0982117,0.0
5.67039,0.000793288,0.719364,0.111215,0.0
5.67201,0.000782388,0.535341,0.0941053,0.0
5.67102,0.000821941,0.83647,0.117033,0.0
5.67171,0.000858753,0.886658,0.120455,0.0
5.67285,0.000872852,0.903388,0.121481,0.0
5.67323,0.000860711,0.987035,0.126957,0.0
5.67178,0.000807712,0.769552,0.11498,0.0
5.67006,0.000776318,0.618988,0.100949,0.0
5.67056,0.000802882,0.685905,0.106082,0.0
5.67085,0.000821745,0.669176,0.105056,0.0
5.67027,0.000759413,0.585529,0.0982117,0.0
5.67053,0.000809214,0.602258,0.0995805,0.0
5.67172,0.000849746,0.970305,0.12593,0.0
5.67014,0.000765091,0.501882,0.0910255,0.0
5.67083,0.000794006,0.669176,0.107451,0.0
5.67074,0.000801577,0.685905,0.106082,0.0
5.67073,0.000804188,0.752823,0.111215,0.0
5.67148,0.000809214,0.685905,0.106082,0.0
5.67071,0.000771096,0.618988,0.100949,0.0
5.67183,0.000818156,0.769552,0.112242,0.0
5.67244,0.00079492,0.920117,0.124903,0.0
5.67205,0.000846287,0.953576,0.126957,0.0
5.6716,0.000809083,0.669176,0.107451,0.0
5.66953,0.000785521,0.585529,0.0982117,0.0
5.6696,0.000816589,0.803011,0.114637,0.0
5.66982,0.000800337,0.618988,0.100949,0.0
5.66979,0.000769595,0.702635,0.107451,0.0
5.67092,0.000809997,0.669176,0.105056,0.0
5.67087,0.000811955,0.685905,0.106082,0.0
5.67003,0.000778928,0.602258,0.102318,0.0
5.67081,0.000805559,0.803011,0.117033,0.0
5.66984,0.00075034,0.301129,0.0708356,0.0
5.66851,0.000757324,0.719364,0.10882,0.0
5.66977,0.000774099,0.702635,0.107451,0.0
5.67153,0.000754518,0.652447,0.103687,0.0
5.67087,0.000797073,0.618988,0.100949,0.0
5.67027,0.000748643,0.55207,0.0954741,0.0
5.66944,0.000754909,0.652447,0.103687,0.0
5.67012,0.000793875,0.736094,0.109847,0.0
5.67046,0.000776775,0.55207,0.0954741,0.0
5.66983,0.000768746,0.669176,0.105056,0.0
5.66961,0.000791526,0.786282,0.116006,0.0
5.66868,0.000789111,0.585529,0.0982117,0.0
5.66902,0.00072123,0.401506,0.0814439,0.0
5.67112,0.000743226,0.635717,0.102318,0.0
5.67121,0.000811172,0.83647,0.119428,0.0
5.66978,0.000784868,0.618988,0.100949,0.0
5.6699,0.000755954,0.418235,0.0831549,0.0
5.67037,0.000763264,0.736094,0.112584,0.0
5.6714,0.000787087,0.5688,0.0968429,0.0
5.67101,0.000785978,0.769552,0.112242,0.0
5.67125,0.000791656,0.501882,0.0910255,0.0
5.67054,0.000787218,0.752823,0.111215,0.0
5.67061,0.000791917,0.602258,0.0995805,0.0
5.66993,0.000790285,0.602258,0.102318,0.0
5.66886,0.000747925,0.55207,0.0954741,0.0
5.66924,0.000785194,0.618988,0.100949,0.0
5.66936,0.000735524,0.451694,0.0896567,0.0
5.66849,0.000757585,0.618988,0.103687,0.0
5.66896,0.000724689,0.501882,0.0941053,0.0
5.67002,0.000739897,0.468423,0.0879457,0.0
5.67053,0.000757389,0.652447,0.103687,0.0
5.67022,0.000792635,0.702635,0.110189,0.0
5.66913,0.000772467,0.702635,0.107451,0.0
5.66958,0.000774882,0.55207,0.0954741,0.0
5.67051,0.000808691,0.752823,0.111215,0.0
5.6712,0.000782127,0.602258,0.0995805,0.0
5.66998,0.000770443,0.669176,0.105056,0.0
5.66888,0.000731151,0.485153,0.0896567,0.0
5.67003,0.000785521,0.618988,0.100949,0.0
5.67028,0.000768681,0.618988,0.100949,0.0
5.66956,0.000772924,0.685905,0.10882,0.0
5.67092,0.000773315,0.451694,0.0865769,0.0
5.67011,0.000752364,0.55207,0.0954741,0.0
5.67003,0.0007491,0.685905,0.106082,0.0
5.67003,0.000763329,0.585529,0.0982117,0.0
5.66898,0.00076111,0.485153,0.0896567,0.0
5.66942,0.000732979,0.585529,0.0982117,0.0
5.66965,0.000731412,0.468423,0.0879457,0.0
5.66993,0.000744662,0.585529,0.0982117,0.0
5.66879,0.00075876,0.719364,0.10882,0.0
5.66956,0.00073683,0.501882,0.0910255,0.0
5.67025,0.000719468,0.685905,0.106082,0.0
5.67082,0.000770378,0.652447,0.10882,0.0
5.66881,0.000765091,0.501882,0.0910255,0.0
5.66969,0.000785912,0.652447,0.103687,0.0
5.67003,0.000735655,0.5688,0.0968429,0.0
5.66965,0.000779777,0.702635,0.107451,0.0
5.6707,0.000786891,0.702635,0.110189,0.0
5.67037,0.000793027,0.719364,0.10882,0.0
5.66882,0.000758042,0.518611,0.0923943,0.0
5.66926,0.000750471,0.685905,0.106082,0.0
5.66965,0.000789437,0.635717,0.105056,0.0
5.66909,0.000802295,0.55207,0.0954741,0.0
5.66898,0.00075145,0.451694,0.0865769,0.0
5.6691,0.000754518,0.652447,0.103687,0.0
5.66822,0.000734871,0.401506,0.0814439,0.0
5.66722,0.000712353,0.468423,0.0879457,0.0
5.66939,0.000765222,0.652447,0.103687,0.0
5.66997,0.000748252,0.518611,0.0923943,0.0
5.66809,0.000701649,0.535341,0.0941053,0.0
5.66771,0.000685397,0.451694,0.0865769,0.0
5.66876,0.000717967,0.635717,0.105056,0.0
5.66921,0.000733501,0.55207,0.0954741,0.0
5.66921,0.000724624,0.585529,0.0982117,0.0
5.66949,0.000788849,0.602258,0.0995805,0.0
5.66935,0.000780234,0.585529,0.103687,0.0
5.66825,0.00073337,0.585529,0.0982117,0.0
5.66848,0.000740158,0.485153,0.0896567,0.0
5.66779,0.000719598,0.434964,0.0848659,0.0
5.66813,0.000726909,0.518611,0.0923943,0.0
5.66827,0.000721426,0.501882,0.0910255,0.0
5.66892,0.000718815,0.618988,0.100949,0.0
5.66937,0.000708176,0.485153,0.0896567,0.0
5.66953,0.000731412,0.669176,0.105056,0.0
5.66918,0.000745967,0.451694,0.0896567,0.0
5.66836,0.000735785,0.401506,0.0814439,0.0
5.66804,0.000715617,0.368047,0.0780219,0.0
5.66977,0.000747338,0.719364,0.10882,0.0
5.6698,0.000744662,0.518611,0.0923943,0.0
5.66912,0.000775404,0.518611,0.0923943,0.0
5.66961,0.000777362,0.618988,0.100949,0.0
5.66982,0.000773446,0.602258,0.0995805,0.0
5.66859,0.000707785,0.317859,0.0725466,0.0
5.66767,0.000690096,0.418235,0.0831549,0.0
5.66836,0.000692707,0.2844,0.0687824,0.0
5.66914,0.000714507,0.55207,0.0954741,0.0
5.66957,0.000740354,0.468423,0.0879457,0.0
5.66916,0.000734349,0.585529,0.0982117,0.0
5.66902,0.000755431,0.585529,0.0982117,0.0
5.6692,0.000722601,0.501882,0.0910255,0.0
5.66867,0.000709677,0.535341,0.0941053,0.0
5.66983,0.000751254,0.55207,0.0954741,0.0
5.67025,0.000747599,0.535341,0.0941053,0.0
5.66913,0.000732913,0.434964,0.0848659,0.0
5.66806,0.000697211,0.451694,0.0865769,0.0
5.66841,0.000714507,0.434964,0.0848659,0.0
5.66917,0.000737547,0.602258,0.0995805,0.0
5.66932,0.000741398,0.485153,0.0927365,0.0
5.66757,0.00070315,0.384776,0.0797329,0.0
5.66865,0.00070067,0.518611,0.0923943,0.0
5.66945,0.000730107,0.518611,0.0923943,0.0
5.66829,0.000746685,0.485153,0.0896567,0.0
5.66915,0.000753734,0.5688,0.0968429,0.0
5.67018,0.000764961,0.618988,0.100949,0.0
5.66955,0.000776383,0.635717,0.102318,0.0
5.66787,0.000731021,0.401506,0.0848659,0.0
5.66755,0.000751385,0.518611,0.0923943,0.0
5.66936,0.000758107,0.5688,0.0995805,0.0
5.66819,0.000712876,0.368047,0.0780219,0.0
5.66684,0.00070067,0.368047,0.0780219,0.0
5.66695,0.000687943,0.368047,0.0780219,0.0
5.66813,0.000704847,0.535341,0.0941053,0.0
5.66886,0.000747403,0.5688,0.0968429,0.0
5.66885,0.000723906,0.468423,0.0879457,0.0
5.66879,0.000718358,0.5688,0.0968429,0.0
5.66928,0.0007429,0.535341,0.0941053,0.0
5.66812,0.000723058,0.384776,0.0797329,0.0
5.66812,0.000694926,0.518611,0.0923943,0.0
5.66825,0.000713071,0.418235,0.0831549,0.0
5.66861,0.000759609,0.55207,0.0982117,0.0
5.66843,0.000752364,0.535341,0.0941053,0.0
5.66778,0.000724232,0.317859,0.0725466,0.0
5.6691,0.000767245,0.55207,0.0954741,0.0
5.66943,0.000718358,0.501882,0.0910255,0.0
5.66855,0.000709873,0.518611,0.0923943,0.0
5.66877,0.000742247,0.485153,0.0896567,0.0
5.66945,0.00075987,0.5688,0.0968429,0.0
5.66838,0.000740224,0.501882,0.0910255,0.0
5.66723,0.00069584,0.384776,0.0797329,0.0
5.66723,0.000712353,0.501882,0.0910255,0.0
5.66897,0.000706675,0.434964,0.0848659,0.0
5.66775,0.000688856,0.501882,0.0910255,0.0
5.66696,0.00068122,0.368047,0.0780219,0.0
5.66635,0.000686768,0.26767,0.0667292,0.0
5.66761,0.000679784,0.468423,0.0879457,0.0
5.66775,0.000697472,0.368047,0.0780219,0.0
5.66768,0.000695253,0.384776,0.0797329,0.0
5.66805,0.000703673,0.434964,0.0848659,0.0
5.66776,0.000724755,0.518611,0.0954741,0.0
5.66768,0.000716074,0.368047,0.0780219,0.0
5.66839,0.000695187,0.401506,0.0814439,0.0
5.66774,0.000693229,0.334588,0.0745999,0.0
5.66774,0.00067652,0.368047,0.0780219,0.0
5.66846,0.000737874,0.501882,0.0941053,0.0
5.66888,0.000698908,0.384776,0.0797329,0.0
5.66905,0.000699038,0.468423,0.0879457,0.0
5.66798,0.000719925,0.485153,0.0896567,0.0
5.66789,0.000695383,0.301129,0.0708356,0.0
5.66711,0.000690749,0.301129,0.0708356,0.0
5.66813,0.00070054,0.451694,0.0896567,0.0
5.66893,0.000716139,0.5688,0.0968429,0.0
5.66835,0.000729193,0.468423,0.0879457,0.0
5.66817,0.000722405,0.401506,0.0814439,0.0
5.66828,0.000743422,0.518611,0.0954741,0.0
5.66819,0.000721361,0.468423,0.0879457,0.0
5.66804,0.000715552,0.418235,0.0831549,0.0
5.66747,0.000686441,0.535341,0.0941053,0.0
5.66763,0.000712027,0.351317,0.0763109,0.0
5.66812,0.000710722,0.518611,0.0954741,0.0
5.66799,0.000700017,0.368047,0.0780219,0.0
5.66774,0.000723188,0.485153,0.0927365,0.0
5.66763,0.000705043,0.351317,0.0763109,0.0
5.66759,0.00067763,0.384776,0.0797329,0.0
5.66802,0.000693164,0.401506,0.0814439,0.0
5.66767,0.000664772,0.368047,0.0780219,0.0
5.66827,0.000730498,0.535341,0.0941053,0.0
5.66776,0.000732522,0.301129,0.0708356,0.0
5.66801,0.000699234,0.418235,0.0831549,0.0
5.6672,0.000700996,0.468423,0.0879457,0.0
5.66682,0.000707785,0.384776,0.0797329,0.0
5.66765,0.00069336,0.485153,0.0896567,0.0
5.66787,0.000724102,0.501882,0.0910255,0.0
5.66841,0.000744727,0.434964,0.0879457,0.0
5.66813,0.000735067,0.468423,0.0879457,0.0
5.66703,0.000712745,0.317859,0.0725466,0.0
5.66729,0.000688399,0.401506,0.0814439,0.0
5.66831,0.00069101,0.334588,0.0745999,0.0
5.66845,0.000710722,0.401506,0.0814439,0.0
5.668,0.000741921,0.468423,0.0879457,0.0
5.66771,0.000714507,0.384776,0.0797329,0.0
5.66824,0.00070798,0.384776,0.0797329,0.0
5.66772,0.000710591,0.434964,0.0848659,0.0
5.66719,0.000712223,0.451694,0.0865769,0.0
5.66775,0.000716988,0.5688,0.0995805,0.0
5.66735,0.000706479,0.351317,0.0763109,0.0
5.66776,0.000677042,0.368047,0.0780219,0.0
5.66813,0.000729193,0.5688,0.0968429,0.0
5.66862,0.000703411,0.317859,0.0725466,0.0
5.66764,0.000703411,0.368047,0.0780219,0.0
5.66808,0.000706414,0.451694,0.0865769,0.0
5.66779,0.000703673,0.334588,0.0745999,0.0
5.66704,0.00066908,0.301129,0.0708356,0.0
5.66702,0.000652371,0.384776,0.0797329,0.0
5.66835,0.000701388,0.451694,0.0865769,0.0
5.66758,0.000709808,0.368047,0.0780219,0.0
5.66626,0.000684679,0.451694,0.0865769,0.0
5.66621,0.000684287,0.334588,0.0745999,0.0
5.66681,0.000677434,0.368047,0.0780219,0.0
5.66718,0.000671951,0.384776,0.0831549,0.0
5.66748,0.000698059,0.351317,0.0763109,0.0
5.66772,0.000690292,0.451694,0.0865769,0.0
5.66717,0.000677891,0.485153,0.0896567,0.0
5.66817,0.000713267,0.418235,0.0831549,0.0
5.66746,0.000689966,0.384776,0.0797329,0.0
5.66706,0.000685462,0.368047,0.0780219,0.0
5.66788,0.000697276,0.501882,0.0910255,0.0
5.66764,0.000735981,0.55207,0.0954741,0.0
5.66868,0.000728214,0.485153,0.0927365,0.0
5.66767,0.000707067,0.384776,0.0797329,0.0
5.66688,0.000681677,0.26767,0.0667292,0.0
5.66753,0.000682199,0.351317,0.0763109,0.0
5.66807,0.000683374,0.384776,0.0797329,0.0
5.66697,0.000693034,0.317859,0.0725466,0.0
5.66815,0.000709808,0.418235,0.0865769,0.0
5.66914,0.000731934,0.451694,0.0865769,0.0
5.66737,0.000698973,0.317859,0.0725466,0.0
5.66626,0.000673648,0.368047,0.0780219,0.0
5.66802,0.000709416,0.451694,0.0865769,0.0
5.66672,0.000679719,0.351317,0.0763109,0.0
5.66637,0.000668623,0.368047,0.0780219,0.0
5.66719,0.000656678,0.334588,0.0745999,0.0
5.6671,0.000691402,0.401506,0.0848659,0.0
5.66634,0.000687943,0.234212,0.0622806,0.0
5.66575,0.000656352,0.2844,0.0687824,0.0
5.66711,0.000721165,0.451694,0.0927365,0.0
5.66798,0.000645974,0.167294,0.052699,0.0
5.66539,0.000659289,0.2844,0.0687824,0.0
5.66611,0.000667644,0.368047,0.0780219,0.0
5.66715,0.000675476,0.368047,0.0780219,0.0
5.6666,0.000645778,0.334588,0.0745999,0.0
5.66655,0.000653219,0.184023,0.0554366,0.0
5.66738,0.000662944,0.434964,0.0848659,0.0
5.66722,0.000684157,0.368047,0.0780219,0.0
5.66679,0.000678674,0.334588,0.0745999,0.0
5.66678,0.00064989,0.26767,0.0667292,0.0
5.66716,0.000673714,0.351317,0.0763109,0.0
5.66814,0.00070191,0.451694,0.0896567,0.0
5.6674,0.000724428,0.384776,0.0797329,0.0
5.66683,0.000674562,0.334588,0.0745999,0.0
5.66703,0.000671886,0.317859,0.0725466,0.0
5.66719,0.000698386,0.334588,0.0745999,0.0
5.66821,0.000659224,0.334588,0.0745999,0.0
5.66861,0.000681611,0.434964,0.0879457,0.0
5.6669,0.000649303,0.301129,0.0708356,0.0
5.66744,0.000693556,0.368047,0.0817861,0.0
5.66778,0.000684614,0.468423,0.0879457,0.0
5.66649,0.000688595,0.401506,0.0814439,0.0
5.66594,0.00065707,0.2844,0.0687824,0.0
5.66626,0.000653937,0.317859,0.0763109,0.0
5.6671,0.000673648,0.2844,0.0687824,0.0
5.66719,0.000679914,0.301129,0.0708356,0.0
5.66748,0.000692316,0.351317,0.0763109,0.0
5.66827,0.000722274,0.334588,0.0745999,0.0
5.66686,0.000677565,0.26767,0.0667292,0.0
5.66663,0.000645974,0.2844,0.0687824,0.0
5.66802,0.000655699,0.301129,0.0708356,0.0
5.66703,0.000643037,0.2844,0.0687824,0.0
5.66684,0.000667774,0.351317,0.0763109,0.0
5.66741,0.000674823,0.2844,0.0687824,0.0
5.66562,0.000655699,0.334588,0.0745999,0.0
5.66577,0.000664511,0.26767,0.0667292,0.0
5.66644,0.000669993,0.334588,0.0745999,0.0
5.66619,0.000641275,0.200753,0.057832,0.0
5.66591,0.000640883,0.234212,0.0622806,0.0
5.6668,0.000649499,0.384776,0.0797329,0.0
5.66646,0.000655177,0.250941,0.064676,0.0
5.66603,0.000644799,0.250941,0.0687824,0.0
5.66772,0.000687551,0.368047,0.0780219,0.0
5.66822,0.00069212,0.250941,0.064676,0.0
5.66634,0.000684222,0.384776,0.0797329,0.0
5.66658,0.000663858,0.2844,0.0687824,0.0
5.66668,0.000678609,0.234212,0.0622806,0.0
5.6667,0.000665294,0.334588,0.0745999,0.0
5.66732,0.000669341,0.351317,0.0763109,0.0
5.6662,0.000641405,0.150565,0.0499614,0.0
5.6657,0.000638011,0.2844,0.0687824,0.0
5.66717,0.000662357,0.26767,0.0667292,0.0
5.66728,0.000645321,0.2844,0.0687824,0.0
5.66646,0.000659485,0.2844,0.0687824,0.0
5.66666,0.00067515,0.418235,0.0831549,0.0
5.66636,0.000669275,0.401506,0.0814439,0.0
5.66719,0.000688073,0.317859,0.0725466,0.0
5.66655,0.000667187,0.434964,0.0848659,0.0
5.66556,0.000642384,0.184023,0.0554366,0.0
5.6662,0.000655438,0.317859,0.0725466,0.0
5.66699,0.000683113,0.351317,0.0763109,0.0
5.66642,0.000655895,0.26767,0.0667292,0.0
5.66656,0.000631615,0.234212,0.0622806,0.0
5.6661,0.000635727,0.301129,0.0708356,0.0
5.66621,0.000652109,0.2844,0.0687824,0.0
5.66695,0.000660529,0.384776,0.0797329,0.0
5.66674,0.000671038,0.351317,0.0763109,0.0
5.6661,0.000629983,0.167294,0.052699,0.0
5.66619,0.00065831,0.384776,0.0797329,0.0
5.66712,0.000656221,0.26767,0.0667292,0.0
5.66629,0.000620715,0.184023,0.0554366,0.0
5.66649,0.000639773,0.334588,0.0745999,0.0
5.66739,0.000633769,0.184023,0.0554366,0.0
5.66661,0.000642319,0.26767,0.0667292,0.0
5.66617,0.000682786,0.468423,0.0971851,0.0
5.66652,0.000658441,0.234212,0.0622806,0.0
5.66574,0.000671429,0.317859,0.0725466,0.0
5.66728,0.000653415,0.301129,0.0708356,0.0
5.66747,0.00068618,0.368047,0.0780219,0.0
5.66742,0.000651196,0.317859,0.0725466,0.0
5.6675,0.000674693,0.368047,0.0780219,0.0
5.66713,0.000685658,0.301129,0.0708356,0.0
5.66669,0.000680437,0.384776,0.0797329,0.0
5.6667,0.00067045,0.2844,0.0725466,0.0
5.6665,0.000676716,0.234212,0.0622806,0.0
5.66687,0.000681611,0.501882,0.0910255,0.0
5.66726,0.000683308,0.150565,0.0499614,0.0
5.66772,0.00067528,0.451694,0.0865769,0.0
5.66665,0.000643951,0.217482,0.0602274,0.0
5.66622,0.000659224,0.26767,0.0667292,0.0
5.66595,0.000633508,0.234212,0.0622806,0.0
5.66682,0.000693556,0.451694,0.0865769,0.0
5.66714,0.000667121,0.26767,0.0667292,0.0
5.66608,0.000662814,0.26767,0.0667292,0.0
5.6664,0.000655373,0.2844,0.0687824,0.0
5.6671,0.000647932,0.334588,0.0745999,0.0
5.66599,0.000665816,0.301129,0.0708356,0.0
5.66759,0.000662161,0.167294,0.052699,0.0
5.66728,0.000657918,0.334588,0.0745999,0.0
5.66611,0.000618169,0.2844,0.0687824,0.0
5.6659,0.000642841,0.167294,0.052699,0.0
5.6658,0.000663858,0.2844,0.0687824,0.0
5.6661,0.000638272,0.26767,0.0667292,0.0
5.66652,0.00064741,0.26767,0.0667292,0.0
5.6664,0.000637163,0.234212,0.0622806,0.0
5.66593,0.000619736,0.301129,0.0708356,0.0
5.66731,0.000656939,0.2844,0.0687824,0.0
5.66593,0.000640818,0.26767,0.0667292,0.0
5.66636,0.000669993,0.200753,0.057832,0.0
5.66662,0.000630636,0.200753,0.057832,0.0
5.6662,0.000639121,0.351317,0.0763109,0.0
5.66753,0.000639447,0.317859,0.0725466,0.0
5.66801,0.000644016,0.317859,0.0725466,0.0
5.66657,0.00064134,0.351317,0.0763109,0.0
5.66672,0.000630701,0.301129,0.0708356,0.0
5.66604,0.000623064,0.217482,0.0602274,0.0
5.66613,0.000610728,0.150565,0.0499614,0.0
5.66638,0.000643298,0.317859,0.0725466,0.0
5.66594,0.000620649,0.167294,0.052699,0.0
5.66614,0.000621367,0.250941,0.064676,0.0
5.66733,0.000622151,0.250941,0.064676,0.0
5.66638,0.000654655,0.234212,0.0622806,0.0
5.66575,0.000641014,0.167294,0.052699,0.0
5.666,0.000647214,0.234212,0.0622806,0.0
5.66735,0.000634226,0.184023,0.0554366,0.0
5.66689,0.000632855,0.26767,0.0667292,0.0
5.66677,0.000618365,0.184023,0.0554366,0.0
5.66683,0.000643037,0.217482,0.0602274,0.0
5.66626,0.000658898,0.351317,0.0763109,0.0
5.66583,0.000655047,0.217482,0.0602274,0.0
5.6664,0.000627503,0.2844,0.0687824,0.0
5.66532,0.000615167,0.150565,0.0499614,0.0
5.66545,0.000622738,0.200753,0.057832,0.0
5.66609,0.000622477,0.217482,0.0602274,0.0
5.66608,0.000664315,0.26767,0.0667292,0.0
5.6663,0.000619475,0.26767,0.0667292,0.0
5.66543,0.0006401,0.200753,0.057832,0.0
5.66548,0.00062672,0.200753,0.057832,0.0
5.66672,0.000634356,0.200753,0.057832,0.0
5.66639,0.000655634,0.2844,0.0687824,0.0
5.66699,0.000646888,0.184023,0.0554366,0.0
5.66643,0.000645452,0.200753,0.057832,0.0
5.66583,0.000660464,0.384776,0.0831549,0.0
5.66658,0.000634878,0.200753,0.057832,0.0
5.66624,0.000656221,0.2844,0.0687824,0.0
5.6658,0.000637685,0.26767,0.0667292,0.0
5.66648,0.000669536,0.334588,0.0745999,0.0
5.66546,0.000659485,0.334588,0.0745999,0.0
5.66585,0.000635335,0.250941,0.064676,0.0
5.66593,0.00063168,0.150565,0.0499614,0.0
5.66574,0.000604071,0.167294,0.052699,0.0
5.66664,0.000623521,0.26767,0.0667292,0.0
5.66567,0.000604919,0.184023,0.0554366,0.0
5.66517,0.000639708,0.317859,0.0725466,0.0
5.66569,0.00062078,0.117106,0.0441439,0.0
5.66578,0.00062202,0.317859,0.0725466,0.0
5.66632,0.000632463,0.167294,0.052699,0.0
5.66533,0.000621955,0.250941,0.064676,0.0
5.66586,0.000617451,0.250941,0.064676,0.0
5.66651,0.000625741,0.26767,0.0667292,0.0
5.6661,0.000620454,0.234212,0.0622806,0.0
5.66682,0.000651261,0.234212,0.0622806,0.0
5.66726,0.000652501,0.368047,0.0780219,0.0
5.66533,0.000640165,0.217482,0.0602274,0.0
5.66541,0.000629526,0.184023,0.0554366,0.0
5.66627,0.000612556,0.100376,0.0410641,0.0
5.66595,0.000616015,0.117106,0.0441439,0.0
5.66657,0.000640948,0.217482,0.0602274,0.0
5.66542,0.000597152,0.150565,0.0499614,0.0
5.66505,0.000605572,0.150565,0.0499614,0.0
5.66581,0.000609488,0.234212,0.0622806,0.0
5.66643,0.000637554,0.184023,0.0554366,0.0
5.66591,0.000645452,0.301129,0.0708356,0.0
5.66485,0.000635727,0.200753,0.057832,0.0
5.66554,0.000631288,0.250941,0.064676,0.0
5.66562,0.000607791,0.217482,0.0602274,0.0
5.66535,0.000618822,0.150565,0.0499614,0.0
5.66532,0.000623652,0.150565,0.0499614,0.0
5.6655,0.000605376,0.117106,0.0441439,0.0
5.66507,0.000626393,0.234212,0.0622806,0.0
5.66516,0.000626915,0.167294,0.052699,0.0
5.66639,0.000640361,0.184023,0.0554366,0.0
5.66614,0.00059056,0.133835,0.0472238,0.0
5.66571,0.000614971,0.150565,0.0499614,0.0
5.66551,0.000633312,0.150565,0.0499614,0.0
5.66603,0.000608509,0.26767,0.0667292,0.0
5.66729,0.000636706,0.234212,0.0622806,0.0
5.66733,0.000658049,0.26767,0.0667292,0.0
5.66701,0.000617517,0.133835,0.0472238,0.0
5.66546,0.000621694,0.167294,0.052699,0.0
5.66449,0.000618887,0.150565,0.0499614,0.0
5.66607,0.000658375,0.351317,0.0763109,0.0
5.66631,0.000629983,0.184023,0.0554366,0.0
5.6653,0.00062796,0.150565,0.0499614,0.0
5.66583,0.000621563,0.250941,0.064676,0.0
5.66642,0.000637946,0.217482,0.0602274,0.0
5.66535,0.000622542,0.250941,0.064676,0.0
5.66549,0.000627894,0.150565,0.0499614,0.0
5.66558,0.000593824,0.167294,0.052699,0.0
5.66567,0.000637097,0.26767,0.0667292,0.0
5.66566,0.00062796,0.250941,0.064676,0.0
5.66517,0.000607857,0.184023,0.0554366,0.0
5.66455,0.000596108,0.117106,0.0441439,0.0
5.66538,0.000604854,0.200753,0.057832,0.0
5.66578,0.000636118,0.250941,0.064676,0.0
5.66612,0.000606551,0.184023,0.0554366,0.0
5.6655,0.000617517,0.200753,0.057832,0.0
5.66572,0.000627829,0.250941,0.064676,0.0
5.66651,0.000631223,0.26767,0.0667292,0.0
5.6656,0.00063292,0.184023,0.0554366,0.0
5.66586,0.000648259,0.2844,0.0687824,0.0
5.66522,0.000654329,0.301129,0.0708356,0.0
5.66458,0.000632594,0.117106,0.0441439,0.0
5.66581,0.000621694,0.250941,0.064676,0.0
5.66771,0.000666534,0.250941,0.064676,0.0
5.66633,0.000626393,0.100376,0.0410641,0.0
5.6659,0.000650412,0.200753,0.057832,0.0
5.66611,0.000636053,0.2844,0.0687824,0.0
5.66582,0.000615297,0.184023,0.0554366,0.0
5.6649,0.000610533,0.083647,0.0372999,0.0
5.66561,0.000614579,0.250941,0.064676,0.0
5.66554,0.000610728,0.150565,0.0499614,0.0
5.66557,0.000589189,0.117106,0.0441439,0.0
5.66582,0.000609554,0.184023,0.0554366,0.0
5.66583,0.000620193,0.133835,0.0472238,0.0
5.66563,0.000624566,0.184023,0.0554366,0.0
5.66636,0.000609097,0.26767,0.0667292,0.0
5.66565,0.000651261,0.301129,0.0708356,0.0
5.66567,0.000630766,0.167294,0.052699,0.0
5.66646,0.000650543,0.351317,0.0763109,0.0
5.6667,0.000655242,0.234212,0.0622806,0.0
5.66621,0.000639512,0.167294,0.052699,0.0
5.66572,0.000647084,0.368047,0.0780219,0.0
5.66636,0.000640035,0.217482,0.0602274,0.0
5.66585,0.000621433,0.117106,0.0441439,0.0
5.66577,0.000630766,0.26767,0.0667292,0.0
5.66669,0.000617386,0.217482,0.0602274,0.0
5.66583,0.000623521,0.184023,0.0554366,0.0
5.66461,0.000617973,0.2844,0.0687824,0.0
5.66507,0.000625545,0.184023,0.0554366,0.0
5.66596,0.000608248,0.167294,0.052699,0.0
5.6657,0.000638338,0.200753,0.057832,0.0
5.66541,0.000627307,0.167294,0.052699,0.0
5.66504,0.000635662,0.150565,0.0499614,0.0
5.66468,0.000648259,0.217482,0.0602274,0.0
5.66476,0.000630114,0.217482,0.064676,0.0
5.66544,0.000624109,0.217482,0.064676,0.0
5.66575,0.000619736,0.250941,0.064676,0.0
5.66472,0.000636706,0.250941,0.064676,0.0
5.66508,0.000583772,0.133835,0.0472238,0.0
5.6656,0.000620258,0.167294,0.052699,0.0
5.66573,0.000586122,0.150565,0.0499614,0.0
5.66622,0.000621563,0.217482,0.0602274,0.0
5.66594,0.000623978,0.184023,0.0554366,0.0
5.66551,0.000617517,0.184023,0.0554366,0.0
5.66559,0.000595064,0.133835,0.0472238,0.0
5.66525,0.000618234,0.250941,0.064676,0.0
5.66601,0.00060988,0.217482,0.0602274,0.0
5.66583,0.000630766,0.167294,0.052699,0.0
5.66488,0.000601656,0.117106,0.0441439,0.0
5.66561,0.000608248,0.234212,0.0622806,0.0
5.66442,0.000612425,0.0669176,0.0335357,0.0
5.66515,0.000597218,0.133835,0.0472238,0.0
5.66433,0.000613143,0.200753,0.057832,0.0
5.66493,0.000621367,0.200753,0.057832,0.0
5.66474,0.000599763,0.167294,0.052699,0.0
5.66494,0.000623587,0.167294,0.052699,0.0
5.66523,0.000595194,0.117106,0.0441439,0.0
5.66555,0.000602374,0.150565,0.0499614,0.0
5.66553,0.000622216,0.167294,0.052699,0.0
5.66592,0.000615428,0.250941,0.064676,0.0
5.66612,0.000624631,0.200753,0.057832,0.0
5.66546,0.000598588,0.117106,0.0441439,0.0
5.66521,0.000621302,0.200753,0.057832,0.0
5.66522,0.00062561,0.217482,0.0602274,0.0
5.66542,0.000598915,0.150565,0.0499614,0.0
5.6657,0.000604136,0.217482,0.0602274,0.0
5.66522,0.000581945,0.117106,0.0441439,0.0
5.66504,0.000612491,0.133835,0.0472238,0.0
5.66482,0.00059774,0.133835,0.0472238,0.0
5.66565,0.000605964,0.234212,0.0622806,0.0
5.66563,0.000586383,0.117106,0.0441439,0.0
5.66461,0.000598523,0.167294,0.052699,0.0
5.66423,0.000600742,0.234212,0.0622806,0.0
5.6661,0.000614579,0.234212,0.0622806,0.0
5.66593,0.000607596,0.133835,0.0472238,0.0
5.66478,0.000597218,0.200753,0.057832,0.0
5.66542,0.000598458,0.150565,0.0499614,0.0
5.66518,0.000600351,0.184023,0.0554366,0.0
5.66524,0.000601525,0.133835,0.0472238,0.0
5.66619,0.000608314,0.184023,0.0554366,0.0
5.66564,0.000601395,0.150565,0.0499614,0.0
5.66488,0.000607465,0.150565,0.0499614,0.0
5.66555,0.000632529,0.200753,0.057832,0.0
5.66548,0.000614514,0.234212,0.0622806,0.0
5.6652,0.000644408,0.117106,0.0441439,0.0
5.66557,0.000583185,0.167294,0.052699,0.0
5.66507,0.000606682,0.184023,0.0554366,0.0
5.66532,0.000626589,0.167294,0.052699,0.0
5.66529,0.000595325,0.150565,0.0499614,0.0
5.66551,0.000615754,0.234212,0.0622806,0.0
5.66624,0.000642058,0.234212,0.0667292,0.0
5.66497,0.000599828,0.100376,0.0410641,0.0
5.66489,0.00062189,0.133835,0.0472238,0.0
5.6653,0.000603027,0.250941,0.064676,0.0
5.66514,0.000593889,0.083647,0.0372999,0.0
5.66546,0.000596043,0.150565,0.0499614,0.0
5.66614,0.000604202,0.200753,0.057832,0.0
5.66564,0.000614318,0.250941,0.064676,0.0
5.66532,0.000617843,0.184023,0.0554366,0.0
5.66595,0.000653676,0.301129,0.0745999,0.0
5.66639,0.000616472,0.150565,0.0499614,0.0
5.6647,0.000584947,0.083647,0.0372999,0.0
5.66408,0.000585012,0.234212,0.0622806,0.0
5.66496,0.000605637,0.150565,0.0499614,0.0
5.66562,0.000633638,0.217482,0.064676,0.0
5.6657,0.000610206,0.117106,0.0441439,0.0
5.6649,0.000606812,0.0669176,0.0335357,0.0
5.66444,0.000619932,0.150565,0.0499614,0.0
5.66462,0.00061099,0.150565,0.0499614,0.0
5.6645,0.000624435,0.150565,0.0499614,0.0
5.66492,0.00059167,0.200753,0.0626228,0.0
5.6648,0.000604854,0.117106,0.0441439,0.0
5.66546,0.00060753,0.184023,0.0554366,0.0
5.66519,0.000608575,0.167294,0.052699,0.0
5.66484,0.00061223,0.100376,0.0410641,0.0
5.66516,0.000604593,0.083647,0.0372999,0.0
5.6654,0.000615754,0.167294,0.052699,0.0
5.66611,0.000596304,0.167294,0.052699,0.0
5.66607,0.000580378,0.0669176,0.0335357,0.0
5.66558,0.000598327,0.217482,0.0602274,0.0
5.66491,0.000623521,0.117106,0.0441439,0.0
5.66458,0.000591866,0.100376,0.0410641,0.0
5.66516,0.000589255,0.133835,0.0472238,0.0
5.66571,0.000606747,0.167294,0.052699,0.0
5.66561,0.000616537,0.184023,0.0554366,0.0
5.66557,0.000601134,0.117106,0.0441439,0.0
5.66592,0.0006027,0.200753,0.057832,0.0
5.66495,0.000591735,0.167294,0.052699,0.0
5.66485,0.000585012,0.117106,0.0441439,0.0
5.66537,0.000609097,0.150565,0.0499614,0.0
5.66488,0.000599828,0.167294,0.052699,0.0
5.66444,0.000580052,0.083647,0.0372999,0.0
5.66483,0.000582858,0.150565,0.0499614,0.0
5.66529,0.000609684,0.167294,0.052699,0.0
5.66546,0.000641601,0.250941,0.064676,0.0
5.66524,0.000630505,0.167294,0.052699,0.0
5.66512,0.000581357,0.117106,0.0441439,0.0
5.66534,0.000601069,0.200753,0.057832,0.0
5.66566,0.000603092,0.117106,0.0441439,0.0
5.66436,0.000600481,0.167294,0.052699,0.0
5.66566,0.000620845,0.100376,0.0410641,0.0
5.66616,0.000634095,0.217482,0.0602274,0.0
5.666,0.000676977,0.184023,0.0554366,0.0
5.66607,0.000616407,0.150565,0.0499614,0.0
5.66578,0.000615428,0.200753,0.057832,0.0
5.66665,0.000628286,0.250941,0.064676,0.0
5.66542,0.000589712,0.117106,0.0441439,0.0
5.66518,0.000617517,0.200753,0.057832,0.0
5.66643,0.000605833,0.200753,0.057832,0.0
5.66603,0.000594607,0.0501882,0.0290871,0.0
5.66517,0.000609684,0.217482,0.0602274,0.0
5.66549,0.000609423,0.117106,0.0441439,0.0
5.66535,0.000598915,0.200753,0.057832,0.0
5.66565,0.000616211,0.100376,0.0410641,0.0
5.66527,0.000608575,0.167294,0.052699,0.0
5.66543,0.000591866,0.117106,0.0441439,0.0
5.6652,0.000593171,0.133835,0.0472238,0.0
5.6652,0.000626524,0.200753,0.057832,0.0
5.66611,0.000622281,0.234212,0.0622806,0.0
5.66564,0.000582401,0.117106,0.0441439,0.0
5.66507,0.000609423,0.133835,0.0472238,0.0
5.66499,0.000612099,0.133835,0.0472238,0.0
5.66526,0.00060753,0.150565,0.0499614,0.0
5.66503,0.000609684,0.184023,0.0554366,0.0
5.66529,0.000611512,0.133835,0.0472238,0.0
5.66505,0.000614971,0.200753,0.057832,0.0
5.66604,0.000632855,0.150565,0.0499614,0.0
5.66495,0.000617517,0.117106,0.0441439,0.0
5.66429,0.000572089,0.117106,0.0441439,0.0
5.66538,0.000579007,0.150565,0.0499614,0.0
5.66507,0.000591082,0.133835,0.0472238,0.0
5.66487,0.000551464,0.0669176,0.0335357,0.0
5.66488,0.000602439,0.200753,0.057832,0.0
5.66506,0.00061471,0.150565,0.0499614,0.0
5.66446,0.000620519,0.150565,0.0499614,0.0
5.66492,0.000583837,0.083647,0.0372999,0.0
5.66577,0.00059911,0.217482,0.0602274,0.0
5.66555,0.000583903,0.083647,0.0372999,0.0
5.66544,0.000601003,0.100376,0.0410641,0.0
5.66538,0.000589189,0.117106,0.0441439,0.0
5.66524,0.000594607,0.150565,0.0499614,0.0
5.66448,0.000613731,0.100376,0.0410641,0.0
5.66403,0.000583707,0.083647,0.0372999,0.0
5.66494,0.000586057,0.100376,0.0410641,0.0
5.66551,0.000625218,0.184023,0.0554366,0.0
5.66507,0.000619279,0.133835,0.0472238,0.0
5.66507,0.000583446,0.133835,0.0472238,0.0
5.66523,0.00060988,0.234212,0.0622806,0.0
5.66511,0.000603418,0.117106,0.0441439,0.0
5.6649,0.000575613,0.150565,0.0499614,0.0
5.66513,0.000586513,0.083647,0.0372999,0.0
5.66554,0.000591082,0.117106,0.0441439,0.0
5.66557,0.000582467,0.133835,0.0472238,0.0
5.66497,0.000607661,0.133835,0.0472238,0.0
5.66561,0.000585208,0.100376,0.0410641,0.0
5.66563,0.000635074,0.26767,0.0667292,0.0
5.66545,0.000613078,0.167294,0.052699,0.0
5.66533,0.000600416,0.184023,0.0554366,0.0
5.66595,0.000592845,0.117106,0.0441439,0.0
5.66524,0.000600285,0.184023,0.0554366,0.0
5.66529,0.000599176,0.150565,0.0499614,0.0
5.66502,0.000594346,0.117106,0.0441439,0.0
5.66526,0.000616472,0.184023,0.0554366,0.0
5.66563,0.000597348,0.083647,0.0372999,0.0
5.66491,0.000587819,0.133835,0.0472238,0.0
5.66549,0.000601656,0.167294,0.052699,0.0
5.66543,0.000591866,0.184023,0.0554366,0.0
5.66591,0.000603222,0.167294,0.052699,0.0
5.66558,0.00060753,0.184023,0.0554366,0.0
5.66548,0.000593106,0.117106,0.0441439,0.0
5.66448,0.000573198,0.083647,0.0372999,0.0
5.66546,0.000601656,0.200753,0.057832,0.0
5.6663,0.000612099,0.150565,0.0499614,0.0
5.66522,0.00060394,0.133835,0.0472238,0.0
5.66514,0.000594346,0.117106,0.0441439,0.0
5.66644,0.000616929,0.234212,0.0622806,0.0
5.66508,0.000631093,0.167294,0.052699,0.0
5.66415,0.000575809,0.117106,0.0441439,0.0
5.66433,0.000601525,0.133835,0.0472238,0.0
5.66484,0.000572872,0.100376,0.0410641,0.0
5.66437,0.000591148,0.0501882,0.0290871,0.0
5.66491,0.000601656,0.133835,0.0472238,0.0
5.66465,0.000605572,0.167294,0.052699,0.0
5.66357,0.000582663,0.0501882,0.0290871,0.0
5.66388,0.000576527,0.150565,0.0499614,0.0
5.66519,0.00057483,0.100376,0.0410641,0.0
5.66513,0.000582336,0.100376,0.0410641,0.0
5.66462,0.000588472,0.117106,0.0441439,0.0
5.66473,0.000610794,0.150565,0.0499614,0.0
5.66463,0.00059911,0.133835,0.0472238,0.0
5.66481,0.000603484,0.150565,0.0499614,0.0
5.66653,0.000590821,0.167294,0.052699,0.0
5.66554,0.000605703,0.150565,0.0499614,0.0
5.665,0.000597283,0.133835,0.0472238,0.0
5.66525,0.000580639,0.117106,0.0441439,0.0
5.66611,0.000587036,0.100376,0.0410641,0.0
5.66493,0.000619018,0.150565,0.0499614,0.0
5.66467,0.000587036,0.0669176,0.0335357,0.0
5.66452,0.000588928,0.133835,0.0472238,0.0
5.66571,0.000588994,0.133835,0.0472238,0.0
5.6663,0.00059774,0.117106,0.0441439,0.0
5.66633,0.000595978,0.0669176,0.0335357,0.0
5.66511,0.000585143,0.150565,0.0499614,0.0
5.66403,0.000598458,0.083647,0.0372999,0.0
5.66442,0.000584294,0.167294,0.052699,0.0
5.66567,0.000586318,0.150565,0.0499614,0.0
5.66568,0.000612295,0.150565,0.0499614,0.0
5.6651,0.000607661,0.150565,0.0499614,0.0
5.66523,0.000605507,0.167294,0.052699,0.0
5.66472,0.000601069,0.083647,0.0372999,0.0
5.66414,0.000567585,0.083647,0.0372999,0.0
5.66483,0.000552834,0.083647,0.0372999,0.0
5.6653,0.000602178,0.167294,0.052699,0.0
5.66471,0.000616472,0.167294,0.052699,0.0
5.6648,0.000617386,0.217482,0.0602274,0.0
5.66475,0.000596108,0.100376,0.0410641,0.0
5.66407,0.000585991,0.083647,0.0372999,0.0
5.6652,0.0006074,0.117106,0.0441439,0.0
5.66522,0.00060257,0.200753,0.057832,0.0
5.66471,0.000591996,0.0669176,0.0335357,0.0
5.66464,0.000579268,0.100376,0.0410641,0.0
5.66559,0.000585143,0.117106,0.0441439,0.0
5.66481,0.000597413,0.200753,0.057832,0.0
5.66502,0.000614971,0.200753,0.057832,0.0
5.66529,0.000598654,0.133835,0.0472238,0.0
5.66506,0.00057953,0.100376,0.0410641,0.0
5.66459,0.000564713,0.117106,0.0441439,0.0
5.66437,0.000589842,0.100376,0.0410641,0.0
5.66494,0.000599567,0.133835,0.0472238,0.0
5.66579,0.000593758,0.150565,0.0499614,0.0
5.66495,0.000607857,0.133835,0.0472238,0.0
5.6646,0.000609423,0.150565,0.0499614,0.0
5.66493,0.00058201,0.117106,0.0441439,0.0
5.66425,0.000565366,0.0669176,0.0335357,0.0
5.66434,0.000588667,0.100376,0.0410641,0.0
5.6653,0.000616994,0.133835,0.0472238,0.0
5.6656,0.000626393,0.150565,0.0499614,0.0
5.66534,0.000629265,0.100376,0.0410641,0.0
5.66424,0.000585469,0.117106,0.0441439,0.0
5.66553,0.000578877,0.117106,0.0441439,0.0
5.66542,0.00059774,0.133835,0.0472238,0.0
5.6651,0.000580966,0.133835,0.0472238,0.0
5.66446,0.000581879,0.117106,0.0441439,0.0
5.66451,0.000576136,0.133835,0.0472238,0.0
5.66488,0.000584621,0.117106,0.0441439,0.0
5.66549,0.000596108,0.100376,0.0410641,0.0
5.66467,0.000578616,0.117106,0.0441439,0.0
5.66479,0.000590364,0.200753,0.057832,0.0
5.66572,0.000606421,0.083647,0.0372999,0.0
5.66478,0.000597413,0.167294,0.052699,0.0
5.66516,0.000601721,0.083647,0.0372999,0.0
5.66436,0.00057483,0.133835,0.0472238,0.0
5.66583,0.000606682,0.184023,0.0554366,0.0
5.66565,0.000590495,0.167294,0.052699,0.0
5.66386,0.000579791,0.100376,0.0410641,0.0
5.66505,0.000602113,0.117106,0.0441439,0.0
5.66512,0.000578812,0.083647,0.0372999,0.0
5.66441,0.000569217,0.0669176,0.0335357,0.0
5.66499,0.000596043,0.100376,0.0410641,0.0
5.66482,0.000584882,0.150565,0.0499614,0.0
5.66605,0.000605637,0.200753,0.057832,0.0
5.66592,0.00059663,0.217482,0.0602274,0.0
5.66536,0.000592192,0.133835,0.0472238,0.0
5.66417,0.000579007,0.0501882,0.0290871,0.0
5.66491,0.00056987,0.0669176,0.0335357,0.0
5.66443,0.000580443,0.117106,0.0441439,0.0
5.66445,0.000603222,0.150565,0.0499614,0.0
5.66486,0.000596239,0.083647,0.0372999,0.0
5.66568,0.000604658,0.150565,0.0499614,0.0
5.66521,0.000601591,0.167294,0.052699,0.0
5.66453,0.000590169,0.184023,0.0554366,0.0
5.66539,0.00061223,0.150565,0.0499614,0.0
5.66563,0.00057607,0.0669176,0.0335357,0.0
5.66466,0.000600351,0.133835,0.0472238,0.0
5.66436,0.000569282,0.0334588,0.0236119,0.0
5.66498,0.000590495,0.117106,0.0441439,0.0
5.66537,0.000582401,0.184023,0.0554366,0.0
5.66468,0.000596957,0.0669176,0.0335357,0.0
5.66475,0.000587819,0.117106,0.0441439,0.0
5.6655,0.000598131,0.200753,0.057832,0.0
5.66456,0.000579399,0.0334588,0.0236119,0.0
5.66399,0.000582336,0.150565,0.0499614,0.0
5.66492,0.00058821,0.083647,0.0372999,0.0
5.66491,0.000565823,0.0167294,0.0167679,0.0
5.66474,0.000569609,0.100376,0.0410641,0.0
5.66433,0.000573916,0.0669176,0.0335357,0.0
5.66473,0.000578224,0.133835,0.0472238,0.0
5.66539,0.000598523,0.100376,0.0410641,0.0
5.66532,0.000617973,0.200753,0.057832,0.0
5.66494,0.0005856,0.0167294,0.0167679,0.0
5.66527,0.000595194,0.133835,0.0472238,0.0
5.6653,0.000578159,0.117106,0.0441439,0.0
5.66423,0.000605311,0.150565,0.0499614,0.0
5.66402,0.000590952,0.083647,0.0372999,0.0
5.66385,0.000582989,0.117106,0.0441439,0.0
5.66396,0.00053978,0.0167294,0.0167679,0.0
5.66497,0.00055303,0.0669176,0.0335357,0.0
5.66545,0.000599045,0.200753,0.057832,0.0
5.66439,0.000602961,0.0501882,0.0290871,0.0
5.66379,0.000577702,0.150565,0.0499614,0.0
5.66447,0.000609162,0.167294,0.052699,0.0
5.66582,0.000584294,0.150565,0.0499614,0.0
5.66531,0.000580966,0.133835,0.0472238,0.0
5.66567,0.000584164,0.083647,0.0372999,0.0
5.66539,0.000578551,0.0501882,0.0290871,0.0
5.6645,0.000574765,0.100376,0.0410641,0.0
5.66614,0.000601395,0.083647,0.0372999,0.0
5.66623,0.000617908,0.167294,0.052699,0.0
5.66499,0.000599176,0.100376,0.0410641,0.0
5.66509,0.000592192,0.133835,0.0472238,0.0
5.66516,0.00057966,0.100376,0.0410641,0.0
5.66501,0.000574243,0.167294,0.052699,0.0
5.66455,0.000584164,0.0669176,0.0335357,0.0
5.66426,0.000582271,0.083647,0.0372999,0.0
5.66439,0.000587819,0.0669176,0.0335357,0.0
5.66488,0.00059291,0.133835,0.0472238,0.0
5.66563,0.000623326,0.217482,0.0602274,0.0
5.66446,0.000575026,0.0501882,0.0290871,0.0
5.66381,0.000584294,0.0501882,0.0290871,0.0
5.66446,0.000570588,0.117106,0.0441439,0.0
5.66452,0.000559753,0.100376,0.0410641,0.0
5.66443,0.000569478,0.0501882,0.0290871,0.0
5.66462,0.000582924,0.167294,0.052699,0.0
5.66552,0.000588406,0.0669176,0.0335357,0.0
5.66508,0.000609488,0.117106,0.0441439,0.0
5.66476,0.000587492,0.117106,0.0441439,0.0
5.66424,0.000594672,0.100376,0.0410641,0.0
5.66501,0.000593628,0.133835,0.0472238,0.0
5.66466,0.000579138,0.167294,0.052699,0.0
5.66584,0.000576462,0.133835,0.0472238,0.0
5.66551,0.000580117,0.100376,0.0410641,0.0
5.66558,0.000574308,0.100376,0.0410641,0.0
5.66495,0.000564191,0.0669176,0.0335357,0.0
5.66535,0.000580966,0.117106,0.0441439,0.0
5.66582,0.000597675,0.184023,0.0554366,0.0
5.66558,0.000580378,0.0501882,0.0290871,0.0
5.66567,0.000581553,0.0669176,0.0335357,0.0
5.66572,0.000587427,0.117106,0.0441439,0.0
5.66509,0.00057594,0.083647,0.0372999,0.0
5.66406,0.000587231,0.117106,0.0441439,0.0
5.66455,0.000586318,0.167294,0.052699,0.0
5.66484,0.00058573,0.0669176,0.0335357,0.0
5.66615,0.000577506,0.150565,0.0499614,0.0
5.66592,0.000592518,0.083647,0.0372999,0.0
5.66482,0.00057235,0.0167294,0.0167679,0.0
5.6636,0.000554597,0.0167294,0.0167679,0.0
5.66486,0.000557403,0.117106,0.0441439,0.0
5.66532,0.000586644,0.100376,0.0410641,0.0
5.66463,0.000585469,0.167294,0.052699,0.0
5.66491,0.000591278,0.133835,0.0472238,0.0
5.6651,0.000588602,0.100376,0.0410641,0.0
5.66408,0.000564713,0.117106,0.0441439,0.0
5.66418,0.000594411,0.117106,0.0441439,0.0
5.66525,0.000593628,0.083647,0.0372999,0.0
5.6644,0.000572872,0.0669176,0.0335357,0.0
5.66474,0.000568303,0.0669176,0.0335357,0.0
5.66518,0.000580443,0.117106,0.0441439,0.0
5.66466,0.000579334,0.0669176,0.0335357,0.0
5.66449,0.000574047,0.083647,0.0372999,0.0
5.66515,0.000587166,0.133835,0.0472238,0.0
5.66494,0.000579007,0.100376,0.0410641,0.0
5.66494,0.000561907,0.0334588,0.0236119,0.0
5.6655,0.000575091,0.133835,0.0472238,0.0
5.66528,0.000589516,0.100376,0.0410641,0.0
5.66489,0.000570588,0.0334588,0.0236119,0.0
5.66447,0.000555053,0.133835,0.0472238,0.0
5.66488,0.000584621,0.0669176,0.0335357,0.0
5.66473,0.000577506,0.083647,0.0372999,0.0
5.66415,0.000581749,0.100376,0.0410641,0.0
5.66504,0.000578028,0.117106,0.0441439,0.0
5.66584,0.000600416,0.117106,0.0441439,0.0
5.66539,0.000611251,0.133835,0.0472238,0.0
5.66602,0.000593628,0.150565,0.0499614,0.0
5.66487,0.000579725,0.083647,0.0372999,0.0
5.6649,0.000571893,0.0167294,0.0167679,0.0
5.66561,0.000601656,0.184023,0.0554366,0.0
5.66488,0.000595978,0.167294,0.052699,0.0
5.66491,0.000564126,0.0669176,0.0335357,0.0
5.66564,0.000570979,0.184023,0.0602274,0.0
5.66528,0.000587297,0.133835,0.0472238,0.0
5.66519,0.000590625,0.083647,0.0372999,0.0
5.6645,0.000599241,0.083647,0.0372999,0.0
5.66365,0.000586775,0.117106,0.0503036,0.0
5.66488,0.000586775,0.117106,0.0441439,0.0
5.66581,0.00058697,0.150565,0.0499614,0.0
5.6659,0.000609293,0.100376,0.0410641,0.0
5.66428,0.000559949,0.0334588,0.0236119,0.0
5.66383,0.000578551,0.133835,0.0472238,0.0
5.66521,0.000582271,0.117106,0.0441439,0.0
5.66484,0.000573459,0.133835,0.0472238,0.0
5.66491,0.000580248,0.117106,0.0441439,0.0
5.66573,0.00058684,0.083647,0.0372999,0.0
5.66522,0.000581096,0.100376,0.0410641,0.0
5.66559,0.000586318,0.133835,0.0472238,0.0
5.66509,0.000578942,0.117106,0.0441439,0.0
5.66502,0.000617125,0.200753,0.057832,0.0
5.66523,0.000610598,0.117106,0.0441439,0.0
5.66505,0.000589451,0.133835,0.0472238,0.0
5.6653,0.000586187,0.100376,0.0410641,0.0
5.66473,0.000588537,0.0501882,0.0290871,0.0
5.66466,0.000546111,0.0167294,0.0167679,0.0
5.66506,0.000572611,0.083647,0.0372999,0.0
5.665,0.000581161,0.117106,0.0441439,0.0
5.66484,0.000575287,0.117106,0.0441439,0.0
5.66435,0.000586187,0.117106,0.0441439,0.0
5.66379,0.000552638,0.0669176,0.0335357,0.0
5.66419,0.000583054,0.150565,0.0499614,0.0
5.66533,0.000574177,0.0334588,0.0236119,0.0
5.66486,0.000607791,0.150565,0.0499614,0.0
5.66478,0.000583968,0.100376,0.0410641,0.0
5.66469,0.000556685,0.0167294,0.0167679,0.0
5.6648,0.000581357,0.083647,0.0372999,0.0
5.66563,0.000570065,0.0,0.0,0.0
5.66337,0.00056269,0.0334588,0.0236119,0.0
5.66354,0.000565692,0.0501882,0.0290871,0.0
5.66454,0.000562951,0.0669176,0.0335357,0.0
5.66406,0.000555641,0.100376,0.0410641,0.0
5.66478,0.00056987,0.100376,0.0410641,0.0
5.6649,0.00057594,0.0501882,0.0290871,0.0
5.66345,0.000570261,0.150565,0.0499614,0.0
5.66435,0.000570522,0.0167294,0.0167679,0.0
5.66464,0.000545655,0.0501882,0.0290871,0.0
5.66382,0.000568042,0.0669176,0.0335357,0.0
5.66457,0.000566737,0.0167294,0.0167679,0.0
5.66496,0.000563604,0.083647,0.0372999,0.0
5.66473,0.000574243,0.100376,0.0410641,0.0
5.66463,0.000562755,0.083647,0.0372999,0.0
5.66539,0.000568499,0.0501882,0.0290871,0.0
5.66563,0.000578616,0.083647,0.0372999,0.0
5.66434,0.0005856,0.100376,0.0410641,0.0
5.66474,0.000582663,0.100376,0.0410641,0.0
5.6649,0.000560601,0.0501882,0.0290871,0.0
5.66404,0.000573264,0.083647,0.0372999,0.0
5.66404,0.000584947,0.133835,0.0472238,0.0
5.66404,0.000571306,0.083647,0.0372999,0.0
5.66398,0.000579268,0.0501882,0.0290871,0.0
5.66494,0.000590886,0.100376,0.0410641,0.0
5.66428,0.000578289,0.117106,0.0441439,0.0
5.66414,0.000578877,0.083647,0.0372999,0.0
5.66479,0.000585404,0.100376,0.0410641,0.0
5.6639,0.000579334,0.0334588,0.0236119,0.0
5.66371,0.000586709,0.0501882,0.0290871,0.0
5.66516,0.000589646,0.150565,0.0499614,0.0
5.66546,0.000587297,0.117106,0.0441439,0.0
5.66471,0.000592257,0.117106,0.0441439,0.0
5.66466,0.000569217,0.0669176,0.0335357,0.0
5.66521,0.000583511,0.083647,0.0372999,0.0
5.66443,0.000588472,0.133835,0.0472238,0.0
5.6649,0.000565105,0.0501882,0.0290871,0.0
5.6654,0.00060133,0.167294,0.052699,0.0
5.66388,0.000587166,0.0334588,0.0236119,0.0
5.66512,0.000592388,0.150565,0.0499614,0.0
5.66481,0.000562429,0.0501882,0.0290871,0.0
5.66425,0.000561515,0.0167294,0.0167679,0.0
5.66412,0.00057359,0.083647,0.0372999,0.0
5.66414,0.000584164,0.0501882,0.0290871,0.0
5.66381,0.000561711,0.0334588,0.0236119,0.0
5.66364,0.000554531,0.083647,0.0372999,0.0
5.66454,0.000572089,0.083647,0.0372999,0.0
5.66464,0.000550811,0.083647,0.0372999,0.0
5.66447,0.000560732,0.083647,0.0372999,0.0
5.66417,0.000579073,0.083647,0.0372999,0.0
5.66448,0.000577049,0.0669176,0.0335357,0.0
5.66506,0.000592975,0.100376,0.0410641,0.0
5.6643,0.000586775,0.0669176,0.0335357,0.0
5.66438,0.000578485,0.083647,0.0372999,0.0
5.66397,0.000587754,0.0167294,0.0167679,0.0
5.66418,0.00056987,0.083647,0.0372999,0.0
5.6646,0.000573003,0.083647,0.0372999,0.0
5.66401,0.000580835,0.100376,0.0410641,0.0
5.66392,0.00057248,0.0334588,0.0236119,0.0
5.66456,0.000578877,0.0669176,0.0335357,0.0
5.66482,0.000575809,0.083647,0.0372999,0.0
5.66527,0.000559883,0.0334588,0.0236119,0.0
5.66492,0.00057359,0.100376,0.0410641,0.0
5.66462,0.000586383,0.117106,0.0441439,0.0
5.66506,0.000580052,0.0669176,0.0335357,0.0
5.6654,0.000578485,0.100376,0.0410641,0.0
5.66528,0.000594542,0.117106,0.0441439,0.0
5.66461,0.000562298,0.083647,0.0372999,0.0
5.6647,0.000568891,0.117106,0.0441439,0.0
5.66485,0.000572154,0.083647,0.0372999,0.0
5.66485,0.000600416,0.083647,0.0372999,0.0
5.66518,0.000578812,0.083647,0.0372999,0.0
5.66573,0.000584425,0.0669176,0.0335357,0.0
5.66489,0.000586775,0.150565,0.0499614,0.0
5.66488,0.000584425,0.0669176,0.0335357,0.0
5.66421,0.000572154,0.0334588,0.0236119,0.0
5.66376,0.000569282,0.0334588,0.0236119,0.0
5.6638,0.000573459,0.083647,0.0372999,0.0
5.66376,0.000569674,0.0167294,0.0167679,0.0
5.66425,0.000572937,0.100376,0.0410641,0.0
5.66471,0.000579007,0.133835,0.0472238,0.0
5.66346,0.000564844,0.0167294,0.0167679,0.0
5.66334,0.00057124,0.0669176,0.0410641,0.0
5.66472,0.000588341,0.100376,0.0410641,0.0
5.66519,0.000556685,0.0501882,0.0290871,0.0
5.66353,0.000575222,0.083647,0.0372999,0.0
5.66368,0.000574504,0.100376,0.0410641,0.0
5.66461,0.000561776,0.0669176,0.0335357,0.0
5.66416,0.000556032,0.100376,0.0410641,0.0
5.6643,0.000574047,0.083647,0.0372999,0.0
5.6659,0.000583576,0.167294,0.052699,0.0
5.66495,0.000606682,0.217482,0.0602274,0.0
5.66514,0.000595978,0.083647,0.0372999,0.0
5.66502,0.000572024,0.117106,0.0441439,0.0
5.66448,0.000543044,0.083647,0.0372999,0.0
5.66451,0.000572089,0.0669176,0.0335357,0.0
5.66474,0.000582924,0.083647,0.0372999,0.0
5.66436,0.000552965,0.0167294,0.0167679,0.0
5.66417,0.000573264,0.083647,0.0372999,0.0
5.66429,0.000574243,0.0669176,0.0335357,0.0
5.66453,0.000547809,0.083647,0.0372999,0.0
5.66501,0.000581683,0.150565,0.0499614,0.0
5.66552,0.000569021,0.083647,0.0372999,0.0
5.66419,0.00056863,0.0669176,0.0335357,0.0
5.66459,0.000577506,0.100376,0.0410641,0.0
5.66452,0.000575091,0.100376,0.0410641,0.0
5.66391,0.000568695,0.0501882,0.0290871,0.0
5.66411,0.000559818,0.083647,0.0372999,0.0
5.66373,0.000552508,0.0167294,0.0167679,0.0
5.66392,0.00057483,0.083647,0.0372999,0.0
5.66484,0.000577637,0.0669176,0.0335357,0.0
5.66532,0.000614906,0.184023,0.0554366,0.0
5.66525,0.000614971,0.0669176,0.0335357,0.0
5.66417,0.000590038,0.0669176,0.0335357,0.0
5.66418,0.000587362,0.117106,0.0441439,0.0
5.66509,0.000568238,0.083647,0.0372999,0.0
5.6651,0.000571306,0.100376,0.0410641,0.0
5.6651,0.000581031,0.083647,0.0372999,0.0
5.66433,0.000551659,0.0501882,0.0290871,0.0
5.6646,0.00056641,0.083647,0.0372999,0.0
5.66545,0.000562168,0.0669176,0.0335357,0.0
5.66391,0.000571371,0.0501882,0.0290871,0.0
5.66334,0.000555445,0.0167294,0.0167679,0.0
5.66488,0.000580574,0.083647,0.0372999,0.0
5.6646,0.000577506,0.0334588,0.0236119,0.0
5.66418,0.00056863,0.0669176,0.0335357,0.0
5.66461,0.000593367,0.083647,0.0372999,0.0
5.66491,0.000581879,0.0501882,0.0290871,0.0
5.66546,0.000554923,0.0501882,0.0290871,0.0
5.6646,0.000563734,0.0334588,0.0236119,0.0
5.66315,0.000553879,0.083647,0.0372999,0.0
5.66428,0.000564779,0.100376,0.0410641,0.0
5.66419,0.000567389,0.0501882,0.0290871,0.0
5.66393,0.000593236,0.100376,0.0410641,0.0
5.6645,0.000565105,0.0334588,0.0236119,0.0
5.66473,0.000579464,0.0669176,0.0335357,0.0
5.66514,0.00056628,0.100376,0.0410641,0.0
5.66491,0.00056863,0.083647,0.0372999,0.0
5.66463,0.000569543,0.083647,0.0372999,0.0
5.66492,0.000574373,0.0669176,0.0335357,0.0
5.66419,0.000563147,0.083647,0.0372999,0.0
5.6642,0.00056504,0.0669176,0.0335357,0.0
5.66392,0.000559622,0.0334588,0.0236119,0.0
5.66448,0.000558056,0.117106,0.0441439,0.0
5.66505,0.000565301,0.0501882,0.0290871,0.0
5.66534,0.000574504,0.100376,0.0410641,0.0
5.66499,0.000588472,0.083647,0.0372999,0.0
5.66484,0.000584033,0.0501882,0.0290871,0.0
5.6645,0.000576331,0.100376,0.0410641,0.0
5.66468,0.000569609,0.117106,0.0441439,0.0
5.66488,0.000572742,0.0669176,0.0335357,0.0
5.66521,0.000579138,0.167294,0.052699,0.0
5.6641,0.000567716,0.0501882,0.0290871,0.0
5.66401,0.000581879,0.0669176,0.0335357,0.0
5.66457,0.000581422,0.0501882,0.0290871,0.0
5.66433,0.000570653,0.0334588,0.0236119,0.0
5.66363,0.000575026,0.0,0.0,0.0
5.66472,0.000590299,0.100376,0.0410641,0.0
5.66499,0.00057124,0.083647,0.0372999,0.0
5.66427,0.000572546,0.0501882,0.0290871,0.0
5.664,0.000569739,0.100376,0.0410641,0.0
5.66463,0.00057235,0.083647,0.0372999,0.0
5.66464,0.00057111,0.083647,0.0372999,0.0
5.66468,0.000566933,0.0501882,0.0290871,0.0
5.66449,0.000559492,0.0669176,0.0335357,0.0
5.66458,0.000609031,0.100376,0.0410641,0.0
5.66518,0.000581227,0.0,0.0,0.0
5.66463,0.000551072,0.083647,0.0372999,0.0
5.66447,0.000548657,0.0501882,0.0290871,0.0
5.66459,0.000556489,0.0669176,0.0335357,0.0
5.6648,0.000584882,0.117106,0.0503036,0.0
5.6651,0.000582597,0.117106,0.0441439,0.0
5.66458,0.00059304,0.100376,0.0410641,0.0
5.66443,0.000555576,0.0501882,0.0290871,0.0
5.66442,0.000563669,0.0669176,0.0335357,0.0
5.66398,0.000567324,0.083647,0.0372999,0.0
5.66484,0.000589777,0.167294,0.052699,0.0
5.66453,0.000576984,0.0334588,0.0236119,0.0
5.66365,0.000582336,0.100376,0.0410641,0.0
5.66427,0.000588667,0.100376,0.0410641,0.0
5.66471,0.000581683,0.0501882,0.0290871,0.0
5.66475,0.000552834,0.100376,0.0410641,0.0
5.66486,0.000573851,0.083647,0.0372999,0.0
5.66482,0.000579986,0.0334588,0.0236119,0.0
5.66516,0.00053978,0.0334588,0.0236119,0.0
5.66402,0.000542326,0.0501882,0.0290871,0.0
5.66428,0.000592845,0.117106,0.0441439,0.0
5.66469,0.000570392,0.0669176,0.0335357,0.0
5.66368,0.000552182,0.0501882,0.0290871,0.0
5.66391,0.000547156,0.0501882,0.0290871,0.0
5.66379,0.00057,0.0334588,0.0236119,0.0
5.66414,0.000564518,0.0669176,0.0335357,0.0
5.66397,0.000568956,0.0669176,0.0335357,0.0
5.66334,0.000558121,0.100376,0.0410641,0.0
5.66367,0.000572872,0.0334588,0.0236119,0.0
5.66493,0.000552182,0.0334588,0.0236119,0.0
5.66465,0.00056863,0.0334588,0.0236119,0.0
5.66451,0.000587036,0.0501882,0.0290871,0.0
5.66412,0.000571501,0.0669176,0.0335357,0.0
5.66492,0.000569935,0.0669176,0.0335357,0.0
5.66413,0.00055055,0.0167294,0.0167679,0.0
5.66378,0.000539715,0.0167294,0.0167679,0.0
5.66383,0.000565236,0.100376,0.0410641,0.0
5.66401,0.000577049,0.0334588,0.0236119,0.0
5.66387,0.000559035,0.0501882,0.0290871,0.0
5.66388,0.000545655,0.0501882,0.0290871,0.0
5.66378,0.000573721,0.0501882,0.0290871,0.0
5.66369,0.00055068,0.0167294,0.0167679,0.0
5.66472,0.000563669,0.0167294,0.0167679,0.0
5.66453,0.000565105,0.0501882,0.0290871,0.0
5.66415,0.000583119,0.117106,0.0441439,0.0
5.66502,0.000574634,0.083647,0.0372999,0.0
5.66464,0.000585143,0.0167294,0.0167679,0.0
5.66398,0.00055662,0.0669176,0.0335357,0.0
5.66386,0.000559361,0.0334588,0.0236119,0.0
5.6643,0.000560471,0.083647,0.0372999,0.0
5.66483,0.00057111,0.0501882,0.0290871,0.0
5.66522,0.000565105,0.100376,0.0410641,0.0
5.6653,0.000572937,0.0334588,0.0236119,0.0
5.66412,0.00056517,0.0501882,0.0290871,0.0
5.66509,0.00055179,0.0669176,0.0335357,0.0
5.66524,0.000556098,0.0334588,0.0236119,0.0
5.66287,0.000567259,0.0669176,0.0335357,0.0
5.6631,0.000558447,0.0669176,0.0335357,0.0
5.66451,0.000560144,0.0501882,0.0290871,0.0
5.66462,0.000556946,0.0669176,0.0335357,0.0
5.66459,0.000592192,0.100376,0.0410641,0.0
5.66459,0.000597805,0.117106,0.0441439,0.0
5.6631,0.000580574,0.0334588,0.0236119,0.0
5.66398,0.000572089,0.0501882,0.0290871,0.0
5.66415,0.000553422,0.083647,0.0372999,0.0
5.66306,0.00056393,0.0669176,0.0335357,0.0
5.66345,0.000575809,0.0501882,0.0290871,0.0
5.66404,0.000559557,0.083647,0.0372999,0.0
5.66408,0.000572872,0.0669176,0.0335357,0.0
5.66445,0.000567063,0.0334588,0.0236119,0.0
5.66437,0.000551464,0.0334588,0.0236119,0.0
5.66389,0.000548265,0.0501882,0.0290871,0.0
5.66417,0.00056158,0.083647,0.0372999,0.0
5.6643,0.000552769,0.0501882,0.0290871,0.0
5.66413,0.000554923,0.0501882,0.0290871,0.0
5.6642,0.000568173,0.083647,0.0372999,0.0
5.66437,0.000570979,0.0669176,0.0335357,0.0
5.66453,0.000573068,0.0669176,0.0335357,0.0
5.66408,0.000575744,0.0501882,0.0290871,0.0
5.66427,0.000562233,0.0501882,0.0290871,0.0
5.66446,0.000568956,0.100376,0.0410641,0.0
5.66479,0.00057124,0.083647,0.0441439,0.0
5.66439,0.000555184,0.0167294,0.0167679,0.0
5.66469,0.000568825,0.0501882,0.0290871,0.0
5.66428,0.000566671,0.0669176,0.0335357,0.0
5.66391,0.000587492,0.0167294,0.0167679,0.0
5.66352,0.000570392,0.0334588,0.0236119,0.0
5.66336,0.000568434,0.0669176,0.0335357,0.0
5.66367,0.000591996,0.117106,0.0441439,0.0
5.66444,0.000549506,0.0501882,0.0290871,0.0
5.6638,0.000567128,0.0669176,0.0335357,0.0
5.66433,0.000567977,0.0501882,0.0290871,0.0
5.66477,0.000575157,0.0501882,0.0290871,0.0
5.66521,0.000580639,0.133835,0.0472238,0.0
5.66513,0.000572937,0.083647,0.0372999,0.0
5.66413,0.000561254,0.0669176,0.0335357,0.0
5.66376,0.000548135,0.0,0.0,0.0
5.66466,0.000580574,0.0669176,0.0335357,0.0
5.66504,0.00057,0.0334588,0.0236119,0.0
5.66519,0.00056987,0.0501882,0.0290871,0.0
5.66477,0.000584816,0.150565,0.0499614,0.0
5.66453,0.00058449,0.083647,0.0372999,0.0
5.66448,0.000559557,0.0501882,0.0290871,0.0
5.66491,0.000571762,0.0669176,0.0335357,0.0
5.66437,0.000548788,0.0167294,0.0167679,0.0
5.6636,0.000545459,0.0,0.0,0.0
5.66463,0.000546568,0.083647,0.0372999,0.0
5.66511,0.000552508,0.0167294,0.0167679,0.0
5.66407,0.00054807,0.0669176,0.0335357,0.0
5.66467,0.00057235,0.0669176,0.0335357,0.0
5.66407,0.000562233,0.100376,0.0410641,0.0
5.66345,0.000567912,0.0669176,0.0335357,0.0
5.66382,0.000557991,0.0669176,0.0335357,0.0
5.66409,0.000567455,0.0501882,0.0290871,0.0
5.66369,0.000552182,0.0167294,0.0167679,0.0
5.66325,0.000540564,0.0334588,0.0236119,0.0
5.66389,0.000566802,0.083647,0.0372999,0.0
5.66372,0.000553618,0.0,0.0,0.0
5.66392,0.000573851,0.083647,0.0372999,0.0
5.66386,0.000555641,0.0501882,0.0290871,0.0
5.66379,0.000561907,0.0669176,0.0335357,0.0
5.66451,0.000542,0.0,0.0,0.0
5.66443,0.000550028,0.0,0.0,0.0
5.66389,0.000550028,0.0167294,0.0167679,0.0
5.6658,0.000576462,0.133835,0.0472238,0.0
5.66566,0.000594346,0.100376,0.0472238,0.0
5.66515,0.000575548,0.150565,0.0499614,0.0
5.66401,0.000565953,0.0167294,0.0167679,0.0
5.66403,0.000541869,0.0,0.0,0.0
5.665,0.000547156,0.0669176,0.0335357,0.0
5.66455,0.000565431,0.0501882,0.0290871,0.0
5.66347,0.000548853,0.0501882,0.0290871,0.0
5.66318,0.000567912,0.100376,0.0410641,0.0
5.66487,0.000569217,0.0669176,0.0335357,0.0
5.66517,0.000568042,0.0501882,0.0290871,0.0
5.66437,0.00056504,0.100376,0.0410641,0.0
5.66377,0.000566084,0.0501882,0.0290871,0.0
5.66421,0.000574308,0.083647,0.0372999,0.0
5.66491,0.000553422,0.0669176,0.0335357,0.0
5.66464,0.000572285,0.150565,0.0499614,0.0
5.66398,0.000568303,0.0334588,0.0236119,0.0
5.66385,0.00058338,0.100376,0.0410641,0.0
5.66496,0.000586383,0.0167294,0.0167679,0.0
5.66418,0.000558382,0.083647,0.0372999,0.0
5.66391,0.000545981,0.0334588,0.0236119,0.0
5.66391,0.000596826,0.0669176,0.0335357,0.0
5.66405,0.000572676,0.0167294,0.0167679,0.0
5.66447,0.000546307,0.0669176,0.0335357,0.0
5.66402,0.000568368,0.083647,0.0372999,0.0
5.66386,0.000561972,0.0334588,0.0236119,0.0
5.66396,0.00057111,0.0501882,0.0290871,0.0
5.66473,0.000562951,0.0167294,0.0167679,0.0
5.66499,0.00055662,0.0669176,0.0335357,0.0
5.66414,0.000598654,0.100376,0.0410641,0.0
5.66372,0.000561776,0.0,0.0,0.0
5.66396,0.000571958,0.0669176,0.0335357,0.0
5.66421,0.000550876,0.0167294,0.0167679,0.0
5.66259,0.000535016,0.0167294,0.0167679,0.0
5.66329,0.000550354,0.0501882,0.0290871,0.0
5.6648,0.000572611,0.0501882,0.0290871,0.0
5.66392,0.000570783,0.0334588,0.0236119,0.0
5.66373,0.000555837,0.0334588,0.0236119,0.0
5.66435,0.00055068,0.0501882,0.0290871,0.0
5.66459,0.000555053,0.083647,0.0372999,0.0
5.66401,0.000554597,0.0334588,0.0236119,0.0
5.66368,0.000560406,0.0669176,0.0335357,0.0
5.66434,0.000569674,0.0501882,0.0290871,0.0
5.66362,0.000559035,0.0167294,0.0167679,0.0
5.66394,0.000554662,0.0167294,0.0167679,0.0
5.66371,0.000551072,0.083647,0.0372999,0.0
5.66481,0.000580313,0.0501882,0.0290871,0.0
5.66457,0.000734545,0.0334588,0.0236119,0.0
5.66422,0.000911948,0.0669176,0.0335357,0.0
5.6639,0.00059304,0.0669176,0.0335357,0.0
5.66452,0.000591866,0.083647,0.0372999,0.0
5.66498,0.000595978,0.083647,0.0372999,0.0
5.66349,0.000567324,0.0669176,0.0335357,0.0
5.66466,0.000563865,0.0334588,0.0236119,0.0
5.66402,0.000566737,0.0501882,0.0290871,0.0
5.66398,0.0005856,0.083647,0.0372999,0.0
5.66384,0.00057235,0.083647,0.0441439,0.0
5.66364,0.000567324,0.0501882,0.0290871,0.0
5.6647,0.000551855,0.0501882,0.0290871,0.0
5.66469,0.000561319,0.0334588,0.0236119,0.0
5.66424,0.000556816,0.0,0.0,0.0
5.6648,0.000558252,0.0334588,0.0236119,0.0
5.66449,0.000558121,0.0501882,0.0290871,0.0
5.66464,0.000570261,0.0669176,0.0335357,0.0
5.66465,0.000581227,0.117106,0.0441439,0.0
5.66402,0.000573786,0.0501882,0.0290871,0.0
5.66334,0.00056504,0.083647,0.0372999,0.0
5.6643,0.000573851,0.0501882,0.0290871,0.0
5.66469,0.000584686,0.150565,0.0499614,0.0
5.66533,0.000580574,0.0501882,0.0290871,0.0
5.66377,0.000558578,0.0501882,0.0290871,0.0
5.66448,0.000561972,0.0501882,0.0290871,0.0
5.66481,0.000587101,0.083647,0.0372999,0.0
5.66431,0.00059539,0.083647,0.0372999,0.0
5.66471,0.000552116,0.0501882,0.0290871,0.0
5.66409,0.000567259,0.117106,0.0441439,0.0
5.66432,0.000589516,0.0501882,0.0290871,0.0
5.66461,0.000564779,0.083647,0.0372999,0.0
5.66532,0.000538279,0.0,0.0,0.0
5.66441,0.000532535,0.0501882,0.0290871,0.0
5.6642,0.000550811,0.0334588,0.0236119,0.0
5.66452,0.000555445,0.0669176,0.0335357,0.0
5.66362,0.000561972,0.0334588,0.0236119,0.0
5.66438,0.000547939,0.0334588,0.0236119,0.0
5.66445,0.000536713,0.0167294,0.0167679,0.0
5.66376,0.000550093,0.0167294,0.0167679,0.0
5.66409,0.000557338,0.0334588,0.0236119,0.0
5.66508,0.000549701,0.083647,0.0372999,0.0
5.66349,0.000563865,0.0501882,0.0290871,0.0
5.66324,0.00056987,0.0501882,0.0290871,0.0
5.66481,0.000564387,0.0669176,0.0335357,0.0
5.66438,0.000562233,0.0501882,0.0290871,0.0
5.66337,0.000578616,0.100376,0.0410641,0.0
5.66404,0.000552508,0.0501882,0.0290871,0.0
5.66457,0.000535734,0.0334588,0.0236119,0.0
5.6646,0.000565105,0.0167294,0.0167679,0.0
5.66411,0.000562821,0.0167294,0.0167679,0.0
5.66465,0.000561841,0.0501882,0.0290871,0.0
5.66479,0.000549244,0.0334588,0.0236119,0.0
5.66422,0.000576266,0.0334588,0.0236119,0.0
5.66469,0.000555445,0.0501882,0.0290871,0.0
5.66395,0.00054324,0.0,0.0,0.0
5.66427,0.000563669,0.117106,0.0441439,0.0
5.66513,0.00055662,0.0501882,0.0290871,0.0
5.6639,0.000564256,0.083647,0.0372999,0.0
5.66419,0.000575613,0.100376,0.0410641,0.0
5.66394,0.000537822,0.0501882,0.0290871,0.0
5.66421,0.000551594,0.0167294,0.0167679,0.0
5.66391,0.000547678,0.0167294,0.0167679,0.0
5.66419,0.000580052,0.083647,0.0372999,0.0
5.66454,0.000562429,0.0501882,0.0290871,0.0
5.66357,0.000565888,0.0167294,0.0167679,0.0
5.66426,0.000563408,0.0669176,0.0335357,0.0
5.66384,0.000581096,0.083647,0.0441439,0.0
5.66358,0.000553552,0.0501882,0.0290871,0.0
5.66321,0.000569413,0.0501882,0.0290871,0.0
5.66392,0.000542065,0.0334588,0.0236119,0.0
5.66513,0.000572089,0.0669176,0.0335357,0.0
5.66472,0.000564779,0.0501882,0.0290871,0.0
5.66403,0.000560144,0.0334588,0.0236119,0.0
5.66458,0.00057731,0.0669176,0.0335357,0.0
5.66554,0.000565758,0.0669176,0.0335357,0.0
5.66439,0.000559427,0.0334588,0.0236119,0.0
5.66434,0.000559622,0.0,0.0,0.0
5.66503,0.000553683,0.0669176,0.0335357,0.0
5.6643,0.00056765,0.0669176,0.0335357,0.0
5.6649,0.000554858,0.083647,0.0372999,0.0
5.66534,0.000546046,0.0334588,0.0236119,0.0
5.66383,0.000543044,0.0334588,0.0236119,0.0
5.66378,0.000556946,0.0501882,0.0290871,0.0
5.66383,0.000575744,0.0501882,0.0290871,0.0
5.66335,0.000566476,0.0669176,0.0335357,0.0
5.66433,0.000576005,0.133835,0.0472238,0.0
5.66509,0.000549506,0.0167294,0.0167679,0.0
5.66377,0.000559688,0.0669176,0.0335357,0.0
5.6634,0.000550093,0.0501882,0.0290871,0.0
5.66364,0.000564126,0.0334588,0.0236119,0.0
5.66406,0.000556163,0.0501882,0.0290871,0.0
5.66397,0.000559231,0.0167294,0.0167679,0.0
5.66442,0.000556359,0.0501882,0.0290871,0.0
5.66391,0.000579138,0.0501882,0.0290871,0.0
5.66413,0.000551007,0.0334588,0.0236119,0.0
5.66348,0.000550746,0.0334588,0.0236119,0.0
5.6641,0.000571893,0.0669176,0.0335357,0.0
5.66479,0.000561646,0.0501882,0.0290871,0.0
5.66501,0.00059774,0.0669176,0.0335357,0.0
5.66384,0.00054931,0.0334588,0.0236119,0.0
5.6643,0.000563734,0.0669176,0.0335357,0.0
5.66478,0.000538997,0.0167294,0.0167679,0.0
5.66438,0.000548657,0.0167294,0.0167679,0.0
5.66348,0.000554466,0.0334588,0.0236119,0.0
5.66361,0.000563865,0.0167294,0.0167679,0.0
5.66429,0.000552312,0.0669176,0.0335357,0.0
5.66475,0.000563473,0.0669176,0.0335357,0.0
5.66385,0.000572742,0.100376,0.0410641,0.0
5.66419,0.000571045,0.0167294,0.0167679,0.0
5.66423,0.000555445,0.0167294,0.0167679,0.0
5.66354,0.000552182,0.0334588,0.0236119,0.0
5.66286,0.000551072,0.0,0.0,0.0
5.66274,0.000537365,0.0167294,0.0167679,0.0
5.66395,0.000550876,0.0501882,0.0290871,0.0
5.66341,0.000552704,0.0334588,0.0236119,0.0
5.66311,0.000547025,0.0334588,0.0236119,0.0
5.66368,0.000545524,0.0501882,0.0290871,0.0
5.66376,0.000566671,0.083647,0.0372999,0.0
5.66379,0.000555771,0.0501882,0.0290871,0.0
5.66384,0.000558709,0.0669176,0.0335357,0.0
5.66449,0.000561776,0.0501882,0.0290871,0.0
5.66404,0.000557729,0.0501882,0.0290871,0.0
5.66484,0.000555641,0.0334588,0.0236119,0.0
5.66434,0.000563669,0.083647,0.0372999,0.0
5.66454,0.00054448,0.0501882,0.0290871,0.0
5.66439,0.000552116,0.0334588,0.0236119,0.0
5.66523,0.000560862,0.0334588,0.0236119,0.0
5.6638,0.000546111,0.0,0.0,0.0
5.66345,0.000541869,0.0334588,0.0236119,0.0
5.66525,0.000556489,0.0669176,0.0335357,0.0
5.66572,0.000571436,0.0501882,0.0290871,0.0
5.66411,0.000553748,0.0334588,0.0236119,0.0
5.66283,0.000558121,0.0167294,0.0167679,0.0
5.66451,0.000564322,0.133835,0.0472238,0.0
5.66409,0.000576201,0.100376,0.0410641,0.0
5.66387,0.000554531,0.0334588,0.0236119,0.0
5.66432,0.000567716,0.0501882,0.0290871,0.0
5.66448,0.000563604,0.0334588,0.0236119,0.0
5.66326,0.00055055,0.0334588,0.0236119,0.0
5.66331,0.000537365,0.0,0.0,0.0
5.66457,0.000552573,0.0334588,0.0236119,0.0
5.66406,0.000544088,0.0167294,0.0167679,0.0
5.66386,0.000562755,0.117106,0.0441439,0.0
5.66475,0.000572807,0.0669176,0.0335357,0.0
5.66336,0.000543762,0.0167294,0.0167679,0.0
5.66403,0.000553944,0.0501882,0.0290871,0.0
5.66504,0.000552051,0.0501882,0.0290871,0.0
5.66486,0.00057248,0.0334588,0.0236119,0.0
5.66379,0.000582532,0.0501882,0.0290871,0.0
5.66436,0.000559296,0.083647,0.0372999,0.0
5.66415,0.000566802,0.0669176,0.0335357,0.0
5.66467,0.000564452,0.0501882,0.0290871,0.0
5.66491,0.000567781,0.0334588,0.0236119,0.0
5.66454,0.000542261,0.0,0.0,0.0
5.66383,0.000544088,0.0334588,0.0236119,0.0
5.66344,0.000542391,0.0501882,0.0290871,0.0
5.66385,0.000550223,0.0334588,0.0236119,0.0
5.664,0.00054807,0.0669176,0.0335357,0.0
5.66451,0.000577506,0.0334588,0.0236119,0.0
5.66449,0.000568434,0.0,0.0,0.0
5.66374,0.000554988,0.0167294,0.0167679,0.0
5.66363,0.000563408,0.0501882,0.0290871,0.0
5.66413,0.00057842,0.0501882,0.0290871,0.0
5.66382,0.000559165,0.0167294,0.0167679,0.0
5.66397,0.000560275,0.0669176,0.0335357,0.0
5.66445,0.000561385,0.0501882,0.0290871,0.0
5.6647,0.000557991,0.0167294,0.0167679,0.0
5.6643,0.000564387,0.0669176,0.0335357,0.0
5.66347,0.000564452,0.083647,0.0372999,0.0
5.66374,0.000555576,0.0167294,0.0167679,0.0
5.6645,0.000561515,0.0167294,0.0167679,0.0
5.66392,0.000558513,0.083647,0.0372999,0.0
5.66438,0.000564648,0.133835,0.0472238,0.0
5.66423,0.000554727,0.0334588,0.0236119,0.0
5.66383,0.00056021,0.0501882,0.0290871,0.0
5.66517,0.000555249,0.0501882,0.0290871,0.0
5.66445,0.000570588,0.0669176,0.0335357,0.0
5.66409,0.000574047,0.083647,0.0372999,0.0
5.66459,0.000552377,0.0167294,0.0167679,0.0
5.66507,0.000574439,0.100376,0.0410641,0.0
5.66385,0.000561254,0.0167294,0.0167679,0.0
5.66424,0.000567455,0.0501882,0.0290871,0.0
5.66426,0.000554401,0.0501882,0.0290871,0.0
5.66417,0.000563277,0.133835,0.0472238,0.0
5.66433,0.000565497,0.0334588,0.0236119,0.0
5.66435,0.000569739,0.100376,0.0410641,0.0
5.66543,0.000549897,0.0,0.0,0.0
5.66504,0.000548592,0.0334588,0.0236119,0.0
5.66476,0.000567585,0.0334588,0.0236119,0.0
5.66425,0.000558056,0.0167294,0.0167679,0.0
5.66458,0.000552377,0.0167294,0.0167679,0.0
5.66485,0.000551659,0.0669176,0.0335357,0.0
5.66426,0.000544937,0.083647,0.0372999,0.0
5.66419,0.000558252,0.0501882,0.0290871,0.0
5.66304,0.000558839,0.0334588,0.0236119,0.0
5.66429,0.000553095,0.0334588,0.0236119,0.0
5.66496,0.000564322,0.0334588,0.0236119,0.0
5.66413,0.000553161,0.0501882,0.0290871,0.0
5.66416,0.000548722,0.0167294,0.0167679,0.0
5.66429,0.000563343,0.0501882,0.0290871,0.0
5.66427,0.000557534,0.0669176,0.0335357,0.0
5.66381,0.000575809,0.100376,0.0410641,0.0
5.66384,0.000558382,0.0334588,0.0236119,0.0
5.66445,0.000575874,0.0334588,0.0236119,0.0
5.66484,0.000569478,0.083647,0.0372999,0.0
5.66369,0.000549832,0.0501882,0.0290871,0.0
5.66391,0.000551203,0.0334588,0.0236119,0.0
5.66488,0.000557273,0.0334588,0.0236119,0.0
5.66324,0.000538083,0.0,0.0,0.0
5.6636,0.000544153,0.0501882,0.0290871,0.0
5.66401,0.000567194,0.0334588,0.0236119,0.0
5.66345,0.000553552,0.0669176,0.0335357,0.0
5.66356,0.000560928,0.083647,0.0372999,0.0
5.66392,0.000562951,0.0334588,0.0236119,0.0
5.66394,0.000549244,0.0501882,0.0290871,0.0
5.66373,0.000562429,0.0669176,0.0335357,0.0
5.66402,0.000551137,0.0334588,0.0236119,0.0
5.66437,0.000553356,0.0167294,0.0167679,0.0
5.66339,0.000563016,0.0501882,0.0290871,0.0
5.66356,0.000555184,0.0669176,0.0335357,0.0
5.66419,0.000550485,0.0167294,0.0167679,0.0
5.66483,0.000554858,0.0334588,0.0236119,0.0
5.66447,0.000553683,0.0167294,0.0167679,0.0
5.66422,0.0005482,0.0334588,0.0236119,0.0
5.66413,0.000559688,0.0669176,0.0335357,0.0
5.66425,0.000549897,0.0167294,0.0167679,0.0
5.6633,0.00054585,0.0167294,0.0167679,0.0
5.66419,0.000552182,0.0669176,0.0335357,0.0
5.66506,0.000542326,0.0334588,0.0236119,0.0
5.66465,0.000541608,0.0501882,0.0290871,0.0
5.66445,0.000548526,0.0167294,0.0167679,0.0
5.66446,0.000559296,0.083647,0.0372999,0.0
5.66351,0.000577571,0.0334588,0.0236119,0.0
5.66384,0.000561515,0.083647,0.0372999,0.0
5.66483,0.000558774,0.0167294,0.0167679,0.0
5.66408,0.000557991,0.0334588,0.0236119,0.0
5.66464,0.000550028,0.0501882,0.0290871,0.0
5.6642,0.000550158,0.0669176,0.0335357,0.0
5.66353,0.000561385,0.0167294,0.0167679,0.0
5.66427,0.000544741,0.0669176,0.0335357,0.0
5.66409,0.000549244,0.0334588,0.0236119,0.0
5.66455,0.000553422,0.0669176,0.0335357,0.0
5.66441,0.000574765,0.0167294,0.0167679,0.0
5.66436,0.000550223,0.0,0.0,0.0
5.66454,0.00055414,0.0167294,0.0167679,0.0
5.66385,0.000542717,0.0,0.0,0.0
5.66374,0.000551659,0.0334588,0.0236119,0.0
5.66401,0.00055786,0.0167294,0.0167679,0.0
5.66406,0.000542717,0.0501882,0.0290871,0.0
5.66395,0.000559622,0.0669176,0.0335357,0.0
5.66455,0.000557012,0.0167294,0.0167679,0.0
5.6645,0.000564583,0.083647,0.0372999,0.0
5.66481,0.000567781,0.0501882,0.0290871,0.0
5.66417,0.00057124,0.0334588,0.0236119,0.0
5.66338,0.000562364,0.0334588,0.0236119,0.0
5.66363,0.000566737,0.0501882,0.0290871,0.0
5.66379,0.000579073,0.0669176,0.0335357,0.0
5.66469,0.000557468,0.100376,0.0410641,0.0
5.6637,0.000543958,0.0,0.0,0.0
5.66411,0.000546177,0.0,0.0,0.0
5.66396,0.000528032,0.0334588,0.0236119,0.0
5.66424,0.000557273,0.0167294,0.0167679,0.0
5.66452,0.000556816,0.0501882,0.0290871,0.0
5.66461,0.00057359,0.0669176,0.0335357,0.0
5.66416,0.000562037,0.083647,0.0372999,0.0
5.66468,0.000553944,0.0334588,0.0236119,0.0
5.66331,0.000545002,0.0167294,0.0167679,0.0
5.66366,0.000550289,0.0167294,0.0167679,0.0
5.664,0.000556685,0.0167294,0.0167679,0.0
5.66401,0.000549571,0.0334588,0.0236119,0.0
5.6628,0.000561972,0.0669176,0.0335357,0.0
5.66369,0.000567455,0.0334588,0.0236119,0.0
5.66515,0.000556163,0.0167294,0.0167679,0.0
5.66456,0.000546829,0.0,0.0,0.0
5.66438,0.000569478,0.083647,0.0372999,0.0
5.66495,0.000570457,0.0501882,0.0290871,0.0
5.66515,0.000573851,0.0334588,0.0236119,0.0
5.66455,0.000565497,0.0167294,0.0167679,0.0
5.665,0.000558513,0.0501882,0.0290871,0.0
5.66453,0.000549636,0.0334588,0.0236119,0.0
5.66416,0.000578094,0.0669176,0.0335357,0.0
5.66357,0.000541673,0.0334588,0.0236119,0.0
5.66384,0.000548265,0.0334588,0.0236119,0.0
5.66455,0.000554466,0.0501882,0.0290871,0.0
5.66548,0.000550354,0.0167294,0.0167679,0.0
5.66388,0.000554662,0.0501882,0.0290871,0.0
5.66381,0.000589451,0.0669176,0.0335357,0.0
5.66378,0.000558447,0.0501882,0.0290871,0.0
5.66315,0.000551594,0.0167294,0.0167679,0.0
5.66391,0.00057,0.0334588,0.0236119,0.0
5.66418,0.000579399,0.0669176,0.0335357,0.0
5.66418,0.000560732,0.0334588,0.0236119,0.0
5.66536,0.000555641,0.0167294,0.0167679,0.0
5.66504,0.000558774,0.100376,0.0410641,0.0
5.6639,0.000562233,0.0334588,0.0236119,0.0
5.66454,0.000565236,0.0501882,0.0290871,0.0
5.66524,0.000555119,0.0501882,0.0290871,0.0
5.66385,0.000566737,0.083647,0.0372999,0.0
5.66382,0.000552638,0.0167294,0.0167679,0.0
5.66347,0.000571371,0.0334588,0.0236119,0.0
5.66495,0.000564452,0.0501882,0.0290871,0.0
5.66518,0.000552377,0.0501882,0.0290871,0.0
5.66428,0.000557012,0.0334588,0.0236119,0.0
5.66406,0.000540041,0.0167294,0.0167679,0.0
5.66391,0.000544741,0.0,0.0,0.0
5.66382,0.000553879,0.0501882,0.0290871,0.0
5.66374,0.000553879,0.0167294,0.0167679,0.0
5.66389,0.000546111,0.0167294,0.0167679,0.0
5.66475,0.000550941,0.0501882,0.0290871,0.0
5.66483,0.000577049,0.100376,0.0410641,0.0
5.66524,0.000575809,0.0334588,0.0236119,0.0
5.66458,0.000557534,0.0669176,0.0335357,0.0
5.66418,0.000560014,0.0669176,0.0335357,0.0
5.66388,0.000558709,0.0501882,0.0290871,0.0
5.66341,0.000556359,0.0167294,0.0167679,0.0
5.66392,0.000558643,0.0334588,0.0236119,0.0
5.66414,0.000571893,0.0167294,0.0167679,0.0
5.66426,0.000562494,0.0334588,0.0335357,0.0
5.66431,0.000565888,0.0334588,0.0236119,0.0
5.66386,0.000553813,0.0334588,0.0236119,0.0
5.66473,0.000565692,0.117106,0.0441439,0.0
5.66311,0.000555184,0.0501882,0.0290871,0.0
5.6633,0.000556359,0.0501882,0.0290871,0.0
5.66391,0.000569935,0.0669176,0.0335357,0.0
5.66382,0.000543174,0.0167294,0.0167679,0.0
5.66271,0.000548657,0.0334588,0.0236119,0.0
5.66368,0.000559949,0.0167294,0.0167679,0.0
5.66447,0.00055303,0.0167294,0.0167679,0.0
5.66373,0.000557795,0.0334588,0.0236119,0.0
5.66407,0.000560079,0.0501882,0.0290871,0.0
5.66469,0.000557207,0.0501882,0.0290871,0.0
5.66398,0.000543305,0.0167294,0.0167679,0.0
5.66434,0.000562559,0.0334588,0.0236119,0.0
5.66547,0.000568173,0.083647,0.0372999,0.0
5.66348,0.000549701,0.0669176,0.0335357,0.0
5.66383,0.000571306,0.0501882,0.0290871,0.0
5.66472,0.000568173,0.0334588,0.0236119,0.0
5.66476,0.00055662,0.0669176,0.0335357,0.0
5.66431,0.000558774,0.0334588,0.0236119,0.0
5.665,0.000574373,0.0501882,0.0290871,0.0
5.66541,0.000571697,0.0501882,0.0290871,0.0
5.66435,0.000555902,0.0334588,0.0236119,0.0
5.66378,0.000548788,0.0501882,0.0290871,0.0
5.66461,0.000570196,0.0334588,0.0236119,0.0
5.66346,0.000567846,0.0669176,0.0335357,0.0
5.66339,0.000545916,0.0,0.0,0.0
5.66431,0.000553356,0.0669176,0.0335357,0.0
5.66466,0.00056034,0.0,0.0,0.0
5.66378,0.000552247,0.0,0.0,0.0
5.66462,0.0005638,0.0167294,0.0167679,0.0
5.6648,0.00054944,0.083647,0.0372999,0.0
5.66395,0.000557534,0.0501882,0.0290871,0.0
5.66391,0.000558186,0.083647,0.0372999,0.0
5.66366,0.000548396,0.0167294,0.0167679,0.0
5.66343,0.000550223,0.083647,0.0372999,0.0
5.66473,0.000557012,0.0669176,0.0335357,0.0
5.6639,0.000562755,0.0167294,0.0167679,0.0
5.66376,0.0005591,0.0334588,0.0236119,0.0
5.66298,0.00056034,0.0669176,0.0335357,0.0
5.66382,0.000563669,0.0501882,0.0290871,0.0
5.66442,0.000579986,0.150565,0.0499614,0.0
5.66461,0.000574243,0.083647,0.0372999,0.0
5.66467,0.000562559,0.0,0.0,0.0
5.66443,0.000543827,0.0334588,0.0236119,0.0
5.66452,0.000565562,0.0334588,0.0236119,0.0
5.66457,0.000557077,0.0501882,0.0290871,0.0
5.66386,0.000562625,0.0334588,0.0236119,0.0
5.66515,0.000562298,0.0167294,0.0167679,0.0
5.66415,0.00053965,0.0334588,0.0236119,0.0
5.66433,0.000556489,0.0167294,0.0167679,0.0
5.66399,0.000540498,0.0167294,0.0167679,0.0
5.66337,0.000547678,0.0167294,0.0167679,0.0
5.66521,0.000556228,0.0501882,0.0290871,0.0
5.66433,0.000567259,0.0501882,0.0290871,0.0
5.66318,0.0005638,0.0501882,0.0290871,0.0
5.66399,0.00053371,0.0,0.0,0.0
5.66424,0.000541477,0.0501882,0.0290871,0.0
5.66456,0.000548853,0.0669176,0.0335357,0.0
5.66418,0.000539976,0.0167294,0.0167679,0.0
5.66351,0.000552573,0.0167294,0.0167679,0.0
5.6644,0.000549114,0.0,0.0,0.0
5.66404,0.000560275,0.0669176,0.0335357,0.0
5.66369,0.000546503,0.0501882,0.0290871,0.0
5.66431,0.000555576,0.0167294,0.0167679,0.0
5.66443,0.000541216,0.0501882,0.0290871,0.0
5.66423,0.000551855,0.0501882,0.0290871,0.0
5.66387,0.000551007,0.0669176,0.0335357,0.0
5.66436,0.000555249,0.083647,0.0372999,0.0
5.66359,0.000571306,0.0,0.0,0.0
5.66391,0.000564779,0.0501882,0.0290871,0.0
5.66435,0.00055551,0.0334588,0.0236119,0.0
5.66423,0.000557077,0.0334588,0.0236119,0.0
5.66402,0.000551529,0.0167294,0.0167679,0.0
5.66336,0.00055786,0.0501882,0.0290871,0.0
5.66459,0.000546895,0.0,0.0,0.0
5.66419,0.000544023,0.0334588,0.0236119,0.0
5.66405,0.000532405,0.0,0.0,0.0
5.66421,0.000529468,0.0334588,0.0236119,0.0
5.66426,0.000546307,0.117106,0.0441439,0.0
5.66427,0.000537235,0.0334588,0.0236119,0.0
5.66464,0.00055551,0.0501882,0.0290871,0.0
5.66485,0.000553683,0.0167294,0.0167679,0.0
5.66415,0.000569935,0.100376,0.0410641,0.0
5.66458,0.000567716,0.0501882,0.0290871,0.0
5.66512,0.000575744,0.0669176,0.0410641,0.0
5.66353,0.00056158,0.0334588,0.0236119,0.0
5.66371,0.000568434,0.0334588,0.0236119,0.0
5.66383,0.000544871,0.0,0.0,0.0
5.66372,0.000550419,0.0167294,0.0167679,0.0
5.66475,0.000549571,0.0669176,0.0335357,0.0
5.66502,0.000539454,0.0167294,0.0167679,0.0
5.66397,0.000535081,0.0334588,0.0236119,0.0
5.66406,0.000563865,0.0501882,0.0290871,0.0
5.66329,0.000562103,0.0334588,0.0236119,0.0
5.66391,0.000541086,0.0669176,0.0335357,0.0
5.6648,0.000541216,0.0501882,0.0290871,0.0
5.66356,0.000564648,0.0334588,0.0236119,0.0
5.66343,0.00054807,0.0,0.0,0.0
5.66468,0.000541869,0.0334588,0.0236119,0.0
5.66358,0.000560601,0.0167294,0.0167679,0.0
5.66374,0.000568107,0.0501882,0.0290871,0.0
5.66369,0.000537431,0.0,0.0,0.0
5.66369,0.000544871,0.0,0.0,0.0
5.66365,0.000541347,0.0334588,0.0236119,0.0
5.66434,0.000555641,0.0167294,0.0167679,0.0
5.66404,0.000540172,0.0334588,0.0236119,0.0
5.6642,0.000566671,0.083647,0.0372999,0.0
5.66469,0.000540694,0.0167294,0.0167679,0.0
5.66377,0.000537561,0.0334588,0.0236119,0.0
5.66378,0.000546177,0.0,0.0,0.0
5.6648,0.000583642,0.0669176,0.0335357,0.0
5.66381,0.000567912,0.0334588,0.0236119,0.0
5.66334,0.000548331,0.0,0.0,0.0
5.66452,0.000547939,0.0167294,0.0167679,0.0
5.66345,0.000540498,0.0,0.0,0.0
5.66379,0.000542391,0.0334588,0.0236119,0.0
5.66496,0.000546307,0.0501882,0.0290871,0.0
5.66417,0.000551855,0.0,0.0,0.0
5.66413,0.000557403,0.0334588,0.0236119,0.0
5.66419,0.000566606,0.0501882,0.0290871,0.0
5.66414,0.000553422,0.0,0.0,0.0
5.66358,0.00054102,0.0,0.0,0.0
5.66393,0.000533058,0.0167294,0.0167679,0.0
5.66338,0.000547874,0.0334588,0.0236119,0.0
5.66409,0.000536125,0.0167294,0.0167679,0.0
5.6645,0.000558252,0.100376,0.0410641,0.0
5.66413,0.000564974,0.0167294,0.0167679,0.0
5.66339,0.000565888,0.0334588,0.0236119,0.0
5.66406,0.000555771,0.0334588,0.0236119,0.0
5.66423,0.000544219,0.0501882,0.0290871,0.0
5.66326,0.000552312,0.0,0.0,0.0
5.6638,0.00053619,0.0167294,0.0167679,0.0
5.66407,0.000533906,0.0334588,0.0236119,0.0
5.66445,0.000558513,0.0334588,0.0236119,0.0
5.66399,0.0005482,0.0501882,0.0290871,0.0
5.66424,0.000572415,0.133835,0.0472238,0.0
5.66422,0.000560928,0.0167294,0.0167679,0.0
5.66409,0.000547482,0.0167294,0.0167679,0.0
5.66388,0.00055662,0.0669176,0.0335357,0.0
5.663,0.00055538,0.0167294,0.0167679,0.0
5.66394,0.000565758,0.0669176,0.0335357,0.0
5.66385,0.000578159,0.0167294,0.0167679,0.0
5.66394,0.000549049,0.0334588,0.0236119,0.0
5.66431,0.000571567,0.0501882,0.0290871,0.0
5.66433,0.000563082,0.0167294,0.0167679,0.0
5.66398,0.000558578,0.0334588,0.0236119,0.0
5.66364,0.000558513,0.0167294,0.0167679,0.0
5.66319,0.000549571,0.0167294,0.0167679,0.0
5.66352,0.000567912,0.0669176,0.0335357,0.0
5.66412,0.000534428,0.0167294,0.0167679,0.0
5.66429,0.000554792,0.0669176,0.0335357,0.0
5.66343,0.000552182,0.0334588,0.0236119,0.0
5.66339,0.000543958,0.0501882,0.0290871,0.0
5.66395,0.000539911,0.0501882,0.0290871,0.0
5.66433,0.000563604,0.0501882,0.0290871,0.0
5.66407,0.000556555,0.0167294,0.0167679,0.0
5.66364,0.000547352,0.0167294,0.0167679,0.0
5.66389,0.000541151,0.0334588,0.0236119,0.0
5.66361,0.000584294,0.0501882,0.0290871,0.0
5.66412,0.000564974,0.0334588,0.0236119,0.0
5.66415,0.000558121,0.0669176,0.0335357,0.0
5.66376,0.000553944,0.0167294,0.0167679,0.0
5.66411,0.000553618,0.0334588,0.0236119,0.0
5.66408,0.000546634,0.0501882,0.0290871,0.0
5.66388,0.000548135,0.0334588,0.0236119,0.0
5.66362,0.000555184,0.0167294,0.0167679,0.0
5.66428,0.000563538,0.0501882,0.0290871,0.0
5.66346,0.000549114,0.0167294,0.0167679,0.0
5.6635,0.000549506,0.0501882,0.0290871,0.0
5.66397,0.000561776,0.0334588,0.0236119,0.0
5.66413,0.000561515,0.0669176,0.0335357,0.0
5.66381,0.000557403,0.0501882,0.0290871,0.0
5.66411,0.000551268,0.0167294,0.0167679,0.0
5.66425,0.000531752,0.0,0.0,0.0
5.66366,0.000556555,0.0501882,0.0290871,0.0
5.66376,0.000582401,0.083647,0.0372999,0.0
5.66405,0.000552182,0.0,0.0,0.0
5.66316,0.000546699,0.0334588,0.0236119,0.0
5.66347,0.000538279,0.0334588,0.0236119,0.0
5.66429,0.000557338,0.0334588,0.0236119,0.0
5.66422,0.000535864,0.0,0.0,0.0
5.66408,0.000546503,0.0501882,0.0290871,0.0
5.66387,0.000528358,0.0167294,0.0167679,0.0
5.66346,0.000538801,0.0,0.0,0.0
5.66438,0.000540172,0.0167294,0.0167679,0.0
5.66458,0.000550354,0.0501882,0.0290871,0.0
5.66383,0.000555967,0.0,0.0,0.0
5.66424,0.000547547,0.0334588,0.0236119,0.0
5.66466,0.000530512,0.0167294,0.0167679,0.0
5.66365,0.000538736,0.0501882,0.0290871,0.0
5.66372,0.000552247,0.0334588,0.0236119,0.0
5.66375,0.000554205,0.0334588,0.0236119,0.0
5.66487,0.00055551,0.0167294,0.0167679,0.0
5.66515,0.000554531,0.0669176,0.0335357,0.0
5.66419,0.000547156,0.0167294,0.0167679,0.0
5.66423,0.000563147,0.0501882,0.0290871,0.0
5.66407,0.000546373,0.0501882,0.0290871,0.0
5.66369,0.000556555,0.0167294,0.0167679,0.0
5.66331,0.000559622,0.0334588,0.0236119,0.0
5.6642,0.00056504,0.0669176,0.0335357,0.0
5.66369,0.000558186,0.0167294,0.0167679,0.0
5.66373,0.000555706,0.0334588,0.0236119,0.0
5.66447,0.000544023,0.0334588,0.0236119,0.0
5.66384,0.000546046,0.0501882,0.0290871,0.0
5.66382,0.000557142,0.0334588,0.0236119,0.0
5.66442,0.000537888,0.0167294,0.0167679,0.0
5.6641,0.000543305,0.0501882,0.0290871,0.0
5.66442,0.000537757,0.0334588,0.0236119,0.0
5.66374,0.000552834,0.0501882,0.0290871,0.0
5.66338,0.000548526,0.0334588,0.0236119,0.0
5.66312,0.000553356,0.0669176,0.0335357,0.0
5.66406,0.000551529,0.0334588,0.0236119,0.0
5.66464,0.000560928,0.0334588,0.0236119,0.0
5.66436,0.000563669,0.0334588,0.0236119,0.0
5.66303,0.000556228,0.0501882,0.0290871,0.0
5.66435,0.000541869,0.0501882,0.0290871,0.0
5.66437,0.000546438,0.0167294,0.0167679,0.0
5.66336,0.000552051,0.0167294,0.0167679,0.0
5.6637,0.000556359,0.0334588,0.0236119,0.0
5.66455,0.000558382,0.0501882,0.0290871,0.0
5.66399,0.00054931,0.0167294,0.0167679,0.0
5.66341,0.000557012,0.0334588,0.0236119,0.0
5.66344,0.000559622,0.0,0.0,0.0
5.66342,0.000537365,0.0167294,0.0167679,0.0
5.66356,0.000546242,0.0167294,0.0167679,0.0
5.66498,0.000574308,0.0334588,0.0236119,0.0
5.6635,0.00055068,0.0167294,0.0167679,0.0
5.66328,0.000542717,0.0,0.0,0.0
5.66456,0.000568891,0.0334588,0.0236119,0.0
5.66351,0.000549636,0.0501882,0.0290871,0.0
5.66354,0.000568434,0.0669176,0.0335357,0.0
5.66383,0.000556424,0.0334588,0.0236119,0.0
5.66493,0.000546829,0.0669176,0.0335357,0.0
5.66428,0.00056641,0.0501882,0.0290871,0.0
5.66397,0.000545002,0.0167294,0.0167679,0.0
5.6641,0.000536256,0.0,0.0,0.0
5.6642,0.000536452,0.0167294,0.0167679,0.0
5.66375,0.000572154,0.0669176,0.0335357,0.0
5.66398,0.0005529,0.0334588,0.0236119,0.0
5.66436,0.000566019,0.083647,0.0372999,0.0
5.66394,0.000559427,0.0334588,0.0236119,0.0
5.66347,0.000555053,0.0167294,0.0167679,0.0
5.66399,0.000559622,0.0501882,0.0290871,0.0
5.66399,0.000557012,0.0334588,0.0236119,0.0
5.66389,0.000541412,0.0167294,0.0167679,0.0
5.66386,0.000557403,0.0501882,0.0290871,0.0
5.66438,0.000556098,0.0669176,0.0335357,0.0
5.66453,0.000567781,0.0501882,0.0290871,0.0
5.66416,0.000558904,0.0,0.0,0.0
5.66369,0.00055068,0.0334588,0.0236119,0.0
5.66408,0.000564126,0.0334588,0.0236119,0.0
5.6644,0.000556098,0.0334588,0.0236119,0.0
5.66444,0.000541216,0.0167294,0.0167679,0.0
5.66362,0.000543501,0.0167294,0.0167679,0.0
5.66345,0.000546568,0.0501882,0.0290871,0.0
5.66361,0.000534689,0.0,0.0,0.0
5.6636,0.00053123,0.0167294,0.0167679,0.0
5.66426,0.000534102,0.0,0.0,0.0
5.66323,0.000536125,0.0334588,0.0236119,0.0
5.6628,0.000553944,0.0334588,0.0236119,0.0
5.66376,0.000557338,0.0167294,0.0167679,0.0
5.66383,0.000556685,0.0501882,0.0290871,0.0
5.66339,0.0005638,0.0501882,0.0290871,0.0
5.66431,0.000545785,0.0501882,0.0290871,0.0
5.66314,0.00054089,0.0669176,0.0335357,0.0
5.66385,0.00056158,0.0334588,0.0236119,0.0
5.66381,0.000554009,0.0334588,0.0236119,0.0
5.66403,0.000564322,0.0167294,0.0167679,0.0
5.66376,0.000548657,0.0334588,0.0236119,0.0
5.6639,0.000551529,0.0167294,0.0167679,0.0
5.66404,0.000547025,0.0501882,0.0290871,0.0
5.66397,0.00055414,0.0501882,0.0290871,0.0
5.664,0.000571762,0.083647,0.0372999,0.0
5.66425,0.000558252,0.0,0.0,0.0
5.66354,0.000554074,0.0167294,0.0167679,0.0
5.66401,0.000551137,0.0501882,0.0290871,0.0
5.66397,0.000557207,0.0501882,0.0290871,0.0
5.66383,0.000547613,0.0167294,0.0167679,0.0
5.6639,0.000565497,0.0,0.0,0.0
5.6636,0.000541608,0.0,0.0,0.0
5.66384,0.000532862,0.0,0.0,0.0
5.66345,0.00055538,0.0167294,0.0167679,0.0
5.66337,0.000551333,0.0167294,0.0167679,0.0
5.66385,0.000552769,0.0501882,0.0290871,0.0
5.66402,0.000553813,0.0669176,0.0335357,0.0
5.66353,0.000539715,0.0167294,0.0167679,0.0
5.66368,0.000541738,0.0167294,0.0167679,0.0
5.66306,0.000535342,0.0501882,0.0290871,0.0
5.66425,0.000547482,0.0,0.0,0.0
5.66457,0.000540107,0.0167294,0.0167679,0.0
5.66276,0.000546699,0.0,0.0,0.0
5.66377,0.00053358,0.0167294,0.0167679,0.0
5.66327,0.000551333,0.0501882,0.0290871,0.0
5.66379,0.00054585,0.0334588,0.0236119,0.0
5.66425,0.000540629,0.0,0.0,0.0
5.66435,0.00053965,0.0334588,0.0236119,0.0
5.66351,0.000544937,0.0167294,0.0167679,0.0
5.66412,0.000545328,0.0334588,0.0236119,0.0
5.6643,0.000566867,0.0334588,0.0236119,0.0
5.66361,0.00055662,0.0501882,0.0290871,0.0
5.66368,0.000557012,0.0334588,0.0236119,0.0
5.66398,0.000539976,0.0334588,0.0236119,0.0
5.66458,0.000548657,0.0,0.0,0.0
5.66469,0.000557338,0.0334588,0.0236119,0.0
5.66373,0.000564322,0.0334588,0.0236119,0.0
5.66363,0.000559557,0.0167294,0.0167679,0.0
5.66425,0.000557338,0.0334588,0.0236119,0.0
5.66417,0.000568238,0.0669176,0.0335357,0.0
5.66408,0.00054324,0.0167294,0.0167679,0.0
5.66348,0.000555902,0.0669176,0.0335357,0.0
5.66453,0.000547743,0.0334588,0.0236119,0.0
5.66397,0.000537365,0.0,0.0,0.0
5.66359,0.000557207,0.0,0.0,0.0
5.6638,0.000562429,0.0334588,0.0236119,0.0
5.66426,0.000568499,0.0501882,0.0290871,0.0
5.66362,0.000560667,0.0334588,0.0236119,0.0
5.66348,0.000542783,0.0501882,0.0290871,0.0
5.66416,0.000550941,0.0167294,0.0167679,0.0
5.66462,0.000551268,0.0669176,0.0335357,0.0
5.66453,0.000556359,0.0334588,0.0236119,0.0
5.66373,0.000541086,0.0,0.0,0.0
5.66377,0.000549571,0.0167294,0.0167679,0.0
5.66444,0.000542195,0.0,0.0,0.0
5.66445,0.000546046,0.0167294,0.0167679,0.0
5.66353,0.000541934,0.0167294,0.0167679,0.0
5.6641,0.000543501,0.0501882,0.0290871,0.0
5.66432,0.000558317,0.0334588,0.0236119,0.0
5.66386,0.000540172,0.0167294,0.0167679,0.0
5.66427,0.000546242,0.0167294,0.0167679,0.0
5.66427,0.000554205,0.0167294,0.0167679,0.0
5.66431,0.000547613,0.0167294,0.0167679,0.0
5.66408,0.000551529,0.0167294,0.0167679,0.0
5.66398,0.000554074,0.0501882,0.0290871,0.0
5.66434,0.0005591,0.0501882,0.0290871,0.0
5.66404,0.000545785,0.0669176,0.0335357,0.0
5.66411,0.000532405,0.0,0.0,0.0
5.66433,0.000544088,0.0334588,0.0236119,0.0
5.66318,0.000558056,0.0501882,0.0290871,0.0
5.66347,0.000564974,0.0334588,0.0236119,0.0
5.66455,0.000553813,0.0334588,0.0236119,0.0
5.66347,0.000566476,0.0167294,0.0167679,0.0
5.6633,0.000538149,0.0334588,0.0236119,0.0
5.6633,0.000552377,0.0167294,0.0167679,0.0
5.66303,0.000550289,0.0669176,0.0335357,0.0
5.66393,0.000573133,0.0334588,0.0236119,0.0
5.66363,0.000571893,0.0669176,0.0335357,0.0
5.6637,0.000551594,0.0,0.0,0.0
5.66409,0.000547678,0.0,0.0,0.0
5.66378,0.000537235,0.0167294,0.0167679,0.0
5.66465,0.00055068,0.0501882,0.0290871,0.0
5.66476,0.000538997,0.0334588,0.0236119,0.0
5.66341,0.000566933,0.0167294,0.0167679,0.0
5.66373,0.000554597,0.0501882,0.0290871,0.0
5.66466,0.000545067,0.0501882,0.0290871,0.0
5.66352,0.000542913,0.0334588,0.0236119,0.0
5.66418,0.000542652,0.0,0.0,0.0
5.66438,0.000544871,0.0501882,0.0290871,0.0
5.66358,0.000544414,0.0,0.0,0.0
5.66368,0.00053717,0.0167294,0.0167679,0.0
5.66389,0.000554074,0.0669176,0.0335357,0.0
5.66404,0.000550615,0.0,0.0,0.0
5.66317,0.000558774,0.0334588,0.0236119,0.0
5.66389,0.000564191,0.0167294,0.0167679,0.0
5.66446,0.000550354,0.0501882,0.0290871,0.0
5.66364,0.000541477,0.0334588,0.0236119,0.0
5.66332,0.000550354,0.0334588,0.0236119,0.0
5.66411,0.000554009,0.0334588,0.0236119,0.0
5.66391,0.000549832,0.0334588,0.0236119,0.0
5.66351,0.000548983,0.0167294,0.0167679,0.0
5.66345,0.000557403,0.0501882,0.0290871,0.0
5.66371,0.000553944,0.0669176,0.0335357,0.0
5.66369,0.000540302,0.0334588,0.0236119,0.0
5.66427,0.000553226,0.0,0.0,0.0
5.66399,0.000542391,0.0501882,0.0290871,0.0
5.66355,0.000551986,0.0,0.0,0.0
5.66384,0.000532601,0.0,0.0,0.0
5.6634,0.000578159,0.0669176,0.0335357,0.0
5.66315,0.000558709,0.0,0.0,0.0
5.66371,0.000561841,0.0334588,0.0236119,0.0
5.66386,0.000552443,0.0167294,0.0167679,0.0
5.6642,0.00053965,0.0167294,0.0167679,0.0
5.66425,0.000538475,0.0334588,0.0236119,0.0
5.66419,0.000557468,0.083647,0.0441439,0.0
5.66482,0.000566933,0.0334588,0.0236119,0.0
5.66423,0.000563604,0.0501882,0.0290871,0.0
5.6631,0.000548722,0.0334588,0.0236119,0.0
5.66366,0.000535342,0.0167294,0.0167679,0.0
5.66344,0.000555119,0.0334588,0.0236119,0.0
5.6632,0.000568238,0.0501882,0.0290871,0.0
5.66411,0.000557403,0.0501882,0.0290871,0.0
5.66344,0.000536386,0.0,0.0,0.0
5.66336,0.000540107,0.0167294,0.0167679,0.0
5.6635,0.000559557,0.083647,0.0372999,0.0
5.66401,0.000572546,0.0167294,0.0167679,0.0
5.66424,0.000557012,0.0,0.0,0.0
5.66362,0.000547352,0.0,0.0,0.0
5.66405,0.000557403,0.0167294,0.0167679,0.0
5.66385,0.000541477,0.0167294,0.0167679,0.0
5.66428,0.000542848,0.0167294,0.0167679,0.0
5.66466,0.000542391,0.0334588,0.0236119,0.0
5.66343,0.000543109,0.0,0.0,0.0
5.66378,0.000528946,0.0167294,0.0167679,0.0
5.66393,0.0005482,0.0334588,0.0236119,0.0
5.66346,0.000546699,0.0334588,0.0236119,0.0
5.66323,0.000557403,0.0167294,0.0167679,0.0
5.66398,0.000536647,0.0,0.0,0.0
5.6634,0.000539389,0.0,0.0,0.0
5.66458,0.000558056,0.0501882,0.0290871,0.0
5.66417,0.000550811,0.0334588,0.0236119,0.0
5.66339,0.000544414,0.0334588,0.0236119,0.0
5.66324,0.000548983,0.0,0.0,0.0
5.66353,0.000559165,0.0669176,0.0335357,0.0
5.66423,0.000563734,0.083647,0.0372999,0.0
5.66414,0.000564126,0.0167294,0.0167679,0.0
5.66378,0.000547025,0.0167294,0.0167679,0.0
5.66408,0.000558578,0.0501882,0.0290871,0.0
5.66475,0.00055055,0.0334588,0.0236119,0.0
5.66441,0.00053854,0.0334588,0.0236119,0.0
5.6643,0.00057,0.0669176,0.0335357,0.0
5.6646,0.000555576,0.0167294,0.0167679,0.0
5.66318,0.000557795,0.0167294,0.0167679,0.0
5.66326,0.000564518,0.0501882,0.0290871,0.0
5.66339,0.000570131,0.0501882,0.0290871,0.0
5.66298,0.000543958,0.0167294,0.0167679,0.0
5.66443,0.000553095,0.0167294,0.0167679,0.0
5.6637,0.000539389,0.0,0.0,0.0
5.66348,0.000550158,0.0334588,0.0236119,0.0
5.66302,0.000542652,0.0334588,0.0236119,0.0
5.66296,0.000533971,0.0167294,0.0167679,0.0
5.66348,0.000551529,0.0334588,0.0236119,0.0
5.6635,0.000556163,0.0501882,0.0290871,0.0
5.66393,0.000562821,0.0669176,0.0335357,0.0
5.66336,0.000542065,0.0,0.0,0.0
5.66445,0.000542522,0.0,0.0,0.0
5.66401,0.000567455,0.0334588,0.0236119,0.0
5.66394,0.000554923,0.0334588,0.0236119,0.0
5.66398,0.000547874,0.0167294,0.0167679,0.0
5.66487,0.000547156,0.0167294,0.0167679,0.0
5.6637,0.00055068,0.0501882,0.0290871,0.0
5.66349,0.000550746,0.0501882,0.0290871,0.0
5.66446,0.000543958,0.0334588,0.0236119,0.0
5.66413,0.000559883,0.0501882,0.0290871,0.0
5.6635,0.00055192,0.0669176,0.0335357,0.0
5.66428,0.000549179,0.0167294,0.0167679,0.0
5.66449,0.000547809,0.0334588,0.0236119,0.0
5.66426,0.00054931,0.0,0.0,0.0
5.66277,0.000542848,0.0167294,0.0167679,0.0
5.66353,0.000557664,0.0334588,0.0236119,0.0
5.66403,0.000547874,0.0501882,0.0290871,0.0
5.66422,0.000560079,0.0669176,0.0335357,0.0
5.66397,0.000532862,0.0334588,0.0236119,0.0
5.66376,0.000565692,0.0669176,0.0335357,0.0
5.6634,0.000561646,0.0334588,0.0236119,0.0
5.66439,0.000561058,0.0501882,0.0290871,0.0
5.66433,0.000564518,0.0334588,0.0236119,0.0
5.66452,0.000564191,0.0334588,0.0236119,0.0
5.66408,0.000547874,0.0501882,0.0290871,0.0
5.66356,0.000551659,0.0,0.0,0.0
5.66417,0.000548788,0.0334588,0.0236119,0.0
5.66423,0.000561254,0.0167294,0.0167679,0.0
5.66319,0.000548004,0.0167294,0.0167679,0.0
5.66358,0.000541869,0.0501882,0.0290871,0.0
5.66418,0.00055179,0.0669176,0.0335357,0.0
5.66451,0.000544871,0.0334588,0.0236119,0.0
5.66348,0.000555445,0.0,0.0,0.0
5.66345,0.000558904,0.0334588,0.0236119,0.0
5.66383,0.00054337,0.0334588,0.0236119,0.0
5.66399,0.000540237,0.0167294,0.0167679,0.0
5.66308,0.000538997,0.0,0.0,0.0
5.66396,0.000545394,0.0501882,0.0290871,0.0
5.66449,0.000554205,0.0167294,0.0167679,0.0
5.66424,0.000555771,0.0167294,0.0167679,0.0
5.66495,0.000557664,0.0501882,0.0290871,0.0
5.664,0.000541282,0.0167294,0.0167679,0.0
5.66346,0.000553944,0.0167294,0.0167679,0.0
5.66321,0.00053482,0.0334588,0.0236119,0.0
5.66368,0.000539519,0.0167294,0.0167679,0.0
5.66458,0.000537561,0.0334588,0.0236119,0.0
5.66415,0.000545263,0.0501882,0.0290871,0.0
5.66393,0.000542979,0.0,0.0,0.0
5.66392,0.000551529,0.0501882,0.0290871,0.0
5.66396,0.000548657,0.0,0.0,0.0
5.66308,0.000549179,0.0334588,0.0236119,0.0
5.66365,0.000555902,0.0501882,0.0290871,0.0
5.66451,0.000558643,0.083647,0.0372999,0.0
5.66397,0.000564061,0.0167294,0.0167679,0.0
5.66436,0.000564126,0.0167294,0.0167679,0.0
5.66441,0.0005482,0.0334588,0.0236119,0.0
5.66349,0.000548722,0.0167294,0.0167679,0.0
5.66327,0.000541804,0.0,0.0,0.0
5.66325,0.00055179,0.0669176,0.0335357,0.0
5.66248,0.000566084,0.0167294,0.0167679,0.0
5.66285,0.00056628,0.0334588,0.0236119,0.0
5.66444,0.000559753,0.0167294,0.0167679,0.0
5.66491,0.000539454,0.0,0.0,0.0
5.66373,0.000541934,0.0,0.0,0.0
5.66426,0.000541282,0.0334588,0.0236119,0.0
5.66439,0.000540825,0.0501882,0.0290871,0.0
5.66387,0.000540172,0.0334588,0.0236119,0.0
5.6643,0.000548983,0.0167294,0.0167679,0.0
5.66471,0.000545067,0.0501882,0.0290871,0.0
5.66364,0.000574112,0.0669176,0.0335357,0.0
5.66319,0.000571697,0.0334588,0.0236119,0.0
5.66285,0.000563408,0.0334588,0.0236119,0.0
5.66389,0.000549114,0.0167294,0.0167679,0.0
5.66393,0.000564256,0.0669176,0.0335357,0.0
5.6634,0.000545394,0.0167294,0.0167679,0.0
5.66371,0.000545002,0.0,0.0,0.0
5.66353,0.000535016,0.0167294,0.0167679,0.0
5.66456,0.000537104,0.0,0.0,0.0
5.66437,0.000541412,0.0,0.0,0.0
5.6638,0.000540172,0.0,0.0,0.0
5.66385,0.000547613,0.0334588,0.0236119,0.0
5.66306,0.000558774,0.0,0.0,0.0
5.6635,0.000551072,0.0334588,0.0236119,0.0
5.66506,0.000555641,0.0669176,0.0335357,0.0
5.66403,0.000561189,0.0501882,0.0290871,0.0
5.66296,0.000548461,0.0334588,0.0236119,0.0
5.66432,0.000556294,0.0,0.0,0.0
5.6642,0.000545459,0.0167294,0.0167679,0.0
5.66395,0.000546046,0.0,0.0,0.0
5.66372,0.000539846,0.0,0.0,0.0
5.66378,0.000531491,0.0334588,0.0236119,0.0
5.66301,0.000541282,0.0,0.0,0.0
5.66424,0.000561254,0.0167294,0.0167679,0.0
5.66362,0.000538083,0.0167294,0.0167679,0.0
5.66344,0.000572285,0.0501882,0.0290871,0.0
5.66355,0.000548265,0.0167294,0.0167679,0.0
5.66327,0.000541347,0.0334588,0.0236119,0.0
5.66424,0.000528815,0.0,0.0,0.0
5.66352,0.00053965,0.0167294,0.0167679,0.0
5.66364,0.000545263,0.0167294,0.0167679,0.0
5.66358,0.000539323,0.0167294,0.0167679,0.0
5.66465,0.0005482,0.0,0.0,0.0
5.66369,0.000543827,0.0167294,0.0167679,0.0
5.6638,0.000572024,0.0501882,0.0290871,0.0
5.66431,0.00055786,0.0167294,0.0167679,0.0
5.66487,0.000550289,0.0501882,0.0290871,0.0
5.66427,0.000565823,0.0334588,0.0236119,0.0
5.66366,0.000565823,0.0167294,0.0167679,0.0
5.66373,0.000548983,0.0167294,0.0167679,0.0
5.66386,0.000547874,0.0167294,0.0167679,0.0
5.66384,0.000547939,0.0167294,0.0167679,0.0
5.66375,0.000557991,0.0167294,0.0167679,0.0
5.66368,0.000550811,0.0334588,0.0236119,0.0
5.66384,0.0005482,0.0167294,0.0167679,0.0
5.6635,0.000544871,0.0167294,0.0167679,0.0
5.66398,0.000558447,0.0167294,0.0167679,0.0
5.66377,0.000547678,0.0167294,0.0167679,0.0
5.66419,0.000550419,0.0167294,0.0167679,0.0
5.66435,0.000558774,0.0501882,0.0290871,0.0
5.66324,0.000563734,0.0501882,0.0290871,0.0
5.66294,0.000535864,0.0,0.0,0.0
5.66437,0.000545263,0.0167294,0.0167679,0.0
5.66353,0.000546046,0.0167294,0.0167679,0.0
5.66358,0.000531948,0.0334588,0.0236119,0.0
5.6635,0.000547547,0.0167294,0.0167679,0.0
5.66414,0.000548265,0.0334588,0.0236119,0.0
5.66319,0.000541934,0.0167294,0.0167679,0.0
5.66365,0.000536125,0.0167294,0.0167679,0.0
5.66334,0.000529337,0.0167294,0.0167679,0.0
5.66355,0.000537431,0.0167294,0.0167679,0.0
5.66383,0.000534167,0.0167294,0.0167679,0.0
5.66427,0.000542979,0.0,0.0,0.0
5.66327,0.0005264,0.0334588,0.0236119,0.0
5.6636,0.000544284,0.0334588,0.0236119,0.0
5.66365,0.000563734,0.0334588,0.0236119,0.0
5.66416,0.000567977,0.083647,0.0372999,0.0
5.66357,0.000551855,0.0,0.0,0.0
5.66316,0.000540368,0.0167294,0.0167679,0.0
5.66381,0.000539585,0.0334588,0.0236119,0.0
5.6637,0.000548853,0.0,0.0,0.0
5.66419,0.000552573,0.0334588,0.0236119,0.0
5.66408,0.000538149,0.0167294,0.0167679,0.0
5.66409,0.000543958,0.0167294,0.0167679,0.0
5.6638,0.000546895,0.0334588,0.0236119,0.0
5.66315,0.000538344,0.0167294,0.0167679,0.0
5.6638,0.000545655,0.0,0.0,0.0
5.66329,0.00055786,0.0,0.0,0.0
5.66356,0.000551137,0.0501882,0.0290871,0.0
5.6639,0.000533253,0.0334588,0.0236119,0.0
5.66417,0.000543892,0.0501882,0.0290871,0.0
5.6635,0.000552377,0.0334588,0.0236119,0.0
5.66428,0.000570392,0.0334588,0.0236119,0.0
5.66361,0.000560732,0.0167294,0.0167679,0.0
5.66316,0.000548788,0.0334588,0.0236119,0.0
5.6641,0.00055427,0.0501882,0.0290871,0.0
5.66312,0.00054461,0.0,0.0,0.0
5.66285,0.000549636,0.0167294,0.0167679,0.0
5.66346,0.000556881,0.0501882,0.0290871,0.0
5.66401,0.000552051,0.0334588,0.0236119,0.0
5.66393,0.000536908,0.0,0.0,0.0
5.66349,0.000546895,0.0669176,0.0335357,0.0
5.66458,0.000555249,0.0,0.0,0.0
5.66319,0.000557534,0.0334588,0.0236119,0.0
5.66349,0.000554988,0.0167294,0.0167679,0.0
5.6648,0.000551268,0.0167294,0.0167679,0.0
5.66421,0.000542717,0.0,0.0,0.0
5.66381,0.000556032,0.0334588,0.0236119,0.0
5.66412,0.000549962,0.0334588,0.0236119,0.0
5.66369,0.000544088,0.0167294,0.0167679,0.0
5.66281,0.000532992,0.0167294,0.0167679,0.0
5.6633,0.000538018,0.0167294,0.0167679,0.0
5.66304,0.000540302,0.0334588,0.0236119,0.0
5.66339,0.000537888,0.0,0.0,0.0
5.66395,0.00053371,0.0167294,0.0167679,0.0
5.66385,0.000539715,0.0167294,0.0167679,0.0
5.66389,0.000542848,0.0,0.0,0.0
5.66336,0.000545067,0.0167294,0.0167679,0.0
5.664,0.00054461,0.0,0.0,0.0
5.66332,0.000535277,0.0,0.0,0.0
5.66304,0.000534559,0.0,0.0,0.0
5.66443,0.000546829,0.0334588,0.0236119,0.0
5.66393,0.000549897,0.0501882,0.0290871,0.0
5.66374,0.000552182,0.0,0.0,0.0
5.66342,0.000557664,0.0167294,0.0167679,0.0
5.66364,0.000552638,0.0167294,0.0167679,0.0
5.66464,0.000542913,0.0334588,0.0236119,0.0
5.66433,0.000556032,0.0334588,0.0236119,0.0
5.66413,0.000550811,0.0167294,0.0167679,0.0
5.66393,0.000534689,0.0167294,0.0167679,0.0
5.66413,0.000564126,0.0167294,0.0167679,0.0
5.66367,0.000548331,0.0501882,0.0290871,0.0
5.66414,0.000549179,0.0167294,0.0167679,0.0
5.6647,0.000556098,0.0,0.0,0.0
5.66372,0.00055303,0.0334588,0.0236119,0.0
5.66389,0.000542195,0.0,0.0,0.0
5.6632,0.000534298,0.0167294,0.0167679,0.0
5.66261,0.000544219,0.0167294,0.0167679,0.0
5.66288,0.000539976,0.0501882,0.0290871,0.0
5.66359,0.000549897,0.0167294,0.0167679,0.0
5.66276,0.000545132,0.0334588,0.0236119,0.0
5.66317,0.000561646,0.0334588,0.0236119,0.0
5.66411,0.000527118,0.0,0.0,0.0
5.66376,0.000532862,0.0,0.0,0.0
5.66521,0.000548983,0.0501882,0.0290871,0.0
5.66402,0.000571762,0.0501882,0.0290871,0.0
5.66293,0.000547417,0.0501882,0.0290871,0.0
5.66345,0.00053841,0.0,0.0,0.0
5.6636,0.000565562,0.0501882,0.0290871,0.0
5.66355,0.000547547,0.0,0.0,0.0
5.66425,0.000537431,0.0,0.0,0.0
5.66414,0.000542261,0.0167294,0.0167679,0.0
5.66444,0.000542848,0.0,0.0,0.0
5.66443,0.000546111,0.0167294,0.0167679,0.0
5.66415,0.000569543,0.0669176,0.0335357,0.0
5.66391,0.000538149,0.0167294,0.0167679,0.0
5.66358,0.00055538,0.0,0.0,0.0
5.66428,0.000539715,0.0334588,0.0236119,0.0
5.66367,0.000555184,0.0501882,0.0290871,0.0
5.66346,0.000544937,0.0,0.0,0.0
5.66414,0.000533058,0.0167294,0.0167679,0.0
5.66339,0.000530512,0.0,0.0,0.0
5.66284,0.000556685,0.0501882,0.0290871,0.0
5.66396,0.000549636,0.0167294,0.0167679,0.0
5.66439,0.000543501,0.0,0.0,0.0
5.66458,0.000545785,0.0334588,0.0236119,0.0
5.66457,0.000550615,0.0167294,0.0167679,0.0
5.66334,0.000536843,0.0167294,0.0167679,0.0
5.66324,0.00055551,0.0334588,0.0236119,0.0
5.66452,0.000545132,0.0,0.0,0.0
5.66363,0.000549506,0.0,0.0,0.0
5.66299,0.000559165,0.0501882,0.0290871,0.0
5.66332,0.000558186,0.0334588,0.0236119,0.0
5.66413,0.000534689,0.0,0.0,0.0
5.66355,0.000549049,0.0334588,0.0236119,0.0
5.66422,0.000567716,0.0334588,0.0236119,0.0
5.66424,0.000555641,0.0167294,0.0167679,0.0
5.66379,0.000562821,0.0334588,0.0236119,0.0
5.6635,0.000557403,0.0334588,0.0236119,0.0
5.66322,0.000545002,0.0,0.0,0.0
5.66452,0.000538671,0.0334588,0.0236119,0.0
5.66354,0.00052751,0.0,0.0,0.0
5.66313,0.000540694,0.0167294,0.0167679,0.0
5.66438,0.000553748,0.0167294,0.0167679,0.0
5.66381,0.000562168,0.0334588,0.0236119,0.0
5.66325,0.000559622,0.0334588,0.0236119,0.0
5.66339,0.000580509,0.0501882,0.0290871,0.0
5.66352,0.000558186,0.0167294,0.0167679,0.0
5.66399,0.000547613,0.0167294,0.0167679,0.0
5.66391,0.000555771,0.0167294,0.0167679,0.0
5.66429,0.000553422,0.0167294,0.0167679,0.0
5.66328,0.000553291,0.0501882,0.0290871,0.0
5.66415,0.000555053,0.0167294,0.0167679,0.0
5.66364,0.000535211,0.0501882,0.0290871,0.0
5.66341,0.000545002,0.0,0.0,0.0
5.66321,0.000551529,0.0167294,0.0167679,0.0
5.66324,0.000560079,0.0669176,0.0335357,0.0
5.66345,0.000554401,0.0,0.0,0.0
5.66354,0.000550876,0.0,0.0,0.0
5.66386,0.000551398,0.0,0.0,0.0
5.66335,0.000540825,0.0,0.0,0.0
5.66353,0.000547939,0.0,0.0,0.0
5.6637,0.000552377,0.0167294,0.0167679,0.0
5.6629,0.000552312,0.0167294,0.0167679,0.0
5.66319,0.000546699,0.0,0.0,0.0
5.66378,0.000531752,0.0334588,0.0236119,0.0
5.66427,0.00053619,0.0,0.0,0.0
5.66399,0.000531034,0.0,0.0,0.0
5.6645,0.000549962,0.0,0.0,0.0
5.66427,0.000523528,0.0167294,0.0167679,0.0
5.66388,0.000540498,0.0167294,0.0167679,0.0
5.665,0.000548135,0.0167294,0.0167679,0.0
5.6654,0.000564779,0.0167294,0.0167679,0.0
5.6647,0.000551007,0.0167294,0.0167679,0.0
5.66499,0.000539911,0.0,0.0,0.0
5.66415,0.000532731,0.0167294,0.0167679,0.0
5.66407,0.000543892,0.0167294,0.0167679,0.0
5.66333,0.000539062,0.0,0.0,0.0
5.66428,0.000560406,0.0669176,0.0335357,0.0
5.66389,0.000567455,0.0334588,0.0236119,0.0
5.66382,0.000575613,0.0501882,0.0290871,0.0
5.66389,0.000550158,0.0167294,0.0167679,0.0
5.66436,0.000552834,0.0,0.0,0.0
5.66397,0.000553813,0.0334588,0.0236119,0.0
5.66378,0.000551986,0.0334588,0.0236119,0.0
5.66306,0.000559949,0.0334588,0.0236119,0.0
5.66341,0.000554009,0.0501882,0.0290871,0.0
5.66291,0.000546373,0.0,0.0,0.0
5.66397,0.000541869,0.0,0.0,0.0
5.66434,0.000547286,0.0167294,0.0167679,0.0
5.66336,0.000564583,0.0334588,0.0236119,0.0
5.66378,0.000542979,0.0167294,0.0167679,0.0
5.66391,0.000543958,0.0167294,0.0167679,0.0
5.66367,0.000547809,0.0,0.0,0.0
5.66348,0.000538279,0.0501882,0.0290871,0.0
5.66347,0.000541804,0.0334588,0.0236119,0.0
5.66418,0.000537692,0.0334588,0.0236119,0.0
5.6643,0.000541543,0.0,0.0,0.0
5.66422,0.000525943,0.0167294,0.0167679,0.0
5.6652,0.000556424,0.0334588,0.0236119,0.0
5.66542,0.000543631,0.0167294,0.0167679,0.0
5.66453,0.000541934,0.0167294,0.0167679,0.0
5.66409,0.000545263,0.0334588,0.0236119,0.0
5.66386,0.000539519,0.0167294,0.0167679,0.0
5.66394,0.000550419,0.0167294,0.0167679,0.0
5.66325,0.000537626,0.0,0.0,0.0
5.66307,0.000540759,0.0167294,0.0167679,0.0
5.66329,0.000532274,0.0167294,0.0167679,0.0
5.66346,0.000545524,0.0334588,0.0236119,0.0
5.66308,0.00054807,0.0167294,0.0167679,0.0
5.66331,0.000555706,0.0334588,0.0236119,0.0
5.66372,0.000560275,0.0167294,0.0167679,0.0
5.66422,0.000553683,0.0334588,0.0236119,0.0
5.66436,0.000556946,0.0167294,0.0167679,0.0
5.66383,0.000538149,0.0167294,0.0167679,0.0
5.6637,0.000543697,0.0334588,0.0236119,0.0
5.66384,0.000544871,0.0,0.0,0.0
5.66339,0.000545198,0.0334588,0.0236119,0.0
5.66391,0.000543305,0.0,0.0,0.0
5.6642,0.000564974,0.0334588,0.0236119,0.0
5.66428,0.000535016,0.0,0.0,0.0
5.66301,0.000552312,0.0,0.0,0.0
5.66333,0.000551659,0.0167294,0.0167679,0.0
5.66437,0.000544284,0.0167294,0.0167679,0.0
5.66386,0.000558839,0.0334588,0.0236119,0.0
5.66281,0.000547809,0.0334588,0.0236119,0.0
5.66338,0.000554988,0.0167294,0.0167679,0.0
5.66362,0.000547547,0.0669176,0.0335357,0.0
5.66382,0.000553291,0.0167294,0.0167679,0.0
5.66354,0.000545328,0.0,0.0,0.0
5.66386,0.000535211,0.0167294,0.0167679,0.0
5.66416,0.000561058,0.0167294,0.0167679,0.0
5.66434,0.00055551,0.0,0.0,0.0
5.66306,0.000550289,0.0167294,0.0167679,0.0
5.66276,0.000558709,0.0167294,0.0167679,0.0
5.66398,0.000542587,0.0334588,0.0236119,0.0
5.66354,0.000534885,0.0,0.0,0.0
5.66335,0.000532666,0.0,0.0,0.0
5.66366,0.000542652,0.0501882,0.0290871,0.0
5.66371,0.000558643,0.0334588,0.0236119,0.0
5.66344,0.000543631,0.0167294,0.0167679,0.0
5.66372,0.000546764,0.0167294,0.0167679,0.0
5.66402,0.000554858,0.0167294,0.0167679,0.0
5.66445,0.000538018,0.0,0.0,0.0
5.66435,0.000547482,0.0334588,0.0236119,0.0
5.66439,0.000556685,0.0167294,0.0167679,0.0
5.66385,0.000550485,0.0,0.0,0.0
5.66374,0.000546046,0.0501882,0.0290871,0.0
5.66339,0.000560797,0.0167294,0.0167679,0.0
5.66366,0.000550289,0.0334588,0.0236119,0.0
5.66313,0.000556098,0.0167294,0.0167679,0.0
5.6632,0.000547809,0.0167294,0.0167679,0.0
5.66426,0.000545132,0.0,0.0,0.0
5.66434,0.000526074,0.0,0.0,0.0
5.66367,0.000531491,0.0167294,0.0167679,0.0
5.66354,0.000550289,0.0167294,0.0167679,0.0
5.66399,0.000566737,0.0334588,0.0236119,0.0
5.66396,0.000545981,0.0501882,0.0290871,0.0
5.66362,0.000551398,0.0167294,0.0167679,0.0
5.66373,0.000536321,0.0167294,0.0167679,0.0
5.66367,0.000547417,0.0,0.0,0.0
5.66355,0.00053619,0.0,0.0,0.0
5.66382,0.000553226,0.0334588,0.0236119,0.0
5.66366,0.000564452,0.0,0.0,0.0
5.66408,0.000562298,0.0167294,0.0167679,0.0
5.66476,0.000553161,0.0501882,0.0290871,0.0
5.66385,0.000559035,0.0167294,0.0167679,0.0
5.66291,0.000550093,0.0167294,0.0167679,0.0
5.66484,0.000550941,0.0334588,0.0236119,0.0
5.66426,0.000546895,0.0,0.0,0.0
5.66409,0.000556816,0.0334588,0.0236119,0.0
5.66408,0.000544676,0.0167294,0.0167679,0.0
5.66371,0.000545785,0.0,0.0,0.0
5.66356,0.000546307,0.0,0.0,0.0
5.66374,0.00052392,0.0,0.0,0.0
5.664,0.000540694,0.0,0.0,0.0
5.66335,0.000557077,0.0334588,0.0236119,0.0
5.66367,0.000546764,0.0,0.0,0.0
5.66324,0.000549701,0.0334588,0.0236119,0.0
5.66313,0.000552116,0.0501882,0.0290871,0.0
5.66495,0.000570065,0.0501882,0.0290871,0.0
5.66419,0.000562364,0.0167294,0.0167679,0.0
5.66368,0.000550941,0.0,0.0,0.0
5.66396,0.00055675,0.0669176,0.0335357,0.0
5.66444,0.000563408,0.0167294,0.0167679,0.0
5.66377,0.0,0.0334588,0.0,0.0
5.6629,0.0,0.0,0.0,0.0
5.66427,0.0,0.0167294,0.0,0.0
5.6639,0.0,0.0167294,0.0,0.0
5.66304,0.0,0.0167294,0.0,0.0
5.66309,0.0,0.0167294,0.0,0.0
5.66284,0.0,0.0,0.0,0.0
5.66422,0.0,0.0334588,0.0,0.0
5.66511,0.0,0.0501882,0.0,0.0
5.66494,0.0,0.0334588,0.0,0.0
5.66422,0.0,0.0167294,0.0,0.0
5.66399,0.0,0.0167294,0.0,0.0
5.66374,0.0,0.0334588,0.0,0.0
5.66398,0.0,0.0167294,0.0,0.0
5.66396,0.0,0.0334588,0.0,0.0
5.66407,0.0,0.0167294,0.0,0.0
5.6634,0.0,0.0,0.0,0.0
5.66463,0.0,0.0334588,0.0,0.0
5.66499,0.0,0.0501882,0.0,0.0
5.6643,0.0,0.0501882,0.0,0.0
5.66447,0.0,0.0501882,0.0,0.0
5.66397,0.0,0.0167294,0.0,0.0
5.66388,0.0,0.0167294,0.0,0.0
5.66429,0.0,0.0,0.0,0.0
5.66399,0.0,0.0,0.0,0.0
5.66408,0.0,0.0334588,0.0,0.0
5.66366,0.0,0.0167294,0.0,0.0
5.66213,0.0,0.0167294,0.0,0.0
5.6634,0.0,0.0334588,0.0,0.0
5.6648,0.0,0.0334588,0.0,0.0
5.66384,0.0,0.0501882,0.0,0.0
5.66438,0.0,0.0334588,0.0,0.0
5.66348,0.0,0.0501882,0.0,0.0
5.66328,0.0,0.0669176,0.0,0.0
5.66383,0.0,0.0,0.0,0.0
5.66353,0.0,0.0167294,0.0,0.0
5.66309,0.0,0.0,0.0,0.0
5.66424,0.0,0.0,0.0,0.0
5.66389,0.0,0.0334588,0.0,0.0
5.66349,0.0,0.0,0.0,0.0
5.66356,0.0,0.0334588,0.0,0.0
5.66387,0.0,0.0,0.0,0.0
5.66377,0.0,0.0501882,0.0,0.0
5.66324,0.0,0.0501882,0.0,0.0
5.66334,0.0,0.0,0.0,0.0
5.6631,0.0,0.0167294,0.0,0.0
5.66443,0.0,0.0167294,0.0,0.0
5.66406,0.0,0.0,0.0,0.0
5.66346,0.0,0.0334588,0.0,0.0
5.66403,0.0,0.0,0.0,0.0
5.6636,0.0,0.0167294,0.0,0.0
5.66341,0.0,0.0167294,0.0,0.0
5.66416,0.0,0.0669176,0.0,0.0
5.6638,0.0,0.0167294,0.0,0.0
5.66343,0.0,0.0167294,0.0,0.0
5.664,0.0,0.0167294,0.0,0.0
5.66351,0.0,0.0,0.0,0.0
5.66376,0.0,0.0167294,0.0,0.0
5.66367,0.0,0.0167294,0.0,0.0
5.66257,0.0,0.0334588,0.0,0.0
5.66274,0.0,0.0501882,0.0,0.0
5.6633,0.0,0.0167294,0.0,0.0
5.664,0.0,0.0334588,0.0,0.0
5.66409,0.0,0.0,0.0,0.0
5.66317,0.0,0.0,0.0,0.0
5.66324,0.0,0.0,0.0,0.0
5.66429,0.0,0.0334588,0.0,0.0
5.66339,0.0,0.0167294,0.0,0.0
5.66346,0.0,0.0334588,0.0,0.0
5.66382,0.0,0.0167294,0.0,0.0
5.6642,0.0,0.0167294,0.0,0.0
5.66447,0.0,0.0334588,0.0,0.0
5.66374,0.0,0.0167294,0.0,0.0
5.66406,0.0,0.0167294,0.0,0.0
5.66417,0.0,0.0167294,0.0,0.0
5.66404,0.0,0.0167294,0.0,0.0
5.66433,0.0,0.0334588,0.0,0.0
5.66324,0.0,0.0,0.0,0.0
5.66382,0.0,0.0501882,0.0,0.0
5.66474,0.0,0.0334588,0.0,0.0
5.66505,0.0,0.0501882,0.0,0.0
5.66376,0.0,0.0167294,0.0,0.0
5.66368,0.0,0.0,0.0,0.0
5.66335,0.0,0.0,0.0,0.0
5.66375,0.0,0.0,0.0,0.0
5.66421,0.0,0.0167294,0.0,0.0
5.66464,0.0,0.0334588,0.0,0.0
5.6639,0.0,0.0,0.0,0.0
5.66317,0.0,0.0501882,0.0,0.0
5.66415,0.0,0.0167294,0.0,0.0
5.66292,0.0,0.0334588,0.0,0.0
5.66414,0.0,0.0167294,0.0,0.0
5.66392,0.0,0.0167294,0.0,0.0
5.66328,0.0,0.0167294,0.0,0.0
5.66383,0.0,0.0334588,0.0,0.0
5.66363,0.0,0.0334588,0.0,0.0
5.6637,0.0,0.0334588,0.0,0.0
5.66345,0.0,0.0,0.0,0.0
5.66354,0.0,0.0,0.0,0.0
5.66357,0.0,0.0,0.0,0.0
5.66332,0.0,0.0167294,0.0,0.0
5.66353,0.0,0.0167294,0.0,0.0
5.66357,0.0,0.0,0.0,0.0
5.66326,0.0,0.0,0.0,0.0
5.66387,0.0,0.0,0.0,0.0
5.6632,0.0,0.083647,0.0,0.0
5.66379,0.0,0.0334588,0.0,0.0
5.66328,0.0,0.0167294,0.0,0.0
5.66419,0.0,0.0,0.0,0.0
5.66305,0.0,0.0,0.0,0.0
5.66335,0.0,0.0334588,0.0,0.0
5.66395,0.0,0.0334588,0.0,0.0
5.66383,0.0,0.0,0.0,0.0
5.66358,0.0,0.0334588,0.0,0.0
5.66369,0.0,0.0167294,0.0,0.0
5.66339,0.0,0.0,0.0,0.0
5.66293,0.0,0.0334588,0.0,0.0
5.66357,0.0,0.0167294,0.0,0.0
5.66288,0.0,0.0167294,0.0,0.0
5.66406,0.0,0.0334588,0.0,0.0
5.66433,0.0,0.0334588,0.0,0.0
5.66373,0.0,0.0,0.0,0.0
5.66361,0.0,0.0,0.0,0.0
5.66353,0.0,0.0,0.0,0.0
5.66353,0.0,0.0,0.0,0.0
5.66345,0.0,0.0167294,0.0,0.0
5.66293,0.0,0.0167294,0.0,0.0
5.66255,0.0,0.0,0.0,0.0
5.66322,0.0,0.0167294,0.0,0.0
5.66347,0.0,0.0,0.0,0.0
5.66359,0.0,0.0501882,0.0,0.0
5.66446,0.0,0.0167294,0.0,0.0
5.6641,0.0,0.0,0.0,0.0
5.66298,0.0,0.0167294,0.0,0.0
5.66344,0.0,0.0669176,0.0,0.0
5.66374,0.0,0.0334588,0.0,0.0
5.66381,0.0,0.0,0.0,0.0
5.66353,0.0,0.0,0.0,0.0
5.66428,0.0,0.0167294,0.0,0.0
5.66443,0.0,0.0167294,0.0,0.0
5.6633,0.0,0.0,0.0,0.0
5.66322,0.0,0.0,0.0,0.0
5.66397,0.0,0.0167294,0.0,0.0
5.66321,0.0,0.0167294,0.0,0.0
5.66356,0.0,0.0167294,0.0,0.0
5.66472,0.0,0.0167294,0.0,0.0
5.66395,0.0,0.100376,0.0,0.0
5.66386,0.0,0.0167294,0.0,0.0
5.66451,0.0,0.0,0.0,0.0
5.66381,0.0,0.0501882,0.0,0.0
5.66421,0.0,0.0334588,0.0,0.0
5.66434,0.0,0.0,0.0,0.0
5.66412,0.0,0.0167294,0.0,0.0
5.66428,0.0,0.0167294,0.0,0.0
5.6648,0.0,0.0334588,0.0,0.0
5.66408,0.0,0.0167294,0.0,0.0
5.6632,0.0,0.0334588,0.0,0.0
5.66301,0.0,0.0,0.0,0.0
5.66444,0.0,0.0167294,0.0,0.0
5.66339,0.0,0.0,0.0,0.0
5.66275,0.0,0.0,0.0,0.0
5.66334,0.0,0.0,0.0,0.0
5.66341,0.0,0.0,0.0,0.0
5.66405,0.0,0.0167294,0.0,0.0
5.664,0.0,0.0167294,0.0,0.0
5.66451,0.0,0.0334588,0.0,0.0
5.66439,0.0,0.0167294,0.0,0.0
5.66326,0.0,0.0334588,0.0,0.0
5.6644,0.0,0.0167294,0.0,0.0
5.66394,0.0,0.0167294,0.0,0.0
5.66346,0.0,0.0,0.0,0.0
5.66448,0.0,0.0501882,0.0,0.0
5.66453,0.0,0.0501882,0.0,0.0
5.66334,0.0,0.0167294,0.0,0.0
5.66329,0.0,0.0167294,0.0,0.0
5.66421,0.0,0.0501882,0.0,0.0
5.66361,0.0,0.0334588,0.0,0.0
5.6631,0.0,0.0167294,0.0,0.0
5.66377,0.0,0.0167294,0.0,0.0
5.66339,0.0,0.0,0.0,0.0
5.66468,0.0,0.0334588,0.0,0.0
5.66445,0.0,0.0,0.0,0.0
5.66295,0.0,0.0,0.0,0.0
5.66384,0.0,0.0167294,0.0,0.0
5.66397,0.0,0.0334588,0.0,0.0
5.66391,0.0,0.0334588,0.0,0.0
5.66381,0.0,0.0167294,0.0,0.0
5.66344,0.0,0.0167294,0.0,0.0
5.66443,0.0,0.0,0.0,0.0
5.66358,0.0,0.0334588,0.0,0.0
5.66295,0.0,0.0,0.0,0.0
5.66265,0.0,0.0669176,0.0,0.0
5.66447,0.0,0.0334588,0.0,0.0
5.6637,0.0,0.0,0.0,0.0
5.66379,0.0,0.0334588,0.0,0.0
5.66294,0.0,0.0,0.0,0.0
5.66311,0.0,0.0167294,0.0,0.0
5.66411,0.0,0.0167294,0.0,0.0
5.66381,0.0,0.0334588,0.0,0.0
5.66297,0.0,0.0167294,0.0,0.0
5.66371,0.0,0.0167294,0.0,0.0
5.66455,0.0,0.0167294,0.0,0.0
5.6641,0.0,0.0,0.0,0.0
5.66422,0.0,0.0167294,0.0,0.0
5.66405,0.0,0.0,0.0,0.0
5.66296,0.0,0.0,0.0,0.0
5.66234,0.0,0.0334588,0.0,0.0
5.66241,0.0,0.0167294,0.0,0.0
5.66339,0.0,0.0167294,0.0,0.0
5.6631,0.0,0.0,0.0,0.0
5.66283,0.0,0.0,0.0,0.0
5.66348,0.0,0.0,0.0,0.0
5.66368,0.0,0.0,0.0,0.0
5.66352,0.0,0.0334588,0.0,0.0
5.66347,0.0,0.0334588,0.0,0.0
5.66316,0.0,0.0,0.0,0.0
5.66318,0.0,0.0167294,0.0,0.0
5.66403,0.0,0.0501882,0.0,0.0
5.66435,0.0,0.0334588,0.0,0.0
5.66378,0.0,0.0,0.0,0.0
5.66393,0.0,0.0167294,0.0,0.0
5.66393,0.0,0.0334588,0.0,0.0
5.66456,0.0,0.0,0.0,0.0
5.66437,0.0,0.0167294,0.0,0.0
5.66383,0.0,0.0501882,0.0,0.0
5.6641,0.0,0.0,0.0,0.0
5.66324,0.0,0.0334588,0.0,0.0
5.6629,0.0,0.0167294,0.0,0.0
5.66401,0.0,0.0167294,0.0,0.0
5.66313,0.0,0.0167294,0.0,0.0
5.66321,0.0,0.0334588,0.0,0.0
5.66337,0.0,0.0,0.0,0.0
5.66297,0.0,0.0167294,0.0,0.0
5.66359,0.0,0.0,0.0,0.0
5.66284,0.0,0.0501882,0.0,0.0
5.66324,0.0,0.0167294,0.0,0.0
5.66396,0.0,0.0334588,0.0,0.0
5.6627,0.0,0.0167294,0.0,0.0
5.66343,0.0,0.0,0.0,0.0
5.66396,0.0,0.0,0.0,0.0
5.66331,0.0,0.0,0.0,0.0
5.66312,0.0,0.0334588,0.0,0.0
5.66393,0.0,0.0167294,0.0,0.0
5.66418,0.0,0.0167294,0.0,0.0
5.66413,0.0,0.0334588,0.0,0.0
5.66373,0.0,0.0167294,0.0,0.0
5.66343,0.0,0.0,0.0,0.0
5.66317,0.0,0.0,0.0,0.0
5.66413,0.0,0.0,0.0,0.0
5.66305,0.0,0.0167294,0.0,0.0
5.66276,0.0,0.0167294,0.0,0.0
5.66346,0.0,0.0167294,0.0,0.0
5.66402,0.0,0.0334588,0.0,0.0
5.66377,0.0,0.0,0.0,0.0
5.66399,0.0,0.0167294,0.0,0.0
5.66509,0.0,0.0334588,0.0,0.0
5.66483,0.0,0.0,0.0,0.0
5.66384,0.0,0.0334588,0.0,0.0
5.66376,0.0,0.0,0.0,0.0
5.66432,0.0,0.0334588,0.0,0.0
5.66352,0.0,0.0167294,0.0,0.0
5.66351,0.0,0.0501882,0.0,0.0
5.66416,0.0,0.0,0.0,0.0
5.66355,0.0,0.0167294,0.0,0.0
5.66359,0.0,0.0,0.0,0.0
5.66281,0.0,0.0,0.0,0.0
5.66433,0.0,0.0,0.0,0.0
5.66435,0.0,0.0167294,0.0,0.0
5.66297,0.0,0.0334588,0.0,0.0
5.66327,0.0,0.0,0.0,0.0
5.66455,0.0,0.0167294,0.0,0.0
5.66481,0.0,0.0501882,0.0,0.0
5.66419,0.0,0.0167294,0.0,0.0
5.66453,0.0,0.0167294,0.0,0.0
5.66291,0.0,0.0,0.0,0.0
5.66306,0.0,0.0167294,0.0,0.0
5.66329,0.0,0.0,0.0,0.0
5.66391,0.0,0.0167294,0.0,0.0
5.6633,0.0,0.0167294,0.0,0.0
5.66342,0.0,0.0,0.0,0.0
5.66406,0.0,0.0,0.0,0.0
5.66397,0.0,0.0167294,0.0,0.0
5.6644,0.0,0.0,0.0,0.0
5.66458,0.0,0.0167294,0.0,0.0
5.66477,0.0,0.0,0.0,0.0
5.66457,0.0,0.0167294,0.0,0.0
5.66458,0.0,0.0,0.0,0.0
5.66381,0.0,0.0167294,0.0,0.0
5.6638,0.0,0.0167294,0.0,0.0
5.66443,0.0,0.0167294,0.0,0.0
5.66397,0.0,0.0167294,0.0,0.0
5.66377,0.0,0.0167294,0.0,0.0
5.66383,0.0,0.0,0.0,0.0
5.66368,0.0,0.0334588,0.0,0.0
5.66351,0.0,0.0334588,0.0,0.0
5.6627,0.0,0.0,0.0,0.0
5.66318,0.0,0.0501882,0.0,0.0
5.66363,0.0,0.0167294,0.0,0.0
5.66396,0.0,0.0334588,0.0,0.0
5.66263,0.0,0.0,0.0,0.0
5.66248,0.0,0.0669176,0.0,0.0
5.66299,0.0,0.0167294,0.0,0.0
5.66318,0.0,0.0,0.0,0.0
5.66383,0.0,0.0167294,0.0,0.0
5.66401,0.0,0.0501882,0.0,0.0
5.66291,0.0,0.0,0.0,0.0
5.6621,0.0,0.0,0.0,0.0
5.66371,0.0,0.0167294,0.0,0.0
5.66346,0.0,0.0501882,0.0,0.0
5.66399,0.0,0.0167294,0.0,0.0
5.66364,0.0,0.0334588,0.0,0.0
5.66445,0.0,0.0167294,0.0,0.0
5.66349,0.0,0.0334588,0.0,0.0
5.66421,0.0,0.0334588,0.0,0.0
5.6644,0.0,0.0,0.0,0.0
5.66337,0.0,0.0501882,0.0,0.0
5.66367,0.0,0.0669176,0.0,0.0
5.66448,0.0,0.0167294,0.0,0.0
5.66373,0.0,0.0167294,0.0,0.0
5.66387,0.0,0.0,0.0,0.0
5.66394,0.0,0.0167294,0.0,0.0
5.66351,0.0,0.0334588,0.0,0.0
5.66331,0.0,0.0167294,0.0,0.0
5.66347,0.0,0.0,0.0,0.0
5.66321,0.0,0.0,0.0,0.0
5.66413,0.0,0.0167294,0.0,0.0
5.66356,0.0,0.0167294,0.0,0.0
5.66364,0.0,0.0334588,0.0,0.0
5.66452,0.0,0.0669176,0.0,0.0
5.66281,0.0,0.0167294,0.0,0.0
5.66328,0.0,0.0,0.0,0.0
5.664,0.0,0.0167294,0.0,0.0
5.66411,0.0,0.0334588,0.0,0.0
5.66291,0.0,0.0167294,0.0,0.0
5.66319,0.0,0.0,0.0,0.0
5.66399,0.0,0.0,0.0,0.0
5.66309,0.0,0.0167294,0.0,0.0
5.66305,0.0,0.0167294,0.0,0.0
5.66308,0.0,0.0,0.0,0.0
5.66308,0.0,0.0,0.0,0.0
5.66445,0.0,0.0334588,0.0,0.0
5.66418,0.0,0.0,0.0,0.0
5.6645,0.0,0.0501882,0.0,0.0
5.66418,0.0,0.0334588,0.0,0.0
5.66298,0.0,0.0167294,0.0,0.0
5.66346,0.0,0.0669176,0.0,0.0
5.66393,0.0,0.0334588,0.0,0.0
5.66275,0.0,0.0,0.0,0.0
5.66399,0.0,0.0167294,0.0,0.0
5.66443,0.0,0.0167294,0.0,0.0
5.66278,0.0,0.0167294,0.0,0.0
5.66329,0.0,0.0501882,0.0,0.0
5.6644,0.0,0.0167294,0.0,0.0
5.66389,0.0,0.0334588,0.0,0.0
5.66289,0.0,0.0167294,0.0,0.0
5.66441,0.0,0.0,0.0,0.0
5.66343,0.0,0.0669176,0.0,0.0
5.66256,0.0,0.0167294,0.0,0.0
5.66377,0.0,0.0167294,0.0,0.0
5.66328,0.0,0.0,0.0,0.0
5.66329,0.0,0.0167294,0.0,0.0
5.66428,0.0,0.0167294,0.0,0.0
5.664,0.0,0.0,0.0,0.0
5.66405,0.0,0.0334588,0.0,0.0
5.66396,0.0,0.0501882,0.0,0.0
5.66287,0.0,0.0,0.0,0.0
5.66258,0.0,0.0167294,0.0,0.0
5.66331,0.0,0.0334588,0.0,0.0
5.66316,0.0,0.0501882,0.0,0.0
5.66403,0.0,0.0,0.0,0.0
5.66425,0.0,0.0167294,0.0,0.0
5.66367,0.0,0.0501882,0.0,0.0
5.66373,0.0,0.0501882,0.0,0.0
5.663,0.0,0.0334588,0.0,0.0
5.66312,0.0,0.0167294,0.0,0.0
5.66359,0.0,0.0167294,0.0,0.0
5.6639,0.0,0.0167294,0.0,0.0
5.66339,0.0,0.0,0.0,0.0
5.66277,0.0,0.0334588,0.0,0.0
5.66355,0.0,0.0,0.0,0.0
5.66417,0.0,0.0167294,0.0,0.0
5.66355,0.0,0.0167294,0.0,0.0
5.66283,0.0,0.0167294,0.0,0.0
5.66377,0.0,0.0334588,0.0,0.0
5.663,0.0,0.0,0.0,0.0
5.66364,0.0,0.0,0.0,0.0
5.66498,0.0,0.0,0.0,0.0
5.66303,0.0,0.0167294,0.0,0.0
5.66336,0.0,0.0334588,0.0,0.0
5.66344,0.0,0.0,0.0,0.0
5.66345,0.0,0.0334588,0.0,0.0
5.66425,0.0,0.0167294,0.0,0.0
5.66348,0.0,0.0334588,0.0,0.0
5.66378,0.0,0.0167294,0.0,0.0
5.664,0.0,0.0,0.0,0.0
5.66366,0.0,0.0334588,0.0,0.0
5.66388,0.0,0.0167294,0.0,0.0
5.66356,0.0,0.0167294,0.0,0.0
5.66364,0.0,0.0,0.0,0.0
5.66327,0.0,0.0167294,0.0,0.0
5.66286,0.0,0.0,0.0,0.0
5.66298,0.0,0.0,0.0,0.0
5.66376,0.0,0.0,0.0,0.0
5.66351,0.0,0.0167294,0.0,0.0
5.66286,0.0,0.0,0.0,0.0
5.66256,0.0,0.0167294,0.0,0.0
5.66314,0.0,0.0167294,0.0,0.0
5.66358,0.0,0.0167294,0.0,0.0
5.66343,0.0,0.0,0.0,0.0
5.66369,0.0,0.0,0.0,0.0
5.66413,0.0,0.0,0.0,0.0
5.6639,0.0,0.0,0.0,0.0
5.66281,0.0,0.0,0.0,0.0
5.66354,0.0,0.0,0.0,0.0
5.66376,0.0,0.0167294,0.0,0.0
5.66395,0.0,0.0167294,0.0,0.0
5.66416,0.0,0.0334588,0.0,0.0
5.66369,0.0,0.0167294,0.0,0.0
5.66344,0.0,0.0,0.0,0.0
5.66366,0.0,0.0,0.0,0.0
5.66405,0.0,0.0,0.0,0.0
5.66381,0.0,0.0334588,0.0,0.0
5.66306,0.0,0.0167294,0.0,0.0
5.66351,0.0,0.0167294,0.0,0.0
5.66343,0.0,0.0,0.0,0.0
5.66257,0.0,0.0,0.0,0.0
5.66327,0.0,0.0167294,0.0,0.0
5.66298,0.0,0.0,0.0,0.0
5.66287,0.0,0.0167294,0.0,0.0
5.66374,0.0,0.0,0.0,0.0
5.66328,0.0,0.0,0.0,0.0
5.6637,0.0,0.0,0.0,0.0
5.66404,0.0,0.0167294,0.0,0.0
5.66364,0.0,0.0,0.0,0.0
5.66389,0.0,0.0167294,0.0,0.0
5.66403,0.0,0.0167294,0.0,0.0
5.66416,0.0,0.0167294,0.0,0.0
5.66344,0.0,0.0,0.0,0.0
5.66336,0.0,0.0,0.0,0.0
5.66318,0.0,0.0,0.0,0.0
5.66399,0.0,0.0167294,0.0,0.0
5.66402,0.0,0.0,0.0,0.0
5.66304,0.0,0.0,0.0,0.0
5.66346,0.0,0.0167294,0.0,0.0
5.66419,0.0,0.0167294,0.0,0.0
5.66395,0.0,0.0,0.0,0.0
5.66333,0.0,0.0334588,0.0,0.0
5.66374,0.0,0.0167294,0.0,0.0
5.66359,0.0,0.0167294,0.0,0.0
5.66428,0.0,0.0,0.0,0.0
5.66435,0.0,0.0167294,0.0,0.0
5.66443,0.0,0.0,0.0,0.0
5.66446,0.0,0.0334588,0.0,0.0
5.66443,0.0,0.0167294,0.0,0.0
5.6631,0.0,0.0,0.0,0.0
5.66254,0.0,0.0167294,0.0,0.0
5.66418,0.0,0.0,0.0,0.0
5.66436,0.0,0.0334588,0.0,0.0
5.66376,0.0,0.0334588,0.0,0.0
5.66439,0.0,0.0,0.0,0.0
5.66362,0.0,0.0334588,0.0,0.0
5.66397,0.0,0.0501882,0.0,0.0
5.66451,0.0,0.0167294,0.0,0.0
5.66383,0.0,0.0,0.0,0.0
5.66358,0.0,0.0,0.0,0.0
5.66399,0.0,0.0167294,0.0,0.0
5.66347,0.0,0.0,0.0,0.0
5.6627,0.0,0.0,0.0,0.0
5.66351,0.0,0.0334588,0.0,0.0
5.66334,0.0,0.0167294,0.0,0.0
5.66282,0.0,0.0,0.0,0.0
5.66368,0.0,0.0167294,0.0,0.0
5.66317,0.0,0.0167294,0.0,0.0
5.66259,0.0,0.0334588,0.0,0.0
5.6631,0.0,0.0501882,0.0,0.0
5.66429,0.0,0.0167294,0.0,0.0
5.66332,0.0,0.0,0.0,0.0
5.66249,0.0,0.0167294,0.0,0.0
5.66371,0.0,0.0334588,0.0,0.0
5.66337,0.0,0.0,0.0,0.0
5.66346,0.0,0.0,0.0,0.0
5.6641,0.0,0.0334588,0.0,0.0
5.66369,0.0,0.0,0.0,0.0
5.66368,0.0,0.0334588,0.0,0.0
5.66397,0.0,0.0167294,0.0,0.0
5.66408,0.0,0.0167294,0.0,0.0
5.66371,0.0,0.0,0.0,0.0
5.66324,0.0,0.0,0.0,0.0
5.66372,0.0,0.0,0.0,0.0
5.66441,0.0,0.0167294,0.0,0.0
5.66381,0.0,0.0,0.0,0.0
5.66341,0.0,0.0167294,0.0,0.0
5.66428,0.0,0.0,0.0,0.0
5.66353,0.0,0.0,0.0,0.0
5.66295,0.0,0.0,0.0,0.0
5.66331,0.0,0.0,0.0,0.0
5.66264,0.0,0.0,0.0,0.0
5.66224,0.0,0.0,0.0,0.0
5.66354,0.0,0.0167294,0.0,0.0
5.66334,0.0,0.0334588,0.0,0.0
5.66339,0.0,0.0167294,0.0,0.0
5.66407,0.0,0.0334588,0.0,0.0
5.6636,0.0,0.0,0.0,0.0
5.663,0.0,0.0167294,0.0,0.0
5.66325,0.0,0.0501882,0.0,0.0
5.66399,0.0,0.0,0.0,0.0
5.66444,0.0,0.0167294,0.0,0.0
5.66347,0.0,0.0167294,0.0,0.0
5.66323,0.0,0.0,0.0,0.0
5.66353,0.0,0.0334588,0.0,0.0
5.66424,0.0,0.0334588,0.0,0.0
5.66408,0.0,0.0,0.0,0.0
5.66328,0.0,0.0167294,0.0,0.0
5.66327,0.0,0.0,0.0,0.0
5.66363,0.0,0.0,0.0,0.0
5.66408,0.0,0.0,0.0,0.0
5.66342,0.0,0.0167294,0.0,0.0
5.66308,0.0,0.0,0.0,0.0
5.66356,0.0,0.0167294,0.0,0.0
5.66406,0.0,0.0167294,0.0,0.0
5.66366,0.0,0.0167294,0.0,0.0
5.66441,0.0,0.0,0.0,0.0
5.6647,0.0,0.0,0.0,0.0
5.66396,0.0,0.0167294,0.0,0.0
5.66291,0.0,0.0167294,0.0,0.0
5.66322,0.0,0.0167294,0.0,0.0
5.66445,0.0,0.0,0.0,0.0
5.66403,0.0,0.0,0.0,0.0
5.66272,0.0,0.0,0.0,0.0
5.66243,0.0,0.0,0.0,0.0
5.66356,0.0,0.0,0.0,0.0
5.66303,0.0,0.0167294,0.0,0.0
5.66368,0.0,0.0334588,0.0,0.0
5.66424,0.0,0.0,0.0,0.0
5.66382,0.0,0.0,0.0,0.0
5.66381,0.0,0.0167294,0.0,0.0
5.66464,0.0,0.0,0.0,0.0
5.66347,0.0,0.0,0.0,0.0
5.66316,0.0,0.0,0.0,0.0
5.66413,0.0,0.0,0.0,0.0
5.66398,0.0,0.0167294,0.0,0.0
5.66446,0.0,0.0,0.0,0.0
5.66351,0.0,0.0167294,0.0,0.0
5.66389,0.0,0.0,0.0,0.0
5.66425,0.0,0.0167294,0.0,0.0
5.66393,0.0,0.0,0.0,0.0
5.6638,0.0,0.0167294,0.0,0.0
5.66401,0.0,0.0334588,0.0,0.0
5.66324,0.0,0.0167294,0.0,0.0
5.66357,0.0,0.0,0.0,0.0
5.66367,0.0,0.0167294,0.0,0.0
5.66358,0.0,0.0167294,0.0,0.0
5.66387,0.0,0.0,0.0,0.0
5.66315,0.0,0.0167294,0.0,0.0
5.66372,0.0,0.0,0.0,0.0
5.66333,0.0,0.0167294,0.0,0.0
5.66353,0.0,0.0167294,0.0,0.0
5.66368,0.0,0.0167294,0.0,0.0
5.66369,0.0,0.0167294,0.0,0.0
5.66402,0.0,0.0,0.0,0.0
5.66422,0.0,0.0501882,0.0,0.0
5.6633,0.0,0.0167294,0.0,0.0
5.66258,0.0,0.0167294,0.0,0.0
5.66341,0.0,0.0,0.0,0.0
5.66382,0.0,0.0,0.0,0.0
5.66339,0.0,0.0167294,0.0,0.0
5.66262,0.0,0.0,0.0,0.0
5.66357,0.0,0.0,0.0,0.0
5.66277,0.0,0.0,0.0,0.0
5.66327,0.0,0.0334588,0.0,0.0
5.66407,0.0,0.0334588,0.0,0.0
5.66368,0.0,0.0167294,0.0,0.0
5.6639,0.0,0.0334588,0.0,0.0
5.66453,0.0,0.0167294,0.0,0.0
5.66347,0.0,0.0167294,0.0,0.0
5.66412,0.0,0.0167294,0.0,0.0
5.66408,0.0,0.0167294,0.0,0.0
5.66411,0.0,0.0,0.0,0.0
5.6634,0.0,0.0167294,0.0,0.0
5.66284,0.0,0.0167294,0.0,0.0
5.66418,0.0,0.0,0.0,0.0
5.66417,0.0,0.0334588,0.0,0.0
5.66347,0.0,0.0334588,0.0,0.0
5.66385,0.0,0.0167294,0.0,0.0
5.66414,0.0,0.0,0.0,0.0
5.66284,0.0,0.0,0.0,0.0
5.6639,0.0,0.0,0.0,0.0
5.66405,0.0,0.0,0.0,0.0
5.66359,0.0,0.0334588,0.0,0.0
5.66415,0.0,0.0,0.0,0.0
5.66367,0.0,0.0167294,0.0,0.0
5.66338,0.0,0.0,0.0,0.0
5.66394,0.0,0.0167294,0.0,0.0
5.66438,0.0,0.0167294,0.0,0.0
5.66415,0.0,0.0,0.0,0.0
5.66384,0.0,0.0,0.0,0.0
5.66389,0.0,0.0167294,0.0,0.0
5.66369,0.0,0.0167294,0.0,0.0
5.66289,0.0,0.0167294,0.0,0.0
5.66308,0.0,0.0501882,0.0,0.0
5.66371,0.0,0.0,0.0,0.0
5.66455,0.0,0.0167294,0.0,0.0
5.66387,0.0,0.0334588,0.0,0.0
5.66394,0.0,0.0167294,0.0,0.0
5.66406,0.0,0.0167294,0.0,0.0
5.66442,0.0,0.0501882,0.0,0.0
5.66355,0.0,0.0334588,0.0,0.0
5.66448,0.0,0.0334588,0.0,0.0
5.66431,0.0,0.0,0.0,0.0
5.66381,0.0,0.0334588,0.0,0.0
5.66349,0.0,0.0,0.0,0.0
5.66427,0.0,0.0167294,0.0,0.0
5.66353,0.0,0.0167294,0.0,0.0
5.6637,0.0,0.0501882,0.0,0.0
5.66449,0.0,0.0167294,0.0,0.0
5.66469,0.0,0.0334588,0.0,0.0
5.66389,0.0,0.0334588,0.0,0.0
5.66372,0.0,0.0167294,0.0,0.0
5.66379,0.0,0.0167294,0.0,0.0
5.66407,0.0,0.0,0.0,0.0
5.66335,0.0,0.0,0.0,0.0
5.66405,0.0,0.0167294,0.0,0.0
5.66467,0.0,0.0167294,0.0,0.0
5.66348,0.0,0.0167294,0.0,0.0
5.66331,0.0,0.0167294,0.0,0.0
5.66346,0.0,0.0,0.0,0.0
5.66341,0.0,0.0,0.0,0.0
5.66307,0.0,0.0334588,0.0,0.0
5.66424,0.0,0.0334588,0.0,0.0
5.66408,0.0,0.0501882,0.0,0.0
5.66328,0.0,0.0167294,0.0,0.0
5.66451,0.0,0.0167294,0.0,0.0
5.66456,0.0,0.0334588,0.0,0.0
5.6641,0.0,0.0501882,0.0,0.0
5.66441,0.0,0.0334588,0.0,0.0
5.66401,0.0,0.0,0.0,0.0
5.66383,0.0,0.0167294,0.0,0.0
5.6634,0.0,0.0334588,0.0,0.0
5.6637,0.0,0.0,0.0,0.0
5.66431,0.0,0.0167294,0.0,0.0
5.66285,0.0,0.0,0.0,0.0
5.66203,0.0,0.0334588,0.0,0.0
5.66348,0.0,0.0,0.0,0.0
5.66394,0.0,0.0167294,0.0,0.0
5.66336,0.0,0.0,0.0,0.0
5.66397,0.0,0.0,0.0,0.0
5.6635,0.0,0.0,0.0,0.0
5.66334,0.0,0.0,0.0,0.0
5.66282,0.0,0.0,0.0,0.0
5.66264,0.0,0.0,0.0,0.0
5.66409,0.0,0.0,0.0,0.0
5.66374,0.0,0.0334588,0.0,0.0
5.66336,0.0,0.0167294,0.0,0.0
5.66401,0.0,0.0334588,0.0,0.0
5.66479,0.0,0.0,0.0,0.0
5.66488,0.0,0.0334588,0.0,0.0
5.66413,0.0,0.0167294,0.0,0.0
5.6635,0.0,0.0334588,0.0,0.0
5.66344,0.0,0.0,0.0,0.0
5.66346,0.0,0.0,0.0,0.0
5.66328,0.0,0.0167294,0.0,0.0
5.66331,0.0,0.0,0.0,0.0
5.66403,0.0,0.0167294,0.0,0.0
5.66401,0.0,0.0,0.0,0.0
5.6637,0.0,0.0167294,0.0,0.0
5.66385,0.0,0.0167294,0.0,0.0
5.66355,0.0,0.0,0.0,0.0
5.66404,0.0,0.0501882,0.0,0.0
5.66356,0.0,0.0334588,0.0,0.0
5.66345,0.0,0.0,0.0,0.0
5.66358,0.0,0.0167294,0.0,0.0
5.66404,0.0,0.0,0.0,0.0
5.66397,0.0,0.0167294,0.0,0.0
5.66368,0.0,0.0,0.0,0.0
5.66333,0.0,0.0167294,0.0,0.0
5.66421,0.0,0.0,0.0,0.0
5.66335,0.0,0.0,0.0,0.0
5.6631,0.0,0.0,0.0,0.0
5.66299,0.0,0.0,0.0,0.0
5.66348,0.0,0.0167294,0.0,0.0
5.66382,0.0,0.0,0.0,0.0
5.66426,0.0,0.0,0.0,0.0
5.66379,0.0,0.0167294,0.0,0.0
5.66291,0.0,0.0,0.0,0.0
5.66412,0.0,0.0167294,0.0,0.0
5.66362,0.0,0.0167294,0.0,0.0
5.66385,0.0,0.0501882,0.0,0.0
5.66373,0.0,0.0,0.0,0.0
5.66337,0.0,0.0167294,0.0,0.0
5.66349,0.0,0.0167294,0.0,0.0
5.66314,0.0,0.0,0.0,0.0
5.66334,0.0,0.0669176,0.0,0.0
5.66364,0.0,0.0,0.0,0.0
5.66386,0.0,0.0,0.0,0.0
5.66443,0.0,0.0,0.0,0.0
5.66377,0.0,0.0167294,0.0,0.0
5.66476,0.0,0.0,0.0,0.0
5.66434,0.0,0.0501882,0.0,0.0
5.6636,0.0,0.0167294,0.0,0.0
5.66369,0.0,0.0167294,0.0,0.0
5.66369,0.0,0.0,0.0,0.0
5.66375,0.0,0.0334588,0.0,0.0
5.66446,0.0,0.0334588,0.0,0.0
5.66429,0.0,0.0,0.0,0.0
5.66391,0.0,0.0,0.0,0.0
5.6635,0.0,0.0334588,0.0,0.0
5.66402,0.0,0.0167294,0.0,0.0
5.66448,0.0,0.0167294,0.0,0.0
5.66424,0.0,0.0,0.0,0.0
5.66318,0.0,0.0,0.0,0.0
5.66351,0.0,0.0,0.0,0.0
5.66383,0.0,0.0,0.0,0.0
5.66329,0.0,0.0,0.0,0.0
5.66401,0.0,0.0334588,0.0,0.0
5.66405,0.0,0.0,0.0,0.0
5.66361,0.0,0.0167294,0.0,0.0
5.6636,0.0,0.0334588,0.0,0.0
5.66318,0.0,0.0167294,0.0,0.0
5.66402,0.0,0.0,0.0,0.0
5.66392,0.0,0.0167294,0.0,0.0
5.6634,0.0,0.0,0.0,0.0
5.66435,0.0,0.0,0.0,0.0
5.66421,0.0,0.0,0.0,0.0
5.66319,0.0,0.0,0.0,0.0
5.66361,0.0,0.0167294,0.0,0.0
5.6637,0.0,0.0,0.0,0.0
5.66398,0.0,0.0167294,0.0,0.0
5.66383,0.0,0.0167294,0.0,0.0
5.66395,0.0,0.0334588,0.0,0.0
5.66385,0.0,0.0334588,0.0,0.0
5.66328,0.0,0.0334588,0.0,0.0
5.66292,0.0,0.0,0.0,0.0
5.66398,0.0,0.0334588,0.0,0.0
5.66419,0.0,0.0334588,0.0,0.0
5.66448,0.0,0.0334588,0.0,0.0
5.66385,0.0,0.0167294,0.0,0.0
5.66325,0.0,0.0334588,0.0,0.0
5.66439,0.0,0.0669176,0.0,0.0
5.66436,0.0,0.0167294,0.0,0.0
5.66313,0.0,0.0,0.0,0.0
5.66364,0.0,0.0,0.0,0.0
5.66345,0.0,0.0,0.0,0.0
5.66278,0.0,0.0167294,0.0,0.0
5.66381,0.0,0.0167294,0.0,0.0
5.66433,0.0,0.0167294,0.0,0.0
5.66374,0.0,0.0,0.0,0.0
5.66398,0.0,0.0,0.0,0.0
5.66474,0.0,0.0167294,0.0,0.0
5.6643,0.0,0.0167294,0.0,0.0
5.6643,0.0,0.0,0.0,0.0
5.66366,0.0,0.0167294,0.0,0.0
5.66311,0.0,0.0167294,0.0,0.0
5.66409,0.0,0.0,0.0,0.0
5.66381,0.0,0.0669176,0.0,0.0
5.6637,0.0,0.0,0.0,0.0
5.66406,0.0,0.0,0.0,0.0
5.66448,0.0,0.0501882,0.0,0.0
5.66415,0.0,0.0,0.0,0.0
5.6631,0.0,0.0,0.0,0.0
5.6635,0.0,0.0,0.0,0.0
5.66305,0.0,0.0,0.0,0.0
5.66376,0.0,0.0334588,0.0,0.0
5.66472,0.0,0.0167294,0.0,0.0
5.66428,0.0,0.0334588,0.0,0.0
5.66435,0.0,0.0167294,0.0,0.0
5.6635,0.0,0.0,0.0,0.0
5.66312,0.0,0.0,0.0,0.0
5.66302,0.0,0.0,0.0,0.0
5.66316,0.0,0.0167294,0.0,0.0
5.66297,0.0,0.0,0.0,0.0
5.66463,0.0,0.0501882,0.0,0.0
5.66371,0.0,0.0,0.0,0.0
5.66266,0.0,0.0,0.0,0.0
5.66375,0.0,0.0167294,0.0,0.0
5.66321,0.0,0.0,0.0,0.0
5.66281,0.0,0.0167294,0.0,0.0
5.66383,0.0,0.0,0.0,0.0
5.66316,0.0,0.0,0.0,0.0
5.66282,0.0,0.0,0.0,0.0
5.66336,0.0,0.0,0.0,0.0
5.66361,0.0,0.0,0.0,0.0
5.66346,0.0,0.0,0.0,0.0
5.66428,0.0,0.0334588,0.0,0.0
5.66483,0.0,0.0167294,0.0,0.0
5.66436,0.0,0.0167294,0.0,0.0
5.66427,0.0,0.0167294,0.0,0.0
5.66391,0.0,0.0334588,0.0,0.0
5.66414,0.0,0.0167294,0.0,0.0
5.66402,0.0,0.0167294,0.0,0.0
5.66351,0.0,0.0167294,0.0,0.0
5.66386,0.0,0.0334588,0.0,0.0
5.66375,0.0,0.0,0.0,0.0
5.66357,0.0,0.0167294,0.0,0.0
5.66294,0.0,0.0,0.0,0.0
5.6639,0.0,0.0501882,0.0,0.0
5.66363,0.0,0.0,0.0,0.0
5.6636,0.0,0.0167294,0.0,0.0
5.66348,0.0,0.0,0.0,0.0
5.66315,0.0,0.0,0.0,0.0
5.66321,0.0,0.0,0.0,0.0
5.66343,0.0,0.0167294,0.0,0.0
5.66348,0.0,0.0167294,0.0,0.0
5.66434,0.0,0.0167294,0.0,0.0
5.66359,0.0,0.0,0.0,0.0
5.66304,0.0,0.0,0.0,0.0
5.66427,0.0,0.0501882,0.0,0.0
5.66406,0.0,0.0,0.0,0.0
5.66368,0.0,0.0167294,0.0,0.0
5.66368,0.0,0.0167294,0.0,0.0
5.66323,0.0,0.0,0.0,0.0
5.66458,0.0,0.0,0.0,0.0
5.66417,0.0,0.0167294,0.0,0.0
5.66281,0.0,0.0,0.0,0.0
5.66301,0.0,0.0167294,0.0,0.0
5.6636,0.0,0.0,0.0,0.0
5.66351,0.0,0.0334588,0.0,0.0
5.66334,0.0,0.0,0.0,0.0
5.66438,0.0,0.0,0.0,0.0
5.66398,0.0,0.0,0.0,0.0
5.66341,0.0,0.0334588,0.0,0.0
5.66369,0.0,0.0,0.0,0.0
5.66429,0.0,0.083647,0.0,0.0
5.66489,0.0,0.0,0.0,0.0
5.66541,0.0,0.0167294,0.0,0.0
5.66358,0.0,0.0,0.0,0.0
5.66389,0.0,0.0167294,0.0,0.0
5.66431,0.0,0.0167294,0.0,0.0
5.66387,0.0,0.0,0.0,0.0
5.66371,0.0,0.0167294,0.0,0.0
5.66413,0.0,0.0167294,0.0,0.0
5.66361,0.0,0.0167294,0.0,0.0
5.66465,0.0,0.0334588,0.0,0.0
5.66479,0.0,0.0501882,0.0,0.0
5.66464,0.0,0.0,0.0,0.0
5.66505,0.0,0.0167294,0.0,0.0
5.66391,0.0,0.0334588,0.0,0.0
5.6641,0.0,0.0,0.0,0.0
5.66423,0.0,0.0167294,0.0,0.0
5.66332,0.0,0.0167294,0.0,0.0
5.66294,0.0,0.0167294,0.0,0.0
5.66383,0.0,0.0,0.0,0.0
5.66343,0.0,0.0167294,0.0,0.0
5.66288,0.0,0.0167294,0.0,0.0
5.66403,0.0,0.0167294,0.0,0.0
5.66261,0.0,0.0167294,0.0,0.0
5.66263,0.0,0.0167294,0.0,0.0
5.66341,0.0,0.0167294,0.0,0.0
5.66285,0.0,0.0,0.0,0.0
5.66307,0.0,0.0,0.0,0.0
5.66337,0.0,0.0,0.0,0.0
5.66442,0.0,0.0167294,0.0,0.0
5.6639,0.0,0.0167294,0.0,0.0
5.66403,0.0,0.0,0.0,0.0
5.66449,0.0,0.0501882,0.0,0.0
5.66379,0.0,0.0167294,0.0,0.0
5.66308,0.0,0.0,0.0,0.0
5.66314,0.0,0.0167294,0.0,0.0
5.66393,0.0,0.0167294,0.0,0.0
5.66418,0.0,0.0167294,0.0,0.0
5.66291,0.0,0.0,0.0,0.0
5.66393,0.0,0.0167294,0.0,0.0
5.66388,0.0,0.0167294,0.0,0.0
5.66387,0.0,0.0167294,0.0,0.0
5.6645,0.0,0.0,0.0,0.0
5.66333,0.0,0.0,0.0,0.0
5.66348,0.0,0.0167294,0.0,0.0
5.6636,0.0,0.0,0.0,0.0
5.66255,0.0,0.0,0.0,0.0
5.66352,0.0,0.0,0.0,0.0
5.66419,0.0,0.0167294,0.0,0.0
5.66318,0.0,0.0,0.0,0.0
5.66321,0.0,0.0,0.0,0.0
5.6634,0.0,0.0167294,0.0,0.0
5.66324,0.0,0.0167294,0.0,0.0
5.66354,0.0,0.0167294,0.0,0.0
5.66346,0.0,0.0501882,0.0,0.0
5.66377,0.0,0.0,0.0,0.0
5.66414,0.0,0.0,0.0,0.0
5.66332,0.0,0.0,0.0,0.0
5.66392,0.0,0.0167294,0.0,0.0
5.66536,0.0,0.0167294,0.0,0.0
5.66482,0.0,0.0,0.0,0.0
5.66389,0.0,0.0,0.0,0.0
5.66451,0.0,0.0,0.0,0.0
5.66442,0.0,0.0334588,0.0,0.0
5.66507,0.0,0.0,0.0,0.0
5.6645,0.0,0.0,0.0,0.0
5.66414,0.0,0.0,0.0,0.0
5.66326,0.0,0.0334588,0.0,0.0
5.66247,0.0,0.0,0.0,0.0
5.66261,0.0,0.0,0.0,0.0
5.66342,0.0,0.0334588,0.0,0.0
5.66284,0.0,0.0167294,0.0,0.0
5.6622,0.0,0.0167294,0.0,0.0
5.66306,0.0,0.0334588,0.0,0.0
5.66296,0.0,0.0,0.0,0.0
5.66297,0.0,0.0,0.0,0.0
5.66241,0.0,0.0,0.0,0.0
5.66369,0.0,0.0,0.0,0.0
5.66446,0.0,0.0334588,0.0,0.0
5.66414,0.0,0.0334588,0.0,0.0
5.66346,0.0,0.0167294,0.0,0.0
5.66388,0.0,0.0167294,0.0,0.0
5.66361,0.0,0.0167294,0.0,0.0
5.66373,0.0,0.0,0.0,0.0
5.66417,0.0,0.0167294,0.0,0.0
5.66354,0.0,0.0,0.0,0.0
5.66291,0.0,0.0167294,0.0,0.0
5.6637,0.0,0.0167294,0.0,0.0
5.66391,0.0,0.0167294,0.0,0.0
5.66293,0.0,0.0167294,0.0,0.0
5.66289,0.0,0.0334588,0.0,0.0
5.66423,0.0,0.0334588,0.0,0.0
5.66449,0.0,0.0,0.0,0.0
5.66342,0.0,0.0334588,0.0,0.0
5.66367,0.0,0.0167294,0.0,0.0
5.66352,0.0,0.0,0.0,0.0
5.66388,0.0,0.0501882,0.0,0.0
5.66417,0.0,0.0,0.0,0.0
5.66376,0.0,0.0167294,0.0,0.0
5.66336,0.0,0.0167294,0.0,0.0
5.66347,0.0,0.0,0.0,0.0
5.66382,0.0,0.0,0.0,0.0
5.66437,0.0,0.0167294,0.0,0.0
5.66344,0.0,0.0501882,0.0,0.0
5.66324,0.0,0.0,0.0,0.0
5.66411,0.0,0.0167294,0.0,0.0
5.6632,0.0,0.0,0.0,0.0
5.66296,0.0,0.0167294,0.0,0.0
5.66367,0.0,0.0,0.0,0.0
5.66331,0.0,0.0,0.0,0.0
5.66305,0.0,0.0,0.0,0.0
5.66375,0.0,0.0,0.0,0.0
5.66304,0.0,0.0334588,0.0,0.0
