analog,analog_sterr,photon_counting,pc_sterr,overflow_info
5.66357,0.000540434,0.0,0.0,0.0
5.66292,0.000549933,0.0,0.0,0.0
5.66197,0.000536009,0.0166945,0.0167154,0.0
5.66218,0.000537571,0.0166945,0.0167154,0.0
5.66277,0.000527486,0.0166945,0.0167154,0.0
5.66241,0.0005364,0.0166945,0.0167154,0.0
5.6632,0.000535294,0.0,0.0,0.0
5.66265,0.000545053,0.0166945,0.0167154,0.0
5.6624,0.000550844,0.0,0.0,0.0
5.66326,0.000550584,0.0166945,0.0167154,0.0
5.66319,0.000542516,0.0,0.0,0.0
5.6632,0.000552536,0.0166945,0.0167154,0.0
5.66404,0.000545769,0.0166945,0.0167154,0.0
5.66393,0.000553642,0.0166945,0.0167154,0.0
5.66382,0.000553447,0.0,0.0,0.0
5.66435,0.000543362,0.0166945,0.0167154,0.0
5.66382,0.00053139,0.0,0.0,0.0
5.66344,0.000548957,0.0166945,0.0167154,0.0
5.66281,0.000551039,0.0166945,0.0167154,0.0
5.66373,0.000545249,0.0,0.0,0.0
5.66326,0.000550974,0.0,0.0,0.0
5.66287,0.000540564,0.0,0.0,0.0
5.66333,0.000545444,0.0,0.0,0.0
5.66258,0.000555464,0.0166945,0.0167154,0.0
5.66233,0.000551365,0.0,0.0,0.0
5.6629,0.00055208,0.0,0.0,0.0
5.66283,0.000542451,0.0,0.0,0.0
5.66278,0.000538352,0.0166945,0.0167154,0.0
5.66264,0.000537961,0.0166945,0.0167154,0.0
5.66259,0.000544663,0.0,0.0,0.0
5.662,0.000542711,0.0,0.0,0.0
5.66247,0.000540694,0.0,0.0,0.0
5.66174,0.000539197,0.0,0.0,0.0
5.66281,0.000547201,0.033389,0.023538,0.0
5.66357,0.000542646,0.0,0.0,0.0
5.66314,0.000545769,0.0,0.0,0.0
5.66285,0.000547981,0.0166945,0.0167154,0.0
5.66374,0.000558587,0.0166945,0.0167154,0.0
5.6635,0.000554293,0.0,0.0,0.0
5.66266,0.000530804,0.0,0.0,0.0
5.6634,0.000533992,0.0166945,0.0167154,0.0
5.66333,0.00054655,0.0166945,0.0167154,0.0
5.66336,0.00054154,0.0,0.0,0.0
5.66281,0.000548372,0.0,0.0,0.0
5.66318,0.000544142,0.0,0.0,0.0
5.66329,0.00054206,0.0,0.0,0.0
5.66363,0.000557611,0.033389,0.023538,0.0
5.66337,0.000540173,0.0,0.0,0.0
5.66309,0.000542125,0.0166945,0.0167154,0.0
5.66268,0.00054141,0.0,0.0,0.0
5.66285,0.000541084,0.0,0.0,0.0
5.66315,0.00053139,0.0,0.0,0.0
5.66261,0.000558066,0.0166945,0.0167154,0.0
5.66248,0.000553772,0.0,0.0,0.0
5.66262,0.000542125,0.0,0.0,0.0
5.66252,0.000545964,0.0,0.0,0.0
5.66216,0.000549933,0.033389,0.023538,0.0
5.66256,0.000552471,0.0,0.0,0.0
5.66349,0.000551104,0.0,0.0,0.0
5.66307,0.000545574,0.0,0.0,0.0
5.66272,0.000537376,0.0,0.0,0.0
5.66353,0.000548632,0.0,0.0,0.0
5.66356,0.000527811,0.0166945,0.0167154,0.0
5.66333,0.000555334,0.0,0.0,0.0
5.66337,0.000539653,0.0,0.0,0.0
5.66395,0.000538807,0.0166945,0.0167154,0.0
5.66377,0.000553382,0.0166945,0.0167154,0.0
5.66309,0.000550909,0.0,0.0,0.0
5.66347,0.000552601,0.0166945,0.0167154,0.0
5.66393,0.000547526,0.033389,0.023538,0.0
5.66352,0.000554878,0.0166945,0.0167154,0.0
5.66335,0.000534122,0.0166945,0.0167154,0.0
5.6637,0.000544988,0.0,0.0,0.0
5.66326,0.000537441,0.0166945,0.0167154,0.0
5.66302,0.000523517,0.0,0.0,0.0
5.66268,0.000533992,0.0,0.0,0.0
5.66397,0.000534838,0.0,0.0,0.0
5.66292,0.000528852,0.0,0.0,0.0
5.66222,0.000527551,0.0,0.0,0.0
5.66342,0.000538872,0.0,0.0,0.0
5.66355,0.000523582,0.0,0.0,0.0
5.66342,0.000540239,0.0,0.0,0.0
5.66336,0.000549543,0.0,0.0,0.0
5.66353,0.000547005,0.0166945,0.0167154,0.0
5.6645,0.000543687,0.0166945,0.0167154,0.0
5.66357,0.000534513,0.0,0.0,0.0
5.66394,0.000554423,0.0166945,0.0167154,0.0
5.66359,0.000543362,0.033389,0.023538,0.0
5.6631,0.000547135,0.0166945,0.0167154,0.0
5.66342,0.000534057,0.0166945,0.0167154,0.0
5.66376,0.000530609,0.0,0.0,0.0
5.66253,0.000531455,0.0,0.0,0.0
5.66285,0.000545379,0.0166945,0.0167154,0.0
5.66285,0.000564443,0.0,0.0,0.0
5.66322,0.000544403,0.0166945,0.0167154,0.0
5.66234,0.000548502,0.0,0.0,0.0
5.66274,0.000542841,0.0166945,0.0167154,0.0
5.66286,0.000521044,0.0,0.0,0.0
5.66269,0.000536855,0.0,0.0,0.0
5.66286,0.000543947,0.0,0.0,0.0
5.66256,0.000553382,0.0,0.0,0.0
5.66248,0.000546875,0.0,0.0,0.0
5.66204,0.00054681,0.0,0.0,0.0
5.66249,0.000537376,0.0,0.0,0.0
5.66208,0.000535554,0.0,0.0,0.0
5.66304,0.000547396,0.0,0.0,0.0
5.66379,0.000545314,0.0,0.0,0.0
5.66362,0.000569323,0.033389,0.023538,0.0
5.66307,0.000528136,0.0166945,0.0167154,0.0
5.66292,0.000539197,0.0,0.0,0.0
5.66321,0.000546029,0.0,0.0,0.0
5.66342,0.000539653,0.0,0.0,0.0
5.6631,0.000545249,0.0,0.0,0.0
5.66389,0.000538612,0.0,0.0,0.0
5.66372,0.000538872,0.0166945,0.0167154,0.0
5.66335,0.000548111,0.0166945,0.0167154,0.0
5.66392,0.000539002,0.0,0.0,0.0
5.66321,0.0005364,0.0166945,0.0167154,0.0
5.66173,0.000526965,0.0,0.0,0.0
5.66237,0.000540954,0.0,0.0,0.0
5.66332,0.000549087,0.0166945,0.0167154,0.0
5.66337,0.000545444,0.0166945,0.0167154,0.0
5.66247,0.000537636,0.0,0.0,0.0
5.66325,0.000554293,0.0166945,0.0167154,0.0
5.66312,0.000534708,0.0,0.0,0.0
5.66213,0.000553187,0.0,0.0,0.0
5.66248,0.0005513,0.0166945,0.0167154,0.0
5.66262,0.000550974,0.0166945,0.0167154,0.0
5.66326,0.00053692,0.0,0.0,0.0
5.66207,0.000549673,0.033389,0.023538,0.0
5.66205,0.000542906,0.0166945,0.0167154,0.0
5.66296,0.000547331,0.0,0.0,0.0
5.66267,0.000519938,0.0,0.0,0.0
5.6632,0.000529958,0.0,0.0,0.0
5.66326,0.000546875,0.0,0.0,0.0
5.66283,0.000539458,0.0,0.0,0.0
5.66268,0.000534708,0.0,0.0,0.0
5.66386,0.000541084,0.0,0.0,0.0
5.66344,0.000536074,0.0,0.0,0.0
5.66285,0.000536009,0.0166945,0.0167154,0.0
5.66286,0.00054694,0.0166945,0.0167154,0.0
5.66242,0.000545444,0.0,0.0,0.0
5.66256,0.00055683,0.0166945,0.0167154,0.0
5.66309,0.000543947,0.0166945,0.0167154,0.0
5.66329,0.000543882,0.0,0.0,0.0
5.66271,0.000555529,0.0,0.0,0.0
5.66314,0.00055143,0.0500835,0.0289961,0.0
5.66319,0.000543101,0.0166945,0.0167154,0.0
5.6635,0.000532756,0.0,0.0,0.0
5.66337,0.000540824,0.0,0.0,0.0
5.66363,0.000544988,0.0,0.0,0.0
5.66341,0.00055169,0.0,0.0,0.0
5.66264,0.000539002,0.0,0.0,0.0
5.6631,0.000551625,0.0,0.0,0.0
5.66338,0.000547526,0.0,0.0,0.0
5.66397,0.000533537,0.0,0.0,0.0
5.6635,0.000538612,0.0166945,0.0167154,0.0
5.66297,0.000540629,0.0,0.0,0.0
5.66324,0.000547135,0.0166945,0.0167154,0.0
5.6632,0.000543687,0.0166945,0.0167154,0.0
5.66356,0.000549413,0.0166945,0.0167154,0.0
5.66373,0.000550909,0.0,0.0,0.0
5.66331,0.000547786,0.0166945,0.0167154,0.0
5.66417,0.000550259,0.0166945,0.0167154,0.0
5.66367,0.000536335,0.0,0.0,0.0
5.66242,0.00054154,0.0,0.0,0.0
5.66314,0.000534318,0.0,0.0,0.0
5.66339,0.0005513,0.0,0.0,0.0
5.66313,0.000542776,0.0,0.0,0.0
5.66281,0.000547461,0.0166945,0.0167154,0.0
5.66309,0.000537311,0.0,0.0,0.0
5.66311,0.000529503,0.0,0.0,0.0
5.66317,0.000529958,0.0,0.0,0.0
5.6637,0.000544858,0.0,0.0,0.0
5.66315,0.00055117,0.0166945,0.0167154,0.0
5.66224,0.000528136,0.0,0.0,0.0
5.66288,0.000520459,0.0166945,0.0167154,0.0
5.66246,0.000533146,0.0,0.0,0.0
5.66337,0.00054141,0.0166945,0.0167154,0.0
5.66241,0.000543882,0.0,0.0,0.0
5.66209,0.000541735,0.0,0.0,0.0
5.66272,0.000545444,0.0,0.0,0.0
5.66296,0.000541475,0.0,0.0,0.0
5.66369,0.000546875,0.0,0.0,0.0
5.66312,0.000545704,0.0,0.0,0.0
5.66309,0.000546029,0.0,0.0,0.0
5.66388,0.000557676,0.0,0.0,0.0
5.66371,0.000550389,0.0166945,0.0167154,0.0
5.66404,0.000550974,0.033389,0.023538,0.0
5.664,0.000553902,0.033389,0.023538,0.0
5.66396,0.00053705,0.0,0.0,0.0
5.66353,0.000526315,0.0,0.0,0.0
5.66299,0.000529698,0.0166945,0.0167154,0.0
5.66341,0.00053191,0.0166945,0.0167154,0.0
5.66347,0.000536595,0.0166945,0.0167154,0.0
5.66352,0.00053627,0.0,0.0,0.0
5.66318,0.000530869,0.0,0.0,0.0
5.66271,0.000535879,0.0166945,0.0167154,0.0
5.66175,0.000539197,0.0500835,0.0289961,0.0
5.6627,0.00056158,0.0166945,0.0167154,0.0
5.66329,0.000523191,0.0,0.0,0.0
5.66299,0.000535814,0.0166945,0.0167154,0.0
5.66242,0.000544077,0.0,0.0,0.0
5.66165,0.000531455,0.0,0.0,0.0
5.66284,0.000532626,0.0,0.0,0.0
5.66319,0.00054193,0.0,0.0,0.0
5.66238,0.000540694,0.0,0.0,0.0
5.66296,0.00052664,0.0166945,0.0167154,0.0
5.66252,0.000526835,0.0,0.0,0.0
5.66288,0.000536204,0.0,0.0,0.0
5.66361,0.000542776,0.0,0.0,0.0
5.66313,0.000538937,0.0166945,0.0167154,0.0
5.66397,0.000544923,0.0,0.0,0.0
5.66429,0.000527876,0.0166945,0.0167154,0.0
5.6643,0.000550259,0.0166945,0.0167154,0.0
5.66292,0.000533016,0.0,0.0,0.0
5.66306,0.000537701,0.0,0.0,0.0
5.66277,0.000523061,0.0,0.0,0.0
5.66319,0.000543947,0.0,0.0,0.0
5.66291,0.000550779,0.0,0.0,0.0
5.66288,0.000534383,0.0,0.0,0.0
5.66328,0.000536204,0.0166945,0.0167154,0.0
5.66258,0.000549738,0.0166945,0.0167154,0.0
5.66263,0.000564313,0.0166945,0.0167154,0.0
5.66226,0.000541735,0.0166945,0.0167154,0.0
5.66216,0.000549543,0.0,0.0,0.0
5.66223,0.000548437,0.0166945,0.0167154,0.0
5.66285,0.000534838,0.0,0.0,0.0
5.66263,0.000535619,0.0,0.0,0.0
5.66314,0.000553252,0.0,0.0,0.0
5.66262,0.000556049,0.0500835,0.0289961,0.0
5.66344,0.000559303,0.0500835,0.0289961,0.0
5.66327,0.00054219,0.0,0.0,0.0
5.6638,0.000533797,0.0,0.0,0.0
5.66373,0.000541865,0.0,0.0,0.0
5.66343,0.000535944,0.0,0.0,0.0
5.66271,0.000539783,0.0166945,0.0167154,0.0
5.6637,0.000534968,0.0,0.0,0.0
5.66364,0.000542776,0.0,0.0,0.0
5.66364,0.00054128,0.0166945,0.0167154,0.0
5.66363,0.000524232,0.0,0.0,0.0
5.66396,0.00054681,0.0166945,0.0167154,0.0
5.66385,0.000548632,0.0,0.0,0.0
5.66306,0.000539783,0.033389,0.023538,0.0
5.66281,0.000552666,0.0,0.0,0.0
5.66291,0.000555594,0.0,0.0,0.0
5.66291,0.000547786,0.0,0.0,0.0
5.66261,0.00053679,0.0,0.0,0.0
5.66303,0.000540759,0.0,0.0,0.0
5.66352,0.000532431,0.0,0.0,0.0
5.66337,0.000532626,0.0,0.0,0.0
5.66237,0.000548827,0.0,0.0,0.0
5.66271,0.000524883,0.0166945,0.0167154,0.0
5.66301,0.000532431,0.0166945,0.0167154,0.0
5.66304,0.000544273,0.0,0.0,0.0
5.66348,0.000532756,0.0,0.0,0.0
5.66329,0.00054154,0.0166945,0.0167154,0.0
5.66251,0.000535033,0.0,0.0,0.0
5.66327,0.00054655,0.0166945,0.0167154,0.0
5.6637,0.000525469,0.0,0.0,0.0
5.66374,0.000539913,0.033389,0.023538,0.0
5.6632,0.000544338,0.0,0.0,0.0
5.6636,0.000536855,0.0,0.0,0.0
5.66313,0.000539653,0.033389,0.023538,0.0
5.66301,0.00054141,0.0,0.0,0.0
5.66301,0.000542386,0.0166945,0.0167154,0.0
5.66335,0.000539848,0.0,0.0,0.0
5.66299,0.000549803,0.033389,0.023538,0.0
5.66272,0.000562035,0.0,0.0,0.0
5.66322,0.000554228,0.0166945,0.0167154,0.0
5.6635,0.000545834,0.033389,0.023538,0.0
5.66366,0.000539067,0.0,0.0,0.0
5.6625,0.000542581,0.0166945,0.0167154,0.0
5.66226,0.000540564,0.0,0.0,0.0
5.66224,0.000536335,0.0166945,0.0167154,0.0
5.66321,0.000543297,0.0,0.0,0.0
5.66291,0.000539002,0.033389,0.023538,0.0
5.66242,0.000550974,0.0,0.0,0.0
5.66371,0.000524102,0.0500835,0.0289961,0.0
5.66399,0.000532366,0.0,0.0,0.0
5.66291,0.000528201,0.033389,0.023538,0.0
5.66288,0.000554748,0.0,0.0,0.0
5.66406,0.000543232,0.0,0.0,0.0
5.66431,0.000547721,0.0,0.0,0.0
5.66422,0.000542581,0.0,0.0,0.0
5.66367,0.00055182,0.0,0.0,0.0
5.66466,0.000548111,0.0166945,0.0167154,0.0
5.66382,0.00054193,0.0,0.0,0.0
5.66318,0.000550324,0.0,0.0,0.0
5.66335,0.000534187,0.0,0.0,0.0
5.66322,0.000542125,0.033389,0.023538,0.0
5.66393,0.000535554,0.0,0.0,0.0
5.66327,0.000542971,0.0,0.0,0.0
5.66267,0.000539393,0.033389,0.023538,0.0
5.66264,0.00053139,0.033389,0.023538,0.0
5.66158,0.000539002,0.0,0.0,0.0
5.66284,0.000555008,0.0,0.0,0.0
5.66316,0.000547331,0.0166945,0.0167154,0.0
5.66289,0.000532496,0.0,0.0,0.0
5.66173,0.000525078,0.0,0.0,0.0
5.66229,0.000531194,0.0,0.0,0.0
5.66319,0.000528136,0.0166945,0.0167154,0.0
5.66172,0.000529503,0.0,0.0,0.0
5.66206,0.000526315,0.0,0.0,0.0
5.66241,0.000554163,0.0166945,0.0167154,0.0
5.66285,0.000537245,0.0,0.0,0.0
5.66355,0.000559758,0.033389,0.023538,0.0
5.66338,0.000544273,0.0166945,0.0167154,0.0
5.66347,0.000547396,0.033389,0.023538,0.0
5.66369,0.00054141,0.0,0.0,0.0
5.66325,0.000545574,0.0,0.0,0.0
5.66307,0.000540824,0.0,0.0,0.0
5.66407,0.000555724,0.0166945,0.0167154,0.0
5.66384,0.000557481,0.0166945,0.0167154,0.0
5.66337,0.000562296,0.0,0.0,0.0
5.66249,0.000567891,0.0,0.0,0.0
5.66281,0.00054206,0.0,0.0,0.0
5.66294,0.000539783,0.0,0.0,0.0
5.66264,0.000541149,0.0,0.0,0.0
5.66321,0.000547201,0.0,0.0,0.0
5.66355,0.000543687,0.0,0.0,0.0
5.66317,0.000530153,0.0,0.0,0.0
5.6628,0.000528136,0.0,0.0,0.0
5.6631,0.000533797,0.0,0.0,0.0
5.66296,0.000545704,0.0166945,0.0167154,0.0
5.6625,0.000543882,0.0166945,0.0167154,0.0
5.66277,0.000528397,0.0,0.0,0.0
5.66316,0.000549998,0.0,0.0,0.0
5.66384,0.000547266,0.0,0.0,0.0
5.66267,0.000533081,0.0,0.0,0.0
5.66288,0.000540434,0.0166945,0.0167154,0.0
5.66287,0.00054668,0.0166945,0.0167154,0.0
5.66273,0.000532886,0.0,0.0,0.0
5.66221,0.000533602,0.0,0.0,0.0
5.66329,0.000539263,0.0166945,0.0167154,0.0
5.66328,0.000537896,0.0,0.0,0.0
5.66297,0.000532886,0.0,0.0,0.0
5.66223,0.000545509,0.0,0.0,0.0
5.66373,0.000526705,0.0,0.0,0.0
5.66318,0.000527941,0.0,0.0,0.0
5.66328,0.000545639,0.033389,0.023538,0.0
5.66333,0.000544923,0.0166945,0.0167154,0.0
5.66306,0.000554032,0.0500835,0.0289961,0.0
5.66373,0.00054193,0.0166945,0.0167154,0.0
5.66347,0.000530023,0.0166945,0.0167154,0.0
5.6626,0.000541019,0.033389,0.023538,0.0
5.66279,0.00054629,0.0166945,0.0167154,0.0
5.66283,0.000540239,0.0166945,0.0167154,0.0
5.66261,0.000545183,0.0166945,0.0167154,0.0
5.66256,0.00055709,0.0,0.0,0.0
5.66293,0.000540564,0.0166945,0.0167154,0.0
5.66344,0.000551625,0.0,0.0,0.0
5.66206,0.000550779,0.0,0.0,0.0
5.66172,0.000538807,0.0,0.0,0.0
5.66341,0.000537636,0.0,0.0,0.0
5.66302,0.000535749,0.033389,0.023538,0.0
5.66291,0.000541345,0.0166945,0.0167154,0.0
5.66301,0.000537115,0.0,0.0,0.0
5.66277,0.000520979,0.0,0.0,0.0
5.66279,0.000532626,0.0166945,0.0167154,0.0
5.66269,0.000550519,0.0166945,0.0167154,0.0
5.66288,0.000532366,0.0,0.0,0.0
5.66352,0.000530739,0.0,0.0,0.0
5.66268,0.000532626,0.0,0.0,0.0
5.66269,0.000541995,0.0166945,0.0167154,0.0
5.66311,0.000539653,0.0,0.0,0.0
5.6637,0.000559433,0.0500835,0.0289961,0.0
5.6636,0.000529047,0.0166945,0.0167154,0.0
5.66334,0.00055618,0.0166945,0.0167154,0.0
5.66348,0.000540564,0.0,0.0,0.0
5.66277,0.000550324,0.0166945,0.0167154,0.0
5.66261,0.000552926,0.0,0.0,0.0
5.6628,0.000550714,0.0,0.0,0.0
5.6629,0.000546029,0.0,0.0,0.0
5.66374,0.00054167,0.0,0.0,0.0
5.66356,0.00051727,0.0,0.0,0.0
5.66321,0.000530999,0.0,0.0,0.0
5.66276,0.000542256,0.0,0.0,0.0
5.66343,0.000553382,0.0166945,0.0167154,0.0
5.6625,0.000544208,0.0,0.0,0.0
5.66243,0.000534578,0.0,0.0,0.0
5.66289,0.000533537,0.0,0.0,0.0
5.6627,0.000535814,0.0,0.0,0.0
5.66283,0.000538742,0.0,0.0,0.0
5.66226,0.000542906,0.0,0.0,0.0
5.66247,0.000530999,0.0,0.0,0.0
5.66381,0.000536465,0.0,0.0,0.0
5.66276,0.000542711,0.0166945,0.0167154,0.0
5.66266,0.00053191,0.0,0.0,0.0
5.66349,0.000547266,0.0166945,0.0167154,0.0
5.6649,0.000543817,0.0,0.0,0.0
5.66287,0.000555204,0.0166945,0.0167154,0.0
5.66268,0.000556114,0.0166945,0.0167154,0.0
5.66321,0.000539588,0.0,0.0,0.0
5.6625,0.000530088,0.0,0.0,0.0
5.6626,0.000545899,0.0,0.0,0.0
5.66278,0.000535228,0.0166945,0.0167154,0.0
5.66292,0.000534252,0.0166945,0.0167154,0.0
5.66287,0.000554032,0.0166945,0.0167154,0.0
5.66312,0.000532561,0.0,0.0,0.0
5.66299,0.000538677,0.0166945,0.0167154,0.0
5.66316,0.000542451,0.033389,0.023538,0.0
5.66286,0.000539067,0.0,0.0,0.0
5.66208,0.000558717,0.0166945,0.0167154,0.0
5.66223,0.000541865,0.0166945,0.0167154,0.0
5.66334,0.000530349,0.0,0.0,0.0
5.66425,0.000544858,0.0,0.0,0.0
5.66324,0.000539978,0.0166945,0.0167154,0.0
5.6634,0.000550194,0.0166945,0.0167154,0.0
5.66402,0.000557611,0.0166945,0.0167154,0.0
5.66421,0.000549087,0.0166945,0.0167154,0.0
5.66332,0.000537311,0.033389,0.023538,0.0
5.66325,0.000548176,0.0,0.0,0.0
5.66324,0.00054655,0.0,0.0,0.0
5.66361,0.000552406,0.0,0.0,0.0
5.66322,0.000545574,0.0166945,0.0167154,0.0
5.66369,0.000535033,0.0,0.0,0.0
5.66376,0.000542906,0.0166945,0.0167154,0.0
5.66353,0.000541214,0.0,0.0,0.0
5.66368,0.000555269,0.0166945,0.0167154,0.0
5.66348,0.000544403,0.0166945,0.0167154,0.0
5.66279,0.000550844,0.0,0.0,0.0
5.66359,0.000547786,0.0,0.0,0.0
5.66301,0.000548567,0.0166945,0.0167154,0.0
5.66283,0.000539848,0.0,0.0,0.0
5.66334,0.000547331,0.0166945,0.0167154,0.0
5.66271,0.00055182,0.033389,0.023538,0.0
5.66209,0.000546225,0.0,0.0,0.0
5.66264,0.00053165,0.0,0.0,0.0
5.66298,0.000537896,0.0166945,0.0167154,0.0
5.66284,0.000548307,0.0,0.0,0.0
5.66256,0.000543297,0.0166945,0.0167154,0.0
5.66238,0.000527486,0.0,0.0,0.0
5.66254,0.000543947,0.0,0.0,0.0
5.66292,0.000550909,0.0166945,0.0167154,0.0
5.66374,0.000521565,0.0,0.0,0.0
5.66331,0.000535489,0.033389,0.023538,0.0
5.66314,0.000539588,0.0,0.0,0.0
5.66339,0.000536009,0.0166945,0.0167154,0.0
5.66274,0.000555464,0.033389,0.023538,0.0
5.66345,0.000543622,0.0166945,0.0167154,0.0
5.66293,0.000537376,0.0,0.0,0.0
5.66268,0.000533667,0.0,0.0,0.0
5.66292,0.000545964,0.0166945,0.0167154,0.0
5.66311,0.000568737,0.033389,0.023538,0.0
5.66308,0.000545509,0.0,0.0,0.0
5.6635,0.000533407,0.0166945,0.0167154,0.0
5.66305,0.000554358,0.0166945,0.0167154,0.0
5.66364,0.000545574,0.0166945,0.0167154,0.0
5.66266,0.000537701,0.0,0.0,0.0
5.66314,0.000546745,0.0166945,0.0167154,0.0
5.66248,0.000534708,0.0,0.0,0.0
5.66281,0.000534448,0.0166945,0.0167154,0.0
5.66335,0.000545053,0.0,0.0,0.0
5.66376,0.000533927,0.0,0.0,0.0
5.66289,0.000566395,0.0166945,0.0167154,0.0
5.66234,0.000544273,0.0166945,0.0167154,0.0
5.6619,0.000543166,0.0,0.0,0.0
5.66363,0.000535879,0.0,0.0,0.0
5.66378,0.000535684,0.0,0.0,0.0
5.66285,0.00052651,0.0,0.0,0.0
5.66309,0.00054681,0.0,0.0,0.0
5.66363,0.000543166,0.0166945,0.0167154,0.0
5.66421,0.000535814,0.0,0.0,0.0
5.66434,0.000530153,0.0,0.0,0.0
5.66362,0.00054681,0.0,0.0,0.0
5.662,0.000535163,0.0166945,0.0167154,0.0
5.66199,0.000539783,0.0,0.0,0.0
5.6624,0.000534838,0.0,0.0,0.0
5.66238,0.000548046,0.0,0.0,0.0
5.66258,0.000547266,0.033389,0.023538,0.0
5.66202,0.000543557,0.033389,0.023538,0.0
5.66323,0.000558132,0.0,0.0,0.0
5.66313,0.000550454,0.0,0.0,0.0
5.66242,0.000547786,0.0166945,0.0167154,0.0
5.6625,0.00055169,0.0,0.0,0.0
5.66367,0.000544858,0.0166945,0.0167154,0.0
5.66285,0.000545118,0.0,0.0,0.0
5.66272,0.000534252,0.0,0.0,0.0
5.66332,0.00054167,0.0166945,0.0167154,0.0
5.6642,0.000541475,0.0166945,0.0167154,0.0
5.66342,0.000539978,0.0166945,0.0167154,0.0
5.66288,0.000539588,0.0,0.0,0.0
5.66382,0.000526835,0.0,0.0,0.0
5.66385,0.000540889,0.0166945,0.0167154,0.0
5.66305,0.000554097,0.066778,0.0334308,0.0
5.66267,0.000543297,0.0,0.0,0.0
5.6636,0.000537245,0.0166945,0.0167154,0.0
5.66311,0.000545899,0.0,0.0,0.0
5.66362,0.000539197,0.033389,0.023538,0.0
5.66414,0.000559042,0.033389,0.023538,0.0
5.66427,0.000551885,0.0,0.0,0.0
5.66331,0.000544338,0.0166945,0.0167154,0.0
5.66278,0.00053139,0.0,0.0,0.0
5.66324,0.00053666,0.033389,0.023538,0.0
5.66295,0.00054681,0.0,0.0,0.0
5.66298,0.000544208,0.0166945,0.0167154,0.0
5.66318,0.000537636,0.0166945,0.0167154,0.0
5.66331,0.000525273,0.0,0.0,0.0
5.66267,0.000542841,0.033389,0.023538,0.0
5.66253,0.000534448,0.0,0.0,0.0
5.66218,0.000531975,0.0166945,0.0167154,0.0
5.66324,0.000539523,0.0166945,0.0167154,0.0
5.66383,0.000559693,0.0166945,0.0167154,0.0
5.66341,0.000532626,0.0,0.0,0.0
5.66338,0.000532235,0.0,0.0,0.0
5.66278,0.000555204,0.0166945,0.0167154,0.0
5.66312,0.000545964,0.033389,0.023538,0.0
5.6623,0.00053178,0.0166945,0.0167154,0.0
5.66265,0.000534383,0.0,0.0,0.0
5.66392,0.00054642,0.0166945,0.0167154,0.0
5.66341,0.000550128,0.0,0.0,0.0
5.66317,0.000537636,0.0166945,0.0167154,0.0
5.66351,0.000540629,0.0,0.0,0.0
5.66356,0.000547005,0.0,0.0,0.0
5.66218,0.000528397,0.0,0.0,0.0
5.66313,0.000536139,0.033389,0.023538,0.0
5.66286,0.000529177,0.0166945,0.0167154,0.0
5.66315,0.000529958,0.0,0.0,0.0
5.66307,0.000532756,0.0,0.0,0.0
5.66408,0.000536335,0.0,0.0,0.0
5.66354,0.000545183,0.0166945,0.0167154,0.0
5.6629,0.000537115,0.0166945,0.0167154,0.0
5.66309,0.000538677,0.0166945,0.0167154,0.0
5.6629,0.00054141,0.0166945,0.0167154,0.0
5.66183,0.000537506,0.0166945,0.0167154,0.0
5.66301,0.000549283,0.0166945,0.0167154,0.0
5.66328,0.000539848,0.0,0.0,0.0
5.66269,0.000544012,0.0166945,0.0167154,0.0
5.66237,0.000546355,0.0,0.0,0.0
5.66332,0.00053178,0.0166945,0.0167154,0.0
5.66265,0.000544142,0.0166945,0.0167154,0.0
5.66329,0.000548957,0.0166945,0.0167154,0.0
5.66404,0.000537245,0.033389,0.023538,0.0
5.66222,0.000542451,0.0,0.0,0.0
5.66226,0.000544663,0.0,0.0,0.0
5.66461,0.000541475,0.0166945,0.0167154,0.0
5.66414,0.000559303,0.0166945,0.0167154,0.0
5.66371,0.000526965,0.0166945,0.0167154,0.0
5.66221,0.000545118,0.0,0.0,0.0
5.66353,0.000548892,0.0166945,0.0167154,0.0
5.66329,0.00054642,0.0,0.0,0.0
5.66336,0.000543557,0.0,0.0,0.0
5.66332,0.000535944,0.0166945,0.0167154,0.0
5.66277,0.000525989,0.0,0.0,0.0
5.66313,0.000543687,0.0166945,0.0167154,0.0
5.66286,0.000544273,0.0,0.0,0.0
5.66342,0.000531975,0.0,0.0,0.0
5.66271,0.000538482,0.0166945,0.0167154,0.0
5.663,0.000541605,0.0,0.0,0.0
5.66276,0.000536139,0.033389,0.023538,0.0
5.66298,0.000546485,0.0,0.0,0.0
5.66169,0.000530804,0.0,0.0,0.0
5.66185,0.000541214,0.0166945,0.0167154,0.0
5.66279,0.000541345,0.0166945,0.0167154,0.0
5.66288,0.000541214,0.0,0.0,0.0
5.66381,0.00054629,0.0,0.0,0.0
5.66353,0.000537376,0.0,0.0,0.0
5.66414,0.000538872,0.0,0.0,0.0
5.66397,0.000542451,0.0,0.0,0.0
5.66292,0.000531129,0.033389,0.023538,0.0
5.66365,0.000528852,0.0,0.0,0.0
5.66377,0.000544988,0.0,0.0,0.0
5.66358,0.000525664,0.0,0.0,0.0
5.66413,0.000546159,0.0,0.0,0.0
5.66344,0.000546225,0.0,0.0,0.0
5.66386,0.000535163,0.0,0.0,0.0
5.66229,0.000535033,0.0,0.0,0.0
5.66188,0.000528332,0.0,0.0,0.0
5.66255,0.000553056,0.0166945,0.0167154,0.0
5.66263,0.000534578,0.0,0.0,0.0
5.66278,0.00055709,0.0166945,0.0167154,0.0
5.66324,0.000539328,0.0,0.0,0.0
5.66306,0.000544533,0.0,0.0,0.0
5.66219,0.000539002,0.0,0.0,0.0
5.66276,0.000542711,0.0,0.0,0.0
5.66262,0.000545769,0.0166945,0.0167154,0.0
5.66243,0.000544728,0.0166945,0.0167154,0.0
5.66288,0.000543882,0.0166945,0.0167154,0.0
5.66314,0.000545183,0.0166945,0.0167154,0.0
5.66327,0.000553382,0.0,0.0,0.0
5.6624,0.000554358,0.0,0.0,0.0
5.66308,0.000538156,0.0,0.0,0.0
5.66394,0.000534318,0.0,0.0,0.0
5.66419,0.000542646,0.033389,0.023538,0.0
5.66319,0.000541995,0.0,0.0,0.0
5.66269,0.00055169,0.0166945,0.0167154,0.0
5.6632,0.000532301,0.0,0.0,0.0
5.66285,0.000534122,0.0,0.0,0.0
5.66329,0.00055657,0.0500835,0.0289961,0.0
5.66311,0.000537441,0.033389,0.023538,0.0
5.6629,0.000550259,0.0,0.0,0.0
5.6629,0.000529047,0.0,0.0,0.0
5.66321,0.000539848,0.0,0.0,0.0
5.66332,0.000548632,0.0166945,0.0167154,0.0
5.66197,0.000532626,0.0,0.0,0.0
5.6621,0.000546745,0.0,0.0,0.0
5.66285,0.000550974,0.0166945,0.0167154,0.0
5.6627,0.000550128,0.0,0.0,0.0
5.66261,0.000543166,0.0166945,0.0167154,0.0
5.6635,0.000545509,0.0,0.0,0.0
5.66307,0.000537506,0.0,0.0,0.0
5.66249,0.000534448,0.0,0.0,0.0
5.66299,0.000543036,0.0,0.0,0.0
5.66284,0.00052189,0.0,0.0,0.0
5.66262,0.000553642,0.0,0.0,0.0
5.66328,0.000555204,0.0166945,0.0167154,0.0
5.66328,0.000535619,0.0,0.0,0.0
5.66263,0.000538287,0.0,0.0,0.0
5.66312,0.000531194,0.0,0.0,0.0
5.66326,0.000532301,0.0,0.0,0.0
5.66334,0.000539588,0.0,0.0,0.0
5.66275,0.000536204,0.0,0.0,0.0
5.6626,0.000542906,0.0166945,0.0167154,0.0
5.66305,0.00054707,0.0,0.0,0.0
5.66376,0.00053705,0.0,0.0,0.0
5.66352,0.000545769,0.033389,0.023538,0.0
5.66248,0.000536335,0.0,0.0,0.0
5.66226,0.000542646,0.0,0.0,0.0
5.66289,0.000557741,0.0166945,0.0167154,0.0
5.66296,0.000537961,0.0,0.0,0.0
5.66295,0.000549738,0.0166945,0.0167154,0.0
5.66339,0.000534318,0.0,0.0,0.0
5.66283,0.000534838,0.0166945,0.0167154,0.0
5.66226,0.000548957,0.0166945,0.0167154,0.0
5.66213,0.00054668,0.0,0.0,0.0
5.66267,0.000536595,0.033389,0.023538,0.0
5.6637,0.00054219,0.0166945,0.0167154,0.0
5.66348,0.000552211,0.0,0.0,0.0
5.66341,0.000547266,0.0,0.0,0.0
5.66289,0.000543297,0.0,0.0,0.0
5.6636,0.000549478,0.0166945,0.0167154,0.0
5.66363,0.000550519,0.0166945,0.0167154,0.0
5.66225,0.000540499,0.0,0.0,0.0
5.66184,0.000536465,0.0,0.0,0.0
5.66235,0.00053653,0.0166945,0.0167154,0.0
5.66269,0.000533927,0.0,0.0,0.0
5.66278,0.000537506,0.0500835,0.0289961,0.0
5.6633,0.000547135,0.0,0.0,0.0
5.66303,0.000554228,0.0,0.0,0.0
5.66313,0.000551039,0.0,0.0,0.0
5.66214,0.000549608,0.0,0.0,0.0
5.66189,0.000530218,0.0,0.0,0.0
5.66342,0.00053653,0.033389,0.023538,0.0
5.66362,0.000544533,0.0166945,0.0167154,0.0
5.66317,0.000549218,0.0166945,0.0167154,0.0
5.66308,0.000558001,0.0500835,0.0289961,0.0
5.66322,0.000553056,0.0,0.0,0.0
5.66314,0.000552666,0.0,0.0,0.0
5.6636,0.000537636,0.0166945,0.0167154,0.0
5.66361,0.000539263,0.0,0.0,0.0
5.66285,0.000540108,0.0166945,0.0167154,0.0
5.66276,0.000547526,0.0,0.0,0.0
5.66417,0.000555594,0.033389,0.023538,0.0
5.66339,0.000545834,0.0166945,0.0167154,0.0
5.66263,0.000544793,0.0,0.0,0.0
5.66346,0.000546615,0.0,0.0,0.0
5.66357,0.000535684,0.0,0.0,0.0
5.66382,0.000544858,0.0,0.0,0.0
5.6639,0.000534773,0.0,0.0,0.0
5.66374,0.00052677,0.0,0.0,0.0
5.66275,0.000537701,0.0,0.0,0.0
5.66367,0.000539718,0.0,0.0,0.0
5.66406,0.000533342,0.0166945,0.0167154,0.0
5.66319,0.000544208,0.0166945,0.0167154,0.0
5.66363,0.00053705,0.0166945,0.0167154,0.0
5.66398,0.000554878,0.0166945,0.0167154,0.0
5.66236,0.000544533,0.0,0.0,0.0
5.66271,0.000538417,0.0,0.0,0.0
5.66391,0.000536139,0.0,0.0,0.0
5.66232,0.000544403,0.0166945,0.0167154,0.0
5.6633,0.000558782,0.033389,0.023538,0.0
5.66327,0.00055156,0.0500835,0.0289961,0.0
5.66267,0.000545899,0.0166945,0.0167154,0.0
5.66316,0.000544077,0.0,0.0,0.0
5.66252,0.000538417,0.0,0.0,0.0
5.66337,0.000540108,0.0,0.0,0.0
5.66353,0.000536074,0.0166945,0.0167154,0.0
5.66303,0.00053692,0.0,0.0,0.0
5.66381,0.000539783,0.0,0.0,0.0
5.66246,0.00053666,0.0,0.0,0.0
5.66176,0.000540173,0.0,0.0,0.0
5.66237,0.000544663,0.0166945,0.0167154,0.0
5.66396,0.000545964,0.0,0.0,0.0
5.66279,0.00054694,0.0,0.0,0.0
5.66316,0.000552211,0.033389,0.023538,0.0
5.66385,0.000549868,0.0,0.0,0.0
5.66275,0.000544988,0.0,0.0,0.0
5.6625,0.000550519,0.0,0.0,0.0
5.66236,0.000537376,0.0,0.0,0.0
5.66255,0.000518637,0.0,0.0,0.0
5.66287,0.000561905,0.033389,0.023538,0.0
5.66239,0.000542776,0.0,0.0,0.0
5.66207,0.000536335,0.0166945,0.0167154,0.0
5.66343,0.000548176,0.0,0.0,0.0
5.66281,0.00054681,0.0,0.0,0.0
5.66279,0.000527551,0.0,0.0,0.0
5.66328,0.0005364,0.0,0.0,0.0
5.66383,0.000538937,0.0,0.0,0.0
5.66303,0.000549478,0.0166945,0.0167154,0.0
5.66242,0.000543947,0.0,0.0,0.0
5.66238,0.000541149,0.0,0.0,0.0
5.66354,0.000530609,0.0,0.0,0.0
5.66369,0.000542386,0.0,0.0,0.0
5.66223,0.000530609,0.0,0.0,0.0
5.66311,0.000542516,0.0500835,0.0371832,0.0
5.66382,0.000554748,0.0,0.0,0.0
5.66246,0.000542711,0.0166945,0.0167154,0.0
5.66277,0.000526575,0.0,0.0,0.0
5.66338,0.000537831,0.0,0.0,0.0
5.66256,0.000536074,0.0166945,0.0167154,0.0
5.66398,0.000538482,0.0,0.0,0.0
5.66412,0.000547721,0.0,0.0,0.0
5.66381,0.000541149,0.0166945,0.0167154,0.0
5.66355,0.000545053,0.0166945,0.0167154,0.0
5.66318,0.000555984,0.0,0.0,0.0
5.66266,0.000548632,0.0166945,0.0167154,0.0
5.66222,0.000552211,0.0,0.0,0.0
5.66286,0.000536009,0.0,0.0,0.0
5.66316,0.000536139,0.0,0.0,0.0
5.66278,0.000550649,0.0,0.0,0.0
5.66367,0.000536855,0.0166945,0.0167154,0.0
5.66285,0.000542906,0.0166945,0.0167154,0.0
5.66315,0.000543947,0.0500835,0.0289961,0.0
5.66357,0.000558001,0.0166945,0.0167154,0.0
5.66304,0.000539913,0.0,0.0,0.0
5.66342,0.00054668,0.033389,0.023538,0.0
5.66252,0.000544468,0.0,0.0,0.0
5.66342,0.000540239,0.0,0.0,0.0
5.66367,0.000538287,0.0166945,0.0167154,0.0
5.66305,0.000536204,0.0,0.0,0.0
5.66328,0.000548892,0.0166945,0.0167154,0.0
5.66383,0.000544988,0.0166945,0.0167154,0.0
5.66293,0.000555659,0.0166945,0.0167154,0.0
5.66472,0.000535228,0.0,0.0,0.0
5.664,0.000538352,0.0,0.0,0.0
5.663,0.00053627,0.0,0.0,0.0
5.66274,0.000518637,0.0,0.0,0.0
5.66355,0.000525794,0.033389,0.023538,0.0
5.66305,0.000541865,0.0,0.0,0.0
5.66261,0.000531064,0.0,0.0,0.0
5.66263,0.000540173,0.0166945,0.0167154,0.0
5.66297,0.000548307,0.0,0.0,0.0
5.66332,0.000537701,0.0,0.0,0.0
5.66257,0.000535944,0.0,0.0,0.0
5.66272,0.000559238,0.0500835,0.0289961,0.0
5.66385,0.00055169,0.0,0.0,0.0
5.66176,0.000530283,0.0,0.0,0.0
5.66275,0.00055117,0.0,0.0,0.0
5.66399,0.000543297,0.0166945,0.0167154,0.0
5.66326,0.000538026,0.0,0.0,0.0
5.6633,0.000538221,0.0166945,0.0167154,0.0
5.6631,0.000539653,0.0,0.0,0.0
5.66265,0.000538221,0.0,0.0,0.0
5.6633,0.000553121,0.0,0.0,0.0
5.66347,0.000541214,0.0,0.0,0.0
5.66249,0.000535944,0.0,0.0,0.0
5.66314,0.00053705,0.0,0.0,0.0
5.66348,0.000526249,0.0,0.0,0.0
5.66328,0.000532431,0.0166945,0.0167154,0.0
5.66395,0.000547005,0.0166945,0.0167154,0.0
5.66385,0.00054655,0.0,0.0,0.0
5.66335,0.000528266,0.033389,0.023538,0.0
5.66354,0.000539653,0.0,0.0,0.0
5.66346,0.000531455,0.0166945,0.0167154,0.0
5.66299,0.000539393,0.0166945,0.0167154,0.0
5.66235,0.00053178,0.0,0.0,0.0
5.66269,0.000529112,0.0,0.0,0.0
5.6633,0.000549738,0.0,0.0,0.0
5.66261,0.000539718,0.0166945,0.0167154,0.0
5.66289,0.000527616,0.0,0.0,0.0
5.66341,0.000541214,0.0166945,0.0167154,0.0
5.66294,0.000543297,0.0,0.0,0.0
5.66256,0.000529893,0.0500835,0.0289961,0.0
5.66262,0.000544208,0.0,0.0,0.0
5.66275,0.000538156,0.0,0.0,0.0
5.66228,0.000547266,0.0,0.0,0.0
5.66228,0.000545769,0.0,0.0,0.0
5.66394,0.00055696,0.0,0.0,0.0
5.66315,0.000544468,0.0166945,0.0167154,0.0
5.6622,0.000522606,0.0166945,0.0167154,0.0
5.66252,0.000531064,0.0,0.0,0.0
5.66271,0.000538482,0.0166945,0.0167154,0.0
5.66319,0.000552276,0.0,0.0,0.0
5.66262,0.000541475,0.0166945,0.0167154,0.0
5.66233,0.000544012,0.033389,0.023538,0.0
5.66326,0.000555789,0.0166945,0.0167154,0.0
5.66321,0.000536009,0.0,0.0,0.0
5.66267,0.000553447,0.0,0.0,0.0
5.66396,0.000536204,0.0,0.0,0.0
5.66244,0.000549543,0.0,0.0,0.0
5.66283,0.000552341,0.033389,0.023538,0.0
5.66369,0.000556245,0.0166945,0.0167154,0.0
5.66324,0.000563402,0.0166945,0.0167154,0.0
5.66287,0.000545964,0.0,0.0,0.0
5.66282,0.000544012,0.0166945,0.0167154,0.0
5.6635,0.00055618,0.0,0.0,0.0
5.66399,0.000550714,0.0,0.0,0.0
5.66298,0.0005418,0.0,0.0,0.0
5.66252,0.000520719,0.0166945,0.0167154,0.0
5.6628,0.000540629,0.0,0.0,0.0
5.6631,0.000531715,0.0166945,0.0167154,0.0
5.66331,0.000549413,0.0166945,0.0167154,0.0
5.66331,0.000541345,0.0,0.0,0.0
5.66268,0.000535554,0.0,0.0,0.0
5.66317,0.000550454,0.0,0.0,0.0
5.66369,0.00054668,0.0,0.0,0.0
5.66261,0.000542256,0.0166945,0.0167154,0.0
5.66327,0.000539783,0.0,0.0,0.0
5.66341,0.000544598,0.0,0.0,0.0
5.66349,0.000535749,0.0500835,0.0289961,0.0
5.66341,0.000549478,0.0166945,0.0167154,0.0
5.66303,0.00054154,0.0166945,0.0167154,0.0
5.66337,0.000539783,0.0,0.0,0.0
5.66325,0.000543166,0.0166945,0.0167154,0.0
5.66236,0.000539067,0.0,0.0,0.0
5.66451,0.000533472,0.0166945,0.0167154,0.0
5.66343,0.000524493,0.0,0.0,0.0
5.66275,0.000537961,0.0166945,0.0167154,0.0
5.66313,0.000530739,0.0,0.0,0.0
5.66286,0.000533016,0.033389,0.023538,0.0
5.66243,0.000548762,0.0,0.0,0.0
5.66319,0.000552666,0.0,0.0,0.0
5.66183,0.000545249,0.033389,0.023538,0.0
5.66244,0.000544077,0.0,0.0,0.0
5.66384,0.000535228,0.0,0.0,0.0
5.66307,0.000544142,0.0,0.0,0.0
5.66292,0.000535228,0.0,0.0,0.0
5.66314,0.000534122,0.0,0.0,0.0
5.66308,0.000539132,0.0,0.0,0.0
5.66354,0.000545834,0.0,0.0,0.0
5.66342,0.000538091,0.0,0.0,0.0
5.66328,0.00052651,0.0,0.0,0.0
5.66312,0.000529828,0.0,0.0,0.0
5.66368,0.000552601,0.0,0.0,0.0
5.66298,0.00053152,0.0166945,0.0167154,0.0
5.66415,0.000550324,0.0,0.0,0.0
5.66367,0.000534578,0.0,0.0,0.0
5.66292,0.000540434,0.0,0.0,0.0
5.66374,0.000554813,0.0,0.0,0.0
5.66307,0.000540629,0.0166945,0.0167154,0.0
5.66266,0.000539588,0.0166945,0.0167154,0.0
5.66239,0.00052703,0.0,0.0,0.0
5.66198,0.000516099,0.0,0.0,0.0
5.66227,0.000537701,0.0166945,0.0167154,0.0
5.66217,0.000547135,0.0166945,0.0167154,0.0
5.66253,0.000534578,0.0,0.0,0.0
5.66221,0.000528787,0.0,0.0,0.0
5.66285,0.000533927,0.0,0.0,0.0
5.66266,0.000537766,0.0,0.0,0.0
5.66259,0.000547135,0.0,0.0,0.0
5.66248,0.000534968,0.0,0.0,0.0
5.6632,0.000558782,0.033389,0.023538,0.0
5.66286,0.000545118,0.0166945,0.0167154,0.0
5.66312,0.000538091,0.0,0.0,0.0
5.66263,0.000556114,0.0166945,0.0167154,0.0
5.66294,0.000532756,0.0,0.0,0.0
5.66321,0.000531845,0.0166945,0.0167154,0.0
5.66371,0.000544077,0.0,0.0,0.0
5.66374,0.000538287,0.0,0.0,0.0
5.66339,0.000539588,0.0,0.0,0.0
5.66385,0.000543687,0.0,0.0,0.0
5.66357,0.000538221,0.0,0.0,0.0
5.66401,0.00053653,0.0,0.0,0.0
5.66391,0.00055696,0.0500835,0.0289961,0.0
5.66298,0.000538612,0.0,0.0,0.0
5.66308,0.000541995,0.0,0.0,0.0
5.66381,0.000540434,0.0166945,0.0167154,0.0
5.66384,0.000549478,0.033389,0.023538,0.0
5.66341,0.000544077,0.0166945,0.0167154,0.0
5.66281,0.000538482,0.0,0.0,0.0
5.66209,0.000538677,0.0166945,0.0167154,0.0
5.66205,0.0005418,0.0,0.0,0.0
5.66299,0.000539132,0.0,0.0,0.0
5.66331,0.000536204,0.0,0.0,0.0
5.66334,0.000544012,0.0166945,0.0167154,0.0
5.66333,0.000547526,0.033389,0.023538,0.0
5.66296,0.00055208,0.0,0.0,0.0
5.6626,0.000546094,0.033389,0.023538,0.0
5.66318,0.000547981,0.0166945,0.0167154,0.0
5.66201,0.000530804,0.0,0.0,0.0
5.66276,0.000534643,0.0,0.0,0.0
5.66292,0.000537766,0.0,0.0,0.0
5.66338,0.000533081,0.0,0.0,0.0
5.66389,0.000536465,0.0166945,0.0167154,0.0
5.66376,0.000538677,0.0166945,0.0167154,0.0
5.66303,0.000533146,0.0,0.0,0.0
5.66256,0.000529698,0.0,0.0,0.0
5.66296,0.000545183,0.033389,0.023538,0.0
5.66339,0.0005364,0.0,0.0,0.0
5.66307,0.000537506,0.0,0.0,0.0
5.6629,0.000534968,0.0166945,0.0167154,0.0
5.66335,0.000542906,0.0,0.0,0.0
5.66279,0.000535879,0.0166945,0.0167154,0.0
5.66319,0.000535359,0.0,0.0,0.0
5.66393,0.000544793,0.033389,0.0334308,0.0
5.66435,0.000544988,0.0,0.0,0.0
5.66299,0.000545899,0.0,0.0,0.0
5.66265,0.00054154,0.0166945,0.0167154,0.0
5.66259,0.000560083,0.0166945,0.0167154,0.0
5.6625,0.000539848,0.0166945,0.0167154,0.0
5.66332,0.000553187,0.033389,0.023538,0.0
5.66267,0.000544468,0.0,0.0,0.0
5.66313,0.000545314,0.033389,0.023538,0.0
5.66391,0.000540043,0.0166945,0.0167154,0.0
5.66354,0.000545834,0.033389,0.023538,0.0
5.66233,0.000542516,0.0,0.0,0.0
5.66321,0.000547786,0.0166945,0.0167154,0.0
5.66312,0.000535098,0.0166945,0.0167154,0.0
5.66313,0.000530804,0.0,0.0,0.0
5.66419,0.000530869,0.033389,0.023538,0.0
5.66384,0.000534057,0.0166945,0.0167154,0.0
5.66206,0.000555919,0.0,0.0,0.0
5.66245,0.000541995,0.0,0.0,0.0
5.66332,0.00053627,0.0166945,0.0167154,0.0
5.66263,0.000543297,0.0166945,0.0167154,0.0
5.66285,0.000542906,0.033389,0.023538,0.0
5.66349,0.000540629,0.0,0.0,0.0
5.66391,0.000533407,0.0,0.0,0.0
5.66248,0.000555464,0.0,0.0,0.0
5.66177,0.000538156,0.0,0.0,0.0
5.66257,0.000528592,0.0,0.0,0.0
5.66296,0.000536009,0.0166945,0.0167154,0.0
5.6629,0.000539263,0.0166945,0.0167154,0.0
5.66264,0.000519808,0.0,0.0,0.0
5.6624,0.000537571,0.033389,0.023538,0.0
5.66225,0.000546745,0.0,0.0,0.0
5.66305,0.000539718,0.0,0.0,0.0
5.66378,0.000539783,0.0,0.0,0.0
5.66311,0.000543101,0.0,0.0,0.0
5.66233,0.000544663,0.0166945,0.0167154,0.0
5.66314,0.000543752,0.0166945,0.0167154,0.0
5.66292,0.00054707,0.0166945,0.0167154,0.0
5.66349,0.000527421,0.0,0.0,0.0
5.66313,0.000530739,0.0,0.0,0.0
5.66309,0.000528071,0.0,0.0,0.0
5.66292,0.000553187,0.0,0.0,0.0
5.66317,0.000529698,0.0,0.0,0.0
5.66319,0.000540824,0.0,0.0,0.0
5.6631,0.000544728,0.0166945,0.0167154,0.0
5.66296,0.000517335,0.0,0.0,0.0
5.66225,0.000549868,0.0,0.0,0.0
5.66281,0.000553512,0.0166945,0.0167154,0.0
5.66333,0.000541345,0.0166945,0.0167154,0.0
5.66283,0.000538482,0.0,0.0,0.0
5.66278,0.000531845,0.0166945,0.0167154,0.0
5.66354,0.000553187,0.0,0.0,0.0
5.66317,0.000547526,0.0,0.0,0.0
5.6633,0.000547266,0.033389,0.023538,0.0
5.66352,0.000559758,0.033389,0.023538,0.0
5.66276,0.00053627,0.0,0.0,0.0
5.66302,0.000537831,0.0,0.0,0.0
5.66355,0.000531975,0.0,0.0,0.0
5.66343,0.000543817,0.0166945,0.0167154,0.0
5.6617,0.000549348,0.0166945,0.0167154,0.0
5.66234,0.000545509,0.0,0.0,0.0
5.66375,0.000540369,0.0,0.0,0.0
5.66373,0.000547396,0.0,0.0,0.0
5.66322,0.000545769,0.0166945,0.0167154,0.0
5.66297,0.000524688,0.0166945,0.0167154,0.0
5.66354,0.000546875,0.0,0.0,0.0
5.66385,0.000539328,0.0,0.0,0.0
5.66375,0.000549803,0.0,0.0,0.0
5.66326,0.000553252,0.0166945,0.0167154,0.0
5.66329,0.000536595,0.0166945,0.0167154,0.0
5.66391,0.000542711,0.0166945,0.0167154,0.0
5.66292,0.000553187,0.0,0.0,0.0
5.66221,0.00054668,0.0166945,0.0167154,0.0
5.66227,0.000555529,0.0166945,0.0167154,0.0
5.66269,0.000539132,0.0,0.0,0.0
5.66291,0.000528722,0.0,0.0,0.0
5.66271,0.00054219,0.0166945,0.0167154,0.0
5.66225,0.000543101,0.0,0.0,0.0
5.66315,0.000535359,0.0,0.0,0.0
5.66265,0.000526119,0.033389,0.023538,0.0
5.66166,0.0005364,0.0166945,0.0167154,0.0
5.66173,0.000534773,0.0,0.0,0.0
5.66329,0.000533927,0.033389,0.023538,0.0
5.66309,0.000545574,0.0,0.0,0.0
5.66253,0.000537376,0.0166945,0.0167154,0.0
5.66334,0.000524167,0.0,0.0,0.0
5.66417,0.000544338,0.0166945,0.0167154,0.0
5.66342,0.000560214,0.0166945,0.0167154,0.0
5.66357,0.000555854,0.0,0.0,0.0
5.66318,0.000543557,0.0500835,0.0289961,0.0
5.66434,0.000538221,0.0,0.0,0.0
5.66326,0.00053718,0.0,0.0,0.0
5.66303,0.000538612,0.0,0.0,0.0
5.66321,0.000542711,0.0,0.0,0.0
5.66287,0.000547916,0.0166945,0.0167154,0.0
5.66258,0.000543232,0.0166945,0.0167154,0.0
5.66254,0.000549218,0.0166945,0.0167154,0.0
5.66259,0.000531325,0.0,0.0,0.0
5.66253,0.000552926,0.0166945,0.0167154,0.0
5.66282,0.000575894,0.0500835,0.0289961,0.0
5.66281,0.000544533,0.033389,0.023538,0.0
5.66251,0.000541149,0.033389,0.023538,0.0
5.66331,0.000554358,0.0,0.0,0.0
5.6637,0.000533016,0.033389,0.023538,0.0
5.66326,0.000533016,0.0,0.0,0.0
5.66421,0.000547591,0.0,0.0,0.0
5.66375,0.000550454,0.0,0.0,0.0
5.66342,0.000539848,0.0,0.0,0.0
5.66385,0.000534643,0.0,0.0,0.0
5.66473,0.000548046,0.0,0.0,0.0
5.66399,0.000537571,0.0,0.0,0.0
5.66363,0.000539067,0.0,0.0,0.0
5.66206,0.000538807,0.0,0.0,0.0
5.66321,0.00054206,0.0,0.0,0.0
5.6639,0.00053705,0.0166945,0.0167154,0.0
5.6625,0.000548111,0.0166945,0.0167154,0.0
5.6628,0.000536335,0.0,0.0,0.0
5.6632,0.00053692,0.0,0.0,0.0
5.66271,0.000543362,0.0,0.0,0.0
5.66204,0.0005418,0.0,0.0,0.0
5.66202,0.000544208,0.0,0.0,0.0
5.66223,0.000536465,0.0166945,0.0167154,0.0
5.6627,0.00053666,0.0166945,0.0167154,0.0
5.66387,0.00055156,0.0166945,0.0167154,0.0
5.94801,0.00663856,0.0166945,0.0167154,0.0
11.5929,0.0759574,63.0551,1.00872,0.0
32.3005,0.159908,163.656,0.922758,0.0
51.3229,0.0880971,189.816,0.863742,0.0
49.2187,0.0936205,184.307,0.877387,0.0
43.7135,0.0676737,183.74,0.855214,0.0
43.4246,0.063516,184.207,0.845662,0.0
40.4218,0.0618923,185.042,0.863742,0.0
37.9448,0.0496492,185.943,0.860331,0.0
37.8747,0.0487129,187.863,0.88728,0.0
36.9869,0.0481711,186.644,0.855555,0.0
36.0354,0.0492121,186.144,0.867153,0.0
35.6363,0.053841,185.392,0.858284,0.0
34.8216,0.0576419,187.195,0.857261,0.0
34.01,0.0619098,186.962,0.876705,0.0
33.9268,0.067563,187.963,0.871588,0.0
35.1111,0.0789491,189.215,0.869883,0.0
37.8968,0.0887933,190.117,0.879434,0.0
40.3628,0.0855101,188.631,0.872953,0.0
40.2541,0.0822124,188.397,0.845321,0.0
39.8285,0.0780296,188.848,0.854191,0.0
42.792,0.106204,190.25,0.883187,0.0
48.7111,0.147536,195.175,0.886598,0.0
54.3886,0.183625,193.973,0.888304,0.0
57.668,0.20138,193.239,0.870224,0.0
59.0099,0.183967,193.606,0.864083,0.0
59.3894,0.165233,194.157,0.86306,0.0
59.1798,0.153635,193.088,0.897173,0.0
58.5097,0.137473,194.541,0.892397,0.0
57.3645,0.121408,193.422,0.879775,0.0
55.0053,0.129678,192.821,0.878411,0.0
52.0359,0.166171,191.92,0.851803,0.0
49.9512,0.187926,191.82,0.868177,0.0
47.5597,0.188364,188.748,0.899561,0.0
43.54,0.203618,189.366,0.872612,0.0
39.5054,0.215498,188.347,0.859307,0.0
35.9242,0.208412,186.394,0.870565,0.0
31.8203,0.190729,184.04,0.871588,0.0
27.4466,0.140231,182.621,0.875341,0.0
23.5951,0.0871548,177.98,0.855555,0.0
20.8783,0.0656388,178.965,0.864424,0.0
18.9331,0.0573872,176.11,0.852144,0.0
17.2601,0.0472663,175.593,0.865107,0.0
16.0227,0.0407985,171.319,0.84805,0.0
15.0717,0.038654,171.185,0.869883,0.0
14.3134,0.0373625,168.364,0.84805,0.0
13.815,0.0388186,166.043,0.850779,0.0
13.4169,0.0395871,163.723,0.850438,0.0
13.096,0.0393649,161.486,0.839863,0.0
12.8653,0.0393463,161.018,0.850779,0.0
12.6686,0.0403215,159.583,0.877046,0.0
12.5203,0.0415839,156.778,0.87807,0.0
12.3927,0.0407347,156.377,0.883187,0.0
12.273,0.0401224,155.91,0.866471,0.0
12.1731,0.0401008,155.576,0.871247,0.0
12.0731,0.0393226,155.042,0.876023,0.0
11.9599,0.0383011,153.456,0.872953,0.0
11.8028,0.0380099,152.154,0.857261,0.0
11.6482,0.0377728,150.968,0.852826,0.0
11.5736,0.0378397,150.484,0.874999,0.0
11.5727,0.038535,151.97,0.869883,0.0
11.5942,0.0393938,151.569,0.870565,0.0
11.6606,0.040277,151.77,0.88421,0.0
11.7342,0.0411974,150.618,0.909113,0.0
11.934,0.043126,152.638,0.889327,0.0
12.1757,0.0446939,153.105,0.857602,0.0
11.9805,0.0416539,152.087,0.905701,0.0
11.5682,0.0385252,150.267,0.883869,0.0
11.4968,0.0381947,150.484,0.895126,0.0
11.8533,0.0393381,153.823,0.878752,0.0
12.2293,0.0400939,154.341,0.838499,0.0
12.5545,0.0439368,157.88,0.873294,0.0
12.8544,0.0492059,155.175,0.865448,0.0
12.8357,0.0486623,155.242,0.874999,0.0
12.6593,0.0465506,157.396,0.882504,0.0
12.5502,0.0473543,154.758,0.864424,0.0
12.2914,0.0486985,150.785,0.901267,0.0
11.7756,0.0474074,148.314,0.893079,0.0
11.1326,0.0424325,143.406,0.883528,0.0
10.5069,0.0352228,141.169,0.893079,0.0
10.0924,0.031854,139.9,0.935721,0.0
9.83039,0.0316108,135.376,0.897514,0.0
9.54081,0.0302562,131.669,0.930604,0.0
9.2574,0.0277445,129.199,0.901608,0.0
9.00756,0.0247824,126.511,0.901608,0.0
8.84045,0.0229345,123.723,0.903654,0.0
8.76976,0.0233235,123.756,0.910477,0.0
8.69147,0.0234908,123.155,0.927534,0.0
8.5853,0.0222196,120.05,0.912524,0.0
8.50478,0.0214194,118.865,0.907407,0.0
8.43489,0.0213997,118.397,0.921052,0.0
8.36115,0.0211675,114.992,0.888986,0.0
8.27133,0.0205917,113.456,0.913888,0.0
8.21263,0.0202605,113.756,0.897173,0.0
8.18906,0.020346,111.903,0.927875,0.0
8.12342,0.019899,113.756,0.925146,0.0
8.04587,0.0194453,110.167,0.918323,0.0
7.98169,0.0197622,108.214,0.930945,0.0
7.93154,0.0195472,105.86,0.918323,0.0
7.90506,0.0191548,105.225,0.905701,0.0
7.86565,0.0189318,106.194,0.943567,0.0
7.80155,0.0185457,102.571,0.932309,0.0
7.74982,0.0181839,102.371,0.919346,0.0
7.71695,0.0181762,101.469,0.952095,0.0
7.66208,0.0176941,98.8648,0.930604,0.0
7.61874,0.017652,98.7145,0.913888,0.0
7.59437,0.0173204,97.7796,0.936744,0.0
7.55684,0.0171474,98.4307,0.929921,0.0
7.51423,0.0168205,95.3088,0.934015,0.0
7.48375,0.0167389,95.7596,0.942202,0.0
7.4594,0.0166191,94.7412,0.949025,0.0
7.42672,0.0162652,93.222,0.900584,0.0
7.38862,0.0160489,90.9349,0.90843,0.0
7.35248,0.0158974,92.0033,0.93538,0.0
7.32309,0.0156561,90.1336,0.921734,0.0
7.29281,0.0150966,90.1002,0.92958,0.0
7.25628,0.0150064,88.1135,0.922417,0.0
7.23299,0.0149368,87.9633,0.914571,0.0
7.20332,0.0145352,86.394,0.912865,0.0
7.16747,0.0144731,84.9249,0.930263,0.0
7.15774,0.0147581,85.8431,0.952095,0.0
7.13501,0.0141472,84.5743,0.915594,0.0
7.09779,0.013658,82.8715,0.90536,0.0
7.07778,0.01391,83.3222,0.921052,0.0
7.04254,0.0135883,80.9683,0.905019,0.0
7.00715,0.0131681,80.3506,0.917641,0.0
6.9928,0.0135171,78.8815,0.9173,0.0
6.96826,0.0133845,77.2955,0.920711,0.0
6.93251,0.0129009,76.8781,0.89922,0.0
6.90854,0.0126299,78.1803,0.920711,0.0
6.88432,0.0124722,74.424,0.879093,0.0
6.85937,0.0120858,75.0417,0.878411,0.0
6.84128,0.0120184,73.6227,0.89035,0.0
6.82047,0.0119005,70.8848,0.881822,0.0
6.79145,0.0117311,72.1035,0.88728,0.0
6.77772,0.0117442,72.4875,0.893079,0.0
6.76686,0.011668,70.818,0.918323,0.0
6.75127,0.0114472,69.5492,0.885916,0.0
6.73294,0.0110972,68.8314,0.861695,0.0
6.71043,0.01087,69.0818,0.883187,0.0
6.69472,0.0110842,67.9466,0.868859,0.0
6.67402,0.0109547,66.4107,0.897855,0.0
6.65463,0.0106914,65.7763,0.859307,0.0
6.63969,0.0104603,64.0568,0.871247,0.0
6.60934,0.0102127,63.5893,0.866812,0.0
6.5934,0.0102903,63.4891,0.869541,0.0
6.59203,0.0101895,62.7045,0.866812,0.0
6.58177,0.0100521,62.7212,0.860672,0.0
6.55845,0.00979534,60.7346,0.862037,0.0
6.54797,0.00981037,60.9683,0.852144,0.0
6.54313,0.00965747,60.3172,0.867153,0.0
6.53005,0.00975468,60.0668,0.852826,0.0
6.51779,0.00944113,59.3322,0.83304,0.0
6.50388,0.00951452,57.429,0.828606,0.0
6.48403,0.00944653,57.4457,0.842592,0.0
6.4718,0.00917677,56.778,0.834746,0.0
6.46585,0.00913369,55.8431,0.818031,0.0
6.45075,0.00936357,55.1419,0.840545,0.0
6.4424,0.00932726,56.4608,0.846345,0.0
6.43616,0.00900181,55.3422,0.831676,0.0
6.41813,0.00889523,54.7412,0.837475,0.0
6.40805,0.00848499,53.3055,0.798586,0.0
6.40536,0.00861148,53.5058,0.804385,0.0
6.39775,0.00868305,52.7379,0.831335,0.0
6.3831,0.00858083,52.2871,0.814961,0.0
6.3788,0.00851941,52.6878,0.813937,0.0
6.36711,0.00815023,50.3506,0.806773,0.0
6.35117,0.00841609,50.4674,0.789717,0.0
6.34296,0.00822525,50.7012,0.80882,0.0
6.32965,0.00806473,49.399,0.801656,0.0
6.32247,0.00802303,49.0651,0.800974,0.0
6.31865,0.00783245,48.2972,0.802339,0.0
6.30066,0.00777311,47.98,0.785282,0.0
6.28619,0.00765755,47.0785,0.772319,0.0
6.28173,0.00751942,45.9265,0.7846,0.0
6.27181,0.00762053,45.409,0.777777,0.0
6.26069,0.0075258,44.975,0.779142,0.0
6.25024,0.00729982,44.1068,0.761403,0.0
6.24198,0.00738298,44.2237,0.774707,0.0
6.23349,0.00732767,43.222,0.771978,0.0
6.22707,0.0071222,42.8548,0.757992,0.0
6.22406,0.00695621,43.3222,0.760039,0.0
6.22343,0.00717373,43.3723,0.755263,0.0
6.21337,0.00708758,41.5693,0.752193,0.0
6.20072,0.00690332,41.8197,0.751851,0.0
6.20681,0.00694743,41.4524,0.750146,0.0
6.20243,0.00689434,40.9349,0.730701,0.0
6.18711,0.00689271,40.3673,0.736501,0.0
6.17855,0.00686538,40.2337,0.753898,0.0
6.17127,0.00681925,39.3656,0.744688,0.0
6.15879,0.00671027,39.6995,0.73923,0.0
6.15562,0.00650199,38.0634,0.733771,0.0
6.15213,0.00649113,38.1803,0.735136,0.0
6.14058,0.00637225,37.3289,0.714668,0.0
6.13205,0.00615474,37.3957,0.70921,0.0
6.12918,0.00620484,37.2788,0.720467,0.0
6.11971,0.0061874,37.2454,0.716033,0.0
6.10782,0.00583787,35.793,0.7,0.0
6.10067,0.00588335,34.5409,0.686354,0.0
6.09709,0.00591673,35.6594,0.726608,0.0
6.08825,0.00572394,34.2571,0.682943,0.0
6.07781,0.00558659,34.4908,0.7,0.0
6.08062,0.00557591,34.424,0.688742,0.0
6.07926,0.00560565,33.5893,0.689083,0.0
6.06339,0.00550486,32.0701,0.667251,0.0
6.0617,0.00546257,33.7229,0.687719,0.0
6.0639,0.00545353,33.1553,0.675097,0.0
6.05378,0.00533446,32.9549,0.670321,0.0
6.04827,0.00530856,32.7379,0.671686,0.0
6.04181,0.00518429,31.0184,0.669298,0.0
6.03347,0.00537291,31.4023,0.66384,0.0
6.02306,0.00518292,29.4324,0.644054,0.0
6.02113,0.00520615,30.7846,0.674074,0.0
6.02966,0.00534858,30.2671,0.652924,0.0
6.02653,0.00525905,29.8331,0.668957,0.0
6.01643,0.00506229,30.217,0.653265,0.0
6.00445,0.0050172,28.3806,0.636549,0.0
6.00089,0.00514466,28.0801,0.630068,0.0
6.00822,0.00518416,29.0317,0.641666,0.0
6.0042,0.00504121,28.2471,0.641325,0.0
5.99259,0.00495239,28.3472,0.642007,0.0
5.99996,0.00513314,28.0134,0.635526,0.0
6.00222,0.00521148,28.581,0.663499,0.0
5.99223,0.00499306,28.3806,0.632797,0.0
5.99178,0.00487522,28.0467,0.650536,0.0
5.989,0.00495174,26.9115,0.63075,0.0
5.98169,0.00474308,26.8614,0.63689,0.0
5.97502,0.00493892,26.9282,0.625974,0.0
5.9669,0.00481959,25.3422,0.617105,0.0
5.95856,0.00465094,25.6928,0.6096,0.0
5.95825,0.00455718,24.9082,0.608577,0.0
5.96148,0.00466682,26.0601,0.622904,0.0
5.95944,0.00459883,25.5259,0.625974,0.0
5.95187,0.00466018,24.5409,0.605848,0.0
5.94505,0.00446447,24.9416,0.605848,0.0
5.94343,0.00444703,24.374,0.597319,0.0
5.93899,0.00448015,23.005,0.584697,0.0
5.9335,0.00439758,23.5559,0.593226,0.0
5.93251,0.00431859,24.591,0.603801,0.0
5.92469,0.00432698,22.1703,0.572076,0.0
5.91755,0.00411428,22.3038,0.576169,0.0
5.91822,0.00421026,21.7863,0.578557,0.0
5.91725,0.00421097,21.5693,0.580263,0.0
5.91215,0.00420017,22.2204,0.572076,0.0
5.90474,0.00413179,20.7346,0.563889,0.0
5.90107,0.00404499,20.818,0.551949,0.0
5.90015,0.00413589,21.1853,0.554678,0.0
5.88636,0.00389137,18.6311,0.535575,0.0
5.87286,0.00386053,18.3639,0.540692,0.0
5.87182,0.0037427,18.2972,0.533869,0.0
5.86509,0.00376039,18.0634,0.551267,0.0
5.85487,0.00366,17.379,0.510672,0.0
5.85049,0.00355732,16.6277,0.51306,0.0
5.84929,0.00351946,17.6294,0.526023,0.0
5.84656,0.00351497,16.6778,0.503167,0.0
5.83862,0.00343559,16.1603,0.507261,0.0
5.83674,0.00329791,16.1603,0.511013,0.0
5.83882,0.00331359,15.7095,0.493957,0.0
5.83687,0.00335107,16.4775,0.497027,0.0
5.83425,0.00319771,14.8414,0.478606,0.0
5.83276,0.00331801,15.2755,0.492251,0.0
5.83429,0.0033376,15.9766,0.493275,0.0
5.83036,0.00321397,14.6077,0.4769,0.0
5.82483,0.00321976,14.808,0.474854,0.0
5.82527,0.00317838,14.7579,0.480994,0.0
5.82473,0.00316413,14.4574,0.462914,0.0
5.82387,0.00314312,14.6077,0.474512,0.0
5.82658,0.00320473,15.5426,0.487134,0.0
5.82316,0.00315691,14.6578,0.489863,0.0
5.81767,0.00312269,14.4908,0.488499,0.0
5.81775,0.00321007,13.3055,0.454045,0.0
5.81809,0.00307304,13.6895,0.458479,0.0
5.81854,0.00312113,14.7078,0.477241,0.0
5.81889,0.00312171,13.9733,0.461891,0.0
5.8125,0.00302704,13.6394,0.46462,0.0
5.8126,0.00309178,14.1569,0.476218,0.0
5.81527,0.00308658,13.8564,0.454386,0.0
5.81466,0.00317272,14.2571,0.474512,0.0
5.81152,0.00307447,13.6561,0.459844,0.0
5.8054,0.00301064,13.5559,0.455068,0.0
5.80416,0.00293497,12.8548,0.443811,0.0
5.80918,0.0029882,13.9566,0.468713,0.0
5.81006,0.00306413,14.0234,0.472124,0.0
5.80494,0.00293985,13.1386,0.447563,0.0
5.80075,0.0029055,12.3372,0.436988,0.0
5.79823,0.00287297,12.788,0.451657,0.0
5.80104,0.00293745,12.8548,0.455068,0.0
5.80381,0.00297011,13.3556,0.462573,0.0
5.79974,0.0028917,12.1536,0.44074,0.0
5.79757,0.00291942,12.788,0.448928,0.0
5.7988,0.00289769,12.4708,0.442446,0.0
5.79642,0.0028619,11.8698,0.439376,0.0
5.79233,0.00277908,11.6861,0.424366,0.0
5.7936,0.00283581,12.3038,0.441082,0.0
5.79201,0.0027077,11.0851,0.420955,0.0
5.78557,0.00268271,11.4524,0.416861,0.0
5.78721,0.00275943,11.9533,0.432212,0.0
5.78767,0.00269911,10.7346,0.411062,0.0
5.78733,0.00280243,12.0033,0.444152,0.0
5.79421,0.00287583,12.4374,0.441423,0.0
5.78952,0.00278682,11.6194,0.43153,0.0
5.7824,0.00275298,11.3689,0.421637,0.0
5.78582,0.00272859,11.9533,0.430165,0.0
5.7846,0.00272494,10.1836,0.398781,0.0
5.78168,0.00269748,10.9683,0.41345,0.0
5.78265,0.00272188,11.1018,0.418567,0.0
5.78197,0.00276151,11.4357,0.430507,0.0
5.78079,0.00272689,10.5843,0.413791,0.0
5.78136,0.00270614,11.1018,0.427095,0.0
5.77976,0.00270367,10.7346,0.411744,0.0
5.77443,0.00259956,10.4174,0.405945,0.0
5.77346,0.00265187,10.1669,0.398781,0.0
5.77662,0.0026712,10.4508,0.409698,0.0
5.77222,0.00261381,10.5843,0.415838,0.0
5.77177,0.00255362,10.7179,0.414473,0.0
5.77863,0.00263339,10.8013,0.419932,0.0
5.77358,0.00261023,10.0167,0.402875,0.0
5.76697,0.00253111,10.5509,0.416861,0.0
5.76872,0.00252812,9.49917,0.387183,0.0
5.76954,0.00255382,10.0167,0.40424,0.0
5.76895,0.00252272,10.2671,0.394688,0.0
5.76813,0.00245804,9.19866,0.3923,0.0
5.76825,0.00249695,10.7846,0.406969,0.0
5.76988,0.0025276,9.79967,0.394006,0.0
5.76853,0.00254458,10.4674,0.409356,0.0
5.76297,0.00244373,9.66611,0.391959,0.0
5.76056,0.00240092,9.21536,0.386842,0.0
5.76072,0.00241276,9.46578,0.386842,0.0
5.76171,0.0024015,8.96494,0.37729,0.0
5.76234,0.00240449,9.29883,0.382748,0.0
5.75804,0.00240775,8.68114,0.369444,0.0
5.75395,0.00238062,8.13022,0.360575,0.0
5.75634,0.00237886,9.34891,0.384795,0.0
5.75685,0.00236422,8.58097,0.374902,0.0
5.7538,0.00235016,8.59766,0.375585,0.0
5.75328,0.00241965,8.59766,0.36808,0.0
5.75164,0.00229857,8.08013,0.360575,0.0
5.74775,0.00222979,8.06344,0.361939,0.0
5.75335,0.00235413,9.3823,0.392982,0.0
5.75372,0.00226525,8.14691,0.359893,0.0
5.74836,0.00223591,8.29716,0.366715,0.0
5.7494,0.00225959,8.73122,0.372856,0.0
5.75077,0.00228224,8.51419,0.367056,0.0
5.74751,0.002254,8.26377,0.365351,0.0
5.74454,0.00225504,7.42905,0.339766,0.0
5.74341,0.00218841,7.64608,0.356822,0.0
5.74206,0.00219075,7.99666,0.360916,0.0
5.74364,0.00229362,7.8798,0.364668,0.0
5.74216,0.00217807,7.46244,0.34693,0.0
5.73852,0.00214013,7.36227,0.344542,0.0
5.73674,0.00208561,7.09516,0.33806,0.0
5.73638,0.00220995,7.42905,0.354434,0.0
5.73346,0.00206954,6.57763,0.326803,0.0
5.72906,0.00198293,7.01169,0.343177,0.0
5.73098,0.00207025,6.46077,0.32305,0.0
5.73089,0.00206303,6.0601,0.31077,0.0
5.72963,0.002078,6.3606,0.322368,0.0
5.7295,0.00205652,6.34391,0.320321,0.0
5.72672,0.00206628,6.24374,0.32885,0.0
5.72655,0.00202497,6.3773,0.325097,0.0
5.72779,0.00198261,6.01002,0.317592,0.0
5.72217,0.00195144,5.7596,0.299171,0.0
5.71861,0.001853,5.42571,0.298148,0.0
5.71876,0.00178318,5.47579,0.3019,0.0
5.71479,0.00177577,5.39232,0.294737,0.0
5.71266,0.00173816,4.49082,0.270858,0.0
5.71733,0.00176301,5.19199,0.287573,0.0
5.71782,0.00182743,5.37563,0.298148,0.0
5.71145,0.00171799,4.90818,0.292008,0.0
5.71099,0.00175156,4.89149,0.279045,0.0
5.71138,0.00169066,4.69115,0.279386,0.0
5.70963,0.00168045,4.95826,0.281433,0.0
5.7083,0.00161746,4.09015,0.258577,0.0
5.70944,0.00166561,4.74124,0.282456,0.0
5.71048,0.00170751,4.52421,0.273587,0.0
5.70846,0.0016498,4.60768,0.27154,0.0
5.70771,0.00162293,4.32387,0.270858,0.0
5.70655,0.00157608,4.27379,0.258918,0.0
5.70266,0.00158961,3.98998,0.25039,0.0
5.70225,0.00155435,3.72287,0.245614,0.0
5.70277,0.00153164,3.78965,0.254142,0.0
5.70353,0.00156801,3.95659,0.250731,0.0
5.70061,0.00149924,3.82304,0.245955,0.0
5.70089,0.00153489,3.83973,0.253119,0.0
5.70325,0.00153385,3.82304,0.257212,0.0
5.70208,0.0015075,3.85643,0.252436,0.0
5.70116,0.00145161,3.60601,0.245614,0.0
5.70237,0.00153398,3.55593,0.244249,0.0
5.70129,0.00153242,3.83973,0.251072,0.0
5.70087,0.00153756,3.95659,0.254142,0.0
5.6991,0.00150861,3.35559,0.23845,0.0
5.69845,0.00147946,3.60601,0.241179,0.0
5.7012,0.00157341,4.09015,0.2596,0.0
5.69867,0.00151414,3.27212,0.233674,0.0
5.69524,0.00145239,3.85643,0.251413,0.0
5.6981,0.0014695,3.3389,0.235721,0.0
5.69751,0.00143723,3.35559,0.231628,0.0
5.69627,0.00141316,3.35559,0.232651,0.0
5.69708,0.00141068,3.22204,0.226169,0.0
5.69756,0.00145246,3.60601,0.248002,0.0
5.69587,0.00137887,2.80467,0.216618,0.0
5.69473,0.00143456,3.27212,0.235039,0.0
5.69689,0.00143508,3.35559,0.237427,0.0
5.69577,0.00138817,3.0217,0.22344,0.0
5.69424,0.00137574,3.18865,0.228898,0.0
5.6958,0.00141081,3.23873,0.226852,0.0
5.69501,0.00137503,3.12187,0.22924,0.0
5.69413,0.0014116,3.27212,0.236062,0.0
5.69472,0.0014114,3.25543,0.231969,0.0
5.69545,0.00144315,3.45576,0.24152,0.0
5.69715,0.00144465,3.53923,0.245955,0.0
5.6967,0.00142545,3.68948,0.24459,0.0
5.6937,0.00137256,3.0217,0.221052,0.0
5.69368,0.00139214,3.0217,0.228557,0.0
5.69241,0.00131862,2.67112,0.209454,0.0
5.69416,0.00142441,3.30551,0.236062,0.0
5.69393,0.001387,2.88815,0.219347,0.0
5.69149,0.00136091,3.22204,0.233333,0.0
5.69281,0.00135297,2.52087,0.203996,0.0
5.69453,0.00137327,3.40568,0.234015,0.0
5.69242,0.00131231,2.68781,0.207407,0.0
5.69075,0.00132057,2.78798,0.210819,0.0
5.69115,0.0013451,2.92154,0.217982,0.0
5.69261,0.00135915,3.0384,0.221735,0.0
5.69224,0.00131979,3.0217,0.221052,0.0
5.69158,0.00129415,2.83806,0.212524,0.0
5.69099,0.00129292,3.07179,0.222758,0.0
5.69034,0.00131523,2.7212,0.209795,0.0
5.69018,0.00130476,3.0217,0.218665,0.0
5.69083,0.00129773,2.60434,0.208431,0.0
5.69124,0.00129858,2.83806,0.21116,0.0
5.69133,0.0013559,3.12187,0.234015,0.0
5.68886,0.00125817,2.15359,0.188986,0.0
5.68776,0.00131738,2.45409,0.202973,0.0
5.68852,0.00129669,2.7379,0.213206,0.0
5.68862,0.00127782,2.02003,0.180458,0.0
5.68813,0.00121796,2.70451,0.206725,0.0
5.6914,0.00129597,3.20534,0.226852,0.0
5.69018,0.00131829,2.67112,0.209454,0.0
5.68895,0.00129864,2.62104,0.206384,0.0
5.68816,0.00126409,2.4374,0.202631,0.0
5.68916,0.00123149,2.68781,0.208772,0.0
5.68998,0.00131419,2.67112,0.213548,0.0
5.68964,0.00133254,2.80467,0.212524,0.0
5.68597,0.00123006,2.00334,0.178411,0.0
5.68644,0.00123572,2.33723,0.19615,0.0
5.68848,0.00122245,2.48748,0.204337,0.0
5.68729,0.00120534,2.28715,0.194103,0.0
5.68682,0.00125127,2.47078,0.20229,0.0
5.68716,0.00125238,2.38731,0.204678,0.0
5.68708,0.00125316,2.68781,0.204678,0.0
5.68727,0.00130593,2.55426,0.20536,0.0
5.68625,0.00125036,2.50417,0.200926,0.0
5.68562,0.00118757,2.35392,0.196491,0.0
5.68536,0.00117996,2.47078,0.200926,0.0
5.68536,0.00116786,1.91987,0.177729,0.0
5.68563,0.00119376,2.33723,0.197514,0.0
5.6852,0.0012013,2.13689,0.186939,0.0
5.68556,0.00120605,2.50417,0.20229,0.0
5.6853,0.00122154,2.47078,0.203655,0.0
5.68465,0.00119616,2.20367,0.186598,0.0
5.68604,0.00122811,2.4207,0.19922,0.0
5.68814,0.0012365,2.38731,0.196491,0.0
5.68659,0.00126377,2.38731,0.204678,0.0
5.68449,0.00119519,2.22037,0.19001,0.0
5.68321,0.00116539,2.07012,0.18421,0.0
5.68391,0.0011771,1.96995,0.181481,0.0
5.68351,0.00114919,1.95326,0.176023,0.0
5.68265,0.0011283,2.18698,0.19308,0.0
5.68426,0.0011663,2.07012,0.185575,0.0
5.68539,0.00123306,2.37062,0.201608,0.0
5.68623,0.00121588,2.38731,0.197856,0.0
5.68496,0.00121262,2.13689,0.189669,0.0
5.68305,0.00115875,1.80301,0.174318,0.0
5.68413,0.00122297,2.33723,0.197514,0.0
5.68516,0.00119415,2.18698,0.191715,0.0
5.68267,0.00113617,1.95326,0.177729,0.0
5.68203,0.00113494,2.15359,0.187622,0.0
5.68405,0.00115875,1.98664,0.180799,0.0
5.68346,0.00111561,2.13689,0.188304,0.0
5.68187,0.00112127,2.03673,0.185916,0.0
5.68137,0.00112127,1.80301,0.172953,0.0
5.68289,0.00114632,2.10351,0.186939,0.0
5.68289,0.00113318,2.00334,0.181481,0.0
5.68213,0.00113728,1.75292,0.175341,0.0
5.6822,0.00115973,1.80301,0.176023,0.0
5.68334,0.00117313,2.20367,0.193762,0.0
5.68278,0.00115947,2.1202,0.188986,0.0
5.68141,0.00113643,1.5025,0.157261,0.0
5.68246,0.00112648,1.88648,0.176364,0.0
5.68488,0.0011674,2.25376,0.19001,0.0
5.68272,0.00111119,2.05342,0.180458,0.0
5.68197,0.00115758,2.03673,0.179776,0.0
5.68243,0.00110449,2.07012,0.18421,0.0
5.68113,0.00112218,2.00334,0.184552,0.0
5.68094,0.00111841,1.71953,0.169201,0.0
5.67955,0.00107599,1.78631,0.177047,0.0
5.68035,0.0011136,1.8197,0.175,0.0
5.68056,0.00110123,1.76962,0.169883,0.0
5.67918,0.00110722,1.70284,0.166813,0.0
5.67913,0.00110175,1.53589,0.158967,0.0
5.67889,0.00108269,1.85309,0.173294,0.0
5.68019,0.00110221,1.76962,0.169883,0.0
5.68169,0.00109557,1.86978,0.175682,0.0
5.68184,0.00106974,1.91987,0.185575,0.0
5.68065,0.00109447,1.61937,0.162719,0.0
5.68029,0.00109251,1.85309,0.17193,0.0
5.68108,0.0010834,1.66945,0.163401,0.0
5.67863,0.00104736,1.75292,0.167154,0.0
5.67912,0.00102491,1.40234,0.150439,0.0
5.68121,0.00108477,1.90317,0.175682,0.0
5.681,0.0010797,1.78631,0.17193,0.0
5.68015,0.00106284,1.75292,0.172271,0.0
5.68016,0.00106961,1.85309,0.173294,0.0
5.67956,0.00106076,1.63606,0.163743,0.0
5.67874,0.00102426,1.48581,0.154532,0.0
5.67993,0.00100552,1.5192,0.156238,0.0
5.67982,0.00102888,1.56928,0.162037,0.0
5.67843,0.00102829,1.53589,0.15692,0.0
5.67792,0.000980862,1.36895,0.152144,0.0
5.67824,0.00100429,1.5025,0.157261,0.0
5.67869,0.00106336,1.58598,0.164766,0.0
5.67935,0.00107794,1.71953,0.165789,0.0
5.67929,0.00104671,1.78631,0.170565,0.0
5.67913,0.00106811,1.78631,0.173635,0.0
5.67931,0.00103448,1.76962,0.169883,0.0
5.67875,0.00104014,1.53589,0.158967,0.0
5.67912,0.00104541,1.80301,0.171247,0.0
5.67986,0.00109284,1.60267,0.160331,0.0
5.6794,0.00102491,1.88648,0.173294,0.0
5.67865,0.00108484,1.48581,0.154532,0.0
5.67885,0.00105601,1.66945,0.166813,0.0
5.68001,0.00104358,1.41903,0.151121,0.0
5.68063,0.00113103,1.86978,0.175682,0.0
5.67808,0.000988735,1.48581,0.154532,0.0
5.6778,0.00103044,1.46912,0.155555,0.0
5.68028,0.00106864,1.85309,0.176706,0.0
5.6789,0.00105992,1.63606,0.163743,0.0
5.67709,0.000999405,1.41903,0.151121,0.0
5.67807,0.00102842,1.65275,0.164425,0.0
5.67873,0.00102602,1.60267,0.163743,0.0
5.67668,0.000985872,1.40234,0.150439,0.0
5.676,0.000980602,1.25209,0.144298,0.0
5.67725,0.00102185,1.28548,0.149756,0.0
5.67908,0.00103753,1.53589,0.160672,0.0
5.6791,0.00107709,1.71953,0.167495,0.0
5.67916,0.00106083,1.5192,0.159649,0.0
5.67646,0.00101665,1.38564,0.15692,0.0
5.67618,0.00100793,1.41903,0.156579,0.0
5.67878,0.000990101,1.43573,0.152144,0.0
5.67828,0.00102725,1.70284,0.166813,0.0
5.67795,0.00100715,1.43573,0.152144,0.0
5.67909,0.00106493,1.80301,0.174318,0.0
5.6785,0.00103389,1.46912,0.155555,0.0
5.67748,0.00101873,1.38564,0.153168,0.0
5.67642,0.00100702,1.28548,0.149756,0.0
5.67843,0.0010035,1.78631,0.170565,0.0
5.67771,0.00103558,1.36895,0.154191,0.0
5.67652,0.000990947,1.25209,0.142251,0.0
5.67781,0.000972924,1.41903,0.153168,0.0
5.67804,0.000987498,1.36895,0.150439,0.0
5.67734,0.00101678,1.48581,0.161696,0.0
5.67751,0.00104801,1.48581,0.158285,0.0
5.67659,0.000994395,1.35225,0.149756,0.0
5.67652,0.00103617,1.48581,0.158285,0.0
5.67621,0.000979626,1.31886,0.149756,0.0
5.67655,0.000994395,1.5025,0.157261,0.0
5.67703,0.00100292,1.25209,0.144298,0.0
5.67545,0.00101112,1.31886,0.146004,0.0
5.6755,0.000982163,1.26878,0.143275,0.0
5.67476,0.000980862,1.35225,0.147709,0.0
5.67675,0.00098431,1.43573,0.152144,0.0
5.67679,0.00100435,1.28548,0.148051,0.0
5.67575,0.000994656,1.48581,0.156238,0.0
5.6766,0.00095887,1.26878,0.143275,0.0
5.67707,0.000967068,1.33556,0.150439,0.0
5.67575,0.000930696,1.10184,0.13577,0.0
5.67638,0.00100429,1.48581,0.154532,0.0
5.67751,0.000997258,1.38564,0.149415,0.0
5.67628,0.000976633,1.05175,0.130653,0.0
5.67566,0.000959195,1.35225,0.147709,0.0
5.67711,0.000979951,1.61937,0.167836,0.0
5.6759,0.000976112,1.23539,0.143275,0.0
5.67432,0.000914235,1.33556,0.148733,0.0
5.67586,0.000936162,1.2187,0.142593,0.0
5.67683,0.000983725,1.53589,0.162378,0.0
5.67598,0.000964661,1.28548,0.144298,0.0
5.67596,0.000952884,1.31886,0.146004,0.0
5.67666,0.000980016,1.33556,0.152485,0.0
5.67512,0.000951843,1.26878,0.147027,0.0
5.67507,0.000970256,1.28548,0.144298,0.0
5.67639,0.000995697,1.13523,0.137817,0.0
5.67556,0.000934991,1.202,0.141569,0.0
5.67496,0.000948785,1.16861,0.137817,0.0
5.67499,0.00096876,1.28548,0.149756,0.0
5.67345,0.000932778,1.11853,0.134747,0.0
5.67353,0.000921327,1.00167,0.132017,0.0
5.67321,0.000917748,0.96828,0.125536,0.0
5.67559,0.00096876,1.41903,0.153168,0.0
5.6766,0.0010106,1.5025,0.160672,0.0
5.67518,0.000987108,1.23539,0.143275,0.0
5.67206,0.000951322,1.08514,0.13884,0.0
5.67255,0.00088912,0.96828,0.127924,0.0
5.67439,0.000907403,1.18531,0.138499,0.0
5.67605,0.000966612,1.25209,0.142251,0.0
5.67583,0.000968499,1.53589,0.15692,0.0
5.67369,0.000920221,0.918197,0.122466,0.0
5.67279,0.000892373,1.06845,0.131676,0.0
5.67549,0.000927183,1.2187,0.142593,0.0
5.6749,0.00093473,0.96828,0.127924,0.0
5.67349,0.000893804,1.00167,0.129971,0.0
5.67558,0.000933494,1.35225,0.147709,0.0
5.67636,0.000956788,1.31886,0.147709,0.0
5.67478,0.000942929,1.11853,0.134747,0.0
5.67371,0.000919765,1.15192,0.136793,0.0
5.6758,0.00094924,1.23539,0.143275,0.0
5.6758,0.000958414,1.03506,0.12963,0.0
5.67445,0.000910786,1.28548,0.144298,0.0
5.67441,0.000912218,1.08514,0.1327,0.0
5.67489,0.000917228,1.28548,0.144298,0.0
5.67388,0.000895626,0.901503,0.121442,0.0
5.67344,0.000908054,1.25209,0.148051,0.0
5.67453,0.000934665,1.06845,0.131676,0.0
5.67398,0.000888534,0.984975,0.128947,0.0
5.67336,0.000950671,1.2187,0.144298,0.0
5.67481,0.000925231,1.05175,0.135088,0.0
5.6745,0.000905971,1.16861,0.139522,0.0
5.67379,0.000930046,0.918197,0.124513,0.0
5.67203,0.000906232,0.868114,0.121442,0.0
5.67256,0.000877082,0.951586,0.126901,0.0
5.6731,0.000936617,1.03506,0.134064,0.0
5.67361,0.000916447,0.951586,0.128947,0.0
5.67411,0.000929005,1.26878,0.145322,0.0
5.67374,0.000925947,1.11853,0.134747,0.0
5.6731,0.000906297,1.2187,0.144298,0.0
5.67442,0.000919375,1.13523,0.139863,0.0
5.67358,0.000895171,1.00167,0.127583,0.0
5.67209,0.000870251,0.868114,0.119055,0.0
5.67294,0.000917878,1.10184,0.133723,0.0
5.67313,0.000851121,0.884808,0.120078,0.0
5.67397,0.000887168,1.16861,0.139522,0.0
5.67451,0.000921978,1.11853,0.134747,0.0
5.67376,0.000936032,1.28548,0.146004,0.0
5.67442,0.00094423,1.16861,0.139522,0.0
5.67399,0.000903304,1.23539,0.141569,0.0
5.67284,0.000923734,1.06845,0.133723,0.0
5.67324,0.000901352,1.05175,0.133041,0.0
5.67182,0.000908639,0.951586,0.126901,0.0
5.67076,0.000862247,0.918197,0.124513,0.0
5.67198,0.000867192,0.934891,0.127924,0.0
5.67324,0.000867648,0.951586,0.126901,0.0
5.6736,0.000908444,1.00167,0.134064,0.0
5.67254,0.000878384,1.06845,0.131676,0.0
5.67381,0.000891592,1.00167,0.127583,0.0
5.67413,0.000893999,1.11853,0.136793,0.0
5.67216,0.000898554,0.851419,0.118031,0.0
5.6719,0.00085021,0.734558,0.112232,0.0
5.67308,0.000881962,1.01836,0.130994,0.0
5.67362,0.000873178,0.951586,0.124513,0.0
5.6732,0.000862508,0.801336,0.117008,0.0
5.6727,0.000865175,1.00167,0.127583,0.0
5.67333,0.00087435,0.934891,0.123489,0.0
5.67275,0.000843053,0.96828,0.127924,0.0
5.67427,0.000913584,1.33556,0.148733,0.0
5.67453,0.000907143,1.202,0.139522,0.0
5.67338,0.000914365,1.03506,0.132017,0.0
5.67239,0.000838238,0.901503,0.121442,0.0
5.67292,0.000877603,1.08514,0.134747,0.0
5.67286,0.000899595,1.15192,0.136793,0.0
5.67179,0.000863484,0.784641,0.113255,0.0
5.67182,0.000868819,0.851419,0.118031,0.0
5.67158,0.000854049,0.984975,0.126559,0.0
5.67168,0.000914755,1.15192,0.13884,0.0
5.67223,0.000913975,1.05175,0.130653,0.0
5.67112,0.000822362,0.801336,0.11462,0.0
5.67042,0.000858929,0.717863,0.111209,0.0
5.67162,0.000836612,0.834725,0.116667,0.0
5.67305,0.00082002,1.00167,0.129971,0.0
5.67263,0.000851707,0.734558,0.109844,0.0
5.67139,0.000838824,0.901503,0.123489,0.0
5.6716,0.000843899,0.951586,0.126901,0.0
5.67215,0.000851382,0.751252,0.118372,0.0
5.67225,0.000882873,1.28548,0.146004,0.0
5.67288,0.00085945,0.81803,0.115643,0.0
5.6732,0.000838434,1.03506,0.132017,0.0
5.67382,0.000840516,0.918197,0.124513,0.0
5.67225,0.00085984,0.901503,0.121442,0.0
5.67202,0.00084969,0.767947,0.112232,0.0
5.67282,0.00083453,0.784641,0.113255,0.0
5.67117,0.000804925,0.534224,0.0938109,0.0
5.67076,0.000808243,1.00167,0.127583,0.0
5.67218,0.000851251,0.734558,0.109844,0.0
5.67294,0.00086023,0.901503,0.125877,0.0
5.67225,0.000837067,0.801336,0.11462,0.0
5.67254,0.000815726,0.751252,0.110867,0.0
5.67296,0.000862833,1.03506,0.12963,0.0
5.67283,0.000905581,1.06845,0.133723,0.0
5.6718,0.000908834,0.851419,0.118031,0.0
5.67122,0.000911177,0.934891,0.125877,0.0
5.66997,0.000843248,0.684474,0.106092,0.0
5.66877,0.000778834,0.550918,0.0951754,0.0
5.67062,0.000828999,0.651085,0.103363,0.0
5.67246,0.000843769,0.901503,0.121442,0.0
5.67178,0.000887428,0.951586,0.126901,0.0
5.67077,0.000841817,1.01836,0.128606,0.0
5.67049,0.000837067,0.767947,0.11462,0.0
5.67131,0.000811366,0.884808,0.122466,0.0
5.67218,0.000841817,1.00167,0.127583,0.0
5.6719,0.000797768,0.884808,0.120078,0.0
5.67146,0.000807137,0.81803,0.115643,0.0
5.67266,0.000862963,1.08514,0.136793,0.0
5.67239,0.000856977,0.834725,0.116667,0.0
5.67148,0.000846111,0.834725,0.116667,0.0
5.67217,0.000850666,0.934891,0.125877,0.0
5.67046,0.000795946,0.601002,0.0992689,0.0
5.66991,0.000777858,0.767947,0.112232,0.0
5.67037,0.000805706,0.734558,0.109844,0.0
5.66998,0.000763088,0.584307,0.0979044,0.0
5.67036,0.000818393,0.81803,0.115643,0.0
5.67166,0.000842077,0.717863,0.108479,0.0
5.67114,0.000825616,0.951586,0.126901,0.0
5.67131,0.000809935,0.884808,0.120078,0.0
5.67139,0.000811952,0.81803,0.115643,0.0
5.67033,0.000813123,0.651085,0.106092,0.0
5.66962,0.000794514,0.66778,0.104727,0.0
5.67054,0.000842142,0.901503,0.123489,0.0
5.67094,0.000852292,0.884808,0.120078,0.0
5.66951,0.000811952,0.751252,0.113596,0.0
5.67,0.000790025,0.651085,0.103363,0.0
5.67116,0.000846892,0.851419,0.120419,0.0
5.66977,0.000792953,0.584307,0.0979044,0.0
5.66943,0.000761071,0.684474,0.106092,0.0
5.67134,0.000851447,0.901503,0.123489,0.0
5.67091,0.00079497,0.734558,0.112232,0.0
5.66986,0.000826006,0.834725,0.116667,0.0
5.66985,0.00078046,0.701169,0.107115,0.0
5.66941,0.000776101,0.601002,0.0992689,0.0
5.66873,0.000763413,0.601002,0.0992689,0.0
5.66988,0.000754759,0.417362,0.0828947,0.0
5.67002,0.000765365,0.66778,0.107456,0.0
5.66971,0.000791586,0.717863,0.108479,0.0
5.66963,0.000801541,0.767947,0.112232,0.0
5.67019,0.000764844,0.717863,0.108479,0.0
5.67054,0.00082041,0.81803,0.118031,0.0
5.66975,0.000802322,0.584307,0.0979044,0.0
5.66849,0.000811952,0.66778,0.104727,0.0
5.67063,0.000794189,0.717863,0.111209,0.0
5.66997,0.000819695,0.767947,0.112232,0.0
5.66846,0.000748383,0.66778,0.104727,0.0
5.66894,0.000793343,0.684474,0.108479,0.0
5.67046,0.000810651,0.684474,0.108479,0.0
5.67108,0.000813904,0.651085,0.103363,0.0
5.67082,0.000799199,0.717863,0.108479,0.0
5.67008,0.000828804,0.751252,0.110867,0.0
5.66933,0.0007599,0.534224,0.0938109,0.0
5.66941,0.000806226,0.751252,0.113596,0.0
5.67011,0.000793799,0.467446,0.0876705,0.0
5.67004,0.000823338,0.918197,0.124513,0.0
5.66962,0.000808438,0.684474,0.106092,0.0
5.66929,0.000791651,0.66778,0.107456,0.0
5.66941,0.000796661,0.784641,0.115643,0.0
5.66973,0.000785145,0.701169,0.107115,0.0
5.66932,0.00075502,0.601002,0.0992689,0.0
5.66945,0.000772197,0.617696,0.103363,0.0
5.66932,0.000787422,0.684474,0.106092,0.0
5.66991,0.000822492,0.784641,0.113255,0.0
5.67113,0.000810195,0.717863,0.108479,0.0
5.67052,0.000819499,0.717863,0.108479,0.0
5.66942,0.000798093,0.684474,0.106092,0.0
5.66926,0.000824379,0.634391,0.101998,0.0
5.66991,0.000803233,0.751252,0.110867,0.0
5.67011,0.000800826,0.584307,0.0979044,0.0
5.66966,0.000802257,0.834725,0.116667,0.0
5.67091,0.000830561,0.81803,0.115643,0.0
5.66956,0.000754824,0.584307,0.0979044,0.0
5.6686,0.000781761,0.717863,0.111209,0.0
5.6699,0.000770961,0.66778,0.107456,0.0
5.6693,0.000746756,0.651085,0.103363,0.0
5.66929,0.000778248,0.601002,0.0992689,0.0
5.66954,0.000768358,0.651085,0.106092,0.0
5.66956,0.000762307,0.48414,0.0893762,0.0
5.66968,0.000756972,0.701169,0.109844,0.0
5.67068,0.000784429,0.651085,0.103363,0.0
5.66914,0.000778248,0.801336,0.11462,0.0
5.66966,0.000782087,0.701169,0.107115,0.0
5.67069,0.000788008,0.751252,0.113596,0.0
5.66979,0.000791326,0.66778,0.104727,0.0
5.66945,0.000776817,0.601002,0.0992689,0.0
5.67005,0.000762697,0.584307,0.0979044,0.0
5.66953,0.000758338,0.784641,0.113255,0.0
5.66883,0.000763868,0.584307,0.100975,0.0
5.66868,0.000742722,0.434057,0.0846003,0.0
5.66868,0.000763999,0.517529,0.0924463,0.0
5.66982,0.00077031,0.517529,0.0951754,0.0
5.66933,0.000757948,0.701169,0.107115,0.0
5.67033,0.000812668,0.66778,0.107456,0.0
5.66876,0.000771676,0.634391,0.101998,0.0
5.66862,0.000787227,0.684474,0.106092,0.0
5.66954,0.000795295,0.601002,0.0992689,0.0
5.66824,0.000772262,0.550918,0.0951754,0.0
5.66938,0.000764064,0.601002,0.0992689,0.0
5.66917,0.000764389,0.634391,0.101998,0.0
5.66831,0.000775906,0.550918,0.0951754,0.0
5.67005,0.000820345,0.684474,0.106092,0.0
5.67008,0.000788008,0.651085,0.106092,0.0
5.66864,0.000762762,0.517529,0.0924463,0.0
5.67063,0.00080024,0.767947,0.112232,0.0
5.67055,0.000805901,0.450751,0.086306,0.0
5.66882,0.000781761,0.534224,0.0938109,0.0
5.66891,0.00074578,0.550918,0.0951754,0.0
5.66863,0.000766471,0.634391,0.104727,0.0
5.67053,0.000801216,0.701169,0.107115,0.0
5.6701,0.000803298,0.684474,0.108479,0.0
5.66945,0.000816962,0.767947,0.11462,0.0
5.66937,0.000747277,0.567613,0.0996101,0.0
5.66848,0.000776426,0.534224,0.0938109,0.0
5.66858,0.000769074,0.584307,0.103704,0.0
5.66991,0.000781827,0.584307,0.0979044,0.0
5.66848,0.000761526,0.584307,0.0979044,0.0
5.66884,0.000741161,0.517529,0.0924463,0.0
5.66937,0.000734003,0.634391,0.101998,0.0
5.66937,0.000739274,0.617696,0.100633,0.0
5.6689,0.00078046,0.701169,0.109844,0.0
5.66913,0.000776686,0.500835,0.0907407,0.0
5.66813,0.000757622,0.66778,0.104727,0.0
5.6692,0.000793668,0.751252,0.113596,0.0
5.66971,0.000797703,0.66778,0.104727,0.0
5.66982,0.000761917,0.751252,0.110867,0.0
5.66988,0.000798223,0.684474,0.108479,0.0
5.66839,0.00076068,0.684474,0.106092,0.0
5.66794,0.000768033,0.417362,0.0828947,0.0
5.66853,0.000776686,0.684474,0.106092,0.0
5.66853,0.000753068,0.651085,0.103363,0.0
5.66891,0.000736606,0.383973,0.0798245,0.0
5.66952,0.000772457,0.684474,0.106092,0.0
5.66884,0.000759704,0.634391,0.101998,0.0
5.66714,0.000743503,0.383973,0.0798245,0.0
5.66739,0.000734719,0.434057,0.0846003,0.0
5.66775,0.000722422,0.450751,0.0893762,0.0
5.66868,0.000729384,0.601002,0.0992689,0.0
5.66867,0.000746106,0.517529,0.0924463,0.0
5.6694,0.000763738,0.567613,0.0965399,0.0
5.6689,0.000753003,0.567613,0.0965399,0.0
5.66844,0.000741681,0.534224,0.0938109,0.0
5.66916,0.000776751,0.651085,0.103363,0.0
5.66755,0.000740705,0.517529,0.0924463,0.0
5.6674,0.000775906,0.651085,0.106092,0.0
5.66779,0.000754434,0.500835,0.0907407,0.0
5.66785,0.000742722,0.534224,0.0938109,0.0
5.66861,0.000777077,0.734558,0.109844,0.0
5.66794,0.000759054,0.517529,0.0924463,0.0
5.66805,0.000722942,0.517529,0.0924463,0.0
5.66788,0.000734784,0.517529,0.0924463,0.0
5.66757,0.000732702,0.48414,0.0893762,0.0
5.66922,0.000744414,0.651085,0.106092,0.0
5.6682,0.000750595,0.434057,0.0880116,0.0
5.6681,0.000751896,0.617696,0.103363,0.0
5.66892,0.000739729,0.534224,0.0938109,0.0
5.66851,0.00074565,0.66778,0.104727,0.0
5.66958,0.000798613,0.684474,0.106092,0.0
5.66825,0.000760941,0.450751,0.086306,0.0
5.66845,0.000764844,0.534224,0.0996101,0.0
5.66833,0.00075554,0.48414,0.0893762,0.0
5.6694,0.000761461,0.651085,0.103363,0.0
5.66915,0.000760225,0.601002,0.0992689,0.0
5.66837,0.000744674,0.534224,0.0938109,0.0
5.66834,0.000731401,0.567613,0.0996101,0.0
5.66892,0.000756516,0.567613,0.0965399,0.0
5.66922,0.000737777,0.651085,0.103363,0.0
5.66846,0.000746171,0.500835,0.0907407,0.0
5.66709,0.000736736,0.450751,0.086306,0.0
5.66696,0.00071559,0.450751,0.086306,0.0
5.66678,0.000720535,0.617696,0.100633,0.0
5.66752,0.000729579,0.383973,0.0798245,0.0
5.66854,0.000769009,0.734558,0.109844,0.0
5.66924,0.000754759,0.434057,0.0846003,0.0
5.66875,0.000782607,0.66778,0.104727,0.0
5.66676,0.000721381,0.283806,0.0685672,0.0
5.66664,0.000722162,0.534224,0.0938109,0.0
5.66863,0.00076003,0.534224,0.0938109,0.0
5.66798,0.000732442,0.584307,0.0979044,0.0
5.66675,0.000732442,0.467446,0.0876705,0.0
5.66796,0.000753588,0.417362,0.0828947,0.0
5.66764,0.00070622,0.350584,0.0760721,0.0
5.66735,0.000708303,0.48414,0.0893762,0.0
5.66787,0.000723007,0.500835,0.0938109,0.0
5.66825,0.000700104,0.517529,0.0924463,0.0
5.66886,0.000716306,0.534224,0.0938109,0.0
5.66808,0.000710905,0.383973,0.0798245,0.0
5.66752,0.000721511,0.534224,0.0938109,0.0
5.66861,0.000728993,0.634391,0.101998,0.0
5.6692,0.000722747,0.584307,0.100975,0.0
5.6671,0.000727237,0.367279,0.0781189,0.0
5.6675,0.000713638,0.450751,0.086306,0.0
5.66864,0.000742462,0.701169,0.107115,0.0
5.66681,0.000708303,0.450751,0.086306,0.0
5.66631,0.000727627,0.383973,0.0798245,0.0
5.66698,0.00073101,0.567613,0.0996101,0.0
5.66656,0.000714224,0.300501,0.070614,0.0
5.66685,0.000721771,0.601002,0.0992689,0.0
5.66782,0.000717802,0.601002,0.0992689,0.0
5.66731,0.000717997,0.400668,0.0815302,0.0
5.66783,0.000753328,0.500835,0.0907407,0.0
5.668,0.000731531,0.584307,0.0979044,0.0
5.66714,0.000742267,0.500835,0.0907407,0.0
5.66809,0.000738298,0.450751,0.086306,0.0
5.66736,0.00069054,0.400668,0.0815302,0.0
5.66677,0.000692557,0.33389,0.0743664,0.0
5.66684,0.000662366,0.317195,0.0726608,0.0
5.66707,0.000685204,0.550918,0.0982456,0.0
5.66839,0.00072021,0.617696,0.103363,0.0
5.66825,0.000720275,0.400668,0.0846003,0.0
5.66728,0.000689564,0.434057,0.0846003,0.0
5.66754,0.000702772,0.500835,0.0907407,0.0
5.66703,0.000703813,0.317195,0.0726608,0.0
5.66673,0.000709279,0.400668,0.0815302,0.0
5.6668,0.000704659,0.450751,0.0893762,0.0
5.66682,0.000699324,0.367279,0.0781189,0.0
5.66612,0.000684554,0.367279,0.0781189,0.0
5.66723,0.000701341,0.400668,0.0815302,0.0
5.6669,0.000705049,0.517529,0.0924463,0.0
5.66665,0.000717086,0.383973,0.0798245,0.0
5.66783,0.000686245,0.367279,0.0781189,0.0
5.66712,0.000702186,0.367279,0.0781189,0.0
5.66735,0.000710189,0.450751,0.086306,0.0
5.66675,0.000701536,0.400668,0.0815302,0.0
5.66606,0.00070121,0.383973,0.0798245,0.0
5.66689,0.000704464,0.500835,0.0907407,0.0
5.66791,0.000710775,0.283806,0.0685672,0.0
5.66752,0.000726196,0.517529,0.0924463,0.0
5.66826,0.000732637,0.500835,0.0907407,0.0
5.66821,0.00070531,0.317195,0.0726608,0.0
5.66673,0.000684489,0.33389,0.0743664,0.0
5.66784,0.000687677,0.400668,0.0815302,0.0
5.66788,0.000688262,0.450751,0.086306,0.0
5.66712,0.000732897,0.48414,0.0893762,0.0
5.66754,0.000733093,0.383973,0.0798245,0.0
5.66741,0.000701406,0.367279,0.0781189,0.0
5.66713,0.000711816,0.367279,0.0781189,0.0
5.66743,0.000685465,0.367279,0.0781189,0.0
5.66673,0.000694248,0.350584,0.0760721,0.0
5.66715,0.000738103,0.500835,0.0907407,0.0
5.66766,0.000683773,0.48414,0.0893762,0.0
5.66626,0.000708563,0.417362,0.0828947,0.0
5.66696,0.000707066,0.317195,0.0726608,0.0
5.66609,0.000683317,0.517529,0.0924463,0.0
5.66608,0.000698087,0.367279,0.0781189,0.0
5.66719,0.000698543,0.417362,0.0828947,0.0
5.6671,0.000713833,0.400668,0.0815302,0.0
5.66731,0.000671606,0.33389,0.0743664,0.0
5.66811,0.000737387,0.534224,0.0938109,0.0
5.6675,0.000708563,0.400668,0.0815302,0.0
5.66551,0.000687872,0.33389,0.0743664,0.0
5.6664,0.000679544,0.400668,0.0815302,0.0
5.66717,0.000694183,0.417362,0.0828947,0.0
5.66665,0.000685465,0.367279,0.0781189,0.0
5.66681,0.000707522,0.350584,0.0760721,0.0
5.66677,0.000662497,0.383973,0.0798245,0.0
5.66692,0.00069093,0.48414,0.0893762,0.0
5.66745,0.000699063,0.317195,0.0726608,0.0
5.66691,0.000678503,0.350584,0.0760721,0.0
5.66756,0.000707457,0.550918,0.0951754,0.0
5.66872,0.000709539,0.400668,0.0815302,0.0
5.66783,0.000678242,0.350584,0.0760721,0.0
5.66704,0.000666075,0.417362,0.0828947,0.0
5.66677,0.000663863,0.317195,0.0726608,0.0
5.66702,0.000711751,0.417362,0.0828947,0.0
5.66817,0.000718973,0.383973,0.0798245,0.0
5.66641,0.000668157,0.300501,0.070614,0.0
5.6674,0.000678177,0.450751,0.086306,0.0
5.66688,0.0006962,0.450751,0.086306,0.0
5.66508,0.00066126,0.350584,0.0760721,0.0
5.66675,0.000704334,0.450751,0.0893762,0.0
5.66711,0.000729644,0.517529,0.0924463,0.0
5.66603,0.000684944,0.33389,0.0743664,0.0
5.66575,0.000694118,0.300501,0.070614,0.0
5.66663,0.000659243,0.350584,0.0760721,0.0
5.66636,0.000640504,0.200334,0.057651,0.0
5.66701,0.000679218,0.450751,0.086306,0.0
5.66763,0.000689499,0.400668,0.0815302,0.0
5.66716,0.000697372,0.417362,0.0828947,0.0
5.66646,0.000715265,0.300501,0.070614,0.0
5.66658,0.000658593,0.283806,0.0685672,0.0
5.66704,0.000687221,0.350584,0.0760721,0.0
5.66671,0.000677852,0.367279,0.0781189,0.0
5.66762,0.000703813,0.48414,0.0893762,0.0
5.66657,0.00071533,0.367279,0.0781189,0.0
5.66604,0.000679218,0.300501,0.070614,0.0
5.66632,0.000683903,0.317195,0.0726608,0.0
5.66495,0.000646165,0.283806,0.0685672,0.0
5.66499,0.000630224,0.233723,0.0624269,0.0
5.66758,0.000684293,0.417362,0.0828947,0.0
5.66693,0.00067551,0.383973,0.0798245,0.0
5.66662,0.000717867,0.383973,0.0798245,0.0
5.66584,0.000681431,0.250417,0.0644736,0.0
5.66629,0.000687352,0.400668,0.0815302,0.0
5.66691,0.000687677,0.467446,0.0876705,0.0
5.66755,0.00072522,0.33389,0.0743664,0.0
5.66769,0.000729904,0.534224,0.0938109,0.0
5.66628,0.000687286,0.283806,0.0685672,0.0
5.6652,0.000677201,0.267112,0.0665204,0.0
5.66567,0.000652607,0.300501,0.070614,0.0
5.66588,0.000663472,0.317195,0.0726608,0.0
5.66591,0.000633607,0.217028,0.0600389,0.0
5.66639,0.000663603,0.367279,0.0815302,0.0
5.66776,0.000705114,0.367279,0.0781189,0.0
5.66663,0.00066575,0.383973,0.0798245,0.0
5.66727,0.000707522,0.383973,0.0798245,0.0
5.6664,0.000669654,0.233723,0.0624269,0.0
5.66632,0.000683122,0.434057,0.0846003,0.0
5.66702,0.000664774,0.417362,0.0828947,0.0
5.667,0.0006813,0.33389,0.0743664,0.0
5.66629,0.000687417,0.33389,0.0743664,0.0
5.66651,0.000671215,0.367279,0.0781189,0.0
5.6667,0.00067564,0.383973,0.0798245,0.0
5.66633,0.000701015,0.534224,0.0938109,0.0
5.66689,0.000711231,0.317195,0.0726608,0.0
5.66629,0.000695485,0.383973,0.0798245,0.0
5.66535,0.000684814,0.383973,0.0798245,0.0
5.66679,0.00068091,0.283806,0.0685672,0.0
5.6666,0.000649288,0.350584,0.0760721,0.0
5.66498,0.000669393,0.250417,0.0644736,0.0
5.66589,0.000659569,0.367279,0.0781189,0.0
5.66602,0.00067089,0.33389,0.0743664,0.0
5.66542,0.000671931,0.283806,0.0685672,0.0
5.66708,0.000690475,0.33389,0.0743664,0.0
5.66691,0.000688978,0.33389,0.0781189,0.0
5.66588,0.000682992,0.233723,0.0624269,0.0
5.66639,0.000655469,0.300501,0.070614,0.0
5.66655,0.000661976,0.33389,0.0743664,0.0
5.66755,0.00067089,0.367279,0.0781189,0.0
5.6673,0.00070557,0.450751,0.086306,0.0
5.66766,0.000686896,0.450751,0.086306,0.0
5.66708,0.000683513,0.434057,0.0846003,0.0
5.66752,0.000701926,0.500835,0.0907407,0.0
5.66752,0.000674469,0.300501,0.070614,0.0
5.66786,0.000643758,0.267112,0.0665204,0.0
5.66691,0.000655795,0.33389,0.0743664,0.0
5.66622,0.000656641,0.250417,0.0644736,0.0
5.66561,0.000646751,0.233723,0.0624269,0.0
5.66649,0.000679153,0.283806,0.0685672,0.0
5.66658,0.000634063,0.250417,0.0644736,0.0
5.66577,0.000679348,0.400668,0.0815302,0.0
5.66542,0.000655795,0.250417,0.0644736,0.0
5.66536,0.000675314,0.467446,0.0876705,0.0
5.6661,0.000684424,0.367279,0.0781189,0.0
5.66663,0.000702382,0.350584,0.0760721,0.0
5.66533,0.000666205,0.300501,0.070614,0.0
5.66545,0.000674989,0.434057,0.0846003,0.0
5.66603,0.000672712,0.317195,0.0726608,0.0
5.66496,0.000633673,0.267112,0.0665204,0.0
5.66569,0.000644734,0.300501,0.070614,0.0
5.66621,0.000658788,0.317195,0.0726608,0.0
5.66657,0.000674208,0.317195,0.0726608,0.0
5.66737,0.0006908,0.33389,0.0743664,0.0
5.66602,0.000665164,0.317195,0.0726608,0.0
5.66686,0.000664579,0.350584,0.0760721,0.0
5.66741,0.000695615,0.367279,0.0781189,0.0
5.66628,0.000663472,0.317195,0.0726608,0.0
5.6669,0.000658983,0.250417,0.0644736,0.0
5.66667,0.000635299,0.267112,0.0665204,0.0
5.66666,0.000634388,0.166945,0.0525341,0.0
5.66584,0.000623132,0.183639,0.0552631,0.0
5.66508,0.00062658,0.183639,0.0552631,0.0
5.66635,0.000648377,0.283806,0.0685672,0.0
5.66691,0.000659373,0.317195,0.0726608,0.0
5.66595,0.000673623,0.300501,0.070614,0.0
5.66555,0.000661651,0.283806,0.0685672,0.0
5.6656,0.000670369,0.300501,0.070614,0.0
5.66568,0.000637707,0.217028,0.0644736,0.0
5.66459,0.000627752,0.317195,0.0726608,0.0
5.66496,0.000638422,0.33389,0.0743664,0.0
5.66599,0.00065625,0.300501,0.070614,0.0
5.66677,0.000686636,0.417362,0.0828947,0.0
5.66689,0.00070095,0.467446,0.0910818,0.0
5.66646,0.000679283,0.283806,0.0685672,0.0
5.66513,0.000659569,0.300501,0.070614,0.0
5.66541,0.000656771,0.267112,0.0665204,0.0
5.66482,0.000643693,0.283806,0.0685672,0.0
5.66556,0.00064148,0.233723,0.0624269,0.0
5.66688,0.000651305,0.33389,0.0743664,0.0
5.66679,0.000670695,0.33389,0.0743664,0.0
5.66656,0.0006461,0.233723,0.0624269,0.0
5.66596,0.000638617,0.300501,0.070614,0.0
5.66646,0.000658137,0.217028,0.0600389,0.0
5.66646,0.000633087,0.217028,0.0600389,0.0
5.6659,0.000627817,0.233723,0.0624269,0.0
5.66593,0.000668483,0.400668,0.0815302,0.0
5.66681,0.000661976,0.33389,0.0743664,0.0
5.66601,0.00064649,0.283806,0.0685672,0.0
5.66561,0.000650069,0.317195,0.0726608,0.0
5.66529,0.000663212,0.217028,0.0600389,0.0
5.66439,0.00063569,0.267112,0.0665204,0.0
5.6661,0.0006461,0.283806,0.0726608,0.0
5.66667,0.000663538,0.317195,0.0726608,0.0
5.6657,0.000656836,0.250417,0.0644736,0.0
5.66546,0.000639203,0.217028,0.0600389,0.0
5.66597,0.000654233,0.200334,0.057651,0.0
5.66602,0.000655404,0.283806,0.0764132,0.0
5.66619,0.000643497,0.300501,0.070614,0.0
5.66531,0.000631265,0.217028,0.0600389,0.0
5.66583,0.000640504,0.200334,0.057651,0.0
5.66622,0.000624628,0.200334,0.057651,0.0
5.66555,0.000649548,0.317195,0.0726608,0.0
5.66596,0.00064623,0.250417,0.0644736,0.0
5.66543,0.000644408,0.217028,0.0600389,0.0
5.66553,0.000649874,0.250417,0.0644736,0.0
5.66496,0.000616821,0.133556,0.047076,0.0
5.66561,0.000630679,0.267112,0.0665204,0.0
5.66639,0.000654559,0.267112,0.0665204,0.0
5.6659,0.000667311,0.317195,0.0726608,0.0
5.66603,0.00065651,0.183639,0.0552631,0.0
5.66586,0.000637772,0.217028,0.0600389,0.0
5.66568,0.000648638,0.283806,0.0726608,0.0
5.66529,0.000665945,0.233723,0.0624269,0.0
5.66504,0.000614348,0.267112,0.0665204,0.0
5.66397,0.000640635,0.217028,0.0600389,0.0
5.66492,0.000612721,0.283806,0.0685672,0.0
5.6656,0.000648377,0.267112,0.0665204,0.0
5.66491,0.000669133,0.300501,0.070614,0.0
5.66567,0.000665164,0.300501,0.070614,0.0
5.66614,0.000681626,0.33389,0.0743664,0.0
5.66643,0.000655665,0.300501,0.070614,0.0
5.66608,0.000643107,0.317195,0.0726608,0.0
5.66576,0.000639398,0.367279,0.0781189,0.0
5.66631,0.000663928,0.217028,0.0600389,0.0
5.66619,0.000632111,0.267112,0.0665204,0.0
5.66591,0.00066074,0.383973,0.0798245,0.0
5.66546,0.000637642,0.183639,0.0552631,0.0
5.66404,0.000618838,0.166945,0.0525341,0.0
5.66464,0.000630094,0.15025,0.0501462,0.0
5.66577,0.000603092,0.100167,0.0409356,0.0
5.66531,0.000620334,0.233723,0.0624269,0.0
5.66648,0.000633217,0.233723,0.0624269,0.0
5.66604,0.000640374,0.217028,0.0600389,0.0
5.66597,0.000642326,0.33389,0.0743664,0.0
5.66694,0.000643432,0.317195,0.0726608,0.0
5.66587,0.000637316,0.217028,0.0600389,0.0
5.66521,0.00065085,0.267112,0.0665204,0.0
5.666,0.000597821,0.15025,0.0501462,0.0
5.66551,0.000633673,0.317195,0.0726608,0.0
5.66579,0.0006366,0.183639,0.0552631,0.0
5.6653,0.000632371,0.267112,0.0665204,0.0
5.66504,0.000627947,0.250417,0.0644736,0.0
5.66442,0.000598017,0.166945,0.0525341,0.0
5.66538,0.00062619,0.283806,0.0685672,0.0
5.66635,0.000637642,0.283806,0.0685672,0.0
5.66595,0.000630614,0.317195,0.0726608,0.0
5.66538,0.000631005,0.283806,0.0685672,0.0
5.66556,0.00062118,0.200334,0.057651,0.0
5.66531,0.000636991,0.183639,0.0552631,0.0
5.66533,0.000640895,0.283806,0.0685672,0.0
5.66596,0.000634323,0.283806,0.0685672,0.0
5.66613,0.000707001,0.317195,0.0764132,0.0
5.6656,0.000644538,0.250417,0.0644736,0.0
5.66473,0.000625149,0.166945,0.0525341,0.0
5.66447,0.00059177,0.133556,0.047076,0.0
5.66558,0.000646165,0.267112,0.0665204,0.0
5.66553,0.000630289,0.133556,0.047076,0.0
5.66558,0.000640309,0.183639,0.0552631,0.0
5.66511,0.000625669,0.250417,0.0644736,0.0
5.66529,0.000637772,0.283806,0.0685672,0.0
5.66545,0.000625865,0.166945,0.0525341,0.0
5.66458,0.000633738,0.300501,0.070614,0.0
5.66573,0.000649548,0.283806,0.0685672,0.0
5.66547,0.000625539,0.267112,0.0665204,0.0
5.66422,0.000636015,0.217028,0.0600389,0.0
5.66474,0.000615389,0.15025,0.0501462,0.0
5.66572,0.000637056,0.283806,0.0685672,0.0
5.66606,0.000654559,0.33389,0.0743664,0.0
5.66563,0.000685334,0.200334,0.057651,0.0
5.66613,0.000670825,0.250417,0.0644736,0.0
5.6655,0.000632306,0.166945,0.0525341,0.0
5.66418,0.000630029,0.15025,0.0501462,0.0
5.66489,0.000606996,0.200334,0.057651,0.0
5.66432,0.000599058,0.200334,0.057651,0.0
5.66401,0.000608557,0.183639,0.0552631,0.0
5.66509,0.000607126,0.183639,0.0552631,0.0
5.66543,0.000637056,0.267112,0.0665204,0.0
5.6657,0.000628793,0.283806,0.0685672,0.0
5.66535,0.000660675,0.267112,0.0665204,0.0
5.66639,0.000673623,0.33389,0.0743664,0.0
5.66561,0.000641545,0.283806,0.0685672,0.0
5.66642,0.000657226,0.300501,0.070614,0.0
5.66592,0.00065573,0.283806,0.0685672,0.0
5.66606,0.000634258,0.267112,0.0665204,0.0
5.66546,0.000640439,0.200334,0.057651,0.0
5.66528,0.000661976,0.200334,0.057651,0.0
5.66573,0.000629443,0.217028,0.0600389,0.0
5.66509,0.000638683,0.267112,0.0665204,0.0
5.6652,0.000627361,0.300501,0.070614,0.0
5.66532,0.000659829,0.300501,0.070614,0.0
5.66526,0.000617016,0.200334,0.057651,0.0
5.66514,0.000617341,0.166945,0.0525341,0.0
5.6652,0.000628923,0.200334,0.057651,0.0
5.66506,0.000628077,0.183639,0.0552631,0.0
5.66479,0.000640374,0.267112,0.0665204,0.0
5.66487,0.000619033,0.15025,0.0501462,0.0
5.66471,0.000625539,0.166945,0.057651,0.0
5.6649,0.000625735,0.116861,0.0440058,0.0
5.66525,0.000629443,0.217028,0.0600389,0.0
5.66601,0.000608037,0.250417,0.0644736,0.0
5.66534,0.000616821,0.183639,0.0552631,0.0
5.66496,0.000629704,0.200334,0.057651,0.0
5.66568,0.000643497,0.300501,0.070614,0.0
5.66673,0.000657877,0.300501,0.070614,0.0
5.66584,0.000645645,0.200334,0.057651,0.0
5.66504,0.000665294,0.267112,0.0665204,0.0
5.66567,0.000642782,0.233723,0.0624269,0.0
5.66613,0.000642586,0.233723,0.0624269,0.0
5.66544,0.000624238,0.217028,0.0600389,0.0
5.66515,0.000637576,0.317195,0.0764132,0.0
5.66575,0.000654884,0.350584,0.0760721,0.0
5.66488,0.000649744,0.217028,0.0600389,0.0
5.66468,0.000643497,0.133556,0.047076,0.0
5.66575,0.000626841,0.183639,0.0552631,0.0
5.66577,0.000644864,0.200334,0.057651,0.0
5.66587,0.000645775,0.33389,0.0743664,0.0
5.66439,0.000641871,0.166945,0.0525341,0.0
5.66366,0.00060589,0.15025,0.0501462,0.0
5.66402,0.000624824,0.250417,0.0644736,0.0
5.66308,0.000608752,0.116861,0.0440058,0.0
5.6643,0.00061643,0.116861,0.0440058,0.0
5.66561,0.00060654,0.217028,0.0600389,0.0
5.66408,0.000623783,0.200334,0.057651,0.0
5.66375,0.000628207,0.250417,0.0644736,0.0
5.66534,0.00062593,0.183639,0.0552631,0.0
5.66584,0.000612331,0.183639,0.0552631,0.0
5.66506,0.000634323,0.200334,0.057651,0.0
5.66577,0.000615324,0.166945,0.0525341,0.0
5.66578,0.000651566,0.233723,0.0624269,0.0
5.66509,0.000615389,0.233723,0.0624269,0.0
5.66527,0.000620269,0.166945,0.0525341,0.0
5.66592,0.000648247,0.250417,0.0644736,0.0
5.66556,0.00064584,0.183639,0.0552631,0.0
5.66519,0.000607451,0.233723,0.0624269,0.0
5.66547,0.000624043,0.300501,0.070614,0.0
5.66524,0.000645775,0.183639,0.0552631,0.0
5.66481,0.000634648,0.233723,0.0624269,0.0
5.66494,0.000653973,0.217028,0.0600389,0.0
5.66459,0.000648507,0.15025,0.0501462,0.0
5.66403,0.000629638,0.250417,0.0644736,0.0
5.66475,0.000616495,0.217028,0.0600389,0.0
5.6652,0.000634518,0.250417,0.0644736,0.0
5.66492,0.000620594,0.267112,0.0665204,0.0
5.66424,0.000618252,0.233723,0.0624269,0.0
5.66418,0.000614673,0.15025,0.0501462,0.0
5.66431,0.000602311,0.15025,0.0501462,0.0
5.66534,0.000614413,0.267112,0.0665204,0.0
5.66549,0.00064135,0.183639,0.0552631,0.0
5.66489,0.000628272,0.217028,0.0600389,0.0
5.66446,0.000612852,0.166945,0.057651,0.0
5.66595,0.000618642,0.250417,0.0644736,0.0
5.66568,0.000634193,0.15025,0.0501462,0.0
5.6638,0.000587151,0.183639,0.0552631,0.0
5.66471,0.000593527,0.116861,0.0440058,0.0
5.66591,0.000593462,0.100167,0.0409356,0.0
5.66515,0.000591966,0.116861,0.0440058,0.0
5.66467,0.000602766,0.133556,0.047076,0.0
5.6653,0.000618057,0.233723,0.0624269,0.0
5.66539,0.000628467,0.166945,0.0525341,0.0
5.66472,0.00061116,0.217028,0.0600389,0.0
5.66519,0.000625214,0.200334,0.057651,0.0
5.66568,0.000627817,0.15025,0.0501462,0.0
5.66465,0.000594568,0.116861,0.0440058,0.0
5.66482,0.00061116,0.267112,0.0665204,0.0
5.66498,0.000641936,0.233723,0.0624269,0.0
5.66454,0.000608622,0.200334,0.057651,0.0
5.6645,0.000608362,0.217028,0.0600389,0.0
5.66544,0.000627621,0.217028,0.0600389,0.0
5.6658,0.00062144,0.250417,0.0644736,0.0
5.66443,0.000608427,0.200334,0.057651,0.0
5.66451,0.000624498,0.15025,0.0501462,0.0
5.66531,0.000590469,0.183639,0.0552631,0.0
5.66445,0.000604783,0.100167,0.0409356,0.0
5.66459,0.000612071,0.217028,0.0600389,0.0
5.66487,0.000635494,0.15025,0.0501462,0.0
5.6648,0.000622351,0.183639,0.0552631,0.0
5.66536,0.000598928,0.133556,0.047076,0.0
5.66518,0.000604068,0.15025,0.0501462,0.0
5.66505,0.000626971,0.166945,0.0525341,0.0
5.66497,0.00060602,0.250417,0.0644736,0.0
5.66456,0.000599318,0.166945,0.0525341,0.0
5.6652,0.000593072,0.166945,0.0525341,0.0
5.66475,0.000628597,0.166945,0.0525341,0.0
5.66522,0.000652476,0.250417,0.0644736,0.0
5.66399,0.000613502,0.15025,0.0501462,0.0
5.66472,0.000630159,0.217028,0.0600389,0.0
5.66488,0.000617992,0.200334,0.057651,0.0
5.66513,0.00061578,0.200334,0.057651,0.0
5.66513,0.000619163,0.0834725,0.0371832,0.0
5.6652,0.000620724,0.233723,0.0624269,0.0
5.66506,0.000612526,0.183639,0.0552631,0.0
5.66442,0.000600749,0.200334,0.057651,0.0
5.6649,0.000623457,0.267112,0.0665204,0.0
5.6642,0.000618187,0.133556,0.047076,0.0
5.66397,0.000607256,0.183639,0.0552631,0.0
5.66459,0.000644213,0.200334,0.057651,0.0
5.66567,0.000640504,0.166945,0.0525341,0.0
5.66461,0.000616235,0.233723,0.0624269,0.0
5.66382,0.000616821,0.200334,0.057651,0.0
5.66494,0.00061142,0.183639,0.0600389,0.0
5.66477,0.000612136,0.183639,0.0552631,0.0
5.66455,0.000617601,0.166945,0.0525341,0.0
5.66476,0.000609143,0.267112,0.0665204,0.0
5.66564,0.000593592,0.0834725,0.0371832,0.0
5.66444,0.000610119,0.133556,0.047076,0.0
5.66543,0.0006258,0.183639,0.0552631,0.0
5.66567,0.000600684,0.166945,0.0525341,0.0
5.6655,0.000619293,0.166945,0.0525341,0.0
5.66571,0.000615584,0.183639,0.0552631,0.0
5.66528,0.000618773,0.15025,0.0501462,0.0
5.66386,0.000602962,0.116861,0.0440058,0.0
5.66444,0.00061103,0.166945,0.0525341,0.0
5.66525,0.000596845,0.100167,0.0409356,0.0
5.66443,0.000583117,0.133556,0.047076,0.0
5.6641,0.000574528,0.15025,0.0501462,0.0
5.66472,0.00060654,0.233723,0.0624269,0.0
5.66498,0.000653062,0.283806,0.0685672,0.0
5.66476,0.000619618,0.250417,0.0644736,0.0
5.66522,0.000619098,0.166945,0.0525341,0.0
5.66503,0.000647987,0.166945,0.0525341,0.0
5.66449,0.000619618,0.116861,0.0440058,0.0
5.66498,0.000647727,0.283806,0.0685672,0.0
5.66484,0.000628532,0.166945,0.0525341,0.0
5.66398,0.000602897,0.116861,0.0440058,0.0
5.66491,0.000590859,0.200334,0.057651,0.0
5.6652,0.000608427,0.0834725,0.0371832,0.0
5.6644,0.000615519,0.217028,0.0600389,0.0
5.66386,0.00063133,0.200334,0.057651,0.0
5.66505,0.000623783,0.183639,0.0552631,0.0
5.66575,0.000639854,0.183639,0.0552631,0.0
5.66495,0.000606866,0.166945,0.0525341,0.0
5.66368,0.000623783,0.217028,0.0644736,0.0
5.66447,0.000609468,0.15025,0.0501462,0.0
5.66427,0.000603742,0.0834725,0.0371832,0.0
5.66484,0.000602571,0.133556,0.047076,0.0
5.66523,0.000620985,0.183639,0.0552631,0.0
5.66422,0.000603222,0.166945,0.0525341,0.0
5.66484,0.000609208,0.0834725,0.0371832,0.0
5.66525,0.000606866,0.200334,0.057651,0.0
5.66533,0.000620074,0.116861,0.0440058,0.0
5.66503,0.000595479,0.183639,0.0552631,0.0
5.66399,0.000587216,0.0834725,0.0371832,0.0
5.66417,0.000617927,0.166945,0.0525341,0.0
5.66396,0.000603938,0.166945,0.0525341,0.0
5.66529,0.000604849,0.100167,0.0409356,0.0
5.66446,0.000591575,0.166945,0.0525341,0.0
5.6642,0.000611615,0.217028,0.0600389,0.0
5.66487,0.000634648,0.100167,0.0409356,0.0
5.66489,0.000584028,0.066778,0.0334308,0.0
5.66392,0.000590274,0.133556,0.047076,0.0
5.66509,0.000587021,0.116861,0.0440058,0.0
5.66515,0.000607321,0.116861,0.0440058,0.0
5.66464,0.000613893,0.166945,0.0525341,0.0
5.6654,0.000616235,0.183639,0.0552631,0.0
5.66607,0.000610574,0.233723,0.0624269,0.0
5.6649,0.000589298,0.15025,0.0501462,0.0
5.66455,0.000612071,0.200334,0.057651,0.0
5.6647,0.000595284,0.15025,0.0501462,0.0
5.66474,0.000612917,0.116861,0.0440058,0.0
5.66431,0.000599188,0.15025,0.0501462,0.0
5.66502,0.000554358,0.0834725,0.0371832,0.0
5.66513,0.000587866,0.183639,0.0552631,0.0
5.66573,0.000620204,0.217028,0.0600389,0.0
5.66431,0.000608492,0.166945,0.0525341,0.0
5.6642,0.00061656,0.200334,0.0624269,0.0
5.66393,0.000610965,0.183639,0.0552631,0.0
5.66392,0.000595804,0.0834725,0.0371832,0.0
5.66461,0.000607646,0.166945,0.0525341,0.0
5.66385,0.000598407,0.116861,0.0440058,0.0
5.66418,0.000588062,0.100167,0.0409356,0.0
5.66336,0.000572511,0.100167,0.0409356,0.0
5.66455,0.000598537,0.200334,0.057651,0.0
5.66468,0.000611095,0.200334,0.057651,0.0
5.66438,0.000628597,0.233723,0.0624269,0.0
5.66462,0.000612396,0.133556,0.047076,0.0
5.66369,0.000608622,0.166945,0.0525341,0.0
5.66321,0.000587411,0.0834725,0.0371832,0.0
5.66543,0.000597821,0.166945,0.0525341,0.0
5.66532,0.000613047,0.133556,0.047076,0.0
5.66509,0.000624889,0.233723,0.0624269,0.0
5.66484,0.000624043,0.166945,0.057651,0.0
5.66521,0.000615389,0.15025,0.0501462,0.0
5.66471,0.000591966,0.166945,0.0525341,0.0
5.66383,0.00061643,0.166945,0.0525341,0.0
5.66438,0.000606735,0.233723,0.0624269,0.0
5.66485,0.000597301,0.100167,0.0409356,0.0
5.66397,0.000616365,0.100167,0.0409356,0.0
5.66357,0.000585784,0.15025,0.0501462,0.0
5.66421,0.00058611,0.066778,0.0334308,0.0
5.66395,0.000596585,0.116861,0.0440058,0.0
5.66362,0.000575179,0.133556,0.047076,0.0
5.6635,0.000570104,0.0834725,0.0371832,0.0
5.66392,0.000593462,0.200334,0.057651,0.0
5.66433,0.000589558,0.066778,0.0334308,0.0
5.6642,0.00058676,0.200334,0.057651,0.0
5.66361,0.000575829,0.100167,0.0409356,0.0
5.66348,0.000565159,0.033389,0.023538,0.0
5.66452,0.000573032,0.100167,0.0409356,0.0
5.66403,0.00056659,0.0834725,0.0371832,0.0
5.66313,0.000579798,0.100167,0.0409356,0.0
5.66429,0.000568021,0.15025,0.0501462,0.0
5.66571,0.000587801,0.0834725,0.0371832,0.0
5.66545,0.000631851,0.200334,0.057651,0.0
5.66567,0.000587606,0.133556,0.047076,0.0
5.66463,0.000595284,0.15025,0.0501462,0.0
5.66496,0.000611355,0.15025,0.0501462,0.0
5.66476,0.000597496,0.15025,0.0501462,0.0
5.66497,0.000585914,0.116861,0.0440058,0.0
5.66491,0.000593787,0.15025,0.0501462,0.0
5.66483,0.00059099,0.116861,0.0440058,0.0
5.66513,0.000620009,0.283806,0.0685672,0.0
5.66517,0.000635104,0.250417,0.0644736,0.0
5.66378,0.000606085,0.100167,0.0409356,0.0
5.66447,0.00062157,0.183639,0.0552631,0.0
5.66393,0.00063634,0.133556,0.047076,0.0
5.66325,0.000626711,0.15025,0.0501462,0.0
5.66507,0.000593007,0.133556,0.047076,0.0
5.66488,0.000577391,0.100167,0.0409356,0.0
5.66356,0.000602246,0.15025,0.0501462,0.0
5.66451,0.00061129,0.200334,0.057651,0.0
5.66519,0.000617146,0.183639,0.0552631,0.0
5.66432,0.000620464,0.200334,0.057651,0.0
5.66385,0.000632436,0.133556,0.047076,0.0
5.66431,0.000620334,0.233723,0.0624269,0.0
5.66507,0.000612852,0.183639,0.0552631,0.0
5.66543,0.000606735,0.133556,0.047076,0.0
5.66546,0.000582141,0.183639,0.0552631,0.0
5.66464,0.000600749,0.15025,0.0501462,0.0
5.66498,0.000600489,0.217028,0.0600389,0.0
5.6656,0.000610509,0.133556,0.047076,0.0
5.6653,0.000606475,0.166945,0.0525341,0.0
5.66391,0.000612201,0.133556,0.047076,0.0
5.66401,0.000572966,0.133556,0.047076,0.0
5.66546,0.000619488,0.183639,0.0552631,0.0
5.66456,0.000600814,0.183639,0.0600389,0.0
5.66442,0.000612526,0.15025,0.0501462,0.0
5.66433,0.000606475,0.166945,0.0525341,0.0
5.66349,0.000589038,0.116861,0.0440058,0.0
5.66308,0.000581945,0.0834725,0.0371832,0.0
5.66407,0.000595479,0.116861,0.0440058,0.0
5.66488,0.00063133,0.217028,0.0600389,0.0
5.66401,0.000625604,0.116861,0.0440058,0.0
5.66356,0.000600684,0.15025,0.0501462,0.0
5.66378,0.00059652,0.183639,0.0600389,0.0
5.66346,0.000600489,0.100167,0.0409356,0.0
5.66282,0.000588647,0.133556,0.047076,0.0
5.66367,0.000603938,0.233723,0.0624269,0.0
5.66497,0.000605694,0.133556,0.047076,0.0
5.66502,0.000587151,0.183639,0.0552631,0.0
5.66457,0.000589493,0.116861,0.0440058,0.0
5.66523,0.000599318,0.200334,0.057651,0.0
5.66513,0.00059626,0.116861,0.0440058,0.0
5.66428,0.000596585,0.183639,0.0552631,0.0
5.66493,0.000592681,0.116861,0.0440058,0.0
5.66511,0.00061116,0.15025,0.0501462,0.0
5.6656,0.00062619,0.183639,0.0552631,0.0
5.66425,0.000591055,0.133556,0.047076,0.0
5.66449,0.000588777,0.116861,0.0440058,0.0
5.66518,0.000583637,0.166945,0.0525341,0.0
5.66485,0.000603157,0.183639,0.0552631,0.0
5.66542,0.000610835,0.15025,0.0501462,0.0
5.66505,0.000613958,0.116861,0.0440058,0.0
5.66377,0.000612982,0.133556,0.047076,0.0
5.66415,0.000601465,0.133556,0.047076,0.0
5.66423,0.000613047,0.166945,0.0525341,0.0
5.66462,0.000608427,0.0834725,0.0371832,0.0
5.66421,0.00059125,0.100167,0.0409356,0.0
5.66374,0.000557546,0.133556,0.047076,0.0
5.66409,0.000570689,0.15025,0.0501462,0.0
5.6645,0.000589298,0.183639,0.0552631,0.0
5.66452,0.000589558,0.100167,0.0409356,0.0
5.66448,0.000598342,0.133556,0.047076,0.0
5.66408,0.000624043,0.15025,0.0501462,0.0
5.66411,0.000588192,0.133556,0.047076,0.0
5.66436,0.000580969,0.100167,0.0409356,0.0
5.66536,0.000597171,0.116861,0.0440058,0.0
5.66456,0.000626841,0.166945,0.0525341,0.0
5.66453,0.000611745,0.116861,0.0440058,0.0
5.66569,0.000634323,0.233723,0.0624269,0.0
5.66621,0.000638617,0.183639,0.0600389,0.0
5.66402,0.000620464,0.15025,0.0501462,0.0
5.66373,0.000579733,0.100167,0.0409356,0.0
5.6647,0.000598472,0.133556,0.047076,0.0
5.66443,0.000618773,0.0834725,0.0371832,0.0
5.66428,0.000628012,0.183639,0.0552631,0.0
5.6639,0.000588257,0.133556,0.047076,0.0
5.66374,0.00058689,0.166945,0.0525341,0.0
5.66325,0.000596195,0.116861,0.0440058,0.0
5.66358,0.000593918,0.0834725,0.0371832,0.0
5.66263,0.000599513,0.133556,0.047076,0.0
5.66343,0.000579343,0.116861,0.0440058,0.0
5.66312,0.000570364,0.066778,0.0334308,0.0
5.6637,0.000569323,0.133556,0.047076,0.0
5.66465,0.000598017,0.166945,0.0525341,0.0
5.66428,0.000583052,0.116861,0.0440058,0.0
5.66453,0.000591055,0.066778,0.0334308,0.0
5.6648,0.000578497,0.066778,0.0334308,0.0
5.66496,0.000570169,0.100167,0.0409356,0.0
5.66385,0.000572901,0.0834725,0.0371832,0.0
5.6643,0.000572641,0.100167,0.0409356,0.0
5.66362,0.000572316,0.0166945,0.0167154,0.0
5.66406,0.000569518,0.066778,0.0334308,0.0
5.66552,0.000597236,0.133556,0.047076,0.0
5.66564,0.000592486,0.116861,0.0440058,0.0
5.6647,0.00060602,0.15025,0.0501462,0.0
5.66373,0.000585004,0.0834725,0.0371832,0.0
5.66361,0.000579668,0.100167,0.0409356,0.0
5.66448,0.000585394,0.166945,0.0525341,0.0
5.66445,0.000593918,0.166945,0.0525341,0.0
5.66377,0.000614413,0.15025,0.0501462,0.0
5.66299,0.000569193,0.0834725,0.0371832,0.0
5.66312,0.000575569,0.0834725,0.0371832,0.0
5.66283,0.000585264,0.217028,0.0600389,0.0
5.66421,0.00062079,0.183639,0.0552631,0.0
5.66436,0.000592876,0.0834725,0.0371832,0.0
5.66395,0.000610835,0.183639,0.0552631,0.0
5.66279,0.00058663,0.100167,0.0409356,0.0
5.66394,0.000579538,0.100167,0.0409356,0.0
5.66416,0.000577651,0.133556,0.047076,0.0
5.66417,0.000585264,0.100167,0.0409356,0.0
5.66371,0.000569193,0.0500835,0.0289961,0.0
5.66442,0.00059112,0.217028,0.0600389,0.0
5.66452,0.000612982,0.0834725,0.0371832,0.0
5.66394,0.000594568,0.116861,0.0440058,0.0
5.66531,0.000603873,0.217028,0.0600389,0.0
5.66474,0.000593202,0.133556,0.047076,0.0
5.66437,0.00059678,0.183639,0.0552631,0.0
5.66445,0.000617862,0.133556,0.047076,0.0
5.66413,0.000589883,0.0834725,0.0371832,0.0
5.66449,0.000602116,0.217028,0.0600389,0.0
5.66449,0.000608427,0.133556,0.047076,0.0
5.66338,0.000566525,0.100167,0.0409356,0.0
5.66412,0.000557286,0.0500835,0.0289961,0.0
5.66547,0.000585329,0.133556,0.047076,0.0
5.66432,0.000589103,0.0834725,0.0371832,0.0
5.66369,0.000580904,0.0834725,0.0371832,0.0
5.66265,0.000558587,0.0500835,0.0289961,0.0
5.66354,0.0005865,0.100167,0.0409356,0.0
5.66369,0.000580644,0.15025,0.0501462,0.0
5.66378,0.000565419,0.100167,0.0409356,0.0
5.66385,0.000577716,0.15025,0.0501462,0.0
5.66374,0.000584028,0.116861,0.0440058,0.0
5.66425,0.000600814,0.15025,0.0501462,0.0
5.66406,0.000574203,0.033389,0.023538,0.0
5.66455,0.000604003,0.200334,0.057651,0.0
5.66488,0.000583052,0.0834725,0.0371832,0.0
5.66295,0.000590079,0.033389,0.023538,0.0
5.66364,0.000588582,0.166945,0.0525341,0.0
5.66401,0.000569973,0.100167,0.0409356,0.0
5.66302,0.000572316,0.100167,0.0409356,0.0
5.6646,0.000597366,0.15025,0.0501462,0.0
5.66518,0.000603222,0.0834725,0.0371832,0.0
5.66356,0.000583052,0.200334,0.057651,0.0
5.66437,0.000561645,0.0166945,0.0167154,0.0
5.66468,0.000589298,0.183639,0.0552631,0.0
5.66403,0.000603352,0.15025,0.0501462,0.0
5.66465,0.000582856,0.15025,0.0501462,0.0
5.66423,0.000579798,0.0834725,0.0371832,0.0
5.6649,0.000563922,0.133556,0.047076,0.0
5.6651,0.000565484,0.133556,0.047076,0.0
5.66359,0.000604328,0.15025,0.0501462,0.0
5.66411,0.0005811,0.0500835,0.0289961,0.0
5.66435,0.000574268,0.100167,0.0409356,0.0
5.66466,0.000602506,0.15025,0.0501462,0.0
5.66475,0.00063647,0.15025,0.0501462,0.0
5.66408,0.000600229,0.15025,0.0501462,0.0
5.66386,0.000592421,0.100167,0.0409356,0.0
5.66443,0.000575244,0.133556,0.047076,0.0
5.66476,0.000573682,0.066778,0.0334308,0.0
5.66377,0.00058663,0.133556,0.047076,0.0
5.66432,0.000589038,0.166945,0.0525341,0.0
5.6651,0.000588842,0.116861,0.0440058,0.0
5.66442,0.000582596,0.100167,0.0409356,0.0
5.66391,0.000590599,0.133556,0.047076,0.0
5.66343,0.000591445,0.066778,0.0334308,0.0
5.66452,0.000570624,0.0834725,0.0371832,0.0
5.66446,0.000573227,0.116861,0.0440058,0.0
5.66495,0.000604133,0.116861,0.0440058,0.0
5.66399,0.000585134,0.133556,0.047076,0.0
5.66346,0.000567566,0.116861,0.0440058,0.0
5.66419,0.000571795,0.0500835,0.0289961,0.0
5.66489,0.000574853,0.15025,0.0501462,0.0
5.6649,0.00058637,0.15025,0.0501462,0.0
5.66451,0.000598212,0.133556,0.047076,0.0
5.66362,0.00059151,0.0500835,0.0289961,0.0
5.66404,0.000600229,0.166945,0.0525341,0.0
5.66404,0.000606866,0.116861,0.0440058,0.0
5.66378,0.000573422,0.0500835,0.0289961,0.0
5.66434,0.000564638,0.0834725,0.0371832,0.0
5.66436,0.00056197,0.116861,0.0440058,0.0
5.66363,0.000594373,0.116861,0.0440058,0.0
5.66456,0.000596325,0.15025,0.0501462,0.0
5.66384,0.000598602,0.0834725,0.0371832,0.0
5.66387,0.000590729,0.183639,0.0552631,0.0
5.66382,0.000597041,0.0834725,0.0371832,0.0
5.66345,0.000570884,0.066778,0.0334308,0.0
5.66367,0.000580774,0.116861,0.0440058,0.0
5.66464,0.000563402,0.116861,0.0440058,0.0
5.66448,0.00058175,0.066778,0.0334308,0.0
5.66466,0.000582076,0.033389,0.023538,0.0
5.66479,0.000607581,0.166945,0.0525341,0.0
5.66435,0.000606345,0.116861,0.0440058,0.0
5.66445,0.000609143,0.133556,0.0528752,0.0
5.66349,0.000575049,0.100167,0.0409356,0.0
5.66371,0.000574593,0.0834725,0.0371832,0.0
5.66456,0.000576545,0.116861,0.0440058,0.0
5.6642,0.000562816,0.066778,0.0334308,0.0
5.6646,0.000566135,0.100167,0.0409356,0.0
5.66463,0.000595089,0.133556,0.047076,0.0
5.66429,0.000605564,0.183639,0.0552631,0.0
5.6636,0.000581035,0.066778,0.0334308,0.0
5.66385,0.000568282,0.066778,0.0334308,0.0
5.66388,0.000588127,0.116861,0.0501462,0.0
5.66342,0.000572121,0.066778,0.0334308,0.0
5.66398,0.000572446,0.0834725,0.0371832,0.0
5.66362,0.000568542,0.0500835,0.0289961,0.0
5.66348,0.000575374,0.100167,0.0409356,0.0
5.66368,0.000575829,0.116861,0.0440058,0.0
5.66421,0.000605434,0.133556,0.047076,0.0
5.66435,0.000592811,0.200334,0.057651,0.0
5.66416,0.000579733,0.066778,0.0334308,0.0
5.66418,0.000564833,0.100167,0.0409356,0.0
5.6641,0.000580449,0.066778,0.0334308,0.0
5.66403,0.000566915,0.0834725,0.0371832,0.0
5.66378,0.000562686,0.066778,0.0334308,0.0
5.66373,0.000571535,0.116861,0.0440058,0.0
5.66461,0.000583962,0.066778,0.0334308,0.0
5.66389,0.000569323,0.15025,0.0552631,0.0
5.66487,0.000593072,0.15025,0.0501462,0.0
5.66542,0.000589818,0.100167,0.0409356,0.0
5.6635,0.0005716,0.066778,0.0334308,0.0
5.66382,0.000568997,0.100167,0.0409356,0.0
5.66387,0.000594178,0.183639,0.0552631,0.0
5.66435,0.000594048,0.066778,0.0409356,0.0
5.66445,0.000579863,0.0834725,0.0371832,0.0
5.66451,0.000580254,0.15025,0.0501462,0.0
5.66506,0.000576935,0.0834725,0.0371832,0.0
5.66419,0.000587801,0.100167,0.0409356,0.0
5.66365,0.00058136,0.116861,0.0440058,0.0
5.66444,0.000568412,0.0834725,0.0371832,0.0
5.66269,0.000564443,0.0166945,0.0167154,0.0
5.66308,0.000558066,0.15025,0.0501462,0.0
5.66419,0.000570104,0.033389,0.023538,0.0
5.66441,0.000570689,0.116861,0.0440058,0.0
5.66448,0.000578562,0.116861,0.0440058,0.0
5.66408,0.000573747,0.15025,0.0501462,0.0
5.66465,0.000613372,0.100167,0.0409356,0.0
5.66422,0.000581815,0.133556,0.047076,0.0
5.66357,0.000583572,0.0500835,0.0289961,0.0
5.66319,0.000571405,0.116861,0.0440058,0.0
5.66395,0.000565549,0.066778,0.0334308,0.0
5.66422,0.000580449,0.100167,0.0409356,0.0
5.66429,0.000578562,0.183639,0.0552631,0.0
5.66445,0.000593592,0.166945,0.0525341,0.0
5.66432,0.00057648,0.066778,0.0334308,0.0
5.66421,0.000558587,0.0500835,0.0289961,0.0
5.66416,0.000558782,0.0500835,0.0289961,0.0
5.66382,0.000580774,0.100167,0.0409356,0.0
5.66347,0.000579603,0.0834725,0.0371832,0.0
5.66393,0.000573292,0.133556,0.047076,0.0
5.66321,0.000580709,0.0166945,0.0167154,0.0
5.6633,0.000562686,0.100167,0.0409356,0.0
5.66439,0.000567371,0.066778,0.0334308,0.0
5.66379,0.000597496,0.100167,0.0409356,0.0
5.66334,0.000592876,0.200334,0.057651,0.0
5.66369,0.000582076,0.0,0.0,0.0
5.66305,0.000594893,0.133556,0.047076,0.0
5.66318,0.000579148,0.0500835,0.0289961,0.0
5.66482,0.000577391,0.0834725,0.0371832,0.0
5.66418,0.000580254,0.116861,0.0440058,0.0
5.66431,0.000612786,0.166945,0.0525341,0.0
5.66436,0.000582921,0.15025,0.0501462,0.0
5.66424,0.000580709,0.133556,0.047076,0.0
5.66399,0.000592356,0.0500835,0.0289961,0.0
5.66354,0.000574398,0.133556,0.047076,0.0
5.66378,0.000584223,0.15025,0.0501462,0.0
5.6639,0.000585849,0.116861,0.0440058,0.0
5.66344,0.000565289,0.033389,0.023538,0.0
5.66439,0.000578237,0.183639,0.0552631,0.0
5.66436,0.000557351,0.0166945,0.0167154,0.0
5.66305,0.000555529,0.0500835,0.0289961,0.0
5.66346,0.000587151,0.133556,0.047076,0.0
5.66471,0.000566265,0.0166945,0.0167154,0.0
5.66338,0.000574658,0.0834725,0.0371832,0.0
5.66325,0.000593072,0.100167,0.0409356,0.0
5.6627,0.000566915,0.0500835,0.0289961,0.0
5.66373,0.000560149,0.166945,0.0525341,0.0
5.66404,0.000560604,0.100167,0.0409356,0.0
5.66353,0.000562231,0.0834725,0.0371832,0.0
5.6633,0.000563792,0.0834725,0.0371832,0.0
5.66258,0.000563207,0.100167,0.0409356,0.0
5.66292,0.000566395,0.116861,0.0440058,0.0
5.66415,0.00057186,0.100167,0.0409356,0.0
5.66379,0.000590859,0.0834725,0.0371832,0.0
5.66319,0.000575049,0.0834725,0.0371832,0.0
5.66369,0.000572641,0.15025,0.0552631,0.0
5.66359,0.000574073,0.066778,0.0334308,0.0
5.66311,0.000572381,0.15025,0.0501462,0.0
5.66376,0.000580644,0.0834725,0.0371832,0.0
5.66376,0.000595349,0.100167,0.0409356,0.0
5.66352,0.000583832,0.0834725,0.0371832,0.0
5.66445,0.000575114,0.100167,0.0409356,0.0
5.66552,0.000598732,0.15025,0.0501462,0.0
5.6647,0.000581425,0.066778,0.0334308,0.0
5.6641,0.000576675,0.116861,0.0440058,0.0
5.66468,0.00058637,0.0834725,0.0440058,0.0
5.66441,0.000590794,0.116861,0.0440058,0.0
5.66398,0.000578107,0.0834725,0.0371832,0.0
5.66411,0.000592681,0.133556,0.047076,0.0
5.66441,0.000591185,0.133556,0.047076,0.0
5.66467,0.000589883,0.0834725,0.0371832,0.0
5.66436,0.000595935,0.183639,0.0552631,0.0
5.6635,0.000599969,0.116861,0.0440058,0.0
5.66295,0.000559107,0.0834725,0.0371832,0.0
5.66308,0.000579863,0.133556,0.047076,0.0
5.66407,0.000593787,0.100167,0.0409356,0.0
5.66355,0.000579733,0.116861,0.0440058,0.0
5.66366,0.000578757,0.0834725,0.0371832,0.0
5.66308,0.000555073,0.033389,0.023538,0.0
5.66336,0.000555073,0.0834725,0.0371832,0.0
5.66308,0.000587541,0.15025,0.0501462,0.0
5.66459,0.000557611,0.066778,0.0334308,0.0
5.66347,0.000580969,0.116861,0.0440058,0.0
5.66336,0.000596911,0.166945,0.0525341,0.0
5.66446,0.000588842,0.100167,0.0409356,0.0
5.66391,0.000586045,0.200334,0.057651,0.0
5.66394,0.000574007,0.100167,0.0409356,0.0
5.66352,0.000575244,0.100167,0.0409356,0.0
5.66398,0.00059151,0.0500835,0.0289961,0.0
5.66351,0.000563792,0.100167,0.0409356,0.0
5.66396,0.000589168,0.116861,0.0440058,0.0
5.66445,0.00058136,0.100167,0.0409356,0.0
5.66337,0.000562686,0.100167,0.0409356,0.0
5.66388,0.000585329,0.0500835,0.0289961,0.0
5.66349,0.00055709,0.100167,0.0409356,0.0
5.66396,0.000560409,0.066778,0.0334308,0.0
5.66433,0.000567566,0.0834725,0.0371832,0.0
5.66416,0.000568542,0.116861,0.0440058,0.0
5.66385,0.000599123,0.100167,0.0409356,0.0
5.6637,0.000593592,0.0834725,0.0371832,0.0
5.66356,0.000563662,0.100167,0.0409356,0.0
5.66365,0.000596585,0.133556,0.047076,0.0
5.66346,0.000577586,0.033389,0.023538,0.0
5.66394,0.000573617,0.116861,0.0440058,0.0
5.66432,0.000587086,0.15025,0.0501462,0.0
5.6642,0.000566915,0.066778,0.0334308,0.0
5.66365,0.000558327,0.0500835,0.0289961,0.0
5.6636,0.000572706,0.0500835,0.0289961,0.0
5.66371,0.000560018,0.066778,0.0334308,0.0
5.66501,0.000568672,0.0834725,0.0371832,0.0
5.66413,0.000579928,0.100167,0.0409356,0.0
5.66309,0.000577261,0.066778,0.0334308,0.0
5.66388,0.000558652,0.0500835,0.0289961,0.0
5.66453,0.000566135,0.100167,0.0409356,0.0
5.66424,0.00057199,0.066778,0.0334308,0.0
5.66425,0.000558912,0.100167,0.0409356,0.0
5.66491,0.000569973,0.066778,0.0334308,0.0
5.66327,0.000540043,0.0500835,0.0289961,0.0
5.66345,0.000584808,0.15025,0.0501462,0.0
5.66435,0.000578432,0.0166945,0.0167154,0.0
5.66289,0.000551039,0.0834725,0.0371832,0.0
5.66354,0.000545574,0.0166945,0.0167154,0.0
5.66351,0.000560929,0.033389,0.023538,0.0
5.66363,0.000548502,0.0500835,0.0289961,0.0
5.66359,0.000564183,0.033389,0.023538,0.0
5.66389,0.00057186,0.0500835,0.0289961,0.0
5.66338,0.000570884,0.100167,0.0409356,0.0
5.6637,0.0005513,0.066778,0.0334308,0.0
5.66368,0.00059177,0.200334,0.057651,0.0
5.66391,0.000580449,0.033389,0.023538,0.0
5.6636,0.000573682,0.0834725,0.0371832,0.0
5.66414,0.000560149,0.0834725,0.0371832,0.0
5.66423,0.000593527,0.0834725,0.0371832,0.0
5.66308,0.000573812,0.0834725,0.0371832,0.0
5.66325,0.000583117,0.15025,0.0501462,0.0
5.66483,0.000600424,0.133556,0.047076,0.0
5.66387,0.000590209,0.100167,0.0409356,0.0
5.66419,0.000588973,0.100167,0.0409356,0.0
5.66473,0.000582206,0.100167,0.0409356,0.0
5.6645,0.000565094,0.116861,0.0440058,0.0
5.66424,0.000572706,0.0834725,0.0371832,0.0
5.6638,0.000573942,0.116861,0.0440058,0.0
5.66443,0.000564963,0.066778,0.0334308,0.0
5.66494,0.000564573,0.0500835,0.0289961,0.0
5.6631,0.000551625,0.0166945,0.0167154,0.0
5.66375,0.000543232,0.066778,0.0334308,0.0
5.66359,0.000550584,0.0166945,0.0167154,0.0
5.66364,0.0005716,0.133556,0.047076,0.0
5.66347,0.000552796,0.100167,0.0409356,0.0
5.664,0.000566525,0.100167,0.0409356,0.0
5.66342,0.00056633,0.0834725,0.0371832,0.0
5.66366,0.000569713,0.0500835,0.0289961,0.0
5.66383,0.000547331,0.066778,0.0334308,0.0
5.66337,0.000579603,0.15025,0.0501462,0.0
5.66332,0.000551365,0.066778,0.0334308,0.0
5.66311,0.000565549,0.066778,0.0334308,0.0
5.66346,0.000572056,0.0834725,0.0371832,0.0
5.66424,0.000578692,0.0834725,0.0371832,0.0
5.66454,0.000576675,0.0834725,0.0371832,0.0
5.6638,0.000567761,0.0834725,0.0371832,0.0
5.66414,0.000570104,0.0500835,0.0289961,0.0
5.66336,0.000570234,0.066778,0.0334308,0.0
5.66409,0.000577391,0.183639,0.0552631,0.0
5.66369,0.000568217,0.100167,0.0409356,0.0
5.66414,0.000582011,0.0834725,0.0371832,0.0
5.6647,0.000579408,0.066778,0.0334308,0.0
5.66541,0.000603482,0.116861,0.0440058,0.0
5.66409,0.000598732,0.133556,0.047076,0.0
5.66377,0.000598017,0.066778,0.0334308,0.0
5.66472,0.000560539,0.100167,0.0409356,0.0
5.66415,0.000569518,0.0834725,0.0371832,0.0
5.66319,0.000559628,0.0500835,0.0289961,0.0
5.66377,0.00056145,0.100167,0.0409356,0.0
5.66344,0.000565679,0.033389,0.023538,0.0
5.6627,0.00055169,0.0834725,0.0371832,0.0
5.66291,0.000563402,0.066778,0.0334308,0.0
5.66356,0.000550714,0.033389,0.023538,0.0
5.66351,0.000567371,0.116861,0.0440058,0.0
5.6634,0.000561645,0.0500835,0.0289961,0.0
5.66389,0.000575374,0.183639,0.0552631,0.0
5.66339,0.000567696,0.100167,0.0409356,0.0
5.66241,0.000563597,0.0500835,0.0289961,0.0
5.66364,0.000565224,0.066778,0.0334308,0.0
5.66471,0.000579603,0.133556,0.047076,0.0
5.66356,0.000606996,0.0834725,0.0371832,0.0
5.6633,0.000565224,0.0500835,0.0289961,0.0
5.66402,0.000570429,0.116861,0.0440058,0.0
5.66467,0.000569778,0.0834725,0.0371832,0.0
5.66433,0.000564118,0.0500835,0.0289961,0.0
5.66395,0.000592876,0.116861,0.0440058,0.0
5.664,0.000587736,0.0500835,0.0289961,0.0
5.66339,0.000587997,0.033389,0.023538,0.0
5.66335,0.000562426,0.0500835,0.0289961,0.0
5.66216,0.00058188,0.0834725,0.0371832,0.0
5.66189,0.000585459,0.0166945,0.0167154,0.0
5.66223,0.000559433,0.033389,0.023538,0.0
5.66272,0.000535749,0.066778,0.0334308,0.0
5.66293,0.000582011,0.133556,0.047076,0.0
5.66382,0.000579343,0.0500835,0.0289961,0.0
5.66383,0.000574138,0.0834725,0.0371832,0.0
5.6635,0.000573032,0.0500835,0.0289961,0.0
5.66327,0.000554163,0.0500835,0.0289961,0.0
5.66361,0.000548046,0.100167,0.0409356,0.0
5.66311,0.000574723,0.0834725,0.0371832,0.0
5.66342,0.000553317,0.0500835,0.0289961,0.0
5.66365,0.000563792,0.0500835,0.0289961,0.0
5.664,0.000559303,0.066778,0.0334308,0.0
5.66366,0.000578172,0.0500835,0.0289961,0.0
5.66375,0.000572576,0.0500835,0.0289961,0.0
5.66396,0.000549152,0.066778,0.0334308,0.0
5.66369,0.000577651,0.133556,0.047076,0.0
5.66413,0.000592031,0.066778,0.0334308,0.0
5.6641,0.000576805,0.066778,0.0334308,0.0
5.66406,0.000576675,0.116861,0.0440058,0.0
5.66366,0.000578757,0.100167,0.0409356,0.0
5.66336,0.000578757,0.066778,0.0334308,0.0
5.66371,0.000576805,0.0500835,0.0289961,0.0
5.66388,0.00058188,0.100167,0.0409356,0.0
5.66358,0.000570624,0.0500835,0.0289961,0.0
5.66244,0.000563467,0.0834725,0.0371832,0.0
5.66405,0.000564118,0.0166945,0.0167154,0.0
5.66334,0.000569843,0.100167,0.0409356,0.0
5.66229,0.000559823,0.033389,0.023538,0.0
5.66292,0.000569453,0.0834725,0.0371832,0.0
5.6628,0.000555204,0.066778,0.0334308,0.0
5.66322,0.000556114,0.0500835,0.0289961,0.0
5.66319,0.000560149,0.066778,0.0334308,0.0
5.66287,0.000557025,0.100167,0.0409356,0.0
5.66386,0.000569128,0.066778,0.0334308,0.0
5.66401,0.000573812,0.116861,0.0440058,0.0
5.66353,0.000562426,0.033389,0.023538,0.0
5.66437,0.000555204,0.0500835,0.0289961,0.0
5.66452,0.000558197,0.0834725,0.0371832,0.0
5.66462,0.000562426,0.0500835,0.0289961,0.0
5.6641,0.000560214,0.066778,0.0334308,0.0
5.66418,0.000576155,0.116861,0.0440058,0.0
5.66495,0.000597041,0.15025,0.0501462,0.0
5.66482,0.000572966,0.0500835,0.0289961,0.0
5.66451,0.000553447,0.0500835,0.0289961,0.0
5.66439,0.000582987,0.0834725,0.0371832,0.0
5.66397,0.000567306,0.100167,0.0409356,0.0
5.66418,0.000563011,0.0166945,0.0167154,0.0
5.6637,0.0005567,0.033389,0.023538,0.0
5.66352,0.000559693,0.116861,0.0440058,0.0
5.66301,0.000579408,0.0500835,0.0289961,0.0
5.66389,0.000576935,0.033389,0.023538,0.0
5.66476,0.00056685,0.0834725,0.0371832,0.0
5.66421,0.000585134,0.15025,0.0501462,0.0
5.66356,0.000582011,0.0500835,0.0289961,0.0
5.66375,0.000553772,0.033389,0.023538,0.0
5.66367,0.000558912,0.100167,0.0409356,0.0
5.66357,0.000552991,0.066778,0.0334308,0.0
5.66314,0.00058149,0.0834725,0.0371832,0.0
5.66333,0.000564248,0.0500835,0.0289961,0.0
5.66395,0.000571014,0.066778,0.0334308,0.0
5.6638,0.000546225,0.033389,0.023538,0.0
5.66239,0.000566004,0.066778,0.0334308,0.0
5.66333,0.000536465,0.0,0.0,0.0
5.66396,0.000570689,0.100167,0.0409356,0.0
5.66355,0.000564183,0.066778,0.0334308,0.0
5.66303,0.000568737,0.033389,0.023538,0.0
5.66417,0.000600424,0.166945,0.0525341,0.0
5.66443,0.000583442,0.0834725,0.0371832,0.0
5.66342,0.000569908,0.116861,0.0440058,0.0
5.66438,0.000568347,0.033389,0.023538,0.0
5.6634,0.0005716,0.0834725,0.0371832,0.0
5.66346,0.000560474,0.0500835,0.0289961,0.0
5.66358,0.000557741,0.066778,0.0334308,0.0
5.66305,0.000582466,0.116861,0.0440058,0.0
5.66276,0.000579733,0.066778,0.0334308,0.0
5.66245,0.000559238,0.0,0.0,0.0
5.66299,0.000569648,0.100167,0.0409356,0.0
5.66463,0.000574528,0.100167,0.0409356,0.0
5.66387,0.000570364,0.100167,0.0409356,0.0
5.66372,0.000573032,0.0834725,0.0371832,0.0
5.66463,0.000551885,0.0834725,0.0371832,0.0
5.66345,0.000576155,0.100167,0.0409356,0.0
5.66287,0.000558912,0.0500835,0.0289961,0.0
5.66392,0.000558912,0.066778,0.0334308,0.0
5.66356,0.000564638,0.0500835,0.0289961,0.0
5.66331,0.000565874,0.133556,0.047076,0.0
5.66379,0.000568672,0.033389,0.023538,0.0
5.66302,0.000562426,0.066778,0.0334308,0.0
5.66375,0.000568477,0.100167,0.0409356,0.0
5.66388,0.000549152,0.033389,0.023538,0.0
5.66328,0.000578172,0.0834725,0.0371832,0.0
5.66408,0.000552926,0.0834725,0.0371832,0.0
5.66344,0.000564768,0.0834725,0.0371832,0.0
5.66371,0.000568867,0.0500835,0.0289961,0.0
5.66395,0.000572056,0.0500835,0.0289961,0.0
5.66361,0.000563987,0.066778,0.0334308,0.0
5.66384,0.000554748,0.033389,0.023538,0.0
5.66313,0.00053705,0.066778,0.0334308,0.0
5.6632,0.000564963,0.033389,0.023538,0.0
5.66431,0.000582987,0.100167,0.0409356,0.0
5.66337,0.000587151,0.0834725,0.0371832,0.0
5.66328,0.000567826,0.0,0.0,0.0
5.66357,0.000566069,0.033389,0.023538,0.0
5.66329,0.000557286,0.0500835,0.0289961,0.0
5.66335,0.000569453,0.066778,0.0334308,0.0
5.66327,0.000584093,0.116861,0.0440058,0.0
5.66443,0.000570819,0.033389,0.023538,0.0
5.66372,0.000571405,0.0834725,0.0371832,0.0
5.664,0.000586956,0.0500835,0.0289961,0.0
5.6632,0.000578237,0.0166945,0.0167154,0.0
5.66263,0.000581815,0.033389,0.023538,0.0
5.6641,0.000578042,0.100167,0.0409356,0.0
5.66338,0.000562426,0.0,0.0,0.0
5.66339,0.00058123,0.0500835,0.0289961,0.0
5.66505,0.00058162,0.116861,0.0440058,0.0
5.66529,0.00058123,0.0834725,0.0371832,0.0
5.66382,0.000595544,0.0834725,0.0371832,0.0
5.6637,0.000574268,0.133556,0.047076,0.0
5.66465,0.000567501,0.0834725,0.0371832,0.0
5.66404,0.00056672,0.0166945,0.0167154,0.0
5.66385,0.000557286,0.0500835,0.0289961,0.0
5.66414,0.000571535,0.033389,0.023538,0.0
5.66411,0.000567371,0.15025,0.0501462,0.0
5.6638,0.000544858,0.0166945,0.0167154,0.0
5.66385,0.000560734,0.0834725,0.0371832,0.0
5.66356,0.000560083,0.0500835,0.0289961,0.0
5.66343,0.000553121,0.0500835,0.0289961,0.0
5.66371,0.000563402,0.066778,0.0334308,0.0
5.66352,0.000578497,0.066778,0.0334308,0.0
5.66418,0.00056119,0.0166945,0.0167154,0.0
5.66403,0.00056132,0.100167,0.0409356,0.0
5.66374,0.000577261,0.116861,0.0440058,0.0
5.66324,0.000572771,0.066778,0.0334308,0.0
5.66387,0.000580904,0.066778,0.0334308,0.0
5.6645,0.000557871,0.033389,0.023538,0.0
5.66351,0.00056659,0.033389,0.023538,0.0
5.66296,0.000557221,0.033389,0.023538,0.0
5.66356,0.000565224,0.0834725,0.0371832,0.0
5.6638,0.000545639,0.033389,0.023538,0.0
5.66447,0.000564963,0.0500835,0.0289961,0.0
5.66464,0.000578107,0.116861,0.0440058,0.0
5.66325,0.000553577,0.0500835,0.0289961,0.0
5.66312,0.000560409,0.033389,0.023538,0.0
5.66334,0.000565159,0.066778,0.0334308,0.0
5.66366,0.000559368,0.033389,0.023538,0.0
5.66365,0.000544468,0.0500835,0.0289961,0.0
5.66225,0.000550454,0.0166945,0.0167154,0.0
5.66323,0.000562881,0.066778,0.0334308,0.0
5.66443,0.00056119,0.0166945,0.0167154,0.0
5.66338,0.000580254,0.100167,0.0409356,0.0
5.66348,0.000578367,0.100167,0.0409356,0.0
5.66313,0.000572641,0.033389,0.023538,0.0
5.6629,0.000537506,0.066778,0.0334308,0.0
5.66329,0.000547135,0.033389,0.023538,0.0
5.66263,0.000557221,0.033389,0.023538,0.0
5.66303,0.000576415,0.100167,0.0409356,0.0
5.66428,0.000561385,0.100167,0.0409356,0.0
5.66433,0.000579213,0.066778,0.0334308,0.0
5.66351,0.000555464,0.0500835,0.0289961,0.0
5.66313,0.000563467,0.0500835,0.0289961,0.0
5.66328,0.00057648,0.066778,0.0409356,0.0
5.66308,0.000573162,0.066778,0.0334308,0.0
5.66292,0.000552731,0.116861,0.0440058,0.0
5.66442,0.000603938,0.0834725,0.0371832,0.0
5.66489,0.00058123,0.0500835,0.0289961,0.0
5.66385,0.000548827,0.033389,0.023538,0.0
5.66366,0.000583962,0.033389,0.023538,0.0
5.66353,0.000549998,0.033389,0.023538,0.0
5.66326,0.000563662,0.0834725,0.0371832,0.0
5.66368,0.000552666,0.066778,0.0334308,0.0
5.66368,0.000564638,0.033389,0.023538,0.0
5.66336,0.000574007,0.0500835,0.0289961,0.0
5.66381,0.000570429,0.100167,0.0409356,0.0
5.66346,0.000568087,0.0500835,0.0289961,0.0
5.66353,0.000548372,0.0500835,0.0289961,0.0
5.66303,0.000555854,0.0500835,0.0289961,0.0
5.66354,0.000558457,0.116861,0.0440058,0.0
5.66323,0.000569648,0.0,0.0,0.0
5.66282,0.000559498,0.0500835,0.0289961,0.0
5.66333,0.000578822,0.100167,0.0409356,0.0
5.66347,0.000563076,0.066778,0.0334308,0.0
5.66335,0.000573097,0.0834725,0.0371832,0.0
5.66362,0.000554683,0.0166945,0.0167154,0.0
5.66293,0.000548567,0.033389,0.023538,0.0
5.66334,0.000564833,0.0834725,0.0371832,0.0
5.66326,0.000563467,0.0500835,0.0289961,0.0
5.66277,0.000548176,0.0834725,0.0371832,0.0
5.66317,0.000558717,0.033389,0.023538,0.0
5.66407,0.000596195,0.183639,0.0552631,0.0
5.66453,0.000571145,0.066778,0.0334308,0.0
5.66434,0.000560409,0.066778,0.0334308,0.0
5.66463,0.000573357,0.033389,0.023538,0.0
5.66339,0.000550779,0.0500835,0.0289961,0.0
5.66353,0.000571145,0.066778,0.0334308,0.0
5.66351,0.000567436,0.0500835,0.0289961,0.0
5.6629,0.000549348,0.066778,0.0334308,0.0
5.6633,0.000562946,0.0166945,0.0167154,0.0
5.66323,0.000549087,0.0500835,0.0289961,0.0
5.66365,0.000584483,0.100167,0.0409356,0.0
5.66306,0.000580319,0.066778,0.0409356,0.0
5.66282,0.000569713,0.100167,0.0409356,0.0
5.66345,0.000572186,0.066778,0.0334308,0.0
5.66379,0.000578107,0.033389,0.023538,0.0
5.66285,0.000551885,0.033389,0.023538,0.0
5.66301,0.000560279,0.066778,0.0334308,0.0
5.66377,0.000567891,0.116861,0.0440058,0.0
5.66325,0.000585459,0.116861,0.0440058,0.0
5.66282,0.000560018,0.100167,0.0409356,0.0
5.66336,0.000557676,0.0166945,0.0167154,0.0
5.66347,0.000549413,0.033389,0.023538,0.0
5.66374,0.000558392,0.066778,0.0334308,0.0
5.66439,0.000569908,0.0834725,0.0371832,0.0
5.66437,0.000574983,0.100167,0.0409356,0.0
5.66428,0.000574007,0.0166945,0.0167154,0.0
5.66408,0.000542581,0.0,0.0,0.0
5.66375,0.000573487,0.116861,0.0440058,0.0
5.66342,0.000556635,0.033389,0.023538,0.0
5.66378,0.000546094,0.066778,0.0334308,0.0
5.66371,0.000578692,0.0500835,0.0289961,0.0
5.66343,0.000549218,0.0,0.0,0.0
5.66238,0.000559823,0.0500835,0.0289961,0.0
5.66275,0.000549543,0.100167,0.0409356,0.0
5.66314,0.000574593,0.0834725,0.0371832,0.0
5.66262,0.000558001,0.033389,0.023538,0.0
5.66273,0.000570299,0.0834725,0.0371832,0.0
5.66253,0.0005716,0.0834725,0.0371832,0.0
5.6628,0.000560344,0.066778,0.0334308,0.0
5.66374,0.000564052,0.066778,0.0334308,0.0
5.66423,0.000557611,0.0834725,0.0371832,0.0
5.66355,0.000565809,0.066778,0.0334308,0.0
5.66348,0.000544077,0.0166945,0.0167154,0.0
5.66376,0.000557286,0.033389,0.023538,0.0
5.66333,0.000558262,0.0166945,0.0167154,0.0
5.66321,0.000535359,0.033389,0.023538,0.0
5.66323,0.000547656,0.0166945,0.0167154,0.0
5.66365,0.000553967,0.033389,0.023538,0.0
5.6637,0.000547591,0.0500835,0.0289961,0.0
5.6636,0.000544728,0.0834725,0.0371832,0.0
5.66368,0.000564898,0.0500835,0.0289961,0.0
5.66534,0.000599253,0.133556,0.047076,0.0
5.66349,0.000565224,0.116861,0.0440058,0.0
5.66442,0.000578237,0.116861,0.0440058,0.0
5.66464,0.000571014,0.066778,0.0334308,0.0
5.6626,0.000558912,0.0500835,0.0289961,0.0
5.66348,0.000549218,0.0500835,0.0289961,0.0
5.66371,0.000585849,0.0834725,0.0371832,0.0
5.66332,0.000558652,0.0166945,0.0167154,0.0
5.66251,0.000563922,0.100167,0.0409356,0.0
5.66288,0.000558001,0.033389,0.023538,0.0
5.66463,0.000574528,0.066778,0.0334308,0.0
5.66384,0.000565809,0.0166945,0.0167154,0.0
5.66304,0.000575049,0.0834725,0.0371832,0.0
5.66354,0.000559823,0.066778,0.0334308,0.0
5.66368,0.000577716,0.0834725,0.0371832,0.0
5.66292,0.000560279,0.033389,0.023538,0.0
5.66293,0.000554813,0.0500835,0.0289961,0.0
5.66365,0.000560149,0.100167,0.0409356,0.0
5.66276,0.000549803,0.066778,0.0334308,0.0
5.66305,0.000560279,0.033389,0.023538,0.0
5.66443,0.000557611,0.0500835,0.0289961,0.0
5.66378,0.000569323,0.0834725,0.0371832,0.0
5.66319,0.000550909,0.033389,0.023538,0.0
5.66392,0.00055631,0.0500835,0.0289961,0.0
5.66381,0.000564443,0.066778,0.0334308,0.0
5.66298,0.000547461,0.033389,0.023538,0.0
5.66279,0.000558132,0.0500835,0.0289961,0.0
5.66317,0.000563142,0.033389,0.023538,0.0
5.6644,0.000564118,0.0500835,0.0289961,0.0
5.66382,0.000572121,0.0500835,0.0289961,0.0
5.66291,0.000569583,0.100167,0.0409356,0.0
5.66359,0.000554683,0.033389,0.023538,0.0
5.66383,0.000545964,0.0166945,0.0167154,0.0
5.66366,0.000553382,0.0500835,0.0289961,0.0
5.66343,0.000555854,0.033389,0.023538,0.0
5.66272,0.000560083,0.0166945,0.0167154,0.0
5.66378,0.000566915,0.033389,0.023538,0.0
5.66361,0.000557936,0.033389,0.023538,0.0
5.66311,0.00056698,0.066778,0.0334308,0.0
5.66385,0.00057687,0.15025,0.0501462,0.0
5.66449,0.000569713,0.0166945,0.0167154,0.0
5.66406,0.000568932,0.0834725,0.0371832,0.0
5.66426,0.000570234,0.0500835,0.0289961,0.0
5.66372,0.000572706,0.100167,0.0409356,0.0
5.66385,0.000574398,0.033389,0.023538,0.0
5.66392,0.000581295,0.033389,0.023538,0.0
5.66348,0.000550194,0.033389,0.023538,0.0
5.66285,0.000560474,0.0500835,0.0289961,0.0
5.66339,0.000549738,0.0500835,0.0289961,0.0
5.66393,0.000566004,0.0500835,0.0289961,0.0
5.66352,0.000545183,0.0,0.0,0.0
5.66296,0.000553512,0.0166945,0.0167154,0.0
5.6628,0.00053692,0.0500835,0.0289961,0.0
5.6633,0.000572836,0.116861,0.0440058,0.0
5.66393,0.000570299,0.0166945,0.0167154,0.0
5.6639,0.000565224,0.033389,0.023538,0.0
5.66379,0.000555529,0.0500835,0.0289961,0.0
5.6634,0.000560344,0.0500835,0.0289961,0.0
5.66393,0.000575504,0.133556,0.047076,0.0
5.66378,0.000570169,0.033389,0.023538,0.0
5.6628,0.000562881,0.0500835,0.0289961,0.0
5.66316,0.000568867,0.0834725,0.0371832,0.0
5.66356,0.000594048,0.0166945,0.0167154,0.0
5.66335,0.000565094,0.0500835,0.0289961,0.0
5.66233,0.000546355,0.0500835,0.0289961,0.0
5.66293,0.000560734,0.066778,0.0334308,0.0
5.66285,0.000565939,0.0834725,0.0371832,0.0
5.66332,0.000589818,0.0500835,0.0289961,0.0
5.66355,0.000567696,0.0500835,0.0289961,0.0
5.66286,0.00057648,0.066778,0.0334308,0.0
5.66389,0.000587866,0.0834725,0.0371832,0.0
5.66472,0.00056119,0.0500835,0.0289961,0.0
5.66382,0.000560214,0.0166945,0.0167154,0.0
5.66379,0.000554032,0.0166945,0.0167154,0.0
5.66385,0.000554358,0.066778,0.0334308,0.0
5.66357,0.000555204,0.033389,0.023538,0.0
5.6644,0.000586305,0.116861,0.0440058,0.0
5.66416,0.000589883,0.0834725,0.0371832,0.0
5.66339,0.000574918,0.100167,0.0409356,0.0
5.66367,0.000568607,0.0500835,0.0289961,0.0
5.66288,0.000549218,0.0500835,0.0289961,0.0
5.66307,0.000564573,0.0500835,0.0289961,0.0
5.66402,0.000548957,0.033389,0.023538,0.0
5.66395,0.000573162,0.0500835,0.0289961,0.0
5.66252,0.000544728,0.033389,0.023538,0.0
5.6622,0.000539653,0.066778,0.0334308,0.0
5.66321,0.00058136,0.133556,0.047076,0.0
5.66249,0.000559628,0.0,0.0,0.0
5.66174,0.000567826,0.066778,0.0334308,0.0
5.66287,0.000561645,0.0166945,0.0167154,0.0
5.66272,0.000556375,0.0834725,0.0371832,0.0
5.66244,0.00054193,0.0500835,0.0289961,0.0
5.66358,0.000555139,0.0500835,0.0289961,0.0
5.66382,0.000555269,0.0166945,0.0167154,0.0
5.66247,0.000549868,0.0166945,0.0167154,0.0
5.66352,0.000541019,0.0166945,0.0167154,0.0
5.66353,0.000543947,0.0500835,0.0289961,0.0
5.6628,0.000545509,0.0166945,0.0167154,0.0
5.66377,0.000548957,0.033389,0.023538,0.0
5.66358,0.000559693,0.0834725,0.0371832,0.0
5.6636,0.00056184,0.0500835,0.0289961,0.0
5.66452,0.000564573,0.0,0.0,0.0
5.66399,0.000562231,0.066778,0.0334308,0.0
5.66306,0.000574528,0.0834725,0.0371832,0.0
5.66359,0.000568152,0.033389,0.023538,0.0
5.66328,0.000558522,0.0500835,0.0289961,0.0
5.66316,0.000566135,0.0834725,0.0371832,0.0
5.66418,0.000577911,0.066778,0.0409356,0.0
5.66224,0.000579083,0.0834725,0.0371832,0.0
5.66328,0.000592421,0.116861,0.0440058,0.0
5.66406,0.000565094,0.0834725,0.0371832,0.0
5.66349,0.000542646,0.033389,0.023538,0.0
5.66278,0.000567306,0.0834725,0.0371832,0.0
5.66268,0.000545639,0.0834725,0.0371832,0.0
5.66285,0.000550324,0.0166945,0.0167154,0.0
5.66294,0.000560734,0.033389,0.023538,0.0
5.66265,0.000531975,0.0,0.0,0.0
5.66315,0.000559693,0.0166945,0.0167154,0.0
5.66288,0.000558782,0.033389,0.023538,0.0
5.66334,0.000549738,0.0834725,0.0371832,0.0
5.66397,0.000543427,0.0,0.0,0.0
5.66357,0.000554423,0.0500835,0.0289961,0.0
5.66323,0.000554618,0.0500835,0.0289961,0.0
5.66341,0.000552666,0.0500835,0.0289961,0.0
5.66366,0.000547526,0.033389,0.023538,0.0
5.66386,0.000569453,0.0500835,0.0289961,0.0
5.66413,0.000555399,0.033389,0.023538,0.0
5.66396,0.000567501,0.0834725,0.0371832,0.0
5.66393,0.000549803,0.033389,0.023538,0.0
5.66291,0.000552926,0.033389,0.023538,0.0
5.66381,0.000540239,0.0500835,0.0289961,0.0
5.66367,0.000552601,0.0834725,0.0371832,0.0
5.66289,0.000577586,0.0500835,0.0289961,0.0
5.66367,0.000553642,0.033389,0.023538,0.0
5.66367,0.00056685,0.100167,0.0409356,0.0
5.66435,0.000554228,0.0166945,0.0167154,0.0
5.66352,0.00056171,0.033389,0.023538,0.0
5.66304,0.00055696,0.0166945,0.0167154,0.0
5.66356,0.000559498,0.066778,0.0334308,0.0
5.66378,0.000546485,0.0166945,0.0167154,0.0
5.66305,0.000564313,0.033389,0.023538,0.0
5.66366,0.000563727,0.033389,0.023538,0.0
5.66444,0.0005567,0.0500835,0.0289961,0.0
5.66433,0.000573292,0.0834725,0.0371832,0.0
5.66358,0.000582531,0.066778,0.0334308,0.0
5.6633,0.000555204,0.0166945,0.0167154,0.0
5.66368,0.000568477,0.066778,0.0334308,0.0
5.66395,0.000557806,0.0500835,0.0289961,0.0
5.66363,0.000568347,0.0500835,0.0289961,0.0
5.66395,0.00057199,0.033389,0.023538,0.0
5.66447,0.000566525,0.0500835,0.0289961,0.0
5.66422,0.000547851,0.0834725,0.0371832,0.0
5.66381,0.000555594,0.033389,0.023538,0.0
5.66343,0.000555139,0.0,0.0,0.0
5.66345,0.000562621,0.0166945,0.0167154,0.0
5.66339,0.000550584,0.033389,0.023538,0.0
5.6633,0.000554163,0.066778,0.0334308,0.0
5.6626,0.000550454,0.0834725,0.0371832,0.0
5.66313,0.000548372,0.033389,0.023538,0.0
5.66305,0.000545053,0.0166945,0.0167154,0.0
5.66216,0.000559823,0.066778,0.0334308,0.0
5.66326,0.000562296,0.066778,0.0334308,0.0
5.66337,0.000593072,0.100167,0.0409356,0.0
5.66271,0.000574007,0.066778,0.0334308,0.0
5.66336,0.000551235,0.0834725,0.0371832,0.0
5.66286,0.000558587,0.033389,0.023538,0.0
5.66329,0.000570038,0.100167,0.0409356,0.0
5.66367,0.000551495,0.066778,0.0334308,0.0
5.66344,0.000569583,0.0834725,0.0371832,0.0
5.66295,0.000557741,0.066778,0.0334308,0.0
5.66321,0.000553837,0.0834725,0.0371832,0.0
5.66296,0.000555008,0.033389,0.023538,0.0
5.6637,0.000536204,0.0,0.0,0.0
5.66406,0.000575049,0.033389,0.023538,0.0
5.66322,0.000557221,0.0834725,0.0371832,0.0
5.66371,0.000570624,0.066778,0.0334308,0.0
5.6642,0.000547201,0.033389,0.023538,0.0
5.66439,0.000562556,0.066778,0.0334308,0.0
5.66344,0.000566655,0.0500835,0.0289961,0.0
5.66299,0.000567436,0.033389,0.023538,0.0
5.66354,0.000559173,0.066778,0.0334308,0.0
5.66424,0.000574658,0.100167,0.0409356,0.0
5.66336,0.00054655,0.033389,0.023538,0.0
5.66333,0.000552211,0.033389,0.023538,0.0
5.6634,0.000582987,0.0834725,0.0371832,0.0
5.66374,0.00058598,0.066778,0.0334308,0.0
5.66312,0.000552731,0.033389,0.023538,0.0
5.66161,0.000553837,0.0166945,0.0167154,0.0
5.66207,0.00055182,0.0166945,0.0167154,0.0
5.66338,0.000550519,0.0166945,0.0167154,0.0
5.66363,0.000547981,0.0500835,0.0289961,0.0
5.66288,0.000543036,0.066778,0.0334308,0.0
5.66272,0.000557806,0.033389,0.023538,0.0
5.66305,0.000553772,0.0,0.0,0.0
5.66406,0.000554293,0.0500835,0.0289961,0.0
5.66428,0.000554748,0.0500835,0.0289961,0.0
5.66314,0.000553382,0.0500835,0.0289961,0.0
5.66505,0.000573747,0.0500835,0.0289961,0.0
5.66443,0.000569843,0.116861,0.0440058,0.0
5.66374,0.000557936,0.0166945,0.0167154,0.0
5.66418,0.000564963,0.066778,0.0334308,0.0
5.66417,0.000555984,0.0166945,0.0167154,0.0
5.663,0.000540239,0.0166945,0.0167154,0.0
5.66315,0.000557351,0.066778,0.0334308,0.0
5.66322,0.000544142,0.033389,0.023538,0.0
5.66349,0.000569193,0.0500835,0.0289961,0.0
5.663,0.000586565,0.0166945,0.0167154,0.0
5.66225,0.000557286,0.033389,0.023538,0.0
5.66338,0.000562101,0.0500835,0.0289961,0.0
5.66354,0.000562491,0.066778,0.0334308,0.0
5.66352,0.000553187,0.0500835,0.0289961,0.0
5.66316,0.00054219,0.033389,0.023538,0.0
5.66369,0.00055696,0.033389,0.023538,0.0
5.66475,0.000561059,0.116861,0.0440058,0.0
5.66441,0.000572186,0.066778,0.0334308,0.0
5.66279,0.00055195,0.0500835,0.0289961,0.0
5.66302,0.000556245,0.100167,0.0409356,0.0
5.66363,0.000564118,0.0500835,0.0289961,0.0
5.66403,0.00055709,0.0500835,0.0289961,0.0
5.66346,0.000566915,0.066778,0.0334308,0.0
5.66293,0.000572901,0.100167,0.0409356,0.0
5.66342,0.000553902,0.0166945,0.0167154,0.0
5.66348,0.000534252,0.0166945,0.0167154,0.0
5.66354,0.000545769,0.0166945,0.0167154,0.0
5.66401,0.00056184,0.0500835,0.0289961,0.0
5.66413,0.000562686,0.0834725,0.0371832,0.0
5.66341,0.000551755,0.0500835,0.0289961,0.0
5.66314,0.000553642,0.0500835,0.0289961,0.0
5.66346,0.000547461,0.033389,0.023538,0.0
5.66409,0.000543622,0.0,0.0,0.0
5.66335,0.000567176,0.0500835,0.0289961,0.0
5.66384,0.000551625,0.0166945,0.0167154,0.0
5.66352,0.000550194,0.0500835,0.0289961,0.0
5.66386,0.000559888,0.0500835,0.0289961,0.0
5.66284,0.000557871,0.033389,0.023538,0.0
5.66358,0.000580904,0.0834725,0.0371832,0.0
5.66377,0.000556049,0.0166945,0.0167154,0.0
5.66307,0.000545639,0.0500835,0.0289961,0.0
5.66373,0.000552601,0.0834725,0.0371832,0.0
5.66382,0.0005567,0.066778,0.0334308,0.0
5.66305,0.000561125,0.100167,0.0409356,0.0
5.66348,0.000560279,0.033389,0.023538,0.0
5.6643,0.000562946,0.0500835,0.0289961,0.0
5.66451,0.000558262,0.0834725,0.0371832,0.0
5.6634,0.000562751,0.0834725,0.0371832,0.0
5.66426,0.00057635,0.066778,0.0334308,0.0
5.6644,0.0005716,0.0834725,0.0371832,0.0
5.66428,0.000558782,0.0500835,0.0289961,0.0
5.66347,0.000550714,0.0166945,0.0167154,0.0
5.66321,0.000558717,0.0500835,0.0289961,0.0
5.66296,0.000547851,0.0166945,0.0167154,0.0
5.66232,0.000536595,0.0,0.0,0.0
5.66338,0.000543817,0.100167,0.0409356,0.0
5.66335,0.00054655,0.0500835,0.0289961,0.0
5.6629,0.000554163,0.0500835,0.0289961,0.0
5.66355,0.000546225,0.0166945,0.0167154,0.0
5.66276,0.000547266,0.033389,0.023538,0.0
5.66294,0.000572836,0.100167,0.0409356,0.0
5.66311,0.000563272,0.0166945,0.0167154,0.0
5.66276,0.000545053,0.0,0.0,0.0
5.66415,0.000565484,0.100167,0.0409356,0.0
5.66392,0.00057622,0.0166945,0.0167154,0.0
5.66361,0.000564118,0.066778,0.0334308,0.0
5.66362,0.000555269,0.066778,0.0334308,0.0
5.66306,0.000551495,0.0166945,0.0167154,0.0
5.66378,0.000577066,0.0834725,0.0371832,0.0
5.66314,0.000545183,0.0166945,0.0167154,0.0
5.66356,0.000583247,0.0834725,0.0371832,0.0
5.66345,0.000545899,0.033389,0.023538,0.0
5.66404,0.000548892,0.0166945,0.0167154,0.0
5.66498,0.000558197,0.100167,0.0409356,0.0
5.66363,0.000547201,0.033389,0.023538,0.0
5.66339,0.000554358,0.0,0.0,0.0
5.66453,0.000559238,0.0,0.0,0.0
5.66334,0.000539393,0.0166945,0.0167154,0.0
5.66376,0.000540304,0.0,0.0,0.0
5.66405,0.000544858,0.0500835,0.0289961,0.0
5.66394,0.000554163,0.066778,0.0334308,0.0
5.66321,0.000553121,0.0166945,0.0167154,0.0
5.66356,0.000525273,0.0166945,0.0167154,0.0
5.66328,0.000534708,0.0166945,0.0167154,0.0
5.66307,0.000539588,0.033389,0.023538,0.0
5.66397,0.00055631,0.0,0.0,0.0
5.66273,0.000552341,0.066778,0.0334308,0.0
5.66323,0.000554228,0.0166945,0.0167154,0.0
5.6633,0.000548762,0.033389,0.023538,0.0
5.66346,0.000565744,0.0,0.0,0.0
5.66268,0.000555594,0.0166945,0.0167154,0.0
5.66208,0.000575764,0.0500835,0.0289961,0.0
5.6631,0.000568347,0.033389,0.023538,0.0
5.66367,0.000556505,0.0500835,0.0289961,0.0
5.66221,0.000552276,0.066778,0.0334308,0.0
5.66328,0.000550649,0.033389,0.023538,0.0
5.6638,0.000558782,0.033389,0.023538,0.0
5.66333,0.000568021,0.033389,0.023538,0.0
5.66306,0.000546875,0.033389,0.023538,0.0
5.66416,0.000568347,0.0500835,0.0289961,0.0
5.66418,0.000564443,0.0500835,0.0289961,0.0
5.66292,0.000556505,0.0166945,0.0167154,0.0
5.66277,0.000544598,0.0166945,0.0167154,0.0
5.66382,0.000554293,0.033389,0.023538,0.0
5.66363,0.000533797,0.0500835,0.0289961,0.0
5.66319,0.00055657,0.033389,0.023538,0.0
5.66262,0.000544858,0.0,0.0,0.0
5.6628,0.000559693,0.066778,0.0334308,0.0
5.66306,0.000564183,0.033389,0.023538,0.0
5.66346,0.000565484,0.066778,0.0334308,0.0
5.6635,0.000552341,0.0166945,0.0167154,0.0
5.66313,0.000553121,0.033389,0.023538,0.0
5.66258,0.000558262,0.0500835,0.0289961,0.0
5.66235,0.000562231,0.0834725,0.0371832,0.0
5.66284,0.000537961,0.0166945,0.0167154,0.0
5.66234,0.000557806,0.0500835,0.0289961,0.0
5.66264,0.00056145,0.066778,0.0334308,0.0
5.66378,0.00055156,0.0834725,0.0371832,0.0
5.66342,0.000576545,0.033389,0.023538,0.0
5.66384,0.000561059,0.033389,0.023538,0.0
5.66341,0.000554228,0.066778,0.0334308,0.0
5.66281,0.000569778,0.0500835,0.0289961,0.0
5.66361,0.000564183,0.0166945,0.0167154,0.0
5.66362,0.000558977,0.066778,0.0334308,0.0
5.66288,0.000559433,0.0166945,0.0167154,0.0
5.66297,0.00054193,0.0166945,0.0167154,0.0
5.66322,0.000535814,0.0166945,0.0167154,0.0
5.66336,0.000539002,0.066778,0.0334308,0.0
5.66281,0.000553252,0.100167,0.0409356,0.0
5.66294,0.000541149,0.0166945,0.0167154,0.0
5.66335,0.000549543,0.0166945,0.0167154,0.0
5.66332,0.000552731,0.066778,0.0334308,0.0
5.66293,0.000559693,0.033389,0.023538,0.0
5.6636,0.000545899,0.033389,0.023538,0.0
5.66253,0.000562556,0.0834725,0.0371832,0.0
5.66283,0.000565614,0.0834725,0.0371832,0.0
5.66347,0.000564898,0.033389,0.023538,0.0
5.66272,0.000549022,0.0166945,0.0167154,0.0
5.66323,0.000559693,0.0166945,0.0167154,0.0
5.66371,0.000550519,0.0166945,0.0167154,0.0
5.66321,0.000584223,0.033389,0.023538,0.0
5.66346,0.000571795,0.033389,0.023538,0.0
5.66358,0.000565679,0.033389,0.023538,0.0
5.66359,0.000531129,0.0,0.0,0.0
5.66262,0.000539328,0.0500835,0.0289961,0.0
5.66325,0.000543752,0.033389,0.023538,0.0
5.66314,0.00053653,0.0166945,0.0167154,0.0
5.66322,0.000542906,0.033389,0.023538,0.0
5.66403,0.000544533,0.0166945,0.0167154,0.0
5.66371,0.00055657,0.0500835,0.0289961,0.0
5.66363,0.000564052,0.0834725,0.0371832,0.0
5.66349,0.000570819,0.0166945,0.0167154,0.0
5.66398,0.000557806,0.0166945,0.0167154,0.0
5.66309,0.00055657,0.033389,0.023538,0.0
5.66279,0.000552276,0.033389,0.023538,0.0
5.66343,0.000537571,0.0166945,0.0167154,0.0
5.66318,0.000537311,0.033389,0.023538,0.0
5.66312,0.000558977,0.033389,0.023538,0.0
5.66307,0.000558457,0.033389,0.023538,0.0
5.66372,0.000544728,0.0166945,0.0167154,0.0
5.66263,0.000549803,0.033389,0.023538,0.0
5.66269,0.00056119,0.0500835,0.0289961,0.0
5.66277,0.000563662,0.0834725,0.0371832,0.0
5.66247,0.000558066,0.0500835,0.0289961,0.0
5.66248,0.000535749,0.0166945,0.0167154,0.0
5.66304,0.000548502,0.0166945,0.0167154,0.0
5.66388,0.000544793,0.0,0.0,0.0
5.66372,0.000555529,0.033389,0.023538,0.0
5.66358,0.000548567,0.033389,0.023538,0.0
5.66306,0.000562166,0.033389,0.023538,0.0
5.6629,0.000563402,0.0166945,0.0167154,0.0
5.66248,0.000543166,0.0,0.0,0.0
5.66237,0.000536074,0.0500835,0.0289961,0.0
5.66275,0.000554293,0.0500835,0.0289961,0.0
5.66412,0.000563076,0.066778,0.0334308,0.0
5.66308,0.000544142,0.0166945,0.0167154,0.0
5.66346,0.000537571,0.0166945,0.0167154,0.0
5.6634,0.000551365,0.033389,0.023538,0.0
5.66357,0.000558652,0.033389,0.023538,0.0
5.66296,0.000548827,0.0500835,0.0289961,0.0
5.66323,0.000553902,0.0,0.0,0.0
5.66284,0.000574723,0.0500835,0.0289961,0.0
5.66318,0.000580514,0.0834725,0.0371832,0.0
5.66334,0.000562946,0.0166945,0.0167154,0.0
5.66266,0.000552015,0.066778,0.0334308,0.0
5.66291,0.000556375,0.033389,0.023538,0.0
5.66374,0.000575244,0.100167,0.0409356,0.0
5.66279,0.000567956,0.033389,0.023538,0.0
5.66321,0.000544858,0.0166945,0.0167154,0.0
5.66391,0.000552471,0.0500835,0.0289961,0.0
5.66299,0.000542125,0.0,0.0,0.0
5.66281,0.000550389,0.033389,0.023538,0.0
5.66282,0.000549803,0.0166945,0.0167154,0.0
5.66264,0.00054668,0.033389,0.023538,0.0
5.66347,0.000548697,0.033389,0.023538,0.0
5.66307,0.00055208,0.0,0.0,0.0
5.6638,0.000552666,0.0500835,0.0289961,0.0
5.66377,0.000563142,0.066778,0.0334308,0.0
5.66392,0.000555724,0.0166945,0.0167154,0.0
5.66271,0.000554943,0.066778,0.0334308,0.0
5.66383,0.000572836,0.033389,0.023538,0.0
5.66378,0.000557286,0.066778,0.0334308,0.0
5.66305,0.000564313,0.033389,0.023538,0.0
5.66362,0.000553642,0.0500835,0.0289961,0.0
5.66372,0.000549933,0.0500835,0.0289961,0.0
5.66301,0.000549673,0.0,0.0,0.0
5.66387,0.000552601,0.066778,0.0334308,0.0
5.66353,0.000559433,0.066778,0.0334308,0.0
5.66322,0.000554228,0.100167,0.0409356,0.0
5.66287,0.000535359,0.0166945,0.0167154,0.0
5.66321,0.000549868,0.033389,0.023538,0.0
5.66329,0.000543622,0.0500835,0.0289961,0.0
5.66296,0.000547396,0.0,0.0,0.0
5.66336,0.000545574,0.0166945,0.0167154,0.0
5.66336,0.000560344,0.033389,0.023538,0.0
5.66314,0.000538742,0.0166945,0.0167154,0.0
5.66304,0.000545964,0.0500835,0.0289961,0.0
5.66331,0.000550259,0.0166945,0.0167154,0.0
5.66391,0.000555984,0.066778,0.0334308,0.0
5.66406,0.000573877,0.0834725,0.0371832,0.0
5.66368,0.000579408,0.100167,0.0409356,0.0
5.66338,0.000576805,0.033389,0.023538,0.0
5.66328,0.000563662,0.0834725,0.0371832,0.0
5.66382,0.000554748,0.0500835,0.0289961,0.0
5.66356,0.000550974,0.0,0.0,0.0
5.66285,0.000535228,0.0166945,0.0167154,0.0
5.66435,0.000541345,0.0,0.0,0.0
5.664,0.000540564,0.033389,0.023538,0.0
5.66376,0.000545964,0.0166945,0.0167154,0.0
5.66305,0.000541605,0.033389,0.023538,0.0
5.6637,0.000554943,0.033389,0.023538,0.0
5.66259,0.00055631,0.033389,0.023538,0.0
5.66357,0.000565354,0.0834725,0.0371832,0.0
5.66341,0.000543362,0.0166945,0.0167154,0.0
5.66351,0.000542516,0.0,0.0,0.0
5.66255,0.000549348,0.0166945,0.0167154,0.0
5.66295,0.00055644,0.0166945,0.0167154,0.0
5.66276,0.000545444,0.0,0.0,0.0
5.6632,0.000567761,0.033389,0.023538,0.0
5.66352,0.00055644,0.0166945,0.0167154,0.0
5.66362,0.000562035,0.0500835,0.0289961,0.0
5.66286,0.00054655,0.033389,0.023538,0.0
5.66284,0.000555984,0.033389,0.023538,0.0
5.66374,0.000557286,0.0166945,0.0167154,0.0
5.66293,0.000549348,0.0166945,0.0167154,0.0
5.66291,0.000542256,0.0500835,0.0289961,0.0
5.66302,0.000550974,0.033389,0.023538,0.0
5.6639,0.000548697,0.0166945,0.0167154,0.0
5.66417,0.00054707,0.0166945,0.0167154,0.0
5.66338,0.000538221,0.0,0.0,0.0
5.66394,0.000526184,0.0500835,0.0289961,0.0
5.66419,0.000549673,0.0500835,0.0289961,0.0
5.66413,0.000558457,0.033389,0.023538,0.0
5.66367,0.000561775,0.033389,0.023538,0.0
5.66328,0.000572901,0.0166945,0.0167154,0.0
5.66387,0.000566655,0.0500835,0.0289961,0.0
5.66222,0.000560474,0.0166945,0.0167154,0.0
5.66226,0.000536595,0.0500835,0.0289961,0.0
5.66281,0.000556505,0.033389,0.023538,0.0
5.66285,0.000559107,0.033389,0.023538,0.0
5.66357,0.00056171,0.0500835,0.0289961,0.0
5.66309,0.000544858,0.0166945,0.0167154,0.0
5.66193,0.00055156,0.0166945,0.0167154,0.0
5.66278,0.000553187,0.033389,0.023538,0.0
5.66292,0.000546875,0.0166945,0.0167154,0.0
5.66248,0.000550454,0.0500835,0.0289961,0.0
5.66381,0.000552406,0.0500835,0.0289961,0.0
5.66299,0.000544338,0.0166945,0.0167154,0.0
5.66223,0.000557546,0.0166945,0.0167154,0.0
5.66343,0.00054154,0.033389,0.023538,0.0
5.66269,0.000539263,0.033389,0.023538,0.0
5.66312,0.000547331,0.0500835,0.0289961,0.0
5.66392,0.000559368,0.066778,0.0334308,0.0
5.6626,0.000546159,0.0,0.0,0.0
5.66338,0.000530739,0.0166945,0.0167154,0.0
5.66331,0.000547721,0.0500835,0.0289961,0.0
5.66364,0.000563792,0.0500835,0.0289961,0.0
5.66347,0.000566525,0.0834725,0.0371832,0.0
5.66413,0.000562166,0.033389,0.023538,0.0
5.66381,0.000554358,0.0500835,0.0289961,0.0
5.66358,0.000550194,0.0500835,0.0289961,0.0
5.66342,0.000555464,0.066778,0.0334308,0.0
5.66404,0.000552406,0.0166945,0.0167154,0.0
5.66301,0.00054681,0.0500835,0.0289961,0.0
5.66341,0.000561905,0.066778,0.0334308,0.0
5.66305,0.000577131,0.0500835,0.0289961,0.0
5.66251,0.000550779,0.0,0.0,0.0
5.66255,0.000540499,0.033389,0.023538,0.0
5.66315,0.000546094,0.066778,0.0334308,0.0
5.66367,0.000548762,0.0166945,0.0167154,0.0
5.66283,0.000549673,0.033389,0.023538,0.0
5.66242,0.000567111,0.0166945,0.0167154,0.0
5.66242,0.000548111,0.0500835,0.0289961,0.0
5.66189,0.00054655,0.033389,0.023538,0.0
5.66245,0.000537376,0.0166945,0.0167154,0.0
5.66343,0.000540824,0.0,0.0,0.0
5.66318,0.000538547,0.033389,0.023538,0.0
5.66405,0.000553772,0.0500835,0.0289961,0.0
5.6637,0.000552276,0.0166945,0.0167154,0.0
5.66324,0.000559433,0.0500835,0.0289961,0.0
5.66185,0.000558457,0.066778,0.0334308,0.0
5.66283,0.000564508,0.066778,0.0334308,0.0
5.66389,0.000554878,0.0500835,0.0289961,0.0
5.66282,0.000539653,0.033389,0.023538,0.0
5.66363,0.00055683,0.033389,0.023538,0.0
5.66386,0.000537831,0.0500835,0.0289961,0.0
5.66335,0.000561775,0.033389,0.023538,0.0
5.66327,0.00053679,0.0166945,0.0167154,0.0
5.66326,0.000537701,0.033389,0.023538,0.0
5.66285,0.000557221,0.0166945,0.0167154,0.0
5.66335,0.000559042,0.116861,0.0440058,0.0
5.66366,0.000573617,0.0500835,0.0289961,0.0
5.66294,0.000549738,0.0834725,0.0371832,0.0
5.6626,0.000557286,0.0500835,0.0289961,0.0
5.66372,0.000557741,0.0166945,0.0167154,0.0
5.66278,0.000557936,0.0500835,0.0289961,0.0
5.66255,0.000554293,0.0834725,0.0371832,0.0
5.66257,0.000564573,0.033389,0.023538,0.0
5.66313,0.00054167,0.066778,0.0334308,0.0
5.66393,0.000569193,0.0166945,0.0167154,0.0
5.66287,0.000551755,0.0,0.0,0.0
5.66325,0.000556765,0.0834725,0.0371832,0.0
5.66317,0.000558652,0.0166945,0.0167154,0.0
5.66321,0.000568737,0.0834725,0.0371832,0.0
5.66447,0.000552341,0.0166945,0.0167154,0.0
5.66485,0.000557676,0.0500835,0.0289961,0.0
5.66373,0.00055182,0.0166945,0.0167154,0.0
5.66291,0.000546745,0.0500835,0.0289961,0.0
5.66346,0.000558717,0.033389,0.023538,0.0
5.66336,0.000540304,0.0500835,0.0289961,0.0
5.66338,0.00056659,0.0500835,0.0289961,0.0
5.6635,0.000546615,0.0,0.0,0.0
5.66417,0.000548307,0.0166945,0.0167154,0.0
5.66412,0.000548567,0.0166945,0.0167154,0.0
5.66387,0.0005418,0.0166945,0.0167154,0.0
5.66318,0.000547461,0.0500835,0.0289961,0.0
5.66318,0.000568021,0.0166945,0.0167154,0.0
5.66192,0.00054681,0.0166945,0.0167154,0.0
5.66314,0.000551495,0.0166945,0.0167154,0.0
5.66339,0.000558262,0.0500835,0.0289961,0.0
5.66299,0.00054193,0.0,0.0,0.0
5.66299,0.000533797,0.033389,0.023538,0.0
5.66278,0.000542776,0.0166945,0.0167154,0.0
5.66318,0.000557221,0.066778,0.0334308,0.0
5.66289,0.000555008,0.0166945,0.0167154,0.0
5.66273,0.000542841,0.033389,0.023538,0.0
5.66324,0.000545964,0.033389,0.023538,0.0
5.66279,0.000541735,0.0,0.0,0.0
5.66305,0.000540824,0.033389,0.023538,0.0
5.66415,0.000569258,0.0500835,0.0289961,0.0
5.66327,0.00055618,0.0166945,0.0167154,0.0
5.66307,0.000547916,0.033389,0.023538,0.0
5.66408,0.000570169,0.0834725,0.0371832,0.0
5.66344,0.00056197,0.0500835,0.0289961,0.0
5.66299,0.000548046,0.0166945,0.0167154,0.0
5.66316,0.000553837,0.033389,0.023538,0.0
5.66377,0.00054219,0.0166945,0.0167154,0.0
5.66329,0.000539393,0.033389,0.023538,0.0
5.66318,0.000546745,0.0166945,0.0167154,0.0
5.66376,0.000556635,0.0,0.0,0.0
5.66368,0.000548567,0.033389,0.023538,0.0
5.66303,0.000545769,0.066778,0.0334308,0.0
5.66291,0.000547851,0.0,0.0,0.0
5.66338,0.000554748,0.0166945,0.0167154,0.0
5.66293,0.00054206,0.0166945,0.0167154,0.0
5.66385,0.00055683,0.033389,0.023538,0.0
5.66369,0.000552406,0.0500835,0.0371832,0.0
5.66285,0.000530739,0.0166945,0.0167154,0.0
5.66296,0.000540499,0.033389,0.023538,0.0
5.66403,0.000543427,0.0,0.0,0.0
5.66391,0.000533016,0.0166945,0.0167154,0.0
5.66396,0.000564052,0.033389,0.023538,0.0
5.66382,0.000548437,0.0,0.0,0.0
5.66332,0.000545444,0.0166945,0.0167154,0.0
5.66399,0.000554618,0.0166945,0.0167154,0.0
5.66382,0.000537961,0.0500835,0.0289961,0.0
5.66319,0.000543882,0.0166945,0.0167154,0.0
5.66312,0.00053191,0.0166945,0.0167154,0.0
5.66389,0.000569258,0.0500835,0.0289961,0.0
5.6633,0.000544923,0.0166945,0.0167154,0.0
5.66255,0.000552145,0.0166945,0.0167154,0.0
5.66247,0.000559758,0.0500835,0.0289961,0.0
5.66299,0.000557481,0.0166945,0.0167154,0.0
5.66276,0.000539588,0.033389,0.023538,0.0
5.66323,0.000544663,0.0,0.0,0.0
5.66337,0.000548892,0.0166945,0.0167154,0.0
5.66308,0.000555724,0.0500835,0.0289961,0.0
5.6635,0.000553317,0.0166945,0.0167154,0.0
5.6641,0.000545183,0.0166945,0.0167154,0.0
5.66333,0.000555529,0.0166945,0.0167154,0.0
5.66345,0.000562816,0.0166945,0.0167154,0.0
5.66344,0.000559433,0.0166945,0.0167154,0.0
5.6634,0.0005364,0.0166945,0.0167154,0.0
5.66385,0.000545249,0.0500835,0.0289961,0.0
5.66371,0.000554032,0.0166945,0.0167154,0.0
5.66365,0.000541605,0.0166945,0.0167154,0.0
5.66352,0.000565809,0.0834725,0.0371832,0.0
5.66315,0.000549478,0.0,0.0,0.0
5.66335,0.00057648,0.066778,0.0334308,0.0
5.66285,0.000558652,0.0166945,0.0167154,0.0
5.66223,0.000553707,0.0834725,0.0371832,0.0
5.66307,0.000554813,0.033389,0.023538,0.0
5.66394,0.000544273,0.0500835,0.0289961,0.0
5.66373,0.000545574,0.0,0.0,0.0
5.66361,0.000540499,0.0500835,0.0289961,0.0
5.66418,0.000540629,0.0166945,0.0167154,0.0
5.66301,0.000543427,0.0166945,0.0167154,0.0
5.66292,0.0005513,0.066778,0.0334308,0.0
5.66288,0.000542841,0.0,0.0,0.0
5.66228,0.00054694,0.0166945,0.0167154,0.0
5.66307,0.000562231,0.0500835,0.0289961,0.0
5.66379,0.000554813,0.033389,0.023538,0.0
5.66324,0.000553382,0.033389,0.023538,0.0
5.66381,0.000543036,0.033389,0.023538,0.0
5.66429,0.000564638,0.033389,0.023538,0.0
5.66315,0.000548892,0.0166945,0.0167154,0.0
5.66272,0.000563597,0.0166945,0.0167154,0.0
5.66306,0.000546159,0.0166945,0.0167154,0.0
5.66318,0.000547266,0.0500835,0.0289961,0.0
5.66345,0.00055683,0.0500835,0.0289961,0.0
5.66324,0.000559693,0.0166945,0.0167154,0.0
5.66295,0.000550519,0.0,0.0,0.0
5.66292,0.000533472,0.0,0.0,0.0
5.66383,0.000542906,0.033389,0.023538,0.0
5.66356,0.000560214,0.0166945,0.0167154,0.0
5.66326,0.00053692,0.0,0.0,0.0
5.66351,0.000541995,0.033389,0.023538,0.0
5.66305,0.000537376,0.0166945,0.0167154,0.0
5.6629,0.000564703,0.0500835,0.0289961,0.0
5.66371,0.000550194,0.0166945,0.0167154,0.0
5.66295,0.000540954,0.0,0.0,0.0
5.66318,0.00054206,0.0500835,0.0289961,0.0
5.66435,0.000539263,0.033389,0.023538,0.0
5.66324,0.000550519,0.0,0.0,0.0
5.66329,0.000555464,0.0500835,0.0289961,0.0
5.66314,0.000563467,0.033389,0.023538,0.0
5.66233,0.000550389,0.0166945,0.0167154,0.0
5.66244,0.000542711,0.033389,0.023538,0.0
5.66332,0.000534513,0.0,0.0,0.0
5.66265,0.000543492,0.0166945,0.0167154,0.0
5.66206,0.000528527,0.0166945,0.0167154,0.0
5.66269,0.000545314,0.0,0.0,0.0
5.66402,0.000553577,0.033389,0.023538,0.0
5.66354,0.000566265,0.0500835,0.0289961,0.0
5.66388,0.000532626,0.0,0.0,0.0
5.66355,0.000544273,0.0166945,0.0167154,0.0
5.66264,0.0005567,0.0166945,0.0167154,0.0
5.66318,0.000549608,0.033389,0.023538,0.0
5.66414,0.000558132,0.033389,0.023538,0.0
5.66403,0.000545769,0.0,0.0,0.0
5.66335,0.000532821,0.0166945,0.0167154,0.0
5.66183,0.000544208,0.0166945,0.0167154,0.0
5.66309,0.000540304,0.0,0.0,0.0
5.66319,0.00054642,0.0500835,0.0289961,0.0
5.66315,0.000569778,0.066778,0.0334308,0.0
5.66358,0.000572186,0.0166945,0.0167154,0.0
5.6635,0.000565614,0.033389,0.023538,0.0
5.6632,0.000558522,0.0166945,0.0167154,0.0
5.66308,0.000537766,0.0500835,0.0289961,0.0
5.66291,0.00054219,0.0166945,0.0167154,0.0
5.66255,0.000555073,0.0500835,0.0289961,0.0
5.66302,0.000547656,0.0,0.0,0.0
5.66264,0.000550259,0.033389,0.023538,0.0
5.66316,0.000560929,0.0,0.0,0.0
5.66359,0.000542321,0.033389,0.023538,0.0
5.66426,0.000532366,0.033389,0.023538,0.0
5.66459,0.000540434,0.033389,0.023538,0.0
5.66346,0.000553252,0.0500835,0.0289961,0.0
5.66376,0.000543297,0.033389,0.023538,0.0
5.66271,0.000538352,0.0,0.0,0.0
5.66312,0.000538482,0.0,0.0,0.0
5.66311,0.000528722,0.0166945,0.0167154,0.0
5.66352,0.000541995,0.0166945,0.0167154,0.0
5.66361,0.000550519,0.0166945,0.0167154,0.0
5.66411,0.000550389,0.0500835,0.0289961,0.0
5.66369,0.000554358,0.0166945,0.0167154,0.0
5.66327,0.000545834,0.0500835,0.0289961,0.0
5.66283,0.000542386,0.0166945,0.0167154,0.0
5.66355,0.000550324,0.033389,0.023538,0.0
5.66289,0.000547266,0.0166945,0.0167154,0.0
5.66269,0.000536595,0.0166945,0.0167154,0.0
5.66399,0.000543882,0.0,0.0,0.0
5.66268,0.00055618,0.0166945,0.0167154,0.0
5.66309,0.000566785,0.0500835,0.0289961,0.0
5.66385,0.000535489,0.0500835,0.0289961,0.0
5.66301,0.000549218,0.0500835,0.0289961,0.0
5.66262,0.000557286,0.033389,0.023538,0.0
5.66321,0.000545053,0.033389,0.023538,0.0
5.66335,0.000544858,0.033389,0.023538,0.0
5.66294,0.000554748,0.033389,0.023538,0.0
5.6638,0.000556049,0.0,0.0,0.0
5.66331,0.000539263,0.033389,0.023538,0.0
5.66299,0.000555334,0.066778,0.0334308,0.0
5.66322,0.000539978,0.033389,0.023538,0.0
5.66325,0.000549348,0.0,0.0,0.0
5.6628,0.000547656,0.0,0.0,0.0
5.66311,0.000542321,0.0,0.0,0.0
5.66407,0.000553121,0.100167,0.0409356,0.0
5.66386,0.000583117,0.066778,0.0334308,0.0
5.66264,0.000540173,0.0,0.0,0.0
5.66328,0.000548437,0.0166945,0.0167154,0.0
5.6645,0.000533342,0.0166945,0.0167154,0.0
5.66345,0.000544338,0.0500835,0.0289961,0.0
5.66269,0.000548372,0.0166945,0.0167154,0.0
5.66384,0.000555919,0.066778,0.0334308,0.0
5.66381,0.000552276,0.033389,0.023538,0.0
5.66308,0.00055631,0.033389,0.023538,0.0
5.6629,0.000549608,0.0166945,0.0167154,0.0
5.66333,0.000551625,0.0166945,0.0167154,0.0
5.66256,0.000550779,0.033389,0.023538,0.0
5.66287,0.000563467,0.0500835,0.0289961,0.0
5.6643,0.000572771,0.0500835,0.0289961,0.0
5.66324,0.000553056,0.033389,0.023538,0.0
5.66373,0.00054629,0.0166945,0.0167154,0.0
5.66358,0.000544403,0.0,0.0,0.0
5.66356,0.000554748,0.0166945,0.0167154,0.0
5.66413,0.000556245,0.066778,0.0334308,0.0
5.6637,0.000559433,0.033389,0.023538,0.0
5.66313,0.000554683,0.033389,0.023538,0.0
5.66319,0.000547461,0.0166945,0.0167154,0.0
5.66364,0.000555854,0.033389,0.023538,0.0
5.66395,0.000550649,0.0,0.0,0.0
5.66408,0.000551365,0.0166945,0.0167154,0.0
5.66297,0.000549998,0.0166945,0.0167154,0.0
5.66383,0.000545899,0.0166945,0.0167154,0.0
5.66413,0.000537961,0.0166945,0.0167154,0.0
5.66395,0.000534708,0.0166945,0.0167154,0.0
5.66386,0.000545769,0.033389,0.023538,0.0
5.66336,0.000549087,0.0166945,0.0167154,0.0
5.66268,0.000557546,0.0500835,0.0289961,0.0
5.66326,0.000536855,0.0834725,0.0371832,0.0
5.66293,0.00054154,0.0,0.0,0.0
5.6635,0.000558132,0.066778,0.0334308,0.0
5.66291,0.000539002,0.0166945,0.0167154,0.0
5.66317,0.000552796,0.0166945,0.0167154,0.0
5.6622,0.000554097,0.033389,0.023538,0.0
5.66233,0.00054668,0.0500835,0.0289961,0.0
5.66287,0.000558587,0.0166945,0.0167154,0.0
5.66305,0.000545053,0.0,0.0,0.0
5.66265,0.000541735,0.0,0.0,0.0
5.6632,0.00054141,0.033389,0.023538,0.0
5.66368,0.000567241,0.066778,0.0334308,0.0
5.66253,0.000545574,0.0166945,0.0167154,0.0
5.66235,0.000543101,0.0,0.0,0.0
5.66378,0.00053653,0.033389,0.023538,0.0
5.66363,0.000548827,0.0,0.0,0.0
5.66241,0.000564703,0.0166945,0.0167154,0.0
5.66274,0.000558717,0.0166945,0.0167154,0.0
5.66396,0.000544142,0.0,0.0,0.0
5.66354,0.00056184,0.0166945,0.0167154,0.0
5.66344,0.000545639,0.0500835,0.0289961,0.0
5.66321,0.000546029,0.0166945,0.0167154,0.0
5.66269,0.000549803,0.0,0.0,0.0
5.66319,0.00053692,0.033389,0.023538,0.0
5.66287,0.000540889,0.0166945,0.0167154,0.0
5.66273,0.000543817,0.033389,0.023538,0.0
5.66364,0.000538026,0.0166945,0.0167154,0.0
5.66349,0.000557936,0.0166945,0.0167154,0.0
5.66342,0.000558652,0.033389,0.023538,0.0
5.66482,0.000552406,0.0500835,0.0289961,0.0
5.66377,0.000552536,0.0,0.0,0.0
5.66286,0.000549738,0.033389,0.023538,0.0
5.66301,0.000565094,0.033389,0.023538,0.0
5.66256,0.000544858,0.033389,0.023538,0.0
5.66372,0.000557221,0.0500835,0.0289961,0.0
5.66336,0.000557741,0.033389,0.023538,0.0
5.66295,0.00054668,0.0166945,0.0167154,0.0
5.66284,0.000558197,0.0166945,0.0167154,0.0
5.66268,0.000537245,0.033389,0.023538,0.0
5.66207,0.000543036,0.0,0.0,0.0
5.66311,0.000571535,0.0,0.0,0.0
5.66355,0.000545053,0.0,0.0,0.0
5.66302,0.000560083,0.033389,0.023538,0.0
5.66281,0.000562166,0.0500835,0.0289961,0.0
5.66325,0.00053679,0.033389,0.023538,0.0
5.66388,0.000538807,0.0500835,0.0289961,0.0
5.66281,0.000551625,0.0166945,0.0167154,0.0
5.66294,0.000545314,0.0500835,0.0289961,0.0
5.66429,0.000541995,0.0166945,0.0167154,0.0
5.6634,0.000542581,0.033389,0.023538,0.0
5.66298,0.000532756,0.033389,0.023538,0.0
5.66344,0.000549478,0.0500835,0.0289961,0.0
5.66321,0.000547201,0.0166945,0.0167154,0.0
5.66283,0.0005513,0.0166945,0.0167154,0.0
5.66346,0.000542776,0.0166945,0.0167154,0.0
5.66317,0.000542841,0.0166945,0.0167154,0.0
5.66406,0.000551885,0.033389,0.023538,0.0
5.66398,0.000530153,0.0166945,0.0167154,0.0
5.66265,0.000548437,0.0,0.0,0.0
5.6627,0.000535098,0.0,0.0,0.0
5.66309,0.000543232,0.0166945,0.0167154,0.0
5.66292,0.000559107,0.033389,0.023538,0.0
5.66241,0.00055208,0.033389,0.023538,0.0
5.66272,0.000559368,0.033389,0.023538,0.0
5.66259,0.000557741,0.0500835,0.0289961,0.0
5.66209,0.000551104,0.0,0.0,0.0
5.66237,0.000543362,0.033389,0.023538,0.0
5.66357,0.000540694,0.0166945,0.0167154,0.0
5.66383,0.000538417,0.033389,0.023538,0.0
5.66314,0.000551625,0.0500835,0.0289961,0.0
5.66331,0.0005567,0.0166945,0.0167154,0.0
5.6635,0.000548176,0.0166945,0.0167154,0.0
5.66287,0.000543362,0.0166945,0.0167154,0.0
5.66321,0.000542451,0.0,0.0,0.0
5.66337,0.000541735,0.0166945,0.0167154,0.0
5.66293,0.000553187,0.066778,0.0334308,0.0
5.66342,0.000564833,0.0500835,0.0289961,0.0
5.66305,0.000548632,0.033389,0.023538,0.0
5.66331,0.000559628,0.0166945,0.0167154,0.0
5.66315,0.000544533,0.0,0.0,0.0
5.66332,0.00054629,0.0166945,0.0167154,0.0
5.66261,0.000553187,0.0166945,0.0167154,0.0
5.6628,0.000552861,0.0166945,0.0167154,0.0
5.66214,0.000552796,0.033389,0.023538,0.0
5.66271,0.000545574,0.033389,0.023538,0.0
5.66285,0.000553967,0.0166945,0.0167154,0.0
5.66214,0.000542386,0.0166945,0.0167154,0.0
5.66202,0.000549738,0.0166945,0.0167154,0.0
5.66307,0.000560799,0.033389,0.023538,0.0
5.66301,0.000560604,0.033389,0.023538,0.0
5.66372,0.000533407,0.0166945,0.0167154,0.0
5.6644,0.000542841,0.0166945,0.0167154,0.0
5.66353,0.00054655,0.0,0.0,0.0
5.66363,0.00055169,0.100167,0.0409356,0.0
5.66441,0.000538156,0.033389,0.023538,0.0
5.66425,0.000546355,0.0,0.0,0.0
5.66305,0.000538807,0.033389,0.023538,0.0
5.66261,0.000558327,0.0166945,0.0167154,0.0
5.66285,0.000542125,0.0166945,0.0167154,0.0
5.66316,0.000547591,0.0,0.0,0.0
5.6632,0.000543752,0.033389,0.023538,0.0
5.66314,0.000558977,0.0166945,0.0167154,0.0
5.66292,0.000555204,0.0166945,0.0167154,0.0
5.66272,0.000532821,0.0,0.0,0.0
5.66282,0.00053679,0.0166945,0.0167154,0.0
5.6624,0.000542256,0.033389,0.023538,0.0
5.66319,0.000562491,0.066778,0.0334308,0.0
5.6634,0.000557611,0.0500835,0.0289961,0.0
5.66249,0.000544533,0.033389,0.023538,0.0
5.66287,0.000559368,0.033389,0.023538,0.0
5.66333,0.000558066,0.033389,0.023538,0.0
5.66232,0.000538612,0.033389,0.023538,0.0
5.6626,0.00053679,0.033389,0.023538,0.0
5.6626,0.000553642,0.0,0.0,0.0
5.66349,0.000550909,0.033389,0.023538,0.0
5.66283,0.000547721,0.066778,0.0334308,0.0
5.66356,0.000564052,0.0166945,0.0167154,0.0
5.66306,0.00053692,0.0,0.0,0.0
5.66415,0.000543622,0.0,0.0,0.0
5.66354,0.000569388,0.0500835,0.0289961,0.0
5.66311,0.0005513,0.0500835,0.0289961,0.0
5.66232,0.000560083,0.0,0.0,0.0
5.66326,0.00053679,0.0,0.0,0.0
5.66419,0.000546159,0.0166945,0.0167154,0.0
5.66363,0.000525013,0.0166945,0.0167154,0.0
5.66332,0.000535554,0.033389,0.023538,0.0
5.6639,0.000539132,0.0500835,0.0289961,0.0
5.66273,0.000548697,0.033389,0.023538,0.0
5.66297,0.000548632,0.0,0.0,0.0
5.66386,0.000550909,0.0,0.0,0.0
5.66271,0.000542256,0.0166945,0.0167154,0.0
5.66315,0.000552211,0.0166945,0.0167154,0.0
5.66274,0.000532886,0.0,0.0,0.0
5.66248,0.000553056,0.033389,0.023538,0.0
5.66242,0.000550714,0.0166945,0.0167154,0.0
5.66324,0.000549608,0.033389,0.023538,0.0
5.66338,0.000568152,0.0500835,0.0289961,0.0
5.66267,0.000564573,0.0500835,0.0289961,0.0
5.6632,0.000561645,0.0500835,0.0289961,0.0
5.66335,0.000548957,0.0166945,0.0167154,0.0
5.66382,0.000561059,0.0,0.0,0.0
5.66362,0.000548437,0.0166945,0.0167154,0.0
5.66272,0.000533667,0.0,0.0,0.0
5.66238,0.000550584,0.0166945,0.0167154,0.0
5.66309,0.000546615,0.033389,0.023538,0.0
5.66381,0.000529828,0.0,0.0,0.0
5.66372,0.000557611,0.0500835,0.0289961,0.0
5.66229,0.000555399,0.033389,0.023538,0.0
5.66365,0.000565484,0.0500835,0.0289961,0.0
5.66368,0.000540694,0.0,0.0,0.0
5.6625,0.000549478,0.0166945,0.0167154,0.0
5.66227,0.000562035,0.066778,0.0334308,0.0
5.66322,0.000547266,0.066778,0.0334308,0.0
5.66273,0.000540759,0.0166945,0.0167154,0.0
5.66282,0.000560734,0.033389,0.023538,0.0
5.66264,0.000545118,0.0,0.0,0.0
5.66284,0.000543882,0.0,0.0,0.0
5.6629,0.000544273,0.0166945,0.0167154,0.0
5.66331,0.000556765,0.066778,0.0334308,0.0
5.66349,0.000553707,0.0,0.0,0.0
5.66211,0.000539458,0.0166945,0.0167154,0.0
5.66302,0.000548307,0.0,0.0,0.0
5.6626,0.000540889,0.0,0.0,0.0
5.66251,0.000555529,0.0166945,0.0167154,0.0
5.66323,0.000563402,0.0,0.0,0.0
5.66352,0.000547656,0.0500835,0.0289961,0.0
5.6629,0.000564638,0.0500835,0.0289961,0.0
5.6636,0.000548762,0.033389,0.023538,0.0
5.6632,0.000529177,0.0,0.0,0.0
5.66355,0.000574398,0.0500835,0.0289961,0.0
5.66427,0.000549152,0.0,0.0,0.0
5.66399,0.000553902,0.033389,0.023538,0.0
5.66341,0.00054694,0.033389,0.023538,0.0
5.66331,0.000536074,0.0166945,0.0167154,0.0
5.66301,0.000566525,0.0500835,0.0289961,0.0
5.66349,0.000543817,0.0500835,0.0289961,0.0
5.66279,0.000540369,0.033389,0.023538,0.0
5.66312,0.000545964,0.0166945,0.0167154,0.0
5.66223,0.000567306,0.0166945,0.0167154,0.0
5.66264,0.000548307,0.0166945,0.0167154,0.0
5.66406,0.000562621,0.0500835,0.0289961,0.0
5.6634,0.000542906,0.0500835,0.0289961,0.0
5.6624,0.000543687,0.0166945,0.0167154,0.0
5.66237,0.000552145,0.0,0.0,0.0
5.66298,0.000562816,0.0834725,0.0440058,0.0
5.66334,0.000544988,0.0166945,0.0167154,0.0
5.66278,0.000547135,0.0500835,0.0289961,0.0
5.66363,0.000554748,0.0,0.0,0.0
5.66419,0.000566265,0.0500835,0.0289961,0.0
5.6634,0.000548567,0.0166945,0.0167154,0.0
5.66284,0.000531194,0.0,0.0,0.0
5.66363,0.000533927,0.0166945,0.0167154,0.0
5.66447,0.000543101,0.0500835,0.0289961,0.0
5.66342,0.00055117,0.0166945,0.0167154,0.0
5.66307,0.000570754,0.033389,0.023538,0.0
5.66416,0.000553056,0.0166945,0.0167154,0.0
5.66351,0.00054128,0.0166945,0.0167154,0.0
5.66315,0.000548567,0.0,0.0,0.0
5.66262,0.000539588,0.0,0.0,0.0
5.66221,0.000537311,0.0,0.0,0.0
5.66233,0.000528332,0.0,0.0,0.0
5.66319,0.000542841,0.0,0.0,0.0
5.66258,0.000536465,0.0166945,0.0167154,0.0
5.66315,0.000549673,0.0,0.0,0.0
5.66335,0.000548502,0.033389,0.023538,0.0
5.66288,0.000540369,0.0500835,0.0289961,0.0
5.66238,0.000541345,0.0,0.0,0.0
5.6626,0.000569973,0.0834725,0.0371832,0.0
5.66283,0.000547591,0.0166945,0.0167154,0.0
5.66272,0.000538482,0.0166945,0.0167154,0.0
5.66291,0.000541735,0.0166945,0.0167154,0.0
5.66331,0.00054629,0.033389,0.023538,0.0
5.66275,0.000540824,0.0166945,0.0167154,0.0
5.66344,0.000568347,0.0166945,0.0167154,0.0
5.66355,0.000558587,0.0166945,0.0167154,0.0
5.6634,0.000550389,0.0,0.0,0.0
5.66364,0.000535944,0.0500835,0.0289961,0.0
5.66337,0.000542776,0.0166945,0.0167154,0.0
5.6631,0.000537896,0.0166945,0.0167154,0.0
5.66297,0.000553252,0.066778,0.0334308,0.0
5.66209,0.000558847,0.0,0.0,0.0
5.6621,0.000540824,0.0166945,0.0167154,0.0
5.66225,0.000545053,0.0,0.0,0.0
5.66294,0.00054707,0.0,0.0,0.0
5.6626,0.000548437,0.0166945,0.0167154,0.0
5.66308,0.00055631,0.033389,0.023538,0.0
5.66366,0.00054193,0.0166945,0.0167154,0.0
5.66345,0.00054193,0.0166945,0.0167154,0.0
5.6629,0.000533211,0.0,0.0,0.0
5.66341,0.000547786,0.0166945,0.0167154,0.0
5.66398,0.000568217,0.0166945,0.0167154,0.0
5.66245,0.000560604,0.0500835,0.0289961,0.0
5.66194,0.000554683,0.033389,0.023538,0.0
5.66322,0.000542386,0.0166945,0.0167154,0.0
5.66256,0.000549413,0.0166945,0.0167154,0.0
5.66317,0.000545379,0.033389,0.023538,0.0
5.66345,0.000554163,0.066778,0.0334308,0.0
5.66297,0.000561385,0.0166945,0.0167154,0.0
5.66306,0.000544988,0.0,0.0,0.0
5.6632,0.000560539,0.033389,0.023538,0.0
5.66343,0.000555594,0.0834725,0.0371832,0.0
5.66297,0.000544533,0.0,0.0,0.0
5.66299,0.000553577,0.033389,0.023538,0.0
5.66416,0.000539653,0.0,0.0,0.0
5.6638,0.000559498,0.066778,0.0334308,0.0
5.66334,0.000560994,0.0166945,0.0167154,0.0
5.66279,0.000543492,0.0166945,0.0167154,0.0
5.66273,0.000533472,0.0,0.0,0.0
5.66307,0.000537896,0.0166945,0.0167154,0.0
5.66221,0.000537766,0.0166945,0.0167154,0.0
5.66327,0.000539393,0.0166945,0.0167154,0.0
5.66328,0.000550128,0.0,0.0,0.0
5.66327,0.000544403,0.0500835,0.0289961,0.0
5.66243,0.000568737,0.033389,0.023538,0.0
5.6625,0.00054668,0.0500835,0.0289961,0.0
5.66294,0.000545183,0.0500835,0.0289961,0.0
5.66268,0.000555594,0.033389,0.023538,0.0
5.6633,0.000543947,0.0166945,0.0167154,0.0
5.66308,0.000557286,0.0500835,0.0289961,0.0
5.663,0.000558522,0.0166945,0.0167154,0.0
5.66294,0.00054128,0.0,0.0,0.0
5.66326,0.000536855,0.033389,0.023538,0.0
5.66289,0.000559628,0.033389,0.023538,0.0
5.66235,0.000547851,0.0,0.0,0.0
5.6629,0.000562556,0.0166945,0.0167154,0.0
5.66321,0.000559888,0.0166945,0.0167154,0.0
5.66304,0.000545964,0.0166945,0.0167154,0.0
5.66297,0.00055644,0.0166945,0.0167154,0.0
5.66352,0.0,0.0,0.0,0.0
5.66258,0.0,0.0,0.0,0.0
5.66242,0.0,0.0166945,0.0,0.0
5.66252,0.0,0.0166945,0.0,0.0
5.66208,0.0,0.0166945,0.0,0.0
5.66287,0.0,0.033389,0.0,0.0
5.66382,0.0,0.0166945,0.0,0.0
5.66268,0.0,0.0,0.0,0.0
5.66256,0.0,0.0166945,0.0,0.0
5.66307,0.0,0.0166945,0.0,0.0
5.66325,0.0,0.0166945,0.0,0.0
5.66238,0.0,0.0166945,0.0,0.0
5.66339,0.0,0.0500835,0.0,0.0
5.66393,0.0,0.0166945,0.0,0.0
5.66351,0.0,0.0834725,0.0,0.0
5.66232,0.0,0.033389,0.0,0.0
5.66233,0.0,0.0500835,0.0,0.0
5.66352,0.0,0.0166945,0.0,0.0
5.66383,0.0,0.0,0.0,0.0
5.66337,0.0,0.033389,0.0,0.0
5.6634,0.0,0.0500835,0.0,0.0
5.66324,0.0,0.033389,0.0,0.0
5.6627,0.0,0.0166945,0.0,0.0
5.66284,0.0,0.0,0.0,0.0
5.66252,0.0,0.0,0.0,0.0
5.66272,0.0,0.0166945,0.0,0.0
5.66329,0.0,0.0,0.0,0.0
5.66316,0.0,0.0166945,0.0,0.0
5.66325,0.0,0.0,0.0,0.0
5.66307,0.0,0.0500835,0.0,0.0
5.66223,0.0,0.0166945,0.0,0.0
5.66265,0.0,0.0,0.0,0.0
5.66331,0.0,0.0166945,0.0,0.0
5.66284,0.0,0.0166945,0.0,0.0
5.6631,0.0,0.0166945,0.0,0.0
5.66246,0.0,0.0166945,0.0,0.0
5.66224,0.0,0.0166945,0.0,0.0
5.66359,0.0,0.0166945,0.0,0.0
5.66278,0.0,0.0166945,0.0,0.0
5.66297,0.0,0.0166945,0.0,0.0
5.66315,0.0,0.0166945,0.0,0.0
5.66259,0.0,0.0,0.0,0.0
5.66293,0.0,0.0,0.0,0.0
5.66384,0.0,0.0166945,0.0,0.0
5.66287,0.0,0.033389,0.0,0.0
5.66201,0.0,0.0166945,0.0,0.0
5.663,0.0,0.033389,0.0,0.0
5.66299,0.0,0.0166945,0.0,0.0
5.66366,0.0,0.033389,0.0,0.0
5.66412,0.0,0.0500835,0.0,0.0
5.66424,0.0,0.033389,0.0,0.0
5.66317,0.0,0.033389,0.0,0.0
5.66287,0.0,0.0,0.0,0.0
5.66364,0.0,0.033389,0.0,0.0
5.66355,0.0,0.0166945,0.0,0.0
5.66325,0.0,0.0166945,0.0,0.0
5.66411,0.0,0.0166945,0.0,0.0
5.66289,0.0,0.0,0.0,0.0
5.66311,0.0,0.0166945,0.0,0.0
5.66389,0.0,0.033389,0.0,0.0
5.66322,0.0,0.0166945,0.0,0.0
5.66205,0.0,0.0166945,0.0,0.0
5.66243,0.0,0.0500835,0.0,0.0
5.66294,0.0,0.0,0.0,0.0
5.66335,0.0,0.0,0.0,0.0
5.66393,0.0,0.033389,0.0,0.0
5.66366,0.0,0.033389,0.0,0.0
5.66395,0.0,0.0,0.0,0.0
5.66369,0.0,0.033389,0.0,0.0
5.66251,0.0,0.0166945,0.0,0.0
5.6631,0.0,0.0,0.0,0.0
5.66232,0.0,0.0166945,0.0,0.0
5.66272,0.0,0.0,0.0,0.0
5.66283,0.0,0.0166945,0.0,0.0
5.6632,0.0,0.033389,0.0,0.0
5.66374,0.0,0.0500835,0.0,0.0
5.66364,0.0,0.033389,0.0,0.0
5.66349,0.0,0.0500835,0.0,0.0
5.66213,0.0,0.0,0.0,0.0
5.66288,0.0,0.066778,0.0,0.0
5.66323,0.0,0.0,0.0,0.0
5.66329,0.0,0.0,0.0,0.0
5.66266,0.0,0.0166945,0.0,0.0
5.66302,0.0,0.0,0.0,0.0
5.66324,0.0,0.0166945,0.0,0.0
5.66281,0.0,0.0166945,0.0,0.0
5.66329,0.0,0.0500835,0.0,0.0
5.66289,0.0,0.0166945,0.0,0.0
5.66304,0.0,0.0166945,0.0,0.0
5.66282,0.0,0.033389,0.0,0.0
5.66358,0.0,0.033389,0.0,0.0
5.66383,0.0,0.0,0.0,0.0
5.66367,0.0,0.0166945,0.0,0.0
5.66379,0.0,0.0166945,0.0,0.0
5.66365,0.0,0.0500835,0.0,0.0
5.66364,0.0,0.0,0.0,0.0
5.66356,0.0,0.0166945,0.0,0.0
5.66345,0.0,0.0,0.0,0.0
5.66299,0.0,0.0166945,0.0,0.0
5.66325,0.0,0.0,0.0,0.0
5.66321,0.0,0.0,0.0,0.0
5.66344,0.0,0.033389,0.0,0.0
5.6628,0.0,0.0166945,0.0,0.0
5.66296,0.0,0.033389,0.0,0.0
5.66274,0.0,0.0,0.0,0.0
5.66335,0.0,0.033389,0.0,0.0
5.66332,0.0,0.0500835,0.0,0.0
5.66305,0.0,0.0166945,0.0,0.0
5.66199,0.0,0.033389,0.0,0.0
5.66213,0.0,0.0,0.0,0.0
5.66218,0.0,0.033389,0.0,0.0
5.663,0.0,0.0166945,0.0,0.0
5.66258,0.0,0.066778,0.0,0.0
5.66239,0.0,0.033389,0.0,0.0
5.66286,0.0,0.0,0.0,0.0
5.66306,0.0,0.033389,0.0,0.0
5.66321,0.0,0.0166945,0.0,0.0
5.66304,0.0,0.066778,0.0,0.0
5.66352,0.0,0.0166945,0.0,0.0
5.66341,0.0,0.0,0.0,0.0
5.66292,0.0,0.0,0.0,0.0
5.66325,0.0,0.0166945,0.0,0.0
5.66345,0.0,0.0,0.0,0.0
5.66287,0.0,0.0166945,0.0,0.0
5.66294,0.0,0.0,0.0,0.0
5.66316,0.0,0.0166945,0.0,0.0
5.66274,0.0,0.0166945,0.0,0.0
5.66294,0.0,0.0,0.0,0.0
5.66321,0.0,0.033389,0.0,0.0
5.66399,0.0,0.0500835,0.0,0.0
5.66317,0.0,0.033389,0.0,0.0
5.66294,0.0,0.0,0.0,0.0
5.66301,0.0,0.0,0.0,0.0
5.66209,0.0,0.033389,0.0,0.0
5.66316,0.0,0.033389,0.0,0.0
5.66268,0.0,0.0,0.0,0.0
5.66216,0.0,0.0,0.0,0.0
5.66151,0.0,0.0166945,0.0,0.0
5.66307,0.0,0.0166945,0.0,0.0
5.66228,0.0,0.033389,0.0,0.0
5.66294,0.0,0.0500835,0.0,0.0
5.66272,0.0,0.0,0.0,0.0
5.66273,0.0,0.0,0.0,0.0
5.66244,0.0,0.0166945,0.0,0.0
5.66275,0.0,0.033389,0.0,0.0
5.66342,0.0,0.0500835,0.0,0.0
5.66329,0.0,0.0166945,0.0,0.0
5.66301,0.0,0.033389,0.0,0.0
5.6632,0.0,0.0166945,0.0,0.0
5.6629,0.0,0.0500835,0.0,0.0
5.6637,0.0,0.0166945,0.0,0.0
5.66313,0.0,0.0,0.0,0.0
5.66363,0.0,0.0500835,0.0,0.0
5.66254,0.0,0.033389,0.0,0.0
5.66249,0.0,0.0166945,0.0,0.0
5.66336,0.0,0.066778,0.0,0.0
5.66399,0.0,0.033389,0.0,0.0
5.66378,0.0,0.0500835,0.0,0.0
5.66344,0.0,0.033389,0.0,0.0
5.66413,0.0,0.0500835,0.0,0.0
5.66257,0.0,0.0,0.0,0.0
5.66259,0.0,0.0,0.0,0.0
5.66316,0.0,0.0,0.0,0.0
5.66271,0.0,0.0166945,0.0,0.0
5.66306,0.0,0.0166945,0.0,0.0
5.6629,0.0,0.0166945,0.0,0.0
5.66329,0.0,0.0166945,0.0,0.0
5.66334,0.0,0.0,0.0,0.0
5.66365,0.0,0.033389,0.0,0.0
5.66282,0.0,0.0,0.0,0.0
5.66219,0.0,0.033389,0.0,0.0
5.66342,0.0,0.0,0.0,0.0
5.66408,0.0,0.0166945,0.0,0.0
5.66392,0.0,0.0500835,0.0,0.0
5.66317,0.0,0.0166945,0.0,0.0
5.66304,0.0,0.0166945,0.0,0.0
5.66377,0.0,0.0500835,0.0,0.0
5.66375,0.0,0.0166945,0.0,0.0
5.66349,0.0,0.0166945,0.0,0.0
5.66325,0.0,0.0166945,0.0,0.0
5.66395,0.0,0.0,0.0,0.0
5.66352,0.0,0.0166945,0.0,0.0
5.66298,0.0,0.0500835,0.0,0.0
5.66256,0.0,0.0166945,0.0,0.0
5.66261,0.0,0.0,0.0,0.0
5.66229,0.0,0.066778,0.0,0.0
5.66224,0.0,0.0,0.0,0.0
5.66187,0.0,0.033389,0.0,0.0
5.66248,0.0,0.0166945,0.0,0.0
5.66277,0.0,0.033389,0.0,0.0
5.66338,0.0,0.0166945,0.0,0.0
5.66322,0.0,0.0166945,0.0,0.0
5.66307,0.0,0.0166945,0.0,0.0
5.66241,0.0,0.0500835,0.0,0.0
5.66404,0.0,0.0500835,0.0,0.0
5.66326,0.0,0.0,0.0,0.0
5.66287,0.0,0.033389,0.0,0.0
5.66305,0.0,0.0166945,0.0,0.0
5.66239,0.0,0.0166945,0.0,0.0
5.66276,0.0,0.033389,0.0,0.0
5.66371,0.0,0.033389,0.0,0.0
5.66338,0.0,0.0166945,0.0,0.0
5.66351,0.0,0.0500835,0.0,0.0
5.66269,0.0,0.0,0.0,0.0
5.66371,0.0,0.033389,0.0,0.0
5.66416,0.0,0.0166945,0.0,0.0
5.66391,0.0,0.033389,0.0,0.0
5.6624,0.0,0.0,0.0,0.0
5.66303,0.0,0.0,0.0,0.0
5.66326,0.0,0.0166945,0.0,0.0
5.66318,0.0,0.0166945,0.0,0.0
5.66273,0.0,0.0,0.0,0.0
5.66281,0.0,0.0,0.0,0.0
5.66342,0.0,0.0500835,0.0,0.0
5.66264,0.0,0.0166945,0.0,0.0
5.66243,0.0,0.0,0.0,0.0
5.66319,0.0,0.0166945,0.0,0.0
5.66378,0.0,0.0500835,0.0,0.0
5.66357,0.0,0.0500835,0.0,0.0
5.66417,0.0,0.0166945,0.0,0.0
5.66369,0.0,0.0166945,0.0,0.0
5.6635,0.0,0.033389,0.0,0.0
5.66331,0.0,0.033389,0.0,0.0
5.66356,0.0,0.033389,0.0,0.0
5.66325,0.0,0.033389,0.0,0.0
5.66318,0.0,0.0166945,0.0,0.0
5.66309,0.0,0.0,0.0,0.0
5.66332,0.0,0.0166945,0.0,0.0
5.66419,0.0,0.0166945,0.0,0.0
5.66333,0.0,0.0,0.0,0.0
5.66338,0.0,0.0,0.0,0.0
5.66362,0.0,0.0166945,0.0,0.0
5.66295,0.0,0.0166945,0.0,0.0
5.66272,0.0,0.0,0.0,0.0
5.66281,0.0,0.0,0.0,0.0
5.6632,0.0,0.0166945,0.0,0.0
5.66339,0.0,0.0500835,0.0,0.0
5.66302,0.0,0.0166945,0.0,0.0
5.66303,0.0,0.0166945,0.0,0.0
5.66216,0.0,0.0,0.0,0.0
5.66203,0.0,0.0,0.0,0.0
5.66272,0.0,0.033389,0.0,0.0
5.66392,0.0,0.0,0.0,0.0
5.66359,0.0,0.033389,0.0,0.0
5.66329,0.0,0.0166945,0.0,0.0
5.66277,0.0,0.033389,0.0,0.0
5.66383,0.0,0.0166945,0.0,0.0
5.66384,0.0,0.033389,0.0,0.0
5.66363,0.0,0.0166945,0.0,0.0
5.66288,0.0,0.033389,0.0,0.0
5.66445,0.0,0.0166945,0.0,0.0
5.66358,0.0,0.033389,0.0,0.0
5.66352,0.0,0.0500835,0.0,0.0
5.66285,0.0,0.0,0.0,0.0
5.66255,0.0,0.033389,0.0,0.0
5.66367,0.0,0.0,0.0,0.0
5.66367,0.0,0.033389,0.0,0.0
5.66386,0.0,0.0166945,0.0,0.0
5.66318,0.0,0.0166945,0.0,0.0
5.66287,0.0,0.0166945,0.0,0.0
5.66287,0.0,0.0,0.0,0.0
5.66312,0.0,0.0166945,0.0,0.0
5.66221,0.0,0.0166945,0.0,0.0
5.66356,0.0,0.0,0.0,0.0
5.66366,0.0,0.0166945,0.0,0.0
5.66299,0.0,0.0166945,0.0,0.0
5.66373,0.0,0.0,0.0,0.0
5.66334,0.0,0.0,0.0,0.0
5.66359,0.0,0.0,0.0,0.0
5.66345,0.0,0.033389,0.0,0.0
5.66333,0.0,0.0166945,0.0,0.0
5.66377,0.0,0.0166945,0.0,0.0
5.66406,0.0,0.0,0.0,0.0
5.66354,0.0,0.0166945,0.0,0.0
5.66315,0.0,0.0500835,0.0,0.0
5.66391,0.0,0.0166945,0.0,0.0
5.66425,0.0,0.033389,0.0,0.0
5.66344,0.0,0.0,0.0,0.0
5.66364,0.0,0.033389,0.0,0.0
5.66352,0.0,0.0500835,0.0,0.0
5.66343,0.0,0.0,0.0,0.0
5.66292,0.0,0.0166945,0.0,0.0
5.66246,0.0,0.0166945,0.0,0.0
5.66199,0.0,0.0,0.0,0.0
5.66158,0.0,0.0166945,0.0,0.0
5.66258,0.0,0.0500835,0.0,0.0
5.66358,0.0,0.0,0.0,0.0
5.6631,0.0,0.0,0.0,0.0
5.66254,0.0,0.0,0.0,0.0
5.66357,0.0,0.0,0.0,0.0
5.66407,0.0,0.0166945,0.0,0.0
5.66403,0.0,0.0500835,0.0,0.0
5.66308,0.0,0.0,0.0,0.0
5.66262,0.0,0.0166945,0.0,0.0
5.66384,0.0,0.066778,0.0,0.0
5.66374,0.0,0.0166945,0.0,0.0
5.66231,0.0,0.0166945,0.0,0.0
5.66295,0.0,0.0166945,0.0,0.0
5.66411,0.0,0.0,0.0,0.0
5.66354,0.0,0.0166945,0.0,0.0
5.66259,0.0,0.0,0.0,0.0
5.66294,0.0,0.0166945,0.0,0.0
5.66355,0.0,0.0,0.0,0.0
5.66234,0.0,0.0166945,0.0,0.0
5.66362,0.0,0.0,0.0,0.0
5.66259,0.0,0.0,0.0,0.0
5.66247,0.0,0.0,0.0,0.0
5.66244,0.0,0.033389,0.0,0.0
5.66322,0.0,0.0166945,0.0,0.0
5.66211,0.0,0.0,0.0,0.0
5.6619,0.0,0.0500835,0.0,0.0
5.66375,0.0,0.0,0.0,0.0
5.66317,0.0,0.0,0.0,0.0
5.66261,0.0,0.0,0.0,0.0
5.66346,0.0,0.033389,0.0,0.0
5.6641,0.0,0.0,0.0,0.0
5.66401,0.0,0.0,0.0,0.0
5.66351,0.0,0.066778,0.0,0.0
5.66281,0.0,0.0,0.0,0.0
5.66275,0.0,0.033389,0.0,0.0
5.66379,0.0,0.0,0.0,0.0
5.66219,0.0,0.0,0.0,0.0
5.66298,0.0,0.0,0.0,0.0
5.66346,0.0,0.0166945,0.0,0.0
5.66344,0.0,0.033389,0.0,0.0
5.66349,0.0,0.0166945,0.0,0.0
5.66402,0.0,0.0,0.0,0.0
5.66228,0.0,0.0,0.0,0.0
5.66228,0.0,0.0166945,0.0,0.0
5.66332,0.0,0.0166945,0.0,0.0
5.66358,0.0,0.0,0.0,0.0
5.66334,0.0,0.0166945,0.0,0.0
5.66358,0.0,0.0,0.0,0.0
5.66311,0.0,0.0166945,0.0,0.0
5.66232,0.0,0.0166945,0.0,0.0
5.66319,0.0,0.033389,0.0,0.0
5.66388,0.0,0.0166945,0.0,0.0
5.66332,0.0,0.0166945,0.0,0.0
5.66321,0.0,0.0,0.0,0.0
5.66309,0.0,0.0166945,0.0,0.0
5.66264,0.0,0.033389,0.0,0.0
5.66298,0.0,0.0166945,0.0,0.0
5.66338,0.0,0.0,0.0,0.0
5.66285,0.0,0.0,0.0,0.0
5.66315,0.0,0.0,0.0,0.0
5.66287,0.0,0.0166945,0.0,0.0
5.66331,0.0,0.0,0.0,0.0
5.66276,0.0,0.0,0.0,0.0
5.66213,0.0,0.0500835,0.0,0.0
5.6636,0.0,0.0,0.0,0.0
5.66325,0.0,0.0166945,0.0,0.0
5.66399,0.0,0.0,0.0,0.0
5.66348,0.0,0.0166945,0.0,0.0
5.66321,0.0,0.0166945,0.0,0.0
5.66293,0.0,0.033389,0.0,0.0
5.66278,0.0,0.0,0.0,0.0
5.66257,0.0,0.0,0.0,0.0
5.6629,0.0,0.0166945,0.0,0.0
5.66351,0.0,0.033389,0.0,0.0
5.6625,0.0,0.033389,0.0,0.0
5.66262,0.0,0.0,0.0,0.0
5.66306,0.0,0.033389,0.0,0.0
5.66306,0.0,0.0,0.0,0.0
5.66289,0.0,0.0166945,0.0,0.0
5.66312,0.0,0.033389,0.0,0.0
5.66331,0.0,0.0500835,0.0,0.0
5.66377,0.0,0.033389,0.0,0.0
5.66301,0.0,0.033389,0.0,0.0
5.663,0.0,0.033389,0.0,0.0
5.66315,0.0,0.0166945,0.0,0.0
5.66386,0.0,0.033389,0.0,0.0
5.66337,0.0,0.0,0.0,0.0
5.6635,0.0,0.0,0.0,0.0
5.66306,0.0,0.0,0.0,0.0
5.66394,0.0,0.033389,0.0,0.0
5.66417,0.0,0.033389,0.0,0.0
5.66294,0.0,0.033389,0.0,0.0
5.66216,0.0,0.033389,0.0,0.0
5.66256,0.0,0.0,0.0,0.0
5.66288,0.0,0.0166945,0.0,0.0
5.66287,0.0,0.0166945,0.0,0.0
5.66249,0.0,0.033389,0.0,0.0
5.66323,0.0,0.0166945,0.0,0.0
5.66398,0.0,0.0166945,0.0,0.0
5.66276,0.0,0.0166945,0.0,0.0
5.66297,0.0,0.0166945,0.0,0.0
5.66325,0.0,0.0,0.0,0.0
5.66291,0.0,0.0166945,0.0,0.0
5.66342,0.0,0.0166945,0.0,0.0
5.66313,0.0,0.0,0.0,0.0
5.6628,0.0,0.0,0.0,0.0
5.66304,0.0,0.0,0.0,0.0
5.66368,0.0,0.033389,0.0,0.0
5.66353,0.0,0.0,0.0,0.0
5.66284,0.0,0.0166945,0.0,0.0
5.66358,0.0,0.0166945,0.0,0.0
5.66314,0.0,0.0166945,0.0,0.0
5.66348,0.0,0.0166945,0.0,0.0
5.66339,0.0,0.0,0.0,0.0
5.66351,0.0,0.0166945,0.0,0.0
5.66356,0.0,0.0166945,0.0,0.0
5.66316,0.0,0.066778,0.0,0.0
5.6636,0.0,0.0,0.0,0.0
5.66303,0.0,0.0166945,0.0,0.0
5.66338,0.0,0.0166945,0.0,0.0
5.66228,0.0,0.0,0.0,0.0
5.66219,0.0,0.0,0.0,0.0
5.66347,0.0,0.0166945,0.0,0.0
5.66367,0.0,0.033389,0.0,0.0
5.6632,0.0,0.033389,0.0,0.0
5.66245,0.0,0.0,0.0,0.0
5.66228,0.0,0.0166945,0.0,0.0
5.66282,0.0,0.0,0.0,0.0
5.66275,0.0,0.0166945,0.0,0.0
5.66284,0.0,0.0166945,0.0,0.0
5.66331,0.0,0.066778,0.0,0.0
5.66242,0.0,0.066778,0.0,0.0
5.66247,0.0,0.0166945,0.0,0.0
5.66372,0.0,0.0,0.0,0.0
5.66355,0.0,0.0,0.0,0.0
5.66222,0.0,0.0500835,0.0,0.0
5.66232,0.0,0.0,0.0,0.0
5.66336,0.0,0.0,0.0,0.0
5.66313,0.0,0.0,0.0,0.0
5.66413,0.0,0.0166945,0.0,0.0
5.66376,0.0,0.033389,0.0,0.0
5.66377,0.0,0.0500835,0.0,0.0
5.66342,0.0,0.0166945,0.0,0.0
5.66329,0.0,0.0500835,0.0,0.0
5.66328,0.0,0.0500835,0.0,0.0
5.66367,0.0,0.0,0.0,0.0
5.66198,0.0,0.0166945,0.0,0.0
5.66128,0.0,0.0,0.0,0.0
5.66188,0.0,0.0,0.0,0.0
5.6626,0.0,0.0,0.0,0.0
5.66386,0.0,0.033389,0.0,0.0
5.66324,0.0,0.0166945,0.0,0.0
5.66209,0.0,0.0166945,0.0,0.0
5.66198,0.0,0.0166945,0.0,0.0
5.66294,0.0,0.0,0.0,0.0
5.6633,0.0,0.0500835,0.0,0.0
5.66317,0.0,0.0,0.0,0.0
5.66363,0.0,0.0166945,0.0,0.0
5.66392,0.0,0.0,0.0,0.0
5.66241,0.0,0.0,0.0,0.0
5.66308,0.0,0.033389,0.0,0.0
5.66411,0.0,0.0166945,0.0,0.0
5.66314,0.0,0.0,0.0,0.0
5.66316,0.0,0.0,0.0,0.0
5.66349,0.0,0.0166945,0.0,0.0
5.66299,0.0,0.033389,0.0,0.0
5.66376,0.0,0.0,0.0,0.0
5.66287,0.0,0.0,0.0,0.0
5.66277,0.0,0.0,0.0,0.0
5.66313,0.0,0.0166945,0.0,0.0
5.66297,0.0,0.033389,0.0,0.0
5.66278,0.0,0.0166945,0.0,0.0
5.66248,0.0,0.033389,0.0,0.0
5.66328,0.0,0.0166945,0.0,0.0
5.66285,0.0,0.0166945,0.0,0.0
5.66224,0.0,0.0500835,0.0,0.0
5.66246,0.0,0.0,0.0,0.0
5.66233,0.0,0.0166945,0.0,0.0
5.6623,0.0,0.0166945,0.0,0.0
5.66296,0.0,0.0166945,0.0,0.0
5.6629,0.0,0.0,0.0,0.0
5.66279,0.0,0.066778,0.0,0.0
5.66303,0.0,0.0166945,0.0,0.0
5.66366,0.0,0.0166945,0.0,0.0
5.66416,0.0,0.033389,0.0,0.0
5.66332,0.0,0.0,0.0,0.0
5.66278,0.0,0.033389,0.0,0.0
5.66432,0.0,0.0166945,0.0,0.0
5.66377,0.0,0.033389,0.0,0.0
5.66328,0.0,0.0166945,0.0,0.0
5.66288,0.0,0.0166945,0.0,0.0
5.66305,0.0,0.0,0.0,0.0
5.66286,0.0,0.033389,0.0,0.0
5.66293,0.0,0.0,0.0,0.0
5.66229,0.0,0.0166945,0.0,0.0
5.66239,0.0,0.0,0.0,0.0
5.66275,0.0,0.0166945,0.0,0.0
5.66196,0.0,0.033389,0.0,0.0
5.66189,0.0,0.0,0.0,0.0
5.66289,0.0,0.0500835,0.0,0.0
5.66225,0.0,0.0166945,0.0,0.0
5.66262,0.0,0.0166945,0.0,0.0
5.66264,0.0,0.0166945,0.0,0.0
5.66302,0.0,0.0166945,0.0,0.0
5.66378,0.0,0.0166945,0.0,0.0
5.66275,0.0,0.0,0.0,0.0
5.66227,0.0,0.0166945,0.0,0.0
5.66254,0.0,0.0,0.0,0.0
5.66347,0.0,0.0166945,0.0,0.0
5.66333,0.0,0.033389,0.0,0.0
5.66311,0.0,0.0166945,0.0,0.0
5.66255,0.0,0.033389,0.0,0.0
5.6632,0.0,0.0,0.0,0.0
5.66271,0.0,0.0,0.0,0.0
5.66277,0.0,0.033389,0.0,0.0
5.66358,0.0,0.0,0.0,0.0
5.66289,0.0,0.0,0.0,0.0
5.66292,0.0,0.0,0.0,0.0
5.66305,0.0,0.0500835,0.0,0.0
5.66277,0.0,0.033389,0.0,0.0
5.66206,0.0,0.0,0.0,0.0
5.66231,0.0,0.0,0.0,0.0
5.6632,0.0,0.0,0.0,0.0
5.6613,0.0,0.0166945,0.0,0.0
5.66179,0.0,0.0166945,0.0,0.0
5.66334,0.0,0.0166945,0.0,0.0
5.66285,0.0,0.033389,0.0,0.0
5.66298,0.0,0.033389,0.0,0.0
5.66266,0.0,0.0166945,0.0,0.0
5.66209,0.0,0.0166945,0.0,0.0
5.66269,0.0,0.0,0.0,0.0
5.66302,0.0,0.0166945,0.0,0.0
5.66288,0.0,0.0,0.0,0.0
5.66222,0.0,0.0166945,0.0,0.0
5.66287,0.0,0.0166945,0.0,0.0
5.66329,0.0,0.0166945,0.0,0.0
5.66307,0.0,0.0166945,0.0,0.0
5.66351,0.0,0.0166945,0.0,0.0
5.6638,0.0,0.0500835,0.0,0.0
5.66265,0.0,0.033389,0.0,0.0
5.66325,0.0,0.0166945,0.0,0.0
5.66328,0.0,0.033389,0.0,0.0
5.66354,0.0,0.0166945,0.0,0.0
5.6639,0.0,0.0166945,0.0,0.0
5.66295,0.0,0.0166945,0.0,0.0
5.66251,0.0,0.0166945,0.0,0.0
5.66404,0.0,0.0,0.0,0.0
5.66276,0.0,0.0,0.0,0.0
5.66217,0.0,0.0166945,0.0,0.0
5.66335,0.0,0.0166945,0.0,0.0
5.66295,0.0,0.033389,0.0,0.0
5.66227,0.0,0.0,0.0,0.0
5.66218,0.0,0.033389,0.0,0.0
5.66295,0.0,0.0166945,0.0,0.0
5.66294,0.0,0.0,0.0,0.0
5.66214,0.0,0.0166945,0.0,0.0
5.66329,0.0,0.0500835,0.0,0.0
5.66393,0.0,0.0,0.0,0.0
5.66282,0.0,0.0166945,0.0,0.0
5.66272,0.0,0.0,0.0,0.0
5.66285,0.0,0.0166945,0.0,0.0
5.66264,0.0,0.0166945,0.0,0.0
5.66296,0.0,0.0166945,0.0,0.0
5.66372,0.0,0.033389,0.0,0.0
5.66308,0.0,0.0166945,0.0,0.0
5.66239,0.0,0.0,0.0,0.0
5.66353,0.0,0.0500835,0.0,0.0
5.66392,0.0,0.0,0.0,0.0
5.66334,0.0,0.0166945,0.0,0.0
5.66379,0.0,0.033389,0.0,0.0
5.66396,0.0,0.0500835,0.0,0.0
5.66291,0.0,0.0166945,0.0,0.0
5.66314,0.0,0.0,0.0,0.0
5.66406,0.0,0.0166945,0.0,0.0
5.66234,0.0,0.0166945,0.0,0.0
5.66129,0.0,0.0166945,0.0,0.0
5.66221,0.0,0.0,0.0,0.0
5.66245,0.0,0.0166945,0.0,0.0
5.66307,0.0,0.033389,0.0,0.0
5.66296,0.0,0.0,0.0,0.0
5.66294,0.0,0.0,0.0,0.0
5.66332,0.0,0.0500835,0.0,0.0
5.6633,0.0,0.0166945,0.0,0.0
5.66432,0.0,0.0166945,0.0,0.0
5.66425,0.0,0.0500835,0.0,0.0
5.66355,0.0,0.0,0.0,0.0
5.6632,0.0,0.033389,0.0,0.0
5.6634,0.0,0.0166945,0.0,0.0
5.66308,0.0,0.033389,0.0,0.0
5.66298,0.0,0.0166945,0.0,0.0
5.66324,0.0,0.033389,0.0,0.0
5.6632,0.0,0.0,0.0,0.0
5.66284,0.0,0.0500835,0.0,0.0
5.6628,0.0,0.033389,0.0,0.0
5.66335,0.0,0.033389,0.0,0.0
5.66358,0.0,0.033389,0.0,0.0
5.66206,0.0,0.0166945,0.0,0.0
5.6625,0.0,0.0,0.0,0.0
5.66313,0.0,0.0166945,0.0,0.0
5.66289,0.0,0.0166945,0.0,0.0
5.66257,0.0,0.0166945,0.0,0.0
5.6632,0.0,0.033389,0.0,0.0
5.66321,0.0,0.0,0.0,0.0
5.66331,0.0,0.0500835,0.0,0.0
5.66219,0.0,0.0166945,0.0,0.0
5.66291,0.0,0.0,0.0,0.0
5.66408,0.0,0.0,0.0,0.0
5.66294,0.0,0.0,0.0,0.0
5.66229,0.0,0.0166945,0.0,0.0
5.6633,0.0,0.0166945,0.0,0.0
5.66368,0.0,0.0,0.0,0.0
5.66399,0.0,0.033389,0.0,0.0
5.66351,0.0,0.0166945,0.0,0.0
5.66403,0.0,0.0166945,0.0,0.0
5.66328,0.0,0.0166945,0.0,0.0
5.66351,0.0,0.0166945,0.0,0.0
5.66364,0.0,0.0500835,0.0,0.0
5.66341,0.0,0.0,0.0,0.0
5.6632,0.0,0.0,0.0,0.0
5.66339,0.0,0.0500835,0.0,0.0
5.66356,0.0,0.033389,0.0,0.0
5.66285,0.0,0.0166945,0.0,0.0
5.66241,0.0,0.0,0.0,0.0
5.66254,0.0,0.0834725,0.0,0.0
5.66252,0.0,0.0166945,0.0,0.0
5.66253,0.0,0.0,0.0,0.0
5.66197,0.0,0.0166945,0.0,0.0
5.66254,0.0,0.033389,0.0,0.0
5.66225,0.0,0.0500835,0.0,0.0
5.6627,0.0,0.0166945,0.0,0.0
5.66304,0.0,0.0,0.0,0.0
5.66293,0.0,0.033389,0.0,0.0
5.66335,0.0,0.0166945,0.0,0.0
5.6629,0.0,0.0166945,0.0,0.0
5.66352,0.0,0.033389,0.0,0.0
5.66381,0.0,0.0166945,0.0,0.0
5.66368,0.0,0.0166945,0.0,0.0
5.66404,0.0,0.0166945,0.0,0.0
5.66311,0.0,0.0166945,0.0,0.0
5.66301,0.0,0.0,0.0,0.0
5.66364,0.0,0.0166945,0.0,0.0
5.66318,0.0,0.0166945,0.0,0.0
5.66358,0.0,0.0166945,0.0,0.0
5.66288,0.0,0.0,0.0,0.0
5.66289,0.0,0.0,0.0,0.0
5.66342,0.0,0.0166945,0.0,0.0
5.66351,0.0,0.066778,0.0,0.0
5.66313,0.0,0.033389,0.0,0.0
5.66244,0.0,0.0,0.0,0.0
5.66282,0.0,0.0166945,0.0,0.0
5.66249,0.0,0.0,0.0,0.0
5.66337,0.0,0.0166945,0.0,0.0
5.66332,0.0,0.0166945,0.0,0.0
5.6634,0.0,0.0,0.0,0.0
5.6636,0.0,0.033389,0.0,0.0
5.66319,0.0,0.0166945,0.0,0.0
5.66355,0.0,0.0166945,0.0,0.0
5.66329,0.0,0.0,0.0,0.0
5.66357,0.0,0.033389,0.0,0.0
5.66363,0.0,0.033389,0.0,0.0
5.66267,0.0,0.0166945,0.0,0.0
5.66294,0.0,0.033389,0.0,0.0
5.66305,0.0,0.0,0.0,0.0
5.66298,0.0,0.0,0.0,0.0
5.664,0.0,0.0,0.0,0.0
5.6637,0.0,0.0,0.0,0.0
5.66327,0.0,0.0,0.0,0.0
5.6633,0.0,0.033389,0.0,0.0
5.66315,0.0,0.0166945,0.0,0.0
5.66297,0.0,0.033389,0.0,0.0
5.66247,0.0,0.0,0.0,0.0
5.66242,0.0,0.0,0.0,0.0
5.66232,0.0,0.0,0.0,0.0
5.66271,0.0,0.0,0.0,0.0
5.66299,0.0,0.033389,0.0,0.0
5.66296,0.0,0.0166945,0.0,0.0
5.6637,0.0,0.0500835,0.0,0.0
5.6638,0.0,0.033389,0.0,0.0
5.66334,0.0,0.0,0.0,0.0
5.66305,0.0,0.0500835,0.0,0.0
5.6634,0.0,0.0,0.0,0.0
5.66376,0.0,0.0166945,0.0,0.0
5.663,0.0,0.0,0.0,0.0
5.66319,0.0,0.0500835,0.0,0.0
5.66306,0.0,0.0,0.0,0.0
5.66298,0.0,0.033389,0.0,0.0
5.66437,0.0,0.0500835,0.0,0.0
5.66465,0.0,0.0166945,0.0,0.0
5.66309,0.0,0.0166945,0.0,0.0
5.66292,0.0,0.0,0.0,0.0
5.66291,0.0,0.0,0.0,0.0
5.66293,0.0,0.0,0.0,0.0
5.66287,0.0,0.0,0.0,0.0
5.66234,0.0,0.033389,0.0,0.0
5.66235,0.0,0.0166945,0.0,0.0
5.66178,0.0,0.0,0.0,0.0
5.66254,0.0,0.0,0.0,0.0
5.66253,0.0,0.033389,0.0,0.0
5.66205,0.0,0.0166945,0.0,0.0
5.66195,0.0,0.0166945,0.0,0.0
5.66347,0.0,0.0166945,0.0,0.0
5.66361,0.0,0.0166945,0.0,0.0
5.6636,0.0,0.0,0.0,0.0
5.66292,0.0,0.0166945,0.0,0.0
5.66262,0.0,0.0500835,0.0,0.0
5.66256,0.0,0.033389,0.0,0.0
5.6631,0.0,0.0,0.0,0.0
5.66314,0.0,0.0166945,0.0,0.0
5.66359,0.0,0.0,0.0,0.0
5.66277,0.0,0.0,0.0,0.0
5.66383,0.0,0.0,0.0,0.0
5.66326,0.0,0.0,0.0,0.0
5.66288,0.0,0.0166945,0.0,0.0
5.66245,0.0,0.0,0.0,0.0
5.66271,0.0,0.0166945,0.0,0.0
5.66368,0.0,0.0,0.0,0.0
5.66251,0.0,0.0,0.0,0.0
5.6628,0.0,0.033389,0.0,0.0
5.66295,0.0,0.0166945,0.0,0.0
5.66236,0.0,0.0166945,0.0,0.0
5.66209,0.0,0.033389,0.0,0.0
5.66304,0.0,0.0,0.0,0.0
5.66326,0.0,0.0,0.0,0.0
5.66309,0.0,0.0500835,0.0,0.0
5.66337,0.0,0.0500835,0.0,0.0
5.6631,0.0,0.066778,0.0,0.0
5.66257,0.0,0.0166945,0.0,0.0
5.66241,0.0,0.033389,0.0,0.0
5.66299,0.0,0.0166945,0.0,0.0
5.6634,0.0,0.0500835,0.0,0.0
5.66256,0.0,0.0,0.0,0.0
5.66326,0.0,0.0166945,0.0,0.0
5.6626,0.0,0.0166945,0.0,0.0
5.66311,0.0,0.0166945,0.0,0.0
5.66391,0.0,0.0834725,0.0,0.0
5.66379,0.0,0.0,0.0,0.0
5.66321,0.0,0.033389,0.0,0.0
5.66349,0.0,0.0,0.0,0.0
5.66318,0.0,0.0500835,0.0,0.0
5.6635,0.0,0.0,0.0,0.0
5.66396,0.0,0.0166945,0.0,0.0
5.66303,0.0,0.0166945,0.0,0.0
5.66301,0.0,0.0,0.0,0.0
5.66332,0.0,0.033389,0.0,0.0
5.66374,0.0,0.033389,0.0,0.0
5.66279,0.0,0.0500835,0.0,0.0
5.66226,0.0,0.0,0.0,0.0
5.66268,0.0,0.0166945,0.0,0.0
5.6625,0.0,0.033389,0.0,0.0
5.66195,0.0,0.0166945,0.0,0.0
5.66178,0.0,0.0,0.0,0.0
5.66217,0.0,0.0166945,0.0,0.0
5.66326,0.0,0.033389,0.0,0.0
5.66331,0.0,0.0,0.0,0.0
5.6637,0.0,0.033389,0.0,0.0
5.6633,0.0,0.0166945,0.0,0.0
5.66349,0.0,0.0166945,0.0,0.0
5.6633,0.0,0.0166945,0.0,0.0
5.66344,0.0,0.0,0.0,0.0
5.66428,0.0,0.0166945,0.0,0.0
5.66416,0.0,0.033389,0.0,0.0
5.66363,0.0,0.0,0.0,0.0
5.66339,0.0,0.0,0.0,0.0
5.66303,0.0,0.0166945,0.0,0.0
5.66262,0.0,0.0,0.0,0.0
5.66312,0.0,0.0166945,0.0,0.0
5.66364,0.0,0.0,0.0,0.0
5.66289,0.0,0.0,0.0,0.0
5.66248,0.0,0.0,0.0,0.0
5.6629,0.0,0.0,0.0,0.0
5.66315,0.0,0.0166945,0.0,0.0
5.66317,0.0,0.0,0.0,0.0
5.66152,0.0,0.0166945,0.0,0.0
5.66165,0.0,0.033389,0.0,0.0
5.6627,0.0,0.0,0.0,0.0
5.66235,0.0,0.0,0.0,0.0
5.66296,0.0,0.0166945,0.0,0.0
5.66266,0.0,0.0166945,0.0,0.0
5.66201,0.0,0.0,0.0,0.0
5.66261,0.0,0.0,0.0,0.0
5.6619,0.0,0.0,0.0,0.0
5.66205,0.0,0.0,0.0,0.0
5.66288,0.0,0.0166945,0.0,0.0
5.66321,0.0,0.0500835,0.0,0.0
5.66327,0.0,0.0,0.0,0.0
5.66346,0.0,0.0,0.0,0.0
5.66318,0.0,0.033389,0.0,0.0
5.66434,0.0,0.0166945,0.0,0.0
5.66226,0.0,0.0,0.0,0.0
5.66204,0.0,0.0166945,0.0,0.0
5.66279,0.0,0.0,0.0,0.0
5.66226,0.0,0.0166945,0.0,0.0
5.66288,0.0,0.0166945,0.0,0.0
5.66382,0.0,0.0166945,0.0,0.0
5.66283,0.0,0.0166945,0.0,0.0
5.66354,0.0,0.0166945,0.0,0.0
5.66305,0.0,0.0500835,0.0,0.0
5.66287,0.0,0.0166945,0.0,0.0
5.66315,0.0,0.0166945,0.0,0.0
5.66301,0.0,0.0166945,0.0,0.0
5.66241,0.0,0.0,0.0,0.0
5.66255,0.0,0.0166945,0.0,0.0
5.66259,0.0,0.0,0.0,0.0
5.66261,0.0,0.0166945,0.0,0.0
5.66247,0.0,0.0,0.0,0.0
5.66305,0.0,0.0166945,0.0,0.0
5.66209,0.0,0.0166945,0.0,0.0
5.66297,0.0,0.0166945,0.0,0.0
5.66384,0.0,0.0,0.0,0.0
5.66272,0.0,0.0166945,0.0,0.0
5.66253,0.0,0.0,0.0,0.0
5.6636,0.0,0.0166945,0.0,0.0
5.66359,0.0,0.0166945,0.0,0.0
5.66341,0.0,0.0166945,0.0,0.0
5.66424,0.0,0.0,0.0,0.0
5.66348,0.0,0.033389,0.0,0.0
5.66353,0.0,0.033389,0.0,0.0
5.66296,0.0,0.0166945,0.0,0.0
5.66315,0.0,0.0500835,0.0,0.0
5.66318,0.0,0.033389,0.0,0.0
5.66264,0.0,0.033389,0.0,0.0
5.66286,0.0,0.0,0.0,0.0
5.66267,0.0,0.0,0.0,0.0
5.66303,0.0,0.033389,0.0,0.0
5.66281,0.0,0.0,0.0,0.0
5.66371,0.0,0.0166945,0.0,0.0
5.66337,0.0,0.0500835,0.0,0.0
5.66291,0.0,0.0,0.0,0.0
5.6632,0.0,0.0166945,0.0,0.0
5.66332,0.0,0.0,0.0,0.0
5.66311,0.0,0.0166945,0.0,0.0
5.66349,0.0,0.0166945,0.0,0.0
5.66356,0.0,0.0,0.0,0.0
5.66304,0.0,0.0166945,0.0,0.0
5.66346,0.0,0.0166945,0.0,0.0
5.66296,0.0,0.0,0.0,0.0
5.66314,0.0,0.0166945,0.0,0.0
5.66428,0.0,0.033389,0.0,0.0
5.66313,0.0,0.0166945,0.0,0.0
5.6638,0.0,0.0166945,0.0,0.0
5.66442,0.0,0.033389,0.0,0.0
5.6634,0.0,0.0,0.0,0.0
5.66341,0.0,0.0,0.0,0.0
5.66333,0.0,0.0166945,0.0,0.0
5.663,0.0,0.033389,0.0,0.0
5.66223,0.0,0.0166945,0.0,0.0
5.66299,0.0,0.0166945,0.0,0.0
5.66273,0.0,0.0,0.0,0.0
5.66251,0.0,0.066778,0.0,0.0
5.66289,0.0,0.0166945,0.0,0.0
5.66299,0.0,0.0,0.0,0.0
5.66302,0.0,0.0166945,0.0,0.0
5.66343,0.0,0.0,0.0,0.0
5.66282,0.0,0.0166945,0.0,0.0
5.66285,0.0,0.0166945,0.0,0.0
5.66318,0.0,0.0,0.0,0.0
5.66246,0.0,0.033389,0.0,0.0
5.66332,0.0,0.0,0.0,0.0
5.66258,0.0,0.0,0.0,0.0
5.66257,0.0,0.0,0.0,0.0
5.66303,0.0,0.033389,0.0,0.0
5.66331,0.0,0.0,0.0,0.0
5.66269,0.0,0.0166945,0.0,0.0
5.66278,0.0,0.0166945,0.0,0.0
5.66429,0.0,0.0,0.0,0.0
5.66339,0.0,0.0,0.0,0.0
5.66256,0.0,0.033389,0.0,0.0
5.66217,0.0,0.0,0.0,0.0
5.6623,0.0,0.0500835,0.0,0.0
5.66271,0.0,0.0500835,0.0,0.0
5.6622,0.0,0.0166945,0.0,0.0
5.66262,0.0,0.0,0.0,0.0
5.66304,0.0,0.033389,0.0,0.0
5.66243,0.0,0.033389,0.0,0.0
5.66254,0.0,0.0166945,0.0,0.0
5.66291,0.0,0.0166945,0.0,0.0
5.66212,0.0,0.0166945,0.0,0.0
5.66238,0.0,0.0,0.0,0.0
5.66343,0.0,0.033389,0.0,0.0
5.66294,0.0,0.0,0.0,0.0
5.66344,0.0,0.0166945,0.0,0.0
5.66374,0.0,0.0,0.0,0.0
5.663,0.0,0.0500835,0.0,0.0
5.66341,0.0,0.0166945,0.0,0.0
5.66269,0.0,0.0,0.0,0.0
5.6627,0.0,0.0166945,0.0,0.0
5.66298,0.0,0.0166945,0.0,0.0
5.66382,0.0,0.0166945,0.0,0.0
5.66297,0.0,0.0500835,0.0,0.0
5.66341,0.0,0.0,0.0,0.0
5.66302,0.0,0.0166945,0.0,0.0
5.66276,0.0,0.0,0.0,0.0
5.66285,0.0,0.0166945,0.0,0.0
5.66315,0.0,0.0166945,0.0,0.0
5.66338,0.0,0.0166945,0.0,0.0
5.66342,0.0,0.0166945,0.0,0.0
5.66314,0.0,0.033389,0.0,0.0
5.66292,0.0,0.0500835,0.0,0.0
5.66303,0.0,0.0166945,0.0,0.0
5.66295,0.0,0.0,0.0,0.0
5.66274,0.0,0.0,0.0,0.0
5.66311,0.0,0.0,0.0,0.0
5.66302,0.0,0.033389,0.0,0.0
5.66231,0.0,0.0,0.0,0.0
5.66208,0.0,0.0,0.0,0.0
5.66318,0.0,0.0,0.0,0.0
5.66289,0.0,0.0,0.0,0.0
5.66306,0.0,0.0,0.0,0.0
5.66315,0.0,0.033389,0.0,0.0
5.66373,0.0,0.0,0.0,0.0
5.66235,0.0,0.0,0.0,0.0
5.66301,0.0,0.0,0.0,0.0
5.66354,0.0,0.0,0.0,0.0
5.66314,0.0,0.033389,0.0,0.0
5.66294,0.0,0.0,0.0,0.0
5.6629,0.0,0.0500835,0.0,0.0
5.66288,0.0,0.0,0.0,0.0
5.66213,0.0,0.033389,0.0,0.0
5.66228,0.0,0.0,0.0,0.0
5.66316,0.0,0.0166945,0.0,0.0
5.66282,0.0,0.0166945,0.0,0.0
5.66358,0.0,0.033389,0.0,0.0
5.66438,0.0,0.0166945,0.0,0.0
5.66407,0.0,0.0166945,0.0,0.0
5.66238,0.0,0.0166945,0.0,0.0
5.66261,0.0,0.033389,0.0,0.0
5.66282,0.0,0.0166945,0.0,0.0
5.66216,0.0,0.0166945,0.0,0.0
5.66281,0.0,0.0166945,0.0,0.0
5.66376,0.0,0.0,0.0,0.0
5.66267,0.0,0.0166945,0.0,0.0
5.66278,0.0,0.0166945,0.0,0.0
5.66237,0.0,0.0166945,0.0,0.0
5.66284,0.0,0.0,0.0,0.0
5.66406,0.0,0.0,0.0,0.0
5.66359,0.0,0.0166945,0.0,0.0
5.66301,0.0,0.0166945,0.0,0.0
5.6632,0.0,0.0,0.0,0.0
5.66266,0.0,0.0,0.0,0.0
5.66331,0.0,0.0,0.0,0.0
5.66353,0.0,0.0166945,0.0,0.0
5.66326,0.0,0.0,0.0,0.0
5.66365,0.0,0.0166945,0.0,0.0
5.66278,0.0,0.0,0.0,0.0
5.66267,0.0,0.0166945,0.0,0.0
5.66249,0.0,0.0,0.0,0.0
5.66215,0.0,0.033389,0.0,0.0
5.66193,0.0,0.0166945,0.0,0.0
5.66233,0.0,0.0166945,0.0,0.0
