analog,analog_sterr,photon_counting,pc_sterr,overflow_info
13.0756,0.0185182,128.337,0.811389,0.0
13.0753,0.0180095,129.954,0.801174,0.0
13.0902,0.0179578,128.57,0.783469,0.0
13.0778,0.0180665,128.787,0.806622,0.0
13.0705,0.0180207,128.17,0.811389,0.0
13.0857,0.018003,127.887,0.798791,0.0
13.0899,0.018556,128.087,0.804239,0.0
13.0897,0.0184426,128.554,0.803558,0.0
13.1039,0.0179467,128.77,0.786874,0.0
13.1126,0.018403,128.353,0.790279,0.0
13.104,0.0182888,130.004,0.825349,0.0
13.0877,0.0180828,129.037,0.797429,0.0
13.085,0.0182303,127.32,0.76372,0.0
13.0955,0.0180606,129.17,0.816497,0.0
13.084,0.0178941,129.787,0.807644,0.0
13.0874,0.0184089,128.053,0.805941,0.0
13.1008,0.0177804,126.803,0.787214,0.0
13.1076,0.0179552,130.054,0.807303,0.0
13.0778,0.0181085,128.82,0.793343,0.0
13.0738,0.0188357,129.204,0.795386,0.0
13.1247,0.0183878,129.237,0.799131,0.0
13.1036,0.0182457,127.887,0.810368,0.0
13.0635,0.018244,129.271,0.783128,0.0
13.0858,0.0183369,127.937,0.800834,0.0
13.0768,0.0178888,129.871,0.787895,0.0
13.0787,0.0177559,129.604,0.798451,0.0
13.1339,0.0183249,130.254,0.790279,0.0
13.1507,0.0185547,130.254,0.800153,0.0
13.0996,0.0181326,128.654,0.779724,0.0
13.0572,0.0184866,129.154,0.782447,0.0
13.0788,0.0182715,128.287,0.807644,0.0
13.0934,0.0179447,128.87,0.789938,0.0
13.069,0.0181178,128.537,0.79811,0.0
13.0584,0.0183318,129.137,0.803217,0.0
13.0722,0.0188265,127.737,0.767125,0.0
13.0961,0.0183348,129.17,0.793343,0.0
13.0959,0.0183059,129.787,0.795727,0.0
13.097,0.0184201,128.887,0.796408,0.0
13.0993,0.0179482,129.537,0.801515,0.0
13.0761,0.0178991,127.42,0.803558,0.0
13.0522,0.0180275,128.62,0.80526,0.0
13.0553,0.0182008,128.47,0.78415,0.0
13.0968,0.0181983,129.604,0.788576,0.0
13.1112,0.0185949,128.42,0.805601,0.0
13.088,0.0180073,129.17,0.799812,0.0
13.0958,0.018082,129.12,0.782107,0.0
13.0936,0.0178253,128.787,0.810708,0.0
13.0627,0.0180478,128.27,0.806282,0.0
13.0561,0.018204,129.487,0.786533,0.0
13.0749,0.0179527,128.704,0.802196,0.0
13.0987,0.0182509,128.07,0.814454,0.0
13.1255,0.0181783,129.521,0.789598,0.0
13.1129,0.01811,129.17,0.803898,0.0
13.1066,0.0180991,129.137,0.819561,0.0
13.1285,0.0180834,127.987,0.809346,0.0
13.1012,0.0182565,128.32,0.791641,0.0
13.0673,0.0182491,129.271,0.783809,0.0
13.0746,0.0182126,127.637,0.796408,0.0
13.0931,0.0184558,127.036,0.800493,0.0
13.0805,0.0181229,127.737,0.798451,0.0
13.0714,0.0179187,129.571,0.779724,0.0
13.0743,0.0181078,129.937,0.814454,0.0
13.0713,0.0178263,128.52,0.800834,0.0
13.0598,0.0180221,128.87,0.780745,0.0
13.0785,0.0182505,129.337,0.795046,0.0
13.106,0.0178929,129.704,0.806282,0.0
13.1013,0.0181687,130.938,0.797429,0.0
13.0942,0.0179836,127.887,0.789257,0.0
13.0949,0.017927,129.487,0.809346,0.0
13.094,0.0179817,128.604,0.792662,0.0
13.0805,0.0180315,127.286,0.800153,0.0
13.0788,0.0183807,129.137,0.793343,0.0
13.095,0.0183141,128.487,0.803898,0.0
13.1007,0.0180464,130.905,0.799131,0.0
13.1183,0.0182958,128.77,0.80526,0.0
13.0919,0.0179513,128.754,0.806622,0.0
13.0816,0.0182535,128.787,0.783469,0.0
13.1086,0.0183755,129.471,0.798791,0.0
13.0701,0.018232,127.403,0.797429,0.0
13.0519,0.0183707,130.971,0.79096,0.0
13.0812,0.0179164,128.937,0.798791,0.0
13.0599,0.018343,129.854,0.800493,0.0
13.0654,0.0182355,129.054,0.809006,0.0
13.109,0.0186147,128.07,0.789257,0.0
13.1003,0.0183397,128.704,0.807984,0.0
13.0946,0.0182634,129.621,0.772233,0.0
13.1185,0.0186636,128.504,0.799131,0.0
13.0837,0.0181537,129.087,0.796067,0.0
13.073,0.0177879,129.004,0.796408,0.0
13.0714,0.0177233,128.203,0.790619,0.0
13.0606,0.0180078,128.504,0.776319,0.0
13.0957,0.0178867,128.92,0.816156,0.0
13.0815,0.0183305,128.604,0.793003,0.0
13.0759,0.0183064,129.204,0.791641,0.0
13.109,0.0182683,129.987,0.788917,0.0
13.0983,0.0184564,129.271,0.803898,0.0
13.0734,0.0183905,129.621,0.79096,0.0
13.0713,0.018032,128.92,0.789598,0.0
13.0915,0.0176653,127.47,0.784831,0.0
13.0879,0.0180946,128.47,0.791981,0.0
13.0925,0.017987,128.854,0.829435,0.0
13.099,0.0184413,127.903,0.775297,0.0
13.0653,0.0181901,128.52,0.789938,0.0
13.0534,0.0181957,128.704,0.788576,0.0
13.0851,0.017564,128.32,0.795046,0.0
13.0944,0.0180542,128.07,0.807984,0.0
13.0931,0.0181182,128.52,0.778021,0.0
13.0979,0.0183557,127.703,0.800153,0.0
13.0841,0.0181884,129.837,0.787555,0.0
13.0882,0.0179652,130.221,0.79777,0.0
13.1104,0.0185318,129.287,0.786874,0.0
13.1056,0.0179952,127.62,0.816156,0.0
13.0977,0.0183678,129.804,0.801174,0.0
13.0924,0.0181527,128.77,0.80492,0.0
13.0587,0.0181008,127.637,0.800153,0.0
13.0585,0.0182809,128.97,0.791641,0.0
13.093,0.0178463,129.254,0.818539,0.0
13.1019,0.0179057,127.303,0.791981,0.0
13.0913,0.0181418,129.02,0.786533,0.0
13.1081,0.0186699,127.987,0.779724,0.0
13.105,0.0182753,127.987,0.79096,0.0
13.0927,0.0183953,129.337,0.817518,0.0
13.0993,0.0185345,128.003,0.809687,0.0
13.0723,0.0181644,129.304,0.789257,0.0
13.0752,0.0185668,129.037,0.802536,0.0
13.1094,0.0181216,129.337,0.803217,0.0
13.0793,0.0177321,127.903,0.803217,0.0
13.0529,0.0181819,128.937,0.812411,0.0
13.0729,0.0179435,129.804,0.795386,0.0
13.0928,0.0181126,128.454,0.795386,0.0
13.1132,0.0180497,128.454,0.807303,0.0
13.0891,0.0182109,128.337,0.803558,0.0
13.0793,0.0183975,129.487,0.789938,0.0
13.0838,0.0180955,127.42,0.807984,0.0
13.0677,0.0184404,128.137,0.789938,0.0
13.0485,0.0182737,126.92,0.782788,0.0
13.0591,0.0182165,127.803,0.800493,0.0
13.0611,0.0188989,128.754,0.806963,0.0
13.0627,0.0183044,129.921,0.795727,0.0
13.0963,0.0184839,128.954,0.787214,0.0
13.0772,0.0182425,129.054,0.796408,0.0
13.076,0.0182362,128.47,0.806282,0.0
13.109,0.0183845,128.053,0.781766,0.0
13.1013,0.0181892,130.604,0.777681,0.0
13.0856,0.0179853,127.136,0.801515,0.0
13.1041,0.0180982,129.02,0.801515,0.0
13.1281,0.0181962,127.153,0.784831,0.0
13.096,0.0179308,128.82,0.779724,0.0
13.09,0.0181619,128.97,0.803898,0.0
13.0972,0.0184441,127.72,0.800153,0.0
13.0743,0.0182109,128.37,0.791981,0.0
13.0765,0.0179987,129.137,0.797429,0.0
13.1071,0.0182633,130.121,0.814794,0.0
13.1181,0.0181721,129.537,0.815135,0.0
13.0957,0.0179445,129.221,0.792322,0.0
13.0955,0.018633,127.57,0.780405,0.0
13.0901,0.0181658,129.704,0.811389,0.0
13.0959,0.0183418,129.404,0.800834,0.0
13.0984,0.0187012,129.087,0.800153,0.0
13.092,0.0185325,128.387,0.810368,0.0
13.0875,0.0177787,129.454,0.806963,0.0
13.0978,0.0178795,129.454,0.800493,0.0
13.1053,0.0181836,128.92,0.797089,0.0
13.0815,0.0179469,129.07,0.806282,0.0
13.0809,0.0181447,127.77,0.782788,0.0
13.1001,0.018278,128.837,0.809006,0.0
13.1009,0.0180593,128.854,0.81922,0.0
13.083,0.0184518,130.521,0.819901,0.0
13.0846,0.0182194,128.203,0.804579,0.0
13.0995,0.0178532,129.371,0.806282,0.0
13.0807,0.0180998,129.637,0.79811,0.0
13.0717,0.0183026,128.537,0.799131,0.0
13.0864,0.0180617,128.92,0.800153,0.0
13.0932,0.0183494,127.22,0.782107,0.0
13.0939,0.0179137,127.737,0.796067,0.0
13.0935,0.0181577,127.937,0.783809,0.0
13.0833,0.0178857,129.737,0.780405,0.0
13.0798,0.0181691,127.42,0.796748,0.0
13.0795,0.0182183,128.37,0.790619,0.0
13.0718,0.017714,128.17,0.802196,0.0
13.0834,0.0184254,128.687,0.805601,0.0
13.0821,0.0179911,129.854,0.799472,0.0
13.0699,0.0184658,129.537,0.786874,0.0
13.0716,0.0176969,130.304,0.812411,0.0
13.0892,0.0180252,129.887,0.793684,0.0
13.1002,0.0184438,128.787,0.800493,0.0
13.0693,0.0182729,129.304,0.813432,0.0
13.0678,0.0185289,128.353,0.794365,0.0
13.1008,0.0182575,128.554,0.783128,0.0
13.0945,0.0180379,128.47,0.793003,0.0
13.0794,0.0173444,127.987,0.800493,0.0
13.0826,0.0189085,127.67,0.802196,0.0
13.076,0.0183881,129.004,0.828073,0.0
13.0654,0.0181329,128.07,0.789257,0.0
13.0796,0.0182645,127.653,0.784831,0.0
13.0817,0.0180823,128.77,0.783809,0.0
13.0686,0.0181712,128.954,0.812411,0.0
13.0838,0.0176382,128.053,0.785852,0.0
13.0786,0.0181371,129.671,0.801855,0.0
13.0859,0.0180514,128.22,0.806622,0.0
13.1054,0.0182272,128.12,0.80492,0.0
13.0735,0.018302,128.22,0.785171,0.0
13.0745,0.0177781,129.02,0.810368,0.0
13.1041,0.0179221,129.637,0.801515,0.0
13.0898,0.018121,126.553,0.80492,0.0
13.0925,0.0180492,129.054,0.805941,0.0
13.1017,0.017883,128.487,0.786874,0.0
13.0749,0.0182235,129.02,0.799131,0.0
13.0933,0.0182408,130.404,0.809687,0.0
13.1011,0.0184237,127.737,0.783469,0.0
13.0614,0.0181764,129.187,0.79096,0.0
13.054,0.0182981,128.253,0.802196,0.0
13.0716,0.0183129,128.537,0.789938,0.0
13.0704,0.0180747,127.253,0.813092,0.0
13.0451,0.0181515,129.271,0.793003,0.0
13.0602,0.0182136,128.887,0.800153,0.0
13.0931,0.0182968,128.187,0.810368,0.0
13.0753,0.0177831,127.37,0.790619,0.0
13.0758,0.017994,129.037,0.792322,0.0
13.1112,0.018323,128.237,0.804579,0.0
13.1052,0.0181169,129.671,0.789598,0.0
13.1021,0.0182807,128.12,0.805941,0.0
13.0821,0.0178092,128.337,0.795386,0.0
13.0489,0.0177025,129.154,0.80526,0.0
13.1151,0.0176758,129.437,0.808665,0.0
13.1367,0.0177072,130.038,0.794365,0.0
13.0789,0.018257,129.721,0.800493,0.0
13.0928,0.0182342,130.088,0.807984,0.0
13.1085,0.0181112,128.987,0.798791,0.0
13.0948,0.0179421,127.67,0.789257,0.0
13.0868,0.0183066,129.437,0.799472,0.0
13.0996,0.0183136,129.054,0.802877,0.0
13.0759,0.0181784,127.153,0.800493,0.0
13.0421,0.0180508,128.537,0.779724,0.0
13.1016,0.0184975,127.236,0.783809,0.0
13.118,0.0181725,128.22,0.786874,0.0
13.0901,0.0181652,128.704,0.809006,0.0
13.0768,0.0181903,128.12,0.791641,0.0
13.0629,0.0180747,129.054,0.782788,0.0
13.0842,0.0181368,128.42,0.803558,0.0
13.0782,0.0179246,128.003,0.796748,0.0
13.0718,0.0178855,127.937,0.803558,0.0
13.1074,0.0179588,129.304,0.800153,0.0
13.0836,0.0183032,129.554,0.794024,0.0
13.0284,0.0181848,128.687,0.807303,0.0
13.0634,0.0179476,126.853,0.796748,0.0
13.1044,0.0179798,129.437,0.775638,0.0
13.0986,0.0174893,127.787,0.809006,0.0
13.1179,0.0180238,129.271,0.809687,0.0
13.1277,0.0182486,130.054,0.798451,0.0
13.0922,0.0184004,129.187,0.821944,0.0
13.0654,0.018164,128.854,0.811049,0.0
13.066,0.0181931,128.82,0.805941,0.0
13.0915,0.0181379,129.104,0.795386,0.0
13.1033,0.0180245,128.12,0.800834,0.0
13.093,0.0179651,128.87,0.803558,0.0
13.0704,0.0180121,127.787,0.806963,0.0
13.0667,0.018284,129.687,0.799472,0.0
13.1033,0.0185304,128.637,0.772233,0.0
13.1143,0.018714,126.936,0.800493,0.0
13.0994,0.018392,128.837,0.786193,0.0
13.0738,0.0183398,129.421,0.814454,0.0
13.0719,0.0179521,128.637,0.816837,0.0
13.0991,0.018139,128.003,0.799131,0.0
13.0787,0.0183883,127.72,0.797429,0.0
13.0456,0.0181306,126.036,0.779724,0.0
13.0698,0.0186384,128.554,0.809006,0.0
13.0896,0.018145,129.287,0.810368,0.0
13.0726,0.0180265,129.104,0.782107,0.0
13.0958,0.018174,130.888,0.779383,0.0
13.1135,0.0183947,130.054,0.802536,0.0
13.0802,0.0180741,127.837,0.826711,0.0
13.09,0.0185845,129.237,0.81207,0.0
13.0915,0.0185721,129.187,0.78449,0.0
13.086,0.0185013,128.97,0.804239,0.0
13.1258,0.0182057,128.353,0.785512,0.0
13.1018,0.0181327,129.221,0.794024,0.0
13.0638,0.0181842,128.554,0.796408,0.0
13.092,0.017831,127.903,0.795046,0.0
13.1004,0.018271,128.454,0.799131,0.0
13.1041,0.0183973,129.154,0.790619,0.0
13.0896,0.0180393,130.488,0.81888,0.0
13.0621,0.017362,128.77,0.769168,0.0
13.0675,0.0183226,129.087,0.781426,0.0
13.0794,0.0180884,128.67,0.803217,0.0
13.0663,0.0177018,128.537,0.796408,0.0
13.0699,0.0180462,129.337,0.807984,0.0
13.0941,0.0181285,130.721,0.792322,0.0
13.0908,0.0185486,128.604,0.815816,0.0
13.097,0.0182956,128.837,0.783128,0.0
13.1081,0.0182803,127.787,0.807303,0.0
13.0721,0.0180835,129.721,0.80492,0.0
13.0566,0.0179354,130.054,0.800493,0.0
13.0958,0.0180752,128.287,0.814454,0.0
13.1057,0.0180015,129.771,0.809006,0.0
13.0727,0.0181381,128.537,0.790279,0.0
13.0689,0.0181919,128.954,0.794024,0.0
13.0682,0.0179809,129.987,0.801515,0.0
13.0914,0.0180923,128.12,0.796408,0.0
13.1205,0.0183615,127.787,0.798791,0.0
13.111,0.0182307,128.17,0.786874,0.0
13.0919,0.0183509,129.887,0.795386,0.0
13.0994,0.0184467,127.57,0.788236,0.0
13.0861,0.0182127,128.437,0.793684,0.0
13.0702,0.0183554,129.137,0.807303,0.0
13.0788,0.018506,127.453,0.800493,0.0
13.0859,0.017727,128.77,0.790619,0.0
13.0845,0.0175878,129.437,0.795727,0.0
13.0801,0.0176429,128.654,0.798451,0.0
13.1044,0.0182377,127.136,0.773935,0.0
13.1035,0.0183383,128.587,0.811049,0.0
13.0713,0.0184269,129.554,0.800153,0.0
13.0818,0.0182867,130.821,0.810027,0.0
13.0991,0.0182941,129.054,0.795386,0.0
13.0756,0.0180233,126.836,0.781085,0.0
13.0817,0.0181066,129.037,0.790279,0.0
13.1117,0.0182438,128.537,0.79777,0.0
13.0993,0.018312,130.621,0.782788,0.0
13.1073,0.0182201,129.237,0.796748,0.0
13.1043,0.0183378,129.104,0.7913,0.0
13.0889,0.0182931,129.554,0.788917,0.0
13.0974,0.0178024,127.92,0.810027,0.0
13.0691,0.0178068,129.137,0.800834,0.0
13.0703,0.0180276,126.686,0.774957,0.0
13.1007,0.0186728,128.22,0.793684,0.0
13.0949,0.0181733,129.821,0.805601,0.0
13.088,0.0179228,128.687,0.820582,0.0
13.0913,0.0180253,130.671,0.78449,0.0
13.0806,0.0178211,128.837,0.803898,0.0
13.0952,0.0179465,127.653,0.795727,0.0
13.1148,0.0184263,129.937,0.81888,0.0
13.0703,0.0178545,127.67,0.802196,0.0
13.0718,0.0185376,128.97,0.814454,0.0
13.1155,0.0182818,129.321,0.791641,0.0
13.0988,0.0180491,129.12,0.789257,0.0
13.0866,0.0178565,130.021,0.808665,0.0
13.1078,0.018209,129.804,0.787214,0.0
13.1055,0.0182772,128.52,0.794024,0.0
13.0854,0.0182961,128.904,0.809346,0.0
13.0927,0.0185011,128.037,0.774276,0.0
13.0717,0.0177971,128.787,0.804579,0.0
13.0656,0.0185824,128.37,0.819561,0.0
13.0868,0.018239,128.554,0.795727,0.0
13.0736,0.0182131,129.871,0.80526,0.0
13.086,0.0179613,127.737,0.782788,0.0
13.1004,0.0182049,128.77,0.795386,0.0
13.085,0.0178445,129.687,0.800493,0.0
13.0716,0.0182629,128.737,0.821604,0.0
13.0573,0.018209,128.72,0.796067,0.0
13.0773,0.0181638,129.437,0.79096,0.0
13.0904,0.0184122,128.27,0.789598,0.0
13.0592,0.0181422,128.57,0.782788,0.0
13.0822,0.0184065,128.303,0.790619,0.0
13.107,0.0181202,129.054,0.796748,0.0
13.0688,0.0181475,129.487,0.805941,0.0
13.0629,0.0179852,131.355,0.807644,0.0
13.1174,0.0181938,127.753,0.786874,0.0
13.106,0.0182197,128.987,0.778021,0.0
13.0789,0.0180605,128.637,0.795046,0.0
13.0935,0.0180045,127.286,0.783809,0.0
13.0767,0.0181315,128.303,0.779043,0.0
13.0816,0.017852,128.003,0.801855,0.0
13.1089,0.0180079,129.687,0.82603,0.0
13.0891,0.0181842,130.088,0.789257,0.0
13.089,0.0185234,129.204,0.801515,0.0
13.102,0.018176,129.104,0.791641,0.0
13.0948,0.0181219,129.787,0.79811,0.0
13.103,0.0186971,129.02,0.802196,0.0
13.085,0.0183512,127.22,0.809006,0.0
13.0643,0.0183485,129.421,0.812411,0.0
13.1023,0.0181759,127.486,0.782788,0.0
13.111,0.0181464,129.421,0.813432,0.0
13.0622,0.0180794,128.253,0.794024,0.0
13.0635,0.0180671,128.737,0.806282,0.0
13.1016,0.0181579,128.854,0.781766,0.0
13.1116,0.0181663,129.137,0.787555,0.0
13.1105,0.0178857,129.504,0.795046,0.0
13.1153,0.0182829,128.087,0.796748,0.0
13.0822,0.0180562,128.203,0.819561,0.0
13.0485,0.0179397,128.17,0.794705,0.0
13.0688,0.0179708,129.404,0.794705,0.0
13.0646,0.0184165,128.37,0.812411,0.0
13.0561,0.0181203,129.737,0.813773,0.0
13.0877,0.0181681,128.103,0.801174,0.0
13.0995,0.0179417,128.854,0.803558,0.0
13.1041,0.018132,127.97,0.787895,0.0
13.0846,0.0183198,128.404,0.782447,0.0
13.0816,0.0181407,129.471,0.810708,0.0
13.0907,0.0183178,128.52,0.799812,0.0
13.0712,0.018282,128.32,0.796748,0.0
13.0768,0.0183405,129.737,0.809006,0.0
13.0976,0.0184067,129.604,0.799472,0.0
13.0968,0.0183456,128.337,0.773935,0.0
13.0837,0.018468,127.653,0.780745,0.0
13.0853,0.0180725,129.287,0.792662,0.0
13.1097,0.0178938,127.186,0.777,0.0
13.1122,0.0181955,129.487,0.796748,0.0
13.082,0.0178755,129.587,0.795046,0.0
13.0672,0.0177036,129.454,0.791641,0.0
13.0704,0.0180654,129.571,0.808325,0.0
13.0801,0.0178587,128.804,0.809346,0.0
13.0888,0.017679,129.287,0.796067,0.0
13.0832,0.0179496,128.487,0.79096,0.0
13.0816,0.0178085,128.787,0.789257,0.0
13.0747,0.01838,128.604,0.791981,0.0
13.0785,0.0178116,129.587,0.790619,0.0
13.0769,0.0180011,128.67,0.808665,0.0
13.0702,0.0180109,128.103,0.774957,0.0
13.1018,0.0183368,128.92,0.80492,0.0
13.114,0.0178889,128.003,0.795727,0.0
13.0674,0.0189528,128.637,0.785512,0.0
13.0592,0.017868,127.47,0.793684,0.0
13.0721,0.0181442,128.787,0.794705,0.0
13.0647,0.0183542,128.62,0.796748,0.0
13.0711,0.0182906,127.386,0.786533,0.0
13.0668,0.0181929,129.504,0.806282,0.0
13.0936,0.0184091,128.67,0.787555,0.0
13.1055,0.0182182,129.621,0.789598,0.0
13.0768,0.0182225,127.737,0.815816,0.0
13.0689,0.0182589,128.187,0.804579,0.0
13.0743,0.017895,128.32,0.790619,0.0
13.1015,0.0179552,129.487,0.793684,0.0
13.1336,0.01779,128.537,0.787214,0.0
13.1257,0.0180176,128.053,0.800153,0.0
13.1086,0.0179396,129.337,0.778021,0.0
13.1229,0.0184261,127.153,0.785512,0.0
13.1117,0.0179655,128.854,0.811049,0.0
13.0999,0.0178759,127.737,0.800834,0.0
13.0907,0.0185388,127.803,0.806963,0.0
13.081,0.018551,129.12,0.807644,0.0
13.0791,0.0179732,128.72,0.800493,0.0
13.0825,0.0183586,127.77,0.758613,0.0
13.0956,0.0184715,128.42,0.768147,0.0
13.1226,0.0184364,128.737,0.833181,0.0
13.1217,0.0185447,129.871,0.813092,0.0
13.0773,0.0180988,129.104,0.799131,0.0
13.0593,0.0181682,128.604,0.786533,0.0
13.0718,0.0180852,129.12,0.787555,0.0
13.0777,0.0181732,129.154,0.810708,0.0
13.0802,0.0178615,127.403,0.819561,0.0
13.0907,0.017796,129.337,0.795046,0.0
13.1084,0.0185989,128.637,0.809346,0.0
13.1416,0.0185147,129.404,0.796067,0.0
13.1315,0.0183728,128.387,0.804579,0.0
13.0826,0.0177435,129.287,0.799131,0.0
13.0895,0.0181405,128.087,0.785512,0.0
13.0969,0.0186649,127.97,0.783469,0.0
13.0528,0.0178377,127.503,0.806622,0.0
13.0636,0.0179083,129.271,0.802196,0.0
13.1126,0.0182642,129.704,0.811049,0.0
13.1038,0.0187222,127.336,0.814113,0.0
13.0769,0.0182291,129.504,0.794024,0.0
13.1071,0.0180573,129.504,0.789938,0.0
13.1263,0.0182667,128.787,0.793343,0.0
13.1008,0.0186053,128.554,0.786193,0.0
13.0887,0.018434,128.87,0.773935,0.0
13.1098,0.0178057,128.62,0.780405,0.0
13.101,0.0183018,129.321,0.79811,0.0
13.0876,0.0182029,128.687,0.795386,0.0
13.0947,0.0178289,128.537,0.809346,0.0
13.1058,0.0180333,128.67,0.785512,0.0
13.1024,0.0186631,127.62,0.799131,0.0
13.0767,0.0179435,129.904,0.784831,0.0
13.1001,0.0182759,128.42,0.769849,0.0
13.1173,0.0180199,129.504,0.809346,0.0
13.0702,0.0174295,128.42,0.784831,0.0
13.065,0.0183152,127.903,0.80526,0.0
13.0839,0.018102,128.303,0.807303,0.0
13.0632,0.0181124,128.003,0.825349,0.0
13.0573,0.0184733,128.954,0.802536,0.0
13.1092,0.0190943,129.154,0.804579,0.0
13.1356,0.0184815,129.204,0.823306,0.0
13.1035,0.0185269,127.82,0.791981,0.0
13.0806,0.018362,127.953,0.786193,0.0
13.0923,0.01796,127.47,0.802536,0.0
13.0851,0.0183601,128.303,0.825009,0.0
13.0837,0.0179089,128.854,0.800153,0.0
13.0817,0.0179808,127.303,0.806282,0.0
13.0621,0.0178187,129.17,0.782107,0.0
13.0838,0.0186749,129.754,0.804579,0.0
13.1054,0.0178786,128.07,0.796067,0.0
13.0916,0.0183222,128.937,0.815135,0.0
13.0915,0.0179625,128.62,0.800153,0.0
13.0843,0.0182149,128.12,0.822966,0.0
13.0579,0.0185784,128.52,0.799131,0.0
13.062,0.0180504,128.904,0.814454,0.0
13.0704,0.0176664,127.637,0.802877,0.0
13.0616,0.0178149,128.52,0.793003,0.0
13.0794,0.0184506,128.587,0.792662,0.0
13.106,0.0183574,126.653,0.795727,0.0
13.0737,0.0179295,128.303,0.796067,0.0
13.0642,0.0175108,128.003,0.793003,0.0
13.1155,0.0181519,129.587,0.81207,0.0
13.1185,0.018368,129.371,0.789257,0.0
13.0814,0.0180414,130.888,0.800493,0.0
13.0978,0.0186479,127.503,0.787555,0.0
13.0991,0.0182322,128.303,0.816837,0.0
13.0712,0.0184857,127.837,0.814794,0.0
13.0683,0.0178327,127.353,0.796748,0.0
13.0806,0.0180617,127.386,0.796067,0.0
13.0963,0.017702,128.804,0.802536,0.0
13.1075,0.0183484,129.371,0.786533,0.0
13.1133,0.0178537,129.137,0.795727,0.0
13.0959,0.0182631,128.72,0.810368,0.0
13.0845,0.0181127,127.853,0.801855,0.0
13.0929,0.0185732,128.537,0.802196,0.0
13.1128,0.0179897,127.486,0.789938,0.0
13.1116,0.0178559,130.021,0.78449,0.0
13.0979,0.0180028,128.87,0.79096,0.0
13.1054,0.0183877,129.571,0.802196,0.0
13.0909,0.0183639,127.52,0.774957,0.0
13.0776,0.0183066,130.771,0.785852,0.0
13.1064,0.0187168,127.253,0.788917,0.0
13.1154,0.0180751,129.054,0.806622,0.0
13.0999,0.0185976,129.437,0.793343,0.0
13.1122,0.0185974,128.904,0.799812,0.0
13.097,0.0178915,128.02,0.778021,0.0
13.0887,0.0185542,129.637,0.803558,0.0
13.0998,0.0183885,128.237,0.788576,0.0
13.0899,0.0182372,127.47,0.802196,0.0
13.091,0.0180425,129.837,0.790619,0.0
13.0922,0.0184557,129.854,0.769168,0.0
13.0892,0.018305,129.17,0.798451,0.0
13.1033,0.0182266,129.621,0.802877,0.0
13.0941,0.0178935,129.637,0.801855,0.0
13.08,0.0182852,128.704,0.79811,0.0
13.115,0.0176395,130.554,0.805941,0.0
13.0966,0.0183839,128.67,0.803217,0.0
13.0751,0.018649,128.604,0.800493,0.0
13.0964,0.0184661,128.137,0.804239,0.0
13.0858,0.0182744,128.103,0.820923,0.0
13.0889,0.0177673,126.536,0.79777,0.0
13.0751,0.018015,128.57,0.82569,0.0
13.0579,0.0180369,128.82,0.800153,0.0
13.0914,0.0175108,129.087,0.789598,0.0
13.0935,0.018563,129.154,0.803217,0.0
13.079,0.0182588,128.504,0.799812,0.0
13.1055,0.0182413,128.737,0.790619,0.0
13.1184,0.0187495,127.453,0.796067,0.0
13.1028,0.0181757,127.953,0.806622,0.0
13.0915,0.0179954,129.237,0.796067,0.0
13.0863,0.0181014,129.12,0.802536,0.0
13.1027,0.0184573,128.837,0.799812,0.0
13.1085,0.018075,128.82,0.799131,0.0
13.0922,0.0180269,128.27,0.805601,0.0
13.0852,0.0181751,128.887,0.798451,0.0
13.1037,0.018242,129.687,0.802196,0.0
13.1175,0.0183783,129.554,0.820923,0.0
13.0904,0.018247,128.287,0.79777,0.0
13.0896,0.0180056,128.537,0.789938,0.0
13.0978,0.0186294,128.053,0.815475,0.0
13.0619,0.0180243,128.504,0.79811,0.0
13.0675,0.0182483,129.871,0.802536,0.0
13.1001,0.0187087,129.521,0.801855,0.0
13.1094,0.0178749,129.787,0.796408,0.0
13.1109,0.0185095,128.904,0.804239,0.0
13.0982,0.0183201,127.136,0.798791,0.0
13.0732,0.0181844,128.754,0.801855,0.0
13.0601,0.0183527,129.154,0.808665,0.0
13.0704,0.0179766,127.103,0.804579,0.0
13.0827,0.0181369,128.57,0.777,0.0
13.1,0.0182989,129.287,0.780064,0.0
13.1091,0.0180493,129.637,0.780745,0.0
13.0918,0.0180444,128.12,0.813092,0.0
13.0662,0.0179452,129.937,0.816837,0.0
13.0791,0.0182884,128.804,0.77734,0.0
13.106,0.018147,128.353,0.799472,0.0
13.1047,0.0184326,128.504,0.792662,0.0
13.0942,0.0182467,130.404,0.796748,0.0
13.0994,0.0183105,128.77,0.796408,0.0
13.1097,0.0178562,128.454,0.803558,0.0
13.1015,0.0182552,128.087,0.805941,0.0
13.0844,0.0184484,127.937,0.811049,0.0
13.0968,0.0182837,128.203,0.798791,0.0
13.0895,0.0183355,130.638,0.78449,0.0
13.0621,0.017923,128.787,0.791981,0.0
13.0741,0.0176855,132.188,0.799131,0.0
13.079,0.017928,128.804,0.785852,0.0
13.0707,0.0181825,128.87,0.789257,0.0
13.1064,0.0183271,128.57,0.774616,0.0
13.1207,0.0181857,127.903,0.810027,0.0
13.0896,0.0181692,127.87,0.804579,0.0
13.0765,0.018056,128.17,0.79096,0.0
13.0803,0.0179844,128.137,0.795046,0.0
13.0792,0.0182385,128.77,0.786533,0.0
13.0792,0.0181793,129.921,0.800493,0.0
13.0933,0.0178558,129.971,0.805601,0.0
13.1151,0.0183177,128.187,0.79096,0.0
13.0925,0.0180137,128.203,0.793343,0.0
13.0644,0.0179304,130.104,0.816497,0.0
13.0769,0.0184276,128.654,0.796067,0.0
13.0911,0.0180742,127.687,0.79811,0.0
13.0922,0.0181583,129.321,0.788236,0.0
13.0597,0.0181846,128.32,0.786533,0.0
13.0573,0.0178197,128.22,0.798791,0.0
13.1005,0.0177538,128.954,0.804239,0.0
13.1064,0.0180082,129.07,0.802877,0.0
13.0625,0.0179178,127.62,0.788236,0.0
13.0606,0.0185267,128.253,0.799131,0.0
13.1053,0.0182745,128.504,0.79777,0.0
13.1088,0.0184749,128.387,0.790279,0.0
13.0793,0.0181558,128.72,0.794024,0.0
13.0848,0.0180525,129.087,0.799812,0.0
13.0989,0.0182011,128.153,0.806282,0.0
13.0836,0.0185804,130.121,0.806282,0.0
13.0834,0.0183976,128.82,0.800834,0.0
13.0828,0.0182818,127.336,0.782447,0.0
13.0833,0.01838,129.504,0.807303,0.0
13.0864,0.018406,128.87,0.787895,0.0
13.0754,0.0181533,129.437,0.817177,0.0
13.0925,0.0181044,127.82,0.793684,0.0
13.092,0.0183725,127.07,0.78415,0.0
13.0537,0.0182753,127.687,0.796067,0.0
13.0582,0.0180503,128.454,0.79096,0.0
13.1117,0.0180469,128.937,0.806622,0.0
13.1088,0.0181348,127.87,0.802877,0.0
13.0687,0.0179343,128.654,0.800493,0.0
13.0667,0.0175656,129.087,0.790279,0.0
13.1117,0.018468,128.153,0.806622,0.0
13.1255,0.0185271,127.22,0.802877,0.0
13.0919,0.0179515,128.353,0.817518,0.0
13.1039,0.0182695,129.621,0.785171,0.0
13.1246,0.0180213,129.554,0.78449,0.0
13.1005,0.0182223,130.138,0.807303,0.0
13.0881,0.0183339,127.937,0.812411,0.0
13.0911,0.0184462,129.887,0.789598,0.0
13.1033,0.0182089,128.837,0.806622,0.0
13.0954,0.0186916,129.07,0.79777,0.0
13.0756,0.0182102,127.286,0.792662,0.0
13.0657,0.0180247,129.17,0.793003,0.0
13.0634,0.018,128.32,0.782107,0.0
13.0926,0.0179164,127.92,0.79777,0.0
13.104,0.0178118,127.987,0.822966,0.0
13.0967,0.0182377,129.204,0.812751,0.0
13.1009,0.018538,128.937,0.791641,0.0
13.0975,0.0181735,129.704,0.785512,0.0
13.0971,0.0178463,127.503,0.787895,0.0
13.0897,0.0179984,128.237,0.81173,0.0
13.0771,0.0181095,129.621,0.80526,0.0
13.0814,0.0180417,128.187,0.805941,0.0
13.0994,0.0181319,128.02,0.797089,0.0
13.1134,0.01784,127.853,0.799472,0.0
13.0944,0.0182081,129.237,0.778702,0.0
13.0826,0.0183183,128.62,0.796067,0.0
13.0902,0.0181229,128.704,0.806622,0.0
13.0872,0.0180324,128.67,0.785852,0.0
13.0991,0.0181636,129.404,0.775638,0.0
13.0875,0.0183254,127.92,0.806963,0.0
13.0608,0.0182679,127.52,0.796408,0.0
13.0864,0.0186557,129.537,0.79096,0.0
13.0946,0.0179956,127.92,0.806622,0.0
13.0902,0.0183485,128.554,0.81922,0.0
13.1262,0.0183137,129.087,0.771211,0.0
13.1167,0.0183892,128.253,0.797089,0.0
13.0536,0.0183791,128.837,0.811389,0.0
13.0737,0.0179901,128.687,0.811389,0.0
13.1153,0.0179054,128.904,0.785171,0.0
13.0794,0.0180018,129.07,0.79811,0.0
13.0559,0.0181481,130.054,0.787214,0.0
13.0649,0.0180335,127.987,0.78449,0.0
13.0705,0.0177013,128.987,0.834543,0.0
13.0846,0.0183815,129.02,0.813432,0.0
13.0965,0.0182792,128.57,0.786874,0.0
13.0854,0.0180292,128.787,0.803898,0.0
13.0601,0.01797,128.12,0.799472,0.0
13.059,0.0185186,129.537,0.807984,0.0
13.059,0.0180534,128.97,0.788576,0.0
13.0556,0.0176514,128.687,0.791981,0.0
13.0821,0.0180092,129.471,0.816837,0.0
13.0854,0.0182275,129.304,0.811049,0.0
13.08,0.0184446,127.903,0.814113,0.0
13.1004,0.0182351,128.12,0.791641,0.0
13.086,0.0185421,128.12,0.802877,0.0
13.0651,0.0185658,129.17,0.80492,0.0
13.0734,0.0184083,127.253,0.814113,0.0
13.0757,0.0178285,129.604,0.782788,0.0
13.0703,0.0179318,127.37,0.773254,0.0
13.0961,0.0181348,128.854,0.785512,0.0
13.1145,0.0182613,129.087,0.793343,0.0
13.0697,0.0184122,128.787,0.796408,0.0
13.0486,0.0178198,128.987,0.803558,0.0
13.0961,0.0179907,129.371,0.811389,0.0
13.0984,0.0185029,128.637,0.787555,0.0
13.0565,0.017957,129.504,0.7913,0.0
13.0592,0.0180432,129.504,0.809346,0.0
13.0752,0.0180324,128.454,0.803558,0.0
13.0678,0.0181131,129.871,0.800834,0.0
13.0691,0.0183674,130.021,0.787895,0.0
13.0869,0.0188366,128.237,0.80526,0.0
13.0807,0.0180523,129.104,0.791641,0.0
13.0719,0.0183472,128.037,0.788236,0.0
13.081,0.0183838,130.104,0.803558,0.0
13.0887,0.018121,128.153,0.780064,0.0
13.1086,0.0183292,128.137,0.803217,0.0
13.1145,0.0187722,128.504,0.809687,0.0
13.0854,0.0182798,128.804,0.778021,0.0
13.0825,0.0186439,128.303,0.810708,0.0
13.1028,0.0180369,128.654,0.818539,0.0
13.112,0.0184857,127.586,0.806963,0.0
13.1159,0.0184137,128.22,0.795727,0.0
13.099,0.0189283,128.954,0.788576,0.0
13.0909,0.018242,128.687,0.790279,0.0
13.0869,0.0178767,129.371,0.798451,0.0
13.0665,0.0184368,127.837,0.782447,0.0
13.0898,0.0179506,129.654,0.790279,0.0
13.1081,0.0186735,127.57,0.799812,0.0
13.0763,0.0185164,128.07,0.789257,0.0
13.0809,0.0183874,129.654,0.775978,0.0
13.0772,0.0178064,129.137,0.794365,0.0
13.0732,0.0176173,128.72,0.782447,0.0
13.1035,0.0176449,128.92,0.789938,0.0
13.1157,0.0179465,128.987,0.813773,0.0
13.1124,0.0180597,129.054,0.798791,0.0
13.0901,0.0182678,127.62,0.822966,0.0
13.0906,0.0187759,129.12,0.816497,0.0
13.0968,0.0185148,128.47,0.800834,0.0
13.085,0.0177937,129.221,0.78415,0.0
13.0869,0.0181927,128.02,0.796748,0.0
13.1108,0.0180847,129.154,0.78415,0.0
13.0906,0.0178778,127.486,0.803217,0.0
13.0534,0.0182915,130.004,0.799131,0.0
13.0772,0.0180881,129.02,0.789257,0.0
13.0871,0.0180615,127.303,0.794024,0.0
13.0901,0.0180799,128.837,0.786533,0.0
13.0937,0.0178987,129.321,0.811389,0.0
13.0902,0.0183024,127.07,0.807303,0.0
13.0796,0.0177937,129.671,0.815816,0.0
13.0712,0.0182239,127.87,0.781766,0.0
13.0779,0.0182152,128.987,0.793343,0.0
13.0793,0.0180336,129.337,0.793684,0.0
13.0657,0.0179676,128.97,0.802877,0.0
13.0805,0.0181729,128.77,0.801174,0.0
13.113,0.0176888,128.92,0.809346,0.0
13.106,0.0183628,128.07,0.800493,0.0
13.1026,0.0184934,126.636,0.779043,0.0
13.118,0.0178229,128.537,0.789598,0.0
13.1089,0.0181947,130.288,0.830797,0.0
13.0762,0.0180268,127.703,0.800153,0.0
13.0641,0.0183904,129.237,0.802877,0.0
13.0746,0.0182039,129.054,0.795046,0.0
13.0908,0.0188203,127.42,0.803558,0.0
13.1135,0.0184839,129.854,0.81207,0.0
13.0913,0.0184811,128.987,0.800493,0.0
13.045,0.0182636,129.237,0.816497,0.0
13.0763,0.018167,129.354,0.793684,0.0
13.0975,0.0177281,129.037,0.813092,0.0
13.0936,0.0180931,127.503,0.800834,0.0
13.1238,0.0185234,128.087,0.798451,0.0
13.1072,0.0181897,129.12,0.789257,0.0
13.0865,0.018129,129.287,0.819561,0.0
13.1052,0.0183218,129.521,0.802536,0.0
13.0914,0.017965,129.287,0.796408,0.0
13.0787,0.0180275,129.554,0.7913,0.0
13.0939,0.0181492,128.17,0.812751,0.0
13.095,0.0180336,129.004,0.793684,0.0
13.0784,0.0181682,127.97,0.806622,0.0
13.0785,0.0185204,128.937,0.7913,0.0
13.083,0.0182992,130.138,0.774276,0.0
13.0946,0.0177093,129.671,0.800493,0.0
13.098,0.0177729,129.104,0.802877,0.0
13.0735,0.0180854,128.153,0.794365,0.0
13.065,0.0178305,127.07,0.793684,0.0
13.0963,0.0179472,128.92,0.802536,0.0
13.0896,0.0180794,129.487,0.799812,0.0
13.0741,0.0178499,128.087,0.808325,0.0
13.0936,0.018123,128.47,0.814113,0.0
13.0824,0.0178261,127.553,0.789938,0.0
13.0687,0.0184083,129.254,0.795386,0.0
13.0782,0.0180857,128.62,0.804239,0.0
13.0688,0.0182774,126.936,0.825009,0.0
13.057,0.0184451,127.236,0.799472,0.0
13.0508,0.0183226,128.67,0.807303,0.0
13.0635,0.0181801,128.837,0.78415,0.0
13.077,0.0185743,129.271,0.800834,0.0
13.0738,0.0182042,127.67,0.803217,0.0
13.0856,0.0179863,130.154,0.800153,0.0
13.0913,0.0182881,128.103,0.787214,0.0
13.0752,0.018203,128.62,0.785852,0.0
13.0804,0.0184404,129.037,0.780064,0.0
13.0918,0.018007,129.337,0.800153,0.0
13.1001,0.0185129,128.237,0.775638,0.0
13.0985,0.0182329,128.654,0.785512,0.0
13.0953,0.0180556,129.037,0.799472,0.0
13.0794,0.0182217,128.704,0.789938,0.0
13.0673,0.0180725,127.637,0.785171,0.0
13.0998,0.0184107,128.42,0.791981,0.0
13.1021,0.0182988,128.103,0.799812,0.0
13.0833,0.0177188,127.97,0.782447,0.0
13.092,0.0180577,128.437,0.822966,0.0
13.0891,0.0179835,128.454,0.798791,0.0
13.0833,0.0180771,128.787,0.793003,0.0
13.0846,0.0184936,129.004,0.803558,0.0
13.0808,0.01784,128.97,0.802536,0.0
13.0911,0.0181933,128.92,0.801855,0.0
13.0919,0.0188694,128.42,0.811049,0.0
13.0907,0.0184343,128.57,0.785852,0.0
13.0967,0.0179776,128.537,0.780064,0.0
13.0974,0.0182798,128.737,0.788576,0.0
13.0814,0.0187585,129.287,0.794365,0.0
13.0568,0.0182448,129.254,0.813432,0.0
13.0851,0.0184126,129.354,0.799812,0.0
13.1159,0.0175851,127.17,0.801855,0.0
13.0901,0.0183776,128.82,0.792322,0.0
13.0658,0.0181863,129.554,0.795046,0.0
13.0727,0.0177685,128.704,0.800493,0.0
13.0809,0.0184509,128.62,0.794365,0.0
13.0649,0.0183349,129.304,0.796748,0.0
13.0679,0.018,129.604,0.786874,0.0
13.0851,0.018131,127.987,0.829435,0.0
13.0803,0.0177302,128.003,0.79777,0.0
13.0755,0.018212,130.154,0.805941,0.0
13.0619,0.0181668,129.02,0.776659,0.0
13.0635,0.0187606,127.77,0.789938,0.0
13.0742,0.018059,128.637,0.797429,0.0
13.0707,0.0178052,129.521,0.81207,0.0
13.0852,0.0184383,130.238,0.791641,0.0
13.1084,0.018137,129.821,0.793003,0.0
13.0904,0.0182868,128.137,0.79777,0.0
13.0791,0.0181989,129.737,0.809346,0.0
13.1018,0.0184219,129.654,0.780405,0.0
13.0955,0.0185489,127.186,0.806282,0.0
13.0789,0.0181643,130.071,0.803558,0.0
13.1074,0.0177781,128.22,0.795386,0.0
13.1376,0.017912,128.687,0.797429,0.0
13.1135,0.0184378,128.37,0.826371,0.0
13.1091,0.0178957,130.088,0.787895,0.0
13.1111,0.0179884,128.32,0.805941,0.0
13.0938,0.0183641,127.987,0.792662,0.0
13.0803,0.018669,128.47,0.788576,0.0
13.0559,0.018245,128.904,0.780745,0.0
13.0546,0.0176349,129.537,0.774616,0.0
13.0859,0.0180778,128.37,0.803558,0.0
13.098,0.0186381,129.921,0.818539,0.0
13.075,0.0182164,128.504,0.788236,0.0
13.0743,0.0183243,129.154,0.803558,0.0
13.0948,0.0185698,129.687,0.795727,0.0
13.0694,0.0180555,127.17,0.796408,0.0
13.0728,0.0185942,129.321,0.781426,0.0
13.088,0.0184013,127.553,0.765082,0.0
13.0525,0.0184976,129.787,0.809006,0.0
13.0555,0.018111,127.653,0.765763,0.0
13.0787,0.018292,127.937,0.7913,0.0
13.0735,0.0183087,127.086,0.815475,0.0
13.0619,0.0186643,128.37,0.786533,0.0
13.0763,0.0184851,128.82,0.810027,0.0
13.0876,0.0181569,128.037,0.785512,0.0
13.0846,0.0182031,129.12,0.816497,0.0
13.0801,0.0181595,127.27,0.795727,0.0
13.0774,0.018043,127.953,0.803898,0.0
13.0763,0.0183253,128.003,0.816156,0.0
13.0945,0.018187,127.403,0.797429,0.0
13.095,0.0180949,129.321,0.79777,0.0
13.0773,0.0179053,129.337,0.7913,0.0
13.0995,0.0181003,128.72,0.788576,0.0
13.0751,0.0178611,127.453,0.793003,0.0
13.0672,0.0180607,129.887,0.796408,0.0
13.1176,0.0184987,129.154,0.806622,0.0
13.0924,0.0180007,127.003,0.783128,0.0
13.0441,0.018257,129.321,0.807984,0.0
13.0744,0.0180762,129.754,0.807303,0.0
13.1,0.018322,127.453,0.80526,0.0
13.0817,0.0184643,129.904,0.787895,0.0
13.0654,0.0180881,128.32,0.81207,0.0
13.0616,0.0183333,129.204,0.799472,0.0
13.0632,0.0182238,129.537,0.799812,0.0
13.0861,0.0185705,129.271,0.786874,0.0
13.0862,0.0179245,129.204,0.817518,0.0
13.0513,0.0179343,127.57,0.780745,0.0
13.0699,0.0179811,128.537,0.792322,0.0
13.1061,0.0177515,129.187,0.794365,0.0
13.0872,0.0178995,128.053,0.7913,0.0
13.0627,0.0178515,127.887,0.807644,0.0
13.0728,0.0183239,129.187,0.808665,0.0
13.0864,0.0182757,128.937,0.785171,0.0
13.0753,0.0183813,128.42,0.810708,0.0
13.0849,0.0179363,129.554,0.782447,0.0
13.0773,0.017949,129.921,0.814113,0.0
13.0671,0.0181222,128.954,0.815816,0.0
13.0874,0.0181931,129.087,0.799472,0.0
13.0998,0.0184641,128.904,0.793684,0.0
13.1082,0.0185549,128.187,0.810027,0.0
13.1063,0.0183555,128.253,0.781426,0.0
13.0961,0.0180718,128.737,0.795727,0.0
13.0945,0.0179439,129.371,0.820242,0.0
13.077,0.0181657,129.437,0.793003,0.0
13.0725,0.0186279,129.104,0.781085,0.0
13.095,0.0179523,128.27,0.793343,0.0
13.0887,0.0181389,128.17,0.792662,0.0
13.0754,0.0179793,129.054,0.807644,0.0
13.0768,0.0182897,128.353,0.793684,0.0
13.0952,0.0183892,129.254,0.820923,0.0
13.112,0.0183358,129.387,0.813092,0.0
13.1016,0.01791,129.004,0.814794,0.0
13.1017,0.0182129,128.087,0.807984,0.0
13.0872,0.018218,130.304,0.800493,0.0
13.0814,0.0180664,127.92,0.783128,0.0
13.0896,0.0181849,129.387,0.800153,0.0
13.0791,0.0185485,128.97,0.792662,0.0
13.0632,0.0180973,129.687,0.816497,0.0
13.095,0.0184776,128.253,0.785512,0.0
13.1026,0.0180105,127.253,0.79777,0.0
13.0659,0.017793,128.62,0.77053,0.0
13.0853,0.0181338,127.853,0.802536,0.0
13.0907,0.0179893,128.87,0.81922,0.0
13.0683,0.0182942,129.004,0.799812,0.0
13.0737,0.0182802,128.387,0.829776,0.0
13.0807,0.0184734,127.92,0.79811,0.0
13.0871,0.0182734,129.771,0.806963,0.0
13.1009,0.0183728,128.737,0.791641,0.0
13.1074,0.0182229,128.153,0.794705,0.0
13.11,0.0181129,128.554,0.803217,0.0
13.0777,0.0178956,129.17,0.795386,0.0
13.076,0.0180853,130.138,0.79811,0.0
13.1215,0.0175382,130.021,0.778702,0.0
13.1138,0.0179943,128.587,0.799131,0.0
13.0796,0.0182829,129.254,0.802877,0.0
13.0916,0.0177867,129.521,0.799131,0.0
13.0877,0.0178085,128.987,0.817858,0.0
13.075,0.0183642,128.437,0.796408,0.0
13.096,0.0182319,127.32,0.802877,0.0
13.0912,0.0184939,128.887,0.802877,0.0
13.0787,0.0185346,128.97,0.774616,0.0
13.0934,0.0186436,127.22,0.80492,0.0
13.0858,0.0182228,130.188,0.802196,0.0
13.0766,0.0186613,129.221,0.795386,0.0
13.0912,0.0178855,129.621,0.788236,0.0
13.1075,0.0183517,128.437,0.770871,0.0
13.09,0.0183029,128.72,0.825009,0.0
13.0871,0.0185274,128.654,0.817858,0.0
13.1028,0.0182807,126.803,0.807303,0.0
13.0717,0.0178357,129.037,0.786874,0.0
13.0971,0.0183722,129.137,0.796748,0.0
13.1106,0.0184968,128.837,0.814454,0.0
13.0679,0.0183023,128.904,0.810708,0.0
13.0788,0.0181386,127.97,0.826371,0.0
13.0929,0.0185509,129.354,0.780745,0.0
13.0997,0.0182856,128.37,0.789598,0.0
13.115,0.0182625,129.971,0.804239,0.0
13.1151,0.0181497,127.887,0.809687,0.0
13.1007,0.0177493,129.521,0.795046,0.0
13.0863,0.0180979,129.304,0.795386,0.0
13.0838,0.0178876,129.221,0.794024,0.0
13.0908,0.0182553,128.587,0.783128,0.0
13.0815,0.0182955,131.005,0.794365,0.0
13.0916,0.0181856,127.837,0.791981,0.0
13.1235,0.0183063,128.303,0.79811,0.0
13.101,0.0183151,128.82,0.776659,0.0
13.0742,0.0184928,129.421,0.805601,0.0
13.0862,0.0182937,128.07,0.801855,0.0
13.0839,0.0185692,128.003,0.81922,0.0
13.0942,0.0181488,128.554,0.804579,0.0
13.0841,0.018353,128.92,0.802877,0.0
13.0829,0.0186119,128.754,0.787895,0.0
13.1029,0.0184361,128.37,0.786533,0.0
13.0825,0.0180656,129.821,0.812751,0.0
13.0878,0.0182974,129.304,0.795727,0.0
13.1203,0.0179591,128.754,0.804239,0.0
13.0959,0.018365,127.837,0.796748,0.0
13.0654,0.0183687,128.303,0.796748,0.0
13.0869,0.0184311,130.238,0.781085,0.0
13.0974,0.0181621,128.22,0.792322,0.0
13.0799,0.0177421,128.804,0.787555,0.0
13.0743,0.0176162,127.787,0.78415,0.0
13.0988,0.0182314,128.103,0.787895,0.0
13.1098,0.0180089,128.153,0.795046,0.0
13.0831,0.0179763,127.803,0.822285,0.0
13.0868,0.0183177,127.887,0.799812,0.0
13.0935,0.0179432,129.504,0.787214,0.0
13.073,0.0179991,129.371,0.789598,0.0
13.0834,0.0182622,128.554,0.799812,0.0
13.1149,0.0185385,127.92,0.796748,0.0
13.1093,0.0176758,128.72,0.80492,0.0
13.112,0.0177677,129.754,0.810368,0.0
13.1167,0.0185921,127.903,0.806622,0.0
13.0876,0.0180141,128.687,0.79777,0.0
13.073,0.0177642,128.303,0.795727,0.0
13.0832,0.0182122,127.07,0.785512,0.0
13.0638,0.018046,128.654,0.826371,0.0
13.0607,0.018507,128.904,0.793343,0.0
13.0945,0.0186944,129.837,0.796748,0.0
13.097,0.0183132,129.187,0.793684,0.0
13.0693,0.0181696,127.82,0.774616,0.0
13.0682,0.0180099,127.853,0.787214,0.0
13.075,0.0179882,128.587,0.788236,0.0
13.0698,0.0185343,129.07,0.791641,0.0
13.0892,0.0183189,128.687,0.821944,0.0
13.1103,0.0181021,127.803,0.790619,0.0
13.098,0.0180514,128.987,0.795046,0.0
13.0871,0.0182458,127.953,0.795046,0.0
13.1126,0.0180914,128.52,0.778362,0.0
13.1169,0.0181809,128.537,0.801174,0.0
13.1012,0.0185129,128.787,0.780405,0.0
13.1106,0.0185984,128.037,0.803558,0.0
13.1045,0.0180734,129.904,0.793003,0.0
13.1001,0.0180447,129.12,0.786874,0.0
13.1122,0.0186652,127.803,0.802536,0.0
13.1044,0.0182493,129.521,0.78449,0.0
13.0742,0.0186329,129.487,0.819561,0.0
13.0698,0.0182798,131.105,0.794705,0.0
13.1088,0.0183227,128.804,0.787895,0.0
13.0974,0.018318,128.487,0.800493,0.0
13.0671,0.0181796,128.937,0.785852,0.0
13.0927,0.0185601,127.987,0.790279,0.0
13.1183,0.018066,128.07,0.811389,0.0
13.1029,0.0181173,128.72,0.792322,0.0
13.0868,0.0174843,128.27,0.781085,0.0
13.1034,0.0183989,128.67,0.794365,0.0
13.0952,0.018631,129.17,0.80526,0.0
13.0803,0.0183342,128.47,0.81888,0.0
13.0872,0.0182786,128.737,0.809687,0.0
13.0819,0.0182322,127.653,0.819561,0.0
13.0753,0.0182162,128.904,0.796067,0.0
13.0792,0.0182809,128.287,0.806963,0.0
13.0708,0.0183704,128.854,0.806282,0.0
13.0947,0.0177524,129.671,0.806622,0.0
13.1272,0.0179504,128.854,0.781085,0.0
13.0984,0.0182448,128.92,0.785171,0.0
13.0807,0.0183343,129.287,0.798791,0.0
13.1065,0.0180417,129.254,0.807984,0.0
13.5364,0.0211961,127.57,0.798451,0.0
23.7755,0.148914,130.671,0.827392,0.0
66.3952,0.353093,100.859,0.91626,0.0
112.28,0.193867,158.616,0.855653,0.0
112.037,0.162211,154.981,0.834202,0.0
98.3496,0.112159,153.381,0.819901,0.0
96.7348,0.102334,155.498,0.823987,0.0
89.8932,0.112097,158.866,0.837266,0.0
82.2641,0.0948797,160.167,0.845098,0.0
79.5856,0.10242,161.234,0.84646,0.0
75.0967,0.0775973,161.934,0.822625,0.0
70.4768,0.0720243,161.501,0.823987,0.0
67.5529,0.0756148,162.768,0.859398,0.0
64.5599,0.0845434,163.251,0.844076,0.0
62.726,0.105624,162.551,0.824668,0.0
61.3942,0.125037,162.768,0.828754,0.0
58.9432,0.120755,162.401,0.827052,0.0
57.1194,0.109522,164.202,0.827052,0.0
56.4481,0.103518,161.234,0.838628,0.0
55.3075,0.103889,160.984,0.817177,0.0
53.6211,0.104277,162.384,0.828414,0.0
51.9556,0.105809,160.534,0.828414,0.0
50.251,0.105874,160.95,0.848503,0.0
48.7238,0.102372,161.967,0.832159,0.0
47.5987,0.101756,162.668,0.827052,0.0
46.6676,0.103786,160.0,0.820582,0.0
45.725,0.104462,161.317,0.81888,0.0
44.752,0.103186,161.517,0.827392,0.0
43.8016,0.0985864,160.484,0.850205,0.0
42.9079,0.0924898,160.8,0.842033,0.0
41.8038,0.0865194,159.633,0.819901,0.0
40.4446,0.0816604,159.15,0.821263,0.0
39.0527,0.0812425,157.699,0.801855,0.0
37.5045,0.0785658,157.716,0.818539,0.0
35.9094,0.0727839,156.765,0.816156,0.0
34.2977,0.0674769,155.081,0.810368,0.0
32.3919,0.0627381,155.398,0.824668,0.0
30.4673,0.0627349,153.164,0.807644,0.0
29.6037,0.0955407,155.615,0.821604,0.0
30.923,0.153178,158.316,0.828414,0.0
33.7667,0.186777,159.4,0.847822,0.0
37.2087,0.186129,162.401,0.816497,0.0
40.6342,0.160573,159.016,0.814113,0.0
43.1701,0.14102,161.534,0.815475,0.0
44.2365,0.139279,157.999,0.815816,0.0
44.0066,0.140956,158.483,0.81173,0.0
43.5449,0.136544,157.516,0.823647,0.0
43.2752,0.131881,159.333,0.823306,0.0
43.2574,0.128412,159.166,0.816497,0.0
43.5436,0.127185,160.167,0.82603,0.0
43.7725,0.125403,159.833,0.811389,0.0
43.6106,0.117618,161.534,0.825009,0.0
43.084,0.107393,158.316,0.834543,0.0
42.126,0.100292,156.965,0.814794,0.0
40.791,0.0932175,158.333,0.81922,0.0
39.3321,0.08679,159.333,0.832159,0.0
37.9183,0.0803223,157.932,0.823306,0.0
36.4716,0.0697786,155.515,0.824668,0.0
34.8783,0.0569219,156.398,0.827392,0.0
33.1359,0.0510081,154.865,0.81922,0.0
31.3501,0.0490015,154.764,0.809006,0.0
29.7272,0.0472189,154.114,0.796408,0.0
28.4543,0.0495945,153.531,0.81888,0.0
27.8225,0.0588136,154.865,0.812751,0.0
28.0682,0.0647019,155.948,0.819561,0.0
28.3935,0.0634659,154.598,0.837266,0.0
27.6086,0.060805,153.481,0.802196,0.0
26.0534,0.0544223,151.98,0.814794,0.0
24.776,0.0499643,150.463,0.808665,0.0
24.1743,0.0493741,151.713,0.809346,0.0
24.0802,0.0476956,151.83,0.808325,0.0
23.8404,0.0463556,151.113,0.814113,0.0
23.3285,0.0474102,151.98,0.818539,0.0
22.7303,0.0468729,147.895,0.811049,0.0
21.829,0.0476316,147.595,0.797429,0.0
20.8805,0.0484152,148.579,0.816497,0.0
20.4871,0.0462266,147.395,0.81922,0.0
20.425,0.0466882,147.662,0.816156,0.0
20.1683,0.0469208,146.311,0.825009,0.0
19.7798,0.0449755,145.561,0.793343,0.0
19.4262,0.0445252,145.06,0.801174,0.0
19.0675,0.0444703,144.227,0.800153,0.0
18.8175,0.0439466,144.96,0.825009,0.0
18.5738,0.0424155,143.743,0.812751,0.0
18.278,0.039775,142.993,0.813092,0.0
17.9991,0.0381455,142.993,0.800153,0.0
17.7403,0.03702,142.826,0.808665,0.0
17.5731,0.0361143,143.76,0.836585,0.0
17.4534,0.034992,141.376,0.809006,0.0
17.2681,0.0343717,142.159,0.833521,0.0
17.0624,0.0338712,141.042,0.809006,0.0
16.8967,0.0330113,141.226,0.803898,0.0
16.8269,0.0329188,140.675,0.796067,0.0
16.7946,0.0336923,141.125,0.799472,0.0
16.6993,0.0343482,140.392,0.804239,0.0
16.5901,0.0331935,138.324,0.809346,0.0
16.4338,0.0321938,140.108,0.807984,0.0
16.2607,0.0312151,140.008,0.820582,0.0
16.1333,0.0305293,137.841,0.778702,0.0
16.0566,0.0291788,139.358,0.803898,0.0
16.0273,0.0292073,141.175,0.792662,0.0
15.9944,0.0291237,139.558,0.815816,0.0
15.9748,0.0289972,139.308,0.811049,0.0
15.9962,0.0293826,139.458,0.800493,0.0
15.9723,0.0286722,138.741,0.801174,0.0
15.8482,0.0285524,138.774,0.815135,0.0
15.6734,0.0295495,137.624,0.80492,0.0
15.5095,0.0305611,134.923,0.833521,0.0
15.3002,0.0293351,136.29,0.821604,0.0
15.0794,0.0280854,135.44,0.812411,0.0
14.9788,0.0263357,136.04,0.793003,0.0
14.921,0.024854,135.373,0.816837,0.0
14.8292,0.0245989,134.439,0.804239,0.0
14.765,0.0243716,136.057,0.794365,0.0
14.7183,0.02442,135.373,0.817858,0.0
14.6619,0.023747,135.506,0.801855,0.0
14.6134,0.0232575,134.573,0.811049,0.0
14.5531,0.0226456,133.406,0.781085,0.0
14.5077,0.0226598,135.123,0.833181,0.0
14.4871,0.0222287,134.206,0.799131,0.0
14.4482,0.0217931,135.14,0.785171,0.0
14.3949,0.0209155,134.056,0.821263,0.0
14.3025,0.0208445,133.522,0.790619,0.0
14.2153,0.0209157,133.922,0.795046,0.0
14.2184,0.021011,133.772,0.797089,0.0
14.1957,0.0206929,132.122,0.796408,0.0
14.1446,0.0209489,133.039,0.78449,0.0
14.1507,0.0211069,131.888,0.802536,0.0
14.1209,0.0202966,132.338,0.800834,0.0
14.071,0.0204333,133.839,0.809346,0.0
14.0523,0.0206624,133.422,0.831478,0.0
14.0323,0.0206275,133.022,0.805941,0.0
14.0259,0.0202047,132.238,0.791641,0.0
13.9928,0.0198898,131.421,0.793343,0.0
13.9669,0.0202184,132.689,0.806622,0.0
13.9741,0.020081,132.172,0.796408,0.0
13.9257,0.0202142,131.305,0.777681,0.0
13.9063,0.0200567,132.038,0.797089,0.0
13.9509,0.0199393,131.905,0.792322,0.0
13.9294,0.0200044,133.072,0.7913,0.0
13.8995,0.0197139,134.006,0.786533,0.0
13.8844,0.0197585,130.905,0.80492,0.0
13.8363,0.0198372,132.172,0.796408,0.0
13.8133,0.0197733,130.921,0.793343,0.0
13.8156,0.0199889,132.038,0.809006,0.0
13.8198,0.0203252,131.455,0.814794,0.0
13.8,0.0198626,131.121,0.778702,0.0
13.8153,0.0197675,132.088,0.807644,0.0
13.8127,0.0197094,131.271,0.793343,0.0
13.7711,0.0197323,131.888,0.809006,0.0
13.7499,0.0198884,130.721,0.794024,0.0
13.7554,0.0202154,132.038,0.799131,0.0
13.7318,0.0195063,130.221,0.807303,0.0
13.6885,0.0195681,130.754,0.784831,0.0
13.7013,0.0197802,131.722,0.790619,0.0
13.6918,0.0190565,129.271,0.781766,0.0
13.6228,0.0193795,130.938,0.779043,0.0
13.5763,0.0195413,130.788,0.792662,0.0
13.6199,0.0191146,131.688,0.801515,0.0
13.6244,0.0195544,129.754,0.798791,0.0
13.5717,0.0194871,128.82,0.808325,0.0
13.5617,0.0189296,132.255,0.812751,0.0
13.5688,0.0193655,130.304,0.775297,0.0
13.5554,0.0194953,130.404,0.788917,0.0
13.5037,0.0189607,131.338,0.795727,0.0
13.452,0.018783,131.855,0.809006,0.0
13.4559,0.018713,129.371,0.794024,0.0
13.4609,0.0182987,130.204,0.804579,0.0
13.4111,0.018626,130.338,0.788236,0.0
13.4084,0.0186931,130.354,0.805941,0.0
13.4408,0.018465,128.77,0.791981,0.0
13.3989,0.0185399,130.171,0.795727,0.0
13.3512,0.01871,130.271,0.792322,0.0
13.3944,0.0182201,128.787,0.799131,0.0
13.4117,0.0185949,129.304,0.783809,0.0
13.3682,0.0178407,130.788,0.795046,0.0
13.3728,0.0187907,130.121,0.79096,0.0
13.4017,0.0189165,129.721,0.782447,0.0
13.3737,0.018574,129.354,0.803558,0.0
13.3654,0.0184729,130.054,0.796067,0.0
13.3808,0.0189563,130.454,0.812411,0.0
13.3591,0.0188142,130.404,0.780064,0.0
13.3689,0.0183735,129.404,0.79777,0.0
13.3864,0.0190612,130.004,0.809346,0.0
13.3352,0.0187,130.121,0.802536,0.0
13.3391,0.0187516,128.954,0.773595,0.0
13.3703,0.0185336,130.254,0.790279,0.0
13.324,0.0186609,131.355,0.801855,0.0
13.3005,0.0183001,129.537,0.768147,0.0
13.356,0.0183165,130.788,0.794024,0.0
13.3668,0.0190224,129.921,0.803217,0.0
13.336,0.0185069,129.087,0.776319,0.0
13.314,0.018969,128.404,0.820242,0.0
13.3003,0.0181986,129.954,0.806622,0.0
13.3251,0.0182333,129.954,0.782788,0.0
13.3301,0.0185636,127.87,0.79811,0.0
13.305,0.0184834,129.104,0.801174,0.0
13.3299,0.0186729,129.871,0.803217,0.0
13.3537,0.0187425,128.303,0.808325,0.0
13.3479,0.0188883,128.904,0.7913,0.0
13.3303,0.0191873,129.654,0.792662,0.0
13.3273,0.0191026,128.77,0.792662,0.0
13.33,0.0182727,130.654,0.828414,0.0
13.3137,0.0185532,127.803,0.806622,0.0
13.3251,0.0184921,128.47,0.786193,0.0
13.3456,0.0184654,130.171,0.805941,0.0
13.3158,0.0183485,130.971,0.795727,0.0
13.2947,0.0189325,129.471,0.804239,0.0
13.2869,0.0189525,130.121,0.811049,0.0
13.3047,0.018679,129.571,0.776319,0.0
13.3124,0.018566,128.77,0.797429,0.0
13.2812,0.0186435,128.987,0.779383,0.0
13.2732,0.018642,130.271,0.79096,0.0
13.2768,0.0183053,128.687,0.792322,0.0
13.2967,0.0188737,128.987,0.783128,0.0
13.3172,0.0183636,131.255,0.789938,0.0
13.3091,0.0186182,130.588,0.795386,0.0
13.297,0.0182948,128.92,0.806963,0.0
13.303,0.0183066,130.521,0.805601,0.0
13.2791,0.0186968,129.104,0.798791,0.0
13.255,0.0184832,129.787,0.80492,0.0
13.3056,0.0184039,130.471,0.79811,0.0
13.3154,0.0185422,129.271,0.795046,0.0
13.2558,0.0184971,130.104,0.794705,0.0
13.2561,0.0184016,129.921,0.787214,0.0
13.2981,0.0186589,129.737,0.821263,0.0
13.3003,0.0184844,128.854,0.800153,0.0
13.2826,0.018448,131.471,0.793684,0.0
13.2927,0.0185293,129.254,0.789257,0.0
13.2786,0.018433,130.621,0.79096,0.0
13.2411,0.0185865,130.354,0.786193,0.0
13.2405,0.0185492,130.404,0.80526,0.0
13.264,0.0181017,130.638,0.810027,0.0
13.2609,0.0186023,127.286,0.780745,0.0
13.2493,0.0182598,129.487,0.799131,0.0
13.2397,0.0181688,129.504,0.804579,0.0
13.235,0.0179659,129.07,0.80492,0.0
13.2242,0.018246,129.337,0.822285,0.0
13.2199,0.0181866,129.337,0.783469,0.0
13.2287,0.018608,130.088,0.79811,0.0
13.2319,0.0186831,128.754,0.797089,0.0
13.2384,0.0187852,128.22,0.814794,0.0
13.2425,0.0181804,128.62,0.793684,0.0
13.2324,0.0191893,129.12,0.799131,0.0
13.2313,0.0186026,128.937,0.828073,0.0
13.2505,0.0182523,128.203,0.797089,0.0
13.2667,0.0182775,130.371,0.816837,0.0
13.2556,0.018015,128.837,0.795046,0.0
13.2362,0.01821,129.421,0.794365,0.0
13.248,0.0188533,129.887,0.783469,0.0
13.2401,0.0182711,130.621,0.795046,0.0
13.1988,0.0187179,129.204,0.816497,0.0
13.2063,0.0185113,130.171,0.818199,0.0
13.2196,0.0184868,128.737,0.806622,0.0
13.212,0.0184273,128.47,0.803898,0.0
13.2144,0.0183661,128.404,0.791641,0.0
13.2359,0.0184715,128.404,0.806622,0.0
13.2509,0.0185397,129.237,0.800493,0.0
13.2569,0.0180158,130.054,0.792662,0.0
13.2445,0.0184517,127.97,0.798791,0.0
13.2102,0.0180606,128.687,0.816497,0.0
13.2022,0.0186009,130.621,0.823306,0.0
13.2363,0.0186668,129.687,0.800834,0.0
13.2288,0.0182461,129.354,0.779043,0.0
13.1947,0.0180712,127.903,0.804239,0.0
13.1885,0.0182816,130.088,0.796067,0.0
13.1885,0.018722,128.237,0.793003,0.0
13.1888,0.0185709,128.987,0.817518,0.0
13.2151,0.018091,130.938,0.797089,0.0
13.2045,0.0187029,128.253,0.794024,0.0
13.1913,0.0184338,129.17,0.799131,0.0
13.2294,0.018367,130.438,0.807644,0.0
13.2283,0.0182049,129.504,0.796748,0.0
13.2069,0.0180167,130.038,0.784831,0.0
13.211,0.0185354,128.32,0.799131,0.0
13.2262,0.0183998,128.087,0.80526,0.0
13.2193,0.0186393,129.721,0.795046,0.0
13.192,0.0184425,127.97,0.80492,0.0
13.1919,0.0182871,128.32,0.821604,0.0
13.1898,0.0186313,129.154,0.773254,0.0
13.1926,0.0188787,128.87,0.795046,0.0
13.2059,0.0183366,128.87,0.801174,0.0
13.1894,0.0178822,128.32,0.805601,0.0
13.1671,0.0179145,128.854,0.794024,0.0
13.1739,0.0184936,129.804,0.81173,0.0
13.1989,0.0187229,128.954,0.785171,0.0
13.2034,0.0182698,129.371,0.809687,0.0
13.1846,0.0182532,129.821,0.803898,0.0
13.1834,0.0184218,130.121,0.802536,0.0
13.1939,0.0183664,129.971,0.801855,0.0
13.1641,0.0187506,129.537,0.829435,0.0
13.1505,0.0184141,129.02,0.786874,0.0
13.1839,0.0180045,129.837,0.803558,0.0
13.179,0.0181677,128.12,0.807984,0.0
13.1829,0.0182133,129.337,0.79096,0.0
13.2097,0.0182642,129.887,0.793684,0.0
13.1716,0.0184785,127.62,0.796408,0.0
13.1391,0.017889,131.038,0.792662,0.0
13.1754,0.0185358,129.821,0.805941,0.0
13.1939,0.0182424,128.12,0.805601,0.0
13.1689,0.0180395,128.737,0.781426,0.0
13.1596,0.0185851,129.337,0.785512,0.0
13.171,0.0180025,128.754,0.802196,0.0
13.2037,0.0185941,129.204,0.796067,0.0
13.2008,0.0182112,128.57,0.810027,0.0
13.1765,0.018039,129.904,0.802877,0.0
13.1951,0.0182202,129.087,0.797089,0.0
13.1839,0.0185493,127.887,0.803898,0.0
13.1883,0.0181362,128.62,0.807303,0.0
13.2098,0.0183879,128.887,0.80492,0.0
13.1652,0.0186948,129.237,0.777,0.0
13.1645,0.0186045,129.054,0.812411,0.0
13.1693,0.0183456,129.387,0.821263,0.0
13.1512,0.0185924,129.921,0.801515,0.0
13.1661,0.018212,128.02,0.80526,0.0
13.1424,0.0176503,130.071,0.787555,0.0
13.1292,0.0181023,129.387,0.79096,0.0
13.1607,0.0181152,128.987,0.796067,0.0
13.1781,0.0183452,129.254,0.819901,0.0
13.1634,0.0185501,130.354,0.805941,0.0
13.1493,0.0182606,128.487,0.804239,0.0
13.1646,0.0182648,129.404,0.797429,0.0
13.171,0.0186167,130.254,0.787214,0.0
13.1697,0.0183393,129.904,0.808665,0.0
13.1495,0.0184091,130.204,0.803898,0.0
13.1634,0.0180039,128.237,0.793343,0.0
13.1539,0.0179718,128.504,0.77053,0.0
13.1273,0.0183437,129.554,0.80492,0.0
13.1515,0.0180684,128.737,0.797429,0.0
13.1395,0.018247,130.238,0.810368,0.0
13.1495,0.0185446,130.588,0.803558,0.0
13.1775,0.0187042,129.187,0.820242,0.0
13.1518,0.0183646,128.604,0.809346,0.0
13.1313,0.0181646,127.336,0.792662,0.0
13.1437,0.0183801,130.038,0.803558,0.0
13.1508,0.0181178,128.554,0.792662,0.0
13.1483,0.0180364,129.837,0.791641,0.0
13.1541,0.0178031,128.387,0.793684,0.0
13.146,0.0181848,129.371,0.803217,0.0
13.126,0.0183775,127.436,0.795046,0.0
13.1189,0.0182106,131.005,0.793003,0.0
13.1102,0.0181764,129.804,0.795727,0.0
13.1146,0.0181619,129.187,0.807303,0.0
13.1531,0.0180486,128.587,0.809346,0.0
13.1467,0.0180256,128.87,0.791981,0.0
13.1106,0.0179448,129.137,0.794024,0.0
13.1347,0.0180408,128.67,0.810708,0.0
13.1486,0.0184607,129.371,0.778702,0.0
13.1315,0.0182824,129.654,0.800834,0.0
13.1524,0.0177387,129.104,0.791981,0.0
13.1786,0.0179139,130.371,0.80526,0.0
13.1525,0.0182556,128.62,0.805601,0.0
13.1233,0.0180006,129.687,0.796748,0.0
13.1158,0.0177531,129.871,0.803217,0.0
13.1183,0.0181347,127.787,0.802877,0.0
13.1316,0.0185629,129.004,0.803898,0.0
13.1359,0.0179232,129.504,0.792662,0.0
13.123,0.0184544,128.637,0.799131,0.0
13.1374,0.0181516,129.854,0.79811,0.0
13.1815,0.0185072,127.453,0.796067,0.0
13.1645,0.0179567,127.903,0.802196,0.0
13.1118,0.0180547,127.987,0.816837,0.0
13.1522,0.018108,129.437,0.780745,0.0
13.1862,0.017737,129.037,0.803898,0.0
13.1316,0.0180421,129.387,0.808325,0.0
13.0897,0.018252,127.937,0.798791,0.0
13.1197,0.0186912,128.487,0.803558,0.0
13.1279,0.018234,128.387,0.811389,0.0
13.0903,0.0183201,128.687,0.780745,0.0
13.1192,0.0176582,128.487,0.794024,0.0
13.1433,0.017941,129.787,0.802877,0.0
13.1011,0.0178799,128.37,0.802877,0.0
13.0944,0.018289,128.454,0.780745,0.0
13.1213,0.0179884,129.054,0.791981,0.0
13.155,0.0184943,129.887,0.775297,0.0
13.144,0.0178381,129.537,0.819561,0.0
13.0992,0.0177517,129.02,0.798791,0.0
13.1053,0.0179727,129.07,0.793684,0.0
13.1166,0.0183558,130.354,0.786533,0.0
13.1239,0.0179451,129.537,0.799131,0.0
13.1185,0.0183476,128.72,0.797089,0.0
13.1028,0.0184965,128.87,0.813092,0.0
13.1233,0.0184432,127.937,0.795727,0.0
13.1366,0.0180708,128.103,0.794024,0.0
13.1087,0.0178813,129.321,0.79777,0.0
13.1272,0.0180908,130.371,0.807644,0.0
13.1453,0.018214,127.47,0.803217,0.0
13.0943,0.0182605,128.137,0.796408,0.0
13.0981,0.0180467,129.637,0.79811,0.0
13.1461,0.0184764,129.337,0.795386,0.0
13.1381,0.0180065,128.02,0.812411,0.0
13.1204,0.0184315,127.937,0.779383,0.0
13.1136,0.0181755,127.637,0.799472,0.0
13.1135,0.0180779,128.187,0.776319,0.0
13.1293,0.0182712,129.271,0.783128,0.0
13.1401,0.0178851,129.321,0.811389,0.0
13.1205,0.0179567,127.937,0.786533,0.0
13.1073,0.0180024,129.17,0.830116,0.0
13.1228,0.0181579,129.554,0.815135,0.0
13.1126,0.0184024,126.986,0.801855,0.0
13.099,0.0185838,128.287,0.803217,0.0
13.1101,0.0177535,128.37,0.811049,0.0
13.119,0.0182062,128.754,0.771892,0.0
13.1116,0.0183098,128.17,0.789598,0.0
13.098,0.0185631,127.87,0.808665,0.0
13.098,0.0183697,128.854,0.817177,0.0
13.1225,0.018236,128.72,0.807303,0.0
13.1133,0.0185979,129.321,0.789938,0.0
13.0852,0.0180911,130.371,0.799812,0.0
13.0975,0.0185298,127.687,0.788236,0.0
13.0948,0.018216,128.604,0.796408,0.0
13.0912,0.0181572,128.37,0.795386,0.0
13.0886,0.0181127,128.837,0.796408,0.0
13.0888,0.017999,128.22,0.773595,0.0
13.1117,0.0179056,128.203,0.793003,0.0
13.1064,0.0177927,128.687,0.78449,0.0
13.0831,0.0178548,127.47,0.805601,0.0
13.0906,0.0186631,129.354,0.796408,0.0
13.109,0.018335,128.97,0.811049,0.0
13.1021,0.0183634,129.054,0.80492,0.0
13.0996,0.0182996,127.903,0.800153,0.0
13.0932,0.0180115,129.12,0.801515,0.0
13.1027,0.0178863,128.82,0.797429,0.0
13.1116,0.0179732,128.287,0.803558,0.0
13.0991,0.0183839,128.887,0.808325,0.0
13.0888,0.018234,129.054,0.782107,0.0
13.1005,0.0180104,128.454,0.807303,0.0
13.1117,0.0179619,128.637,0.799472,0.0
13.0943,0.0181116,127.903,0.795046,0.0
13.1106,0.0183543,129.421,0.782107,0.0
13.1461,0.0180541,127.87,0.801174,0.0
13.143,0.018089,128.854,0.794705,0.0
13.1215,0.0184039,127.903,0.806622,0.0
13.0951,0.0187188,128.67,0.804579,0.0
13.1031,0.0182104,128.92,0.802536,0.0
13.1362,0.018463,127.987,0.804579,0.0
13.1084,0.018212,129.854,0.811389,0.0
13.0804,0.017895,128.187,0.796408,0.0
13.1076,0.0180326,129.454,0.79811,0.0
13.1142,0.0184563,129.054,0.797429,0.0
13.101,0.0186217,128.42,0.787895,0.0
13.0928,0.0180043,127.787,0.804239,0.0
13.0808,0.0177541,128.787,0.795046,0.0
13.096,0.0179593,128.804,0.794705,0.0
13.1094,0.0184773,129.621,0.799812,0.0
13.1201,0.0185308,128.687,0.778702,0.0
13.1323,0.0182881,129.004,0.823306,0.0
13.1002,0.0186495,129.304,0.802196,0.0
13.0802,0.0184504,128.67,0.792322,0.0
13.105,0.0184087,129.254,0.793343,0.0
13.1193,0.0180682,128.67,0.805941,0.0
13.112,0.0181534,128.937,0.792322,0.0
13.0961,0.0178082,128.887,0.785171,0.0
13.1049,0.0180267,129.387,0.797089,0.0
13.1186,0.0184981,129.471,0.780064,0.0
13.1125,0.0182213,128.604,0.819561,0.0
13.0941,0.0180224,129.471,0.79811,0.0
13.0948,0.0179606,129.12,0.817177,0.0
13.1066,0.0179529,129.187,0.800153,0.0
13.0834,0.0180537,129.604,0.798451,0.0
13.0562,0.018401,127.737,0.805601,0.0
13.0482,0.0180408,129.104,0.796748,0.0
13.0775,0.0183257,129.137,0.778362,0.0
13.0948,0.0184732,128.02,0.787214,0.0
13.0921,0.0187384,130.004,0.795386,0.0
13.0868,0.0181345,129.671,0.793003,0.0
13.0669,0.0179504,128.587,0.773935,0.0
13.0642,0.0178176,129.337,0.802536,0.0
13.1156,0.0179169,129.854,0.794705,0.0
13.1276,0.0179868,128.37,0.814794,0.0
13.0956,0.0183185,128.937,0.796748,0.0
13.1169,0.0176617,128.404,0.801855,0.0
13.1124,0.018145,128.303,0.810708,0.0
13.0884,0.0182703,128.77,0.801515,0.0
13.1246,0.0186563,129.937,0.810027,0.0
13.1517,0.0182095,126.97,0.79811,0.0
13.0799,0.0180534,129.337,0.789257,0.0
13.0447,0.0187612,128.754,0.810368,0.0
13.0903,0.0182727,130.371,0.800493,0.0
13.1217,0.0179586,128.554,0.785171,0.0
13.1157,0.018139,127.82,0.806622,0.0
13.1105,0.018657,128.82,0.803898,0.0
13.0925,0.0182043,127.153,0.803558,0.0
13.0755,0.0181598,129.054,0.780405,0.0
13.0776,0.018882,129.337,0.783809,0.0
13.0698,0.0185641,128.587,0.783128,0.0
13.0754,0.0179245,129.254,0.823647,0.0
13.0869,0.0181796,129.571,0.805941,0.0
13.0897,0.0178416,127.753,0.800153,0.0
13.1023,0.0187229,126.97,0.795046,0.0
13.0974,0.0182034,129.104,0.814454,0.0
13.0723,0.0180382,127.703,0.797089,0.0
13.051,0.0183448,128.47,0.813432,0.0
13.0728,0.018,129.004,0.79811,0.0
13.0868,0.0182713,127.787,0.794024,0.0
13.05,0.0185515,128.187,0.815135,0.0
13.0783,0.0184175,128.837,0.796067,0.0
13.0944,0.0180719,127.77,0.800153,0.0
13.0745,0.0182079,127.753,0.79777,0.0
13.1176,0.0186689,130.104,0.815135,0.0
13.111,0.0176258,128.353,0.802877,0.0
13.0582,0.0180554,128.637,0.799131,0.0
13.0752,0.0182344,128.804,0.798451,0.0
13.0956,0.0179773,128.837,0.80526,0.0
13.0737,0.0178901,128.437,0.797429,0.0
13.0785,0.0177012,128.087,0.804579,0.0
13.085,0.0181875,129.154,0.796408,0.0
13.089,0.0183518,129.371,0.787895,0.0
13.1047,0.018221,128.337,0.781426,0.0
13.0982,0.0183304,129.037,0.801855,0.0
13.0781,0.0183583,128.787,0.820582,0.0
13.076,0.0183792,128.72,0.793343,0.0
13.0894,0.0182408,129.971,0.804239,0.0
13.1007,0.0184343,127.436,0.774957,0.0
13.0954,0.0182412,129.154,0.771892,0.0
13.0833,0.0178464,128.32,0.802877,0.0
13.1151,0.0182354,129.737,0.802536,0.0
13.1306,0.0182187,128.687,0.820242,0.0
13.0979,0.0183213,129.821,0.797429,0.0
13.0885,0.0180333,128.12,0.812411,0.0
13.0827,0.0181406,128.337,0.780745,0.0
13.0804,0.0179254,128.587,0.803217,0.0
13.0829,0.0181953,129.354,0.81173,0.0
13.0757,0.0185175,128.937,0.779043,0.0
13.0946,0.0184314,127.653,0.781426,0.0
13.0862,0.0179784,128.87,0.811049,0.0
13.0761,0.0181006,129.687,0.795386,0.0
13.1026,0.0184612,128.504,0.786533,0.0
13.0927,0.0181928,128.937,0.786193,0.0
13.0666,0.0181186,128.487,0.776659,0.0
13.0805,0.0179821,129.437,0.812751,0.0
13.0755,0.0178368,127.536,0.813773,0.0
13.0801,0.0184089,130.138,0.788917,0.0
13.101,0.0177716,129.17,0.78415,0.0
13.0787,0.0181551,128.704,0.789598,0.0
13.0715,0.0180345,128.837,0.793684,0.0
13.1113,0.0181955,129.921,0.806622,0.0
13.0744,0.0182961,129.604,0.806622,0.0
13.0568,0.017816,128.12,0.811049,0.0
13.0894,0.0179504,128.62,0.794705,0.0
13.0944,0.0181248,128.604,0.793684,0.0
13.0961,0.0181155,130.138,0.786874,0.0
13.0884,0.0179346,128.587,0.785171,0.0
13.0998,0.0180908,129.054,0.783809,0.0
13.1162,0.0184004,128.47,0.809346,0.0
13.0848,0.0177966,129.571,0.785852,0.0
13.0614,0.0182511,129.804,0.785171,0.0
13.0779,0.0179957,128.504,0.796067,0.0
13.1134,0.0181816,128.554,0.803217,0.0
13.1223,0.017993,129.054,0.803217,0.0
13.1079,0.0182019,128.237,0.788236,0.0
13.1043,0.0182203,129.687,0.815135,0.0
13.1014,0.0179163,128.387,0.787214,0.0
13.0812,0.0183485,129.587,0.806963,0.0
13.0714,0.0181025,128.92,0.791981,0.0
13.0917,0.0180354,129.204,0.798451,0.0
13.0971,0.0183007,129.687,0.789257,0.0
13.0873,0.017734,128.904,0.79777,0.0
13.0954,0.0177746,127.903,0.807984,0.0
13.1013,0.017705,128.954,0.790279,0.0
13.0864,0.0177701,127.77,0.7913,0.0
13.0938,0.018173,128.153,0.81922,0.0
13.0911,0.0181764,129.971,0.81888,0.0
13.0825,0.0181727,128.604,0.790619,0.0
13.0893,0.0179533,127.703,0.783809,0.0
13.0942,0.0183031,128.337,0.7913,0.0
13.105,0.0183639,128.237,0.821944,0.0
13.1027,0.0184677,129.821,0.771552,0.0
13.1035,0.0180818,128.77,0.796408,0.0
13.0999,0.0184794,129.12,0.803217,0.0
13.108,0.0183441,127.353,0.781085,0.0
13.1113,0.0184027,128.203,0.772233,0.0
13.1104,0.0179576,129.921,0.795727,0.0
13.1257,0.0178859,128.32,0.803558,0.0
13.0979,0.0176937,128.303,0.792662,0.0
13.0773,0.017897,128.92,0.801855,0.0
13.0947,0.0181169,128.87,0.806282,0.0
13.0878,0.0181857,128.604,0.818199,0.0
13.0852,0.0181539,128.437,0.817858,0.0
13.0754,0.0184826,130.171,0.807984,0.0
13.0692,0.0178591,128.72,0.797089,0.0
13.0889,0.0181867,129.421,0.815475,0.0
13.1029,0.0182514,129.12,0.813092,0.0
13.1021,0.0178685,128.604,0.811389,0.0
13.107,0.0185484,130.204,0.811049,0.0
13.0798,0.0178174,127.503,0.813432,0.0
13.0632,0.0180573,129.337,0.797089,0.0
13.0856,0.0177424,128.804,0.80492,0.0
13.0947,0.0183876,128.437,0.834543,0.0
13.0906,0.0182525,128.07,0.802196,0.0
13.0853,0.0180241,128.704,0.780405,0.0
13.0853,0.0181814,129.254,0.797089,0.0
13.0872,0.018176,128.887,0.795727,0.0
13.1082,0.0182559,128.804,0.79777,0.0
13.1094,0.0181842,129.337,0.799131,0.0
13.0996,0.0180497,130.171,0.778362,0.0
13.0862,0.0177925,127.87,0.798791,0.0
13.0793,0.0179632,129.07,0.818199,0.0
13.0939,0.018257,129.271,0.80526,0.0
13.0885,0.0180352,128.42,0.821263,0.0
13.1047,0.0182887,128.987,0.813092,0.0
13.1195,0.0189955,129.904,0.802196,0.0
13.0965,0.0184452,127.236,0.781426,0.0
13.0882,0.0187268,127.737,0.773595,0.0
13.0979,0.0182633,129.104,0.787555,0.0
13.0775,0.0183392,127.37,0.793003,0.0
13.075,0.0178695,129.287,0.816497,0.0
13.0904,0.0181953,130.188,0.797429,0.0
13.0679,0.0181534,128.97,0.787895,0.0
13.0643,0.0181377,128.837,0.786533,0.0
13.0882,0.0181614,130.171,0.781766,0.0
13.0874,0.0182731,129.237,0.797089,0.0
13.0796,0.0180306,129.421,0.796408,0.0
13.0899,0.0182559,128.003,0.808325,0.0
13.0801,0.0183006,128.487,0.804579,0.0
13.0838,0.018463,129.287,0.800493,0.0
13.107,0.0176822,127.42,0.782788,0.0
13.0928,0.0183431,129.521,0.782788,0.0
13.0956,0.0180309,128.537,0.801174,0.0
13.1168,0.0179746,129.404,0.777681,0.0
13.1091,0.0184958,128.203,0.807303,0.0
13.0967,0.0184408,128.103,0.794705,0.0
13.0885,0.0184506,128.137,0.810027,0.0
13.0835,0.0182182,127.553,0.79811,0.0
13.103,0.0176269,129.571,0.794365,0.0
13.1122,0.0185517,130.704,0.786193,0.0
13.097,0.0183316,127.553,0.777,0.0
13.0963,0.0182465,129.854,0.81207,0.0
13.1142,0.0180685,129.371,0.79777,0.0
13.0984,0.0181436,128.92,0.795386,0.0
13.0547,0.0178014,128.287,0.783809,0.0
13.0643,0.0181017,129.471,0.791641,0.0
13.0992,0.0180438,129.12,0.781085,0.0
13.0804,0.0181846,128.47,0.792662,0.0
13.0786,0.0181301,129.054,0.80526,0.0
13.1202,0.0179935,128.37,0.790279,0.0
13.13,0.0182784,130.121,0.788236,0.0
13.0913,0.0181852,128.987,0.79811,0.0
13.0904,0.0180075,129.804,0.801855,0.0
13.1157,0.0185501,128.087,0.774276,0.0
13.1094,0.0183798,129.737,0.80526,0.0
13.0949,0.0182577,128.387,0.785171,0.0
13.0957,0.0179288,129.17,0.792662,0.0
13.0837,0.0182757,129.521,0.812751,0.0
13.0751,0.0180148,127.987,0.802196,0.0
13.0775,0.0181996,129.104,0.816837,0.0
13.0637,0.0182294,128.17,0.803558,0.0
13.0795,0.0181808,129.421,0.801855,0.0
13.0978,0.0179323,129.17,0.804239,0.0
13.0978,0.0180177,129.687,0.796408,0.0
13.0989,0.0182327,128.487,0.808665,0.0
13.0982,0.0180866,126.886,0.809006,0.0
13.0966,0.018163,129.07,0.817858,0.0
13.0866,0.0180202,129.254,0.818539,0.0
13.0889,0.0184019,129.521,0.809346,0.0
13.0984,0.018372,128.987,0.783469,0.0
13.0628,0.0183759,128.253,0.800834,0.0
13.0532,0.0183713,129.837,0.815816,0.0
13.0853,0.0180832,130.421,0.788236,0.0
13.0942,0.0183546,129.271,0.813432,0.0
13.0894,0.0186787,129.321,0.808325,0.0
13.1265,0.0182837,127.97,0.797089,0.0
13.1392,0.0186986,129.754,0.776659,0.0
13.1002,0.0185301,127.82,0.801855,0.0
13.085,0.017837,128.253,0.791641,0.0
13.1007,0.0186382,128.704,0.791641,0.0
13.1004,0.0181552,128.303,0.782788,0.0
13.0753,0.0182732,129.187,0.809687,0.0
13.0737,0.0182901,128.437,0.794365,0.0
13.0963,0.0180317,130.871,0.796067,0.0
13.0953,0.0184701,130.088,0.813773,0.0
13.0987,0.018449,128.82,0.798451,0.0
13.1114,0.0184861,127.67,0.781426,0.0
13.1084,0.0181184,127.47,0.806282,0.0
13.1038,0.0177188,128.27,0.791981,0.0
13.1104,0.0180965,129.454,0.794705,0.0
13.1003,0.018395,129.271,0.796748,0.0
13.0876,0.0183243,128.97,0.783809,0.0
13.0824,0.0181411,129.237,0.796408,0.0
13.0849,0.0182465,128.37,0.789938,0.0
13.0982,0.0181751,128.504,0.792662,0.0
13.1003,0.0177611,128.854,0.786533,0.0
13.0949,0.017967,129.12,0.804239,0.0
13.1039,0.0180232,128.57,0.805601,0.0
13.0904,0.0180592,129.104,0.81888,0.0
13.065,0.0180444,128.42,0.811389,0.0
13.0772,0.0182057,128.87,0.78449,0.0
13.1192,0.0183378,129.17,0.791981,0.0
13.1043,0.0181484,127.036,0.776319,0.0
13.0884,0.0184715,128.604,0.815475,0.0
13.1121,0.0181301,129.17,0.80492,0.0
13.0836,0.0186202,128.17,0.797089,0.0
13.0554,0.0176365,128.77,0.796408,0.0
13.055,0.0181853,128.387,0.794024,0.0
13.0542,0.018133,128.904,0.811049,0.0
13.0933,0.017864,128.454,0.788576,0.0
13.0971,0.017727,128.987,0.803898,0.0
13.0717,0.0182392,127.553,0.806622,0.0
13.0873,0.0185664,129.437,0.804239,0.0
13.1041,0.0180108,130.038,0.817518,0.0
13.1182,0.01811,128.12,0.813092,0.0
13.1087,0.0182196,128.854,0.807303,0.0
13.0717,0.0180347,128.27,0.798451,0.0
13.0842,0.0182524,128.887,0.793003,0.0
13.0992,0.0185036,128.837,0.807303,0.0
13.1112,0.0181662,130.188,0.808325,0.0
13.138,0.0186372,129.287,0.809006,0.0
13.1076,0.0179463,127.82,0.804579,0.0
13.0757,0.0178877,129.004,0.803898,0.0
13.1071,0.0180305,129.404,0.787555,0.0
13.1047,0.0180564,127.903,0.81207,0.0
13.0916,0.0180306,129.054,0.789938,0.0
13.0827,0.0180198,129.404,0.802877,0.0
13.0739,0.0176901,129.054,0.795727,0.0
13.0977,0.0177807,128.92,0.794365,0.0
13.112,0.0185862,129.687,0.814113,0.0
13.0943,0.0180552,129.087,0.798451,0.0
13.0664,0.0176549,127.253,0.822966,0.0
13.0575,0.0180047,128.337,0.788576,0.0
13.0798,0.0181216,128.97,0.767466,0.0
13.0956,0.0181473,128.454,0.81207,0.0
13.0742,0.0183165,128.52,0.79777,0.0
13.0776,0.0179743,129.737,0.788236,0.0
13.1092,0.0180443,128.27,0.781426,0.0
13.1179,0.0182174,128.587,0.79096,0.0
13.0983,0.0184926,128.17,0.796748,0.0
13.0831,0.0180333,129.271,0.794365,0.0
13.1054,0.0185736,129.971,0.810368,0.0
13.1104,0.0184526,129.254,0.806622,0.0
13.0889,0.0183531,128.103,0.799472,0.0
13.1043,0.0181041,130.288,0.785171,0.0
13.1104,0.0181215,126.936,0.788576,0.0
13.0755,0.0180143,127.536,0.794705,0.0
13.07,0.0185448,129.704,0.796067,0.0
13.1046,0.0180259,128.57,0.789938,0.0
13.0971,0.0184241,128.787,0.802196,0.0
13.083,0.0184943,128.237,0.792322,0.0
13.1117,0.0177047,128.837,0.801174,0.0
13.1038,0.0176067,129.137,0.807984,0.0
13.0801,0.0180817,129.087,0.810368,0.0
13.0942,0.0184663,128.754,0.806622,0.0
13.0902,0.0179572,127.52,0.808665,0.0
13.0724,0.0179463,125.986,0.805941,0.0
13.0847,0.0182158,128.67,0.797429,0.0
13.0859,0.017901,129.621,0.795046,0.0
13.0886,0.017915,128.037,0.791641,0.0
13.1044,0.018618,128.037,0.783469,0.0
13.0844,0.0180324,128.454,0.788576,0.0
13.0817,0.0181375,128.92,0.792662,0.0
13.0867,0.0181784,127.987,0.801855,0.0
13.0569,0.0186666,128.47,0.801515,0.0
13.0676,0.0176062,128.954,0.813092,0.0
13.0901,0.0182349,129.237,0.821263,0.0
13.0664,0.0177297,126.886,0.800493,0.0
13.069,0.0182423,129.371,0.806622,0.0
13.0964,0.0176788,128.203,0.768147,0.0
13.0753,0.0175287,129.571,0.791641,0.0
13.0684,0.0178439,127.22,0.786533,0.0
13.0762,0.0186117,129.371,0.821944,0.0
13.0888,0.0181566,128.787,0.780405,0.0
13.092,0.0181527,128.504,0.80526,0.0
13.06,0.0182704,127.053,0.78415,0.0
13.0547,0.0182597,129.17,0.789938,0.0
13.0711,0.0179784,128.837,0.780405,0.0
13.0848,0.0174386,127.82,0.794365,0.0
13.0874,0.0180082,127.353,0.809346,0.0
13.0768,0.0182461,127.186,0.815135,0.0
13.0761,0.0181749,130.021,0.797089,0.0
13.104,0.018516,128.654,0.796067,0.0
13.0856,0.017993,126.82,0.791981,0.0
13.0652,0.0180244,129.771,0.80526,0.0
13.0913,0.018127,130.171,0.804239,0.0
13.0937,0.0184364,129.937,0.79777,0.0
13.0853,0.0180307,128.487,0.799472,0.0
13.0692,0.0183561,128.704,0.786533,0.0
13.0566,0.0181666,130.171,0.816156,0.0
13.083,0.0181828,128.87,0.785512,0.0
13.1262,0.0183688,130.771,0.801515,0.0
13.1247,0.0180281,128.037,0.802877,0.0
13.1011,0.0187254,128.554,0.786874,0.0
13.1022,0.0183917,128.904,0.787895,0.0
13.0815,0.0176055,128.804,0.801515,0.0
13.0659,0.0177719,129.02,0.783469,0.0
13.0648,0.0179698,128.337,0.79811,0.0
13.0633,0.0181925,128.687,0.796748,0.0
13.0858,0.0180966,129.12,0.809346,0.0
13.1167,0.0182492,129.454,0.807984,0.0
13.0999,0.0178674,129.237,0.800153,0.0
13.086,0.0184978,129.037,0.789598,0.0
13.0923,0.0181191,129.17,0.789257,0.0
13.0692,0.0178024,129.354,0.775638,0.0
13.0523,0.0183892,127.32,0.785171,0.0
13.0523,0.0175573,129.471,0.768487,0.0
13.1137,0.0177301,126.953,0.779043,0.0
13.1408,0.0180511,128.654,0.772233,0.0
13.1069,0.0178824,128.153,0.793003,0.0
13.0794,0.0178922,127.653,0.797089,0.0
13.0762,0.0179856,129.654,0.811049,0.0
13.1305,0.0183827,127.32,0.806963,0.0
13.1273,0.0182331,128.987,0.800153,0.0
13.094,0.0176886,129.037,0.794024,0.0
13.0979,0.0180953,128.037,0.795386,0.0
13.0897,0.0184376,129.087,0.786874,0.0
13.0886,0.0183311,128.337,0.79811,0.0
13.0796,0.0183071,128.62,0.80526,0.0
13.076,0.0179617,127.57,0.788576,0.0
13.0709,0.0178769,127.62,0.785171,0.0
13.068,0.018162,129.787,0.81173,0.0
13.0754,0.018084,128.62,0.783128,0.0
13.0983,0.0181945,128.554,0.801174,0.0
13.1362,0.018042,127.987,0.803558,0.0
13.1119,0.0183959,129.304,0.813773,0.0
13.0828,0.0181331,129.571,0.805941,0.0
13.0869,0.0186534,128.77,0.81922,0.0
13.0666,0.0182708,129.604,0.812751,0.0
13.071,0.0186006,128.737,0.803217,0.0
13.1223,0.0188324,127.987,0.802536,0.0
13.1224,0.0182026,128.103,0.79096,0.0
13.0866,0.0181008,128.17,0.803898,0.0
13.0823,0.0184316,128.67,0.803898,0.0
13.1072,0.0184947,129.637,0.800153,0.0
13.1219,0.0182177,128.737,0.796748,0.0
13.1254,0.0186067,127.703,0.814454,0.0
13.1066,0.0179248,128.287,0.79777,0.0
13.0905,0.0185675,129.321,0.791641,0.0
13.0956,0.0183926,128.537,0.779724,0.0
13.0934,0.018383,129.587,0.803558,0.0
13.0929,0.0184258,128.253,0.797429,0.0
13.1109,0.018279,127.586,0.785171,0.0
13.1143,0.0181028,127.503,0.793343,0.0
13.0976,0.0181349,130.071,0.81207,0.0
13.0744,0.0179045,128.537,0.800153,0.0
13.0658,0.018367,128.42,0.787555,0.0
13.0922,0.0183895,128.737,0.7913,0.0
13.0868,0.0182411,127.453,0.801174,0.0
13.0543,0.0184194,127.286,0.801515,0.0
13.0606,0.0174336,129.671,0.798451,0.0
13.0885,0.0179143,126.736,0.781426,0.0
13.0985,0.0181564,128.804,0.821604,0.0
13.0731,0.0178284,127.87,0.803217,0.0
13.0817,0.0183174,128.97,0.79777,0.0
13.0877,0.0179791,127.253,0.807303,0.0
13.0627,0.0182752,128.837,0.782107,0.0
13.1154,0.0185445,128.67,0.783128,0.0
13.1213,0.0179478,128.437,0.796408,0.0
13.0771,0.0184118,128.42,0.775978,0.0
13.0845,0.0180756,128.003,0.792662,0.0
13.0867,0.0182211,129.404,0.800493,0.0
13.0918,0.0182942,127.336,0.806282,0.0
13.0944,0.0180223,128.954,0.795727,0.0
13.0734,0.018,128.32,0.776319,0.0
13.0573,0.0178843,128.053,0.800493,0.0
13.0792,0.0178894,128.654,0.797429,0.0
13.0773,0.0180355,129.404,0.809687,0.0
13.0564,0.0185717,127.82,0.803898,0.0
13.0836,0.0182473,128.604,0.787214,0.0
13.1086,0.018196,129.887,0.788236,0.0
13.0792,0.0181597,128.454,0.787214,0.0
13.0819,0.0178841,128.72,0.80492,0.0
13.0928,0.0181964,129.037,0.817177,0.0
13.0757,0.0182902,128.687,0.806963,0.0
13.0827,0.0185116,128.17,0.802536,0.0
13.101,0.0182766,128.137,0.795386,0.0
13.0756,0.017454,128.47,0.802536,0.0
13.0834,0.0182407,128.62,0.794705,0.0
13.1232,0.0180672,129.087,0.805941,0.0
13.1187,0.0177704,130.104,0.776319,0.0
13.0889,0.0182377,128.137,0.805941,0.0
13.0721,0.0180758,128.437,0.811389,0.0
13.054,0.018209,128.47,0.824668,0.0
13.0555,0.0180958,128.27,0.782788,0.0
13.1097,0.0182013,129.187,0.788917,0.0
13.1334,0.0182183,128.22,0.807644,0.0
13.1084,0.0180936,128.82,0.786874,0.0
13.1014,0.0177051,127.12,0.794024,0.0
13.1178,0.0180651,130.254,0.806963,0.0
13.1202,0.0182675,129.02,0.830457,0.0
13.1026,0.0182319,126.403,0.787895,0.0
13.0999,0.018212,129.304,0.810708,0.0
13.0868,0.0182746,127.403,0.790619,0.0
13.0702,0.0182397,128.754,0.779724,0.0
13.0782,0.0180758,128.087,0.785852,0.0
13.0696,0.0173405,127.887,0.799472,0.0
13.072,0.017991,127.336,0.805941,0.0
13.0954,0.0179411,128.654,0.798791,0.0
13.1191,0.0178402,127.92,0.799472,0.0
13.1147,0.0181121,127.353,0.789257,0.0
13.1068,0.0178956,127.62,0.802196,0.0
13.0972,0.017965,128.253,0.796408,0.0
13.0809,0.018512,128.82,0.780405,0.0
13.0983,0.018251,128.437,0.792662,0.0
13.0998,0.0181738,128.287,0.786193,0.0
13.0647,0.0181723,127.987,0.772573,0.0
13.0732,0.018367,129.604,0.801515,0.0
13.1065,0.0182587,129.554,0.789598,0.0
13.1077,0.0183198,129.604,0.797429,0.0
13.1138,0.0184997,129.321,0.791981,0.0
13.1049,0.0179532,129.437,0.814794,0.0
13.1115,0.0180008,128.62,0.807984,0.0
13.1265,0.0181845,129.921,0.80526,0.0
13.0898,0.0179695,128.604,0.798791,0.0
13.0608,0.0180463,129.17,0.813092,0.0
13.0985,0.0183665,128.904,0.794365,0.0
13.1019,0.0180601,129.387,0.79777,0.0
13.0797,0.0179618,128.62,0.789257,0.0
13.0747,0.0181832,129.004,0.815816,0.0
13.0948,0.0184568,129.204,0.783469,0.0
13.1317,0.0178985,128.287,0.790619,0.0
13.1089,0.0182373,127.186,0.795386,0.0
13.0644,0.0180826,128.253,0.800834,0.0
13.0766,0.0182675,129.371,0.793003,0.0
13.0967,0.0185371,129.437,0.799472,0.0
13.0881,0.0184108,127.903,0.792322,0.0
13.094,0.0180508,128.52,0.7913,0.0
13.0863,0.0180626,128.287,0.799131,0.0
13.0551,0.0185143,129.454,0.789938,0.0
13.0647,0.0181582,128.37,0.795046,0.0
13.07,0.0183274,128.97,0.802877,0.0
13.0657,0.0180162,129.804,0.788917,0.0
13.1139,0.0183322,128.687,0.79096,0.0
13.0984,0.0184384,128.57,0.814454,0.0
13.0547,0.017779,130.071,0.775638,0.0
13.0871,0.017909,128.754,0.802877,0.0
13.0894,0.0180902,130.604,0.80526,0.0
13.0812,0.0183526,129.671,0.785512,0.0
13.1008,0.0180634,128.537,0.785171,0.0
13.0882,0.0177744,128.82,0.799131,0.0
13.0805,0.017724,128.07,0.814454,0.0
13.1124,0.0184677,129.087,0.817177,0.0
13.1328,0.018038,128.47,0.803558,0.0
13.0935,0.0184048,128.787,0.817518,0.0
13.0538,0.018531,128.487,0.817858,0.0
13.0767,0.0180662,128.07,0.789257,0.0
13.0883,0.0183102,128.787,0.803558,0.0
13.0632,0.0187632,128.12,0.781426,0.0
13.0637,0.0180721,126.369,0.809687,0.0
13.0853,0.0183818,127.17,0.787555,0.0
13.0966,0.0180206,128.72,0.801855,0.0
13.069,0.0178728,129.054,0.806963,0.0
13.0536,0.0183967,128.77,0.795046,0.0
13.1012,0.0184581,129.004,0.794705,0.0
13.0905,0.0176214,128.103,0.807644,0.0
13.0636,0.0178463,128.404,0.807644,0.0
13.07,0.0177551,128.92,0.79777,0.0
13.0641,0.01801,129.004,0.794024,0.0
13.0918,0.018083,130.438,0.795386,0.0
13.1059,0.0183344,129.671,0.803898,0.0
13.0803,0.0181441,128.504,0.801855,0.0
13.081,0.0182151,128.203,0.781426,0.0
13.0983,0.0183457,129.17,0.794024,0.0
13.101,0.0185675,128.303,0.792322,0.0
13.0977,0.0177469,127.67,0.798451,0.0
13.1095,0.0181581,130.454,0.802536,0.0
13.1028,0.0181026,128.754,0.798451,0.0
13.0723,0.0186607,128.754,0.792322,0.0
13.0532,0.0183972,127.136,0.816156,0.0
13.0541,0.0183474,129.421,0.809687,0.0
13.0829,0.0178465,129.904,0.808325,0.0
13.0804,0.0176996,128.554,0.778702,0.0
13.0711,0.0179725,129.954,0.812411,0.0
13.1078,0.018294,127.436,0.803217,0.0
13.1051,0.0183357,128.57,0.788576,0.0
13.0699,0.0181997,127.837,0.79096,0.0
13.0879,0.0179568,129.821,0.809687,0.0
13.1006,0.0181249,127.97,0.776659,0.0
13.0735,0.0182316,128.97,0.798791,0.0
13.0629,0.0183281,128.12,0.778362,0.0
13.0931,0.0183716,128.887,0.792662,0.0
13.106,0.0183179,128.37,0.810708,0.0
13.0992,0.0184424,128.654,0.775297,0.0
13.0894,0.0185138,127.603,0.813773,0.0
13.075,0.0181988,130.021,0.816156,0.0
13.0821,0.0184788,127.453,0.806622,0.0
13.0814,0.0179708,129.921,0.806282,0.0
13.0918,0.0178394,129.971,0.81207,0.0
13.1089,0.0181386,128.504,0.787895,0.0
13.1001,0.0180176,128.754,0.791641,0.0
13.1025,0.0177151,128.287,0.817518,0.0
13.1146,0.0178696,127.787,0.801855,0.0
13.1145,0.0184832,129.804,0.798791,0.0
13.0985,0.0183691,128.687,0.813773,0.0
13.0778,0.0184651,129.471,0.817177,0.0
13.0783,0.0181497,129.487,0.789938,0.0
13.0892,0.0180187,127.887,0.785852,0.0
13.0931,0.0181206,129.037,0.783469,0.0
13.0936,0.0180684,128.72,0.799812,0.0
13.06,0.0183521,128.904,0.787895,0.0
13.0612,0.0188809,128.387,0.813092,0.0
13.0873,0.0180236,128.27,0.803558,0.0
13.0839,0.0182365,128.904,0.807984,0.0
13.0792,0.0178421,127.486,0.79096,0.0
13.0812,0.0184258,129.904,0.808665,0.0
13.1084,0.0182091,129.904,0.803558,0.0
13.1152,0.018104,130.638,0.798791,0.0
13.0952,0.0180757,127.553,0.780405,0.0
13.0589,0.0183024,127.353,0.807984,0.0
13.0486,0.0187186,129.12,0.7913,0.0
13.0882,0.0177668,129.054,0.791641,0.0
13.096,0.0174621,129.104,0.791981,0.0
13.0833,0.0180714,127.803,0.809006,0.0
13.0783,0.0184421,128.487,0.7913,0.0
13.0861,0.0178069,128.12,0.79777,0.0
13.099,0.0180477,129.871,0.793343,0.0
13.1037,0.0179656,127.553,0.779383,0.0
13.1011,0.0178615,128.987,0.809346,0.0
13.1174,0.0180232,129.654,0.810368,0.0
13.1105,0.0178139,129.054,0.803898,0.0
13.0776,0.0178096,127.92,0.794365,0.0
13.0977,0.0181868,128.537,0.810027,0.0
13.1146,0.0181796,128.07,0.810368,0.0
13.0802,0.0180511,127.92,0.777,0.0
13.0771,0.0177668,129.437,0.786533,0.0
13.0999,0.0185766,129.754,0.799131,0.0
13.1035,0.0182184,128.087,0.782107,0.0
13.0971,0.01837,128.253,0.778362,0.0
13.0917,0.0185252,127.803,0.800153,0.0
13.105,0.018241,129.604,0.797089,0.0
13.105,0.0181188,129.337,0.799472,0.0
13.0864,0.0183162,128.587,0.788236,0.0
13.0848,0.0178938,129.354,0.805941,0.0
13.0951,0.0181286,129.237,0.799812,0.0
13.0943,0.018013,128.353,0.800493,0.0
13.0873,0.0181644,129.454,0.796748,0.0
13.0812,0.0179272,128.704,0.803898,0.0
13.0809,0.017766,129.604,0.81173,0.0
13.1023,0.0178902,129.537,0.816497,0.0
13.0877,0.0184873,128.237,0.778362,0.0
13.0743,0.0182832,126.569,0.788917,0.0
13.094,0.0181899,128.787,0.787555,0.0
13.0763,0.0179924,128.787,0.801174,0.0
13.0672,0.0178837,130.221,0.800834,0.0
13.0662,0.0186769,126.836,0.791641,0.0
13.0475,0.0180556,127.653,0.805601,0.0
13.066,0.0177549,129.554,0.79096,0.0
13.0827,0.0180357,128.253,0.794705,0.0
13.0648,0.0181919,127.92,0.81207,0.0
13.0776,0.0181723,128.37,0.786533,0.0
13.1106,0.0181783,129.637,0.788576,0.0
13.0914,0.0185986,128.804,0.785171,0.0
13.0778,0.0179545,128.67,0.803217,0.0
13.1049,0.0179798,128.053,0.79811,0.0
13.0859,0.0180613,127.803,0.793343,0.0
13.086,0.0180442,128.52,0.80492,0.0
13.0931,0.0183926,128.27,0.785512,0.0
13.0654,0.0181146,128.504,0.787895,0.0
13.0965,0.0179801,129.687,0.800493,0.0
13.0988,0.0178904,128.487,0.7913,0.0
13.0554,0.0179413,127.603,0.805941,0.0
13.0644,0.0180662,128.187,0.809687,0.0
13.104,0.0179333,129.037,0.789598,0.0
13.1132,0.0180007,129.954,0.786874,0.0
13.0962,0.0186282,129.07,0.7913,0.0
13.1039,0.0177085,128.003,0.781426,0.0
13.0946,0.0181435,128.587,0.78415,0.0
13.0663,0.0180286,130.204,0.793684,0.0
13.0791,0.0181837,127.153,0.801515,0.0
13.1115,0.0180974,130.221,0.791641,0.0
13.0919,0.0179777,128.67,0.794705,0.0
13.0491,0.0181662,128.303,0.778702,0.0
13.0587,0.0177695,128.47,0.800834,0.0
13.1004,0.0174617,129.087,0.7913,0.0
13.1023,0.0181583,130.538,0.796748,0.0
13.0759,0.0181902,128.537,0.786533,0.0
13.0633,0.0184228,128.42,0.800834,0.0
13.0678,0.0183188,128.704,0.794705,0.0
13.0894,0.0175943,130.004,0.789598,0.0
13.1107,0.0181054,129.137,0.794705,0.0
13.1056,0.0183433,128.387,0.799131,0.0
13.0984,0.0183518,129.254,0.803558,0.0
13.0762,0.0184703,128.937,0.789257,0.0
13.068,0.01831,128.654,0.795386,0.0
13.0899,0.0179304,130.354,0.822966,0.0
13.1226,0.0180864,128.037,0.789598,0.0
13.1003,0.0179947,128.27,0.793343,0.0
13.0786,0.0181101,130.521,0.789257,0.0
13.0784,0.0180423,127.87,0.7913,0.0
13.0624,0.018025,127.753,0.799812,0.0
13.0772,0.0182966,129.854,0.810368,0.0
13.0868,0.0180927,128.153,0.79096,0.0
13.0867,0.0179667,129.521,0.788236,0.0
13.0997,0.0181151,127.503,0.800493,0.0
13.0925,0.0179208,129.487,0.776659,0.0
13.0686,0.0178228,129.187,0.775978,0.0
13.0633,0.0183786,129.17,0.791641,0.0
13.0888,0.0178914,128.22,0.771892,0.0
13.0888,0.0180701,127.92,0.801174,0.0
13.0697,0.0181921,127.536,0.788236,0.0
13.0817,0.0187386,130.188,0.808325,0.0
13.1044,0.0183472,128.37,0.789257,0.0
13.1017,0.0185067,128.904,0.807644,0.0
13.0942,0.0182718,128.887,0.797429,0.0
13.0952,0.0186414,128.42,0.80526,0.0
13.082,0.0183591,128.87,0.795727,0.0
13.0924,0.0188867,128.87,0.789938,0.0
13.1024,0.0184815,128.153,0.79811,0.0
13.1004,0.0184554,128.07,0.801515,0.0
13.1156,0.0182592,128.654,0.786193,0.0
13.0886,0.0184593,129.237,0.800493,0.0
13.0649,0.0181964,128.404,0.776319,0.0
13.1004,0.0185156,128.253,0.794024,0.0
13.0957,0.0184318,128.22,0.782107,0.0
13.058,0.0179367,129.671,0.807644,0.0
13.0726,0.0179789,127.086,0.785512,0.0
13.1032,0.0182633,128.504,0.807303,0.0
13.1047,0.0182864,129.204,0.809346,0.0
13.1023,0.0179276,128.704,0.798451,0.0
13.1014,0.0183944,128.037,0.785512,0.0
13.1224,0.0186741,127.536,0.795046,0.0
13.1198,0.0179385,129.404,0.783809,0.0
13.0753,0.0183167,127.937,0.785171,0.0
13.066,0.0179715,128.72,0.810708,0.0
13.084,0.0177757,127.453,0.785852,0.0
13.0922,0.018404,129.104,0.774616,0.0
13.1084,0.0181883,128.77,0.811389,0.0
13.0851,0.0181214,127.82,0.797429,0.0
13.0614,0.018242,128.053,0.819901,0.0
13.0951,0.0179461,129.07,0.786874,0.0
13.1084,0.0181117,129.054,0.806963,0.0
13.114,0.0182627,128.487,0.801515,0.0
13.1161,0.0180542,127.853,0.779383,0.0
13.0928,0.0182003,128.32,0.789598,0.0
13.0633,0.0181923,128.237,0.788917,0.0
13.0736,0.0181174,129.554,0.804239,0.0
13.1062,0.0179263,127.92,0.805941,0.0
13.0996,0.0183618,127.286,0.793003,0.0
13.0979,0.018184,128.253,0.797089,0.0
13.1009,0.0183276,129.421,0.811049,0.0
13.1058,0.0186138,130.038,0.805601,0.0
13.1122,0.0184989,129.371,0.804579,0.0
13.0789,0.0181065,128.537,0.7913,0.0
13.0794,0.0180786,129.054,0.806282,0.0
13.0999,0.0177852,129.721,0.797429,0.0
13.1021,0.0182957,129.17,0.827392,0.0
13.1219,0.0183905,128.62,0.804239,0.0
13.1188,0.0184893,129.254,0.81207,0.0
13.0801,0.0186968,128.887,0.7913,0.0
13.0842,0.0181249,129.521,0.79096,0.0
13.111,0.0182088,128.27,0.7913,0.0
13.0968,0.0178563,129.087,0.777681,0.0
13.0974,0.0181859,129.221,0.805601,0.0
13.0905,0.0179489,128.07,0.812411,0.0
13.0544,0.0181477,129.371,0.801855,0.0
13.0543,0.0182177,129.487,0.806622,0.0
13.0742,0.0178895,130.604,0.80492,0.0
13.0856,0.0183131,128.353,0.793684,0.0
13.0792,0.0180595,129.437,0.806622,0.0
13.05,0.018121,129.387,0.806963,0.0
13.0706,0.0185642,128.504,0.771211,0.0
13.129,0.0186799,128.654,0.794365,0.0
13.1236,0.0181097,129.671,0.800834,0.0
13.1052,0.0179391,128.554,0.782447,0.0
13.1052,0.0176724,130.471,0.789257,0.0
13.0867,0.0182014,128.303,0.804579,0.0
13.0828,0.0177135,128.954,0.808665,0.0
13.1048,0.0184914,129.487,0.796748,0.0
13.0899,0.0181142,128.02,0.801515,0.0
13.0763,0.0180888,127.47,0.796067,0.0
13.0845,0.0175775,130.404,0.800493,0.0
13.0847,0.017938,128.237,0.815135,0.0
13.0916,0.0181039,128.687,0.799472,0.0
13.1,0.0180162,128.987,0.822285,0.0
13.0892,0.018036,128.87,0.797089,0.0
13.0923,0.018059,127.253,0.798791,0.0
13.087,0.0179399,128.337,0.79777,0.0
13.0733,0.0179057,129.337,0.786193,0.0
13.0842,0.0182837,128.837,0.806282,0.0
13.0783,0.0181682,129.287,0.81888,0.0
13.0726,0.0180173,128.604,0.810027,0.0
13.0867,0.0182022,128.787,0.785512,0.0
13.0921,0.0182346,130.721,0.79096,0.0
13.1011,0.0180817,128.454,0.806963,0.0
13.1188,0.0184535,130.371,0.795727,0.0
13.1171,0.0180975,127.086,0.797089,0.0
13.0885,0.0179923,129.354,0.786533,0.0
13.0825,0.0182698,129.037,0.790279,0.0
13.0871,0.0178357,129.237,0.795046,0.0
13.1039,0.0176883,127.57,0.793343,0.0
13.1081,0.0179267,128.704,0.785512,0.0
13.0918,0.0184792,128.02,0.803558,0.0
13.0907,0.0181301,129.821,0.815475,0.0
13.0523,0.0179037,129.321,0.788917,0.0
13.0316,0.018226,128.12,0.786874,0.0
13.0719,0.0181951,127.52,0.789598,0.0
13.0977,0.0184932,129.354,0.81888,0.0
13.098,0.0182705,127.503,0.793003,0.0
13.0803,0.0183207,128.937,0.814454,0.0
13.0579,0.0177287,127.903,0.793684,0.0
13.0858,0.0182438,128.887,0.805941,0.0
13.1,0.0188953,128.554,0.789938,0.0
13.0836,0.0181799,129.454,0.807644,0.0
13.0845,0.0182672,129.287,0.793343,0.0
13.0871,0.0179132,130.688,0.799812,0.0
13.1018,0.0182319,129.554,0.801515,0.0
13.1205,0.0178314,128.37,0.789938,0.0
13.0885,0.0182044,129.787,0.795386,0.0
13.0827,0.0179931,129.571,0.805941,0.0
13.119,0.0183911,128.854,0.798791,0.0
13.1024,0.0184243,129.104,0.806282,0.0
13.0814,0.0181873,129.537,0.810027,0.0
13.0964,0.0182495,128.487,0.791981,0.0
13.0974,0.0178392,129.487,0.799131,0.0
13.1021,0.0179135,128.654,0.792662,0.0
13.115,0.0184945,128.253,0.790619,0.0
13.0987,0.0183569,130.221,0.81207,0.0
13.0995,0.0177766,128.57,0.802196,0.0
13.1077,0.0183967,128.12,0.795046,0.0
13.0927,0.0181615,129.637,0.787555,0.0
13.0826,0.0183948,128.804,0.807303,0.0
13.0753,0.0178978,126.686,0.780064,0.0
13.0792,0.017816,128.92,0.803898,0.0
13.0861,0.0184974,127.603,0.785512,0.0
13.0835,0.0180238,127.62,0.788236,0.0
13.0952,0.0184727,128.67,0.810368,0.0
13.1023,0.0176627,128.587,0.787555,0.0
13.1062,0.0183922,129.304,0.796748,0.0
13.1014,0.0183336,128.97,0.800834,0.0
13.0878,0.0178259,129.754,0.810708,0.0
13.0929,0.0178787,127.77,0.783809,0.0
13.1039,0.0185179,129.104,0.828073,0.0
13.0969,0.018535,128.37,0.795046,0.0
13.0968,0.0181334,127.77,0.807303,0.0
13.0939,0.018249,129.337,0.798791,0.0
13.0892,0.0182705,128.153,0.792662,0.0
13.0921,0.0181549,128.92,0.811389,0.0
13.0879,0.0186028,128.387,0.802196,0.0
13.0748,0.0181784,129.154,0.7913,0.0
13.0704,0.0179556,128.57,0.793684,0.0
13.0766,0.0177955,127.853,0.820923,0.0
13.0748,0.018118,127.737,0.80526,0.0
13.0711,0.0183727,129.137,0.801515,0.0
13.0842,0.0181212,128.52,0.788576,0.0
13.122,0.0179039,129.154,0.813092,0.0
13.1115,0.0184648,128.82,0.789938,0.0
13.0767,0.0179496,129.721,0.80526,0.0
13.1022,0.0178915,127.753,0.786874,0.0
13.1309,0.017867,128.937,0.798451,0.0
13.1315,0.0181681,128.92,0.7913,0.0
13.1079,0.0182113,129.471,0.790279,0.0
13.0675,0.0183534,128.954,0.808325,0.0
13.0915,0.0182392,127.52,0.79777,0.0
13.1174,0.0183005,128.87,0.804239,0.0
13.0932,0.0179208,128.887,0.797089,0.0
13.0798,0.0179715,127.82,0.788236,0.0
13.0714,0.0180328,129.571,0.81922,0.0
13.0857,0.0181681,129.137,0.810708,0.0
13.1044,0.0183449,128.353,0.817858,0.0
13.0808,0.0177629,128.804,0.78415,0.0
13.0621,0.0181658,128.554,0.766444,0.0
13.0698,0.018175,127.82,0.807303,0.0
13.0864,0.017775,128.82,0.824328,0.0
13.0797,0.0179526,127.553,0.794024,0.0
13.0646,0.0181407,129.254,0.784831,0.0
13.0838,0.0181259,128.32,0.811049,0.0
13.1002,0.0183513,129.187,0.782107,0.0
13.0852,0.0183997,127.52,0.800153,0.0
13.0848,0.0180236,129.554,0.781766,0.0
13.0867,0.0187781,127.853,0.811389,0.0
13.0709,0.0184636,128.77,0.811389,0.0
13.0637,0.0183702,128.937,0.807984,0.0
13.0958,0.0181443,130.521,0.789257,0.0
13.1144,0.0182276,128.07,0.810027,0.0
13.0788,0.0181288,129.02,0.803898,0.0
13.0702,0.0179606,128.97,0.794705,0.0
13.0874,0.0178209,129.154,0.782107,0.0
13.1033,0.0185134,129.304,0.800834,0.0
13.0998,0.0180744,129.604,0.80492,0.0
13.0908,0.0181649,129.054,0.821944,0.0
13.0936,0.018249,129.137,0.795386,0.0
13.0832,0.0183219,128.137,0.795727,0.0
13.088,0.0183461,128.854,0.798451,0.0
13.0783,0.0178789,128.754,0.814113,0.0
13.0753,0.0176626,128.42,0.795386,0.0
13.1043,0.0182623,127.653,0.788236,0.0
13.0666,0.0181458,127.353,0.789938,0.0
13.0562,0.0177813,129.037,0.803898,0.0
13.0816,0.0177677,129.537,0.813773,0.0
13.0593,0.0183177,126.97,0.7913,0.0
13.0733,0.0179563,128.704,0.795046,0.0
13.0674,0.0181338,128.17,0.796748,0.0
13.0577,0.0185277,129.02,0.795727,0.0
13.0971,0.0189582,128.687,0.813432,0.0
13.1019,0.0181931,128.77,0.800493,0.0
13.0664,0.0178642,127.67,0.79811,0.0
13.0648,0.0184332,129.687,0.798791,0.0
13.101,0.0185682,127.32,0.775297,0.0
13.0895,0.0184767,129.321,0.787214,0.0
13.0567,0.018335,129.154,0.782107,0.0
13.0931,0.0179571,128.954,0.787214,0.0
13.0885,0.0180566,127.57,0.796067,0.0
13.0303,0.0180508,129.521,0.797429,0.0
13.0675,0.0183776,128.02,0.803898,0.0
13.1019,0.0182625,128.17,0.802196,0.0
13.0799,0.018439,129.054,0.808665,0.0
13.0964,0.0183107,129.037,0.795386,0.0
13.1044,0.0186592,127.887,0.806963,0.0
13.094,0.0179517,129.204,0.815475,0.0
13.1152,0.0186502,128.554,0.817177,0.0
13.1084,0.0183246,129.304,0.802196,0.0
13.0987,0.0185513,129.037,0.768828,0.0
13.1052,0.0178856,127.62,0.787895,0.0
13.0821,0.0179394,129.154,0.814454,0.0
13.1007,0.0184097,127.837,0.811389,0.0
13.1013,0.0179635,128.904,0.809687,0.0
13.0546,0.0184607,128.404,0.7913,0.0
13.0664,0.0184664,129.187,0.807644,0.0
13.0822,0.0181312,128.02,0.793343,0.0
13.0775,0.018953,130.104,0.803898,0.0
13.1008,0.018154,128.62,0.806963,0.0
13.1241,0.0182901,128.337,0.799131,0.0
13.0892,0.0180323,128.42,0.817518,0.0
13.0593,0.0189909,128.353,0.772573,0.0
13.0872,0.0189089,127.486,0.779043,0.0
13.0974,0.0187133,128.153,0.793684,0.0
13.0916,0.0180761,129.204,0.786874,0.0
13.0892,0.0178752,128.537,0.785512,0.0
13.0957,0.0182246,129.304,0.806282,0.0
13.0815,0.0174755,127.67,0.810708,0.0
13.0408,0.0183684,127.903,0.802196,0.0
13.0484,0.0182003,129.987,0.795727,0.0
13.0989,0.0180156,128.554,0.804239,0.0
13.1131,0.0183972,130.571,0.802536,0.0
13.1079,0.0185932,131.305,0.807644,0.0
13.0969,0.0181686,127.637,0.801855,0.0
13.0542,0.0178461,128.053,0.800493,0.0
13.0608,0.0183302,127.737,0.802877,0.0
13.0854,0.017816,128.987,0.780745,0.0
13.0854,0.0183891,127.92,0.809687,0.0
13.0762,0.0181766,128.187,0.799812,0.0
13.0786,0.0177757,129.721,0.806282,0.0
13.0989,0.0182725,129.571,0.787555,0.0
13.0912,0.0180838,129.054,0.771211,0.0
13.0825,0.018652,129.604,0.793343,0.0
13.1046,0.0182656,130.321,0.789938,0.0
13.0935,0.0186168,128.404,0.789257,0.0
13.0936,0.0182471,128.454,0.779043,0.0
13.0947,0.0180816,129.137,0.806282,0.0
13.0634,0.0181929,127.47,0.79096,0.0
13.0503,0.0181618,128.62,0.806963,0.0
13.0785,0.0178738,129.204,0.817858,0.0
13.0726,0.0181325,128.287,0.807303,0.0
13.062,0.0183207,126.736,0.808325,0.0
13.0812,0.0179928,128.203,0.786193,0.0
13.099,0.0180921,127.72,0.784831,0.0
13.0984,0.0182435,128.604,0.807644,0.0
13.077,0.0181928,127.887,0.777681,0.0
13.0733,0.017971,128.237,0.815475,0.0
13.1074,0.0183989,129.454,0.783128,0.0
13.1207,0.0181146,128.687,0.787214,0.0
13.107,0.0179786,128.637,0.799812,0.0
13.1063,0.0179929,129.02,0.800834,0.0
13.091,0.0188114,129.337,0.802196,0.0
13.0942,0.0178895,129.254,0.807644,0.0
13.093,0.0175107,127.77,0.800493,0.0
13.0679,0.0182579,128.737,0.786193,0.0
13.0836,0.0180667,129.771,0.778702,0.0
13.1074,0.0183465,128.237,0.797089,0.0
13.0872,0.0178272,128.32,0.797429,0.0
13.0849,0.0181994,128.62,0.772573,0.0
13.1244,0.0183821,128.387,0.805601,0.0
13.1004,0.017534,127.42,0.809346,0.0
13.0698,0.0181268,128.82,0.789938,0.0
13.0981,0.0181255,127.637,0.778702,0.0
13.1083,0.0184291,129.02,0.806282,0.0
13.0821,0.0182124,128.303,0.807984,0.0
13.0657,0.0184188,128.987,0.813432,0.0
13.0693,0.0176338,128.77,0.801515,0.0
13.0828,0.0181176,128.504,0.806963,0.0
13.0582,0.0176386,128.704,0.777681,0.0
13.0421,0.0182911,128.904,0.790619,0.0
13.0587,0.0179222,128.487,0.785512,0.0
13.0797,0.0175321,128.153,0.808665,0.0
13.0927,0.0177892,128.387,0.801855,0.0
13.1038,0.0181758,128.37,0.790619,0.0
13.1085,0.0182278,128.97,0.796067,0.0
13.0966,0.0183928,129.787,0.783809,0.0
13.0839,0.0183521,129.521,0.803217,0.0
13.0873,0.0183757,128.904,0.791981,0.0
13.0902,0.0182027,129.004,0.819561,0.0
13.0808,0.0180421,129.337,0.788236,0.0
13.076,0.0183083,129.12,0.796408,0.0
13.0828,0.0182203,128.537,0.800493,0.0
13.0581,0.0184172,128.103,0.802877,0.0
13.0445,0.0184256,130.488,0.767466,0.0
13.118,0.0182574,129.837,0.78449,0.0
13.1462,0.01778,129.404,0.818539,0.0
13.0735,0.0184497,127.403,0.809006,0.0
13.0465,0.0177972,129.821,0.777681,0.0
13.0736,0.0179247,129.187,0.789257,0.0
13.0753,0.0185993,126.97,0.802536,0.0
13.0555,0.017973,128.07,0.79777,0.0
13.0569,0.018037,129.337,0.785512,0.0
13.0646,0.018456,128.704,0.789598,0.0
13.0646,0.0178898,130.238,0.807644,0.0
13.0802,0.0184662,126.87,0.788917,0.0
13.0716,0.0182512,128.804,0.807303,0.0
13.0694,0.0180486,127.286,0.792662,0.0
13.0892,0.0181913,128.87,0.802196,0.0
13.0582,0.0184541,127.637,0.783469,0.0
13.0767,0.0181129,128.72,0.811389,0.0
13.1154,0.0185984,129.02,0.809687,0.0
13.0675,0.0179784,129.354,0.809006,0.0
13.0503,0.0182896,129.521,0.797089,0.0
13.0932,0.0178083,128.52,0.818199,0.0
13.1072,0.0180545,128.554,0.801855,0.0
13.0818,0.0179709,129.504,0.78415,0.0
13.0776,0.0180256,127.987,0.793343,0.0
13.0819,0.018279,129.004,0.810368,0.0
13.0883,0.0182127,128.837,0.809006,0.0
13.0917,0.018153,128.303,0.796408,0.0
13.0727,0.0181152,129.637,0.792662,0.0
13.0772,0.0181243,129.254,0.786874,0.0
13.121,0.0183134,129.12,0.788576,0.0
13.1076,0.018588,128.153,0.785852,0.0
13.0661,0.0179412,129.154,0.820582,0.0
13.0679,0.0182303,128.087,0.807984,0.0
13.0718,0.018036,127.87,0.79777,0.0
13.0564,0.0182062,127.253,0.788576,0.0
13.0754,0.0181014,129.17,0.81173,0.0
13.1133,0.0179539,128.537,0.775297,0.0
13.1052,0.0180791,130.354,0.802877,0.0
13.0749,0.0181787,128.62,0.78449,0.0
13.0727,0.0183837,129.204,0.808325,0.0
13.0812,0.0183898,129.737,0.793003,0.0
13.1088,0.0182158,128.137,0.790279,0.0
13.1046,0.0179817,128.337,0.796748,0.0
13.0674,0.0183409,129.354,0.792322,0.0
13.0739,0.0182388,129.937,0.816497,0.0
13.0957,0.0181607,130.071,0.801855,0.0
13.0918,0.0179003,129.321,0.808325,0.0
13.1074,0.0188721,128.153,0.817858,0.0
13.1135,0.0180512,129.804,0.795046,0.0
13.0946,0.0178009,130.955,0.795727,0.0
13.0845,0.0182559,129.704,0.80492,0.0
13.0757,0.01831,128.27,0.802196,0.0
13.0749,0.0181573,129.771,0.801174,0.0
13.0688,0.0180814,127.987,0.804579,0.0
13.0486,0.0180031,129.421,0.77053,0.0
13.0746,0.0182871,127.403,0.772914,0.0
13.111,0.0182583,128.887,0.790619,0.0
13.0964,0.01798,128.22,0.780064,0.0
13.0856,0.0179729,129.904,0.777,0.0
13.1126,0.0182955,128.353,0.81888,0.0
13.1169,0.0181734,127.27,0.806282,0.0
13.1038,0.0189433,128.554,0.803898,0.0
13.1016,0.0187021,129.987,0.810368,0.0
13.0856,0.0179546,129.804,0.798451,0.0
13.1014,0.0184986,128.037,0.797089,0.0
13.0988,0.0184738,128.187,0.788576,0.0
13.0621,0.0181166,128.554,0.800153,0.0
13.0587,0.0181032,128.987,0.790619,0.0
13.0914,0.018156,128.77,0.79777,0.0
13.0971,0.0180717,128.67,0.787555,0.0
13.101,0.018185,128.587,0.808665,0.0
13.115,0.0181743,127.753,0.790279,0.0
13.0746,0.0186243,127.72,0.808665,0.0
13.0552,0.0182781,129.471,0.793003,0.0
13.0895,0.0184387,129.821,0.817177,0.0
13.0834,0.0181002,129.421,0.783128,0.0
13.0602,0.0181703,129.287,0.7913,0.0
13.0872,0.0187518,128.587,0.825349,0.0
13.1184,0.0181198,128.804,0.816497,0.0
13.1183,0.0179198,129.554,0.814113,0.0
13.1032,0.0176906,129.254,0.804239,0.0
13.1065,0.0177165,128.637,0.79096,0.0
13.096,0.0182396,128.954,0.785171,0.0
13.0698,0.0184117,128.67,0.806963,0.0
13.0829,0.0181319,128.837,0.817177,0.0
13.0881,0.0184495,128.987,0.787214,0.0
13.0832,0.0181846,129.571,0.793684,0.0
13.1046,0.0179073,128.303,0.790619,0.0
13.0968,0.0179315,127.536,0.807984,0.0
13.0771,0.0178035,129.371,0.793003,0.0
13.0969,0.0183695,129.321,0.790279,0.0
13.1039,0.0181324,129.571,0.782447,0.0
13.1103,0.0182571,129.504,0.795046,0.0
13.1123,0.0177512,129.287,0.806963,0.0
13.0712,0.0182966,128.087,0.789598,0.0
13.0731,0.0184624,128.504,0.798451,0.0
13.0999,0.017703,129.287,0.785171,0.0
13.082,0.0177348,127.887,0.778362,0.0
13.0829,0.0181444,126.686,0.788236,0.0
13.071,0.0180576,128.837,0.803558,0.0
13.061,0.0178067,127.753,0.804579,0.0
13.0903,0.0185632,129.837,0.769168,0.0
13.0986,0.0183211,127.887,0.796748,0.0
13.0957,0.0178562,126.753,0.802536,0.0
13.0988,0.0181491,129.204,0.806963,0.0
13.0966,0.0183089,128.37,0.820582,0.0
13.0875,0.0184979,128.02,0.793684,0.0
13.0947,0.0181984,129.204,0.796067,0.0
13.1136,0.0182866,128.22,0.793684,0.0
13.0989,0.0182355,129.754,0.794365,0.0
13.09,0.0182415,127.47,0.806622,0.0
13.0925,0.0183924,128.954,0.800153,0.0
13.0776,0.0181165,129.587,0.799472,0.0
13.0639,0.018228,128.437,0.779043,0.0
13.0765,0.0184611,129.287,0.805941,0.0
13.0902,0.018034,128.27,0.780064,0.0
13.0824,0.0184108,128.987,0.78449,0.0
13.0862,0.0181983,130.371,0.785512,0.0
13.0914,0.0178786,127.353,0.781426,0.0
13.0855,0.0176286,128.97,0.815816,0.0
13.0765,0.0184087,128.804,0.781085,0.0
13.0631,0.0184222,129.337,0.813432,0.0
13.0937,0.0179886,130.221,0.827392,0.0
13.1116,0.0182526,127.67,0.768828,0.0
13.0905,0.0186983,128.554,0.79811,0.0
13.0837,0.0182839,127.803,0.7913,0.0
13.0668,0.0184276,128.387,0.807984,0.0
13.0567,0.0179013,128.237,0.779383,0.0
13.0731,0.0180245,127.92,0.809006,0.0
13.0919,0.0181488,127.586,0.795727,0.0
13.0756,0.0179272,129.604,0.799812,0.0
13.0746,0.0181551,127.987,0.81207,0.0
13.0755,0.0183123,127.77,0.792662,0.0
13.0776,0.0184191,129.204,0.791981,0.0
13.1077,0.0183122,128.003,0.787895,0.0
13.0902,0.0178383,128.187,0.802877,0.0
13.0553,0.0182257,128.62,0.793003,0.0
13.0669,0.018512,128.203,0.807984,0.0
13.0595,0.0180087,128.687,0.812411,0.0
13.0495,0.0179071,129.02,0.814454,0.0
13.0798,0.0180726,128.92,0.786533,0.0
13.0777,0.0179831,127.603,0.779383,0.0
13.1003,0.0182083,128.037,0.800834,0.0
13.1137,0.0182402,129.621,0.805601,0.0
13.075,0.018069,128.504,0.803898,0.0
13.0806,0.0186569,129.087,0.798451,0.0
13.0939,0.0184233,129.271,0.795386,0.0
13.059,0.0182494,128.32,0.793003,0.0
13.0596,0.0182793,129.837,0.799131,0.0
13.0914,0.0181816,128.654,0.786874,0.0
13.0741,0.0185409,129.454,0.793003,0.0
13.0543,0.0183885,127.503,0.806282,0.0
13.085,0.0183947,129.087,0.820242,0.0
13.0855,0.0185962,128.97,0.803558,0.0
13.0558,0.0180047,128.57,0.793343,0.0
13.0665,0.0185405,127.32,0.809006,0.0
13.0727,0.0182568,127.586,0.780405,0.0
13.0508,0.0180688,129.571,0.809687,0.0
13.0666,0.0182301,129.454,0.792662,0.0
13.0954,0.0183227,128.187,0.787555,0.0
13.1041,0.0181266,128.687,0.800834,0.0
13.1058,0.0183688,127.987,0.793003,0.0
13.0911,0.0188661,128.654,0.793003,0.0
13.0999,0.018126,129.271,0.801515,0.0
13.1087,0.0184437,129.554,0.807984,0.0
13.0756,0.0178583,128.87,0.79811,0.0
13.0599,0.0179208,129.987,0.805601,0.0
13.0772,0.017925,127.103,0.799472,0.0
13.0813,0.0180519,128.87,0.804239,0.0
13.096,0.0184198,129.454,0.788576,0.0
13.0925,0.0181134,129.887,0.791641,0.0
13.0779,0.0178663,129.254,0.787214,0.0
13.075,0.0181472,128.137,0.810368,0.0
13.0926,0.0183588,128.22,0.782447,0.0
13.1175,0.0178181,128.587,0.800153,0.0
13.0973,0.0184674,129.304,0.791641,0.0
13.0705,0.0178847,127.453,0.787895,0.0
13.0728,0.0183031,127.186,0.79777,0.0
13.0837,0.018175,128.904,0.789257,0.0
13.1078,0.0179721,129.237,0.806282,0.0
13.1115,0.0179856,129.987,0.806622,0.0
13.0898,0.0178358,128.87,0.809006,0.0
13.0886,0.0179584,129.371,0.794705,0.0
13.0871,0.0181002,128.07,0.808665,0.0
13.0729,0.0181019,127.637,0.786193,0.0
13.065,0.0185891,128.637,0.794365,0.0
13.0957,0.0181167,127.57,0.797089,0.0
13.1259,0.01873,128.82,0.787555,0.0
13.0737,0.0184956,127.386,0.802877,0.0
13.024,0.0184469,128.754,0.803898,0.0
13.0818,0.0180142,128.637,0.795046,0.0
13.1376,0.0181271,128.787,0.794024,0.0
13.1024,0.0182602,128.387,0.824668,0.0
13.0823,0.0182219,128.72,0.779043,0.0
13.111,0.0184487,128.62,0.814454,0.0
13.1189,0.0183458,128.17,0.815816,0.0
13.1139,0.0181933,129.454,0.789938,0.0
13.1203,0.0182877,128.587,0.7913,0.0
13.1021,0.0182429,128.437,0.786193,0.0
13.0757,0.0182438,128.687,0.810368,0.0
13.077,0.0182472,128.37,0.794365,0.0
13.0876,0.0179181,127.937,0.774276,0.0
13.0874,0.0183152,128.837,0.795727,0.0
13.0808,0.0188679,127.787,0.814454,0.0
13.0674,0.0183369,127.086,0.794024,0.0
13.0403,0.017996,127.82,0.793684,0.0
13.069,0.0183085,128.253,0.792322,0.0
13.1154,0.0182991,128.337,0.800493,0.0
13.1068,0.0185538,128.303,0.802877,0.0
13.0818,0.0184255,127.52,0.7913,0.0
13.0818,0.0184476,129.704,0.794365,0.0
13.0903,0.0181864,127.853,0.799131,0.0
13.0989,0.0180793,129.921,0.814794,0.0
13.103,0.0178084,128.303,0.827052,0.0
13.0892,0.0180208,128.203,0.823306,0.0
13.0697,0.017991,129.371,0.798791,0.0
13.0725,0.0182524,128.003,0.786533,0.0
13.0791,0.0180501,128.82,0.802877,0.0
13.0996,0.0180904,127.453,0.801855,0.0
13.0863,0.017901,127.536,0.776319,0.0
13.0671,0.0183,129.787,0.810368,0.0
13.0862,0.0180384,129.17,0.782788,0.0
13.0846,0.0185598,129.004,0.800834,0.0
13.0748,0.0182333,128.62,0.801174,0.0
13.0744,0.0178859,128.887,0.799812,0.0
13.081,0.0185457,128.737,0.818199,0.0
13.097,0.0183408,127.72,0.791641,0.0
13.0819,0.017958,128.32,0.815816,0.0
13.0519,0.0182088,129.921,0.810708,0.0
13.0741,0.0181058,128.97,0.800493,0.0
13.1062,0.0183276,128.937,0.785852,0.0
13.07,0.0182928,129.237,0.795046,0.0
13.055,0.0176943,128.103,0.801855,0.0
13.0816,0.0181013,128.053,0.810027,0.0
13.0799,0.017808,129.204,0.809006,0.0
13.0875,0.0182399,128.537,0.795386,0.0
13.0991,0.0182084,128.353,0.783809,0.0
13.1065,0.018447,127.987,0.799472,0.0
13.0952,0.0178165,128.32,0.803558,0.0
13.0845,0.0176812,130.254,0.798791,0.0
13.0924,0.017919,128.404,0.801174,0.0
13.0728,0.0183659,129.721,0.783128,0.0
13.0671,0.0182567,128.387,0.784831,0.0
13.1019,0.0181636,129.02,0.794024,0.0
13.0977,0.0184472,127.753,0.807303,0.0
13.0961,0.0180836,129.754,0.814113,0.0
13.1213,0.018,127.987,0.807303,0.0
13.0951,0.0183291,128.72,0.801174,0.0
13.0591,0.0181221,127.453,0.808665,0.0
13.0792,0.0183237,128.003,0.812751,0.0
13.1075,0.01836,128.67,0.793684,0.0
13.0783,0.017787,127.787,0.788236,0.0
13.0567,0.0185837,128.303,0.79811,0.0
13.0985,0.0180356,130.354,0.795386,0.0
13.0948,0.0179932,130.121,0.818539,0.0
13.0804,0.0180211,128.637,0.808665,0.0
13.0877,0.017828,129.737,0.793684,0.0
13.0889,0.0184708,128.587,0.79777,0.0
13.0991,0.0182234,128.754,0.79777,0.0
13.1252,0.0181225,128.47,0.771892,0.0
13.1115,0.0181447,129.971,0.789938,0.0
13.073,0.0185447,129.654,0.795727,0.0
13.0814,0.0181603,128.187,0.78449,0.0
13.1174,0.0183893,127.787,0.794705,0.0
13.1098,0.0181454,127.603,0.807644,0.0
13.0791,0.0187301,129.187,0.772573,0.0
13.043,0.0182309,128.62,0.798791,0.0
13.0272,0.0182735,129.054,0.780064,0.0
13.0794,0.01822,130.188,0.790619,0.0
13.1066,0.0183337,129.571,0.795046,0.0
13.0656,0.0181192,128.353,0.812751,0.0
13.0631,0.0185169,129.637,0.788917,0.0
13.0949,0.0182831,128.237,0.77053,0.0
13.0979,0.0187429,129.337,0.815816,0.0
13.1043,0.018804,128.754,0.785512,0.0
13.1139,0.0184736,128.153,0.818199,0.0
13.0992,0.0183018,128.887,0.814454,0.0
13.1097,0.0184685,130.454,0.806282,0.0
13.1179,0.018511,128.437,0.821604,0.0
13.0792,0.0185136,128.57,0.815816,0.0
13.0707,0.0182259,127.97,0.820242,0.0
13.0911,0.0182235,128.52,0.815816,0.0
13.0774,0.0180819,128.52,0.803558,0.0
13.0857,0.0180864,128.47,0.805601,0.0
13.097,0.0181751,130.154,0.81888,0.0
13.0801,0.0187327,129.054,0.775978,0.0
13.0876,0.0185031,128.654,0.786533,0.0
13.0751,0.0176993,129.471,0.779043,0.0
13.0838,0.018523,127.787,0.80492,0.0
13.108,0.0180012,128.353,0.80526,0.0
13.091,0.0180595,130.688,0.821604,0.0
13.1011,0.0185149,129.154,0.772233,0.0
13.1016,0.0185777,128.62,0.796067,0.0
13.0681,0.0177537,128.887,0.810027,0.0
13.0933,0.0181297,128.153,0.783469,0.0
13.1283,0.0184341,129.221,0.799812,0.0
13.0858,0.0186125,129.104,0.785171,0.0
13.0823,0.0183967,128.687,0.796748,0.0
13.1019,0.0179622,127.77,0.797429,0.0
13.1045,0.0184165,128.554,0.799131,0.0
13.1125,0.0182942,130.938,0.807303,0.0
13.092,0.0183021,126.336,0.795727,0.0
13.0702,0.0183288,128.32,0.797429,0.0
13.1021,0.0180743,129.304,0.796408,0.0
13.1179,0.0184013,127.42,0.799131,0.0
13.074,0.0180196,129.504,0.80492,0.0
13.0872,0.0182527,129.104,0.816837,0.0
13.1416,0.0178881,128.353,0.778702,0.0
13.1312,0.0181106,129.471,0.816156,0.0
13.0749,0.0184819,127.52,0.795386,0.0
13.0709,0.0183678,129.921,0.786533,0.0
13.0891,0.0182643,128.77,0.813773,0.0
13.0765,0.0182554,127.286,0.816837,0.0
13.0867,0.0182634,127.703,0.806622,0.0
13.0805,0.0180023,128.037,0.791981,0.0
13.062,0.0181755,128.82,0.803558,0.0
13.0848,0.0179938,128.537,0.811389,0.0
13.089,0.0180516,127.003,0.794024,0.0
13.0649,0.0175993,128.02,0.788236,0.0
13.0892,0.0178212,129.471,0.805941,0.0
13.1137,0.0179395,128.337,0.78415,0.0
13.0833,0.0181423,127.603,0.782788,0.0
13.0603,0.0180974,128.837,0.79777,0.0
13.0771,0.0183235,128.42,0.807303,0.0
13.1187,0.018393,130.771,0.796067,0.0
13.1175,0.0179358,130.621,0.809346,0.0
13.0609,0.0180672,128.537,0.79777,0.0
13.0307,0.0181156,128.787,0.788236,0.0
13.0608,0.0186838,128.87,0.80492,0.0
13.0797,0.0178705,128.087,0.789598,0.0
13.0802,0.0185162,127.737,0.797429,0.0
13.0884,0.0181996,129.154,0.804579,0.0
13.1035,0.0182668,129.521,0.801515,0.0
13.1191,0.0185106,129.671,0.796748,0.0
13.1047,0.0181436,128.27,0.777681,0.0
13.1143,0.0180684,129.554,0.787214,0.0
13.1328,0.0186449,128.187,0.78449,0.0
13.1047,0.0186063,127.336,0.785171,0.0
13.0737,0.0181216,128.77,0.787555,0.0
13.0861,0.0181169,128.237,0.800834,0.0
13.1031,0.0180312,129.504,0.781766,0.0
13.0762,0.0179484,129.387,0.809687,0.0
13.0588,0.0179007,129.437,0.786533,0.0
13.0841,0.0176332,128.27,0.793684,0.0
13.0974,0.0180141,128.103,0.787895,0.0
13.0993,0.0185222,129.754,0.802536,0.0
13.1068,0.0179424,128.837,0.81173,0.0
13.0875,0.0180273,128.07,0.797089,0.0
13.0587,0.0190267,128.57,0.782447,0.0
13.0609,0.0182409,129.304,0.792662,0.0
13.0614,0.0177963,128.504,0.802877,0.0
13.0741,0.0181123,129.054,0.803217,0.0
13.0925,0.0186846,129.17,0.818539,0.0
13.1006,0.0180377,130.188,0.802536,0.0
13.0934,0.0181186,128.637,0.802877,0.0
13.0997,0.018154,129.07,0.798451,0.0
13.108,0.0178309,127.536,0.800834,0.0
13.0974,0.0182233,129.704,0.793684,0.0
13.089,0.0180478,128.587,0.791641,0.0
13.0776,0.0182312,128.203,0.801855,0.0
13.0689,0.0186471,128.42,0.806282,0.0
13.0719,0.0182911,127.987,0.772233,0.0
13.074,0.0183488,129.354,0.819561,0.0
13.0665,0.0181808,128.654,0.785171,0.0
13.0595,0.0181012,129.187,0.785171,0.0
13.0716,0.0180073,128.087,0.788576,0.0
13.0816,0.0177616,128.37,0.798791,0.0
13.0724,0.0179649,126.503,0.794024,0.0
13.0714,0.017943,128.87,0.78415,0.0
13.0899,0.018367,128.954,0.788576,0.0
13.0831,0.018133,128.053,0.810708,0.0
13.0594,0.0180941,128.253,0.802196,0.0
13.0689,0.0181788,127.37,0.806622,0.0
13.0992,0.0183221,129.671,0.806282,0.0
13.0925,0.0181453,128.654,0.785171,0.0
13.0578,0.0183268,129.004,0.789257,0.0
13.0816,0.0187187,129.421,0.785852,0.0
13.0986,0.0184538,129.254,0.787895,0.0
13.0748,0.0179015,129.204,0.793343,0.0
13.0789,0.0183155,128.537,0.796748,0.0
13.1009,0.0180595,129.687,0.796408,0.0
13.0922,0.0180916,128.037,0.801515,0.0
13.0613,0.018463,129.554,0.790619,0.0
13.0661,0.018258,128.57,0.785852,0.0
13.0947,0.0179214,129.137,0.794705,0.0
13.1056,0.0177548,129.771,0.785852,0.0
13.0862,0.0181522,129.771,0.795727,0.0
13.1085,0.0182507,128.987,0.802877,0.0
13.127,0.0182019,128.37,0.804239,0.0
13.0935,0.0183756,129.104,0.810708,0.0
13.0861,0.0181129,128.087,0.795727,0.0
13.0972,0.0180242,129.421,0.798451,0.0
13.0999,0.0178517,128.27,0.799812,0.0
13.1095,0.0182129,128.203,0.798451,0.0
13.1102,0.0185454,129.221,0.80492,0.0
13.0736,0.0184595,128.087,0.783809,0.0
13.0695,0.0185992,128.237,0.795046,0.0
13.1089,0.017695,128.12,0.802536,0.0
13.1081,0.0183646,130.204,0.803898,0.0
13.08,0.0180706,127.586,0.809006,0.0
13.0822,0.018721,129.937,0.806622,0.0
13.1104,0.0180961,127.97,0.765082,0.0
13.0907,0.018067,128.854,0.78449,0.0
13.0615,0.0181077,129.654,0.803898,0.0
13.0955,0.0180532,128.62,0.793684,0.0
13.0858,0.0179466,128.587,0.810708,0.0
13.0426,0.0176267,129.821,0.790619,0.0
13.082,0.0179494,128.02,0.774957,0.0
13.1139,0.018387,128.82,0.776659,0.0
13.0995,0.0180695,127.887,0.804239,0.0
13.1096,0.0184604,128.003,0.792322,0.0
13.08,0.0183009,128.22,0.793684,0.0
13.0684,0.017795,130.038,0.809687,0.0
13.1316,0.0183763,128.42,0.795046,0.0
13.132,0.0179248,129.754,0.828073,0.0
13.0804,0.0180195,128.187,0.81207,0.0
13.0954,0.0184498,127.87,0.79777,0.0
13.1128,0.018873,129.354,0.788917,0.0
13.0962,0.0181636,129.804,0.794365,0.0
13.0887,0.018188,129.604,0.808665,0.0
13.0716,0.0180541,128.387,0.809346,0.0
13.0589,0.0179667,127.987,0.788236,0.0
13.0576,0.0181898,128.337,0.768147,0.0
13.0611,0.0178437,127.336,0.795046,0.0
13.1012,0.0185634,129.654,0.805601,0.0
13.0968,0.0178,128.52,0.794705,0.0
13.0742,0.0177764,128.437,0.7913,0.0
13.0841,0.0179608,127.236,0.796748,0.0
13.0558,0.0178747,128.37,0.799131,0.0
13.0508,0.0179408,128.62,0.792322,0.0
13.0733,0.0184103,126.92,0.793343,0.0
13.0747,0.0182301,129.587,0.805941,0.0
13.095,0.0186091,128.17,0.775638,0.0
13.0916,0.0178609,127.586,0.790279,0.0
13.0652,0.0178998,129.354,0.80526,0.0
13.0714,0.0181131,128.17,0.782788,0.0
13.0817,0.0184222,129.721,0.797089,0.0
13.0758,0.0183564,129.137,0.794705,0.0
13.0583,0.0187186,128.353,0.809346,0.0
13.0844,0.0180945,128.62,0.787214,0.0
13.1085,0.018324,129.604,0.797429,0.0
13.1059,0.018206,130.671,0.802877,0.0
13.0968,0.0179565,128.02,0.802196,0.0
13.0853,0.018069,127.52,0.812411,0.0
13.0804,0.0180491,128.404,0.793684,0.0
13.0893,0.0183541,128.887,0.810027,0.0
13.1174,0.0182407,129.837,0.814113,0.0
13.1058,0.0183934,127.536,0.775638,0.0
13.0633,0.0185651,129.387,0.794024,0.0
13.0786,0.0180169,127.286,0.793343,0.0
13.0932,0.017772,128.97,0.801855,0.0
13.0744,0.0181959,129.154,0.802877,0.0
13.0668,0.0180002,127.436,0.797089,0.0
13.0975,0.0185076,128.487,0.793343,0.0
13.1028,0.0186629,128.12,0.802877,0.0
13.0942,0.0180245,127.687,0.801174,0.0
13.0898,0.0178901,128.637,0.774957,0.0
13.0817,0.018155,128.303,0.796408,0.0
13.1178,0.0183316,129.17,0.807644,0.0
13.1359,0.0178598,127.303,0.795386,0.0
13.0995,0.0182022,128.17,0.792322,0.0
13.0735,0.0185308,129.554,0.785512,0.0
13.0865,0.0184904,129.004,0.796408,0.0
13.1158,0.018164,127.837,0.799812,0.0
13.1174,0.0189357,127.57,0.781766,0.0
13.0864,0.0180735,128.287,0.807984,0.0
13.0754,0.0182112,128.387,0.791981,0.0
13.0727,0.017707,127.737,0.81173,0.0
13.0587,0.0180991,129.321,0.813432,0.0
13.072,0.0180495,127.987,0.781426,0.0
13.0976,0.0179863,128.82,0.812751,0.0
13.1115,0.0179483,129.421,0.823987,0.0
13.1035,0.0183246,128.737,0.78415,0.0
13.0591,0.0186716,127.57,0.789938,0.0
13.0695,0.018712,128.904,0.834883,0.0
13.1152,0.0181583,129.454,0.796067,0.0
13.0983,0.0183183,127.82,0.815135,0.0
13.104,0.0183874,128.804,0.796408,0.0
13.121,0.0179268,128.454,0.800153,0.0
13.0905,0.0181786,129.104,0.775297,0.0
13.0926,0.0181297,129.07,0.812411,0.0
13.1159,0.0184295,128.52,0.799472,0.0
13.1041,0.0183526,128.87,0.789598,0.0
13.0704,0.0183492,129.887,0.808665,0.0
13.0784,0.0183169,127.17,0.796408,0.0
13.0802,0.0179085,128.637,0.783809,0.0
13.0731,0.0179598,129.837,0.800153,0.0
13.0943,0.0182579,129.054,0.803558,0.0
13.1136,0.0177187,128.353,0.786193,0.0
13.0891,0.0181712,127.787,0.776659,0.0
13.0591,0.0179041,128.52,0.803558,0.0
13.0922,0.01813,129.137,0.811389,0.0
13.1203,0.0183793,129.02,0.783128,0.0
13.0982,0.0180345,129.12,0.809006,0.0
13.0966,0.0185223,130.154,0.791981,0.0
13.0861,0.0178,127.853,0.780405,0.0
13.0597,0.0180956,127.52,0.815475,0.0
13.057,0.0180249,130.188,0.797429,0.0
13.0722,0.0182477,127.637,0.788576,0.0
13.0818,0.0182203,128.353,0.800834,0.0
13.0933,0.0180508,129.604,0.805941,0.0
13.0987,0.0183017,127.97,0.809687,0.0
13.0821,0.018048,129.154,0.783128,0.0
13.0733,0.0178825,128.137,0.783128,0.0
13.0938,0.0183917,129.321,0.792662,0.0
13.083,0.0187174,127.47,0.791641,0.0
13.0632,0.018245,130.088,0.802877,0.0
13.0856,0.017513,128.087,0.798451,0.0
13.107,0.0177105,128.704,0.794365,0.0
13.085,0.0182463,127.753,0.799472,0.0
13.0899,0.0179471,130.321,0.796748,0.0
13.1109,0.0178966,128.17,0.783469,0.0
13.0961,0.0178559,129.571,0.7913,0.0
13.0966,0.0179424,128.203,0.811389,0.0
13.1026,0.0181214,127.97,0.797429,0.0
13.0929,0.0183001,129.521,0.785512,0.0
13.0951,0.0182727,128.237,0.7913,0.0
13.0919,0.0181077,128.837,0.810368,0.0
13.0859,0.0185752,129.971,0.794705,0.0
13.072,0.0185871,127.653,0.770871,0.0
13.0742,0.0180941,130.071,0.810708,0.0
13.0991,0.0182066,128.454,0.79096,0.0
13.0876,0.0178964,130.321,0.797429,0.0
13.0722,0.0182629,127.653,0.792322,0.0
13.0784,0.0184744,127.153,0.789598,0.0
13.0921,0.0185259,130.721,0.802536,0.0
13.1113,0.0181673,129.321,0.816497,0.0
13.0845,0.0178731,129.437,0.778021,0.0
13.0657,0.0179641,128.587,0.804239,0.0
13.0802,0.0180728,129.804,0.788917,0.0
13.0746,0.0180599,129.271,0.767806,0.0
13.1082,0.0181538,129.504,0.80526,0.0
13.1134,0.0183557,128.72,0.807644,0.0
13.0636,0.0181271,126.986,0.783469,0.0
13.0619,0.0178957,128.754,0.813773,0.0
13.0609,0.0180709,128.487,0.808665,0.0
13.0551,0.0184422,129.07,0.783469,0.0
13.1099,0.0180123,129.12,0.783809,0.0
13.1332,0.0181591,128.337,0.794705,0.0
13.1003,0.0180541,128.637,0.775297,0.0
13.0898,0.0184956,129.104,0.791981,0.0
13.1019,0.0183967,128.42,0.807644,0.0
13.0937,0.0181888,130.221,0.799131,0.0
13.0883,0.0182853,128.187,0.814794,0.0
13.0979,0.018183,129.337,0.786874,0.0
13.0796,0.0183394,128.47,0.805601,0.0
13.0579,0.0185615,128.337,0.806622,0.0
13.0942,0.0179036,129.687,0.795046,0.0
13.1087,0.0182317,129.304,0.795727,0.0
13.078,0.0182933,129.087,0.789938,0.0
13.0948,0.0185614,128.287,0.771552,0.0
13.1351,0.0181338,129.387,0.807303,0.0
13.1227,0.0184463,126.953,0.801515,0.0
13.0688,0.0178198,127.603,0.781085,0.0
13.0747,0.0184628,127.97,0.81173,0.0
13.1086,0.0183101,129.521,0.791641,0.0
13.1038,0.0179515,128.103,0.783809,0.0
13.0972,0.0181392,127.82,0.76372,0.0
13.1005,0.0180186,131.221,0.803558,0.0
13.0948,0.0184108,128.737,0.811389,0.0
13.0806,0.01844,128.337,0.809006,0.0
13.1031,0.0176966,128.737,0.810027,0.0
13.1249,0.0177496,129.07,0.810027,0.0
13.1024,0.0184566,128.17,0.786533,0.0
13.0838,0.0183692,128.07,0.799812,0.0
13.0871,0.0182706,128.47,0.800834,0.0
13.1041,0.0180208,129.487,0.804239,0.0
13.0938,0.0183148,127.603,0.781766,0.0
13.0885,0.0177458,127.637,0.799472,0.0
13.0942,0.0178486,129.571,0.779724,0.0
13.1039,0.0187267,128.87,0.788236,0.0
13.1096,0.0183393,129.137,0.808325,0.0
13.0936,0.0182644,130.004,0.800834,0.0
13.0716,0.0183876,128.437,0.814454,0.0
13.0666,0.0179761,130.038,0.806282,0.0
13.0962,0.0183087,127.67,0.774957,0.0
13.1021,0.0186628,129.337,0.787214,0.0
13.0943,0.0183497,129.02,0.818539,0.0
13.096,0.0178922,128.737,0.782447,0.0
13.0974,0.0184916,128.57,0.780064,0.0
13.0845,0.0178533,128.987,0.779383,0.0
13.0738,0.0178248,128.103,0.799131,0.0
13.0719,0.0179961,128.52,0.817858,0.0
13.0813,0.0182968,129.471,0.808325,0.0
13.0813,0.0178361,127.687,0.813432,0.0
13.0711,0.0179674,127.637,0.817177,0.0
13.0934,0.0180704,129.521,0.80492,0.0
13.1168,0.0178478,127.12,0.787214,0.0
13.1247,0.0182599,129.637,0.821604,0.0
13.1111,0.0184537,128.454,0.805601,0.0
13.0884,0.0185464,128.137,0.812411,0.0
13.0888,0.0181651,128.42,0.800493,0.0
13.0854,0.0182974,128.687,0.807984,0.0
13.0885,0.0182293,129.421,0.791641,0.0
13.1285,0.0186894,128.087,0.820242,0.0
13.1072,0.0179669,127.87,0.785512,0.0
13.0638,0.0182655,128.187,0.804579,0.0
13.0844,0.0185901,128.87,0.801515,0.0
13.1012,0.0182692,129.02,0.788917,0.0
13.0917,0.0179502,129.004,0.786874,0.0
13.0918,0.0176573,128.82,0.810027,0.0
13.0606,0.0181407,128.687,0.786533,0.0
13.0626,0.0184187,129.054,0.786874,0.0
13.1001,0.0177549,128.637,0.784831,0.0
13.1156,0.0180677,130.088,0.797429,0.0
13.0987,0.0179602,127.887,0.799472,0.0
13.0854,0.0180134,129.637,0.807984,0.0
13.095,0.0183424,128.22,0.802877,0.0
13.0854,0.0184769,129.037,0.774957,0.0
13.0905,0.0178533,128.537,0.793003,0.0
13.1099,0.0179771,128.37,0.806282,0.0
13.0966,0.0185176,127.386,0.787214,0.0
13.0783,0.0183659,129.221,0.791641,0.0
13.0927,0.0181188,128.52,0.795727,0.0
13.0873,0.0183105,129.704,0.800834,0.0
13.0799,0.0180415,128.52,0.788236,0.0
13.1016,0.0177094,129.371,0.80492,0.0
13.0952,0.0180748,128.62,0.806622,0.0
13.0878,0.0183747,128.37,0.792322,0.0
13.107,0.0181615,129.554,0.798791,0.0
13.0885,0.0182172,127.27,0.798451,0.0
13.0688,0.0179663,129.904,0.789257,0.0
13.0805,0.0177031,128.42,0.783809,0.0
13.0896,0.0182281,128.654,0.78415,0.0
13.1065,0.0180048,127.737,0.781426,0.0
13.1006,0.0184206,128.187,0.815816,0.0
13.0614,0.0185526,128.92,0.775978,0.0
13.0769,0.0179301,128.103,0.785171,0.0
13.1187,0.0174805,129.504,0.818199,0.0
13.0959,0.0180425,129.487,0.809346,0.0
13.0856,0.0183794,128.77,0.797089,0.0
13.1167,0.0186501,128.053,0.806963,0.0
13.1018,0.0183505,128.454,0.776319,0.0
13.0694,0.0179124,129.17,0.778021,0.0
13.0617,0.0179311,129.804,0.782447,0.0
13.0712,0.018054,128.27,0.786193,0.0
13.0723,0.0177853,127.486,0.798791,0.0
13.074,0.0182512,129.054,0.821263,0.0
13.0758,0.0179867,129.754,0.78415,0.0
13.0844,0.0186077,128.804,0.789257,0.0
13.0938,0.018708,127.903,0.812411,0.0
13.0908,0.017817,129.887,0.818539,0.0
13.0942,0.0181075,129.004,0.815816,0.0
13.0924,0.0178251,129.337,0.787214,0.0
13.0772,0.0183111,128.77,0.791981,0.0
13.0668,0.0181518,127.503,0.807644,0.0
13.0823,0.0179491,129.287,0.78449,0.0
13.0917,0.0182408,127.52,0.780064,0.0
13.0834,0.0181508,128.904,0.809006,0.0
13.0796,0.0178541,128.003,0.78415,0.0
13.0782,0.0179582,128.037,0.80492,0.0
13.066,0.017793,129.937,0.805601,0.0
13.0769,0.0178847,129.087,0.801174,0.0
13.091,0.0177136,127.853,0.794705,0.0
13.1122,0.0179259,128.72,0.782788,0.0
13.1145,0.0182963,127.787,0.797089,0.0
13.0881,0.0180902,128.937,0.808325,0.0
13.082,0.0179887,128.42,0.779043,0.0
13.105,0.0180014,128.454,0.79811,0.0
13.0956,0.0183085,127.336,0.786874,0.0
13.0731,0.0180152,128.153,0.775978,0.0
13.0804,0.0180904,128.77,0.792662,0.0
13.0928,0.0183454,129.154,0.805601,0.0
13.0835,0.0179167,127.853,0.801515,0.0
13.0812,0.0180101,128.504,0.800493,0.0
13.0825,0.0176435,127.136,0.790279,0.0
13.0702,0.0181197,128.787,0.791641,0.0
13.1007,0.0181317,129.471,0.786533,0.0
13.1104,0.0182029,128.404,0.807303,0.0
13.0892,0.0181381,129.104,0.792322,0.0
13.09,0.0184348,127.82,0.800153,0.0
13.0971,0.0184685,127.253,0.810368,0.0
13.0988,0.017955,129.104,0.786193,0.0
13.0972,0.0179363,129.221,0.794024,0.0
13.0941,0.0183537,130.171,0.816837,0.0
13.09,0.0180516,128.07,0.81173,0.0
13.0737,0.0178312,128.287,0.802196,0.0
13.079,0.0184556,130.254,0.805941,0.0
13.1109,0.0185745,126.769,0.785852,0.0
13.0887,0.0182397,129.02,0.813432,0.0
13.0702,0.0182173,129.704,0.795727,0.0
13.0999,0.0180469,128.537,0.788236,0.0
13.0974,0.0181426,128.987,0.788917,0.0
13.0774,0.0180475,129.204,0.806282,0.0
13.0835,0.0184237,129.871,0.806963,0.0
13.0759,0.0179538,129.337,0.788576,0.0
13.0542,0.0179009,128.454,0.807644,0.0
13.0609,0.0183955,128.904,0.775638,0.0
13.0595,0.0183748,128.42,0.79096,0.0
13.0545,0.0176645,128.237,0.788236,0.0
13.0921,0.0177607,128.287,0.797429,0.0
13.1134,0.0181229,129.687,0.785852,0.0
13.1202,0.0183805,129.104,0.791981,0.0
13.0989,0.0181734,129.671,0.789598,0.0
13.076,0.0186631,130.221,0.793343,0.0
13.0808,0.0186336,128.587,0.790279,0.0
13.0906,0.018277,129.521,0.796067,0.0
13.1136,0.0181384,128.97,0.791641,0.0
13.1084,0.0177232,128.087,0.782447,0.0
13.0974,0.0188701,128.854,0.78415,0.0
13.1062,0.0180806,127.803,0.796748,0.0
13.0853,0.0185186,129.987,0.793343,0.0
13.1067,0.0181979,128.604,0.804579,0.0
13.118,0.0180327,128.02,0.796748,0.0
13.0814,0.0177371,128.654,0.81173,0.0
13.0807,0.0183863,129.004,0.789257,0.0
13.1132,0.0180927,128.303,0.806622,0.0
13.1043,0.0181816,129.254,0.769168,0.0
13.0616,0.0178927,128.904,0.784831,0.0
13.0631,0.0187285,127.303,0.793343,0.0
13.1062,0.0177279,129.804,0.815816,0.0
13.1239,0.0178735,129.521,0.801515,0.0
13.102,0.0179469,127.637,0.787214,0.0
13.0813,0.0179247,128.053,0.792662,0.0
13.0749,0.0178607,128.77,0.792662,0.0
13.0768,0.018038,130.371,0.775638,0.0
13.0764,0.0177963,127.62,0.796408,0.0
13.076,0.0180319,130.204,0.805941,0.0
13.0778,0.0178911,128.687,0.796408,0.0
13.0922,0.0180104,129.687,0.815816,0.0
13.105,0.0181324,128.087,0.809006,0.0
13.1035,0.0179891,129.271,0.805601,0.0
13.0701,0.018089,127.336,0.809006,0.0
13.0535,0.0182411,129.787,0.815816,0.0
13.0991,0.0178794,130.538,0.794365,0.0
13.1015,0.018157,128.737,0.805601,0.0
13.0813,0.0179266,127.637,0.81173,0.0
13.0921,0.0189622,126.853,0.800153,0.0
13.0957,0.0184361,129.104,0.814113,0.0
13.0663,0.0178551,129.02,0.805941,0.0
13.068,0.0178409,127.486,0.802196,0.0
13.115,0.017945,128.604,0.779724,0.0
13.1231,0.0186495,128.187,0.809346,0.0
13.0748,0.0181104,128.937,0.793684,0.0
13.0895,0.0186713,129.604,0.786193,0.0
13.1179,0.0179763,128.27,0.802196,0.0
13.071,0.0178931,129.804,0.785512,0.0
13.0626,0.0180063,128.804,0.796067,0.0
13.0898,0.0184041,128.687,0.807644,0.0
13.0623,0.0184709,128.72,0.799472,0.0
13.081,0.0180176,128.22,0.783469,0.0
13.1193,0.0181598,128.687,0.795727,0.0
13.099,0.018007,128.203,0.793343,0.0
13.0906,0.0184465,130.254,0.79096,0.0
13.1033,0.0181955,127.82,0.810027,0.0
13.0839,0.0181191,129.904,0.804579,0.0
13.0655,0.0185163,129.087,0.829095,0.0
13.0902,0.0182173,128.07,0.805941,0.0
13.0955,0.0186735,128.737,0.794365,0.0
13.0902,0.0183604,127.67,0.786533,0.0
13.1266,0.0185164,128.62,0.809006,0.0
13.1278,0.0182388,129.787,0.780405,0.0
13.088,0.0185529,127.887,0.793003,0.0
13.0919,0.0182718,129.937,0.783128,0.0
13.113,0.0181512,126.436,0.780064,0.0
13.0866,0.0177631,128.17,0.787214,0.0
13.0601,0.0181853,129.087,0.829776,0.0
13.0677,0.0178969,128.187,0.780405,0.0
13.079,0.0182317,128.454,0.808325,0.0
13.0761,0.0176577,129.387,0.784831,0.0
13.0958,0.0182667,129.02,0.799812,0.0
13.1005,0.018292,128.62,0.801515,0.0
13.0877,0.0180745,128.854,0.796067,0.0
13.0815,0.0179056,128.687,0.802536,0.0
13.0587,0.0181644,129.154,0.786874,0.0
13.0618,0.018127,128.837,0.780064,0.0
13.0919,0.0183139,129.554,0.826371,0.0
13.0827,0.0180525,127.453,0.800153,0.0
13.0711,0.0186195,128.754,0.781766,0.0
13.1052,0.0184267,128.737,0.805941,0.0
13.0922,0.0183207,128.92,0.806282,0.0
13.0701,0.0179921,128.637,0.795727,0.0
13.0837,0.0177833,128.737,0.795727,0.0
13.0656,0.0185717,127.637,0.789938,0.0
13.0501,0.0179067,129.087,0.825009,0.0
13.0863,0.0183297,129.337,0.781766,0.0
13.123,0.0181668,129.771,0.79811,0.0
13.0741,0.0180214,128.654,0.793343,0.0
13.0504,0.0182107,128.954,0.782107,0.0
13.1046,0.0181337,128.203,0.791641,0.0
13.1157,0.0180228,129.354,0.796748,0.0
13.0835,0.0182103,127.436,0.810368,0.0
13.0697,0.0183661,129.771,0.77053,0.0
13.1002,0.0186083,128.637,0.786533,0.0
13.1072,0.0184289,128.587,0.788917,0.0
13.0845,0.0182259,128.887,0.803217,0.0
13.0988,0.017714,129.004,0.785512,0.0
13.1129,0.0177756,127.97,0.814794,0.0
13.0884,0.018613,129.137,0.794024,0.0
13.0961,0.0184539,129.621,0.792662,0.0
13.1004,0.0187883,129.004,0.803217,0.0
13.096,0.018178,128.804,0.820582,0.0
13.1029,0.0184136,130.338,0.806963,0.0
13.0761,0.0182824,126.986,0.814113,0.0
13.0556,0.0182628,129.954,0.795727,0.0
13.0794,0.0185279,127.52,0.7913,0.0
13.0964,0.0184072,129.487,0.790279,0.0
13.0928,0.0187253,127.803,0.804579,0.0
13.0679,0.0184898,127.953,0.808325,0.0
13.062,0.0182581,129.154,0.805601,0.0
13.0631,0.0181018,127.97,0.796408,0.0
13.0696,0.0187675,129.254,0.787555,0.0
13.0904,0.0176495,128.203,0.801855,0.0
13.0813,0.0182197,128.77,0.764061,0.0
13.071,0.0180839,128.904,0.804579,0.0
13.0998,0.0184919,130.188,0.805941,0.0
13.1069,0.0185484,129.687,0.797429,0.0
13.0796,0.0182059,129.687,0.792662,0.0
13.092,0.0181505,128.153,0.797429,0.0
13.1183,0.0183442,129.421,0.79096,0.0
13.0901,0.0181606,129.037,0.798451,0.0
13.0622,0.018199,128.103,0.799812,0.0
13.0905,0.0179333,130.154,0.809006,0.0
13.1115,0.0183341,128.67,0.814454,0.0
13.0821,0.0180941,127.787,0.775978,0.0
13.0862,0.0180591,128.804,0.797089,0.0
13.1166,0.0184695,128.637,0.819561,0.0
13.0884,0.0183264,130.588,0.790619,0.0
13.0817,0.0180197,128.887,0.802196,0.0
13.098,0.0182333,128.32,0.79096,0.0
13.091,0.018405,127.803,0.777,0.0
13.0726,0.0178919,127.67,0.781766,0.0
13.0712,0.0179899,127.603,0.794024,0.0
13.0932,0.0184313,126.803,0.789257,0.0
13.0986,0.0181914,129.804,0.797429,0.0
13.085,0.0180938,130.088,0.789598,0.0
13.0934,0.0183981,127.62,0.813773,0.0
13.1074,0.0180026,129.254,0.800834,0.0
13.0888,0.0177851,129.571,0.80526,0.0
13.0841,0.0186507,128.904,0.817518,0.0
13.0806,0.0182291,128.82,0.806622,0.0
13.0772,0.0191401,128.937,0.81922,0.0
13.0891,0.0181616,130.204,0.807644,0.0
13.1042,0.0182653,129.221,0.797429,0.0
13.0905,0.0178674,129.387,0.801515,0.0
13.0662,0.01851,128.404,0.788917,0.0
13.0864,0.0180819,128.07,0.800153,0.0
13.1113,0.0183378,128.787,0.788917,0.0
13.1082,0.0177527,128.02,0.81207,0.0
13.1026,0.0181952,129.354,0.813092,0.0
13.1042,0.0178113,129.521,0.79777,0.0
13.1047,0.0184176,130.638,0.816837,0.0
13.0944,0.0183727,128.12,0.783469,0.0
13.0811,0.0177965,128.47,0.785852,0.0
13.0745,0.0180345,130.388,0.797429,0.0
13.0673,0.0181786,128.27,0.78415,0.0
13.0712,0.0185388,128.187,0.787214,0.0
13.0777,0.0183318,129.587,0.798451,0.0
13.1005,0.0181492,130.221,0.80492,0.0
13.1069,0.0180888,128.704,0.802536,0.0
13.0974,0.0178609,129.521,0.802196,0.0
13.1125,0.018059,128.203,0.821944,0.0
13.0753,0.0181977,129.087,0.813773,0.0
13.0489,0.0181141,128.47,0.812411,0.0
13.0787,0.0181486,129.687,0.821604,0.0
13.0863,0.0183316,129.237,0.811389,0.0
13.0799,0.0183588,129.17,0.805601,0.0
13.0888,0.018184,127.837,0.796748,0.0
13.1105,0.0183546,128.437,0.801515,0.0
13.1128,0.0180215,128.053,0.809687,0.0
13.0865,0.0182175,128.287,0.781426,0.0
13.091,0.0178048,128.72,0.795727,0.0
13.0946,0.0183893,127.536,0.812751,0.0
13.0618,0.0179447,129.587,0.791641,0.0
13.0744,0.0181721,129.12,0.801515,0.0
13.0989,0.0180869,128.937,0.800493,0.0
13.1179,0.017919,129.254,0.800834,0.0
13.1036,0.0183921,129.237,0.801174,0.0
13.0725,0.0183796,128.67,0.790619,0.0
13.0807,0.0179555,128.72,0.820582,0.0
13.0842,0.0183672,130.004,0.816156,0.0
13.0764,0.0180319,128.337,0.806282,0.0
13.0958,0.0182718,129.254,0.794705,0.0
13.1073,0.0179929,129.487,0.790279,0.0
13.0873,0.018346,128.387,0.808665,0.0
13.0834,0.0182018,129.187,0.783809,0.0
13.1107,0.0181395,128.17,0.777,0.0
13.1124,0.0185615,127.903,0.800493,0.0
13.0853,0.0177705,128.454,0.804239,0.0
13.0711,0.0177646,128.854,0.821263,0.0
13.0926,0.0181009,128.67,0.790279,0.0
13.121,0.0180935,128.987,0.785512,0.0
13.0946,0.0182019,129.371,0.789257,0.0
13.0668,0.0179647,129.07,0.796067,0.0
13.0924,0.0179747,129.187,0.785171,0.0
13.1251,0.0182479,128.587,0.791981,0.0
13.0925,0.0181007,127.82,0.799472,0.0
13.0855,0.0182131,129.704,0.81888,0.0
13.1259,0.0182731,127.603,0.794024,0.0
13.0992,0.0180842,128.47,0.783469,0.0
13.0826,0.0177403,129.621,0.816156,0.0
13.1155,0.0181007,128.287,0.784831,0.0
13.1222,0.0180508,129.004,0.806963,0.0
13.1083,0.0187753,128.77,0.796408,0.0
13.1046,0.0182106,128.237,0.810708,0.0
13.0946,0.0184576,127.703,0.806622,0.0
13.1011,0.0178302,129.254,0.793684,0.0
13.1161,0.0181315,128.887,0.760316,0.0
13.0937,0.0180009,129.17,0.801515,0.0
13.0814,0.0180476,128.32,0.823987,0.0
13.0922,0.0182543,129.187,0.795046,0.0
13.0679,0.0180573,128.003,0.791641,0.0
13.0784,0.0184885,129.571,0.796748,0.0
13.1289,0.018372,128.137,0.809346,0.0
13.125,0.0185521,128.87,0.808325,0.0
13.0997,0.0183817,127.003,0.800153,0.0
13.0824,0.0183885,127.837,0.783128,0.0
13.0696,0.0183712,128.37,0.801515,0.0
13.1032,0.0178763,127.703,0.793343,0.0
13.1147,0.0181477,130.721,0.809346,0.0
13.0774,0.017933,127.787,0.79777,0.0
13.0659,0.0180519,129.037,0.791981,0.0
13.1184,0.0181828,128.454,0.81207,0.0
13.1162,0.0182237,130.488,0.810368,0.0
13.0741,0.018857,129.854,0.785171,0.0
13.0958,0.0181594,130.338,0.823306,0.0
13.0995,0.0183035,128.787,0.801515,0.0
13.0667,0.0179682,127.47,0.811389,0.0
13.0575,0.0178392,128.837,0.790619,0.0
13.0418,0.0178555,128.437,0.815816,0.0
13.0746,0.018061,128.654,0.801174,0.0
13.1103,0.0179869,128.37,0.773935,0.0
13.0888,0.0181244,128.72,0.784831,0.0
13.0868,0.0182214,127.92,0.816497,0.0
13.084,0.0185287,127.87,0.785852,0.0
13.1017,0.0185914,129.887,0.809346,0.0
13.1297,0.0181383,130.554,0.781426,0.0
13.1087,0.0183322,129.654,0.78415,0.0
13.0864,0.0183989,128.32,0.803217,0.0
13.089,0.0184416,129.987,0.801515,0.0
13.0865,0.0181325,128.804,0.813432,0.0
13.0837,0.0178283,126.736,0.785512,0.0
13.0832,0.0180701,127.937,0.789598,0.0
13.0698,0.0176632,127.887,0.779383,0.0
13.0808,0.018273,128.47,0.786193,0.0
13.0919,0.0182106,128.42,0.812411,0.0
13.0653,0.0179337,129.471,0.780745,0.0
13.0727,0.0182133,128.92,0.790279,0.0
13.0792,0.0182913,129.904,0.788576,0.0
13.0754,0.0180786,129.454,0.800834,0.0
13.0961,0.0183555,128.57,0.801855,0.0
13.0819,0.0181853,128.37,0.793684,0.0
13.0579,0.0181045,128.17,0.801515,0.0
13.0809,0.0179503,128.437,0.802536,0.0
13.1038,0.0181311,130.488,0.797429,0.0
13.108,0.0179013,129.254,0.807984,0.0
13.098,0.018038,129.421,0.811389,0.0
13.0898,0.0178191,128.637,0.791641,0.0
13.0818,0.0182771,128.22,0.810708,0.0
13.0942,0.0183938,128.754,0.811049,0.0
13.111,0.0184585,128.704,0.788917,0.0
13.1083,0.0177911,127.887,0.79811,0.0
13.0839,0.0174844,129.904,0.771892,0.0
13.0651,0.0179881,127.77,0.818539,0.0
13.07,0.0178702,129.604,0.781766,0.0
13.1079,0.0179963,127.753,0.788236,0.0
13.1033,0.0181851,129.671,0.798791,0.0
13.078,0.0189295,129.921,0.789257,0.0
13.0674,0.017816,128.887,0.808665,0.0
13.083,0.018036,127.737,0.79777,0.0
13.1204,0.0173235,128.037,0.785512,0.0
13.1086,0.0180753,128.987,0.792662,0.0
13.0917,0.0186751,126.669,0.789598,0.0
13.0967,0.0178195,129.154,0.822625,0.0
13.1085,0.0185628,130.154,0.804239,0.0
13.1112,0.0179849,130.088,0.794705,0.0
13.1041,0.0182484,128.153,0.785512,0.0
13.0851,0.0183841,129.521,0.797429,0.0
13.0748,0.0183044,127.27,0.78449,0.0
13.0888,0.018352,129.687,0.792322,0.0
13.1133,0.0179741,131.221,0.808665,0.0
13.1317,0.0179698,128.57,0.788236,0.0
13.0916,0.0183452,128.787,0.80526,0.0
13.0653,0.0179482,130.104,0.798791,0.0
13.0835,0.0181864,129.704,0.802877,0.0
13.0591,0.0186297,129.704,0.807303,0.0
13.0583,0.0181133,128.77,0.79096,0.0
13.1135,0.0183009,127.953,0.779043,0.0
13.1296,0.0186228,128.554,0.810368,0.0
13.1037,0.0188101,129.837,0.816837,0.0
13.093,0.018814,129.037,0.787555,0.0
13.0937,0.0181923,129.204,0.788917,0.0
13.0791,0.0177053,128.487,0.758613,0.0
13.0787,0.0182194,128.32,0.784831,0.0
13.0949,0.0184614,129.137,0.814113,0.0
13.0918,0.0179468,128.17,0.793003,0.0
13.0808,0.0183711,129.287,0.799812,0.0
13.0734,0.0182031,127.97,0.802877,0.0
13.066,0.0180539,128.87,0.781766,0.0
13.0901,0.0187416,128.704,0.816837,0.0
13.0782,0.0185541,127.637,0.806963,0.0
13.0653,0.0185545,131.088,0.800834,0.0
13.1083,0.0181823,129.037,0.815816,0.0
13.0807,0.0185575,127.286,0.783128,0.0
13.0383,0.0180008,127.82,0.809006,0.0
13.0827,0.0182193,128.77,0.792322,0.0
13.1134,0.018051,127.303,0.769168,0.0
13.0645,0.0182609,126.669,0.811389,0.0
13.0357,0.0182512,128.62,0.801855,0.0
13.08,0.0183391,128.353,0.802196,0.0
13.0894,0.0178296,128.203,0.781766,0.0
13.0734,0.0181914,128.654,0.798451,0.0
13.0877,0.0185024,130.454,0.809687,0.0
13.1042,0.0180741,127.286,0.789257,0.0
13.1039,0.0181625,128.387,0.789257,0.0
13.0818,0.0181056,127.353,0.793343,0.0
13.0847,0.0180763,129.704,0.815816,0.0
13.0842,0.018164,128.587,0.789598,0.0
13.0953,0.0180986,129.454,0.81888,0.0
13.1139,0.0187598,129.687,0.807644,0.0
13.0872,0.0181586,128.72,0.802536,0.0
13.0664,0.0182664,128.97,0.806622,0.0
13.0858,0.0183235,128.52,0.805941,0.0
13.1079,0.0179244,129.421,0.799131,0.0
13.1018,0.0183334,128.554,0.789938,0.0
13.088,0.0185189,128.92,0.802196,0.0
13.083,0.0180207,127.92,0.776319,0.0
13.0803,0.0179486,128.637,0.798791,0.0
13.0946,0.0181451,127.153,0.804239,0.0
13.1053,0.0181104,128.787,0.769849,0.0
13.0955,0.0187348,128.687,0.793684,0.0
13.089,0.0185367,127.887,0.787555,0.0
13.0756,0.018379,129.837,0.829776,0.0
13.0849,0.0180967,129.271,0.788576,0.0
13.1074,0.0181326,128.437,0.792322,0.0
13.1378,0.0183504,130.221,0.799812,0.0
13.116,0.0175695,127.286,0.825349,0.0
13.0592,0.0183415,128.253,0.807984,0.0
13.0598,0.0179632,129.07,0.815816,0.0
13.0959,0.0181649,128.77,0.787895,0.0
13.1012,0.0184777,128.754,0.803898,0.0
13.0893,0.0181314,127.62,0.768147,0.0
13.09,0.0179567,129.204,0.7913,0.0
13.1051,0.0181018,129.221,0.801855,0.0
13.0998,0.0180572,129.154,0.784831,0.0
13.0923,0.0181395,129.17,0.786193,0.0
13.1077,0.0182461,128.904,0.799812,0.0
13.0958,0.0182939,128.203,0.809346,0.0
13.0752,0.0185295,129.154,0.795727,0.0
13.1117,0.0182313,128.32,0.772573,0.0
13.1096,0.0181582,129.387,0.805941,0.0
13.0565,0.0178707,127.186,0.81173,0.0
13.0894,0.0179208,128.937,0.796067,0.0
13.1096,0.0180705,128.554,0.802536,0.0
13.0748,0.0178055,130.638,0.801855,0.0
13.0901,0.0179332,129.354,0.790619,0.0
13.0878,0.0181047,129.304,0.796408,0.0
13.0702,0.0181505,127.086,0.806963,0.0
13.0998,0.0184891,130.471,0.788917,0.0
13.1175,0.0182532,128.554,0.80526,0.0
13.1015,0.0185092,127.803,0.794705,0.0
13.0848,0.0187079,128.737,0.777,0.0
13.0643,0.0184695,129.604,0.795386,0.0
13.071,0.0183826,129.654,0.791641,0.0
13.1058,0.0184343,129.07,0.779724,0.0
13.1001,0.0187274,128.887,0.808325,0.0
13.0852,0.0182442,128.153,0.791641,0.0
13.0976,0.0185393,129.504,0.818539,0.0
13.0917,0.0180992,129.037,0.801174,0.0
13.0816,0.0178152,128.02,0.789598,0.0
13.0753,0.0181145,128.42,0.813432,0.0
13.0861,0.018401,129.571,0.796067,0.0
13.0908,0.018484,128.387,0.778702,0.0
13.0644,0.0183567,128.504,0.790619,0.0
13.0914,0.0180467,129.004,0.797429,0.0
13.1259,0.0183521,128.82,0.806282,0.0
13.0838,0.0180466,129.02,0.793343,0.0
13.0672,0.0186754,128.787,0.788236,0.0
13.0931,0.0182558,129.304,0.789257,0.0
13.0781,0.0183157,128.654,0.793684,0.0
13.0814,0.0188625,129.671,0.798791,0.0
13.1059,0.0184695,127.787,0.784831,0.0
13.0562,0.0178513,128.887,0.803217,0.0
13.0471,0.0179289,129.187,0.772233,0.0
13.0638,0.0179824,128.737,0.789257,0.0
13.0664,0.018206,130.104,0.820923,0.0
13.0809,0.0178118,129.02,0.7913,0.0
13.0972,0.0179696,129.687,0.773254,0.0
13.1097,0.0180972,129.737,0.790619,0.0
13.0951,0.0182488,127.903,0.799131,0.0
13.0681,0.018079,128.153,0.810368,0.0
13.0788,0.0180574,128.92,0.791981,0.0
13.1009,0.0183391,129.687,0.806282,0.0
13.1108,0.0181994,129.504,0.786874,0.0
13.0903,0.0179991,128.287,0.814113,0.0
13.0714,0.0182097,128.787,0.793003,0.0
13.0839,0.0180996,128.103,0.788917,0.0
13.0765,0.0180823,128.987,0.791981,0.0
13.0644,0.0184017,129.471,0.801174,0.0
13.0943,0.0186933,128.77,0.791641,0.0
13.121,0.0179843,129.17,0.800153,0.0
13.0996,0.0180863,128.854,0.804239,0.0
13.0766,0.0180684,129.004,0.802536,0.0
13.1036,0.0183325,128.87,0.79811,0.0
13.1144,0.0182159,127.47,0.802196,0.0
13.1037,0.0187342,129.337,0.820242,0.0
13.0926,0.017904,129.921,0.814113,0.0
13.0739,0.0181208,128.103,0.801855,0.0
13.0769,0.0181836,129.904,0.807984,0.0
13.0865,0.0183102,129.571,0.79811,0.0
13.0787,0.0184516,127.77,0.790279,0.0
13.0735,0.0184533,127.87,0.800834,0.0
13.0732,0.0180434,130.221,0.809346,0.0
13.1041,0.0183611,128.704,0.804579,0.0
13.1094,0.0186379,128.404,0.783809,0.0
13.0809,0.0185943,129.037,0.802536,0.0
13.0867,0.0186344,127.637,0.795386,0.0
13.0871,0.0182539,127.503,0.789257,0.0
13.11,0.0178974,130.188,0.781426,0.0
13.1071,0.0184701,128.32,0.811049,0.0
13.068,0.0183448,128.337,0.793684,0.0
13.0743,0.0178783,129.037,0.806282,0.0
13.0851,0.0181562,128.17,0.806963,0.0
13.0852,0.0181998,129.387,0.779383,0.0
13.0733,0.0179222,126.603,0.78415,0.0
13.0625,0.0180065,128.57,0.808665,0.0
13.0806,0.0182042,129.07,0.796408,0.0
13.0799,0.0176201,129.837,0.805601,0.0
13.0671,0.0184877,128.42,0.785171,0.0
13.0942,0.017839,130.271,0.815475,0.0
13.0899,0.0178733,128.687,0.79096,0.0
13.0622,0.0180164,127.203,0.746355,0.0
13.0809,0.0183502,128.654,0.802877,0.0
13.12,0.0185262,131.238,0.793343,0.0
13.1128,0.0179624,128.77,0.804579,0.0
13.0967,0.0178695,129.221,0.793003,0.0
13.1012,0.0182475,129.154,0.802196,0.0
13.0726,0.0182501,128.754,0.79811,0.0
13.0688,0.0178107,129.504,0.791641,0.0
13.091,0.0178208,129.187,0.809006,0.0
13.0976,0.0178289,129.604,0.805601,0.0
13.1029,0.0182145,128.303,0.795046,0.0
13.096,0.0177369,128.57,0.799131,0.0
13.0715,0.0179145,127.42,0.793684,0.0
13.045,0.0180491,129.504,0.802536,0.0
13.0722,0.0184617,128.32,0.808665,0.0
13.1242,0.0185958,129.937,0.779043,0.0
13.1162,0.0182283,128.57,0.804579,0.0
13.0904,0.0181743,128.203,0.81207,0.0
13.0898,0.0179944,128.37,0.803558,0.0
13.0935,0.0182496,128.687,0.814454,0.0
13.1171,0.0183403,128.253,0.807644,0.0
13.0951,0.0185475,130.121,0.790279,0.0
13.0877,0.0179674,127.536,0.805941,0.0
13.0963,0.0179282,127.703,0.795386,0.0
13.1106,0.0180711,129.454,0.789598,0.0
13.1221,0.0183243,130.204,0.797429,0.0
13.0905,0.0180923,128.337,0.792322,0.0
13.1034,0.0181571,129.637,0.78415,0.0
13.1146,0.0181368,127.536,0.794705,0.0
13.0776,0.0178357,128.187,0.788917,0.0
13.087,0.0181555,129.254,0.795727,0.0
13.1044,0.0182273,129.371,0.789257,0.0
13.0858,0.0182188,128.32,0.799131,0.0
13.0719,0.0183882,128.27,0.810027,0.0
13.0695,0.0182241,129.471,0.794705,0.0
13.0759,0.0184813,129.07,0.801174,0.0
13.0949,0.0180495,128.837,0.802536,0.0
13.0878,0.0183766,130.188,0.804579,0.0
13.085,0.0181582,129.304,0.815816,0.0
13.1123,0.0186395,128.57,0.775978,0.0
13.111,0.0180928,128.57,0.809006,0.0
13.0747,0.0179258,128.337,0.781085,0.0
13.0714,0.0185888,128.887,0.794365,0.0
13.0931,0.0189831,128.637,0.770871,0.0
13.1169,0.0185148,126.686,0.801515,0.0
13.1033,0.0180491,129.704,0.794365,0.0
13.0809,0.018528,128.737,0.781085,0.0
13.1129,0.0180316,131.071,0.786533,0.0
13.1197,0.0179007,128.47,0.799812,0.0
13.0897,0.0182595,128.337,0.811049,0.0
13.0731,0.0177665,128.804,0.793343,0.0
13.0892,0.0177703,130.238,0.803898,0.0
13.0987,0.0179754,126.069,0.800834,0.0
13.0821,0.017531,128.654,0.768828,0.0
13.0876,0.0178791,128.203,0.806282,0.0
13.0892,0.0180816,127.97,0.795727,0.0
13.0994,0.0183944,129.337,0.789257,0.0
13.1153,0.0180775,127.687,0.803898,0.0
13.0818,0.017777,128.587,0.804239,0.0
13.0572,0.0179634,128.103,0.787555,0.0
13.095,0.0184535,129.104,0.794705,0.0
13.1145,0.0181326,127.153,0.788917,0.0
13.0857,0.0181554,130.288,0.800834,0.0
13.0837,0.0177363,129.571,0.797089,0.0
13.0788,0.0177335,128.337,0.796408,0.0
13.0919,0.0184989,128.504,0.790619,0.0
13.1113,0.0181952,129.404,0.796408,0.0
13.0927,0.0184307,128.47,0.800153,0.0
13.09,0.0182031,126.303,0.803217,0.0
13.0851,0.0183339,129.02,0.795046,0.0
13.0722,0.018526,129.054,0.795727,0.0
13.0866,0.0178919,128.604,0.796748,0.0
13.0702,0.0178244,129.771,0.788236,0.0
13.057,0.0179746,128.837,0.795727,0.0
13.0981,0.0177387,130.021,0.798451,0.0
13.0939,0.0176229,128.937,0.794365,0.0
13.0812,0.0184162,130.188,0.806963,0.0
13.0972,0.0182556,129.104,0.797089,0.0
13.0764,0.0180744,128.954,0.792662,0.0
13.0633,0.0183492,128.037,0.809006,0.0
13.0939,0.0181368,128.604,0.797089,0.0
13.1159,0.0183981,129.721,0.788236,0.0
13.0757,0.0181449,128.454,0.803558,0.0
13.0414,0.0179947,128.937,0.798451,0.0
13.077,0.0180388,127.737,0.801515,0.0
13.0754,0.0184222,129.187,0.803217,0.0
13.0502,0.0183908,129.304,0.821604,0.0
13.0811,0.0177816,127.787,0.809687,0.0
13.1112,0.01804,128.92,0.798451,0.0
13.111,0.0181724,129.204,0.800493,0.0
13.1094,0.0182364,129.887,0.795727,0.0
13.1074,0.0185829,127.887,0.797429,0.0
13.0978,0.0179035,128.72,0.799812,0.0
13.0873,0.0182707,129.17,0.799472,0.0
13.0797,0.0179878,128.57,0.788917,0.0
13.0934,0.0183519,129.371,0.803217,0.0
13.088,0.0181101,128.32,0.81922,0.0
13.0822,0.0184848,129.154,0.791641,0.0
13.0955,0.0183389,128.47,0.794024,0.0
13.0877,0.0178884,128.504,0.81173,0.0
13.0915,0.0182023,128.287,0.79777,0.0
13.0755,0.0182446,128.687,0.777681,0.0
13.0684,0.0180664,130.138,0.796067,0.0
13.0917,0.0180884,128.07,0.790619,0.0
13.0933,0.0178367,127.653,0.766785,0.0
13.0892,0.0181384,128.604,0.787555,0.0
13.0914,0.0186118,127.903,0.810027,0.0
13.0777,0.0182968,128.97,0.825009,0.0
13.0768,0.0183029,129.07,0.801174,0.0
13.099,0.0182501,127.92,0.814113,0.0
13.0964,0.0180823,129.271,0.807984,0.0
13.0657,0.0184261,129.637,0.804579,0.0
13.0703,0.0185198,127.92,0.793684,0.0
13.1072,0.0180277,128.837,0.785852,0.0
13.1287,0.0182325,129.287,0.805601,0.0
13.1101,0.0183166,127.87,0.799812,0.0
13.1018,0.0185702,128.837,0.804239,0.0
13.1184,0.0182081,128.787,0.784831,0.0
13.1064,0.0179508,128.787,0.804239,0.0
13.0883,0.018341,128.937,0.804239,0.0
13.1101,0.0181227,129.421,0.794024,0.0
13.0979,0.0176088,128.77,0.802196,0.0
13.0882,0.0183343,129.371,0.787214,0.0
13.0999,0.0181863,129.421,0.795386,0.0
13.0851,0.0179151,128.57,0.802196,0.0
13.0914,0.0182532,129.771,0.792662,0.0
13.1063,0.0180004,128.837,0.799472,0.0
13.1416,0.0183717,127.853,0.783809,0.0
13.1267,0.0178345,128.92,0.80492,0.0
13.0654,0.0182488,129.304,0.788917,0.0
13.0798,0.0180124,127.97,0.801515,0.0
13.0975,0.0182479,128.404,0.789938,0.0
13.0831,0.018425,128.554,0.80492,0.0
13.088,0.0180593,128.904,0.788576,0.0
13.0997,0.0179267,128.57,0.801174,0.0
13.0787,0.0178444,127.737,0.767466,0.0
13.0745,0.0182268,128.787,0.799812,0.0
13.0923,0.018376,128.237,0.809346,0.0
13.0884,0.0181345,128.42,0.793003,0.0
13.0943,0.0180934,128.303,0.802877,0.0
13.0819,0.0181887,127.653,0.809687,0.0
13.0568,0.0179243,128.303,0.795046,0.0
13.0745,0.0180213,128.203,0.796748,0.0
13.0829,0.0180076,129.07,0.821263,0.0
13.0953,0.0179957,128.754,0.795727,0.0
13.0988,0.0179371,128.32,0.801515,0.0
13.0893,0.0177898,129.821,0.800153,0.0
13.0971,0.0181119,128.787,0.800153,0.0
13.0773,0.0177902,129.287,0.768487,0.0
13.0565,0.0186132,127.97,0.793343,0.0
13.0815,0.0183054,127.653,0.807984,0.0
13.0844,0.0182583,129.254,0.793003,0.0
13.0671,0.0180205,128.454,0.812411,0.0
13.096,0.0182654,128.12,0.79777,0.0
13.0949,0.0185661,129.721,0.786874,0.0
13.0728,0.0184178,129.104,0.767806,0.0
13.0816,0.0181793,128.937,0.788236,0.0
13.0966,0.0184259,129.921,0.799131,0.0
13.0912,0.018079,128.153,0.78415,0.0
13.0833,0.0182096,128.97,0.803217,0.0
13.085,0.0182826,130.538,0.774957,0.0
13.0961,0.0180086,130.188,0.794705,0.0
13.1038,0.0176163,129.821,0.792662,0.0
13.1056,0.0183185,128.504,0.828754,0.0
13.0848,0.0183095,128.954,0.793003,0.0
13.0917,0.0185458,127.72,0.801855,0.0
13.1062,0.0186125,128.97,0.806282,0.0
13.0483,0.0181933,128.437,0.81207,0.0
13.0496,0.0181529,128.77,0.763039,0.0
13.1186,0.0181606,129.087,0.796408,0.0
13.0916,0.0185597,128.07,0.805941,0.0
13.0613,0.0177942,129.17,0.794705,0.0
13.1064,0.0180977,129.587,0.788917,0.0
13.0944,0.01795,127.87,0.795386,0.0
13.0649,0.0179876,129.187,0.794024,0.0
13.0991,0.0177457,129.604,0.786533,0.0
13.0973,0.0179834,129.237,0.821604,0.0
13.0599,0.0184198,128.82,0.782447,0.0
13.0804,0.017956,128.02,0.809006,0.0
13.0889,0.0180273,128.27,0.787555,0.0
13.092,0.0183149,129.421,0.817177,0.0
13.1375,0.0182891,127.236,0.782788,0.0
13.1304,0.0180161,128.654,0.814794,0.0
13.0948,0.0181312,130.754,0.803558,0.0
13.118,0.0177862,129.271,0.799472,0.0
13.1377,0.0180087,128.82,0.81207,0.0
13.0833,0.0181812,129.454,0.78415,0.0
13.0504,0.0180906,130.204,0.795046,0.0
13.0964,0.0184839,129.637,0.81922,0.0
13.1063,0.0182597,128.037,0.803217,0.0
13.0704,0.0181055,127.97,0.785852,0.0
13.08,0.0182121,129.621,0.785852,0.0
13.0949,0.0180343,129.571,0.808665,0.0
13.0962,0.0186468,128.253,0.788917,0.0
13.1022,0.0182047,128.454,0.79811,0.0
13.0702,0.0181093,128.504,0.797429,0.0
13.063,0.0180891,128.087,0.801174,0.0
13.1317,0.0183894,129.487,0.799812,0.0
13.1443,0.0182424,129.521,0.805941,0.0
13.0895,0.0177285,129.321,0.794365,0.0
13.0786,0.0183455,129.354,0.809346,0.0
13.0992,0.018215,129.337,0.774276,0.0
13.103,0.0178277,129.487,0.819901,0.0
13.0849,0.0181651,129.137,0.786874,0.0
13.086,0.0177034,127.503,0.803898,0.0
13.0933,0.0179026,128.504,0.821944,0.0
13.0837,0.0182273,129.554,0.802536,0.0
13.0887,0.018456,128.57,0.786533,0.0
13.104,0.018171,129.954,0.81173,0.0
13.1121,0.0185888,129.587,0.797089,0.0
13.0906,0.0183208,128.237,0.802536,0.0
13.0781,0.0182756,128.97,0.816837,0.0
13.0834,0.0181151,129.287,0.808325,0.0
13.1089,0.0179491,130.321,0.790279,0.0
13.1237,0.0181034,129.437,0.801174,0.0
13.0667,0.0179823,128.103,0.787214,0.0
13.0385,0.018499,128.87,0.790619,0.0
13.0789,0.0182571,128.42,0.797089,0.0
13.094,0.0187481,127.37,0.793003,0.0
13.0876,0.0182185,128.604,0.786193,0.0
13.0983,0.0179435,128.82,0.802877,0.0
13.0901,0.0180453,128.387,0.790279,0.0
13.0786,0.018266,128.737,0.790279,0.0
13.0685,0.0182083,128.887,0.782107,0.0
13.0809,0.0182381,130.021,0.801174,0.0
13.0787,0.0181349,128.32,0.809346,0.0
13.0569,0.0179044,129.204,0.771552,0.0
13.0883,0.0181035,129.837,0.798451,0.0
13.1032,0.0185412,128.987,0.801174,0.0
13.1138,0.01871,128.704,0.810368,0.0
13.123,0.0180028,127.603,0.794705,0.0
13.0967,0.0181773,130.221,0.81888,0.0
13.1001,0.017758,128.287,0.786193,0.0
13.0805,0.0179737,129.12,0.794705,0.0
13.0454,0.0179139,128.07,0.791981,0.0
13.062,0.0179624,129.387,0.797089,0.0
13.0635,0.0181881,128.47,0.818199,0.0
13.0837,0.0181873,128.987,0.789938,0.0
13.1165,0.0182459,128.77,0.801855,0.0
13.0814,0.0184024,128.454,0.793343,0.0
13.0342,0.0183745,128.904,0.786533,0.0
13.0865,0.0185274,129.271,0.808665,0.0
13.0968,0.018427,127.87,0.807984,0.0
13.0459,0.0178217,130.288,0.817177,0.0
13.063,0.0182662,129.104,0.799472,0.0
13.0609,0.0186102,128.804,0.791981,0.0
13.0523,0.0179202,128.554,0.803558,0.0
13.0832,0.0184046,127.536,0.799472,0.0
13.0776,0.0178887,128.237,0.803558,0.0
13.0573,0.0184602,128.037,0.802196,0.0
13.0788,0.0182726,129.604,0.795727,0.0
13.0994,0.0184752,128.437,0.785852,0.0
13.0887,0.0182933,129.104,0.796408,0.0
13.1333,0.0186323,130.654,0.801174,0.0
13.1356,0.017779,129.154,0.793343,0.0
13.0634,0.0182951,128.854,0.795386,0.0
13.0549,0.0181826,127.953,0.778362,0.0
13.0759,0.0180551,129.904,0.81888,0.0
13.0812,0.0183263,128.187,0.793684,0.0
13.0938,0.0183396,128.087,0.785512,0.0
13.0947,0.0180515,128.27,0.785171,0.0
13.0958,0.0180927,129.887,0.821944,0.0
13.1184,0.0180749,127.22,0.803217,0.0
13.1131,0.0184979,128.704,0.800834,0.0
13.1033,0.0180913,127.62,0.804579,0.0
13.108,0.0181718,128.97,0.794705,0.0
13.103,0.0185074,129.037,0.783128,0.0
13.0966,0.0186193,128.22,0.801515,0.0
13.0796,0.0180956,128.537,0.803217,0.0
13.0584,0.0181935,128.82,0.806282,0.0
13.0449,0.018256,128.654,0.818199,0.0
13.0735,0.0184343,128.737,0.802196,0.0
13.1094,0.0177472,128.003,0.773254,0.0
13.1004,0.0180103,128.237,0.791981,0.0
13.0927,0.0183013,128.72,0.795727,0.0
13.0979,0.0181806,129.837,0.771211,0.0
13.0941,0.0179387,128.353,0.793684,0.0
13.1047,0.0182735,128.554,0.807644,0.0
13.0729,0.0179811,129.804,0.801174,0.0
13.0658,0.0183331,130.254,0.80526,0.0
13.0974,0.0182101,129.587,0.820582,0.0
13.0864,0.0182005,127.837,0.785852,0.0
13.0793,0.0180986,128.52,0.796067,0.0
13.1006,0.0179035,129.754,0.793684,0.0
13.1133,0.0179554,128.87,0.792322,0.0
13.0952,0.0178203,127.103,0.79811,0.0
13.0819,0.017564,128.153,0.783469,0.0
13.063,0.0177005,128.087,0.806622,0.0
13.078,0.018084,128.103,0.790279,0.0
13.1177,0.0176407,127.887,0.788917,0.0
13.1093,0.01817,127.303,0.784831,0.0
13.094,0.0181903,127.136,0.801174,0.0
13.063,0.0180884,128.32,0.801174,0.0
13.0563,0.0181389,128.97,0.795386,0.0
13.0803,0.018283,129.07,0.800834,0.0
13.0688,0.0180962,128.253,0.813432,0.0
13.0658,0.0179781,127.97,0.793684,0.0
13.0859,0.0178803,128.003,0.782788,0.0
13.0819,0.0182797,128.137,0.785171,0.0
13.0947,0.0180258,130.704,0.796748,0.0
13.138,0.0179942,129.037,0.786533,0.0
13.1379,0.0177583,129.054,0.795386,0.0
13.1036,0.0179166,128.07,0.799472,0.0
13.0763,0.0178671,128.504,0.799812,0.0
13.0459,0.0178794,128.454,0.793684,0.0
13.0406,0.0177387,129.354,0.796067,0.0
13.0738,0.0181199,129.02,0.81922,0.0
13.0932,0.0185105,130.221,0.804239,0.0
13.0838,0.0182736,127.603,0.805601,0.0
13.0861,0.0183174,127.92,0.79811,0.0
13.1027,0.0180078,128.554,0.816497,0.0
13.0909,0.0181071,128.837,0.81207,0.0
13.0796,0.0181025,129.12,0.810027,0.0
13.1015,0.017922,128.47,0.800834,0.0
13.0798,0.017966,128.737,0.788576,0.0
13.0392,0.0180286,129.02,0.79777,0.0
13.0902,0.0184008,127.236,0.806963,0.0
13.117,0.0180834,129.487,0.800493,0.0
13.0861,0.0178023,127.803,0.804239,0.0
13.088,0.0180119,129.087,0.799131,0.0
13.1023,0.0179011,128.337,0.786874,0.0
13.0979,0.0182411,129.104,0.794365,0.0
13.0795,0.0176893,128.103,0.781085,0.0
13.0623,0.0180223,128.737,0.789257,0.0
13.0858,0.0181077,128.253,0.810027,0.0
13.1113,0.0181354,130.221,0.808665,0.0
13.0925,0.018053,128.303,0.793003,0.0
13.0865,0.0182,128.487,0.79777,0.0
13.1111,0.0183099,128.787,0.787555,0.0
13.1087,0.0181994,128.037,0.806282,0.0
13.0709,0.0181102,128.037,0.80492,0.0
13.0738,0.01827,130.288,0.803217,0.0
13.0727,0.0180736,127.837,0.7913,0.0
13.0774,0.0183244,128.353,0.827052,0.0
13.1065,0.0179871,130.905,0.805601,0.0
13.0977,0.0184193,127.803,0.781085,0.0
13.0802,0.0181575,128.203,0.796067,0.0
13.1084,0.0180847,129.487,0.799812,0.0
13.1191,0.0178924,127.386,0.80526,0.0
13.0878,0.0180846,130.204,0.796748,0.0
13.0759,0.0178126,128.203,0.786193,0.0
13.0839,0.0184345,131.638,0.793684,0.0
13.0988,0.0181031,129.137,0.783809,0.0
13.1197,0.0186667,130.004,0.785852,0.0
13.0941,0.0176863,128.203,0.792322,0.0
13.0742,0.0184386,129.17,0.79811,0.0
13.0821,0.0182972,128.92,0.809687,0.0
13.0747,0.0181581,128.404,0.773254,0.0
13.085,0.0182537,130.238,0.805601,0.0
13.11,0.0181347,127.42,0.789598,0.0
13.0971,0.0184989,127.82,0.794365,0.0
13.0783,0.0182378,129.154,0.794024,0.0
13.1047,0.0181408,128.687,0.811389,0.0
13.1092,0.0184162,128.37,0.781766,0.0
13.0842,0.0184329,129.371,0.790619,0.0
13.0741,0.0192655,128.587,0.768828,0.0
13.0553,0.0178971,127.887,0.833521,0.0
13.0666,0.0182992,128.454,0.796408,0.0
13.0992,0.0178019,127.436,0.779724,0.0
13.0771,0.0175866,128.187,0.798451,0.0
13.0572,0.0179296,129.221,0.816156,0.0
13.0926,0.0184834,128.87,0.815135,0.0
13.1144,0.0184161,129.154,0.807303,0.0
13.0848,0.0184766,127.87,0.792662,0.0
13.0728,0.0179867,129.937,0.784831,0.0
13.1092,0.0180597,128.404,0.796408,0.0
13.1121,0.0182072,129.587,0.785171,0.0
13.1007,0.0184379,127.253,0.787214,0.0
13.0909,0.018492,128.704,0.800493,0.0
13.0773,0.0183509,130.088,0.79811,0.0
13.0873,0.0180532,130.071,0.809346,0.0
13.0909,0.0177869,128.937,0.797089,0.0
13.0927,0.017654,127.72,0.789938,0.0
13.0983,0.0186011,129.221,0.80492,0.0
13.0826,0.0182525,128.404,0.790279,0.0
13.0918,0.018242,129.004,0.79777,0.0
13.0978,0.0182923,128.42,0.788576,0.0
13.0707,0.0183443,129.137,0.826371,0.0
13.0654,0.0179668,128.87,0.786533,0.0
13.0763,0.0182993,128.854,0.814794,0.0
13.0759,0.0181316,128.82,0.802196,0.0
13.0707,0.0180834,128.153,0.789257,0.0
13.0773,0.0176812,129.621,0.786874,0.0
13.0775,0.0181616,128.454,0.801174,0.0
13.0927,0.0183533,128.12,0.772914,0.0
13.1241,0.0179782,126.986,0.809006,0.0
13.1035,0.0178709,130.988,0.801515,0.0
13.0901,0.0178551,127.687,0.802536,0.0
13.0902,0.017771,129.371,0.799472,0.0
13.0639,0.0181381,128.72,0.792322,0.0
13.0754,0.018003,129.421,0.791981,0.0
13.1136,0.0181087,126.986,0.765082,0.0
13.1005,0.017848,128.654,0.822625,0.0
13.0803,0.018027,129.271,0.793003,0.0
13.0835,0.0179602,127.286,0.786874,0.0
13.1133,0.018063,129.271,0.798451,0.0
13.1351,0.0178108,129.387,0.801855,0.0
13.1105,0.0181526,129.937,0.799812,0.0
13.09,0.0179591,127.87,0.785512,0.0
13.0971,0.0177644,128.353,0.817518,0.0
13.0922,0.0180341,128.203,0.794365,0.0
13.0568,0.0180245,127.536,0.799812,0.0
13.0616,0.0182877,128.637,0.785852,0.0
13.0759,0.0183841,127.52,0.792662,0.0
13.0827,0.0177622,128.287,0.780064,0.0
13.0908,0.0183697,129.771,0.804579,0.0
13.0968,0.0176942,129.154,0.794365,0.0
13.0997,0.0178631,128.487,0.781426,0.0
13.0991,0.018372,129.154,0.794365,0.0
13.0999,0.0180826,127.67,0.785171,0.0
13.0828,0.0184585,127.336,0.812411,0.0
13.0865,0.0182867,130.004,0.782788,0.0
13.1054,0.0178375,129.337,0.811389,0.0
13.1099,0.0178914,128.754,0.808665,0.0
13.1032,0.0178885,128.454,0.803558,0.0
13.0968,0.0181454,129.987,0.804579,0.0
13.1024,0.0184162,128.72,0.802196,0.0
13.0947,0.0183929,128.32,0.820242,0.0
13.0667,0.0182338,128.87,0.792322,0.0
13.0548,0.0181913,128.904,0.807984,0.0
13.0779,0.0181675,128.537,0.822625,0.0
13.0908,0.0184446,127.753,0.795727,0.0
13.081,0.0178516,128.904,0.808325,0.0
13.0751,0.0181486,127.987,0.820923,0.0
13.0909,0.0178267,128.587,0.805941,0.0
13.0891,0.0177929,128.72,0.798791,0.0
13.0846,0.0181617,128.504,0.801855,0.0
13.0941,0.0182253,127.637,0.81173,0.0
13.0935,0.0177485,128.137,0.810708,0.0
13.1254,0.0187114,129.104,0.794365,0.0
13.1223,0.017734,129.02,0.780745,0.0
13.0738,0.0179215,128.637,0.823306,0.0
13.0842,0.0181096,128.387,0.793343,0.0
13.1028,0.0179239,129.421,0.800153,0.0
13.0971,0.0184725,127.97,0.811389,0.0
13.0925,0.0183055,128.12,0.821263,0.0
13.0829,0.0184533,129.804,0.798451,0.0
13.0817,0.0181119,127.92,0.787895,0.0
13.0856,0.0181512,128.604,0.810708,0.0
13.1051,0.0188103,128.987,0.796067,0.0
13.0973,0.0175264,127.787,0.809346,0.0
13.0997,0.0183665,129.571,0.79096,0.0
13.1264,0.0186588,130.204,0.792662,0.0
13.1112,0.0183792,127.687,0.782107,0.0
13.0781,0.018369,128.37,0.780064,0.0
13.0664,0.0185165,128.454,0.806963,0.0
13.0679,0.0182259,126.703,0.779043,0.0
13.079,0.0186581,130.871,0.792662,0.0
13.0916,0.0183644,128.47,0.810027,0.0
13.0994,0.0181923,127.236,0.802536,0.0
13.0897,0.0186998,128.554,0.797089,0.0
13.0849,0.0184703,128.787,0.803898,0.0
13.0801,0.0178865,128.27,0.796067,0.0
13.0935,0.0179378,128.237,0.796408,0.0
13.1082,0.01801,129.137,0.796408,0.0
13.0924,0.0184333,128.937,0.815475,0.0
13.1,0.018301,128.82,0.796748,0.0
13.1093,0.0180477,129.854,0.799472,0.0
13.0832,0.0182648,128.72,0.81173,0.0
13.089,0.0176222,128.687,0.791981,0.0
13.121,0.018346,128.353,0.783809,0.0
13.0924,0.0177922,126.603,0.809346,0.0
13.0688,0.0184278,127.62,0.801515,0.0
13.0979,0.0183957,128.27,0.800493,0.0
13.0962,0.018534,129.054,0.79811,0.0
13.0804,0.0181987,128.587,0.804579,0.0
13.0986,0.0183544,127.787,0.792322,0.0
13.1044,0.0179856,127.803,0.80526,0.0
13.0745,0.0178369,125.819,0.800834,0.0
13.0835,0.0185184,130.604,0.799472,0.0
13.131,0.0186377,127.52,0.796748,0.0
13.1028,0.0180576,128.52,0.787214,0.0
13.0711,0.0181658,128.687,0.803558,0.0
13.0666,0.0182234,128.32,0.799812,0.0
13.0565,0.0182512,128.837,0.815816,0.0
13.0989,0.0178062,128.337,0.775978,0.0
13.1136,0.0181397,129.087,0.81173,0.0
13.0893,0.0181077,129.354,0.815135,0.0
13.0939,0.018185,128.103,0.80492,0.0
13.0887,0.0185701,128.287,0.78415,0.0
13.0754,0.0182289,128.153,0.793684,0.0
13.0779,0.0179432,126.97,0.803898,0.0
13.0781,0.0181569,128.904,0.78449,0.0
13.0882,0.017685,128.203,0.787895,0.0
13.0889,0.0177305,128.353,0.79811,0.0
13.0801,0.0180126,128.17,0.791981,0.0
13.0865,0.0178915,128.387,0.799131,0.0
13.0995,0.0177072,128.904,0.799812,0.0
13.0955,0.0177876,129.421,0.793003,0.0
13.0968,0.0181572,129.254,0.796748,0.0
13.0967,0.0179358,129.287,0.781766,0.0
13.0997,0.0181425,128.887,0.788917,0.0
13.0934,0.0178607,129.754,0.815475,0.0
13.1057,0.0182298,128.454,0.783128,0.0
13.1133,0.0182676,128.42,0.805941,0.0
13.0907,0.0183771,129.621,0.813432,0.0
13.0598,0.0184167,127.837,0.796408,0.0
13.0653,0.0177273,129.237,0.796408,0.0
13.0984,0.0181425,128.604,0.805941,0.0
13.09,0.0179604,128.854,0.809006,0.0
13.0695,0.0180572,127.937,0.808665,0.0
13.0768,0.0179974,129.037,0.799131,0.0
13.0957,0.0181923,128.303,0.80492,0.0
13.1003,0.0187015,128.504,0.776659,0.0
13.1115,0.0178442,128.704,0.801174,0.0
13.1129,0.0179676,128.42,0.814113,0.0
13.0788,0.0178403,130.138,0.792662,0.0
13.0619,0.0181973,128.27,0.785171,0.0
13.1039,0.0178263,128.554,0.786193,0.0
13.125,0.0180057,128.037,0.802877,0.0
13.0864,0.018254,129.987,0.784831,0.0
13.0654,0.018134,128.12,0.788576,0.0
13.0771,0.018129,129.254,0.783128,0.0
13.0893,0.018191,127.903,0.801855,0.0
13.0815,0.018247,128.887,0.802877,0.0
13.0737,0.0182018,127.887,0.795727,0.0
13.0553,0.0177568,130.388,0.81207,0.0
13.058,0.0180619,129.221,0.762018,0.0
13.0674,0.0182049,129.837,0.790619,0.0
13.0851,0.0185047,128.687,0.801174,0.0
13.099,0.0181466,128.203,0.806963,0.0
13.0786,0.0181191,129.637,0.794024,0.0
13.1028,0.0179676,127.87,0.801855,0.0
13.1099,0.017629,128.22,0.807303,0.0
13.0873,0.0183684,128.487,0.796067,0.0
13.1097,0.017615,129.304,0.773595,0.0
13.1157,0.0180026,129.354,0.798451,0.0
13.0812,0.0184192,129.971,0.796748,0.0
13.069,0.0183813,128.737,0.786533,0.0
13.0815,0.0179711,129.004,0.816837,0.0
13.1048,0.0180326,127.887,0.810708,0.0
13.0918,0.0181257,128.437,0.794365,0.0
13.0576,0.0181842,128.303,0.790619,0.0
13.0701,0.0182711,128.87,0.795727,0.0
13.1056,0.0184009,128.103,0.808665,0.0
13.0889,0.0186371,128.937,0.800834,0.0
13.0756,0.0179947,127.837,0.789257,0.0
13.0717,0.018672,128.487,0.795046,0.0
13.06,0.0183127,128.037,0.809346,0.0
13.0695,0.0181829,129.104,0.803898,0.0
13.0952,0.0179364,128.654,0.803898,0.0
13.1131,0.0182122,127.203,0.802877,0.0
13.1095,0.0182498,128.737,0.786533,0.0
13.1091,0.0182995,129.571,0.800834,0.0
13.1093,0.0183669,129.237,0.799131,0.0
13.0883,0.0187597,128.287,0.781085,0.0
13.0734,0.0185004,128.37,0.806622,0.0
13.0756,0.0184565,129.137,0.798451,0.0
13.0906,0.0190339,129.554,0.789257,0.0
13.1061,0.0186131,129.204,0.797089,0.0
13.1099,0.0188524,129.321,0.796408,0.0
13.0936,0.0182493,128.337,0.806622,0.0
13.1078,0.0183905,128.72,0.795046,0.0
13.1293,0.0184689,128.754,0.824328,0.0
13.0889,0.0185798,127.82,0.780405,0.0
13.06,0.0182323,129.904,0.799812,0.0
13.0932,0.0179937,128.92,0.799131,0.0
13.088,0.0183109,128.687,0.808325,0.0
13.0718,0.0183763,128.637,0.821604,0.0
13.0916,0.0180741,129.17,0.788576,0.0
13.0983,0.018141,129.271,0.796408,0.0
13.101,0.0181279,128.32,0.809346,0.0
13.1087,0.0184308,128.27,0.831138,0.0
13.1078,0.0180933,127.937,0.779724,0.0
13.1153,0.0184471,128.554,0.80526,0.0
13.0986,0.0181666,128.587,0.814454,0.0
13.0847,0.0181816,127.07,0.793343,0.0
13.0945,0.017926,128.954,0.781085,0.0
13.0845,0.0,129.637,0.0,0.0
13.0893,0.0,128.22,0.0,0.0
13.0881,0.0,128.504,0.0,0.0
13.0616,0.0,128.203,0.0,0.0
13.0566,0.0,128.537,0.0,0.0
13.0721,0.0,130.154,0.0,0.0
13.08,0.0,128.203,0.0,0.0
13.0914,0.0,129.637,0.0,0.0
13.1041,0.0,128.804,0.0,0.0
13.0996,0.0,127.62,0.0,0.0
13.0809,0.0,128.854,0.0,0.0
13.0819,0.0,129.637,0.0,0.0
13.0803,0.0,128.237,0.0,0.0
13.0677,0.0,130.071,0.0,0.0
13.0738,0.0,129.787,0.0,0.0
13.0995,0.0,128.02,0.0,0.0
13.0988,0.0,128.82,0.0,0.0
13.0689,0.0,129.587,0.0,0.0
13.0811,0.0,128.237,0.0,0.0
13.1017,0.0,128.737,0.0,0.0
13.0929,0.0,128.437,0.0,0.0
13.075,0.0,128.17,0.0,0.0
13.0811,0.0,129.004,0.0,0.0
13.105,0.0,128.737,0.0,0.0
13.0941,0.0,128.454,0.0,0.0
13.0921,0.0,129.854,0.0,0.0
13.0943,0.0,128.92,0.0,0.0
13.0689,0.0,128.137,0.0,0.0
13.0799,0.0,129.271,0.0,0.0
13.0821,0.0,127.77,0.0,0.0
13.0778,0.0,128.637,0.0,0.0
13.1123,0.0,129.004,0.0,0.0
13.1089,0.0,128.754,0.0,0.0
13.0828,0.0,127.753,0.0,0.0
13.1069,0.0,129.337,0.0,0.0
13.1254,0.0,128.62,0.0,0.0
13.0943,0.0,129.754,0.0,0.0
13.0683,0.0,128.02,0.0,0.0
13.0763,0.0,127.803,0.0,0.0
13.0977,0.0,130.388,0.0,0.0
13.1,0.0,128.537,0.0,0.0
13.0676,0.0,127.87,0.0,0.0
13.0653,0.0,128.454,0.0,0.0
13.1191,0.0,130.154,0.0,0.0
13.1033,0.0,128.787,0.0,0.0
13.0656,0.0,129.154,0.0,0.0
13.1056,0.0,129.087,0.0,0.0
13.1119,0.0,127.67,0.0,0.0
13.0877,0.0,130.221,0.0,0.0
13.1088,0.0,128.77,0.0,0.0
13.1096,0.0,127.97,0.0,0.0
13.0847,0.0,130.204,0.0,0.0
13.0784,0.0,128.737,0.0,0.0
13.065,0.0,128.037,0.0,0.0
13.0784,0.0,129.554,0.0,0.0
13.0944,0.0,130.104,0.0,0.0
13.0875,0.0,129.854,0.0,0.0
13.0749,0.0,129.487,0.0,0.0
13.063,0.0,128.303,0.0,0.0
13.0792,0.0,127.77,0.0,0.0
13.0897,0.0,128.637,0.0,0.0
13.0779,0.0,129.854,0.0,0.0
13.0794,0.0,129.137,0.0,0.0
13.0662,0.0,128.62,0.0,0.0
13.0848,0.0,128.32,0.0,0.0
13.1225,0.0,128.87,0.0,0.0
13.0979,0.0,128.837,0.0,0.0
13.0783,0.0,130.388,0.0,0.0
13.0977,0.0,128.237,0.0,0.0
13.0921,0.0,128.987,0.0,0.0
13.0783,0.0,129.504,0.0,0.0
13.0965,0.0,129.17,0.0,0.0
13.1222,0.0,128.404,0.0,0.0
13.0981,0.0,128.153,0.0,0.0
13.0867,0.0,129.421,0.0,0.0
13.1161,0.0,129.304,0.0,0.0
13.1013,0.0,129.454,0.0,0.0
13.0692,0.0,129.687,0.0,0.0
13.0846,0.0,128.42,0.0,0.0
13.0931,0.0,128.187,0.0,0.0
13.0933,0.0,128.187,0.0,0.0
13.0869,0.0,129.137,0.0,0.0
13.0722,0.0,128.07,0.0,0.0
13.0903,0.0,129.221,0.0,0.0
13.0725,0.0,130.438,0.0,0.0
13.028,0.0,128.704,0.0,0.0
13.0388,0.0,128.037,0.0,0.0
13.0686,0.0,129.871,0.0,0.0
13.0696,0.0,128.82,0.0,0.0
13.0707,0.0,128.137,0.0,0.0
13.0893,0.0,128.003,0.0,0.0
13.0999,0.0,128.037,0.0,0.0
13.0967,0.0,127.37,0.0,0.0
13.0824,0.0,129.287,0.0,0.0
13.0739,0.0,129.821,0.0,0.0
13.0731,0.0,131.038,0.0,0.0
13.0649,0.0,128.887,0.0,0.0
13.0853,0.0,128.437,0.0,0.0
13.0998,0.0,128.904,0.0,0.0
13.0843,0.0,129.937,0.0,0.0
13.0789,0.0,128.704,0.0,0.0
13.0864,0.0,129.07,0.0,0.0
13.0725,0.0,129.537,0.0,0.0
13.0608,0.0,128.57,0.0,0.0
13.076,0.0,129.187,0.0,0.0
13.0703,0.0,129.354,0.0,0.0
13.0782,0.0,128.053,0.0,0.0
13.0837,0.0,130.238,0.0,0.0
13.0663,0.0,128.337,0.0,0.0
13.0554,0.0,128.954,0.0,0.0
13.0704,0.0,129.054,0.0,0.0
13.0933,0.0,127.887,0.0,0.0
13.0652,0.0,127.987,0.0,0.0
13.0541,0.0,129.704,0.0,0.0
13.0828,0.0,127.887,0.0,0.0
13.0614,0.0,128.17,0.0,0.0
13.0381,0.0,128.07,0.0,0.0
13.0691,0.0,129.371,0.0,0.0
13.1078,0.0,127.77,0.0,0.0
13.1054,0.0,129.02,0.0,0.0
13.0828,0.0,128.087,0.0,0.0
13.0902,0.0,128.57,0.0,0.0
13.1143,0.0,128.07,0.0,0.0
13.1016,0.0,128.487,0.0,0.0
13.094,0.0,127.803,0.0,0.0
13.0746,0.0,128.72,0.0,0.0
13.0512,0.0,127.236,0.0,0.0
13.0868,0.0,129.571,0.0,0.0
13.1137,0.0,128.904,0.0,0.0
13.0654,0.0,129.821,0.0,0.0
13.0564,0.0,128.837,0.0,0.0
13.0793,0.0,129.971,0.0,0.0
13.0762,0.0,127.837,0.0,0.0
13.0937,0.0,128.887,0.0,0.0
13.0947,0.0,130.671,0.0,0.0
13.0906,0.0,129.787,0.0,0.0
13.0899,0.0,127.486,0.0,0.0
13.1002,0.0,127.203,0.0,0.0
13.1054,0.0,129.287,0.0,0.0
13.0883,0.0,128.487,0.0,0.0
13.0755,0.0,129.421,0.0,0.0
13.0654,0.0,127.97,0.0,0.0
13.084,0.0,129.371,0.0,0.0
13.0855,0.0,128.17,0.0,0.0
13.0767,0.0,127.87,0.0,0.0
13.1096,0.0,129.421,0.0,0.0
13.1183,0.0,128.053,0.0,0.0
13.084,0.0,128.42,0.0,0.0
13.079,0.0,128.037,0.0,0.0
13.102,0.0,128.07,0.0,0.0
13.1063,0.0,128.637,0.0,0.0
13.0943,0.0,128.754,0.0,0.0
13.0822,0.0,129.204,0.0,0.0
13.083,0.0,129.504,0.0,0.0
13.1076,0.0,129.187,0.0,0.0
13.0897,0.0,129.771,0.0,0.0
13.0529,0.0,128.72,0.0,0.0
13.0914,0.0,127.486,0.0,0.0
13.1188,0.0,129.437,0.0,0.0
13.0795,0.0,127.203,0.0,0.0
13.0667,0.0,128.52,0.0,0.0
13.0852,0.0,127.887,0.0,0.0
13.0991,0.0,127.903,0.0,0.0
13.1182,0.0,128.287,0.0,0.0
13.12,0.0,128.87,0.0,0.0
13.086,0.0,128.27,0.0,0.0
13.0791,0.0,128.02,0.0,0.0
13.069,0.0,128.47,0.0,0.0
13.095,0.0,129.604,0.0,0.0
13.1261,0.0,129.854,0.0,0.0
13.084,0.0,128.22,0.0,0.0
13.0837,0.0,129.671,0.0,0.0
13.0756,0.0,128.837,0.0,0.0
13.042,0.0,128.437,0.0,0.0
13.0975,0.0,129.687,0.0,0.0
13.132,0.0,128.22,0.0,0.0
13.0859,0.0,129.521,0.0,0.0
13.0824,0.0,130.504,0.0,0.0
13.0852,0.0,128.353,0.0,0.0
13.0649,0.0,129.087,0.0,0.0
13.0751,0.0,129.971,0.0,0.0
13.0837,0.0,128.837,0.0,0.0
13.096,0.0,128.737,0.0,0.0
13.1055,0.0,128.754,0.0,0.0
13.0811,0.0,129.104,0.0,0.0
13.0807,0.0,128.537,0.0,0.0
13.0863,0.0,127.82,0.0,0.0
13.0816,0.0,129.787,0.0,0.0
13.1014,0.0,128.92,0.0,0.0
13.0867,0.0,128.854,0.0,0.0
13.0666,0.0,127.637,0.0,0.0
13.1151,0.0,129.337,0.0,0.0
13.1253,0.0,127.52,0.0,0.0
13.0856,0.0,130.471,0.0,0.0
13.0698,0.0,128.237,0.0,0.0
13.0597,0.0,129.137,0.0,0.0
13.0722,0.0,128.12,0.0,0.0
13.1054,0.0,129.154,0.0,0.0
13.0909,0.0,128.487,0.0,0.0
13.0792,0.0,128.854,0.0,0.0
13.0972,0.0,127.77,0.0,0.0
13.0747,0.0,129.504,0.0,0.0
13.0493,0.0,128.103,0.0,0.0
13.0623,0.0,128.954,0.0,0.0
13.0916,0.0,130.204,0.0,0.0
13.1014,0.0,129.154,0.0,0.0
13.0772,0.0,128.303,0.0,0.0
13.0577,0.0,128.187,0.0,0.0
13.0616,0.0,128.287,0.0,0.0
13.0778,0.0,128.203,0.0,0.0
13.089,0.0,129.271,0.0,0.0
13.0703,0.0,128.77,0.0,0.0
13.0547,0.0,129.687,0.0,0.0
13.0605,0.0,127.837,0.0,0.0
13.0964,0.0,128.72,0.0,0.0
13.1094,0.0,129.471,0.0,0.0
13.0757,0.0,127.97,0.0,0.0
13.0554,0.0,128.987,0.0,0.0
13.0662,0.0,128.103,0.0,0.0
13.0889,0.0,126.519,0.0,0.0
13.0891,0.0,127.503,0.0,0.0
13.0957,0.0,128.687,0.0,0.0
13.1034,0.0,129.321,0.0,0.0
13.0787,0.0,129.954,0.0,0.0
13.0746,0.0,129.287,0.0,0.0
13.0752,0.0,127.953,0.0,0.0
13.0801,0.0,130.221,0.0,0.0
13.0943,0.0,128.82,0.0,0.0
13.0873,0.0,127.136,0.0,0.0
13.1132,0.0,126.87,0.0,0.0
13.12,0.0,129.17,0.0,0.0
13.0896,0.0,127.586,0.0,0.0
13.1014,0.0,128.587,0.0,0.0
13.1083,0.0,128.787,0.0,0.0
13.0398,0.0,127.403,0.0,0.0
13.0137,0.0,127.52,0.0,0.0
13.0592,0.0,128.67,0.0,0.0
13.0934,0.0,128.287,0.0,0.0
13.0971,0.0,129.137,0.0,0.0
13.0936,0.0,129.504,0.0,0.0
13.0593,0.0,129.404,0.0,0.0
13.0318,0.0,129.504,0.0,0.0
13.0496,0.0,127.987,0.0,0.0
13.0608,0.0,129.471,0.0,0.0
13.0718,0.0,128.52,0.0,0.0
13.0852,0.0,128.87,0.0,0.0
13.0624,0.0,129.254,0.0,0.0
13.0582,0.0,128.82,0.0,0.0
13.1031,0.0,128.72,0.0,0.0
13.0884,0.0,129.221,0.0,0.0
13.0703,0.0,128.17,0.0,0.0
13.1047,0.0,129.837,0.0,0.0
13.1128,0.0,128.637,0.0,0.0
13.0702,0.0,129.271,0.0,0.0
13.0597,0.0,129.054,0.0,0.0
13.0861,0.0,129.854,0.0,0.0
13.0953,0.0,129.12,0.0,0.0
13.1074,0.0,128.754,0.0,0.0
13.1002,0.0,128.837,0.0,0.0
13.0747,0.0,128.487,0.0,0.0
13.0936,0.0,128.704,0.0,0.0
13.104,0.0,129.754,0.0,0.0
13.0907,0.0,129.487,0.0,0.0
13.1073,0.0,130.271,0.0,0.0
13.1343,0.0,129.17,0.0,0.0
13.1019,0.0,127.553,0.0,0.0
13.0704,0.0,127.87,0.0,0.0
13.087,0.0,127.27,0.0,0.0
13.078,0.0,128.287,0.0,0.0
13.0757,0.0,128.754,0.0,0.0
13.0867,0.0,128.187,0.0,0.0
13.093,0.0,128.57,0.0,0.0
13.1163,0.0,129.17,0.0,0.0
13.1003,0.0,126.736,0.0,0.0
13.0615,0.0,128.003,0.0,0.0
13.0689,0.0,129.287,0.0,0.0
13.0823,0.0,128.57,0.0,0.0
13.0764,0.0,129.237,0.0,0.0
13.056,0.0,128.053,0.0,0.0
13.0307,0.0,128.92,0.0,0.0
13.0748,0.0,127.637,0.0,0.0
13.1,0.0,129.971,0.0,0.0
13.0685,0.0,128.237,0.0,0.0
13.0774,0.0,128.954,0.0,0.0
13.1043,0.0,129.07,0.0,0.0
13.1163,0.0,128.287,0.0,0.0
13.1067,0.0,129.104,0.0,0.0
13.0776,0.0,128.087,0.0,0.0
13.0771,0.0,128.387,0.0,0.0
13.0927,0.0,129.137,0.0,0.0
13.0885,0.0,130.521,0.0,0.0
13.0913,0.0,128.303,0.0,0.0
13.0953,0.0,128.353,0.0,0.0
13.0778,0.0,129.07,0.0,0.0
13.0627,0.0,129.371,0.0,0.0
13.0873,0.0,128.787,0.0,0.0
13.1018,0.0,129.271,0.0,0.0
13.0866,0.0,128.404,0.0,0.0
13.083,0.0,127.703,0.0,0.0
13.1102,0.0,129.271,0.0,0.0
13.1392,0.0,129.304,0.0,0.0
13.108,0.0,127.536,0.0,0.0
13.0709,0.0,128.487,0.0,0.0
13.0929,0.0,130.254,0.0,0.0
13.1082,0.0,129.17,0.0,0.0
13.064,0.0,128.37,0.0,0.0
13.0601,0.0,129.437,0.0,0.0
13.0781,0.0,129.354,0.0,0.0
13.0526,0.0,128.837,0.0,0.0
13.0677,0.0,129.137,0.0,0.0
13.0946,0.0,128.87,0.0,0.0
13.0797,0.0,129.404,0.0,0.0
13.0746,0.0,129.671,0.0,0.0
13.0693,0.0,128.137,0.0,0.0
13.0764,0.0,128.554,0.0,0.0
13.1071,0.0,128.77,0.0,0.0
13.1021,0.0,127.42,0.0,0.0
13.1042,0.0,129.07,0.0,0.0
13.1444,0.0,127.67,0.0,0.0
13.0884,0.0,128.353,0.0,0.0
13.052,0.0,129.12,0.0,0.0
13.0946,0.0,129.754,0.0,0.0
13.0762,0.0,128.303,0.0,0.0
13.0609,0.0,129.721,0.0,0.0
13.1007,0.0,129.221,0.0,0.0
13.0992,0.0,128.237,0.0,0.0
13.0787,0.0,129.17,0.0,0.0
13.093,0.0,130.454,0.0,0.0
13.1147,0.0,128.587,0.0,0.0
13.101,0.0,128.587,0.0,0.0
13.0799,0.0,129.237,0.0,0.0
13.073,0.0,128.787,0.0,0.0
13.0622,0.0,129.304,0.0,0.0
13.0701,0.0,128.287,0.0,0.0
13.0886,0.0,127.87,0.0,0.0
13.0701,0.0,128.837,0.0,0.0
13.0399,0.0,127.787,0.0,0.0
13.0596,0.0,127.503,0.0,0.0
13.0783,0.0,127.82,0.0,0.0
13.076,0.0,129.17,0.0,0.0
13.0927,0.0,128.587,0.0,0.0
13.1,0.0,128.987,0.0,0.0
13.0749,0.0,129.221,0.0,0.0
13.0919,0.0,128.454,0.0,0.0
13.1192,0.0,128.904,0.0,0.0
13.1105,0.0,129.537,0.0,0.0
13.1019,0.0,127.353,0.0,0.0
13.105,0.0,127.67,0.0,0.0
13.1183,0.0,129.12,0.0,0.0
13.1085,0.0,128.637,0.0,0.0
13.0968,0.0,129.07,0.0,0.0
13.1246,0.0,128.787,0.0,0.0
13.1139,0.0,128.37,0.0,0.0
13.0696,0.0,128.754,0.0,0.0
13.0969,0.0,128.27,0.0,0.0
13.1372,0.0,129.221,0.0,0.0
13.1064,0.0,128.287,0.0,0.0
13.0797,0.0,127.72,0.0,0.0
13.1061,0.0,128.987,0.0,0.0
13.1097,0.0,128.637,0.0,0.0
13.0899,0.0,129.187,0.0,0.0
13.1123,0.0,128.987,0.0,0.0
13.1207,0.0,128.687,0.0,0.0
13.108,0.0,129.204,0.0,0.0
13.1085,0.0,130.121,0.0,0.0
13.1089,0.0,127.77,0.0,0.0
13.0854,0.0,128.053,0.0,0.0
13.0814,0.0,128.537,0.0,0.0
13.0983,0.0,129.787,0.0,0.0
13.0888,0.0,129.687,0.0,0.0
13.0734,0.0,127.77,0.0,0.0
13.0639,0.0,128.954,0.0,0.0
13.0793,0.0,129.987,0.0,0.0
13.0993,0.0,127.67,0.0,0.0
13.0691,0.0,128.604,0.0,0.0
13.0597,0.0,129.871,0.0,0.0
13.0905,0.0,128.103,0.0,0.0
13.0941,0.0,128.754,0.0,0.0
13.0925,0.0,129.654,0.0,0.0
13.1016,0.0,128.02,0.0,0.0
13.1069,0.0,127.586,0.0,0.0
13.0884,0.0,129.221,0.0,0.0
13.0908,0.0,130.721,0.0,0.0
13.1058,0.0,128.887,0.0,0.0
13.0883,0.0,129.454,0.0,0.0
13.0857,0.0,128.037,0.0,0.0
13.0817,0.0,128.454,0.0,0.0
13.0743,0.0,128.92,0.0,0.0
13.0812,0.0,129.437,0.0,0.0
13.0814,0.0,127.87,0.0,0.0
13.0754,0.0,129.837,0.0,0.0
13.0895,0.0,128.72,0.0,0.0
13.0734,0.0,128.437,0.0,0.0
13.0722,0.0,128.537,0.0,0.0
13.1118,0.0,129.471,0.0,0.0
13.1036,0.0,128.57,0.0,0.0
13.0752,0.0,128.137,0.0,0.0
13.0777,0.0,128.52,0.0,0.0
13.0859,0.0,129.387,0.0,0.0
13.086,0.0,128.253,0.0,0.0
13.0731,0.0,128.737,0.0,0.0
13.0592,0.0,129.154,0.0,0.0
13.0706,0.0,129.437,0.0,0.0
13.0868,0.0,128.32,0.0,0.0
13.1056,0.0,129.737,0.0,0.0
13.0965,0.0,129.104,0.0,0.0
13.0692,0.0,128.837,0.0,0.0
13.0643,0.0,127.687,0.0,0.0
13.1025,0.0,129.737,0.0,0.0
13.1081,0.0,126.786,0.0,0.0
13.0855,0.0,130.254,0.0,0.0
13.1122,0.0,128.153,0.0,0.0
13.1007,0.0,128.637,0.0,0.0
13.0705,0.0,129.037,0.0,0.0
13.0858,0.0,128.454,0.0,0.0
13.0858,0.0,129.037,0.0,0.0
13.0927,0.0,128.887,0.0,0.0
13.1042,0.0,129.037,0.0,0.0
13.0861,0.0,128.053,0.0,0.0
13.0679,0.0,128.203,0.0,0.0
13.0801,0.0,127.603,0.0,0.0
13.0805,0.0,129.554,0.0,0.0
13.0841,0.0,129.687,0.0,0.0
13.0933,0.0,128.32,0.0,0.0
13.0912,0.0,130.121,0.0,0.0
13.0953,0.0,128.153,0.0,0.0
13.0798,0.0,128.704,0.0,0.0
13.0487,0.0,127.503,0.0,0.0
13.0411,0.0,129.554,0.0,0.0
13.0716,0.0,129.204,0.0,0.0
13.0795,0.0,129.504,0.0,0.0
13.0945,0.0,128.404,0.0,0.0
13.1069,0.0,128.837,0.0,0.0
13.0818,0.0,129.371,0.0,0.0
13.0581,0.0,128.32,0.0,0.0
13.0674,0.0,129.237,0.0,0.0
13.0726,0.0,127.57,0.0,0.0
13.0766,0.0,129.254,0.0,0.0
13.0761,0.0,127.236,0.0,0.0
13.102,0.0,129.07,0.0,0.0
13.1248,0.0,128.17,0.0,0.0
13.0776,0.0,128.47,0.0,0.0
13.0714,0.0,128.387,0.0,0.0
13.1015,0.0,128.937,0.0,0.0
13.0985,0.0,129.054,0.0,0.0
13.0862,0.0,129.987,0.0,0.0
13.0855,0.0,127.637,0.0,0.0
13.0724,0.0,129.037,0.0,0.0
13.0627,0.0,130.471,0.0,0.0
13.0723,0.0,127.17,0.0,0.0
13.0786,0.0,129.654,0.0,0.0
13.0708,0.0,128.637,0.0,0.0
13.0672,0.0,129.137,0.0,0.0
13.0984,0.0,129.221,0.0,0.0
13.1036,0.0,127.853,0.0,0.0
13.078,0.0,127.937,0.0,0.0
13.0947,0.0,128.52,0.0,0.0
13.0921,0.0,128.954,0.0,0.0
13.0594,0.0,129.887,0.0,0.0
13.0767,0.0,129.271,0.0,0.0
13.1034,0.0,128.72,0.0,0.0
13.1069,0.0,129.854,0.0,0.0
13.0674,0.0,127.82,0.0,0.0
13.0417,0.0,128.337,0.0,0.0
13.0714,0.0,128.437,0.0,0.0
13.0831,0.0,129.054,0.0,0.0
13.101,0.0,129.404,0.0,0.0
13.1075,0.0,128.17,0.0,0.0
13.0807,0.0,128.604,0.0,0.0
13.0884,0.0,129.804,0.0,0.0
13.0742,0.0,129.504,0.0,0.0
13.0502,0.0,128.52,0.0,0.0
13.0823,0.0,128.053,0.0,0.0
13.1032,0.0,129.037,0.0,0.0
13.0917,0.0,128.07,0.0,0.0
13.0959,0.0,129.421,0.0,0.0
13.0928,0.0,128.504,0.0,0.0
13.0744,0.0,127.82,0.0,0.0
13.0786,0.0,128.47,0.0,0.0
13.1018,0.0,128.804,0.0,0.0
13.1029,0.0,128.787,0.0,0.0
13.0718,0.0,128.57,0.0,0.0
13.0744,0.0,129.637,0.0,0.0
13.0868,0.0,128.454,0.0,0.0
13.0762,0.0,127.22,0.0,0.0
13.0668,0.0,128.97,0.0,0.0
13.0652,0.0,128.587,0.0,0.0
13.0856,0.0,128.637,0.0,0.0
13.1106,0.0,129.371,0.0,0.0
13.0849,0.0,127.87,0.0,0.0
13.068,0.0,130.188,0.0,0.0
13.0947,0.0,128.604,0.0,0.0
13.0776,0.0,128.237,0.0,0.0
13.0571,0.0,129.804,0.0,0.0
13.0899,0.0,129.204,0.0,0.0
13.0906,0.0,128.97,0.0,0.0
13.0974,0.0,129.871,0.0,0.0
13.1083,0.0,127.787,0.0,0.0
13.0678,0.0,129.354,0.0,0.0
13.0604,0.0,128.42,0.0,0.0
13.0634,0.0,128.253,0.0,0.0
13.0588,0.0,129.004,0.0,0.0
13.0795,0.0,129.271,0.0,0.0
13.0983,0.0,128.504,0.0,0.0
13.1079,0.0,128.554,0.0,0.0
13.0906,0.0,127.837,0.0,0.0
13.0891,0.0,127.436,0.0,0.0
13.1026,0.0,129.554,0.0,0.0
13.092,0.0,129.387,0.0,0.0
13.0932,0.0,127.77,0.0,0.0
13.1198,0.0,128.72,0.0,0.0
13.0955,0.0,129.404,0.0,0.0
13.0815,0.0,128.42,0.0,0.0
13.0984,0.0,129.504,0.0,0.0
13.0791,0.0,127.953,0.0,0.0
13.071,0.0,129.754,0.0,0.0
13.0799,0.0,127.737,0.0,0.0
13.0545,0.0,129.654,0.0,0.0
13.0704,0.0,129.12,0.0,0.0
13.081,0.0,127.803,0.0,0.0
13.0687,0.0,128.837,0.0,0.0
13.0993,0.0,128.12,0.0,0.0
13.1043,0.0,129.287,0.0,0.0
13.0896,0.0,128.787,0.0,0.0
13.0759,0.0,128.27,0.0,0.0
13.0776,0.0,128.954,0.0,0.0
13.1101,0.0,128.103,0.0,0.0
13.1036,0.0,127.987,0.0,0.0
13.0512,0.0,128.637,0.0,0.0
13.0558,0.0,127.753,0.0,0.0
13.0978,0.0,129.671,0.0,0.0
13.0901,0.0,125.669,0.0,0.0
13.0741,0.0,128.52,0.0,0.0
13.0944,0.0,130.288,0.0,0.0
13.1186,0.0,127.92,0.0,0.0
13.103,0.0,129.687,0.0,0.0
13.0794,0.0,127.436,0.0,0.0
13.0841,0.0,127.97,0.0,0.0
13.0962,0.0,128.237,0.0,0.0
13.0911,0.0,128.487,0.0,0.0
13.0837,0.0,128.52,0.0,0.0
13.0786,0.0,130.404,0.0,0.0
13.0765,0.0,128.253,0.0,0.0
13.0822,0.0,129.187,0.0,0.0
13.0971,0.0,128.17,0.0,0.0
13.0882,0.0,128.737,0.0,0.0
13.0837,0.0,128.12,0.0,0.0
13.0939,0.0,128.554,0.0,0.0
13.0879,0.0,129.321,0.0,0.0
13.0926,0.0,129.454,0.0,0.0
13.1052,0.0,128.053,0.0,0.0
13.0789,0.0,128.804,0.0,0.0
13.0572,0.0,127.903,0.0,0.0
13.0684,0.0,127.97,0.0,0.0
13.0864,0.0,128.554,0.0,0.0
13.0904,0.0,127.803,0.0,0.0
13.0671,0.0,127.27,0.0,0.0
13.0664,0.0,128.053,0.0,0.0
13.0923,0.0,127.653,0.0,0.0
13.0922,0.0,128.27,0.0,0.0
13.0801,0.0,129.17,0.0,0.0
13.0854,0.0,129.12,0.0,0.0
13.0979,0.0,128.103,0.0,0.0
13.0742,0.0,128.82,0.0,0.0
13.0518,0.0,127.97,0.0,0.0
13.0736,0.0,127.953,0.0,0.0
13.094,0.0,129.421,0.0,0.0
13.0938,0.0,127.753,0.0,0.0
13.0931,0.0,128.987,0.0,0.0
13.0697,0.0,128.387,0.0,0.0
13.0756,0.0,128.47,0.0,0.0
13.1091,0.0,127.987,0.0,0.0
13.0958,0.0,129.371,0.0,0.0
13.0917,0.0,129.321,0.0,0.0
13.0777,0.0,129.17,0.0,0.0
13.0506,0.0,128.087,0.0,0.0
13.0639,0.0,129.754,0.0,0.0
13.1106,0.0,129.287,0.0,0.0
13.1147,0.0,129.204,0.0,0.0
13.0918,0.0,127.737,0.0,0.0
13.0989,0.0,128.687,0.0,0.0
13.1102,0.0,127.82,0.0,0.0
13.0707,0.0,130.688,0.0,0.0
13.0807,0.0,128.504,0.0,0.0
13.1042,0.0,129.471,0.0,0.0
13.083,0.0,128.337,0.0,0.0
13.0783,0.0,130.304,0.0,0.0
13.1031,0.0,129.287,0.0,0.0
13.1003,0.0,128.103,0.0,0.0
13.0814,0.0,128.554,0.0,0.0
13.1071,0.0,128.22,0.0,0.0
13.0936,0.0,127.687,0.0,0.0
13.0557,0.0,130.038,0.0,0.0
13.1062,0.0,128.37,0.0,0.0
13.1225,0.0,128.103,0.0,0.0
13.0842,0.0,128.12,0.0,0.0
13.0838,0.0,128.804,0.0,0.0
13.0984,0.0,128.353,0.0,0.0
13.0827,0.0,128.137,0.0,0.0
13.0631,0.0,128.337,0.0,0.0
13.0892,0.0,128.42,0.0,0.0
13.1096,0.0,130.504,0.0,0.0
13.0972,0.0,128.454,0.0,0.0
13.0848,0.0,127.803,0.0,0.0
13.0914,0.0,129.754,0.0,0.0
13.0878,0.0,129.904,0.0,0.0
13.0919,0.0,128.687,0.0,0.0
13.1087,0.0,129.037,0.0,0.0
13.1073,0.0,129.604,0.0,0.0
13.106,0.0,128.137,0.0,0.0
13.0952,0.0,128.67,0.0,0.0
13.0852,0.0,129.954,0.0,0.0
13.0858,0.0,129.654,0.0,0.0
13.0771,0.0,128.454,0.0,0.0
13.0809,0.0,128.22,0.0,0.0
13.0903,0.0,128.72,0.0,0.0
13.0718,0.0,128.003,0.0,0.0
13.0791,0.0,128.57,0.0,0.0
13.0876,0.0,128.504,0.0,0.0
13.0626,0.0,129.554,0.0,0.0
13.0935,0.0,128.07,0.0,0.0
13.137,0.0,129.771,0.0,0.0
13.0984,0.0,130.004,0.0,0.0
13.0765,0.0,129.07,0.0,0.0
13.0687,0.0,129.454,0.0,0.0
13.0578,0.0,128.87,0.0,0.0
13.0665,0.0,129.421,0.0,0.0
13.0808,0.0,129.437,0.0,0.0
13.1036,0.0,128.57,0.0,0.0
13.1082,0.0,128.537,0.0,0.0
13.0821,0.0,129.287,0.0,0.0
13.0865,0.0,129.987,0.0,0.0
13.1008,0.0,127.52,0.0,0.0
13.088,0.0,127.386,0.0,0.0
13.0906,0.0,126.669,0.0,0.0
13.0648,0.0,128.337,0.0,0.0
13.0735,0.0,128.387,0.0,0.0
13.1046,0.0,128.053,0.0,0.0
13.0945,0.0,128.837,0.0,0.0
13.1011,0.0,129.054,0.0,0.0
13.1032,0.0,128.637,0.0,0.0
13.0885,0.0,128.737,0.0,0.0
13.0749,0.0,127.803,0.0,0.0
13.0674,0.0,128.754,0.0,0.0
13.0846,0.0,129.104,0.0,0.0
13.0846,0.0,127.687,0.0,0.0
13.0804,0.0,129.02,0.0,0.0
13.1162,0.0,127.987,0.0,0.0
13.1223,0.0,127.72,0.0,0.0
13.0925,0.0,128.404,0.0,0.0
13.0887,0.0,130.171,0.0,0.0
13.0862,0.0,128.82,0.0,0.0
13.089,0.0,128.587,0.0,0.0
13.0798,0.0,129.104,0.0,0.0
13.0703,0.0,129.104,0.0,0.0
13.104,0.0,127.553,0.0,0.0
13.097,0.0,128.62,0.0,0.0
13.0672,0.0,128.22,0.0,0.0
13.0856,0.0,128.787,0.0,0.0
13.1063,0.0,128.037,0.0,0.0
13.0814,0.0,128.237,0.0,0.0
13.0778,0.0,127.336,0.0,0.0
13.1014,0.0,128.67,0.0,0.0
13.0991,0.0,128.253,0.0,0.0
13.0957,0.0,128.487,0.0,0.0
13.0875,0.0,128.687,0.0,0.0
13.0749,0.0,128.704,0.0,0.0
13.0812,0.0,128.587,0.0,0.0
13.0978,0.0,128.57,0.0,0.0
13.1088,0.0,128.437,0.0,0.0
13.0998,0.0,129.337,0.0,0.0
13.0726,0.0,127.687,0.0,0.0
13.0744,0.0,128.57,0.0,0.0
13.1003,0.0,129.07,0.0,0.0
13.0745,0.0,128.654,0.0,0.0
13.055,0.0,128.554,0.0,0.0
13.0894,0.0,128.137,0.0,0.0
13.0873,0.0,129.17,0.0,0.0
13.0823,0.0,129.17,0.0,0.0
13.1075,0.0,128.604,0.0,0.0
13.0975,0.0,129.671,0.0,0.0
13.0857,0.0,129.421,0.0,0.0
13.1145,0.0,128.67,0.0,0.0
13.1292,0.0,128.137,0.0,0.0
13.098,0.0,128.487,0.0,0.0
13.0738,0.0,128.253,0.0,0.0
13.0522,0.0,129.804,0.0,0.0
13.0702,0.0,128.303,0.0,0.0
13.1246,0.0,129.037,0.0,0.0
13.1015,0.0,128.47,0.0,0.0
13.0737,0.0,129.287,0.0,0.0
13.0712,0.0,129.154,0.0,0.0
13.0761,0.0,127.887,0.0,0.0
13.0886,0.0,127.586,0.0,0.0
13.1013,0.0,128.804,0.0,0.0
13.1143,0.0,128.637,0.0,0.0
13.0919,0.0,128.737,0.0,0.0
13.0621,0.0,128.153,0.0,0.0
13.0671,0.0,128.704,0.0,0.0
13.0737,0.0,126.903,0.0,0.0
13.0797,0.0,130.321,0.0,0.0
13.0902,0.0,129.471,0.0,0.0
13.0926,0.0,129.337,0.0,0.0
13.0939,0.0,129.904,0.0,0.0
13.0765,0.0,129.604,0.0,0.0
13.0977,0.0,128.654,0.0,0.0
13.1123,0.0,129.371,0.0,0.0
13.0968,0.0,129.704,0.0,0.0
13.1224,0.0,128.37,0.0,0.0
13.1398,0.0,128.67,0.0,0.0
13.0836,0.0,128.687,0.0,0.0
13.0596,0.0,127.803,0.0,0.0
13.1013,0.0,129.571,0.0,0.0
13.1217,0.0,129.704,0.0,0.0
13.0837,0.0,128.637,0.0,0.0
13.0647,0.0,128.437,0.0,0.0
13.0757,0.0,128.837,0.0,0.0
13.0691,0.0,127.653,0.0,0.0
13.0579,0.0,128.704,0.0,0.0
13.0775,0.0,128.737,0.0,0.0
13.0798,0.0,129.554,0.0,0.0
13.0572,0.0,129.387,0.0,0.0
13.0737,0.0,129.287,0.0,0.0
13.1071,0.0,128.337,0.0,0.0
13.0864,0.0,128.887,0.0,0.0
13.0711,0.0,129.521,0.0,0.0
13.0911,0.0,128.487,0.0,0.0
13.0872,0.0,129.704,0.0,0.0
13.0803,0.0,128.47,0.0,0.0
13.1011,0.0,129.054,0.0,0.0
13.1066,0.0,128.804,0.0,0.0
13.0625,0.0,128.303,0.0,0.0
13.0669,0.0,128.487,0.0,0.0
13.1152,0.0,128.537,0.0,0.0
13.1049,0.0,127.103,0.0,0.0
13.0852,0.0,129.437,0.0,0.0
13.097,0.0,128.92,0.0,0.0
13.079,0.0,128.303,0.0,0.0
13.0601,0.0,129.004,0.0,0.0
13.1068,0.0,129.771,0.0,0.0
13.1211,0.0,127.486,0.0,0.0
13.0896,0.0,129.204,0.0,0.0
13.0862,0.0,130.088,0.0,0.0
13.0903,0.0,128.253,0.0,0.0
13.0811,0.0,128.57,0.0,0.0
13.0857,0.0,127.72,0.0,0.0
13.1077,0.0,131.405,0.0,0.0
13.1076,0.0,128.804,0.0,0.0
13.1197,0.0,129.321,0.0,0.0
13.1443,0.0,127.82,0.0,0.0
13.0923,0.0,128.287,0.0,0.0
13.0599,0.0,128.003,0.0,0.0
13.0859,0.0,128.837,0.0,0.0
13.0925,0.0,128.72,0.0,0.0
13.0856,0.0,129.771,0.0,0.0
13.1048,0.0,128.47,0.0,0.0
13.1043,0.0,128.954,0.0,0.0
13.0582,0.0,127.737,0.0,0.0
13.0625,0.0,127.603,0.0,0.0
13.0795,0.0,129.337,0.0,0.0
13.0954,0.0,127.47,0.0,0.0
13.1146,0.0,129.537,0.0,0.0
13.0786,0.0,128.954,0.0,0.0
13.0534,0.0,128.42,0.0,0.0
13.0778,0.0,129.371,0.0,0.0
13.0792,0.0,129.087,0.0,0.0
13.0819,0.0,128.554,0.0,0.0
13.0857,0.0,128.17,0.0,0.0
13.0539,0.0,128.153,0.0,0.0
13.0431,0.0,129.17,0.0,0.0
13.07,0.0,127.903,0.0,0.0
13.0921,0.0,129.537,0.0,0.0
13.097,0.0,129.637,0.0,0.0
13.0828,0.0,128.92,0.0,0.0
13.065,0.0,128.27,0.0,0.0
13.0418,0.0,128.72,0.0,0.0
13.0594,0.0,128.253,0.0,0.0
13.0917,0.0,128.07,0.0,0.0
13.0755,0.0,128.353,0.0,0.0
13.0655,0.0,129.787,0.0,0.0
13.0838,0.0,127.87,0.0,0.0
13.083,0.0,129.204,0.0,0.0
13.09,0.0,127.987,0.0,0.0
13.1149,0.0,128.587,0.0,0.0
13.1183,0.0,128.637,0.0,0.0
13.0896,0.0,128.12,0.0,0.0
13.0527,0.0,128.637,0.0,0.0
13.0633,0.0,127.603,0.0,0.0
13.0608,0.0,127.853,0.0,0.0
13.067,0.0,130.538,0.0,0.0
13.0854,0.0,127.42,0.0,0.0
13.0591,0.0,130.388,0.0,0.0
13.052,0.0,128.32,0.0,0.0
13.112,0.0,129.304,0.0,0.0
13.1168,0.0,127.453,0.0,0.0
13.0771,0.0,128.837,0.0,0.0
13.1031,0.0,129.954,0.0,0.0
13.1033,0.0,128.103,0.0,0.0
13.0881,0.0,129.17,0.0,0.0
13.0958,0.0,129.887,0.0,0.0
13.0866,0.0,130.888,0.0,0.0
13.0797,0.0,129.004,0.0,0.0
13.0814,0.0,128.754,0.0,0.0
13.0734,0.0,129.254,0.0,0.0
13.0972,0.0,129.054,0.0,0.0
13.0996,0.0,128.654,0.0,0.0
13.0584,0.0,128.037,0.0,0.0
13.079,0.0,129.054,0.0,0.0
13.1026,0.0,129.421,0.0,0.0
13.0926,0.0,128.003,0.0,0.0
13.1093,0.0,129.521,0.0,0.0
13.1132,0.0,128.854,0.0,0.0
13.0969,0.0,128.253,0.0,0.0
13.0876,0.0,129.621,0.0,0.0
13.0714,0.0,129.471,0.0,0.0
13.0739,0.0,129.454,0.0,0.0
13.0859,0.0,128.987,0.0,0.0
13.0788,0.0,128.504,0.0,0.0
13.0803,0.0,127.603,0.0,0.0
13.0734,0.0,127.903,0.0,0.0
13.0825,0.0,129.321,0.0,0.0
13.1024,0.0,128.303,0.0,0.0
13.0848,0.0,128.804,0.0,0.0
13.0713,0.0,129.354,0.0,0.0
13.0806,0.0,127.97,0.0,0.0
13.0893,0.0,128.854,0.0,0.0
13.0899,0.0,127.503,0.0,0.0
13.0993,0.0,130.288,0.0,0.0
13.1062,0.0,128.82,0.0,0.0
13.0863,0.0,129.02,0.0,0.0
13.0897,0.0,130.088,0.0,0.0
13.0804,0.0,127.737,0.0,0.0
13.055,0.0,129.721,0.0,0.0
13.1042,0.0,128.587,0.0,0.0
13.1178,0.0,130.154,0.0,0.0
13.0845,0.0,129.654,0.0,0.0
13.0933,0.0,129.387,0.0,0.0
13.1004,0.0,129.837,0.0,0.0
13.1038,0.0,129.221,0.0,0.0
13.098,0.0,129.871,0.0,0.0
13.104,0.0,128.754,0.0,0.0
13.1282,0.0,128.337,0.0,0.0
13.1079,0.0,129.721,0.0,0.0
13.0866,0.0,128.82,0.0,0.0
13.0829,0.0,128.837,0.0,0.0
13.0818,0.0,128.587,0.0,0.0
13.1004,0.0,130.121,0.0,0.0
13.1202,0.0,129.921,0.0,0.0
13.0734,0.0,128.02,0.0,0.0
13.04,0.0,129.12,0.0,0.0
13.083,0.0,128.737,0.0,0.0
13.0832,0.0,127.17,0.0,0.0
13.0686,0.0,127.937,0.0,0.0
13.0656,0.0,128.203,0.0,0.0
13.0521,0.0,129.07,0.0,0.0
13.0845,0.0,128.754,0.0,0.0
13.1039,0.0,128.47,0.0,0.0
13.0892,0.0,129.254,0.0,0.0
13.1152,0.0,128.22,0.0,0.0
13.1143,0.0,128.337,0.0,0.0
13.0831,0.0,128.37,0.0,0.0
13.0918,0.0,128.937,0.0,0.0
13.0926,0.0,128.587,0.0,0.0
13.0812,0.0,127.987,0.0,0.0
13.0629,0.0,128.704,0.0,0.0
13.0709,0.0,128.637,0.0,0.0
13.0756,0.0,128.787,0.0,0.0
13.0775,0.0,129.387,0.0,0.0
13.1029,0.0,129.804,0.0,0.0
13.0932,0.0,129.004,0.0,0.0
13.0667,0.0,128.67,0.0,0.0
13.0793,0.0,128.937,0.0,0.0
13.0866,0.0,128.72,0.0,0.0
13.0785,0.0,127.687,0.0,0.0
13.0713,0.0,128.654,0.0,0.0
13.0895,0.0,128.604,0.0,0.0
13.1064,0.0,129.504,0.0,0.0
13.0937,0.0,127.303,0.0,0.0
13.0732,0.0,130.338,0.0,0.0
13.0994,0.0,129.554,0.0,0.0
13.1414,0.0,129.721,0.0,0.0
13.1228,0.0,128.12,0.0,0.0
13.09,0.0,127.703,0.0,0.0
13.0779,0.0,127.97,0.0,0.0
13.0562,0.0,126.736,0.0,0.0
13.0636,0.0,128.22,0.0,0.0
13.096,0.0,128.92,0.0,0.0
13.0908,0.0,129.537,0.0,0.0
13.0915,0.0,129.12,0.0,0.0
13.1017,0.0,129.12,0.0,0.0
13.0934,0.0,128.77,0.0,0.0
13.0705,0.0,129.037,0.0,0.0
13.067,0.0,127.803,0.0,0.0
13.0635,0.0,128.854,0.0,0.0
13.0735,0.0,129.17,0.0,0.0
13.104,0.0,129.787,0.0,0.0
13.0999,0.0,127.753,0.0,0.0
13.0735,0.0,127.82,0.0,0.0
13.0947,0.0,129.371,0.0,0.0
13.1029,0.0,127.987,0.0,0.0
13.0867,0.0,129.587,0.0,0.0
13.0976,0.0,129.404,0.0,0.0
13.0886,0.0,129.954,0.0,0.0
13.097,0.0,128.57,0.0,0.0
13.1072,0.0,128.87,0.0,0.0
13.0778,0.0,127.837,0.0,0.0
13.0992,0.0,128.704,0.0,0.0
13.1287,0.0,130.388,0.0,0.0
13.0821,0.0,128.187,0.0,0.0
13.0644,0.0,129.087,0.0,0.0
13.0814,0.0,127.837,0.0,0.0
13.0853,0.0,126.92,0.0,0.0
13.0907,0.0,127.403,0.0,0.0
13.0756,0.0,129.321,0.0,0.0
13.0578,0.0,129.154,0.0,0.0
13.0983,0.0,128.87,0.0,0.0
13.1301,0.0,128.97,0.0,0.0
13.0836,0.0,129.687,0.0,0.0
13.0589,0.0,127.586,0.0,0.0
13.0819,0.0,129.721,0.0,0.0
13.11,0.0,129.704,0.0,0.0
13.1096,0.0,128.337,0.0,0.0
13.0926,0.0,129.637,0.0,0.0
13.1025,0.0,128.27,0.0,0.0
13.104,0.0,127.803,0.0,0.0
13.0771,0.0,128.987,0.0,0.0
13.0784,0.0,129.17,0.0,0.0
13.0731,0.0,128.57,0.0,0.0
13.0591,0.0,127.586,0.0,0.0
13.0714,0.0,128.187,0.0,0.0
13.0993,0.0,128.92,0.0,0.0
13.1042,0.0,127.403,0.0,0.0
13.0966,0.0,129.421,0.0,0.0
13.1138,0.0,128.187,0.0,0.0
