analog,analog_sterr,photon_counting,pc_sterr,overflow_info
16.0387,0.0137365,121.859,0.820431,0.0
16.0039,0.0135602,123.953,0.847516,0.0
16.0117,0.0136811,121.441,0.852659,0.0
16.0336,0.0134493,122.194,0.831059,0.0
16.0575,0.0136387,121.893,0.837573,0.0
16.0527,0.0140124,121.926,0.843059,0.0
16.0207,0.0137496,120.235,0.837231,0.0
16.0015,0.013756,122.747,0.840659,0.0
16.02,0.0135666,122.613,0.836888,0.0
16.0384,0.0135321,121.307,0.821117,0.0
16.0487,0.0137337,122.044,0.829688,0.0
16.0468,0.0138037,122.127,0.840659,0.0
16.0397,0.0136659,120.687,0.845116,0.0
16.0297,0.013981,121.893,0.816317,0.0
16.0147,0.0136435,120.854,0.84443,0.0
16.0182,0.0135092,123.099,0.814603,0.0
16.0285,0.0137532,122.446,0.847173,0.0
16.0245,0.0138332,119.916,0.850945,0.0
16.032,0.0138052,121.642,0.832431,0.0
16.0546,0.013628,122.395,0.843059,0.0
16.0335,0.0138858,121.876,0.839288,0.0
16.0181,0.0136826,121.591,0.817003,0.0
16.0174,0.0139099,121.106,0.810146,0.0
16.0163,0.013652,122.211,0.828317,0.0
16.0408,0.0137891,121.642,0.81906,0.0
16.043,0.0138957,121.759,0.811517,0.0
16.0201,0.0136074,122.044,0.81186,0.0
16.0204,0.0139363,122.982,0.82626,0.0
16.0434,0.0138854,121.759,0.831059,0.0
16.026,0.0136923,121.977,0.836545,0.0
16.0072,0.0136887,122.027,0.802603,0.0
16.0382,0.0136054,123.3,0.827288,0.0
16.0428,0.0136552,122.027,0.833116,0.0
16.0421,0.0134224,121.558,0.80706,0.0
16.0409,0.0134951,120.905,0.82146,0.0
16.0144,0.0138169,122.395,0.834145,0.0
16.0283,0.0141394,121.993,0.837231,0.0
16.0502,0.0136467,121.139,0.818717,0.0
16.0402,0.0136204,122.312,0.813231,0.0
16.0333,0.0135884,122.563,0.810146,0.0
16.0284,0.0139986,121.943,0.840316,0.0
16.0402,0.0136157,122.278,0.822831,0.0
16.0562,0.0139128,120.938,0.825231,0.0
16.0514,0.0140981,122.261,0.831402,0.0
16.0362,0.0140355,122.546,0.824202,0.0
16.0387,0.0137399,122.747,0.836545,0.0
16.064,0.0137908,122.295,0.838602,0.0
16.0581,0.0137967,121.206,0.813231,0.0
16.009,0.0140251,121.993,0.815631,0.0
16.0166,0.0140793,122.881,0.828659,0.0
16.0595,0.0138936,121.139,0.832431,0.0
16.0369,0.0137029,123.735,0.824545,0.0
16.0294,0.0136876,122.697,0.819745,0.0
16.0393,0.0137947,121.658,0.822831,0.0
16.0261,0.0135528,122.948,0.833802,0.0
16.0347,0.0140503,121.273,0.834145,0.0
16.0435,0.013797,122.362,0.850602,0.0
16.036,0.0135391,120.503,0.82386,0.0
16.0362,0.0139726,122.864,0.809803,0.0
16.0453,0.0138674,123.283,0.840316,0.0
16.0403,0.0139872,121.39,0.817003,0.0
16.0298,0.0133563,122.194,0.831059,0.0
16.0261,0.0135972,122.395,0.828659,0.0
16.0446,0.0138486,123.049,0.856773,0.0
16.0496,0.0139544,120.888,0.819403,0.0
16.0272,0.0136142,122.68,0.818031,0.0
16.0297,0.0140877,122.395,0.805689,0.0
16.0237,0.0138729,121.508,0.840659,0.0
16.0201,0.0137331,121.156,0.837573,0.0
16.0337,0.013647,122.797,0.837916,0.0
16.0387,0.013607,122.797,0.837231,0.0
16.0333,0.0138133,123.317,0.831402,0.0
16.035,0.0137395,121.926,0.835516,0.0
16.0282,0.0137609,122.563,0.827288,0.0
16.0073,0.0136407,123.199,0.825574,0.0
16.0021,0.0138461,121.508,0.844088,0.0
16.0232,0.0141239,121.156,0.803975,0.0
16.0348,0.0139173,122.446,0.821117,0.0
16.0298,0.0138507,124.238,0.839288,0.0
16.0185,0.0140931,120.838,0.817346,0.0
16.0153,0.0135702,122.094,0.825917,0.0
16.0247,0.0138245,122.362,0.837573,0.0
16.0384,0.0139646,121.541,0.824888,0.0
16.0586,0.0139253,120.352,0.808432,0.0
16.0586,0.0139268,122.647,0.802603,0.0
16.0395,0.0136486,120.67,0.84203,0.0
16.0282,0.0138292,121.859,0.831402,0.0
16.0371,0.0140202,123.116,0.827288,0.0
16.0297,0.0136478,122.982,0.813574,0.0
16.0241,0.0138706,121.809,0.848202,0.0
16.0503,0.0138648,123.099,0.826945,0.0
16.0551,0.0138272,119.866,0.813231,0.0
16.0217,0.0139411,123.735,0.841002,0.0
16.0329,0.013942,120.754,0.839288,0.0
16.0307,0.0137298,121.139,0.823517,0.0
16.008,0.013419,123.065,0.828659,0.0
16.0333,0.0135523,121.474,0.820088,0.0
16.062,0.0137274,121.993,0.822145,0.0
16.0439,0.013747,120.251,0.812203,0.0
16.0274,0.0132854,122.965,0.814946,0.0
16.0471,0.013767,123.049,0.827974,0.0
16.0526,0.0134565,121.022,0.841345,0.0
16.0531,0.0137852,122.898,0.821117,0.0
16.0458,0.0134866,120.637,0.82626,0.0
16.0227,0.0134997,121.792,0.817688,0.0
16.0258,0.0136932,122.814,0.790261,0.0
16.0492,0.0140848,121.256,0.830374,0.0
16.0458,0.0139199,122.446,0.814603,0.0
16.0418,0.0137905,121.625,0.860887,0.0
16.0571,0.0136116,122.379,0.808432,0.0
16.0521,0.0136418,121.156,0.835174,0.0
16.0289,0.013785,122.161,0.832431,0.0
16.0106,0.0138955,121.122,0.815974,0.0
16.0224,0.013802,122.68,0.818717,0.0
16.0453,0.0134858,122.094,0.819745,0.0
16.0405,0.013582,122.211,0.829688,0.0
16.0366,0.0141764,121.558,0.833116,0.0
16.0399,0.0138722,121.843,0.82146,0.0
16.025,0.0137104,121.39,0.829688,0.0
16.0058,0.0136654,122.228,0.843745,0.0
16.0088,0.0135708,122.563,0.837231,0.0
16.0257,0.0137093,121.91,0.837573,0.0
16.0352,0.0138037,122.998,0.825917,0.0
16.0498,0.0137457,122.362,0.80466,0.0
16.0457,0.0136882,120.838,0.808774,0.0
16.0412,0.0142104,124.003,0.815974,0.0
16.0574,0.0140471,122.127,0.81906,0.0
16.0455,0.0134652,123.233,0.841688,0.0
16.0368,0.0137183,121.608,0.829002,0.0
16.051,0.0138819,121.575,0.847859,0.0
16.0313,0.0135264,122.429,0.834831,0.0
16.0107,0.0139752,122.362,0.835516,0.0
16.0272,0.0134336,121.893,0.825231,0.0
16.0415,0.0137469,120.905,0.826602,0.0
16.032,0.0138739,123.417,0.806374,0.0
16.0191,0.0140248,121.893,0.81666,0.0
16.0286,0.0139716,122.111,0.821117,0.0
16.0409,0.0136413,123.032,0.836202,0.0
16.0463,0.0136855,121.792,0.813231,0.0
16.0318,0.0136559,122.613,0.837573,0.0
16.0245,0.0140061,122.613,0.815631,0.0
16.0314,0.0136725,122.295,0.82386,0.0
16.0462,0.0138354,122.462,0.828317,0.0
16.0229,0.0140918,121.323,0.808432,0.0
16.0115,0.0139194,123.451,0.848887,0.0
16.0454,0.0139933,120.57,0.810831,0.0
16.0601,0.0137866,123.534,0.849916,0.0
16.0435,0.0134119,121.273,0.817346,0.0
16.0188,0.0135126,121.223,0.819745,0.0
16.0222,0.0139777,121.541,0.824545,0.0
16.0492,0.0136751,121.591,0.81666,0.0
16.0553,0.0135477,121.424,0.829688,0.0
16.0155,0.013994,121.725,0.829688,0.0
15.9953,0.013983,121.173,0.822831,0.0
16.0168,0.0139576,121.424,0.81426,0.0
16.025,0.013816,122.328,0.833802,0.0
16.0318,0.0137441,123.099,0.830031,0.0
16.0336,0.0137341,121.658,0.839631,0.0
16.0261,0.0134814,121.792,0.840316,0.0
16.0256,0.0138398,121.055,0.82146,0.0
16.0239,0.013878,122.613,0.824545,0.0
16.0192,0.0138359,122.613,0.815288,0.0
16.0169,0.0139249,121.441,0.825917,0.0
16.0265,0.0135232,121.508,0.81906,0.0
16.0253,0.0138741,122.111,0.819745,0.0
16.0192,0.0139757,122.211,0.80946,0.0
16.0447,0.0136552,122.144,0.850259,0.0
16.0546,0.0134026,122.211,0.817346,0.0
16.0413,0.0134731,120.385,0.821803,0.0
16.0373,0.0136164,121.809,0.836202,0.0
16.0354,0.0139072,122.58,0.821117,0.0
16.0167,0.013652,121.139,0.836545,0.0
16.0209,0.0139324,122.379,0.823174,0.0
16.049,0.0136658,121.876,0.819745,0.0
16.0317,0.01384,122.127,0.844088,0.0
16.0225,0.0135804,122.362,0.837231,0.0
16.0508,0.0137867,120.737,0.825231,0.0
16.0503,0.0141,122.178,0.829002,0.0
16.0336,0.0136164,121.457,0.825574,0.0
16.0305,0.0138147,123.953,0.80706,0.0
16.0318,0.0139744,121.642,0.825917,0.0
16.0426,0.0134933,123.015,0.839973,0.0
16.0553,0.0138342,123.92,0.851287,0.0
16.0361,0.013895,122.027,0.801232,0.0
16.022,0.0141518,122.278,0.844088,0.0
16.0532,0.0138003,122.63,0.795061,0.0
16.059,0.0137777,121.173,0.825231,0.0
16.0138,0.0135411,122.295,0.831745,0.0
16.0304,0.0134914,123.266,0.839288,0.0
16.0698,0.0138317,120.972,0.854373,0.0
16.009,0.0134274,121.558,0.81906,0.0
15.9831,0.0138608,122.328,0.80466,0.0
16.0422,0.0140405,121.273,0.809117,0.0
16.0463,0.0137274,121.91,0.813574,0.0
16.0256,0.0136923,122.446,0.84203,0.0
16.0596,0.0137514,121.675,0.834831,0.0
16.0635,0.0138948,122.379,0.837573,0.0
16.0406,0.0137713,122.647,0.818374,0.0
16.0577,0.0137722,122.848,0.814603,0.0
16.0376,0.0139323,121.307,0.830374,0.0
16.0032,0.0136979,122.161,0.841002,0.0
16.0301,0.0140093,122.211,0.832774,0.0
16.0491,0.0139111,121.792,0.818374,0.0
16.0315,0.0137775,121.642,0.819403,0.0
16.0225,0.0138312,120.938,0.834831,0.0
16.0332,0.0136168,121.491,0.832088,0.0
16.039,0.0134087,122.395,0.819403,0.0
16.0284,0.0136672,122.998,0.817688,0.0
16.0276,0.013863,121.675,0.827288,0.0
16.0442,0.0137542,123.116,0.838259,0.0
16.0435,0.014173,121.022,0.835174,0.0
16.0125,0.0132624,122.663,0.838945,0.0
16.0051,0.0136799,121.859,0.826602,0.0
16.0302,0.0141747,121.977,0.809117,0.0
16.047,0.0137854,122.546,0.820088,0.0
16.0396,0.0138285,122.194,0.817688,0.0
16.0314,0.0137242,121.625,0.819745,0.0
16.037,0.0140796,121.893,0.837231,0.0
16.0334,0.0137883,122.714,0.820088,0.0
16.0078,0.0136734,122.446,0.801917,0.0
16.0127,0.0139853,122.144,0.830031,0.0
16.0331,0.013587,121.575,0.843059,0.0
16.0528,0.0139534,122.764,0.819403,0.0
16.072,0.0140794,121.256,0.817003,0.0
16.0529,0.0139183,121.34,0.833116,0.0
16.0278,0.0137042,121.993,0.842373,0.0
16.0165,0.0136802,122.111,0.821117,0.0
16.0191,0.0134701,121.139,0.812546,0.0
16.0486,0.0139672,122.429,0.818031,0.0
16.0498,0.0138554,121.575,0.817003,0.0
16.0329,0.0140642,123.183,0.815974,0.0
16.0295,0.0138688,121.759,0.832431,0.0
16.0149,0.0138469,121.608,0.818374,0.0
16.0424,0.0135158,121.943,0.781004,0.0
16.0638,0.013585,120.184,0.828317,0.0
16.0391,0.0139384,121.926,0.837916,0.0
16.0403,0.0138212,122.513,0.825574,0.0
16.0444,0.013735,121.491,0.829002,0.0
16.0284,0.0136963,122.044,0.832088,0.0
16.0302,0.0136739,122.379,0.827631,0.0
16.0372,0.0139118,121.826,0.832088,0.0
16.0471,0.0137929,121.826,0.811517,0.0
16.0447,0.0135889,123.853,0.828659,0.0
16.0125,0.0135097,123.082,0.81186,0.0
16.0246,0.0135062,122.379,0.830717,0.0
16.069,0.0137561,121.39,0.837573,0.0
16.0632,0.0139237,122.663,0.818374,0.0
16.0455,0.0139152,121.206,0.820774,0.0
16.0472,0.0138281,121.055,0.833459,0.0
16.0292,0.0134355,121.943,0.817346,0.0
16.0319,0.0140356,122.412,0.835174,0.0
16.0505,0.0141114,121.759,0.844088,0.0
16.0635,0.0139644,122.446,0.835516,0.0
16.0565,0.0139101,122.211,0.814946,0.0
16.0329,0.0140619,122.094,0.836888,0.0
16.034,0.0137324,123.367,0.82386,0.0
16.039,0.0138867,120.787,0.820088,0.0
16.0374,0.013883,122.613,0.833459,0.0
16.0312,0.0141079,121.022,0.821117,0.0
16.026,0.0138214,122.161,0.822488,0.0
16.0379,0.0139536,121.658,0.815631,0.0
16.043,0.0139078,122.194,0.835859,0.0
16.0342,0.0139016,121.692,0.813231,0.0
16.038,0.0141543,122.362,0.828659,0.0
16.0413,0.0140834,120.988,0.823174,0.0
16.0169,0.0140913,121.055,0.829345,0.0
16.0259,0.0136385,121.709,0.817346,0.0
16.0399,0.0138878,121.039,0.849916,0.0
16.024,0.0141973,122.898,0.81906,0.0
16.0266,0.0138334,122.328,0.835174,0.0
16.0342,0.0141123,121.558,0.809803,0.0
16.029,0.0139557,122.797,0.818031,0.0
16.0314,0.0140036,122.194,0.827288,0.0
16.0334,0.0137609,120.268,0.84443,0.0
16.0276,0.0140367,121.223,0.837231,0.0
16.0352,0.0137061,122.864,0.827974,0.0
16.0463,0.0136788,122.73,0.832088,0.0
16.0273,0.0138414,121.541,0.831745,0.0
16.0074,0.0142421,121.675,0.831745,0.0
16.0333,0.0138465,121.206,0.825917,0.0
16.0453,0.0136204,122.764,0.836888,0.0
16.0385,0.0138336,122.395,0.816317,0.0
16.0544,0.01407,121.273,0.830374,0.0
16.0576,0.0137792,122.529,0.829688,0.0
16.0301,0.0137585,122.161,0.819403,0.0
16.0085,0.0136142,121.055,0.835859,0.0
16.027,0.0139941,121.558,0.826602,0.0
16.0321,0.0141188,122.982,0.830374,0.0
16.0187,0.0138257,121.977,0.816317,0.0
16.037,0.013834,120.352,0.81186,0.0
16.0376,0.0134219,120.653,0.857459,0.0
16.0351,0.0137373,122.663,0.812546,0.0
16.0423,0.0137067,122.312,0.819745,0.0
16.0133,0.0135415,120.653,0.829002,0.0
16.0155,0.0132403,123.183,0.831745,0.0
16.0479,0.013787,121.223,0.828659,0.0
16.0353,0.0138659,121.859,0.819745,0.0
16.0253,0.0135998,121.156,0.843745,0.0
16.0292,0.0137329,121.926,0.827974,0.0
16.0116,0.0139118,121.809,0.817688,0.0
16.0168,0.0141135,120.67,0.832774,0.0
16.0361,0.0142043,122.529,0.825574,0.0
16.0328,0.0142686,122.982,0.818031,0.0
16.0316,0.0138779,123.3,0.828659,0.0
16.0357,0.0137791,121.491,0.821117,0.0
16.0235,0.0136928,123.417,0.82626,0.0
16.0324,0.013819,122.68,0.817346,0.0
16.0508,0.0132846,122.529,0.833116,0.0
16.0425,0.0135958,124.154,0.817688,0.0
16.0372,0.013799,122.814,0.835174,0.0
16.0404,0.0136949,122.714,0.831402,0.0
16.0369,0.0135873,121.323,0.835516,0.0
16.0274,0.0134551,121.675,0.817346,0.0
16.0332,0.0137113,122.881,0.824545,0.0
16.0319,0.0135052,121.34,0.815974,0.0
16.0402,0.0137458,122.245,0.833802,0.0
16.0479,0.0140364,122.446,0.832774,0.0
16.0369,0.0136862,120.871,0.811174,0.0
16.0343,0.0138307,121.809,0.820088,0.0
16.0371,0.0138822,123.568,0.827288,0.0
16.0279,0.0135642,121.491,0.80706,0.0
16.0096,0.0136408,121.558,0.810146,0.0
16.0226,0.0139528,122.094,0.808089,0.0
16.0455,0.0139666,121.022,0.802603,0.0
16.0352,0.0139722,121.273,0.810146,0.0
16.0284,0.0138508,123.049,0.830031,0.0
16.035,0.0137548,122.73,0.827288,0.0
16.0316,0.0140442,121.893,0.813231,0.0
16.0228,0.0137548,120.854,0.826602,0.0
16.0328,0.0133584,121.96,0.829002,0.0
16.0309,0.0137448,122.027,0.825917,0.0
16.0207,0.0139262,121.474,0.841688,0.0
16.023,0.0137375,122.948,0.834145,0.0
16.0284,0.0138927,121.926,0.836202,0.0
16.045,0.0137235,120.754,0.833116,0.0
16.0377,0.0133692,122.027,0.829002,0.0
16.0257,0.0141103,122.864,0.841002,0.0
16.0362,0.0136896,123.786,0.836202,0.0
16.0514,0.0138114,121.022,0.831745,0.0
16.0366,0.0139831,121.742,0.801575,0.0
16.0173,0.0134953,122.479,0.841688,0.0
16.0312,0.0137551,123.233,0.838602,0.0
16.0363,0.0138957,122.931,0.833459,0.0
16.0243,0.0137444,121.843,0.82146,0.0
16.0202,0.0137655,121.675,0.822488,0.0
16.0292,0.013867,122.312,0.830374,0.0
16.0304,0.0138281,121.675,0.798146,0.0
16.0303,0.0134487,121.725,0.832088,0.0
16.0366,0.0139016,122.496,0.815974,0.0
16.0338,0.0139185,120.436,0.826945,0.0
16.0202,0.0140688,120.754,0.812546,0.0
16.0227,0.0137993,122.194,0.837916,0.0
16.0384,0.0140541,122.362,0.843402,0.0
16.0219,0.0140469,121.625,0.832088,0.0
16.0072,0.0140103,122.278,0.821117,0.0
16.034,0.0140522,122.915,0.827288,0.0
16.0599,0.0136548,123.484,0.82386,0.0
16.0475,0.0136739,122.111,0.818031,0.0
16.018,0.0137351,121.407,0.820088,0.0
16.0258,0.0139338,121.675,0.805346,0.0
16.0323,0.0137692,123.551,0.824545,0.0
16.0416,0.014035,122.395,0.818374,0.0
16.0535,0.0135764,121.189,0.841688,0.0
16.0314,0.0138822,121.859,0.818374,0.0
16.024,0.0137809,122.362,0.826945,0.0
16.0474,0.014159,121.625,0.835174,0.0
16.0493,0.0139428,121.206,0.82386,0.0
16.0271,0.0137749,120.067,0.821803,0.0
16.0141,0.0138167,121.541,0.82626,0.0
16.0277,0.0136343,120.938,0.811174,0.0
16.0325,0.0137987,123.451,0.826945,0.0
16.0442,0.0137947,123.166,0.834831,0.0
16.0561,0.0136665,122.01,0.808089,0.0
16.0262,0.0137668,122.027,0.824545,0.0
16.0165,0.0134757,122.58,0.829345,0.0
16.0242,0.0134815,122.312,0.831059,0.0
16.0199,0.0137998,121.759,0.835174,0.0
16.0276,0.0137241,120.352,0.815631,0.0
16.0389,0.0139004,121.189,0.82626,0.0
16.0363,0.0133474,121.256,0.812546,0.0
16.0451,0.0136957,122.764,0.84683,0.0
16.0413,0.0137858,121.424,0.823517,0.0
16.0244,0.0141086,122.01,0.831402,0.0
16.0475,0.0139064,121.926,0.840659,0.0
16.0553,0.0136618,121.625,0.819745,0.0
16.0546,0.013377,122.211,0.81906,0.0
16.0779,0.0137967,121.943,0.815288,0.0
16.0643,0.0140968,122.379,0.828317,0.0
16.0353,0.0137331,122.094,0.823174,0.0
16.0402,0.0140378,122.781,0.820431,0.0
16.0577,0.0138678,121.541,0.839973,0.0
16.043,0.0138346,121.474,0.837573,0.0
16.0537,0.0137715,122.68,0.855744,0.0
16.0472,0.0137794,123.266,0.833459,0.0
16.0238,0.0135708,123.166,0.830717,0.0
16.0307,0.0137717,122.379,0.830374,0.0
16.0456,0.014022,121.859,0.820431,0.0
16.0634,0.0140656,121.792,0.798489,0.0
16.0584,0.0135609,123.149,0.824545,0.0
16.0325,0.0140929,120.938,0.821803,0.0
16.0337,0.0140868,121.575,0.826602,0.0
16.0425,0.0134788,120.771,0.810146,0.0
16.0343,0.0136323,121.926,0.822145,0.0
16.0441,0.0136522,121.993,0.82626,0.0
16.0307,0.0136066,122.496,0.821117,0.0
16.024,0.0141311,123.216,0.837916,0.0
16.0554,0.0139115,121.357,0.826945,0.0
16.0591,0.013702,121.223,0.819745,0.0
16.0539,0.0134939,123.417,0.835516,0.0
16.0337,0.0136388,122.111,0.824545,0.0
16.0231,0.0138467,122.948,0.825574,0.0
16.0343,0.0137582,121.508,0.850945,0.0
16.0287,0.0138173,122.831,0.840316,0.0
16.0284,0.0140851,120.821,0.806032,0.0
16.03,0.0135851,121.792,0.813917,0.0
16.0254,0.0137863,121.374,0.845459,0.0
16.0236,0.0135749,121.323,0.841002,0.0
16.0195,0.0137318,120.838,0.825574,0.0
16.0289,0.0136253,121.709,0.830717,0.0
16.0409,0.0136671,121.357,0.833802,0.0
16.0455,0.0136661,122.211,0.824888,0.0
16.0417,0.013592,121.524,0.82146,0.0
16.0244,0.0134015,122.697,0.838945,0.0
16.0336,0.0133142,122.529,0.818031,0.0
16.0506,0.0139363,122.379,0.805003,0.0
16.0511,0.0135566,122.613,0.822488,0.0
16.0446,0.0138389,121.189,0.826602,0.0
16.0367,0.013863,121.156,0.820088,0.0
16.036,0.0135129,122.563,0.84203,0.0
16.0377,0.0139338,122.228,0.832431,0.0
16.0387,0.0137557,122.462,0.834488,0.0
16.0309,0.0138999,121.508,0.81906,0.0
16.0321,0.0139583,123.434,0.838945,0.0
16.0356,0.0135849,121.34,0.835516,0.0
16.0218,0.0139154,120.519,0.838259,0.0
16.0384,0.0139574,122.211,0.823174,0.0
16.0464,0.0140599,121.558,0.795746,0.0
16.0237,0.0140621,123.082,0.811174,0.0
16.0197,0.0139554,121.29,0.827631,0.0
16.027,0.0137928,122.412,0.838259,0.0
16.034,0.0140695,122.647,0.812203,0.0
16.0385,0.0140089,122.044,0.798832,0.0
16.0378,0.0138396,121.407,0.820431,0.0
16.0471,0.0136681,121.993,0.826602,0.0
16.0399,0.0136986,122.965,0.835516,0.0
16.0051,0.0134794,121.072,0.830031,0.0
16.008,0.0139253,121.156,0.812546,0.0
16.0445,0.0137299,124.037,0.824888,0.0
16.0427,0.0138973,119.263,0.818374,0.0
16.0248,0.0141141,120.787,0.825574,0.0
16.0397,0.0136153,121.943,0.788546,0.0
16.0375,0.013902,122.429,0.81186,0.0
16.035,0.0135236,122.111,0.817346,0.0
16.0443,0.0138978,122.362,0.818717,0.0
16.051,0.0140226,120.603,0.831059,0.0
16.047,0.0139366,121.189,0.825917,0.0
16.0386,0.0135343,121.441,0.825917,0.0
16.0358,0.0136114,122.412,0.833116,0.0
16.053,0.0137898,121.658,0.824202,0.0
16.0369,0.0137199,121.29,0.810831,0.0
16.027,0.0136846,122.58,0.822488,0.0
16.0573,0.0138657,121.809,0.839631,0.0
16.0512,0.0133639,121.005,0.824202,0.0
16.0434,0.0139305,121.424,0.814603,0.0
16.0506,0.0138301,121.089,0.833802,0.0
16.0417,0.0137995,123.936,0.825574,0.0
16.038,0.0138066,121.893,0.821803,0.0
16.0338,0.0136064,122.228,0.847516,0.0
16.0223,0.0136687,121.005,0.833116,0.0
16.0483,0.0136424,121.977,0.844773,0.0
16.063,0.0139409,119.062,0.847516,0.0
16.0339,0.0138136,122.814,0.825574,0.0
16.0277,0.0138967,121.122,0.825917,0.0
16.0393,0.0136081,123.149,0.817346,0.0
16.042,0.0134757,119.682,0.857801,0.0
16.0396,0.0137225,122.245,0.830031,0.0
16.0322,0.0135846,122.362,0.827631,0.0
16.0265,0.0140568,121.374,0.827974,0.0
16.0272,0.0136473,122.06,0.841688,0.0
16.0322,0.0137839,121.524,0.829688,0.0
16.0453,0.0138146,120.955,0.816317,0.0
16.0494,0.0136115,121.591,0.800546,0.0
16.031,0.0140235,122.412,0.824888,0.0
16.0265,0.0137182,122.58,0.836888,0.0
16.0428,0.0140626,123.065,0.832088,0.0
16.0286,0.0140311,122.328,0.831059,0.0
16.0315,0.0136722,121.792,0.818031,0.0
16.0461,0.0135807,121.005,0.822145,0.0
16.0412,0.013471,123.082,0.807403,0.0
16.0309,0.0135107,120.385,0.824545,0.0
16.032,0.013859,124.271,0.81426,0.0
16.0469,0.0137465,120.704,0.817346,0.0
16.0468,0.0136048,123.384,0.826602,0.0
16.0312,0.0138341,122.446,0.820774,0.0
16.035,0.01399,121.625,0.824545,0.0
16.0426,0.0139681,123.082,0.818031,0.0
16.0291,0.0141114,123.216,0.80946,0.0
16.033,0.0136845,121.591,0.835516,0.0
16.0294,0.0138415,121.977,0.830374,0.0
16.0208,0.0142331,121.374,0.810831,0.0
16.0296,0.013591,121.357,0.853687,0.0
16.0304,0.0142677,122.596,0.822831,0.0
16.0359,0.0139055,121.625,0.824888,0.0
16.0431,0.0136989,121.96,0.835516,0.0
16.0399,0.0138121,122.446,0.852316,0.0
16.0292,0.0139092,123.618,0.831059,0.0
16.0222,0.013648,121.541,0.812546,0.0
16.0396,0.0138121,122.111,0.824545,0.0
16.0483,0.0136467,120.586,0.817688,0.0
16.0368,0.0137239,122.446,0.847173,0.0
16.0313,0.0138833,122.144,0.822831,0.0
16.0268,0.0137992,121.709,0.824888,0.0
16.0217,0.013659,122.194,0.805346,0.0
16.0427,0.0138701,122.797,0.845459,0.0
16.0526,0.0144388,121.541,0.808089,0.0
16.0281,0.0136442,122.73,0.806032,0.0
16.0235,0.0134132,120.838,0.80706,0.0
16.0423,0.014249,121.206,0.826602,0.0
16.0377,0.0138833,120.653,0.825917,0.0
16.0066,0.014039,122.513,0.821803,0.0
16.011,0.013974,123.635,0.827288,0.0
16.0284,0.0135143,121.759,0.832431,0.0
16.036,0.0142145,121.809,0.818717,0.0
16.0565,0.0139321,122.144,0.843059,0.0
16.0534,0.0136195,120.117,0.845459,0.0
16.0232,0.0139053,122.697,0.812203,0.0
16.017,0.0137932,122.161,0.82626,0.0
16.0332,0.0137291,122.697,0.84203,0.0
16.0272,0.0137774,122.496,0.841688,0.0
16.0274,0.0138977,120.955,0.838602,0.0
16.0462,0.0137418,121.189,0.827288,0.0
16.032,0.0138387,122.864,0.844088,0.0
16.003,0.0139793,120.938,0.837573,0.0
16.0183,0.0140529,123.518,0.824888,0.0
16.0578,0.0138856,121.307,0.847859,0.0
16.0649,0.0140226,121.809,0.826945,0.0
16.0291,0.0139245,121.96,0.815974,0.0
16.0002,0.0139627,122.412,0.834145,0.0
16.0284,0.0135158,122.898,0.830031,0.0
16.0446,0.0139639,122.211,0.837231,0.0
16.0288,0.0135863,121.24,0.829345,0.0
16.0296,0.0139126,121.575,0.819403,0.0
16.0513,0.0135237,121.474,0.817346,0.0
16.0505,0.013707,122.73,0.820774,0.0
16.0367,0.0136806,120.687,0.820088,0.0
16.0222,0.0138032,120.419,0.823517,0.0
16.0156,0.0138932,121.508,0.820431,0.0
16.0261,0.014087,121.709,0.815288,0.0
16.0436,0.0138802,122.194,0.830717,0.0
16.0392,0.0134933,119.866,0.843402,0.0
16.0368,0.0136303,121.24,0.832774,0.0
16.0485,0.0139242,122.278,0.814946,0.0
16.0523,0.0138389,122.111,0.832774,0.0
16.0411,0.0138272,122.178,0.827631,0.0
16.0373,0.0138009,121.256,0.838945,0.0
16.0387,0.0137301,119.966,0.825574,0.0
16.0219,0.0137165,122.764,0.842373,0.0
16.0189,0.013487,121.859,0.825917,0.0
16.0358,0.0137867,121.374,0.829345,0.0
16.0434,0.0139587,122.06,0.798832,0.0
16.0409,0.0137876,121.256,0.832774,0.0
16.0344,0.0134884,122.714,0.833116,0.0
16.0576,0.0136043,122.111,0.823174,0.0
16.066,0.0136209,120.419,0.830031,0.0
16.0225,0.0137244,121.39,0.830031,0.0
16.0167,0.0140141,122.848,0.840316,0.0
16.0386,0.0140441,122.362,0.834488,0.0
16.0481,0.0138228,121.407,0.844088,0.0
16.0465,0.0138458,121.072,0.819745,0.0
16.0423,0.0140292,121.407,0.82386,0.0
16.031,0.0139804,121.776,0.818031,0.0
16.018,0.0138934,122.513,0.857459,0.0
16.0139,0.0138576,121.541,0.834488,0.0
16.0261,0.0133769,121.709,0.791289,0.0
16.0402,0.0137578,121.541,0.841345,0.0
16.0304,0.0139203,121.993,0.81906,0.0
16.0125,0.0136299,121.642,0.845459,0.0
16.0217,0.0141399,121.742,0.818374,0.0
16.0278,0.0139936,121.658,0.822145,0.0
16.0256,0.013807,121.29,0.851287,0.0
16.035,0.0138406,121.508,0.819403,0.0
16.0311,0.0134771,121.809,0.847516,0.0
16.0413,0.0136705,121.491,0.800889,0.0
16.0321,0.013428,121.039,0.802603,0.0
16.0108,0.0133239,120.771,0.82146,0.0
16.0441,0.0136448,122.613,0.831059,0.0
16.0457,0.0137067,122.362,0.82146,0.0
16.0081,0.0138762,121.072,0.82626,0.0
16.0303,0.0137651,122.111,0.823517,0.0
16.0496,0.013877,120.938,0.835516,0.0
16.0219,0.0137826,121.943,0.824545,0.0
16.021,0.013516,122.127,0.810489,0.0
16.0436,0.0138251,122.714,0.839973,0.0
16.0423,0.0135979,124.389,0.82386,0.0
16.0393,0.0137144,120.754,0.84203,0.0
16.0247,0.0139085,121.223,0.815288,0.0
16.0239,0.0138427,120.318,0.817003,0.0
16.034,0.0138253,122.797,0.817003,0.0
16.0272,0.013817,122.178,0.833116,0.0
16.0264,0.0139831,119.933,0.834488,0.0
16.0225,0.0139222,123.601,0.812203,0.0
16.0284,0.0137276,123.434,0.836888,0.0
16.0321,0.0137616,122.563,0.833116,0.0
16.0375,0.0140213,121.742,0.830374,0.0
16.058,0.0135755,121.876,0.810489,0.0
16.0693,0.0139272,121.642,0.832088,0.0
16.0561,0.0140882,122.178,0.81426,0.0
16.0294,0.0140794,121.943,0.853002,0.0
16.0324,0.0138314,122.446,0.829002,0.0
16.0419,0.0138806,123.149,0.816317,0.0
16.0218,0.0139521,121.005,0.815631,0.0
16.02,0.0139545,121.843,0.837573,0.0
16.0367,0.0136926,122.328,0.840659,0.0
16.0314,0.0137206,123.652,0.836202,0.0
16.0264,0.013929,121.692,0.834831,0.0
16.0364,0.0139705,121.457,0.829002,0.0
16.0409,0.0137732,122.73,0.832774,0.0
16.0599,0.0135851,123.317,0.837231,0.0
16.0533,0.0136722,121.591,0.805689,0.0
16.0192,0.0136817,121.658,0.838602,0.0
16.0411,0.0137541,122.312,0.831402,0.0
16.0654,0.0135419,122.278,0.810831,0.0
16.0507,0.0137668,121.541,0.819403,0.0
16.0279,0.0140309,121.709,0.828317,0.0
16.0229,0.0136345,122.714,0.833802,0.0
16.027,0.0140713,121.809,0.815631,0.0
16.0244,0.013678,121.926,0.825574,0.0
16.0207,0.0138028,122.278,0.812546,0.0
16.0443,0.0141206,122.563,0.829345,0.0
16.0646,0.01406,121.457,0.852659,0.0
16.0468,0.0134689,121.072,0.837573,0.0
16.0117,0.0134543,121.173,0.811517,0.0
16.0334,0.0135324,122.094,0.819403,0.0
16.0653,0.0138206,122.764,0.833459,0.0
16.0462,0.013465,123.786,0.837916,0.0
16.0213,0.0137355,121.809,0.831745,0.0
16.0289,0.0136288,122.211,0.838259,0.0
16.0582,0.0134542,122.948,0.836545,0.0
16.0516,0.0135487,122.697,0.822831,0.0
16.0379,0.0136698,123.032,0.829345,0.0
16.0505,0.0137468,121.91,0.813917,0.0
16.0251,0.013837,120.251,0.820774,0.0
16.0212,0.0137913,122.647,0.822488,0.0
16.0488,0.0140402,122.781,0.830717,0.0
16.026,0.0138016,121.993,0.841002,0.0
16.0347,0.0136494,122.328,0.806032,0.0
16.0613,0.0134815,121.156,0.82386,0.0
16.0562,0.013857,121.491,0.81426,0.0
16.0418,0.0138943,121.357,0.825917,0.0
16.0077,0.0136081,123.032,0.836545,0.0
16.0151,0.0139628,121.256,0.827631,0.0
16.0339,0.0137731,122.345,0.81666,0.0
16.023,0.0139883,121.893,0.839973,0.0
16.0322,0.0136811,122.998,0.830031,0.0
16.0395,0.0132267,123.769,0.836545,0.0
16.0487,0.0136884,121.742,0.82386,0.0
16.0523,0.0137417,122.295,0.839973,0.0
16.0273,0.0140204,121.725,0.833459,0.0
16.0381,0.0140136,122.328,0.820431,0.0
16.0463,0.0139757,122.663,0.825231,0.0
16.0275,0.0137986,121.977,0.834831,0.0
16.0219,0.0139018,121.642,0.810146,0.0
16.0104,0.0141531,121.759,0.808774,0.0
16.0406,0.0143846,122.848,0.842373,0.0
16.0496,0.0144325,121.725,0.818031,0.0
16.0127,0.0141304,120.821,0.829688,0.0
16.0142,0.0137468,122.529,0.822831,0.0
16.0339,0.0134299,122.714,0.840316,0.0
16.0364,0.0131828,120.854,0.824888,0.0
16.0344,0.0139035,121.742,0.831402,0.0
16.0389,0.0139646,122.027,0.821803,0.0
16.0424,0.0140443,121.407,0.834488,0.0
16.0581,0.0136842,122.529,0.829002,0.0
16.0546,0.0137851,121.91,0.815288,0.0
16.0232,0.0138262,121.642,0.848887,0.0
16.0305,0.0137061,121.357,0.837916,0.0
16.0479,0.0137791,122.228,0.837573,0.0
16.0401,0.0136203,121.156,0.845116,0.0
16.0333,0.0140071,120.737,0.823174,0.0
16.0308,0.0135698,122.345,0.834145,0.0
16.0179,0.0141439,122.479,0.82146,0.0
16.0211,0.0143727,120.737,0.801917,0.0
16.03,0.0140483,121.742,0.825917,0.0
16.0266,0.0138505,122.462,0.806717,0.0
16.0357,0.0137769,120.804,0.819745,0.0
16.0328,0.0135158,121.709,0.810831,0.0
16.0206,0.0140239,121.859,0.84683,0.0
16.0223,0.0136393,122.245,0.815631,0.0
16.0322,0.0140873,123.132,0.825574,0.0
16.0316,0.0134655,121.876,0.830717,0.0
16.0345,0.013947,122.412,0.815631,0.0
16.0383,0.0140157,122.027,0.838945,0.0
16.0344,0.0135149,120.871,0.836545,0.0
16.0492,0.0137648,121.491,0.821117,0.0
16.0544,0.0137307,121.524,0.832774,0.0
16.0159,0.0135853,121.591,0.825574,0.0
16.0111,0.0137048,121.139,0.818031,0.0
16.0507,0.0138725,122.06,0.834488,0.0
16.0494,0.0134114,122.345,0.822831,0.0
16.0255,0.0138637,122.68,0.839631,0.0
16.0404,0.0138248,122.312,0.809117,0.0
16.0443,0.0139162,122.178,0.820774,0.0
16.0297,0.0138792,122.864,0.834831,0.0
16.0391,0.0140013,122.395,0.833459,0.0
16.0318,0.0137047,123.266,0.821803,0.0
16.0275,0.0135329,120.754,0.821117,0.0
16.04,0.0135955,121.658,0.827631,0.0
16.0409,0.0140141,121.173,0.840659,0.0
16.03,0.0137425,122.496,0.829002,0.0
16.0336,0.0141041,121.759,0.827288,0.0
16.0409,0.0137585,121.977,0.822488,0.0
16.0372,0.0140623,121.625,0.798146,0.0
16.046,0.0136125,122.01,0.830031,0.0
16.0377,0.0137107,120.385,0.817003,0.0
16.0271,0.013812,123.149,0.825574,0.0
16.0469,0.0138852,122.194,0.842373,0.0
16.0571,0.0139962,121.273,0.804317,0.0
16.0474,0.0137998,121.993,0.829345,0.0
16.0494,0.013961,121.776,0.834145,0.0
16.0398,0.0138245,121.96,0.837573,0.0
16.0242,0.013641,122.663,0.815974,0.0
16.0416,0.0136405,122.027,0.830374,0.0
16.0254,0.0141161,121.089,0.834831,0.0
15.9984,0.0142277,120.034,0.824202,0.0
16.0398,0.0137627,123.668,0.819403,0.0
16.0792,0.0138075,122.881,0.814946,0.0
16.0358,0.0135596,122.446,0.812889,0.0
15.9996,0.0139574,121.273,0.809803,0.0
16.0111,0.0140149,122.362,0.84443,0.0
16.0117,0.014087,120.888,0.834145,0.0
16.0296,0.0140923,122.261,0.829345,0.0
16.0532,0.0139627,122.261,0.810831,0.0
16.031,0.0138783,121.24,0.823174,0.0
16.0254,0.0138018,120.419,0.832088,0.0
16.0439,0.0137505,122.245,0.824202,0.0
16.0429,0.0135778,121.491,0.833802,0.0
16.0327,0.0137599,121.474,0.822488,0.0
16.0339,0.0133735,122.06,0.814946,0.0
16.0431,0.0138455,121.206,0.830717,0.0
16.0231,0.0136534,121.457,0.830374,0.0
16.027,0.0137716,121.642,0.822831,0.0
16.0484,0.0139262,121.508,0.841688,0.0
16.0411,0.0138648,123.25,0.830717,0.0
16.044,0.0135859,120.402,0.824888,0.0
16.061,0.0133607,123.032,0.824202,0.0
16.0511,0.0136895,122.144,0.824202,0.0
16.0338,0.0133265,122.747,0.830031,0.0
16.0294,0.0136989,123.015,0.835516,0.0
16.0266,0.0138852,122.144,0.840316,0.0
16.043,0.0138844,122.412,0.819745,0.0
16.0578,0.0138285,121.491,0.825574,0.0
16.0177,0.0139976,121.524,0.819745,0.0
16.017,0.0136901,121.29,0.809117,0.0
16.0238,0.0138938,122.546,0.830717,0.0
15.9983,0.0135885,120.905,0.830374,0.0
16.0166,0.0142097,122.144,0.850259,0.0
16.031,0.0138629,120.452,0.841002,0.0
16.0042,0.0138548,123.116,0.810831,0.0
16.0247,0.0138646,122.73,0.829002,0.0
16.0513,0.0137838,122.312,0.828317,0.0
16.0363,0.0138456,121.725,0.825917,0.0
16.0108,0.0133983,121.893,0.815974,0.0
16.0086,0.0135615,122.362,0.831059,0.0
16.0483,0.0136547,121.039,0.812889,0.0
16.0579,0.0138299,121.591,0.824202,0.0
16.0234,0.0135872,120.687,0.830031,0.0
16.0139,0.0140058,123.266,0.837231,0.0
16.0312,0.0138182,121.491,0.82146,0.0
16.0387,0.013776,122.982,0.829345,0.0
16.0359,0.013644,121.122,0.829688,0.0
16.0134,0.0137978,121.893,0.793689,0.0
16.0003,0.0134466,121.189,0.832431,0.0
16.0082,0.0135674,121.256,0.850259,0.0
16.0329,0.0137728,122.546,0.829002,0.0
16.0453,0.0138954,121.591,0.845459,0.0
16.0231,0.013738,123.266,0.820774,0.0
16.0331,0.0139912,121.692,0.830374,0.0
16.0424,0.0138495,121.24,0.834145,0.0
16.031,0.0138557,121.658,0.840316,0.0
16.0259,0.0138595,120.251,0.823517,0.0
16.021,0.0134326,122.63,0.846487,0.0
16.0256,0.0139655,122.01,0.813917,0.0
16.0364,0.013533,121.859,0.822831,0.0
16.0315,0.013605,121.792,0.835859,0.0
16.039,0.0139452,123.652,0.824545,0.0
16.0462,0.0134951,121.039,0.836888,0.0
16.0376,0.0135075,121.91,0.830031,0.0
16.0419,0.0137404,122.345,0.833802,0.0
16.0402,0.0139662,122.529,0.837573,0.0
16.0274,0.0137831,121.96,0.830374,0.0
16.0274,0.0136581,122.797,0.821117,0.0
16.0358,0.0136569,121.809,0.820088,0.0
16.0189,0.0136671,121.34,0.839288,0.0
16.0221,0.0135573,122.027,0.810831,0.0
16.0463,0.0135338,121.441,0.820431,0.0
16.0472,0.0140242,123.451,0.830717,0.0
16.0496,0.0135812,121.089,0.832431,0.0
16.044,0.0135526,122.362,0.814946,0.0
16.039,0.0135627,121.173,0.835859,0.0
16.0419,0.0137485,121.34,0.836202,0.0
16.0413,0.0137444,123.233,0.829002,0.0
16.0595,0.0139615,121.206,0.818717,0.0
16.0715,0.013519,121.692,0.827974,0.0
16.0493,0.0133782,122.345,0.840316,0.0
16.0584,0.0134496,122.663,0.806032,0.0
16.0612,0.0144196,122.211,0.806717,0.0
16.0316,0.0141214,121.441,0.822488,0.0
16.0375,0.0139645,121.843,0.81426,0.0
16.0442,0.0139253,122.797,0.818374,0.0
16.0345,0.0137973,122.094,0.837573,0.0
16.0525,0.0138604,121.29,0.819403,0.0
16.0486,0.0140959,122.747,0.821803,0.0
16.0257,0.0136562,122.144,0.832431,0.0
16.0236,0.013748,122.479,0.834831,0.0
16.0318,0.0137306,121.843,0.827288,0.0
16.0128,0.0139462,121.642,0.81906,0.0
16.0144,0.0140478,122.395,0.822831,0.0
16.0607,0.0138428,121.558,0.840316,0.0
16.0627,0.0137781,123.484,0.843059,0.0
16.0351,0.0138783,122.697,0.837916,0.0
16.0339,0.0137059,122.412,0.834488,0.0
16.0275,0.014032,121.809,0.825574,0.0
16.0203,0.0138701,122.714,0.824545,0.0
16.0411,0.0135822,120.905,0.837916,0.0
16.0463,0.0137604,123.132,0.814946,0.0
16.0312,0.0136571,121.926,0.829002,0.0
16.0239,0.0138713,121.173,0.808774,0.0
16.0254,0.0135481,122.429,0.817688,0.0
16.0272,0.0139863,120.72,0.81426,0.0
16.0308,0.0136341,121.307,0.823517,0.0
16.036,0.0137004,122.848,0.833802,0.0
16.0358,0.0139608,121.843,0.821117,0.0
16.0366,0.0137688,121.357,0.841002,0.0
16.0427,0.0140757,121.642,0.808432,0.0
16.0381,0.0134138,121.223,0.815288,0.0
16.0191,0.0139966,122.06,0.837573,0.0
16.0276,0.0136652,123.618,0.820774,0.0
16.0453,0.0134835,121.055,0.813574,0.0
16.0409,0.0137868,120.955,0.82386,0.0
16.0239,0.0137178,121.307,0.828317,0.0
16.0295,0.0137329,122.546,0.815974,0.0
16.0408,0.0136777,122.462,0.852316,0.0
16.0422,0.0139959,122.395,0.844088,0.0
16.0513,0.014002,121.692,0.820431,0.0
16.0354,0.0137776,121.558,0.820088,0.0
16.0092,0.013504,122.446,0.813917,0.0
16.0202,0.0137609,122.094,0.838602,0.0
16.0524,0.0139049,122.278,0.828317,0.0
16.034,0.0139101,121.977,0.815631,0.0
16.0284,0.0138304,123.317,0.812889,0.0
16.063,0.013857,122.362,0.828659,0.0
16.0471,0.0136817,121.993,0.831402,0.0
16.0402,0.0137227,122.429,0.817688,0.0
16.0599,0.0136916,123.166,0.832088,0.0
16.0377,0.013692,121.273,0.84203,0.0
16.0361,0.0139086,122.462,0.814946,0.0
16.0809,0.013731,120.184,0.821803,0.0
16.0743,0.0139506,122.58,0.832431,0.0
16.0294,0.0138436,121.876,0.851287,0.0
16.0182,0.0139059,120.335,0.833116,0.0
16.0319,0.0134359,122.194,0.830717,0.0
16.039,0.0129503,121.893,0.812203,0.0
16.0482,0.0139891,123.35,0.82386,0.0
16.0471,0.0140659,122.563,0.833802,0.0
16.0228,0.0137167,122.915,0.817003,0.0
16.022,0.014289,121.575,0.821803,0.0
16.0307,0.0138573,122.915,0.818717,0.0
16.0168,0.0135579,122.245,0.838945,0.0
16.0185,0.013796,120.67,0.834145,0.0
16.0276,0.0138824,121.926,0.805003,0.0
16.0316,0.0137303,120.687,0.813574,0.0
16.0392,0.0136137,121.776,0.818374,0.0
16.0389,0.013389,120.737,0.84203,0.0
16.0481,0.0138121,122.915,0.826945,0.0
16.061,0.0139185,121.524,0.84203,0.0
16.0358,0.0137217,120.503,0.849573,0.0
16.0157,0.0138312,122.06,0.822831,0.0
16.0325,0.0139118,121.072,0.831402,0.0
16.0275,0.0134659,122.194,0.833116,0.0
16.008,0.0134878,121.491,0.818031,0.0
16.0385,0.0136111,121.39,0.818374,0.0
16.0419,0.0139927,121.993,0.832088,0.0
16.0089,0.0138671,121.91,0.81186,0.0
16.0165,0.0139654,121.709,0.827631,0.0
16.0343,0.0142991,123.049,0.823174,0.0
16.0248,0.013766,123.35,0.826602,0.0
16.0248,0.0134742,120.385,0.818031,0.0
16.0444,0.0135211,121.407,0.819745,0.0
16.0511,0.0137408,122.948,0.837231,0.0
16.0456,0.0137667,123.015,0.841002,0.0
16.037,0.0138353,120.938,0.826602,0.0
16.0208,0.0135345,123.869,0.835859,0.0
16.0278,0.0134562,121.491,0.832431,0.0
16.0454,0.0135071,123.333,0.835859,0.0
16.0542,0.0140475,121.675,0.830717,0.0
16.0281,0.0136361,120.737,0.825231,0.0
16.0198,0.0136597,122.01,0.842373,0.0
16.0433,0.0136866,120.503,0.829345,0.0
16.0414,0.0135172,121.926,0.833459,0.0
16.0357,0.0140449,122.764,0.836545,0.0
16.0324,0.0137812,120.62,0.820431,0.0
16.0272,0.0140025,121.29,0.818717,0.0
16.0455,0.0136874,122.278,0.835859,0.0
16.0391,0.0136671,121.541,0.833459,0.0
16.0257,0.014084,121.876,0.829688,0.0
16.0369,0.0137703,122.395,0.810489,0.0
16.0538,0.0138013,121.893,0.827631,0.0
16.0517,0.0138102,123.049,0.834145,0.0
16.053,0.0137285,122.563,0.807403,0.0
16.0685,0.0137851,121.843,0.826945,0.0
16.067,0.0137926,123.099,0.822488,0.0
16.0353,0.0134547,122.395,0.826945,0.0
16.0256,0.013964,122.228,0.820774,0.0
16.0329,0.0136068,122.663,0.828659,0.0
16.0404,0.0140046,123.451,0.815288,0.0
16.03,0.0136702,121.524,0.82386,0.0
16.0086,0.01374,123.015,0.81906,0.0
16.036,0.0138448,122.161,0.800546,0.0
16.0524,0.0134625,121.759,0.827974,0.0
16.0328,0.0138858,122.797,0.828317,0.0
16.0477,0.0139115,121.156,0.836888,0.0
16.0576,0.0134827,122.429,0.84203,0.0
16.0447,0.0138081,122.613,0.829002,0.0
16.0528,0.0137386,122.044,0.840659,0.0
16.0473,0.0142218,121.323,0.834831,0.0
16.0164,0.013528,120.553,0.798489,0.0
16.0153,0.0141355,121.926,0.830717,0.0
16.0472,0.0137767,121.608,0.820088,0.0
16.0573,0.0137681,121.709,0.815631,0.0
16.0454,0.0137763,121.843,0.811517,0.0
16.0264,0.0140722,122.714,0.840659,0.0
16.0197,0.0136246,121.29,0.832088,0.0
16.0487,0.0136429,123.484,0.836202,0.0
16.0628,0.013686,121.826,0.817346,0.0
16.038,0.0137288,120.62,0.822145,0.0
16.025,0.0136748,123.065,0.84203,0.0
16.0411,0.0137515,121.843,0.836545,0.0
16.0313,0.0137195,121.005,0.822831,0.0
16.0259,0.0139453,122.563,0.829688,0.0
16.0338,0.0138042,123.668,0.820088,0.0
16.0174,0.0137919,121.022,0.837573,0.0
16.0276,0.0138726,121.792,0.82626,0.0
16.0505,0.013832,121.943,0.815288,0.0
16.0418,0.0138818,122.563,0.832431,0.0
16.0436,0.0139371,121.642,0.813231,0.0
16.0304,0.0139268,121.943,0.831745,0.0
16.0128,0.0140332,122.144,0.829688,0.0
16.0394,0.0140614,121.055,0.841345,0.0
16.0498,0.0135742,121.374,0.838602,0.0
16.0272,0.0135122,121.591,0.836888,0.0
16.02,0.0137571,121.792,0.827288,0.0
16.0272,0.0139113,122.797,0.833802,0.0
16.0292,0.0137801,121.692,0.817346,0.0
16.0488,0.0138808,121.374,0.834831,0.0
16.0398,0.0137409,122.831,0.808089,0.0
16.0132,0.0137167,122.127,0.805346,0.0
16.0243,0.0138251,122.261,0.830717,0.0
16.0246,0.0138638,121.776,0.839631,0.0
16.0191,0.0138427,122.697,0.825917,0.0
16.0483,0.0137445,123.685,0.839631,0.0
16.0488,0.0135608,120.771,0.827974,0.0
16.0143,0.0139399,120.168,0.833802,0.0
16.0092,0.0137315,121.256,0.834488,0.0
16.0209,0.0140171,121.692,0.838945,0.0
16.021,0.0135482,121.508,0.841688,0.0
16.0347,0.0137615,121.792,0.835174,0.0
16.0497,0.0138196,122.931,0.820088,0.0
16.0328,0.0141488,121.893,0.822145,0.0
16.0287,0.0136163,122.647,0.832774,0.0
16.0467,0.0138094,122.261,0.832774,0.0
16.0444,0.0137007,120.352,0.830031,0.0
16.0355,0.0138506,123.367,0.834488,0.0
16.0357,0.0137119,121.658,0.820431,0.0
16.0351,0.0140352,121.491,0.827974,0.0
16.0362,0.013922,121.055,0.830031,0.0
16.0618,0.0142607,121.441,0.820431,0.0
16.062,0.0138897,120.988,0.833116,0.0
16.0271,0.0138775,122.178,0.838602,0.0
16.0047,0.0138762,121.307,0.815974,0.0
16.014,0.0138803,121.977,0.838259,0.0
16.0303,0.0138812,122.546,0.839631,0.0
16.0442,0.0136711,121.742,0.831402,0.0
16.0555,0.0133663,121.792,0.829688,0.0
16.0402,0.0136818,121.776,0.830031,0.0
16.0308,0.0136509,121.625,0.82146,0.0
16.0433,0.014029,121.29,0.816317,0.0
16.0559,0.0133258,121.508,0.833116,0.0
16.0437,0.0137272,122.312,0.820088,0.0
16.0277,0.0139633,122.178,0.812546,0.0
16.0405,0.0136709,121.926,0.827631,0.0
16.0592,0.0139575,123.166,0.812889,0.0
16.0533,0.0139471,121.625,0.820088,0.0
16.033,0.0135377,121.709,0.829688,0.0
16.037,0.0138856,121.508,0.839973,0.0
16.044,0.0140636,121.943,0.84203,0.0
16.0248,0.014047,121.926,0.827974,0.0
16.0103,0.0134157,120.419,0.809803,0.0
16.0217,0.0139232,123.819,0.825231,0.0
16.0301,0.0138307,121.91,0.814946,0.0
16.0234,0.0141992,121.642,0.829688,0.0
16.0207,0.0141414,122.663,0.84443,0.0
16.0267,0.0140981,121.323,0.817003,0.0
16.0183,0.0139392,121.457,0.825574,0.0
16.0284,0.0135502,122.328,0.839288,0.0
16.0431,0.0135629,121.692,0.818374,0.0
16.0203,0.0139173,122.194,0.84443,0.0
16.0294,0.0139387,121.843,0.820088,0.0
16.0403,0.0138043,119.916,0.830717,0.0
16.022,0.0139633,123.987,0.821117,0.0
16.0405,0.0139556,122.764,0.825917,0.0
16.0518,0.0139534,122.228,0.837573,0.0
16.0183,0.0135253,121.709,0.826945,0.0
16.025,0.0135194,121.072,0.833459,0.0
16.0429,0.0135572,123.752,0.826602,0.0
16.0232,0.0138269,121.843,0.805003,0.0
16.0348,0.0135446,120.352,0.837231,0.0
16.0484,0.0138391,123.702,0.826945,0.0
16.0329,0.0135858,122.245,0.824888,0.0
16.0281,0.0138044,122.228,0.834488,0.0
16.4626,0.0172469,122.446,0.823517,0.0
24.8645,0.113499,122.06,0.855744,0.0
54.1259,0.216716,126.131,1.07585,0.0
78.9726,0.0769531,178.526,0.9034,0.0
74.7767,0.0827761,163.953,0.865001,0.0
68.0338,0.0439146,163.635,0.881115,0.0
68.2569,0.0460112,163.216,0.874258,0.0
64.3248,0.0532793,169.313,0.893457,0.0
61.2245,0.0407621,172.529,0.8986,0.0
60.7633,0.0412888,174.037,0.879744,0.0
59.1497,0.0435581,175.193,0.868773,0.0
57.8309,0.0440336,175.276,0.883515,0.0
57.0974,0.0467057,176.985,0.872201,0.0
55.7702,0.0496761,173.903,0.895857,0.0
54.3633,0.051556,174.154,0.862258,0.0
53.0689,0.0529297,173.283,0.879401,0.0
51.5664,0.0526968,172.077,0.891743,0.0
50.0973,0.0528067,172.194,0.860544,0.0
48.8056,0.0529248,174.07,0.853687,0.0
47.5622,0.0512008,171.759,0.853687,0.0
46.3345,0.0504978,171.625,0.890715,0.0
45.1815,0.050352,171.658,0.871172,0.0
44.047,0.0493135,170.804,0.872544,0.0
42.9278,0.0477542,172.027,0.874258,0.0
41.9548,0.0458431,170.318,0.875629,0.0
41.0607,0.0443163,169.363,0.879744,0.0
40.1531,0.0432217,167.605,0.865344,0.0
39.3321,0.041659,167.772,0.87083,0.0
38.5972,0.0394476,167.99,0.887972,0.0
37.8649,0.0381949,166.181,0.838259,0.0
37.1217,0.0376769,164.791,0.876658,0.0
36.416,0.0372074,165.561,0.859173,0.0
35.7135,0.0366301,164.59,0.887286,0.0
35.0498,0.0357191,163.484,0.862601,0.0
34.5244,0.0341634,162.06,0.878372,0.0
34.0363,0.0335465,162.965,0.87083,0.0
33.4711,0.0335444,161.776,0.848887,0.0
32.8915,0.0332306,160.921,0.872544,0.0
32.2874,0.032736,160.553,0.850259,0.0
31.6316,0.031486,159.732,0.882486,0.0
31.0351,0.0312616,159.045,0.847859,0.0
30.4691,0.031009,157.186,0.874258,0.0
29.8892,0.0302686,156.616,0.858487,0.0
29.3915,0.0293097,156.08,0.857801,0.0
28.9178,0.029203,156.114,0.836888,0.0
28.4356,0.028351,154.037,0.87323,0.0
28.029,0.0273151,153.853,0.883515,0.0
27.6301,0.0271352,153.652,0.855402,0.0
27.2374,0.0266084,152.496,0.847859,0.0
26.9152,0.0257434,152.814,0.833116,0.0
26.5922,0.0250737,151.524,0.843745,0.0
26.2364,0.0252402,150.804,0.843402,0.0
25.9535,0.0244343,149.832,0.847173,0.0
25.7005,0.023036,150.854,0.872201,0.0
25.4073,0.0228958,149.916,0.851973,0.0
25.17,0.023132,149.916,0.840316,0.0
25.009,0.0221843,149.464,0.848202,0.0
24.8856,0.0218342,148.71,0.836202,0.0
24.8146,0.022284,149.347,0.851973,0.0
24.6716,0.0216228,146.683,0.850259,0.0
24.4892,0.0212989,148.442,0.855059,0.0
24.3631,0.0208978,147.337,0.850945,0.0
24.2142,0.0219642,146.399,0.837231,0.0
24.0563,0.0218777,147.521,0.833116,0.0
23.8882,0.021821,147.404,0.845116,0.0
23.6853,0.0222794,146.482,0.853002,0.0
23.5344,0.0236718,145.377,0.844773,0.0
23.3791,0.0229067,145.377,0.847859,0.0
23.1742,0.0212058,144.757,0.856087,0.0
23.0597,0.0206039,144.221,0.855402,0.0
22.9701,0.0203005,144.037,0.843402,0.0
22.7247,0.0206653,144.774,0.849916,0.0
22.3997,0.0220202,141.039,0.852316,0.0
22.0765,0.0209668,141.675,0.847859,0.0
21.7389,0.0202788,142.261,0.838259,0.0
21.4337,0.0192663,140.218,0.852316,0.0
21.1882,0.0185235,140.972,0.827288,0.0
20.9826,0.01845,139.229,0.836545,0.0
20.7927,0.0180441,138.945,0.815631,0.0
20.6024,0.0181224,138.459,0.801917,0.0
20.4079,0.0177637,137.956,0.860201,0.0
20.2351,0.0177609,136.968,0.833459,0.0
20.061,0.0171334,137.002,0.858487,0.0
19.8899,0.017246,136.147,0.853687,0.0
19.7879,0.0170969,136.064,0.842373,0.0
19.6941,0.0172258,135.126,0.840316,0.0
19.5892,0.0171987,135.427,0.848887,0.0
19.5076,0.0167126,134.841,0.829688,0.0
19.406,0.0172127,135.31,0.842716,0.0
19.3415,0.0170115,136.131,0.816317,0.0
19.2873,0.0166068,135.327,0.829688,0.0
19.1671,0.0162028,133.735,0.831745,0.0
19.0568,0.0165676,134.121,0.837231,0.0
18.9686,0.0164025,133.836,0.84683,0.0
18.9109,0.0164883,134.121,0.837573,0.0
18.8812,0.016873,135.176,0.853344,0.0
18.83,0.0164516,132.596,0.850945,0.0
18.7872,0.0162761,132.01,0.824888,0.0
18.7068,0.015993,132.044,0.84443,0.0
18.5654,0.0158078,132.881,0.829688,0.0
18.4544,0.0161485,132.144,0.832088,0.0
18.3591,0.0156259,130.536,0.860887,0.0
18.2961,0.0156417,131.658,0.834488,0.0
18.3175,0.0162357,131.993,0.825574,0.0
18.3002,0.0155759,132.127,0.829002,0.0
18.0693,0.0153918,127.37,0.845802,0.0
17.6156,0.0156016,127.437,0.815974,0.0
17.2303,0.0146388,126.432,0.836545,0.0
17.0332,0.014659,126.868,0.846487,0.0
16.951,0.0145901,126.583,0.839973,0.0
16.9515,0.0144537,126.566,0.834145,0.0
16.958,0.0148899,126.499,0.834488,0.0
16.9456,0.0142104,125.31,0.830374,0.0
16.9236,0.0146017,126.231,0.825231,0.0
16.9256,0.0141459,124.657,0.818374,0.0
16.9258,0.0142945,125.343,0.81906,0.0
16.8971,0.0147357,125.662,0.82386,0.0
16.9022,0.0147322,126.834,0.835859,0.0
16.9314,0.0147505,125.377,0.828659,0.0
16.939,0.0148761,127.253,0.836202,0.0
16.9086,0.0144512,125.645,0.836202,0.0
16.8892,0.0144321,126.834,0.855402,0.0
16.9135,0.0143495,124.908,0.808432,0.0
16.9281,0.0141866,125.879,0.834145,0.0
16.9123,0.0148913,125.327,0.827631,0.0
16.8967,0.0145266,125.779,0.824545,0.0
16.8836,0.0143378,126.315,0.806717,0.0
16.8864,0.0146345,126.114,0.829002,0.0
16.8876,0.0141004,125.595,0.829345,0.0
16.8654,0.0144596,126.097,0.832774,0.0
16.8662,0.0147318,127.002,0.84443,0.0
16.8854,0.0145133,125.494,0.834145,0.0
16.8634,0.0143022,125.611,0.824202,0.0
16.8343,0.0143686,124.523,0.821803,0.0
16.806,0.014451,125.193,0.84923,0.0
16.7916,0.0144241,124.121,0.833459,0.0
16.7856,0.0143525,126.097,0.82626,0.0
16.7535,0.0145253,125.561,0.855402,0.0
16.7554,0.0146418,125.494,0.832774,0.0
16.7651,0.0144035,125.662,0.836545,0.0
16.7326,0.0146196,125.159,0.867058,0.0
16.7233,0.0140934,123.903,0.825574,0.0
16.7129,0.0138145,123.836,0.817346,0.0
16.6674,0.014147,124.59,0.829002,0.0
16.648,0.014399,125.544,0.843059,0.0
16.6566,0.0142484,125.528,0.81186,0.0
16.6512,0.0142722,124.774,0.822831,0.0
16.6205,0.0143413,125.142,0.845459,0.0
16.5874,0.0137342,124.221,0.850602,0.0
16.563,0.0139098,124.204,0.82386,0.0
16.5397,0.014082,124.757,0.816317,0.0
16.5346,0.0139273,123.92,0.838945,0.0
16.5315,0.0139547,124.188,0.830717,0.0
16.5126,0.0141426,124.271,0.835516,0.0
16.4885,0.014002,123.166,0.841002,0.0
16.475,0.0144829,123.367,0.829688,0.0
16.4682,0.0138289,124.858,0.848202,0.0
16.4505,0.0138393,124.305,0.822831,0.0
16.4454,0.0141527,123.3,0.788546,0.0
16.4399,0.0141442,124.69,0.849916,0.0
16.4373,0.0140981,123.183,0.828659,0.0
16.4319,0.0135879,123.719,0.817346,0.0
16.4333,0.013984,125.159,0.819403,0.0
16.397,0.0138193,122.697,0.825574,0.0
16.3717,0.0135838,125.26,0.836545,0.0
16.3837,0.0143061,125.109,0.845802,0.0
16.3916,0.0142561,123.769,0.827974,0.0
16.3906,0.0144179,124.355,0.820774,0.0
16.3725,0.0141511,124.121,0.829002,0.0
16.3669,0.0142403,123.384,0.824888,0.0
16.3545,0.0142721,123.853,0.848202,0.0
16.3364,0.0142137,124.456,0.84203,0.0
16.3283,0.0140952,122.178,0.838259,0.0
16.3255,0.0138819,124.288,0.80466,0.0
16.3377,0.0140426,122.68,0.832088,0.0
16.333,0.0139019,123.735,0.822488,0.0
16.31,0.0136129,123.484,0.822145,0.0
16.3095,0.0138887,123.484,0.822145,0.0
16.3058,0.013622,123.518,0.818374,0.0
16.2917,0.0137226,121.876,0.831402,0.0
16.2997,0.0141624,123.886,0.82386,0.0
16.2976,0.0141754,122.529,0.829688,0.0
16.2538,0.013741,123.049,0.814603,0.0
16.2387,0.0138653,122.714,0.80946,0.0
16.2754,0.0140435,124.188,0.853002,0.0
16.2702,0.013756,123.451,0.81906,0.0
16.2496,0.0138771,124.087,0.823174,0.0
16.2657,0.0139868,123.652,0.839631,0.0
16.2593,0.0138381,124.121,0.833802,0.0
16.2469,0.0137112,122.764,0.818717,0.0
16.236,0.0139209,124.255,0.815974,0.0
16.2145,0.0138962,122.596,0.830374,0.0
16.2113,0.0138426,121.575,0.815288,0.0
16.2231,0.0140948,124.121,0.840316,0.0
16.2379,0.0140352,123.166,0.826945,0.0
16.2283,0.0137804,122.127,0.851287,0.0
16.207,0.0139315,123.434,0.833459,0.0
16.1883,0.0139237,120.821,0.81186,0.0
16.1729,0.0136184,122.781,0.840316,0.0
16.1823,0.0138989,123.199,0.827974,0.0
16.208,0.0136648,122.831,0.81426,0.0
16.2198,0.0138159,123.384,0.84683,0.0
16.2174,0.0142448,122.345,0.847173,0.0
16.2061,0.0139762,122.295,0.841688,0.0
16.2066,0.0141944,122.044,0.839288,0.0
16.194,0.0136064,123.384,0.821117,0.0
16.1847,0.0132863,122.312,0.84443,0.0
16.1877,0.0138135,121.977,0.811517,0.0
16.2072,0.0141787,123.015,0.843059,0.0
16.224,0.0138085,123.534,0.839631,0.0
16.2039,0.0139803,122.898,0.813231,0.0
16.1961,0.0141887,122.245,0.822145,0.0
16.2162,0.0144207,122.513,0.84683,0.0
16.2039,0.0138893,122.781,0.810831,0.0
16.1895,0.0135229,122.797,0.843745,0.0
16.2133,0.0139395,121.742,0.820088,0.0
16.2064,0.0136817,122.127,0.789232,0.0
16.1715,0.0136228,121.508,0.839631,0.0
16.1796,0.0142004,122.228,0.838602,0.0
16.2078,0.0139399,123.97,0.832774,0.0
16.205,0.0140899,122.513,0.80466,0.0
16.1916,0.0137749,123.702,0.807746,0.0
16.1921,0.0140876,122.278,0.832431,0.0
16.1838,0.0140281,123.467,0.822831,0.0
16.1943,0.0139889,123.501,0.817003,0.0
16.1868,0.0138596,120.101,0.834488,0.0
16.1456,0.0140044,122.462,0.811517,0.0
16.1428,0.0143255,121.725,0.837231,0.0
16.1678,0.0139077,123.417,0.819745,0.0
16.1789,0.0140807,122.161,0.823174,0.0
16.1502,0.013731,123.3,0.832088,0.0
16.1313,0.0139142,122.864,0.831745,0.0
16.1461,0.0139199,122.931,0.806374,0.0
16.1469,0.0138074,121.943,0.865687,0.0
16.1495,0.013902,121.658,0.835859,0.0
16.1626,0.0139287,123.3,0.806032,0.0
16.1577,0.0139978,122.211,0.843745,0.0
16.1468,0.0139635,123.166,0.821117,0.0
16.1579,0.0136994,122.362,0.833116,0.0
16.1705,0.0139384,121.005,0.836888,0.0
16.1665,0.0137056,123.3,0.847516,0.0
16.1554,0.0137301,122.697,0.846487,0.0
16.1336,0.013823,120.335,0.81186,0.0
16.1286,0.0140678,122.479,0.827288,0.0
16.1524,0.0140188,123.25,0.810489,0.0
16.1638,0.0138826,123.987,0.810489,0.0
16.1457,0.0139855,121.089,0.829002,0.0
16.1235,0.014131,121.826,0.825231,0.0
16.1297,0.0141452,122.68,0.81666,0.0
16.1438,0.0138801,122.362,0.830374,0.0
16.1429,0.0139342,121.926,0.84203,0.0
16.1291,0.0139948,122.111,0.822831,0.0
16.1335,0.0135925,122.261,0.827288,0.0
16.1502,0.0138877,122.395,0.857459,0.0
16.1352,0.013666,122.044,0.820431,0.0
16.1152,0.0133377,122.613,0.836545,0.0
16.112,0.0137748,123.501,0.823174,0.0
16.1288,0.0136298,121.558,0.832431,0.0
16.1328,0.0135222,121.658,0.827974,0.0
16.1175,0.0135801,122.328,0.844773,0.0
16.1176,0.013912,122.647,0.831059,0.0
16.118,0.0138586,122.127,0.824888,0.0
16.1101,0.0141107,121.977,0.823517,0.0
16.1132,0.0139573,122.094,0.826602,0.0
16.1037,0.014068,123.568,0.822145,0.0
16.0946,0.0134349,122.73,0.831059,0.0
16.099,0.0136523,121.709,0.812546,0.0
16.0855,0.0135903,121.541,0.827974,0.0
16.0953,0.0140389,122.044,0.824545,0.0
16.1258,0.0137799,121.725,0.824202,0.0
16.1037,0.0140611,120.921,0.820088,0.0
16.0899,0.0139723,121.926,0.819745,0.0
16.1103,0.0138542,123.065,0.824888,0.0
16.1065,0.0139653,120.101,0.820774,0.0
16.1198,0.01392,121.809,0.822831,0.0
16.1376,0.0140347,122.831,0.808089,0.0
16.119,0.0135255,122.194,0.829345,0.0
16.1023,0.0135898,122.044,0.842716,0.0
16.1027,0.0137359,121.323,0.813917,0.0
16.116,0.0137106,122.01,0.833459,0.0
16.1185,0.013677,123.886,0.833459,0.0
16.106,0.0141135,121.491,0.811174,0.0
16.1012,0.0138035,123.132,0.844773,0.0
16.1073,0.0136585,122.01,0.847859,0.0
16.1085,0.0136494,122.998,0.817003,0.0
16.1136,0.0141012,123.166,0.815631,0.0
16.123,0.0139676,122.931,0.829002,0.0
16.1265,0.0138391,121.29,0.824202,0.0
16.1243,0.0136551,122.479,0.843402,0.0
16.0981,0.0135204,123.015,0.82146,0.0
16.0972,0.0141882,123.4,0.819403,0.0
16.1225,0.0136841,123.317,0.815631,0.0
16.1034,0.0134574,121.91,0.842373,0.0
16.0837,0.0138764,121.843,0.825917,0.0
16.116,0.0140636,122.848,0.830374,0.0
16.1229,0.0135405,122.178,0.838945,0.0
16.0991,0.0137556,123.384,0.834831,0.0
16.0941,0.0138525,121.91,0.806374,0.0
16.0668,0.0142125,121.173,0.831059,0.0
16.075,0.0138341,123.049,0.836545,0.0
16.1128,0.0135105,121.625,0.85163,0.0
16.0949,0.0137985,123.216,0.832088,0.0
16.0847,0.0137181,121.424,0.830717,0.0
16.0956,0.0139021,121.508,0.811174,0.0
16.0737,0.0138347,120.838,0.821803,0.0
16.0761,0.013631,121.29,0.828317,0.0
16.0792,0.0139876,121.457,0.830031,0.0
16.0594,0.0137973,121.776,0.835516,0.0
16.0783,0.0138866,120.101,0.838945,0.0
16.1066,0.0139529,121.474,0.828659,0.0
16.0953,0.0135122,121.809,0.821117,0.0
16.0799,0.0133886,122.529,0.854373,0.0
16.0872,0.0137989,123.199,0.818717,0.0
16.0917,0.0137869,124.271,0.826602,0.0
16.0987,0.0138083,122.63,0.829345,0.0
16.1147,0.0136951,122.06,0.814946,0.0
16.106,0.0138574,121.977,0.813917,0.0
16.0763,0.0136682,123.25,0.824545,0.0
16.0836,0.0140898,122.228,0.803975,0.0
16.1023,0.013838,122.898,0.832088,0.0
16.0985,0.0139785,122.111,0.822831,0.0
16.0825,0.0138811,122.111,0.835174,0.0
16.0754,0.0138663,121.725,0.826945,0.0
16.0865,0.0138999,121.374,0.831402,0.0
16.0945,0.0136724,122.881,0.816317,0.0
16.0932,0.0140668,121.608,0.801575,0.0
16.0732,0.0135328,123.853,0.834831,0.0
16.0609,0.0136691,121.591,0.834488,0.0
16.0662,0.0135808,122.395,0.829688,0.0
16.0754,0.0138962,121.508,0.820431,0.0
16.0828,0.0141046,124.405,0.838945,0.0
16.0778,0.0138001,121.256,0.81666,0.0
16.0604,0.0134872,123.166,0.838602,0.0
16.0537,0.0137047,122.094,0.825917,0.0
16.0502,0.0140517,122.63,0.815631,0.0
16.0679,0.0138723,121.759,0.826602,0.0
16.0899,0.0136602,122.613,0.838259,0.0
16.0853,0.0138189,124.121,0.840316,0.0
16.0783,0.0140235,120.67,0.81906,0.0
16.05,0.0138943,121.24,0.812546,0.0
16.0509,0.0139707,121.374,0.807403,0.0
16.0787,0.0140134,123.987,0.845802,0.0
16.072,0.01398,122.295,0.839288,0.0
16.0487,0.0131385,121.122,0.82146,0.0
16.081,0.0137799,123.032,0.838259,0.0
16.0892,0.0140615,121.91,0.845802,0.0
16.0431,0.0140922,121.993,0.826945,0.0
16.0517,0.0140513,122.747,0.826602,0.0
16.0898,0.0136014,120.938,0.830031,0.0
16.078,0.0136996,121.055,0.837916,0.0
16.0741,0.0138215,121.206,0.844088,0.0
16.0834,0.0136632,121.725,0.816317,0.0
16.0697,0.0138109,122.178,0.80946,0.0
16.0827,0.013823,123.116,0.84203,0.0
16.0817,0.01333,121.776,0.824888,0.0
16.0572,0.0135359,123.099,0.822145,0.0
16.0684,0.0137059,123.3,0.82626,0.0
16.0595,0.013913,121.977,0.821117,0.0
16.0338,0.0137606,122.127,0.820774,0.0
16.0536,0.0137157,121.658,0.81906,0.0
16.0543,0.0139018,121.977,0.814603,0.0
16.0378,0.0137458,120.235,0.82146,0.0
16.0499,0.0134192,123.283,0.827288,0.0
16.0536,0.0137702,122.127,0.808432,0.0
16.0525,0.013954,122.379,0.822488,0.0
16.0706,0.0139738,121.29,0.832088,0.0
16.0739,0.0135112,123.283,0.812203,0.0
16.0487,0.0136949,121.591,0.853002,0.0
16.0393,0.0137426,122.864,0.832431,0.0
16.0484,0.0137032,119.648,0.827288,0.0
16.0563,0.0139789,121.859,0.834831,0.0
16.0688,0.0134811,120.888,0.823517,0.0
16.0625,0.0137544,121.642,0.834831,0.0
16.0742,0.014163,121.993,0.827631,0.0
16.079,0.0136044,122.781,0.827974,0.0
16.0562,0.0136643,122.345,0.820088,0.0
16.053,0.0137705,121.993,0.815974,0.0
16.0626,0.0139491,122.362,0.807403,0.0
16.0479,0.0136287,120.519,0.824888,0.0
16.0485,0.0137393,122.211,0.848887,0.0
16.061,0.0136797,121.508,0.824545,0.0
16.0462,0.0138586,120.988,0.831059,0.0
16.0374,0.0138659,121.759,0.809117,0.0
16.0539,0.0136363,120.972,0.814603,0.0
16.0641,0.0135698,122.446,0.815974,0.0
16.0524,0.0134937,122.68,0.807746,0.0
16.0453,0.0140671,122.764,0.824202,0.0
16.0488,0.0137917,123.518,0.845116,0.0
16.0507,0.0140245,122.362,0.819403,0.0
16.0562,0.0132478,122.663,0.841002,0.0
16.0434,0.0137253,120.469,0.832431,0.0
16.0382,0.0135927,121.608,0.838945,0.0
16.0402,0.0138631,121.055,0.825574,0.0
16.0363,0.0138502,122.211,0.85403,0.0
16.0384,0.0137286,122.345,0.833802,0.0
16.0518,0.0136505,121.759,0.822145,0.0
16.053,0.013711,121.792,0.838259,0.0
16.0485,0.0134725,122.462,0.820431,0.0
16.0458,0.0139644,121.809,0.838945,0.0
16.0389,0.0140118,121.675,0.802603,0.0
16.054,0.0138686,121.926,0.819745,0.0
16.0477,0.01435,121.072,0.830374,0.0
16.0332,0.014157,121.876,0.82626,0.0
16.0485,0.0136097,122.982,0.820774,0.0
16.0463,0.013515,121.223,0.82626,0.0
16.0299,0.0137155,120.67,0.824202,0.0
16.0183,0.0138384,122.68,0.823174,0.0
16.0204,0.0137648,121.675,0.822488,0.0
16.0465,0.0136987,122.73,0.824545,0.0
16.0666,0.0138412,122.362,0.822145,0.0
16.0467,0.0136039,121.759,0.833116,0.0
16.0345,0.0136996,122.379,0.837573,0.0
16.0472,0.0138108,121.893,0.829345,0.0
16.0423,0.0135783,122.429,0.821117,0.0
16.0372,0.0136947,122.06,0.824545,0.0
16.033,0.0137165,123.568,0.828317,0.0
16.0194,0.0137358,120.704,0.825231,0.0
16.0264,0.0137107,121.206,0.85163,0.0
16.0528,0.0138722,121.625,0.82386,0.0
16.071,0.0138457,122.663,0.842373,0.0
16.0656,0.013653,122.68,0.831402,0.0
16.0482,0.013951,122.982,0.840659,0.0
16.0453,0.0138804,119.95,0.818374,0.0
16.0303,0.013697,120.637,0.84203,0.0
16.0306,0.0137384,121.558,0.832088,0.0
16.0487,0.0138488,122.446,0.833116,0.0
16.0487,0.0135594,121.642,0.820431,0.0
16.0436,0.0139798,121.139,0.802603,0.0
16.0363,0.0138122,121.943,0.827288,0.0
16.0194,0.0139774,120.536,0.825574,0.0
16.0427,0.0139526,121.859,0.824545,0.0
16.0506,0.0137829,122.446,0.837231,0.0
16.0477,0.0136375,122.613,0.809803,0.0
16.06,0.01389,124.271,0.818031,0.0
16.0464,0.0138221,122.781,0.832431,0.0
16.0294,0.0138266,122.529,0.809803,0.0
16.0281,0.0133882,122.06,0.810146,0.0
16.0371,0.0137081,121.859,0.82626,0.0
16.0435,0.0138048,123.132,0.823174,0.0
16.044,0.0139024,121.993,0.795746,0.0
16.0351,0.0135462,121.742,0.832774,0.0
16.0231,0.0135844,121.307,0.805003,0.0
16.0319,0.0137495,122.429,0.839288,0.0
16.0442,0.0137689,123.484,0.832088,0.0
16.0529,0.0138634,121.809,0.820431,0.0
16.0519,0.0138273,122.848,0.847516,0.0
16.0292,0.0130884,121.876,0.84683,0.0
16.024,0.013467,122.747,0.812889,0.0
16.0386,0.0133561,124.255,0.840316,0.0
16.0349,0.0138646,121.742,0.843402,0.0
16.0261,0.0140148,120.787,0.832088,0.0
16.0267,0.0138697,121.658,0.824888,0.0
16.0487,0.014008,121.943,0.824888,0.0
16.0635,0.0135239,120.821,0.819745,0.0
16.0438,0.0139457,121.273,0.812889,0.0
16.0388,0.0139045,121.323,0.823174,0.0
16.0474,0.0135845,122.563,0.850602,0.0
16.0412,0.0141983,121.893,0.835174,0.0
16.0233,0.0138866,121.524,0.815288,0.0
16.0279,0.0137683,121.608,0.810831,0.0
16.0448,0.0137767,121.374,0.824202,0.0
16.029,0.0133811,121.541,0.84923,0.0
16.0107,0.0141762,122.245,0.82626,0.0
16.0314,0.0139352,120.603,0.791632,0.0
16.0417,0.0136282,121.139,0.814603,0.0
16.0202,0.0139511,121.156,0.834145,0.0
16.0239,0.0137397,121.742,0.801917,0.0
16.0384,0.0140324,119.916,0.827288,0.0
16.0523,0.0136333,123.049,0.82626,0.0
16.056,0.0139476,121.524,0.815631,0.0
16.0406,0.0139126,122.714,0.813574,0.0
16.0427,0.0138333,122.412,0.82146,0.0
16.0359,0.0138096,122.496,0.836202,0.0
16.0215,0.0139501,120.637,0.817688,0.0
16.0261,0.0138672,121.206,0.800889,0.0
16.045,0.0137714,121.993,0.82386,0.0
16.0456,0.013707,121.039,0.838602,0.0
16.0412,0.0138136,122.027,0.81186,0.0
16.0501,0.0140265,121.106,0.821117,0.0
16.0398,0.0137541,122.278,0.827631,0.0
16.0191,0.0140124,122.73,0.831745,0.0
16.0282,0.0135707,121.91,0.838259,0.0
16.0393,0.0139489,122.144,0.825231,0.0
16.0481,0.0135968,122.764,0.812203,0.0
16.0382,0.0136971,120.771,0.833802,0.0
16.023,0.0139499,122.094,0.829345,0.0
16.0312,0.0141283,122.345,0.834488,0.0
16.0283,0.0139525,123.434,0.818031,0.0
16.026,0.0138113,121.642,0.793689,0.0
16.0303,0.0137731,122.529,0.834488,0.0
16.0261,0.0135832,122.077,0.839973,0.0
16.03,0.0136684,121.859,0.839288,0.0
16.0356,0.013982,121.977,0.853002,0.0
16.0294,0.0140319,120.905,0.835859,0.0
16.0287,0.0137799,122.446,0.820431,0.0
16.0229,0.0137355,122.161,0.817688,0.0
16.019,0.0139106,120.653,0.829345,0.0
16.0354,0.0141025,122.663,0.835174,0.0
16.0445,0.0134768,122.429,0.837573,0.0
16.0216,0.0135744,121.926,0.80706,0.0
16.0211,0.0131683,121.357,0.803632,0.0
16.0359,0.0133652,121.675,0.81666,0.0
16.0151,0.0134486,122.764,0.823174,0.0
16.0268,0.01382,122.312,0.820088,0.0
16.052,0.0137739,121.591,0.82146,0.0
16.038,0.0135592,121.206,0.831402,0.0
16.0207,0.014069,122.362,0.840316,0.0
16.009,0.0137946,121.156,0.812889,0.0
16.0198,0.0137495,122.278,0.831059,0.0
16.0275,0.0135807,121.608,0.843059,0.0
15.9974,0.0137743,122.211,0.829345,0.0
16.0,0.0142036,121.307,0.820088,0.0
16.0145,0.0136372,122.747,0.845802,0.0
16.0248,0.013666,120.62,0.820774,0.0
16.0384,0.0137213,121.792,0.834488,0.0
16.0349,0.013719,120.285,0.815974,0.0
16.0227,0.0132288,121.457,0.822831,0.0
16.0252,0.0138827,122.663,0.820431,0.0
16.031,0.013641,122.73,0.822488,0.0
16.0269,0.0139426,119.062,0.843745,0.0
16.0217,0.013628,122.881,0.863973,0.0
16.0327,0.0139177,123.082,0.843745,0.0
16.025,0.0140068,122.898,0.832431,0.0
16.0159,0.0140359,121.223,0.814946,0.0
16.0238,0.0138208,123.116,0.832431,0.0
16.0354,0.0139785,122.111,0.827631,0.0
16.0291,0.0137928,122.245,0.840316,0.0
16.0145,0.013749,122.529,0.81666,0.0
16.0174,0.0137803,121.96,0.844088,0.0
16.0329,0.0133288,121.575,0.817688,0.0
16.0304,0.0140097,120.921,0.810831,0.0
16.0273,0.0136154,121.591,0.838259,0.0
16.0482,0.01357,122.027,0.821803,0.0
16.0512,0.0135509,121.039,0.815288,0.0
16.0203,0.0135023,122.462,0.829345,0.0
16.022,0.013769,121.441,0.821803,0.0
16.0241,0.013345,121.457,0.824202,0.0
16.0201,0.013588,123.601,0.820088,0.0
16.0611,0.014178,122.781,0.843402,0.0
16.0706,0.0141061,121.943,0.822831,0.0
16.027,0.0136789,122.127,0.817688,0.0
16.0291,0.0136389,121.106,0.815288,0.0
16.0478,0.0135561,123.233,0.84203,0.0
16.0211,0.0136525,121.223,0.82146,0.0
16.016,0.0134812,123.467,0.838259,0.0
16.0468,0.013744,122.395,0.835174,0.0
16.0583,0.01373,122.01,0.823174,0.0
16.0409,0.0142415,120.452,0.845116,0.0
16.0234,0.013399,122.513,0.822488,0.0
16.0226,0.0138041,122.613,0.838259,0.0
16.0334,0.0135687,121.307,0.813917,0.0
16.0398,0.0136987,122.663,0.816317,0.0
16.0316,0.0137879,123.518,0.82146,0.0
16.0245,0.0140942,122.63,0.81186,0.0
16.0236,0.0138101,121.759,0.815631,0.0
16.0244,0.0136586,124.104,0.821117,0.0
16.0282,0.0136275,121.759,0.819403,0.0
16.032,0.0139183,123.015,0.833459,0.0
16.0361,0.0132992,121.29,0.80706,0.0
16.0139,0.0136132,120.754,0.825574,0.0
16.0048,0.0139213,120.653,0.822488,0.0
16.0325,0.0135097,122.044,0.84683,0.0
16.0363,0.0137822,122.127,0.815631,0.0
16.0219,0.0134789,123.501,0.823174,0.0
16.0203,0.0135708,122.446,0.823174,0.0
16.0043,0.013625,123.233,0.826945,0.0
16.003,0.0137678,124.037,0.823174,0.0
16.0394,0.0136976,121.926,0.834831,0.0
16.0475,0.0135828,122.697,0.814603,0.0
16.0268,0.0136973,123.082,0.843059,0.0
16.0312,0.0138635,121.374,0.834145,0.0
16.044,0.013595,121.441,0.832774,0.0
16.0371,0.0140404,121.558,0.836888,0.0
16.0293,0.0141622,121.256,0.824888,0.0
16.0281,0.0136808,121.642,0.835516,0.0
16.0208,0.0138262,121.893,0.82146,0.0
16.0204,0.0140059,121.106,0.823174,0.0
16.0194,0.0135313,120.385,0.830031,0.0
16.0164,0.0134735,121.173,0.842373,0.0
16.0133,0.0137234,123.082,0.832088,0.0
16.0279,0.0137361,121.106,0.81426,0.0
16.0368,0.0136979,120.905,0.837916,0.0
16.0263,0.0133821,121.307,0.820088,0.0
16.031,0.013811,122.831,0.820088,0.0
16.0243,0.0137161,121.96,0.818031,0.0
16.0353,0.0136384,121.692,0.80946,0.0
16.0582,0.0135814,120.201,0.826945,0.0
16.0293,0.0134984,122.211,0.828659,0.0
16.0186,0.0137312,122.328,0.830717,0.0
16.0389,0.0140015,121.34,0.833802,0.0
16.0416,0.0138882,122.529,0.818374,0.0
16.0288,0.013524,121.524,0.836202,0.0
16.0167,0.013858,122.027,0.82386,0.0
16.0265,0.013632,121.374,0.822831,0.0
16.0463,0.0136628,121.34,0.815974,0.0
16.036,0.0138159,121.759,0.828317,0.0
16.0401,0.0136764,121.91,0.849916,0.0
16.0323,0.0138809,121.508,0.828317,0.0
16.0226,0.0136959,121.809,0.824888,0.0
16.0401,0.0138153,122.496,0.838259,0.0
16.0389,0.014083,122.714,0.833116,0.0
16.0336,0.0135727,121.926,0.815288,0.0
16.0477,0.0137466,124.171,0.815288,0.0
16.0489,0.0135628,120.905,0.817688,0.0
16.0394,0.0134831,121.96,0.817003,0.0
16.0284,0.0134644,121.357,0.800203,0.0
16.0208,0.0139842,120.771,0.838945,0.0
16.0317,0.0139262,122.462,0.835859,0.0
16.0281,0.0139341,122.546,0.832088,0.0
16.0128,0.0134742,120.62,0.832088,0.0
16.0156,0.0137213,121.273,0.826602,0.0
16.0319,0.0138871,120.452,0.825917,0.0
16.0208,0.0141147,121.156,0.822145,0.0
16.0009,0.0137441,121.809,0.832088,0.0
16.0164,0.0135185,121.859,0.826945,0.0
16.0245,0.0135789,122.948,0.806032,0.0
16.0272,0.0136005,122.412,0.830031,0.0
16.0353,0.0138262,121.173,0.858487,0.0
16.0223,0.0138428,121.055,0.80946,0.0
16.018,0.0135396,121.39,0.805003,0.0
16.0321,0.0138636,121.34,0.810489,0.0
16.0394,0.0140325,122.931,0.823517,0.0
16.0321,0.0138736,122.529,0.835174,0.0
16.0239,0.0138651,122.111,0.82626,0.0
16.0157,0.0134073,121.826,0.835859,0.0
16.0268,0.0138884,122.948,0.827288,0.0
16.0235,0.0136829,121.558,0.833459,0.0
15.9972,0.0137267,122.379,0.838259,0.0
16.0236,0.0139681,122.596,0.843059,0.0
16.0481,0.0137377,121.307,0.831745,0.0
16.0187,0.0135564,121.843,0.834145,0.0
16.0189,0.0138742,122.513,0.832774,0.0
16.0317,0.0136524,121.591,0.822831,0.0
16.0079,0.0138485,121.658,0.829002,0.0
16.023,0.0137892,122.915,0.825917,0.0
16.0381,0.0140435,121.759,0.840316,0.0
16.0059,0.0136466,122.663,0.817346,0.0
15.9936,0.014037,121.055,0.813574,0.0
16.01,0.0137773,122.094,0.795746,0.0
16.0292,0.0137861,123.233,0.826945,0.0
16.0458,0.0137397,121.223,0.820774,0.0
16.0412,0.013679,123.484,0.822488,0.0
16.0251,0.0138655,121.39,0.803289,0.0
16.0277,0.0140289,124.238,0.819745,0.0
16.0314,0.0138928,123.333,0.839631,0.0
16.0326,0.0135179,121.357,0.831059,0.0
16.0329,0.0139545,121.374,0.822488,0.0
16.0282,0.0134479,121.675,0.828659,0.0
16.0273,0.0139281,121.709,0.820431,0.0
16.0271,0.0137008,121.675,0.832774,0.0
16.0384,0.0137652,122.496,0.799518,0.0
16.0499,0.0137385,122.211,0.831402,0.0
16.0437,0.013844,121.776,0.821117,0.0
16.0424,0.0138079,121.709,0.830717,0.0
16.0402,0.0137501,121.307,0.829002,0.0
16.0328,0.0135748,122.496,0.822145,0.0
16.0511,0.0136804,123.266,0.82146,0.0
16.0569,0.0134272,123.082,0.846145,0.0
16.0357,0.013669,122.948,0.827974,0.0
16.0333,0.0135653,122.161,0.828317,0.0
16.0507,0.0140357,121.725,0.820431,0.0
16.0485,0.0139508,121.926,0.821117,0.0
16.0324,0.0137495,122.831,0.823174,0.0
16.0267,0.0136492,122.379,0.838602,0.0
16.0191,0.0141267,121.876,0.841688,0.0
16.0206,0.0137422,120.988,0.820774,0.0
16.0244,0.0138667,122.245,0.826945,0.0
16.0372,0.0138836,121.491,0.817688,0.0
16.0352,0.0137081,121.859,0.845459,0.0
16.0168,0.0136513,122.529,0.803632,0.0
16.0148,0.0140624,122.328,0.818374,0.0
16.0239,0.0138557,122.429,0.833116,0.0
16.0496,0.0136051,121.189,0.821803,0.0
16.0308,0.0137945,121.122,0.815631,0.0
16.0025,0.0139095,122.111,0.81666,0.0
16.0229,0.0135455,120.637,0.846145,0.0
16.0355,0.0137061,123.35,0.840659,0.0
16.0312,0.0134795,120.854,0.813574,0.0
16.0408,0.0138326,123.199,0.84443,0.0
16.0317,0.0139202,121.826,0.835516,0.0
16.0071,0.0138306,122.161,0.81426,0.0
16.028,0.0139882,120.637,0.830031,0.0
16.0293,0.0136308,122.931,0.824202,0.0
16.0108,0.0133486,121.541,0.81906,0.0
16.0285,0.0138867,121.357,0.815974,0.0
16.0346,0.0139961,122.747,0.798146,0.0
16.0179,0.0141576,122.848,0.815631,0.0
16.0188,0.0138532,122.111,0.841345,0.0
16.0189,0.0138604,121.206,0.835859,0.0
16.0088,0.0134932,121.977,0.827631,0.0
16.0216,0.0139043,121.541,0.825231,0.0
16.0253,0.0141254,120.469,0.844088,0.0
16.0114,0.0136751,121.441,0.817688,0.0
16.0168,0.0136494,123.216,0.82386,0.0
16.0257,0.0133313,122.68,0.814946,0.0
16.0178,0.0140336,121.256,0.824545,0.0
16.042,0.0142866,121.424,0.810146,0.0
16.052,0.0140082,121.792,0.806717,0.0
16.0186,0.0137338,121.809,0.813574,0.0
16.0194,0.0136626,122.194,0.84683,0.0
16.0267,0.013608,122.077,0.829345,0.0
16.0193,0.0135925,121.223,0.806032,0.0
16.0387,0.0138826,122.06,0.813917,0.0
16.0245,0.0138767,121.826,0.80706,0.0
16.0269,0.0137091,123.685,0.818031,0.0
16.047,0.0138818,121.608,0.80946,0.0
16.0403,0.0141563,122.814,0.822488,0.0
16.0382,0.0136632,122.295,0.82626,0.0
16.0482,0.0136108,121.189,0.836202,0.0
16.0398,0.0137374,121.792,0.829688,0.0
16.0159,0.0139468,121.541,0.845459,0.0
16.0178,0.0138229,122.563,0.81426,0.0
16.0518,0.0133612,121.759,0.81186,0.0
16.0525,0.0137167,120.72,0.839973,0.0
16.0317,0.0137044,120.536,0.818717,0.0
16.0203,0.0136955,122.044,0.814946,0.0
16.0131,0.0138135,120.988,0.824202,0.0
16.0227,0.0135397,121.709,0.830031,0.0
16.0115,0.0135696,122.529,0.833459,0.0
16.0111,0.0137592,121.508,0.835859,0.0
16.0067,0.0136926,121.625,0.830717,0.0
16.0127,0.0139942,123.25,0.818031,0.0
16.0309,0.013656,120.653,0.816317,0.0
16.0235,0.0135723,122.613,0.822145,0.0
16.0073,0.0136889,121.675,0.822488,0.0
16.0078,0.013744,121.977,0.864316,0.0
16.0176,0.0136073,122.027,0.814603,0.0
16.0376,0.0138317,121.457,0.828317,0.0
16.0271,0.0136816,121.39,0.843059,0.0
16.0054,0.0137223,121.189,0.819745,0.0
16.019,0.0134017,121.591,0.82626,0.0
16.0481,0.0136608,121.474,0.841688,0.0
16.0316,0.0139576,121.96,0.825231,0.0
16.0147,0.0139691,121.039,0.802603,0.0
16.0397,0.0139821,122.194,0.813917,0.0
16.0436,0.0136888,121.608,0.827288,0.0
16.0263,0.0137953,122.412,0.833802,0.0
16.0341,0.0136123,121.792,0.844773,0.0
16.0342,0.0137372,121.658,0.804317,0.0
16.0076,0.0139851,123.802,0.821117,0.0
16.0205,0.0139073,121.642,0.848202,0.0
16.0309,0.0135434,122.915,0.848545,0.0
16.0283,0.0138022,123.015,0.847516,0.0
16.0386,0.0137122,120.955,0.838259,0.0
16.0166,0.0136729,121.809,0.848202,0.0
16.0013,0.0135876,120.62,0.814946,0.0
16.0175,0.013519,122.362,0.823174,0.0
16.0265,0.0138903,121.893,0.831745,0.0
16.0071,0.0136528,120.687,0.81426,0.0
15.996,0.0138699,122.01,0.829002,0.0
16.0121,0.0138067,121.223,0.819745,0.0
16.0363,0.0138017,121.943,0.831059,0.0
16.0327,0.0139108,122.647,0.829002,0.0
16.0113,0.0136657,121.943,0.831059,0.0
16.0311,0.0137241,121.039,0.820431,0.0
16.0488,0.0136656,121.106,0.818717,0.0
16.0119,0.0136109,120.972,0.827974,0.0
16.0136,0.0137798,121.34,0.841688,0.0
16.0315,0.0140506,121.273,0.799518,0.0
16.0262,0.0137076,122.58,0.808432,0.0
16.027,0.013671,121.273,0.806374,0.0
16.0186,0.0137754,123.266,0.829002,0.0
16.0276,0.013598,121.859,0.827631,0.0
16.0527,0.0137193,122.864,0.845802,0.0
16.0318,0.0136716,122.714,0.824202,0.0
16.0055,0.0136734,122.144,0.827288,0.0
16.0242,0.013878,121.424,0.841345,0.0
16.0323,0.0137281,122.412,0.838259,0.0
16.023,0.0138295,122.312,0.830031,0.0
16.02,0.0137924,121.843,0.833802,0.0
16.031,0.0138444,121.474,0.822145,0.0
16.0339,0.0137578,122.178,0.817688,0.0
16.0247,0.0138943,122.01,0.849573,0.0
16.0213,0.0138784,122.864,0.835859,0.0
16.0225,0.0141856,121.926,0.81426,0.0
16.0132,0.013953,123.049,0.82386,0.0
16.0437,0.0136879,122.06,0.803632,0.0
16.0626,0.0138465,121.675,0.827974,0.0
16.0461,0.0137634,121.943,0.817003,0.0
16.0331,0.013744,122.714,0.850602,0.0
16.03,0.0138291,121.759,0.817003,0.0
16.0225,0.0138368,122.261,0.810831,0.0
16.023,0.0142117,122.446,0.840316,0.0
16.0459,0.0140679,122.747,0.819745,0.0
16.0361,0.0137476,121.642,0.829688,0.0
16.0257,0.0136928,121.189,0.839288,0.0
16.0328,0.0137447,122.429,0.833459,0.0
16.0355,0.0137807,121.189,0.832431,0.0
16.0411,0.0135439,121.189,0.823174,0.0
16.0413,0.0137017,123.618,0.817688,0.0
16.0294,0.013708,123.166,0.819403,0.0
16.0106,0.0139557,123.049,0.829002,0.0
16.0031,0.0139213,122.73,0.831402,0.0
16.0018,0.0138255,121.675,0.808774,0.0
16.0149,0.0138848,120.754,0.816317,0.0
16.0354,0.0140024,121.876,0.824545,0.0
16.0258,0.0139805,121.608,0.856773,0.0
16.0281,0.0141488,120.402,0.823517,0.0
16.0423,0.0139516,122.194,0.830717,0.0
16.024,0.0138946,120.067,0.829688,0.0
16.0198,0.0140286,120.754,0.817346,0.0
16.036,0.0139757,121.206,0.820088,0.0
16.0308,0.0139888,123.25,0.837573,0.0
16.031,0.0137513,122.73,0.85163,0.0
16.0376,0.0136436,121.508,0.813574,0.0
16.0209,0.0135233,120.452,0.810146,0.0
16.0088,0.0136861,121.457,0.820774,0.0
16.0219,0.0137253,121.642,0.843745,0.0
16.0328,0.013946,121.893,0.818031,0.0
16.0284,0.0134697,123.032,0.812203,0.0
16.0265,0.0138793,122.094,0.827288,0.0
16.023,0.0137891,121.608,0.820088,0.0
16.0194,0.013806,119.564,0.821803,0.0
16.0207,0.0139224,122.345,0.825917,0.0
16.029,0.0139049,122.379,0.830031,0.0
16.0198,0.0139738,121.441,0.830374,0.0
16.0335,0.013763,122.395,0.831745,0.0
16.0451,0.0135315,123.585,0.858487,0.0
16.0329,0.0134459,122.161,0.813231,0.0
16.0382,0.013579,122.613,0.830031,0.0
16.0238,0.0135902,122.027,0.833802,0.0
16.0004,0.0135902,121.474,0.82146,0.0
16.0345,0.0140384,122.479,0.818717,0.0
16.0479,0.0135413,122.931,0.808774,0.0
16.0288,0.013799,121.122,0.810489,0.0
16.0312,0.0139273,122.915,0.814946,0.0
16.0194,0.0138115,121.859,0.840659,0.0
16.0133,0.0138396,122.245,0.846487,0.0
16.0396,0.0134869,119.832,0.818374,0.0
16.0604,0.0136666,122.898,0.82146,0.0
16.0477,0.0133399,121.307,0.813231,0.0
16.0322,0.0136149,122.714,0.837916,0.0
16.0294,0.0138626,121.692,0.793346,0.0
16.0363,0.0139534,122.295,0.817346,0.0
16.029,0.0136091,122.379,0.824888,0.0
16.0048,0.0136517,120.419,0.837916,0.0
16.0162,0.0138569,120.653,0.836545,0.0
16.0289,0.013623,121.96,0.836545,0.0
15.9877,0.0138344,122.228,0.842373,0.0
16.0046,0.013905,122.479,0.817003,0.0
16.0392,0.0135526,122.58,0.848887,0.0
16.0228,0.0138974,120.637,0.801575,0.0
16.0321,0.013622,122.228,0.839288,0.0
16.0469,0.0137765,120.871,0.797118,0.0
16.0361,0.0138352,123.668,0.832431,0.0
16.0286,0.0135771,122.06,0.841002,0.0
16.0347,0.013855,122.144,0.801917,0.0
16.0519,0.0134064,122.814,0.853687,0.0
16.0472,0.0138362,121.424,0.833459,0.0
16.0205,0.0142738,121.993,0.831059,0.0
16.0239,0.0137938,120.988,0.830031,0.0
16.0315,0.0139793,122.446,0.818374,0.0
16.03,0.0138341,122.06,0.818374,0.0
16.0265,0.0136842,122.278,0.829002,0.0
16.0296,0.0142728,120.201,0.823174,0.0
16.023,0.0135301,121.91,0.834831,0.0
16.0228,0.0137133,122.044,0.827631,0.0
16.0277,0.0135854,121.323,0.820088,0.0
16.016,0.0139428,120.838,0.830031,0.0
16.0162,0.0137058,120.754,0.823174,0.0
16.0319,0.0139183,121.156,0.827631,0.0
16.0292,0.0137968,120.871,0.81186,0.0
16.0201,0.0136186,122.077,0.839973,0.0
16.0134,0.0137645,120.503,0.820088,0.0
16.0137,0.0141186,120.553,0.818717,0.0
16.0274,0.0140155,122.06,0.810831,0.0
16.0399,0.0134899,119.916,0.844088,0.0
16.0367,0.0135398,122.647,0.820774,0.0
16.0334,0.0133932,123.015,0.812203,0.0
16.0453,0.0137207,121.591,0.827974,0.0
16.0447,0.013855,121.96,0.827288,0.0
16.039,0.0136944,122.278,0.821117,0.0
16.0375,0.0138296,121.692,0.833802,0.0
16.0367,0.0138457,121.424,0.80466,0.0
16.0394,0.0137009,121.91,0.837916,0.0
16.0515,0.0139423,122.144,0.834831,0.0
16.0593,0.0137048,123.283,0.817688,0.0
16.04,0.0137269,122.446,0.802603,0.0
16.013,0.0135712,122.965,0.837573,0.0
16.0372,0.0137915,123.132,0.835174,0.0
16.0527,0.0138477,121.407,0.820774,0.0
16.0264,0.0140117,121.926,0.821117,0.0
16.014,0.0138033,121.441,0.82386,0.0
16.0131,0.0138536,122.06,0.830374,0.0
16.0144,0.0137713,121.642,0.84923,0.0
16.0249,0.0141062,121.709,0.831059,0.0
16.0174,0.0135755,121.625,0.845459,0.0
16.0257,0.0138437,122.797,0.841002,0.0
16.0424,0.0138767,120.921,0.862601,0.0
16.0211,0.0139042,123.049,0.819745,0.0
16.0254,0.0136324,121.759,0.820088,0.0
16.026,0.0139048,120.888,0.829345,0.0
16.01,0.0138307,122.831,0.81906,0.0
16.0368,0.0137981,121.139,0.822488,0.0
16.0412,0.0135982,121.625,0.837916,0.0
16.0266,0.0136772,120.771,0.824202,0.0
16.0286,0.0137091,122.446,0.822488,0.0
16.0265,0.0136108,119.799,0.824888,0.0
16.0217,0.0136508,122.965,0.822831,0.0
16.0285,0.0133974,119.832,0.822831,0.0
16.0333,0.0133786,123.317,0.825231,0.0
16.0187,0.01367,121.675,0.834488,0.0
16.0278,0.0135593,122.647,0.838602,0.0
16.05,0.0140596,120.955,0.808774,0.0
16.0326,0.0136329,122.663,0.82146,0.0
16.0456,0.0133214,120.57,0.831745,0.0
16.0676,0.0135884,121.508,0.825917,0.0
16.0463,0.0138889,122.915,0.851287,0.0
16.0349,0.0138967,122.077,0.844088,0.0
16.0349,0.0139602,121.508,0.838259,0.0
16.0196,0.014128,122.546,0.830031,0.0
16.0223,0.014134,121.424,0.842716,0.0
16.0477,0.0139258,122.546,0.850602,0.0
16.049,0.0138801,122.027,0.806374,0.0
16.0412,0.0138417,120.586,0.812546,0.0
16.0397,0.0137262,121.357,0.818374,0.0
16.0196,0.0135224,121.809,0.851287,0.0
15.9935,0.0138158,122.848,0.821117,0.0
16.0092,0.0136879,121.675,0.833802,0.0
16.03,0.0134362,121.541,0.831745,0.0
16.0035,0.0138114,121.709,0.805003,0.0
16.0072,0.0137316,123.652,0.834145,0.0
16.0469,0.0139678,121.91,0.840316,0.0
16.0329,0.0135253,122.462,0.841002,0.0
16.0054,0.0135291,121.91,0.836888,0.0
16.0188,0.0133463,121.926,0.837916,0.0
16.0385,0.0136971,122.06,0.81906,0.0
16.0518,0.0135545,121.642,0.807403,0.0
16.0509,0.0132705,121.407,0.822145,0.0
16.0441,0.0137741,121.776,0.835516,0.0
16.0417,0.0138422,122.379,0.841345,0.0
16.039,0.0138446,122.245,0.812889,0.0
16.0393,0.0137394,124.204,0.827631,0.0
16.0387,0.0134539,122.261,0.824888,0.0
16.031,0.0136032,122.479,0.839631,0.0
16.0237,0.0138763,122.245,0.846145,0.0
16.0296,0.0139521,122.144,0.831059,0.0
16.0383,0.0135898,120.486,0.82386,0.0
16.0377,0.0133452,122.63,0.829688,0.0
16.0418,0.0140987,122.998,0.815288,0.0
16.0288,0.0139828,120.151,0.836202,0.0
16.0293,0.0138962,121.106,0.832774,0.0
16.052,0.0136939,122.312,0.829688,0.0
16.0423,0.013658,122.027,0.818031,0.0
16.0169,0.0139273,122.312,0.822488,0.0
16.0367,0.0138582,122.044,0.828317,0.0
16.0501,0.0134131,123.266,0.832431,0.0
16.0381,0.0138635,121.072,0.817003,0.0
16.0235,0.0137,122.831,0.84683,0.0
16.0156,0.0136537,122.077,0.818374,0.0
16.0285,0.0141505,122.328,0.823517,0.0
16.0444,0.0139763,122.764,0.838259,0.0
16.0443,0.0136518,121.307,0.820431,0.0
16.0416,0.0139027,122.228,0.81666,0.0
16.0369,0.013933,122.144,0.820774,0.0
16.0288,0.0133119,122.01,0.810146,0.0
16.0306,0.0139076,122.513,0.839288,0.0
16.0298,0.013617,121.039,0.843059,0.0
16.0318,0.0135077,121.843,0.820431,0.0
16.0365,0.0134659,120.888,0.825231,0.0
16.0184,0.0136845,122.161,0.837231,0.0
16.0199,0.0138623,121.374,0.826602,0.0
16.0213,0.0137648,120.771,0.82146,0.0
16.0058,0.01381,124.07,0.837916,0.0
16.0248,0.0140061,121.859,0.817346,0.0
16.0341,0.0140227,122.529,0.837573,0.0
16.0056,0.0136003,121.005,0.810146,0.0
16.0297,0.0136219,123.451,0.837231,0.0
16.0546,0.013769,122.529,0.838945,0.0
16.0315,0.0137506,122.663,0.819403,0.0
16.0303,0.0138795,119.816,0.814946,0.0
16.041,0.0139101,122.864,0.814603,0.0
16.0471,0.0136881,120.486,0.833802,0.0
16.0426,0.0136798,121.826,0.81186,0.0
16.0484,0.0138504,122.144,0.833802,0.0
16.0453,0.0137675,122.73,0.843059,0.0
16.0435,0.0138325,122.764,0.80946,0.0
16.0416,0.0139506,120.268,0.806374,0.0
16.0106,0.0137224,121.742,0.834145,0.0
16.0077,0.013677,121.022,0.807403,0.0
16.0273,0.0138579,121.441,0.832431,0.0
16.0262,0.0137885,120.821,0.816317,0.0
16.0189,0.0135674,122.379,0.841002,0.0
16.0214,0.0137476,121.039,0.848202,0.0
16.024,0.0136188,121.642,0.841002,0.0
16.0314,0.0141679,122.194,0.812203,0.0
16.0216,0.0139478,123.484,0.836888,0.0
16.0208,0.0139406,123.467,0.827631,0.0
16.0359,0.0138104,121.993,0.801232,0.0
16.0248,0.0139623,122.864,0.824545,0.0
16.023,0.0134931,121.575,0.822145,0.0
16.0362,0.0137917,122.58,0.829688,0.0
16.0366,0.0137859,120.402,0.814946,0.0
16.0248,0.0139417,122.781,0.818031,0.0
16.0181,0.0138892,122.395,0.837573,0.0
16.0193,0.0136252,122.462,0.849916,0.0
16.0263,0.013693,121.39,0.85163,0.0
16.0242,0.0139946,121.206,0.821117,0.0
16.0118,0.0137037,121.591,0.828659,0.0
16.0167,0.0135124,121.792,0.820431,0.0
16.0248,0.0140732,121.977,0.808774,0.0
16.019,0.0137106,119.933,0.837231,0.0
16.0234,0.0136834,122.044,0.818031,0.0
16.0458,0.0138013,122.714,0.829688,0.0
16.0392,0.0136203,121.24,0.833116,0.0
16.0362,0.0137153,122.764,0.826945,0.0
16.0372,0.013919,120.62,0.810489,0.0
16.0266,0.013484,122.228,0.820431,0.0
16.0469,0.0136217,121.307,0.82386,0.0
16.0545,0.0140333,122.479,0.834145,0.0
16.031,0.0138492,122.613,0.846145,0.0
16.0282,0.0140294,122.094,0.836888,0.0
16.0424,0.0140758,121.072,0.810489,0.0
16.0352,0.0136825,122.429,0.827288,0.0
16.0253,0.0138714,122.261,0.831059,0.0
16.0371,0.0134001,123.25,0.838259,0.0
16.0459,0.0136851,121.658,0.807403,0.0
16.0414,0.0135963,121.307,0.831402,0.0
16.0355,0.01423,122.513,0.815974,0.0
16.0294,0.0137626,120.101,0.812546,0.0
16.0131,0.013794,122.998,0.826945,0.0
16.0246,0.0133763,122.613,0.832088,0.0
16.039,0.013674,121.039,0.838259,0.0
16.0238,0.0138087,123.166,0.82626,0.0
16.0321,0.0138406,122.73,0.827631,0.0
16.0295,0.0137282,123.652,0.841002,0.0
16.0174,0.0138306,123.467,0.823517,0.0
16.0234,0.0134899,123.4,0.818374,0.0
16.0299,0.0137032,121.005,0.824202,0.0
16.0334,0.0141291,121.859,0.820088,0.0
16.0321,0.0140493,122.395,0.836888,0.0
16.0196,0.0139261,121.508,0.820774,0.0
16.0343,0.0138513,122.58,0.84443,0.0
16.0515,0.0134342,120.955,0.840659,0.0
16.0367,0.0139918,121.156,0.837231,0.0
16.032,0.0137159,123.333,0.832431,0.0
16.0347,0.0132817,122.077,0.809117,0.0
16.0318,0.0133786,121.29,0.832088,0.0
16.0407,0.0134498,122.345,0.833802,0.0
16.0484,0.013717,121.625,0.822488,0.0
16.0287,0.0138292,120.251,0.839288,0.0
16.0133,0.013879,122.412,0.824545,0.0
16.0331,0.0138376,120.62,0.808089,0.0
16.0338,0.0136562,121.742,0.849916,0.0
16.0289,0.0138617,122.178,0.838259,0.0
16.0568,0.0133699,122.178,0.817688,0.0
16.0654,0.0137312,122.915,0.813231,0.0
16.0447,0.0138222,121.826,0.826945,0.0
16.0194,0.0139563,122.211,0.845116,0.0
16.0251,0.013806,121.625,0.821117,0.0
16.0325,0.013923,122.295,0.827631,0.0
16.0112,0.0131897,122.127,0.810146,0.0
16.0122,0.0136115,121.374,0.829345,0.0
16.0273,0.0137363,122.546,0.835174,0.0
16.0303,0.0136535,121.039,0.824888,0.0
16.0347,0.0134653,122.881,0.831402,0.0
16.0329,0.0140401,120.754,0.821803,0.0
16.0107,0.013773,121.96,0.829345,0.0
16.0094,0.0134132,121.725,0.828317,0.0
16.0117,0.0138857,123.886,0.815974,0.0
16.0244,0.0138821,122.998,0.817003,0.0
16.0297,0.0136634,122.596,0.814946,0.0
16.032,0.0139374,121.977,0.816317,0.0
16.0372,0.0136832,121.256,0.831745,0.0
16.0179,0.0140327,122.429,0.828659,0.0
16.014,0.0138168,122.797,0.812889,0.0
16.0326,0.0134442,122.764,0.827974,0.0
16.0376,0.0133899,120.452,0.829688,0.0
16.0246,0.0136226,120.469,0.834145,0.0
16.0269,0.0137558,120.553,0.815288,0.0
16.0519,0.0138179,122.094,0.846487,0.0
16.0519,0.0141741,122.68,0.807403,0.0
16.0199,0.0137475,121.139,0.82386,0.0
16.0068,0.0137047,122.044,0.822488,0.0
16.0173,0.013827,122.278,0.824888,0.0
16.0384,0.0136373,121.206,0.808774,0.0
16.0258,0.013904,120.536,0.839631,0.0
16.0008,0.0138598,123.065,0.818717,0.0
16.0095,0.0135404,119.732,0.824202,0.0
16.0136,0.013879,122.111,0.84443,0.0
16.0383,0.0138068,121.541,0.803289,0.0
16.0559,0.0136286,120.436,0.814946,0.0
16.0393,0.013829,121.658,0.822831,0.0
16.0388,0.0136917,122.077,0.840659,0.0
16.0516,0.013972,122.764,0.82386,0.0
16.0324,0.0136171,121.608,0.81426,0.0
16.0137,0.0137167,121.491,0.79986,0.0
16.0227,0.0137525,122.127,0.836202,0.0
16.0216,0.0136269,123.769,0.836888,0.0
16.0217,0.0137893,123.417,0.818031,0.0
16.03,0.0136777,122.513,0.849916,0.0
16.0373,0.0137769,121.759,0.82146,0.0
16.0334,0.0135437,123.049,0.820431,0.0
16.0099,0.0137777,121.106,0.823517,0.0
16.0212,0.0137283,121.826,0.838259,0.0
16.0515,0.0139903,122.312,0.842373,0.0
16.034,0.0137653,122.178,0.831402,0.0
16.0064,0.0135785,120.938,0.848202,0.0
16.025,0.0136036,122.513,0.818717,0.0
16.0546,0.0130934,122.094,0.824545,0.0
16.0373,0.0138415,123.551,0.819745,0.0
16.0008,0.0136702,122.345,0.833116,0.0
15.9987,0.0136178,120.436,0.827974,0.0
16.0134,0.0138368,122.596,0.825231,0.0
16.0205,0.01343,122.73,0.822488,0.0
16.0378,0.0135589,121.524,0.816317,0.0
16.0337,0.0138971,121.926,0.834831,0.0
16.0416,0.0142882,121.742,0.824545,0.0
16.0671,0.013903,121.407,0.833802,0.0
16.0421,0.0139712,121.441,0.81186,0.0
16.0075,0.0138113,122.73,0.814946,0.0
16.0294,0.0136194,122.194,0.809803,0.0
16.0288,0.0139553,123.518,0.831745,0.0
16.0333,0.0137873,123.434,0.857459,0.0
16.0541,0.0136422,122.848,0.847516,0.0
16.0314,0.0142966,120.034,0.821803,0.0
16.0307,0.0137953,122.178,0.805346,0.0
16.0507,0.0138184,122.312,0.840659,0.0
16.0284,0.0136983,121.809,0.817003,0.0
16.0113,0.0133796,121.524,0.814946,0.0
16.0153,0.0137262,121.692,0.824545,0.0
16.0354,0.0135294,122.178,0.832774,0.0
16.0442,0.0138593,121.893,0.834488,0.0
16.0329,0.0139351,122.563,0.832774,0.0
16.0509,0.0137624,121.273,0.840659,0.0
16.0583,0.0139867,121.424,0.800889,0.0
16.034,0.0138459,120.888,0.841688,0.0
16.0435,0.0139394,120.72,0.791289,0.0
16.0473,0.0139067,122.462,0.843402,0.0
16.0178,0.0139862,122.194,0.811174,0.0
16.0189,0.0136426,122.546,0.827974,0.0
16.0351,0.0136364,122.178,0.824202,0.0
16.0418,0.01333,121.524,0.832088,0.0
16.0425,0.0137069,121.206,0.834831,0.0
16.0288,0.0135255,121.039,0.809117,0.0
16.0216,0.0135866,121.91,0.832431,0.0
16.0329,0.0135935,122.864,0.812203,0.0
16.0273,0.0132974,123.065,0.847859,0.0
16.0265,0.0136267,121.642,0.81186,0.0
16.0471,0.0134445,121.591,0.806374,0.0
16.0415,0.0137095,121.792,0.835174,0.0
16.0133,0.0138461,122.211,0.807746,0.0
16.0087,0.0136591,121.424,0.815288,0.0
16.0341,0.0137351,122.546,0.836545,0.0
16.0389,0.0138595,121.943,0.829345,0.0
16.0141,0.0139651,122.144,0.820431,0.0
15.9993,0.0138686,120.804,0.81426,0.0
16.0053,0.0139509,121.206,0.820088,0.0
16.0333,0.0135579,121.792,0.82386,0.0
16.0342,0.0138948,120.704,0.82386,0.0
16.0136,0.0134833,122.094,0.827288,0.0
16.0344,0.0135343,121.223,0.824545,0.0
16.0508,0.0136734,123.015,0.835174,0.0
16.0533,0.0139583,121.256,0.830374,0.0
16.039,0.0135893,122.479,0.838602,0.0
16.0148,0.0135224,121.256,0.837231,0.0
16.0089,0.0138703,120.67,0.832774,0.0
16.0157,0.0137858,122.647,0.817688,0.0
16.0217,0.0136253,120.838,0.806717,0.0
16.045,0.0137864,122.529,0.831745,0.0
16.0394,0.0136925,121.675,0.831745,0.0
16.0151,0.0135628,120.988,0.819745,0.0
16.0172,0.0135695,121.977,0.825231,0.0
16.0173,0.0139095,122.178,0.836545,0.0
16.0232,0.013828,123.283,0.827288,0.0
16.0497,0.0139228,121.29,0.812546,0.0
16.0427,0.0141026,122.395,0.832774,0.0
16.0308,0.0137244,122.044,0.819745,0.0
16.026,0.0135427,122.044,0.819745,0.0
16.0267,0.0137629,121.725,0.822831,0.0
16.0281,0.0136906,120.821,0.808774,0.0
16.023,0.0138754,122.496,0.822488,0.0
16.0357,0.013765,121.859,0.814946,0.0
16.035,0.0139036,121.441,0.818374,0.0
16.0164,0.0139083,122.948,0.842716,0.0
16.0332,0.0134892,120.72,0.818031,0.0
16.0528,0.0136756,122.178,0.825231,0.0
16.0446,0.0137325,121.34,0.826602,0.0
16.0512,0.0138259,121.876,0.815288,0.0
16.0617,0.0138527,121.34,0.832774,0.0
16.0501,0.0139674,122.412,0.81906,0.0
16.036,0.0138179,121.608,0.836545,0.0
16.0195,0.0138645,121.591,0.811174,0.0
16.0024,0.0136441,122.613,0.81906,0.0
16.0257,0.0137652,122.797,0.830717,0.0
16.0366,0.0139906,121.91,0.832431,0.0
16.0292,0.0139657,121.826,0.813917,0.0
16.0444,0.0142323,122.965,0.826945,0.0
16.0346,0.0137681,120.486,0.81666,0.0
16.0175,0.0133756,121.173,0.823174,0.0
16.0186,0.0136267,121.407,0.824202,0.0
16.028,0.0135024,122.362,0.845459,0.0
16.0307,0.0137581,120.771,0.815974,0.0
16.0142,0.0138236,122.881,0.815631,0.0
16.0144,0.0140203,122.797,0.84443,0.0
16.0256,0.0133546,121.34,0.838602,0.0
16.0258,0.0137413,122.663,0.820431,0.0
16.0298,0.0139521,122.161,0.806374,0.0
16.0219,0.0138511,122.06,0.839973,0.0
16.0186,0.0139028,121.792,0.825574,0.0
16.0327,0.0136227,124.037,0.824888,0.0
16.0163,0.0137406,121.541,0.833459,0.0
16.0173,0.0136476,123.082,0.838602,0.0
16.0635,0.0134602,121.642,0.827288,0.0
16.061,0.0138412,122.077,0.840659,0.0
16.048,0.0138794,121.591,0.817003,0.0
16.039,0.0138259,121.24,0.837916,0.0
16.0083,0.0138019,122.68,0.831402,0.0
16.0103,0.0139827,121.29,0.839288,0.0
16.009,0.013559,121.792,0.828659,0.0
16.0134,0.0138909,121.022,0.823174,0.0
16.0378,0.0135215,121.792,0.843059,0.0
16.0337,0.013796,121.256,0.825574,0.0
16.016,0.014087,122.513,0.829002,0.0
16.0139,0.0135908,121.893,0.837573,0.0
16.0377,0.0137578,121.039,0.82386,0.0
16.0302,0.0139199,121.977,0.822145,0.0
16.0085,0.013584,122.228,0.817688,0.0
16.0273,0.0141531,121.089,0.825231,0.0
16.0295,0.0134289,121.725,0.827974,0.0
16.0215,0.0135748,122.58,0.821803,0.0
16.0196,0.013823,121.022,0.818031,0.0
16.0256,0.0137244,121.625,0.850259,0.0
16.0526,0.0137021,122.245,0.825231,0.0
16.0542,0.0139544,122.446,0.840316,0.0
16.0361,0.0140911,122.295,0.825917,0.0
16.0525,0.0142061,122.328,0.802946,0.0
16.0453,0.013876,121.759,0.827631,0.0
16.0343,0.0138876,121.474,0.831745,0.0
16.0407,0.0139079,122.496,0.835859,0.0
16.0112,0.0137197,121.792,0.830717,0.0
16.0067,0.0135997,122.864,0.825231,0.0
16.0354,0.0138399,120.787,0.827288,0.0
16.019,0.013814,122.094,0.817688,0.0
16.0087,0.0140589,120.0,0.836202,0.0
16.0261,0.0140934,120.218,0.812203,0.0
16.0196,0.0137828,121.792,0.814946,0.0
16.0025,0.0136235,120.201,0.831059,0.0
16.0276,0.013685,122.228,0.85163,0.0
16.0447,0.0139469,120.687,0.82146,0.0
16.0295,0.013827,122.647,0.823517,0.0
16.0175,0.0138282,120.335,0.833116,0.0
16.0143,0.0138147,122.998,0.81186,0.0
16.0237,0.0138314,120.888,0.840659,0.0
16.046,0.0138438,120.536,0.827974,0.0
16.0424,0.0138699,122.982,0.824202,0.0
16.0253,0.0138591,123.3,0.843402,0.0
16.0407,0.0138303,122.01,0.819745,0.0
16.0407,0.0136249,120.285,0.822488,0.0
16.0167,0.0139103,122.362,0.821803,0.0
16.0325,0.0137051,122.931,0.851287,0.0
16.055,0.0138203,122.278,0.85163,0.0
16.0273,0.0136394,121.759,0.835859,0.0
16.0208,0.014153,120.369,0.840316,0.0
16.0481,0.0135715,121.625,0.835859,0.0
16.0467,0.0135995,121.692,0.831402,0.0
16.027,0.0137656,122.144,0.809117,0.0
16.0301,0.0141227,121.307,0.818717,0.0
16.0411,0.0136526,122.68,0.813231,0.0
16.0379,0.0137174,120.955,0.816317,0.0
16.0202,0.0138788,120.419,0.827631,0.0
16.0173,0.0136746,121.792,0.824202,0.0
16.0295,0.0138924,121.776,0.808432,0.0
16.0218,0.0135559,120.821,0.815974,0.0
16.0311,0.0136371,121.407,0.830717,0.0
16.0418,0.0134628,121.29,0.84203,0.0
16.0246,0.0139655,120.57,0.830374,0.0
16.0156,0.0138485,121.29,0.82626,0.0
16.0174,0.0138366,121.826,0.835174,0.0
16.012,0.0140409,120.536,0.848887,0.0
16.0091,0.0140138,120.486,0.813917,0.0
16.0025,0.0138943,121.424,0.824202,0.0
15.9985,0.0135062,122.663,0.827974,0.0
16.0301,0.0137277,121.541,0.827288,0.0
16.0376,0.0138786,121.323,0.826945,0.0
16.0196,0.0140823,121.993,0.814603,0.0
16.0193,0.0133278,120.653,0.812203,0.0
16.0388,0.0135929,122.663,0.837573,0.0
16.0536,0.0138892,122.429,0.82626,0.0
16.0418,0.013878,121.608,0.832431,0.0
16.0159,0.0138374,120.687,0.82386,0.0
16.0255,0.0137245,121.541,0.834488,0.0
16.0373,0.0135822,122.228,0.82626,0.0
16.0359,0.0136448,120.603,0.846145,0.0
16.0358,0.0138221,120.586,0.818374,0.0
16.0457,0.0136295,121.34,0.828659,0.0
16.0526,0.0139456,121.491,0.81666,0.0
16.025,0.0135249,120.62,0.80946,0.0
16.0147,0.0137116,122.01,0.821803,0.0
16.0292,0.0135375,122.178,0.806717,0.0
16.0394,0.0137598,122.261,0.845459,0.0
16.0377,0.0137721,121.189,0.827631,0.0
16.0188,0.0138238,121.843,0.832774,0.0
16.0135,0.0142722,121.39,0.847173,0.0
16.0284,0.0138331,121.106,0.825574,0.0
16.0198,0.0134471,121.139,0.82146,0.0
16.0227,0.0135192,123.585,0.850945,0.0
16.0476,0.0138749,121.39,0.81906,0.0
16.0368,0.0138566,121.24,0.838602,0.0
16.024,0.013603,123.936,0.831402,0.0
16.0398,0.013541,120.034,0.829345,0.0
16.0461,0.0136413,121.374,0.840659,0.0
16.0283,0.0138453,121.273,0.838945,0.0
16.0333,0.0141601,122.261,0.813574,0.0
16.0538,0.0138829,122.395,0.819745,0.0
16.0529,0.0137532,121.089,0.841688,0.0
16.0374,0.0134673,120.955,0.817346,0.0
16.0518,0.0138508,121.189,0.843745,0.0
16.0626,0.0138856,121.809,0.850259,0.0
16.0472,0.0139264,122.446,0.81666,0.0
16.0452,0.0137544,119.933,0.84683,0.0
16.0189,0.0136915,120.67,0.853002,0.0
16.0075,0.0138011,121.826,0.833116,0.0
16.0329,0.0133237,120.888,0.850945,0.0
16.0427,0.0138507,122.295,0.830031,0.0
16.0441,0.0137244,121.709,0.835516,0.0
16.036,0.0139056,121.005,0.830374,0.0
16.019,0.0135678,121.692,0.810489,0.0
16.0167,0.0132456,120.385,0.831745,0.0
16.0254,0.0136204,121.843,0.846145,0.0
16.0256,0.0139022,121.642,0.833116,0.0
16.0113,0.0140587,123.015,0.836545,0.0
16.0069,0.0138503,122.312,0.82626,0.0
16.0403,0.0140776,120.955,0.818717,0.0
16.0373,0.0135011,121.993,0.840659,0.0
16.0199,0.0136832,121.156,0.837231,0.0
16.0322,0.0134593,122.111,0.826602,0.0
16.0152,0.0134546,121.926,0.830031,0.0
16.0337,0.0138104,121.508,0.814603,0.0
16.0662,0.0139245,121.876,0.837916,0.0
16.0222,0.0135371,122.278,0.838259,0.0
16.0047,0.0136942,122.647,0.836545,0.0
16.0445,0.0140772,122.714,0.820431,0.0
16.041,0.0139399,121.323,0.817688,0.0
16.0196,0.0136371,122.044,0.80946,0.0
16.0387,0.013739,120.972,0.818031,0.0
16.0465,0.0136931,121.893,0.805003,0.0
16.0162,0.0136807,123.065,0.829688,0.0
16.0168,0.0136844,121.792,0.823174,0.0
16.0229,0.0138069,120.988,0.80466,0.0
16.0248,0.01379,122.362,0.856087,0.0
16.0348,0.0138271,123.099,0.835174,0.0
16.029,0.0139201,121.256,0.827974,0.0
16.0176,0.013651,120.687,0.829002,0.0
16.0088,0.0136617,122.345,0.823174,0.0
16.0145,0.013718,122.211,0.833802,0.0
16.0304,0.0138544,122.111,0.827631,0.0
16.0376,0.0140365,122.312,0.823174,0.0
16.0391,0.0138902,120.905,0.822831,0.0
16.0463,0.0137834,122.998,0.835174,0.0
16.0607,0.0140156,122.529,0.827288,0.0
16.0541,0.0137008,122.211,0.819745,0.0
16.04,0.0138684,122.915,0.844088,0.0
16.0341,0.0140013,122.06,0.835516,0.0
16.0217,0.0144124,120.586,0.815288,0.0
16.0264,0.0143195,121.541,0.819403,0.0
16.0488,0.01397,122.144,0.838259,0.0
16.0406,0.0136843,123.886,0.830717,0.0
16.0222,0.0139178,122.63,0.815631,0.0
16.0223,0.0135489,120.988,0.845459,0.0
16.0196,0.0136116,122.144,0.814603,0.0
16.017,0.0138593,122.948,0.825231,0.0
16.0347,0.0136851,121.809,0.822145,0.0
16.0367,0.0136838,122.596,0.826602,0.0
16.0382,0.0139194,122.931,0.833802,0.0
16.0505,0.0137528,121.508,0.838259,0.0
16.0109,0.0136667,121.725,0.830031,0.0
15.9908,0.0135596,122.295,0.838259,0.0
16.0376,0.0136794,122.194,0.799518,0.0
16.0447,0.0139254,122.261,0.834488,0.0
16.0224,0.0138493,121.089,0.800546,0.0
16.0162,0.0141944,119.899,0.838259,0.0
16.0209,0.0138099,122.178,0.823174,0.0
16.0241,0.0140951,122.027,0.848202,0.0
16.0258,0.0137416,121.005,0.829345,0.0
16.0214,0.0135074,123.92,0.82626,0.0
16.0248,0.0136722,121.943,0.815631,0.0
16.0484,0.0134655,120.452,0.820088,0.0
16.0538,0.0138256,123.317,0.811174,0.0
16.0497,0.0138004,122.596,0.823174,0.0
16.0457,0.0138221,120.771,0.820774,0.0
16.0389,0.0138746,121.491,0.855059,0.0
16.0321,0.0136749,122.848,0.788546,0.0
16.0194,0.0134167,121.826,0.836888,0.0
16.0304,0.0137064,122.613,0.826602,0.0
16.047,0.0136951,122.01,0.832088,0.0
16.0282,0.0139283,121.357,0.823174,0.0
16.0231,0.0138777,120.804,0.826602,0.0
16.04,0.014022,121.24,0.835859,0.0
16.0304,0.0137652,121.591,0.819403,0.0
16.02,0.0137402,121.491,0.808089,0.0
16.0347,0.013515,120.519,0.832431,0.0
16.0486,0.0138642,121.524,0.836202,0.0
16.0266,0.013994,123.434,0.815974,0.0
16.0031,0.013806,120.771,0.837573,0.0
16.0239,0.0137311,122.596,0.817346,0.0
16.0489,0.013681,121.759,0.832774,0.0
16.0256,0.0136328,121.742,0.832774,0.0
16.0203,0.0135645,120.854,0.826602,0.0
16.0275,0.0138204,121.189,0.824545,0.0
16.0242,0.0137208,121.508,0.820431,0.0
16.0325,0.0137245,121.558,0.81186,0.0
16.0467,0.0138192,120.921,0.822145,0.0
16.0393,0.0135245,121.206,0.822145,0.0
16.0194,0.0139971,122.161,0.834145,0.0
16.0239,0.0137526,121.156,0.812889,0.0
16.034,0.0135241,122.446,0.824888,0.0
16.0396,0.0138059,122.395,0.809803,0.0
16.0399,0.0142036,120.955,0.831402,0.0
16.0059,0.0138737,122.194,0.800889,0.0
16.0017,0.0138606,123.183,0.824545,0.0
16.0438,0.0135972,122.027,0.816317,0.0
16.0425,0.0138973,122.027,0.839631,0.0
16.0153,0.0135757,121.055,0.846145,0.0
16.0249,0.0138148,121.742,0.800889,0.0
16.0311,0.0141036,121.591,0.830717,0.0
16.0257,0.0136167,121.859,0.826602,0.0
16.052,0.013499,123.317,0.830031,0.0
16.0286,0.0136307,121.374,0.839631,0.0
15.9968,0.0135233,122.613,0.815631,0.0
16.033,0.0138304,122.496,0.810146,0.0
16.0262,0.0133886,122.747,0.825231,0.0
16.0018,0.0139311,122.864,0.841002,0.0
16.027,0.0137348,121.625,0.827288,0.0
16.0489,0.013766,123.518,0.830031,0.0
16.0495,0.0136396,121.826,0.820431,0.0
16.0443,0.0135297,121.541,0.814603,0.0
16.0362,0.0137881,122.948,0.828659,0.0
16.0418,0.0140133,121.474,0.820088,0.0
16.0328,0.0140165,121.893,0.801575,0.0
16.0238,0.0135544,122.345,0.845116,0.0
16.0348,0.0135373,121.843,0.826602,0.0
16.0239,0.0141276,121.893,0.834488,0.0
16.0353,0.0135157,122.513,0.831402,0.0
16.044,0.013732,122.111,0.834488,0.0
16.0342,0.013819,122.814,0.838259,0.0
16.0511,0.0134408,122.328,0.844773,0.0
16.0294,0.0139819,122.295,0.810146,0.0
15.9956,0.0134696,120.921,0.816317,0.0
16.0205,0.0139982,122.312,0.821803,0.0
16.028,0.0136438,121.139,0.838602,0.0
16.0035,0.0138894,121.625,0.837231,0.0
16.0242,0.0139617,122.245,0.826945,0.0
16.0349,0.0140627,121.139,0.820088,0.0
16.0087,0.0139392,121.357,0.827288,0.0
16.0298,0.0136572,121.642,0.834831,0.0
16.0585,0.0138962,122.245,0.822831,0.0
16.0462,0.0138543,121.91,0.82626,0.0
16.0461,0.0136014,122.077,0.821117,0.0
16.0491,0.0139512,121.39,0.805003,0.0
16.0138,0.0141035,120.871,0.815974,0.0
16.0001,0.0139823,121.642,0.827974,0.0
16.0367,0.0136493,120.704,0.821117,0.0
16.0443,0.0136305,121.558,0.824888,0.0
16.0232,0.0136272,122.563,0.797803,0.0
16.0272,0.0139661,121.591,0.82146,0.0
16.0254,0.0134725,122.312,0.841345,0.0
16.0165,0.0137013,121.675,0.815974,0.0
16.0325,0.0135545,122.228,0.820088,0.0
16.036,0.0139463,122.111,0.824888,0.0
16.0337,0.0138953,122.714,0.806032,0.0
16.0403,0.0138862,120.318,0.832431,0.0
16.0364,0.013537,122.563,0.82146,0.0
16.0452,0.0137871,122.546,0.826602,0.0
16.0347,0.0138155,121.457,0.827974,0.0
16.0112,0.013857,120.168,0.822831,0.0
16.0112,0.0140392,122.044,0.832774,0.0
16.027,0.0137624,121.357,0.830374,0.0
16.0349,0.0133212,122.663,0.822145,0.0
16.0337,0.0137167,120.888,0.828659,0.0
16.0449,0.0136481,122.479,0.830031,0.0
16.0414,0.0137008,121.24,0.828659,0.0
16.0168,0.0133606,122.194,0.832431,0.0
16.0349,0.0133043,122.931,0.823174,0.0
16.0659,0.0135897,123.333,0.824888,0.0
16.0561,0.0136763,121.926,0.815974,0.0
16.0355,0.0136667,120.603,0.80706,0.0
16.0247,0.0136345,121.591,0.823174,0.0
16.0373,0.0137286,121.926,0.845459,0.0
16.0463,0.0136535,121.742,0.811174,0.0
16.0208,0.0138687,122.01,0.818374,0.0
15.9914,0.0133299,123.015,0.827974,0.0
16.0036,0.0134272,122.764,0.815974,0.0
16.0206,0.0138391,121.424,0.828317,0.0
16.0371,0.0137337,121.96,0.797803,0.0
16.0548,0.0135113,123.032,0.825917,0.0
16.0405,0.0137139,121.189,0.833802,0.0
16.027,0.0139533,122.228,0.807746,0.0
16.0318,0.0141953,122.747,0.825231,0.0
16.0173,0.0139794,123.166,0.818717,0.0
15.9995,0.013447,123.015,0.838259,0.0
16.0127,0.013732,120.938,0.813917,0.0
16.0278,0.0139704,122.161,0.817003,0.0
16.0183,0.0137235,122.06,0.827288,0.0
16.0114,0.013639,121.223,0.830717,0.0
16.0352,0.0136609,121.474,0.838259,0.0
16.0496,0.0138307,120.72,0.832088,0.0
16.0345,0.0137086,122.312,0.813917,0.0
16.0264,0.013638,123.484,0.828659,0.0
16.0222,0.013551,121.039,0.847173,0.0
16.0293,0.0136072,122.848,0.846145,0.0
16.039,0.0137442,121.692,0.831059,0.0
16.0332,0.0135769,120.871,0.80946,0.0
16.0298,0.0139574,121.558,0.828659,0.0
16.0451,0.0141122,121.826,0.820431,0.0
16.0459,0.0139493,120.536,0.829345,0.0
16.0305,0.0144339,123.434,0.854373,0.0
16.0257,0.0137496,123.384,0.818374,0.0
16.0282,0.0138697,121.709,0.79986,0.0
16.0143,0.013927,121.575,0.821117,0.0
16.0154,0.0137493,122.144,0.816317,0.0
16.0477,0.0135203,122.513,0.847516,0.0
16.062,0.0132872,121.692,0.847859,0.0
16.0323,0.0139408,121.926,0.817688,0.0
16.0153,0.0135449,121.491,0.826602,0.0
16.0222,0.0136852,122.111,0.829688,0.0
16.019,0.0141501,121.96,0.853344,0.0
16.0123,0.0140532,123.266,0.834145,0.0
16.0305,0.014209,121.106,0.833116,0.0
16.0607,0.013768,121.357,0.822831,0.0
16.0394,0.0139904,122.094,0.827288,0.0
16.0074,0.0137318,121.792,0.841002,0.0
16.0334,0.0135963,122.362,0.835859,0.0
16.0463,0.0136302,120.888,0.812203,0.0
16.0426,0.0138869,123.853,0.796432,0.0
16.0528,0.0142659,121.189,0.818374,0.0
16.023,0.0138297,122.412,0.843059,0.0
16.0062,0.0135864,121.441,0.827631,0.0
16.0566,0.0137513,121.725,0.823517,0.0
16.0524,0.0141853,122.395,0.828317,0.0
16.0063,0.0141675,122.194,0.841688,0.0
16.0131,0.0138096,121.776,0.841002,0.0
16.0313,0.0137645,121.759,0.831745,0.0
16.0261,0.0140116,121.206,0.806717,0.0
16.0305,0.0135978,123.551,0.833459,0.0
16.0354,0.0136189,121.977,0.842716,0.0
16.0283,0.0134127,123.802,0.832774,0.0
16.0246,0.0135867,120.586,0.818717,0.0
16.0272,0.0134844,121.089,0.817346,0.0
16.023,0.0136794,123.216,0.822145,0.0
16.0271,0.0140661,120.921,0.829002,0.0
16.0363,0.0139752,121.005,0.826602,0.0
16.0457,0.0138899,122.915,0.841002,0.0
16.0366,0.0136224,122.261,0.80946,0.0
16.0345,0.0135153,121.524,0.832088,0.0
16.0367,0.0140481,120.402,0.81426,0.0
16.0082,0.0137839,122.931,0.823174,0.0
16.0232,0.0138901,123.35,0.818031,0.0
16.0436,0.0140028,120.871,0.840659,0.0
16.0142,0.0138799,121.625,0.818374,0.0
15.999,0.0137229,122.345,0.840659,0.0
16.0167,0.0139236,120.905,0.817688,0.0
16.0277,0.0140303,123.467,0.815288,0.0
16.0309,0.0138752,122.881,0.820431,0.0
16.0465,0.0139657,123.049,0.828659,0.0
16.0344,0.0135353,120.804,0.841002,0.0
16.0246,0.0136018,121.625,0.831059,0.0
16.0535,0.0134641,122.814,0.832774,0.0
16.0347,0.0135103,121.809,0.824545,0.0
16.0048,0.0139175,121.558,0.817688,0.0
16.0291,0.013757,122.245,0.839973,0.0
16.0281,0.0137776,121.173,0.81426,0.0
16.0381,0.0136195,122.546,0.831402,0.0
16.0609,0.0141518,122.127,0.824888,0.0
16.039,0.0137831,121.91,0.80466,0.0
16.0253,0.0135158,121.022,0.834145,0.0
16.0394,0.0135853,122.261,0.841002,0.0
16.0434,0.0138258,121.223,0.818374,0.0
16.0209,0.013872,122.781,0.841345,0.0
16.0253,0.0133935,122.312,0.823174,0.0
16.051,0.0135415,122.161,0.836202,0.0
16.0362,0.0140815,120.787,0.830031,0.0
16.0262,0.0137996,121.943,0.842373,0.0
16.0367,0.0139294,120.519,0.822488,0.0
16.0092,0.0137769,122.412,0.844088,0.0
16.0027,0.0138103,123.719,0.842716,0.0
16.0241,0.0134754,120.988,0.839631,0.0
16.02,0.0138041,123.417,0.80706,0.0
16.0285,0.01364,120.251,0.834831,0.0
16.0356,0.0142134,121.826,0.80466,0.0
16.0235,0.0133809,120.888,0.821117,0.0
16.0149,0.0138922,121.642,0.800203,0.0
16.0259,0.0137483,123.283,0.836202,0.0
16.0468,0.0139581,122.328,0.849916,0.0
16.0225,0.0138271,122.697,0.820431,0.0
16.0064,0.0139113,121.139,0.839973,0.0
16.0263,0.0135643,122.714,0.825574,0.0
16.0232,0.0136148,120.905,0.832774,0.0
16.0243,0.0138266,121.374,0.828659,0.0
16.0377,0.0137629,122.312,0.835174,0.0
16.0304,0.0137289,122.278,0.821803,0.0
16.0254,0.013911,121.206,0.828317,0.0
16.0176,0.0137326,120.787,0.842373,0.0
16.0132,0.0138137,120.72,0.806717,0.0
16.027,0.0136042,120.369,0.836888,0.0
16.0334,0.0138618,122.898,0.830374,0.0
16.0347,0.0142013,122.496,0.834488,0.0
16.0585,0.014111,122.412,0.833802,0.0
16.0489,0.0137302,123.317,0.823517,0.0
16.0082,0.0134005,122.161,0.847859,0.0
16.0248,0.0135456,122.245,0.806032,0.0
16.0385,0.0140802,122.027,0.815631,0.0
16.0164,0.0137845,122.295,0.814603,0.0
16.0283,0.0137308,121.508,0.814946,0.0
16.0398,0.013622,121.625,0.835859,0.0
16.0249,0.0139402,121.675,0.82626,0.0
16.0343,0.0136216,122.797,0.855059,0.0
16.0499,0.0137924,121.256,0.81186,0.0
16.0282,0.0141101,122.027,0.835859,0.0
16.0059,0.0140711,122.111,0.835859,0.0
16.023,0.0137889,121.977,0.835516,0.0
16.0206,0.0139325,120.704,0.812203,0.0
16.0022,0.0133368,121.742,0.837916,0.0
16.0172,0.0136708,120.553,0.817346,0.0
16.0219,0.0138907,121.424,0.822488,0.0
16.0287,0.0136774,121.39,0.80706,0.0
16.034,0.0138776,122.312,0.800546,0.0
16.0184,0.0139705,121.642,0.820774,0.0
16.0204,0.0139502,122.596,0.824888,0.0
16.0377,0.0136543,121.106,0.823174,0.0
16.053,0.0138889,122.295,0.822488,0.0
16.0462,0.0138559,121.943,0.817688,0.0
16.0293,0.013854,124.288,0.840316,0.0
16.0196,0.0138431,121.139,0.835859,0.0
16.0099,0.0138408,121.843,0.842716,0.0
16.0182,0.013813,122.362,0.827974,0.0
16.0278,0.0138773,119.799,0.822831,0.0
16.027,0.0132664,121.591,0.829002,0.0
16.0181,0.0135923,122.429,0.823517,0.0
16.0122,0.013894,121.457,0.810489,0.0
16.024,0.0136981,122.395,0.821803,0.0
16.0317,0.0135468,122.814,0.827974,0.0
16.0437,0.0136756,121.173,0.829002,0.0
16.0392,0.0135961,121.625,0.817688,0.0
16.0075,0.013825,122.412,0.820431,0.0
16.0059,0.013995,122.479,0.841002,0.0
16.0304,0.0136702,121.39,0.836545,0.0
16.0253,0.0138041,122.747,0.837573,0.0
16.0193,0.0136652,122.647,0.831059,0.0
16.02,0.0139504,121.055,0.824545,0.0
16.0215,0.0141083,121.692,0.824888,0.0
16.0257,0.0141457,121.089,0.837573,0.0
16.0408,0.0140409,123.216,0.82146,0.0
16.0428,0.0138812,121.424,0.834145,0.0
16.0418,0.0139706,123.551,0.812889,0.0
16.0492,0.0137567,120.184,0.838945,0.0
16.0358,0.0138167,122.58,0.833802,0.0
16.0323,0.0139843,121.575,0.817346,0.0
16.0363,0.0136222,121.642,0.815974,0.0
16.025,0.0137221,121.474,0.828659,0.0
16.0298,0.01382,122.077,0.832774,0.0
16.0461,0.0137628,122.127,0.824888,0.0
16.0463,0.0137646,122.144,0.832088,0.0
16.0392,0.0138211,121.407,0.818717,0.0
16.0346,0.0136677,122.211,0.832774,0.0
16.039,0.0136275,122.596,0.820431,0.0
16.0332,0.0135152,120.771,0.831745,0.0
16.0215,0.0134627,121.675,0.857116,0.0
16.0215,0.0138159,121.96,0.829688,0.0
16.0234,0.0136275,122.379,0.824888,0.0
16.0225,0.0142567,121.357,0.82146,0.0
16.0188,0.0137434,120.972,0.813231,0.0
16.0297,0.0138489,122.127,0.851973,0.0
16.0422,0.0138977,121.575,0.85163,0.0
16.05,0.0141204,121.307,0.839973,0.0
16.0495,0.0134421,121.508,0.820088,0.0
16.0358,0.0136934,122.663,0.820431,0.0
16.0432,0.0139699,121.776,0.825917,0.0
16.0427,0.0139113,122.144,0.821117,0.0
16.0253,0.0136243,121.139,0.822488,0.0
16.0167,0.0138347,123.049,0.82626,0.0
16.026,0.0138809,120.369,0.824202,0.0
16.0364,0.0139846,122.596,0.824545,0.0
16.0316,0.0138527,121.993,0.852659,0.0
16.0125,0.0136324,119.983,0.830374,0.0
16.0132,0.0135683,122.831,0.818031,0.0
16.0342,0.0138786,121.809,0.846487,0.0
16.0264,0.0136324,120.687,0.815288,0.0
16.032,0.0136568,122.915,0.830717,0.0
16.0642,0.0137394,123.869,0.806717,0.0
16.0591,0.0140863,122.211,0.830031,0.0
16.0303,0.014174,121.575,0.820774,0.0
16.0428,0.0137781,122.898,0.829002,0.0
16.0518,0.0137492,122.898,0.846487,0.0
16.0279,0.0138254,121.859,0.814946,0.0
16.0263,0.0138869,120.704,0.820774,0.0
16.0289,0.0136498,121.441,0.843745,0.0
16.0235,0.0140767,122.513,0.81666,0.0
16.0346,0.014177,123.082,0.823517,0.0
16.0461,0.0139224,121.39,0.825574,0.0
16.039,0.0138636,122.06,0.830374,0.0
16.0344,0.0141818,122.144,0.832774,0.0
16.0505,0.013934,122.312,0.824545,0.0
16.0537,0.0138113,123.451,0.836888,0.0
16.018,0.0137372,120.536,0.824545,0.0
16.0017,0.0141724,121.675,0.830374,0.0
16.023,0.0135593,123.049,0.835859,0.0
16.0542,0.0141161,121.809,0.838945,0.0
16.0584,0.0140193,121.524,0.824202,0.0
16.0347,0.0137236,122.73,0.815288,0.0
16.028,0.0135065,121.826,0.808432,0.0
16.0195,0.0139984,121.876,0.817688,0.0
16.0134,0.013863,120.787,0.841002,0.0
16.0087,0.0137263,122.596,0.832431,0.0
15.994,0.0134765,122.513,0.827974,0.0
16.0028,0.0137849,123.099,0.842716,0.0
16.0315,0.013733,121.625,0.81186,0.0
16.0292,0.0140027,120.704,0.798146,0.0
16.0121,0.013776,123.4,0.827974,0.0
16.0227,0.0135721,122.513,0.794718,0.0
16.0309,0.0134726,121.725,0.822145,0.0
16.0243,0.0137286,122.479,0.80946,0.0
16.0388,0.0137917,122.278,0.837573,0.0
16.0363,0.0137371,122.178,0.831059,0.0
16.0214,0.0137453,120.352,0.832088,0.0
16.0333,0.0138599,121.859,0.816317,0.0
16.0408,0.0138951,123.551,0.817346,0.0
16.0404,0.014057,122.178,0.818031,0.0
16.0275,0.0141705,122.111,0.81426,0.0
16.0215,0.0138021,121.323,0.827288,0.0
16.0315,0.0138865,122.06,0.822488,0.0
16.0145,0.0139447,123.049,0.813574,0.0
16.0234,0.0139119,121.642,0.847516,0.0
16.0333,0.0138531,121.122,0.806717,0.0
16.0154,0.013773,121.759,0.819403,0.0
16.0487,0.0137545,122.747,0.822488,0.0
16.0596,0.0140711,120.821,0.829345,0.0
16.0233,0.0136622,121.558,0.833459,0.0
16.027,0.0136802,122.948,0.820774,0.0
16.0213,0.013684,121.039,0.803632,0.0
16.0058,0.0137091,122.982,0.833802,0.0
16.0307,0.0138054,122.63,0.834831,0.0
16.0424,0.0137282,122.864,0.813231,0.0
16.0171,0.0140155,121.273,0.831402,0.0
16.0239,0.0135908,123.049,0.81906,0.0
16.0329,0.0139385,120.419,0.825231,0.0
16.0044,0.0139064,121.859,0.810146,0.0
16.0069,0.013767,122.68,0.820774,0.0
16.0285,0.0138152,122.479,0.804317,0.0
16.0449,0.0137987,120.503,0.814946,0.0
16.0445,0.01353,120.955,0.824545,0.0
16.0249,0.0137303,120.787,0.820774,0.0
16.0309,0.0141212,122.479,0.803975,0.0
16.0511,0.0136926,121.859,0.808432,0.0
16.0371,0.013869,120.838,0.815631,0.0
16.0238,0.0139149,121.658,0.822831,0.0
16.0267,0.0137133,121.776,0.824545,0.0
16.0179,0.0139037,124.288,0.846145,0.0
16.0222,0.0139785,121.072,0.838259,0.0
16.0343,0.0137405,123.333,0.822488,0.0
16.0384,0.0138282,122.312,0.817688,0.0
16.04,0.0138118,121.625,0.809803,0.0
16.0396,0.0140427,121.173,0.833116,0.0
16.0168,0.0138771,121.792,0.844088,0.0
16.0142,0.0141556,121.926,0.828317,0.0
16.0252,0.0138431,122.211,0.818031,0.0
16.0129,0.013909,122.68,0.847173,0.0
16.0198,0.0137876,121.943,0.822145,0.0
16.0532,0.013513,122.68,0.817346,0.0
16.0527,0.0137456,121.156,0.820088,0.0
16.0123,0.0135597,121.575,0.821117,0.0
16.0159,0.0142316,123.266,0.837916,0.0
16.0414,0.0136179,122.797,0.837573,0.0
16.0184,0.0132649,121.675,0.82626,0.0
16.008,0.0137361,121.993,0.838602,0.0
16.0355,0.0135807,121.977,0.812889,0.0
16.037,0.0137306,122.278,0.825574,0.0
16.0399,0.0140746,123.116,0.82626,0.0
16.0363,0.0137595,121.457,0.837231,0.0
16.0325,0.0140522,122.06,0.826602,0.0
16.0368,0.0139923,121.005,0.831402,0.0
16.0115,0.0138989,122.63,0.835516,0.0
16.0104,0.0138587,121.173,0.829345,0.0
16.0424,0.0140144,122.764,0.829345,0.0
16.0453,0.014084,121.91,0.842373,0.0
16.0387,0.0136779,122.01,0.823174,0.0
16.044,0.0136254,121.24,0.829345,0.0
16.022,0.0136204,120.854,0.827288,0.0
16.012,0.0133436,121.24,0.826602,0.0
16.0388,0.0138142,122.931,0.818374,0.0
16.0367,0.0134049,120.067,0.830374,0.0
16.019,0.0136505,121.977,0.826945,0.0
16.0444,0.0138321,122.178,0.837231,0.0
16.0485,0.0137917,121.625,0.813231,0.0
16.0083,0.0138049,122.915,0.830717,0.0
16.0165,0.013777,123.065,0.812546,0.0
16.0305,0.0136868,121.323,0.84683,0.0
16.0198,0.0140327,122.027,0.834145,0.0
16.0322,0.0136947,122.395,0.849916,0.0
16.0492,0.013662,121.189,0.839973,0.0
16.0513,0.0139234,123.065,0.828659,0.0
16.0455,0.0135551,123.132,0.837916,0.0
16.031,0.0141667,121.273,0.823174,0.0
16.017,0.0139052,122.831,0.827288,0.0
16.027,0.0138002,122.73,0.81426,0.0
16.0249,0.0133806,122.496,0.817688,0.0
16.0137,0.0139056,122.295,0.831745,0.0
16.0292,0.013417,122.111,0.830031,0.0
16.0439,0.0140189,123.451,0.813574,0.0
16.048,0.0139123,120.637,0.824888,0.0
16.0449,0.0140215,121.759,0.820431,0.0
16.0293,0.0136755,122.73,0.817346,0.0
16.0287,0.013742,122.496,0.814946,0.0
16.0322,0.0139511,123.065,0.839631,0.0
16.034,0.0137047,123.886,0.835174,0.0
16.0301,0.0137541,121.96,0.814603,0.0
16.0235,0.0134648,120.737,0.815288,0.0
16.0258,0.0137658,120.804,0.830374,0.0
16.0242,0.014097,123.199,0.826945,0.0
16.0213,0.0135976,122.362,0.837573,0.0
16.0198,0.013824,122.379,0.818374,0.0
16.023,0.0136388,122.379,0.838945,0.0
16.0336,0.0139793,121.91,0.846487,0.0
16.034,0.0136435,121.524,0.831402,0.0
16.0463,0.0135911,123.25,0.820774,0.0
16.0492,0.0138076,121.273,0.837916,0.0
16.0383,0.0135228,123.166,0.827288,0.0
16.0584,0.0135394,121.943,0.813574,0.0
16.0459,0.0137762,121.558,0.843402,0.0
16.0186,0.0137763,119.816,0.822831,0.0
16.035,0.0135589,123.183,0.845459,0.0
16.0375,0.0137489,121.893,0.825231,0.0
16.0266,0.0137815,122.881,0.831745,0.0
16.0289,0.0139682,123.183,0.843402,0.0
16.0292,0.0138421,122.395,0.832431,0.0
16.0534,0.0142827,120.804,0.832431,0.0
16.0527,0.0142527,122.01,0.828659,0.0
16.0246,0.0137843,122.613,0.843402,0.0
16.0182,0.0134442,121.977,0.829002,0.0
16.0037,0.0136302,121.809,0.817688,0.0
16.0173,0.0139299,120.218,0.840659,0.0
16.0437,0.0140169,122.312,0.832431,0.0
16.0423,0.0136728,122.663,0.822488,0.0
16.0472,0.0138535,122.261,0.831745,0.0
16.0356,0.0136261,121.039,0.825574,0.0
16.0207,0.0140241,123.166,0.82626,0.0
16.0328,0.0137532,121.005,0.840659,0.0
16.0359,0.0138061,121.876,0.831745,0.0
16.0211,0.0139589,121.642,0.808089,0.0
16.0422,0.0138023,123.049,0.824888,0.0
16.0538,0.0141329,122.513,0.829688,0.0
16.0326,0.0138729,122.178,0.814603,0.0
16.0188,0.0135114,121.173,0.813231,0.0
16.0195,0.0138509,121.843,0.818717,0.0
16.0265,0.0136047,122.948,0.823517,0.0
16.0435,0.0136801,122.027,0.822488,0.0
16.0465,0.0136081,122.446,0.816317,0.0
16.0359,0.0136662,120.771,0.806717,0.0
16.0442,0.0139497,123.484,0.812889,0.0
16.0448,0.0138015,121.725,0.82146,0.0
16.0405,0.0140296,123.434,0.833459,0.0
16.0472,0.0137728,120.771,0.808774,0.0
16.0438,0.0136928,121.273,0.839288,0.0
16.0431,0.0138097,122.245,0.834145,0.0
16.0524,0.0137746,121.926,0.811174,0.0
16.0508,0.0137369,122.211,0.818374,0.0
16.0404,0.0136794,122.144,0.837573,0.0
16.0335,0.0138143,120.972,0.843059,0.0
16.0355,0.0138693,121.792,0.830031,0.0
16.0317,0.0141314,123.183,0.841345,0.0
16.0287,0.013831,121.843,0.797803,0.0
16.02,0.0137998,122.312,0.818374,0.0
16.0073,0.0139205,122.295,0.842373,0.0
16.0361,0.0141074,122.328,0.831402,0.0
16.0693,0.0137238,123.149,0.822488,0.0
16.0402,0.0138389,122.479,0.837573,0.0
16.0253,0.0139655,121.357,0.815631,0.0
16.0288,0.014176,122.379,0.819403,0.0
16.0147,0.0136443,121.189,0.829002,0.0
16.007,0.0138245,123.032,0.817688,0.0
16.0062,0.0140815,123.601,0.818374,0.0
16.0168,0.0139626,121.323,0.825917,0.0
16.0517,0.0138501,120.871,0.829002,0.0
16.0529,0.0136866,122.479,0.824888,0.0
16.0442,0.0137681,121.29,0.81426,0.0
16.0405,0.01369,122.596,0.837231,0.0
16.0349,0.0137406,122.446,0.813231,0.0
16.046,0.0138523,121.323,0.824545,0.0
16.0672,0.0140209,121.39,0.832774,0.0
16.0552,0.0137901,120.771,0.831059,0.0
16.0314,0.0134425,120.821,0.838259,0.0
16.0134,0.0136218,122.328,0.80946,0.0
16.0111,0.0138638,121.91,0.820088,0.0
16.0313,0.0137003,121.658,0.819403,0.0
16.0467,0.0135627,121.658,0.820774,0.0
16.0073,0.0141261,121.692,0.82146,0.0
16.0126,0.0136342,121.876,0.820088,0.0
16.0689,0.0140256,124.121,0.817346,0.0
16.0426,0.0138383,120.972,0.81426,0.0
16.0262,0.0137654,121.826,0.831402,0.0
16.0412,0.0140676,120.402,0.817003,0.0
16.0231,0.0139647,121.658,0.842716,0.0
16.0091,0.0133495,121.039,0.813917,0.0
16.0142,0.0139431,122.429,0.821117,0.0
16.0382,0.0137839,121.189,0.841345,0.0
16.0466,0.0141036,122.094,0.825231,0.0
16.0286,0.0138959,121.189,0.824888,0.0
16.0191,0.0140116,121.859,0.824202,0.0
16.0135,0.0136881,122.127,0.833116,0.0
16.0183,0.0133696,122.58,0.839631,0.0
16.0439,0.0142884,122.63,0.822488,0.0
16.0525,0.0137754,122.546,0.830717,0.0
16.0316,0.0138986,121.055,0.825231,0.0
16.0258,0.013645,122.278,0.817688,0.0
16.0443,0.0135543,122.781,0.830374,0.0
16.0341,0.0136549,121.055,0.824202,0.0
16.0128,0.0136577,121.876,0.832774,0.0
16.03,0.0137978,122.261,0.824545,0.0
16.0572,0.0142884,122.06,0.825917,0.0
16.0312,0.0140805,120.452,0.828659,0.0
16.0139,0.0139615,121.457,0.839288,0.0
16.0284,0.013469,121.474,0.821803,0.0
16.0111,0.0137093,123.015,0.824888,0.0
15.9948,0.0137051,121.725,0.813574,0.0
16.0198,0.013898,121.725,0.845116,0.0
16.0557,0.0138991,122.563,0.819403,0.0
16.0585,0.013816,120.72,0.814603,0.0
16.0261,0.0136059,121.156,0.824888,0.0
16.0239,0.013249,122.898,0.822488,0.0
16.0278,0.0135192,120.637,0.811174,0.0
16.0284,0.0137071,122.697,0.853002,0.0
16.0562,0.0138763,123.116,0.835174,0.0
16.0546,0.0139139,120.821,0.808089,0.0
16.0298,0.0139552,121.374,0.838259,0.0
16.026,0.0136151,122.144,0.813574,0.0
16.038,0.0138395,122.412,0.822145,0.0
16.0422,0.0135018,123.3,0.820774,0.0
16.0276,0.0140573,122.73,0.827631,0.0
16.021,0.0134213,120.938,0.809117,0.0
16.0348,0.0136326,122.797,0.825231,0.0
16.051,0.0137486,123.384,0.827631,0.0
16.0302,0.0139072,122.245,0.817346,0.0
16.0211,0.0140022,121.407,0.822488,0.0
16.0479,0.0132855,121.407,0.808089,0.0
16.0418,0.0138042,122.111,0.82386,0.0
16.034,0.0139859,122.111,0.836545,0.0
16.0451,0.0136102,122.395,0.811517,0.0
16.0444,0.0136765,122.027,0.826602,0.0
16.0444,0.0136901,122.831,0.817688,0.0
16.0415,0.0139324,121.642,0.825231,0.0
16.0289,0.0138278,121.859,0.831402,0.0
16.0338,0.013728,122.881,0.835516,0.0
16.0451,0.0138397,122.178,0.822488,0.0
16.0406,0.0139452,121.374,0.820431,0.0
16.0378,0.0136792,121.642,0.805003,0.0
16.0416,0.0137078,120.486,0.832431,0.0
16.0365,0.0139256,121.608,0.822831,0.0
16.0105,0.013994,120.821,0.825917,0.0
16.0015,0.0136581,122.58,0.833116,0.0
16.0367,0.0138584,123.551,0.819745,0.0
16.024,0.0138019,122.178,0.801917,0.0
15.9994,0.0138439,120.737,0.823174,0.0
16.0288,0.0136772,122.781,0.821117,0.0
16.0429,0.013813,122.462,0.832774,0.0
16.0461,0.0137936,122.412,0.822831,0.0
16.059,0.0139016,123.132,0.836888,0.0
16.044,0.0139125,121.776,0.806032,0.0
16.0304,0.0141099,121.541,0.817346,0.0
16.044,0.0133699,122.647,0.825231,0.0
16.0217,0.0134614,119.916,0.818717,0.0
16.0061,0.013425,120.72,0.810831,0.0
16.0428,0.0137232,121.323,0.828317,0.0
16.0346,0.0138765,122.178,0.830031,0.0
16.0403,0.0139896,122.881,0.82626,0.0
16.0735,0.0139456,121.29,0.812889,0.0
16.0492,0.0136941,122.58,0.818374,0.0
16.0412,0.0140203,121.256,0.827974,0.0
16.0467,0.0144243,122.714,0.820774,0.0
16.0199,0.0138802,122.58,0.829688,0.0
16.0389,0.0136578,121.541,0.827974,0.0
16.0484,0.0136157,121.876,0.818031,0.0
16.0288,0.0139578,120.888,0.836545,0.0
16.0466,0.0141225,119.933,0.82626,0.0
16.0589,0.0136437,122.479,0.824545,0.0
16.0338,0.0136192,120.57,0.823174,0.0
16.003,0.0138028,122.479,0.815631,0.0
16.028,0.0137735,122.446,0.849916,0.0
16.0489,0.0138729,121.173,0.843402,0.0
16.0361,0.0134578,123.149,0.840659,0.0
16.0526,0.0138549,121.223,0.843745,0.0
16.053,0.013611,121.524,0.81666,0.0
16.0299,0.0138826,121.658,0.821117,0.0
16.0193,0.013903,121.273,0.833802,0.0
16.0118,0.0135542,121.709,0.839288,0.0
16.0316,0.0135101,121.625,0.840659,0.0
16.0529,0.0139879,122.797,0.828317,0.0
16.0307,0.014162,121.826,0.835516,0.0
16.0316,0.0139395,120.469,0.834831,0.0
16.0448,0.013817,122.211,0.819403,0.0
16.0412,0.0136296,122.462,0.818374,0.0
16.0361,0.013854,123.752,0.839973,0.0
16.0454,0.0137911,119.732,0.823174,0.0
16.0411,0.0137062,122.278,0.826602,0.0
16.0117,0.0137605,119.916,0.806717,0.0
15.9975,0.013666,121.859,0.82146,0.0
16.025,0.0140175,121.776,0.823517,0.0
16.0349,0.0137046,121.591,0.830374,0.0
16.0379,0.0136127,120.905,0.833802,0.0
16.0339,0.0136275,120.921,0.820774,0.0
16.0374,0.0136027,121.457,0.835516,0.0
16.0359,0.0134763,122.01,0.818031,0.0
16.0257,0.0136834,121.591,0.825574,0.0
16.0343,0.0135604,122.864,0.814603,0.0
16.0508,0.013884,120.302,0.825574,0.0
16.0391,0.0136427,121.491,0.819745,0.0
16.0316,0.0137061,121.977,0.82626,0.0
16.0456,0.0138125,122.647,0.845459,0.0
16.0357,0.0138336,121.323,0.830374,0.0
16.0147,0.0139122,122.395,0.834145,0.0
16.0068,0.0137792,121.139,0.839973,0.0
16.0327,0.0137737,122.529,0.832431,0.0
16.0596,0.013839,121.273,0.838945,0.0
16.0288,0.0137478,122.546,0.819403,0.0
16.0154,0.01381,121.843,0.836888,0.0
16.0395,0.0140431,121.24,0.830031,0.0
16.0383,0.0137221,123.769,0.800203,0.0
16.0438,0.013711,122.278,0.849573,0.0
16.0515,0.0135376,122.295,0.840316,0.0
16.0214,0.0138533,122.211,0.815631,0.0
16.0124,0.0138186,122.194,0.80946,0.0
16.0436,0.0137547,122.596,0.827631,0.0
16.023,0.0138712,120.988,0.851287,0.0
16.0103,0.0135065,121.876,0.813574,0.0
16.0328,0.0135192,122.044,0.853344,0.0
16.0179,0.0137458,122.044,0.824545,0.0
16.0127,0.0137752,121.843,0.829002,0.0
16.0385,0.0139321,121.977,0.81186,0.0
16.0248,0.0135008,120.469,0.842373,0.0
16.0175,0.0137481,123.903,0.821803,0.0
16.0441,0.0135332,121.91,0.850602,0.0
16.0366,0.0137071,123.116,0.847516,0.0
16.0116,0.0137182,122.831,0.807403,0.0
16.0133,0.0137992,120.62,0.829002,0.0
16.0299,0.0141896,122.06,0.839973,0.0
16.028,0.0140497,122.027,0.812889,0.0
16.0258,0.01374,120.955,0.824888,0.0
16.0497,0.0138304,122.228,0.803975,0.0
16.046,0.0135773,121.91,0.848202,0.0
16.0354,0.013685,122.178,0.826945,0.0
16.0099,0.0138767,121.792,0.818374,0.0
15.9961,0.0137943,122.797,0.833459,0.0
16.0342,0.0134901,121.206,0.808774,0.0
16.0437,0.0135881,122.194,0.838602,0.0
16.0263,0.0136184,122.194,0.824202,0.0
16.0312,0.0138867,122.044,0.826945,0.0
16.0171,0.013812,122.077,0.849916,0.0
16.008,0.0137242,122.345,0.81426,0.0
16.0327,0.0138593,121.156,0.800546,0.0
16.0354,0.0135594,122.362,0.840659,0.0
16.0274,0.0137,121.943,0.849573,0.0
16.031,0.0136775,121.625,0.842716,0.0
16.0431,0.0141391,122.228,0.840316,0.0
16.0479,0.0138057,121.524,0.831059,0.0
16.0302,0.013628,120.771,0.817003,0.0
16.0242,0.0136721,122.915,0.843745,0.0
16.0366,0.013515,123.266,0.839288,0.0
16.0365,0.0135591,122.245,0.815974,0.0
16.0288,0.0136848,123.233,0.827288,0.0
16.025,0.0140309,122.362,0.86603,0.0
16.027,0.0135085,120.704,0.807403,0.0
16.0298,0.0138472,121.424,0.825917,0.0
16.0122,0.0136128,121.943,0.817688,0.0
15.9906,0.0137248,121.106,0.848545,0.0
16.019,0.0136421,121.206,0.820431,0.0
16.0276,0.0135938,121.524,0.803289,0.0
16.0172,0.0139539,124.188,0.802603,0.0
16.0395,0.013653,121.508,0.842373,0.0
16.0392,0.0139364,120.352,0.832088,0.0
16.0197,0.0141316,122.513,0.827974,0.0
16.0414,0.0137495,122.747,0.830717,0.0
16.0629,0.0136416,119.816,0.81906,0.0
16.0283,0.013987,122.261,0.809803,0.0
16.0061,0.0136988,121.34,0.81666,0.0
16.0127,0.0136612,122.395,0.843745,0.0
16.0211,0.0135942,120.62,0.825574,0.0
16.0375,0.0139433,122.077,0.81186,0.0
16.0532,0.013852,122.429,0.813574,0.0
16.0482,0.01391,122.395,0.793689,0.0
16.0288,0.0139389,122.295,0.818374,0.0
16.0241,0.0139258,122.178,0.851973,0.0
16.0408,0.0134281,122.144,0.833116,0.0
16.0361,0.0136539,121.843,0.837916,0.0
16.0051,0.0137389,122.446,0.839631,0.0
16.0097,0.0137013,122.462,0.814603,0.0
16.0276,0.0136628,121.709,0.822145,0.0
16.0326,0.0137498,122.295,0.818031,0.0
16.0485,0.0141523,121.993,0.815631,0.0
16.0426,0.0138524,120.972,0.842373,0.0
16.03,0.0140978,121.441,0.818031,0.0
16.0245,0.0136515,121.524,0.835516,0.0
16.0239,0.0134083,122.161,0.824545,0.0
16.0407,0.0137444,122.01,0.833116,0.0
16.0404,0.0136174,121.876,0.830717,0.0
16.0262,0.014117,121.055,0.829688,0.0
16.0411,0.0135677,122.211,0.829345,0.0
16.0351,0.0136889,121.29,0.829002,0.0
16.0241,0.0139759,121.893,0.811517,0.0
16.0379,0.0141038,121.089,0.856773,0.0
16.0278,0.0138372,122.529,0.845459,0.0
16.0251,0.0139535,121.122,0.825574,0.0
16.0304,0.0140727,120.804,0.832774,0.0
16.0229,0.0139741,121.273,0.819403,0.0
16.0246,0.0138432,122.73,0.814603,0.0
16.0216,0.0140728,121.96,0.839288,0.0
16.0203,0.0141439,121.173,0.818374,0.0
16.0323,0.0143665,121.307,0.818031,0.0
16.0291,0.0139188,124.539,0.817688,0.0
16.0176,0.0140467,120.218,0.837916,0.0
16.0128,0.0134947,122.496,0.831745,0.0
16.0306,0.0138309,123.853,0.833116,0.0
16.0322,0.0136845,121.106,0.829002,0.0
16.0304,0.0140671,121.575,0.833459,0.0
16.0346,0.0139547,121.709,0.825917,0.0
16.007,0.0135777,121.039,0.821117,0.0
16.0226,0.0137871,122.362,0.820088,0.0
16.0624,0.0138242,122.596,0.841688,0.0
16.0433,0.0136649,120.687,0.817688,0.0
16.0366,0.0140556,122.328,0.820088,0.0
16.0624,0.0137583,124.506,0.825917,0.0
16.0445,0.0141557,120.536,0.802603,0.0
16.011,0.0135887,120.653,0.824545,0.0
16.0091,0.0137915,120.419,0.830031,0.0
16.0127,0.0138171,121.709,0.825231,0.0
16.0147,0.0138699,121.424,0.825917,0.0
16.0239,0.0135281,122.446,0.827631,0.0
16.042,0.0137913,120.385,0.804317,0.0
16.0618,0.0138554,121.29,0.828659,0.0
16.0326,0.0137367,121.742,0.834488,0.0
16.0085,0.0139566,121.524,0.817688,0.0
16.0339,0.0138363,122.764,0.831402,0.0
16.0437,0.014007,121.792,0.814946,0.0
16.0341,0.0136303,121.374,0.843745,0.0
16.0326,0.0142301,121.508,0.822488,0.0
16.0214,0.0137911,121.776,0.812889,0.0
16.0047,0.0135784,121.625,0.840316,0.0
16.009,0.0136722,121.206,0.814603,0.0
16.0248,0.0135908,122.982,0.825574,0.0
16.0536,0.0141653,122.379,0.843059,0.0
16.0597,0.0141187,122.211,0.825917,0.0
16.0422,0.0136343,123.099,0.82386,0.0
16.0316,0.0136945,121.189,0.835516,0.0
16.0209,0.0137608,121.24,0.814603,0.0
16.0282,0.0135895,121.441,0.820088,0.0
16.042,0.0140496,122.831,0.806374,0.0
16.031,0.0137606,122.764,0.821117,0.0
16.0176,0.0139185,121.558,0.827631,0.0
16.0123,0.0134023,122.211,0.825917,0.0
16.0154,0.0135344,121.206,0.806717,0.0
16.0313,0.0134334,123.384,0.826602,0.0
16.0468,0.0135543,122.63,0.810146,0.0
16.0305,0.0135905,122.144,0.822488,0.0
16.022,0.0135555,121.307,0.828317,0.0
16.0316,0.0137015,121.608,0.822488,0.0
16.0278,0.0139361,120.653,0.825231,0.0
16.0413,0.0136968,123.25,0.839631,0.0
16.037,0.0138425,121.658,0.819403,0.0
16.0129,0.0140018,122.831,0.829002,0.0
16.0298,0.0139092,121.642,0.812889,0.0
16.0488,0.0137934,123.417,0.810489,0.0
16.0435,0.0140188,122.111,0.845459,0.0
16.028,0.0143194,121.508,0.840316,0.0
16.0332,0.0138845,122.01,0.821803,0.0
16.0303,0.0138586,120.402,0.834831,0.0
16.0141,0.0138778,122.094,0.805346,0.0
16.0224,0.0135619,121.558,0.811174,0.0
16.0354,0.013647,121.658,0.845802,0.0
16.0289,0.0135125,122.144,0.835174,0.0
16.029,0.0134922,122.462,0.831745,0.0
16.0249,0.0134108,121.139,0.819403,0.0
16.0133,0.0135136,121.742,0.826602,0.0
16.0278,0.01384,122.462,0.829002,0.0
16.0489,0.0136642,120.653,0.798832,0.0
16.0354,0.0139857,122.63,0.833459,0.0
16.013,0.0137754,121.106,0.821117,0.0
16.0414,0.0138272,122.797,0.828317,0.0
16.0548,0.0137467,122.211,0.821803,0.0
16.0009,0.0137218,122.998,0.848202,0.0
16.0165,0.0140575,122.898,0.816317,0.0
16.0579,0.0136744,121.91,0.809803,0.0
16.0165,0.0136817,121.223,0.820431,0.0
16.0057,0.0138752,121.943,0.830374,0.0
16.0276,0.0137637,123.049,0.822488,0.0
16.026,0.0134918,122.898,0.825231,0.0
16.0383,0.0137075,121.859,0.810146,0.0
16.0484,0.0138198,121.709,0.834831,0.0
16.0355,0.0140625,120.854,0.829688,0.0
16.0188,0.0138153,122.077,0.827288,0.0
16.0313,0.013896,120.972,0.820774,0.0
16.0407,0.0136328,121.055,0.833116,0.0
16.0398,0.0143383,120.302,0.824202,0.0
16.0521,0.0137839,121.524,0.817003,0.0
16.0691,0.0139194,123.953,0.820774,0.0
16.05,0.0139254,120.871,0.812889,0.0
16.03,0.0136109,121.893,0.831059,0.0
16.0514,0.0138329,121.859,0.834831,0.0
16.0448,0.0140143,123.4,0.849916,0.0
16.0273,0.0139867,121.407,0.800889,0.0
16.018,0.0137126,122.345,0.810146,0.0
16.0271,0.0139104,124.389,0.834831,0.0
16.0515,0.0135625,123.3,0.821803,0.0
16.037,0.0137913,123.333,0.846487,0.0
16.0239,0.0141745,120.352,0.824202,0.0
16.0191,0.013896,120.57,0.829002,0.0
16.0292,0.0136826,122.027,0.830717,0.0
16.043,0.0136778,122.764,0.82386,0.0
16.0238,0.0138758,122.58,0.82146,0.0
16.0281,0.0139831,121.759,0.821803,0.0
16.0477,0.0138775,121.926,0.795746,0.0
16.0253,0.0135446,120.838,0.827631,0.0
16.0187,0.0139118,120.251,0.84923,0.0
16.0341,0.0139118,120.787,0.817688,0.0
16.0317,0.0139128,121.541,0.833802,0.0
16.0225,0.0135843,122.111,0.821803,0.0
16.0224,0.0136985,121.223,0.823174,0.0
16.045,0.01343,121.625,0.825917,0.0
16.0517,0.0138283,121.876,0.844773,0.0
16.0352,0.0136191,121.273,0.821117,0.0
16.0141,0.0136756,121.374,0.81426,0.0
16.0163,0.0139679,122.965,0.831059,0.0
16.0467,0.0140386,121.926,0.820774,0.0
16.0471,0.0137286,122.982,0.839631,0.0
16.0229,0.0135097,121.608,0.827631,0.0
16.0298,0.0137245,122.747,0.837573,0.0
16.0443,0.0138754,122.563,0.830031,0.0
16.0253,0.0137718,121.876,0.84203,0.0
16.0208,0.0136613,122.998,0.841002,0.0
16.0321,0.0136443,122.094,0.829688,0.0
16.0193,0.0138356,121.977,0.832088,0.0
16.0036,0.0136504,122.01,0.81666,0.0
16.0174,0.0134958,122.898,0.829345,0.0
16.0433,0.0138287,120.436,0.811517,0.0
16.0442,0.0141301,121.307,0.833116,0.0
16.0405,0.0137062,122.965,0.824888,0.0
16.0391,0.0136207,121.357,0.822831,0.0
16.0159,0.0139913,121.575,0.811517,0.0
16.0257,0.0139663,122.982,0.830031,0.0
16.0397,0.0138921,121.876,0.833116,0.0
16.013,0.0137236,122.647,0.830717,0.0
16.0291,0.0138361,123.853,0.803632,0.0
16.0616,0.013886,120.787,0.81666,0.0
16.0214,0.0138963,121.893,0.814603,0.0
16.004,0.0136998,122.613,0.829002,0.0
16.049,0.0143325,122.06,0.80706,0.0
16.0643,0.0138206,122.228,0.825917,0.0
16.0215,0.0137814,121.106,0.817003,0.0
16.0195,0.0136948,121.977,0.815974,0.0
16.0438,0.0134257,120.637,0.824888,0.0
16.0218,0.0140662,121.374,0.832774,0.0
16.0192,0.0138291,121.374,0.826602,0.0
16.0339,0.0137635,121.24,0.825231,0.0
16.0223,0.0133899,121.776,0.827974,0.0
16.0283,0.0135834,122.898,0.840316,0.0
16.0442,0.0136673,121.055,0.836545,0.0
16.0398,0.0136729,122.412,0.820088,0.0
16.048,0.0134306,122.127,0.807746,0.0
16.037,0.0141623,121.558,0.806374,0.0
16.0283,0.0141345,122.747,0.832431,0.0
16.053,0.014016,121.926,0.814603,0.0
16.0525,0.0136805,122.395,0.831059,0.0
16.0408,0.0139634,122.429,0.84203,0.0
16.0377,0.0136766,122.01,0.813917,0.0
16.0323,0.013971,121.39,0.812546,0.0
16.0336,0.0136233,121.457,0.820088,0.0
16.039,0.0138669,123.367,0.841345,0.0
16.0424,0.0141021,121.977,0.81906,0.0
16.0435,0.0138741,122.362,0.817346,0.0
16.055,0.0137131,123.099,0.831745,0.0
16.037,0.013768,123.518,0.820088,0.0
16.0108,0.0135184,120.921,0.835859,0.0
16.0085,0.0136917,122.345,0.811174,0.0
16.0186,0.0138915,121.742,0.824545,0.0
16.0255,0.0139742,122.797,0.831745,0.0
16.0175,0.013787,121.374,0.824545,0.0
16.0143,0.013844,121.742,0.833802,0.0
16.0225,0.0139629,121.424,0.825574,0.0
16.0227,0.014043,122.446,0.82386,0.0
16.0113,0.0139937,121.508,0.823174,0.0
16.0212,0.0137914,122.781,0.835859,0.0
16.0453,0.0139613,121.843,0.827631,0.0
16.0452,0.0138024,122.63,0.831745,0.0
16.0295,0.0136942,121.809,0.80946,0.0
16.0142,0.0142295,120.905,0.836545,0.0
16.0065,0.0137828,121.776,0.817346,0.0
16.0173,0.0134329,121.441,0.809803,0.0
16.0388,0.0138131,122.479,0.823517,0.0
16.0518,0.0136499,122.077,0.839631,0.0
16.0495,0.0135277,122.228,0.821803,0.0
16.0335,0.014156,121.558,0.841002,0.0
16.0269,0.0136579,121.642,0.829345,0.0
16.0237,0.0135649,122.931,0.801917,0.0
16.0424,0.0138452,120.972,0.820431,0.0
16.0446,0.0136611,121.29,0.835174,0.0
16.011,0.0133402,122.68,0.822488,0.0
16.0059,0.0137684,122.228,0.82146,0.0
16.0229,0.0135524,121.893,0.844773,0.0
16.024,0.0136944,121.29,0.828317,0.0
16.0329,0.013847,122.73,0.807746,0.0
16.0312,0.0136636,123.953,0.81186,0.0
16.0297,0.0139941,121.859,0.820774,0.0
16.0436,0.0137917,122.245,0.822488,0.0
16.033,0.0138099,122.278,0.81666,0.0
16.0182,0.0137574,122.077,0.814946,0.0
16.0263,0.0136209,122.161,0.822488,0.0
16.0476,0.0140148,121.039,0.824202,0.0
16.0366,0.0138314,122.044,0.843745,0.0
16.0187,0.0138143,122.479,0.833116,0.0
16.0182,0.0136938,121.809,0.839288,0.0
16.0302,0.0137782,121.374,0.819745,0.0
16.0327,0.013815,122.245,0.822831,0.0
16.0368,0.0136923,122.797,0.814603,0.0
16.0434,0.013924,120.871,0.835859,0.0
16.0321,0.0138332,124.389,0.839631,0.0
16.036,0.0136213,122.261,0.829002,0.0
16.0332,0.0139401,122.144,0.828659,0.0
16.0149,0.0137631,122.312,0.834488,0.0
16.0284,0.0137929,122.362,0.831059,0.0
16.0396,0.0140277,122.178,0.819745,0.0
16.03,0.0138694,122.73,0.831059,0.0
16.0272,0.0135455,120.72,0.809803,0.0
16.0093,0.0140119,121.474,0.825231,0.0
16.0089,0.0139436,122.111,0.824202,0.0
16.0265,0.0138121,122.295,0.832431,0.0
16.0088,0.0139761,122.161,0.850945,0.0
16.0151,0.0135996,121.675,0.822831,0.0
16.0371,0.0137191,122.362,0.823517,0.0
16.0248,0.0141023,121.558,0.827288,0.0
16.025,0.0139236,121.591,0.843059,0.0
16.0252,0.0140502,122.194,0.814603,0.0
16.0248,0.0136467,122.596,0.837573,0.0
16.0268,0.0141381,120.871,0.833116,0.0
16.0226,0.0140237,122.462,0.812546,0.0
16.0452,0.0134913,120.754,0.832431,0.0
16.0487,0.0135931,122.814,0.827974,0.0
16.0149,0.0137485,121.039,0.837916,0.0
15.9961,0.0135669,119.916,0.81906,0.0
16.0121,0.0134566,122.111,0.812546,0.0
16.0237,0.0134755,122.111,0.841345,0.0
16.0201,0.0139742,123.601,0.831402,0.0
16.0154,0.0135142,122.848,0.827974,0.0
16.0327,0.0138635,121.591,0.833459,0.0
16.0359,0.0141237,122.379,0.824202,0.0
16.0098,0.0137903,121.658,0.830717,0.0
16.0036,0.0137368,123.685,0.848202,0.0
16.0309,0.0137818,122.06,0.800546,0.0
16.0547,0.0137943,121.441,0.820431,0.0
16.0437,0.014063,122.161,0.823174,0.0
16.0205,0.0139529,122.094,0.819745,0.0
16.0303,0.0135735,121.742,0.845116,0.0
16.0358,0.013078,121.273,0.827631,0.0
16.0074,0.013229,120.921,0.831402,0.0
16.0034,0.0139406,122.864,0.846145,0.0
16.0277,0.0136001,121.943,0.839288,0.0
16.031,0.0134927,122.194,0.843402,0.0
16.0325,0.0137151,123.3,0.815631,0.0
16.0415,0.0135938,123.886,0.837231,0.0
16.0479,0.0135789,120.653,0.841002,0.0
16.0479,0.014196,121.859,0.834145,0.0
16.0395,0.013816,121.323,0.845116,0.0
16.039,0.0135806,121.357,0.842716,0.0
16.0345,0.0136241,122.596,0.812889,0.0
16.0084,0.0135619,121.591,0.837573,0.0
16.029,0.0136743,122.094,0.824888,0.0
16.0394,0.0136594,121.34,0.823174,0.0
16.0222,0.0139753,122.228,0.832774,0.0
16.0432,0.0138835,120.905,0.808774,0.0
16.0248,0.0138091,120.921,0.820431,0.0
15.9952,0.0134774,121.323,0.84443,0.0
16.0204,0.0140594,122.06,0.839973,0.0
16.0326,0.0136677,121.022,0.827288,0.0
16.0307,0.0136443,123.333,0.828659,0.0
16.0323,0.0138719,120.72,0.822145,0.0
16.0194,0.0134967,122.379,0.818374,0.0
16.0233,0.0135051,121.39,0.820431,0.0
16.0343,0.0135623,122.546,0.85163,0.0
16.0494,0.0137972,121.323,0.814946,0.0
16.043,0.0141982,121.591,0.798832,0.0
16.0125,0.0136552,121.977,0.818031,0.0
16.0145,0.0140906,122.831,0.80946,0.0
16.0465,0.0138416,122.881,0.817003,0.0
16.0441,0.0138066,121.089,0.845459,0.0
16.0443,0.0137988,122.529,0.822488,0.0
16.0564,0.0136911,121.725,0.825231,0.0
16.0327,0.0134564,120.335,0.817688,0.0
16.0023,0.0135269,122.596,0.801232,0.0
16.0201,0.0136112,122.345,0.821117,0.0
16.0479,0.0139069,121.055,0.830031,0.0
16.0327,0.013803,122.647,0.825231,0.0
16.02,0.0140158,122.781,0.814603,0.0
16.0155,0.01369,122.06,0.834488,0.0
16.0281,0.013758,122.613,0.823174,0.0
16.0567,0.0136196,122.714,0.818031,0.0
16.0369,0.0140044,122.714,0.824545,0.0
16.0096,0.0140552,122.094,0.825574,0.0
16.0417,0.0137746,120.402,0.800546,0.0
16.0274,0.0139267,121.541,0.811174,0.0
16.004,0.0134667,123.384,0.840659,0.0
16.0261,0.0136391,121.022,0.80706,0.0
16.0144,0.0139283,121.792,0.838602,0.0
16.0187,0.013889,123.266,0.815974,0.0
16.0368,0.0137632,121.692,0.828659,0.0
16.0381,0.01394,121.29,0.802946,0.0
16.0324,0.0138514,122.948,0.804317,0.0
16.0037,0.013704,120.67,0.826945,0.0
16.0256,0.0137276,121.943,0.835516,0.0
16.0554,0.014153,123.116,0.838945,0.0
16.0108,0.0137765,122.446,0.831745,0.0
16.008,0.0135411,122.111,0.821117,0.0
16.0459,0.0138177,122.379,0.845459,0.0
16.0238,0.0139658,122.228,0.824545,0.0
16.0089,0.0140547,121.24,0.846145,0.0
16.0341,0.0138092,122.931,0.836202,0.0
16.0212,0.0137618,121.039,0.824202,0.0
15.9941,0.0138412,121.809,0.812203,0.0
16.0428,0.0136452,123.668,0.829345,0.0
16.0473,0.0137984,121.843,0.825231,0.0
15.9985,0.0133864,121.173,0.827631,0.0
16.0234,0.0137981,121.089,0.817003,0.0
16.0213,0.0139234,121.39,0.807746,0.0
16.0071,0.0135596,121.424,0.838602,0.0
16.0404,0.0135096,120.369,0.806374,0.0
16.0318,0.0139008,121.876,0.841688,0.0
16.0061,0.0137703,122.144,0.82626,0.0
16.0259,0.013399,122.63,0.825917,0.0
16.0446,0.0138059,123.903,0.810831,0.0
16.0427,0.0136918,121.692,0.840659,0.0
16.0406,0.0140375,121.156,0.813231,0.0
16.0232,0.0139058,122.094,0.808774,0.0
16.0199,0.0136903,121.943,0.827974,0.0
16.0261,0.0137443,121.709,0.830031,0.0
16.0267,0.0137461,122.529,0.811174,0.0
16.0352,0.0135436,123.082,0.818717,0.0
16.0477,0.0136913,122.412,0.839631,0.0
16.0352,0.0139717,122.261,0.836545,0.0
16.0189,0.0137823,122.06,0.845802,0.0
16.0352,0.0139209,121.022,0.810146,0.0
16.0454,0.0133327,122.178,0.847516,0.0
16.0344,0.0137998,122.647,0.823174,0.0
16.0328,0.0139012,121.508,0.838945,0.0
16.0277,0.0137,122.01,0.809803,0.0
16.0143,0.0135237,120.972,0.836545,0.0
16.0237,0.01381,122.63,0.837573,0.0
16.0357,0.013853,121.089,0.807403,0.0
16.0289,0.0141322,121.608,0.824202,0.0
16.0383,0.0138198,122.747,0.838259,0.0
16.0502,0.0140144,123.183,0.831402,0.0
16.0359,0.0139559,120.553,0.828659,0.0
16.0291,0.0138013,121.441,0.822831,0.0
16.0322,0.0133835,122.395,0.828659,0.0
16.0175,0.0137004,121.474,0.818374,0.0
16.0229,0.0138968,122.261,0.838259,0.0
16.0247,0.0136551,122.211,0.82146,0.0
16.0255,0.013842,122.077,0.827974,0.0
16.0348,0.0138035,121.943,0.819745,0.0
16.0373,0.0137621,121.926,0.816317,0.0
16.029,0.014013,121.926,0.845459,0.0
16.0435,0.0138858,121.29,0.824888,0.0
16.0457,0.0142612,122.044,0.862258,0.0
16.0177,0.0135732,121.725,0.824545,0.0
16.0021,0.0133803,121.558,0.812889,0.0
16.0258,0.0138803,122.245,0.82626,0.0
16.0513,0.0136316,121.675,0.839288,0.0
16.0432,0.0139167,122.73,0.835174,0.0
16.0338,0.0135076,123.367,0.85643,0.0
16.0146,0.013758,122.044,0.828317,0.0
16.0031,0.0136492,121.273,0.824888,0.0
16.0276,0.0136621,122.73,0.834488,0.0
16.0439,0.0134993,121.575,0.824202,0.0
16.0154,0.0134538,123.015,0.857801,0.0
16.0234,0.0134972,122.647,0.840659,0.0
16.0511,0.0138621,121.809,0.832774,0.0
16.0373,0.0138174,120.536,0.837231,0.0
16.0282,0.0138162,122.429,0.793346,0.0
16.0226,0.0134817,122.027,0.82626,0.0
16.0222,0.0137055,121.424,0.829002,0.0
16.0277,0.0137728,123.099,0.822488,0.0
16.028,0.0135523,121.943,0.822488,0.0
16.0271,0.0140636,121.541,0.821803,0.0
16.015,0.0137718,120.938,0.821117,0.0
16.0079,0.0136649,122.697,0.827631,0.0
16.0297,0.0140854,121.776,0.81906,0.0
16.0202,0.0136897,122.864,0.831402,0.0
16.0206,0.0138382,121.29,0.823517,0.0
16.0347,0.0138793,120.452,0.827288,0.0
16.022,0.0142595,122.73,0.819403,0.0
16.0233,0.0137652,121.524,0.808432,0.0
16.0214,0.0137176,121.759,0.836545,0.0
16.0326,0.013486,121.591,0.839973,0.0
16.0466,0.0136203,122.596,0.803975,0.0
16.0283,0.013882,121.91,0.821117,0.0
16.0294,0.0139354,121.709,0.844773,0.0
16.0384,0.0133257,121.893,0.834145,0.0
16.0519,0.0139046,121.491,0.816317,0.0
16.0485,0.0136617,121.776,0.820088,0.0
16.0112,0.0136503,122.295,0.822831,0.0
15.9921,0.0139394,121.742,0.838945,0.0
16.0006,0.0140252,122.948,0.827974,0.0
16.0301,0.0135617,122.58,0.799175,0.0
16.0313,0.0136376,124.02,0.84683,0.0
16.0111,0.0136198,121.591,0.842373,0.0
16.0171,0.0135414,122.211,0.822145,0.0
16.0211,0.0135824,122.613,0.839973,0.0
16.03,0.013668,122.647,0.812203,0.0
16.0593,0.0134885,121.457,0.834145,0.0
16.0558,0.013868,121.709,0.822488,0.0
16.0256,0.0137149,121.441,0.841688,0.0
16.0269,0.0139576,123.618,0.831745,0.0
16.0282,0.0139087,120.067,0.82146,0.0
16.0207,0.013848,121.357,0.815288,0.0
16.041,0.0135817,121.977,0.82626,0.0
16.0411,0.0139506,122.479,0.832431,0.0
16.007,0.0137923,122.663,0.829688,0.0
16.0046,0.0138228,121.742,0.823174,0.0
16.0283,0.0138013,121.106,0.831402,0.0
16.0191,0.0137497,121.072,0.854373,0.0
16.0016,0.013443,121.457,0.813917,0.0
16.0357,0.0134306,120.637,0.806374,0.0
16.0409,0.0137985,121.106,0.829345,0.0
16.0024,0.0141188,121.374,0.831745,0.0
16.0218,0.0137531,122.094,0.827288,0.0
16.045,0.0141396,122.194,0.842373,0.0
16.0232,0.013727,121.374,0.82626,0.0
16.0257,0.0136371,119.933,0.835174,0.0
16.0334,0.0137772,122.68,0.817688,0.0
16.0284,0.0136654,121.558,0.813917,0.0
16.0215,0.0134066,122.68,0.815974,0.0
16.038,0.0138587,122.68,0.822831,0.0
16.0542,0.0135976,121.658,0.84443,0.0
16.027,0.0136861,122.362,0.827631,0.0
16.013,0.0135358,121.474,0.852659,0.0
16.0154,0.0143291,122.395,0.838945,0.0
16.0243,0.0135596,123.149,0.818717,0.0
16.0368,0.0133673,122.982,0.822488,0.0
16.0443,0.0135926,122.094,0.821117,0.0
16.0421,0.0139004,122.714,0.854373,0.0
16.0335,0.0138027,121.943,0.822145,0.0
16.0248,0.0137279,122.881,0.824202,0.0
16.0265,0.0138151,122.814,0.839288,0.0
16.0444,0.0136926,122.412,0.822831,0.0
16.0422,0.0138526,120.419,0.824888,0.0
16.0323,0.0138216,122.714,0.837916,0.0
16.016,0.0137161,120.988,0.834145,0.0
16.007,0.013638,122.831,0.830717,0.0
16.0346,0.0139848,120.72,0.812546,0.0
16.0347,0.014049,121.24,0.801232,0.0
16.0159,0.0139755,122.044,0.836888,0.0
16.031,0.0141104,122.429,0.843402,0.0
16.0549,0.0137212,121.809,0.831059,0.0
16.0361,0.0139135,121.005,0.822488,0.0
16.0149,0.0140677,119.246,0.803632,0.0
16.0331,0.014052,121.809,0.818374,0.0
16.0401,0.0136403,121.792,0.829688,0.0
16.013,0.0135171,122.111,0.829345,0.0
16.004,0.0135885,120.553,0.81906,0.0
16.0247,0.01341,122.429,0.818374,0.0
16.0296,0.0135547,120.553,0.820431,0.0
16.0328,0.0137675,123.3,0.828317,0.0
16.0363,0.0134543,121.357,0.837231,0.0
16.02,0.0136941,122.044,0.840659,0.0
16.0303,0.0138742,123.283,0.822831,0.0
16.0429,0.0138373,121.256,0.854373,0.0
16.024,0.0136529,121.256,0.836545,0.0
16.0207,0.0137629,121.792,0.827288,0.0
16.0306,0.0137244,122.546,0.823174,0.0
16.026,0.0137372,122.948,0.820431,0.0
16.0344,0.0138098,122.479,0.81666,0.0
16.0395,0.0137407,121.457,0.836545,0.0
16.014,0.0139421,122.446,0.825574,0.0
16.0112,0.0138914,123.049,0.814603,0.0
16.0305,0.0137129,120.452,0.836202,0.0
16.0232,0.0134675,120.62,0.810831,0.0
16.0303,0.0137065,121.843,0.828317,0.0
16.0397,0.0144297,122.479,0.819403,0.0
16.0171,0.0139806,121.106,0.832774,0.0
16.0235,0.014132,123.518,0.841345,0.0
16.0346,0.0138667,123.032,0.835516,0.0
15.9976,0.0139633,121.39,0.841688,0.0
16.0067,0.0138104,122.513,0.816317,0.0
16.0656,0.0134619,120.05,0.827288,0.0
16.0619,0.0136598,122.429,0.837916,0.0
16.0273,0.0136987,122.462,0.828659,0.0
16.0434,0.0134913,121.457,0.837573,0.0
16.0546,0.013574,121.91,0.82626,0.0
16.0196,0.013874,121.608,0.814946,0.0
16.0365,0.0138365,121.34,0.817003,0.0
16.0686,0.0138608,122.379,0.82146,0.0
16.0458,0.0138301,120.519,0.822488,0.0
16.0287,0.0142783,120.402,0.798146,0.0
16.0392,0.0141059,122.127,0.813574,0.0
16.0426,0.0139425,121.776,0.821803,0.0
16.0328,0.0133888,121.323,0.834488,0.0
16.0309,0.0135999,120.921,0.815974,0.0
16.0398,0.0138026,121.34,0.831745,0.0
16.043,0.0138875,121.189,0.831402,0.0
16.0451,0.0141052,121.457,0.832774,0.0
16.0351,0.0137669,123.199,0.836545,0.0
16.0527,0.0136356,122.647,0.793689,0.0
16.0417,0.0138069,121.893,0.833802,0.0
16.0033,0.0138059,122.328,0.838602,0.0
16.0264,0.0140651,122.261,0.829002,0.0
16.0492,0.0137885,122.948,0.821117,0.0
16.0258,0.0136225,121.91,0.838259,0.0
16.0077,0.0138838,121.34,0.820774,0.0
16.021,0.0136665,122.412,0.817688,0.0
16.0401,0.0136251,121.96,0.815288,0.0
16.027,0.013715,122.546,0.832431,0.0
16.0208,0.0136436,122.948,0.833802,0.0
16.0336,0.0134888,121.943,0.836545,0.0
16.0245,0.013563,122.429,0.819403,0.0
16.0398,0.0137964,121.742,0.814603,0.0
16.051,0.0139285,120.821,0.826945,0.0
16.0242,0.0135938,121.491,0.835516,0.0
16.0229,0.0134362,122.781,0.822488,0.0
16.0421,0.0133327,121.725,0.808089,0.0
16.0342,0.0135668,123.099,0.825917,0.0
16.0235,0.0138557,120.536,0.843059,0.0
16.0196,0.0138517,121.692,0.827631,0.0
16.0236,0.0136328,121.776,0.833459,0.0
16.0245,0.0137468,123.451,0.830717,0.0
16.0294,0.0141218,122.06,0.836202,0.0
16.0337,0.0136739,121.96,0.821117,0.0
16.0294,0.0132384,122.211,0.828317,0.0
16.0373,0.0134032,122.881,0.831059,0.0
16.0466,0.0137352,121.29,0.826602,0.0
16.0385,0.0134217,121.575,0.819745,0.0
16.0151,0.0140575,121.089,0.831745,0.0
16.0135,0.0136551,122.395,0.827288,0.0
16.0222,0.0135723,122.529,0.821803,0.0
16.0211,0.0134178,122.245,0.829002,0.0
16.0305,0.0137907,122.194,0.841688,0.0
16.0342,0.0139482,120.101,0.830031,0.0
16.0282,0.0136246,123.384,0.833802,0.0
16.0357,0.0136828,122.345,0.824202,0.0
16.0189,0.0138359,122.596,0.81666,0.0
16.0126,0.0139648,121.34,0.82386,0.0
16.0287,0.0137152,123.183,0.806717,0.0
16.0234,0.0137721,121.524,0.853002,0.0
16.0256,0.0139857,121.826,0.828659,0.0
16.0397,0.0135128,122.781,0.820431,0.0
16.0443,0.0136358,121.005,0.815974,0.0
16.0238,0.0137075,122.663,0.830374,0.0
16.0221,0.0137083,122.077,0.838945,0.0
16.046,0.0138194,121.575,0.796432,0.0
16.0306,0.013538,122.68,0.843402,0.0
16.0079,0.0135698,121.692,0.823174,0.0
16.0361,0.0137814,122.58,0.819745,0.0
16.0579,0.0136981,122.647,0.812546,0.0
16.0252,0.0138302,122.596,0.815974,0.0
16.0159,0.0136469,122.312,0.80466,0.0
16.0352,0.0138297,121.34,0.82146,0.0
16.0288,0.0135702,121.374,0.818374,0.0
16.0348,0.0138156,122.898,0.824202,0.0
16.0279,0.0139208,122.362,0.813231,0.0
16.0137,0.0140447,121.524,0.842373,0.0
16.0293,0.0139995,121.792,0.820431,0.0
16.0274,0.0134297,122.245,0.825574,0.0
16.0241,0.0136219,123.183,0.817346,0.0
16.044,0.0133932,122.295,0.825231,0.0
16.0443,0.0137795,122.345,0.815288,0.0
16.0368,0.0137289,121.642,0.799518,0.0
16.0355,0.0140689,121.926,0.812203,0.0
16.0404,0.0142,122.345,0.830717,0.0
16.0467,0.0138995,120.586,0.830717,0.0
16.0412,0.0138613,121.139,0.817688,0.0
16.0306,0.013854,122.864,0.826945,0.0
16.0188,0.013973,121.625,0.834831,0.0
16.0151,0.0140376,121.307,0.811517,0.0
16.0413,0.0137608,122.429,0.827974,0.0
16.0527,0.0136364,122.965,0.822488,0.0
16.0258,0.0141134,122.161,0.820774,0.0
16.0273,0.0140324,120.888,0.862601,0.0
16.0273,0.013683,121.993,0.818031,0.0
16.0123,0.0138092,120.586,0.811174,0.0
16.0226,0.0136841,122.312,0.832431,0.0
16.0219,0.0140965,122.06,0.822831,0.0
16.011,0.0134315,122.881,0.834145,0.0
16.0349,0.0140596,122.077,0.831402,0.0
16.0373,0.0139306,121.189,0.841688,0.0
16.032,0.0137785,123.936,0.844773,0.0
16.0465,0.0137564,121.709,0.817688,0.0
16.037,0.0140376,121.156,0.815288,0.0
16.0213,0.0134744,120.955,0.84683,0.0
16.0276,0.0135687,121.876,0.810146,0.0
16.0334,0.0137899,120.854,0.831745,0.0
16.0415,0.0136826,122.211,0.825231,0.0
16.048,0.0140632,122.194,0.826945,0.0
16.0335,0.0140589,123.384,0.824545,0.0
16.0406,0.0135054,120.787,0.821803,0.0
16.0307,0.0135309,123.769,0.822488,0.0
16.0172,0.0140045,120.369,0.809803,0.0
16.0194,0.0136976,122.261,0.813231,0.0
16.0405,0.0135723,122.245,0.824545,0.0
16.0451,0.0140399,120.335,0.822831,0.0
16.0308,0.0137087,122.982,0.813917,0.0
16.035,0.0138657,122.931,0.822145,0.0
16.0251,0.0134885,121.173,0.846145,0.0
16.0276,0.0139223,123.652,0.839288,0.0
16.0445,0.014142,120.637,0.831745,0.0
16.0126,0.014065,120.988,0.823517,0.0
16.0168,0.0136307,122.529,0.818374,0.0
16.0485,0.0139423,121.926,0.831059,0.0
16.0433,0.0135736,121.156,0.81906,0.0
16.0325,0.0138962,122.127,0.829345,0.0
16.0285,0.0138369,121.24,0.810146,0.0
16.0387,0.0142591,123.769,0.828659,0.0
16.0402,0.0140706,121.106,0.807403,0.0
16.0373,0.0137391,122.814,0.819745,0.0
16.0363,0.0134933,123.199,0.829345,0.0
16.0428,0.0136704,122.948,0.819403,0.0
16.0611,0.0136968,122.245,0.82146,0.0
16.054,0.0135919,121.776,0.827631,0.0
16.0228,0.0138136,122.797,0.819403,0.0
16.011,0.013769,120.921,0.835859,0.0
16.0222,0.0137697,120.586,0.830374,0.0
16.0353,0.013738,121.742,0.832774,0.0
16.034,0.0138457,123.266,0.821117,0.0
16.005,0.0135387,120.536,0.811174,0.0
15.9831,0.0140192,122.178,0.81906,0.0
15.9996,0.0133355,123.685,0.826602,0.0
16.0377,0.0136683,123.099,0.842716,0.0
16.0461,0.013433,120.57,0.803975,0.0
16.0135,0.0134069,122.848,0.820431,0.0
16.0124,0.0137679,122.73,0.835174,0.0
16.0375,0.0136093,121.692,0.817688,0.0
16.0472,0.0138992,122.345,0.832431,0.0
16.0286,0.0136674,120.101,0.806717,0.0
16.0117,0.0134142,121.206,0.800203,0.0
16.0324,0.0138675,122.496,0.827631,0.0
16.0542,0.0138193,121.725,0.830374,0.0
16.0369,0.0135729,120.754,0.810146,0.0
16.0286,0.0139729,122.027,0.825231,0.0
16.043,0.0139683,121.24,0.833116,0.0
16.0258,0.0141078,120.771,0.81906,0.0
16.0128,0.0139022,121.223,0.820431,0.0
16.0403,0.0136744,121.323,0.832774,0.0
16.0631,0.013508,122.211,0.859173,0.0
16.0566,0.0140392,122.06,0.828317,0.0
16.0279,0.0141425,122.948,0.825231,0.0
16.028,0.0135415,122.529,0.828659,0.0
16.0534,0.0135271,121.29,0.837231,0.0
16.0538,0.0134444,122.73,0.835174,0.0
16.0239,0.013711,119.916,0.81906,0.0
16.0157,0.0139052,122.496,0.82386,0.0
16.019,0.0141336,121.625,0.840316,0.0
16.0287,0.0140345,121.424,0.811517,0.0
16.0242,0.0140503,121.575,0.824888,0.0
16.0175,0.0139655,121.926,0.810489,0.0
16.0347,0.0139304,122.345,0.827288,0.0
16.0309,0.0137161,121.072,0.841345,0.0
16.0304,0.0139058,120.988,0.81906,0.0
16.0499,0.0141941,123.266,0.831402,0.0
16.045,0.0137583,121.055,0.813231,0.0
16.0445,0.0139152,122.814,0.840659,0.0
16.0468,0.0137929,120.888,0.824202,0.0
16.0327,0.0137103,122.127,0.825574,0.0
16.0436,0.0136322,122.68,0.824202,0.0
16.0458,0.0132964,122.178,0.825231,0.0
16.0381,0.013629,122.915,0.818031,0.0
16.0368,0.013626,121.926,0.810489,0.0
16.0323,0.0138446,120.704,0.804317,0.0
16.0231,0.0138281,122.529,0.834145,0.0
16.0268,0.0139443,122.01,0.820431,0.0
16.0398,0.0138074,120.486,0.812889,0.0
16.0427,0.0136971,123.065,0.822145,0.0
16.0181,0.0138863,121.893,0.832088,0.0
16.0264,0.0137395,121.457,0.82146,0.0
16.0471,0.0136651,122.044,0.835174,0.0
16.0499,0.0135237,122.194,0.832774,0.0
16.049,0.0136395,121.843,0.816317,0.0
16.0492,0.0136547,122.915,0.822831,0.0
16.0418,0.0136982,121.826,0.835174,0.0
16.0232,0.0138175,120.586,0.818374,0.0
16.0204,0.0141552,122.446,0.822488,0.0
16.032,0.0135103,121.575,0.823174,0.0
16.0412,0.0140915,123.484,0.820774,0.0
16.0356,0.0139897,122.462,0.823174,0.0
16.0147,0.0136847,124.054,0.820431,0.0
16.0158,0.0138806,121.005,0.829002,0.0
16.0164,0.0137413,121.424,0.809117,0.0
16.0164,0.0135466,120.871,0.812203,0.0
16.0207,0.0136218,121.189,0.811174,0.0
16.0235,0.0136566,121.323,0.836202,0.0
16.0375,0.0136342,121.893,0.843402,0.0
16.0339,0.0139462,121.926,0.827288,0.0
16.0096,0.0139005,121.742,0.810831,0.0
16.0125,0.0137842,122.06,0.820774,0.0
16.0391,0.0137111,123.132,0.849573,0.0
16.0306,0.013724,121.725,0.820088,0.0
16.0363,0.0135355,120.888,0.815631,0.0
16.0711,0.0137355,122.446,0.845459,0.0
16.0498,0.0136732,122.596,0.825917,0.0
16.0276,0.0135232,121.441,0.835174,0.0
16.0411,0.0140243,123.886,0.843402,0.0
16.0399,0.0136637,121.776,0.825574,0.0
16.0102,0.0136382,120.603,0.820088,0.0
16.0143,0.0137628,121.022,0.831059,0.0
16.0303,0.0137821,121.893,0.834145,0.0
16.0314,0.0138372,122.462,0.832431,0.0
16.0489,0.0139206,122.446,0.81906,0.0
16.0461,0.0135783,122.647,0.840316,0.0
16.0131,0.0139098,122.194,0.837231,0.0
16.0107,0.0137896,121.608,0.820431,0.0
16.0553,0.0135226,122.529,0.834831,0.0
16.0774,0.0139323,122.127,0.813231,0.0
16.0455,0.013937,121.826,0.832088,0.0
16.0241,0.0139984,122.797,0.813574,0.0
16.0243,0.0139536,120.402,0.81426,0.0
16.0289,0.0140002,123.451,0.829002,0.0
16.0418,0.0137095,121.29,0.818717,0.0
16.0436,0.0139428,121.96,0.829002,0.0
16.0316,0.0140258,122.312,0.825231,0.0
16.0281,0.0138796,122.948,0.839973,0.0
16.0354,0.014115,121.39,0.810489,0.0
16.0442,0.0137076,124.137,0.838945,0.0
16.0446,0.0136313,120.503,0.803632,0.0
16.046,0.0138228,122.194,0.809803,0.0
16.0389,0.0137464,120.871,0.842716,0.0
16.0185,0.0135469,123.451,0.820774,0.0
16.0131,0.0138345,121.558,0.818374,0.0
16.0475,0.0138863,123.501,0.803975,0.0
16.0639,0.0138563,122.915,0.842373,0.0
16.0169,0.0137274,121.541,0.812546,0.0
16.009,0.013649,122.965,0.821803,0.0
16.0396,0.0135506,122.663,0.82386,0.0
16.0352,0.0137383,122.211,0.823517,0.0
16.0187,0.01389,121.29,0.815974,0.0
16.0348,0.0135549,122.529,0.833802,0.0
16.0617,0.0139453,121.206,0.810489,0.0
16.0491,0.0138654,122.161,0.823517,0.0
16.0289,0.013429,122.596,0.829345,0.0
16.0362,0.013885,120.436,0.817346,0.0
16.0382,0.0137293,122.781,0.817346,0.0
16.0457,0.0136521,122.546,0.832088,0.0
16.0402,0.0140076,121.759,0.829688,0.0
16.0337,0.0137981,120.419,0.837573,0.0
16.043,0.0140911,121.826,0.838259,0.0
16.0402,0.0138223,121.893,0.835174,0.0
16.0337,0.0136619,122.496,0.818031,0.0
16.0269,0.0139825,120.687,0.82626,0.0
16.0177,0.0135753,121.189,0.813917,0.0
16.0138,0.0135982,121.943,0.838259,0.0
16.0137,0.0136653,122.111,0.823517,0.0
16.0239,0.0134565,121.692,0.812889,0.0
16.0401,0.0139252,122.144,0.845459,0.0
16.0251,0.0137992,121.156,0.801575,0.0
16.0115,0.0137803,121.658,0.824545,0.0
16.0371,0.0140379,121.658,0.806717,0.0
16.0381,0.0135832,121.106,0.830031,0.0
16.0252,0.0138555,122.228,0.832431,0.0
16.031,0.0137777,120.905,0.824888,0.0
16.0342,0.0137781,122.295,0.824888,0.0
16.0345,0.0137577,121.39,0.836202,0.0
16.0355,0.014077,123.065,0.825917,0.0
16.0409,0.0141576,121.256,0.830031,0.0
16.0335,0.0137531,123.082,0.838602,0.0
16.0245,0.0135972,121.139,0.830717,0.0
16.0389,0.0136992,121.658,0.825574,0.0
16.0324,0.0139306,120.838,0.82386,0.0
16.0082,0.0135923,123.183,0.82626,0.0
16.0365,0.0137005,122.261,0.835516,0.0
16.0556,0.0139451,120.972,0.841688,0.0
16.0201,0.0138241,121.524,0.819745,0.0
16.0173,0.0134614,120.972,0.809803,0.0
16.0386,0.013719,122.446,0.828659,0.0
16.0401,0.0141308,120.653,0.826602,0.0
16.0426,0.0136618,121.658,0.831402,0.0
16.0316,0.0138152,121.759,0.82386,0.0
16.0179,0.013888,120.503,0.830717,0.0
16.0132,0.0135382,122.245,0.822145,0.0
16.0234,0.0138262,122.328,0.836888,0.0
16.0433,0.0138022,121.089,0.843745,0.0
16.0185,0.013823,122.295,0.813917,0.0
16.0085,0.0133437,120.938,0.819745,0.0
16.0344,0.0139074,121.223,0.828317,0.0
16.0303,0.0139434,121.792,0.833459,0.0
16.0173,0.0142466,121.575,0.827974,0.0
16.0265,0.0140467,122.362,0.830717,0.0
16.0278,0.0136358,122.982,0.834488,0.0
16.0194,0.0138217,122.998,0.835174,0.0
16.0356,0.013668,121.96,0.825917,0.0
16.0586,0.0135615,122.546,0.84203,0.0
16.0387,0.0136422,122.596,0.820431,0.0
16.0201,0.0136152,121.642,0.81906,0.0
16.0167,0.0138308,123.283,0.808774,0.0
16.0379,0.0137493,121.692,0.836202,0.0
16.0501,0.0140286,122.395,0.827288,0.0
16.0216,0.0140375,122.982,0.823517,0.0
16.015,0.0140093,120.62,0.845802,0.0
16.0375,0.0135116,121.022,0.824545,0.0
16.0354,0.0136738,123.199,0.817346,0.0
16.024,0.0136419,122.178,0.837916,0.0
16.0324,0.0135791,122.496,0.811517,0.0
16.0454,0.0134996,121.524,0.803975,0.0
16.0445,0.0137906,122.647,0.816317,0.0
16.0243,0.0139676,121.441,0.841688,0.0
16.0292,0.0136358,121.91,0.839288,0.0
16.0422,0.013869,122.68,0.817346,0.0
16.0209,0.0138872,121.407,0.830031,0.0
16.0151,0.0137661,121.541,0.806032,0.0
16.0352,0.0139362,122.831,0.829002,0.0
16.0377,0.0136071,122.06,0.81906,0.0
16.0374,0.0136528,122.814,0.823174,0.0
16.0342,0.0138914,121.139,0.824545,0.0
16.0344,0.0136444,123.333,0.837573,0.0
16.0374,0.0140256,121.591,0.84203,0.0
16.033,0.0137866,122.513,0.82626,0.0
16.0389,0.0137204,122.797,0.843402,0.0
16.049,0.0136283,121.173,0.821117,0.0
16.0451,0.0138612,122.178,0.834145,0.0
16.0399,0.0136751,120.988,0.835174,0.0
16.027,0.013691,122.68,0.831745,0.0
16.0159,0.0136079,121.441,0.822831,0.0
16.0298,0.0137786,120.754,0.837573,0.0
16.043,0.0137611,122.764,0.818717,0.0
16.0279,0.0136742,122.161,0.843402,0.0
16.015,0.0135237,121.709,0.834145,0.0
16.0412,0.0135908,122.446,0.838945,0.0
16.0517,0.0140741,121.658,0.834831,0.0
16.0275,0.0138887,123.049,0.848202,0.0
16.0182,0.0136211,121.893,0.813917,0.0
16.0269,0.0138088,121.323,0.819745,0.0
16.0361,0.013756,120.821,0.82146,0.0
16.031,0.0138366,121.524,0.82386,0.0
16.0232,0.0137201,121.323,0.818717,0.0
16.0286,0.01383,121.424,0.833802,0.0
16.0364,0.0138457,122.395,0.814603,0.0
16.0399,0.0138335,121.223,0.827974,0.0
16.0375,0.014275,123.3,0.850259,0.0
16.0333,0.0140489,120.603,0.822488,0.0
16.0436,0.0141214,122.931,0.82146,0.0
16.0462,0.0140566,121.206,0.817003,0.0
16.0268,0.0137185,122.412,0.806717,0.0
16.0301,0.0139206,121.072,0.840316,0.0
16.038,0.0140013,122.127,0.822831,0.0
16.019,0.0137639,122.01,0.825917,0.0
16.0366,0.0137964,120.871,0.815974,0.0
16.039,0.0135638,122.379,0.825231,0.0
16.0262,0.0136212,120.101,0.819745,0.0
16.0413,0.0135728,121.759,0.830374,0.0
16.0387,0.0135999,122.127,0.827631,0.0
16.0396,0.0139717,124.606,0.820431,0.0
16.0506,0.0138892,121.407,0.832774,0.0
16.0473,0.0138978,122.261,0.81426,0.0
16.0514,0.0134933,122.714,0.807746,0.0
16.0586,0.013748,123.434,0.848887,0.0
16.0386,0.0138486,120.503,0.823517,0.0
16.0326,0.0130549,122.998,0.824202,0.0
16.0357,0.0135925,121.323,0.845802,0.0
16.0297,0.0139649,123.099,0.827288,0.0
16.0293,0.01369,121.524,0.820088,0.0
16.0264,0.0136285,122.647,0.840316,0.0
16.0331,0.0138522,121.591,0.847859,0.0
16.0377,0.0136546,120.787,0.817688,0.0
16.0311,0.0141166,122.111,0.82626,0.0
16.0364,0.0141042,123.132,0.814946,0.0
16.055,0.014005,120.486,0.812203,0.0
16.0536,0.0137406,122.647,0.820774,0.0
16.0334,0.0133749,121.273,0.819403,0.0
16.0378,0.0137987,121.993,0.830031,0.0
16.0268,0.0138826,121.256,0.856087,0.0
15.9984,0.0139617,122.429,0.834488,0.0
16.029,0.0138377,121.29,0.839288,0.0
16.0398,0.0139122,121.843,0.828317,0.0
16.0133,0.0135061,121.541,0.824888,0.0
16.023,0.0134065,122.261,0.821803,0.0
16.05,0.0139984,123.132,0.822831,0.0
16.0597,0.0136197,121.457,0.832774,0.0
16.0462,0.0137968,122.881,0.834488,0.0
16.0217,0.0135274,122.06,0.839631,0.0
16.038,0.0137843,122.513,0.803632,0.0
16.0467,0.0141262,122.044,0.845116,0.0
16.0314,0.0137931,123.551,0.830031,0.0
16.0409,0.0137775,122.211,0.854716,0.0
16.0411,0.0138232,122.178,0.809803,0.0
16.0263,0.0141304,121.273,0.834488,0.0
16.0273,0.013771,121.792,0.807746,0.0
16.0124,0.0136607,122.295,0.81666,0.0
16.0124,0.0138933,121.792,0.838259,0.0
16.0332,0.0136929,121.809,0.825917,0.0
16.0241,0.0137093,122.462,0.818374,0.0
16.0213,0.0141006,121.508,0.821803,0.0
16.0187,0.014015,122.06,0.863287,0.0
16.0289,0.0135153,121.792,0.817688,0.0
16.0339,0.0139432,123.216,0.82386,0.0
16.0124,0.0137431,121.675,0.820088,0.0
16.0263,0.0137643,122.211,0.835859,0.0
16.0338,0.0139409,121.876,0.829345,0.0
16.0199,0.0137876,121.843,0.827974,0.0
16.0317,0.0137812,121.776,0.835859,0.0
16.0402,0.0140917,123.819,0.821117,0.0
16.0394,0.0140641,122.563,0.827974,0.0
16.0476,0.0137614,121.575,0.81906,0.0
16.0445,0.0138716,122.663,0.814946,0.0
16.0438,0.0138177,123.032,0.82626,0.0
16.0442,0.0136993,121.508,0.841002,0.0
16.0103,0.0140889,122.01,0.803975,0.0
16.0189,0.0137392,122.546,0.801917,0.0
16.0464,0.0132961,122.948,0.815631,0.0
16.0366,0.01384,122.663,0.807746,0.0
16.0369,0.0138495,121.508,0.833802,0.0
16.0363,0.0136426,122.563,0.824888,0.0
16.03,0.0134151,121.122,0.841002,0.0
16.0468,0.0138207,121.323,0.827631,0.0
16.0273,0.0135288,121.441,0.832088,0.0
15.9972,0.0138465,123.3,0.833459,0.0
16.0146,0.01372,122.094,0.829002,0.0
16.0339,0.0134365,122.094,0.831402,0.0
16.0381,0.0135154,121.709,0.830717,0.0
16.0324,0.0138525,121.709,0.829002,0.0
16.034,0.0140107,121.206,0.818374,0.0
16.0573,0.0138478,122.68,0.817688,0.0
16.0395,0.0139833,121.943,0.840316,0.0
16.0095,0.0136575,121.625,0.826602,0.0
16.0362,0.0137714,122.278,0.836202,0.0
16.0516,0.0138926,121.558,0.826602,0.0
16.0342,0.0137926,122.546,0.81666,0.0
16.0495,0.013568,121.39,0.830374,0.0
16.036,0.0137395,121.876,0.831059,0.0
16.0131,0.0136429,122.697,0.830374,0.0
16.0313,0.0135857,121.859,0.850945,0.0
16.0255,0.0134004,122.228,0.819403,0.0
16.0182,0.0134914,120.704,0.801232,0.0
16.0344,0.0138384,120.503,0.847859,0.0
16.0285,0.0136722,121.692,0.801575,0.0
16.0181,0.0136619,121.792,0.820088,0.0
16.0232,0.0139296,120.737,0.839288,0.0
16.0237,0.0139814,122.73,0.826602,0.0
16.0151,0.0138982,122.044,0.84203,0.0
16.0272,0.0137512,124.255,0.828659,0.0
16.0565,0.0136925,122.898,0.847859,0.0
16.0444,0.0137067,122.027,0.834145,0.0
16.024,0.0141887,121.859,0.835859,0.0
16.0279,0.0135338,121.591,0.825917,0.0
16.0308,0.0138159,121.859,0.824202,0.0
16.0479,0.0134155,122.998,0.84203,0.0
16.0587,0.013772,123.568,0.833459,0.0
16.0407,0.0136799,120.251,0.804317,0.0
16.0323,0.0138519,121.474,0.813917,0.0
16.0243,0.0134562,122.663,0.817346,0.0
16.0241,0.0137511,123.065,0.820774,0.0
16.0422,0.0140636,121.826,0.839288,0.0
16.0268,0.0138597,122.228,0.847516,0.0
16.0321,0.013981,120.302,0.830374,0.0
16.0483,0.0140596,121.826,0.824202,0.0
16.0188,0.0139305,121.709,0.831402,0.0
16.0224,0.0136373,121.424,0.829002,0.0
16.0422,0.0134327,123.735,0.848202,0.0
16.0459,0.0140104,122.295,0.845116,0.0
16.0345,0.0137816,122.161,0.837916,0.0
15.9968,0.0138871,121.993,0.838602,0.0
15.9838,0.0136281,121.759,0.844773,0.0
16.0167,0.0139032,121.776,0.833802,0.0
16.0421,0.0139277,121.491,0.837573,0.0
16.035,0.0136862,122.194,0.829688,0.0
16.0331,0.0140218,121.491,0.823174,0.0
16.0464,0.0137702,122.094,0.823174,0.0
16.0413,0.0138068,122.228,0.827631,0.0
16.0396,0.0138478,121.943,0.859173,0.0
16.0293,0.0137352,122.513,0.830717,0.0
16.0275,0.013955,121.374,0.820088,0.0
16.0441,0.0136334,121.859,0.82626,0.0
16.0504,0.0137775,122.982,0.82146,0.0
16.0419,0.013696,121.809,0.82146,0.0
16.0241,0.0139857,120.369,0.815631,0.0
16.0327,0.0136545,122.797,0.799175,0.0
16.0458,0.0140003,121.307,0.849573,0.0
16.0344,0.0137967,120.57,0.834488,0.0
16.0411,0.0138376,120.67,0.836888,0.0
16.0415,0.0138315,121.843,0.833116,0.0
16.0145,0.0133693,123.451,0.843745,0.0
16.0254,0.0136281,121.223,0.822488,0.0
16.0354,0.0137135,122.127,0.829345,0.0
16.0347,0.0,121.977,0.0,0.0
16.0338,0.0,121.457,0.0,0.0
16.0338,0.0,122.429,0.0,0.0
16.0564,0.0,121.625,0.0,0.0
16.0537,0.0,121.575,0.0,0.0
16.0347,0.0,122.362,0.0,0.0
16.0495,0.0,122.747,0.0,0.0
16.0561,0.0,121.491,0.0,0.0
16.0397,0.0,122.831,0.0,0.0
16.0355,0.0,122.948,0.0,0.0
16.047,0.0,122.312,0.0,0.0
16.0468,0.0,121.24,0.0,0.0
16.0348,0.0,121.307,0.0,0.0
16.0476,0.0,122.881,0.0,0.0
16.0525,0.0,121.441,0.0,0.0
16.0132,0.0,120.955,0.0,0.0
16.0115,0.0,123.601,0.0,0.0
16.0293,0.0,120.771,0.0,0.0
16.0263,0.0,121.91,0.0,0.0
16.039,0.0,122.831,0.0,0.0
16.0151,0.0,122.73,0.0,0.0
16.0098,0.0,121.91,0.0,0.0
16.0391,0.0,121.173,0.0,0.0
16.0252,0.0,121.675,0.0,0.0
16.0193,0.0,121.776,0.0,0.0
16.0407,0.0,121.156,0.0,0.0
16.0284,0.0,121.173,0.0,0.0
16.0146,0.0,123.065,0.0,0.0
16.0326,0.0,122.58,0.0,0.0
16.0552,0.0,123.25,0.0,0.0
16.0472,0.0,121.223,0.0,0.0
16.0207,0.0,121.441,0.0,0.0
16.0318,0.0,122.245,0.0,0.0
16.0466,0.0,122.831,0.0,0.0
16.0322,0.0,122.245,0.0,0.0
16.0411,0.0,123.551,0.0,0.0
16.0648,0.0,123.618,0.0,0.0
16.0348,0.0,120.804,0.0,0.0
16.0172,0.0,122.295,0.0,0.0
16.071,0.0,123.317,0.0,0.0
16.0793,0.0,122.63,0.0,0.0
16.0292,0.0,122.06,0.0,0.0
16.0196,0.0,123.451,0.0,0.0
16.0252,0.0,121.876,0.0,0.0
15.9975,0.0,122.412,0.0,0.0
16.0057,0.0,121.96,0.0,0.0
16.0358,0.0,121.558,0.0,0.0
16.0099,0.0,121.122,0.0,0.0
15.9984,0.0,122.144,0.0,0.0
16.041,0.0,121.709,0.0,0.0
16.0378,0.0,121.943,0.0,0.0
16.0247,0.0,123.652,0.0,0.0
16.0442,0.0,120.871,0.0,0.0
16.0247,0.0,121.943,0.0,0.0
16.0113,0.0,122.496,0.0,0.0
16.0302,0.0,120.369,0.0,0.0
16.0128,0.0,118.928,0.0,0.0
15.9808,0.0,120.754,0.0,0.0
16.0006,0.0,121.441,0.0,0.0
16.0376,0.0,123.501,0.0,0.0
16.033,0.0,122.328,0.0,0.0
16.015,0.0,123.936,0.0,0.0
16.0326,0.0,121.792,0.0,0.0
16.0493,0.0,122.362,0.0,0.0
16.043,0.0,121.474,0.0,0.0
16.0305,0.0,121.776,0.0,0.0
16.022,0.0,122.044,0.0,0.0
16.0292,0.0,122.446,0.0,0.0
16.047,0.0,121.96,0.0,0.0
16.0376,0.0,121.307,0.0,0.0
16.0268,0.0,121.809,0.0,0.0
16.0435,0.0,121.926,0.0,0.0
16.0263,0.0,120.704,0.0,0.0
16.012,0.0,121.675,0.0,0.0
16.0294,0.0,122.58,0.0,0.0
16.0397,0.0,121.374,0.0,0.0
16.04,0.0,122.044,0.0,0.0
16.0454,0.0,122.228,0.0,0.0
16.0327,0.0,120.436,0.0,0.0
16.0148,0.0,123.049,0.0,0.0
16.022,0.0,122.194,0.0,0.0
16.0216,0.0,122.01,0.0,0.0
16.0313,0.0,123.049,0.0,0.0
16.0474,0.0,120.687,0.0,0.0
16.038,0.0,123.501,0.0,0.0
16.0358,0.0,124.137,0.0,0.0
16.0467,0.0,120.586,0.0,0.0
16.0349,0.0,122.094,0.0,0.0
16.007,0.0,122.312,0.0,0.0
16.0288,0.0,122.077,0.0,0.0
16.0558,0.0,121.893,0.0,0.0
16.03,0.0,122.228,0.0,0.0
16.0131,0.0,120.704,0.0,0.0
16.0167,0.0,120.519,0.0,0.0
16.024,0.0,122.362,0.0,0.0
16.0346,0.0,122.094,0.0,0.0
16.0363,0.0,123.116,0.0,0.0
16.0342,0.0,122.68,0.0,0.0
16.0247,0.0,120.335,0.0,0.0
16.0107,0.0,123.149,0.0,0.0
16.0001,0.0,122.211,0.0,0.0
16.0273,0.0,121.491,0.0,0.0
16.0523,0.0,122.211,0.0,0.0
16.0484,0.0,122.362,0.0,0.0
16.0261,0.0,121.106,0.0,0.0
16.0038,0.0,121.139,0.0,0.0
16.0184,0.0,121.39,0.0,0.0
16.0493,0.0,120.771,0.0,0.0
16.0476,0.0,122.529,0.0,0.0
16.0367,0.0,122.01,0.0,0.0
16.0347,0.0,122.379,0.0,0.0
16.0219,0.0,122.395,0.0,0.0
16.0223,0.0,121.709,0.0,0.0
16.0262,0.0,121.625,0.0,0.0
16.0125,0.0,121.943,0.0,0.0
16.0026,0.0,120.62,0.0,0.0
16.0207,0.0,121.29,0.0,0.0
16.0518,0.0,122.211,0.0,0.0
16.032,0.0,121.826,0.0,0.0
16.0251,0.0,121.591,0.0,0.0
16.0328,0.0,122.261,0.0,0.0
16.0249,0.0,121.675,0.0,0.0
16.0342,0.0,122.312,0.0,0.0
16.0421,0.0,122.446,0.0,0.0
16.0445,0.0,122.462,0.0,0.0
16.0524,0.0,122.312,0.0,0.0
16.052,0.0,121.34,0.0,0.0
16.0374,0.0,123.802,0.0,0.0
16.0172,0.0,122.764,0.0,0.0
16.0275,0.0,122.194,0.0,0.0
16.0184,0.0,120.687,0.0,0.0
16.0314,0.0,123.132,0.0,0.0
16.0623,0.0,121.725,0.0,0.0
16.0344,0.0,122.278,0.0,0.0
16.0253,0.0,122.563,0.0,0.0
16.0679,0.0,120.888,0.0,0.0
16.0615,0.0,122.864,0.0,0.0
16.029,0.0,121.256,0.0,0.0
16.0383,0.0,122.513,0.0,0.0
16.059,0.0,121.223,0.0,0.0
16.0647,0.0,123.367,0.0,0.0
16.0563,0.0,121.826,0.0,0.0
16.0517,0.0,122.848,0.0,0.0
16.0697,0.0,121.558,0.0,0.0
16.0607,0.0,121.307,0.0,0.0
16.0421,0.0,121.926,0.0,0.0
16.0527,0.0,121.039,0.0,0.0
16.0311,0.0,121.089,0.0,0.0
16.0122,0.0,121.608,0.0,0.0
16.0303,0.0,122.496,0.0,0.0
16.0433,0.0,121.859,0.0,0.0
16.0438,0.0,122.647,0.0,0.0
16.0148,0.0,121.005,0.0,0.0
16.0061,0.0,122.63,0.0,0.0
16.0346,0.0,122.479,0.0,0.0
16.022,0.0,122.58,0.0,0.0
16.0125,0.0,122.144,0.0,0.0
16.0408,0.0,121.055,0.0,0.0
16.036,0.0,120.486,0.0,0.0
16.0162,0.0,122.881,0.0,0.0
16.0407,0.0,120.0,0.0,0.0
16.0345,0.0,120.05,0.0,0.0
16.0317,0.0,122.06,0.0,0.0
16.0491,0.0,122.412,0.0,0.0
16.0102,0.0,121.256,0.0,0.0
15.9854,0.0,120.888,0.0,0.0
16.0409,0.0,120.854,0.0,0.0
16.0608,0.0,122.345,0.0,0.0
16.0181,0.0,120.519,0.0,0.0
16.0092,0.0,122.58,0.0,0.0
16.0171,0.0,122.596,0.0,0.0
16.0187,0.0,122.429,0.0,0.0
16.0337,0.0,120.921,0.0,0.0
16.0287,0.0,121.474,0.0,0.0
16.011,0.0,121.307,0.0,0.0
16.0035,0.0,122.697,0.0,0.0
16.0247,0.0,121.156,0.0,0.0
16.0436,0.0,122.546,0.0,0.0
16.0424,0.0,121.709,0.0,0.0
16.031,0.0,121.859,0.0,0.0
16.0267,0.0,122.663,0.0,0.0
16.026,0.0,121.759,0.0,0.0
16.0198,0.0,121.508,0.0,0.0
16.0295,0.0,121.826,0.0,0.0
16.035,0.0,121.591,0.0,0.0
16.0155,0.0,121.256,0.0,0.0
16.0172,0.0,121.508,0.0,0.0
16.044,0.0,120.419,0.0,0.0
16.0419,0.0,122.412,0.0,0.0
16.04,0.0,122.194,0.0,0.0
16.0419,0.0,122.848,0.0,0.0
16.0372,0.0,121.575,0.0,0.0
16.0235,0.0,122.697,0.0,0.0
16.0223,0.0,121.96,0.0,0.0
16.036,0.0,122.965,0.0,0.0
16.0285,0.0,122.663,0.0,0.0
16.0177,0.0,122.328,0.0,0.0
16.0323,0.0,120.385,0.0,0.0
16.0504,0.0,122.496,0.0,0.0
16.0452,0.0,121.173,0.0,0.0
16.0242,0.0,121.742,0.0,0.0
16.0248,0.0,121.776,0.0,0.0
16.0344,0.0,122.596,0.0,0.0
16.0364,0.0,123.668,0.0,0.0
16.0423,0.0,121.29,0.0,0.0
16.0484,0.0,123.266,0.0,0.0
16.0311,0.0,122.479,0.0,0.0
16.0224,0.0,121.96,0.0,0.0
16.0291,0.0,121.709,0.0,0.0
16.0386,0.0,120.938,0.0,0.0
16.0281,0.0,122.077,0.0,0.0
16.0074,0.0,121.575,0.0,0.0
16.0218,0.0,122.747,0.0,0.0
16.0338,0.0,121.189,0.0,0.0
16.0248,0.0,123.333,0.0,0.0
16.0171,0.0,121.859,0.0,0.0
16.0174,0.0,122.764,0.0,0.0
16.0399,0.0,122.111,0.0,0.0
16.0415,0.0,121.725,0.0,0.0
16.0163,0.0,120.955,0.0,0.0
16.0157,0.0,121.96,0.0,0.0
16.0211,0.0,120.452,0.0,0.0
16.0068,0.0,121.759,0.0,0.0
16.0306,0.0,121.072,0.0,0.0
16.0427,0.0,121.776,0.0,0.0
16.032,0.0,121.625,0.0,0.0
16.0415,0.0,122.915,0.0,0.0
16.0468,0.0,121.776,0.0,0.0
16.0303,0.0,121.96,0.0,0.0
16.0269,0.0,121.374,0.0,0.0
16.0468,0.0,123.183,0.0,0.0
16.0467,0.0,120.737,0.0,0.0
16.0384,0.0,122.546,0.0,0.0
16.0384,0.0,121.792,0.0,0.0
16.0402,0.0,122.228,0.0,0.0
16.0381,0.0,122.797,0.0,0.0
16.0457,0.0,123.35,0.0,0.0
16.0608,0.0,121.541,0.0,0.0
16.0417,0.0,122.127,0.0,0.0
16.0259,0.0,121.139,0.0,0.0
16.0201,0.0,121.575,0.0,0.0
16.0075,0.0,118.308,0.0,0.0
16.0287,0.0,122.345,0.0,0.0
16.0473,0.0,121.658,0.0,0.0
16.0316,0.0,120.905,0.0,0.0
16.026,0.0,121.792,0.0,0.0
16.0156,0.0,121.993,0.0,0.0
16.0068,0.0,123.35,0.0,0.0
16.0264,0.0,122.312,0.0,0.0
16.025,0.0,122.998,0.0,0.0
16.0065,0.0,122.429,0.0,0.0
15.9978,0.0,122.529,0.0,0.0
16.0052,0.0,122.228,0.0,0.0
16.0368,0.0,122.261,0.0,0.0
16.0523,0.0,122.898,0.0,0.0
16.0383,0.0,120.603,0.0,0.0
16.0383,0.0,121.625,0.0,0.0
16.0283,0.0,121.642,0.0,0.0
16.0129,0.0,121.625,0.0,0.0
16.0357,0.0,120.821,0.0,0.0
16.0469,0.0,123.384,0.0,0.0
16.0616,0.0,121.926,0.0,0.0
16.0536,0.0,122.261,0.0,0.0
16.0262,0.0,123.032,0.0,0.0
16.0372,0.0,122.747,0.0,0.0
16.0244,0.0,121.374,0.0,0.0
15.9969,0.0,121.541,0.0,0.0
16.0158,0.0,119.966,0.0,0.0
16.0299,0.0,122.513,0.0,0.0
16.0142,0.0,120.436,0.0,0.0
16.0303,0.0,122.831,0.0,0.0
16.0587,0.0,121.575,0.0,0.0
16.0568,0.0,122.63,0.0,0.0
16.0498,0.0,122.496,0.0,0.0
16.042,0.0,123.049,0.0,0.0
16.0321,0.0,122.228,0.0,0.0
16.0293,0.0,121.139,0.0,0.0
16.0365,0.0,122.01,0.0,0.0
16.0195,0.0,121.642,0.0,0.0
15.9948,0.0,120.302,0.0,0.0
16.0203,0.0,121.993,0.0,0.0
16.0357,0.0,120.72,0.0,0.0
16.0152,0.0,122.513,0.0,0.0
16.0293,0.0,122.663,0.0,0.0
16.0519,0.0,122.68,0.0,0.0
16.0453,0.0,122.178,0.0,0.0
16.0391,0.0,122.395,0.0,0.0
16.0183,0.0,120.905,0.0,0.0
16.011,0.0,122.462,0.0,0.0
16.0376,0.0,122.948,0.0,0.0
16.041,0.0,121.742,0.0,0.0
16.0293,0.0,122.144,0.0,0.0
16.0185,0.0,121.156,0.0,0.0
16.0082,0.0,122.111,0.0,0.0
16.0114,0.0,120.988,0.0,0.0
16.0321,0.0,122.563,0.0,0.0
16.0553,0.0,121.759,0.0,0.0
16.0412,0.0,121.089,0.0,0.0
16.0297,0.0,121.843,0.0,0.0
16.0362,0.0,121.675,0.0,0.0
16.0254,0.0,122.261,0.0,0.0
16.0147,0.0,121.256,0.0,0.0
16.0378,0.0,120.972,0.0,0.0
16.0473,0.0,122.194,0.0,0.0
16.0394,0.0,121.859,0.0,0.0
16.0308,0.0,122.814,0.0,0.0
16.0159,0.0,120.62,0.0,0.0
16.0262,0.0,121.457,0.0,0.0
16.0406,0.0,121.642,0.0,0.0
16.037,0.0,123.199,0.0,0.0
16.0212,0.0,121.307,0.0,0.0
16.0247,0.0,121.524,0.0,0.0
16.0326,0.0,122.496,0.0,0.0
16.0268,0.0,123.601,0.0,0.0
16.0354,0.0,121.441,0.0,0.0
16.0528,0.0,122.379,0.0,0.0
16.0228,0.0,121.876,0.0,0.0
15.9835,0.0,119.866,0.0,0.0
16.0155,0.0,122.479,0.0,0.0
16.0372,0.0,121.608,0.0,0.0
16.006,0.0,122.178,0.0,0.0
16.0177,0.0,121.709,0.0,0.0
16.0231,0.0,122.228,0.0,0.0
16.0197,0.0,121.441,0.0,0.0
16.0463,0.0,121.508,0.0,0.0
16.0513,0.0,121.96,0.0,0.0
16.0235,0.0,122.194,0.0,0.0
16.0246,0.0,121.843,0.0,0.0
16.0423,0.0,122.446,0.0,0.0
16.0245,0.0,121.658,0.0,0.0
16.0162,0.0,122.379,0.0,0.0
16.0367,0.0,121.776,0.0,0.0
16.0323,0.0,121.357,0.0,0.0
16.0228,0.0,121.859,0.0,0.0
16.0359,0.0,121.843,0.0,0.0
16.0521,0.0,122.228,0.0,0.0
16.0423,0.0,121.859,0.0,0.0
16.0239,0.0,121.206,0.0,0.0
16.0285,0.0,121.809,0.0,0.0
16.0375,0.0,121.642,0.0,0.0
16.015,0.0,122.714,0.0,0.0
16.0221,0.0,122.295,0.0,0.0
16.0392,0.0,121.809,0.0,0.0
16.0326,0.0,122.328,0.0,0.0
16.0327,0.0,121.24,0.0,0.0
16.0273,0.0,122.898,0.0,0.0
16.0334,0.0,122.111,0.0,0.0
16.0342,0.0,121.34,0.0,0.0
16.0334,0.0,121.206,0.0,0.0
16.029,0.0,121.541,0.0,0.0
16.0236,0.0,122.58,0.0,0.0
16.0305,0.0,121.709,0.0,0.0
16.028,0.0,121.709,0.0,0.0
16.0286,0.0,121.524,0.0,0.0
16.0285,0.0,121.993,0.0,0.0
16.0424,0.0,122.395,0.0,0.0
16.0596,0.0,120.0,0.0,0.0
16.0269,0.0,121.709,0.0,0.0
16.0145,0.0,122.245,0.0,0.0
16.0492,0.0,121.943,0.0,0.0
16.0501,0.0,121.34,0.0,0.0
16.03,0.0,121.508,0.0,0.0
16.0232,0.0,123.4,0.0,0.0
16.0284,0.0,120.754,0.0,0.0
16.0252,0.0,121.474,0.0,0.0
16.0131,0.0,123.116,0.0,0.0
16.0266,0.0,120.268,0.0,0.0
16.0298,0.0,122.797,0.0,0.0
16.0266,0.0,123.585,0.0,0.0
16.0322,0.0,121.206,0.0,0.0
16.016,0.0,121.826,0.0,0.0
16.0315,0.0,121.625,0.0,0.0
16.0515,0.0,121.608,0.0,0.0
16.0427,0.0,121.809,0.0,0.0
16.0313,0.0,121.809,0.0,0.0
16.0284,0.0,121.223,0.0,0.0
16.034,0.0,122.429,0.0,0.0
16.0309,0.0,122.127,0.0,0.0
16.0241,0.0,122.864,0.0,0.0
16.047,0.0,121.424,0.0,0.0
16.0462,0.0,123.049,0.0,0.0
16.0193,0.0,121.089,0.0,0.0
16.0336,0.0,121.859,0.0,0.0
16.0452,0.0,121.876,0.0,0.0
16.0383,0.0,122.06,0.0,0.0
16.0415,0.0,122.194,0.0,0.0
16.0464,0.0,123.484,0.0,0.0
16.0463,0.0,121.441,0.0,0.0
16.0387,0.0,122.596,0.0,0.0
16.0299,0.0,123.35,0.0,0.0
16.0239,0.0,121.457,0.0,0.0
16.0194,0.0,121.792,0.0,0.0
16.0217,0.0,122.01,0.0,0.0
16.0285,0.0,121.993,0.0,0.0
16.0098,0.0,121.173,0.0,0.0
15.9995,0.0,121.96,0.0,0.0
16.0303,0.0,123.4,0.0,0.0
16.038,0.0,122.127,0.0,0.0
16.0371,0.0,122.044,0.0,0.0
16.0447,0.0,120.72,0.0,0.0
16.0222,0.0,121.91,0.0,0.0
16.0252,0.0,122.194,0.0,0.0
16.0356,0.0,122.077,0.0,0.0
16.0365,0.0,121.022,0.0,0.0
16.0593,0.0,122.613,0.0,0.0
16.0487,0.0,122.68,0.0,0.0
16.0314,0.0,122.111,0.0,0.0
16.0378,0.0,120.988,0.0,0.0
16.0405,0.0,121.658,0.0,0.0
16.0447,0.0,120.034,0.0,0.0
16.0519,0.0,121.524,0.0,0.0
16.0366,0.0,121.742,0.0,0.0
16.0266,0.0,120.921,0.0,0.0
16.0209,0.0,120.921,0.0,0.0
16.0058,0.0,121.809,0.0,0.0
16.0124,0.0,121.173,0.0,0.0
16.0242,0.0,122.647,0.0,0.0
16.0413,0.0,121.96,0.0,0.0
16.0422,0.0,121.407,0.0,0.0
16.0194,0.0,121.039,0.0,0.0
16.019,0.0,121.139,0.0,0.0
16.0242,0.0,122.982,0.0,0.0
16.0285,0.0,120.235,0.0,0.0
16.0281,0.0,121.977,0.0,0.0
16.0284,0.0,121.876,0.0,0.0
16.0347,0.0,122.144,0.0,0.0
16.0274,0.0,121.223,0.0,0.0
16.0065,0.0,122.144,0.0,0.0
16.0093,0.0,121.792,0.0,0.0
16.0345,0.0,120.402,0.0,0.0
16.0263,0.0,122.931,0.0,0.0
16.0284,0.0,122.144,0.0,0.0
16.0342,0.0,122.127,0.0,0.0
16.0419,0.0,122.228,0.0,0.0
16.0536,0.0,122.06,0.0,0.0
16.0348,0.0,121.977,0.0,0.0
16.0206,0.0,122.663,0.0,0.0
16.0041,0.0,120.05,0.0,0.0
16.004,0.0,122.948,0.0,0.0
16.05,0.0,120.737,0.0,0.0
16.0544,0.0,122.747,0.0,0.0
16.0351,0.0,121.156,0.0,0.0
16.0412,0.0,121.977,0.0,0.0
16.0283,0.0,122.345,0.0,0.0
16.0184,0.0,122.027,0.0,0.0
16.0154,0.0,120.184,0.0,0.0
16.0086,0.0,122.529,0.0,0.0
16.0292,0.0,122.513,0.0,0.0
16.0373,0.0,123.4,0.0,0.0
16.0228,0.0,121.005,0.0,0.0
16.0195,0.0,123.065,0.0,0.0
16.0247,0.0,121.407,0.0,0.0
16.0389,0.0,122.513,0.0,0.0
16.042,0.0,120.821,0.0,0.0
16.0154,0.0,121.575,0.0,0.0
16.0013,0.0,121.591,0.0,0.0
16.0061,0.0,121.474,0.0,0.0
15.9958,0.0,121.658,0.0,0.0
16.017,0.0,122.58,0.0,0.0
16.0486,0.0,121.993,0.0,0.0
16.0452,0.0,123.049,0.0,0.0
16.0342,0.0,120.117,0.0,0.0
16.0412,0.0,122.781,0.0,0.0
16.0387,0.0,122.379,0.0,0.0
16.0378,0.0,121.156,0.0,0.0
16.0474,0.0,122.312,0.0,0.0
16.0483,0.0,121.625,0.0,0.0
16.0318,0.0,122.965,0.0,0.0
16.031,0.0,121.759,0.0,0.0
16.0354,0.0,122.412,0.0,0.0
16.0473,0.0,122.965,0.0,0.0
16.0463,0.0,121.089,0.0,0.0
16.0291,0.0,121.156,0.0,0.0
16.039,0.0,122.211,0.0,0.0
16.0417,0.0,121.206,0.0,0.0
16.02,0.0,123.3,0.0,0.0
16.0322,0.0,120.05,0.0,0.0
16.0355,0.0,122.245,0.0,0.0
16.0227,0.0,122.194,0.0,0.0
16.0337,0.0,121.843,0.0,0.0
16.0374,0.0,123.333,0.0,0.0
16.0327,0.0,122.161,0.0,0.0
16.0054,0.0,121.859,0.0,0.0
15.9887,0.0,120.117,0.0,0.0
16.0207,0.0,122.111,0.0,0.0
16.0302,0.0,121.792,0.0,0.0
16.0331,0.0,122.077,0.0,0.0
16.0536,0.0,123.384,0.0,0.0
16.0383,0.0,122.395,0.0,0.0
16.0174,0.0,120.888,0.0,0.0
16.0272,0.0,120.905,0.0,0.0
16.0131,0.0,121.826,0.0,0.0
16.0199,0.0,122.529,0.0,0.0
16.0541,0.0,122.312,0.0,0.0
16.0386,0.0,120.586,0.0,0.0
16.022,0.0,121.608,0.0,0.0
16.0212,0.0,121.809,0.0,0.0
16.0257,0.0,121.675,0.0,0.0
16.0535,0.0,121.876,0.0,0.0
16.0608,0.0,119.983,0.0,0.0
16.0333,0.0,123.199,0.0,0.0
16.0243,0.0,120.754,0.0,0.0
16.0364,0.0,121.792,0.0,0.0
16.0161,0.0,121.977,0.0,0.0
16.0212,0.0,122.797,0.0,0.0
16.0555,0.0,121.34,0.0,0.0
16.047,0.0,122.261,0.0,0.0
16.0423,0.0,122.077,0.0,0.0
16.0371,0.0,121.591,0.0,0.0
16.0231,0.0,121.658,0.0,0.0
16.0376,0.0,122.714,0.0,0.0
16.0595,0.0,121.943,0.0,0.0
16.0536,0.0,121.658,0.0,0.0
16.0332,0.0,122.127,0.0,0.0
16.0371,0.0,122.429,0.0,0.0
16.0603,0.0,122.127,0.0,0.0
16.0503,0.0,123.685,0.0,0.0
16.03,0.0,120.687,0.0,0.0
16.0261,0.0,122.647,0.0,0.0
16.0262,0.0,122.178,0.0,0.0
16.0301,0.0,121.926,0.0,0.0
16.0346,0.0,122.848,0.0,0.0
16.0355,0.0,121.742,0.0,0.0
16.05,0.0,120.938,0.0,0.0
16.0605,0.0,123.819,0.0,0.0
16.0405,0.0,122.094,0.0,0.0
16.0385,0.0,121.809,0.0,0.0
16.0574,0.0,120.352,0.0,0.0
16.0315,0.0,123.283,0.0,0.0
16.0183,0.0,121.474,0.0,0.0
16.0496,0.0,123.568,0.0,0.0
16.033,0.0,122.613,0.0,0.0
16.0057,0.0,122.395,0.0,0.0
16.0314,0.0,122.228,0.0,0.0
16.0461,0.0,121.441,0.0,0.0
16.0347,0.0,121.558,0.0,0.0
16.031,0.0,120.084,0.0,0.0
16.0381,0.0,122.362,0.0,0.0
16.0318,0.0,123.769,0.0,0.0
16.0269,0.0,120.921,0.0,0.0
16.0416,0.0,122.462,0.0,0.0
16.0579,0.0,121.826,0.0,0.0
16.0603,0.0,121.859,0.0,0.0
16.0425,0.0,122.127,0.0,0.0
16.0276,0.0,122.596,0.0,0.0
16.032,0.0,121.843,0.0,0.0
16.0389,0.0,121.709,0.0,0.0
16.0393,0.0,123.752,0.0,0.0
16.0384,0.0,121.893,0.0,0.0
16.0441,0.0,122.094,0.0,0.0
16.0403,0.0,121.424,0.0,0.0
16.0268,0.0,121.273,0.0,0.0
16.0249,0.0,122.161,0.0,0.0
16.0308,0.0,122.06,0.0,0.0
16.0406,0.0,121.859,0.0,0.0
16.0364,0.0,123.719,0.0,0.0
16.0162,0.0,121.893,0.0,0.0
16.0085,0.0,123.099,0.0,0.0
16.02,0.0,122.295,0.0,0.0
16.0281,0.0,121.943,0.0,0.0
16.0397,0.0,119.983,0.0,0.0
16.0378,0.0,121.591,0.0,0.0
16.0298,0.0,123.015,0.0,0.0
16.0259,0.0,123.317,0.0,0.0
16.0209,0.0,121.424,0.0,0.0
16.009,0.0,122.362,0.0,0.0
16.0108,0.0,122.697,0.0,0.0
16.0496,0.0,122.077,0.0,0.0
16.0609,0.0,122.362,0.0,0.0
16.0444,0.0,122.111,0.0,0.0
16.04,0.0,121.541,0.0,0.0
16.0269,0.0,121.374,0.0,0.0
16.0339,0.0,122.563,0.0,0.0
16.0482,0.0,122.06,0.0,0.0
16.0406,0.0,122.278,0.0,0.0
16.016,0.0,122.245,0.0,0.0
16.0296,0.0,122.848,0.0,0.0
16.0692,0.0,121.675,0.0,0.0
16.0533,0.0,122.261,0.0,0.0
16.0391,0.0,121.709,0.0,0.0
16.0336,0.0,122.345,0.0,0.0
16.0193,0.0,121.859,0.0,0.0
16.0251,0.0,122.379,0.0,0.0
16.0429,0.0,123.702,0.0,0.0
16.0552,0.0,121.441,0.0,0.0
16.0351,0.0,121.91,0.0,0.0
16.0161,0.0,121.441,0.0,0.0
16.0094,0.0,122.446,0.0,0.0
16.0057,0.0,121.792,0.0,0.0
16.032,0.0,120.0,0.0,0.0
16.0311,0.0,121.759,0.0,0.0
16.0029,0.0,121.189,0.0,0.0
16.0184,0.0,122.73,0.0,0.0
16.0281,0.0,120.871,0.0,0.0
16.018,0.0,120.553,0.0,0.0
16.0275,0.0,120.787,0.0,0.0
16.0318,0.0,121.96,0.0,0.0
16.0333,0.0,122.864,0.0,0.0
16.0386,0.0,122.345,0.0,0.0
16.0403,0.0,122.111,0.0,0.0
16.0116,0.0,122.278,0.0,0.0
15.9995,0.0,121.223,0.0,0.0
16.0257,0.0,122.714,0.0,0.0
16.0328,0.0,122.278,0.0,0.0
16.0413,0.0,123.183,0.0,0.0
16.0569,0.0,123.333,0.0,0.0
16.0435,0.0,122.446,0.0,0.0
16.0251,0.0,121.457,0.0,0.0
16.041,0.0,121.558,0.0,0.0
16.0462,0.0,120.72,0.0,0.0
16.0337,0.0,121.675,0.0,0.0
16.032,0.0,120.519,0.0,0.0
16.0337,0.0,120.905,0.0,0.0
16.0341,0.0,121.39,0.0,0.0
16.0382,0.0,122.312,0.0,0.0
16.0262,0.0,122.06,0.0,0.0
16.0155,0.0,122.479,0.0,0.0
16.0327,0.0,121.943,0.0,0.0
16.0492,0.0,121.223,0.0,0.0
16.0434,0.0,121.189,0.0,0.0
16.0387,0.0,120.821,0.0,0.0
16.0484,0.0,121.642,0.0,0.0
16.0375,0.0,122.563,0.0,0.0
16.0332,0.0,120.653,0.0,0.0
16.0293,0.0,121.39,0.0,0.0
16.0269,0.0,123.384,0.0,0.0
16.0383,0.0,119.983,0.0,0.0
16.034,0.0,121.591,0.0,0.0
16.0384,0.0,122.312,0.0,0.0
16.0525,0.0,121.759,0.0,0.0
16.0306,0.0,121.457,0.0,0.0
16.0014,0.0,122.312,0.0,0.0
16.0198,0.0,121.742,0.0,0.0
16.039,0.0,121.558,0.0,0.0
16.0238,0.0,123.132,0.0,0.0
16.0236,0.0,120.804,0.0,0.0
16.0326,0.0,123.149,0.0,0.0
16.0314,0.0,123.166,0.0,0.0
16.0228,0.0,121.156,0.0,0.0
16.0211,0.0,122.429,0.0,0.0
16.0466,0.0,123.534,0.0,0.0
16.0496,0.0,122.278,0.0,0.0
16.0445,0.0,120.938,0.0,0.0
16.0473,0.0,122.345,0.0,0.0
16.0414,0.0,121.273,0.0,0.0
16.0279,0.0,121.273,0.0,0.0
16.0162,0.0,121.993,0.0,0.0
16.0181,0.0,121.491,0.0,0.0
16.0189,0.0,122.898,0.0,0.0
16.0283,0.0,123.3,0.0,0.0
16.0292,0.0,122.479,0.0,0.0
16.0392,0.0,121.173,0.0,0.0
16.0534,0.0,121.675,0.0,0.0
16.0402,0.0,122.194,0.0,0.0
16.0257,0.0,121.792,0.0,0.0
16.0339,0.0,121.357,0.0,0.0
16.0301,0.0,122.295,0.0,0.0
16.0124,0.0,121.658,0.0,0.0
16.0076,0.0,122.613,0.0,0.0
16.0189,0.0,120.536,0.0,0.0
16.027,0.0,121.843,0.0,0.0
16.0364,0.0,121.993,0.0,0.0
16.0326,0.0,121.792,0.0,0.0
16.0115,0.0,122.529,0.0,0.0
16.0108,0.0,121.039,0.0,0.0
16.0337,0.0,121.776,0.0,0.0
16.055,0.0,121.792,0.0,0.0
16.0389,0.0,123.853,0.0,0.0
16.0327,0.0,120.519,0.0,0.0
16.0517,0.0,122.68,0.0,0.0
16.0497,0.0,122.596,0.0,0.0
16.0285,0.0,121.725,0.0,0.0
16.0315,0.0,122.647,0.0,0.0
16.0375,0.0,121.072,0.0,0.0
16.0323,0.0,121.876,0.0,0.0
16.0329,0.0,121.675,0.0,0.0
16.0383,0.0,121.642,0.0,0.0
16.0314,0.0,121.072,0.0,0.0
16.0381,0.0,121.96,0.0,0.0
16.0543,0.0,124.221,0.0,0.0
16.0439,0.0,122.278,0.0,0.0
16.013,0.0,121.273,0.0,0.0
16.0251,0.0,122.211,0.0,0.0
16.0491,0.0,121.457,0.0,0.0
16.0417,0.0,122.228,0.0,0.0
16.0439,0.0,121.173,0.0,0.0
16.0352,0.0,123.802,0.0,0.0
16.0142,0.0,122.228,0.0,0.0
16.0035,0.0,121.206,0.0,0.0
16.005,0.0,121.173,0.0,0.0
16.0296,0.0,122.178,0.0,0.0
16.0221,0.0,120.754,0.0,0.0
16.0119,0.0,122.077,0.0,0.0
16.0469,0.0,122.563,0.0,0.0
16.0641,0.0,122.764,0.0,0.0
16.0502,0.0,122.278,0.0,0.0
16.0346,0.0,121.977,0.0,0.0
16.02,0.0,122.312,0.0,0.0
16.0255,0.0,121.307,0.0,0.0
16.0297,0.0,120.972,0.0,0.0
16.0175,0.0,122.328,0.0,0.0
16.02,0.0,121.323,0.0,0.0
16.0329,0.0,121.055,0.0,0.0
16.0336,0.0,123.551,0.0,0.0
16.0482,0.0,122.58,0.0,0.0
16.0465,0.0,122.278,0.0,0.0
16.0239,0.0,121.876,0.0,0.0
16.0405,0.0,122.881,0.0,0.0
16.0537,0.0,123.333,0.0,0.0
16.0326,0.0,122.094,0.0,0.0
15.9952,0.0,122.144,0.0,0.0
16.0121,0.0,121.608,0.0,0.0
16.0472,0.0,122.245,0.0,0.0
16.0391,0.0,121.357,0.0,0.0
16.0243,0.0,121.625,0.0,0.0
16.0226,0.0,123.451,0.0,0.0
16.0206,0.0,122.429,0.0,0.0
16.0195,0.0,121.273,0.0,0.0
16.0384,0.0,120.905,0.0,0.0
16.0407,0.0,121.776,0.0,0.0
16.0361,0.0,121.96,0.0,0.0
16.0506,0.0,121.072,0.0,0.0
16.0399,0.0,122.044,0.0,0.0
16.0196,0.0,123.518,0.0,0.0
16.0112,0.0,122.948,0.0,0.0
16.0084,0.0,122.546,0.0,0.0
16.0185,0.0,122.948,0.0,0.0
16.0504,0.0,123.065,0.0,0.0
16.0514,0.0,122.127,0.0,0.0
16.0074,0.0,121.792,0.0,0.0
16.0209,0.0,120.62,0.0,0.0
16.0311,0.0,122.312,0.0,0.0
16.0202,0.0,120.821,0.0,0.0
16.0416,0.0,122.211,0.0,0.0
16.0516,0.0,121.256,0.0,0.0
16.0421,0.0,122.245,0.0,0.0
16.0233,0.0,121.34,0.0,0.0
16.0147,0.0,122.044,0.0,0.0
16.0323,0.0,124.271,0.0,0.0
16.0318,0.0,120.871,0.0,0.0
16.0344,0.0,121.675,0.0,0.0
16.0339,0.0,122.278,0.0,0.0
16.0287,0.0,122.027,0.0,0.0
16.0234,0.0,121.457,0.0,0.0
16.0242,0.0,122.462,0.0,0.0
16.0334,0.0,122.714,0.0,0.0
16.0371,0.0,121.792,0.0,0.0
16.0333,0.0,122.931,0.0,0.0
16.0287,0.0,121.893,0.0,0.0
16.0189,0.0,122.948,0.0,0.0
16.0252,0.0,121.139,0.0,0.0
16.0402,0.0,121.943,0.0,0.0
16.0438,0.0,121.977,0.0,0.0
16.0354,0.0,121.859,0.0,0.0
16.036,0.0,123.4,0.0,0.0
16.0324,0.0,120.972,0.0,0.0
16.0238,0.0,122.362,0.0,0.0
16.0313,0.0,121.91,0.0,0.0
16.0522,0.0,123.501,0.0,0.0
16.0459,0.0,121.39,0.0,0.0
16.0091,0.0,121.29,0.0,0.0
16.017,0.0,123.853,0.0,0.0
16.0635,0.0,122.864,0.0,0.0
16.0391,0.0,120.67,0.0,0.0
15.9959,0.0,121.206,0.0,0.0
16.0076,0.0,121.926,0.0,0.0
16.0387,0.0,122.295,0.0,0.0
16.0624,0.0,122.161,0.0,0.0
16.0433,0.0,122.295,0.0,0.0
16.014,0.0,121.206,0.0,0.0
16.0366,0.0,121.29,0.0,0.0
16.0482,0.0,123.534,0.0,0.0
16.0262,0.0,122.68,0.0,0.0
16.0132,0.0,121.055,0.0,0.0
15.9964,0.0,121.742,0.0,0.0
16.0065,0.0,122.68,0.0,0.0
16.0231,0.0,121.307,0.0,0.0
16.0142,0.0,122.295,0.0,0.0
16.0328,0.0,121.809,0.0,0.0
16.0489,0.0,122.027,0.0,0.0
16.0419,0.0,120.536,0.0,0.0
16.05,0.0,123.25,0.0,0.0
16.049,0.0,122.362,0.0,0.0
16.0387,0.0,121.96,0.0,0.0
16.0302,0.0,120.854,0.0,0.0
16.0186,0.0,122.931,0.0,0.0
16.0287,0.0,121.39,0.0,0.0
16.0322,0.0,122.111,0.0,0.0
16.011,0.0,121.759,0.0,0.0
16.0203,0.0,120.988,0.0,0.0
16.0341,0.0,122.06,0.0,0.0
16.0384,0.0,121.642,0.0,0.0
16.0561,0.0,120.771,0.0,0.0
16.0476,0.0,121.407,0.0,0.0
16.0203,0.0,122.412,0.0,0.0
16.0243,0.0,122.529,0.0,0.0
16.0313,0.0,122.596,0.0,0.0
16.0225,0.0,122.496,0.0,0.0
16.0358,0.0,122.479,0.0,0.0
16.0471,0.0,121.826,0.0,0.0
16.0458,0.0,121.558,0.0,0.0
16.0282,0.0,122.613,0.0,0.0
16.0156,0.0,121.625,0.0,0.0
16.0302,0.0,121.642,0.0,0.0
16.0475,0.0,123.015,0.0,0.0
16.0504,0.0,123.434,0.0,0.0
16.0465,0.0,122.161,0.0,0.0
16.0292,0.0,120.72,0.0,0.0
16.0115,0.0,122.412,0.0,0.0
16.0148,0.0,122.077,0.0,0.0
16.0409,0.0,121.759,0.0,0.0
16.0553,0.0,120.218,0.0,0.0
16.0368,0.0,121.876,0.0,0.0
16.0258,0.0,122.714,0.0,0.0
16.0337,0.0,121.122,0.0,0.0
16.0303,0.0,122.781,0.0,0.0
16.0197,0.0,120.821,0.0,0.0
16.034,0.0,123.769,0.0,0.0
16.0437,0.0,122.462,0.0,0.0
16.0229,0.0,121.173,0.0,0.0
16.0223,0.0,121.96,0.0,0.0
16.0435,0.0,123.183,0.0,0.0
16.0388,0.0,120.955,0.0,0.0
16.0299,0.0,121.709,0.0,0.0
16.0227,0.0,122.278,0.0,0.0
16.0165,0.0,122.245,0.0,0.0
16.0203,0.0,120.754,0.0,0.0
16.0154,0.0,120.57,0.0,0.0
16.0127,0.0,120.921,0.0,0.0
16.0352,0.0,123.132,0.0,0.0
16.0436,0.0,120.737,0.0,0.0
16.0364,0.0,121.39,0.0,0.0
16.0317,0.0,123.032,0.0,0.0
16.022,0.0,122.848,0.0,0.0
16.0303,0.0,122.027,0.0,0.0
16.0363,0.0,121.792,0.0,0.0
16.0392,0.0,122.831,0.0,0.0
16.0436,0.0,123.685,0.0,0.0
16.0382,0.0,123.97,0.0,0.0
16.0325,0.0,121.876,0.0,0.0
16.0263,0.0,122.814,0.0,0.0
16.0329,0.0,121.608,0.0,0.0
16.036,0.0,122.228,0.0,0.0
16.0357,0.0,123.183,0.0,0.0
16.0408,0.0,121.642,0.0,0.0
16.0266,0.0,121.39,0.0,0.0
15.9977,0.0,122.864,0.0,0.0
16.0158,0.0,121.524,0.0,0.0
16.0253,0.0,120.972,0.0,0.0
16.0212,0.0,121.223,0.0,0.0
16.039,0.0,121.273,0.0,0.0
16.0375,0.0,121.24,0.0,0.0
16.0379,0.0,120.117,0.0,0.0
16.0365,0.0,120.921,0.0,0.0
16.0557,0.0,122.898,0.0,0.0
16.0464,0.0,122.446,0.0,0.0
16.0165,0.0,120.955,0.0,0.0
16.0452,0.0,122.513,0.0,0.0
16.0417,0.0,120.921,0.0,0.0
16.0099,0.0,121.742,0.0,0.0
16.0316,0.0,121.759,0.0,0.0
16.0314,0.0,121.725,0.0,0.0
16.0115,0.0,123.065,0.0,0.0
16.0454,0.0,124.238,0.0,0.0
16.0566,0.0,123.199,0.0,0.0
16.0354,0.0,121.374,0.0,0.0
16.0314,0.0,121.993,0.0,0.0
16.0212,0.0,121.993,0.0,0.0
16.0139,0.0,122.747,0.0,0.0
16.0401,0.0,120.871,0.0,0.0
16.0517,0.0,119.883,0.0,0.0
16.0355,0.0,121.508,0.0,0.0
16.0248,0.0,121.742,0.0,0.0
16.0201,0.0,121.407,0.0,0.0
16.0142,0.0,120.57,0.0,0.0
16.0186,0.0,122.848,0.0,0.0
16.0451,0.0,124.121,0.0,0.0
16.0465,0.0,120.72,0.0,0.0
16.0314,0.0,121.859,0.0,0.0
16.0322,0.0,121.491,0.0,0.0
16.0313,0.0,121.709,0.0,0.0
16.0155,0.0,121.843,0.0,0.0
16.0162,0.0,122.06,0.0,0.0
16.034,0.0,121.474,0.0,0.0
16.0475,0.0,122.429,0.0,0.0
16.0316,0.0,121.575,0.0,0.0
16.0203,0.0,121.792,0.0,0.0
16.0455,0.0,123.233,0.0,0.0
16.0295,0.0,121.323,0.0,0.0
16.0283,0.0,120.955,0.0,0.0
16.0542,0.0,121.776,0.0,0.0
16.0222,0.0,120.318,0.0,0.0
16.0113,0.0,123.3,0.0,0.0
16.0298,0.0,123.97,0.0,0.0
16.0214,0.0,121.106,0.0,0.0
16.0322,0.0,122.077,0.0,0.0
16.0542,0.0,123.551,0.0,0.0
16.0376,0.0,121.307,0.0,0.0
16.0284,0.0,121.508,0.0,0.0
16.0356,0.0,120.536,0.0,0.0
16.0264,0.0,122.194,0.0,0.0
16.017,0.0,121.039,0.0,0.0
16.0236,0.0,122.881,0.0,0.0
16.0267,0.0,121.24,0.0,0.0
16.0334,0.0,121.457,0.0,0.0
16.0439,0.0,120.938,0.0,0.0
16.0328,0.0,121.139,0.0,0.0
16.0189,0.0,122.094,0.0,0.0
16.024,0.0,122.194,0.0,0.0
16.0353,0.0,121.055,0.0,0.0
16.0502,0.0,124.003,0.0,0.0
16.0516,0.0,119.866,0.0,0.0
16.0499,0.0,121.843,0.0,0.0
16.0398,0.0,121.776,0.0,0.0
16.0305,0.0,120.871,0.0,0.0
16.0308,0.0,122.06,0.0,0.0
16.0086,0.0,120.302,0.0,0.0
16.0138,0.0,122.077,0.0,0.0
16.027,0.0,120.436,0.0,0.0
16.0264,0.0,122.362,0.0,0.0
16.0498,0.0,121.91,0.0,0.0
16.0422,0.0,120.302,0.0,0.0
16.0214,0.0,121.759,0.0,0.0
16.0339,0.0,121.307,0.0,0.0
16.0427,0.0,120.201,0.0,0.0
16.0341,0.0,121.926,0.0,0.0
16.0318,0.0,121.826,0.0,0.0
16.0321,0.0,120.854,0.0,0.0
16.0272,0.0,122.345,0.0,0.0
16.0215,0.0,121.591,0.0,0.0
16.0219,0.0,122.596,0.0,0.0
16.0356,0.0,122.094,0.0,0.0
16.043,0.0,122.429,0.0,0.0
16.0349,0.0,123.317,0.0,0.0
