analog,analog_sterr,photon_counting,pc_sterr,overflow_info
17.5985,0.0138555,129.929,0.837437,0.0
17.5853,0.0133797,131.438,0.838811,0.0
17.5878,0.0135849,129.996,0.853581,0.0
17.5851,0.0137135,129.979,0.831941,0.0
17.5813,0.0140306,129.291,0.830224,0.0
17.607,0.0137407,131.807,0.83675,0.0
17.6156,0.0134327,131.136,0.83572,0.0
17.5857,0.0138127,130.348,0.844994,0.0
17.5822,0.01367,131.74,0.825758,0.0
17.5959,0.0133197,129.727,0.849803,0.0
17.5784,0.0135637,131.455,0.832628,0.0
17.5867,0.0136082,130.382,0.835033,0.0
17.6023,0.0135294,130.734,0.862169,0.0
17.5802,0.0139435,129.996,0.852551,0.0
17.5665,0.0131035,131.841,0.851864,0.0
17.5915,0.0137612,129.677,0.842246,0.0
17.6108,0.013896,132.31,0.846711,0.0
17.6185,0.0138104,130.616,0.825415,0.0
17.607,0.0139825,129.878,0.834689,0.0
17.5941,0.0137944,131.639,0.843276,0.0
17.607,0.0137423,130.365,0.852894,0.0
17.5898,0.0133827,131.287,0.825071,0.0
17.5789,0.0136061,131.287,0.855642,0.0
17.5996,0.0137277,129.778,0.820262,0.0
17.6012,0.013723,129.862,0.839155,0.0
17.5895,0.013733,130.952,0.82988,0.0
17.6047,0.0138092,129.593,0.837094,0.0
17.5898,0.0135031,130.096,0.839842,0.0
17.5693,0.0142407,132.025,0.839842,0.0
17.6056,0.0140119,130.549,0.859077,0.0
17.6143,0.0133926,129.627,0.847055,0.0
17.5857,0.0136335,130.499,0.840529,0.0
17.5735,0.0137982,130.633,0.850833,0.0
17.582,0.0138115,131.539,0.855299,0.0
17.591,0.0136199,129.945,0.848429,0.0
17.5999,0.0136019,129.459,0.859077,0.0
17.594,0.0133527,130.264,0.854268,0.0
17.5906,0.0137355,131.589,0.843963,0.0
17.5964,0.0135306,129.442,0.841216,0.0
17.588,0.0136036,131.052,0.846368,0.0
17.5665,0.0134198,130.298,0.849116,0.0
17.5779,0.0139654,129.325,0.847055,0.0
17.5984,0.0136044,131.136,0.838811,0.0
17.5949,0.0133545,130.885,0.839155,0.0
17.58,0.0133907,130.063,0.849803,0.0
17.5669,0.0139496,129.996,0.828506,0.0
17.5936,0.0137666,128.621,0.832628,0.0
17.6063,0.0138162,129.493,0.82301,0.0
17.5829,0.013938,132.176,0.863543,0.0
17.5894,0.0138152,130.834,0.846024,0.0
17.6015,0.0138319,131.807,0.85839,0.0
17.5844,0.0140111,129.962,0.838468,0.0
17.5864,0.0135035,130.314,0.850833,0.0
17.6118,0.0135671,132.294,0.828163,0.0
17.6058,0.0139101,129.593,0.834002,0.0
17.5953,0.013705,130.281,0.848429,0.0
17.6035,0.0135381,130.683,0.847055,0.0
17.5984,0.0137131,130.532,0.840872,0.0
17.5705,0.0131537,130.13,0.838468,0.0
17.5758,0.0136745,130.365,0.819919,0.0
17.6062,0.0136194,132.008,0.846368,0.0
17.5944,0.0137541,130.784,0.820606,0.0
17.5825,0.0136109,130.6,0.81614,0.0
17.5921,0.0137361,129.996,0.819575,0.0
17.591,0.0133506,130.935,0.830224,0.0
17.5769,0.0130259,131.556,0.855299,0.0
17.5812,0.0139556,129.493,0.859077,0.0
17.5769,0.0137798,128.453,0.815453,0.0
17.5663,0.013388,129.057,0.853581,0.0
17.5846,0.0137092,130.482,0.844307,0.0
17.5791,0.0136769,130.046,0.82885,0.0
17.5677,0.0134092,130.08,0.835033,0.0
17.5871,0.0139172,131.807,0.834689,0.0
17.5924,0.0137095,131.069,0.843963,0.0
17.5951,0.0133153,130.18,0.82988,0.0
17.61,0.0133958,130.885,0.856329,0.0
17.5891,0.0139793,130.683,0.830567,0.0
17.5608,0.0136839,130.6,0.848085,0.0
17.5649,0.0139101,129.375,0.832285,0.0
17.5906,0.0138436,130.868,0.833659,0.0
17.6052,0.0135289,129.543,0.841902,0.0
17.6045,0.0138773,131.824,0.856673,0.0
17.5823,0.0135261,130.298,0.829193,0.0
17.5636,0.0137137,128.453,0.848429,0.0
17.589,0.0137983,129.174,0.842246,0.0
17.6064,0.01359,131.002,0.831941,0.0
17.5872,0.0134534,131.237,0.848772,0.0
17.5807,0.0137693,131.623,0.832972,0.0
17.5995,0.0139255,131.421,0.836407,0.0
17.5888,0.0139554,129.04,0.836063,0.0
17.5867,0.0133499,130.767,0.832972,0.0
17.6176,0.0135607,129.258,0.848085,0.0
17.626,0.0137068,129.577,0.846368,0.0
17.6037,0.0137478,132.83,0.827819,0.0
17.5772,0.013666,130.868,0.840872,0.0
17.5749,0.0138579,130.499,0.840529,0.0
17.6067,0.0134701,131.79,0.842589,0.0
17.595,0.014006,130.197,0.856673,0.0
17.5732,0.0139119,130.348,0.848085,0.0
17.6026,0.0139139,129.191,0.82988,0.0
17.6052,0.013915,130.935,0.847055,0.0
17.5946,0.0137877,131.254,0.822667,0.0
17.5942,0.0131891,130.717,0.866634,0.0
17.584,0.0132851,128.704,0.838811,0.0
17.585,0.0136377,130.013,0.820262,0.0
17.5914,0.0136124,131.254,0.840529,0.0
17.5877,0.0133953,129.727,0.833659,0.0
17.5951,0.0138043,129.945,0.853238,0.0
17.5968,0.0137748,129.493,0.837094,0.0
17.5798,0.0138244,129.61,0.846368,0.0
17.5794,0.0138703,129.878,0.839498,0.0
17.588,0.0134904,131.505,0.832628,0.0
17.5788,0.0137374,128.872,0.844307,0.0
17.5671,0.0137318,130.197,0.82198,0.0
17.5895,0.0136741,131.136,0.829537,0.0
17.603,0.0138064,130.449,0.852551,0.0
17.5971,0.0134512,130.7,0.826789,0.0
17.6125,0.0135343,130.751,0.840872,0.0
17.6028,0.013821,130.583,0.853925,0.0
17.5821,0.0136112,131.371,0.854612,0.0
17.5737,0.0137158,130.113,0.845681,0.0
17.5864,0.0138458,129.593,0.853238,0.0
17.5892,0.013677,130.885,0.854268,0.0
17.5617,0.0135427,130.633,0.834689,0.0
17.5665,0.0134851,129.392,0.840872,0.0
17.591,0.0133088,132.143,0.830911,0.0
17.5839,0.0137391,131.405,0.847398,0.0
17.5795,0.0134844,131.455,0.816484,0.0
17.591,0.0136549,130.818,0.847055,0.0
17.5959,0.0135772,130.096,0.85152,0.0
17.5812,0.0138472,128.805,0.853925,0.0
17.5633,0.0135701,131.941,0.847055,0.0
17.5864,0.0135366,130.901,0.834346,0.0
17.5907,0.0133015,130.465,0.841559,0.0
17.5818,0.0133877,130.801,0.840529,0.0
17.583,0.0133406,130.918,0.849803,0.0
17.5745,0.0133344,128.822,0.819919,0.0
17.587,0.0134686,130.935,0.856673,0.0
17.5821,0.0138244,131.623,0.831598,0.0
17.5631,0.0134949,130.029,0.837094,0.0
17.5854,0.0136172,131.338,0.868351,0.0
17.6006,0.0138839,128.654,0.844994,0.0
17.5885,0.0135508,131.74,0.826102,0.0
17.5945,0.0141562,129.811,0.830567,0.0
17.594,0.0135978,131.388,0.861482,0.0
17.5949,0.0136665,130.952,0.842933,0.0
17.5769,0.0136742,129.912,0.848772,0.0
17.5699,0.0136219,131.187,0.834346,0.0
17.6174,0.0138851,131.388,0.836063,0.0
17.6194,0.0136489,131.203,0.854955,0.0
17.5863,0.0137526,130.231,0.838468,0.0
17.5923,0.0137194,129.476,0.824384,0.0
17.6019,0.0137924,131.354,0.855986,0.0
17.5894,0.0135953,129.845,0.833315,0.0
17.592,0.0139481,130.281,0.848772,0.0
17.6104,0.0136061,132.092,0.847742,0.0
17.6,0.0138605,129.61,0.813393,0.0
17.5948,0.0137932,130.348,0.853238,0.0
17.5944,0.0137103,129.476,0.866634,0.0
17.5815,0.0136682,130.164,0.82885,0.0
17.5821,0.0136052,131.019,0.840529,0.0
17.5756,0.0135463,132.042,0.846024,0.0
17.5671,0.0141486,130.801,0.837094,0.0
17.584,0.0137541,130.264,0.846368,0.0
17.5972,0.013765,129.929,0.843276,0.0
17.5858,0.0138312,131.304,0.831254,0.0
17.5836,0.0134679,129.727,0.848772,0.0
17.5761,0.0136019,131.119,0.82885,0.0
17.5746,0.0136024,131.237,0.845681,0.0
17.5896,0.0135749,130.08,0.846368,0.0
17.5882,0.0137129,130.885,0.832628,0.0
17.5945,0.0135619,130.516,0.849803,0.0
17.6036,0.013915,130.013,0.852207,0.0
17.5899,0.0135723,130.398,0.849459,0.0
17.5734,0.0136966,130.382,0.848429,0.0
17.5741,0.0138529,130.164,0.866634,0.0
17.5873,0.0141302,129.962,0.854268,0.0
17.6057,0.0137904,129.962,0.836407,0.0
17.5984,0.0136471,130.465,0.841559,0.0
17.5843,0.0132497,130.197,0.807897,0.0
17.592,0.0136794,130.566,0.831254,0.0
17.5814,0.0138212,131.27,0.826789,0.0
17.5867,0.0135985,132.294,0.855986,0.0
17.6158,0.0134053,129.057,0.838124,0.0
17.6024,0.0134836,128.889,0.825758,0.0
17.5857,0.0138054,129.996,0.835033,0.0
17.6016,0.0137676,131.589,0.834346,0.0
17.5852,0.0138815,130.281,0.846368,0.0
17.5494,0.0137178,131.338,0.824384,0.0
17.5666,0.013989,129.912,0.842933,0.0
17.5848,0.0134227,130.952,0.838124,0.0
17.5854,0.0140422,131.623,0.837094,0.0
17.5875,0.013889,130.348,0.838124,0.0
17.5731,0.013926,132.394,0.844994,0.0
17.5755,0.0136728,131.421,0.873847,0.0
17.5986,0.0138535,131.002,0.82198,0.0
17.6106,0.013354,129.711,0.848772,0.0
17.6066,0.0135678,129.057,0.847398,0.0
17.5937,0.0137476,131.69,0.830567,0.0
17.5859,0.0137875,130.818,0.855986,0.0
17.5905,0.0134237,130.717,0.85049,0.0
17.5904,0.0136642,131.925,0.848429,0.0
17.5832,0.0134554,130.398,0.837781,0.0
17.5849,0.0133405,132.025,0.84465,0.0
17.5862,0.0133831,130.298,0.849116,0.0
17.5708,0.0134251,130.901,0.844307,0.0
17.5908,0.0132199,130.616,0.846024,0.0
17.6113,0.0136175,130.751,0.854955,0.0
17.5877,0.0133345,130.465,0.823354,0.0
17.5847,0.0137374,129.543,0.834346,0.0
17.5978,0.0136624,130.499,0.835376,0.0
17.5951,0.0134783,129.275,0.841216,0.0
17.5927,0.0134289,129.996,0.836063,0.0
17.5826,0.0135363,128.386,0.838124,0.0
17.5766,0.0137986,130.499,0.821636,0.0
17.5837,0.0137113,130.516,0.821636,0.0
17.6008,0.0137952,130.918,0.838468,0.0
17.6022,0.0136011,132.226,0.834689,0.0
17.5878,0.0135394,130.717,0.838811,0.0
17.5932,0.0138603,130.532,0.855299,0.0
17.6024,0.0134998,129.023,0.855299,0.0
17.6099,0.0138564,130.281,0.832628,0.0
17.5985,0.0137182,127.849,0.818201,0.0
17.5747,0.0138714,131.572,0.835033,0.0
17.5786,0.0138752,130.063,0.849116,0.0
17.5922,0.0140383,128.084,0.852551,0.0
17.5878,0.0133295,130.65,0.847055,0.0
17.5903,0.0136154,130.214,0.859421,0.0
17.5847,0.01375,129.795,0.843963,0.0
17.5768,0.0138316,130.6,0.837094,0.0
17.583,0.0134043,130.247,0.829537,0.0
17.6041,0.0137088,131.203,0.828506,0.0
17.6089,0.0139347,130.147,0.839842,0.0
17.5938,0.0135543,130.583,0.830224,0.0
17.5926,0.0136226,128.335,0.857703,0.0
17.5855,0.0137898,130.969,0.848772,0.0
17.584,0.0136965,132.075,0.855299,0.0
17.5858,0.0137928,131.539,0.842933,0.0
17.5857,0.0141104,132.478,0.843276,0.0
17.5992,0.0137895,131.069,0.829193,0.0
17.5942,0.0137645,129.962,0.85049,0.0
17.5839,0.013581,132.109,0.841216,0.0
17.5851,0.0138273,131.606,0.844994,0.0
17.5901,0.0134381,130.751,0.824041,0.0
17.6117,0.013755,130.566,0.842933,0.0
17.5919,0.0134475,129.761,0.838124,0.0
17.5611,0.0135601,131.857,0.837437,0.0
17.5786,0.0138761,129.945,0.825758,0.0
17.5963,0.0135873,130.449,0.83675,0.0
17.586,0.0136058,130.851,0.852207,0.0
17.5849,0.0136801,130.348,0.837781,0.0
17.5891,0.0138562,130.18,0.837781,0.0
17.5853,0.0136365,130.7,0.860451,0.0
17.5904,0.0136194,132.025,0.84465,0.0
17.5896,0.0136029,130.18,0.836063,0.0
17.5818,0.0136508,130.734,0.834346,0.0
17.5747,0.0137971,129.174,0.835376,0.0
17.5608,0.0136491,129.828,0.82885,0.0
17.557,0.0139346,132.008,0.824041,0.0
17.5708,0.0138687,130.901,0.838468,0.0
17.5908,0.0136511,130.096,0.851177,0.0
17.5935,0.0136641,129.66,0.821636,0.0
17.5693,0.0136466,129.392,0.847742,0.0
17.5493,0.0138074,129.912,0.855642,0.0
17.5697,0.0135645,131.036,0.854612,0.0
17.601,0.0135383,130.801,0.858047,0.0
17.5926,0.0133546,130.583,0.817858,0.0
17.5967,0.0135793,131.136,0.816484,0.0
17.5956,0.0135691,130.231,0.835033,0.0
17.5767,0.0135993,129.727,0.842589,0.0
17.5826,0.0135166,131.119,0.865604,0.0
17.61,0.0137531,130.935,0.851177,0.0
17.6218,0.0136358,129.342,0.824384,0.0
17.603,0.0134973,130.13,0.834689,0.0
17.5919,0.0137753,130.734,0.843276,0.0
17.5846,0.0137975,130.482,0.83675,0.0
17.5889,0.0132689,129.895,0.840529,0.0
17.592,0.0138953,130.6,0.858047,0.0
17.5761,0.0134572,131.505,0.842246,0.0
17.5979,0.0133673,131.069,0.846368,0.0
17.6084,0.0136508,129.593,0.83675,0.0
17.5904,0.0135093,130.382,0.85152,0.0
17.5865,0.0137127,130.432,0.816827,0.0
17.5805,0.0134539,130.516,0.830911,0.0
17.5765,0.0134543,130.13,0.859077,0.0
17.5593,0.0134436,130.683,0.831254,0.0
17.5866,0.0136256,130.784,0.849803,0.0
17.6202,0.0138975,131.438,0.831598,0.0
17.5905,0.01348,131.405,0.839498,0.0
17.5844,0.0137849,131.841,0.828506,0.0
17.6024,0.0135425,131.052,0.854268,0.0
17.5874,0.0137677,132.21,0.842246,0.0
17.5662,0.0134889,130.415,0.840185,0.0
17.5551,0.0135977,130.901,0.824728,0.0
17.5751,0.0136214,130.482,0.851177,0.0
17.5856,0.013534,130.751,0.839842,0.0
17.5774,0.0135565,130.566,0.838124,0.0
17.5802,0.0137648,130.147,0.854955,0.0
17.587,0.0134625,131.941,0.848429,0.0
17.5839,0.0135204,130.499,0.839155,0.0
17.5945,0.0135398,129.795,0.838124,0.0
17.5985,0.0137844,131.136,0.854612,0.0
17.5849,0.0139036,128.738,0.832285,0.0
17.588,0.0137959,131.421,0.838468,0.0
17.5968,0.0133731,130.046,0.854268,0.0
17.6001,0.0135907,130.314,0.826102,0.0
17.6028,0.0134494,131.505,0.851864,0.0
17.6002,0.0138869,129.593,0.852551,0.0
17.5824,0.0136749,130.583,0.837094,0.0
17.5946,0.0140351,131.17,0.858734,0.0
17.6115,0.0139705,130.818,0.848429,0.0
17.5908,0.0135827,129.56,0.84465,0.0
17.5914,0.013593,130.734,0.837437,0.0
17.587,0.0136827,130.751,0.836407,0.0
17.5728,0.0134195,129.023,0.863199,0.0
17.5907,0.0135619,131.623,0.839842,0.0
17.5997,0.0137577,131.807,0.848085,0.0
17.5935,0.0137058,130.214,0.832628,0.0
17.5931,0.0139755,130.549,0.831598,0.0
17.6007,0.0136033,130.616,0.863543,0.0
17.6034,0.0137283,131.187,0.846368,0.0
17.5864,0.0133772,130.029,0.85049,0.0
17.5882,0.0130567,131.036,0.848085,0.0
17.6028,0.0133985,128.201,0.825758,0.0
17.5845,0.013536,129.795,0.827819,0.0
17.5674,0.0135378,129.912,0.840185,0.0
17.5817,0.0136511,131.572,0.825758,0.0
17.591,0.0137155,129.107,0.840872,0.0
17.5865,0.0135859,131.589,0.843963,0.0
17.5901,0.0137665,131.455,0.833315,0.0
17.5877,0.0133755,130.683,0.832285,0.0
17.5682,0.0134142,131.136,0.842589,0.0
17.5801,0.0137019,130.549,0.85736,0.0
17.5932,0.0134596,130.298,0.837094,0.0
17.5909,0.0135567,130.734,0.850146,0.0
17.5996,0.0137112,130.717,0.838124,0.0
17.5949,0.0136487,129.057,0.839842,0.0
17.5869,0.0132991,130.935,0.840185,0.0
17.5693,0.0135152,129.66,0.849459,0.0
17.5779,0.0134348,130.18,0.82301,0.0
17.5995,0.0136636,130.583,0.866291,0.0
17.5923,0.0138315,130.096,0.827476,0.0
17.5745,0.0137847,131.069,0.832972,0.0
17.5948,0.0139781,130.633,0.834002,0.0
17.6146,0.0137535,130.65,0.834346,0.0
17.5964,0.0135725,130.096,0.810988,0.0
17.5978,0.0136352,129.191,0.837094,0.0
17.6057,0.0138588,129.325,0.854268,0.0
17.5829,0.0137118,129.929,0.839498,0.0
17.5877,0.0137193,129.945,0.82198,0.0
17.6003,0.0138501,128.721,0.82301,0.0
17.5692,0.0139383,130.952,0.855299,0.0
17.5737,0.0138789,129.929,0.857016,0.0
17.6065,0.0137751,129.912,0.838124,0.0
17.6039,0.0133621,129.778,0.853925,0.0
17.5961,0.0137085,130.885,0.836407,0.0
17.5958,0.0136405,129.744,0.829537,0.0
17.597,0.0136834,129.644,0.850146,0.0
17.5958,0.0134034,131.438,0.841216,0.0
17.5808,0.0135652,131.22,0.832285,0.0
17.5584,0.0136391,131.287,0.831254,0.0
17.5695,0.0135926,130.7,0.846368,0.0
17.5855,0.013554,129.543,0.838468,0.0
17.5745,0.0134457,131.136,0.828506,0.0
17.5804,0.0137087,128.99,0.838124,0.0
17.6009,0.013658,130.08,0.844994,0.0
17.5902,0.0132562,130.7,0.843276,0.0
17.5775,0.0136781,130.633,0.839498,0.0
17.5992,0.0135637,130.214,0.83572,0.0
17.5919,0.0134855,129.962,0.840185,0.0
17.5691,0.0137829,130.918,0.843963,0.0
17.5888,0.0139407,130.767,0.853925,0.0
17.587,0.013847,131.589,0.843276,0.0
17.5815,0.0135931,131.388,0.852207,0.0
17.5967,0.0138132,131.606,0.844307,0.0
17.5935,0.0136211,130.901,0.811675,0.0
17.5937,0.0137698,131.119,0.850146,0.0
17.5918,0.0136187,130.549,0.846368,0.0
17.5717,0.013711,131.136,0.830567,0.0
17.5829,0.0134174,130.549,0.837781,0.0
17.5964,0.0136325,131.606,0.839842,0.0
17.5815,0.0137306,130.616,0.847398,0.0
17.5701,0.0134343,131.623,0.824384,0.0
17.5738,0.0136206,129.409,0.850146,0.0
17.5582,0.0136487,131.556,0.853925,0.0
17.5754,0.0133845,130.247,0.84465,0.0
17.6008,0.0137389,131.036,0.833659,0.0
17.5814,0.0133489,130.398,0.847398,0.0
17.5722,0.0138115,130.549,0.855299,0.0
17.579,0.0135204,131.287,0.843963,0.0
17.5904,0.0133677,129.828,0.826445,0.0
17.5949,0.0132472,130.449,0.831598,0.0
17.5901,0.0135457,132.226,0.844307,0.0
17.5969,0.013789,129.593,0.855986,0.0
17.609,0.0138303,132.461,0.846024,0.0
17.599,0.0138078,130.264,0.851864,0.0
17.5834,0.0134962,129.962,0.823354,0.0
17.6033,0.0133282,131.807,0.855642,0.0
17.6041,0.0136236,130.583,0.847055,0.0
17.5911,0.0137656,130.08,0.839498,0.0
17.5902,0.0139986,129.811,0.835376,0.0
17.5685,0.0137769,128.637,0.809271,0.0
17.5726,0.0132626,131.774,0.859764,0.0
17.5939,0.0131141,129.442,0.844994,0.0
17.5893,0.0135154,130.801,0.838124,0.0
17.5917,0.0134338,129.174,0.825415,0.0
17.5951,0.0139812,130.65,0.85839,0.0
17.5941,0.013999,130.633,0.85049,0.0
17.6042,0.0137729,130.683,0.856329,0.0
17.5944,0.0136181,130.398,0.84465,0.0
17.5767,0.0133504,131.069,0.832285,0.0
17.5734,0.0134792,130.314,0.817858,0.0
17.5663,0.0134749,130.717,0.840529,0.0
17.5837,0.013612,131.136,0.827819,0.0
17.601,0.0134229,130.164,0.846024,0.0
17.5793,0.0136959,131.287,0.869725,0.0
17.5793,0.0135815,128.855,0.840872,0.0
17.5735,0.0135292,129.828,0.853238,0.0
17.5629,0.0140114,130.247,0.843963,0.0
17.5868,0.0134521,129.426,0.846024,0.0
17.5941,0.0137366,129.795,0.845337,0.0
17.5867,0.013711,130.868,0.831941,0.0
17.5845,0.0138685,128.704,0.82988,0.0
17.5743,0.0137364,130.818,0.836063,0.0
17.5679,0.013813,130.382,0.850833,0.0
17.5707,0.0133409,130.029,0.83675,0.0
17.5733,0.0134914,130.918,0.818201,0.0
17.5881,0.0136544,130.365,0.860795,0.0
17.5975,0.0137537,130.901,0.836407,0.0
17.59,0.0136773,129.761,0.830911,0.0
17.5804,0.0135163,129.476,0.830911,0.0
17.5829,0.0136466,130.465,0.829537,0.0
17.584,0.0137394,131.187,0.827476,0.0
17.5928,0.0134997,130.482,0.835033,0.0
17.6041,0.0136033,131.153,0.837781,0.0
17.588,0.0134714,130.532,0.813049,0.0
17.5798,0.0135807,130.499,0.854268,0.0
17.5856,0.0136825,131.103,0.836063,0.0
17.5885,0.0135134,129.426,0.850146,0.0
17.5809,0.013874,130.164,0.834002,0.0
17.5753,0.0137142,130.264,0.842589,0.0
17.587,0.0138314,130.164,0.848085,0.0
17.5782,0.0138282,129.526,0.826789,0.0
17.5804,0.0137317,131.27,0.858047,0.0
17.6161,0.0135148,130.667,0.851864,0.0
17.5845,0.0135382,129.828,0.840529,0.0
17.5692,0.0135474,130.197,0.849116,0.0
17.6151,0.0132577,131.052,0.846368,0.0
17.599,0.0139226,130.18,0.862512,0.0
17.5553,0.0136632,132.075,0.843963,0.0
17.5858,0.0132846,130.583,0.848429,0.0
17.608,0.0135298,130.935,0.841559,0.0
17.5667,0.0140113,129.56,0.854955,0.0
17.572,0.0133696,131.103,0.834002,0.0
17.6091,0.0132634,130.449,0.859764,0.0
17.5904,0.0137621,132.075,0.844994,0.0
17.5889,0.0135511,131.74,0.83572,0.0
17.6058,0.0137988,130.365,0.848772,0.0
17.5949,0.0136803,131.539,0.847398,0.0
17.582,0.0138214,129.392,0.83675,0.0
17.5815,0.0138928,130.918,0.853581,0.0
17.5867,0.0138358,129.811,0.851864,0.0
17.5753,0.013845,130.683,0.844307,0.0
17.5792,0.013852,129.224,0.838468,0.0
17.5873,0.0133021,130.013,0.823697,0.0
17.5846,0.0136988,131.673,0.818888,0.0
17.6039,0.0136987,130.013,0.82301,0.0
17.6176,0.0137771,129.459,0.85049,0.0
17.594,0.0136133,130.818,0.851177,0.0
17.5652,0.0137477,128.218,0.849803,0.0
17.5654,0.0138618,130.868,0.843276,0.0
17.5912,0.0137663,130.331,0.840529,0.0
17.5943,0.0134661,131.74,0.855299,0.0
17.5945,0.0137095,129.275,0.845681,0.0
17.5995,0.0134591,129.526,0.853925,0.0
17.5815,0.0134129,131.958,0.830911,0.0
17.5905,0.0135455,130.901,0.85839,0.0
17.5981,0.0136765,130.985,0.82885,0.0
17.5756,0.0135056,130.818,0.809958,0.0
17.5675,0.013547,129.744,0.844994,0.0
17.5818,0.0135681,129.727,0.842246,0.0
17.5941,0.0137653,129.895,0.85736,0.0
17.5669,0.0140503,130.583,0.829537,0.0
17.5557,0.0135567,131.79,0.858734,0.0
17.5767,0.0139667,130.08,0.850833,0.0
17.5713,0.0135657,129.895,0.860451,0.0
17.5778,0.01345,131.354,0.847055,0.0
17.602,0.0138563,131.455,0.839155,0.0
17.5894,0.0139644,131.421,0.823354,0.0
17.5814,0.0138483,129.325,0.841559,0.0
17.5828,0.0139242,130.164,0.854268,0.0
17.5953,0.0138337,131.639,0.847742,0.0
17.5997,0.0137885,129.358,0.846711,0.0
17.5766,0.013775,129.61,0.844994,0.0
17.5761,0.0135561,130.281,0.824041,0.0
17.5813,0.0134108,131.74,0.852894,0.0
17.5741,0.0138431,130.113,0.826102,0.0
17.5852,0.0135947,129.979,0.842589,0.0
17.5879,0.013625,130.616,0.854955,0.0
17.5768,0.0135812,131.992,0.842589,0.0
17.5904,0.0135725,130.298,0.847398,0.0
17.6023,0.0135762,130.65,0.840872,0.0
17.5825,0.0136852,129.426,0.842933,0.0
17.5967,0.0137369,129.929,0.848429,0.0
17.6202,0.0137868,130.432,0.830567,0.0
17.6013,0.0135584,130.969,0.841902,0.0
17.5729,0.0139168,131.455,0.859421,0.0
17.5831,0.0137241,131.27,0.855986,0.0
17.6012,0.0137974,130.096,0.838811,0.0
17.612,0.0135283,129.526,0.863886,0.0
17.6139,0.0134121,130.449,0.854612,0.0
17.5981,0.0135886,130.7,0.841902,0.0
17.5841,0.0138017,131.354,0.837781,0.0
17.5912,0.013672,130.432,0.851177,0.0
17.6013,0.0138491,130.08,0.834689,0.0
17.5986,0.0136757,130.499,0.831254,0.0
17.5861,0.0136786,130.382,0.844994,0.0
17.5986,0.0138664,130.734,0.833659,0.0
17.6073,0.0136365,130.331,0.843276,0.0
17.5984,0.0138722,130.834,0.840185,0.0
17.5908,0.0139945,129.543,0.832972,0.0
17.5783,0.0134086,130.314,0.845337,0.0
17.574,0.0136808,130.18,0.840185,0.0
17.5914,0.0134904,131.237,0.846024,0.0
17.584,0.0138465,130.717,0.823354,0.0
17.5789,0.013741,130.382,0.848085,0.0
17.5821,0.013692,131.505,0.831254,0.0
17.5807,0.0134465,129.895,0.825758,0.0
17.5901,0.0134381,129.979,0.830224,0.0
17.5914,0.0137528,130.231,0.844994,0.0
17.5931,0.0139112,130.784,0.835033,0.0
17.5994,0.0135276,131.17,0.842933,0.0
17.6027,0.0135324,131.438,0.845337,0.0
17.5972,0.0136719,130.667,0.834689,0.0
17.5833,0.0134648,129.895,0.851177,0.0
17.5812,0.0137717,130.331,0.846368,0.0
17.6011,0.0134911,130.314,0.844994,0.0
17.5921,0.0133468,130.583,0.834346,0.0
17.5772,0.0136206,128.99,0.841216,0.0
17.5908,0.0134951,131.17,0.844307,0.0
17.5918,0.0136163,129.577,0.829537,0.0
17.5994,0.0135927,130.281,0.830911,0.0
17.6187,0.0134339,130.818,0.839498,0.0
17.6176,0.0135857,129.191,0.843276,0.0
17.5928,0.0138857,130.415,0.849803,0.0
17.5755,0.0134461,130.633,0.833659,0.0
17.5931,0.0137364,131.103,0.846711,0.0
17.5928,0.0136652,129.14,0.852551,0.0
17.5759,0.0132902,129.929,0.832972,0.0
17.6031,0.013333,131.975,0.848429,0.0
17.6103,0.0133002,130.18,0.847398,0.0
17.5787,0.0135446,130.382,0.855642,0.0
17.5854,0.0136791,130.834,0.823354,0.0
17.5942,0.014022,130.969,0.831598,0.0
17.5908,0.0138664,130.482,0.845337,0.0
17.5984,0.0135883,129.929,0.851177,0.0
17.5936,0.0139048,130.969,0.849459,0.0
17.589,0.0137032,129.61,0.859421,0.0
17.5986,0.013791,131.706,0.81511,0.0
17.5846,0.0132384,130.583,0.841902,0.0
17.5796,0.0131651,131.153,0.851864,0.0
17.5894,0.0136525,131.338,0.841902,0.0
17.5842,0.013713,129.677,0.842589,0.0
17.5835,0.0139335,130.985,0.825071,0.0
17.5866,0.0135757,128.721,0.843963,0.0
17.5784,0.0136211,130.482,0.82988,0.0
17.5754,0.0138665,129.945,0.852551,0.0
17.596,0.0139165,131.304,0.827819,0.0
17.6025,0.0138116,130.549,0.812362,0.0
17.5906,0.0138436,130.096,0.842246,0.0
17.583,0.0134452,131.27,0.865947,0.0
17.5781,0.0136334,130.18,0.851177,0.0
17.5836,0.0135903,129.878,0.839155,0.0
17.5911,0.013878,130.18,0.866291,0.0
17.5936,0.0134957,129.811,0.837094,0.0
17.5886,0.0134398,130.348,0.833315,0.0
17.581,0.0138626,131.254,0.85152,0.0
17.5878,0.01403,131.623,0.842589,0.0
17.6094,0.0138922,130.784,0.84465,0.0
17.6088,0.0139365,131.136,0.859077,0.0
17.5876,0.0135027,131.052,0.855299,0.0
17.5867,0.0137774,129.459,0.838124,0.0
17.5922,0.0138512,128.419,0.849116,0.0
17.5869,0.0138244,129.442,0.835376,0.0
17.5951,0.0138769,131.639,0.853925,0.0
17.5964,0.0134825,129.241,0.827476,0.0
17.5824,0.0138766,132.26,0.842933,0.0
17.5856,0.0136131,131.338,0.838811,0.0
17.5935,0.0136113,130.918,0.828163,0.0
17.5793,0.0136322,130.969,0.854955,0.0
17.5699,0.0135225,131.556,0.826102,0.0
17.5777,0.0133616,129.845,0.838811,0.0
17.5758,0.0134832,129.878,0.82885,0.0
17.5612,0.0135154,129.509,0.841902,0.0
17.5639,0.0136802,131.472,0.866978,0.0
17.5861,0.0134251,130.398,0.855299,0.0
17.575,0.0136401,129.895,0.848085,0.0
17.5726,0.0140784,130.516,0.826445,0.0
17.6053,0.0138297,131.103,0.837781,0.0
17.6127,0.0135381,130.516,0.849803,0.0
17.6025,0.0136289,131.656,0.85152,0.0
17.5663,0.0136182,130.298,0.828163,0.0
17.5516,0.0133961,129.912,0.835376,0.0
17.5848,0.0134569,130.415,0.875908,0.0
17.5953,0.0136424,130.667,0.857016,0.0
17.5814,0.0138045,130.633,0.841559,0.0
17.5752,0.0133848,131.388,0.844994,0.0
17.567,0.0133532,130.247,0.824728,0.0
17.5809,0.0136018,130.985,0.834002,0.0
17.6058,0.0138974,128.587,0.83572,0.0
17.5887,0.0137665,130.398,0.845337,0.0
17.5755,0.013784,131.539,0.841902,0.0
17.6093,0.0137395,131.488,0.834689,0.0
17.6081,0.0136823,131.036,0.855299,0.0
17.5895,0.0139179,130.767,0.840185,0.0
17.5917,0.0137843,131.522,0.85839,0.0
17.5818,0.0137263,130.583,0.846368,0.0
17.587,0.0136812,131.304,0.839842,0.0
17.6001,0.0136033,131.304,0.845337,0.0
17.5847,0.013998,130.314,0.840872,0.0
17.576,0.013924,129.577,0.84362,0.0
17.5676,0.0136407,130.013,0.839155,0.0
17.5618,0.0138822,129.795,0.832285,0.0
17.5645,0.0134713,129.375,0.836407,0.0
17.5732,0.0135429,129.677,0.845681,0.0
17.6028,0.0135718,131.304,0.826789,0.0
17.5957,0.0135864,131.119,0.839155,0.0
17.573,0.013739,130.382,0.830567,0.0
17.5963,0.0132606,131.488,0.836063,0.0
17.6005,0.0134988,130.885,0.829193,0.0
17.5876,0.013331,129.66,0.847742,0.0
17.602,0.0138854,128.453,0.838811,0.0
17.5976,0.0134616,129.526,0.830911,0.0
17.5802,0.0136575,130.382,0.830224,0.0
17.5874,0.013733,130.6,0.866634,0.0
17.598,0.0136796,130.164,0.821293,0.0
17.591,0.0138958,130.717,0.860108,0.0
17.571,0.0137786,131.002,0.848085,0.0
17.5854,0.0136929,130.516,0.834689,0.0
17.6123,0.0132592,129.644,0.822323,0.0
17.596,0.0135067,130.432,0.851864,0.0
17.5819,0.0131575,130.013,0.828506,0.0
17.5881,0.0136444,131.656,0.827132,0.0
17.5831,0.0132989,130.264,0.843276,0.0
17.5784,0.0136025,130.935,0.85736,0.0
17.5835,0.0137505,129.862,0.841902,0.0
17.576,0.0136957,129.895,0.834002,0.0
17.5745,0.01379,131.338,0.812706,0.0
17.5793,0.0137832,130.164,0.850833,0.0
17.5861,0.0139753,130.314,0.82988,0.0
17.5752,0.0138725,130.734,0.857703,0.0
17.5709,0.0138491,128.922,0.847398,0.0
17.5869,0.0141421,130.6,0.82885,0.0
17.5978,0.0136951,130.029,0.843276,0.0
17.5857,0.0140451,130.935,0.830911,0.0
17.5747,0.0140059,130.499,0.823697,0.0
17.5676,0.01383,129.493,0.866291,0.0
17.5861,0.0137806,131.673,0.850146,0.0
17.6061,0.0137152,129.493,0.839498,0.0
17.5823,0.0133906,130.231,0.847055,0.0
17.5656,0.0135463,131.874,0.841559,0.0
17.5549,0.0135981,130.7,0.855986,0.0
17.5662,0.0136787,130.382,0.82885,0.0
17.5791,0.0138873,128.99,0.850833,0.0
17.5738,0.0137317,131.237,0.84465,0.0
17.5819,0.0138757,130.214,0.85839,0.0
17.5972,0.0139177,130.834,0.840529,0.0
17.5834,0.0135622,130.734,0.836063,0.0
17.5737,0.0139401,128.419,0.838124,0.0
17.6061,0.0136534,131.002,0.839842,0.0
17.5901,0.0136071,129.241,0.849803,0.0
17.5685,0.0138769,131.321,0.848772,0.0
17.5984,0.0136269,130.314,0.832972,0.0
17.5977,0.0134759,131.572,0.848772,0.0
17.595,0.0138037,130.046,0.829537,0.0
17.6114,0.0139976,129.845,0.809271,0.0
17.5975,0.0138377,131.119,0.830224,0.0
17.5842,0.0138668,131.036,0.846024,0.0
17.5811,0.0133714,129.56,0.841216,0.0
17.5855,0.0137166,131.036,0.854268,0.0
17.5953,0.0134939,131.086,0.827132,0.0
17.5893,0.0135418,131.975,0.833659,0.0
17.5923,0.0141235,129.862,0.846711,0.0
17.5837,0.0140324,131.572,0.827476,0.0
17.5967,0.013932,130.885,0.82988,0.0
17.6,0.0138504,131.019,0.840872,0.0
17.5753,0.0137125,130.096,0.817171,0.0
17.583,0.013653,131.354,0.868008,0.0
17.5923,0.0137807,129.157,0.854268,0.0
17.5742,0.0137799,130.197,0.836063,0.0
17.5828,0.0137825,130.767,0.826102,0.0
17.5962,0.0136319,131.371,0.829537,0.0
17.59,0.0135966,130.096,0.85049,0.0
17.5838,0.0134937,131.941,0.84362,0.0
17.5628,0.0136656,130.382,0.831598,0.0
17.5813,0.0137119,130.6,0.824384,0.0
17.6196,0.0134542,130.969,0.842589,0.0
17.5836,0.0139064,129.325,0.819575,0.0
17.5469,0.0137062,129.677,0.819919,0.0
17.5738,0.013442,132.025,0.811675,0.0
17.5986,0.0134087,130.231,0.843276,0.0
17.5957,0.0133532,130.147,0.838468,0.0
17.5871,0.0137247,130.801,0.835376,0.0
17.5866,0.0138639,130.532,0.853238,0.0
17.5897,0.0137575,130.935,0.841216,0.0
17.5772,0.0137695,130.08,0.862856,0.0
17.583,0.0135357,130.616,0.84362,0.0
17.592,0.0138124,130.348,0.829537,0.0
17.578,0.013519,130.834,0.822667,0.0
17.5635,0.0138323,130.868,0.862169,0.0
17.5689,0.0135751,130.214,0.849116,0.0
17.5938,0.0133639,129.543,0.82988,0.0
17.5925,0.0135028,131.606,0.833315,0.0
17.5906,0.013466,129.627,0.839498,0.0
17.6014,0.0135954,130.566,0.831254,0.0
17.5844,0.0134971,130.583,0.85049,0.0
17.5809,0.0138426,131.287,0.836407,0.0
17.5941,0.0137475,131.304,0.839498,0.0
17.5842,0.013616,130.734,0.860108,0.0
17.5901,0.0134929,130.935,0.866291,0.0
17.5949,0.0140769,129.677,0.836407,0.0
17.5876,0.0135248,131.153,0.845681,0.0
17.5847,0.01369,131.354,0.861138,0.0
17.5818,0.0137663,131.354,0.830911,0.0
17.5836,0.0135987,129.291,0.840185,0.0
17.5769,0.0136208,129.929,0.842589,0.0
17.5807,0.0135831,130.281,0.85049,0.0
17.5865,0.0135573,129.929,0.834689,0.0
17.5817,0.0135641,130.314,0.851864,0.0
17.584,0.0136251,130.549,0.838468,0.0
17.5724,0.013667,130.432,0.823354,0.0
17.5739,0.0139188,130.298,0.83572,0.0
17.5849,0.0137484,130.197,0.84362,0.0
17.5731,0.0136598,129.224,0.860795,0.0
17.6033,0.0138424,129.895,0.83572,0.0
17.6321,0.0138568,131.74,0.849459,0.0
17.5879,0.0140965,131.338,0.832628,0.0
17.5562,0.0137344,131.304,0.850833,0.0
17.587,0.013616,130.616,0.852894,0.0
17.6213,0.0137735,131.522,0.842246,0.0
17.6148,0.0138977,130.885,0.842933,0.0
17.5961,0.013616,130.113,0.862856,0.0
17.5903,0.0134129,129.526,0.848085,0.0
17.568,0.0135357,129.392,0.83675,0.0
17.5615,0.0134567,131.958,0.834689,0.0
17.573,0.0136266,129.593,0.85152,0.0
17.5564,0.0133563,130.08,0.839498,0.0
17.5717,0.0136013,130.667,0.83675,0.0
17.5909,0.0135351,130.901,0.858734,0.0
17.5716,0.0136982,131.606,0.85049,0.0
17.5839,0.0135538,130.549,0.854268,0.0
17.5919,0.0133049,130.398,0.834002,0.0
17.5749,0.0133443,128.386,0.830911,0.0
17.5655,0.0133647,131.706,0.85049,0.0
17.5694,0.0138793,131.941,0.83675,0.0
17.5911,0.0136435,129.945,0.835376,0.0
17.5895,0.0137897,128.99,0.832972,0.0
17.5777,0.0139152,129.962,0.833315,0.0
17.5874,0.0135604,130.331,0.834002,0.0
17.6014,0.0137063,129.442,0.839498,0.0
17.5947,0.0140892,131.086,0.831254,0.0
17.5916,0.0136139,130.885,0.830911,0.0
17.6087,0.0135609,129.577,0.826102,0.0
17.5938,0.0135218,130.482,0.837437,0.0
17.5756,0.0135467,129.929,0.84465,0.0
17.5803,0.0138353,131.287,0.837781,0.0
17.5971,0.0138661,130.566,0.855986,0.0
17.5959,0.013766,132.008,0.811675,0.0
17.5808,0.0136867,130.566,0.841559,0.0
17.5644,0.013738,129.61,0.828163,0.0
17.5812,0.0135721,132.411,0.832285,0.0
17.5937,0.0136677,128.973,0.847742,0.0
17.5806,0.0136947,129.727,0.835033,0.0
17.5813,0.0138662,131.17,0.838124,0.0
17.6006,0.0140477,129.442,0.848429,0.0
17.5802,0.013823,130.583,0.849116,0.0
17.5555,0.0136387,129.711,0.855299,0.0
17.5808,0.0135302,131.673,0.849803,0.0
17.594,0.0134414,130.767,0.850146,0.0
17.584,0.0136599,130.214,0.843963,0.0
17.5772,0.0137156,129.996,0.830567,0.0
17.5865,0.0133293,130.08,0.836063,0.0
17.5779,0.0134621,130.901,0.813049,0.0
17.5775,0.0138586,132.579,0.853581,0.0
17.6053,0.0135311,129.761,0.855642,0.0
17.6077,0.0138189,130.683,0.842589,0.0
17.6067,0.0136071,130.549,0.835033,0.0
17.6192,0.0136394,129.929,0.857703,0.0
17.6139,0.013486,130.717,0.843963,0.0
17.6018,0.0134509,129.996,0.860795,0.0
17.6148,0.0135014,129.778,0.82198,0.0
17.5939,0.0135645,129.66,0.868351,0.0
17.5736,0.0133253,131.589,0.866978,0.0
17.6032,0.0135131,131.69,0.867321,0.0
17.6095,0.0134929,131.941,0.837437,0.0
17.5876,0.0136269,129.627,0.829193,0.0
17.5909,0.0136209,130.616,0.825071,0.0
17.5924,0.0141427,129.778,0.858047,0.0
17.5709,0.0136726,130.734,0.861138,0.0
17.5737,0.0137758,131.119,0.83572,0.0
17.5748,0.0137241,129.979,0.809614,0.0
17.5836,0.0137651,131.237,0.842589,0.0
17.6145,0.0134328,129.66,0.843963,0.0
17.5745,0.0134313,131.002,0.847742,0.0
17.5445,0.0138028,130.398,0.845681,0.0
17.5801,0.0136739,131.321,0.850833,0.0
17.5926,0.0137096,131.405,0.860795,0.0
17.5787,0.0136404,131.287,0.858734,0.0
17.5775,0.013572,130.063,0.837437,0.0
17.5962,0.0135238,131.925,0.839842,0.0
17.6089,0.0136682,130.432,0.82301,0.0
17.5989,0.0134451,128.587,0.846711,0.0
17.5868,0.0134029,130.751,0.852894,0.0
17.6021,0.0137297,130.868,0.860795,0.0
17.5926,0.0134829,130.465,0.843276,0.0
17.5628,0.0133062,129.644,0.829193,0.0
17.5767,0.0134912,129.509,0.857016,0.0
17.5951,0.0135335,128.973,0.834346,0.0
17.5893,0.0135881,130.616,0.839498,0.0
17.5966,0.0134533,130.717,0.855299,0.0
17.5958,0.0137246,129.711,0.832285,0.0
17.5735,0.0135812,129.811,0.841216,0.0
17.5709,0.0134805,130.314,0.853925,0.0
17.5794,0.013634,131.237,0.816484,0.0
17.5908,0.0139509,132.646,0.838811,0.0
17.5874,0.0134927,130.147,0.857016,0.0
17.5863,0.0133567,131.119,0.839498,0.0
17.5931,0.0137339,130.834,0.842589,0.0
17.5764,0.0137154,128.855,0.831598,0.0
17.5701,0.0135902,129.627,0.850146,0.0
17.5823,0.0137828,130.7,0.865947,0.0
17.5767,0.0137722,130.449,0.835376,0.0
17.5697,0.0135724,130.314,0.848772,0.0
17.5752,0.0135554,130.214,0.833315,0.0
17.5748,0.0136905,129.795,0.851177,0.0
17.5931,0.0132615,131.086,0.869725,0.0
17.591,0.0134665,131.354,0.847742,0.0
17.5925,0.0136135,130.834,0.828506,0.0
17.5919,0.013535,130.734,0.840529,0.0
17.5793,0.0137736,131.371,0.839155,0.0
17.5861,0.0139522,130.616,0.831941,0.0
17.6037,0.0138241,131.354,0.82988,0.0
17.5984,0.0136573,129.593,0.862856,0.0
17.5739,0.0137366,130.147,0.838124,0.0
17.5722,0.0136449,131.405,0.840185,0.0
17.5904,0.0137824,128.973,0.830224,0.0
17.5868,0.0137701,130.231,0.82301,0.0
17.5792,0.0134142,129.979,0.847742,0.0
17.5943,0.013314,129.929,0.842246,0.0
17.5898,0.0137439,130.046,0.847398,0.0
17.5777,0.0137809,129.057,0.85152,0.0
17.5837,0.0136751,130.398,0.824728,0.0
17.5753,0.0134318,130.482,0.830567,0.0
17.5833,0.0135449,130.063,0.849459,0.0
17.5758,0.0135736,130.717,0.821636,0.0
17.5536,0.0135905,130.935,0.855642,0.0
17.5857,0.0136052,130.063,0.851177,0.0
17.5815,0.0137657,131.572,0.840529,0.0
17.5642,0.0137,132.428,0.817171,0.0
17.587,0.0137699,129.862,0.853238,0.0
17.6004,0.0139766,130.482,0.838468,0.0
17.5834,0.0134745,132.394,0.822667,0.0
17.5767,0.0134821,131.74,0.837437,0.0
17.5873,0.0137909,129.325,0.830224,0.0
17.5902,0.0137805,131.237,0.843963,0.0
17.5859,0.0136476,130.969,0.847398,0.0
17.5784,0.0134332,131.405,0.85152,0.0
17.5812,0.0136709,131.673,0.841559,0.0
17.5993,0.0137662,129.845,0.833659,0.0
17.6098,0.0136967,129.459,0.838811,0.0
17.5922,0.0132883,130.751,0.841216,0.0
17.5841,0.0131925,129.912,0.847055,0.0
17.5899,0.0134917,131.488,0.821636,0.0
17.594,0.013597,130.499,0.834689,0.0
17.5905,0.0134479,130.583,0.830224,0.0
17.5846,0.0136589,131.388,0.839842,0.0
17.5952,0.0136728,129.224,0.844307,0.0
17.5976,0.0135263,131.388,0.84362,0.0
17.5991,0.0137216,130.449,0.845681,0.0
17.5975,0.0133586,131.472,0.85049,0.0
17.5821,0.0138338,130.801,0.841559,0.0
17.565,0.0135886,129.275,0.846024,0.0
17.5646,0.0133701,131.036,0.834002,0.0
17.6032,0.0137912,130.667,0.82885,0.0
17.6055,0.0141348,129.157,0.848429,0.0
17.5819,0.0134788,131.002,0.841559,0.0
17.5882,0.0138955,129.358,0.862512,0.0
17.6108,0.0137814,130.566,0.840185,0.0
17.603,0.0138583,130.885,0.846368,0.0
17.595,0.013666,130.767,0.85736,0.0
17.6067,0.0137247,130.935,0.830567,0.0
17.5928,0.0136372,130.164,0.820606,0.0
17.5805,0.013699,130.717,0.834002,0.0
17.5891,0.013493,130.901,0.840529,0.0
17.5948,0.013737,129.577,0.84362,0.0
17.5893,0.0132609,131.74,0.862856,0.0
17.5779,0.013734,129.275,0.862169,0.0
17.6012,0.0139778,131.824,0.843276,0.0
17.6146,0.013754,130.583,0.808927,0.0
17.5907,0.0138015,130.516,0.83675,0.0
17.5833,0.0134019,130.65,0.826102,0.0
17.584,0.0133928,130.348,0.841559,0.0
17.5921,0.0136212,131.203,0.853925,0.0
17.6013,0.0133895,129.845,0.861138,0.0
17.5708,0.013807,129.878,0.855299,0.0
17.5588,0.0136522,131.052,0.857703,0.0
17.5945,0.0133805,130.264,0.860451,0.0
17.5877,0.0132799,130.398,0.837781,0.0
17.5676,0.013647,130.6,0.82885,0.0
17.5941,0.0140167,129.711,0.83572,0.0
17.6072,0.0135566,131.338,0.829537,0.0
17.5897,0.0137233,130.465,0.838124,0.0
17.5707,0.0139299,131.321,0.862169,0.0
17.5896,0.0136755,130.818,0.84362,0.0
17.6141,0.0137033,132.361,0.854268,0.0
17.6013,0.0133474,130.969,0.868008,0.0
17.5945,0.0135298,130.415,0.826445,0.0
17.6033,0.0137199,130.247,0.849803,0.0
17.5933,0.013783,130.013,0.822323,0.0
17.589,0.0133939,130.683,0.85152,0.0
17.59,0.0136382,130.583,0.831598,0.0
17.5796,0.0138516,131.74,0.822323,0.0
17.5883,0.0140311,129.241,0.835033,0.0
17.589,0.0139295,131.002,0.844994,0.0
17.5698,0.0136701,131.539,0.859421,0.0
17.5706,0.0135925,130.918,0.820606,0.0
17.5807,0.0136378,131.522,0.84362,0.0
17.5803,0.0134278,130.331,0.839498,0.0
17.5873,0.0134156,130.566,0.830224,0.0
17.5978,0.0137938,130.264,0.821293,0.0
17.5783,0.0135292,130.566,0.868351,0.0
17.5749,0.0136777,131.119,0.853238,0.0
17.5878,0.0138446,131.086,0.859421,0.0
17.5902,0.0134877,131.203,0.839842,0.0
17.5927,0.0138312,129.677,0.843276,0.0
17.5942,0.0140105,131.706,0.83572,0.0
17.5867,0.0137324,130.985,0.849459,0.0
17.5879,0.013295,130.952,0.854612,0.0
17.5743,0.0132505,129.677,0.855299,0.0
17.5742,0.0134292,130.499,0.869382,0.0
17.5859,0.0139897,130.717,0.856673,0.0
17.5821,0.0134967,131.488,0.813393,0.0
17.601,0.0133258,129.778,0.835033,0.0
17.6031,0.0137739,130.549,0.840185,0.0
17.5675,0.0137171,130.348,0.849116,0.0
17.5703,0.0135122,130.298,0.843276,0.0
17.6159,0.0133481,130.314,0.845681,0.0
17.6289,0.013863,129.795,0.839155,0.0
17.6093,0.0135379,129.996,0.855986,0.0
17.5799,0.013499,130.7,0.854612,0.0
17.5583,0.0136432,131.338,0.839155,0.0
17.5878,0.0134788,130.281,0.837094,0.0
17.6009,0.0136422,131.623,0.846711,0.0
17.5829,0.0134596,130.7,0.844994,0.0
17.574,0.0134656,129.56,0.845681,0.0
17.5851,0.0137791,129.996,0.852207,0.0
17.6197,0.0138325,130.751,0.836407,0.0
17.6202,0.0137765,130.499,0.84465,0.0
17.5829,0.0138727,130.398,0.847398,0.0
17.5843,0.0133285,129.979,0.841902,0.0
17.603,0.0134089,129.174,0.835376,0.0
17.6098,0.0135801,131.002,0.820949,0.0
17.5992,0.0133624,131.807,0.833659,0.0
17.5774,0.0131864,130.08,0.847398,0.0
17.5761,0.0133367,129.845,0.848429,0.0
17.5773,0.0133838,131.002,0.827476,0.0
17.5631,0.0135724,131.036,0.847742,0.0
17.5641,0.0139445,130.918,0.832628,0.0
17.5911,0.0137305,131.22,0.841559,0.0
17.5955,0.0135077,129.811,0.847398,0.0
17.5798,0.0136213,130.65,0.837094,0.0
17.5803,0.0133804,130.633,0.854612,0.0
17.5784,0.0133547,129.845,0.842933,0.0
17.5876,0.0134558,131.539,0.82885,0.0
17.6014,0.0136857,130.231,0.834002,0.0
17.5735,0.0137837,129.09,0.846024,0.0
17.5792,0.0134493,131.22,0.831254,0.0
17.5884,0.01364,129.224,0.818888,0.0
17.5709,0.0138863,130.918,0.824384,0.0
17.6025,0.0137532,131.187,0.84362,0.0
17.5903,0.013809,129.795,0.831254,0.0
17.5693,0.0138322,130.046,0.839842,0.0
17.584,0.0136381,129.107,0.839155,0.0
17.5709,0.0130416,130.432,0.831598,0.0
17.5694,0.0137977,130.113,0.854955,0.0
17.5934,0.0137364,131.74,0.822667,0.0
17.5907,0.0139004,130.465,0.831254,0.0
17.5814,0.0133315,130.398,0.842933,0.0
17.594,0.0135238,130.818,0.852894,0.0
17.6046,0.0135097,130.231,0.836063,0.0
17.5965,0.0137324,131.589,0.840185,0.0
17.6016,0.0140249,130.331,0.838468,0.0
17.6098,0.013436,130.214,0.824384,0.0
17.599,0.0134858,130.499,0.87316,0.0
17.5849,0.0138371,131.103,0.826789,0.0
17.5819,0.0140827,130.432,0.848085,0.0
17.5868,0.0139419,131.706,0.843963,0.0
17.5925,0.013588,130.365,0.833659,0.0
17.6089,0.0138316,130.415,0.843276,0.0
17.6008,0.0138539,130.164,0.822323,0.0
17.5746,0.0136928,131.371,0.833659,0.0
17.5825,0.0134062,130.935,0.828506,0.0
17.5811,0.0137792,130.113,0.818201,0.0
17.5606,0.0135265,131.086,0.848429,0.0
17.5535,0.0136063,130.147,0.841216,0.0
17.5805,0.0136352,130.583,0.833659,0.0
17.5811,0.0138566,130.532,0.848772,0.0
17.5715,0.0136122,130.868,0.839842,0.0
17.575,0.0137112,130.717,0.829537,0.0
17.5602,0.0137281,129.912,0.83675,0.0
17.5741,0.0134414,130.314,0.827476,0.0
17.5978,0.0132559,128.621,0.83572,0.0
17.5927,0.013834,130.734,0.85152,0.0
17.577,0.0138099,131.589,0.841216,0.0
17.5734,0.0139838,130.231,0.839498,0.0
17.5874,0.0135121,129.14,0.854268,0.0
17.6067,0.0134089,129.996,0.847398,0.0
17.6021,0.0134574,130.65,0.847742,0.0
17.5992,0.0135159,133.769,0.829193,0.0
18.0353,0.0166215,129.878,0.839498,0.0
25.9723,0.105169,127.883,0.880717,0.0
52.719,0.193512,133.468,1.07067,0.0
74.4629,0.0669281,183.866,0.894457,0.0
70.2468,0.0768101,165.568,0.882778,0.0
64.4155,0.0414365,166.977,0.881061,0.0
64.4463,0.0416922,168.218,0.900983,0.0
60.5385,0.0486167,172.277,0.870756,0.0
57.4346,0.0366747,175.681,0.885526,0.0
56.4878,0.0378731,175.413,0.874191,0.0
54.3319,0.0403017,177.291,0.911975,0.0
52.4786,0.0389516,176.235,0.881061,0.0
51.1976,0.0403664,174.574,0.88587,0.0
49.5314,0.0429039,176.252,0.898922,0.0
47.9999,0.0433419,174.642,0.876595,0.0
46.5645,0.0441938,175.916,0.888961,0.0
44.9588,0.0453326,174.39,0.872817,0.0
43.4586,0.0449045,171.203,0.876252,0.0
42.115,0.0436559,171.774,0.870756,0.0
40.8633,0.0423551,172.713,0.876939,0.0
39.8143,0.0413748,170.281,0.893427,0.0
38.895,0.0400162,170.147,0.870412,0.0
37.9849,0.0390664,170.667,0.867664,0.0
37.1603,0.039099,169.023,0.853925,0.0
36.3732,0.0381391,168.403,0.85736,0.0
35.6062,0.0376082,167.966,0.874191,0.0
34.9522,0.0366856,168.57,0.878313,0.0
34.3216,0.0355552,166.172,0.862512,0.0
33.681,0.0340585,164.78,0.859764,0.0
33.0936,0.0338365,166.273,0.883465,0.0
32.5326,0.0339073,164.897,0.882091,0.0
31.98,0.0328375,163.505,0.869382,0.0
31.4433,0.0316391,163.203,0.869725,0.0
30.9208,0.03068,161.644,0.86423,0.0
30.4761,0.0302898,161.61,0.862512,0.0
30.052,0.0302274,160.034,0.855299,0.0
29.6072,0.0297223,158.558,0.853581,0.0
29.2163,0.028817,159.983,0.865604,0.0
28.8115,0.0279673,159.966,0.866978,0.0
28.3656,0.0276468,157.635,0.87213,0.0
27.9922,0.0267595,159.145,0.850146,0.0
27.6495,0.0260363,158.994,0.861825,0.0
27.2823,0.0260729,157.099,0.85736,0.0
26.9397,0.0255366,156.478,0.848085,0.0
26.6504,0.0247,155.589,0.87316,0.0
26.3743,0.0243316,155.505,0.836063,0.0
26.0949,0.0242872,154.096,0.86526,0.0
25.8508,0.0237864,155.153,0.860108,0.0
25.5902,0.0233192,153.761,0.849459,0.0
25.3149,0.0231011,153.04,0.854612,0.0
25.1047,0.0230568,153.375,0.882091,0.0
24.8924,0.02256,150.222,0.861825,0.0
24.6334,0.0224431,151.078,0.849459,0.0
24.4254,0.0216012,150.742,0.844307,0.0
24.2435,0.0214241,149.082,0.868351,0.0
24.0261,0.0214176,151.111,0.834346,0.0
23.786,0.0216131,147.488,0.874878,0.0
23.5088,0.0217419,149.199,0.86423,0.0
23.253,0.0228942,148.327,0.870069,0.0
22.9984,0.0243381,147.17,0.885183,0.0
22.7224,0.0252307,146.532,0.829193,0.0
22.5504,0.0246714,147.203,0.870756,0.0
22.4795,0.0235969,144.537,0.848085,0.0
22.3316,0.0229978,146.734,0.853238,0.0
22.1415,0.0229715,145.325,0.843276,0.0
22.0037,0.0231568,144.52,0.869382,0.0
21.8643,0.0234702,145.66,0.860795,0.0
21.7116,0.0236524,145.358,0.873504,0.0
21.602,0.0232134,144.637,0.850833,0.0
21.4674,0.0229252,143.933,0.853238,0.0
21.2809,0.0226009,142.792,0.83675,0.0
21.1873,0.0228802,143.581,0.872817,0.0
21.1227,0.0230361,142.306,0.855642,0.0
20.9829,0.0222181,143.262,0.853925,0.0
20.8328,0.0220337,140.109,0.843963,0.0
20.7227,0.0221456,142.038,0.857703,0.0
20.6404,0.022313,141.937,0.848085,0.0
20.5458,0.0217345,141.199,0.859077,0.0
20.3923,0.0218694,140.746,0.848772,0.0
20.2252,0.0220875,140.881,0.859077,0.0
20.1013,0.0217381,140.159,0.862856,0.0
19.9963,0.0217866,139.874,0.863543,0.0
19.8761,0.0216127,139.74,0.824384,0.0
19.781,0.0207824,136.654,0.848085,0.0
19.6896,0.0201412,137.744,0.843963,0.0
19.571,0.0199941,138.348,0.867321,0.0
19.5074,0.0202332,138.549,0.822667,0.0
19.4792,0.020362,136.704,0.853581,0.0
19.4055,0.0199756,138.432,0.852551,0.0
19.3474,0.0199348,136.503,0.857016,0.0
19.2825,0.0197078,137.358,0.832285,0.0
19.1665,0.018954,134.356,0.840529,0.0
19.0912,0.0183145,137.006,0.850833,0.0
19.0334,0.0174159,136.704,0.854955,0.0
18.8933,0.0168702,135.463,0.861825,0.0
18.7587,0.015378,135.212,0.84465,0.0
18.6904,0.014754,135.53,0.840872,0.0
18.6351,0.014547,134.34,0.84465,0.0
18.5974,0.0144088,133.199,0.856329,0.0
18.5842,0.0145421,134.977,0.832972,0.0
18.5665,0.0149125,134.759,0.838468,0.0
18.5387,0.0147212,134.574,0.837094,0.0
18.5042,0.0146778,133.736,0.852894,0.0
18.4646,0.0142637,135.715,0.855986,0.0
18.4211,0.0143531,135.111,0.853581,0.0
18.3812,0.0144525,132.864,0.844994,0.0
18.3344,0.0140351,134.876,0.852551,0.0
18.2922,0.0140416,133.065,0.836407,0.0
18.2837,0.0141307,131.706,0.833315,0.0
18.2431,0.0142981,131.119,0.863199,0.0
18.2078,0.014128,133.769,0.862169,0.0
18.215,0.0143566,131.354,0.844307,0.0
18.2018,0.0141766,134.256,0.846711,0.0
18.173,0.0144206,134.373,0.865604,0.0
18.1778,0.0139516,133.099,0.83572,0.0
18.1803,0.013927,134.122,0.825071,0.0
18.1642,0.0143547,133.786,0.848772,0.0
18.1567,0.0141371,133.199,0.840529,0.0
18.1394,0.0144039,132.512,0.84465,0.0
18.1217,0.0143894,132.428,0.847055,0.0
18.1029,0.0140736,132.83,0.846711,0.0
18.0924,0.0138467,134.776,0.850833,0.0
18.0858,0.0141766,132.394,0.830911,0.0
18.0707,0.0138795,133.149,0.842589,0.0
18.0863,0.0139997,132.545,0.849803,0.0
18.083,0.0140117,131.874,0.837437,0.0
18.0496,0.0142499,132.545,0.837094,0.0
18.0454,0.0138979,133.065,0.831598,0.0
18.0504,0.01388,130.834,0.843963,0.0
18.0453,0.0140942,132.78,0.840529,0.0
18.0201,0.0142629,132.21,0.830911,0.0
17.9997,0.0136559,131.673,0.83572,0.0
18.0047,0.0140497,131.824,0.823697,0.0
17.9981,0.0140071,131.103,0.857703,0.0
17.992,0.0141448,133.099,0.860451,0.0
18.0028,0.0142496,130.247,0.834689,0.0
17.9925,0.0143533,132.21,0.861825,0.0
17.9694,0.0137993,133.518,0.839155,0.0
17.9717,0.0140154,131.79,0.840185,0.0
17.9437,0.0141079,130.801,0.826789,0.0
17.9147,0.0137779,132.008,0.82988,0.0
17.9376,0.0138439,132.931,0.837437,0.0
17.9455,0.0137908,132.075,0.842246,0.0
17.922,0.0138901,131.539,0.864573,0.0
17.9214,0.0138189,133.535,0.846711,0.0
17.9284,0.0134554,131.757,0.839498,0.0
17.8996,0.0142445,131.975,0.841902,0.0
17.8968,0.0143408,131.539,0.828506,0.0
17.9051,0.0138372,131.925,0.859077,0.0
17.8896,0.0138393,131.136,0.82988,0.0
17.8981,0.0143063,132.109,0.838468,0.0
17.898,0.0137605,130.7,0.845337,0.0
17.8691,0.0137859,131.656,0.851864,0.0
17.8793,0.013893,130.969,0.847055,0.0
17.8817,0.013725,132.143,0.843276,0.0
17.8426,0.01378,132.159,0.832285,0.0
17.8243,0.0136644,131.27,0.837437,0.0
17.8446,0.0135017,131.505,0.863886,0.0
17.8454,0.0138709,131.019,0.849116,0.0
17.8256,0.0139807,130.314,0.846711,0.0
17.7954,0.0138136,130.482,0.836407,0.0
17.7863,0.0137608,131.388,0.826445,0.0
17.8004,0.0136751,130.717,0.82198,0.0
17.807,0.0140526,130.549,0.831254,0.0
17.8132,0.0137971,132.361,0.853581,0.0
17.8199,0.0138121,131.673,0.838811,0.0
17.8064,0.0139527,130.767,0.850833,0.0
17.7968,0.0139908,131.74,0.857016,0.0
17.8186,0.0140342,132.646,0.850833,0.0
17.8249,0.0134315,130.767,0.853581,0.0
17.8168,0.0141081,131.187,0.853238,0.0
17.8262,0.0138,131.136,0.824384,0.0
17.8098,0.0135972,131.74,0.854612,0.0
17.7939,0.0138579,130.918,0.850146,0.0
17.8018,0.0133198,132.193,0.826789,0.0
17.8008,0.0136319,130.734,0.850833,0.0
17.7935,0.0136722,131.874,0.850833,0.0
17.7933,0.013813,130.6,0.832972,0.0
17.7681,0.0134585,131.388,0.840872,0.0
17.7479,0.0139033,132.512,0.82198,0.0
17.7708,0.0139069,131.656,0.859764,0.0
17.7553,0.0136325,132.126,0.854955,0.0
17.7326,0.0139644,131.254,0.862856,0.0
17.7734,0.0133879,131.623,0.832628,0.0
17.7832,0.0143555,130.801,0.853238,0.0
17.7668,0.0139082,130.751,0.84362,0.0
17.7631,0.0133004,132.092,0.866634,0.0
17.7513,0.0141083,131.371,0.860795,0.0
17.7486,0.0138518,130.264,0.850833,0.0
17.748,0.0137243,132.528,0.821293,0.0
17.7479,0.0139678,130.08,0.866634,0.0
17.7483,0.0134946,131.472,0.827476,0.0
17.737,0.0136164,131.036,0.853925,0.0
17.7395,0.0138133,131.237,0.833315,0.0
17.7597,0.0136168,131.824,0.841559,0.0
17.7464,0.0135731,131.488,0.863886,0.0
17.7113,0.0139306,131.136,0.852894,0.0
17.7148,0.0136584,129.627,0.866634,0.0
17.737,0.0138124,131.925,0.852894,0.0
17.7486,0.0140679,131.254,0.82301,0.0
17.7396,0.0134805,131.119,0.836063,0.0
17.7256,0.013707,130.7,0.852894,0.0
17.7108,0.0141335,130.583,0.844307,0.0
17.6953,0.0139602,130.717,0.840872,0.0
17.7077,0.0137489,129.862,0.834002,0.0
17.707,0.0138039,131.572,0.826102,0.0
17.7013,0.013937,131.388,0.839842,0.0
17.7215,0.0139144,131.338,0.84465,0.0
17.7155,0.0135618,131.052,0.856673,0.0
17.6977,0.0140953,130.767,0.861825,0.0
17.7028,0.0140657,130.449,0.842933,0.0
17.7035,0.0138827,131.908,0.854612,0.0
17.7152,0.0137572,129.912,0.841559,0.0
17.7177,0.0132311,130.851,0.854955,0.0
17.6962,0.0136805,131.757,0.851177,0.0
17.6873,0.0135713,131.187,0.853925,0.0
17.7003,0.013904,130.214,0.869038,0.0
17.7178,0.0134438,129.962,0.839155,0.0
17.7061,0.0136573,131.656,0.840529,0.0
17.6844,0.0137772,130.331,0.855642,0.0
17.6939,0.0135292,131.287,0.855986,0.0
17.7009,0.0139825,132.126,0.842589,0.0
17.6795,0.013245,129.627,0.848429,0.0
17.6829,0.0136669,131.522,0.841559,0.0
17.702,0.0134035,131.673,0.835033,0.0
17.6789,0.0139571,131.22,0.848772,0.0
17.6747,0.0135253,131.405,0.854612,0.0
17.6877,0.0141733,130.231,0.842589,0.0
17.7018,0.0136108,131.119,0.841216,0.0
17.6904,0.0139181,130.801,0.838124,0.0
17.6583,0.013365,130.18,0.830224,0.0
17.6694,0.0134946,129.996,0.826445,0.0
17.6694,0.0142656,130.18,0.844994,0.0
17.6835,0.0139082,132.159,0.847398,0.0
17.7034,0.0136057,129.291,0.848085,0.0
17.6735,0.0137224,131.539,0.857016,0.0
17.67,0.0139532,130.331,0.817514,0.0
17.6672,0.0137446,130.264,0.860795,0.0
17.6539,0.0139931,131.086,0.829537,0.0
17.6583,0.0135458,130.029,0.841216,0.0
17.6533,0.0134396,130.499,0.824384,0.0
17.6601,0.0135104,131.136,0.83572,0.0
17.6728,0.013813,131.908,0.841216,0.0
17.656,0.0138871,131.036,0.817514,0.0
17.6648,0.0138067,131.237,0.849803,0.0
17.6687,0.0137706,130.013,0.865947,0.0
17.6283,0.0134211,131.304,0.842589,0.0
17.6473,0.0137047,130.314,0.839498,0.0
17.6792,0.0136869,130.231,0.843963,0.0
17.6474,0.0133199,129.895,0.846368,0.0
17.6148,0.0136238,130.415,0.842589,0.0
17.6454,0.0134332,130.549,0.857016,0.0
17.6674,0.0138478,130.465,0.854955,0.0
17.6353,0.0136488,130.247,0.838811,0.0
17.6386,0.0137972,131.488,0.847055,0.0
17.661,0.0134694,131.656,0.836407,0.0
17.6611,0.0137831,130.583,0.852207,0.0
17.6445,0.0135057,129.811,0.829537,0.0
17.6376,0.0133912,130.348,0.857703,0.0
17.6789,0.0135949,131.891,0.843963,0.0
17.6816,0.0140477,130.683,0.82198,0.0
17.6427,0.0138493,130.231,0.838124,0.0
17.6494,0.0139729,129.627,0.849803,0.0
17.6645,0.013721,129.442,0.840185,0.0
17.6549,0.0138328,130.449,0.854268,0.0
17.6311,0.0137347,130.818,0.833659,0.0
17.621,0.0134361,130.65,0.846368,0.0
17.6403,0.0134511,131.019,0.827819,0.0
17.656,0.0137591,130.096,0.852894,0.0
17.639,0.0140121,131.052,0.82301,0.0
17.6287,0.0137504,131.036,0.870069,0.0
17.6387,0.0135976,129.912,0.831941,0.0
17.6481,0.0138134,130.935,0.854612,0.0
17.646,0.013548,129.157,0.820949,0.0
17.6388,0.0133593,129.929,0.837781,0.0
17.6488,0.0135136,129.711,0.805836,0.0
17.6456,0.0136654,131.338,0.843276,0.0
17.6379,0.0136436,131.27,0.843963,0.0
17.6426,0.0136643,131.17,0.855642,0.0
17.6335,0.0131279,132.411,0.836407,0.0
17.6402,0.0137828,130.046,0.853238,0.0
17.6639,0.0137077,131.136,0.826789,0.0
17.6634,0.0138033,131.086,0.846024,0.0
17.6542,0.0137515,131.187,0.833315,0.0
17.6436,0.0136126,129.795,0.850146,0.0
17.6249,0.0137005,130.985,0.848429,0.0
17.6284,0.0137119,129.073,0.853238,0.0
17.6309,0.0136512,129.778,0.829537,0.0
17.6275,0.0134942,130.365,0.84362,0.0
17.6235,0.0139359,132.226,0.858734,0.0
17.6094,0.0138542,130.013,0.829193,0.0
17.6198,0.013838,130.952,0.829193,0.0
17.643,0.0136312,132.444,0.854955,0.0
17.6444,0.0138197,129.509,0.839842,0.0
17.6404,0.0134927,131.556,0.822323,0.0
17.6384,0.0136597,130.147,0.840529,0.0
17.6352,0.013738,129.694,0.839498,0.0
17.6386,0.0134043,130.801,0.831254,0.0
17.6337,0.0138035,131.203,0.852894,0.0
17.6193,0.0135614,129.845,0.81511,0.0
17.6249,0.0136525,130.499,0.839842,0.0
17.6214,0.0139528,129.945,0.824384,0.0
17.6193,0.0137781,130.6,0.841216,0.0
17.6445,0.0137747,131.237,0.846711,0.0
17.6545,0.0138607,131.941,0.85049,0.0
17.6549,0.0135949,129.694,0.841216,0.0
17.6498,0.013552,131.455,0.826789,0.0
17.6291,0.0138037,129.073,0.825758,0.0
17.642,0.0134855,131.27,0.85049,0.0
17.6572,0.0133584,130.667,0.848772,0.0
17.6166,0.0133483,130.164,0.81614,0.0
17.6036,0.013275,130.18,0.852894,0.0
17.6254,0.0137475,130.985,0.850833,0.0
17.6258,0.0136054,131.254,0.836407,0.0
17.6246,0.0134901,130.566,0.852551,0.0
17.6158,0.0136221,130.566,0.848085,0.0
17.6215,0.0134069,129.778,0.841902,0.0
17.624,0.0136297,131.405,0.827476,0.0
17.638,0.0138482,131.874,0.841902,0.0
17.656,0.01394,131.874,0.841216,0.0
17.6252,0.0137034,130.147,0.832285,0.0
17.6157,0.0139734,130.767,0.855642,0.0
17.6344,0.0137201,132.746,0.832628,0.0
17.6231,0.0138278,132.126,0.858047,0.0
17.6048,0.0137651,130.767,0.85736,0.0
17.5995,0.013689,130.65,0.860795,0.0
17.6012,0.0137016,130.818,0.847055,0.0
17.6252,0.0137272,130.7,0.849803,0.0
17.6315,0.0134255,129.862,0.83675,0.0
17.618,0.0138487,131.371,0.84362,0.0
17.6183,0.0138184,131.22,0.833659,0.0
17.6156,0.013828,130.549,0.847055,0.0
17.6115,0.0138502,130.331,0.83675,0.0
17.6304,0.0137961,131.673,0.813736,0.0
17.6354,0.0133289,129.727,0.848772,0.0
17.6078,0.0135446,131.488,0.860795,0.0
17.6145,0.0138201,131.673,0.825758,0.0
17.645,0.0138183,131.706,0.83572,0.0
17.6107,0.0135871,129.694,0.833659,0.0
17.5688,0.013608,130.6,0.854955,0.0
17.5955,0.0136597,130.516,0.840872,0.0
17.617,0.0136421,129.325,0.85152,0.0
17.6015,0.0135879,129.694,0.840529,0.0
17.6001,0.0136605,129.677,0.820262,0.0
17.6192,0.013704,131.388,0.845681,0.0
17.6238,0.0136064,129.358,0.848085,0.0
17.6297,0.0139312,130.314,0.843276,0.0
17.621,0.0138271,129.795,0.818545,0.0
17.5931,0.0136985,132.881,0.833315,0.0
17.5836,0.0138024,130.532,0.842589,0.0
17.5884,0.0135013,128.235,0.838468,0.0
17.6038,0.0136473,131.472,0.849459,0.0
17.6142,0.0138577,130.7,0.840872,0.0
17.6068,0.013633,131.254,0.839155,0.0
17.594,0.0133762,129.644,0.832972,0.0
17.6096,0.013293,131.203,0.853581,0.0
17.6353,0.0134556,131.321,0.817858,0.0
17.6274,0.0138284,131.17,0.862169,0.0
17.6107,0.0136429,130.365,0.849803,0.0
17.6078,0.0136785,131.338,0.849803,0.0
17.6045,0.0135732,131.505,0.852551,0.0
17.6129,0.0136988,129.09,0.83675,0.0
17.6111,0.0138192,130.583,0.87213,0.0
17.5923,0.0141808,130.566,0.835376,0.0
17.6041,0.0138672,131.405,0.85736,0.0
17.6302,0.0136717,131.203,0.856329,0.0
17.6138,0.0135062,130.751,0.854955,0.0
17.5854,0.0135404,130.197,0.83572,0.0
17.589,0.0134038,130.18,0.852894,0.0
17.6011,0.0133195,128.906,0.835376,0.0
17.6104,0.0131881,130.298,0.846711,0.0
17.6136,0.0136295,130.834,0.859421,0.0
17.6038,0.0135467,129.358,0.842589,0.0
17.6058,0.0137744,131.17,0.832285,0.0
17.6036,0.0140453,129.895,0.866291,0.0
17.5941,0.0138975,129.61,0.85049,0.0
17.6003,0.013259,131.354,0.822667,0.0
17.5869,0.0136842,130.918,0.839842,0.0
17.5837,0.0131761,130.868,0.82198,0.0
17.6153,0.0137819,131.321,0.856673,0.0
17.6179,0.0137062,130.113,0.836407,0.0
17.598,0.0136261,129.996,0.838124,0.0
17.6016,0.0137578,131.421,0.859077,0.0
17.6142,0.0135945,130.952,0.83675,0.0
17.593,0.0137819,129.493,0.830911,0.0
17.5803,0.0135427,130.801,0.852894,0.0
17.5763,0.0136533,129.09,0.851864,0.0
17.5761,0.0135262,131.74,0.844994,0.0
17.6028,0.0136554,128.503,0.834346,0.0
17.6122,0.0136469,130.465,0.834689,0.0
17.6017,0.0133221,131.807,0.833659,0.0
17.5966,0.0135293,131.857,0.840529,0.0
17.5962,0.0135444,131.052,0.825071,0.0
17.5951,0.0135266,130.13,0.821636,0.0
17.6041,0.0132826,129.006,0.842246,0.0
17.6023,0.0130358,131.421,0.819232,0.0
17.5924,0.0134515,131.019,0.840185,0.0
17.5887,0.0139247,130.885,0.839155,0.0
17.594,0.0135539,131.925,0.83675,0.0
17.6073,0.0138073,130.918,0.861825,0.0
17.5941,0.0137615,130.214,0.83675,0.0
17.5821,0.0134909,129.744,0.847055,0.0
17.6023,0.0133268,129.593,0.815797,0.0
17.6093,0.0134911,131.371,0.865947,0.0
17.6104,0.0136584,129.275,0.861138,0.0
17.6171,0.0139639,129.828,0.84362,0.0
17.629,0.0138647,131.807,0.841902,0.0
17.6267,0.0139088,130.616,0.830224,0.0
17.589,0.0134723,130.667,0.832628,0.0
17.5735,0.0132252,129.023,0.840529,0.0
17.5799,0.0134909,131.019,0.847055,0.0
17.5818,0.0138804,131.203,0.831598,0.0
17.5845,0.0141025,129.107,0.857016,0.0
17.6018,0.0138938,131.17,0.82885,0.0
17.6141,0.0137652,130.566,0.834346,0.0
17.6144,0.013814,131.103,0.852551,0.0
17.5942,0.013662,131.254,0.829193,0.0
17.5902,0.0137643,132.629,0.855642,0.0
17.6068,0.0135832,131.606,0.85049,0.0
17.5944,0.0133859,128.922,0.815453,0.0
17.5891,0.013499,131.405,0.833659,0.0
17.5977,0.0142528,129.627,0.85152,0.0
17.5936,0.0138363,130.717,0.82198,0.0
17.5973,0.0138276,130.432,0.828163,0.0
17.6123,0.0135558,129.04,0.824384,0.0
17.6162,0.0134384,133.031,0.849803,0.0
17.6039,0.0137957,129.845,0.857016,0.0
17.583,0.0134492,130.767,0.826102,0.0
17.5908,0.013829,130.465,0.840872,0.0
17.6035,0.0136894,129.744,0.819919,0.0
17.5854,0.0132427,130.348,0.84362,0.0
17.5909,0.0132372,130.096,0.846024,0.0
17.6134,0.0134663,130.096,0.831598,0.0
17.6069,0.0135678,130.969,0.846368,0.0
17.5883,0.0138123,131.052,0.842246,0.0
17.5906,0.0134974,130.029,0.815453,0.0
17.598,0.0138548,129.845,0.838468,0.0
17.5895,0.0135634,131.019,0.847055,0.0
17.5947,0.0138463,131.992,0.83572,0.0
17.6004,0.0134414,130.549,0.838468,0.0
17.5874,0.0133763,130.834,0.836063,0.0
17.6009,0.0133293,130.147,0.837437,0.0
17.6017,0.0130674,130.751,0.860108,0.0
17.574,0.0133804,131.438,0.852894,0.0
17.5791,0.0137062,129.996,0.841216,0.0
17.5999,0.0135108,129.04,0.870756,0.0
17.5929,0.0135151,129.392,0.837781,0.0
17.5938,0.0137984,130.516,0.835376,0.0
17.6155,0.0138693,130.365,0.840529,0.0
17.6145,0.013623,129.744,0.837094,0.0
17.5907,0.0133655,129.929,0.851177,0.0
17.5934,0.0138595,129.291,0.838811,0.0
17.5996,0.0139779,128.704,0.847398,0.0
17.589,0.0138712,131.472,0.834346,0.0
17.5934,0.0132058,130.717,0.847055,0.0
17.5907,0.0138076,130.449,0.846368,0.0
17.5666,0.013869,130.164,0.868695,0.0
17.5701,0.0138235,129.929,0.834689,0.0
17.6026,0.0133084,130.616,0.819919,0.0
17.6033,0.0137154,129.828,0.830567,0.0
17.5861,0.0134486,131.606,0.842933,0.0
17.5955,0.0134423,131.237,0.856673,0.0
17.5926,0.0135039,131.706,0.847055,0.0
17.5967,0.0133221,129.962,0.825071,0.0
17.6108,0.0136223,131.438,0.827132,0.0
17.6011,0.0133718,131.522,0.808927,0.0
17.595,0.0137073,131.388,0.854268,0.0
17.5979,0.013791,129.342,0.850146,0.0
17.583,0.0134198,130.046,0.832972,0.0
17.575,0.0136499,130.382,0.831254,0.0
17.5935,0.0136288,130.013,0.831598,0.0
17.604,0.0135145,130.281,0.841216,0.0
17.5887,0.013368,129.895,0.851864,0.0
17.5977,0.0136009,129.744,0.848772,0.0
17.6201,0.0134047,129.996,0.846024,0.0
17.5938,0.0137428,131.556,0.864917,0.0
17.5819,0.0133145,130.583,0.840529,0.0
17.5927,0.0135952,130.7,0.846024,0.0
17.5784,0.0136922,131.002,0.855299,0.0
17.5653,0.0135993,129.459,0.837094,0.0
17.5642,0.0136124,130.667,0.853581,0.0
17.5778,0.0134042,130.751,0.832628,0.0
17.5807,0.0139202,130.482,0.851864,0.0
17.5644,0.0137594,129.627,0.852894,0.0
17.5888,0.0138515,130.818,0.837094,0.0
17.6247,0.0138016,130.784,0.849459,0.0
17.6168,0.0140656,131.002,0.853925,0.0
17.6021,0.0136506,130.767,0.855986,0.0
17.5951,0.0134937,130.382,0.837094,0.0
17.5923,0.0136019,130.247,0.849459,0.0
17.5865,0.0138504,129.61,0.837781,0.0
17.5922,0.0135604,129.61,0.837094,0.0
17.6046,0.0139836,129.677,0.835376,0.0
17.5988,0.014243,129.912,0.85049,0.0
17.5834,0.0135974,130.331,0.856329,0.0
17.608,0.0138744,130.734,0.847742,0.0
17.6098,0.0138287,130.935,0.853925,0.0
17.5795,0.0136441,131.069,0.842589,0.0
17.5886,0.0135538,129.627,0.855642,0.0
17.6153,0.0134765,129.476,0.828163,0.0
17.6039,0.0139807,131.958,0.84362,0.0
17.598,0.0137387,129.593,0.872817,0.0
17.5942,0.0140283,129.157,0.850833,0.0
17.6081,0.0141083,131.136,0.852894,0.0
17.6217,0.013677,129.577,0.85049,0.0
17.5984,0.0137631,130.465,0.837094,0.0
17.5824,0.0135774,130.197,0.832628,0.0
17.5738,0.0136749,130.365,0.828163,0.0
17.5775,0.013597,130.767,0.864917,0.0
17.6068,0.0138136,130.264,0.82198,0.0
17.6011,0.0134716,130.767,0.845337,0.0
17.5872,0.0133211,129.375,0.829193,0.0
17.5988,0.0135787,130.281,0.821636,0.0
17.5929,0.0135242,129.795,0.827476,0.0
17.5919,0.0136499,131.455,0.83572,0.0
17.592,0.0136249,131.103,0.843963,0.0
17.5686,0.0136679,129.912,0.854612,0.0
17.5655,0.0139905,131.639,0.854955,0.0
17.5867,0.0134586,130.717,0.85736,0.0
17.5806,0.0138169,130.08,0.840185,0.0
17.5798,0.013681,129.493,0.835033,0.0
17.5912,0.0136228,129.962,0.846368,0.0
17.5702,0.0137645,130.7,0.832285,0.0
17.5774,0.0134087,129.811,0.859764,0.0
17.589,0.0135849,130.566,0.844307,0.0
17.5772,0.0135599,130.784,0.825758,0.0
17.5836,0.0137804,130.566,0.835376,0.0
17.5909,0.0137402,131.17,0.850146,0.0
17.595,0.013614,129.761,0.837437,0.0
17.5955,0.0137099,131.019,0.818888,0.0
17.5851,0.0136624,130.164,0.853238,0.0
17.576,0.0136935,129.711,0.83675,0.0
17.5806,0.0136088,130.432,0.841559,0.0
17.5872,0.013543,131.22,0.850833,0.0
17.5966,0.013643,130.348,0.859077,0.0
17.5729,0.013815,130.885,0.839498,0.0
17.5498,0.0135881,131.958,0.852207,0.0
17.588,0.0139538,130.465,0.833659,0.0
17.5913,0.0138122,130.65,0.848772,0.0
17.5636,0.0136656,130.616,0.857016,0.0
17.5791,0.0134612,129.795,0.830911,0.0
17.5943,0.0135317,131.321,0.830224,0.0
17.5805,0.0135741,131.052,0.84362,0.0
17.5718,0.0134959,131.371,0.863199,0.0
17.5899,0.0136304,130.751,0.857016,0.0
17.5999,0.0137627,131.036,0.842246,0.0
17.5888,0.0134902,129.191,0.855986,0.0
17.5716,0.0134184,130.314,0.847055,0.0
17.555,0.0135875,131.74,0.813393,0.0
17.5623,0.0136789,129.04,0.848429,0.0
17.5585,0.0133825,131.203,0.831941,0.0
17.5815,0.0135693,131.119,0.847742,0.0
17.5962,0.013608,131.958,0.852207,0.0
17.581,0.0140683,131.287,0.831941,0.0
17.5935,0.0137926,130.901,0.852894,0.0
17.6008,0.013465,129.057,0.839842,0.0
17.5944,0.0136201,130.08,0.823354,0.0
17.5791,0.0135147,129.677,0.82885,0.0
17.5854,0.0137137,130.197,0.827819,0.0
17.6139,0.0134212,130.465,0.843963,0.0
17.5922,0.0136768,129.526,0.831598,0.0
17.5601,0.0136192,131.841,0.854268,0.0
17.5752,0.0139215,130.566,0.831941,0.0
17.6003,0.0135172,131.69,0.831598,0.0
17.6169,0.0136513,131.254,0.837437,0.0
17.6063,0.0136067,130.382,0.83572,0.0
17.5705,0.0137801,130.214,0.845681,0.0
17.5615,0.0137548,130.046,0.829193,0.0
17.5769,0.0138058,128.034,0.830224,0.0
17.5993,0.013802,132.595,0.824384,0.0
17.6155,0.0136572,129.426,0.849803,0.0
17.5939,0.0136989,130.247,0.834689,0.0
17.5882,0.0137585,130.214,0.85152,0.0
17.5964,0.0133002,131.354,0.86526,0.0
17.5945,0.0136039,130.935,0.856329,0.0
17.582,0.0135373,129.191,0.862169,0.0
17.5764,0.0134646,130.834,0.85049,0.0
17.5849,0.0133758,130.063,0.838124,0.0
17.5841,0.013289,130.952,0.85049,0.0
17.5794,0.01374,130.382,0.861482,0.0
17.5897,0.0135176,130.784,0.852894,0.0
17.5978,0.0134238,131.941,0.825415,0.0
17.5833,0.0134848,129.241,0.831598,0.0
17.5709,0.0135579,130.7,0.84465,0.0
17.5781,0.0136537,130.549,0.850833,0.0
17.5914,0.013527,132.713,0.845337,0.0
17.5893,0.0134495,130.063,0.849116,0.0
17.5803,0.0134938,130.616,0.830911,0.0
17.5911,0.0137538,128.872,0.830911,0.0
17.6024,0.013763,129.795,0.826102,0.0
17.5976,0.0135588,129.342,0.853581,0.0
17.5637,0.0136195,130.868,0.840529,0.0
17.581,0.0135651,131.287,0.837781,0.0
17.6039,0.0141056,130.7,0.826445,0.0
17.5738,0.0135924,129.996,0.838468,0.0
17.5803,0.0135795,130.751,0.83675,0.0
17.5959,0.0135944,129.241,0.827132,0.0
17.5701,0.0137396,131.103,0.85839,0.0
17.5643,0.0133551,130.046,0.824384,0.0
17.5841,0.0136896,131.488,0.849803,0.0
17.5931,0.0135898,130.298,0.82988,0.0
17.5854,0.0135701,130.6,0.832972,0.0
17.582,0.01387,129.476,0.834346,0.0
17.5853,0.0133105,130.885,0.83675,0.0
17.5799,0.0136053,130.801,0.850146,0.0
17.5674,0.0137843,131.287,0.820606,0.0
17.5773,0.0139919,130.08,0.835376,0.0
17.5781,0.0137893,129.644,0.843963,0.0
17.5566,0.01365,130.398,0.85839,0.0
17.569,0.013508,131.119,0.841902,0.0
17.5866,0.0135692,130.6,0.820606,0.0
17.5698,0.0132714,130.063,0.841559,0.0
17.5704,0.0135886,129.358,0.84362,0.0
17.5841,0.0137087,131.69,0.827476,0.0
17.5836,0.0140326,130.901,0.840529,0.0
17.5996,0.0141478,129.945,0.838124,0.0
17.6149,0.0135114,130.281,0.849803,0.0
17.5887,0.0139843,130.432,0.871443,0.0
17.5645,0.0140639,129.543,0.828506,0.0
17.5836,0.0135233,131.002,0.839155,0.0
17.5789,0.0137858,129.057,0.840529,0.0
17.56,0.0136696,131.79,0.848429,0.0
17.5859,0.0133375,130.985,0.822323,0.0
17.5871,0.0134427,130.348,0.847398,0.0
17.5627,0.014017,130.549,0.836063,0.0
17.5822,0.0137053,131.069,0.841559,0.0
17.6074,0.0134317,130.532,0.830224,0.0
17.6023,0.0135968,130.65,0.847055,0.0
17.5879,0.0139018,131.539,0.82988,0.0
17.5701,0.0133138,129.979,0.862512,0.0
17.5702,0.0139677,129.878,0.825415,0.0
17.5838,0.0136829,129.107,0.841559,0.0
17.572,0.0131268,129.912,0.816827,0.0
17.5771,0.0138164,130.818,0.841902,0.0
17.5988,0.0140038,130.6,0.846024,0.0
17.5885,0.0135154,129.057,0.844994,0.0
17.597,0.0135483,131.153,0.823354,0.0
17.6031,0.0138533,130.432,0.842589,0.0
17.5747,0.0136764,131.103,0.845337,0.0
17.5859,0.0135619,131.589,0.805149,0.0
17.6208,0.0135919,129.426,0.836407,0.0
17.6128,0.0136933,131.69,0.849459,0.0
17.5862,0.0131822,130.382,0.825415,0.0
17.5955,0.013926,130.767,0.847398,0.0
17.6106,0.0136644,130.298,0.841216,0.0
17.6013,0.0131848,130.164,0.822667,0.0
17.5823,0.0134579,129.979,0.82885,0.0
17.5859,0.0135111,130.482,0.841559,0.0
17.5942,0.0135926,130.415,0.838468,0.0
17.5717,0.0135873,131.74,0.858734,0.0
17.5757,0.0134558,131.388,0.841902,0.0
17.5938,0.0137093,129.694,0.842246,0.0
17.5763,0.01351,129.358,0.836407,0.0
17.5706,0.0135226,130.382,0.834346,0.0
17.5701,0.0133704,130.717,0.846024,0.0
17.5638,0.0136242,130.734,0.841216,0.0
17.5802,0.0138228,129.761,0.835033,0.0
17.5897,0.0135452,130.969,0.866291,0.0
17.5741,0.0136291,129.996,0.837437,0.0
17.5937,0.0136658,131.371,0.821293,0.0
17.6126,0.0135807,131.304,0.847742,0.0
17.5922,0.0137159,129.644,0.848772,0.0
17.5837,0.0133515,130.147,0.82885,0.0
17.5967,0.0133549,129.895,0.834346,0.0
17.6029,0.0137939,130.717,0.831598,0.0
17.5913,0.0137607,130.113,0.849803,0.0
17.5779,0.0136325,131.774,0.844307,0.0
17.5763,0.0140872,130.952,0.844994,0.0
17.5733,0.0137791,129.677,0.847742,0.0
17.5835,0.0137584,131.119,0.87213,0.0
17.6016,0.0132902,130.013,0.845681,0.0
17.5838,0.0133333,130.432,0.831598,0.0
17.5825,0.0135675,130.214,0.839498,0.0
17.6131,0.0138174,128.973,0.831941,0.0
17.6015,0.0138175,130.432,0.85152,0.0
17.5736,0.0137714,130.113,0.865604,0.0
17.5707,0.0138903,130.667,0.854268,0.0
17.5865,0.0140023,130.583,0.836407,0.0
17.5642,0.0134862,130.331,0.842933,0.0
17.5286,0.013152,129.862,0.849116,0.0
17.5658,0.0133413,131.975,0.829537,0.0
17.6088,0.0138421,129.577,0.831254,0.0
17.5717,0.0136347,131.925,0.850146,0.0
17.5697,0.0136394,130.969,0.81408,0.0
17.6049,0.0134558,130.683,0.828163,0.0
17.5939,0.0138027,130.683,0.85839,0.0
17.573,0.0137353,130.65,0.839842,0.0
17.5851,0.0136137,130.918,0.823697,0.0
17.5953,0.0137464,129.157,0.846711,0.0
17.5648,0.0138029,130.583,0.857703,0.0
17.5661,0.0137386,130.029,0.852894,0.0
17.6006,0.013408,129.979,0.858734,0.0
17.5781,0.0133372,130.13,0.825071,0.0
17.5396,0.0133131,131.069,0.841902,0.0
17.5673,0.0135005,131.338,0.850833,0.0
17.5859,0.0137444,129.912,0.862856,0.0
17.5723,0.0134188,129.627,0.846024,0.0
17.5617,0.0135177,130.969,0.847398,0.0
17.5504,0.0137229,131.539,0.842589,0.0
17.5759,0.0133474,130.449,0.85152,0.0
17.5946,0.0133967,129.878,0.850833,0.0
17.5669,0.0138622,130.482,0.830224,0.0
17.5531,0.0139204,129.895,0.827132,0.0
17.5594,0.013539,131.354,0.853581,0.0
17.5746,0.0129502,131.706,0.857703,0.0
17.5889,0.0134617,131.438,0.841559,0.0
17.5669,0.0133976,130.549,0.862856,0.0
17.5722,0.013621,131.287,0.841559,0.0
17.6102,0.0138641,130.566,0.833659,0.0
17.5856,0.0136887,130.013,0.845337,0.0
17.5577,0.0136992,132.193,0.839155,0.0
17.5799,0.0138011,132.008,0.839498,0.0
17.6033,0.0140015,130.818,0.837094,0.0
17.5991,0.0135278,131.656,0.846024,0.0
17.5973,0.0139464,130.868,0.852894,0.0
17.5893,0.013947,127.665,0.848429,0.0
17.5851,0.0136633,130.767,0.835033,0.0
17.5877,0.0139352,131.153,0.847055,0.0
17.5793,0.0134799,131.891,0.839498,0.0
17.6031,0.0134916,129.744,0.834346,0.0
17.6211,0.013646,131.706,0.849116,0.0
17.592,0.0137542,128.184,0.850833,0.0
17.5683,0.0135209,131.757,0.853238,0.0
17.5799,0.0134228,131.807,0.82885,0.0
17.5918,0.0136907,130.6,0.842246,0.0
17.5777,0.0135349,129.224,0.842933,0.0
17.5648,0.0134509,131.807,0.843276,0.0
17.5653,0.0137031,130.583,0.849116,0.0
17.5673,0.0136054,129.778,0.849459,0.0
17.5796,0.0137822,130.197,0.854268,0.0
17.5909,0.0134544,130.214,0.843276,0.0
17.597,0.0140621,129.275,0.84465,0.0
17.5942,0.0139589,130.969,0.857703,0.0
17.5804,0.0134458,128.486,0.842246,0.0
17.5691,0.0136502,130.683,0.838468,0.0
17.5705,0.0134458,131.203,0.841216,0.0
17.573,0.0136371,130.298,0.838468,0.0
17.5826,0.0137314,129.61,0.836407,0.0
17.5946,0.0137591,130.901,0.840872,0.0
17.5992,0.0135378,129.795,0.855299,0.0
17.5965,0.0138094,130.901,0.838124,0.0
17.605,0.013684,130.365,0.850833,0.0
17.5948,0.0135757,129.426,0.830224,0.0
17.5812,0.0135427,129.711,0.81511,0.0
17.5886,0.0134528,131.237,0.832285,0.0
17.58,0.0136559,129.895,0.831598,0.0
17.569,0.0135895,130.851,0.834689,0.0
17.5887,0.0135133,129.744,0.852207,0.0
17.5879,0.0137399,129.442,0.830911,0.0
17.577,0.0139381,130.818,0.834002,0.0
17.5976,0.0138708,131.488,0.83675,0.0
17.5929,0.0134866,128.788,0.827132,0.0
17.5646,0.0132764,130.751,0.841216,0.0
17.5713,0.0134847,132.042,0.822667,0.0
17.5758,0.0136354,130.667,0.832972,0.0
17.5824,0.013725,129.761,0.85152,0.0
17.5938,0.0136126,130.767,0.833315,0.0
17.5653,0.013598,130.767,0.838468,0.0
17.5513,0.01341,130.365,0.844994,0.0
17.5943,0.0137703,132.092,0.848085,0.0
17.6127,0.0141006,129.509,0.869725,0.0
17.5895,0.0137681,130.113,0.82885,0.0
17.5822,0.0130215,130.901,0.856329,0.0
17.5842,0.0134323,130.382,0.828163,0.0
17.5844,0.0136576,132.763,0.843276,0.0
17.5908,0.0137672,131.17,0.849803,0.0
17.5776,0.0136046,129.811,0.825415,0.0
17.5673,0.0134655,130.549,0.850833,0.0
17.5823,0.0139238,130.113,0.843963,0.0
17.5704,0.0137205,130.583,0.852207,0.0
17.5733,0.0137367,130.7,0.857016,0.0
17.5912,0.0134892,130.818,0.832628,0.0
17.5736,0.0135506,131.958,0.840185,0.0
17.5725,0.0135341,129.375,0.82885,0.0
17.6001,0.0136613,130.549,0.81614,0.0
17.604,0.013641,130.231,0.834002,0.0
17.5961,0.0136966,130.6,0.838468,0.0
17.593,0.0135558,129.744,0.85049,0.0
17.5872,0.0132058,130.566,0.859077,0.0
17.5714,0.0137792,129.945,0.830911,0.0
17.5809,0.0137037,130.516,0.846711,0.0
17.5939,0.0136779,130.751,0.835033,0.0
17.5865,0.0136884,130.65,0.85049,0.0
17.5888,0.013585,129.744,0.815453,0.0
17.5922,0.0135791,129.526,0.848085,0.0
17.597,0.0135165,129.727,0.863199,0.0
17.5917,0.0135055,131.958,0.856673,0.0
17.5734,0.0131104,129.761,0.852551,0.0
17.5887,0.0134081,130.264,0.846711,0.0
17.6019,0.013461,130.935,0.85049,0.0
17.573,0.013575,131.488,0.83572,0.0
17.5752,0.0135074,130.616,0.84362,0.0
17.5872,0.0136164,129.509,0.842933,0.0
17.5625,0.0134456,129.677,0.831598,0.0
17.5568,0.0132636,132.512,0.837781,0.0
17.5872,0.0134874,130.918,0.820606,0.0
17.6009,0.0138398,129.593,0.853925,0.0
17.5858,0.0137412,129.996,0.85049,0.0
17.5764,0.0132865,130.6,0.841902,0.0
17.5851,0.0135994,130.365,0.847742,0.0
17.5821,0.013808,130.096,0.869382,0.0
17.5835,0.0137056,130.918,0.842589,0.0
17.5981,0.0135674,131.27,0.859077,0.0
17.5935,0.013476,131.287,0.846711,0.0
17.5774,0.0136059,130.432,0.854955,0.0
17.5853,0.0135368,130.633,0.842933,0.0
17.5982,0.0139512,130.432,0.83675,0.0
17.5891,0.0139857,130.969,0.848085,0.0
17.5887,0.0134456,129.56,0.859421,0.0
17.5843,0.0136433,130.767,0.851177,0.0
17.5866,0.0138224,130.667,0.842246,0.0
17.5892,0.0138244,130.65,0.852551,0.0
17.5814,0.0134903,130.532,0.852207,0.0
17.5846,0.0134469,131.354,0.856673,0.0
17.5785,0.0134038,129.962,0.831254,0.0
17.5893,0.013168,129.677,0.836063,0.0
17.5941,0.0132921,129.795,0.825071,0.0
17.5769,0.0137031,132.394,0.837781,0.0
17.596,0.0134743,130.616,0.82988,0.0
17.6021,0.0134796,130.13,0.83675,0.0
17.5816,0.0137602,130.566,0.842933,0.0
17.5828,0.0137494,131.052,0.842589,0.0
17.5883,0.0138964,130.264,0.842933,0.0
17.5799,0.0138808,130.096,0.843963,0.0
17.5823,0.013705,130.751,0.844307,0.0
17.5945,0.0136806,130.952,0.83572,0.0
17.607,0.0136485,132.444,0.846711,0.0
17.6079,0.0132277,130.851,0.859421,0.0
17.5713,0.0134175,130.164,0.838811,0.0
17.5666,0.0135615,129.543,0.834346,0.0
17.6006,0.0135894,130.6,0.852207,0.0
17.6005,0.0136688,129.945,0.837781,0.0
17.5786,0.0138495,129.308,0.865604,0.0
17.5719,0.0136997,129.358,0.847398,0.0
17.5834,0.0135641,130.382,0.858047,0.0
17.5743,0.0138953,128.386,0.831254,0.0
17.567,0.0137137,130.482,0.84362,0.0
17.5921,0.0136243,129.442,0.819232,0.0
17.6089,0.0137759,130.13,0.837781,0.0
17.5903,0.013377,131.706,0.837094,0.0
17.5654,0.0132295,130.734,0.824728,0.0
17.5584,0.0136055,129.174,0.841216,0.0
17.5822,0.0135822,131.908,0.832972,0.0
17.612,0.0136701,129.56,0.838124,0.0
17.6121,0.013694,131.321,0.842933,0.0
17.5853,0.013427,128.654,0.842246,0.0
17.565,0.0134148,129.878,0.830911,0.0
17.5815,0.0137441,130.751,0.85049,0.0
17.5824,0.0139325,130.532,0.842589,0.0
17.5668,0.0135147,131.203,0.839842,0.0
17.5864,0.0135926,130.985,0.830911,0.0
17.5917,0.0135378,131.656,0.822323,0.0
17.5843,0.014038,130.834,0.853238,0.0
17.5916,0.0137376,130.113,0.854955,0.0
17.5875,0.0135413,131.119,0.86526,0.0
17.6021,0.013279,131.857,0.855299,0.0
17.6063,0.0136081,130.13,0.848772,0.0
17.5739,0.0138487,131.187,0.833315,0.0
17.5687,0.0137857,130.432,0.854955,0.0
17.5738,0.0136867,129.04,0.831598,0.0
17.5731,0.0137927,129.845,0.849803,0.0
17.5769,0.0134585,130.164,0.842589,0.0
17.5809,0.0138607,130.298,0.849116,0.0
17.5891,0.0136804,130.7,0.84362,0.0
17.6,0.0138632,132.813,0.860108,0.0
17.6086,0.0137634,131.321,0.862169,0.0
17.5934,0.0136351,130.096,0.838811,0.0
17.5812,0.0134469,129.744,0.845337,0.0
17.5746,0.0136234,129.644,0.832972,0.0
17.5707,0.013305,130.432,0.822667,0.0
17.5855,0.0139245,129.392,0.839842,0.0
17.5916,0.0137433,131.019,0.852894,0.0
17.5893,0.0137085,129.342,0.852894,0.0
17.5916,0.0132962,131.69,0.846368,0.0
17.5912,0.0136579,131.455,0.860108,0.0
17.5788,0.013146,130.432,0.843276,0.0
17.5849,0.0132061,129.979,0.840872,0.0
17.5781,0.0135705,130.566,0.83675,0.0
17.5746,0.0138924,128.671,0.854268,0.0
17.5825,0.0141004,130.717,0.835033,0.0
17.5734,0.0136978,130.465,0.846024,0.0
17.5732,0.0135035,129.543,0.820949,0.0
17.5946,0.0132836,131.623,0.832628,0.0
17.5941,0.013535,130.952,0.84362,0.0
17.5818,0.0137568,129.174,0.840185,0.0
17.6009,0.0136201,130.918,0.830911,0.0
17.6053,0.0134118,131.69,0.84362,0.0
17.5921,0.0133968,129.593,0.857016,0.0
17.592,0.0138033,131.79,0.846711,0.0
17.5954,0.0136257,130.449,0.852207,0.0
17.6043,0.013632,130.096,0.833315,0.0
17.5968,0.0138829,130.214,0.828506,0.0
17.5819,0.013605,130.113,0.855299,0.0
17.598,0.0135756,130.063,0.858734,0.0
17.5929,0.0137922,129.979,0.849116,0.0
17.5948,0.0137935,130.683,0.828163,0.0
17.6078,0.0135686,130.633,0.854955,0.0
17.5813,0.0134919,129.627,0.851177,0.0
17.5629,0.0134009,129.694,0.851864,0.0
17.5719,0.0137407,131.69,0.832285,0.0
17.5777,0.0136551,130.214,0.849116,0.0
17.5859,0.0138048,130.432,0.831598,0.0
17.5939,0.0136846,129.107,0.834346,0.0
17.566,0.0134275,131.388,0.85839,0.0
17.5525,0.0137999,130.314,0.847742,0.0
17.5848,0.0134879,129.577,0.834002,0.0
17.603,0.0135578,128.839,0.841216,0.0
17.5755,0.0135683,130.264,0.839498,0.0
17.5831,0.0138626,130.985,0.836407,0.0
17.5986,0.0138488,130.7,0.840872,0.0
17.5619,0.0137168,130.566,0.839155,0.0
17.5574,0.0130958,131.857,0.853238,0.0
17.5796,0.0136477,129.442,0.854268,0.0
17.5684,0.0136688,131.036,0.818201,0.0
17.5732,0.0137667,130.751,0.842589,0.0
17.6003,0.0137204,130.683,0.846024,0.0
17.579,0.0135619,129.291,0.818888,0.0
17.5661,0.0134838,130.298,0.855642,0.0
17.5752,0.0133802,129.61,0.842589,0.0
17.5679,0.0133965,131.019,0.866978,0.0
17.5743,0.0137069,129.828,0.83675,0.0
17.5831,0.0135845,130.734,0.844994,0.0
17.5705,0.0134905,130.767,0.844994,0.0
17.5726,0.0136566,130.516,0.855299,0.0
17.5774,0.0138556,129.073,0.828163,0.0
17.5852,0.0136443,130.717,0.83675,0.0
17.5888,0.0138378,130.164,0.847398,0.0
17.5806,0.0136599,131.069,0.840872,0.0
17.5963,0.0136596,130.113,0.829537,0.0
17.596,0.0134999,129.912,0.845681,0.0
17.5903,0.013904,130.633,0.845337,0.0
17.5913,0.0136894,131.237,0.826789,0.0
17.5874,0.0140069,130.264,0.840529,0.0
17.5849,0.0136806,132.797,0.857703,0.0
17.5906,0.0137453,130.398,0.823354,0.0
17.5929,0.0135529,130.096,0.825758,0.0
17.5757,0.013877,130.365,0.823697,0.0
17.5793,0.0134678,130.08,0.845337,0.0
17.6008,0.0135028,131.153,0.843276,0.0
17.5824,0.0135938,129.577,0.824041,0.0
17.57,0.0139088,130.197,0.810645,0.0
17.5938,0.0136964,129.878,0.840185,0.0
17.592,0.0134028,130.382,0.854268,0.0
17.5767,0.013299,130.365,0.824384,0.0
17.591,0.0136996,129.996,0.835033,0.0
17.5899,0.013568,129.677,0.840185,0.0
17.5631,0.01326,130.583,0.846368,0.0
17.5848,0.0134776,130.532,0.834346,0.0
17.5985,0.0139784,130.18,0.841216,0.0
17.5749,0.0139752,131.086,0.842246,0.0
17.5597,0.0135,131.623,0.837094,0.0
17.5738,0.0135554,129.191,0.851177,0.0
17.5866,0.0134838,129.157,0.856329,0.0
17.5669,0.0135567,128.537,0.83572,0.0
17.5746,0.0138288,131.556,0.859764,0.0
17.5823,0.0141309,128.889,0.844307,0.0
17.562,0.0137016,130.935,0.829537,0.0
17.56,0.0137195,129.073,0.83572,0.0
17.5772,0.0138844,132.646,0.839498,0.0
17.5902,0.0134007,130.784,0.860108,0.0
17.5845,0.0136361,130.415,0.838811,0.0
17.591,0.0135225,130.18,0.853581,0.0
17.6025,0.0138899,129.107,0.838811,0.0
17.5952,0.0140937,130.18,0.840185,0.0
17.5696,0.0134676,130.751,0.858047,0.0
17.5631,0.0137592,129.979,0.831941,0.0
17.5945,0.0136268,130.214,0.838468,0.0
17.5916,0.0137108,129.006,0.824041,0.0
17.5811,0.0137276,130.231,0.84362,0.0
17.5835,0.0136925,130.449,0.834689,0.0
17.5788,0.0134892,130.046,0.834346,0.0
17.5837,0.0134172,131.421,0.845681,0.0
17.5824,0.0135119,131.254,0.828506,0.0
17.5765,0.0138941,129.61,0.841559,0.0
17.6005,0.0135105,130.465,0.848429,0.0
17.611,0.0132901,130.952,0.838811,0.0
17.5779,0.0132036,131.606,0.840872,0.0
17.5593,0.0137577,129.644,0.822323,0.0
17.5786,0.0133824,129.862,0.850833,0.0
17.5873,0.0135909,130.751,0.838811,0.0
17.5865,0.013562,130.667,0.841216,0.0
17.5915,0.0136238,129.107,0.839842,0.0
17.5889,0.013877,130.147,0.825415,0.0
17.5864,0.0138875,128.704,0.864573,0.0
17.58,0.0138619,130.532,0.858734,0.0
17.5778,0.0137057,130.365,0.83572,0.0
17.577,0.0137339,129.996,0.831598,0.0
17.5802,0.0135038,129.912,0.835376,0.0
17.5901,0.0136322,132.008,0.837781,0.0
17.5778,0.0135063,130.751,0.832628,0.0
17.5746,0.0135986,129.945,0.864573,0.0
17.583,0.0137316,130.616,0.840185,0.0
17.5795,0.0137118,129.761,0.834002,0.0
17.5811,0.0139197,129.744,0.82885,0.0
17.5792,0.0139092,129.275,0.85152,0.0
17.5906,0.0140634,131.103,0.830567,0.0
17.5949,0.0136803,131.019,0.85736,0.0
17.5877,0.0135216,130.65,0.851177,0.0
17.5867,0.0136353,130.096,0.863886,0.0
17.588,0.0133561,129.744,0.868008,0.0
17.5945,0.0134775,129.929,0.848772,0.0
17.5946,0.0139698,131.019,0.849459,0.0
17.5839,0.0137915,131.488,0.86423,0.0
17.5748,0.0137665,130.717,0.832972,0.0
17.5768,0.0137045,130.398,0.867664,0.0
17.5799,0.0135603,130.667,0.858734,0.0
17.5769,0.0136937,131.187,0.845681,0.0
17.5801,0.0140833,129.744,0.845337,0.0
17.5678,0.0136733,130.818,0.854955,0.0
17.5722,0.0137326,131.79,0.83572,0.0
17.5862,0.0138313,131.287,0.825415,0.0
17.5705,0.0134921,129.107,0.855299,0.0
17.5685,0.0132365,130.264,0.828163,0.0
17.5778,0.0135011,130.147,0.850146,0.0
17.5805,0.013466,129.795,0.826789,0.0
17.6009,0.0138523,131.572,0.84362,0.0
17.6037,0.0140427,130.7,0.826445,0.0
17.5894,0.0135358,130.331,0.833315,0.0
17.5744,0.0137221,130.616,0.842589,0.0
17.5492,0.0137338,131.807,0.859764,0.0
17.5528,0.0138958,131.119,0.849803,0.0
17.5757,0.0137097,130.583,0.82885,0.0
17.5807,0.013599,129.795,0.85049,0.0
17.575,0.0136599,131.706,0.870756,0.0
17.5855,0.0135527,130.868,0.865947,0.0
17.5799,0.0136615,129.694,0.83572,0.0
17.5692,0.0137471,130.348,0.840529,0.0
17.5818,0.013485,130.398,0.847055,0.0
17.5753,0.0134409,131.975,0.864917,0.0
17.5801,0.0135135,130.65,0.874191,0.0
17.5945,0.0136382,130.683,0.838811,0.0
17.5929,0.0132482,130.566,0.854955,0.0
17.5782,0.0135868,129.375,0.813736,0.0
17.5732,0.013573,129.476,0.847742,0.0
17.5667,0.0136939,129.577,0.852551,0.0
17.5651,0.0136599,131.556,0.80721,0.0
17.5927,0.0135379,131.757,0.81511,0.0
17.5921,0.0135272,129.962,0.861482,0.0
17.5703,0.0133789,130.566,0.85736,0.0
17.5945,0.01371,130.013,0.81511,0.0
17.5837,0.013532,130.784,0.826445,0.0
17.5538,0.0134517,129.744,0.837094,0.0
17.5777,0.0136322,130.365,0.831254,0.0
17.5887,0.0137454,130.147,0.846024,0.0
17.5881,0.013465,132.126,0.815453,0.0
17.5851,0.0137341,130.851,0.832285,0.0
17.5616,0.0137231,130.365,0.830911,0.0
17.5696,0.0136688,131.119,0.828506,0.0
17.6045,0.013965,129.878,0.85839,0.0
17.6071,0.0137673,131.187,0.848429,0.0
17.6043,0.0134612,132.612,0.863543,0.0
17.5873,0.0137015,129.727,0.840185,0.0
17.5649,0.0136983,130.365,0.852207,0.0
17.5882,0.0134729,130.046,0.83572,0.0
17.5796,0.0136766,129.325,0.830911,0.0
17.5486,0.0134313,131.119,0.842589,0.0
17.582,0.0131936,130.449,0.831598,0.0
17.6062,0.0135587,129.912,0.859764,0.0
17.5922,0.0134504,131.992,0.824728,0.0
17.5816,0.0136017,130.6,0.856673,0.0
17.5687,0.0139845,130.532,0.851864,0.0
17.5731,0.0135673,129.811,0.84465,0.0
17.5921,0.0135226,129.778,0.862856,0.0
17.5892,0.013841,130.985,0.846024,0.0
17.6015,0.0137273,129.878,0.84465,0.0
17.6036,0.0138534,131.002,0.854612,0.0
17.5855,0.0136481,128.822,0.849803,0.0
17.5807,0.0131771,130.247,0.869725,0.0
17.5674,0.013682,129.828,0.819232,0.0
17.5687,0.0135858,130.633,0.824041,0.0
17.5813,0.0136001,131.639,0.839498,0.0
17.5761,0.0134448,129.157,0.850146,0.0
17.5904,0.0137797,129.342,0.821293,0.0
17.5796,0.0136942,130.415,0.844994,0.0
17.5731,0.0136187,130.415,0.859077,0.0
17.5907,0.0134726,128.956,0.854612,0.0
17.5689,0.0136124,129.476,0.813393,0.0
17.5744,0.0134821,129.375,0.848429,0.0
17.5899,0.0137606,131.958,0.862512,0.0
17.5808,0.0138215,130.348,0.823697,0.0
17.5949,0.0137685,131.254,0.840529,0.0
17.6079,0.013407,127.597,0.836063,0.0
17.5931,0.0135424,131.589,0.826445,0.0
17.5871,0.0133176,129.275,0.853238,0.0
17.5697,0.0134363,130.214,0.847055,0.0
17.5673,0.0136187,130.885,0.851864,0.0
17.5913,0.0135347,131.371,0.877626,0.0
17.5776,0.0133128,129.157,0.841902,0.0
17.5782,0.0135717,132.092,0.851864,0.0
17.6012,0.0140361,130.147,0.843963,0.0
17.5891,0.0136037,129.744,0.852207,0.0
17.5659,0.0132005,129.325,0.849803,0.0
17.5627,0.0136403,130.298,0.853581,0.0
17.5837,0.0138476,130.717,0.834002,0.0
17.5901,0.0137659,132.478,0.845681,0.0
17.5955,0.0138439,129.56,0.827132,0.0
17.6054,0.0135497,130.214,0.84465,0.0
17.6027,0.0136551,130.164,0.842933,0.0
17.5842,0.0137791,130.935,0.850146,0.0
17.5979,0.013804,130.918,0.838468,0.0
17.6075,0.0137551,130.549,0.85839,0.0
17.5764,0.0136088,130.834,0.848085,0.0
17.5803,0.0134802,130.499,0.839498,0.0
17.61,0.0137564,130.331,0.852551,0.0
17.5904,0.0134374,130.935,0.871443,0.0
17.5635,0.0137155,130.549,0.833659,0.0
17.5583,0.013399,130.164,0.84465,0.0
17.571,0.0136593,130.499,0.818545,0.0
17.5962,0.013559,130.65,0.854268,0.0
17.5923,0.0133433,129.342,0.832285,0.0
17.5814,0.0134093,129.895,0.837094,0.0
17.6064,0.0135956,130.918,0.839498,0.0
17.6046,0.0137243,130.013,0.827819,0.0
17.5932,0.0138545,132.881,0.826789,0.0
17.6062,0.0136114,128.855,0.834689,0.0
17.5899,0.0137559,130.834,0.824041,0.0
17.5772,0.0135883,130.734,0.827819,0.0
17.5832,0.0138454,129.509,0.859077,0.0
17.5785,0.0132683,129.442,0.83675,0.0
17.5831,0.0132035,131.338,0.857016,0.0
17.5871,0.0135727,130.516,0.843963,0.0
17.5826,0.0136998,131.757,0.821293,0.0
17.5976,0.0137266,129.543,0.850833,0.0
17.5882,0.0137145,130.532,0.848085,0.0
17.5543,0.0136074,128.973,0.840185,0.0
17.5553,0.0139351,131.438,0.839842,0.0
17.5781,0.0135788,131.338,0.830567,0.0
17.5717,0.0135308,130.432,0.841216,0.0
17.5735,0.0133746,131.069,0.841902,0.0
17.5881,0.013503,130.499,0.858047,0.0
17.5771,0.0134638,131.287,0.820949,0.0
17.5898,0.0135059,131.103,0.836407,0.0
17.5947,0.0138046,130.029,0.828506,0.0
17.573,0.0139123,129.627,0.831254,0.0
17.5787,0.0134985,130.365,0.85839,0.0
17.5959,0.0135765,130.231,0.817514,0.0
17.5978,0.0132389,129.291,0.847055,0.0
17.5779,0.0134658,132.025,0.855642,0.0
17.5708,0.0135744,129.057,0.825758,0.0
17.5769,0.0137175,131.321,0.836407,0.0
17.5862,0.0135823,130.65,0.855642,0.0
17.5875,0.0141232,129.023,0.840872,0.0
17.5872,0.0138906,130.482,0.83572,0.0
17.5903,0.0138203,132.931,0.841902,0.0
17.5842,0.0136546,129.778,0.847055,0.0
17.5813,0.0137543,131.287,0.817171,0.0
17.6011,0.0133804,130.6,0.857016,0.0
17.6018,0.0134325,130.683,0.855299,0.0
17.5748,0.0135429,130.449,0.840185,0.0
17.5804,0.0135322,131.103,0.85152,0.0
17.5971,0.0134587,130.767,0.835376,0.0
17.5822,0.0133255,130.767,0.818888,0.0
17.5784,0.0134589,130.382,0.870756,0.0
17.5962,0.0139549,130.13,0.849803,0.0
17.5846,0.0134801,129.442,0.856329,0.0
17.5652,0.0135048,129.577,0.842246,0.0
17.5767,0.013481,131.17,0.850833,0.0
17.5868,0.0137296,129.291,0.845337,0.0
17.5676,0.0141569,130.784,0.849116,0.0
17.5788,0.0138837,130.331,0.858734,0.0
17.5861,0.0138193,130.281,0.831254,0.0
17.5469,0.013619,130.465,0.861138,0.0
17.5538,0.0134797,129.107,0.858734,0.0
17.5869,0.0138816,130.633,0.830224,0.0
17.5788,0.0138092,130.331,0.839498,0.0
17.5648,0.0135656,130.969,0.844994,0.0
17.5768,0.0133732,130.247,0.857703,0.0
17.5825,0.0135159,132.21,0.842933,0.0
17.5692,0.0136299,130.734,0.850833,0.0
17.5719,0.0132263,130.734,0.840185,0.0
17.5777,0.0135797,130.868,0.830224,0.0
17.5713,0.013548,130.834,0.838811,0.0
17.5699,0.0134853,130.247,0.830911,0.0
17.5776,0.0136333,131.505,0.841216,0.0
17.5797,0.0139404,129.191,0.825415,0.0
17.5778,0.0135837,129.694,0.818888,0.0
17.5812,0.0136405,130.314,0.839498,0.0
17.5751,0.013029,130.499,0.826102,0.0
17.582,0.013738,130.583,0.841902,0.0
17.6043,0.0137971,132.411,0.852207,0.0
17.5945,0.0137325,131.153,0.855642,0.0
17.5735,0.0137378,129.426,0.849803,0.0
17.5735,0.0134967,128.889,0.823354,0.0
17.5728,0.013614,131.74,0.844307,0.0
17.5841,0.0137011,130.885,0.851177,0.0
17.5959,0.0135714,131.203,0.847055,0.0
17.5871,0.0134676,130.063,0.835033,0.0
17.5862,0.0140022,128.403,0.861138,0.0
17.6046,0.0136585,130.885,0.861138,0.0
17.5959,0.013762,130.885,0.843963,0.0
17.5769,0.0135335,129.56,0.830224,0.0
17.5753,0.0136131,129.828,0.83572,0.0
17.5949,0.0136516,129.14,0.825415,0.0
17.6093,0.0133958,131.807,0.844307,0.0
17.6015,0.0136493,132.21,0.848772,0.0
17.5969,0.0136029,132.193,0.830911,0.0
17.59,0.013399,129.878,0.846368,0.0
17.5821,0.0135714,129.627,0.831941,0.0
17.5902,0.0136132,129.442,0.824041,0.0
17.6022,0.0137609,131.203,0.849803,0.0
17.5928,0.0135794,129.694,0.85049,0.0
17.5691,0.01346,130.717,0.841902,0.0
17.5822,0.0134076,130.633,0.840529,0.0
17.6084,0.0133526,130.415,0.818888,0.0
17.6007,0.013854,129.459,0.830567,0.0
17.5923,0.0139185,131.539,0.82885,0.0
17.5972,0.0136018,130.751,0.840185,0.0
17.5848,0.013795,127.849,0.834346,0.0
17.5783,0.0136498,130.398,0.821636,0.0
17.5957,0.0139382,130.231,0.848085,0.0
17.5863,0.0138239,129.493,0.840529,0.0
17.5627,0.0137537,131.807,0.832628,0.0
17.6016,0.013266,130.465,0.834689,0.0
17.6313,0.0136143,131.472,0.852207,0.0
17.6022,0.0137427,128.805,0.831941,0.0
17.578,0.0135221,130.767,0.844307,0.0
17.5781,0.0137014,130.197,0.816484,0.0
17.5793,0.0136538,130.516,0.857016,0.0
17.5818,0.0137437,131.539,0.85049,0.0
17.5843,0.0134669,131.522,0.842589,0.0
17.573,0.0134352,129.727,0.852551,0.0
17.5628,0.0138416,130.147,0.840185,0.0
17.5879,0.0137236,130.683,0.849459,0.0
17.6014,0.0140255,129.442,0.824041,0.0
17.5846,0.0139222,130.415,0.831598,0.0
17.5934,0.0135189,130.08,0.866978,0.0
17.6212,0.0137857,130.499,0.863199,0.0
17.5902,0.0138721,131.237,0.867664,0.0
17.5661,0.0135589,130.751,0.847398,0.0
17.5822,0.013593,131.421,0.861138,0.0
17.6028,0.0138454,131.069,0.852551,0.0
17.597,0.0134455,129.275,0.846368,0.0
17.5895,0.0135501,129.224,0.834689,0.0
17.5893,0.0132558,131.958,0.825758,0.0
17.581,0.0136629,130.801,0.821293,0.0
17.5793,0.0136807,132.075,0.854955,0.0
17.5825,0.0137678,129.996,0.836407,0.0
17.5843,0.013775,129.442,0.866291,0.0
17.5781,0.0137727,130.231,0.817171,0.0
17.5622,0.0137849,131.237,0.839842,0.0
17.5962,0.0137097,130.13,0.833315,0.0
17.6055,0.0135973,131.136,0.841902,0.0
17.5713,0.0136488,129.694,0.848085,0.0
17.5757,0.0135548,131.405,0.846368,0.0
17.5809,0.0138315,131.925,0.854268,0.0
17.5891,0.013951,130.465,0.843963,0.0
17.5975,0.0136036,130.717,0.83572,0.0
17.5728,0.0136391,129.442,0.853581,0.0
17.5694,0.0136234,130.164,0.851864,0.0
17.5765,0.0137302,131.405,0.852894,0.0
17.5751,0.0137428,130.818,0.849459,0.0
17.5903,0.0137416,130.751,0.855642,0.0
17.6029,0.0138697,129.979,0.850833,0.0
17.595,0.0140914,130.449,0.835376,0.0
17.5831,0.0137312,130.096,0.852894,0.0
17.5692,0.0134684,131.136,0.859077,0.0
17.5628,0.0134598,130.013,0.855642,0.0
17.5778,0.0134461,130.818,0.862856,0.0
17.5985,0.0137463,129.979,0.836063,0.0
17.5884,0.013738,130.868,0.832285,0.0
17.5508,0.0134667,130.231,0.850146,0.0
17.5588,0.0136605,130.482,0.819232,0.0
17.5882,0.0141447,129.358,0.835376,0.0
17.5877,0.0134819,130.784,0.848429,0.0
17.577,0.0133509,130.885,0.85049,0.0
17.5726,0.01353,131.119,0.854268,0.0
17.5906,0.013209,130.214,0.841216,0.0
17.606,0.0135442,128.922,0.844994,0.0
17.5709,0.0138502,131.103,0.824728,0.0
17.5595,0.01369,131.086,0.839498,0.0
17.5773,0.013792,129.409,0.823697,0.0
17.5726,0.0139101,130.767,0.848772,0.0
17.5713,0.0136073,131.958,0.846711,0.0
17.5923,0.0135094,130.013,0.848429,0.0
17.584,0.0136709,130.046,0.848772,0.0
17.577,0.0137898,130.683,0.859421,0.0
17.5891,0.0139705,128.755,0.828506,0.0
17.5785,0.0136934,130.532,0.854955,0.0
17.572,0.0136544,131.036,0.829537,0.0
17.5714,0.0136867,130.046,0.82988,0.0
17.5746,0.0136158,130.616,0.841216,0.0
17.5994,0.0133827,129.476,0.846368,0.0
17.6071,0.0138367,131.069,0.857016,0.0
17.583,0.0137094,129.945,0.852207,0.0
17.5709,0.0137652,130.18,0.825415,0.0
17.5726,0.0136624,131.606,0.838811,0.0
17.5832,0.0136982,130.65,0.829537,0.0
17.5969,0.0135983,130.298,0.855299,0.0
17.5934,0.0135436,129.342,0.849116,0.0
17.5937,0.0137232,130.532,0.842933,0.0
17.6013,0.0137895,132.025,0.848085,0.0
17.5901,0.0136303,129.627,0.843963,0.0
17.5753,0.0133715,131.22,0.84362,0.0
17.5827,0.0135151,130.667,0.823354,0.0
17.5844,0.013444,130.767,0.827132,0.0
17.5729,0.0131916,130.985,0.855299,0.0
17.5757,0.0136079,129.761,0.845681,0.0
17.5786,0.0137294,129.057,0.841902,0.0
17.5789,0.0137389,131.153,0.852894,0.0
17.5959,0.0136182,131.036,0.849803,0.0
17.5853,0.0135732,130.164,0.832285,0.0
17.5719,0.0136428,130.281,0.83675,0.0
17.5816,0.0137854,130.298,0.856329,0.0
17.5796,0.0133807,130.314,0.869038,0.0
17.5669,0.0133536,129.157,0.843963,0.0
17.5832,0.0134796,130.432,0.813049,0.0
17.6049,0.0135368,130.7,0.836063,0.0
17.5974,0.0133753,129.174,0.851864,0.0
17.591,0.0133567,129.409,0.829537,0.0
17.5835,0.0137169,130.818,0.831598,0.0
17.591,0.0139094,130.415,0.846368,0.0
17.5968,0.0136599,131.119,0.844994,0.0
17.5894,0.0133869,130.868,0.834689,0.0
17.6023,0.0132517,129.459,0.840185,0.0
17.6045,0.0137615,130.516,0.839155,0.0
17.5964,0.0134475,132.528,0.844307,0.0
17.5885,0.0136525,130.398,0.82988,0.0
17.5799,0.013642,131.354,0.824384,0.0
17.5636,0.0133016,129.929,0.846024,0.0
17.5765,0.0140075,130.683,0.834689,0.0
17.5974,0.0135506,130.834,0.864917,0.0
17.587,0.0139631,131.757,0.846368,0.0
17.5829,0.0136848,129.862,0.833315,0.0
17.5788,0.0135697,130.717,0.830567,0.0
17.5808,0.0135061,131.019,0.850833,0.0
17.5948,0.013821,131.136,0.832628,0.0
17.5948,0.0136916,130.247,0.84362,0.0
17.5878,0.0135759,130.901,0.829537,0.0
17.5972,0.0137106,129.275,0.834002,0.0
17.5919,0.0134283,130.549,0.849459,0.0
17.5959,0.0137213,130.499,0.847398,0.0
17.6068,0.0134755,130.851,0.839155,0.0
17.5962,0.0134563,130.834,0.834689,0.0
17.5876,0.0138703,131.052,0.866291,0.0
17.604,0.0141245,130.885,0.847742,0.0
17.6021,0.0138723,129.979,0.835033,0.0
17.5935,0.0134893,130.918,0.84362,0.0
17.5982,0.0131407,132.226,0.827476,0.0
17.5876,0.0136339,130.566,0.830224,0.0
17.572,0.0134013,130.918,0.853925,0.0
17.5681,0.013401,131.455,0.84465,0.0
17.5778,0.0133972,131.321,0.847742,0.0
17.5862,0.0134883,128.872,0.845681,0.0
17.5751,0.0136802,131.421,0.839498,0.0
17.582,0.0134828,131.572,0.861138,0.0
17.6033,0.0137258,130.818,0.847398,0.0
17.5909,0.0137193,130.197,0.841902,0.0
17.574,0.0137687,129.778,0.865604,0.0
17.5773,0.0137042,129.895,0.831941,0.0
17.5934,0.0138007,130.65,0.843963,0.0
17.5902,0.0138873,130.197,0.833659,0.0
17.571,0.013756,130.851,0.839155,0.0
17.5724,0.013776,128.47,0.842589,0.0
17.576,0.0138233,129.392,0.847398,0.0
17.5936,0.0135314,131.27,0.837437,0.0
17.6055,0.0137787,129.996,0.843963,0.0
17.5817,0.0135153,130.231,0.844307,0.0
17.579,0.0134779,130.7,0.839155,0.0
17.5889,0.0135744,129.073,0.846711,0.0
17.5749,0.0134536,130.985,0.826445,0.0
17.5713,0.0136218,128.721,0.823697,0.0
17.5817,0.0133371,130.214,0.835376,0.0
17.5871,0.013932,131.472,0.861482,0.0
17.5993,0.0133021,131.505,0.836407,0.0
17.59,0.0137287,129.66,0.837094,0.0
17.5624,0.0133922,130.465,0.840529,0.0
17.5605,0.0132877,130.113,0.842246,0.0
17.5795,0.013378,131.572,0.844307,0.0
17.5824,0.0138126,130.231,0.840872,0.0
17.5678,0.0135807,129.795,0.852551,0.0
17.5799,0.0137918,131.136,0.839842,0.0
17.6026,0.0138281,132.478,0.840872,0.0
17.6037,0.0139376,130.818,0.846024,0.0
17.5957,0.0138979,130.432,0.842933,0.0
17.6088,0.0134891,130.683,0.859764,0.0
17.6157,0.0137454,130.532,0.824384,0.0
17.5986,0.0136694,129.275,0.832628,0.0
17.5756,0.0136899,129.258,0.847055,0.0
17.5719,0.013897,131.505,0.838124,0.0
17.5893,0.0135736,129.945,0.834002,0.0
17.5915,0.013421,130.801,0.854268,0.0
17.5656,0.0138031,129.375,0.851864,0.0
17.5727,0.0139732,130.834,0.836407,0.0
17.5852,0.0137571,129.325,0.842246,0.0
17.5857,0.0138146,129.744,0.834689,0.0
17.6019,0.014024,130.18,0.82988,0.0
17.5896,0.0137197,129.929,0.843276,0.0
17.5748,0.0136791,131.857,0.836063,0.0
17.5787,0.0135484,130.633,0.848085,0.0
17.5822,0.0137889,129.258,0.82885,0.0
17.5882,0.0137109,130.566,0.846368,0.0
17.5998,0.0136264,130.851,0.840529,0.0
17.5928,0.0136161,131.522,0.829193,0.0
17.5702,0.0135126,130.231,0.848429,0.0
17.573,0.0135289,131.153,0.850833,0.0
17.5913,0.0135301,130.767,0.841902,0.0
17.5981,0.0135753,131.522,0.832285,0.0
17.5937,0.0132287,131.237,0.847055,0.0
17.5635,0.0138452,130.331,0.837437,0.0
17.5552,0.0136554,131.925,0.861825,0.0
17.5994,0.0137917,133.216,0.869725,0.0
17.6103,0.0137131,129.426,0.840185,0.0
17.5742,0.0135291,129.895,0.851864,0.0
17.5695,0.0135896,130.197,0.847742,0.0
17.5907,0.0137453,130.449,0.856673,0.0
17.5925,0.0134954,130.08,0.873504,0.0
17.5856,0.0137387,131.136,0.853925,0.0
17.5892,0.013409,131.824,0.850833,0.0
17.5932,0.0136109,131.975,0.856329,0.0
17.572,0.0134447,129.493,0.819232,0.0
17.559,0.013767,131.22,0.845681,0.0
17.569,0.0138453,129.375,0.832972,0.0
17.5749,0.0136676,129.929,0.823354,0.0
17.5797,0.0134748,130.214,0.834689,0.0
17.5931,0.0138343,129.442,0.847398,0.0
17.5795,0.0137382,130.935,0.841216,0.0
17.5807,0.0137841,130.432,0.829537,0.0
17.5889,0.0136891,130.549,0.84465,0.0
17.5748,0.0136656,129.476,0.852894,0.0
17.5703,0.013509,131.975,0.860795,0.0
17.5733,0.0135736,130.063,0.841902,0.0
17.5792,0.0133449,130.952,0.860451,0.0
17.6015,0.0138775,130.834,0.862856,0.0
17.6027,0.0135308,129.426,0.815797,0.0
17.5845,0.0135915,130.432,0.831254,0.0
17.5768,0.0137336,129.694,0.866291,0.0
17.5819,0.013694,132.109,0.855299,0.0
17.5849,0.0134623,129.727,0.852207,0.0
17.5808,0.0138094,130.231,0.833659,0.0
17.5823,0.0135784,131.321,0.854268,0.0
17.5815,0.0134514,131.774,0.843963,0.0
17.5755,0.0134878,128.973,0.846024,0.0
17.5823,0.0137169,131.841,0.854612,0.0
17.5742,0.013749,130.616,0.859077,0.0
17.5616,0.0134565,130.348,0.840872,0.0
17.5866,0.0137478,131.321,0.837094,0.0
17.5933,0.0133911,130.264,0.829537,0.0
17.5708,0.0137156,130.818,0.826445,0.0
17.5838,0.0137209,130.751,0.852207,0.0
17.6028,0.0136359,129.962,0.826445,0.0
17.5908,0.0135962,130.935,0.853581,0.0
17.5922,0.0140683,129.979,0.824728,0.0
17.5987,0.0138237,131.019,0.838124,0.0
17.5955,0.0135561,131.505,0.828163,0.0
17.5927,0.0137538,129.358,0.833659,0.0
17.5728,0.0134651,131.639,0.837781,0.0
17.579,0.0135058,129.878,0.84465,0.0
17.5855,0.0136795,131.371,0.824384,0.0
17.5833,0.0136019,130.7,0.839842,0.0
17.586,0.0135704,131.455,0.842589,0.0
17.5846,0.0136699,129.912,0.830911,0.0
17.5819,0.0134463,128.939,0.830567,0.0
17.5656,0.0136378,130.667,0.838124,0.0
17.5701,0.0134513,130.751,0.822667,0.0
17.5994,0.0136619,130.046,0.853581,0.0
17.6048,0.0137763,130.281,0.848429,0.0
17.5828,0.0138575,130.985,0.835376,0.0
17.5683,0.0133743,131.052,0.831598,0.0
17.5821,0.0135178,129.929,0.826102,0.0
17.5939,0.013764,130.583,0.850146,0.0
17.558,0.0139082,130.767,0.846368,0.0
17.5387,0.0137667,131.522,0.826789,0.0
17.573,0.0135235,130.566,0.846711,0.0
17.5866,0.0135169,130.398,0.849459,0.0
17.5869,0.0137136,130.633,0.841216,0.0
17.5918,0.0136903,132.277,0.847742,0.0
17.5834,0.0135297,128.939,0.834346,0.0
17.5743,0.0132911,130.13,0.843963,0.0
17.5963,0.0137587,131.052,0.825758,0.0
17.5804,0.0133521,129.979,0.852551,0.0
17.5584,0.0137667,130.281,0.816827,0.0
17.5801,0.0133833,130.7,0.840529,0.0
17.5759,0.0135184,131.22,0.857016,0.0
17.5666,0.0138063,131.841,0.853238,0.0
17.59,0.0133418,131.019,0.837781,0.0
17.6064,0.0135147,130.382,0.82301,0.0
17.5864,0.0135951,131.405,0.839498,0.0
17.5708,0.0137137,130.969,0.859077,0.0
17.5896,0.0137963,130.499,0.848772,0.0
17.5978,0.0136926,130.415,0.838468,0.0
17.605,0.0135353,129.191,0.831598,0.0
17.6123,0.0135793,131.254,0.83572,0.0
17.5812,0.0134917,129.107,0.852207,0.0
17.5615,0.0135964,131.857,0.84465,0.0
17.5865,0.013937,131.857,0.840529,0.0
17.605,0.0136006,130.901,0.849803,0.0
17.6,0.0134589,129.023,0.835033,0.0
17.583,0.0134988,130.499,0.85049,0.0
17.5812,0.0138298,129.493,0.832628,0.0
17.5918,0.014148,130.415,0.842933,0.0
17.5948,0.013372,130.264,0.814423,0.0
17.5794,0.0131746,129.442,0.843963,0.0
17.5606,0.0133051,131.824,0.85736,0.0
17.5652,0.0134709,130.868,0.854955,0.0
17.5909,0.0135445,130.415,0.860451,0.0
17.6037,0.0136555,130.918,0.832285,0.0
17.5882,0.01354,131.153,0.855299,0.0
17.6021,0.0139427,129.593,0.820606,0.0
17.6,0.0136943,130.683,0.847055,0.0
17.5748,0.0136929,131.841,0.840872,0.0
17.5793,0.0137479,131.74,0.831254,0.0
17.5886,0.0142365,129.56,0.822667,0.0
17.5994,0.0137981,130.13,0.866634,0.0
17.5931,0.0134448,129.325,0.817171,0.0
17.5564,0.0137528,129.358,0.837781,0.0
17.5609,0.0134648,130.499,0.826445,0.0
17.6003,0.0136082,129.66,0.82988,0.0
17.6046,0.01365,130.851,0.853925,0.0
17.5805,0.0135263,130.331,0.847742,0.0
17.5638,0.0136029,130.096,0.846368,0.0
17.5782,0.0135798,130.834,0.831254,0.0
17.5894,0.0134174,131.203,0.817858,0.0
17.5864,0.0138825,130.029,0.838811,0.0
17.5783,0.0134051,131.103,0.837781,0.0
17.5751,0.0137521,130.7,0.854268,0.0
17.5832,0.0134835,130.314,0.826789,0.0
17.5752,0.0134039,129.459,0.838811,0.0
17.5766,0.0137488,131.438,0.844307,0.0
17.6036,0.0131954,129.761,0.824728,0.0
17.6005,0.0136852,131.807,0.825758,0.0
17.5792,0.0140664,130.298,0.827132,0.0
17.5744,0.0137505,131.656,0.845681,0.0
17.5923,0.0136802,131.086,0.852207,0.0
17.6075,0.0136527,131.757,0.838468,0.0
17.5944,0.0139149,130.415,0.860795,0.0
17.5767,0.0139232,130.532,0.837437,0.0
17.5781,0.0135159,130.08,0.843963,0.0
17.5885,0.0137299,130.784,0.852551,0.0
17.583,0.0134946,130.851,0.838811,0.0
17.5823,0.013755,130.096,0.830224,0.0
17.5989,0.0133604,129.66,0.849803,0.0
17.6172,0.0135498,130.08,0.833315,0.0
17.6011,0.013511,131.371,0.839842,0.0
17.5791,0.0139798,128.671,0.828163,0.0
17.5779,0.0135842,130.281,0.851177,0.0
17.5762,0.0137972,130.482,0.834689,0.0
17.5731,0.0137014,130.449,0.84362,0.0
17.5833,0.013361,132.008,0.840529,0.0
17.5819,0.0134325,130.298,0.84362,0.0
17.5728,0.0138666,129.878,0.84465,0.0
17.5748,0.0138937,129.073,0.854268,0.0
17.5957,0.0134726,132.294,0.822667,0.0
17.6037,0.0134784,131.455,0.839498,0.0
17.603,0.0135457,129.644,0.851864,0.0
17.607,0.0135894,129.945,0.852207,0.0
17.5892,0.0134387,131.086,0.839842,0.0
17.5811,0.0134109,130.784,0.834346,0.0
17.581,0.0136956,129.174,0.849116,0.0
17.5761,0.0135321,130.616,0.856673,0.0
17.5789,0.0136246,130.164,0.865947,0.0
17.5755,0.0135041,130.482,0.856673,0.0
17.5683,0.013282,129.845,0.840185,0.0
17.5891,0.0135623,130.767,0.830911,0.0
17.6058,0.013394,130.784,0.859421,0.0
17.5928,0.0137126,130.08,0.848085,0.0
17.5961,0.0135972,130.499,0.834689,0.0
17.602,0.0137769,130.851,0.844307,0.0
17.5773,0.0137488,131.22,0.846024,0.0
17.5734,0.0138303,130.818,0.842589,0.0
17.5924,0.0141311,129.912,0.827819,0.0
17.5957,0.0137469,130.633,0.847742,0.0
17.5673,0.0135813,129.945,0.828506,0.0
17.56,0.0136683,131.472,0.840872,0.0
17.5827,0.0135612,131.019,0.842933,0.0
17.5863,0.0135889,129.476,0.828163,0.0
17.5715,0.0138112,129.258,0.834346,0.0
17.5765,0.0136637,131.153,0.847055,0.0
17.5973,0.01371,130.465,0.839498,0.0
17.5972,0.0137027,130.751,0.851864,0.0
17.6087,0.0133556,130.331,0.844994,0.0
17.6141,0.0136943,130.382,0.851864,0.0
17.5947,0.0135474,129.375,0.852551,0.0
17.5733,0.0135417,130.214,0.836407,0.0
17.5746,0.0136808,131.572,0.839842,0.0
17.5878,0.0134356,131.488,0.845337,0.0
17.5757,0.0135178,130.969,0.850833,0.0
17.5761,0.0138163,130.398,0.849803,0.0
17.5893,0.0133667,130.499,0.839155,0.0
17.5862,0.0134498,129.778,0.841902,0.0
17.5893,0.0138318,130.331,0.842589,0.0
17.5906,0.0137469,129.811,0.840872,0.0
17.568,0.0137434,131.857,0.846711,0.0
17.573,0.013805,130.751,0.828506,0.0
17.602,0.0135489,131.556,0.84465,0.0
17.5738,0.013506,130.164,0.834002,0.0
17.5536,0.0135151,129.66,0.869382,0.0
17.5859,0.0139207,128.369,0.837437,0.0
17.5977,0.0134957,131.69,0.859421,0.0
17.5917,0.0138748,129.644,0.842933,0.0
17.5856,0.01351,130.784,0.80721,0.0
17.5876,0.0134891,132.411,0.858047,0.0
17.5801,0.0136006,129.945,0.840185,0.0
17.5976,0.0140094,131.069,0.851864,0.0
17.6096,0.0136249,130.952,0.82198,0.0
17.5866,0.0136608,130.197,0.86526,0.0
17.5928,0.0137918,129.191,0.837094,0.0
17.5918,0.013539,132.26,0.827819,0.0
17.5719,0.0134733,129.291,0.839498,0.0
17.5956,0.0135149,129.358,0.860108,0.0
17.6043,0.0139164,130.113,0.824041,0.0
17.5798,0.0138644,129.325,0.840185,0.0
17.587,0.0135325,130.985,0.827819,0.0
17.5885,0.0135104,131.136,0.836063,0.0
17.571,0.0134397,131.17,0.845337,0.0
17.5626,0.013993,129.023,0.838124,0.0
17.5578,0.0134048,131.79,0.83675,0.0
17.5702,0.0136282,130.449,0.861138,0.0
17.5928,0.0136741,130.247,0.844994,0.0
17.5995,0.0137624,131.824,0.848429,0.0
17.5816,0.0139499,131.438,0.828506,0.0
17.5811,0.0138858,129.66,0.861138,0.0
17.6046,0.0137305,129.945,0.834689,0.0
17.5926,0.0135986,129.04,0.812019,0.0
17.5777,0.0139036,129.057,0.847398,0.0
17.5854,0.0132792,129.275,0.85152,0.0
17.5936,0.0138973,131.237,0.818888,0.0
17.5941,0.0136108,131.136,0.836063,0.0
17.5819,0.0135009,129.761,0.860108,0.0
17.605,0.0135103,131.069,0.841902,0.0
17.6183,0.01389,130.784,0.831941,0.0
17.5852,0.0137904,131.874,0.843963,0.0
17.5805,0.0140386,129.761,0.832972,0.0
17.5884,0.0139361,130.281,0.842246,0.0
17.573,0.0139413,130.482,0.81511,0.0
17.5752,0.0134819,130.348,0.832285,0.0
17.5853,0.0138903,129.476,0.830224,0.0
17.5865,0.0134507,131.321,0.833315,0.0
17.5893,0.0135788,129.409,0.851177,0.0
17.5705,0.0135865,130.348,0.854955,0.0
17.5697,0.0135996,131.807,0.820949,0.0
17.59,0.0139361,129.795,0.828163,0.0
17.6013,0.0135984,130.499,0.854268,0.0
17.6019,0.0137381,130.583,0.854268,0.0
17.5851,0.0136624,130.348,0.852894,0.0
17.5782,0.0138762,130.583,0.830567,0.0
17.5882,0.0138594,129.694,0.849459,0.0
17.5808,0.0139179,130.952,0.849803,0.0
17.5686,0.0134784,129.325,0.84465,0.0
17.5638,0.0137141,130.516,0.847398,0.0
17.5708,0.0135275,131.187,0.845681,0.0
17.5896,0.013308,130.65,0.841216,0.0
17.5866,0.0135743,131.036,0.830911,0.0
17.5837,0.0133298,130.868,0.857016,0.0
17.6069,0.0136441,129.459,0.845337,0.0
17.5971,0.0136781,130.717,0.82885,0.0
17.5714,0.0136666,130.382,0.822667,0.0
17.5907,0.0137577,130.734,0.862856,0.0
17.5902,0.0138311,131.103,0.819232,0.0
17.5669,0.0137164,130.65,0.85736,0.0
17.58,0.0139849,130.382,0.827476,0.0
17.589,0.014056,129.174,0.840185,0.0
17.5951,0.0136865,132.159,0.838811,0.0
17.5868,0.0130446,130.583,0.831941,0.0
17.5741,0.0139529,130.247,0.820606,0.0
17.6024,0.013896,130.281,0.844307,0.0
17.5892,0.0135765,130.029,0.858047,0.0
17.5439,0.0136363,130.532,0.832628,0.0
17.5774,0.0139198,131.22,0.85049,0.0
17.5949,0.0135572,130.164,0.831598,0.0
17.5738,0.0136987,130.952,0.859421,0.0
17.573,0.0137157,130.549,0.84465,0.0
17.5837,0.0137408,129.744,0.841902,0.0
17.61,0.0135917,132.428,0.831254,0.0
17.5856,0.0139653,130.516,0.856329,0.0
17.544,0.013688,128.654,0.855642,0.0
17.5725,0.0136868,131.522,0.848772,0.0
17.598,0.0135392,129.878,0.846711,0.0
17.5859,0.013688,129.744,0.851864,0.0
17.5828,0.013613,129.979,0.825415,0.0
17.5974,0.0134115,131.639,0.835033,0.0
17.6022,0.0134751,129.878,0.841902,0.0
17.5951,0.0135933,132.059,0.834689,0.0
17.5944,0.0135381,129.945,0.838811,0.0
17.5933,0.0135334,130.851,0.830224,0.0
17.5943,0.0138145,131.187,0.84465,0.0
17.5972,0.013821,131.036,0.82885,0.0
17.5881,0.0130962,130.281,0.842246,0.0
17.5844,0.0136004,132.159,0.845337,0.0
17.5737,0.0136964,129.694,0.835033,0.0
17.5676,0.0137621,131.774,0.838811,0.0
17.5948,0.013756,130.13,0.848429,0.0
17.594,0.0138443,131.354,0.856329,0.0
17.5774,0.0136687,129.577,0.823697,0.0
17.5879,0.0136258,130.482,0.85049,0.0
17.5973,0.01357,131.438,0.826102,0.0
17.5831,0.0137991,131.405,0.813736,0.0
17.5857,0.014,131.153,0.860451,0.0
17.5827,0.0136349,130.901,0.843963,0.0
17.5607,0.0137677,130.398,0.84465,0.0
17.5745,0.0135531,131.371,0.82988,0.0
17.5978,0.0140177,132.042,0.851864,0.0
17.5826,0.013313,131.069,0.838124,0.0
17.5792,0.013785,130.834,0.85839,0.0
17.5897,0.0137354,129.308,0.846024,0.0
17.5779,0.0133128,131.572,0.864917,0.0
17.5835,0.013752,129.409,0.848429,0.0
17.5961,0.0136107,129.426,0.843963,0.0
17.5872,0.0135484,129.945,0.843276,0.0
17.5788,0.0133949,132.042,0.837094,0.0
17.5924,0.0135561,129.392,0.849116,0.0
17.6054,0.0136716,130.667,0.831941,0.0
17.5958,0.0137541,130.6,0.839155,0.0
17.5901,0.0134136,130.449,0.847398,0.0
17.5796,0.0139339,130.616,0.848429,0.0
17.5834,0.0137334,130.532,0.824728,0.0
17.5873,0.0136612,130.281,0.84362,0.0
17.5639,0.0137653,130.7,0.840872,0.0
17.5737,0.0134425,128.688,0.826789,0.0
17.599,0.0135862,130.029,0.82988,0.0
17.59,0.0137341,129.744,0.838811,0.0
17.5897,0.0137867,130.784,0.841559,0.0
17.5904,0.0138637,130.566,0.851864,0.0
17.5692,0.0136218,132.092,0.868351,0.0
17.5868,0.0133848,131.505,0.82301,0.0
17.5935,0.0135404,130.616,0.841902,0.0
17.5555,0.0135159,131.421,0.846024,0.0
17.5552,0.0140618,128.956,0.841902,0.0
17.5951,0.0138919,131.405,0.849459,0.0
17.6013,0.0138269,129.945,0.832972,0.0
17.5706,0.0134049,130.834,0.825415,0.0
17.5666,0.0134535,130.767,0.814767,0.0
17.5799,0.013536,129.392,0.846368,0.0
17.5747,0.0137287,131.287,0.835376,0.0
17.5832,0.0137123,130.751,0.856673,0.0
17.586,0.013429,129.409,0.848429,0.0
17.5765,0.0136827,131.472,0.837437,0.0
17.5702,0.0138789,131.757,0.849116,0.0
17.5568,0.0139177,131.119,0.829193,0.0
17.561,0.0134072,129.811,0.83675,0.0
17.5809,0.0135732,130.7,0.864573,0.0
17.5797,0.0135231,129.929,0.834689,0.0
17.5955,0.0135666,130.499,0.848429,0.0
17.611,0.0137538,129.459,0.835033,0.0
17.593,0.0136891,129.275,0.848772,0.0
17.5834,0.0138514,130.65,0.842933,0.0
17.5837,0.0132902,129.409,0.843963,0.0
17.5764,0.0141039,128.553,0.844994,0.0
17.5837,0.0140114,131.287,0.846711,0.0
17.5857,0.0138582,128.688,0.833659,0.0
17.5671,0.0133569,131.623,0.828506,0.0
17.577,0.0134976,131.17,0.830911,0.0
17.5845,0.0134351,129.509,0.824384,0.0
17.5755,0.0136555,129.895,0.826789,0.0
17.5794,0.0136542,129.392,0.841902,0.0
17.5875,0.0133458,131.338,0.833659,0.0
17.5842,0.0138494,130.264,0.818545,0.0
17.5842,0.0136302,129.962,0.815453,0.0
17.6058,0.0138408,131.338,0.855299,0.0
17.5919,0.0136067,130.566,0.848085,0.0
17.5641,0.0133922,130.432,0.830567,0.0
17.5674,0.0136166,130.415,0.824041,0.0
17.5964,0.0137286,130.096,0.855986,0.0
17.5936,0.0135569,128.788,0.862856,0.0
17.5577,0.0138911,130.818,0.831598,0.0
17.5638,0.0137358,130.633,0.835033,0.0
17.5888,0.0137963,131.673,0.835376,0.0
17.5885,0.0138726,130.935,0.838811,0.0
17.5871,0.0138815,129.962,0.86526,0.0
17.5941,0.0133617,129.208,0.832972,0.0
17.5937,0.0135024,131.371,0.825415,0.0
17.5861,0.0133879,130.717,0.839842,0.0
17.5852,0.0135812,130.717,0.842933,0.0
17.599,0.0135415,130.247,0.829537,0.0
17.5958,0.0135973,130.231,0.849803,0.0
17.5883,0.0136217,129.962,0.828163,0.0
17.5969,0.0140763,129.878,0.826102,0.0
17.6,0.0134137,129.929,0.837437,0.0
17.6113,0.0135484,131.287,0.848772,0.0
17.6097,0.0137733,130.197,0.844994,0.0
17.5783,0.0140345,128.922,0.846711,0.0
17.5744,0.0137385,130.281,0.838468,0.0
17.5924,0.0136597,131.321,0.85152,0.0
17.5912,0.0136929,130.18,0.827476,0.0
17.5803,0.0137049,131.052,0.831941,0.0
17.5799,0.0136669,130.398,0.839498,0.0
17.5787,0.0136143,129.275,0.874534,0.0
17.564,0.013737,129.962,0.848429,0.0
17.5749,0.0140233,128.755,0.847398,0.0
17.5916,0.0139306,130.952,0.840529,0.0
17.5616,0.0134185,130.18,0.839498,0.0
17.5605,0.0136357,130.348,0.840872,0.0
17.5978,0.0133468,128.805,0.830567,0.0
17.5852,0.0137914,129.66,0.853581,0.0
17.5653,0.0139308,130.214,0.838124,0.0
17.59,0.0134716,131.22,0.832285,0.0
17.6271,0.0137556,131.119,0.840872,0.0
17.591,0.0137398,130.465,0.848772,0.0
17.5424,0.013923,129.224,0.846711,0.0
17.5633,0.0139553,131.254,0.831941,0.0
17.5849,0.013936,130.314,0.85736,0.0
17.5847,0.0138123,130.935,0.854268,0.0
17.5941,0.0135274,130.566,0.827819,0.0
17.59,0.0133691,130.214,0.825071,0.0
17.575,0.0137656,130.08,0.829193,0.0
17.5853,0.0139055,130.65,0.817858,0.0
17.5955,0.0138563,130.298,0.838468,0.0
17.596,0.0134246,132.176,0.846024,0.0
17.5876,0.0133495,129.174,0.833659,0.0
17.5836,0.013732,131.036,0.840872,0.0
17.601,0.013729,130.449,0.832972,0.0
17.6006,0.0135639,130.65,0.828506,0.0
17.5848,0.013402,131.153,0.850146,0.0
17.581,0.0137292,130.901,0.84362,0.0
17.5785,0.0137954,131.136,0.846024,0.0
17.5869,0.0137156,131.103,0.832285,0.0
17.5994,0.013647,129.627,0.847055,0.0
17.6086,0.0137388,131.019,0.845337,0.0
17.613,0.0138939,131.941,0.841216,0.0
17.6042,0.013422,130.096,0.822667,0.0
17.5843,0.0135326,129.56,0.83572,0.0
17.5838,0.0139525,131.22,0.843963,0.0
17.5942,0.0139593,130.449,0.852894,0.0
17.5912,0.013665,131.992,0.819919,0.0
17.5926,0.0136126,129.09,0.845681,0.0
17.5893,0.0136382,130.096,0.839498,0.0
17.5769,0.0134703,130.751,0.82988,0.0
17.5861,0.0135668,130.281,0.85049,0.0
17.5924,0.0139467,131.488,0.851864,0.0
17.5864,0.013996,131.237,0.832628,0.0
17.5899,0.0137969,130.633,0.826789,0.0
17.5767,0.0135495,130.851,0.855642,0.0
17.5771,0.0136012,132.428,0.83675,0.0
17.5967,0.0137005,129.795,0.836407,0.0
17.5768,0.0137853,131.388,0.847742,0.0
17.5804,0.0135733,131.438,0.848429,0.0
17.6113,0.0135808,129.275,0.828163,0.0
17.5922,0.0134156,129.392,0.817858,0.0
17.5848,0.0136964,130.398,0.847742,0.0
17.6066,0.0136616,130.549,0.847398,0.0
17.599,0.01361,131.74,0.836407,0.0
17.5919,0.0139137,130.734,0.837437,0.0
17.5889,0.0138542,131.237,0.83675,0.0
17.584,0.0135767,129.878,0.840185,0.0
17.5894,0.0133267,130.046,0.826789,0.0
17.5855,0.013478,129.61,0.815797,0.0
17.5848,0.0133549,131.287,0.853238,0.0
17.5974,0.0136437,131.925,0.854955,0.0
17.5909,0.0133929,132.159,0.835376,0.0
17.5866,0.0136812,132.109,0.840529,0.0
17.6068,0.0137436,131.019,0.834689,0.0
17.5954,0.0137041,130.851,0.844307,0.0
17.5813,0.0136423,130.616,0.839498,0.0
17.5919,0.0135947,130.717,0.851864,0.0
17.6013,0.0137467,131.69,0.836063,0.0
17.5981,0.0134121,129.224,0.851864,0.0
17.5797,0.0134351,129.761,0.824728,0.0
17.5748,0.0132824,130.499,0.857016,0.0
17.5917,0.0136765,131.237,0.834689,0.0
17.583,0.0134889,129.09,0.839498,0.0
17.5782,0.0133654,129.761,0.852551,0.0
17.6009,0.0139116,129.61,0.85049,0.0
17.6008,0.0137093,130.566,0.829537,0.0
17.5838,0.0138066,130.063,0.818888,0.0
17.5819,0.0136517,131.824,0.848085,0.0
17.5912,0.0133644,129.308,0.837437,0.0
17.5928,0.0134965,130.566,0.877969,0.0
17.5793,0.0135377,130.18,0.854612,0.0
17.5574,0.0135992,131.237,0.837437,0.0
17.5725,0.0132893,131.086,0.827819,0.0
17.6007,0.0136524,130.113,0.832285,0.0
17.6018,0.0138734,129.358,0.838811,0.0
17.5931,0.0136454,129.593,0.83675,0.0
17.5958,0.0136589,131.052,0.854955,0.0
17.5934,0.0138675,130.18,0.842933,0.0
17.5722,0.0137011,131.656,0.833659,0.0
17.5795,0.0135094,131.455,0.851177,0.0
17.5782,0.0133891,131.069,0.858047,0.0
17.5729,0.0136877,130.549,0.846024,0.0
17.5909,0.0133583,129.862,0.843276,0.0
17.595,0.0136011,130.751,0.852894,0.0
17.5895,0.0137482,131.673,0.832285,0.0
17.5815,0.0140165,130.231,0.85736,0.0
17.5646,0.0136109,130.667,0.846024,0.0
17.5655,0.0136292,131.052,0.845681,0.0
17.5851,0.0135565,130.348,0.826102,0.0
17.5976,0.0136332,130.532,0.840185,0.0
17.593,0.0135794,129.56,0.852894,0.0
17.583,0.0137225,131.103,0.837781,0.0
17.5829,0.0136135,130.7,0.837437,0.0
17.5797,0.0136744,130.532,0.831254,0.0
17.5888,0.0134929,130.885,0.834002,0.0
17.5897,0.0133764,129.241,0.834689,0.0
17.5945,0.0138129,130.314,0.828163,0.0
17.5921,0.0135599,131.941,0.863543,0.0
17.5798,0.0135007,130.063,0.832972,0.0
17.573,0.0135657,130.264,0.822323,0.0
17.5719,0.0134543,130.868,0.831941,0.0
17.5832,0.0136882,131.338,0.841216,0.0
17.5882,0.0135588,131.119,0.845337,0.0
17.585,0.01386,129.945,0.818201,0.0
17.593,0.013696,130.18,0.850146,0.0
17.5892,0.0136998,128.704,0.837094,0.0
17.5849,0.0139376,130.6,0.838811,0.0
17.58,0.013416,130.482,0.828506,0.0
17.5723,0.0136583,129.057,0.844307,0.0
17.5582,0.0136406,130.365,0.845337,0.0
17.5559,0.0133122,129.61,0.859077,0.0
17.5757,0.0136348,129.828,0.836063,0.0
17.5823,0.0132002,128.637,0.825415,0.0
17.5717,0.0134547,130.566,0.841902,0.0
17.5755,0.0137611,131.254,0.851177,0.0
17.5977,0.0132589,130.247,0.83572,0.0
17.5941,0.01349,129.442,0.86423,0.0
17.5901,0.0133725,129.66,0.845337,0.0
17.6056,0.0136435,131.656,0.841902,0.0
17.5827,0.0138036,128.788,0.812019,0.0
17.5681,0.0135225,131.338,0.848085,0.0
17.5834,0.0139431,130.6,0.841559,0.0
17.581,0.0139019,132.226,0.841902,0.0
17.6027,0.0133836,129.442,0.827819,0.0
17.6045,0.0135424,130.868,0.853925,0.0
17.5802,0.0137772,130.851,0.838468,0.0
17.5919,0.013609,129.459,0.834002,0.0
17.587,0.0136458,130.432,0.85736,0.0
17.5643,0.0138458,130.969,0.832628,0.0
17.5633,0.0137691,129.325,0.85736,0.0
17.5823,0.0136847,131.086,0.850833,0.0
17.6129,0.0136145,130.063,0.838468,0.0
17.5951,0.0137346,130.449,0.849116,0.0
17.5749,0.0139117,129.761,0.838124,0.0
17.5918,0.0138229,129.291,0.837094,0.0
17.5921,0.0136914,130.231,0.822667,0.0
17.5667,0.0136743,131.556,0.837437,0.0
17.5614,0.0137581,129.04,0.842589,0.0
17.599,0.0139289,130.197,0.849803,0.0
17.5838,0.014045,130.767,0.844307,0.0
17.5708,0.0135503,130.667,0.832285,0.0
17.6097,0.0133593,131.874,0.842589,0.0
17.5902,0.0133643,131.203,0.827132,0.0
17.5677,0.0134441,130.751,0.843963,0.0
17.5939,0.0132569,130.868,0.831598,0.0
17.6152,0.0132812,130.65,0.851864,0.0
17.6027,0.0134116,130.784,0.83675,0.0
17.588,0.0137926,128.168,0.842933,0.0
17.594,0.0137277,131.27,0.837781,0.0
17.6016,0.0134456,131.354,0.820949,0.0
17.5806,0.0134825,129.929,0.857703,0.0
17.5716,0.0133276,128.704,0.851177,0.0
17.6018,0.0135127,129.811,0.838468,0.0
17.6069,0.0137563,129.962,0.862169,0.0
17.597,0.0134881,132.193,0.856673,0.0
17.5934,0.0135951,130.751,0.862856,0.0
17.5733,0.0134384,129.409,0.849459,0.0
17.5706,0.0136604,130.415,0.832972,0.0
17.5827,0.0136752,129.945,0.837781,0.0
17.5906,0.0139736,132.361,0.827819,0.0
17.5975,0.0133342,129.644,0.827132,0.0
17.588,0.0136083,129.694,0.828506,0.0
17.5732,0.0136667,129.996,0.838124,0.0
17.5795,0.0134615,129.761,0.839155,0.0
17.5912,0.0138054,130.096,0.830911,0.0
17.5757,0.0134765,130.331,0.849459,0.0
17.5785,0.0134066,132.143,0.832628,0.0
17.5931,0.0134974,130.063,0.861138,0.0
17.5878,0.0135911,130.197,0.840529,0.0
17.5804,0.0136016,130.18,0.850146,0.0
17.5699,0.0139071,130.013,0.849803,0.0
17.5665,0.0137634,130.532,0.850146,0.0
17.5755,0.0135719,130.063,0.84465,0.0
17.5805,0.0135533,131.589,0.823697,0.0
17.573,0.0138008,131.857,0.846024,0.0
17.5722,0.013647,129.124,0.858047,0.0
17.5778,0.0137684,131.908,0.840185,0.0
17.5816,0.0138425,131.472,0.825071,0.0
17.583,0.0135329,130.432,0.839498,0.0
17.6021,0.0138143,132.143,0.827819,0.0
17.6096,0.0139544,131.304,0.829193,0.0
17.588,0.0137267,130.449,0.827819,0.0
17.6045,0.0141214,130.214,0.850146,0.0
17.6284,0.0136192,130.7,0.858047,0.0
17.6176,0.0139841,133.283,0.849116,0.0
17.6091,0.0133362,129.761,0.839155,0.0
17.5972,0.0133904,129.107,0.83572,0.0
17.5844,0.0131549,130.214,0.844994,0.0
17.5723,0.0137693,131.22,0.834002,0.0
17.5876,0.0139063,130.298,0.85152,0.0
17.6182,0.0135367,130.667,0.843963,0.0
17.5869,0.0134406,131.623,0.830224,0.0
17.5658,0.0138307,131.606,0.859421,0.0
17.578,0.0138588,130.432,0.831941,0.0
17.5698,0.01335,129.073,0.854268,0.0
17.5642,0.0137407,130.583,0.869382,0.0
17.5808,0.0138488,129.342,0.851177,0.0
17.5946,0.0139834,132.444,0.839498,0.0
17.5707,0.0139177,130.18,0.825071,0.0
17.5482,0.013102,130.365,0.824384,0.0
17.5651,0.0135033,131.002,0.847398,0.0
17.5876,0.0134981,129.744,0.84362,0.0
17.5928,0.0134159,130.147,0.853925,0.0
17.593,0.013592,131.086,0.828506,0.0
17.5853,0.013406,129.291,0.810645,0.0
17.5794,0.0131779,129.862,0.852551,0.0
17.6055,0.0133665,129.694,0.84362,0.0
17.5915,0.0139657,129.627,0.83572,0.0
17.5595,0.0135077,129.895,0.830567,0.0
17.5871,0.0133573,129.392,0.841902,0.0
17.5966,0.0137537,131.321,0.865947,0.0
17.5793,0.0137825,129.828,0.855986,0.0
17.5695,0.0135425,130.918,0.833659,0.0
17.561,0.0137942,128.721,0.836407,0.0
17.5613,0.013525,129.476,0.846024,0.0
17.5722,0.0137684,132.411,0.831941,0.0
17.562,0.0139304,129.929,0.806523,0.0
17.5666,0.0137603,131.069,0.832972,0.0
17.5972,0.0136977,131.287,0.853581,0.0
17.5948,0.0135548,130.717,0.83675,0.0
17.5834,0.0138195,131.405,0.85152,0.0
17.5876,0.0138328,131.354,0.844307,0.0
17.5932,0.0134937,129.694,0.840529,0.0
17.5911,0.0137476,129.677,0.82988,0.0
17.5833,0.0136817,129.275,0.850146,0.0
17.5772,0.0135295,130.549,0.827132,0.0
17.5774,0.0133352,130.616,0.846368,0.0
17.5988,0.0139398,129.358,0.847398,0.0
17.5979,0.0133895,132.361,0.847055,0.0
17.5772,0.0137078,131.488,0.842933,0.0
17.5886,0.0140088,130.499,0.834002,0.0
17.6054,0.0137169,131.086,0.819919,0.0
17.5929,0.0138646,130.532,0.825071,0.0
17.5792,0.0136137,130.398,0.850146,0.0
17.5753,0.0133867,130.969,0.860108,0.0
17.5755,0.0135546,129.795,0.838468,0.0
17.584,0.0132841,130.499,0.841902,0.0
17.5858,0.0134914,130.717,0.843276,0.0
17.5732,0.0136945,130.164,0.844307,0.0
17.5681,0.0134196,130.616,0.861825,0.0
17.5831,0.0132951,130.918,0.877626,0.0
17.5962,0.0133451,130.566,0.859421,0.0
17.5974,0.0136184,130.952,0.818201,0.0
17.5928,0.0137111,129.409,0.841559,0.0
17.5917,0.0133195,132.897,0.845337,0.0
17.605,0.013824,130.063,0.876252,0.0
17.6129,0.0138034,131.505,0.850146,0.0
17.6076,0.0135531,130.969,0.841559,0.0
17.5839,0.0139521,128.771,0.841216,0.0
17.5678,0.0134709,130.365,0.838811,0.0
17.5881,0.0137007,130.013,0.829193,0.0
17.592,0.0139703,131.891,0.87316,0.0
17.5832,0.0134327,130.751,0.862512,0.0
17.602,0.0137941,132.361,0.836407,0.0
17.6097,0.0137075,130.063,0.82885,0.0
17.5881,0.0136884,130.885,0.820606,0.0
17.5941,0.0136829,130.382,0.854955,0.0
17.5872,0.0135559,131.304,0.869038,0.0
17.5647,0.0135768,129.543,0.854955,0.0
17.5803,0.0137727,131.304,0.810645,0.0
17.5936,0.0137738,129.711,0.830224,0.0
17.558,0.0139905,130.247,0.830224,0.0
17.5567,0.0136913,130.499,0.839155,0.0
17.5837,0.0138062,131.74,0.829537,0.0
17.5925,0.0136438,128.939,0.846368,0.0
17.5996,0.013515,129.912,0.852894,0.0
17.5995,0.0134873,130.885,0.845337,0.0
17.5958,0.0139677,131.388,0.847055,0.0
17.5948,0.0138831,131.17,0.831254,0.0
17.5827,0.0136573,129.912,0.82885,0.0
17.5722,0.0137391,130.566,0.870756,0.0
17.5815,0.0134014,131.203,0.838124,0.0
17.5881,0.0139133,130.214,0.859764,0.0
17.5847,0.0138415,131.019,0.85736,0.0
17.589,0.0135992,130.432,0.846368,0.0
17.5748,0.0134883,130.801,0.84362,0.0
17.5682,0.0135797,130.465,0.847055,0.0
17.604,0.0135052,131.052,0.843276,0.0
17.6146,0.0136899,130.432,0.839155,0.0
17.5934,0.0135379,129.577,0.824728,0.0
17.5663,0.0137281,131.321,0.843276,0.0
17.5588,0.0137426,130.868,0.854268,0.0
17.5755,0.0136249,129.543,0.838468,0.0
17.5771,0.0140729,131.908,0.850833,0.0
17.5592,0.0135755,131.706,0.863543,0.0
17.5797,0.0141065,130.499,0.842933,0.0
17.5978,0.0138378,130.348,0.84362,0.0
17.5637,0.0135426,132.143,0.823354,0.0
17.5701,0.0135946,130.432,0.835033,0.0
17.5908,0.0139807,130.147,0.834689,0.0
17.5944,0.0141522,131.556,0.830224,0.0
17.6025,0.0136149,130.969,0.843276,0.0
17.6019,0.0136146,129.962,0.84465,0.0
17.5868,0.0133885,129.476,0.832628,0.0
17.5768,0.0138147,130.398,0.854268,0.0
17.5747,0.0136769,130.532,0.842589,0.0
17.572,0.0134693,129.006,0.842933,0.0
17.5749,0.0136289,129.862,0.832628,0.0
17.5882,0.013738,131.69,0.851864,0.0
17.5892,0.0134779,129.006,0.867664,0.0
17.5917,0.0136241,130.331,0.841216,0.0
17.5883,0.0136659,131.606,0.858734,0.0
17.5815,0.0134518,129.878,0.859421,0.0
17.5942,0.0138351,130.935,0.846368,0.0
17.5861,0.0139852,129.593,0.840529,0.0
17.5777,0.0135706,132.512,0.850833,0.0
17.5839,0.0136293,131.405,0.849116,0.0
17.5826,0.013642,131.673,0.844994,0.0
17.5689,0.0136542,130.029,0.846711,0.0
17.5745,0.0139888,130.566,0.852894,0.0
17.5938,0.0138299,131.27,0.844307,0.0
17.5908,0.0138983,129.912,0.874878,0.0
17.5872,0.0140541,131.036,0.844994,0.0
17.5896,0.0137551,130.046,0.833659,0.0
17.5878,0.0134766,130.969,0.809958,0.0
17.5871,0.0136811,130.063,0.840185,0.0
17.5687,0.0135885,129.912,0.841216,0.0
17.5649,0.0135991,131.857,0.845337,0.0
17.5863,0.0136928,130.382,0.85152,0.0
17.5869,0.0133272,129.778,0.837094,0.0
17.5788,0.0135736,131.119,0.82988,0.0
17.5837,0.0137383,130.046,0.852894,0.0
17.5857,0.0135736,130.415,0.85049,0.0
17.5912,0.0138981,131.69,0.849803,0.0
17.5813,0.0136569,128.352,0.821636,0.0
17.5944,0.0133458,131.371,0.851177,0.0
17.6161,0.0135022,130.851,0.870756,0.0
17.5844,0.0135404,130.633,0.855986,0.0
17.5804,0.0135255,131.857,0.835376,0.0
17.6044,0.0136232,130.969,0.833315,0.0
17.5699,0.0131762,129.509,0.842246,0.0
17.5458,0.0136552,129.912,0.839842,0.0
17.5859,0.0136197,128.453,0.827132,0.0
17.6128,0.0136988,129.895,0.839498,0.0
17.5904,0.0135783,130.113,0.840185,0.0
17.5653,0.0133328,130.231,0.821636,0.0
17.5888,0.0135217,131.119,0.839155,0.0
17.6055,0.0139548,130.868,0.852551,0.0
17.5968,0.0134805,130.751,0.843276,0.0
17.594,0.0135042,130.482,0.85152,0.0
17.5923,0.0138935,131.338,0.837437,0.0
17.5748,0.0136323,130.767,0.852551,0.0
17.5623,0.0136844,130.147,0.829193,0.0
17.5842,0.0133812,130.818,0.849116,0.0
17.5946,0.0136784,131.136,0.846024,0.0
17.5725,0.0135396,131.086,0.853925,0.0
17.5749,0.0134492,129.442,0.826102,0.0
17.5974,0.0139731,130.6,0.847742,0.0
17.5866,0.0136343,131.891,0.84465,0.0
17.5778,0.0135509,130.449,0.832285,0.0
17.5822,0.0136756,130.818,0.85736,0.0
17.5774,0.0134248,129.945,0.850146,0.0
17.5579,0.0137647,130.214,0.843276,0.0
17.5805,0.0139164,130.18,0.834346,0.0
17.6098,0.013836,131.17,0.856673,0.0
17.5851,0.0136577,130.868,0.848429,0.0
17.5898,0.013898,130.516,0.854612,0.0
17.6037,0.0134646,129.543,0.879,0.0
17.5867,0.0136943,128.99,0.834346,0.0
17.5899,0.0138624,129.627,0.82988,0.0
17.6078,0.0137804,130.918,0.857703,0.0
17.5937,0.0139128,130.063,0.842589,0.0
17.5868,0.0136837,129.828,0.826102,0.0
17.5855,0.0139346,131.438,0.826102,0.0
17.5724,0.013833,131.673,0.84362,0.0
17.5874,0.0135072,130.901,0.827476,0.0
17.5751,0.0135338,129.61,0.818201,0.0
17.5604,0.0133523,130.13,0.833659,0.0
17.6054,0.0136004,130.885,0.843276,0.0
17.6132,0.0140307,129.845,0.842933,0.0
17.5606,0.0137492,129.426,0.861825,0.0
17.5612,0.0135158,131.354,0.826102,0.0
17.595,0.0135154,130.616,0.836063,0.0
17.5805,0.0136658,131.438,0.845681,0.0
17.5837,0.013749,130.096,0.847055,0.0
17.5871,0.0135073,129.459,0.830224,0.0
17.5848,0.0136448,130.08,0.826445,0.0
17.5881,0.0136943,131.187,0.85049,0.0
17.5789,0.0136442,130.063,0.837094,0.0
17.5768,0.0137728,130.013,0.868351,0.0
17.5802,0.013386,130.633,0.859421,0.0
17.5879,0.0136188,129.778,0.848085,0.0
17.5982,0.0137955,130.281,0.828506,0.0
17.5748,0.0135185,129.711,0.833315,0.0
17.5701,0.0137792,130.616,0.838468,0.0
17.5824,0.0137783,131.086,0.847742,0.0
17.5815,0.0135746,130.851,0.846024,0.0
17.5952,0.0136973,131.069,0.837094,0.0
17.5925,0.013725,129.711,0.835376,0.0
17.5732,0.0136143,131.673,0.84362,0.0
17.578,0.0134376,130.65,0.864917,0.0
17.5785,0.0134224,128.839,0.834689,0.0
17.5755,0.0135509,129.392,0.832972,0.0
17.5757,0.0135456,129.744,0.805149,0.0
17.5911,0.0138181,129.744,0.847055,0.0
17.5973,0.0133667,131.237,0.866978,0.0
17.5847,0.0138108,131.17,0.838124,0.0
17.5897,0.0138706,129.526,0.859077,0.0
17.5879,0.0134864,130.247,0.832628,0.0
17.5774,0.0138376,131.807,0.82301,0.0
17.5898,0.0138093,131.472,0.823354,0.0
17.5934,0.0136827,130.264,0.85152,0.0
17.5597,0.0132698,130.784,0.873847,0.0
17.5479,0.0137004,130.918,0.848429,0.0
17.5879,0.0135742,130.583,0.834689,0.0
17.5971,0.0139751,131.153,0.848772,0.0
17.5548,0.0137127,130.113,0.826789,0.0
17.572,0.0139204,131.069,0.80721,0.0
17.6134,0.0136263,130.969,0.847055,0.0
17.5863,0.0135271,130.583,0.842246,0.0
17.5695,0.0141975,130.901,0.843276,0.0
17.5758,0.0138586,129.392,0.821636,0.0
17.5726,0.0135119,129.375,0.827476,0.0
17.5834,0.0142367,130.952,0.848085,0.0
17.5902,0.013476,130.683,0.841559,0.0
17.5713,0.0135601,129.493,0.835033,0.0
17.5738,0.013372,130.197,0.82885,0.0
17.5844,0.0136921,129.342,0.839842,0.0
17.5697,0.0138107,131.371,0.843963,0.0
17.5892,0.0141512,129.862,0.851177,0.0
17.6047,0.0137681,130.767,0.845681,0.0
17.5745,0.013646,129.61,0.841902,0.0
17.5697,0.0138451,130.901,0.854268,0.0
17.5869,0.0136154,129.023,0.843963,0.0
17.5858,0.0133444,130.013,0.854955,0.0
17.5793,0.0134966,131.354,0.844994,0.0
17.5738,0.0134916,130.868,0.85736,0.0
17.5781,0.0136698,129.375,0.865947,0.0
17.5854,0.0138554,128.922,0.841559,0.0
17.5728,0.0137281,129.895,0.834689,0.0
17.5822,0.0134726,130.415,0.823697,0.0
17.5882,0.0135926,129.761,0.831941,0.0
17.567,0.0135135,131.505,0.847742,0.0
17.5656,0.0136407,129.744,0.837094,0.0
17.5612,0.0138057,130.231,0.832628,0.0
17.5642,0.0134763,130.633,0.830224,0.0
17.6047,0.0136098,129.761,0.847398,0.0
17.6099,0.0136988,131.673,0.847742,0.0
17.5905,0.0136936,128.939,0.830224,0.0
17.5755,0.0134414,130.985,0.85152,0.0
17.5727,0.0134967,130.348,0.844994,0.0
17.5786,0.0138976,130.382,0.842589,0.0
17.5907,0.0136998,130.298,0.857703,0.0
17.5994,0.0138483,129.577,0.823354,0.0
17.5911,0.0132963,130.566,0.846711,0.0
17.5901,0.0138675,129.996,0.830224,0.0
17.5915,0.0135648,129.962,0.837781,0.0
17.5784,0.0134621,130.851,0.846711,0.0
17.5818,0.01356,129.979,0.831598,0.0
17.5971,0.0134771,130.717,0.855299,0.0
17.5986,0.0137377,130.784,0.831254,0.0
17.5867,0.0137492,130.147,0.853925,0.0
17.5845,0.0139654,131.203,0.855986,0.0
17.5903,0.0136027,130.298,0.825415,0.0
17.5794,0.0136431,129.023,0.847398,0.0
17.5693,0.0139183,130.465,0.859764,0.0
17.5836,0.0134277,130.583,0.835033,0.0
17.5811,0.0132337,131.002,0.848085,0.0
17.5767,0.0134013,131.556,0.831941,0.0
17.5764,0.0133669,130.549,0.834002,0.0
17.5637,0.0133547,128.604,0.84465,0.0
17.5788,0.0137838,130.13,0.825758,0.0
17.598,0.0136962,130.415,0.826789,0.0
17.5926,0.0137406,130.415,0.848772,0.0
17.594,0.0132235,130.583,0.821636,0.0
17.5925,0.0135416,131.908,0.840872,0.0
17.5711,0.0134276,131.338,0.837437,0.0
17.5724,0.0134125,132.277,0.847398,0.0
17.6126,0.01357,129.945,0.837094,0.0
17.6044,0.013664,130.985,0.830911,0.0
17.5644,0.0134693,129.979,0.848085,0.0
17.5864,0.0137651,131.874,0.834346,0.0
17.616,0.0136055,132.662,0.82885,0.0
17.5935,0.013279,131.572,0.846024,0.0
17.5922,0.0135009,128.704,0.825758,0.0
17.5973,0.0135371,131.421,0.831254,0.0
17.5707,0.0136796,130.096,0.863199,0.0
17.581,0.0139841,130.616,0.824384,0.0
17.6087,0.0137476,130.348,0.829193,0.0
17.5949,0.0135377,131.522,0.859421,0.0
17.5792,0.0137171,129.006,0.844307,0.0
17.5871,0.0134398,130.935,0.842246,0.0
17.5772,0.0137001,131.623,0.829193,0.0
17.5696,0.0134139,129.929,0.848429,0.0
17.5855,0.0135614,131.388,0.840529,0.0
17.5903,0.0137016,131.019,0.850833,0.0
17.5808,0.0141447,130.717,0.824728,0.0
17.5809,0.0135676,130.432,0.826445,0.0
17.582,0.0137269,130.566,0.842933,0.0
17.5913,0.0134583,131.103,0.826102,0.0
17.59,0.0138201,130.6,0.855642,0.0
17.5675,0.0138203,130.415,0.854612,0.0
17.5658,0.0135175,129.862,0.81408,0.0
17.5828,0.0134763,129.577,0.847742,0.0
17.5963,0.013691,130.432,0.846711,0.0
17.5924,0.0138404,130.751,0.834002,0.0
17.5799,0.0132782,131.086,0.830567,0.0
17.5879,0.013521,130.214,0.83675,0.0
17.591,0.0137215,131.438,0.829537,0.0
17.5874,0.0136044,130.532,0.848429,0.0
17.5857,0.0135363,130.348,0.842933,0.0
17.5852,0.0135282,131.673,0.853581,0.0
17.5816,0.0135584,128.889,0.839842,0.0
17.5954,0.0135768,130.348,0.853581,0.0
17.5978,0.0137534,130.767,0.85049,0.0
17.5913,0.013678,130.801,0.873504,0.0
17.6084,0.0137329,131.857,0.826789,0.0
17.593,0.0135759,130.214,0.818201,0.0
17.5774,0.0136718,129.409,0.845681,0.0
17.5756,0.0134535,130.449,0.850146,0.0
17.5766,0.0139117,130.767,0.846024,0.0
17.5945,0.0139316,131.908,0.86423,0.0
17.5927,0.0137927,129.409,0.845681,0.0
17.5803,0.0137073,130.18,0.844307,0.0
17.5805,0.0136232,130.818,0.84465,0.0
17.5943,0.0137764,130.834,0.82301,0.0
17.5898,0.0136643,130.382,0.852894,0.0
17.5813,0.0136551,131.019,0.844994,0.0
17.5959,0.0136721,129.593,0.824041,0.0
17.5795,0.0136377,132.126,0.851864,0.0
17.562,0.0137906,130.516,0.827132,0.0
17.5761,0.0134699,130.298,0.848085,0.0
17.5874,0.0137019,131.136,0.85152,0.0
17.5817,0.0132924,131.086,0.827476,0.0
17.5883,0.0132655,131.857,0.831598,0.0
17.5876,0.0136249,129.945,0.831254,0.0
17.5712,0.0136093,129.04,0.842246,0.0
17.5744,0.0134429,128.235,0.835376,0.0
17.5756,0.0137372,130.667,0.850833,0.0
17.5818,0.0139261,130.7,0.847742,0.0
17.5732,0.0137772,130.029,0.854955,0.0
17.5843,0.014012,131.069,0.857703,0.0
17.6105,0.0136813,131.371,0.851864,0.0
17.5937,0.0135455,129.761,0.844994,0.0
17.5758,0.0138082,129.09,0.840872,0.0
17.5766,0.0135845,130.365,0.84362,0.0
17.5968,0.0134789,129.358,0.830224,0.0
17.6025,0.0133742,131.757,0.861482,0.0
17.5917,0.0136263,129.61,0.809958,0.0
17.5863,0.013431,130.449,0.826789,0.0
17.5582,0.0135152,129.509,0.847055,0.0
17.5482,0.0133457,130.952,0.833659,0.0
17.5805,0.0135059,130.818,0.859764,0.0
17.5911,0.0140273,131.119,0.835033,0.0
17.5682,0.0138596,129.778,0.837437,0.0
17.5774,0.0137761,131.103,0.830567,0.0
17.583,0.0135195,130.449,0.825758,0.0
17.563,0.0136054,130.449,0.833659,0.0
17.5873,0.0133163,131.321,0.860451,0.0
17.5926,0.0138054,130.13,0.838811,0.0
17.5653,0.0137,130.834,0.826102,0.0
17.5681,0.0135911,130.901,0.841559,0.0
17.5844,0.0133306,131.74,0.840529,0.0
17.6006,0.0133775,130.348,0.829193,0.0
17.5914,0.0133762,130.331,0.845337,0.0
17.5734,0.0134159,130.298,0.855986,0.0
17.5811,0.0137097,130.348,0.827132,0.0
17.5764,0.0140013,130.314,0.842246,0.0
17.5658,0.013901,129.979,0.841559,0.0
17.5677,0.013661,130.549,0.836407,0.0
17.5798,0.0135384,130.247,0.831598,0.0
17.595,0.0132222,130.549,0.846024,0.0
17.5885,0.013661,129.459,0.830567,0.0
17.5843,0.0135824,130.449,0.836063,0.0
17.5759,0.0137486,129.644,0.836407,0.0
17.5648,0.013539,130.549,0.834346,0.0
17.5769,0.0135736,130.164,0.819919,0.0
17.5779,0.0134787,131.539,0.847742,0.0
17.5887,0.0134683,129.493,0.840185,0.0
17.594,0.0133533,130.818,0.816827,0.0
17.5917,0.0136893,131.74,0.83572,0.0
17.5915,0.0138444,131.002,0.834002,0.0
17.5621,0.0135298,131.807,0.852894,0.0
17.5527,0.0137247,128.839,0.830911,0.0
17.5783,0.0134574,129.845,0.841559,0.0
17.5751,0.0135531,130.683,0.848429,0.0
17.5803,0.0135155,131.455,0.81511,0.0
17.6054,0.0137227,129.878,0.85049,0.0
17.5949,0.0136053,129.241,0.824384,0.0
17.5669,0.013685,131.975,0.851864,0.0
17.5674,0.0138742,129.61,0.840529,0.0
17.5751,0.0135327,131.539,0.84465,0.0
17.5746,0.0136444,130.398,0.82301,0.0
17.572,0.0137254,130.885,0.846711,0.0
17.5664,0.0133207,129.979,0.826789,0.0
17.5837,0.0135613,130.482,0.839842,0.0
17.5904,0.0134655,129.828,0.866291,0.0
17.5863,0.0136149,131.069,0.831941,0.0
17.5841,0.0136155,129.342,0.844307,0.0
17.5556,0.0138408,130.734,0.862512,0.0
17.5651,0.0136819,130.633,0.852207,0.0
17.6062,0.0135275,130.398,0.827476,0.0
17.6072,0.013714,131.656,0.839498,0.0
17.5814,0.0137732,129.962,0.853581,0.0
17.5601,0.0134684,131.069,0.843276,0.0
17.581,0.0134448,130.885,0.854268,0.0
17.5989,0.0136382,129.727,0.860108,0.0
17.5861,0.0135852,129.526,0.824041,0.0
17.5695,0.0133368,130.851,0.847055,0.0
17.5744,0.0137672,130.784,0.866291,0.0
17.5877,0.0136098,129.66,0.836063,0.0
17.5833,0.0135731,132.193,0.859077,0.0
17.5793,0.0138156,131.572,0.834002,0.0
17.5913,0.0135239,129.308,0.857703,0.0
17.5837,0.013468,130.633,0.841559,0.0
17.5739,0.0135842,130.566,0.837781,0.0
17.5843,0.0136017,131.304,0.839155,0.0
17.5895,0.0135547,129.727,0.820949,0.0
17.5835,0.0133207,130.214,0.843276,0.0
17.5825,0.0136314,130.901,0.841216,0.0
17.5966,0.0137976,130.952,0.832285,0.0
17.608,0.0135944,129.945,0.832285,0.0
17.5925,0.0137127,129.862,0.848429,0.0
17.5781,0.013539,130.751,0.842589,0.0
17.571,0.0137371,129.979,0.849459,0.0
17.5804,0.0138347,132.109,0.828506,0.0
17.5914,0.0134294,132.528,0.843276,0.0
17.5814,0.0136958,130.348,0.852207,0.0
17.57,0.0139334,130.683,0.827819,0.0
17.5725,0.0134596,130.398,0.862169,0.0
17.5907,0.0135674,129.778,0.86423,0.0
17.5953,0.0135219,131.405,0.831254,0.0
17.5869,0.013628,130.164,0.822667,0.0
17.5779,0.0138009,131.22,0.849116,0.0
17.5869,0.0136647,131.17,0.83572,0.0
17.5941,0.0135469,129.811,0.852207,0.0
17.591,0.0135153,130.969,0.849459,0.0
17.5863,0.0136667,131.321,0.837781,0.0
17.5704,0.0138185,130.767,0.830567,0.0
17.5615,0.0134528,131.17,0.84465,0.0
17.5742,0.013628,130.247,0.841216,0.0
17.5976,0.0135096,129.308,0.825758,0.0
17.6021,0.0133675,130.331,0.85049,0.0
17.5827,0.0134479,130.113,0.835033,0.0
17.5559,0.0133694,129.258,0.820606,0.0
17.5698,0.0134834,131.589,0.862856,0.0
17.5795,0.0136754,130.532,0.867321,0.0
17.5671,0.013816,131.522,0.849803,0.0
17.5743,0.0133255,130.935,0.847742,0.0
17.5854,0.0137533,132.109,0.856673,0.0
17.5896,0.0131773,128.671,0.853925,0.0
17.5894,0.0133823,131.925,0.843963,0.0
17.5833,0.0133413,131.069,0.853925,0.0
17.56,0.0136696,129.543,0.866634,0.0
17.5619,0.0136034,132.579,0.860451,0.0
17.5956,0.0139312,131.052,0.836063,0.0
17.5905,0.0137185,130.231,0.85736,0.0
17.5755,0.0134433,131.187,0.817858,0.0
17.5928,0.0133688,131.79,0.852894,0.0
17.596,0.0136762,129.073,0.818545,0.0
17.5857,0.0138791,129.895,0.835033,0.0
17.5823,0.0139597,129.727,0.817514,0.0
17.5681,0.0136105,131.069,0.841902,0.0
17.5804,0.0138111,131.203,0.832972,0.0
17.5797,0.0140523,131.002,0.853581,0.0
17.5478,0.013537,129.308,0.85152,0.0
17.5702,0.0138084,131.287,0.85049,0.0
17.5992,0.013905,129.996,0.840529,0.0
17.5838,0.0135594,130.7,0.850833,0.0
17.5794,0.0138616,129.912,0.82198,0.0
17.5906,0.0136703,129.677,0.85839,0.0
17.5874,0.0135539,131.354,0.839498,0.0
17.5867,0.0137649,129.157,0.851177,0.0
17.5861,0.0135436,131.338,0.843963,0.0
17.5835,0.0136914,131.22,0.838468,0.0
17.5817,0.0137378,132.109,0.85736,0.0
17.5922,0.0137481,130.013,0.837781,0.0
17.589,0.0136625,131.27,0.860108,0.0
17.5873,0.0136434,129.912,0.832972,0.0
17.5971,0.0136979,131.17,0.833659,0.0
17.5954,0.0137904,129.577,0.816484,0.0
17.6014,0.0133235,131.623,0.830567,0.0
17.5998,0.0134773,129.945,0.838468,0.0
17.5885,0.0132907,130.683,0.834689,0.0
17.5973,0.013648,130.751,0.858734,0.0
17.5871,0.0136852,131.052,0.826789,0.0
17.5748,0.0134129,129.811,0.834002,0.0
17.587,0.0135973,130.751,0.849803,0.0
17.5825,0.0136527,130.046,0.842933,0.0
17.5924,0.0136974,131.338,0.84465,0.0
17.5933,0.0137301,129.459,0.837094,0.0
17.5894,0.0134906,131.405,0.861482,0.0
17.6003,0.0135865,129.845,0.816484,0.0
17.5841,0.0138329,130.013,0.864917,0.0
17.5832,0.0134888,129.778,0.841902,0.0
17.5818,0.0137433,130.851,0.842933,0.0
17.5921,0.0138219,130.298,0.81614,0.0
17.5958,0.01413,130.818,0.859421,0.0
17.5776,0.0136,131.488,0.817858,0.0
17.5818,0.013725,130.281,0.818201,0.0
17.5936,0.0138532,132.025,0.852551,0.0
17.5953,0.013646,131.237,0.847398,0.0
17.5858,0.0137657,130.667,0.819232,0.0
17.5692,0.0137383,130.382,0.856673,0.0
17.5721,0.0135714,130.382,0.847398,0.0
17.5748,0.0132938,130.65,0.847742,0.0
17.5718,0.0139975,131.874,0.833659,0.0
17.5776,0.0136512,130.784,0.855299,0.0
17.5714,0.0136035,129.878,0.837781,0.0
17.5518,0.0134713,129.862,0.850833,0.0
17.569,0.0137011,130.801,0.847055,0.0
17.5939,0.0136594,130.583,0.834346,0.0
17.582,0.013946,131.019,0.831598,0.0
17.5971,0.0136737,130.801,0.839155,0.0
17.6102,0.0136237,130.231,0.82885,0.0
17.5848,0.013351,131.958,0.855642,0.0
17.5759,0.0135953,130.281,0.831941,0.0
17.5842,0.0137221,130.298,0.84465,0.0
17.5773,0.0134376,129.342,0.843963,0.0
17.5856,0.0139931,129.761,0.831598,0.0
17.5889,0.013506,130.532,0.82885,0.0
17.5819,0.0136178,131.556,0.825415,0.0
17.5839,0.0137851,129.057,0.855642,0.0
17.5715,0.0138472,130.382,0.859077,0.0
17.6008,0.0140676,131.623,0.822323,0.0
17.6233,0.0137865,129.878,0.830224,0.0
17.6104,0.0136791,131.27,0.828163,0.0
17.6046,0.0136113,130.449,0.843963,0.0
17.605,0.0136704,131.74,0.851864,0.0
17.5991,0.0136648,129.711,0.853581,0.0
17.5692,0.0136169,129.694,0.839498,0.0
17.5643,0.0133269,131.254,0.821293,0.0
17.5672,0.0135736,129.006,0.841902,0.0
17.5501,0.0132366,131.052,0.848429,0.0
17.5717,0.0135782,130.549,0.845681,0.0
17.5993,0.0134615,129.375,0.836407,0.0
17.5881,0.0138077,130.616,0.839498,0.0
17.573,0.0134011,130.516,0.848772,0.0
17.5837,0.0136052,130.667,0.832285,0.0
17.5946,0.0138252,130.784,0.820606,0.0
17.5734,0.0135442,128.637,0.842589,0.0
17.5634,0.0137402,129.426,0.817171,0.0
17.5789,0.0134431,133.484,0.864573,0.0
17.5874,0.0135844,131.153,0.858047,0.0
17.5946,0.0135894,130.683,0.843276,0.0
17.5996,0.0135637,130.818,0.852207,0.0
17.5944,0.0136318,131.857,0.850146,0.0
17.5883,0.0135241,129.275,0.866634,0.0
17.5662,0.0137763,129.342,0.842589,0.0
17.5723,0.013625,131.556,0.842933,0.0
17.5927,0.0133266,128.822,0.830911,0.0
17.5804,0.0138443,130.449,0.85049,0.0
17.5707,0.0138569,128.889,0.825071,0.0
17.5804,0.013956,129.358,0.84465,0.0
17.5903,0.0139922,131.187,0.874534,0.0
17.5881,0.0135226,128.922,0.852894,0.0
17.5739,0.0139056,130.08,0.848429,0.0
17.5829,0.0139055,130.65,0.839155,0.0
17.5913,0.0137887,130.264,0.839498,0.0
17.5718,0.0138313,131.052,0.814767,0.0
17.5766,0.0135926,130.029,0.834346,0.0
17.5821,0.0135385,129.727,0.859077,0.0
17.5631,0.0137599,131.019,0.836063,0.0
17.5916,0.013538,131.472,0.844994,0.0
17.6134,0.0135123,130.281,0.830567,0.0
17.5759,0.0136893,129.493,0.840529,0.0
17.5723,0.0136133,130.767,0.814767,0.0
17.5908,0.0134492,130.532,0.836063,0.0
17.5801,0.0136094,132.226,0.868351,0.0
17.5658,0.0135216,129.694,0.838468,0.0
17.5761,0.0140636,130.415,0.824041,0.0
17.5952,0.0139229,129.962,0.833659,0.0
17.5952,0.0138261,130.834,0.870412,0.0
17.5885,0.0137298,129.979,0.841559,0.0
17.5934,0.0137217,130.985,0.844994,0.0
17.5914,0.0134795,129.795,0.839498,0.0
17.5768,0.0136735,129.124,0.820606,0.0
17.5703,0.0139039,131.505,0.826789,0.0
17.5857,0.0134809,130.868,0.843963,0.0
17.5745,0.0131142,131.639,0.858734,0.0
17.5692,0.0135828,130.784,0.854612,0.0
17.5836,0.0139956,130.432,0.85049,0.0
17.5779,0.0138211,129.727,0.848085,0.0
17.5672,0.0136465,131.237,0.847398,0.0
17.5848,0.0134843,132.109,0.832972,0.0
17.5944,0.0134675,129.442,0.833659,0.0
17.6033,0.0136329,130.65,0.836063,0.0
17.6118,0.0133977,130.348,0.843963,0.0
17.5727,0.0135193,130.767,0.843276,0.0
17.5598,0.0133833,130.6,0.846711,0.0
17.5872,0.0135303,129.996,0.821293,0.0
17.5926,0.0137737,129.526,0.856673,0.0
17.5802,0.0136327,129.828,0.822323,0.0
17.5834,0.0136149,132.008,0.869725,0.0
17.5827,0.0136951,129.627,0.860108,0.0
17.5787,0.0135429,131.069,0.853581,0.0
17.5847,0.0137347,130.851,0.830567,0.0
17.5741,0.0136911,131.505,0.834002,0.0
17.5758,0.0137602,130.633,0.839842,0.0
17.594,0.0135967,129.509,0.84362,0.0
17.5795,0.0134426,129.996,0.826789,0.0
17.556,0.0133922,129.979,0.848085,0.0
17.572,0.0133694,131.438,0.840872,0.0
17.604,0.0136133,131.941,0.849459,0.0
17.6012,0.0137208,129.862,0.826789,0.0
17.57,0.0136401,130.935,0.851864,0.0
17.5698,0.0138874,130.7,0.837781,0.0
17.5979,0.013591,130.935,0.841216,0.0
17.6007,0.0137176,129.694,0.825415,0.0
17.6035,0.0135019,130.918,0.85152,0.0
17.6034,0.0136997,130.566,0.855986,0.0
17.6036,0.0137004,131.254,0.849459,0.0
17.6055,0.013756,129.761,0.848429,0.0
17.5981,0.0137104,129.577,0.854955,0.0
17.6027,0.0135123,131.891,0.836407,0.0
17.5952,0.0138471,131.723,0.833315,0.0
17.5815,0.0139158,129.308,0.841559,0.0
17.5825,0.0138932,130.348,0.850146,0.0
17.5819,0.0134056,130.164,0.855299,0.0
17.5748,0.0135799,130.096,0.849803,0.0
17.5808,0.0137435,130.885,0.886213,0.0
17.5923,0.0134648,131.304,0.831254,0.0
17.5997,0.0135957,130.08,0.83675,0.0
17.5754,0.0137031,131.019,0.837781,0.0
17.5555,0.013821,130.281,0.837094,0.0
17.583,0.0136622,131.589,0.844994,0.0
17.5917,0.0136768,129.912,0.837094,0.0
17.5876,0.0134643,131.841,0.831254,0.0
17.592,0.013942,130.65,0.834002,0.0
17.586,0.0134067,129.929,0.841902,0.0
17.5943,0.0136367,130.834,0.840529,0.0
17.5925,0.0136868,130.818,0.837437,0.0
17.5781,0.0135682,129.526,0.822323,0.0
17.5971,0.0132104,130.281,0.828163,0.0
17.6103,0.0135789,130.08,0.848772,0.0
17.6021,0.0140228,129.677,0.840872,0.0
17.6004,0.0133924,129.778,0.849803,0.0
17.5882,0.01348,129.375,0.823697,0.0
17.5697,0.0134989,130.197,0.839155,0.0
17.5928,0.0136881,129.795,0.838811,0.0
17.6017,0.0135924,129.09,0.857016,0.0
17.5746,0.0136331,129.023,0.85839,0.0
17.577,0.0135366,131.69,0.842246,0.0
17.5899,0.0139908,130.432,0.830567,0.0
17.5784,0.0140734,128.352,0.856673,0.0
17.5875,0.0136558,132.008,0.861482,0.0
17.6039,0.0135251,130.935,0.851177,0.0
17.5826,0.0139598,131.203,0.841902,0.0
17.5807,0.0136601,130.818,0.819575,0.0
17.589,0.0136663,131.606,0.838124,0.0
17.5833,0.0137404,130.147,0.838468,0.0
17.5813,0.0131897,130.449,0.862512,0.0
17.6028,0.0137488,130.734,0.832285,0.0
17.5994,0.0135841,130.013,0.815797,0.0
17.5842,0.0134339,129.66,0.859077,0.0
17.6008,0.0133792,130.901,0.831598,0.0
17.6063,0.0132862,128.771,0.833659,0.0
17.5768,0.0134127,130.013,0.858734,0.0
17.5635,0.013485,132.025,0.838811,0.0
17.5939,0.0136028,130.717,0.836063,0.0
17.5976,0.0137178,130.683,0.843276,0.0
17.5833,0.0141111,129.275,0.834002,0.0
17.5906,0.0137974,129.442,0.876939,0.0
17.5967,0.0135322,130.784,0.848429,0.0
17.5855,0.0134758,129.577,0.836063,0.0
17.5798,0.0137275,130.365,0.813736,0.0
17.5805,0.0136493,130.985,0.844307,0.0
17.5672,0.0136768,130.65,0.87213,0.0
17.5624,0.0138101,130.499,0.851177,0.0
17.5868,0.0134755,130.096,0.863543,0.0
17.5899,0.013806,130.465,0.848772,0.0
17.5797,0.0139718,129.862,0.839842,0.0
17.5834,0.0134572,130.197,0.852551,0.0
17.5724,0.0135047,130.834,0.854955,0.0
17.5804,0.0141037,129.996,0.831254,0.0
17.5995,0.0134839,129.073,0.819232,0.0
17.5889,0.0135159,130.516,0.845681,0.0
17.5824,0.0137841,129.979,0.856329,0.0
17.5923,0.0135855,129.627,0.847398,0.0
17.5884,0.0137166,130.365,0.852551,0.0
17.5789,0.0137342,130.029,0.864917,0.0
17.5748,0.0136551,129.392,0.841559,0.0
17.5833,0.0135077,131.572,0.838124,0.0
17.5835,0.013675,129.509,0.850833,0.0
17.5799,0.0137458,130.885,0.841559,0.0
17.594,0.0134266,131.136,0.838811,0.0
17.586,0.0134131,132.21,0.834346,0.0
17.5846,0.0137733,130.046,0.826445,0.0
17.597,0.0133626,132.562,0.820606,0.0
17.5876,0.0138539,130.667,0.841902,0.0
17.5631,0.0137991,131.287,0.837781,0.0
17.5743,0.0136006,130.834,0.840529,0.0
17.5885,0.0136537,130.482,0.838468,0.0
17.592,0.0138643,131.908,0.858734,0.0
17.5979,0.0137605,130.985,0.85736,0.0
17.581,0.0136425,128.57,0.817514,0.0
17.5705,0.0137124,129.442,0.84362,0.0
17.5722,0.0136314,130.532,0.852207,0.0
17.569,0.0139388,130.013,0.85049,0.0
17.5725,0.0136614,130.046,0.848772,0.0
17.574,0.0137763,130.432,0.824384,0.0
17.5788,0.0135995,129.493,0.846368,0.0
17.573,0.0134692,130.365,0.826789,0.0
17.5799,0.0134512,130.516,0.834689,0.0
17.5812,0.0135757,128.889,0.846711,0.0
17.5759,0.0136707,131.136,0.844994,0.0
17.5886,0.0139358,130.566,0.848429,0.0
17.5673,0.0137526,129.224,0.846711,0.0
17.5589,0.0135389,130.667,0.830567,0.0
17.5985,0.0137414,131.405,0.863886,0.0
17.593,0.0139291,130.08,0.848429,0.0
17.5737,0.0136661,130.197,0.861482,0.0
17.5929,0.0136998,130.985,0.829537,0.0
17.5968,0.0136152,130.331,0.841216,0.0
17.576,0.013761,130.516,0.848429,0.0
17.5867,0.013984,130.952,0.864573,0.0
17.5845,0.0135939,130.13,0.824728,0.0
17.5615,0.0136552,130.482,0.837781,0.0
17.5749,0.0133935,131.589,0.854955,0.0
17.5929,0.0136971,129.157,0.833659,0.0
17.5779,0.0135465,130.247,0.804462,0.0
17.5935,0.0138848,130.801,0.848772,0.0
17.6186,0.0137959,129.577,0.836063,0.0
17.6059,0.0138719,128.503,0.847055,0.0
17.5966,0.0135741,130.868,0.832972,0.0
17.6132,0.0134776,130.18,0.841216,0.0
17.6191,0.013829,129.543,0.855642,0.0
17.5915,0.0137185,130.164,0.846368,0.0
17.5732,0.0139627,131.723,0.826102,0.0
17.5989,0.0140379,130.6,0.838468,0.0
17.5937,0.0137364,129.694,0.845337,0.0
17.5757,0.0136521,131.589,0.869382,0.0
17.5979,0.0135804,131.488,0.853925,0.0
17.5926,0.0139283,129.426,0.863886,0.0
17.5829,0.014127,130.683,0.847055,0.0
17.5907,0.0136197,131.17,0.852894,0.0
17.5886,0.0138003,131.774,0.840529,0.0
17.5936,0.0136128,129.409,0.839155,0.0
17.5785,0.0135103,132.075,0.843963,0.0
17.5743,0.0134363,129.778,0.823697,0.0
17.5795,0.0136392,130.65,0.85049,0.0
17.5791,0.0136694,131.421,0.856673,0.0
17.5685,0.0137967,130.683,0.834346,0.0
17.5638,0.014143,130.918,0.847398,0.0
17.5817,0.0134681,131.036,0.852207,0.0
17.5865,0.0135466,131.572,0.834346,0.0
17.5791,0.0137369,130.331,0.848772,0.0
17.5798,0.0137296,130.281,0.840872,0.0
17.5809,0.013532,128.168,0.833659,0.0
17.5725,0.0136723,130.063,0.846711,0.0
17.5855,0.0136793,130.013,0.849116,0.0
17.5882,0.0136257,128.939,0.852207,0.0
17.5618,0.0139877,129.157,0.827819,0.0
17.5777,0.0139852,130.398,0.832628,0.0
17.5972,0.0135789,130.667,0.840872,0.0
17.5752,0.0133299,131.488,0.849803,0.0
17.5753,0.013784,130.6,0.857703,0.0
17.5756,0.0136475,130.532,0.864573,0.0
17.572,0.0140503,130.734,0.844307,0.0
17.5854,0.0139452,130.247,0.823697,0.0
17.5773,0.0136992,131.388,0.845337,0.0
17.5711,0.0134758,130.231,0.833659,0.0
17.5936,0.0133871,131.338,0.831598,0.0
17.5769,0.0135211,130.465,0.847742,0.0
17.5726,0.0135474,130.7,0.853925,0.0
17.6043,0.0138537,130.683,0.84362,0.0
17.602,0.0133036,130.901,0.843963,0.0
17.6045,0.0138554,130.331,0.846711,0.0
17.6055,0.0138624,130.532,0.842589,0.0
17.601,0.0137781,130.683,0.853925,0.0
17.5849,0.0136756,129.727,0.858734,0.0
17.572,0.0135267,132.008,0.82301,0.0
17.594,0.0133576,131.405,0.850833,0.0
17.6125,0.0136035,130.633,0.827819,0.0
17.5985,0.0139702,131.706,0.822667,0.0
17.5744,0.0135427,130.952,0.830911,0.0
17.5658,0.0133405,130.885,0.85049,0.0
17.5693,0.013722,131.237,0.849803,0.0
17.5813,0.0137184,131.17,0.846711,0.0
17.5886,0.0137448,130.885,0.84362,0.0
17.6033,0.013859,130.348,0.827132,0.0
17.5954,0.0134023,129.509,0.83572,0.0
17.5839,0.0134469,129.878,0.84465,0.0
17.5895,0.013638,129.727,0.838811,0.0
17.5842,0.0136744,130.516,0.840185,0.0
17.5961,0.0137773,130.717,0.826445,0.0
17.6029,0.0136187,128.922,0.844307,0.0
17.5884,0.0137767,132.964,0.831941,0.0
17.5885,0.0135539,130.08,0.831254,0.0
17.5876,0.0138826,130.566,0.842933,0.0
17.5786,0.0137585,131.187,0.839155,0.0
17.5814,0.0131251,132.159,0.861138,0.0
17.5911,0.0134985,130.834,0.855986,0.0
17.5968,0.013957,132.092,0.836407,0.0
17.5859,0.0139732,129.778,0.835376,0.0
17.5776,0.0140082,131.002,0.861482,0.0
17.5879,0.01365,131.539,0.838124,0.0
17.5909,0.0133563,131.589,0.864917,0.0
17.5882,0.0133522,130.298,0.832972,0.0
17.5808,0.0136088,128.704,0.825758,0.0
17.5746,0.0136629,129.107,0.837094,0.0
17.5832,0.0134972,130.851,0.846024,0.0
17.5901,0.0136484,129.543,0.838468,0.0
17.5895,0.0137264,129.342,0.838811,0.0
17.5772,0.0134838,130.432,0.853925,0.0
17.5807,0.0135681,129.61,0.836407,0.0
17.5989,0.0135104,131.623,0.848085,0.0
17.5848,0.0135115,130.029,0.818888,0.0
17.5838,0.0135223,130.868,0.850833,0.0
17.583,0.0139241,131.371,0.831941,0.0
17.5681,0.0137148,129.929,0.833659,0.0
17.5922,0.0138113,130.499,0.841216,0.0
17.5912,0.0134355,130.398,0.837437,0.0
17.5668,0.013411,130.096,0.832285,0.0
17.5845,0.013395,130.314,0.836063,0.0
17.5952,0.0134213,131.824,0.824728,0.0
17.5961,0.0141322,130.952,0.856673,0.0
17.5913,0.0133308,130.365,0.847398,0.0
17.5758,0.0139419,130.231,0.834689,0.0
17.597,0.0139226,130.583,0.850146,0.0
17.6046,0.0138142,130.147,0.842933,0.0
17.591,0.0137404,129.66,0.837781,0.0
17.5927,0.0134661,130.415,0.852207,0.0
17.5742,0.0133546,131.321,0.84362,0.0
17.5666,0.0134074,130.348,0.826102,0.0
17.5918,0.0137019,130.532,0.859764,0.0
17.5946,0.0139142,131.673,0.843963,0.0
17.5652,0.0133848,130.566,0.824041,0.0
17.5564,0.0134344,131.623,0.84465,0.0
17.5729,0.0138166,129.694,0.848429,0.0
17.5961,0.0139516,131.639,0.822667,0.0
17.6209,0.013825,130.549,0.855986,0.0
17.5948,0.0138548,131.287,0.843276,0.0
17.5736,0.0136184,130.901,0.831598,0.0
17.5798,0.0138648,131.27,0.856673,0.0
17.5687,0.013386,130.482,0.835033,0.0
17.5662,0.0138073,130.834,0.832285,0.0
17.5916,0.0133255,131.203,0.837437,0.0
17.6012,0.0135219,130.516,0.831254,0.0
17.5986,0.0133719,130.247,0.847055,0.0
17.5874,0.0138936,131.74,0.846368,0.0
17.5892,0.0135781,131.723,0.832628,0.0
17.6119,0.0136589,131.287,0.831941,0.0
17.5865,0.0140622,130.365,0.841902,0.0
17.5659,0.0138937,129.912,0.82988,0.0
17.5984,0.0135447,130.683,0.83572,0.0
17.59,0.013502,129.979,0.85736,0.0
17.5597,0.0137475,131.723,0.843276,0.0
17.5884,0.0136543,129.811,0.825758,0.0
17.6022,0.0137991,130.482,0.848085,0.0
17.5753,0.0139259,129.962,0.820606,0.0
17.5777,0.013901,130.499,0.855986,0.0
17.5818,0.0134421,130.6,0.849459,0.0
17.5898,0.0134221,130.851,0.839498,0.0
17.5785,0.0132422,130.885,0.832972,0.0
17.5575,0.0136291,129.493,0.839498,0.0
17.581,0.0136742,130.281,0.839155,0.0
17.6016,0.0140093,131.405,0.850833,0.0
17.5885,0.0138085,130.247,0.852207,0.0
17.565,0.0138998,131.472,0.830224,0.0
17.5759,0.0136378,129.912,0.837437,0.0
17.5969,0.01357,129.509,0.847742,0.0
17.5726,0.0136827,129.073,0.854955,0.0
17.5583,0.0137717,130.516,0.846368,0.0
17.5682,0.0134376,131.941,0.830224,0.0
17.5872,0.0136667,130.985,0.842933,0.0
17.6049,0.0135382,131.153,0.857703,0.0
17.6041,0.013968,129.778,0.837437,0.0
17.582,0.0138115,129.442,0.822323,0.0
17.5767,0.0135048,131.388,0.841559,0.0
17.5877,0.013878,130.314,0.827819,0.0
17.5893,0.0137786,130.683,0.86526,0.0
17.5929,0.0136726,129.895,0.830224,0.0
17.5926,0.0136802,131.371,0.828163,0.0
17.5981,0.0133679,131.103,0.829537,0.0
17.6089,0.0135503,129.073,0.833315,0.0
17.5732,0.0136153,130.231,0.833315,0.0
17.5641,0.0137744,130.13,0.852551,0.0
17.5994,0.0137717,129.677,0.836063,0.0
17.5874,0.0135559,129.895,0.862856,0.0
17.5707,0.0135727,130.667,0.847398,0.0
17.5691,0.0139902,130.432,0.873847,0.0
17.5679,0.0140161,130.314,0.817171,0.0
17.5713,0.0138222,129.61,0.83572,0.0
17.5635,0.0135393,130.231,0.834002,0.0
17.5736,0.0133934,129.459,0.851177,0.0
17.5714,0.0135028,131.069,0.837094,0.0
17.5682,0.0137679,131.237,0.827819,0.0
17.586,0.013759,131.27,0.820606,0.0
17.5749,0.0137299,127.983,0.855642,0.0
17.566,0.0140371,130.818,0.860451,0.0
17.5893,0.013426,130.063,0.841559,0.0
17.5911,0.0139316,128.755,0.833315,0.0
17.5664,0.0136182,131.086,0.835033,0.0
17.5729,0.0138484,131.488,0.856329,0.0
17.5916,0.013597,130.751,0.842933,0.0
17.5883,0.0141147,131.623,0.837781,0.0
17.5911,0.0138413,132.428,0.854955,0.0
17.5943,0.0134366,130.331,0.840185,0.0
17.5683,0.0136457,130.415,0.853925,0.0
17.5784,0.0136603,131.774,0.852894,0.0
17.5973,0.0134224,130.801,0.844994,0.0
17.5708,0.013684,129.61,0.853925,0.0
17.5663,0.0136282,130.901,0.852207,0.0
17.5785,0.0137862,129.409,0.851177,0.0
17.5708,0.0137402,131.606,0.821636,0.0
17.5692,0.0134963,130.633,0.827132,0.0
17.5805,0.0136403,131.069,0.832628,0.0
17.5784,0.0136051,130.298,0.838124,0.0
17.5691,0.013862,130.432,0.870069,0.0
17.5875,0.0136661,131.069,0.837781,0.0
17.5979,0.0137529,131.136,0.859421,0.0
17.5812,0.0135253,130.398,0.838811,0.0
17.5831,0.0138585,127.983,0.844307,0.0
17.5822,0.0137745,130.13,0.82885,0.0
17.5699,0.0138621,131.136,0.851864,0.0
17.5899,0.0136998,132.327,0.853238,0.0
17.6061,0.013499,131.606,0.852894,0.0
17.5791,0.0136546,130.784,0.819575,0.0
17.5812,0.0137237,130.096,0.827819,0.0
17.5925,0.0135737,129.744,0.861138,0.0
17.5625,0.0139435,130.751,0.837437,0.0
17.5593,0.0136561,129.224,0.849116,0.0
17.5891,0.0134293,131.17,0.842933,0.0
17.5946,0.0134572,130.784,0.866634,0.0
17.5719,0.0136218,129.023,0.850146,0.0
17.5747,0.0137114,131.187,0.85152,0.0
17.5992,0.0137564,131.321,0.827476,0.0
17.5865,0.0134851,129.979,0.834002,0.0
17.5798,0.0136387,131.522,0.84362,0.0
17.5959,0.0134317,131.505,0.849116,0.0
17.5976,0.0136552,130.465,0.837781,0.0
17.5869,0.0137241,131.354,0.850833,0.0
17.5594,0.0139851,130.566,0.809958,0.0
17.5663,0.0137006,129.677,0.825758,0.0
17.6076,0.0133316,130.247,0.846711,0.0
17.5837,0.0133853,129.761,0.857016,0.0
17.5589,0.0136766,130.214,0.832628,0.0
17.586,0.01335,131.757,0.844307,0.0
17.6031,0.013709,130.985,0.857016,0.0
17.599,0.0134897,130.314,0.845337,0.0
17.5876,0.0135584,129.711,0.849116,0.0
17.5678,0.0139339,130.969,0.821636,0.0
17.5757,0.0135328,131.086,0.830224,0.0
17.5905,0.0136855,129.979,0.854955,0.0
17.5842,0.0136115,130.616,0.85152,0.0
17.5754,0.0136562,130.667,0.848429,0.0
17.578,0.0136276,130.834,0.852207,0.0
17.572,0.0135026,130.08,0.853581,0.0
17.5949,0.0140152,131.17,0.840529,0.0
17.6074,0.0136633,131.287,0.838811,0.0
17.5753,0.0136345,131.925,0.854955,0.0
17.5884,0.0134849,132.092,0.834689,0.0
17.6074,0.0135465,130.616,0.852551,0.0
17.5869,0.0135856,130.734,0.839155,0.0
17.5824,0.0133264,131.17,0.855299,0.0
17.589,0.0135652,130.365,0.860795,0.0
17.5809,0.0135907,129.945,0.866978,0.0
17.5955,0.0135098,130.281,0.844307,0.0
17.5985,0.0136661,130.415,0.857016,0.0
17.5889,0.0135967,129.744,0.831598,0.0
17.5959,0.0135495,130.382,0.837437,0.0
17.5864,0.0136364,130.516,0.849116,0.0
17.5786,0.0137606,130.935,0.850833,0.0
17.5953,0.0135458,130.65,0.824728,0.0
17.5996,0.0136156,129.845,0.832972,0.0
17.5817,0.0135834,130.013,0.841216,0.0
17.571,0.0138647,129.727,0.82988,0.0
17.5816,0.0138207,131.136,0.840185,0.0
17.6059,0.0136166,129.996,0.860451,0.0
17.5939,0.0132644,130.264,0.824041,0.0
17.5656,0.0136438,131.187,0.822323,0.0
17.577,0.0137463,130.331,0.856673,0.0
17.5772,0.0138526,131.254,0.841216,0.0
17.5743,0.0136598,129.325,0.841902,0.0
17.5694,0.013925,130.247,0.86526,0.0
17.5786,0.0137579,130.6,0.842246,0.0
17.5923,0.013525,130.683,0.846024,0.0
17.5808,0.0137695,130.331,0.830224,0.0
17.579,0.0136871,131.623,0.843276,0.0
17.5812,0.0136895,129.459,0.840529,0.0
17.5982,0.0136276,131.203,0.833659,0.0
17.6227,0.0138251,130.063,0.844307,0.0
17.5959,0.0135502,130.734,0.853581,0.0
17.5647,0.0139347,131.304,0.827819,0.0
17.5732,0.0135541,129.929,0.852207,0.0
17.6005,0.0136731,130.549,0.861825,0.0
17.5878,0.0137125,129.945,0.846711,0.0
17.5441,0.0134104,130.516,0.840185,0.0
17.5666,0.013718,131.488,0.815797,0.0
17.6159,0.0134777,131.27,0.862856,0.0
17.587,0.0135925,129.157,0.82301,0.0
17.5634,0.0135075,130.751,0.845681,0.0
17.5882,0.0136392,130.029,0.828506,0.0
17.5844,0.0135609,129.979,0.84465,0.0
17.5772,0.0137735,129.778,0.834002,0.0
17.5889,0.0137879,130.952,0.861138,0.0
17.5727,0.0135725,129.929,0.840185,0.0
17.5646,0.0137392,129.023,0.833659,0.0
17.5867,0.0135155,130.314,0.861138,0.0
17.5806,0.0136171,129.996,0.851177,0.0
17.5582,0.013689,129.577,0.835033,0.0
17.5579,0.013472,128.688,0.860795,0.0
17.5842,0.01373,130.767,0.856329,0.0
17.5988,0.0135339,130.616,0.833659,0.0
17.5973,0.0135695,129.342,0.820949,0.0
17.5895,0.0133888,128.403,0.843963,0.0
17.5773,0.0135581,131.74,0.839842,0.0
17.5734,0.0136358,129.711,0.85736,0.0
17.5578,0.0138963,130.751,0.826789,0.0
17.5438,0.0135702,130.918,0.846711,0.0
17.5675,0.0139025,131.052,0.841902,0.0
17.5797,0.0139711,130.113,0.848429,0.0
17.5908,0.0137488,130.734,0.813393,0.0
17.6003,0.0136742,131.17,0.83572,0.0
17.5892,0.0138207,130.029,0.83572,0.0
17.5674,0.0133829,130.633,0.834002,0.0
17.5726,0.0132976,130.231,0.85049,0.0
17.5934,0.0137958,132.394,0.843963,0.0
17.5951,0.0132798,129.627,0.848085,0.0
17.5832,0.01336,130.298,0.865947,0.0
17.5944,0.0136148,131.757,0.841216,0.0
17.615,0.0137492,130.465,0.833659,0.0
17.5935,0.0136156,132.193,0.847055,0.0
17.5734,0.0135217,130.532,0.817171,0.0
17.5775,0.0137195,131.136,0.830911,0.0
17.5625,0.0136858,130.952,0.833315,0.0
17.565,0.0133017,131.187,0.819575,0.0
17.5896,0.0135545,129.526,0.852207,0.0
17.5853,0.0134594,130.147,0.848772,0.0
17.5723,0.0135465,130.113,0.849803,0.0
17.5926,0.0137381,130.415,0.842933,0.0
17.5887,0.0136154,128.839,0.850833,0.0
17.5496,0.0137313,129.023,0.848429,0.0
17.5602,0.013729,130.633,0.834689,0.0
17.587,0.0136333,131.908,0.857016,0.0
17.5946,0.0138098,130.633,0.834346,0.0
17.601,0.0136646,130.499,0.844994,0.0
17.6084,0.0139874,130.633,0.834689,0.0
17.5993,0.0137644,130.734,0.846024,0.0
17.579,0.013688,131.975,0.839155,0.0
17.5974,0.0136042,128.688,0.819919,0.0
17.5912,0.0133768,129.308,0.812362,0.0
17.5509,0.0135222,130.398,0.842933,0.0
17.5601,0.0136506,130.398,0.847742,0.0
17.585,0.013939,131.824,0.866634,0.0
17.5871,0.0135649,129.174,0.836407,0.0
17.5825,0.0139023,130.247,0.830911,0.0
17.5987,0.013539,130.314,0.843963,0.0
17.5969,0.0136622,129.308,0.856673,0.0
17.5778,0.0139731,131.321,0.855986,0.0
17.5759,0.0137653,129.795,0.846368,0.0
17.5755,0.0137794,129.442,0.829193,0.0
17.5699,0.0139641,129.912,0.81614,0.0
17.5709,0.0135241,129.727,0.863543,0.0
17.5891,0.0142288,130.398,0.83572,0.0
17.595,0.0137864,131.438,0.824384,0.0
17.5915,0.013765,131.958,0.837437,0.0
17.5976,0.0133675,131.119,0.868351,0.0
17.6044,0.0136587,130.818,0.816484,0.0
17.5918,0.013752,130.046,0.860451,0.0
17.5771,0.0135684,132.428,0.809614,0.0
17.5896,0.0135281,130.164,0.820606,0.0
17.605,0.0135339,131.069,0.83675,0.0
17.5901,0.0137135,130.616,0.83675,0.0
17.5875,0.0139215,129.945,0.832285,0.0
17.5931,0.0135862,130.952,0.828163,0.0
17.5915,0.0136753,132.059,0.838811,0.0
17.5981,0.0137256,130.298,0.83572,0.0
17.5947,0.0137553,132.411,0.82885,0.0
17.5974,0.0134376,129.895,0.820606,0.0
17.576,0.013562,131.321,0.838124,0.0
17.5747,0.0134055,131.119,0.830911,0.0
17.5981,0.0135078,130.549,0.866291,0.0
17.5939,0.0137543,130.465,0.807553,0.0
17.608,0.0134702,131.187,0.83572,0.0
17.5972,0.0138756,128.419,0.852551,0.0
17.5715,0.0137976,130.667,0.846024,0.0
17.5934,0.0136869,130.449,0.848429,0.0
17.6025,0.0137505,131.774,0.837781,0.0
17.592,0.0139333,130.65,0.840529,0.0
17.5841,0.0137391,131.019,0.848772,0.0
17.597,0.0136605,130.499,0.868351,0.0
17.5925,0.0135233,131.321,0.839498,0.0
17.5881,0.0137901,130.382,0.842246,0.0
17.6243,0.0139163,132.31,0.843276,0.0
17.6257,0.013479,130.046,0.840185,0.0
17.6007,0.0136713,132.21,0.831254,0.0
17.5912,0.0138207,131.203,0.855986,0.0
17.5913,0.0134404,129.761,0.850833,0.0
17.5979,0.0133532,129.945,0.819232,0.0
17.5901,0.0135113,131.187,0.853238,0.0
17.5789,0.0137619,129.442,0.83572,0.0
17.58,0.0137286,130.13,0.843963,0.0
17.5849,0.013613,132.008,0.841216,0.0
17.5648,0.0,129.66,0.0,0.0
17.5673,0.0,130.851,0.0,0.0
17.5977,0.0,130.382,0.0,0.0
17.5896,0.0,130.415,0.0,0.0
17.5835,0.0,129.878,0.0,0.0
17.5746,0.0,130.046,0.0,0.0
17.5705,0.0,132.696,0.0,0.0
17.5769,0.0,130.885,0.0,0.0
17.5528,0.0,130.734,0.0,0.0
17.5512,0.0,131.287,0.0,0.0
17.5916,0.0,131.522,0.0,0.0
17.5957,0.0,129.023,0.0,0.0
17.5684,0.0,129.694,0.0,0.0
17.5815,0.0,131.019,0.0,0.0
17.5859,0.0,128.839,0.0,0.0
17.5633,0.0,131.036,0.0,0.0
17.563,0.0,128.906,0.0,0.0
17.5732,0.0,130.063,0.0,0.0
17.5844,0.0,130.398,0.0,0.0
17.593,0.0,129.325,0.0,0.0
17.6009,0.0,129.258,0.0,0.0
17.6021,0.0,130.801,0.0,0.0
17.5813,0.0,129.644,0.0,0.0
17.5744,0.0,130.382,0.0,0.0
17.5943,0.0,129.174,0.0,0.0
17.6089,0.0,130.6,0.0,0.0
17.5963,0.0,130.516,0.0,0.0
17.5978,0.0,129.392,0.0,0.0
17.6035,0.0,131.556,0.0,0.0
17.5729,0.0,130.231,0.0,0.0
17.5555,0.0,133.233,0.0,0.0
17.5866,0.0,129.275,0.0,0.0
17.6083,0.0,129.526,0.0,0.0
17.584,0.0,130.449,0.0,0.0
17.5723,0.0,130.18,0.0,0.0
17.5942,0.0,129.962,0.0,0.0
17.5988,0.0,129.459,0.0,0.0
17.571,0.0,128.235,0.0,0.0
17.5584,0.0,130.918,0.0,0.0
17.5821,0.0,130.499,0.0,0.0
17.5958,0.0,130.365,0.0,0.0
17.6002,0.0,132.595,0.0,0.0
17.5851,0.0,129.04,0.0,0.0
17.5724,0.0,131.656,0.0,0.0
17.5849,0.0,131.522,0.0,0.0
17.5812,0.0,130.566,0.0,0.0
17.5756,0.0,130.482,0.0,0.0
17.581,0.0,132.159,0.0,0.0
17.5873,0.0,132.075,0.0,0.0
17.6086,0.0,129.392,0.0,0.0
17.5863,0.0,130.482,0.0,0.0
17.5607,0.0,130.449,0.0,0.0
17.578,0.0,128.738,0.0,0.0
17.5711,0.0,130.885,0.0,0.0
17.5651,0.0,129.409,0.0,0.0
17.5807,0.0,130.7,0.0,0.0
17.5864,0.0,130.583,0.0,0.0
17.5647,0.0,130.734,0.0,0.0
17.5625,0.0,129.325,0.0,0.0
17.5846,0.0,130.7,0.0,0.0
17.5731,0.0,129.979,0.0,0.0
17.5711,0.0,131.941,0.0,0.0
17.5928,0.0,130.314,0.0,0.0
17.5996,0.0,130.935,0.0,0.0
17.5897,0.0,131.103,0.0,0.0
17.5718,0.0,130.818,0.0,0.0
17.5706,0.0,131.774,0.0,0.0
17.5903,0.0,130.65,0.0,0.0
17.5977,0.0,130.348,0.0,0.0
17.5784,0.0,130.499,0.0,0.0
17.5694,0.0,130.667,0.0,0.0
17.5872,0.0,129.459,0.0,0.0
17.5886,0.0,130.616,0.0,0.0
17.5725,0.0,131.405,0.0,0.0
17.587,0.0,131.673,0.0,0.0
17.6017,0.0,131.304,0.0,0.0
17.5829,0.0,131.203,0.0,0.0
17.5741,0.0,130.013,0.0,0.0
17.5753,0.0,130.885,0.0,0.0
17.5726,0.0,130.901,0.0,0.0
17.5891,0.0,130.985,0.0,0.0
17.5945,0.0,131.304,0.0,0.0
17.5818,0.0,129.14,0.0,0.0
17.58,0.0,130.751,0.0,0.0
17.5728,0.0,130.717,0.0,0.0
17.5778,0.0,131.17,0.0,0.0
17.5803,0.0,128.839,0.0,0.0
17.5739,0.0,132.294,0.0,0.0
17.5899,0.0,130.751,0.0,0.0
17.5989,0.0,129.057,0.0,0.0
17.5856,0.0,129.358,0.0,0.0
17.569,0.0,130.113,0.0,0.0
17.5655,0.0,130.834,0.0,0.0
17.5702,0.0,128.956,0.0,0.0
17.5802,0.0,131.757,0.0,0.0
17.588,0.0,131.27,0.0,0.0
17.5931,0.0,130.063,0.0,0.0
17.5887,0.0,130.231,0.0,0.0
17.5791,0.0,131.052,0.0,0.0
17.5903,0.0,130.616,0.0,0.0
17.5872,0.0,129.174,0.0,0.0
17.5783,0.0,130.667,0.0,0.0
17.5723,0.0,130.063,0.0,0.0
17.583,0.0,131.673,0.0,0.0
17.6006,0.0,130.7,0.0,0.0
17.593,0.0,130.767,0.0,0.0
17.592,0.0,130.046,0.0,0.0
17.6046,0.0,130.046,0.0,0.0
17.5913,0.0,130.734,0.0,0.0
17.592,0.0,130.985,0.0,0.0
17.6104,0.0,131.405,0.0,0.0
17.5924,0.0,129.66,0.0,0.0
17.5686,0.0,131.774,0.0,0.0
17.5703,0.0,130.868,0.0,0.0
17.5945,0.0,130.415,0.0,0.0
17.6054,0.0,131.27,0.0,0.0
17.5897,0.0,130.264,0.0,0.0
17.5861,0.0,129.845,0.0,0.0
17.5923,0.0,129.358,0.0,0.0
17.591,0.0,131.455,0.0,0.0
17.5924,0.0,131.338,0.0,0.0
17.6027,0.0,131.455,0.0,0.0
17.6109,0.0,131.941,0.0,0.0
17.6093,0.0,130.348,0.0,0.0
17.5861,0.0,130.851,0.0,0.0
17.5812,0.0,130.918,0.0,0.0
17.5977,0.0,131.74,0.0,0.0
17.587,0.0,132.042,0.0,0.0
17.5791,0.0,131.103,0.0,0.0
17.5798,0.0,130.885,0.0,0.0
17.5666,0.0,130.18,0.0,0.0
17.5794,0.0,131.237,0.0,0.0
17.6055,0.0,130.901,0.0,0.0
17.5907,0.0,130.348,0.0,0.0
17.5858,0.0,131.237,0.0,0.0
17.5879,0.0,130.549,0.0,0.0
17.5806,0.0,130.398,0.0,0.0
17.5841,0.0,131.136,0.0,0.0
17.5725,0.0,130.801,0.0,0.0
17.5711,0.0,130.566,0.0,0.0
17.5906,0.0,129.979,0.0,0.0
17.594,0.0,130.868,0.0,0.0
17.5891,0.0,130.818,0.0,0.0
17.582,0.0,129.828,0.0,0.0
17.5696,0.0,131.572,0.0,0.0
17.5756,0.0,130.08,0.0,0.0
17.6269,0.0,128.788,0.0,0.0
17.6193,0.0,131.119,0.0,0.0
17.5629,0.0,129.878,0.0,0.0
17.5626,0.0,130.113,0.0,0.0
17.5741,0.0,130.482,0.0,0.0
17.5622,0.0,130.767,0.0,0.0
17.5737,0.0,129.811,0.0,0.0
17.5879,0.0,130.415,0.0,0.0
17.5892,0.0,130.432,0.0,0.0
17.5974,0.0,131.941,0.0,0.0
17.5957,0.0,130.985,0.0,0.0
17.5921,0.0,130.482,0.0,0.0
17.5861,0.0,128.822,0.0,0.0
17.5673,0.0,131.539,0.0,0.0
17.5944,0.0,131.908,0.0,0.0
17.6186,0.0,131.153,0.0,0.0
17.5798,0.0,130.583,0.0,0.0
17.5557,0.0,130.516,0.0,0.0
17.5867,0.0,131.857,0.0,0.0
17.6048,0.0,130.985,0.0,0.0
17.5846,0.0,131.975,0.0,0.0
17.589,0.0,129.375,0.0,0.0
17.5861,0.0,130.952,0.0,0.0
17.5753,0.0,130.449,0.0,0.0
17.5649,0.0,128.134,0.0,0.0
17.5669,0.0,131.455,0.0,0.0
17.585,0.0,131.136,0.0,0.0
17.5773,0.0,130.096,0.0,0.0
17.5553,0.0,131.673,0.0,0.0
17.567,0.0,129.459,0.0,0.0
17.5961,0.0,130.465,0.0,0.0
17.6024,0.0,130.398,0.0,0.0
17.5805,0.0,130.063,0.0,0.0
17.5775,0.0,130.918,0.0,0.0
17.5882,0.0,130.717,0.0,0.0
17.5819,0.0,130.801,0.0,0.0
17.5761,0.0,130.583,0.0,0.0
17.5879,0.0,132.109,0.0,0.0
17.588,0.0,127.648,0.0,0.0
17.576,0.0,131.187,0.0,0.0
17.5982,0.0,130.6,0.0,0.0
17.6074,0.0,128.671,0.0,0.0
17.5758,0.0,129.107,0.0,0.0
17.5692,0.0,129.996,0.0,0.0
17.5675,0.0,129.828,0.0,0.0
17.5615,0.0,128.553,0.0,0.0
17.5858,0.0,129.56,0.0,0.0
17.5965,0.0,131.338,0.0,0.0
17.5816,0.0,129.358,0.0,0.0
17.5866,0.0,130.7,0.0,0.0
17.6041,0.0,131.086,0.0,0.0
17.5837,0.0,131.136,0.0,0.0
17.5479,0.0,130.164,0.0,0.0
17.5607,0.0,130.08,0.0,0.0
17.5801,0.0,132.612,0.0,0.0
17.5819,0.0,129.744,0.0,0.0
17.5857,0.0,129.543,0.0,0.0
17.5958,0.0,131.539,0.0,0.0
17.5874,0.0,131.321,0.0,0.0
17.572,0.0,129.962,0.0,0.0
17.5891,0.0,131.455,0.0,0.0
17.6071,0.0,130.885,0.0,0.0
17.5958,0.0,130.314,0.0,0.0
17.5817,0.0,131.539,0.0,0.0
17.583,0.0,130.382,0.0,0.0
17.5961,0.0,130.197,0.0,0.0
17.5871,0.0,131.539,0.0,0.0
17.582,0.0,131.79,0.0,0.0
17.5707,0.0,130.147,0.0,0.0
17.5693,0.0,129.174,0.0,0.0
17.5947,0.0,130.096,0.0,0.0
17.5829,0.0,129.694,0.0,0.0
17.5672,0.0,131.405,0.0,0.0
17.6016,0.0,129.057,0.0,0.0
17.5965,0.0,132.109,0.0,0.0
17.5748,0.0,129.895,0.0,0.0
17.5807,0.0,130.029,0.0,0.0
17.5873,0.0,130.046,0.0,0.0
17.608,0.0,130.18,0.0,0.0
17.6171,0.0,131.472,0.0,0.0
17.6123,0.0,131.052,0.0,0.0
17.6057,0.0,129.979,0.0,0.0
17.5925,0.0,129.811,0.0,0.0
17.5733,0.0,129.795,0.0,0.0
17.5762,0.0,128.771,0.0,0.0
17.5811,0.0,130.046,0.0,0.0
17.5749,0.0,130.348,0.0,0.0
17.5692,0.0,130.449,0.0,0.0
17.565,0.0,129.845,0.0,0.0
17.5808,0.0,130.734,0.0,0.0
17.5993,0.0,129.174,0.0,0.0
17.6083,0.0,131.421,0.0,0.0
17.6008,0.0,130.583,0.0,0.0
17.5942,0.0,130.348,0.0,0.0
17.5961,0.0,131.27,0.0,0.0
17.5854,0.0,129.459,0.0,0.0
17.5874,0.0,132.025,0.0,0.0
17.6076,0.0,130.046,0.0,0.0
17.5892,0.0,130.013,0.0,0.0
17.5631,0.0,131.036,0.0,0.0
17.5831,0.0,130.365,0.0,0.0
17.5997,0.0,130.801,0.0,0.0
17.5873,0.0,131.019,0.0,0.0
17.5909,0.0,131.774,0.0,0.0
17.5818,0.0,131.405,0.0,0.0
17.5711,0.0,130.482,0.0,0.0
17.5928,0.0,130.432,0.0,0.0
17.6018,0.0,130.935,0.0,0.0
17.5913,0.0,129.962,0.0,0.0
17.595,0.0,131.237,0.0,0.0
17.5971,0.0,131.623,0.0,0.0
17.5925,0.0,129.61,0.0,0.0
17.5757,0.0,130.432,0.0,0.0
17.5887,0.0,131.321,0.0,0.0
17.6227,0.0,129.979,0.0,0.0
17.6072,0.0,130.969,0.0,0.0
17.5756,0.0,130.918,0.0,0.0
17.5776,0.0,130.667,0.0,0.0
17.5791,0.0,129.694,0.0,0.0
17.5745,0.0,129.409,0.0,0.0
17.5839,0.0,130.415,0.0,0.0
17.5728,0.0,130.465,0.0,0.0
17.5636,0.0,130.465,0.0,0.0
17.5749,0.0,130.969,0.0,0.0
17.5762,0.0,129.476,0.0,0.0
17.576,0.0,130.365,0.0,0.0
17.5953,0.0,129.929,0.0,0.0
17.6012,0.0,131.17,0.0,0.0
17.5983,0.0,130.935,0.0,0.0
17.5922,0.0,129.912,0.0,0.0
17.5808,0.0,131.136,0.0,0.0
17.5715,0.0,131.421,0.0,0.0
17.5758,0.0,130.365,0.0,0.0
17.6051,0.0,129.392,0.0,0.0
17.6207,0.0,130.013,0.0,0.0
17.6132,0.0,131.287,0.0,0.0
17.5821,0.0,130.432,0.0,0.0
17.5901,0.0,130.415,0.0,0.0
17.6191,0.0,131.505,0.0,0.0
17.6009,0.0,129.157,0.0,0.0
17.5886,0.0,130.7,0.0,0.0
17.5844,0.0,130.918,0.0,0.0
17.5788,0.0,131.623,0.0,0.0
17.5853,0.0,130.113,0.0,0.0
17.5893,0.0,130.029,0.0,0.0
17.6013,0.0,129.073,0.0,0.0
17.5989,0.0,129.862,0.0,0.0
17.5804,0.0,133.065,0.0,0.0
17.5948,0.0,130.667,0.0,0.0
17.6126,0.0,132.075,0.0,0.0
17.6137,0.0,131.556,0.0,0.0
17.6099,0.0,130.449,0.0,0.0
17.596,0.0,131.757,0.0,0.0
17.5915,0.0,130.298,0.0,0.0
17.5937,0.0,131.69,0.0,0.0
17.5802,0.0,129.593,0.0,0.0
17.571,0.0,129.996,0.0,0.0
17.5804,0.0,130.767,0.0,0.0
17.5845,0.0,131.086,0.0,0.0
17.5903,0.0,130.818,0.0,0.0
17.5875,0.0,130.516,0.0,0.0
17.566,0.0,130.633,0.0,0.0
17.5667,0.0,131.22,0.0,0.0
17.587,0.0,130.549,0.0,0.0
17.5696,0.0,129.845,0.0,0.0
17.5723,0.0,131.606,0.0,0.0
17.5859,0.0,130.683,0.0,0.0
17.5736,0.0,130.751,0.0,0.0
17.5874,0.0,131.656,0.0,0.0
17.5945,0.0,130.348,0.0,0.0
17.5841,0.0,130.231,0.0,0.0
17.5824,0.0,130.164,0.0,0.0
17.5912,0.0,130.616,0.0,0.0
17.5977,0.0,129.845,0.0,0.0
17.5757,0.0,130.113,0.0,0.0
17.5894,0.0,130.231,0.0,0.0
17.613,0.0,130.147,0.0,0.0
17.6049,0.0,130.583,0.0,0.0
17.5911,0.0,130.482,0.0,0.0
17.5815,0.0,130.784,0.0,0.0
17.5737,0.0,129.962,0.0,0.0
17.5804,0.0,132.662,0.0,0.0
17.6094,0.0,129.442,0.0,0.0
17.615,0.0,131.438,0.0,0.0
17.5967,0.0,130.616,0.0,0.0
17.5865,0.0,130.851,0.0,0.0
17.5877,0.0,130.449,0.0,0.0
17.5816,0.0,130.851,0.0,0.0
17.5846,0.0,131.623,0.0,0.0
17.5867,0.0,131.002,0.0,0.0
17.5637,0.0,129.526,0.0,0.0
17.5479,0.0,130.281,0.0,0.0
17.5703,0.0,132.126,0.0,0.0
17.5882,0.0,130.08,0.0,0.0
17.5901,0.0,130.331,0.0,0.0
17.5842,0.0,129.878,0.0,0.0
17.5869,0.0,131.488,0.0,0.0
17.5939,0.0,130.784,0.0,0.0
17.5873,0.0,129.795,0.0,0.0
17.5943,0.0,130.7,0.0,0.0
17.5888,0.0,131.824,0.0,0.0
17.5847,0.0,130.046,0.0,0.0
17.5963,0.0,127.933,0.0,0.0
17.5928,0.0,130.063,0.0,0.0
17.5803,0.0,128.352,0.0,0.0
17.5822,0.0,132.042,0.0,0.0
17.5728,0.0,131.706,0.0,0.0
17.5581,0.0,129.912,0.0,0.0
17.5574,0.0,128.671,0.0,0.0
17.5547,0.0,131.488,0.0,0.0
17.5661,0.0,130.164,0.0,0.0
17.5947,0.0,130.818,0.0,0.0
17.5814,0.0,129.828,0.0,0.0
17.5511,0.0,129.677,0.0,0.0
17.5868,0.0,130.013,0.0,0.0
17.619,0.0,129.912,0.0,0.0
17.6062,0.0,128.99,0.0,0.0
17.5843,0.0,131.79,0.0,0.0
17.5805,0.0,130.18,0.0,0.0
17.5846,0.0,130.13,0.0,0.0
17.5882,0.0,130.901,0.0,0.0
17.591,0.0,130.885,0.0,0.0
17.592,0.0,130.734,0.0,0.0
17.5734,0.0,129.509,0.0,0.0
17.5725,0.0,129.66,0.0,0.0
17.5838,0.0,130.415,0.0,0.0
17.5731,0.0,131.052,0.0,0.0
17.5672,0.0,130.298,0.0,0.0
17.5771,0.0,131.22,0.0,0.0
17.5846,0.0,132.059,0.0,0.0
17.6108,0.0,130.885,0.0,0.0
17.6145,0.0,129.208,0.0,0.0
17.5814,0.0,131.237,0.0,0.0
17.5723,0.0,130.013,0.0,0.0
17.5685,0.0,130.885,0.0,0.0
17.5687,0.0,130.013,0.0,0.0
17.5683,0.0,130.616,0.0,0.0
17.5662,0.0,131.019,0.0,0.0
17.5752,0.0,129.258,0.0,0.0
17.5845,0.0,131.354,0.0,0.0
17.5852,0.0,130.801,0.0,0.0
17.5737,0.0,131.774,0.0,0.0
17.5688,0.0,131.79,0.0,0.0
17.5757,0.0,131.036,0.0,0.0
17.5756,0.0,130.465,0.0,0.0
17.5705,0.0,131.036,0.0,0.0
17.5722,0.0,131.79,0.0,0.0
17.5674,0.0,130.516,0.0,0.0
17.5741,0.0,130.096,0.0,0.0
17.5739,0.0,129.057,0.0,0.0
17.5611,0.0,131.706,0.0,0.0
17.5802,0.0,130.365,0.0,0.0
17.6036,0.0,130.247,0.0,0.0
17.6129,0.0,130.717,0.0,0.0
17.6132,0.0,129.744,0.0,0.0
17.5916,0.0,130.281,0.0,0.0
17.5804,0.0,130.13,0.0,0.0
17.5926,0.0,130.214,0.0,0.0
17.5722,0.0,130.063,0.0,0.0
17.5459,0.0,129.895,0.0,0.0
17.5753,0.0,130.818,0.0,0.0
17.5966,0.0,129.845,0.0,0.0
17.5833,0.0,131.354,0.0,0.0
17.578,0.0,130.298,0.0,0.0
17.5701,0.0,130.281,0.0,0.0
17.5949,0.0,131.824,0.0,0.0
17.6266,0.0,128.855,0.0,0.0
17.6001,0.0,130.734,0.0,0.0
17.5897,0.0,131.019,0.0,0.0
17.6088,0.0,129.325,0.0,0.0
17.575,0.0,130.901,0.0,0.0
17.58,0.0,131.723,0.0,0.0
17.6166,0.0,130.952,0.0,0.0
17.5778,0.0,130.449,0.0,0.0
17.5609,0.0,129.409,0.0,0.0
17.6048,0.0,129.979,0.0,0.0
17.6,0.0,131.388,0.0,0.0
17.5513,0.0,129.526,0.0,0.0
17.5518,0.0,131.438,0.0,0.0
17.5944,0.0,130.767,0.0,0.0
17.6052,0.0,132.193,0.0,0.0
17.5752,0.0,128.906,0.0,0.0
17.5505,0.0,130.18,0.0,0.0
17.5656,0.0,130.516,0.0,0.0
17.5923,0.0,129.761,0.0,0.0
17.5925,0.0,130.432,0.0,0.0
17.5783,0.0,129.895,0.0,0.0
17.5766,0.0,129.476,0.0,0.0
17.583,0.0,130.969,0.0,0.0
17.5991,0.0,128.755,0.0,0.0
17.5853,0.0,130.482,0.0,0.0
17.5688,0.0,130.264,0.0,0.0
17.5785,0.0,130.616,0.0,0.0
17.576,0.0,130.683,0.0,0.0
17.5716,0.0,131.153,0.0,0.0
17.5909,0.0,130.046,0.0,0.0
17.6006,0.0,129.442,0.0,0.0
17.5727,0.0,129.644,0.0,0.0
17.5655,0.0,130.197,0.0,0.0
17.5868,0.0,130.348,0.0,0.0
17.5785,0.0,130.398,0.0,0.0
17.583,0.0,130.952,0.0,0.0
17.5917,0.0,130.851,0.0,0.0
17.5823,0.0,131.539,0.0,0.0
17.5765,0.0,130.868,0.0,0.0
17.5792,0.0,132.109,0.0,0.0
17.5898,0.0,132.176,0.0,0.0
17.5904,0.0,130.365,0.0,0.0
17.5947,0.0,130.818,0.0,0.0
17.6036,0.0,130.583,0.0,0.0
17.597,0.0,132.176,0.0,0.0
17.5741,0.0,130.314,0.0,0.0
17.5761,0.0,129.727,0.0,0.0
17.6114,0.0,131.522,0.0,0.0
17.618,0.0,131.69,0.0,0.0
17.5842,0.0,129.543,0.0,0.0
17.5712,0.0,132.21,0.0,0.0
17.5938,0.0,129.778,0.0,0.0
17.5863,0.0,131.136,0.0,0.0
17.5701,0.0,130.734,0.0,0.0
17.5849,0.0,131.589,0.0,0.0
17.5937,0.0,130.566,0.0,0.0
17.5962,0.0,130.985,0.0,0.0
17.6055,0.0,129.258,0.0,0.0
17.5914,0.0,130.667,0.0,0.0
17.5791,0.0,129.727,0.0,0.0
17.594,0.0,131.74,0.0,0.0
17.5928,0.0,128.956,0.0,0.0
17.5804,0.0,130.952,0.0,0.0
17.5812,0.0,129.862,0.0,0.0
17.5765,0.0,130.583,0.0,0.0
17.5737,0.0,129.945,0.0,0.0
17.5795,0.0,129.61,0.0,0.0
17.5946,0.0,131.623,0.0,0.0
17.5938,0.0,130.013,0.0,0.0
17.5798,0.0,129.409,0.0,0.0
17.592,0.0,129.929,0.0,0.0
17.5829,0.0,130.096,0.0,0.0
17.5737,0.0,129.945,0.0,0.0
17.5822,0.0,129.493,0.0,0.0
17.5663,0.0,128.688,0.0,0.0
17.5697,0.0,131.036,0.0,0.0
17.5674,0.0,130.784,0.0,0.0
17.5587,0.0,130.029,0.0,0.0
17.5898,0.0,129.912,0.0,0.0
17.5911,0.0,130.549,0.0,0.0
17.5636,0.0,129.845,0.0,0.0
17.5593,0.0,130.465,0.0,0.0
17.5613,0.0,130.918,0.0,0.0
17.5733,0.0,128.922,0.0,0.0
17.5939,0.0,129.979,0.0,0.0
17.59,0.0,129.66,0.0,0.0
17.5872,0.0,130.935,0.0,0.0
17.5979,0.0,130.432,0.0,0.0
17.5949,0.0,130.549,0.0,0.0
17.582,0.0,129.509,0.0,0.0
17.584,0.0,130.549,0.0,0.0
17.5806,0.0,130.214,0.0,0.0
17.5868,0.0,130.667,0.0,0.0
17.5952,0.0,130.7,0.0,0.0
17.5913,0.0,130.147,0.0,0.0
17.5873,0.0,130.382,0.0,0.0
17.5874,0.0,130.885,0.0,0.0
17.5748,0.0,128.839,0.0,0.0
17.5619,0.0,130.013,0.0,0.0
17.5749,0.0,129.996,0.0,0.0
17.6059,0.0,131.103,0.0,0.0
17.6022,0.0,130.65,0.0,0.0
17.5815,0.0,128.721,0.0,0.0
17.5826,0.0,131.153,0.0,0.0
17.5639,0.0,128.537,0.0,0.0
17.5575,0.0,129.811,0.0,0.0
17.5927,0.0,130.784,0.0,0.0
17.6128,0.0,131.623,0.0,0.0
17.5981,0.0,131.203,0.0,0.0
17.5788,0.0,129.174,0.0,0.0
17.5737,0.0,130.6,0.0,0.0
17.5844,0.0,129.694,0.0,0.0
17.5959,0.0,130.197,0.0,0.0
17.5896,0.0,131.623,0.0,0.0
17.595,0.0,130.868,0.0,0.0
17.5873,0.0,131.455,0.0,0.0
17.5864,0.0,129.476,0.0,0.0
17.5972,0.0,131.354,0.0,0.0
17.5998,0.0,129.057,0.0,0.0
17.5938,0.0,130.281,0.0,0.0
17.5824,0.0,129.996,0.0,0.0
17.5879,0.0,132.008,0.0,0.0
17.5908,0.0,129.509,0.0,0.0
17.5758,0.0,131.522,0.0,0.0
17.5694,0.0,130.7,0.0,0.0
17.5834,0.0,130.499,0.0,0.0
17.5982,0.0,128.755,0.0,0.0
17.578,0.0,129.811,0.0,0.0
17.5642,0.0,131.086,0.0,0.0
17.5787,0.0,129.526,0.0,0.0
17.5832,0.0,130.549,0.0,0.0
17.578,0.0,131.992,0.0,0.0
17.5999,0.0,131.505,0.0,0.0
17.6125,0.0,130.264,0.0,0.0
17.5778,0.0,131.019,0.0,0.0
17.5728,0.0,131.639,0.0,0.0
17.5989,0.0,131.723,0.0,0.0
17.598,0.0,131.656,0.0,0.0
17.5936,0.0,130.18,0.0,0.0
17.5781,0.0,130.063,0.0,0.0
17.5644,0.0,130.281,0.0,0.0
17.5678,0.0,130.013,0.0,0.0
17.5858,0.0,132.193,0.0,0.0
17.5952,0.0,132.025,0.0,0.0
17.5972,0.0,130.231,0.0,0.0
17.5831,0.0,130.952,0.0,0.0
17.5901,0.0,129.727,0.0,0.0
17.595,0.0,129.224,0.0,0.0
17.5785,0.0,130.516,0.0,0.0
17.5851,0.0,130.365,0.0,0.0
17.5866,0.0,131.086,0.0,0.0
17.5906,0.0,131.472,0.0,0.0
17.6044,0.0,131.153,0.0,0.0
17.5897,0.0,130.868,0.0,0.0
17.5776,0.0,131.321,0.0,0.0
17.6007,0.0,130.18,0.0,0.0
17.6002,0.0,130.516,0.0,0.0
17.5872,0.0,129.694,0.0,0.0
17.5869,0.0,130.516,0.0,0.0
17.5896,0.0,132.931,0.0,0.0
17.5853,0.0,130.532,0.0,0.0
17.5832,0.0,131.052,0.0,0.0
17.5958,0.0,132.143,0.0,0.0
17.6039,0.0,130.465,0.0,0.0
17.5934,0.0,129.593,0.0,0.0
17.5715,0.0,132.159,0.0,0.0
17.5808,0.0,131.841,0.0,0.0
17.589,0.0,130.734,0.0,0.0
17.5745,0.0,130.214,0.0,0.0
17.5871,0.0,131.019,0.0,0.0
17.579,0.0,129.375,0.0,0.0
17.5578,0.0,130.717,0.0,0.0
17.5638,0.0,131.455,0.0,0.0
17.5948,0.0,130.885,0.0,0.0
17.6013,0.0,130.717,0.0,0.0
17.573,0.0,130.784,0.0,0.0
17.5681,0.0,129.191,0.0,0.0
17.5843,0.0,132.444,0.0,0.0
17.5973,0.0,130.465,0.0,0.0
17.6013,0.0,131.304,0.0,0.0
17.5827,0.0,129.308,0.0,0.0
17.5677,0.0,131.405,0.0,0.0
17.5688,0.0,129.945,0.0,0.0
17.5651,0.0,132.444,0.0,0.0
17.5725,0.0,129.476,0.0,0.0
17.5994,0.0,130.901,0.0,0.0
17.5966,0.0,131.522,0.0,0.0
17.5838,0.0,129.694,0.0,0.0
17.5858,0.0,129.711,0.0,0.0
17.5792,0.0,130.818,0.0,0.0
17.5674,0.0,129.493,0.0,0.0
17.5829,0.0,129.459,0.0,0.0
17.5914,0.0,129.61,0.0,0.0
17.5762,0.0,129.442,0.0,0.0
17.5865,0.0,130.096,0.0,0.0
17.5897,0.0,130.331,0.0,0.0
17.5665,0.0,130.499,0.0,0.0
17.559,0.0,131.505,0.0,0.0
17.5713,0.0,131.27,0.0,0.0
17.596,0.0,129.795,0.0,0.0
17.5899,0.0,129.493,0.0,0.0
17.5678,0.0,130.499,0.0,0.0
17.5674,0.0,130.516,0.0,0.0
17.5787,0.0,130.264,0.0,0.0
17.5849,0.0,130.885,0.0,0.0
17.5858,0.0,129.56,0.0,0.0
17.5933,0.0,130.885,0.0,0.0
17.5988,0.0,130.348,0.0,0.0
17.5885,0.0,130.868,0.0,0.0
17.5885,0.0,130.734,0.0,0.0
17.6115,0.0,131.136,0.0,0.0
17.613,0.0,129.291,0.0,0.0
17.5662,0.0,132.545,0.0,0.0
17.5616,0.0,130.013,0.0,0.0
17.6086,0.0,129.426,0.0,0.0
17.6228,0.0,129.476,0.0,0.0
17.5868,0.0,130.65,0.0,0.0
17.5758,0.0,130.398,0.0,0.0
17.5839,0.0,130.264,0.0,0.0
17.5852,0.0,131.338,0.0,0.0
17.6095,0.0,130.432,0.0,0.0
17.5855,0.0,129.979,0.0,0.0
17.5672,0.0,130.818,0.0,0.0
17.5994,0.0,131.388,0.0,0.0
17.5896,0.0,130.482,0.0,0.0
17.5805,0.0,129.258,0.0,0.0
17.5903,0.0,130.985,0.0,0.0
17.584,0.0,130.096,0.0,0.0
17.5943,0.0,132.629,0.0,0.0
17.6092,0.0,130.683,0.0,0.0
17.5875,0.0,132.478,0.0,0.0
17.5805,0.0,130.633,0.0,0.0
17.5882,0.0,130.331,0.0,0.0
17.5899,0.0,131.338,0.0,0.0
17.5882,0.0,130.851,0.0,0.0
17.5772,0.0,130.566,0.0,0.0
17.5767,0.0,130.751,0.0,0.0
17.5849,0.0,130.063,0.0,0.0
17.5765,0.0,130.6,0.0,0.0
17.577,0.0,130.918,0.0,0.0
17.5883,0.0,130.683,0.0,0.0
17.5718,0.0,131.136,0.0,0.0
17.5715,0.0,130.247,0.0,0.0
17.5989,0.0,130.063,0.0,0.0
17.5979,0.0,130.784,0.0,0.0
17.5767,0.0,130.331,0.0,0.0
17.5743,0.0,130.683,0.0,0.0
17.5791,0.0,130.482,0.0,0.0
17.5828,0.0,130.616,0.0,0.0
17.5775,0.0,131.119,0.0,0.0
17.5876,0.0,130.482,0.0,0.0
17.5867,0.0,129.627,0.0,0.0
17.5853,0.0,130.063,0.0,0.0
17.596,0.0,131.623,0.0,0.0
17.5922,0.0,130.868,0.0,0.0
17.5827,0.0,129.493,0.0,0.0
17.5766,0.0,129.04,0.0,0.0
17.5746,0.0,129.895,0.0,0.0
17.5703,0.0,130.18,0.0,0.0
17.57,0.0,130.616,0.0,0.0
17.5856,0.0,129.929,0.0,0.0
17.58,0.0,132.042,0.0,0.0
17.5924,0.0,130.164,0.0,0.0
17.6292,0.0,133.065,0.0,0.0
17.6156,0.0,130.029,0.0,0.0
17.586,0.0,130.683,0.0,0.0
17.5804,0.0,131.069,0.0,0.0
17.5752,0.0,129.509,0.0,0.0
17.5853,0.0,130.516,0.0,0.0
17.5965,0.0,129.426,0.0,0.0
17.5773,0.0,130.751,0.0,0.0
17.5637,0.0,129.996,0.0,0.0
17.5794,0.0,130.013,0.0,0.0
17.5857,0.0,130.231,0.0,0.0
17.5796,0.0,129.778,0.0,0.0
17.5947,0.0,130.247,0.0,0.0
17.6015,0.0,130.382,0.0,0.0
17.5802,0.0,131.002,0.0,0.0
17.584,0.0,129.878,0.0,0.0
17.6011,0.0,130.046,0.0,0.0
17.5882,0.0,130.616,0.0,0.0
17.5798,0.0,129.14,0.0,0.0
17.5903,0.0,132.159,0.0,0.0
17.5913,0.0,129.577,0.0,0.0
17.5862,0.0,129.493,0.0,0.0
17.5842,0.0,131.304,0.0,0.0
17.5926,0.0,132.226,0.0,0.0
17.6054,0.0,130.683,0.0,0.0
17.5859,0.0,131.874,0.0,0.0
17.5654,0.0,130.65,0.0,0.0
17.58,0.0,131.438,0.0,0.0
17.597,0.0,129.493,0.0,0.0
17.5875,0.0,130.465,0.0,0.0
17.5908,0.0,131.22,0.0,0.0
17.5928,0.0,129.845,0.0,0.0
17.5727,0.0,129.727,0.0,0.0
17.574,0.0,132.159,0.0,0.0
17.5896,0.0,131.371,0.0,0.0
17.5831,0.0,130.348,0.0,0.0
17.5632,0.0,129.409,0.0,0.0
17.5599,0.0,129.962,0.0,0.0
17.5779,0.0,130.918,0.0,0.0
17.5996,0.0,130.415,0.0,0.0
17.5921,0.0,131.354,0.0,0.0
17.573,0.0,129.744,0.0,0.0
17.5837,0.0,129.979,0.0,0.0
17.5871,0.0,129.996,0.0,0.0
17.5796,0.0,129.509,0.0,0.0
17.5963,0.0,131.472,0.0,0.0
17.6009,0.0,130.583,0.0,0.0
17.5566,0.0,130.382,0.0,0.0
17.5682,0.0,130.499,0.0,0.0
17.611,0.0,130.113,0.0,0.0
17.5959,0.0,130.901,0.0,0.0
17.5934,0.0,130.298,0.0,0.0
17.595,0.0,130.616,0.0,0.0
17.5862,0.0,129.124,0.0,0.0
17.5943,0.0,130.264,0.0,0.0
17.5834,0.0,128.973,0.0,0.0
17.5714,0.0,130.314,0.0,0.0
17.5745,0.0,131.824,0.0,0.0
17.5685,0.0,129.711,0.0,0.0
17.5844,0.0,130.6,0.0,0.0
17.599,0.0,129.996,0.0,0.0
17.5787,0.0,130.164,0.0,0.0
17.5871,0.0,131.002,0.0,0.0
17.6034,0.0,129.979,0.0,0.0
17.5768,0.0,130.499,0.0,0.0
17.5783,0.0,130.197,0.0,0.0
17.5874,0.0,130.834,0.0,0.0
17.5767,0.0,131.203,0.0,0.0
17.5651,0.0,132.193,0.0,0.0
17.5709,0.0,130.969,0.0,0.0
17.5733,0.0,130.096,0.0,0.0
17.5687,0.0,130.046,0.0,0.0
17.5894,0.0,131.388,0.0,0.0
17.6062,0.0,129.862,0.0,0.0
17.5871,0.0,132.243,0.0,0.0
17.5849,0.0,128.822,0.0,0.0
17.592,0.0,131.522,0.0,0.0
17.5834,0.0,130.247,0.0,0.0
17.5815,0.0,131.237,0.0,0.0
17.5877,0.0,131.036,0.0,0.0
17.5847,0.0,131.841,0.0,0.0
17.5633,0.0,130.566,0.0,0.0
17.5597,0.0,130.365,0.0,0.0
17.5756,0.0,129.157,0.0,0.0
17.5985,0.0,131.925,0.0,0.0
17.5886,0.0,131.069,0.0,0.0
17.574,0.0,131.472,0.0,0.0
17.5924,0.0,131.857,0.0,0.0
17.5998,0.0,130.918,0.0,0.0
17.5782,0.0,132.126,0.0,0.0
17.5793,0.0,131.321,0.0,0.0
17.5788,0.0,131.254,0.0,0.0
17.5757,0.0,132.428,0.0,0.0
17.5886,0.0,129.677,0.0,0.0
17.5845,0.0,130.147,0.0,0.0
17.6023,0.0,131.539,0.0,0.0
17.6212,0.0,130.281,0.0,0.0
17.5855,0.0,128.503,0.0,0.0
17.567,0.0,130.331,0.0,0.0
17.6041,0.0,130.935,0.0,0.0
17.6227,0.0,129.459,0.0,0.0
17.5763,0.0,129.862,0.0,0.0
17.5515,0.0,131.17,0.0,0.0
17.5842,0.0,130.65,0.0,0.0
17.6045,0.0,130.482,0.0,0.0
17.5893,0.0,129.912,0.0,0.0
17.572,0.0,130.314,0.0,0.0
17.5745,0.0,129.057,0.0,0.0
17.5851,0.0,132.31,0.0,0.0
17.5924,0.0,129.694,0.0,0.0
17.5843,0.0,128.872,0.0,0.0
17.5878,0.0,130.164,0.0,0.0
17.6078,0.0,130.6,0.0,0.0
17.582,0.0,130.314,0.0,0.0
17.5655,0.0,128.553,0.0,0.0
17.5875,0.0,131.539,0.0,0.0
17.5893,0.0,129.895,0.0,0.0
17.591,0.0,131.438,0.0,0.0
17.6093,0.0,131.421,0.0,0.0
17.6089,0.0,130.331,0.0,0.0
17.5729,0.0,131.254,0.0,0.0
17.5615,0.0,129.828,0.0,0.0
17.5653,0.0,130.952,0.0,0.0
17.5728,0.0,129.56,0.0,0.0
17.5739,0.0,130.113,0.0,0.0
17.5671,0.0,130.465,0.0,0.0
17.5719,0.0,130.6,0.0,0.0
17.561,0.0,129.644,0.0,0.0
17.5661,0.0,132.042,0.0,0.0
17.5791,0.0,129.526,0.0,0.0
17.5717,0.0,130.482,0.0,0.0
17.5656,0.0,130.918,0.0,0.0
17.5727,0.0,129.442,0.0,0.0
17.5833,0.0,128.788,0.0,0.0
17.5953,0.0,130.314,0.0,0.0
17.6137,0.0,129.727,0.0,0.0
17.6079,0.0,131.958,0.0,0.0
17.5902,0.0,131.723,0.0,0.0
17.593,0.0,131.019,0.0,0.0
17.6029,0.0,130.18,0.0,0.0
17.6086,0.0,130.549,0.0,0.0
17.5855,0.0,130.499,0.0,0.0
17.5634,0.0,130.147,0.0,0.0
17.577,0.0,130.784,0.0,0.0
17.5849,0.0,131.539,0.0,0.0
17.5773,0.0,129.845,0.0,0.0
17.5741,0.0,130.616,0.0,0.0
17.5786,0.0,130.952,0.0,0.0
17.5862,0.0,131.069,0.0,0.0
17.6004,0.0,130.281,0.0,0.0
17.5931,0.0,131.153,0.0,0.0
17.5744,0.0,129.325,0.0,0.0
17.5818,0.0,130.13,0.0,0.0
17.5749,0.0,130.231,0.0,0.0
17.5688,0.0,128.973,0.0,0.0
17.5813,0.0,131.22,0.0,0.0
17.5741,0.0,128.721,0.0,0.0
17.5714,0.0,131.975,0.0,0.0
17.6029,0.0,131.069,0.0,0.0
17.5987,0.0,131.237,0.0,0.0
17.5739,0.0,131.069,0.0,0.0
17.5845,0.0,128.52,0.0,0.0
17.6062,0.0,131.623,0.0,0.0
17.6023,0.0,130.164,0.0,0.0
17.5799,0.0,131.052,0.0,0.0
17.5831,0.0,131.925,0.0,0.0
17.5943,0.0,129.895,0.0,0.0
17.5917,0.0,129.342,0.0,0.0
17.5946,0.0,130.549,0.0,0.0
17.6023,0.0,131.706,0.0,0.0
17.5843,0.0,130.13,0.0,0.0
17.5687,0.0,130.583,0.0,0.0
17.5845,0.0,130.667,0.0,0.0
17.5891,0.0,130.985,0.0,0.0
17.5811,0.0,130.969,0.0,0.0
17.5625,0.0,130.197,0.0,0.0
17.5723,0.0,129.862,0.0,0.0
17.6016,0.0,130.868,0.0,0.0
17.59,0.0,130.113,0.0,0.0
17.5747,0.0,130.801,0.0,0.0
17.5779,0.0,130.851,0.0,0.0
17.5725,0.0,130.331,0.0,0.0
17.5842,0.0,129.258,0.0,0.0
17.5971,0.0,131.153,0.0,0.0
17.5866,0.0,130.298,0.0,0.0
17.567,0.0,130.398,0.0,0.0
17.5633,0.0,130.901,0.0,0.0
17.5844,0.0,129.727,0.0,0.0
17.5909,0.0,130.231,0.0,0.0
17.5726,0.0,130.516,0.0,0.0
17.5655,0.0,130.147,0.0,0.0
17.5938,0.0,130.935,0.0,0.0
17.5898,0.0,130.449,0.0,0.0
17.5618,0.0,130.063,0.0,0.0
17.5705,0.0,131.824,0.0,0.0
17.5663,0.0,130.264,0.0,0.0
17.5776,0.0,130.65,0.0,0.0
17.5951,0.0,130.281,0.0,0.0
17.5798,0.0,129.694,0.0,0.0
17.5706,0.0,129.979,0.0,0.0
17.5834,0.0,130.935,0.0,0.0
17.5987,0.0,132.528,0.0,0.0
17.5991,0.0,129.912,0.0,0.0
17.5868,0.0,129.996,0.0,0.0
17.5817,0.0,130.281,0.0,0.0
17.5819,0.0,130.046,0.0,0.0
17.5746,0.0,130.331,0.0,0.0
17.5845,0.0,129.945,0.0,0.0
17.5884,0.0,130.432,0.0,0.0
17.5926,0.0,130.683,0.0,0.0
17.5979,0.0,129.627,0.0,0.0
17.5982,0.0,130.633,0.0,0.0
17.6103,0.0,131.908,0.0,0.0
17.6059,0.0,130.616,0.0,0.0
17.5776,0.0,130.298,0.0,0.0
17.5648,0.0,129.744,0.0,0.0
17.5732,0.0,129.727,0.0,0.0
17.5498,0.0,130.985,0.0,0.0
17.5493,0.0,130.046,0.0,0.0
17.5905,0.0,130.063,0.0,0.0
17.5946,0.0,131.606,0.0,0.0
17.5666,0.0,130.013,0.0,0.0
17.5527,0.0,129.862,0.0,0.0
17.5553,0.0,130.616,0.0,0.0
17.559,0.0,130.281,0.0,0.0
17.5744,0.0,131.237,0.0,0.0
17.5862,0.0,129.342,0.0,0.0
17.5746,0.0,130.683,0.0,0.0
17.5673,0.0,130.231,0.0,0.0
17.5911,0.0,130.532,0.0,0.0
17.6117,0.0,131.002,0.0,0.0
17.5839,0.0,131.774,0.0,0.0
17.5829,0.0,128.922,0.0,0.0
17.5936,0.0,131.287,0.0,0.0
17.5904,0.0,130.985,0.0,0.0
17.6026,0.0,130.516,0.0,0.0
17.5849,0.0,129.694,0.0,0.0
17.5713,0.0,132.059,0.0,0.0
17.5882,0.0,130.633,0.0,0.0
17.5744,0.0,129.325,0.0,0.0
17.5625,0.0,129.291,0.0,0.0
17.591,0.0,131.287,0.0,0.0
17.5948,0.0,129.308,0.0,0.0
17.5719,0.0,129.342,0.0,0.0
17.5773,0.0,130.449,0.0,0.0
17.5811,0.0,130.314,0.0,0.0
17.5849,0.0,131.69,0.0,0.0
17.591,0.0,130.298,0.0,0.0
17.5656,0.0,130.247,0.0,0.0
17.5532,0.0,131.455,0.0,0.0
17.5882,0.0,129.006,0.0,0.0
17.605,0.0,130.247,0.0,0.0
17.6075,0.0,130.751,0.0,0.0
17.5879,0.0,131.237,0.0,0.0
17.5754,0.0,132.26,0.0,0.0
17.5942,0.0,130.231,0.0,0.0
17.5809,0.0,130.499,0.0,0.0
17.5717,0.0,130.516,0.0,0.0
17.589,0.0,129.996,0.0,0.0
