analog,analog_sterr,photon_counting,pc_sterr,overflow_info
19.1043,0.013128,135.897,0.848693,0.0
19.1026,0.0136025,136.914,0.857892,0.0
19.1169,0.0132472,135.696,0.829613,0.0
19.1138,0.0132376,136.147,0.855848,0.0
19.0956,0.0138513,135.663,0.846308,0.0
19.1143,0.0134844,135.93,0.864024,0.0
19.1235,0.0131001,136.33,0.860277,0.0
19.104,0.0132887,137.148,0.84256,0.0
19.1086,0.0131824,136.814,0.834043,0.0
19.1061,0.0135271,135.83,0.845626,0.0
19.0894,0.0132798,135.796,0.857892,0.0
19.0992,0.0134366,137.281,0.858233,0.0
19.0983,0.0131891,135.88,0.8521,0.0
19.0814,0.0130783,137.064,0.851078,0.0
19.1057,0.0129971,137.948,0.849715,0.0
19.1202,0.0132146,136.881,0.841538,0.0
19.1058,0.0135299,136.931,0.882422,0.0
19.1039,0.013616,136.28,0.847671,0.0
19.1007,0.013506,136.047,0.834724,0.0
19.0989,0.0133928,135.163,0.845626,0.0
19.0987,0.0133584,136.964,0.856188,0.0
19.0971,0.0134566,135.913,0.865047,0.0
19.0879,0.0134577,135.129,0.869816,0.0
19.08,0.0134357,136.981,0.839494,0.0
19.0765,0.0133263,136.113,0.846989,0.0
19.0743,0.0128561,137.098,0.829613,0.0
19.0848,0.0135319,136.981,0.851418,0.0
19.0999,0.013741,136.33,0.854144,0.0
19.1096,0.0134762,136.414,0.850737,0.0
19.0811,0.0132996,137.465,0.834043,0.0
19.0638,0.0136753,135.847,0.815985,0.0
19.0949,0.0135003,134.829,0.851759,0.0
19.1095,0.0134199,137.014,0.864024,0.0
19.1155,0.0137176,136.714,0.852441,0.0
19.1115,0.013384,135.413,0.843242,0.0
19.0929,0.0131629,136.564,0.835405,0.0
19.0972,0.0132805,135.713,0.856188,0.0
19.1051,0.0132753,136.547,0.835405,0.0
19.0985,0.01348,137.748,0.842219,0.0
19.0892,0.0136267,136.664,0.851759,0.0
19.09,0.0132174,135.58,0.853463,0.0
19.0934,0.0132659,136.597,0.829954,0.0
19.0911,0.0135428,136.681,0.836427,0.0
19.0851,0.0134603,136.314,0.865387,0.0
19.073,0.0131088,135.213,0.852441,0.0
19.0968,0.0131608,137.248,0.852781,0.0
19.1035,0.0135299,136.297,0.858914,0.0
19.0762,0.0133126,136.13,0.824844,0.0
19.0897,0.0131101,136.614,0.846649,0.0
19.0956,0.0130131,134.662,0.844945,0.0
19.0839,0.013311,136.414,0.847671,0.0
19.0887,0.0130858,137.148,0.84256,0.0
19.0694,0.0132794,135.897,0.852781,0.0
19.0614,0.0132235,135.963,0.827228,0.0
19.0838,0.0131291,135.763,0.831658,0.0
19.0856,0.0134537,136.163,0.833702,0.0
19.1031,0.0133146,136.08,0.865728,0.0
19.1067,0.0130986,136.597,0.871179,0.0
19.0767,0.0132444,135.78,0.859595,0.0
19.08,0.0133291,135.73,0.856188,0.0
19.0964,0.01399,136.214,0.844264,0.0
19.0885,0.0133668,135.746,0.859936,0.0
19.0903,0.0129414,135.396,0.844945,0.0
19.0867,0.0129674,136.597,0.845626,0.0
19.0899,0.0136052,137.181,0.839153,0.0
19.0938,0.0136189,134.912,0.843582,0.0
19.0894,0.0135541,136.113,0.865047,0.0
19.1024,0.013726,136.214,0.881741,0.0
19.1152,0.0133098,135.496,0.863343,0.0
19.1146,0.0130243,136.48,0.84733,0.0
19.1099,0.0134835,134.912,0.840516,0.0
19.1044,0.0133568,137.014,0.843923,0.0
19.0919,0.0134436,135.68,0.838812,0.0
19.0768,0.0134625,137.348,0.859255,0.0
19.0781,0.0131507,135.296,0.85687,0.0
19.0875,0.013184,137.515,0.851418,0.0
19.1056,0.0130582,135.446,0.836768,0.0
19.0967,0.0133756,134.279,0.849034,0.0
19.0839,0.0133737,134.996,0.835746,0.0
19.1147,0.0131654,136.464,0.847671,0.0
19.1225,0.0135955,135.463,0.843923,0.0
19.0798,0.0129739,135.596,0.868794,0.0
19.0732,0.0134794,135.88,0.843582,0.0
19.0976,0.0132558,136.347,0.834043,0.0
19.0988,0.0134559,136.597,0.845967,0.0
19.0995,0.0132878,135.163,0.841197,0.0
19.1078,0.0132999,136.714,0.859255,0.0
19.1089,0.0136634,137.248,0.847671,0.0
19.101,0.013484,135.93,0.860958,0.0
19.1211,0.0133054,136.347,0.849034,0.0
19.1195,0.013467,136.947,0.863343,0.0
19.0844,0.0132536,137.198,0.855848,0.0
19.073,0.0134408,136.58,0.86675,0.0
19.0789,0.0132625,136.497,0.871179,0.0
19.0876,0.0135665,136.18,0.854144,0.0
19.0888,0.013104,135.463,0.834383,0.0
19.0984,0.0133165,136.03,0.834383,0.0
19.1052,0.0131435,135.413,0.851759,0.0
19.091,0.0133256,137.848,0.838812,0.0
19.0768,0.0133283,135.746,0.841879,0.0
19.0814,0.0136326,135.88,0.841538,0.0
19.0942,0.0134356,136.964,0.855507,0.0
19.1045,0.0137392,135.913,0.827228,0.0
19.1009,0.0135432,135.229,0.827569,0.0
19.0998,0.0130234,136.964,0.851078,0.0
19.1023,0.0136817,135.73,0.863684,0.0
19.1078,0.0132469,136.631,0.862662,0.0
19.1073,0.0136198,135.196,0.845967,0.0
19.099,0.0133273,137.481,0.833702,0.0
19.0909,0.013447,135.78,0.837109,0.0
19.0806,0.0135873,136.247,0.848352,0.0
19.0939,0.0133516,136.33,0.854485,0.0
19.0955,0.0133495,134.996,0.839494,0.0
19.0896,0.0135919,136.614,0.854144,0.0
19.1138,0.01373,137.198,0.830295,0.0
19.1149,0.0134128,137.865,0.853803,0.0
19.0863,0.0132552,135.013,0.859595,0.0
19.0861,0.0132042,136.264,0.836427,0.0
19.0898,0.0134973,136.314,0.863343,0.0
19.0867,0.0134611,136.714,0.863343,0.0
19.0889,0.0132786,136.947,0.854825,0.0
19.0887,0.0133508,135.413,0.839835,0.0
19.0953,0.0132371,136.597,0.857551,0.0
19.0969,0.0129175,136.163,0.847671,0.0
19.0878,0.0134785,136.097,0.853803,0.0
19.1057,0.0137723,138.115,0.844945,0.0
19.1049,0.0131308,136.097,0.863343,0.0
19.0745,0.0130655,136.48,0.828932,0.0
19.09,0.0131089,136.247,0.862321,0.0
19.1122,0.0135359,136.931,0.855166,0.0
19.098,0.0132123,136.48,0.860277,0.0
19.0993,0.0135547,136.631,0.846989,0.0
19.112,0.0136632,136.864,0.826206,0.0
19.1043,0.0132902,135.796,0.839153,0.0
19.083,0.0132003,136.214,0.876631,0.0
19.0902,0.0133647,135.513,0.82791,0.0
19.0983,0.0134182,138.232,0.860958,0.0
19.0765,0.013243,136.163,0.86675,0.0
19.0807,0.0131043,136.063,0.84256,0.0
19.1053,0.0131364,134.896,0.850737,0.0
19.1081,0.0132963,135.146,0.817689,0.0
19.1034,0.0130964,136.53,0.855848,0.0
19.0933,0.0131014,134.412,0.853463,0.0
19.0845,0.0135099,137.598,0.840857,0.0
19.0894,0.013299,136.914,0.853122,0.0
19.1121,0.0135348,137.164,0.8521,0.0
19.1111,0.0134416,135.513,0.858914,0.0
19.08,0.013406,136.43,0.872542,0.0
19.0758,0.0132959,136.13,0.86164,0.0
19.0921,0.0135056,135.63,0.849034,0.0
19.0914,0.013479,136.13,0.86164,0.0
19.1042,0.0136118,135.913,0.870498,0.0
19.0918,0.0133471,137.715,0.831658,0.0
19.0731,0.0132964,134.962,0.867772,0.0
19.0879,0.0129582,136.264,0.86198,0.0
19.0987,0.0130828,138.165,0.82791,0.0
19.0913,0.0131792,135.813,0.847671,0.0
19.1032,0.0134962,135.98,0.842901,0.0
19.1129,0.0136735,136.464,0.844945,0.0
19.0936,0.0132989,136.48,0.848352,0.0
19.0645,0.0132632,136.147,0.866069,0.0
19.0625,0.0134712,135.596,0.849715,0.0
19.0799,0.0131692,135.329,0.83268,0.0
19.0863,0.0133761,137.481,0.859936,0.0
19.0932,0.0132902,137.431,0.849374,0.0
19.092,0.0128581,137.331,0.872883,0.0
19.0898,0.0134141,134.779,0.848693,0.0
19.0858,0.0132735,135.346,0.859936,0.0
19.0919,0.0133813,135.129,0.841197,0.0
19.1068,0.013577,136.347,0.848352,0.0
19.0956,0.0131318,135.279,0.823481,0.0
19.0832,0.0132751,136.08,0.831998,0.0
19.0759,0.0132667,136.03,0.836427,0.0
19.0845,0.0130193,134.646,0.840857,0.0
19.1037,0.013416,136.964,0.870157,0.0
19.0881,0.0131723,136.464,0.863684,0.0
19.0768,0.0133061,135.58,0.859595,0.0
19.0825,0.0134218,134.846,0.844264,0.0
19.0786,0.0135085,136.43,0.85721,0.0
19.0845,0.0136899,135.413,0.849034,0.0
19.0901,0.0136821,137.131,0.841538,0.0
19.077,0.0136188,136.113,0.849715,0.0
19.0852,0.0133672,135.997,0.840857,0.0
19.1018,0.0132752,136.38,0.864024,0.0
19.0858,0.0133592,135.663,0.831998,0.0
19.0726,0.0132187,135.646,0.846649,0.0
19.097,0.0131471,136.831,0.84256,0.0
19.0848,0.0132322,134.962,0.843582,0.0
19.0803,0.0132829,135.796,0.849034,0.0
19.1251,0.0133757,136.647,0.850056,0.0
19.1309,0.0135333,136.781,0.849715,0.0
19.1044,0.0132271,136.113,0.862662,0.0
19.1009,0.012942,133.695,0.842901,0.0
19.1231,0.0131182,136.397,0.843923,0.0
19.1267,0.0134019,137.314,0.844264,0.0
19.1126,0.0131341,137.098,0.867091,0.0
19.1136,0.0133492,135.446,0.875608,0.0
19.0886,0.0132206,136.897,0.849034,0.0
19.0716,0.0134387,135.763,0.861299,0.0
19.0865,0.0137022,137.698,0.829613,0.0
19.1015,0.0131558,135.913,0.851418,0.0
19.0866,0.0131341,135.68,0.864365,0.0
19.0716,0.0130573,135.73,0.853122,0.0
19.0805,0.0133142,135.98,0.833702,0.0
19.1029,0.0133424,135.546,0.845626,0.0
19.1,0.0131701,137.131,0.844264,0.0
19.0977,0.0135949,136.447,0.838131,0.0
19.114,0.0134004,136.864,0.844264,0.0
19.0983,0.0135305,136.03,0.8521,0.0
19.0899,0.0133601,135.696,0.819733,0.0
19.109,0.0131398,136.38,0.835065,0.0
19.0912,0.0134023,136.38,0.858573,0.0
19.0849,0.0132422,137.181,0.846989,0.0
19.0923,0.0132148,134.679,0.834043,0.0
19.0872,0.0133176,136.947,0.86198,0.0
19.076,0.0131297,135.463,0.83745,0.0
19.0819,0.0132677,136.33,0.855848,0.0
19.1111,0.0132458,135.997,0.841197,0.0
19.105,0.0137649,136.23,0.84733,0.0
19.102,0.0135531,135.329,0.840857,0.0
19.1103,0.0136639,135.796,0.835405,0.0
19.097,0.0136455,135.396,0.863684,0.0
19.1122,0.0136217,136.897,0.827569,0.0
19.1106,0.0132181,136.013,0.859595,0.0
19.0857,0.0134553,135.58,0.829613,0.0
19.0876,0.0134179,137.164,0.837109,0.0
19.099,0.0135398,134.612,0.834043,0.0
19.0974,0.0133159,138.132,0.868113,0.0
19.0856,0.0131333,136.681,0.858233,0.0
19.0997,0.0132469,136.33,0.855848,0.0
19.1077,0.0131463,135.696,0.854144,0.0
19.0942,0.0132454,135.847,0.884807,0.0
19.0946,0.0131382,136.314,0.855848,0.0
19.0999,0.013166,136.163,0.85721,0.0
19.0992,0.0134288,135.246,0.846649,0.0
19.0921,0.0135082,135.713,0.836427,0.0
19.0976,0.0133371,135.463,0.834724,0.0
19.108,0.0132319,136.197,0.848011,0.0
19.0925,0.0130988,135.396,0.865728,0.0
19.0888,0.0135342,136.397,0.835746,0.0
19.0932,0.0131009,137.264,0.842219,0.0
19.0897,0.0134971,136.53,0.853122,0.0
19.0888,0.0133598,135.78,0.852781,0.0
19.0885,0.0130628,136.781,0.814282,0.0
19.1067,0.0130862,136.714,0.835746,0.0
19.1095,0.0132453,136.297,0.870498,0.0
19.0993,0.0132273,136.314,0.847671,0.0
19.1031,0.0132023,134.445,0.858573,0.0
19.093,0.013215,135.063,0.825525,0.0
19.0901,0.013637,136.914,0.852441,0.0
19.1011,0.01336,134.896,0.846308,0.0
19.1051,0.0132588,135.713,0.854144,0.0
19.1121,0.0131577,135.646,0.832339,0.0
19.1047,0.0131779,136.53,0.846989,0.0
19.0842,0.0131876,133.845,0.853122,0.0
19.0932,0.0133215,135.963,0.869135,0.0
19.1086,0.0136066,136.714,0.851418,0.0
19.0949,0.0134154,137.448,0.856529,0.0
19.0807,0.0131246,134.696,0.841197,0.0
19.0927,0.0133126,136.314,0.834043,0.0
19.0999,0.0129721,137.031,0.854485,0.0
19.1036,0.0136954,135.046,0.840857,0.0
19.0993,0.0135263,137.331,0.865387,0.0
19.0882,0.0132389,136.397,0.844264,0.0
19.0921,0.0129392,136.047,0.843582,0.0
19.1067,0.0134786,135.663,0.832339,0.0
19.1137,0.0133334,135.73,0.847671,0.0
19.1188,0.0133084,136.681,0.869135,0.0
19.1289,0.0129674,135.913,0.83268,0.0
19.1029,0.0130534,137.565,0.851759,0.0
19.0771,0.0135323,134.646,0.816667,0.0
19.0841,0.0131938,136.614,0.813941,0.0
19.0757,0.0130359,135.146,0.845626,0.0
19.0671,0.0132224,135.046,0.848693,0.0
19.0867,0.0134776,135.88,0.831998,0.0
19.1016,0.0132441,135.213,0.842219,0.0
19.108,0.0131212,135.513,0.824162,0.0
19.1009,0.0131762,136.247,0.850056,0.0
19.0904,0.0133103,136.163,0.81837,0.0
19.1032,0.0135063,135.83,0.842219,0.0
19.1199,0.0134221,138.749,0.831998,0.0
19.1229,0.0131358,136.897,0.846989,0.0
19.1083,0.0133584,134.545,0.839835,0.0
19.0881,0.0132736,136.997,0.866409,0.0
19.0842,0.0131797,136.013,0.84256,0.0
19.1124,0.0132675,137.348,0.854144,0.0
19.1265,0.0133741,136.347,0.837109,0.0
19.0777,0.0131894,135.63,0.841197,0.0
19.0543,0.013168,135.58,0.824162,0.0
19.1001,0.0133438,136.514,0.853122,0.0
19.1167,0.013237,136.597,0.839153,0.0
19.0763,0.0134902,135.63,0.831658,0.0
19.071,0.0132165,136.714,0.829954,0.0
19.099,0.0133148,137.465,0.863684,0.0
19.0986,0.0133119,136.314,0.849374,0.0
19.0999,0.0137216,134.696,0.838131,0.0
19.1014,0.0129685,136.747,0.841197,0.0
19.0922,0.0134284,136.947,0.836768,0.0
19.0822,0.0134007,136.33,0.84256,0.0
19.0919,0.0133983,135.113,0.855848,0.0
19.1045,0.013763,137.281,0.840516,0.0
19.0969,0.0131636,136.113,0.856529,0.0
19.0894,0.0133169,136.547,0.846308,0.0
19.082,0.0138171,136.33,0.856188,0.0
19.0867,0.0133018,137.164,0.850056,0.0
19.1029,0.0131244,135.379,0.849715,0.0
19.1007,0.0129956,137.114,0.845967,0.0
19.0823,0.0133723,136.514,0.869816,0.0
19.0801,0.0133454,136.113,0.845286,0.0
19.092,0.0130107,135.93,0.839153,0.0
19.0948,0.0135497,136.03,0.86675,0.0
19.0949,0.0133703,135.663,0.83302,0.0
19.0895,0.0132018,135.363,0.848693,0.0
19.1016,0.0133421,136.714,0.841197,0.0
19.103,0.0133677,136.214,0.864024,0.0
19.0757,0.0133211,136.564,0.835405,0.0
19.0805,0.013714,134.712,0.846649,0.0
19.0997,0.0133321,135.329,0.851078,0.0
19.112,0.0132042,135.546,0.845286,0.0
19.1036,0.0130706,135.813,0.827228,0.0
19.0936,0.0134876,135.246,0.824503,0.0
19.0924,0.0134499,136.364,0.841197,0.0
19.0945,0.013243,136.931,0.865728,0.0
19.1212,0.0134237,135.913,0.843242,0.0
19.1155,0.0134998,136.447,0.848693,0.0
19.0883,0.0131357,135.796,0.851078,0.0
19.0956,0.0132786,135.396,0.860277,0.0
19.0965,0.0135437,135.947,0.836087,0.0
19.0846,0.0131157,135.246,0.843242,0.0
19.0797,0.0131962,135.947,0.848011,0.0
19.0757,0.0135024,136.113,0.840516,0.0
19.0938,0.0133765,135.763,0.835065,0.0
19.1022,0.0132174,134.579,0.840175,0.0
19.0779,0.0127616,137.448,0.849374,0.0
19.0821,0.013503,136.831,0.836768,0.0
19.1052,0.0137459,137.181,0.826206,0.0
19.087,0.0133619,135.596,0.860277,0.0
19.0824,0.0138152,136.214,0.858573,0.0
19.1077,0.0131931,135.863,0.870157,0.0
19.082,0.0132154,136.33,0.851078,0.0
19.078,0.0135168,135.096,0.835065,0.0
19.1176,0.0133702,136.914,0.851418,0.0
19.09,0.0132889,137.298,0.860958,0.0
19.0698,0.0134213,136.681,0.841197,0.0
19.0914,0.0132696,135.713,0.845626,0.0
19.1015,0.0132515,135.796,0.85687,0.0
19.0888,0.0134144,134.762,0.845626,0.0
19.0789,0.0133311,136.881,0.854485,0.0
19.0934,0.013437,136.23,0.835405,0.0
19.0917,0.0133657,136.614,0.844945,0.0
19.0933,0.0134824,135.613,0.835746,0.0
19.0856,0.0132037,135.93,0.835746,0.0
19.0851,0.0128333,136.214,0.853803,0.0
19.099,0.0129219,135.263,0.858914,0.0
19.0862,0.0131794,134.929,0.850056,0.0
19.072,0.0131128,137.348,0.858233,0.0
19.0977,0.0135656,135.196,0.869135,0.0
19.0832,0.0132265,134.862,0.83302,0.0
19.0722,0.0134464,135.897,0.856188,0.0
19.1018,0.0132798,135.913,0.839835,0.0
19.0947,0.0133391,136.163,0.848011,0.0
19.0712,0.0133457,136.314,0.857892,0.0
19.1037,0.0134195,137.214,0.835746,0.0
19.1222,0.0134848,135.013,0.841879,0.0
19.0835,0.0134577,136.28,0.853803,0.0
19.0825,0.0131865,137.364,0.846308,0.0
19.1197,0.0132444,135.263,0.845286,0.0
19.1264,0.0129923,136.881,0.83745,0.0
19.1071,0.0129588,135.546,0.844604,0.0
19.0955,0.0132692,136.063,0.846989,0.0
19.1046,0.0132775,136.897,0.855166,0.0
19.1073,0.0134564,135.646,0.826206,0.0
19.1145,0.0132526,139.233,0.843582,0.0
19.1226,0.0134259,134.829,0.846308,0.0
19.0988,0.0131764,136.147,0.872883,0.0
19.0838,0.0136506,136.48,0.844264,0.0
19.0913,0.0131927,135.013,0.865047,0.0
19.0755,0.0133859,136.43,0.848693,0.0
19.0704,0.0133143,135.563,0.843582,0.0
19.1106,0.0136144,135.997,0.856188,0.0
19.1226,0.0131308,135.83,0.857551,0.0
19.1018,0.0132566,137.431,0.841538,0.0
19.1052,0.0135284,136.097,0.8521,0.0
19.0964,0.0132308,136.58,0.845286,0.0
19.0709,0.0136329,136.047,0.857551,0.0
19.0716,0.0134373,136.28,0.835065,0.0
19.0827,0.0133412,136.33,0.820074,0.0
19.1009,0.013621,135.263,0.848352,0.0
19.1108,0.0136992,137.832,0.845967,0.0
19.0759,0.013056,136.731,0.844604,0.0
19.0536,0.0133187,136.697,0.838812,0.0
19.1024,0.013447,136.38,0.846649,0.0
19.1251,0.0134536,136.18,0.855848,0.0
19.104,0.0132642,135.663,0.850056,0.0
19.101,0.0131341,136.847,0.826206,0.0
19.1062,0.013326,135.096,0.836768,0.0
19.098,0.0132872,136.097,0.835065,0.0
19.1014,0.0132289,134.696,0.824503,0.0
19.0915,0.0133839,137.114,0.843582,0.0
19.0859,0.0134256,136.43,0.83268,0.0
19.109,0.0129828,137.281,0.831998,0.0
19.1087,0.0128519,135.763,0.836427,0.0
19.0918,0.0133026,135.346,0.834724,0.0
19.087,0.0131889,136.247,0.822118,0.0
19.0872,0.0137123,135.813,0.83779,0.0
19.1021,0.0130986,136.964,0.849374,0.0
19.118,0.0132521,135.079,0.844264,0.0
19.0944,0.0134698,136.647,0.85687,0.0
19.0899,0.0132425,136.931,0.846989,0.0
19.1049,0.0137923,136.947,0.856529,0.0
19.0908,0.0134531,136.23,0.84256,0.0
19.0838,0.0132763,136.464,0.853463,0.0
19.1011,0.0132038,135.78,0.843923,0.0
19.1032,0.0136003,135.079,0.851418,0.0
19.1025,0.01323,136.897,0.832339,0.0
19.1192,0.0130352,135.613,0.82314,0.0
19.1135,0.0132029,135.746,0.851078,0.0
19.0897,0.013654,136.264,0.840175,0.0
19.0957,0.0131782,134.362,0.85687,0.0
19.0986,0.013053,136.664,0.85687,0.0
19.1029,0.0136457,135.646,0.840175,0.0
19.1067,0.0132738,135.596,0.84733,0.0
19.0919,0.0137041,136.08,0.856188,0.0
19.0985,0.013412,136.781,0.858573,0.0
19.0942,0.0135095,135.43,0.86198,0.0
19.0849,0.0130676,134.896,0.845626,0.0
19.0994,0.0133093,136.897,0.834724,0.0
19.1062,0.0135529,135.663,0.866069,0.0
19.0877,0.0136611,136.247,0.86675,0.0
19.0813,0.0134392,137.298,0.857551,0.0
19.0982,0.013448,135.98,0.860617,0.0
19.1,0.0130334,136.731,0.850056,0.0
19.0927,0.0131654,137.031,0.838131,0.0
19.0977,0.0135011,135.646,0.855166,0.0
19.0899,0.0133045,136.514,0.838812,0.0
19.091,0.0133525,137.815,0.854144,0.0
19.103,0.0134446,137.465,0.83268,0.0
19.1011,0.0134584,135.346,0.827569,0.0
19.1034,0.0134666,137.164,0.844264,0.0
19.1107,0.0132882,137.665,0.84256,0.0
19.1016,0.0132547,135.48,0.821777,0.0
19.1093,0.0135193,137.364,0.857892,0.0
19.1236,0.0130908,137.364,0.872542,0.0
19.1139,0.0131122,136.647,0.857551,0.0
19.0839,0.0133017,135.546,0.858914,0.0
19.0702,0.0133076,137.781,0.854825,0.0
19.0991,0.0134517,135.313,0.853463,0.0
19.1014,0.0130824,136.18,0.823821,0.0
19.0825,0.0135211,137.998,0.848352,0.0
19.0989,0.0132324,136.881,0.849374,0.0
19.0983,0.0129868,135.68,0.85721,0.0
19.0717,0.0132346,136.547,0.877653,0.0
19.0897,0.0132282,137.431,0.856529,0.0
19.1166,0.0132529,136.547,0.846989,0.0
19.1095,0.0127462,135.897,0.828251,0.0
19.0897,0.0133604,136.147,0.84733,0.0
19.0843,0.0135743,136.764,0.866409,0.0
19.0818,0.0132584,135.596,0.840516,0.0
19.0889,0.0132567,136.397,0.849715,0.0
19.1014,0.0134962,136.747,0.843242,0.0
19.093,0.0131617,136.314,0.836427,0.0
19.0962,0.013183,135.013,0.832339,0.0
19.1055,0.0133467,135.863,0.864024,0.0
19.1095,0.0131211,137.765,0.862321,0.0
19.1221,0.0133716,136.447,0.841197,0.0
19.1186,0.0135815,135.179,0.837109,0.0
19.1167,0.0132206,136.113,0.849715,0.0
19.1201,0.0132408,136.847,0.845626,0.0
19.1036,0.0137275,136.047,0.854485,0.0
19.0765,0.0133479,135.897,0.835405,0.0
19.0821,0.0133827,135.329,0.83779,0.0
19.0961,0.0132625,136.614,0.868794,0.0
19.0936,0.0130591,134.495,0.866409,0.0
19.102,0.0133195,137.264,0.843582,0.0
19.1024,0.0137831,136.28,0.854485,0.0
19.0997,0.013464,135.563,0.822799,0.0
19.108,0.0131804,137.298,0.84733,0.0
19.0962,0.0135073,135.963,0.850737,0.0
19.0898,0.0131559,135.496,0.852441,0.0
19.0868,0.0133423,136.764,0.832339,0.0
19.0714,0.0130307,136.964,0.848352,0.0
19.0767,0.0131754,135.063,0.840857,0.0
19.1008,0.0130949,137.048,0.843242,0.0
19.1091,0.0131521,135.963,0.846649,0.0
19.0991,0.013341,135.746,0.848011,0.0
19.0978,0.0130725,137.281,0.840175,0.0
19.1052,0.0133178,136.03,0.861299,0.0
19.0942,0.0132246,135.663,0.829954,0.0
19.0952,0.0132751,137.314,0.848352,0.0
19.1159,0.0133765,136.247,0.854144,0.0
19.1101,0.0133943,137.364,0.856529,0.0
19.0982,0.013341,135.796,0.841879,0.0
19.1058,0.0135834,135.88,0.84256,0.0
19.1209,0.0134929,135.73,0.815985,0.0
19.1131,0.0132925,135.63,0.834043,0.0
19.0957,0.0133742,136.23,0.855507,0.0
19.0999,0.0134548,136.964,0.833361,0.0
19.1099,0.0129223,136.097,0.856188,0.0
19.0903,0.0131585,136.53,0.816667,0.0
19.0897,0.0132292,137.331,0.83302,0.0
19.1011,0.0135216,135.079,0.84256,0.0
19.0843,0.0133831,135.796,0.851759,0.0
19.0917,0.0132835,136.547,0.822118,0.0
19.0974,0.0132157,135.329,0.848693,0.0
19.0792,0.0136899,138.232,0.853463,0.0
19.0734,0.013428,135.763,0.851418,0.0
19.078,0.0134371,136.38,0.843923,0.0
19.087,0.0136533,137.615,0.834724,0.0
19.0957,0.0131559,135.863,0.86675,0.0
19.0882,0.0133844,135.296,0.835065,0.0
19.0908,0.012991,137.465,0.843242,0.0
19.0969,0.0131494,135.847,0.830295,0.0
19.0952,0.0133756,136.38,0.84256,0.0
19.1087,0.0131372,136.13,0.8521,0.0
19.1133,0.013586,136.947,0.843582,0.0
19.0936,0.0131951,135.73,0.833702,0.0
19.0886,0.0130967,135.63,0.836087,0.0
19.0998,0.0134373,135.413,0.834383,0.0
19.0863,0.0127915,135.863,0.845286,0.0
19.0936,0.0132929,137.481,0.824844,0.0
19.0991,0.0132285,134.846,0.856529,0.0
19.0908,0.0134067,138.132,0.851078,0.0
19.1004,0.0138572,135.98,0.840175,0.0
19.1041,0.0133984,136.43,0.851078,0.0
19.122,0.0129336,135.096,0.840175,0.0
19.1302,0.0132464,136.831,0.832339,0.0
19.0927,0.0135541,136.48,0.835746,0.0
19.0752,0.0135433,136.08,0.848011,0.0
19.1024,0.0132955,136.631,0.850737,0.0
19.1056,0.0132233,136.597,0.844945,0.0
19.0889,0.0131977,135.73,0.836768,0.0
19.0881,0.013112,137.581,0.83268,0.0
19.104,0.0134,136.397,0.84256,0.0
19.0858,0.0132493,135.613,0.858573,0.0
19.0626,0.0134586,135.596,0.853463,0.0
19.0869,0.0133304,136.28,0.865728,0.0
19.0957,0.0133346,136.53,0.8521,0.0
19.0766,0.013648,137.064,0.853122,0.0
19.1011,0.0135596,136.464,0.848352,0.0
19.1173,0.0135725,135.013,0.828932,0.0
19.0963,0.0130378,137.214,0.84733,0.0
19.088,0.0132254,135.446,0.841197,0.0
19.0982,0.0131621,138.582,0.868113,0.0
19.0911,0.0131007,135.513,0.88106,0.0
19.0957,0.0128771,137.164,0.858914,0.0
19.1122,0.0130534,135.78,0.858233,0.0
19.0945,0.0133812,135.496,0.840857,0.0
19.0925,0.0130945,136.147,0.854485,0.0
19.1119,0.0130827,136.697,0.835746,0.0
19.1069,0.0131857,136.197,0.831317,0.0
19.0912,0.0131025,134.879,0.843582,0.0
19.0875,0.0133025,136.43,0.864365,0.0
19.0884,0.0134226,136.38,0.842219,0.0
19.0815,0.0132005,136.664,0.859255,0.0
19.0851,0.013328,135.997,0.84256,0.0
19.0804,0.013428,136.947,0.841197,0.0
19.0967,0.0133399,135.83,0.84256,0.0
19.1248,0.0133682,136.33,0.845286,0.0
19.0937,0.0133874,136.247,0.855507,0.0
19.0859,0.0134678,137.214,0.831998,0.0
19.1046,0.0133985,136.664,0.846308,0.0
19.0863,0.0134994,136.664,0.843242,0.0
19.0749,0.0132979,136.08,0.853803,0.0
19.0685,0.0132966,136.013,0.839494,0.0
19.0685,0.0132211,135.83,0.846649,0.0
19.0971,0.0132261,137.148,0.835746,0.0
19.1054,0.0134632,136.731,0.875949,0.0
19.0937,0.0135807,137.048,0.836768,0.0
19.0978,0.0130624,136.38,0.815304,0.0
19.1041,0.0131788,137.214,0.853803,0.0
19.1033,0.0134421,136.264,0.842219,0.0
19.0818,0.0134992,135.163,0.840175,0.0
19.0726,0.0136689,135.696,0.853122,0.0
19.096,0.0133496,134.629,0.842219,0.0
19.1026,0.013339,137.781,0.849374,0.0
19.0853,0.0133982,137.048,0.841538,0.0
19.081,0.013161,135.813,0.863002,0.0
19.0879,0.0133671,138.082,0.836427,0.0
19.0843,0.0133787,136.163,0.835405,0.0
19.082,0.0133184,136.714,0.841197,0.0
19.0986,0.0136704,136.33,0.842901,0.0
19.1024,0.0133338,136.631,0.866409,0.0
19.0926,0.0128577,136.731,0.857892,0.0
19.0962,0.0133631,136.931,0.825184,0.0
19.0852,0.0133169,135.813,0.846649,0.0
19.0792,0.0131932,136.03,0.855166,0.0
19.082,0.0133508,135.396,0.841538,0.0
19.1024,0.0132694,136.414,0.838812,0.0
19.1138,0.0129435,136.497,0.854825,0.0
19.0969,0.0133817,135.463,0.842901,0.0
19.0835,0.0134145,136.514,0.849034,0.0
19.1046,0.0130081,136.731,0.852441,0.0
19.1038,0.012996,136.464,0.859936,0.0
19.0792,0.0132996,135.796,0.863684,0.0
19.1047,0.0132475,135.763,0.817689,0.0
19.1127,0.0133136,135.847,0.869476,0.0
19.084,0.0131099,136.897,0.840857,0.0
19.0906,0.0132805,136.947,0.869476,0.0
19.0898,0.0131478,135.179,0.847671,0.0
19.0638,0.0132373,135.396,0.840857,0.0
19.0784,0.0135322,136.547,0.846308,0.0
19.0977,0.0132507,136.03,0.845967,0.0
19.0804,0.0130489,136.23,0.839835,0.0
19.0763,0.0136254,135.58,0.828591,0.0
19.0776,0.0132055,135.596,0.851078,0.0
19.088,0.0137222,136.48,0.874927,0.0
19.1125,0.0130966,136.964,0.835065,0.0
19.0951,0.0132944,136.18,0.86198,0.0
19.082,0.0131478,136.163,0.827569,0.0
19.102,0.0133026,136.914,0.843923,0.0
19.0943,0.0135405,136.964,0.864365,0.0
19.0899,0.013243,136.38,0.836768,0.0
19.1249,0.0132498,134.762,0.847671,0.0
19.1097,0.0132855,135.78,0.86164,0.0
19.0876,0.0134092,135.296,0.814622,0.0
19.1042,0.0134213,137.431,0.848011,0.0
19.0828,0.0132234,134.529,0.851759,0.0
19.0845,0.0134655,138.332,0.82791,0.0
19.1292,0.0135506,136.847,0.851078,0.0
19.1054,0.0133916,134.979,0.830295,0.0
19.0619,0.0133332,136.197,0.851078,0.0
19.0848,0.0137303,135.379,0.815304,0.0
19.0947,0.013434,135.563,0.850396,0.0
19.0752,0.0133469,137.698,0.870157,0.0
19.0831,0.0130718,135.763,0.834383,0.0
19.0953,0.0134842,136.43,0.829954,0.0
19.0919,0.0134076,135.563,0.862662,0.0
19.0997,0.0135468,135.947,0.845626,0.0
19.111,0.0134702,134.128,0.83268,0.0
19.1,0.0134017,136.647,0.85687,0.0
19.0874,0.0132715,136.43,0.846308,0.0
19.0946,0.0133995,136.747,0.845286,0.0
19.1085,0.0133709,134.746,0.86675,0.0
19.0879,0.0135121,135.93,0.87152,0.0
19.0777,0.0132803,137.481,0.849715,0.0
19.1071,0.0129147,136.43,0.851078,0.0
19.1105,0.0132133,136.897,0.84256,0.0
19.0977,0.0131827,137.248,0.860617,0.0
19.0931,0.0134033,136.58,0.876631,0.0
19.1009,0.0133855,135.68,0.860277,0.0
19.1023,0.0132131,136.197,0.843582,0.0
19.0988,0.0132804,136.33,0.866409,0.0
19.0911,0.0130062,136.614,0.848011,0.0
19.0792,0.0131299,137.198,0.853463,0.0
19.1002,0.013074,136.681,0.845626,0.0
19.1171,0.013277,135.73,0.863684,0.0
19.1108,0.0132543,135.796,0.841538,0.0
19.1023,0.0131267,137.031,0.847671,0.0
19.0929,0.01378,136.063,0.854144,0.0
19.1015,0.0132414,137.248,0.834383,0.0
19.1082,0.0132704,135.88,0.846308,0.0
19.0941,0.0136281,136.214,0.839835,0.0
19.0918,0.013599,136.964,0.840175,0.0
19.0968,0.0130331,136.564,0.84256,0.0
19.0982,0.01337,135.446,0.837109,0.0
19.12,0.0133009,135.53,0.843242,0.0
19.1225,0.0133574,137.448,0.856188,0.0
19.0874,0.0134491,136.514,0.843582,0.0
19.0791,0.01284,136.347,0.851418,0.0
19.0972,0.0132291,135.646,0.831998,0.0
19.0952,0.0134346,136.597,0.854825,0.0
19.0851,0.0134256,136.947,0.866409,0.0
19.0913,0.0130718,135.546,0.835065,0.0
19.1021,0.0133785,136.397,0.83779,0.0
19.1022,0.0134631,135.863,0.828591,0.0
19.1013,0.0135882,137.498,0.854485,0.0
19.1197,0.0129593,136.43,0.854485,0.0
19.1069,0.0134481,136.58,0.848352,0.0
19.0844,0.0136179,136.514,0.83268,0.0
19.1188,0.0131238,136.947,0.853122,0.0
19.1265,0.0132007,136.547,0.834043,0.0
19.0791,0.0131741,136.08,0.884126,0.0
19.0829,0.0135086,135.063,0.836087,0.0
19.1121,0.0132161,136.264,0.849034,0.0
19.1033,0.0133906,136.497,0.862321,0.0
19.099,0.0131273,135.146,0.858914,0.0
19.0851,0.0131507,135.463,0.838812,0.0
19.0832,0.0128524,137.114,0.877993,0.0
19.1179,0.0129281,135.48,0.846308,0.0
19.1159,0.0132254,136.564,0.844945,0.0
19.0894,0.0132777,137.048,0.837109,0.0
19.0946,0.0133876,136.364,0.860617,0.0
19.0986,0.0137495,137.832,0.859255,0.0
19.0803,0.0132972,134.912,0.871861,0.0
19.0731,0.013434,134.796,0.843923,0.0
19.0927,0.012959,135.063,0.842219,0.0
19.1016,0.0131705,136.597,0.843242,0.0
19.1013,0.0128493,136.58,0.848693,0.0
19.1058,0.0130181,135.78,0.848352,0.0
19.1091,0.0132671,135.963,0.83268,0.0
19.0975,0.0133278,136.163,0.830636,0.0
19.0938,0.0130261,136.214,0.843923,0.0
19.1127,0.0134986,135.329,0.826888,0.0
19.106,0.0133911,135.813,0.835405,0.0
19.0943,0.0133471,135.863,0.847671,0.0
19.1042,0.0136935,136.53,0.831658,0.0
19.1159,0.0134607,136.847,0.854144,0.0
19.1144,0.0136068,135.046,0.828591,0.0
19.1016,0.0135511,137.131,0.865047,0.0
19.0973,0.0135321,136.347,0.856529,0.0
19.1043,0.0130658,137.098,0.863684,0.0
19.1051,0.0132588,136.631,0.850737,0.0
19.0717,0.0131996,136.597,0.825525,0.0
19.0667,0.0133166,135.963,0.864365,0.0
19.0731,0.0132968,135.83,0.8521,0.0
19.0645,0.0130497,135.713,0.841879,0.0
19.0907,0.0132304,136.364,0.836427,0.0
19.1005,0.01322,136.18,0.863002,0.0
19.1024,0.0131499,136.414,0.848011,0.0
19.1093,0.0135343,136.247,0.851078,0.0
19.0862,0.0136183,135.396,0.847671,0.0
19.0979,0.0130999,135.897,0.860958,0.0
19.1186,0.0135153,136.214,0.848352,0.0
19.0865,0.0133751,135.196,0.840857,0.0
19.068,0.0131581,137.048,0.83268,0.0
19.0919,0.0136868,135.146,0.83268,0.0
19.1019,0.0136148,136.264,0.830976,0.0
19.0911,0.0134944,135.546,0.842901,0.0
19.0963,0.0130544,134.962,0.841197,0.0
19.1081,0.0134988,137.431,0.855507,0.0
19.0925,0.0132137,135.413,0.850396,0.0
19.0788,0.0131416,135.73,0.838131,0.0
19.0792,0.0133847,135.463,0.823821,0.0
19.096,0.0133761,136.28,0.845967,0.0
19.0987,0.0132711,135.796,0.819392,0.0
19.0923,0.0133476,138.415,0.842901,0.0
19.1063,0.0131833,137.098,0.861299,0.0
19.094,0.0127976,136.831,0.863002,0.0
19.0744,0.013391,135.296,0.828591,0.0
19.09,0.0136749,137.181,0.843582,0.0
19.1191,0.0132252,136.13,0.831658,0.0
19.1075,0.0133699,134.762,0.825184,0.0
19.086,0.0132799,136.647,0.845286,0.0
19.0859,0.0135747,136.43,0.862321,0.0
19.0746,0.0133731,135.463,0.83268,0.0
19.0716,0.013259,135.73,0.836427,0.0
19.0855,0.0135679,134.445,0.858233,0.0
19.089,0.0135129,137.465,0.850737,0.0
19.1005,0.0133813,134.579,0.843923,0.0
19.0993,0.0135408,136.497,0.818029,0.0
19.0784,0.0137914,136.897,0.849374,0.0
19.0813,0.0133435,135.947,0.841197,0.0
19.1113,0.0135434,135.263,0.8521,0.0
19.1098,0.0130864,137.014,0.846649,0.0
19.0793,0.0132178,135.646,0.841197,0.0
19.082,0.0136511,137.631,0.830976,0.0
19.0891,0.0131008,136.714,0.847671,0.0
19.0799,0.0132212,136.414,0.828932,0.0
19.1085,0.0134694,136.58,0.849034,0.0
19.1281,0.0132076,136.214,0.825866,0.0
19.0931,0.0131997,137.098,0.836768,0.0
19.0877,0.0133206,135.796,0.858573,0.0
19.1155,0.0133086,138.966,0.850737,0.0
19.1099,0.0134155,136.063,0.852441,0.0
19.092,0.0132965,137.248,0.854825,0.0
19.0926,0.0132683,135.329,0.839494,0.0
19.1027,0.0128151,135.329,0.846308,0.0
19.0991,0.0132785,136.881,0.843923,0.0
19.0966,0.0133774,137.131,0.831317,0.0
19.0959,0.0133953,135.746,0.854485,0.0
19.0915,0.0133237,136.981,0.853803,0.0
19.1028,0.0135775,136.631,0.843242,0.0
19.1155,0.0134733,136.547,0.834043,0.0
19.0951,0.0134303,136.597,0.867432,0.0
19.0853,0.0134854,135.513,0.858233,0.0
19.0974,0.0132959,136.28,0.860958,0.0
19.1037,0.0135427,135.029,0.843582,0.0
19.0875,0.0136427,134.395,0.830636,0.0
19.0634,0.0131554,137.031,0.845626,0.0
19.0721,0.0135246,136.397,0.843242,0.0
19.1007,0.013426,136.163,0.845286,0.0
19.1001,0.0134318,137.615,0.867432,0.0
19.0864,0.0134969,135.863,0.849034,0.0
19.0903,0.0136421,136.464,0.850737,0.0
19.0838,0.0136238,134.862,0.843242,0.0
19.0729,0.0131623,137.865,0.843923,0.0
19.0957,0.0131667,134.896,0.851078,0.0
19.1099,0.0130982,135.496,0.83745,0.0
19.0874,0.0134353,136.38,0.853803,0.0
19.076,0.0129958,136.597,0.828932,0.0
19.1096,0.0133447,136.964,0.828591,0.0
19.1118,0.0136084,135.796,0.844264,0.0
19.0919,0.013148,136.364,0.834724,0.0
19.0985,0.0130771,135.88,0.843242,0.0
19.099,0.0133075,135.913,0.870157,0.0
19.0882,0.013117,136.747,0.838472,0.0
19.0784,0.0134065,136.097,0.858573,0.0
19.0942,0.0138796,136.981,0.858914,0.0
19.0963,0.0136027,134.796,0.827569,0.0
19.0693,0.0130469,136.397,0.845626,0.0
19.0839,0.0132728,134.796,0.839153,0.0
19.0985,0.0131597,136.364,0.842219,0.0
19.0961,0.0135436,136.247,0.864706,0.0
19.1131,0.0133042,136.931,0.822118,0.0
19.1104,0.0135233,135.213,0.853122,0.0
19.0889,0.0135513,136.564,0.872542,0.0
19.0827,0.0136524,137.665,0.867091,0.0
19.0688,0.0134845,138.899,0.852781,0.0
19.0859,0.0132532,136.897,0.870498,0.0
19.1033,0.0135597,135.897,0.838812,0.0
19.1015,0.0135667,136.047,0.856529,0.0
19.0978,0.0135742,136.747,0.825866,0.0
19.0782,0.0129004,137.314,0.851759,0.0
19.093,0.013135,136.23,0.842901,0.0
19.1131,0.0133524,135.296,0.835065,0.0
19.0918,0.0136098,136.097,0.857892,0.0
19.0976,0.013418,135.379,0.83745,0.0
19.1107,0.0133762,136.714,0.846308,0.0
19.0916,0.0133655,137.031,0.840175,0.0
19.0935,0.0135156,135.98,0.83268,0.0
19.109,0.013412,135.213,0.840857,0.0
19.081,0.0132571,135.496,0.848693,0.0
19.0737,0.0133224,137.965,0.863343,0.0
19.1123,0.0136147,136.23,0.857551,0.0
19.1118,0.0131968,135.363,0.836427,0.0
19.1011,0.0132815,136.747,0.840857,0.0
19.1168,0.0135215,136.43,0.847671,0.0
19.1019,0.0133771,135.379,0.85687,0.0
19.0808,0.013382,134.462,0.858914,0.0
19.0946,0.0131567,136.897,0.874246,0.0
19.1028,0.0131261,134.796,0.848693,0.0
19.093,0.013331,136.23,0.831317,0.0
19.0982,0.0130698,138.282,0.849034,0.0
19.1093,0.0134146,134.812,0.844945,0.0
19.1107,0.0134325,135.93,0.854144,0.0
19.1099,0.013291,135.079,0.858573,0.0
19.0945,0.0135669,135.496,0.843923,0.0
19.0873,0.0136648,135.73,0.834383,0.0
19.0907,0.0136071,135.847,0.866069,0.0
19.097,0.0134205,135.83,0.860277,0.0
19.0923,0.0132142,135.613,0.843582,0.0
19.0898,0.0132511,137.081,0.837109,0.0
19.0953,0.0132924,134.896,0.827569,0.0
19.1116,0.0129157,137.064,0.865047,0.0
19.1248,0.0132988,136.197,0.844945,0.0
19.1101,0.0134256,137.348,0.844604,0.0
19.0944,0.0131903,136.48,0.840175,0.0
19.0829,0.0131588,134.746,0.848352,0.0
19.085,0.0132295,135.68,0.85721,0.0
19.0829,0.0132434,135.713,0.836768,0.0
19.0598,0.0132268,136.964,0.845967,0.0
19.0733,0.0134284,135.83,0.853463,0.0
19.0991,0.0136605,137.798,0.824503,0.0
19.0849,0.0135127,136.13,0.838812,0.0
19.0876,0.0132684,137.481,0.836087,0.0
19.099,0.0130604,136.247,0.845626,0.0
19.0873,0.0130127,135.379,0.848352,0.0
19.0918,0.0129275,135.913,0.842219,0.0
19.1159,0.0131803,135.496,0.840175,0.0
19.1075,0.0129306,136.547,0.838131,0.0
19.1001,0.0132042,136.497,0.844604,0.0
19.1115,0.0133463,136.464,0.872201,0.0
19.0889,0.0134048,135.146,0.845967,0.0
19.074,0.0134018,136.564,0.838131,0.0
19.0785,0.0134078,136.163,0.844604,0.0
19.0935,0.0131422,135.029,0.858914,0.0
19.1161,0.0131734,135.196,0.838131,0.0
19.0879,0.0133204,137.064,0.829613,0.0
19.0758,0.0134362,134.962,0.852441,0.0
19.0937,0.0134362,136.063,0.834043,0.0
19.1047,0.0135101,136.03,0.834043,0.0
19.1036,0.0133644,137.865,0.860617,0.0
19.0962,0.0134895,136.497,0.839494,0.0
19.0976,0.0132379,135.396,0.840857,0.0
19.1036,0.0136548,136.947,0.823821,0.0
19.1065,0.013282,135.646,0.83779,0.0
19.0899,0.0135919,136.097,0.842901,0.0
19.098,0.0135777,135.93,0.825184,0.0
19.0999,0.0132834,135.413,0.85687,0.0
19.0823,0.012924,137.398,0.860277,0.0
19.0991,0.0132147,135.463,0.847671,0.0
19.1057,0.0130921,135.863,0.847671,0.0
19.0813,0.0129865,135.43,0.85687,0.0
19.0699,0.0134414,136.847,0.858233,0.0
19.0964,0.0132056,136.08,0.853463,0.0
19.114,0.0134476,134.912,0.846989,0.0
19.0951,0.0134387,137.114,0.843242,0.0
19.0779,0.0130462,136.847,0.828251,0.0
19.0991,0.0134054,135.329,0.850737,0.0
19.1087,0.0132325,136.38,0.861299,0.0
19.1029,0.013278,135.997,0.830636,0.0
19.093,0.0134627,137.314,0.840857,0.0
19.0981,0.0135587,135.963,0.840516,0.0
19.1093,0.0132862,136.163,0.823821,0.0
19.1043,0.0135129,137.615,0.858233,0.0
19.1196,0.0135112,136.48,0.842219,0.0
19.1074,0.0133571,135.997,0.852781,0.0
19.0848,0.0133406,136.697,0.845967,0.0
19.1037,0.01341,136.497,0.858233,0.0
19.1032,0.0131143,136.147,0.851078,0.0
19.0967,0.0132638,137.181,0.808149,0.0
19.1074,0.0133731,137.815,0.845626,0.0
19.1226,0.0134901,137.231,0.851078,0.0
19.1122,0.0134684,136.964,0.848352,0.0
19.0947,0.0134035,137.465,0.851418,0.0
19.0983,0.0131389,137.031,0.842901,0.0
19.1075,0.0137803,136.03,0.855166,0.0
19.1088,0.0133271,135.379,0.855166,0.0
19.0981,0.0130207,135.096,0.829954,0.0
19.0781,0.0131686,136.53,0.821777,0.0
19.0813,0.0136378,137.081,0.856188,0.0
19.0935,0.0130459,136.23,0.828591,0.0
19.0749,0.0133244,136.214,0.840857,0.0
19.0764,0.0138651,137.898,0.850737,0.0
19.0969,0.0136032,135.646,0.844604,0.0
19.0911,0.0135822,136.981,0.829613,0.0
19.0992,0.0131257,137.114,0.846989,0.0
19.1053,0.0134538,135.496,0.846989,0.0
19.0958,0.0128754,136.13,0.843242,0.0
19.1088,0.0135726,137.081,0.846989,0.0
19.1126,0.0135557,136.847,0.833361,0.0
19.0941,0.0135541,135.88,0.838131,0.0
19.1033,0.0138068,135.313,0.824844,0.0
19.108,0.0137842,135.146,0.831998,0.0
19.0923,0.01347,136.797,0.846308,0.0
19.0837,0.0133345,135.496,0.841197,0.0
19.0908,0.013169,136.497,0.815645,0.0
19.1129,0.0131395,137.998,0.836087,0.0
19.099,0.013417,134.429,0.840516,0.0
19.0727,0.0135526,136.864,0.856529,0.0
19.104,0.0134427,135.263,0.83745,0.0
19.1215,0.0136922,135.897,0.858233,0.0
19.0849,0.0135479,136.58,0.828932,0.0
19.0904,0.0132109,135.329,0.827228,0.0
19.1028,0.013355,135.029,0.835065,0.0
19.0925,0.0134446,134.646,0.864024,0.0
19.1005,0.0135132,137.298,0.823821,0.0
19.113,0.0135315,136.614,0.831998,0.0
19.1061,0.0136002,136.681,0.839153,0.0
19.1112,0.0132602,136.53,0.838472,0.0
19.1247,0.0135138,136.38,0.846649,0.0
19.1159,0.0132041,137.064,0.864706,0.0
19.0932,0.0132017,136.631,0.843582,0.0
19.1044,0.0136548,137.331,0.840857,0.0
19.12,0.0132165,137.815,0.827569,0.0
19.0901,0.0130386,136.03,0.855848,0.0
19.0681,0.0131777,136.03,0.842901,0.0
19.0629,0.0133913,135.413,0.836768,0.0
19.0688,0.0135454,136.897,0.851078,0.0
19.09,0.0129475,135.98,0.834043,0.0
19.0925,0.012975,135.663,0.851759,0.0
19.0938,0.013383,135.847,0.814622,0.0
19.0946,0.0136597,137.114,0.845626,0.0
19.0955,0.0132376,136.047,0.849374,0.0
19.1014,0.0134936,134.946,0.875608,0.0
19.0941,0.0131251,136.764,0.836087,0.0
19.0823,0.0135258,137.865,0.858573,0.0
19.0756,0.0133087,135.746,0.834043,0.0
19.0824,0.0134405,137.415,0.851759,0.0
19.0769,0.0134206,136.113,0.842219,0.0
19.0741,0.0131755,136.447,0.861299,0.0
19.1141,0.013359,135.346,0.823481,0.0
19.1124,0.0134984,136.264,0.854144,0.0
19.0922,0.0131135,137.465,0.85687,0.0
19.0986,0.0135503,136.647,0.853122,0.0
19.0984,0.0133546,134.462,0.867091,0.0
19.1027,0.0136174,135.463,0.853122,0.0
19.0921,0.0132561,136.097,0.849034,0.0
19.0926,0.0129792,136.097,0.843242,0.0
19.0944,0.0134025,136.38,0.841197,0.0
19.0734,0.0133759,135.813,0.84256,0.0
19.0702,0.013424,136.897,0.843923,0.0
19.0792,0.0133988,136.28,0.855848,0.0
19.084,0.0132369,135.296,0.830636,0.0
19.09,0.0136201,136.614,0.838131,0.0
19.0954,0.0133475,136.113,0.86675,0.0
19.0832,0.0132351,134.562,0.836087,0.0
19.0902,0.0133291,136.631,0.884467,0.0
19.1233,0.0134693,138.165,0.858573,0.0
19.1022,0.0132381,136.43,0.858233,0.0
19.0723,0.0132903,136.53,0.847671,0.0
19.0986,0.0132037,135.613,0.831658,0.0
19.1101,0.013323,135.663,0.858233,0.0
19.1075,0.0133407,135.746,0.860617,0.0
19.1065,0.0132493,137.198,0.85687,0.0
19.1085,0.0132896,135.563,0.833702,0.0
19.1146,0.0131745,135.796,0.849374,0.0
19.1089,0.0133649,137.598,0.835405,0.0
19.0899,0.0132063,135.363,0.85687,0.0
19.093,0.0134425,137.765,0.825866,0.0
19.1045,0.0133751,137.231,0.824503,0.0
19.0922,0.0131161,135.379,0.807808,0.0
19.088,0.0134242,137.364,0.857551,0.0
19.0762,0.0135891,136.163,0.839835,0.0
19.0674,0.0133506,136.764,0.844264,0.0
19.1103,0.0134506,136.38,0.849374,0.0
19.1158,0.0135513,135.696,0.869476,0.0
19.0794,0.0135704,136.397,0.828591,0.0
19.105,0.0133049,136.814,0.845967,0.0
19.114,0.013457,135.997,0.862321,0.0
19.0896,0.0134581,136.781,0.848693,0.0
19.0903,0.0135473,135.947,0.839494,0.0
19.0882,0.0137577,136.914,0.831998,0.0
19.0987,0.0131675,135.713,0.845967,0.0
19.0917,0.0136347,136.414,0.838812,0.0
19.0791,0.013213,135.713,0.863002,0.0
19.0962,0.0134038,136.063,0.835405,0.0
19.1029,0.0132636,135.513,0.830976,0.0
19.0997,0.013032,136.364,0.866069,0.0
19.1038,0.0137309,137.131,0.837109,0.0
19.098,0.013813,135.63,0.841197,0.0
19.1211,0.0135403,136.697,0.866409,0.0
19.1357,0.0133159,136.264,0.836427,0.0
19.0998,0.0134483,135.73,0.844264,0.0
19.0943,0.0130658,135.963,0.860958,0.0
19.108,0.0131034,136.33,0.817689,0.0
19.0991,0.0130164,136.731,0.85687,0.0
19.106,0.0134655,135.88,0.840175,0.0
19.1088,0.0131482,134.429,0.820074,0.0
19.0971,0.0132141,135.646,0.838131,0.0
19.0888,0.0131432,136.264,0.849374,0.0
19.0936,0.0135385,135.179,0.849374,0.0
19.09,0.0132954,136.48,0.837109,0.0
19.0822,0.0132634,135.963,0.834043,0.0
19.092,0.0132052,137.364,0.852441,0.0
19.1022,0.0136814,137.431,0.853463,0.0
19.0931,0.0133211,134.495,0.826547,0.0
19.0896,0.0133687,137.048,0.841538,0.0
19.0854,0.0132528,136.43,0.841197,0.0
19.3457,0.0146544,136.781,0.855507,0.0
24.434,0.0677949,143.386,0.864706,0.0
42.3544,0.132346,151.893,0.940001,0.0
57.8432,0.0623141,177.848,0.904568,0.0
55.3892,0.0638491,165.254,0.892644,0.0
50.8896,0.0409563,164.22,0.882422,0.0
50.7521,0.0408286,165.688,0.892303,0.0
48.2129,0.0458145,167.039,0.876631,0.0
45.9813,0.0379951,168.924,0.888896,0.0
45.3581,0.0349272,172.093,0.875268,0.0
44.1108,0.0387569,170.776,0.863343,0.0
43.0106,0.0433732,170.359,0.873564,0.0
42.2766,0.0451444,170.976,0.846308,0.0
41.3159,0.0436942,172.177,0.88106,0.0
40.4338,0.0440707,170.742,0.855507,0.0
39.5885,0.0472273,169.341,0.846989,0.0
38.6649,0.0488194,171.326,0.873905,0.0
37.7594,0.0480187,167.056,0.862662,0.0
36.8981,0.0480652,171.726,0.866409,0.0
36.1479,0.0488126,166.472,0.865387,0.0
35.4339,0.0484439,165.988,0.854144,0.0
34.7374,0.0478315,167.54,0.858914,0.0
34.1173,0.0463572,166.622,0.864024,0.0
33.5432,0.0447953,164.254,0.86198,0.0
32.9694,0.0431327,164.754,0.863684,0.0
32.4442,0.0411256,164.587,0.865387,0.0
31.9542,0.0393172,164.137,0.845286,0.0
31.4684,0.0387523,163.736,0.888214,0.0
31.0583,0.0396336,163.87,0.867091,0.0
30.7034,0.039269,162.269,0.858573,0.0
30.288,0.0382695,163.203,0.871179,0.0
29.8923,0.0370684,161.468,0.859595,0.0
29.5238,0.0368208,158.549,0.872883,0.0
29.1906,0.0365248,161.201,0.86164,0.0
28.9207,0.036738,161.101,0.853463,0.0
28.5839,0.0361523,158.365,0.875268,0.0
28.2153,0.0343575,158.082,0.851759,0.0
27.9115,0.0327459,155.63,0.863343,0.0
27.6157,0.0314803,157.398,0.866069,0.0
27.3349,0.0301281,156.997,0.843242,0.0
27.0618,0.0294818,155.847,0.870157,0.0
26.8006,0.0288208,156.847,0.866409,0.0
26.5614,0.0273642,154.212,0.851418,0.0
26.3121,0.0253734,156.264,0.893325,0.0
26.0943,0.0248517,155.796,0.86198,0.0
25.9075,0.0252779,153.795,0.867772,0.0
25.7224,0.0247084,155.396,0.860277,0.0
25.5487,0.0236008,153.511,0.848352,0.0
25.3559,0.0239655,152.961,0.865387,0.0
25.1816,0.0237864,153.728,0.845967,0.0
25.0291,0.022374,151.326,0.847671,0.0
24.8198,0.0217587,152.427,0.86198,0.0
24.6278,0.0213487,151.143,0.865387,0.0
24.5107,0.0209765,152.477,0.867432,0.0
24.3719,0.0206611,151.593,0.869476,0.0
24.2095,0.0198412,150.325,0.865728,0.0
24.0648,0.0196259,151.326,0.864706,0.0
23.9115,0.0196579,150.826,0.860617,0.0
23.778,0.0189752,150.108,0.843923,0.0
23.6472,0.0190764,148.874,0.855507,0.0
23.4791,0.0190815,150.292,0.884467,0.0
23.3256,0.0185834,148.49,0.842901,0.0
23.2072,0.0190237,148.807,0.852781,0.0
23.1147,0.0187197,149.274,0.852781,0.0
23.0336,0.0185578,148.14,0.855166,0.0
22.9253,0.0185259,147.289,0.849034,0.0
22.7973,0.0183081,145.938,0.853122,0.0
22.6918,0.018571,146.689,0.855848,0.0
22.5995,0.018695,147.339,0.836087,0.0
22.5027,0.01865,147.54,0.84733,0.0
22.387,0.0177432,145.505,0.830295,0.0
22.2986,0.018202,146.772,0.872883,0.0
22.245,0.0181642,146.589,0.865047,0.0
22.1507,0.0175946,147.206,0.836768,0.0
22.0461,0.0175151,145.221,0.851078,0.0
21.9777,0.0176365,146.572,0.866069,0.0
21.9156,0.0175207,144.754,0.850056,0.0
21.8087,0.0171318,144.721,0.843582,0.0
21.7205,0.0166791,145.371,0.849715,0.0
21.6755,0.0165683,144.204,0.840857,0.0
21.5842,0.0164347,143.953,0.850056,0.0
21.5051,0.0160719,144.987,0.844264,0.0
21.4409,0.0158489,143.053,0.856188,0.0
21.3443,0.0158156,143.887,0.849715,0.0
21.2922,0.016057,142.936,0.854144,0.0
21.2487,0.016014,142.452,0.849374,0.0
21.1939,0.0154875,143.286,0.840175,0.0
21.1358,0.0155206,142.052,0.869476,0.0
21.0759,0.0153743,141.184,0.849374,0.0
21.0461,0.0155023,143.82,0.85687,0.0
21.0336,0.0153599,140.934,0.846989,0.0
21.0054,0.015919,143.253,0.851418,0.0
20.9677,0.0156896,143.987,0.852441,0.0
20.9277,0.0156603,142.085,0.83745,0.0
20.8643,0.0153269,140.834,0.835746,0.0
20.8205,0.0153893,141.485,0.844945,0.0
20.7992,0.0155404,143.369,0.836087,0.0
20.7562,0.015398,141.051,0.841879,0.0
20.688,0.0154877,141.935,0.834383,0.0
20.6659,0.0151567,142.786,0.847671,0.0
20.6422,0.0149323,141.334,0.853122,0.0
20.5768,0.0151167,141.184,0.869816,0.0
20.5329,0.0150335,140.284,0.851078,0.0
20.5045,0.0150759,140.651,0.842901,0.0
20.4498,0.0145657,141.518,0.829273,0.0
20.4026,0.0141985,140.884,0.846989,0.0
20.3831,0.0144189,141.835,0.852781,0.0
20.3513,0.0145531,140.067,0.85687,0.0
20.2949,0.0142283,138.982,0.86164,0.0
20.2692,0.0141177,142.652,0.873223,0.0
20.2514,0.014436,139.283,0.868794,0.0
20.2055,0.0142907,140.651,0.849715,0.0
20.1784,0.0144447,140.851,0.854485,0.0
20.1778,0.0140775,140.3,0.870498,0.0
20.1537,0.0139956,141.401,0.860277,0.0
20.1127,0.0138189,137.915,0.842219,0.0
20.0895,0.014303,141.118,0.837109,0.0
20.081,0.0142624,140.284,0.834043,0.0
20.0338,0.0141794,138.749,0.844264,0.0
20.0067,0.014177,139.683,0.848352,0.0
20.0093,0.0141021,138.882,0.858914,0.0
19.9804,0.0141025,138.565,0.845967,0.0
19.9587,0.0141858,138.232,0.854485,0.0
19.9554,0.014147,139.133,0.84733,0.0
19.9156,0.0137386,139.5,0.851759,0.0
19.8895,0.0138736,140.55,0.845286,0.0
19.9032,0.0134676,138.849,0.845286,0.0
19.9006,0.0143602,138.899,0.831998,0.0
19.8528,0.0140892,139.967,0.860617,0.0
19.7953,0.0139985,138.949,0.851078,0.0
19.7704,0.0141848,137.915,0.854144,0.0
19.7427,0.0141658,137.181,0.8521,0.0
19.699,0.0139438,138.749,0.849715,0.0
19.6767,0.013898,136.914,0.847671,0.0
19.6436,0.0140283,138.515,0.857551,0.0
19.6014,0.0139264,136.597,0.835065,0.0
19.5963,0.0142414,138.282,0.882422,0.0
19.5889,0.0141926,139.216,0.866409,0.0
19.5472,0.014089,138.432,0.841879,0.0
19.5125,0.0138629,137.765,0.83302,0.0
19.4668,0.0132257,139.199,0.851078,0.0
19.4175,0.0134429,137.398,0.852441,0.0
19.412,0.0134485,137.631,0.841197,0.0
19.4086,0.0139391,136.764,0.860617,0.0
19.3678,0.0135799,136.847,0.830295,0.0
19.3598,0.0134571,137.281,0.849374,0.0
19.3666,0.0130368,139.183,0.853463,0.0
19.3615,0.0132613,136.647,0.858573,0.0
19.3596,0.0130823,137.748,0.830295,0.0
19.3577,0.0131778,135.646,0.840516,0.0
19.3467,0.0130417,136.647,0.863343,0.0
19.3419,0.0130966,135.847,0.851759,0.0
19.34,0.013405,137.331,0.844604,0.0
19.328,0.0130884,136.931,0.859595,0.0
19.3269,0.0134777,137.515,0.843923,0.0
19.3252,0.0130442,137.348,0.840175,0.0
19.3117,0.0134075,136.897,0.831317,0.0
19.3039,0.0134269,137.765,0.835065,0.0
19.3042,0.0131957,135.396,0.849374,0.0
19.288,0.0131385,137.198,0.8521,0.0
19.2525,0.0130019,136.897,0.852781,0.0
19.2648,0.0133676,137.314,0.848352,0.0
19.2783,0.0133844,137.164,0.846989,0.0
19.2487,0.0132615,137.615,0.85687,0.0
19.24,0.0133291,136.764,0.848011,0.0
19.2437,0.0133372,136.514,0.841538,0.0
19.23,0.0130771,136.681,0.844264,0.0
19.2357,0.0134162,137.198,0.847671,0.0
19.2327,0.0131882,134.929,0.828591,0.0
19.2266,0.0132208,137.314,0.845626,0.0
19.26,0.0129851,137.948,0.858573,0.0
19.2574,0.0132697,136.397,0.8521,0.0
19.2318,0.0133795,136.664,0.849715,0.0
19.2385,0.0132549,135.93,0.85687,0.0
19.2314,0.0132682,137.248,0.846649,0.0
19.2238,0.0133465,134.646,0.848352,0.0
19.2446,0.0134561,137.631,0.853803,0.0
19.2408,0.0133998,135.913,0.844264,0.0
19.2103,0.0134442,135.53,0.855166,0.0
19.2208,0.0133681,136.18,0.855848,0.0
19.2474,0.0133456,135.847,0.840516,0.0
19.2312,0.01323,136.197,0.846989,0.0
19.2132,0.0134313,136.08,0.845626,0.0
19.2179,0.0132534,136.997,0.860958,0.0
19.2357,0.01348,136.664,0.849374,0.0
19.2492,0.0130888,135.88,0.861299,0.0
19.2191,0.0131579,136.18,0.854485,0.0
19.1948,0.0132916,136.814,0.834043,0.0
19.2187,0.0131035,136.981,0.841538,0.0
19.237,0.0131341,138.265,0.850396,0.0
19.2239,0.0133072,136.414,0.835405,0.0
19.2152,0.0133149,135.963,0.854825,0.0
19.2217,0.0135882,136.23,0.863684,0.0
19.2066,0.0135281,137.465,0.840857,0.0
19.1966,0.013101,135.813,0.850396,0.0
19.2113,0.0133672,136.981,0.839835,0.0
19.2263,0.0132807,136.163,0.836087,0.0
19.2047,0.0130737,137.798,0.843923,0.0
19.1945,0.0134217,135.363,0.859595,0.0
19.1963,0.0131421,137.231,0.85721,0.0
19.1951,0.0133446,136.23,0.837109,0.0
19.2096,0.0136839,137.631,0.846989,0.0
19.2291,0.0136621,136.831,0.841538,0.0
19.2339,0.0132939,137.581,0.855848,0.0
19.2107,0.0134066,135.296,0.844604,0.0
19.1962,0.0134651,138.532,0.834383,0.0
19.208,0.0133595,136.264,0.843923,0.0
19.1999,0.013859,136.614,0.830295,0.0
19.1956,0.0133349,135.646,0.855507,0.0
19.1971,0.0130667,136.33,0.841879,0.0
19.1895,0.0134479,136.03,0.825525,0.0
19.1838,0.0133883,136.864,0.840175,0.0
19.1709,0.0139276,136.047,0.850737,0.0
19.1707,0.0135897,137.248,0.857892,0.0
19.1699,0.0136316,137.231,0.854825,0.0
19.1733,0.013347,136.964,0.856529,0.0
19.1767,0.0134723,137.498,0.829954,0.0
19.1696,0.0134083,138.816,0.851078,0.0
19.1715,0.0134336,136.814,0.851418,0.0
19.1792,0.0133678,136.731,0.821096,0.0
19.1943,0.0130363,137.715,0.848352,0.0
19.1818,0.0135077,136.297,0.824844,0.0
19.1653,0.0133167,138.616,0.853122,0.0
19.1858,0.0135339,136.264,0.856188,0.0
19.1703,0.013421,135.613,0.850737,0.0
19.1353,0.0135839,137.731,0.865047,0.0
19.1613,0.0132847,136.714,0.857892,0.0
19.1742,0.0127608,136.931,0.854825,0.0
19.1451,0.0131166,136.03,0.853803,0.0
19.1502,0.0131034,137.448,0.849034,0.0
19.1636,0.0132514,136.714,0.858233,0.0
19.1612,0.0132841,136.08,0.849374,0.0
19.1658,0.0134493,135.43,0.846649,0.0
19.1533,0.0134703,137.481,0.853122,0.0
19.1515,0.0135905,136.881,0.838472,0.0
19.1605,0.0135154,137.131,0.859255,0.0
19.1394,0.0134145,137.665,0.850056,0.0
19.1278,0.013126,137.565,0.841879,0.0
19.1494,0.0131954,137.481,0.850396,0.0
19.1492,0.0133402,135.546,0.858914,0.0
19.1561,0.0130372,136.197,0.848011,0.0
19.1646,0.0133376,135.496,0.83302,0.0
19.1511,0.0135318,137.364,0.839153,0.0
19.1438,0.0132191,137.631,0.846989,0.0
19.1403,0.0132141,138.699,0.860277,0.0
19.1444,0.0134475,135.73,0.862321,0.0
19.1538,0.0134619,135.129,0.830295,0.0
19.1558,0.013367,136.997,0.876971,0.0
19.1565,0.0136112,135.746,0.841538,0.0
19.1419,0.0133747,135.563,0.831658,0.0
19.1327,0.0132544,135.079,0.853803,0.0
19.1317,0.0129365,137.364,0.822459,0.0
19.1448,0.0132697,137.181,0.851759,0.0
19.1556,0.0128944,136.947,0.850737,0.0
19.1457,0.0130447,135.463,0.841197,0.0
19.1422,0.0130782,136.681,0.841538,0.0
19.1538,0.0134714,135.446,0.854144,0.0
19.158,0.0135017,136.38,0.841879,0.0
19.1674,0.0130903,137.431,0.836087,0.0
19.1625,0.0133005,135.263,0.855507,0.0
19.1463,0.0132883,136.23,0.850056,0.0
19.1678,0.0132133,135.93,0.842901,0.0
19.1807,0.0133278,136.847,0.859936,0.0
19.1686,0.0134129,136.58,0.850396,0.0
19.1501,0.0136474,136.564,0.850396,0.0
19.1353,0.0130287,136.58,0.845967,0.0
19.1391,0.0130691,136.53,0.846649,0.0
19.1463,0.0132902,137.081,0.84733,0.0
19.1623,0.0136348,136.547,0.841879,0.0
19.1685,0.0133518,135.246,0.848352,0.0
19.1306,0.0136545,135.796,0.823821,0.0
19.1306,0.0132741,134.662,0.856188,0.0
19.1518,0.0133213,134.746,0.825866,0.0
19.1406,0.0131091,137.748,0.850737,0.0
19.1393,0.0135513,138.182,0.854485,0.0
19.1486,0.0134228,135.279,0.851078,0.0
19.146,0.0132805,136.03,0.84733,0.0
19.1371,0.0133394,137.948,0.846308,0.0
19.1411,0.0132259,135.546,0.844264,0.0
19.139,0.0133848,136.564,0.845967,0.0
19.1459,0.0133227,136.964,0.854825,0.0
19.1507,0.0131242,135.913,0.842901,0.0
19.1325,0.0131157,137.081,0.853122,0.0
19.1263,0.0134514,136.147,0.840516,0.0
19.1422,0.0132466,135.83,0.83302,0.0
19.1549,0.013733,135.997,0.869476,0.0
19.1497,0.0132438,136.214,0.851078,0.0
19.1208,0.0132165,136.697,0.858233,0.0
19.1004,0.0130173,136.13,0.850737,0.0
19.1368,0.0129501,136.247,0.848352,0.0
19.1451,0.0135284,135.379,0.846308,0.0
19.1152,0.0134861,136.447,0.848352,0.0
19.1343,0.0134026,136.947,0.838472,0.0
19.149,0.0136109,136.681,0.839153,0.0
19.1115,0.0136519,136.28,0.847671,0.0
19.1083,0.0136513,136.897,0.846308,0.0
19.1438,0.0135338,137.781,0.849034,0.0
19.1305,0.0133204,137.698,0.854485,0.0
19.1082,0.0131437,136.247,0.846308,0.0
19.1398,0.0131112,136.214,0.869476,0.0
19.1546,0.0133606,135.513,0.867091,0.0
19.1093,0.0135005,135.263,0.859595,0.0
19.1181,0.0136385,138.465,0.850056,0.0
19.1519,0.0133621,135.746,0.845626,0.0
19.1354,0.0129357,136.914,0.861299,0.0
19.1285,0.0130673,134.679,0.828591,0.0
19.1177,0.0131257,136.38,0.855507,0.0
19.1141,0.0129818,135.329,0.853463,0.0
19.1289,0.0132928,136.614,0.860277,0.0
19.131,0.0133777,136.063,0.839494,0.0
19.1332,0.0131654,137.832,0.834724,0.0
19.1376,0.0134866,135.696,0.852441,0.0
19.1298,0.013148,137.465,0.844604,0.0
19.1462,0.0130972,137.314,0.839835,0.0
19.1545,0.0134086,136.831,0.857551,0.0
19.1256,0.0132469,137.415,0.849034,0.0
19.1242,0.0131632,136.28,0.845626,0.0
19.1433,0.0133883,137.431,0.843923,0.0
19.1191,0.0131712,135.363,0.840175,0.0
19.0987,0.013189,137.031,0.852781,0.0
19.1269,0.013243,135.129,0.846649,0.0
19.1163,0.0135415,135.847,0.837109,0.0
19.1007,0.0136,136.814,0.848011,0.0
19.1304,0.0131153,135.596,0.826547,0.0
19.1311,0.0135412,136.23,0.856529,0.0
19.1125,0.0135285,135.229,0.866069,0.0
19.132,0.0133798,136.881,0.832339,0.0
19.1238,0.0130725,136.881,0.857892,0.0
19.1003,0.0129616,137.431,0.86198,0.0
19.101,0.0130422,134.929,0.830976,0.0
19.1047,0.0134724,136.063,0.846989,0.0
19.1266,0.0133906,135.43,0.838812,0.0
19.1339,0.0133521,138.649,0.882763,0.0
19.1208,0.0131732,136.514,0.861299,0.0
19.1277,0.0129036,136.914,0.849034,0.0
19.1358,0.0134091,135.78,0.841538,0.0
19.1227,0.0132294,135.98,0.844264,0.0
19.117,0.0132839,135.746,0.843242,0.0
19.1074,0.0132503,136.564,0.860277,0.0
19.093,0.0136725,135.53,0.848011,0.0
19.0925,0.0132408,137.298,0.841538,0.0
19.0996,0.013665,135.78,0.841197,0.0
19.096,0.0133297,136.364,0.811556,0.0
19.1031,0.013312,136.23,0.830636,0.0
19.112,0.0133059,137.898,0.839835,0.0
19.1129,0.0130199,135.379,0.843923,0.0
19.1241,0.0130019,135.43,0.843242,0.0
19.1241,0.0133413,135.63,0.843242,0.0
19.1177,0.0133469,136.947,0.845967,0.0
19.1425,0.0133128,136.013,0.85687,0.0
19.1386,0.01323,135.863,0.828591,0.0
19.116,0.0135172,135.68,0.83779,0.0
19.1276,0.0131889,136.197,0.844945,0.0
19.1291,0.0132656,135.847,0.841197,0.0
19.1242,0.01322,135.396,0.842901,0.0
19.1256,0.0134638,137.114,0.841879,0.0
19.117,0.0133052,136.814,0.829613,0.0
19.1052,0.01326,136.147,0.852441,0.0
19.102,0.0135594,136.247,0.831317,0.0
19.1042,0.013419,136.547,0.859936,0.0
19.1036,0.0131948,136.214,0.843923,0.0
19.1086,0.0132834,136.514,0.83302,0.0
19.1153,0.0136813,135.813,0.824844,0.0
19.0951,0.0134377,137.715,0.871179,0.0
19.0833,0.0133884,135.947,0.843242,0.0
19.093,0.01294,135.113,0.860277,0.0
19.0839,0.0129052,135.663,0.8521,0.0
19.0827,0.0127696,136.247,0.834043,0.0
19.1231,0.0131159,135.596,0.83779,0.0
19.1403,0.0132045,136.48,0.838812,0.0
19.1095,0.0135157,136.497,0.834724,0.0
19.1039,0.0135218,138.382,0.824503,0.0
19.1157,0.0136387,135.863,0.823481,0.0
19.1081,0.01341,136.681,0.834383,0.0
19.0922,0.0134503,136.597,0.848352,0.0
19.0957,0.0133167,135.43,0.83779,0.0
19.1217,0.0131575,135.513,0.856529,0.0
19.1182,0.013335,136.747,0.859936,0.0
19.0923,0.013436,136.247,0.83745,0.0
19.1052,0.013145,138.032,0.828591,0.0
19.1217,0.012991,136.747,0.850056,0.0
19.0925,0.013099,135.78,0.840516,0.0
19.0891,0.013177,136.364,0.839835,0.0
19.1393,0.0132551,136.781,0.828591,0.0
19.1215,0.013437,135.129,0.848693,0.0
19.0839,0.0131432,135.98,0.850056,0.0
19.1146,0.0131174,135.68,0.867091,0.0
19.1152,0.0132368,138.082,0.870839,0.0
19.113,0.013339,136.297,0.830636,0.0
19.1183,0.0132524,135.913,0.837109,0.0
19.0981,0.013413,135.363,0.832339,0.0
19.096,0.0134335,134.212,0.846989,0.0
19.1091,0.0130796,137.531,0.844945,0.0
19.1078,0.0130986,135.763,0.863002,0.0
19.1034,0.0134021,136.647,0.854485,0.0
19.1165,0.0132634,136.047,0.852781,0.0
19.106,0.0132335,135.396,0.82314,0.0
19.1026,0.0132529,134.762,0.836768,0.0
19.1195,0.0134665,136.497,0.851418,0.0
19.1019,0.0134347,134.896,0.82791,0.0
19.0869,0.0130579,135.88,0.839153,0.0
19.102,0.0135997,136.247,0.867772,0.0
19.1172,0.013328,136.797,0.832339,0.0
19.1092,0.0132176,137.048,0.838472,0.0
19.101,0.0132881,135.596,0.825184,0.0
19.1064,0.0134581,136.247,0.859255,0.0
19.0836,0.0134749,136.43,0.83268,0.0
19.076,0.0130533,136.614,0.830636,0.0
19.0988,0.0135515,137.415,0.832339,0.0
19.1036,0.0135421,136.347,0.852441,0.0
19.0879,0.0128586,136.414,0.83745,0.0
19.081,0.0134391,135.363,0.836087,0.0
19.0795,0.0131003,134.279,0.865387,0.0
19.0887,0.0130598,136.997,0.869816,0.0
19.1154,0.0134707,136.48,0.83745,0.0
19.1076,0.0131961,134.879,0.810534,0.0
19.0938,0.0133041,135.763,0.856188,0.0
19.1087,0.013147,135.513,0.843582,0.0
19.1067,0.0130164,135.613,0.844604,0.0
19.1155,0.0132558,136.214,0.866069,0.0
19.112,0.0133263,136.43,0.845286,0.0
19.0868,0.0134879,135.596,0.862321,0.0
19.0927,0.0134212,137.431,0.843242,0.0
19.1005,0.0131584,135.93,0.838472,0.0
19.0892,0.0134578,136.264,0.824162,0.0
19.0894,0.0133135,135.396,0.831998,0.0
19.0862,0.013862,137.098,0.82791,0.0
19.0923,0.0135039,136.831,0.855848,0.0
19.0979,0.0130133,135.446,0.846308,0.0
19.1043,0.0133026,136.964,0.859595,0.0
19.12,0.0135415,136.13,0.85687,0.0
19.1195,0.0133286,137.114,0.860958,0.0
19.1177,0.0130577,135.113,0.856188,0.0
19.1152,0.0133456,133.244,0.83745,0.0
19.1008,0.0135251,137.064,0.86164,0.0
19.0971,0.0130654,135.563,0.846989,0.0
19.1034,0.0132417,136.614,0.843242,0.0
19.0961,0.0132729,137.281,0.8521,0.0
19.0983,0.013375,135.897,0.859595,0.0
19.1062,0.0135138,135.813,0.865728,0.0
19.0901,0.0134085,136.214,0.83745,0.0
19.0562,0.0131592,134.879,0.843582,0.0
19.0749,0.0134805,137.014,0.841538,0.0
19.1127,0.0131547,135.063,0.828932,0.0
19.0921,0.0133211,136.514,0.845286,0.0
19.0888,0.0134246,137.364,0.847671,0.0
19.1136,0.0133778,137.064,0.851418,0.0
19.1352,0.0132424,137.331,0.860617,0.0
19.1215,0.0133555,135.913,0.840857,0.0
19.069,0.0132706,135.763,0.83745,0.0
19.0762,0.0134575,136.647,0.86675,0.0
19.1224,0.0132707,134.445,0.844945,0.0
19.1136,0.0133222,136.264,0.83779,0.0
19.1056,0.0132646,136.797,0.855848,0.0
19.1137,0.0132894,136.931,0.853803,0.0
19.1039,0.0131866,134.929,0.859255,0.0
19.0932,0.0132928,135.863,0.843582,0.0
19.1017,0.0134606,137.198,0.841197,0.0
19.1144,0.013453,136.764,0.848352,0.0
19.094,0.013646,135.88,0.840175,0.0
19.0969,0.0135135,136.264,0.824162,0.0
19.1214,0.0131559,136.731,0.835065,0.0
19.1048,0.0134376,138.032,0.838131,0.0
19.1075,0.0130537,137.031,0.83779,0.0
19.1265,0.0131081,135.163,0.840857,0.0
19.1098,0.0133319,135.229,0.842901,0.0
19.1,0.0134479,136.013,0.831317,0.0
19.1133,0.0129888,136.347,0.856188,0.0
19.111,0.0131602,138.065,0.891281,0.0
19.1107,0.0131465,135.646,0.855166,0.0
19.1218,0.0133583,135.129,0.839835,0.0
19.1081,0.0133267,136.497,0.823821,0.0
19.0961,0.0131706,136.33,0.83302,0.0
19.1138,0.0131663,135.73,0.854825,0.0
19.1225,0.0132572,136.447,0.817348,0.0
19.0942,0.0131649,134.178,0.845286,0.0
19.0862,0.0135852,137.148,0.846308,0.0
19.1046,0.0134284,135.229,0.838472,0.0
19.1041,0.0133156,136.163,0.829613,0.0
19.1148,0.0133486,137.214,0.836768,0.0
19.112,0.013653,136.097,0.850737,0.0
19.0854,0.0134683,137.231,0.839835,0.0
19.0838,0.0133952,136.914,0.843242,0.0
19.088,0.0132511,137.231,0.876631,0.0
19.0925,0.0134179,136.814,0.835065,0.0
19.1104,0.0134263,136.214,0.838472,0.0
19.1097,0.0130452,136.714,0.843923,0.0
19.0886,0.0133069,136.447,0.84256,0.0
19.0916,0.0134778,135.646,0.850396,0.0
19.1139,0.0133005,136.797,0.828251,0.0
19.1057,0.0131892,136.647,0.852781,0.0
19.0779,0.0132112,137.364,0.848011,0.0
19.1003,0.0132991,137.398,0.855507,0.0
19.1125,0.0134156,136.864,0.84256,0.0
19.0786,0.0135058,136.981,0.845967,0.0
19.0721,0.0133583,135.246,0.8521,0.0
19.0916,0.0133104,136.43,0.862321,0.0
19.1067,0.0129902,136.297,0.850056,0.0
19.1013,0.0131498,136.28,0.812578,0.0
19.0911,0.0133582,137.131,0.8521,0.0
19.085,0.0132753,136.297,0.846649,0.0
19.0778,0.0132638,135.329,0.846308,0.0
19.0848,0.01303,135.079,0.836768,0.0
19.1116,0.0131844,136.147,0.854144,0.0
19.1116,0.0132072,135.279,0.849034,0.0
19.0876,0.0132823,136.113,0.851418,0.0
19.0939,0.0134788,134.712,0.84256,0.0
19.103,0.0134134,135.196,0.855507,0.0
19.1013,0.0136452,137.398,0.8521,0.0
19.1208,0.0133137,136.397,0.851418,0.0
19.1276,0.0133568,135.696,0.851759,0.0
19.0953,0.013713,135.196,0.845626,0.0
19.0792,0.0138848,138.515,0.831658,0.0
19.1024,0.013231,137.965,0.850737,0.0
19.1122,0.013543,136.297,0.85687,0.0
19.1079,0.0133306,135.596,0.876631,0.0
19.0921,0.0132961,135.613,0.863343,0.0
19.0808,0.0133201,136.08,0.825184,0.0
19.0861,0.0132998,135.079,0.853803,0.0
19.08,0.013537,136.247,0.851759,0.0
19.0788,0.0130946,136.797,0.866069,0.0
19.0912,0.0133702,135.646,0.856529,0.0
19.1065,0.0131335,136.33,0.860617,0.0
19.095,0.0133506,137.014,0.851418,0.0
19.082,0.0133543,135.98,0.835746,0.0
19.0936,0.0132617,136.881,0.844604,0.0
19.1028,0.0133776,136.547,0.856529,0.0
19.1072,0.0134288,136.497,0.86198,0.0
19.1076,0.0135125,136.28,0.846649,0.0
19.0903,0.0130766,136.013,0.862321,0.0
19.0952,0.0133282,134.696,0.834383,0.0
19.0897,0.0129316,136.697,0.83745,0.0
19.0733,0.013293,135.88,0.839494,0.0
19.0867,0.0135146,136.847,0.845626,0.0
19.094,0.0131288,135.913,0.869816,0.0
19.1048,0.013053,136.397,0.848352,0.0
19.1075,0.0133766,136.364,0.834383,0.0
19.1053,0.013108,136.564,0.831998,0.0
19.0872,0.0133161,136.113,0.840857,0.0
19.0674,0.0133703,135.179,0.843582,0.0
19.0947,0.0130816,135.596,0.845967,0.0
19.0973,0.0133651,134.929,0.860958,0.0
19.0834,0.013271,136.514,0.848352,0.0
19.0743,0.0132237,135.063,0.849374,0.0
19.062,0.0133621,138.148,0.824503,0.0
19.0711,0.0130663,135.246,0.860277,0.0
19.0902,0.013187,136.13,0.869816,0.0
19.0977,0.0132011,134.762,0.862321,0.0
19.0893,0.0134603,137.681,0.859255,0.0
19.0988,0.0133854,137.865,0.815645,0.0
19.1109,0.0131101,136.847,0.858233,0.0
19.0995,0.0132283,135.78,0.871179,0.0
19.0845,0.0135149,136.53,0.846989,0.0
19.0999,0.0129885,135.73,0.870157,0.0
19.0971,0.0131215,137.181,0.853803,0.0
19.0914,0.0132838,136.247,0.854144,0.0
19.1029,0.0132914,135.88,0.841197,0.0
19.0919,0.013195,136.364,0.853803,0.0
19.0702,0.0133846,134.796,0.812238,0.0
19.0734,0.013405,137.364,0.849374,0.0
19.0978,0.013654,134.279,0.852441,0.0
19.1144,0.0133875,136.714,0.853122,0.0
19.1138,0.0131255,134.879,0.843582,0.0
19.1052,0.0134904,136.48,0.828251,0.0
19.0998,0.0134697,137.415,0.86675,0.0
19.0916,0.0132613,135.379,0.834043,0.0
19.0858,0.0131881,136.414,0.848352,0.0
19.1012,0.013238,135.847,0.846308,0.0
19.0988,0.0132809,135.496,0.840857,0.0
19.0989,0.0133299,136.714,0.840175,0.0
19.1261,0.0132395,135.079,0.852781,0.0
19.11,0.0132257,135.563,0.836427,0.0
19.0857,0.0134393,136.764,0.842219,0.0
19.0833,0.0131588,137.531,0.829613,0.0
19.0857,0.0134009,136.647,0.840175,0.0
19.0952,0.0130441,135.763,0.83302,0.0
19.0845,0.0131426,135.813,0.84733,0.0
19.0644,0.0134794,136.414,0.842219,0.0
19.0961,0.0131226,137.064,0.838131,0.0
19.1115,0.0129145,135.313,0.850056,0.0
19.0675,0.0129307,134.929,0.833702,0.0
19.0691,0.0130745,135.213,0.839835,0.0
19.1006,0.0132189,134.662,0.843923,0.0
19.0794,0.0131331,135.897,0.853803,0.0
19.058,0.0130845,134.429,0.832339,0.0
19.0819,0.0133229,134.812,0.846989,0.0
19.1085,0.013514,137.398,0.847671,0.0
19.1009,0.0132148,135.713,0.835065,0.0
19.0817,0.0135087,137.098,0.855848,0.0
19.0787,0.0134501,135.446,0.865387,0.0
19.0894,0.0132389,135.346,0.844945,0.0
19.0985,0.0132549,138.699,0.846649,0.0
19.0889,0.0134283,135.129,0.849715,0.0
19.0887,0.0128283,135.413,0.868113,0.0
19.0893,0.0130312,136.797,0.817689,0.0
19.079,0.0133725,137.631,0.850737,0.0
19.0763,0.0133056,134.495,0.831317,0.0
19.0943,0.0130601,136.997,0.853463,0.0
19.1001,0.0132778,136.514,0.840857,0.0
19.0887,0.0133531,136.864,0.854144,0.0
19.1161,0.0132869,137.615,0.848352,0.0
19.1264,0.0133983,135.296,0.823481,0.0
19.0996,0.0132618,136.08,0.841197,0.0
19.0896,0.0131223,136.097,0.849374,0.0
19.0956,0.0133212,137.014,0.863684,0.0
19.0949,0.0131888,136.013,0.860958,0.0
19.1046,0.0133785,137.131,0.833702,0.0
19.117,0.0133512,137.665,0.851759,0.0
19.0991,0.0132952,136.897,0.853463,0.0
19.0898,0.0133627,136.097,0.83302,0.0
19.1048,0.013421,135.897,0.853463,0.0
19.1064,0.0130774,136.864,0.84256,0.0
19.0885,0.013501,136.43,0.844945,0.0
19.09,0.0129648,137.448,0.851078,0.0
19.1059,0.0133069,135.396,0.853463,0.0
19.1116,0.0136029,138.015,0.830636,0.0
19.1057,0.0132581,135.513,0.843582,0.0
19.0895,0.0134853,135.913,0.864706,0.0
19.0899,0.0133733,136.38,0.865728,0.0
19.0863,0.0135572,138.015,0.851759,0.0
19.0715,0.0133808,135.496,0.850056,0.0
19.0775,0.0134362,135.596,0.848352,0.0
19.0783,0.0130665,136.33,0.848011,0.0
19.0789,0.0132973,134.879,0.860277,0.0
19.0885,0.0131147,136.414,0.833702,0.0
19.0851,0.0131181,135.446,0.847671,0.0
19.0941,0.0132751,137.131,0.853122,0.0
19.11,0.013187,137.998,0.823821,0.0
19.1025,0.0133332,134.846,0.842901,0.0
19.0843,0.0131834,136.063,0.858573,0.0
19.0926,0.0135362,136.197,0.849715,0.0
19.1059,0.0134213,135.146,0.868794,0.0
19.0897,0.0137369,136.18,0.866069,0.0
19.0782,0.013527,136.33,0.850737,0.0
19.1044,0.0131355,136.113,0.840516,0.0
19.11,0.0136469,137.915,0.84733,0.0
19.0833,0.01326,135.363,0.844604,0.0
19.0672,0.013346,137.364,0.85687,0.0
19.0867,0.0133514,135.413,0.860277,0.0
19.1002,0.0134897,136.981,0.85687,0.0
19.0978,0.0132213,135.279,0.842219,0.0
19.1021,0.0132192,136.53,0.843242,0.0
19.1169,0.0134349,136.08,0.809853,0.0
19.1052,0.0127769,136.781,0.846989,0.0
19.0824,0.013056,134.629,0.860277,0.0
19.087,0.0132412,135.78,0.831998,0.0
19.0955,0.0136895,137.348,0.869816,0.0
19.1107,0.0130679,136.33,0.828251,0.0
19.0977,0.0132712,134.595,0.834043,0.0
19.0879,0.0132951,137.998,0.850737,0.0
19.1057,0.0131536,136.163,0.83302,0.0
19.0928,0.0135364,136.447,0.85721,0.0
19.081,0.0135664,136.514,0.847671,0.0
19.0951,0.0136086,136.414,0.850056,0.0
19.1061,0.013331,135.78,0.82314,0.0
19.0923,0.013167,136.53,0.851759,0.0
19.1056,0.0135958,136.547,0.844945,0.0
19.1162,0.0138553,137.281,0.828591,0.0
19.0988,0.0135153,135.563,0.854144,0.0
19.0906,0.0133124,136.013,0.851078,0.0
19.0733,0.0136658,136.664,0.838812,0.0
19.0708,0.0133717,135.546,0.825525,0.0
19.1086,0.0132558,137.381,0.84256,0.0
19.1096,0.0130174,136.664,0.843582,0.0
19.0818,0.0130896,137.098,0.858233,0.0
19.0756,0.0132673,137.114,0.861299,0.0
19.067,0.0136487,136.047,0.822118,0.0
19.0767,0.0134065,135.663,0.851078,0.0
19.0914,0.0134679,136.697,0.840175,0.0
19.0984,0.0131951,135.363,0.857892,0.0
19.1175,0.0133251,136.197,0.847671,0.0
19.1183,0.0132866,134.879,0.850056,0.0
19.0989,0.0134486,135.68,0.847671,0.0
19.1034,0.0133028,135.93,0.850396,0.0
19.1174,0.0132631,135.346,0.850737,0.0
19.0989,0.013721,135.396,0.850056,0.0
19.074,0.0131693,134.579,0.83779,0.0
19.0982,0.0134067,135.947,0.862662,0.0
19.1067,0.0136106,135.68,0.820414,0.0
19.0874,0.01335,136.664,0.839153,0.0
19.0992,0.0134969,137.765,0.865728,0.0
19.105,0.0133688,134.429,0.841538,0.0
19.088,0.0130929,135.329,0.851078,0.0
19.0844,0.0133661,136.23,0.846649,0.0
19.0855,0.0132716,136.514,0.819733,0.0
19.0821,0.0132503,135.163,0.855848,0.0
19.0925,0.013321,136.13,0.830295,0.0
19.1038,0.0137363,137.331,0.823481,0.0
19.1155,0.0136268,137.031,0.839835,0.0
19.1087,0.0133414,136.864,0.828591,0.0
19.0827,0.013372,136.43,0.872883,0.0
19.0973,0.0134394,135.446,0.834043,0.0
19.1187,0.0138053,134.595,0.846308,0.0
19.0922,0.0134162,136.631,0.828251,0.0
19.0802,0.0131896,136.03,0.846649,0.0
19.08,0.0131466,134.696,0.841538,0.0
19.0694,0.0134683,135.546,0.843582,0.0
19.0958,0.0137362,137.665,0.833702,0.0
19.107,0.013715,135.763,0.853463,0.0
19.0871,0.0136228,134.445,0.844604,0.0
19.0936,0.013609,136.981,0.845626,0.0
19.1093,0.0136019,136.447,0.835405,0.0
19.0876,0.0135789,136.397,0.835065,0.0
19.0765,0.0134267,135.88,0.834043,0.0
19.0783,0.0134052,137.098,0.863002,0.0
19.085,0.013196,136.13,0.840857,0.0
19.1029,0.0133614,136.831,0.855166,0.0
19.0977,0.0132631,135.246,0.853463,0.0
19.0789,0.0132546,135.263,0.859255,0.0
19.088,0.0134119,137.715,0.861299,0.0
19.1023,0.0136888,136.347,0.822799,0.0
19.0878,0.0133572,137.048,0.848352,0.0
19.0599,0.0132118,135.98,0.868454,0.0
19.0808,0.0133855,137.548,0.840857,0.0
19.112,0.0130715,135.063,0.860958,0.0
19.091,0.0131602,136.797,0.865047,0.0
19.0767,0.0133111,135.897,0.838472,0.0
19.0973,0.0133327,135.48,0.869476,0.0
19.1021,0.0135303,135.897,0.860277,0.0
19.09,0.0134043,136.914,0.848352,0.0
19.0931,0.0129689,135.863,0.827228,0.0
19.0906,0.0131432,136.113,0.853122,0.0
19.0684,0.0134382,135.73,0.858233,0.0
19.0767,0.0131834,135.78,0.854144,0.0
19.0978,0.0136849,135.947,0.858233,0.0
19.0875,0.0132321,136.43,0.848693,0.0
19.0812,0.0138136,135.663,0.858233,0.0
19.09,0.0136921,136.664,0.839494,0.0
19.0941,0.013308,134.462,0.880038,0.0
19.0852,0.0133837,136.33,0.843242,0.0
19.0821,0.0133335,136.03,0.845286,0.0
19.0937,0.0131838,136.664,0.846989,0.0
19.103,0.0136927,137.131,0.842901,0.0
19.1032,0.0134349,135.646,0.864706,0.0
19.1009,0.0133303,135.93,0.865728,0.0
19.0973,0.0133913,137.131,0.831658,0.0
19.0773,0.0136911,135.029,0.848693,0.0
19.0713,0.0133719,136.647,0.830636,0.0
19.0754,0.0136292,136.997,0.843582,0.0
19.0747,0.0133094,135.663,0.863002,0.0
19.088,0.013333,135.897,0.835746,0.0
19.0957,0.013187,136.647,0.850056,0.0
19.116,0.0130952,137.398,0.865728,0.0
19.1238,0.0126667,134.946,0.868454,0.0
19.0814,0.0133559,136.33,0.814963,0.0
19.0811,0.0132274,138.115,0.85687,0.0
19.0905,0.0133531,136.264,0.836087,0.0
19.0705,0.0130567,135.129,0.840516,0.0
19.0729,0.0130081,137.164,0.855507,0.0
19.0791,0.013182,135.863,0.82791,0.0
19.0758,0.0134145,135.93,0.83745,0.0
19.0993,0.0135253,135.246,0.842219,0.0
19.1057,0.0135227,137.765,0.839835,0.0
19.0872,0.0135232,134.929,0.851078,0.0
19.0985,0.0134509,135.83,0.860958,0.0
19.0972,0.0131437,135.863,0.830976,0.0
19.091,0.0134982,136.163,0.843242,0.0
19.113,0.0128816,137.098,0.859936,0.0
19.1072,0.0133145,135.096,0.85721,0.0
19.0835,0.0129933,135.063,0.844604,0.0
19.0874,0.0127466,134.829,0.847671,0.0
19.0947,0.013181,136.931,0.831998,0.0
19.095,0.0133941,137.214,0.868454,0.0
19.0971,0.0134577,134.912,0.83779,0.0
19.0934,0.0132387,136.647,0.840857,0.0
19.0979,0.0131697,135.48,0.840175,0.0
19.0936,0.0136119,136.547,0.8521,0.0
19.066,0.01374,135.546,0.864365,0.0
19.0681,0.0135427,136.097,0.832339,0.0
19.0946,0.0134274,135.713,0.855848,0.0
19.1021,0.0132522,137.131,0.860277,0.0
19.1062,0.0134893,135.546,0.824162,0.0
19.0954,0.0132163,135.096,0.852441,0.0
19.0915,0.0130378,134.996,0.81326,0.0
19.102,0.0131983,135.947,0.834383,0.0
19.0719,0.0136406,135.546,0.831658,0.0
19.054,0.0130458,136.547,0.852441,0.0
19.0928,0.0133672,137.948,0.858914,0.0
19.1155,0.0133162,135.563,0.849034,0.0
19.0807,0.013539,135.43,0.843242,0.0
19.0534,0.0130604,138.299,0.86164,0.0
19.077,0.013073,135.913,0.845286,0.0
19.0985,0.0129654,136.147,0.831317,0.0
19.0985,0.0133044,136.697,0.841879,0.0
19.0821,0.0133553,137.264,0.85721,0.0
19.0749,0.0133661,135.763,0.850396,0.0
19.0923,0.0135258,137.398,0.859595,0.0
19.1052,0.0129275,135.163,0.83268,0.0
19.0918,0.0132204,136.314,0.85721,0.0
19.0988,0.013195,135.746,0.851759,0.0
19.1007,0.0136258,135.446,0.840857,0.0
19.0771,0.0133736,135.63,0.83745,0.0
19.0852,0.0136368,135.73,0.848011,0.0
19.0981,0.013168,135.83,0.85721,0.0
19.0772,0.0134308,136.28,0.8521,0.0
19.0734,0.0137182,136.13,0.868794,0.0
19.091,0.013684,136.18,0.843923,0.0
19.0934,0.013501,137.965,0.847671,0.0
19.0895,0.0130778,137.748,0.825184,0.0
19.0945,0.0133932,138.182,0.862662,0.0
19.0871,0.0133153,136.33,0.840857,0.0
19.07,0.0132184,135.613,0.844604,0.0
19.0863,0.0134402,137.548,0.862662,0.0
19.1046,0.0136318,136.53,0.838472,0.0
19.0843,0.0133151,137.498,0.841879,0.0
19.0819,0.013328,135.58,0.866069,0.0
19.1041,0.0133568,136.447,0.851078,0.0
19.1059,0.0134943,135.763,0.824844,0.0
19.1031,0.0130573,135.279,0.848011,0.0
19.104,0.0133363,136.163,0.837109,0.0
19.089,0.0133051,135.696,0.863343,0.0
19.0766,0.0134412,135.997,0.841879,0.0
19.0765,0.0132831,135.463,0.848011,0.0
19.0797,0.0135417,136.497,0.846649,0.0
19.0904,0.0135953,136.664,0.842219,0.0
19.0973,0.0136569,135.763,0.846989,0.0
19.0874,0.0131657,135.78,0.833702,0.0
19.0884,0.0136129,136.747,0.859936,0.0
19.0997,0.0133341,136.497,0.831317,0.0
19.0874,0.013272,136.547,0.833702,0.0
19.0772,0.0132556,135.613,0.836427,0.0
19.0795,0.0134234,135.363,0.850056,0.0
19.0819,0.013273,137.648,0.865728,0.0
19.0871,0.0129778,135.229,0.844945,0.0
19.0821,0.0134648,135.43,0.8521,0.0
19.0851,0.0131198,136.53,0.839835,0.0
19.0897,0.0131198,136.514,0.842901,0.0
19.0792,0.0139627,134.662,0.851078,0.0
19.0697,0.0138149,135.163,0.847671,0.0
19.0924,0.0130864,135.696,0.834724,0.0
19.1136,0.0132274,136.53,0.840857,0.0
19.1044,0.0129472,136.597,0.834043,0.0
19.0892,0.0130186,135.229,0.850396,0.0
19.1104,0.0132968,135.613,0.828591,0.0
19.1148,0.013114,137.898,0.848352,0.0
19.0918,0.0131846,135.43,0.848693,0.0
19.0849,0.013045,135.379,0.84733,0.0
19.0855,0.0133818,136.664,0.860277,0.0
19.1102,0.0134999,136.714,0.84733,0.0
19.0987,0.0132157,135.329,0.839835,0.0
19.0648,0.0135609,136.364,0.846308,0.0
19.081,0.0135615,135.713,0.84733,0.0
19.0839,0.0133168,136.33,0.84256,0.0
19.0991,0.0131654,137.331,0.842219,0.0
19.1082,0.0136073,134.829,0.858914,0.0
19.0888,0.0131257,135.446,0.836087,0.0
19.1045,0.0133805,135.129,0.811215,0.0
19.1126,0.0136853,136.43,0.876631,0.0
19.0795,0.0132404,133.928,0.835746,0.0
19.0662,0.0131712,138.082,0.838131,0.0
19.0996,0.0133024,135.63,0.840175,0.0
19.1135,0.0134629,136.58,0.826206,0.0
19.1007,0.0131319,134.929,0.849715,0.0
19.0855,0.0132379,134.462,0.829273,0.0
19.0824,0.0132863,137.765,0.8521,0.0
19.0963,0.0130974,137.231,0.854485,0.0
19.0977,0.0136724,135.263,0.825184,0.0
19.0839,0.0137556,137.264,0.8521,0.0
19.0996,0.0134542,135.847,0.831317,0.0
19.0953,0.0132061,137.031,0.851759,0.0
19.0755,0.0133614,137.548,0.870498,0.0
19.0919,0.0132187,136.447,0.858914,0.0
19.1029,0.0130645,136.831,0.862662,0.0
19.0876,0.0133879,135.129,0.856529,0.0
19.0805,0.013065,137.781,0.841197,0.0
19.0891,0.0131419,137.364,0.862321,0.0
19.1063,0.0134867,138.699,0.869816,0.0
19.1177,0.0136194,135.796,0.849034,0.0
19.1091,0.0136442,136.931,0.831998,0.0
19.0894,0.0134406,136.647,0.826888,0.0
19.0775,0.0133828,137.431,0.858914,0.0
19.0826,0.0135175,135.68,0.854144,0.0
19.1012,0.0135238,136.097,0.855507,0.0
19.1082,0.0129962,134.862,0.823481,0.0
19.094,0.0133725,136.314,0.846989,0.0
19.0799,0.0131223,135.096,0.844264,0.0
19.0906,0.0134069,135.346,0.854485,0.0
19.097,0.0134071,135.013,0.834043,0.0
19.0958,0.0131656,136.047,0.859936,0.0
19.0934,0.013367,136.247,0.847671,0.0
19.0938,0.0130572,136.614,0.844945,0.0
19.0974,0.0128836,135.913,0.854485,0.0
19.0828,0.0133251,137.598,0.843242,0.0
19.0787,0.013493,135.513,0.845967,0.0
19.0829,0.0133569,136.797,0.8521,0.0
19.0993,0.0136385,136.614,0.8521,0.0
19.0822,0.013461,134.379,0.860958,0.0
19.0635,0.013267,136.147,0.864024,0.0
19.0905,0.0133593,135.713,0.825866,0.0
19.1011,0.0130884,137.014,0.843582,0.0
19.0944,0.013031,136.013,0.848352,0.0
19.1062,0.0134309,135.73,0.842901,0.0
19.0866,0.0134458,136.631,0.849374,0.0
19.0756,0.0132405,134.946,0.851418,0.0
19.097,0.0133762,135.947,0.856529,0.0
19.0885,0.013283,135.947,0.869476,0.0
19.0769,0.0134027,136.13,0.839835,0.0
19.0831,0.0132147,136.614,0.865047,0.0
19.0936,0.0133167,136.48,0.857551,0.0
19.0841,0.0131541,136.047,0.860958,0.0
19.0728,0.0134663,135.163,0.845286,0.0
19.095,0.0133549,135.48,0.835746,0.0
19.0961,0.0133806,135.83,0.83302,0.0
19.0818,0.0129464,136.214,0.858914,0.0
19.0936,0.0134772,136.914,0.844945,0.0
19.096,0.0134053,135.83,0.854144,0.0
19.0946,0.0134797,135.83,0.849374,0.0
19.0997,0.0133234,135.43,0.849715,0.0
19.0731,0.0132224,137.064,0.858914,0.0
19.0687,0.0135505,135.146,0.841538,0.0
19.0823,0.0135668,135.68,0.870839,0.0
19.0963,0.0133636,135.229,0.853122,0.0
19.1139,0.0131618,137.131,0.863343,0.0
19.1096,0.0134718,137.264,0.873223,0.0
19.091,0.0135129,136.614,0.864365,0.0
19.0895,0.0131445,134.962,0.851759,0.0
19.0979,0.0133117,135.096,0.8521,0.0
19.076,0.013392,137.098,0.849715,0.0
19.0913,0.0135254,137.098,0.841538,0.0
19.12,0.0133531,135.013,0.846989,0.0
19.0897,0.0133954,137.348,0.827228,0.0
19.0943,0.0136815,134.229,0.850396,0.0
19.1066,0.0134321,136.163,0.828251,0.0
19.1015,0.01311,134.996,0.842219,0.0
19.099,0.0136678,136.397,0.843582,0.0
19.0813,0.0132028,136.08,0.828251,0.0
19.0878,0.0133195,136.28,0.829954,0.0
19.086,0.0130315,134.779,0.838812,0.0
19.0641,0.0132084,136.297,0.828932,0.0
19.0921,0.012993,136.047,0.868113,0.0
19.1129,0.0133876,134.912,0.819392,0.0
19.0972,0.0133922,137.164,0.831317,0.0
19.0899,0.0132982,136.13,0.839494,0.0
19.0959,0.0131568,137.648,0.863343,0.0
19.1104,0.0132165,135.88,0.845967,0.0
19.1131,0.0135284,135.379,0.852441,0.0
19.0916,0.0133783,136.514,0.854485,0.0
19.0885,0.0132781,136.197,0.82791,0.0
19.1023,0.013309,134.962,0.82791,0.0
19.098,0.013213,136.364,0.847671,0.0
19.0864,0.0131193,136.397,0.841538,0.0
19.0879,0.0131247,136.897,0.83302,0.0
19.0874,0.0131639,134.862,0.84733,0.0
19.0796,0.0134754,137.181,0.837109,0.0
19.0872,0.0130428,134.779,0.852781,0.0
19.0811,0.0132838,135.713,0.835746,0.0
19.0766,0.0131649,135.746,0.844945,0.0
19.0955,0.013454,135.213,0.86675,0.0
19.0891,0.0132879,135.213,0.829273,0.0
19.0891,0.0130092,137.998,0.843923,0.0
19.1094,0.0136115,135.913,0.839494,0.0
19.0903,0.0132037,136.147,0.843242,0.0
19.0654,0.0134346,136.997,0.855166,0.0
19.1017,0.0137764,135.179,0.859936,0.0
19.1176,0.0132575,134.979,0.865047,0.0
19.103,0.013688,136.681,0.826206,0.0
19.0921,0.0132751,134.812,0.84256,0.0
19.0662,0.0133109,135.763,0.853463,0.0
19.0818,0.0133414,137.198,0.841197,0.0
19.112,0.0133625,138.032,0.866409,0.0
19.0998,0.0136422,135.246,0.835405,0.0
19.0954,0.0133804,137.031,0.832339,0.0
19.111,0.0131577,134.312,0.838812,0.0
19.0829,0.0132175,137.164,0.848693,0.0
19.0791,0.013717,136.097,0.824844,0.0
19.1124,0.0136247,135.546,0.836427,0.0
19.0969,0.0133651,137.364,0.871179,0.0
19.0925,0.0135741,135.63,0.844264,0.0
19.1115,0.0132657,134.562,0.819733,0.0
19.1007,0.0133648,135.813,0.843923,0.0
19.0996,0.0130754,135.88,0.84256,0.0
19.1132,0.0135054,136.18,0.823481,0.0
19.1129,0.0133883,134.646,0.856188,0.0
19.0975,0.0134492,136.063,0.865387,0.0
19.0874,0.0132558,136.797,0.858573,0.0
19.0918,0.0136399,135.113,0.839153,0.0
19.08,0.0134657,135.913,0.8521,0.0
19.0845,0.0133807,136.631,0.845286,0.0
19.1167,0.0134642,137.181,0.832339,0.0
19.0842,0.0136224,136.597,0.846649,0.0
19.0701,0.0129771,136.314,0.835065,0.0
19.1044,0.013221,136.03,0.863684,0.0
19.0775,0.0134759,136.063,0.8521,0.0
19.0714,0.0131645,135.93,0.839835,0.0
19.1039,0.0133373,135.847,0.853122,0.0
19.0871,0.0133927,136.664,0.858914,0.0
19.07,0.0135925,135.58,0.858914,0.0
19.0793,0.0134459,135.847,0.844604,0.0
19.0772,0.0131816,136.33,0.864706,0.0
19.0617,0.0131009,136.047,0.856529,0.0
19.0836,0.0132517,136.33,0.828591,0.0
19.1077,0.0134073,135.88,0.831317,0.0
19.0844,0.013375,136.18,0.852781,0.0
19.0829,0.0131164,136.197,0.841538,0.0
19.09,0.0132143,136.264,0.839494,0.0
19.083,0.0133869,135.63,0.84256,0.0
19.096,0.0133298,136.347,0.838131,0.0
19.1133,0.0133807,136.48,0.848352,0.0
19.0973,0.013315,135.413,0.846649,0.0
19.0815,0.0134716,136.814,0.836427,0.0
19.0987,0.0132332,136.113,0.850396,0.0
19.0974,0.0132075,135.963,0.844604,0.0
19.092,0.0131252,135.813,0.861299,0.0
19.0921,0.0134276,135.013,0.822459,0.0
19.0891,0.0135435,137.281,0.836768,0.0
19.0862,0.01315,134.429,0.857892,0.0
19.0936,0.0132428,135.48,0.823481,0.0
19.1171,0.0132367,137.231,0.849374,0.0
19.1063,0.013304,135.446,0.848011,0.0
19.0705,0.0131485,135.113,0.843923,0.0
19.0699,0.0133713,136.48,0.845286,0.0
19.0898,0.013182,136.897,0.869816,0.0
19.0856,0.0134043,135.863,0.851078,0.0
19.0862,0.0131414,137.164,0.839494,0.0
19.1099,0.0134023,134.646,0.844945,0.0
19.1037,0.0134297,137.665,0.824844,0.0
19.0844,0.0137511,135.113,0.830976,0.0
19.0824,0.0131699,137.231,0.853463,0.0
19.0907,0.0133763,137.098,0.876971,0.0
19.0791,0.0134001,136.664,0.864365,0.0
19.0799,0.0135509,137.064,0.830295,0.0
19.0896,0.0132701,137.848,0.83302,0.0
19.0803,0.0135047,135.513,0.846989,0.0
19.0753,0.013422,137.748,0.845626,0.0
19.0875,0.0132736,135.763,0.844604,0.0
19.078,0.0130024,136.864,0.845626,0.0
19.0697,0.0133067,135.763,0.835065,0.0
19.0854,0.0136732,138.015,0.85721,0.0
19.1124,0.0131896,136.747,0.850396,0.0
19.1061,0.0130533,136.38,0.830295,0.0
19.0809,0.0136505,136.681,0.840857,0.0
19.076,0.0136355,136.931,0.866069,0.0
19.0865,0.0133418,136.547,0.84256,0.0
19.0832,0.0133721,135.963,0.821777,0.0
19.0849,0.0131471,136.781,0.862662,0.0
19.0962,0.0132948,133.978,0.864365,0.0
19.1017,0.0133114,136.163,0.836087,0.0
19.0888,0.0132592,137.198,0.868113,0.0
19.0726,0.0130305,136.964,0.842219,0.0
19.097,0.0132366,136.847,0.8521,0.0
19.1025,0.0133711,134.545,0.859595,0.0
19.0755,0.0129027,137.131,0.863343,0.0
19.0801,0.0133289,136.597,0.84256,0.0
19.0846,0.0130054,136.48,0.844945,0.0
19.0859,0.0135973,135.53,0.847671,0.0
19.0899,0.0133455,135.396,0.840175,0.0
19.0785,0.0135401,136.58,0.838131,0.0
19.0882,0.0131232,138.882,0.845967,0.0
19.1133,0.0131147,136.781,0.843582,0.0
19.1047,0.0133573,136.314,0.835065,0.0
19.1,0.0132133,136.881,0.849374,0.0
19.103,0.0132746,135.73,0.869476,0.0
19.0922,0.0135954,137.281,0.844264,0.0
19.0861,0.0132841,136.38,0.868454,0.0
19.0936,0.0134055,135.646,0.86675,0.0
19.0861,0.0132182,136.731,0.833361,0.0
19.0779,0.0132994,134.545,0.843242,0.0
19.0913,0.0131109,135.513,0.83745,0.0
19.109,0.0131585,137.798,0.829273,0.0
19.1118,0.0133653,136.397,0.853803,0.0
19.096,0.0131359,136.08,0.865047,0.0
19.0832,0.0134497,134.946,0.845286,0.0
19.0904,0.0131895,134.796,0.857892,0.0
19.0921,0.0135772,135.897,0.849374,0.0
19.0697,0.0134566,137.098,0.839835,0.0
19.0704,0.0132724,136.247,0.854825,0.0
19.0874,0.0131999,137.498,0.846308,0.0
19.0831,0.0132312,137.014,0.831317,0.0
19.0685,0.0133241,134.746,0.83779,0.0
19.0822,0.0132648,136.847,0.835065,0.0
19.1005,0.0130834,135.096,0.839153,0.0
19.0753,0.0128742,135.229,0.838812,0.0
19.0686,0.0132684,135.863,0.818029,0.0
19.0759,0.0137972,136.247,0.843582,0.0
19.0897,0.0131568,137.181,0.850056,0.0
19.114,0.0132727,135.997,0.833702,0.0
19.1021,0.0132165,137.431,0.860958,0.0
19.0958,0.0132487,136.28,0.840175,0.0
19.1042,0.0134862,137.431,0.842219,0.0
19.0993,0.0133183,136.23,0.858914,0.0
19.0855,0.0130767,135.78,0.820414,0.0
19.0884,0.0135906,135.463,0.848011,0.0
19.1052,0.0134992,135.746,0.860277,0.0
19.1169,0.01371,135.346,0.853803,0.0
19.107,0.0136931,136.631,0.862662,0.0
19.0934,0.013576,136.681,0.836768,0.0
19.0989,0.013604,135.93,0.847671,0.0
19.0946,0.0138334,135.913,0.829954,0.0
19.0891,0.0134404,134.262,0.839835,0.0
19.0941,0.013454,137.398,0.84256,0.0
19.1031,0.0131927,136.23,0.86164,0.0
19.1042,0.0132714,136.997,0.862662,0.0
19.0766,0.0134687,135.146,0.822799,0.0
19.0816,0.0130878,137.364,0.851418,0.0
19.1073,0.0133367,136.847,0.823821,0.0
19.092,0.0134595,136.063,0.843923,0.0
19.096,0.0130739,135.847,0.851759,0.0
19.0903,0.0132914,135.446,0.827569,0.0
19.0717,0.0130803,136.33,0.873905,0.0
19.0925,0.013579,135.73,0.854825,0.0
19.1073,0.013223,136.08,0.854485,0.0
19.0938,0.0133889,137.431,0.846308,0.0
19.0937,0.0133247,135.763,0.841197,0.0
19.0931,0.0132098,135.53,0.839494,0.0
19.0853,0.0130673,136.33,0.851078,0.0
19.0988,0.0134956,136.847,0.872542,0.0
19.0935,0.0132374,136.731,0.827569,0.0
19.0921,0.0129649,135.613,0.846989,0.0
19.0791,0.0132087,135.63,0.853803,0.0
19.0793,0.0131564,136.23,0.853122,0.0
19.0933,0.0133258,136.497,0.843242,0.0
19.077,0.0133152,136.23,0.858914,0.0
19.0632,0.0133683,136.047,0.87152,0.0
19.0889,0.0135382,135.513,0.828932,0.0
19.0865,0.0136342,135.179,0.835405,0.0
19.0908,0.0136363,135.947,0.845626,0.0
19.1178,0.0131359,136.547,0.841879,0.0
19.0943,0.0132254,137.781,0.864024,0.0
19.0735,0.0133445,135.396,0.863684,0.0
19.0734,0.0135823,136.28,0.854825,0.0
19.0893,0.0128856,134.896,0.821777,0.0
19.1053,0.0132486,135.496,0.838472,0.0
19.1031,0.0137217,136.614,0.845967,0.0
19.0969,0.0133224,135.179,0.836087,0.0
19.0972,0.0133976,136.214,0.841538,0.0
19.0944,0.0132864,136.297,0.831317,0.0
19.0959,0.0136593,136.03,0.830976,0.0
19.0998,0.0132946,135.546,0.866409,0.0
19.0882,0.0136389,136.047,0.838131,0.0
19.0942,0.0134839,137.198,0.831998,0.0
19.1033,0.0133733,136.214,0.838131,0.0
19.1021,0.0132754,135.296,0.83779,0.0
19.0971,0.0133319,135.596,0.868454,0.0
19.0766,0.0133263,137.231,0.830295,0.0
19.0795,0.0131882,135.746,0.846989,0.0
19.1073,0.0134939,136.18,0.854144,0.0
19.0998,0.0134447,136.047,0.848693,0.0
19.0987,0.0128183,138.048,0.825184,0.0
19.102,0.0131897,136.214,0.835746,0.0
19.0783,0.0129871,135.263,0.838131,0.0
19.0856,0.0133573,136.147,0.835065,0.0
19.121,0.0133918,136.981,0.840175,0.0
19.1134,0.0133525,137.431,0.86198,0.0
19.0819,0.0133619,136.214,0.847671,0.0
19.0712,0.0135022,134.829,0.846989,0.0
19.0971,0.0134832,137.281,0.849715,0.0
19.1143,0.0133075,137.114,0.854485,0.0
19.0878,0.0133653,135.73,0.865387,0.0
19.0827,0.0135295,136.914,0.854485,0.0
19.0981,0.0133603,136.881,0.868794,0.0
19.0978,0.0133149,135.229,0.853463,0.0
19.1035,0.0131104,136.23,0.846989,0.0
19.1191,0.0135693,135.43,0.849715,0.0
19.1116,0.0134645,136.364,0.846989,0.0
19.0862,0.013399,134.746,0.857892,0.0
19.083,0.0133427,135.763,0.843582,0.0
19.0768,0.0130995,137.098,0.850396,0.0
19.0545,0.0130596,135.713,0.840516,0.0
19.0601,0.0131727,135.713,0.870157,0.0
19.0908,0.0131604,135.563,0.8521,0.0
19.0831,0.0135099,136.13,0.846989,0.0
19.076,0.0133035,136.063,0.831998,0.0
19.1021,0.0130586,134.345,0.829613,0.0
19.1033,0.0130256,136.464,0.852441,0.0
19.0985,0.0132332,135.88,0.827569,0.0
19.1063,0.0130856,136.681,0.842901,0.0
19.121,0.0129191,137.114,0.856188,0.0
19.113,0.0134442,136.564,0.833361,0.0
19.0901,0.0132885,135.363,0.858233,0.0
19.1,0.0134089,136.013,0.835405,0.0
19.1035,0.0131079,136.614,0.841879,0.0
19.0926,0.0133421,135.796,0.851759,0.0
19.0754,0.0131448,136.847,0.864706,0.0
19.0611,0.0134041,136.03,0.838812,0.0
19.071,0.0135435,137.932,0.842219,0.0
19.0767,0.0136116,136.247,0.839835,0.0
19.0793,0.0133703,136.48,0.840857,0.0
19.0937,0.0135039,135.129,0.850737,0.0
19.1016,0.0131358,135.847,0.824844,0.0
19.0935,0.0132767,135.463,0.848693,0.0
19.086,0.0135446,134.662,0.839835,0.0
19.0758,0.0131619,136.38,0.855848,0.0
19.0785,0.0137439,135.713,0.858914,0.0
19.0878,0.0133458,135.563,0.863002,0.0
19.0839,0.0133753,134.379,0.846989,0.0
19.0847,0.0134478,135.446,0.854825,0.0
19.0778,0.0132112,135.58,0.841538,0.0
19.0907,0.013093,135.513,0.825866,0.0
19.1175,0.0132297,136.33,0.829273,0.0
19.0959,0.0132712,136.747,0.849374,0.0
19.0743,0.0132068,136.58,0.838131,0.0
19.0892,0.0131807,136.731,0.855848,0.0
19.0798,0.0131914,134.229,0.83779,0.0
19.0736,0.0130932,136.514,0.849374,0.0
19.0893,0.0130163,135.313,0.859595,0.0
19.0899,0.0133494,135.746,0.862321,0.0
19.083,0.0132838,136.564,0.853803,0.0
19.0846,0.0135187,136.53,0.834043,0.0
19.0727,0.0131681,137.031,0.83302,0.0
19.0834,0.0132378,135.963,0.830295,0.0
19.1036,0.013116,135.746,0.83779,0.0
19.1046,0.013527,138.015,0.847671,0.0
19.1038,0.013311,136.897,0.822799,0.0
19.0973,0.0131328,135.229,0.849374,0.0
19.1049,0.0132493,137.381,0.85687,0.0
19.1148,0.013442,135.146,0.87629,0.0
19.1004,0.0135133,136.647,0.850056,0.0
19.0816,0.013385,137.781,0.845967,0.0
19.0855,0.0131544,135.913,0.864706,0.0
19.1014,0.013245,134.812,0.833702,0.0
19.083,0.0134253,137.515,0.851418,0.0
19.0751,0.0134353,134.329,0.848352,0.0
19.0886,0.0132543,135.396,0.874246,0.0
19.0979,0.0134318,136.047,0.853122,0.0
19.1262,0.0136392,137.498,0.83779,0.0
19.1345,0.0136186,135.146,0.858233,0.0
19.0839,0.0132144,134.912,0.839494,0.0
19.0888,0.0133667,136.547,0.851759,0.0
19.1182,0.013071,136.097,0.830636,0.0
19.1173,0.0131203,136.364,0.855166,0.0
19.1056,0.013527,136.397,0.845286,0.0
19.0886,0.0130678,135.897,0.840857,0.0
19.0789,0.0132595,135.763,0.868113,0.0
19.0836,0.0131013,136.197,0.83745,0.0
19.0837,0.0134114,137.048,0.858573,0.0
19.0871,0.0132139,137.031,0.863002,0.0
19.0901,0.0133726,136.731,0.851078,0.0
19.0995,0.013348,135.98,0.838131,0.0
19.1198,0.0133269,136.464,0.854144,0.0
19.1057,0.0133537,137.048,0.854144,0.0
19.0825,0.0132937,135.68,0.860958,0.0
19.0951,0.0132642,137.915,0.833702,0.0
19.1084,0.0135278,135.646,0.854825,0.0
19.095,0.0131879,136.163,0.845286,0.0
19.0731,0.0136283,136.38,0.872542,0.0
19.089,0.0135749,134.362,0.852781,0.0
19.0934,0.0137177,136.33,0.833702,0.0
19.0717,0.0131266,135.413,0.826547,0.0
19.0887,0.0133704,136.747,0.8521,0.0
19.1177,0.0133185,135.863,0.850737,0.0
19.1161,0.0133092,137.698,0.843582,0.0
19.0961,0.0131679,136.414,0.83745,0.0
19.0835,0.0130944,136.264,0.848693,0.0
19.079,0.013539,135.563,0.834724,0.0
19.0785,0.0134297,136.147,0.836768,0.0
19.0898,0.0135234,136.43,0.840516,0.0
19.1071,0.0135485,135.68,0.836087,0.0
19.0985,0.013494,135.646,0.870157,0.0
19.0961,0.0132918,137.098,0.846649,0.0
19.1038,0.0135294,135.53,0.835405,0.0
19.0855,0.0132822,135.913,0.860958,0.0
19.0819,0.0134093,136.113,0.854144,0.0
19.0937,0.0131537,135.263,0.848352,0.0
19.0721,0.013547,134.946,0.84733,0.0
19.0641,0.0132303,136.48,0.869135,0.0
19.0755,0.0132049,135.78,0.825866,0.0
19.0881,0.0132039,137.882,0.857551,0.0
19.0973,0.0132271,137.014,0.854144,0.0
19.0934,0.013524,136.264,0.854144,0.0
19.0951,0.0134986,137.598,0.867432,0.0
19.0937,0.0136403,134.862,0.841197,0.0
19.0947,0.0134551,136.781,0.833361,0.0
19.1063,0.0133278,135.88,0.83302,0.0
19.0929,0.0134401,136.013,0.829954,0.0
19.0879,0.01351,137.031,0.859255,0.0
19.1094,0.013512,135.463,0.836427,0.0
19.1079,0.0132348,136.881,0.840175,0.0
19.0901,0.0132935,136.731,0.846649,0.0
19.0815,0.0138449,135.98,0.86198,0.0
19.0873,0.0133569,136.214,0.844264,0.0
19.1036,0.0135909,135.146,0.839494,0.0
19.1067,0.0133035,135.646,0.83268,0.0
19.0957,0.0134976,137.098,0.8521,0.0
19.0923,0.0134833,137.781,0.852781,0.0
19.1012,0.01315,136.214,0.841879,0.0
19.1034,0.013409,137.198,0.853122,0.0
19.0898,0.0134169,136.597,0.852781,0.0
19.08,0.0132825,135.88,0.843923,0.0
19.0696,0.0133208,136.614,0.864365,0.0
19.0757,0.0131252,135.98,0.831658,0.0
19.0956,0.0131856,137.431,0.837109,0.0
19.0889,0.0132126,136.847,0.858914,0.0
19.0908,0.0131903,135.98,0.864024,0.0
19.0828,0.0132245,135.48,0.839835,0.0
19.0723,0.01298,137.448,0.843242,0.0
19.1129,0.0132705,136.43,0.850396,0.0
19.1292,0.0131829,136.33,0.860277,0.0
19.0895,0.0131412,134.979,0.842901,0.0
19.0756,0.0133902,137.131,0.859936,0.0
19.0858,0.0134225,136.597,0.862321,0.0
19.0683,0.0132667,136.53,0.840857,0.0
19.0732,0.0134462,136.58,0.843923,0.0
19.0921,0.0132629,135.53,0.831998,0.0
19.0885,0.0136797,137.982,0.849374,0.0
19.0992,0.0134399,134.429,0.840857,0.0
19.1002,0.0132188,137.381,0.84733,0.0
19.0896,0.0134225,139.133,0.849034,0.0
19.1066,0.0140577,135.713,0.841879,0.0
19.0927,0.0133413,136.797,0.865047,0.0
19.0876,0.0130128,135.63,0.85721,0.0
19.0983,0.0133623,135.863,0.846308,0.0
19.0879,0.0131301,135.78,0.862321,0.0
19.091,0.0132246,137.948,0.839153,0.0
19.1177,0.0132543,137.565,0.852441,0.0
19.1012,0.0132681,136.18,0.840175,0.0
19.0835,0.0132579,136.514,0.829613,0.0
19.1041,0.013058,136.03,0.82791,0.0
19.0997,0.013287,135.83,0.84733,0.0
19.0746,0.0130913,135.096,0.850737,0.0
19.0732,0.0134682,136.614,0.854485,0.0
19.0716,0.0136838,134.896,0.848352,0.0
19.06,0.0134761,136.347,0.839835,0.0
19.0797,0.0132439,135.947,0.843923,0.0
19.1025,0.0137183,135.88,0.819733,0.0
19.0941,0.01347,137.014,0.86164,0.0
19.0852,0.0133689,136.764,0.844945,0.0
19.0656,0.0131215,135.83,0.824844,0.0
19.0763,0.0134695,136.981,0.836087,0.0
19.0923,0.0135375,136.731,0.843582,0.0
19.0819,0.0133367,136.08,0.853803,0.0
19.0725,0.0133773,133.761,0.850737,0.0
19.0699,0.0133996,136.614,0.849034,0.0
19.0811,0.0130644,134.646,0.836768,0.0
19.1035,0.0135398,136.347,0.845626,0.0
19.0982,0.0132093,134.879,0.83779,0.0
19.0682,0.0134488,135.213,0.831658,0.0
19.0593,0.0134364,136.847,0.851078,0.0
19.0815,0.0133328,135.496,0.827228,0.0
19.1073,0.013474,136.197,0.828932,0.0
19.1142,0.0131337,136.147,0.845286,0.0
19.0871,0.0131244,137.248,0.855848,0.0
19.0718,0.0134364,137.398,0.841538,0.0
19.0887,0.0133027,136.564,0.826206,0.0
19.1083,0.0132833,135.596,0.838472,0.0
19.1088,0.0133816,134.946,0.838472,0.0
19.0944,0.0134195,137.114,0.842219,0.0
19.0952,0.0135168,135.646,0.855848,0.0
19.0953,0.0132176,136.697,0.851078,0.0
19.1011,0.0132517,136.314,0.823481,0.0
19.0957,0.0134024,135.646,0.846308,0.0
19.0823,0.0136539,136.547,0.87629,0.0
19.0853,0.0134841,136.681,0.834383,0.0
19.0847,0.013483,135.997,0.865728,0.0
19.0845,0.0130994,137.214,0.831998,0.0
19.0981,0.0131334,136.447,0.843923,0.0
19.0967,0.0129512,135.046,0.83745,0.0
19.0895,0.013038,135.563,0.844264,0.0
19.0862,0.0136631,137.548,0.844945,0.0
19.0874,0.0134275,137.148,0.86164,0.0
19.0822,0.0134087,135.863,0.843923,0.0
19.091,0.0134165,135.596,0.877993,0.0
19.0995,0.0135188,136.647,0.845286,0.0
19.0851,0.0133969,136.264,0.837109,0.0
19.0796,0.0133275,136.347,0.866409,0.0
19.0819,0.0130767,136.931,0.875268,0.0
19.0899,0.0130188,134.879,0.835405,0.0
19.0951,0.0134259,137.448,0.841197,0.0
19.0968,0.0138033,136.914,0.844945,0.0
19.0957,0.0134575,136.163,0.831317,0.0
19.085,0.0134572,136.38,0.828932,0.0
19.0877,0.01303,135.78,0.835065,0.0
19.0868,0.0131807,135.913,0.856188,0.0
19.0758,0.0135381,135.646,0.846649,0.0
19.0906,0.0131501,136.264,0.850737,0.0
19.1019,0.0132111,136.18,0.826206,0.0
19.0984,0.0133013,137.965,0.866069,0.0
19.0906,0.0130186,136.28,0.830636,0.0
19.0801,0.0134169,137.131,0.844264,0.0
19.0779,0.0134135,136.13,0.856188,0.0
19.0959,0.0134935,136.464,0.830976,0.0
19.1094,0.0133712,136.414,0.860617,0.0
19.1053,0.0130268,136.047,0.836087,0.0
19.0801,0.0129708,136.697,0.850396,0.0
19.0757,0.013557,136.764,0.844945,0.0
19.0997,0.0136108,136.08,0.832339,0.0
19.1064,0.0133147,136.597,0.865387,0.0
19.0944,0.013323,135.596,0.837109,0.0
19.0916,0.0135075,135.596,0.85721,0.0
19.1005,0.0132909,137.381,0.83745,0.0
19.1037,0.01367,136.514,0.855848,0.0
19.0874,0.0134065,136.514,0.843923,0.0
19.0762,0.0136327,135.113,0.840175,0.0
19.0818,0.0135811,137.765,0.84256,0.0
19.09,0.0131491,136.23,0.853122,0.0
19.0966,0.0130415,135.78,0.827228,0.0
19.1003,0.0130651,134.929,0.832339,0.0
19.0894,0.0134434,135.796,0.845286,0.0
19.082,0.0130992,137.031,0.855507,0.0
19.0839,0.0132893,137.648,0.851078,0.0
19.0928,0.0133343,137.048,0.82791,0.0
19.0878,0.0134585,138.165,0.840516,0.0
19.0954,0.0136352,135.847,0.860958,0.0
19.1043,0.0135553,135.496,0.842901,0.0
19.1041,0.0134028,137.048,0.849374,0.0
19.0943,0.0130155,135.897,0.841197,0.0
19.0826,0.0133571,135.88,0.84256,0.0
19.0902,0.0133069,134.996,0.829954,0.0
19.1082,0.0132853,136.697,0.848352,0.0
19.1034,0.0128618,136.23,0.846649,0.0
19.0774,0.0136921,135.496,0.854825,0.0
19.0892,0.0130654,136.547,0.848011,0.0
19.1212,0.0131867,136.664,0.831658,0.0
19.1194,0.0132542,136.147,0.854144,0.0
19.0987,0.0132958,135.813,0.829954,0.0
19.0948,0.0131909,135.78,0.858573,0.0
19.0972,0.0133689,136.464,0.820074,0.0
19.0981,0.0133343,136.664,0.847671,0.0
19.0911,0.0133859,135.446,0.841879,0.0
19.0712,0.0132781,134.779,0.843242,0.0
19.071,0.0134557,135.763,0.843923,0.0
19.1006,0.0131176,136.163,0.831317,0.0
19.1089,0.0132325,133.778,0.833702,0.0
19.0926,0.0137015,135.346,0.839494,0.0
19.078,0.0133892,134.946,0.860277,0.0
19.0833,0.0130946,136.364,0.820074,0.0
19.1003,0.013314,137.264,0.843242,0.0
19.0974,0.0130931,136.697,0.833702,0.0
19.0839,0.0132769,136.364,0.860617,0.0
19.0865,0.0136106,135.546,0.83779,0.0
19.0981,0.0134824,136.914,0.852441,0.0
19.1051,0.0131972,136.847,0.848011,0.0
19.1005,0.0133512,135.663,0.858914,0.0
19.0748,0.0131851,134.545,0.872201,0.0
19.065,0.0134047,135.63,0.85721,0.0
19.0917,0.01344,137.581,0.843582,0.0
19.1123,0.0131632,138.365,0.830295,0.0
19.0996,0.0130702,136.314,0.828251,0.0
19.0845,0.0132226,136.314,0.850056,0.0
19.0742,0.0130249,134.762,0.840857,0.0
19.0623,0.0133002,137.114,0.850396,0.0
19.0766,0.0132322,135.847,0.836768,0.0
19.095,0.0131667,136.58,0.858573,0.0
19.0895,0.0129801,135.863,0.8521,0.0
19.0619,0.0133952,137.998,0.830636,0.0
19.0851,0.0133789,134.062,0.843923,0.0
19.1006,0.0136878,136.847,0.83302,0.0
19.0846,0.0133672,136.08,0.864706,0.0
19.0838,0.0132015,136.664,0.855507,0.0
19.0909,0.013331,135.379,0.843923,0.0
19.0966,0.013283,136.53,0.838131,0.0
19.098,0.0129591,136.264,0.850737,0.0
19.0996,0.0133266,134.329,0.830295,0.0
19.1024,0.0132065,136.514,0.846649,0.0
19.0956,0.0137196,134.545,0.854485,0.0
19.0843,0.0136731,136.597,0.85721,0.0
19.0972,0.0130257,135.646,0.831317,0.0
19.0976,0.012913,136.964,0.840175,0.0
19.0906,0.0131235,136.931,0.83302,0.0
19.0941,0.0129458,134.045,0.83268,0.0
19.0974,0.0133105,135.746,0.825525,0.0
19.1058,0.0132841,137.114,0.849715,0.0
19.108,0.0135119,136.764,0.853122,0.0
19.087,0.0135836,134.746,0.832339,0.0
19.0985,0.0135313,135.88,0.845967,0.0
19.1044,0.0130861,135.613,0.848352,0.0
19.087,0.0133629,136.33,0.848352,0.0
19.0864,0.0132634,135.129,0.851759,0.0
19.087,0.0132144,136.864,0.845626,0.0
19.1002,0.0130719,135.88,0.860617,0.0
19.104,0.0135712,137.098,0.84733,0.0
19.1027,0.0134169,134.612,0.868113,0.0
19.1063,0.0135597,135.763,0.867772,0.0
19.1055,0.0131872,137.798,0.837109,0.0
19.0921,0.0132974,135.78,0.849715,0.0
19.0931,0.0132217,134.929,0.838472,0.0
19.1006,0.0133634,136.881,0.842219,0.0
19.0759,0.0135507,135.763,0.850396,0.0
19.0649,0.0131576,137.448,0.838812,0.0
19.0829,0.0134105,136.38,0.848352,0.0
19.0865,0.0130699,136.847,0.862321,0.0
19.0832,0.0131615,135.847,0.840516,0.0
19.0994,0.0129236,135.88,0.840857,0.0
19.0961,0.0131651,136.113,0.831658,0.0
19.0753,0.0133942,136.597,0.845967,0.0
19.0831,0.0130486,133.645,0.848693,0.0
19.0852,0.0131829,136.614,0.859255,0.0
19.089,0.0133231,136.247,0.836427,0.0
19.0969,0.013118,137.498,0.83745,0.0
19.0981,0.0129849,136.731,0.862321,0.0
19.0855,0.0131353,134.712,0.874927,0.0
19.0815,0.0130851,136.53,0.85687,0.0
19.0848,0.013519,136.631,0.850056,0.0
19.0824,0.0133211,136.664,0.867091,0.0
19.0957,0.0133482,136.047,0.831317,0.0
19.089,0.0132019,135.296,0.856188,0.0
19.0586,0.013558,136.447,0.857551,0.0
19.0765,0.0130853,135.48,0.830976,0.0
19.1113,0.0132048,136.113,0.839835,0.0
19.0919,0.0138866,136.264,0.846308,0.0
19.0633,0.0136921,136.664,0.844264,0.0
19.0747,0.0134749,135.279,0.835065,0.0
19.0838,0.013173,136.03,0.848352,0.0
19.0878,0.0132726,137.298,0.850737,0.0
19.0817,0.0131274,134.245,0.849034,0.0
19.0688,0.0136353,137.364,0.845286,0.0
19.0885,0.0133397,137.648,0.834724,0.0
19.1153,0.0133973,138.048,0.842901,0.0
19.1018,0.0131912,134.896,0.85721,0.0
19.0982,0.0136738,136.364,0.843923,0.0
19.1152,0.0134921,136.931,0.866069,0.0
19.0939,0.0133902,135.93,0.84733,0.0
19.0693,0.0129166,135.997,0.839153,0.0
19.0853,0.0132286,134.962,0.848011,0.0
19.0943,0.0132809,136.464,0.836087,0.0
19.0941,0.0131553,135.73,0.847671,0.0
19.0775,0.0130545,136.731,0.869476,0.0
19.0726,0.0132003,136.247,0.8521,0.0
19.0909,0.0133308,135.58,0.836087,0.0
19.0886,0.0137641,137.014,0.85687,0.0
19.0819,0.0133486,136.297,0.861299,0.0
19.0821,0.0132216,137.114,0.863684,0.0
19.1067,0.0130938,135.179,0.834724,0.0
19.1279,0.0129667,135.73,0.870839,0.0
19.1034,0.0130624,135.43,0.859936,0.0
19.0921,0.0132022,135.863,0.85687,0.0
19.1223,0.0131961,134.829,0.859255,0.0
19.0959,0.0130456,135.663,0.829613,0.0
19.0661,0.0133518,136.163,0.853463,0.0
19.0909,0.0136617,136.28,0.841197,0.0
19.1074,0.0133267,136.163,0.849374,0.0
19.1026,0.0132066,135.313,0.844604,0.0
19.0697,0.0133069,136.28,0.850737,0.0
19.0566,0.0131604,136.147,0.851078,0.0
19.0805,0.0133826,135.279,0.846308,0.0
19.0725,0.0134565,135.813,0.852781,0.0
19.0788,0.0136386,138.098,0.839153,0.0
19.086,0.0135989,134.195,0.845967,0.0
19.0754,0.0131196,135.563,0.84256,0.0
19.0945,0.0134737,136.163,0.851078,0.0
19.1083,0.0134108,135.48,0.85721,0.0
19.0928,0.0136843,136.614,0.845967,0.0
19.0689,0.0131315,134.712,0.83779,0.0
19.0728,0.0132859,136.13,0.871861,0.0
19.1046,0.0135231,136.664,0.846989,0.0
19.0981,0.0133401,134.862,0.824503,0.0
19.0633,0.013293,137.798,0.85687,0.0
19.0621,0.0129824,138.132,0.845967,0.0
19.0822,0.0134158,137.064,0.845286,0.0
19.0962,0.0134004,135.096,0.8136,0.0
19.1157,0.0133643,137.131,0.856188,0.0
19.1101,0.0133373,136.797,0.865047,0.0
19.0971,0.0134746,136.397,0.865387,0.0
19.0867,0.0132383,136.647,0.841197,0.0
19.0633,0.0133384,135.596,0.831658,0.0
19.067,0.0132688,137.348,0.85721,0.0
19.1001,0.0132688,135.446,0.848352,0.0
19.0959,0.0138306,136.831,0.853803,0.0
19.0697,0.0135859,135.496,0.852781,0.0
19.0801,0.013446,137.331,0.850737,0.0
19.1005,0.0133378,135.88,0.850396,0.0
19.0936,0.0134005,134.395,0.830295,0.0
19.0857,0.0131992,136.631,0.861299,0.0
19.0955,0.0132661,136.013,0.853463,0.0
19.1014,0.0132801,137.415,0.863343,0.0
19.0987,0.0132732,133.862,0.831317,0.0
19.0929,0.0131782,135.196,0.834043,0.0
19.0903,0.0134759,136.163,0.848011,0.0
19.1111,0.0135271,136.647,0.826888,0.0
19.1145,0.0133333,135.446,0.840857,0.0
19.1001,0.0130994,136.28,0.821437,0.0
19.1153,0.0135107,133.511,0.815304,0.0
19.1052,0.0135678,136.514,0.851418,0.0
19.0727,0.0132295,135.48,0.82791,0.0
19.0732,0.0134827,134.062,0.849715,0.0
19.0775,0.0135394,137.148,0.826888,0.0
19.0938,0.0133273,135.48,0.852781,0.0
19.1247,0.0129933,135.53,0.839835,0.0
19.101,0.0134147,135.713,0.86675,0.0
19.0805,0.0133098,136.514,0.864706,0.0
19.0947,0.0131009,135.329,0.829613,0.0
19.0999,0.013464,136.48,0.858914,0.0
19.1178,0.0137772,136.113,0.843582,0.0
19.1103,0.0130676,135.646,0.839835,0.0
19.089,0.0130275,134.696,0.851418,0.0
19.0918,0.0133343,136.914,0.851418,0.0
19.0867,0.0135417,135.696,0.854144,0.0
19.1004,0.0129442,136.364,0.830295,0.0
19.1152,0.0135043,135.263,0.841538,0.0
19.0887,0.0130175,137.314,0.866069,0.0
19.0834,0.0135502,136.48,0.840516,0.0
19.0894,0.0135581,134.262,0.858233,0.0
19.075,0.0133081,135.863,0.837109,0.0
19.0837,0.0133653,136.18,0.846649,0.0
19.087,0.0133365,136.847,0.843242,0.0
19.0734,0.0131078,135.613,0.854144,0.0
19.081,0.013189,136.664,0.83268,0.0
19.1043,0.0133451,136.631,0.841879,0.0
19.1227,0.0130532,137.264,0.863343,0.0
19.1147,0.0133677,137.481,0.851418,0.0
19.1075,0.01342,136.497,0.843242,0.0
19.0907,0.013227,136.397,0.854144,0.0
19.0733,0.0129221,137.364,0.835746,0.0
19.0897,0.0131807,137.882,0.855166,0.0
19.1039,0.0132174,135.83,0.841538,0.0
19.1058,0.0133571,135.463,0.829273,0.0
19.1078,0.0132755,136.847,0.856529,0.0
19.1116,0.0130951,136.764,0.835405,0.0
19.1085,0.0134325,136.681,0.847671,0.0
19.077,0.0133373,135.613,0.851759,0.0
19.0751,0.0136866,136.747,0.846989,0.0
19.1048,0.0131249,135.363,0.843582,0.0
19.1004,0.0134204,134.812,0.844604,0.0
19.0822,0.0136196,135.396,0.837109,0.0
19.0798,0.0134807,135.58,0.852781,0.0
19.0999,0.0135967,136.914,0.849034,0.0
19.1095,0.0133461,136.847,0.835405,0.0
19.082,0.0134483,137.281,0.829954,0.0
19.0828,0.0136561,134.862,0.860958,0.0
19.0942,0.0134794,134.912,0.844945,0.0
19.0721,0.013107,135.746,0.842901,0.0
19.079,0.0132662,136.547,0.86675,0.0
19.1185,0.0138178,135.696,0.856188,0.0
19.1113,0.0132629,136.814,0.856529,0.0
19.072,0.0132178,135.83,0.840857,0.0
19.0895,0.0130381,133.328,0.849034,0.0
19.1015,0.0134316,136.28,0.841538,0.0
19.0893,0.0133887,136.881,0.835405,0.0
19.0948,0.0133282,136.163,0.850056,0.0
19.101,0.0134472,135.83,0.858573,0.0
19.0958,0.0133282,137.681,0.843582,0.0
19.0937,0.0131805,135.129,0.849374,0.0
19.1031,0.0135684,136.547,0.850396,0.0
19.1006,0.0133897,136.214,0.848011,0.0
19.1103,0.0133872,136.781,0.859255,0.0
19.1079,0.0136066,136.097,0.853463,0.0
19.0921,0.0134887,135.68,0.85687,0.0
19.0957,0.0132486,137.031,0.860617,0.0
19.1078,0.0138799,136.547,0.852781,0.0
19.0981,0.0131873,135.93,0.849034,0.0
19.0804,0.0128739,137.148,0.83745,0.0
19.0907,0.0131422,136.113,0.863002,0.0
19.091,0.0133034,134.429,0.846649,0.0
19.0882,0.0132263,135.129,0.840175,0.0
19.1063,0.0138052,135.663,0.81837,0.0
19.0981,0.0134689,136.931,0.848352,0.0
19.0897,0.0133684,135.997,0.86675,0.0
19.0982,0.0135013,135.696,0.828591,0.0
19.0859,0.0133102,136.43,0.850056,0.0
19.0763,0.0132225,135.58,0.81837,0.0
19.0834,0.0133426,135.98,0.857551,0.0
19.0723,0.0131662,135.947,0.835746,0.0
19.0623,0.0131525,136.714,0.868113,0.0
19.0837,0.0133022,136.864,0.848352,0.0
19.0934,0.0133628,136.947,0.839153,0.0
19.0653,0.0131777,135.863,0.858914,0.0
19.053,0.0130261,136.447,0.839153,0.0
19.1041,0.0132384,137.548,0.843923,0.0
19.1117,0.0131289,136.23,0.840857,0.0
19.0722,0.0134824,135.696,0.853122,0.0
19.0794,0.0134374,135.68,0.849034,0.0
19.0933,0.0132,134.696,0.83779,0.0
19.0869,0.0134718,136.38,0.848693,0.0
19.0864,0.0131766,136.931,0.849715,0.0
19.0869,0.0130105,135.847,0.849034,0.0
19.0985,0.0135051,136.781,0.855848,0.0
19.0919,0.0135697,134.962,0.821777,0.0
19.0755,0.0136308,137.048,0.865728,0.0
19.0911,0.0134397,136.931,0.858914,0.0
19.1022,0.0129875,136.414,0.824503,0.0
19.0941,0.0134103,136.147,0.835405,0.0
19.1046,0.0133412,136.23,0.842901,0.0
19.1043,0.0132942,135.63,0.844945,0.0
19.0759,0.0131959,136.897,0.843582,0.0
19.0976,0.0132107,134.729,0.868113,0.0
19.1175,0.0135028,136.731,0.841197,0.0
19.0909,0.0133313,135.913,0.844264,0.0
19.0899,0.0134301,134.629,0.845967,0.0
19.0975,0.0135998,136.063,0.839494,0.0
19.0809,0.0130685,137.264,0.858914,0.0
19.0932,0.0134917,137.148,0.860958,0.0
19.108,0.0135821,135.413,0.855166,0.0
19.0951,0.0135392,136.097,0.850396,0.0
19.088,0.0130709,136.147,0.843242,0.0
19.0887,0.0132949,135.546,0.860277,0.0
19.0876,0.0135376,134.545,0.839153,0.0
19.102,0.013765,135.947,0.835405,0.0
19.1194,0.0130089,135.863,0.853803,0.0
19.0874,0.0136652,136.697,0.8521,0.0
19.0785,0.0131973,136.047,0.853803,0.0
19.1054,0.0132394,136.113,0.849715,0.0
19.0936,0.0132248,135.113,0.824844,0.0
19.0862,0.0133938,136.43,0.829954,0.0
19.0711,0.0134619,136.247,0.868454,0.0
19.057,0.0134661,136.314,0.851418,0.0
19.0832,0.0136595,135.88,0.839835,0.0
19.1015,0.0133266,135.73,0.844604,0.0
19.099,0.0132258,136.464,0.853122,0.0
19.0981,0.0135396,136.13,0.834724,0.0
19.0972,0.0133685,136.697,0.862321,0.0
19.094,0.0136543,136.881,0.84256,0.0
19.0872,0.0130689,135.696,0.822118,0.0
19.0883,0.013492,136.564,0.858914,0.0
19.1124,0.0133548,136.964,0.872201,0.0
19.1131,0.0133362,136.447,0.843582,0.0
19.09,0.0131458,136.347,0.817689,0.0
19.0814,0.0133689,134.679,0.834043,0.0
19.0853,0.0133909,136.647,0.837109,0.0
19.0877,0.0132735,137.598,0.842901,0.0
19.0853,0.0133583,136.48,0.825525,0.0
19.0996,0.0134901,135.246,0.830636,0.0
19.0949,0.0134833,135.43,0.839835,0.0
19.0814,0.0135928,136.03,0.832339,0.0
19.0912,0.0133576,134.295,0.835405,0.0
19.0916,0.0135903,135.213,0.858233,0.0
19.0893,0.0131667,135.396,0.855507,0.0
19.1056,0.013537,136.264,0.836768,0.0
19.1135,0.0135841,137.064,0.865728,0.0
19.0833,0.0132672,135.897,0.835065,0.0
19.0788,0.0136054,136.664,0.851418,0.0
19.1166,0.0133024,139.333,0.85687,0.0
19.1091,0.0132114,134.779,0.854144,0.0
19.083,0.0134137,135.98,0.846649,0.0
19.0828,0.0131718,137.298,0.854825,0.0
19.0909,0.0133152,137.498,0.857551,0.0
19.1025,0.0132621,136.397,0.84733,0.0
19.1055,0.013023,135.88,0.846649,0.0
19.0953,0.0134338,135.897,0.846989,0.0
19.0696,0.0133821,135.279,0.856529,0.0
19.0727,0.0132544,136.897,0.864024,0.0
19.1106,0.0131417,134.395,0.839494,0.0
19.1046,0.0132892,136.647,0.846308,0.0
19.0736,0.0132115,136.714,0.864024,0.0
19.0742,0.0136033,135.196,0.848352,0.0
19.0961,0.0135873,136.981,0.843242,0.0
19.0987,0.01354,135.496,0.833361,0.0
19.0824,0.0132677,137.048,0.854825,0.0
19.0839,0.0131091,137.515,0.868794,0.0
19.091,0.0133857,136.464,0.840175,0.0
19.1045,0.0129637,136.113,0.854485,0.0
19.1021,0.0131709,135.63,0.850737,0.0
19.0982,0.0131344,136.013,0.843242,0.0
19.1145,0.0132349,136.03,0.831658,0.0
19.1208,0.0132804,135.346,0.844604,0.0
19.0899,0.0136149,136.33,0.846649,0.0
19.078,0.013306,135.229,0.845967,0.0
19.1037,0.0134898,137.098,0.841197,0.0
19.115,0.0133012,134.445,0.836087,0.0
19.0853,0.013478,136.831,0.842901,0.0
19.0787,0.0133844,135.079,0.843582,0.0
19.1054,0.0132538,136.997,0.835746,0.0
19.1156,0.0133285,136.797,0.831998,0.0
19.092,0.0137681,136.897,0.849034,0.0
19.0783,0.0133408,135.43,0.858233,0.0
19.0987,0.0136101,136.063,0.834724,0.0
19.1058,0.0134342,135.863,0.833702,0.0
19.1046,0.0133372,135.73,0.853122,0.0
19.1286,0.0134071,135.847,0.843582,0.0
19.1233,0.013438,135.363,0.839494,0.0
19.0941,0.0131447,135.413,0.857551,0.0
19.0893,0.0131968,134.746,0.851418,0.0
19.1046,0.013471,136.53,0.842219,0.0
19.1073,0.0131582,134.762,0.842219,0.0
19.0766,0.0133295,136.631,0.873223,0.0
19.0809,0.0134449,136.464,0.851418,0.0
19.1074,0.0131788,136.013,0.853122,0.0
19.1132,0.0131454,136.814,0.834383,0.0
19.1048,0.0132363,134.746,0.858233,0.0
19.0903,0.013078,135.096,0.844604,0.0
19.0982,0.0132582,137.081,0.844264,0.0
19.0875,0.0135709,135.179,0.812919,0.0
19.0779,0.0132219,136.113,0.843242,0.0
19.0947,0.013568,136.881,0.847671,0.0
19.0982,0.0132823,135.746,0.84256,0.0
19.1081,0.0133111,135.63,0.877653,0.0
19.1112,0.0135305,136.297,0.85721,0.0
19.0963,0.0135908,136.447,0.848693,0.0
19.0906,0.013271,136.614,0.853463,0.0
19.0926,0.0129417,135.596,0.848352,0.0
19.0984,0.0133078,135.83,0.847671,0.0
19.1081,0.0134143,136.831,0.838472,0.0
19.1178,0.0131296,136.597,0.856188,0.0
19.1043,0.0131571,136.747,0.844604,0.0
19.0882,0.0134078,136.53,0.839494,0.0
19.0905,0.013498,136.947,0.856529,0.0
19.0908,0.0133649,136.214,0.854825,0.0
19.0888,0.0131636,135.446,0.831317,0.0
19.1007,0.0134713,135.73,0.856188,0.0
19.1087,0.0135278,135.963,0.860277,0.0
19.1061,0.0135535,136.48,0.854144,0.0
19.0981,0.0129473,135.129,0.818711,0.0
19.0932,0.0132048,136.731,0.849715,0.0
19.096,0.013205,136.797,0.850396,0.0
19.0848,0.0133271,135.913,0.8521,0.0
19.0901,0.013445,136.664,0.840857,0.0
19.106,0.0131845,136.43,0.855848,0.0
19.0889,0.0133748,133.845,0.838812,0.0
19.0637,0.0134477,136.347,0.846989,0.0
19.0736,0.013087,138.282,0.850056,0.0
19.0815,0.0130782,135.163,0.848352,0.0
19.0795,0.0131384,135.613,0.849034,0.0
19.0854,0.0132831,138.232,0.83302,0.0
19.0861,0.0132257,138.115,0.816326,0.0
19.0826,0.0134335,135.613,0.839153,0.0
19.0717,0.0132694,136.364,0.845626,0.0
19.0802,0.0133947,137.865,0.85721,0.0
19.1061,0.0134762,136.831,0.862321,0.0
19.1141,0.0131952,135.079,0.854144,0.0
19.0977,0.0132699,136.48,0.84733,0.0
19.092,0.0135884,136.931,0.861299,0.0
19.0901,0.0133397,135.279,0.855848,0.0
19.0874,0.0131364,135.379,0.843242,0.0
19.089,0.0133239,137.631,0.841197,0.0
19.0838,0.0134869,135.346,0.826547,0.0
19.0802,0.0135295,137.231,0.860617,0.0
19.0922,0.0134607,137.148,0.858573,0.0
19.0971,0.0136131,135.563,0.849374,0.0
19.0876,0.0135463,136.731,0.857892,0.0
19.0929,0.0137979,136.347,0.843582,0.0
19.0966,0.013734,134.095,0.822799,0.0
19.0888,0.0132914,136.747,0.843242,0.0
19.0854,0.0133057,135.58,0.853463,0.0
19.0864,0.0134326,136.831,0.85721,0.0
19.0946,0.0132008,136.831,0.845626,0.0
19.1116,0.0132237,136.314,0.838131,0.0
19.0993,0.013398,136.214,0.846308,0.0
19.0818,0.0131456,136.514,0.851418,0.0
19.094,0.0131649,135.279,0.836427,0.0
19.0971,0.0133604,135.513,0.851418,0.0
19.0986,0.0134148,136.364,0.817007,0.0
19.0919,0.0136255,136.931,0.849715,0.0
19.0777,0.0131131,136.364,0.853463,0.0
19.0816,0.0136069,135.396,0.853463,0.0
19.0923,0.0134767,135.613,0.853463,0.0
19.1039,0.0133993,135.413,0.844945,0.0
19.1079,0.0137981,135.329,0.814282,0.0
19.0805,0.0134631,136.864,0.836768,0.0
19.0708,0.0131377,137.248,0.839835,0.0
19.1114,0.0133509,134.429,0.854485,0.0
19.1123,0.0134486,136.297,0.83268,0.0
19.0826,0.0134211,136.33,0.854144,0.0
19.0821,0.0136639,135.029,0.840857,0.0
19.0823,0.0135762,136.264,0.849715,0.0
19.0829,0.0133098,136.297,0.840516,0.0
19.0934,0.0132102,136.781,0.848011,0.0
19.1114,0.0136005,137.715,0.867772,0.0
19.1057,0.0136817,136.764,0.864706,0.0
19.0779,0.0133927,135.196,0.849034,0.0
19.081,0.0136474,136.564,0.832339,0.0
19.0999,0.0136172,135.079,0.849715,0.0
19.0919,0.013493,135.063,0.853122,0.0
19.0861,0.0131471,136.564,0.825525,0.0
19.097,0.0136163,135.646,0.85687,0.0
19.0927,0.0133643,137.298,0.849715,0.0
19.103,0.0132451,135.947,0.823821,0.0
19.1183,0.0133622,135.68,0.83268,0.0
19.0968,0.0129541,137.364,0.848693,0.0
19.0836,0.0132722,136.147,0.854144,0.0
19.0944,0.0137625,135.113,0.871861,0.0
19.1102,0.0135966,135.129,0.849715,0.0
19.1064,0.0128551,135.663,0.846308,0.0
19.0916,0.0135265,135.63,0.854144,0.0
19.0763,0.0131398,135.363,0.833702,0.0
19.085,0.0134787,137.314,0.839494,0.0
19.1098,0.0134957,136.881,0.845286,0.0
19.1012,0.013452,136.03,0.856529,0.0
19.0739,0.0131528,135.229,0.865387,0.0
19.0844,0.0133635,135.163,0.838812,0.0
19.1047,0.0131908,134.312,0.85721,0.0
19.0951,0.0130194,137.248,0.835065,0.0
19.089,0.0132475,136.847,0.855507,0.0
19.0833,0.013233,136.731,0.86675,0.0
19.0865,0.0132326,136.18,0.868113,0.0
19.0947,0.0136172,135.73,0.867432,0.0
19.1047,0.0135874,137.982,0.848693,0.0
19.1053,0.0135117,136.664,0.850396,0.0
19.0717,0.0135314,136.447,0.87152,0.0
19.0729,0.0136429,136.447,0.855507,0.0
19.0991,0.013081,135.013,0.829954,0.0
19.0735,0.0132944,135.296,0.81837,0.0
19.0626,0.0130166,137.098,0.830295,0.0
19.0846,0.0129489,136.831,0.838812,0.0
19.088,0.013382,135.43,0.846649,0.0
19.0921,0.0133198,136.397,0.836087,0.0
19.1008,0.0133905,136.163,0.845286,0.0
19.1132,0.0135672,136.947,0.839835,0.0
19.1088,0.013296,136.197,0.829273,0.0
19.092,0.0137629,135.43,0.831317,0.0
19.0925,0.0133649,135.997,0.840516,0.0
19.0845,0.0130222,136.03,0.842901,0.0
19.0789,0.0130036,135.997,0.842219,0.0
19.1043,0.0130225,137.148,0.845967,0.0
19.1148,0.0133943,133.628,0.843242,0.0
19.0872,0.0135421,136.631,0.869476,0.0
19.0862,0.0134746,134.495,0.841197,0.0
19.1039,0.0134878,135.263,0.847671,0.0
19.0901,0.013344,137.448,0.848693,0.0
19.0956,0.0133168,137.031,0.865047,0.0
19.1189,0.0133276,136.597,0.854485,0.0
19.1069,0.01328,136.947,0.843242,0.0
19.0812,0.013064,135.847,0.853122,0.0
19.0944,0.013188,137.164,0.85687,0.0
19.1096,0.0132722,137.798,0.85687,0.0
19.0787,0.0134625,134.545,0.854825,0.0
19.0865,0.0132496,137.198,0.84733,0.0
19.0887,0.0131039,136.647,0.846649,0.0
19.0568,0.0131582,137.615,0.836087,0.0
19.0783,0.0130823,136.28,0.845967,0.0
19.0992,0.0135591,136.697,0.849374,0.0
19.088,0.013494,137.114,0.865047,0.0
19.0854,0.0131734,137.465,0.847671,0.0
19.0889,0.0133553,135.613,0.846649,0.0
19.0845,0.0132203,135.379,0.834043,0.0
19.0772,0.0131203,134.912,0.852781,0.0
19.1046,0.0130371,136.314,0.840516,0.0
19.1028,0.0132423,136.48,0.855166,0.0
19.0797,0.0133788,135.897,0.844264,0.0
19.1078,0.0135441,135.146,0.853463,0.0
19.1073,0.0131493,135.53,0.821437,0.0
19.0795,0.0132768,136.681,0.86164,0.0
19.0728,0.0133694,136.48,0.857551,0.0
19.0836,0.0132772,135.88,0.850056,0.0
19.0914,0.0134918,136.247,0.855848,0.0
19.0919,0.0135654,134.662,0.854485,0.0
19.0938,0.0136256,136.08,0.851759,0.0
19.0964,0.0133566,136.814,0.858573,0.0
19.1045,0.0134349,136.28,0.8521,0.0
19.0932,0.0135293,136.13,0.862662,0.0
19.0769,0.0134492,137.398,0.838472,0.0
19.0892,0.0128568,135.079,0.850737,0.0
19.0963,0.0132708,137.681,0.845967,0.0
19.1001,0.0129648,136.314,0.844945,0.0
19.0931,0.013452,136.697,0.846989,0.0
19.0793,0.0133685,136.047,0.833361,0.0
19.0896,0.0132357,137.098,0.839835,0.0
19.107,0.0134628,136.113,0.840857,0.0
19.1059,0.0133927,137.781,0.835065,0.0
19.1062,0.013268,135.129,0.831658,0.0
19.1065,0.0133732,135.129,0.850737,0.0
19.0969,0.0132797,135.98,0.837109,0.0
19.0916,0.0135125,136.914,0.852441,0.0
19.1018,0.0132265,135.396,0.855848,0.0
19.1075,0.013575,136.781,0.846989,0.0
19.0971,0.0135251,136.047,0.84733,0.0
19.0933,0.0138395,136.997,0.838812,0.0
19.092,0.0133784,136.097,0.839835,0.0
19.0851,0.0134182,135.847,0.829273,0.0
19.1017,0.0131766,135.613,0.838472,0.0
19.1139,0.0133484,136.13,0.849715,0.0
19.0915,0.0134651,137.598,0.854144,0.0
19.089,0.0131642,135.93,0.828591,0.0
19.0959,0.0132762,136.414,0.851418,0.0
19.0971,0.0132267,137.164,0.852441,0.0
19.0886,0.0135092,135.997,0.841538,0.0
19.0793,0.0134452,136.547,0.84733,0.0
19.0903,0.0134308,135.88,0.859936,0.0
19.086,0.0132401,134.879,0.855848,0.0
19.0725,0.0131972,136.981,0.859936,0.0
19.0917,0.0132915,135.196,0.869476,0.0
19.1189,0.0130233,136.03,0.836768,0.0
19.0931,0.0137903,135.613,0.832339,0.0
19.0836,0.0129021,135.379,0.86675,0.0
19.1213,0.0133651,135.446,0.855507,0.0
19.1006,0.0134566,135.746,0.849715,0.0
19.0599,0.0134549,134.562,0.855848,0.0
19.0847,0.0131857,137.398,0.858914,0.0
19.1097,0.0132543,135.98,0.844264,0.0
19.0935,0.0131255,136.647,0.848352,0.0
19.0887,0.0135598,135.68,0.830976,0.0
19.0987,0.0134623,138.082,0.860958,0.0
19.0964,0.0136875,135.746,0.848352,0.0
19.104,0.0131706,136.38,0.835405,0.0
19.1056,0.0134902,135.58,0.85721,0.0
19.0926,0.0132807,136.364,0.846308,0.0
19.1051,0.0131263,137.181,0.849715,0.0
19.1061,0.0131745,137.815,0.860958,0.0
19.0764,0.0133557,136.981,0.860617,0.0
19.0599,0.0132313,135.213,0.853463,0.0
19.0832,0.0132335,136.047,0.85687,0.0
19.1028,0.0133493,135.763,0.850737,0.0
19.0915,0.0131758,136.497,0.852781,0.0
19.0952,0.0130541,135.563,0.848693,0.0
19.0893,0.0133393,135.897,0.830295,0.0
19.0904,0.0133974,135.863,0.83745,0.0
19.1006,0.0136353,136.33,0.835746,0.0
19.0943,0.0133442,135.997,0.839153,0.0
19.0835,0.0134394,135.146,0.83745,0.0
19.0871,0.0134755,136.664,0.872883,0.0
19.1097,0.0134588,136.631,0.855507,0.0
19.1078,0.0133479,135.53,0.818029,0.0
19.0655,0.0130343,134.962,0.853122,0.0
19.0611,0.0132681,136.547,0.848693,0.0
19.0912,0.0137419,135.463,0.832339,0.0
19.1047,0.0132688,135.279,0.844945,0.0
19.1018,0.013275,134.996,0.830295,0.0
19.1017,0.0135512,136.197,0.839153,0.0
19.1014,0.0134547,135.346,0.830976,0.0
19.0928,0.0135104,135.396,0.86198,0.0
19.0922,0.0132926,136.797,0.855848,0.0
19.0851,0.0132465,136.08,0.834383,0.0
19.0644,0.0132393,135.163,0.854144,0.0
19.0877,0.0135492,137.164,0.838812,0.0
19.1148,0.0132496,135.78,0.856188,0.0
19.1052,0.0133566,137.281,0.856188,0.0
19.1028,0.0132164,136.364,0.834043,0.0
19.0952,0.0131935,136.314,0.849034,0.0
19.0884,0.0131206,135.263,0.850737,0.0
19.0935,0.0133871,136.747,0.849715,0.0
19.0874,0.0136367,135.93,0.837109,0.0
19.0797,0.013747,135.796,0.86164,0.0
19.0919,0.0134058,136.38,0.850737,0.0
19.1111,0.0134629,136.764,0.850396,0.0
19.1174,0.013119,136.113,0.851418,0.0
19.109,0.0130452,135.046,0.838131,0.0
19.1072,0.0137378,135.947,0.855166,0.0
19.1089,0.0138163,137.014,0.853803,0.0
19.1176,0.0134314,136.53,0.857551,0.0
19.1108,0.0132664,136.714,0.848352,0.0
19.0926,0.0133981,135.513,0.85721,0.0
19.1013,0.013307,135.613,0.836087,0.0
19.1008,0.0132393,136.447,0.860277,0.0
19.0782,0.0133007,135.329,0.833361,0.0
19.0845,0.0136355,136.797,0.866069,0.0
19.0944,0.0136867,137.131,0.844945,0.0
19.0792,0.0135811,136.047,0.863684,0.0
19.0791,0.0133081,135.029,0.832339,0.0
19.1001,0.0130305,134.562,0.851078,0.0
19.0946,0.0131183,136.53,0.841197,0.0
19.0928,0.013557,137.598,0.839153,0.0
19.1042,0.0132831,136.931,0.850396,0.0
19.0952,0.0133492,134.762,0.850737,0.0
19.0876,0.0134058,136.147,0.8521,0.0
19.096,0.0134908,136.631,0.848693,0.0
19.1006,0.0134724,136.18,0.846649,0.0
19.0885,0.0135587,136.43,0.852441,0.0
19.0939,0.0132974,137.598,0.84256,0.0
19.0877,0.0131719,135.696,0.868794,0.0
19.0864,0.0129448,137.731,0.852441,0.0
19.1146,0.0134468,137.615,0.8521,0.0
19.1125,0.0133974,136.097,0.838472,0.0
19.0728,0.0133755,134.929,0.852441,0.0
19.0771,0.0132612,137.731,0.838472,0.0
19.0836,0.0132163,135.129,0.831658,0.0
19.0655,0.0134492,137.214,0.83268,0.0
19.0659,0.012938,136.514,0.852781,0.0
19.0651,0.0132714,136.847,0.852781,0.0
19.0688,0.013086,136.08,0.863343,0.0
19.0869,0.0131354,135.947,0.842901,0.0
19.0951,0.0131429,137.465,0.853803,0.0
19.0885,0.0132163,135.363,0.867432,0.0
19.0856,0.0129381,136.881,0.850056,0.0
19.0839,0.0131085,134.912,0.844945,0.0
19.0802,0.0134457,136.58,0.855848,0.0
19.1065,0.0135719,136.981,0.869476,0.0
19.1243,0.013531,136.947,0.827228,0.0
19.1058,0.0134208,135.963,0.81837,0.0
19.1078,0.013099,136.447,0.838472,0.0
19.1024,0.0134392,136.163,0.840857,0.0
19.0801,0.0134423,136.981,0.831317,0.0
19.1022,0.0131018,135.897,0.863343,0.0
19.103,0.0133744,136.43,0.865047,0.0
19.0806,0.0133517,136.464,0.838472,0.0
19.0974,0.0134858,136.264,0.837109,0.0
19.113,0.0132067,137.448,0.847671,0.0
19.0976,0.0134408,135.329,0.838131,0.0
19.0778,0.0132802,134.929,0.827228,0.0
19.0815,0.013253,136.33,0.855507,0.0
19.0887,0.01339,136.631,0.829273,0.0
19.0832,0.0127147,136.414,0.848693,0.0
19.0926,0.012997,134.779,0.851078,0.0
19.1027,0.0133651,136.214,0.835746,0.0
19.0922,0.0133034,135.129,0.86164,0.0
19.073,0.013443,137.515,0.846308,0.0
19.0854,0.0131766,136.747,0.859936,0.0
19.105,0.0132573,137.248,0.841538,0.0
19.1059,0.0134943,136.147,0.850056,0.0
19.0881,0.0131679,134.929,0.835746,0.0
19.0761,0.0136402,137.965,0.834383,0.0
19.1027,0.0132481,135.98,0.869816,0.0
19.1004,0.0132378,137.415,0.839153,0.0
19.0776,0.0132745,136.264,0.848693,0.0
19.0943,0.0130392,137.031,0.838131,0.0
19.0912,0.0130752,136.197,0.856529,0.0
19.0806,0.0130908,134.479,0.862662,0.0
19.1,0.0132405,138.465,0.852441,0.0
19.1026,0.0131984,135.763,0.8521,0.0
19.0876,0.0135164,135.93,0.844604,0.0
19.0885,0.0132904,135.496,0.846989,0.0
19.0816,0.0133434,137.465,0.838131,0.0
19.0867,0.013238,136.247,0.831658,0.0
19.1054,0.0135776,137.164,0.864365,0.0
19.1093,0.0133935,136.113,0.853122,0.0
19.097,0.013467,135.063,0.856188,0.0
19.0844,0.0131933,135.98,0.858233,0.0
19.0752,0.0135458,136.113,0.851759,0.0
19.0877,0.013409,135.329,0.853803,0.0
19.1083,0.0132479,136.33,0.856188,0.0
19.099,0.0131992,137.398,0.847671,0.0
19.0863,0.0131981,136.497,0.843923,0.0
19.0922,0.0132783,136.197,0.836087,0.0
19.0926,0.0133844,136.397,0.845967,0.0
19.082,0.0135296,135.63,0.83779,0.0
19.0845,0.0135052,135.246,0.83302,0.0
19.0974,0.0133653,136.397,0.86198,0.0
19.0898,0.0134526,136.113,0.835405,0.0
19.0763,0.0137939,135.513,0.855166,0.0
19.0906,0.0133859,136.664,0.828932,0.0
19.1029,0.0128982,136.914,0.855507,0.0
19.0913,0.0133085,136.364,0.85687,0.0
19.085,0.0132588,136.414,0.850056,0.0
19.0924,0.0133295,135.98,0.835746,0.0
19.1054,0.0133196,136.18,0.840516,0.0
19.1107,0.0130313,135.096,0.840175,0.0
19.0874,0.0133041,135.413,0.845626,0.0
19.0837,0.0127945,135.146,0.843923,0.0
19.1074,0.0131311,137.081,0.863002,0.0
19.1132,0.0134256,136.28,0.859255,0.0
19.0932,0.0133473,135.613,0.851418,0.0
19.0811,0.0131679,137.965,0.86198,0.0
19.0978,0.0133887,136.297,0.864024,0.0
19.0848,0.0134983,135.663,0.837109,0.0
19.074,0.013331,135.863,0.849715,0.0
19.1007,0.0133619,135.329,0.848011,0.0
19.1059,0.0134464,135.646,0.842901,0.0
19.0852,0.0132875,135.847,0.835405,0.0
19.0795,0.0131469,134.846,0.8521,0.0
19.0732,0.0133674,136.28,0.858914,0.0
19.0716,0.0129876,136.18,0.831317,0.0
19.0896,0.0129909,137.098,0.840175,0.0
19.0901,0.0130878,134.495,0.865728,0.0
19.0812,0.0130697,135.163,0.841879,0.0
19.0977,0.0130279,135.396,0.849374,0.0
19.0977,0.0133716,137.731,0.819733,0.0
19.0875,0.0130064,137.364,0.847671,0.0
19.0986,0.0134035,135.73,0.855166,0.0
19.0977,0.0132052,134.896,0.83745,0.0
19.0956,0.0135123,135.346,0.82314,0.0
19.0977,0.0132983,135.847,0.846308,0.0
19.0759,0.013213,136.38,0.841879,0.0
19.0621,0.013393,136.447,0.867432,0.0
19.0778,0.013597,135.68,0.832339,0.0
19.0931,0.0132269,134.779,0.83779,0.0
19.0941,0.0133001,134.579,0.843242,0.0
19.0964,0.0133203,136.03,0.81837,0.0
19.0932,0.0136134,136.514,0.856529,0.0
19.0862,0.0133162,135.83,0.828591,0.0
19.086,0.0134221,136.347,0.824503,0.0
19.0944,0.013155,135.847,0.855507,0.0
19.0831,0.0136207,135.813,0.83745,0.0
19.0607,0.0132365,136.247,0.854485,0.0
19.0582,0.0133236,136.831,0.846649,0.0
19.0804,0.0135252,138.065,0.838472,0.0
19.0977,0.0134436,136.197,0.86198,0.0
19.1004,0.0134992,136.53,0.864706,0.0
19.1075,0.0132482,136.831,0.844264,0.0
19.1022,0.0131354,138.515,0.838812,0.0
19.1071,0.0131951,135.68,0.857892,0.0
19.115,0.0132801,135.129,0.836087,0.0
19.0969,0.0129476,135.296,0.842219,0.0
19.0866,0.0135581,136.297,0.826206,0.0
19.0864,0.0136304,136.13,0.852781,0.0
19.0922,0.0136444,136.997,0.837109,0.0
19.0956,0.013339,135.113,0.849715,0.0
19.0815,0.0134748,136.981,0.853803,0.0
19.0595,0.0133964,134.312,0.859595,0.0
19.0589,0.0133111,135.897,0.816326,0.0
19.0924,0.0131225,136.714,0.839835,0.0
19.098,0.0133958,136.047,0.864024,0.0
19.0797,0.0130812,136.614,0.841538,0.0
19.0838,0.0131622,135.43,0.863002,0.0
19.0762,0.0132478,137.164,0.846649,0.0
19.082,0.0132033,136.53,0.849715,0.0
19.1082,0.0133543,136.697,0.84256,0.0
19.115,0.0133398,136.831,0.842901,0.0
19.0929,0.0137992,136.113,0.85687,0.0
19.0682,0.0130565,136.514,0.848693,0.0
19.0858,0.0132899,136.514,0.848693,0.0
19.1059,0.0130689,135.88,0.863684,0.0
19.0955,0.013182,137.231,0.852781,0.0
19.0942,0.0135136,136.614,0.834724,0.0
19.0893,0.0132202,135.997,0.840516,0.0
19.0858,0.0133472,134.646,0.851078,0.0
19.1063,0.0134897,136.33,0.856188,0.0
19.1123,0.0132705,135.013,0.846649,0.0
19.0858,0.0130337,136.58,0.821096,0.0
19.0839,0.0132447,135.997,0.851418,0.0
19.0973,0.0132115,138.249,0.838812,0.0
19.1082,0.0132917,136.981,0.862321,0.0
19.112,0.0133428,136.08,0.848352,0.0
19.1013,0.0129757,135.63,0.846308,0.0
19.0958,0.0131872,137.181,0.848693,0.0
19.0931,0.0133716,136.697,0.842219,0.0
19.0919,0.0136374,136.13,0.849374,0.0
19.0834,0.0131448,135.279,0.821437,0.0
19.0687,0.0135678,137.865,0.811556,0.0
19.0578,0.0131789,135.613,0.835405,0.0
19.0714,0.0133892,135.246,0.859255,0.0
19.1146,0.0131467,137.665,0.853803,0.0
19.1337,0.0132729,136.797,0.86164,0.0
19.1005,0.0131302,137.415,0.843582,0.0
19.0803,0.0131767,134.979,0.845286,0.0
19.0936,0.0133623,135.696,0.850737,0.0
19.1001,0.013586,135.763,0.851418,0.0
19.0949,0.0131612,137.198,0.836427,0.0
19.0903,0.0133491,135.063,0.835405,0.0
19.0855,0.0134735,138.465,0.869816,0.0
19.1022,0.0129057,135.43,0.864365,0.0
19.0898,0.0134418,135.63,0.841197,0.0
19.0921,0.0134008,136.597,0.863343,0.0
19.0997,0.013148,136.297,0.850056,0.0
19.0775,0.0130489,136.397,0.835746,0.0
19.0676,0.0130276,136.681,0.8521,0.0
19.0808,0.0133982,133.895,0.870157,0.0
19.1037,0.0132976,134.829,0.8521,0.0
19.0835,0.0131113,135.346,0.834043,0.0
19.072,0.0132744,135.763,0.837109,0.0
19.1057,0.0135268,135.763,0.836427,0.0
19.107,0.0132196,136.347,0.859595,0.0
19.0927,0.0132454,137.781,0.861299,0.0
19.1004,0.0135923,135.863,0.855166,0.0
19.0821,0.0133052,136.514,0.836427,0.0
19.0739,0.0129877,137.431,0.84733,0.0
19.0923,0.0132792,136.497,0.856529,0.0
19.1053,0.0133708,136.23,0.848011,0.0
19.0963,0.013503,137.281,0.834043,0.0
19.0918,0.0131831,136.264,0.844945,0.0
19.0896,0.0133837,134.495,0.843582,0.0
19.0887,0.0132929,137.731,0.844604,0.0
19.1066,0.0130194,137.098,0.845286,0.0
19.0977,0.0134261,134.912,0.838812,0.0
19.0736,0.013406,135.796,0.854825,0.0
19.0979,0.0130691,135.663,0.824162,0.0
19.1011,0.0131799,136.247,0.846649,0.0
19.0885,0.0135874,136.981,0.863343,0.0
19.116,0.0134835,136.013,0.85721,0.0
19.1076,0.0128083,138.132,0.851418,0.0
19.0782,0.0131743,134.912,0.83745,0.0
19.0716,0.0130233,137.264,0.846649,0.0
19.081,0.0132891,134.896,0.84733,0.0
19.1022,0.0135291,136.697,0.842219,0.0
19.1092,0.0132335,136.23,0.831658,0.0
19.0959,0.0134912,136.814,0.831317,0.0
19.111,0.0131676,136.13,0.857892,0.0
19.117,0.0130048,136.18,0.828932,0.0
19.1068,0.0131051,135.68,0.822799,0.0
19.0949,0.0128212,135.296,0.821096,0.0
19.0756,0.0134063,135.48,0.855166,0.0
19.0676,0.0134472,135.947,0.846989,0.0
19.0926,0.0136188,135.947,0.842901,0.0
19.1045,0.0133687,136.864,0.831658,0.0
19.0758,0.0131539,135.78,0.860617,0.0
19.0794,0.0133421,135.63,0.839153,0.0
19.1125,0.0131197,136.33,0.868113,0.0
19.1046,0.0132365,136.113,0.829273,0.0
19.0844,0.0130676,135.53,0.822118,0.0
19.0835,0.0130595,135.997,0.838472,0.0
19.0973,0.0133989,136.063,0.864365,0.0
19.0905,0.013733,136.764,0.843582,0.0
19.0857,0.0135267,136.28,0.843923,0.0
19.1166,0.0132321,136.497,0.853803,0.0
19.1217,0.0130956,136.597,0.849715,0.0
19.0867,0.0131313,136.48,0.841538,0.0
19.085,0.0135143,135.379,0.829613,0.0
19.1084,0.013201,137.798,0.838812,0.0
19.1168,0.0131393,136.28,0.828591,0.0
19.0876,0.013501,137.164,0.845626,0.0
19.0766,0.0135624,136.597,0.829613,0.0
19.088,0.0131706,136.163,0.846989,0.0
19.0847,0.013306,137.098,0.8521,0.0
19.0956,0.0130216,134.796,0.817007,0.0
19.098,0.01363,136.447,0.867772,0.0
19.1058,0.0137413,137.081,0.842901,0.0
19.1266,0.0132419,135.213,0.866069,0.0
19.104,0.013398,136.647,0.834043,0.0
19.0838,0.0130232,136.647,0.837109,0.0
19.1056,0.0133066,135.93,0.850396,0.0
19.1033,0.0129205,136.113,0.84733,0.0
19.0922,0.0137518,135.913,0.841197,0.0
19.0915,0.0131658,135.93,0.857551,0.0
19.0853,0.0131489,137.448,0.831317,0.0
19.0802,0.013211,136.147,0.851078,0.0
19.0737,0.0131717,138.465,0.861299,0.0
19.0809,0.0138245,135.68,0.845286,0.0
19.1005,0.0132045,136.681,0.831998,0.0
19.1025,0.0131856,136.447,0.851759,0.0
19.0888,0.0133108,135.146,0.835405,0.0
19.0668,0.0129854,136.631,0.838812,0.0
19.0847,0.0136355,136.097,0.859936,0.0
19.1043,0.0130295,135.396,0.844945,0.0
19.1072,0.0136478,136.497,0.829613,0.0
19.113,0.0135738,136.314,0.828932,0.0
19.0901,0.0134501,136.564,0.853122,0.0
19.0994,0.013287,135.43,0.845626,0.0
19.1213,0.0134578,136.514,0.850737,0.0
19.1107,0.013303,138.282,0.863002,0.0
19.0935,0.0132551,134.846,0.84256,0.0
19.0841,0.0133078,138.449,0.840175,0.0
19.0947,0.0132761,136.23,0.872542,0.0
19.0957,0.0134802,135.463,0.849715,0.0
19.0658,0.0129767,137.648,0.857892,0.0
19.0595,0.0133002,136.697,0.835065,0.0
19.0896,0.013226,135.546,0.855166,0.0
19.101,0.013392,136.297,0.845286,0.0
19.0926,0.0132867,135.746,0.846989,0.0
19.1036,0.0133022,136.297,0.851759,0.0
19.1079,0.0133664,136.58,0.846989,0.0
19.0978,0.0134209,135.746,0.84256,0.0
19.0976,0.0129504,136.063,0.862662,0.0
19.0846,0.0131352,136.264,0.839153,0.0
19.0759,0.0134206,135.463,0.818711,0.0
19.0901,0.0135875,135.546,0.83302,0.0
19.1049,0.0135642,138.399,0.834724,0.0
19.1129,0.0135873,136.647,0.846308,0.0
19.095,0.0133296,136.931,0.844945,0.0
19.1029,0.0131764,136.447,0.842219,0.0
19.1119,0.013076,134.395,0.839835,0.0
19.0864,0.013328,136.097,0.838812,0.0
19.0841,0.013907,137.081,0.847671,0.0
19.0916,0.0135523,137.281,0.839494,0.0
19.0898,0.0130518,135.613,0.834724,0.0
19.0865,0.0130454,136.981,0.826888,0.0
19.0623,0.0129176,136.147,0.840857,0.0
19.0673,0.0131718,135.43,0.859595,0.0
19.0851,0.0133824,136.33,0.844264,0.0
19.0802,0.0133594,135.363,0.842901,0.0
19.0974,0.0132825,134.229,0.853122,0.0
19.103,0.0132948,136.18,0.830976,0.0
19.0901,0.0132588,136.747,0.843923,0.0
19.0912,0.0135001,135.463,0.843242,0.0
19.0887,0.0131963,135.53,0.836427,0.0
19.0843,0.0133208,135.663,0.838472,0.0
19.0891,0.0132234,135.613,0.843923,0.0
19.11,0.0134089,135.363,0.84733,0.0
19.1043,0.013034,135.663,0.854825,0.0
19.0878,0.0132998,136.814,0.836768,0.0
19.0894,0.0131844,136.847,0.853803,0.0
19.0905,0.0134683,135.096,0.826547,0.0
19.1001,0.0131023,136.681,0.867432,0.0
19.1109,0.0131282,135.796,0.843242,0.0
19.0934,0.0135808,134.929,0.826888,0.0
19.0817,0.0133484,137.114,0.86164,0.0
19.0977,0.013351,136.814,0.848693,0.0
19.1058,0.0132018,135.78,0.863343,0.0
19.1007,0.0132452,137.348,0.847671,0.0
19.0976,0.0134215,135.213,0.851078,0.0
19.1047,0.0134999,136.731,0.841538,0.0
19.1009,0.0136396,135.313,0.807127,0.0
19.0832,0.0131918,137.615,0.854144,0.0
19.0926,0.0135799,135.813,0.840857,0.0
19.1068,0.01354,135.613,0.850396,0.0
19.0916,0.0132325,136.597,0.84256,0.0
19.0815,0.0129194,135.863,0.841538,0.0
19.0838,0.013044,136.03,0.838472,0.0
19.0958,0.0132926,136.247,0.840516,0.0
19.0993,0.0132806,136.964,0.819733,0.0
19.1058,0.0135428,136.547,0.848011,0.0
19.1133,0.0132216,136.047,0.84256,0.0
19.1014,0.0136515,136.764,0.856188,0.0
19.097,0.0136481,136.48,0.851078,0.0
19.0961,0.0136968,135.997,0.840516,0.0
19.0908,0.0131852,136.18,0.839153,0.0
19.0722,0.0133195,136.914,0.836087,0.0
19.081,0.0134811,136.647,0.850737,0.0
19.0834,0.0135917,137.781,0.83745,0.0
19.0734,0.0135917,135.963,0.828251,0.0
19.0967,0.013192,136.047,0.844945,0.0
19.1044,0.0135494,136.831,0.848011,0.0
19.0848,0.0132311,136.364,0.867091,0.0
19.0844,0.0132848,135.346,0.836427,0.0
19.0895,0.0131822,137.048,0.870498,0.0
19.1002,0.0133385,136.631,0.842901,0.0
19.1079,0.0135828,136.063,0.836087,0.0
19.0972,0.013356,136.264,0.829273,0.0
19.0718,0.0131048,134.529,0.836768,0.0
19.0683,0.0129461,135.379,0.849715,0.0
19.0831,0.0130352,137.198,0.850737,0.0
19.0907,0.0132158,135.58,0.849034,0.0
19.0826,0.0136105,136.931,0.839835,0.0
19.0782,0.0130625,134.946,0.830636,0.0
19.0824,0.0133353,135.546,0.844945,0.0
19.0808,0.0132886,134.912,0.859936,0.0
19.0916,0.0129724,135.796,0.841197,0.0
19.1171,0.0134005,135.013,0.851418,0.0
19.0979,0.0128796,135.796,0.852781,0.0
19.0739,0.0134712,137.314,0.835746,0.0
19.0728,0.0135342,137.164,0.845626,0.0
19.079,0.0131242,136.814,0.855848,0.0
19.0914,0.0130055,136.564,0.852441,0.0
19.0743,0.0131387,136.514,0.871861,0.0
19.087,0.0132402,134.545,0.83745,0.0
19.1209,0.0133491,135.963,0.838472,0.0
19.0992,0.0132294,135.113,0.849715,0.0
19.0754,0.013266,135.863,0.854825,0.0
19.0831,0.0133217,135.963,0.845286,0.0
19.0947,0.0134275,136.647,0.845286,0.0
19.1072,0.0135735,136.981,0.844945,0.0
19.1,0.0133452,136.497,0.845286,0.0
19.0825,0.0133936,136.097,0.849374,0.0
19.0826,0.0132026,135.696,0.835746,0.0
19.0723,0.013205,136.964,0.854485,0.0
19.0705,0.0133492,135.296,0.846649,0.0
19.0873,0.01338,135.329,0.828251,0.0
19.0891,0.0132212,135.413,0.844945,0.0
19.1027,0.0131673,136.747,0.831658,0.0
19.1091,0.0131413,136.43,0.844604,0.0
19.0892,0.0133942,135.997,0.853463,0.0
19.0866,0.0133969,135.563,0.854144,0.0
19.0974,0.0131968,136.33,0.865047,0.0
19.1001,0.0136671,135.613,0.830636,0.0
19.0793,0.0132295,135.279,0.830976,0.0
19.0788,0.0131917,136.28,0.856529,0.0
19.1088,0.013267,137.114,0.829613,0.0
19.1055,0.0132066,134.128,0.865387,0.0
19.0736,0.0133709,138.182,0.858573,0.0
19.0749,0.0134265,137.648,0.842901,0.0
19.091,0.013354,137.965,0.843923,0.0
19.1043,0.0136404,135.88,0.846308,0.0
19.1049,0.0131932,135.463,0.816667,0.0
19.0893,0.0132163,135.113,0.860958,0.0
19.0951,0.0133479,136.464,0.856529,0.0
19.1121,0.0134572,137.665,0.850396,0.0
19.0998,0.0133358,137.731,0.844604,0.0
19.1009,0.0134121,137.848,0.864024,0.0
19.1104,0.0134121,136.18,0.845626,0.0
19.0999,0.013373,136.881,0.849715,0.0
19.0747,0.0130165,134.646,0.869476,0.0
19.0746,0.0132513,135.596,0.844945,0.0
19.1027,0.0136667,137.031,0.842901,0.0
19.0903,0.0131924,135.396,0.853122,0.0
19.0773,0.0134169,136.247,0.840175,0.0
19.0867,0.0135024,136.38,0.828932,0.0
19.0777,0.0135247,135.796,0.856529,0.0
19.0796,0.0131983,134.696,0.844264,0.0
19.1058,0.0131412,137.665,0.853803,0.0
19.1017,0.0131477,135.513,0.830636,0.0
19.0891,0.0138124,136.631,0.835065,0.0
19.0941,0.0131576,135.963,0.836427,0.0
19.0825,0.013405,137.264,0.845286,0.0
19.0788,0.0134115,135.263,0.83268,0.0
19.1002,0.0136904,136.03,0.845286,0.0
19.1066,0.0133648,137.214,0.841197,0.0
19.0936,0.0130623,135.546,0.832339,0.0
19.0858,0.0131519,136.547,0.845286,0.0
19.0795,0.0134213,135.213,0.834383,0.0
19.0645,0.0136665,135.063,0.866409,0.0
19.0855,0.0131376,135.413,0.833361,0.0
19.1049,0.0129964,136.814,0.840857,0.0
19.0817,0.0134279,136.113,0.849715,0.0
19.0661,0.013159,135.863,0.84733,0.0
19.0664,0.0130892,134.796,0.836087,0.0
19.0833,0.0128448,136.297,0.834043,0.0
19.1044,0.0134024,136.914,0.829613,0.0
19.101,0.0131669,135.63,0.850056,0.0
19.0854,0.0132473,135.163,0.857892,0.0
19.0721,0.0133416,135.329,0.858233,0.0
19.0663,0.0133495,136.464,0.834724,0.0
19.0874,0.0137281,136.864,0.873905,0.0
19.0891,0.0133344,137.331,0.827569,0.0
19.0779,0.0132792,136.113,0.826547,0.0
19.0874,0.013063,135.88,0.863002,0.0
19.0872,0.0134498,136.397,0.870498,0.0
19.0733,0.0134421,137.231,0.852441,0.0
19.0838,0.0131263,135.78,0.846989,0.0
19.0909,0.0132608,136.914,0.845626,0.0
19.0823,0.013336,136.731,0.843582,0.0
19.0886,0.013218,136.714,0.848352,0.0
19.1098,0.013259,136.58,0.838131,0.0
19.119,0.01369,135.379,0.835746,0.0
19.0992,0.0132167,136.013,0.864365,0.0
19.0903,0.0135345,136.48,0.868113,0.0
19.1044,0.0130229,135.58,0.849374,0.0
19.0978,0.0133662,135.713,0.846649,0.0
19.09,0.0132319,137.231,0.831998,0.0
19.0899,0.0134438,135.346,0.829613,0.0
19.0883,0.0132154,135.379,0.846649,0.0
19.1046,0.0132537,135.98,0.849715,0.0
19.1123,0.0133428,134.379,0.85687,0.0
19.0985,0.0135484,136.597,0.864706,0.0
19.1021,0.0134718,134.312,0.845967,0.0
19.1036,0.0132913,135.713,0.834724,0.0
19.1045,0.0132088,136.297,0.85687,0.0
19.1032,0.0133458,136.38,0.851078,0.0
19.0912,0.0133095,136.864,0.840175,0.0
19.095,0.0132241,136.097,0.843923,0.0
19.0877,0.0134778,135.313,0.833702,0.0
19.0776,0.0133633,136.981,0.848693,0.0
19.096,0.0132781,135.963,0.845286,0.0
19.0924,0.0131146,134.829,0.848352,0.0
19.0766,0.0134449,135.279,0.833702,0.0
19.0827,0.0134911,136.247,0.843582,0.0
19.1051,0.0133673,137.031,0.836768,0.0
19.0942,0.0136027,136.08,0.831658,0.0
19.0772,0.0133686,136.747,0.853122,0.0
19.0952,0.0134802,135.129,0.838131,0.0
19.0889,0.0131558,135.696,0.844604,0.0
19.0928,0.0131729,134.779,0.828591,0.0
19.1064,0.0134761,138.465,0.850396,0.0
19.0859,0.0134041,135.813,0.860958,0.0
19.0832,0.013246,136.097,0.845967,0.0
19.1106,0.0134225,136.33,0.864024,0.0
19.1037,0.013251,136.664,0.830295,0.0
19.0958,0.0134371,135.013,0.854144,0.0
19.1012,0.0134869,136.831,0.842901,0.0
19.0884,0.0134531,135.163,0.846649,0.0
19.0815,0.0135988,136.013,0.860958,0.0
19.0952,0.0131192,136.697,0.826888,0.0
19.0989,0.0134104,137.281,0.839494,0.0
19.0873,0.013596,135.279,0.865728,0.0
19.0846,0.0135021,135.997,0.840857,0.0
19.0814,0.0132372,136.514,0.862321,0.0
19.0754,0.0134958,136.063,0.857892,0.0
19.0842,0.0131925,136.03,0.860617,0.0
19.1076,0.0136998,136.23,0.859595,0.0
19.117,0.0137337,136.414,0.85687,0.0
19.0968,0.0135222,136.314,0.867772,0.0
19.0799,0.0133633,137.114,0.839835,0.0
19.0798,0.0133903,134.545,0.845286,0.0
19.0789,0.0132762,135.98,0.851759,0.0
19.0934,0.0132019,136.997,0.849374,0.0
19.1092,0.0132107,135.296,0.840516,0.0
19.0939,0.0134633,136.614,0.823481,0.0
19.0723,0.0134325,135.73,0.849374,0.0
19.0856,0.0133476,135.413,0.866409,0.0
19.0976,0.0136136,135.73,0.826206,0.0
19.0781,0.0135405,136.614,0.836087,0.0
19.0846,0.013704,136.013,0.845286,0.0
19.0999,0.0136821,135.796,0.849034,0.0
19.075,0.0136212,136.414,0.845286,0.0
19.09,0.0132582,136.697,0.855166,0.0
19.1033,0.0132545,136.547,0.858573,0.0
19.0648,0.0135541,135.496,0.8521,0.0
19.0575,0.0131822,134.545,0.854485,0.0
19.0903,0.0129802,137.148,0.843582,0.0
19.0978,0.0132581,136.731,0.842901,0.0
19.0965,0.0130254,136.314,0.849715,0.0
19.1038,0.0132245,135.513,0.830976,0.0
19.1124,0.0129643,137.648,0.849034,0.0
19.1052,0.0131174,136.214,0.862321,0.0
19.0971,0.0131584,135.847,0.844945,0.0
19.0898,0.0134173,135.897,0.860277,0.0
19.0903,0.0132284,134.796,0.834043,0.0
19.0922,0.0133204,135.013,0.862321,0.0
19.0871,0.0131205,135.813,0.845967,0.0
19.09,0.0132516,136.113,0.843923,0.0
19.0801,0.0132499,136.414,0.848011,0.0
19.0747,0.0133019,136.881,0.844264,0.0
19.0971,0.0132252,136.881,0.844604,0.0
19.1114,0.0133245,135.43,0.845967,0.0
19.0927,0.0130721,135.897,0.835746,0.0
19.0937,0.0132357,138.215,0.83302,0.0
19.1047,0.0134622,135.58,0.84733,0.0
19.0942,0.0134889,136.631,0.842901,0.0
19.1114,0.0135569,136.097,0.848352,0.0
19.116,0.0134593,136.347,0.86164,0.0
19.0986,0.0134365,136.831,0.853803,0.0
19.1054,0.0134488,136.33,0.851418,0.0
19.1076,0.0134617,136.864,0.841879,0.0
19.104,0.0132425,135.863,0.850056,0.0
19.0803,0.0128169,136.13,0.856188,0.0
19.0624,0.0132425,135.179,0.849374,0.0
19.0811,0.0130973,136.897,0.849374,0.0
19.0823,0.0134601,136.764,0.835746,0.0
19.077,0.0132465,134.929,0.851078,0.0
19.1017,0.0130433,137.248,0.855507,0.0
19.1056,0.013152,135.279,0.842901,0.0
19.0671,0.0133984,135.013,0.829273,0.0
19.0822,0.0137541,136.33,0.854485,0.0
19.1082,0.0133388,135.663,0.860617,0.0
19.0783,0.013249,136.714,0.823821,0.0
19.0951,0.0134931,137.231,0.854144,0.0
19.1174,0.0135163,137.898,0.853122,0.0
19.0938,0.0132494,135.079,0.825525,0.0
19.0835,0.0134787,136.23,0.84733,0.0
19.1057,0.0133273,135.063,0.841538,0.0
19.127,0.0136509,135.88,0.856529,0.0
19.1119,0.013748,137.181,0.849715,0.0
19.0845,0.0132268,135.546,0.842901,0.0
19.0925,0.0134724,136.247,0.847671,0.0
19.1122,0.0129848,136.764,0.865728,0.0
19.0913,0.0132972,135.796,0.859255,0.0
19.0813,0.0134058,136.931,0.862321,0.0
19.1027,0.0134419,136.43,0.855166,0.0
19.1104,0.0130723,136.547,0.843242,0.0
19.0999,0.0132496,136.397,0.844604,0.0
19.0914,0.0130404,136.564,0.858233,0.0
19.0815,0.0132265,136.113,0.860958,0.0
19.0715,0.0130985,137.181,0.853122,0.0
19.0995,0.0133744,135.296,0.835405,0.0
19.1202,0.0131953,136.914,0.827569,0.0
19.0901,0.0132924,135.863,0.825184,0.0
19.0677,0.013283,137.164,0.857551,0.0
19.0844,0.0132218,136.33,0.836427,0.0
19.0932,0.0130624,135.229,0.8521,0.0
19.0919,0.0132361,136.831,0.837109,0.0
19.0934,0.0133745,137.348,0.846989,0.0
19.0838,0.0134287,135.746,0.855507,0.0
19.087,0.013463,136.097,0.838131,0.0
19.0926,0.0136146,138.065,0.860617,0.0
19.1185,0.0132378,136.23,0.856188,0.0
19.1289,0.0132168,135.213,0.845626,0.0
19.088,0.0130144,135.096,0.831998,0.0
19.0737,0.0129223,137.565,0.853122,0.0
19.1009,0.0131814,135.646,0.855507,0.0
19.1122,0.0135806,136.664,0.855166,0.0
19.1191,0.0135782,136.764,0.850056,0.0
19.1123,0.0130628,135.93,0.848011,0.0
19.0919,0.0132,136.681,0.85687,0.0
19.097,0.0131445,137.148,0.844264,0.0
19.1044,0.013261,137.314,0.851078,0.0
19.102,0.0132697,135.496,0.841879,0.0
19.0865,0.0136069,135.997,0.835746,0.0
19.0846,0.0131581,137.932,0.850737,0.0
19.0881,0.0133958,136.047,0.848352,0.0
19.0761,0.0135813,136.814,0.818711,0.0
19.0828,0.01331,135.88,0.835746,0.0
19.0913,0.0133837,135.93,0.849034,0.0
19.0902,0.0135075,137.181,0.820074,0.0
19.1006,0.0129997,135.496,0.85687,0.0
19.1005,0.0130814,135.53,0.857551,0.0
19.0749,0.0133785,134.646,0.851078,0.0
19.082,0.0133461,136.364,0.877993,0.0
19.1081,0.013512,135.013,0.846989,0.0
19.0967,0.0135182,134.862,0.840857,0.0
19.0902,0.0133896,135.713,0.855166,0.0
19.0973,0.0135812,135.463,0.852781,0.0
19.0964,0.0135568,137.048,0.842219,0.0
19.0953,0.0133731,137.114,0.858914,0.0
19.1046,0.0130076,137.364,0.836427,0.0
19.0955,0.0131606,135.93,0.848693,0.0
19.0766,0.0129869,137.548,0.841538,0.0
19.0803,0.0135202,136.314,0.846308,0.0
19.0758,0.0132762,136.013,0.851078,0.0
19.1087,0.013215,135.863,0.844604,0.0
19.1269,0.0133597,135.88,0.858914,0.0
19.0987,0.0134725,134.846,0.844604,0.0
19.1046,0.0134962,135.913,0.850396,0.0
19.1172,0.0136686,137.998,0.849374,0.0
19.1028,0.0131941,136.33,0.854485,0.0
19.0951,0.013302,136.464,0.861299,0.0
19.1023,0.013457,136.43,0.832339,0.0
19.0823,0.0134704,136.747,0.85687,0.0
19.066,0.0132763,135.913,0.845626,0.0
19.092,0.0133711,136.214,0.851759,0.0
19.1042,0.0130793,135.863,0.838472,0.0
19.087,0.0133405,137.131,0.83779,0.0
19.0887,0.013308,136.58,0.839494,0.0
19.0928,0.0132541,135.463,0.85721,0.0
19.0786,0.0128177,136.18,0.866069,0.0
19.0914,0.0134858,136.497,0.853463,0.0
19.0911,0.0133648,135.58,0.836768,0.0
19.0834,0.0130434,135.63,0.828932,0.0
19.0956,0.0136444,136.564,0.859936,0.0
19.0983,0.0135366,136.814,0.842901,0.0
19.0838,0.0133018,135.296,0.849374,0.0
19.0865,0.0131843,134.779,0.855848,0.0
19.1032,0.0130558,136.547,0.848693,0.0
19.0952,0.0132202,135.863,0.846649,0.0
19.0942,0.0132363,136.03,0.837109,0.0
19.1064,0.013006,135.63,0.862321,0.0
19.092,0.0133775,136.047,0.835405,0.0
19.1019,0.0135558,135.813,0.835746,0.0
19.1071,0.013052,135.646,0.835746,0.0
19.0823,0.0132642,135.446,0.854825,0.0
19.0887,0.0132148,137.314,0.854144,0.0
19.11,0.0133467,136.33,0.839835,0.0
19.1056,0.0135642,137.515,0.83779,0.0
19.0865,0.0129739,138.449,0.838131,0.0
19.0893,0.0128295,136.747,0.853463,0.0
19.0944,0.0130958,134.612,0.843242,0.0
19.0646,0.013225,135.813,0.83745,0.0
19.07,0.0136756,136.464,0.863684,0.0
19.1125,0.013722,136.964,0.838472,0.0
19.1138,0.0136546,135.713,0.853122,0.0
19.0861,0.0135715,135.463,0.830636,0.0
19.0712,0.0132536,135.296,0.842219,0.0
19.1085,0.0130478,136.347,0.855848,0.0
19.1107,0.0132028,136.914,0.839494,0.0
19.0713,0.0134329,137.081,0.858233,0.0
19.0817,0.0133562,137.515,0.854825,0.0
19.0935,0.0132315,135.847,0.845286,0.0
19.0966,0.0130608,137.198,0.843582,0.0
19.0994,0.0134,136.097,0.844604,0.0
19.0898,0.0133922,136.364,0.849374,0.0
19.0926,0.0130486,136.781,0.836427,0.0
19.1097,0.0134179,135.363,0.838812,0.0
19.1127,0.0131416,135.713,0.830976,0.0
19.0995,0.01343,135.847,0.863002,0.0
19.1017,0.0134034,134.679,0.8521,0.0
19.1047,0.0131255,136.814,0.843923,0.0
19.0936,0.0132341,136.43,0.839835,0.0
19.1026,0.0133176,136.464,0.848011,0.0
19.1011,0.0134534,138.132,0.860617,0.0
19.0876,0.0136053,136.614,0.856188,0.0
19.0856,0.0130858,135.329,0.840175,0.0
19.0883,0.0131597,136.781,0.845967,0.0
19.1088,0.0127507,135.88,0.858914,0.0
19.0981,0.0130051,137.665,0.829954,0.0
19.0903,0.0136452,135.947,0.848011,0.0
19.1146,0.013417,135.446,0.82314,0.0
19.0978,0.0133699,136.047,0.84733,0.0
19.0629,0.0133908,135.63,0.842901,0.0
19.0784,0.0133769,137.048,0.862321,0.0
19.1029,0.0135753,135.63,0.835065,0.0
19.0988,0.013197,136.13,0.86198,0.0
19.0845,0.0134723,135.43,0.838812,0.0
19.0837,0.0134568,137.631,0.836087,0.0
19.0953,0.0132987,136.23,0.817689,0.0
19.1003,0.0130387,135.997,0.863684,0.0
19.0881,0.0133625,135.663,0.865387,0.0
19.0803,0.0135793,135.196,0.84733,0.0
19.1067,0.0132106,135.263,0.849715,0.0
19.1058,0.0130529,137.281,0.864365,0.0
19.0785,0.0131566,136.264,0.844264,0.0
19.0768,0.0133573,135.379,0.828591,0.0
19.0893,0.0135806,135.663,0.837109,0.0
19.1014,0.0134808,136.097,0.840857,0.0
19.1094,0.0130107,136.347,0.852441,0.0
19.1137,0.0134271,136.314,0.855507,0.0
19.1131,0.0131694,135.73,0.859595,0.0
19.1078,0.0134787,136.647,0.853463,0.0
19.1125,0.0134164,134.345,0.82791,0.0
19.1044,0.0135199,135.53,0.831998,0.0
19.0852,0.0132991,136.197,0.831658,0.0
19.0819,0.0132245,135.263,0.835746,0.0
19.0762,0.0132042,137.131,0.822799,0.0
19.0809,0.0133518,135.963,0.853803,0.0
19.0859,0.0132562,136.647,0.838131,0.0
19.0801,0.013181,134.579,0.844264,0.0
19.0899,0.0134498,134.929,0.841879,0.0
19.1019,0.0132424,136.864,0.859595,0.0
19.1145,0.0131896,135.163,0.854485,0.0
19.1126,0.0135563,137.448,0.855848,0.0
19.0958,0.0133686,136.514,0.844945,0.0
19.085,0.0134668,134.996,0.858233,0.0
19.0876,0.0133547,136.58,0.86198,0.0
19.0975,0.0130079,135.313,0.870498,0.0
19.0905,0.0132127,137.398,0.856529,0.0
19.0919,0.0132256,136.347,0.854144,0.0
19.0878,0.0132423,136.047,0.828932,0.0
19.0763,0.0130694,135.73,0.844604,0.0
19.0892,0.0133774,136.981,0.836087,0.0
19.1064,0.0134034,137.031,0.844604,0.0
19.0979,0.0132751,135.68,0.840175,0.0
19.1013,0.0133635,136.214,0.847671,0.0
19.1113,0.0134453,136.314,0.856188,0.0
19.0883,0.0133742,137.848,0.843923,0.0
19.0756,0.0135316,135.496,0.840175,0.0
19.0784,0.0131566,135.963,0.85687,0.0
19.0831,0.0130888,135.096,0.859936,0.0
19.0959,0.0131114,135.947,0.819052,0.0
19.1171,0.0131452,136.947,0.871179,0.0
19.1079,0.0129819,136.464,0.851078,0.0
19.0833,0.0131494,133.978,0.841197,0.0
19.0725,0.0134338,135.646,0.835065,0.0
19.0742,0.0130244,136.18,0.848011,0.0
19.0775,0.0132525,135.847,0.843242,0.0
19.0907,0.0133915,135.696,0.852441,0.0
19.0947,0.0132683,135.796,0.842901,0.0
19.1012,0.0133216,135.513,0.852441,0.0
19.105,0.0134572,135.363,0.855507,0.0
19.0924,0.0129872,136.564,0.839153,0.0
19.0824,0.0134802,136.497,0.835405,0.0
19.0956,0.0129121,137.481,0.858233,0.0
19.1124,0.0133928,136.48,0.873905,0.0
19.0887,0.0133785,136.997,0.843923,0.0
19.0884,0.0128776,136.13,0.86675,0.0
19.1033,0.0131834,136.464,0.850396,0.0
19.0996,0.0131263,135.763,0.860958,0.0
19.0893,0.0132608,136.347,0.829613,0.0
19.0768,0.0134115,136.497,0.864365,0.0
19.0794,0.0135253,137.398,0.857551,0.0
19.082,0.0136771,135.096,0.845626,0.0
19.0911,0.0134645,135.346,0.834383,0.0
19.1051,0.0134338,136.297,0.86164,0.0
19.1024,0.0131607,135.329,0.834724,0.0
19.1057,0.0134698,136.697,0.844264,0.0
19.1096,0.0133109,135.346,0.844264,0.0
19.0762,0.0130316,137.114,0.841197,0.0
19.0805,0.0133891,135.046,0.872883,0.0
19.0878,0.0132238,136.147,0.858573,0.0
19.0792,0.0131267,135.813,0.834043,0.0
19.0891,0.0129259,134.862,0.850056,0.0
19.0818,0.0129301,135.546,0.838812,0.0
19.0894,0.0131977,135.847,0.826547,0.0
19.1092,0.0131591,136.43,0.846308,0.0
19.0871,0.0135766,135.413,0.83268,0.0
19.069,0.01329,137.231,0.868113,0.0
19.0834,0.0134647,136.447,0.844945,0.0
19.094,0.013563,135.096,0.83268,0.0
19.0931,0.0133974,135.53,0.841197,0.0
19.1069,0.0133389,135.813,0.830976,0.0
19.1003,0.0130276,134.929,0.847671,0.0
19.0751,0.0134819,136.647,0.850056,0.0
19.0795,0.013374,136.264,0.839494,0.0
19.107,0.0134544,135.229,0.852781,0.0
19.1155,0.0131222,137.264,0.853122,0.0
19.1031,0.0131646,135.146,0.845967,0.0
19.0984,0.013349,135.346,0.867772,0.0
19.0884,0.0134173,137.832,0.845626,0.0
19.0794,0.0132979,136.547,0.841197,0.0
19.1007,0.013257,136.797,0.853122,0.0
19.1184,0.0132531,135.847,0.846989,0.0
19.0889,0.0133267,134.262,0.85721,0.0
19.0632,0.0130086,136.163,0.872201,0.0
19.0781,0.0130211,135.43,0.828251,0.0
19.0855,0.0136157,136.981,0.854825,0.0
19.1133,0.0132654,137.148,0.841879,0.0
19.1151,0.0131985,135.863,0.837109,0.0
19.0857,0.0130283,134.829,0.825525,0.0
19.09,0.0129674,135.646,0.845967,0.0
19.0951,0.0133182,136.897,0.83745,0.0
19.0961,0.0130996,135.329,0.83302,0.0
19.1101,0.0131621,135.98,0.844264,0.0
19.1002,0.0132871,136.447,0.848693,0.0
19.0698,0.0135765,136.18,0.853122,0.0
19.0617,0.0134156,136.697,0.840857,0.0
19.0899,0.0132677,137.581,0.860958,0.0
19.1055,0.013199,136.48,0.848011,0.0
19.0954,0.0132561,137.181,0.841538,0.0
19.0872,0.0133661,136.264,0.822459,0.0
19.0817,0.0132363,137.648,0.851078,0.0
19.088,0.0132423,135.346,0.83779,0.0
19.0833,0.0131885,136.147,0.860958,0.0
19.0915,0.0134001,135.413,0.820414,0.0
19.0936,0.0135837,137.748,0.853803,0.0
19.0779,0.0135496,135.246,0.853803,0.0
19.0728,0.0132677,136.464,0.849715,0.0
19.0845,0.013429,135.163,0.839835,0.0
19.0951,0.0134991,135.68,0.844264,0.0
19.0986,0.0134731,137.114,0.836427,0.0
19.0825,0.0133292,134.295,0.835746,0.0
19.0988,0.0131687,136.797,0.818711,0.0
19.13,0.0133185,135.947,0.839153,0.0
19.1088,0.0134988,138.082,0.855507,0.0
19.0778,0.0131013,136.314,0.844264,0.0
19.0758,0.0136293,135.88,0.844264,0.0
19.0766,0.0130785,136.247,0.828932,0.0
19.0894,0.0130684,136.163,0.842901,0.0
19.1066,0.0132441,134.312,0.846308,0.0
19.0991,0.0130535,136.547,0.856529,0.0
19.0811,0.0137882,134.295,0.825866,0.0
19.0921,0.0134632,135.246,0.851078,0.0
19.1065,0.0130572,137.014,0.86164,0.0
19.0925,0.0131596,135.43,0.851418,0.0
19.0665,0.0133644,135.596,0.841879,0.0
19.0767,0.0135277,136.947,0.865387,0.0
19.0969,0.0134666,137.264,0.860958,0.0
19.0867,0.0134501,135.963,0.82791,0.0
19.096,0.0131521,137.114,0.817348,0.0
19.1101,0.0136518,134.946,0.841538,0.0
19.0896,0.0133174,136.447,0.835065,0.0
19.0854,0.0134663,136.364,0.869476,0.0
19.1077,0.0134403,135.997,0.861299,0.0
19.09,0.0133285,135.68,0.838812,0.0
19.0613,0.0132584,137.031,0.853803,0.0
19.0872,0.0133174,137.131,0.846308,0.0
19.0892,0.0130464,136.714,0.868454,0.0
19.0624,0.013382,134.629,0.836768,0.0
19.0745,0.0135242,135.229,0.825184,0.0
19.0952,0.0135686,135.163,0.841879,0.0
19.0806,0.0132202,135.63,0.852781,0.0
19.0781,0.0132523,137.615,0.874246,0.0
19.0905,0.0134397,136.564,0.84733,0.0
19.0984,0.0130827,137.781,0.856188,0.0
19.1022,0.0133564,137.014,0.848693,0.0
19.0865,0.0134915,136.23,0.857892,0.0
19.0813,0.0131347,136.43,0.843582,0.0
19.1096,0.013717,136.347,0.845286,0.0
19.1134,0.0131443,135.78,0.863343,0.0
19.0966,0.0134618,136.947,0.853122,0.0
19.1017,0.0132688,136.814,0.855848,0.0
19.0944,0.0132229,134.629,0.853463,0.0
19.0829,0.013431,136.197,0.838472,0.0
19.0996,0.0132299,135.913,0.867091,0.0
19.096,0.0131639,136.197,0.845967,0.0
19.0813,0.0131078,136.964,0.838812,0.0
19.1083,0.0134735,137.198,0.865728,0.0
19.1216,0.0132788,136.047,0.83268,0.0
19.1126,0.0133026,135.913,0.854144,0.0
19.1283,0.0134869,136.497,0.819733,0.0
19.1246,0.0132324,136.197,0.833361,0.0
19.092,0.0134897,136.881,0.841879,0.0
19.0827,0.0129892,136.53,0.875268,0.0
19.0782,0.0135722,135.83,0.826206,0.0
19.0809,0.0133842,136.13,0.844604,0.0
19.0977,0.0132245,135.53,0.819052,0.0
19.0848,0.0131302,137.198,0.845967,0.0
19.091,0.0131801,134.712,0.843923,0.0
19.115,0.0133528,137.665,0.858914,0.0
19.0869,0.0132347,136.514,0.847671,0.0
19.0673,0.01301,133.895,0.864365,0.0
19.0886,0.0134258,136.831,0.843923,0.0
19.0926,0.0130579,134.896,0.844264,0.0
19.0922,0.0134834,136.681,0.863343,0.0
19.1074,0.0134874,135.279,0.831998,0.0
19.1142,0.0132085,136.163,0.829613,0.0
19.1068,0.0130863,134.829,0.845286,0.0
19.0981,0.0131289,136.797,0.847671,0.0
19.0973,0.0131875,135.129,0.845626,0.0
19.0878,0.0132884,136.881,0.840857,0.0
19.0944,0.0133935,137.214,0.855166,0.0
19.0919,0.0132204,136.397,0.846989,0.0
19.0901,0.0135824,135.363,0.859255,0.0
19.0987,0.0133848,134.529,0.845967,0.0
19.08,0.0133726,136.48,0.844945,0.0
19.0767,0.0135612,135.88,0.840175,0.0
19.1025,0.0135355,136.264,0.847671,0.0
19.1115,0.013363,134.696,0.863343,0.0
19.0841,0.0136265,135.563,0.862321,0.0
19.0705,0.0136462,136.18,0.848352,0.0
19.0981,0.0133366,138.082,0.842219,0.0
19.1028,0.0134271,135.513,0.8521,0.0
19.0822,0.0135389,136.08,0.839835,0.0
19.0766,0.0133024,135.53,0.838131,0.0
19.09,0.0133946,135.43,0.837109,0.0
19.0995,0.0132928,136.547,0.877312,0.0
19.0961,0.0131819,135.646,0.859255,0.0
19.1147,0.0132983,136.147,0.856188,0.0
19.1057,0.0135359,136.847,0.846989,0.0
19.0745,0.0134986,134.812,0.835405,0.0
19.0695,0.0131464,137.031,0.845626,0.0
19.0962,0.0133262,136.264,0.851078,0.0
19.1189,0.0134911,136.981,0.855166,0.0
19.0938,0.0133726,137.665,0.843582,0.0
19.0799,0.0132737,135.863,0.844604,0.0
19.0924,0.0135669,135.947,0.870157,0.0
19.0858,0.0134967,135.696,0.84733,0.0
19.0903,0.0131955,136.13,0.836427,0.0
19.1008,0.0133396,137.465,0.843242,0.0
19.0923,0.012997,135.713,0.877993,0.0
19.0949,0.0135634,135.98,0.850396,0.0
19.0964,0.0135578,135.496,0.815645,0.0
19.0699,0.0131093,135.363,0.863343,0.0
19.0823,0.01311,136.814,0.84733,0.0
19.1019,0.0132586,135.53,0.841538,0.0
19.0813,0.0132232,136.063,0.863684,0.0
19.0941,0.0131782,135.229,0.871861,0.0
19.0992,0.0133471,135.229,0.841538,0.0
19.0832,0.0134089,137.031,0.828932,0.0
19.0869,0.0132753,135.93,0.838472,0.0
19.0948,0.0132951,135.58,0.850737,0.0
19.0903,0.013425,137.231,0.86198,0.0
19.0838,0.0131964,136.297,0.838812,0.0
19.0804,0.013367,136.063,0.8521,0.0
19.0842,0.0133109,137.131,0.86198,0.0
19.0999,0.0135114,134.128,0.850737,0.0
19.1012,0.0134653,135.58,0.823481,0.0
19.0937,0.0130668,135.93,0.853803,0.0
19.0915,0.0133228,135.847,0.852781,0.0
19.0871,0.0132251,136.364,0.842901,0.0
19.0905,0.0134589,137.314,0.854825,0.0
19.0939,0.0133491,135.096,0.833702,0.0
19.0865,0.013381,136.214,0.853122,0.0
19.0963,0.013441,136.631,0.860277,0.0
19.0956,0.0131916,135.096,0.843242,0.0
19.0865,0.0131362,135.229,0.852441,0.0
19.0823,0.0132609,136.764,0.863343,0.0
19.0754,0.0135039,136.247,0.854825,0.0
19.0832,0.0135624,135.997,0.825525,0.0
19.0842,0.0133326,136.697,0.851078,0.0
19.0949,0.0133949,136.097,0.860958,0.0
19.1119,0.0132657,135.43,0.858233,0.0
19.1092,0.0133269,135.73,0.83745,0.0
19.1082,0.0135262,137.448,0.848693,0.0
19.1092,0.0133851,136.631,0.843923,0.0
19.0871,0.0133215,135.396,0.87152,0.0
19.0829,0.0132703,135.113,0.853463,0.0
19.0985,0.0134288,133.244,0.854144,0.0
19.0944,0.0135711,136.497,0.838131,0.0
19.0904,0.0135714,135.079,0.86198,0.0
19.1032,0.0133837,136.564,0.858233,0.0
19.1067,0.013289,136.163,0.828251,0.0
19.0902,0.0132878,135.146,0.839835,0.0
19.0833,0.0133345,135.713,0.850396,0.0
19.0849,0.013469,136.03,0.83268,0.0
19.0877,0.0135583,137.298,0.826547,0.0
19.0962,0.0134889,135.079,0.84256,0.0
19.0959,0.0132335,137.164,0.841197,0.0
19.0973,0.0135429,136.764,0.841879,0.0
19.0961,0.0136769,136.063,0.858573,0.0
19.0862,0.0134296,135.58,0.855848,0.0
19.0867,0.0133017,136.881,0.836087,0.0
19.1101,0.013185,136.264,0.846649,0.0
19.0987,0.0133642,136.247,0.853803,0.0
19.0804,0.0132331,136.647,0.849034,0.0
19.1017,0.0134092,136.497,0.839494,0.0
19.0898,0.0132909,136.514,0.83302,0.0
19.08,0.0130032,135.897,0.840516,0.0
19.1062,0.0133399,135.646,0.853803,0.0
19.1159,0.0133581,134.896,0.860958,0.0
19.1077,0.0134127,137.715,0.846989,0.0
19.0939,0.01337,137.064,0.857551,0.0
19.1152,0.0133364,136.747,0.845626,0.0
19.1201,0.0135914,135.88,0.842901,0.0
19.0829,0.0137421,136.714,0.836087,0.0
19.0884,0.0135461,136.53,0.843923,0.0
19.1029,0.0132963,134.762,0.840175,0.0
19.079,0.0135813,135.813,0.841879,0.0
19.0723,0.013367,135.83,0.863002,0.0
19.1004,0.0131784,135.113,0.854144,0.0
19.0997,0.0133554,136.047,0.84733,0.0
19.0851,0.0131413,136.247,0.847671,0.0
19.0854,0.0135463,136.847,0.850056,0.0
19.0852,0.0134886,135.863,0.849374,0.0
19.0738,0.0134386,136.58,0.846308,0.0
19.0765,0.0132116,135.296,0.854144,0.0
19.0862,0.0134283,135.63,0.829954,0.0
19.0904,0.0132612,137.114,0.843923,0.0
19.1083,0.0129249,135.913,0.8521,0.0
19.098,0.0133523,136.847,0.849715,0.0
19.0827,0.0130692,135.329,0.821096,0.0
19.0857,0.0129168,136.647,0.8521,0.0
19.0771,0.01311,135.046,0.846989,0.0
19.0864,0.0132629,136.33,0.846308,0.0
19.1057,0.0134102,137.314,0.847671,0.0
19.0902,0.0132049,135.396,0.853803,0.0
19.0967,0.0133412,137.832,0.85721,0.0
19.1269,0.0136265,135.58,0.839494,0.0
19.0969,0.0130628,137.364,0.841879,0.0
19.078,0.0132225,136.047,0.863343,0.0
19.0985,0.0130608,136.647,0.850056,0.0
19.0967,0.0133721,134.562,0.846989,0.0
19.0803,0.013397,136.23,0.866409,0.0
19.0879,0.01347,136.03,0.86198,0.0
19.095,0.0132364,135.796,0.860277,0.0
19.0948,0.0129032,136.447,0.841197,0.0
19.0999,0.0132577,136.43,0.83779,0.0
19.0918,0.0133247,135.93,0.852781,0.0
19.0832,0.0132653,134.846,0.843923,0.0
19.0764,0.0131923,136.914,0.843242,0.0
19.0788,0.0133024,135.496,0.83745,0.0
19.0875,0.0131382,135.997,0.852441,0.0
19.0929,0.0129084,137.481,0.853122,0.0
19.0955,0.0130094,135.78,0.829613,0.0
19.091,0.0132341,135.796,0.842901,0.0
19.0936,0.0132883,136.247,0.825184,0.0
19.1063,0.0132801,135.863,0.857551,0.0
19.1153,0.0132544,137.298,0.848352,0.0
19.1002,0.0133951,134.679,0.836768,0.0
19.0838,0.0133253,136.681,0.865728,0.0
19.0832,0.0133791,135.596,0.842219,0.0
19.0834,0.0131614,136.063,0.853463,0.0
19.0933,0.013397,135.847,0.842219,0.0
19.0957,0.0134456,137.081,0.855848,0.0
19.0873,0.0134217,135.029,0.848011,0.0
19.0938,0.0131127,137.314,0.841879,0.0
19.0916,0.0132408,136.314,0.858914,0.0
19.0923,0.0135306,136.364,0.848352,0.0
19.1027,0.0130707,136.614,0.847671,0.0
19.0936,0.0129773,136.247,0.856529,0.0
19.1008,0.0135239,136.564,0.83302,0.0
19.092,0.0133655,134.078,0.846308,0.0
19.0636,0.0135639,136.647,0.835065,0.0
19.0887,0.0134585,137.815,0.871179,0.0
19.1009,0.0132102,134.946,0.875268,0.0
19.0841,0.0129779,134.879,0.846308,0.0
19.0979,0.0132408,137.114,0.849034,0.0
19.1042,0.0130761,135.129,0.836427,0.0
19.0797,0.0133187,135.613,0.832339,0.0
19.0906,0.0134023,135.763,0.865728,0.0
19.1196,0.013566,135.863,0.854825,0.0
19.1012,0.0132994,136.397,0.868794,0.0
19.0775,0.0132699,137.064,0.83779,0.0
19.0982,0.013233,138.449,0.839835,0.0
19.1216,0.0132323,134.545,0.856529,0.0
19.0937,0.0130641,135.246,0.861299,0.0
19.0807,0.0131067,137.081,0.85687,0.0
19.0944,0.012874,135.646,0.821437,0.0
19.0898,0.013424,137.581,0.852441,0.0
19.0886,0.0133653,134.812,0.834724,0.0
19.0741,0.0132333,134.896,0.844264,0.0
19.0862,0.0135062,136.714,0.834043,0.0
19.1132,0.0133806,135.596,0.846989,0.0
19.0944,0.0134527,135.279,0.836768,0.0
19.0821,0.0134431,136.58,0.85687,0.0
19.1112,0.0133183,134.529,0.83745,0.0
19.1029,0.0133845,136.047,0.847671,0.0
19.0686,0.0133434,137.448,0.83268,0.0
19.0953,0.0132373,135.93,0.852781,0.0
19.1079,0.0134693,135.78,0.851078,0.0
19.0775,0.0133792,135.246,0.851759,0.0
19.0979,0.0128409,137.465,0.85687,0.0
19.1025,0.0,136.214,0.0,0.0
19.0594,0.0,136.881,0.0,0.0
19.0693,0.0,136.247,0.0,0.0
19.0933,0.0,136.931,0.0,0.0
19.1067,0.0,135.379,0.0,0.0
19.1045,0.0,136.497,0.0,0.0
19.0837,0.0,136.147,0.0,0.0
19.0896,0.0,134.846,0.0,0.0
19.1018,0.0,135.43,0.0,0.0
19.1014,0.0,135.613,0.0,0.0
19.0886,0.0,134.896,0.0,0.0
19.0892,0.0,136.38,0.0,0.0
19.0976,0.0,135.763,0.0,0.0
19.105,0.0,136.08,0.0,0.0
19.0935,0.0,135.53,0.0,0.0
19.0631,0.0,134.812,0.0,0.0
19.0897,0.0,138.115,0.0,0.0
19.1078,0.0,135.246,0.0,0.0
19.0884,0.0,135.513,0.0,0.0
19.0832,0.0,135.48,0.0,0.0
19.0673,0.0,135.163,0.0,0.0
19.088,0.0,136.964,0.0,0.0
19.1127,0.0,136.063,0.0,0.0
19.0922,0.0,136.03,0.0,0.0
19.0889,0.0,136.914,0.0,0.0
19.0916,0.0,134.395,0.0,0.0
19.087,0.0,136.08,0.0,0.0
19.1055,0.0,136.397,0.0,0.0
19.0995,0.0,136.547,0.0,0.0
19.079,0.0,136.58,0.0,0.0
19.0799,0.0,135.513,0.0,0.0
19.0853,0.0,135.93,0.0,0.0
19.1114,0.0,135.796,0.0,0.0
19.1185,0.0,137.264,0.0,0.0
19.1106,0.0,136.647,0.0,0.0
19.0873,0.0,136.247,0.0,0.0
19.0743,0.0,135.897,0.0,0.0
19.0921,0.0,135.83,0.0,0.0
19.0933,0.0,136.781,0.0,0.0
19.0958,0.0,135.663,0.0,0.0
19.0941,0.0,136.597,0.0,0.0
19.0831,0.0,134.612,0.0,0.0
19.0996,0.0,136.23,0.0,0.0
19.1026,0.0,136.797,0.0,0.0
19.0793,0.0,135.746,0.0,0.0
19.0761,0.0,135.863,0.0,0.0
19.1042,0.0,135.079,0.0,0.0
19.1267,0.0,135.696,0.0,0.0
19.1042,0.0,135.796,0.0,0.0
19.089,0.0,135.613,0.0,0.0
19.0929,0.0,137.131,0.0,0.0
19.0934,0.0,135.78,0.0,0.0
19.1041,0.0,135.63,0.0,0.0
19.0967,0.0,136.814,0.0,0.0
19.0836,0.0,136.714,0.0,0.0
19.0947,0.0,136.03,0.0,0.0
19.0937,0.0,139.049,0.0,0.0
19.1047,0.0,137.331,0.0,0.0
19.1153,0.0,136.18,0.0,0.0
19.093,0.0,136.214,0.0,0.0
19.077,0.0,136.247,0.0,0.0
19.0817,0.0,136.214,0.0,0.0
19.0803,0.0,137.214,0.0,0.0
19.0866,0.0,136.947,0.0,0.0
19.0842,0.0,135.98,0.0,0.0
19.0746,0.0,135.163,0.0,0.0
19.0871,0.0,135.079,0.0,0.0
19.0991,0.0,135.78,0.0,0.0
19.0994,0.0,134.679,0.0,0.0
19.0833,0.0,134.962,0.0,0.0
19.0871,0.0,135.363,0.0,0.0
19.0906,0.0,135.646,0.0,0.0
19.0695,0.0,135.146,0.0,0.0
19.0742,0.0,136.997,0.0,0.0
19.091,0.0,135.947,0.0,0.0
19.0833,0.0,136.03,0.0,0.0
19.0944,0.0,136.564,0.0,0.0
19.0978,0.0,135.58,0.0,0.0
19.0796,0.0,135.847,0.0,0.0
19.0685,0.0,136.997,0.0,0.0
19.0734,0.0,135.363,0.0,0.0
19.0839,0.0,136.18,0.0,0.0
19.0756,0.0,135.713,0.0,0.0
19.0744,0.0,136.214,0.0,0.0
19.0913,0.0,136.047,0.0,0.0
19.0912,0.0,136.931,0.0,0.0
19.1024,0.0,134.996,0.0,0.0
19.1114,0.0,136.747,0.0,0.0
19.0945,0.0,135.663,0.0,0.0
19.0845,0.0,136.864,0.0,0.0
19.0954,0.0,134.779,0.0,0.0
19.0926,0.0,136.897,0.0,0.0
19.0689,0.0,135.213,0.0,0.0
19.0752,0.0,136.881,0.0,0.0
19.1022,0.0,137.898,0.0,0.0
19.0927,0.0,135.329,0.0,0.0
19.0755,0.0,134.646,0.0,0.0
19.0897,0.0,135.53,0.0,0.0
19.1165,0.0,135.913,0.0,0.0
19.1145,0.0,135.68,0.0,0.0
19.101,0.0,136.33,0.0,0.0
19.1058,0.0,136.314,0.0,0.0
19.1037,0.0,136.53,0.0,0.0
19.0855,0.0,134.996,0.0,0.0
19.1042,0.0,136.047,0.0,0.0
19.1056,0.0,135.013,0.0,0.0
19.0751,0.0,136.914,0.0,0.0
19.0831,0.0,136.23,0.0,0.0
19.0839,0.0,136.314,0.0,0.0
19.0742,0.0,135.096,0.0,0.0
19.0847,0.0,137.231,0.0,0.0
19.0928,0.0,136.58,0.0,0.0
19.0911,0.0,136.297,0.0,0.0
19.0928,0.0,137.565,0.0,0.0
19.104,0.0,137.631,0.0,0.0
19.0961,0.0,135.596,0.0,0.0
19.0822,0.0,136.247,0.0,0.0
19.0914,0.0,137.181,0.0,0.0
19.0836,0.0,135.663,0.0,0.0
19.0671,0.0,137.565,0.0,0.0
19.0871,0.0,136.397,0.0,0.0
19.098,0.0,136.08,0.0,0.0
19.1014,0.0,135.413,0.0,0.0
19.095,0.0,137.031,0.0,0.0
19.0895,0.0,136.947,0.0,0.0
19.0943,0.0,135.696,0.0,0.0
19.0922,0.0,138.082,0.0,0.0
19.0849,0.0,136.063,0.0,0.0
19.0739,0.0,136.681,0.0,0.0
19.0958,0.0,136.764,0.0,0.0
19.1054,0.0,136.163,0.0,0.0
19.0677,0.0,135.88,0.0,0.0
19.0637,0.0,136.847,0.0,0.0
19.0816,0.0,137.081,0.0,0.0
19.079,0.0,136.013,0.0,0.0
19.067,0.0,136.097,0.0,0.0
19.0829,0.0,136.397,0.0,0.0
19.0904,0.0,137.498,0.0,0.0
19.0896,0.0,135.696,0.0,0.0
19.0958,0.0,134.562,0.0,0.0
19.1084,0.0,137.531,0.0,0.0
19.1046,0.0,135.98,0.0,0.0
19.0916,0.0,136.597,0.0,0.0
19.094,0.0,136.43,0.0,0.0
19.1054,0.0,137.565,0.0,0.0
19.1009,0.0,134.329,0.0,0.0
19.0931,0.0,136.447,0.0,0.0
19.0985,0.0,135.163,0.0,0.0
19.0964,0.0,136.864,0.0,0.0
19.0679,0.0,135.646,0.0,0.0
19.072,0.0,136.264,0.0,0.0
19.1059,0.0,134.512,0.0,0.0
19.1023,0.0,135.897,0.0,0.0
19.0836,0.0,135.546,0.0,0.0
19.0716,0.0,134.896,0.0,0.0
19.0692,0.0,136.33,0.0,0.0
19.0861,0.0,137.548,0.0,0.0
19.1105,0.0,134.779,0.0,0.0
19.1015,0.0,136.197,0.0,0.0
19.0733,0.0,136.163,0.0,0.0
19.0689,0.0,135.897,0.0,0.0
19.0707,0.0,135.73,0.0,0.0
19.0752,0.0,135.546,0.0,0.0
19.0949,0.0,136.58,0.0,0.0
19.1257,0.0,136.564,0.0,0.0
19.1134,0.0,136.614,0.0,0.0
19.0869,0.0,137.031,0.0,0.0
19.0902,0.0,135.079,0.0,0.0
19.0988,0.0,136.797,0.0,0.0
19.0986,0.0,137.631,0.0,0.0
19.0885,0.0,135.48,0.0,0.0
19.0863,0.0,136.347,0.0,0.0
19.1064,0.0,136.347,0.0,0.0
19.1023,0.0,137.014,0.0,0.0
19.0761,0.0,136.297,0.0,0.0
19.0984,0.0,134.362,0.0,0.0
19.1196,0.0,136.714,0.0,0.0
19.0754,0.0,134.729,0.0,0.0
19.0647,0.0,135.913,0.0,0.0
19.103,0.0,136.447,0.0,0.0
19.1208,0.0,135.446,0.0,0.0
19.1099,0.0,136.814,0.0,0.0
19.0924,0.0,138.148,0.0,0.0
19.1022,0.0,137.081,0.0,0.0
19.0992,0.0,136.714,0.0,0.0
19.0907,0.0,136.831,0.0,0.0
19.0789,0.0,136.681,0.0,0.0
19.0639,0.0,136.797,0.0,0.0
19.1027,0.0,136.814,0.0,0.0
19.1123,0.0,136.881,0.0,0.0
19.0875,0.0,137.615,0.0,0.0
19.0999,0.0,135.813,0.0,0.0
19.0977,0.0,136.063,0.0,0.0
19.0777,0.0,137.148,0.0,0.0
19.0887,0.0,135.596,0.0,0.0
19.1033,0.0,136.564,0.0,0.0
19.0829,0.0,137.181,0.0,0.0
19.0756,0.0,135.263,0.0,0.0
19.1018,0.0,136.447,0.0,0.0
19.106,0.0,136.347,0.0,0.0
19.108,0.0,136.214,0.0,0.0
19.1263,0.0,135.263,0.0,0.0
19.1073,0.0,135.296,0.0,0.0
19.0894,0.0,136.047,0.0,0.0
19.1023,0.0,135.229,0.0,0.0
19.1081,0.0,136.797,0.0,0.0
19.0967,0.0,135.463,0.0,0.0
19.0844,0.0,135.963,0.0,0.0
19.0923,0.0,137.331,0.0,0.0
19.0977,0.0,136.631,0.0,0.0
19.0831,0.0,136.614,0.0,0.0
19.0878,0.0,136.13,0.0,0.0
19.0988,0.0,135.213,0.0,0.0
19.0897,0.0,136.847,0.0,0.0
19.0861,0.0,136.397,0.0,0.0
19.1039,0.0,134.912,0.0,0.0
19.0915,0.0,136.697,0.0,0.0
19.0701,0.0,136.247,0.0,0.0
19.0836,0.0,136.364,0.0,0.0
19.0967,0.0,137.231,0.0,0.0
19.0903,0.0,137.148,0.0,0.0
19.106,0.0,135.93,0.0,0.0
19.11,0.0,137.548,0.0,0.0
19.0775,0.0,135.78,0.0,0.0
19.0796,0.0,136.364,0.0,0.0
19.0982,0.0,136.414,0.0,0.0
19.1079,0.0,138.032,0.0,0.0
19.1007,0.0,134.412,0.0,0.0
19.0931,0.0,136.113,0.0,0.0
19.1078,0.0,136.814,0.0,0.0
19.1038,0.0,135.997,0.0,0.0
19.1051,0.0,137.415,0.0,0.0
19.1166,0.0,136.647,0.0,0.0
19.0855,0.0,136.314,0.0,0.0
19.072,0.0,136.597,0.0,0.0
19.0983,0.0,136.163,0.0,0.0
19.1103,0.0,137.298,0.0,0.0
19.097,0.0,135.213,0.0,0.0
19.1085,0.0,135.029,0.0,0.0
19.1204,0.0,136.747,0.0,0.0
19.0793,0.0,134.879,0.0,0.0
19.085,0.0,136.08,0.0,0.0
19.1093,0.0,136.647,0.0,0.0
19.0925,0.0,136.847,0.0,0.0
19.109,0.0,134.879,0.0,0.0
19.1221,0.0,136.43,0.0,0.0
19.084,0.0,136.747,0.0,0.0
19.0808,0.0,136.38,0.0,0.0
19.0867,0.0,135.73,0.0,0.0
19.0839,0.0,137.398,0.0,0.0
19.0992,0.0,136.13,0.0,0.0
19.0939,0.0,135.98,0.0,0.0
19.0848,0.0,135.796,0.0,0.0
19.0804,0.0,136.33,0.0,0.0
19.0812,0.0,135.73,0.0,0.0
19.0888,0.0,137.164,0.0,0.0
19.0858,0.0,135.246,0.0,0.0
19.0733,0.0,135.763,0.0,0.0
19.0819,0.0,135.88,0.0,0.0
19.0917,0.0,135.796,0.0,0.0
19.0859,0.0,134.696,0.0,0.0
19.0955,0.0,136.013,0.0,0.0
19.1022,0.0,136.564,0.0,0.0
19.0924,0.0,136.614,0.0,0.0
19.0825,0.0,136.28,0.0,0.0
19.0968,0.0,136.18,0.0,0.0
19.1055,0.0,136.13,0.0,0.0
19.0867,0.0,137.932,0.0,0.0
19.0867,0.0,136.38,0.0,0.0
19.1066,0.0,137.148,0.0,0.0
19.102,0.0,135.713,0.0,0.0
19.0715,0.0,135.313,0.0,0.0
19.0792,0.0,136.247,0.0,0.0
19.1146,0.0,136.614,0.0,0.0
19.1031,0.0,135.663,0.0,0.0
19.0806,0.0,136.047,0.0,0.0
19.0798,0.0,134.579,0.0,0.0
19.0794,0.0,137.098,0.0,0.0
19.0834,0.0,135.763,0.0,0.0
19.0991,0.0,136.647,0.0,0.0
19.0981,0.0,134.729,0.0,0.0
19.0759,0.0,135.713,0.0,0.0
19.0816,0.0,135.93,0.0,0.0
19.0943,0.0,137.031,0.0,0.0
19.0851,0.0,136.464,0.0,0.0
19.0843,0.0,136.781,0.0,0.0
19.1039,0.0,137.214,0.0,0.0
19.0992,0.0,136.58,0.0,0.0
19.0862,0.0,135.113,0.0,0.0
19.0761,0.0,136.28,0.0,0.0
19.0591,0.0,136.981,0.0,0.0
19.0629,0.0,136.564,0.0,0.0
19.0679,0.0,136.48,0.0,0.0
19.0684,0.0,135.796,0.0,0.0
19.0865,0.0,136.897,0.0,0.0
19.0971,0.0,137.298,0.0,0.0
19.08,0.0,135.246,0.0,0.0
19.1025,0.0,137.982,0.0,0.0
19.123,0.0,134.979,0.0,0.0
19.0847,0.0,136.53,0.0,0.0
19.0806,0.0,136.914,0.0,0.0
19.0984,0.0,136.814,0.0,0.0
19.0964,0.0,137.531,0.0,0.0
19.1084,0.0,136.264,0.0,0.0
19.1202,0.0,136.247,0.0,0.0
19.1078,0.0,138.232,0.0,0.0
19.1033,0.0,135.696,0.0,0.0
19.1132,0.0,135.93,0.0,0.0
19.1135,0.0,135.096,0.0,0.0
19.0904,0.0,136.23,0.0,0.0
19.0919,0.0,136.897,0.0,0.0
19.1144,0.0,135.213,0.0,0.0
19.1131,0.0,135.513,0.0,0.0
19.0969,0.0,137.031,0.0,0.0
19.0951,0.0,137.014,0.0,0.0
19.1197,0.0,136.314,0.0,0.0
19.1081,0.0,135.213,0.0,0.0
19.0832,0.0,135.363,0.0,0.0
19.0966,0.0,136.914,0.0,0.0
19.1081,0.0,133.661,0.0,0.0
19.1105,0.0,135.947,0.0,0.0
19.106,0.0,135.113,0.0,0.0
19.0896,0.0,137.131,0.0,0.0
19.0989,0.0,136.58,0.0,0.0
19.095,0.0,135.596,0.0,0.0
19.0819,0.0,137.398,0.0,0.0
19.0934,0.0,136.747,0.0,0.0
19.1064,0.0,134.746,0.0,0.0
19.1065,0.0,135.663,0.0,0.0
19.095,0.0,137.098,0.0,0.0
19.0939,0.0,138.198,0.0,0.0
19.0964,0.0,134.812,0.0,0.0
19.0747,0.0,135.78,0.0,0.0
19.0616,0.0,135.88,0.0,0.0
19.0812,0.0,136.564,0.0,0.0
19.1014,0.0,137.331,0.0,0.0
19.0906,0.0,135.913,0.0,0.0
19.0753,0.0,135.997,0.0,0.0
19.0716,0.0,137.098,0.0,0.0
19.0944,0.0,136.814,0.0,0.0
19.1127,0.0,135.279,0.0,0.0
19.098,0.0,135.796,0.0,0.0
19.089,0.0,135.863,0.0,0.0
19.1099,0.0,136.364,0.0,0.0
19.0954,0.0,136.564,0.0,0.0
19.0536,0.0,136.447,0.0,0.0
19.0824,0.0,136.447,0.0,0.0
19.1177,0.0,134.829,0.0,0.0
19.0855,0.0,134.495,0.0,0.0
19.0694,0.0,134.379,0.0,0.0
19.0879,0.0,135.663,0.0,0.0
19.0874,0.0,138.315,0.0,0.0
19.0819,0.0,136.514,0.0,0.0
19.084,0.0,135.513,0.0,0.0
19.0954,0.0,136.397,0.0,0.0
19.0978,0.0,136.113,0.0,0.0
19.0924,0.0,135.98,0.0,0.0
19.0752,0.0,135.746,0.0,0.0
19.0611,0.0,136.264,0.0,0.0
19.0684,0.0,136.297,0.0,0.0
19.0933,0.0,135.396,0.0,0.0
19.0948,0.0,137.231,0.0,0.0
19.0869,0.0,136.03,0.0,0.0
19.0973,0.0,136.43,0.0,0.0
19.1034,0.0,136.33,0.0,0.0
19.0963,0.0,136.681,0.0,0.0
19.0826,0.0,134.946,0.0,0.0
19.0858,0.0,137.715,0.0,0.0
19.0835,0.0,136.197,0.0,0.0
19.0755,0.0,136.681,0.0,0.0
19.1008,0.0,136.23,0.0,0.0
19.0868,0.0,135.546,0.0,0.0
19.0747,0.0,136.264,0.0,0.0
19.0956,0.0,135.446,0.0,0.0
19.0913,0.0,136.047,0.0,0.0
19.0816,0.0,136.514,0.0,0.0
19.0739,0.0,135.63,0.0,0.0
19.08,0.0,136.931,0.0,0.0
19.1001,0.0,134.962,0.0,0.0
19.1015,0.0,137.281,0.0,0.0
19.095,0.0,134.662,0.0,0.0
19.0923,0.0,136.647,0.0,0.0
19.0963,0.0,136.297,0.0,0.0
19.1129,0.0,135.847,0.0,0.0
19.1112,0.0,136.547,0.0,0.0
19.0897,0.0,136.931,0.0,0.0
19.0934,0.0,136.347,0.0,0.0
19.1114,0.0,135.663,0.0,0.0
19.0959,0.0,136.864,0.0,0.0
19.0724,0.0,136.347,0.0,0.0
19.0807,0.0,136.38,0.0,0.0
19.0914,0.0,136.247,0.0,0.0
19.0856,0.0,136.264,0.0,0.0
19.0757,0.0,136.731,0.0,0.0
19.0749,0.0,135.513,0.0,0.0
19.0837,0.0,136.214,0.0,0.0
19.0962,0.0,136.864,0.0,0.0
19.0752,0.0,137.465,0.0,0.0
19.0793,0.0,136.664,0.0,0.0
19.123,0.0,135.913,0.0,0.0
19.1163,0.0,136.547,0.0,0.0
19.0861,0.0,136.997,0.0,0.0
19.089,0.0,137.181,0.0,0.0
19.1049,0.0,135.847,0.0,0.0
19.1063,0.0,137.314,0.0,0.0
19.0883,0.0,135.58,0.0,0.0
19.0751,0.0,134.512,0.0,0.0
19.0767,0.0,136.681,0.0,0.0
19.0843,0.0,136.681,0.0,0.0
19.1037,0.0,136.063,0.0,0.0
19.1035,0.0,136.931,0.0,0.0
19.077,0.0,135.813,0.0,0.0
19.0919,0.0,135.213,0.0,0.0
19.1154,0.0,137.548,0.0,0.0
19.1101,0.0,136.53,0.0,0.0
19.0934,0.0,134.979,0.0,0.0
19.0931,0.0,138.699,0.0,0.0
19.1041,0.0,137.248,0.0,0.0
19.0993,0.0,137.031,0.0,0.0
19.0964,0.0,135.363,0.0,0.0
19.0893,0.0,137.498,0.0,0.0
19.0858,0.0,136.13,0.0,0.0
19.0809,0.0,135.079,0.0,0.0
19.0591,0.0,136.03,0.0,0.0
19.0817,0.0,135.379,0.0,0.0
19.1066,0.0,134.812,0.0,0.0
19.0885,0.0,136.58,0.0,0.0
19.0844,0.0,135.663,0.0,0.0
19.0836,0.0,136.013,0.0,0.0
19.0894,0.0,137.081,0.0,0.0
19.1048,0.0,134.812,0.0,0.0
19.1061,0.0,136.747,0.0,0.0
19.099,0.0,135.73,0.0,0.0
19.0909,0.0,137.715,0.0,0.0
19.0773,0.0,133.978,0.0,0.0
19.0806,0.0,137.748,0.0,0.0
19.0956,0.0,136.464,0.0,0.0
19.1046,0.0,137.565,0.0,0.0
19.1139,0.0,135.563,0.0,0.0
19.1141,0.0,135.997,0.0,0.0
19.1135,0.0,135.48,0.0,0.0
19.0896,0.0,135.713,0.0,0.0
19.0681,0.0,135.313,0.0,0.0
19.0787,0.0,135.013,0.0,0.0
19.0888,0.0,137.164,0.0,0.0
19.0992,0.0,135.746,0.0,0.0
19.102,0.0,138.182,0.0,0.0
19.0884,0.0,135.346,0.0,0.0
19.0953,0.0,135.346,0.0,0.0
19.0887,0.0,136.013,0.0,0.0
19.0768,0.0,136.647,0.0,0.0
19.0962,0.0,135.796,0.0,0.0
19.1074,0.0,136.364,0.0,0.0
19.0948,0.0,136.347,0.0,0.0
19.0994,0.0,136.48,0.0,0.0
19.1112,0.0,135.596,0.0,0.0
19.0834,0.0,136.497,0.0,0.0
19.0759,0.0,137.114,0.0,0.0
19.0881,0.0,135.163,0.0,0.0
19.0964,0.0,136.464,0.0,0.0
19.1104,0.0,135.296,0.0,0.0
19.0968,0.0,136.881,0.0,0.0
19.0933,0.0,136.163,0.0,0.0
19.0966,0.0,134.962,0.0,0.0
19.0921,0.0,135.796,0.0,0.0
19.0965,0.0,135.296,0.0,0.0
19.0964,0.0,135.947,0.0,0.0
19.1098,0.0,133.978,0.0,0.0
19.1065,0.0,136.063,0.0,0.0
19.1012,0.0,135.229,0.0,0.0
19.1054,0.0,136.964,0.0,0.0
19.1047,0.0,135.847,0.0,0.0
19.0842,0.0,137.331,0.0,0.0
19.0781,0.0,135.913,0.0,0.0
19.0834,0.0,135.463,0.0,0.0
19.0775,0.0,136.047,0.0,0.0
19.0866,0.0,137.648,0.0,0.0
19.1086,0.0,135.046,0.0,0.0
19.0903,0.0,135.496,0.0,0.0
19.0773,0.0,135.163,0.0,0.0
19.0974,0.0,136.731,0.0,0.0
19.0966,0.0,135.396,0.0,0.0
19.1001,0.0,137.014,0.0,0.0
19.1127,0.0,135.98,0.0,0.0
19.1004,0.0,136.547,0.0,0.0
19.0916,0.0,136.147,0.0,0.0
19.1016,0.0,136.981,0.0,0.0
19.1018,0.0,136.247,0.0,0.0
19.0968,0.0,135.346,0.0,0.0
19.0918,0.0,135.63,0.0,0.0
19.0799,0.0,135.413,0.0,0.0
19.0826,0.0,136.063,0.0,0.0
19.1034,0.0,135.88,0.0,0.0
19.0885,0.0,135.196,0.0,0.0
19.0771,0.0,135.346,0.0,0.0
19.1022,0.0,136.847,0.0,0.0
19.1025,0.0,135.279,0.0,0.0
19.0868,0.0,136.347,0.0,0.0
19.0961,0.0,137.148,0.0,0.0
19.0967,0.0,134.712,0.0,0.0
19.0797,0.0,136.38,0.0,0.0
19.0846,0.0,137.731,0.0,0.0
19.0823,0.0,136.297,0.0,0.0
19.0809,0.0,136.097,0.0,0.0
19.1039,0.0,135.863,0.0,0.0
19.099,0.0,135.463,0.0,0.0
19.0788,0.0,135.413,0.0,0.0
19.0836,0.0,135.48,0.0,0.0
19.098,0.0,135.813,0.0,0.0
19.1037,0.0,136.13,0.0,0.0
19.0916,0.0,136.814,0.0,0.0
19.0711,0.0,135.696,0.0,0.0
19.0811,0.0,136.397,0.0,0.0
19.0979,0.0,135.263,0.0,0.0
19.0853,0.0,136.547,0.0,0.0
19.0918,0.0,136.113,0.0,0.0
19.1067,0.0,135.363,0.0,0.0
19.0894,0.0,136.981,0.0,0.0
19.0794,0.0,135.73,0.0,0.0
19.0915,0.0,136.013,0.0,0.0
19.0986,0.0,136.58,0.0,0.0
19.1155,0.0,137.648,0.0,0.0
19.1011,0.0,134.045,0.0,0.0
19.0783,0.0,136.731,0.0,0.0
19.1096,0.0,137.832,0.0,0.0
19.1235,0.0,136.747,0.0,0.0
19.0922,0.0,134.229,0.0,0.0
19.0867,0.0,136.464,0.0,0.0
19.1106,0.0,136.597,0.0,0.0
19.1038,0.0,136.397,0.0,0.0
19.0784,0.0,135.013,0.0,0.0
19.0882,0.0,136.414,0.0,0.0
19.1052,0.0,136.297,0.0,0.0
19.0903,0.0,136.664,0.0,0.0
19.0826,0.0,136.464,0.0,0.0
19.0921,0.0,135.329,0.0,0.0
19.0848,0.0,135.796,0.0,0.0
19.0883,0.0,136.264,0.0,0.0
19.1016,0.0,135.196,0.0,0.0
19.0854,0.0,136.797,0.0,0.0
19.0697,0.0,136.214,0.0,0.0
19.0842,0.0,135.246,0.0,0.0
19.0943,0.0,136.18,0.0,0.0
19.0982,0.0,136.264,0.0,0.0
19.1142,0.0,135.496,0.0,0.0
19.1047,0.0,135.847,0.0,0.0
19.0795,0.0,135.563,0.0,0.0
19.0879,0.0,135.73,0.0,0.0
19.1104,0.0,136.063,0.0,0.0
19.1009,0.0,136.647,0.0,0.0
19.0783,0.0,135.763,0.0,0.0
19.0896,0.0,135.046,0.0,0.0
19.0806,0.0,135.129,0.0,0.0
19.0645,0.0,136.447,0.0,0.0
19.0978,0.0,137.198,0.0,0.0
19.1016,0.0,135.897,0.0,0.0
19.083,0.0,137.715,0.0,0.0
19.1043,0.0,134.412,0.0,0.0
19.093,0.0,137.264,0.0,0.0
19.0815,0.0,136.897,0.0,0.0
19.0844,0.0,136.23,0.0,0.0
19.074,0.0,136.897,0.0,0.0
19.0796,0.0,137.748,0.0,0.0
19.0985,0.0,135.963,0.0,0.0
19.0929,0.0,137.465,0.0,0.0
19.1016,0.0,135.863,0.0,0.0
19.1216,0.0,136.53,0.0,0.0
19.1177,0.0,137.248,0.0,0.0
19.0956,0.0,137.281,0.0,0.0
19.0847,0.0,136.881,0.0,0.0
19.0984,0.0,136.314,0.0,0.0
19.0918,0.0,136.163,0.0,0.0
19.0704,0.0,135.88,0.0,0.0
19.0676,0.0,134.595,0.0,0.0
19.0753,0.0,135.897,0.0,0.0
19.0842,0.0,136.48,0.0,0.0
19.0963,0.0,136.013,0.0,0.0
19.0946,0.0,136.547,0.0,0.0
19.0785,0.0,135.847,0.0,0.0
19.0865,0.0,136.364,0.0,0.0
19.0831,0.0,136.247,0.0,0.0
19.0471,0.0,135.73,0.0,0.0
19.0548,0.0,136.414,0.0,0.0
19.0938,0.0,135.48,0.0,0.0
19.1151,0.0,136.697,0.0,0.0
19.1137,0.0,137.715,0.0,0.0
19.1155,0.0,136.297,0.0,0.0
19.0999,0.0,136.38,0.0,0.0
19.0788,0.0,135.513,0.0,0.0
19.1,0.0,136.681,0.0,0.0
19.1173,0.0,136.214,0.0,0.0
19.0982,0.0,137.081,0.0,0.0
19.0879,0.0,135.346,0.0,0.0
19.097,0.0,136.797,0.0,0.0
19.1079,0.0,136.43,0.0,0.0
19.0974,0.0,136.113,0.0,0.0
19.0986,0.0,136.28,0.0,0.0
19.0994,0.0,136.197,0.0,0.0
19.1023,0.0,137.031,0.0,0.0
19.1197,0.0,137.181,0.0,0.0
19.1024,0.0,135.746,0.0,0.0
19.0824,0.0,135.229,0.0,0.0
19.0874,0.0,137.231,0.0,0.0
19.0902,0.0,136.547,0.0,0.0
19.0904,0.0,135.263,0.0,0.0
19.0825,0.0,136.614,0.0,0.0
19.0854,0.0,136.113,0.0,0.0
19.1201,0.0,136.681,0.0,0.0
19.1074,0.0,136.08,0.0,0.0
19.057,0.0,135.813,0.0,0.0
19.0708,0.0,135.313,0.0,0.0
19.0914,0.0,135.446,0.0,0.0
19.0882,0.0,134.912,0.0,0.0
19.1116,0.0,135.263,0.0,0.0
19.1092,0.0,136.247,0.0,0.0
19.0885,0.0,136.697,0.0,0.0
19.0932,0.0,136.18,0.0,0.0
19.0818,0.0,136.047,0.0,0.0
19.0787,0.0,137.364,0.0,0.0
19.107,0.0,135.379,0.0,0.0
19.1134,0.0,136.781,0.0,0.0
19.1011,0.0,135.796,0.0,0.0
19.0969,0.0,135.329,0.0,0.0
19.0774,0.0,136.614,0.0,0.0
19.076,0.0,135.73,0.0,0.0
19.1067,0.0,135.646,0.0,0.0
19.0978,0.0,135.88,0.0,0.0
19.0807,0.0,135.813,0.0,0.0
19.0967,0.0,135.48,0.0,0.0
19.0891,0.0,136.464,0.0,0.0
19.0757,0.0,134.312,0.0,0.0
19.0799,0.0,136.797,0.0,0.0
19.1007,0.0,136.113,0.0,0.0
19.1083,0.0,136.414,0.0,0.0
19.083,0.0,135.346,0.0,0.0
19.0719,0.0,135.196,0.0,0.0
19.0903,0.0,136.08,0.0,0.0
19.1007,0.0,135.163,0.0,0.0
19.0817,0.0,135.396,0.0,0.0
19.0797,0.0,136.414,0.0,0.0
19.1046,0.0,135.83,0.0,0.0
19.1132,0.0,135.013,0.0,0.0
19.0983,0.0,135.396,0.0,0.0
19.0959,0.0,136.147,0.0,0.0
19.1046,0.0,135.863,0.0,0.0
19.1017,0.0,136.764,0.0,0.0
19.0979,0.0,136.063,0.0,0.0
19.0953,0.0,135.363,0.0,0.0
19.1051,0.0,136.881,0.0,0.0
19.1193,0.0,136.997,0.0,0.0
19.1263,0.0,135.546,0.0,0.0
19.099,0.0,135.947,0.0,0.0
19.0768,0.0,137.098,0.0,0.0
19.0823,0.0,135.329,0.0,0.0
19.098,0.0,137.665,0.0,0.0
19.1065,0.0,135.98,0.0,0.0
19.0915,0.0,135.763,0.0,0.0
19.0699,0.0,136.547,0.0,0.0
19.0935,0.0,136.197,0.0,0.0
19.0958,0.0,134.729,0.0,0.0
19.0661,0.0,135.096,0.0,0.0
19.1036,0.0,135.263,0.0,0.0
19.1191,0.0,135.98,0.0,0.0
19.0914,0.0,136.33,0.0,0.0
19.0936,0.0,136.664,0.0,0.0
19.085,0.0,136.464,0.0,0.0
19.0806,0.0,135.58,0.0,0.0
19.1032,0.0,133.845,0.0,0.0
19.0921,0.0,136.297,0.0,0.0
19.0745,0.0,136.747,0.0,0.0
19.0835,0.0,138.082,0.0,0.0
19.0693,0.0,134.746,0.0,0.0
19.0707,0.0,135.046,0.0,0.0
19.0867,0.0,135.129,0.0,0.0
19.0923,0.0,136.981,0.0,0.0
19.0961,0.0,135.863,0.0,0.0
19.0883,0.0,136.464,0.0,0.0
19.0988,0.0,136.047,0.0,0.0
19.1018,0.0,136.864,0.0,0.0
19.0961,0.0,135.229,0.0,0.0
19.0902,0.0,135.413,0.0,0.0
19.0952,0.0,137.481,0.0,0.0
19.104,0.0,137.665,0.0,0.0
19.0919,0.0,136.097,0.0,0.0
19.0877,0.0,137.781,0.0,0.0
19.1114,0.0,136.264,0.0,0.0
19.0955,0.0,135.897,0.0,0.0
19.073,0.0,136.764,0.0,0.0
19.0871,0.0,136.614,0.0,0.0
19.0869,0.0,135.68,0.0,0.0
19.0811,0.0,136.564,0.0,0.0
19.1019,0.0,136.614,0.0,0.0
19.1216,0.0,136.814,0.0,0.0
19.1295,0.0,135.446,0.0,0.0
19.1101,0.0,138.148,0.0,0.0
19.0968,0.0,136.08,0.0,0.0
19.0936,0.0,137.031,0.0,0.0
19.0857,0.0,136.48,0.0,0.0
19.0928,0.0,135.913,0.0,0.0
19.0915,0.0,136.013,0.0,0.0
19.0901,0.0,137.031,0.0,0.0
19.1122,0.0,136.063,0.0,0.0
19.1088,0.0,137.465,0.0,0.0
19.0921,0.0,137.515,0.0,0.0
19.098,0.0,138.399,0.0,0.0
19.0782,0.0,136.013,0.0,0.0
19.0689,0.0,136.714,0.0,0.0
19.0953,0.0,136.23,0.0,0.0
19.089,0.0,135.93,0.0,0.0
19.0894,0.0,135.563,0.0,0.0
19.1151,0.0,137.481,0.0,0.0
19.0991,0.0,136.097,0.0,0.0
19.0981,0.0,136.964,0.0,0.0
19.1268,0.0,136.214,0.0,0.0
19.1036,0.0,136.547,0.0,0.0
19.0872,0.0,136.781,0.0,0.0
19.0951,0.0,135.063,0.0,0.0
19.0899,0.0,135.963,0.0,0.0
19.0977,0.0,135.446,0.0,0.0
19.0999,0.0,133.328,0.0,0.0
19.093,0.0,135.997,0.0,0.0
19.088,0.0,134.412,0.0,0.0
19.0731,0.0,136.947,0.0,0.0
19.0852,0.0,135.863,0.0,0.0
19.0947,0.0,135.78,0.0,0.0
19.0828,0.0,134.762,0.0,0.0
19.0904,0.0,135.463,0.0,0.0
19.0875,0.0,137.181,0.0,0.0
19.0984,0.0,136.881,0.0,0.0
19.1111,0.0,136.314,0.0,0.0
19.0854,0.0,136.297,0.0,0.0
19.0993,0.0,136.897,0.0,0.0
19.1066,0.0,135.746,0.0,0.0
19.0667,0.0,136.831,0.0,0.0
19.0726,0.0,135.146,0.0,0.0
19.0882,0.0,136.364,0.0,0.0
19.0826,0.0,136.38,0.0,0.0
19.0961,0.0,137.314,0.0,0.0
19.111,0.0,135.346,0.0,0.0
19.0972,0.0,136.897,0.0,0.0
19.09,0.0,135.763,0.0,0.0
19.1001,0.0,136.564,0.0,0.0
19.096,0.0,135.78,0.0,0.0
19.1082,0.0,136.447,0.0,0.0
19.1128,0.0,136.247,0.0,0.0
19.0951,0.0,136.53,0.0,0.0
19.0956,0.0,137.148,0.0,0.0
19.1079,0.0,136.697,0.0,0.0
19.0917,0.0,136.614,0.0,0.0
19.0902,0.0,137.548,0.0,0.0
19.1068,0.0,134.562,0.0,0.0
19.0863,0.0,136.497,0.0,0.0
19.0583,0.0,136.08,0.0,0.0
19.0647,0.0,133.978,0.0,0.0
19.0785,0.0,135.63,0.0,0.0
19.0841,0.0,137.348,0.0,0.0
19.0957,0.0,133.995,0.0,0.0
19.1176,0.0,136.147,0.0,0.0
19.1222,0.0,135.396,0.0,0.0
19.0949,0.0,137.131,0.0,0.0
19.0978,0.0,136.514,0.0,0.0
19.1095,0.0,136.997,0.0,0.0
19.075,0.0,136.147,0.0,0.0
19.0671,0.0,136.464,0.0,0.0
19.0847,0.0,136.147,0.0,0.0
19.0946,0.0,136.147,0.0,0.0
19.1105,0.0,135.98,0.0,0.0
19.1088,0.0,136.047,0.0,0.0
19.0989,0.0,137.248,0.0,0.0
19.0937,0.0,135.93,0.0,0.0
19.0824,0.0,136.13,0.0,0.0
19.1077,0.0,135.146,0.0,0.0
19.1042,0.0,134.262,0.0,0.0
19.0777,0.0,135.796,0.0,0.0
19.0939,0.0,137.364,0.0,0.0
19.098,0.0,135.229,0.0,0.0
19.0645,0.0,137.198,0.0,0.0
19.0644,0.0,135.546,0.0,0.0
19.0827,0.0,136.147,0.0,0.0
19.0934,0.0,137.281,0.0,0.0
19.0973,0.0,135.696,0.0,0.0
19.093,0.0,137.248,0.0,0.0
19.1053,0.0,135.746,0.0,0.0
19.1071,0.0,135.73,0.0,0.0
19.0898,0.0,136.881,0.0,0.0
19.1049,0.0,136.897,0.0,0.0
19.1081,0.0,135.813,0.0,0.0
19.0958,0.0,134.612,0.0,0.0
19.1114,0.0,135.847,0.0,0.0
19.1136,0.0,135.279,0.0,0.0
19.0984,0.0,137.715,0.0,0.0
19.0927,0.0,137.281,0.0,0.0
19.0812,0.0,137.932,0.0,0.0
19.075,0.0,137.031,0.0,0.0
19.0818,0.0,137.548,0.0,0.0
19.0915,0.0,136.397,0.0,0.0
19.0889,0.0,135.78,0.0,0.0
19.0902,0.0,136.647,0.0,0.0
19.1114,0.0,136.197,0.0,0.0
19.0958,0.0,135.513,0.0,0.0
19.08,0.0,136.147,0.0,0.0
19.1017,0.0,135.313,0.0,0.0
19.1038,0.0,135.563,0.0,0.0
19.0883,0.0,136.063,0.0,0.0
19.0936,0.0,135.463,0.0,0.0
19.1185,0.0,136.414,0.0,0.0
19.1229,0.0,136.764,0.0,0.0
19.0949,0.0,138.766,0.0,0.0
19.053,0.0,136.514,0.0,0.0
19.0596,0.0,136.664,0.0,0.0
19.102,0.0,136.347,0.0,0.0
19.0919,0.0,136.097,0.0,0.0
19.0925,0.0,136.647,0.0,0.0
19.11,0.0,135.396,0.0,0.0
19.1012,0.0,135.546,0.0,0.0
19.0964,0.0,137.064,0.0,0.0
19.0949,0.0,136.897,0.0,0.0
19.0941,0.0,137.114,0.0,0.0
19.0807,0.0,136.113,0.0,0.0
19.077,0.0,136.897,0.0,0.0
19.0948,0.0,137.815,0.0,0.0
19.1129,0.0,135.763,0.0,0.0
19.1057,0.0,136.547,0.0,0.0
19.097,0.0,137.415,0.0,0.0
19.1054,0.0,136.13,0.0,0.0
19.1052,0.0,136.147,0.0,0.0
19.0976,0.0,137.381,0.0,0.0
19.0935,0.0,135.346,0.0,0.0
19.0914,0.0,134.929,0.0,0.0
19.0907,0.0,135.163,0.0,0.0
19.0866,0.0,136.147,0.0,0.0
19.0946,0.0,136.681,0.0,0.0
19.095,0.0,136.831,0.0,0.0
19.0793,0.0,136.681,0.0,0.0
19.0941,0.0,136.797,0.0,0.0
19.1051,0.0,135.663,0.0,0.0
19.0835,0.0,135.046,0.0,0.0
19.0729,0.0,135.346,0.0,0.0
19.0735,0.0,137.164,0.0,0.0
19.089,0.0,136.147,0.0,0.0
19.1064,0.0,136.447,0.0,0.0
19.0936,0.0,135.246,0.0,0.0
19.0937,0.0,135.313,0.0,0.0
19.1101,0.0,136.731,0.0,0.0
19.0995,0.0,135.379,0.0,0.0
19.0651,0.0,136.631,0.0,0.0
19.0794,0.0,136.764,0.0,0.0
19.1114,0.0,136.881,0.0,0.0
19.0903,0.0,136.547,0.0,0.0
19.0933,0.0,136.047,0.0,0.0
19.0983,0.0,135.446,0.0,0.0
19.0808,0.0,135.98,0.0,0.0
19.0943,0.0,136.647,0.0,0.0
19.1059,0.0,134.996,0.0,0.0
19.0964,0.0,137.214,0.0,0.0
19.1015,0.0,135.847,0.0,0.0
19.1115,0.0,134.429,0.0,0.0
19.1023,0.0,136.13,0.0,0.0
19.0844,0.0,135.029,0.0,0.0
19.0881,0.0,137.815,0.0,0.0
19.1051,0.0,136.747,0.0,0.0
19.1044,0.0,135.763,0.0,0.0
19.0924,0.0,136.264,0.0,0.0
19.0961,0.0,136.981,0.0,0.0
19.0969,0.0,135.997,0.0,0.0
19.076,0.0,137.364,0.0,0.0
19.0786,0.0,136.897,0.0,0.0
19.0997,0.0,136.53,0.0,0.0
19.0951,0.0,135.746,0.0,0.0
19.0739,0.0,137.048,0.0,0.0
19.0817,0.0,135.279,0.0,0.0
19.0904,0.0,137.131,0.0,0.0
19.0919,0.0,136.53,0.0,0.0
19.1035,0.0,136.631,0.0,0.0
19.1041,0.0,135.246,0.0,0.0
19.103,0.0,135.246,0.0,0.0
19.0972,0.0,136.914,0.0,0.0
19.1004,0.0,136.547,0.0,0.0
19.1174,0.0,137.481,0.0,0.0
19.114,0.0,137.131,0.0,0.0
19.0823,0.0,136.18,0.0,0.0
19.0664,0.0,137.364,0.0,0.0
19.0934,0.0,137.381,0.0,0.0
19.0937,0.0,136.497,0.0,0.0
19.0961,0.0,134.929,0.0,0.0
19.1213,0.0,134.145,0.0,0.0
19.0987,0.0,136.964,0.0,0.0
19.0857,0.0,136.113,0.0,0.0
19.1065,0.0,137.014,0.0,0.0
19.1011,0.0,136.43,0.0,0.0
19.0903,0.0,136.297,0.0,0.0
19.1047,0.0,136.981,0.0,0.0
19.0906,0.0,134.128,0.0,0.0
19.0747,0.0,136.697,0.0,0.0
19.0986,0.0,135.58,0.0,0.0
19.0927,0.0,135.93,0.0,0.0
19.0871,0.0,136.847,0.0,0.0
19.1054,0.0,135.063,0.0,0.0
19.0962,0.0,136.397,0.0,0.0
19.0825,0.0,134.996,0.0,0.0
19.0988,0.0,135.997,0.0,0.0
19.1157,0.0,136.831,0.0,0.0
19.0982,0.0,134.429,0.0,0.0
19.0812,0.0,135.78,0.0,0.0
19.0914,0.0,135.096,0.0,0.0
19.086,0.0,136.597,0.0,0.0
19.0711,0.0,137.598,0.0,0.0
19.0991,0.0,135.746,0.0,0.0
19.1063,0.0,137.231,0.0,0.0
19.0854,0.0,135.263,0.0,0.0
19.0925,0.0,137.181,0.0,0.0
19.1192,0.0,137.098,0.0,0.0
19.1081,0.0,135.563,0.0,0.0
19.0809,0.0,136.814,0.0,0.0
19.0895,0.0,134.445,0.0,0.0
19.0876,0.0,136.764,0.0,0.0
19.0794,0.0,135.947,0.0,0.0
19.0796,0.0,135.63,0.0,0.0
19.0795,0.0,136.247,0.0,0.0
19.0872,0.0,134.896,0.0,0.0
19.0767,0.0,135.93,0.0,0.0
19.0808,0.0,136.23,0.0,0.0
19.108,0.0,136.547,0.0,0.0
19.1001,0.0,134.679,0.0,0.0
19.0763,0.0,136.33,0.0,0.0
19.0918,0.0,136.847,0.0,0.0
19.1093,0.0,134.429,0.0,0.0
19.0981,0.0,135.296,0.0,0.0
19.0985,0.0,135.847,0.0,0.0
19.0949,0.0,135.346,0.0,0.0
19.0859,0.0,137.832,0.0,0.0
19.1,0.0,135.646,0.0,0.0
19.098,0.0,136.847,0.0,0.0
19.0884,0.0,134.429,0.0,0.0
