analog,analog_sterr,photon_counting,pc_sterr,overflow_info
20.3092,0.0138705,137.859,0.839961,0.0
20.3055,0.0135144,138.875,0.855944,0.0
20.3204,0.0134939,137.643,0.849483,0.0
20.3158,0.0136646,139.075,0.862065,0.0
20.2959,0.0135006,138.726,0.860365,0.0
20.3031,0.013475,137.11,0.861045,0.0
20.3092,0.0135275,136.76,0.859345,0.0
20.3153,0.0134844,139.142,0.828739,0.0
20.3285,0.0136419,138.392,0.868527,0.0
20.3126,0.0134735,137.226,0.845062,0.0
20.2971,0.0134146,139.875,0.845402,0.0
20.3239,0.0133448,138.609,0.841321,0.0
20.3452,0.0132837,138.426,0.852203,0.0
20.3359,0.0137601,139.142,0.8318,0.0
20.3057,0.0137026,139.209,0.846082,0.0
20.2973,0.0132304,137.993,0.843022,0.0
20.3121,0.0136721,138.326,0.846762,0.0
20.3321,0.013414,139.775,0.854584,0.0
20.3266,0.0132169,137.476,0.83554,0.0
20.2977,0.0136994,140.158,0.846762,0.0
20.3086,0.0136091,137.609,0.853564,0.0
20.3292,0.0135091,138.659,0.865806,0.0
20.3201,0.0136502,139.375,0.852884,0.0
20.3106,0.0140682,137.543,0.83486,0.0
20.3055,0.0137693,138.476,0.839621,0.0
20.2971,0.0138705,138.559,0.845742,0.0
20.3122,0.0139991,138.376,0.851183,0.0
20.3267,0.0137969,139.875,0.854584,0.0
20.3291,0.0136334,138.409,0.837241,0.0
20.31,0.0133204,137.826,0.859685,0.0
20.2936,0.0133517,138.626,0.855604,0.0
20.3058,0.0138548,137.843,0.881789,0.0
20.3118,0.0138069,137.793,0.825338,0.0
20.3238,0.0134658,138.342,0.858325,0.0
20.3153,0.0133258,137.959,0.853224,0.0
20.2952,0.013687,139.742,0.838601,0.0
20.3064,0.013702,138.192,0.878729,0.0
20.3069,0.0136457,137.893,0.863426,0.0
20.2973,0.0138613,138.726,0.839281,0.0
20.2957,0.0134375,138.942,0.852203,0.0
20.3026,0.0136193,137.443,0.851183,0.0
20.3143,0.0134658,139.192,0.841661,0.0
20.3172,0.0136374,137.459,0.846082,0.0
20.3124,0.0137784,139.325,0.847443,0.0
20.3169,0.0139276,136.993,0.858325,0.0
20.31,0.0136265,139.025,0.853224,0.0
20.3121,0.0131639,139.009,0.83282,0.0
20.3199,0.0136547,138.792,0.856284,0.0
20.3214,0.0136345,138.392,0.838941,0.0
20.3067,0.0137617,139.092,0.829079,0.0
20.2883,0.0141695,138.676,0.854244,0.0
20.2977,0.0138974,138.226,0.845742,0.0
20.3097,0.0137504,138.875,0.850163,0.0
20.2896,0.0137616,139.392,0.850843,0.0
20.2919,0.0137339,139.209,0.842682,0.0
20.3056,0.0141177,138.176,0.861385,0.0
20.3173,0.0141099,137.509,0.8352,0.0
20.3376,0.0135444,138.842,0.840981,0.0
20.3223,0.013498,137.743,0.83452,0.0
20.3097,0.0131735,138.909,0.847443,0.0
20.3381,0.0136092,139.009,0.850163,0.0
20.3133,0.0136014,138.409,0.838261,0.0
20.2705,0.0136425,138.809,0.847102,0.0
20.316,0.0138661,138.542,0.858665,0.0
20.3389,0.0137203,137.743,0.83656,0.0
20.2798,0.0136613,138.176,0.849143,0.0
20.2769,0.0137446,139.225,0.860705,0.0
20.2972,0.0138265,137.976,0.851183,0.0
20.2803,0.0134658,138.776,0.853564,0.0
20.2851,0.0137365,139.342,0.837921,0.0
20.3021,0.0134572,139.409,0.852203,0.0
20.2903,0.013466,139.359,0.840641,0.0
20.289,0.0137073,138.776,0.821257,0.0
20.3043,0.0139208,139.575,0.846762,0.0
20.2998,0.0136474,138.792,0.851523,0.0
20.3019,0.0137216,138.076,0.846762,0.0
20.3201,0.0135741,138.975,0.839281,0.0
20.3092,0.0134753,138.259,0.849483,0.0
20.3124,0.0134247,137.926,0.841321,0.0
20.3196,0.0133824,137.343,0.852203,0.0
20.3026,0.0136426,137.593,0.840301,0.0
20.3033,0.0136865,138.126,0.842342,0.0
20.292,0.0138449,136.76,0.858325,0.0
20.2926,0.0137726,139.092,0.853904,0.0
20.3145,0.0136268,137.376,0.857304,0.0
20.3283,0.0140892,138.792,0.839281,0.0
20.3143,0.0136848,138.959,0.856964,0.0
20.2968,0.013617,136.243,0.826699,0.0
20.3022,0.0138404,138.626,0.848123,0.0
20.3071,0.0138957,137.293,0.850503,0.0
20.3019,0.0135382,138.009,0.863426,0.0
20.309,0.0136033,139.009,0.851863,0.0
20.3136,0.0133731,138.659,0.867846,0.0
20.325,0.0138805,138.792,0.83418,0.0
20.3388,0.0136668,137.976,0.838601,0.0
20.3155,0.0135236,138.359,0.850163,0.0
20.3109,0.0132698,139.608,0.852884,0.0
20.3424,0.013748,138.442,0.856624,0.0
20.328,0.0135255,138.392,0.865806,0.0
20.3028,0.0139456,138.142,0.845062,0.0
20.3134,0.0136633,137.459,0.855604,0.0
20.3187,0.013812,139.159,0.864786,0.0
20.3184,0.0139079,138.176,0.843022,0.0
20.3208,0.0136215,138.326,0.8335,0.0
20.3159,0.0136971,139.409,0.841321,0.0
20.3012,0.0135949,138.476,0.838941,0.0
20.296,0.013204,139.559,0.853224,0.0
20.3029,0.0136485,138.892,0.849143,0.0
20.287,0.0138434,139.775,0.830779,0.0
20.2772,0.0133767,139.825,0.846422,0.0
20.31,0.0136466,137.759,0.849143,0.0
20.3331,0.0133184,137.609,0.860705,0.0
20.3282,0.013519,138.659,0.861045,0.0
20.3197,0.0135176,139.658,0.829759,0.0
20.3205,0.0132934,138.342,0.847783,0.0
20.3226,0.0134229,137.609,0.864106,0.0
20.2972,0.0134222,136.56,0.824318,0.0
20.2912,0.0137993,137.576,0.829419,0.0
20.3125,0.0137031,139.825,0.864786,0.0
20.31,0.0136444,138.242,0.846762,0.0
20.3148,0.0135361,137.926,0.848803,0.0
20.3192,0.0135427,139.342,0.861045,0.0
20.3093,0.0137481,138.842,0.840641,0.0
20.2978,0.0133984,137.909,0.856624,0.0
20.297,0.0140501,138.809,0.839621,0.0
20.3038,0.0137365,139.492,0.829419,0.0
20.3056,0.013791,138.925,0.845402,0.0
20.3053,0.0135671,138.409,0.846082,0.0
20.3052,0.0140435,137.426,0.837241,0.0
20.3081,0.0134498,137.526,0.844382,0.0
20.302,0.0137809,139.175,0.860025,0.0
20.3056,0.0135717,138.659,0.851183,0.0
20.308,0.0135909,138.042,0.855604,0.0
20.2991,0.0134771,137.726,0.83554,0.0
20.312,0.0133437,139.075,0.839621,0.0
20.3306,0.0134586,138.559,0.850843,0.0
20.3234,0.0135285,136.91,0.842342,0.0
20.2886,0.0134608,139.009,0.846422,0.0
20.2822,0.0135696,139.375,0.849823,0.0
20.3182,0.0134208,138.059,0.875668,0.0
20.3314,0.0139596,137.509,0.867846,0.0
20.3107,0.0136385,136.793,0.823298,0.0
20.299,0.0137683,138.559,0.847783,0.0
20.3065,0.0133627,138.392,0.837241,0.0
20.3275,0.0138523,139.692,0.851863,0.0
20.3359,0.0141391,139.808,0.847443,0.0
20.3124,0.0137164,137.043,0.839281,0.0
20.3036,0.0136839,138.692,0.848463,0.0
20.3147,0.0133636,139.242,0.838941,0.0
20.3209,0.0139128,139.375,0.855604,0.0
20.3304,0.0137007,138.209,0.847102,0.0
20.343,0.0135747,138.426,0.855264,0.0
20.3312,0.0138251,138.975,0.854924,0.0
20.3205,0.0137489,138.509,0.848123,0.0
20.3237,0.0136786,139.242,0.845742,0.0
20.3143,0.0136114,138.559,0.852884,0.0
20.3125,0.0133309,138.109,0.844722,0.0
20.3163,0.0134264,138.476,0.842001,0.0
20.3034,0.0136533,138.776,0.8352,0.0
20.3001,0.013513,139.592,0.83588,0.0
20.309,0.0137519,138.576,0.846762,0.0
20.2998,0.014022,137.959,0.860705,0.0
20.3126,0.0137911,138.459,0.845742,0.0
20.3331,0.0138247,137.226,0.857644,0.0
20.3196,0.0137123,137.993,0.849823,0.0
20.3169,0.0137014,138.142,0.83282,0.0
20.3069,0.013875,138.109,0.874648,0.0
20.2942,0.0137847,137.776,0.830099,0.0
20.3068,0.0134116,139.009,0.848803,0.0
20.3174,0.0135408,136.676,0.841661,0.0
20.3167,0.013841,136.726,0.846422,0.0
20.3206,0.0134648,138.442,0.83588,0.0
20.311,0.0137898,139.875,0.870567,0.0
20.3047,0.0135543,137.743,0.865466,0.0
20.3275,0.0137024,138.159,0.844042,0.0
20.339,0.0135742,139.342,0.852203,0.0
20.3272,0.0134295,138.726,0.850503,0.0
20.3173,0.0135579,139.009,0.856624,0.0
20.2909,0.0136326,138.026,0.848803,0.0
20.2892,0.0138293,138.476,0.858665,0.0
20.3063,0.0134888,137.459,0.850843,0.0
20.3067,0.0138478,138.192,0.862065,0.0
20.3157,0.0137576,137.01,0.846422,0.0
20.3224,0.0138253,139.159,0.839621,0.0
20.3097,0.0136736,138.892,0.827379,0.0
20.3167,0.0135309,137.809,0.864106,0.0
20.3317,0.0137292,136.327,0.854244,0.0
20.3096,0.0136793,138.492,0.846422,0.0
20.2875,0.0138584,137.043,0.839961,0.0
20.2951,0.0139755,138.326,0.860365,0.0
20.3081,0.0133483,139.175,0.871247,0.0
20.3183,0.0136967,138.492,0.878729,0.0
20.325,0.0139643,137.143,0.854924,0.0
20.2932,0.0136212,138.392,0.848123,0.0
20.2784,0.0138368,138.326,0.847783,0.0
20.3014,0.0132437,138.959,0.83248,0.0
20.324,0.0133939,139.992,0.83622,0.0
20.3129,0.0139275,137.309,0.820577,0.0
20.2987,0.0137752,138.592,0.871247,0.0
20.3028,0.0133469,138.042,0.852203,0.0
20.3055,0.0132352,139.658,0.846422,0.0
20.3091,0.0136293,137.093,0.8335,0.0
20.3187,0.0133726,139.075,0.852543,0.0
20.3265,0.0135576,137.926,0.857304,0.0
20.3124,0.0135385,138.342,0.857644,0.0
20.2924,0.0136767,138.192,0.851863,0.0
20.3111,0.0138892,138.642,0.8352,0.0
20.3219,0.0138061,138.509,0.83384,0.0
20.3179,0.0135436,137.893,0.869887,0.0
20.315,0.0137595,139.575,0.83384,0.0
20.3028,0.0135643,137.843,0.845062,0.0
20.3088,0.0136653,139.075,0.855944,0.0
20.3212,0.0133695,137.843,0.83282,0.0
20.3146,0.0135178,137.993,0.859345,0.0
20.3147,0.0135485,136.593,0.842682,0.0
20.3196,0.0138338,140.508,0.853904,0.0
20.3098,0.0136831,138.626,0.864786,0.0
20.3178,0.0135711,138.359,0.845062,0.0
20.3338,0.0135019,138.542,0.859005,0.0
20.3365,0.0137922,137.776,0.843702,0.0
20.3265,0.0136187,139.175,0.845402,0.0
20.322,0.0138013,137.659,0.845062,0.0
20.3095,0.0138343,138.642,0.829759,0.0
20.2859,0.0138257,136.743,0.849823,0.0
20.2929,0.013611,138.809,0.848123,0.0
20.3087,0.0138527,138.359,0.840301,0.0
20.2926,0.0134236,137.809,0.855264,0.0
20.2963,0.013819,139.142,0.847443,0.0
20.3081,0.0137019,138.559,0.850163,0.0
20.3053,0.0136726,139.608,0.861045,0.0
20.3173,0.0136897,138.459,0.842342,0.0
20.3124,0.0134107,139.625,0.83554,0.0
20.3054,0.0134964,137.909,0.83248,0.0
20.3288,0.0138107,137.459,0.838601,0.0
20.3172,0.0138403,138.492,0.844722,0.0
20.3038,0.0137208,138.542,0.878729,0.0
20.3255,0.0136636,139.109,0.863426,0.0
20.3211,0.0138876,137.909,0.849143,0.0
20.2895,0.0132934,138.342,0.854924,0.0
20.308,0.0135115,138.559,0.882129,0.0
20.3344,0.0133537,139.342,0.844382,0.0
20.3305,0.013735,140.392,0.856284,0.0
20.3196,0.0138641,138.142,0.852884,0.0
20.2935,0.0136562,138.242,0.83622,0.0
20.303,0.0135918,137.826,0.856284,0.0
20.3088,0.0134973,136.893,0.841321,0.0
20.2912,0.0137136,138.359,0.854244,0.0
20.318,0.0134971,138.676,0.853224,0.0
20.3388,0.0136257,139.825,0.845062,0.0
20.3244,0.0138694,137.876,0.852543,0.0
20.3124,0.0138304,138.142,0.8369,0.0
20.3151,0.0133709,139.375,0.843022,0.0
20.3423,0.0136423,137.909,0.863426,0.0
20.3271,0.0137559,139.142,0.843022,0.0
20.3026,0.0134758,138.776,0.856624,0.0
20.3246,0.0137155,139.275,0.855604,0.0
20.3264,0.0138156,138.742,0.850843,0.0
20.3129,0.0136537,138.226,0.839961,0.0
20.3259,0.0137821,138.142,0.824998,0.0
20.3147,0.0136683,138.959,0.855264,0.0
20.3052,0.0135453,138.542,0.847102,0.0
20.325,0.0139203,139.175,0.859685,0.0
20.3252,0.013964,137.926,0.852884,0.0
20.3045,0.013734,137.309,0.848803,0.0
20.3212,0.0135198,138.592,0.844042,0.0
20.3306,0.0131323,137.343,0.844382,0.0
20.2937,0.0135322,138.759,0.846082,0.0
20.2979,0.0136088,138.592,0.854584,0.0
20.3136,0.0135939,138.975,0.847102,0.0
20.2837,0.0138624,137.993,0.830439,0.0
20.3017,0.0135573,138.792,0.857644,0.0
20.3433,0.0136749,138.559,0.838601,0.0
20.3285,0.0134484,137.476,0.848803,0.0
20.3136,0.013566,139.908,0.840301,0.0
20.3086,0.0133625,138.825,0.851523,0.0
20.2987,0.0136341,139.925,0.849483,0.0
20.3142,0.0135302,139.042,0.852203,0.0
20.325,0.0135399,137.609,0.868867,0.0
20.3113,0.0136589,138.925,0.846422,0.0
20.3156,0.0136449,138.242,0.820917,0.0
20.3128,0.0137155,137.476,0.83248,0.0
20.2908,0.0135015,137.826,0.850843,0.0
20.2967,0.0138813,138.542,0.83248,0.0
20.3091,0.0137705,139.125,0.848803,0.0
20.3246,0.0138187,138.142,0.850843,0.0
20.3359,0.013549,140.108,0.867166,0.0
20.3319,0.0135843,139.159,0.845402,0.0
20.3332,0.0137247,138.492,0.838261,0.0
20.3089,0.013791,139.309,0.838261,0.0
20.2961,0.0138633,137.359,0.83588,0.0
20.2979,0.0134002,139.059,0.828059,0.0
20.3061,0.0135263,138.676,0.846082,0.0
20.3176,0.0138606,139.459,0.839281,0.0
20.3199,0.0140599,137.876,0.83656,0.0
20.3189,0.0134572,138.026,0.850503,0.0
20.3219,0.0138655,139.075,0.830439,0.0
20.3361,0.0134417,138.492,0.830099,0.0
20.3107,0.0141107,139.808,0.855264,0.0
20.2914,0.0138077,139.325,0.849483,0.0
20.3199,0.0135249,138.959,0.840641,0.0
20.3327,0.0136209,137.526,0.845742,0.0
20.321,0.0139027,137.476,0.842342,0.0
20.3102,0.0139299,140.325,0.857985,0.0
20.3064,0.0137095,138.309,0.859005,0.0
20.3043,0.0133718,138.292,0.867846,0.0
20.305,0.0136832,139.259,0.8369,0.0
20.3082,0.0137014,139.209,0.83656,0.0
20.3207,0.0132226,137.693,0.846762,0.0
20.3079,0.0137102,137.776,0.839621,0.0
20.2856,0.0135869,139.292,0.872947,0.0
20.3028,0.0136153,137.659,0.824318,0.0
20.3181,0.0138459,138.076,0.855604,0.0
20.3186,0.0134632,139.542,0.851523,0.0
20.3203,0.0132516,137.509,0.83452,0.0
20.312,0.0138071,138.176,0.852203,0.0
20.3092,0.0139254,137.326,0.852543,0.0
20.3117,0.013399,138.709,0.819897,0.0
20.3017,0.013395,138.109,0.83588,0.0
20.3124,0.0137047,137.926,0.851183,0.0
20.312,0.0134834,138.975,0.852543,0.0
20.3057,0.0134743,138.209,0.860365,0.0
20.3138,0.0139182,139.492,0.855264,0.0
20.3315,0.0138412,137.476,0.83656,0.0
20.3035,0.0137619,137.743,0.850843,0.0
20.2792,0.0133808,139.425,0.862745,0.0
20.316,0.0137699,138.859,0.838261,0.0
20.324,0.0140355,138.975,0.866826,0.0
20.313,0.0136296,139.592,0.859005,0.0
20.3191,0.0137368,138.076,0.863086,0.0
20.3079,0.013537,137.593,0.844042,0.0
20.3056,0.0136449,139.225,0.859345,0.0
20.3082,0.0139073,138.176,0.850163,0.0
20.2985,0.0137793,139.159,0.857644,0.0
20.3011,0.0134408,139.325,0.83452,0.0
20.3164,0.0136219,137.843,0.831459,0.0
20.3256,0.0136849,137.776,0.856964,0.0
20.3189,0.0137912,136.976,0.843022,0.0
20.3037,0.0137616,137.976,0.870907,0.0
20.3214,0.0138591,138.176,0.826018,0.0
20.3235,0.0142564,139.375,0.845402,0.0
20.2772,0.0134306,137.376,0.83622,0.0
20.2651,0.0138303,139.159,0.861385,0.0
20.3132,0.0136334,139.692,0.824318,0.0
20.3251,0.0134833,138.709,0.865806,0.0
20.2985,0.0138728,138.892,0.83486,0.0
20.3164,0.0135647,137.943,0.852543,0.0
20.3292,0.0135418,138.076,0.849823,0.0
20.3055,0.0137496,140.125,0.851183,0.0
20.3024,0.0135808,139.075,0.860365,0.0
20.3074,0.0137668,137.843,0.844042,0.0
20.3065,0.0136817,140.142,0.850843,0.0
20.3244,0.0132652,137.243,0.842342,0.0
20.3252,0.0137481,138.709,0.879069,0.0
20.3092,0.0139865,137.959,0.845062,0.0
20.3083,0.0138745,138.492,0.841321,0.0
20.304,0.0133442,138.426,0.847102,0.0
20.2932,0.013544,137.476,0.844382,0.0
20.3092,0.0139989,138.942,0.828739,0.0
20.3337,0.0136418,138.942,0.843362,0.0
20.332,0.0138255,138.776,0.851863,0.0
20.3368,0.0137772,139.142,0.847783,0.0
20.3244,0.01356,137.543,0.8369,0.0
20.3249,0.0136143,140.142,0.866146,0.0
20.3226,0.0134875,137.593,0.843362,0.0
20.3007,0.0136453,137.01,0.854244,0.0
20.3091,0.0136307,138.142,0.831459,0.0
20.3139,0.0133481,139.509,0.853904,0.0
20.3188,0.0138222,139.192,0.850503,0.0
20.333,0.0137993,137.209,0.846762,0.0
20.325,0.0136763,139.009,0.859345,0.0
20.3199,0.0136745,137.976,0.838941,0.0
20.3171,0.0132648,137.809,0.864786,0.0
20.2903,0.0139362,137.659,0.855264,0.0
20.2918,0.0137542,138.776,0.865466,0.0
20.3128,0.0139514,138.992,0.818877,0.0
20.3173,0.0136454,138.176,0.853564,0.0
20.3201,0.0137011,138.126,0.850503,0.0
20.3089,0.0140229,138.059,0.848463,0.0
20.3038,0.0138433,138.092,0.848463,0.0
20.3153,0.0137509,137.976,0.848803,0.0
20.3244,0.0138591,137.559,0.844042,0.0
20.3109,0.0134475,139.675,0.850163,0.0
20.2948,0.0138102,137.793,0.854924,0.0
20.3104,0.0139392,139.275,0.839621,0.0
20.3197,0.0135417,138.659,0.860025,0.0
20.3171,0.0133155,137.943,0.867846,0.0
20.3268,0.0140258,136.843,0.83452,0.0
20.3161,0.013693,138.859,0.853224,0.0
20.2954,0.0135588,137.06,0.845062,0.0
20.2983,0.0136004,137.143,0.851863,0.0
20.311,0.0136071,137.993,0.865466,0.0
20.3131,0.0136804,139.559,0.872267,0.0
20.305,0.0137223,138.176,0.852203,0.0
20.2959,0.0133852,138.809,0.847102,0.0
20.3243,0.0137768,138.142,0.809695,0.0
20.3347,0.013756,137.259,0.850163,0.0
20.3178,0.0137238,138.142,0.845062,0.0
20.2996,0.0136413,138.126,0.854584,0.0
20.3144,0.0136489,138.392,0.854584,0.0
20.335,0.0134568,138.159,0.831119,0.0
20.3264,0.0134081,137.343,0.866146,0.0
20.3126,0.0133343,136.46,0.83452,0.0
20.294,0.0136302,137.409,0.839961,0.0
20.3135,0.0136414,137.526,0.857985,0.0
20.3266,0.0135842,139.342,0.856964,0.0
20.3045,0.0138677,139.292,0.847783,0.0
20.3065,0.0137629,138.859,0.845742,0.0
20.3087,0.0135109,137.526,0.845062,0.0
20.2918,0.0135508,139.092,0.851863,0.0
20.3082,0.0136326,138.692,0.841321,0.0
20.3288,0.0134955,140.258,0.854584,0.0
20.3221,0.0134962,139.442,0.860025,0.0
20.3185,0.0136575,138.226,0.826358,0.0
20.3307,0.0134117,139.675,0.847783,0.0
20.342,0.0133372,138.326,0.853224,0.0
20.3355,0.0136929,139.608,0.850843,0.0
20.3267,0.0137188,136.543,0.866826,0.0
20.329,0.0140089,137.759,0.847102,0.0
20.3201,0.0137066,140.525,0.849143,0.0
20.304,0.0138083,138.326,0.845742,0.0
20.3045,0.0136368,137.11,0.872607,0.0
20.2958,0.0135174,137.426,0.839621,0.0
20.2905,0.0135767,138.509,0.845742,0.0
20.2991,0.013546,139.858,0.852884,0.0
20.2977,0.0137103,139.642,0.842342,0.0
20.2969,0.0137306,139.159,0.842001,0.0
20.3189,0.0134712,138.392,0.841661,0.0
20.3245,0.0134825,136.91,0.8352,0.0
20.319,0.0135861,139.275,0.847783,0.0
20.3153,0.0134954,138.359,0.861045,0.0
20.3099,0.013723,137.826,0.842682,0.0
20.3325,0.0137631,138.042,0.842342,0.0
20.3345,0.0136125,138.176,0.848123,0.0
20.3029,0.0135705,139.375,0.859685,0.0
20.3161,0.0135689,136.66,0.815136,0.0
20.3198,0.0135794,136.327,0.861045,0.0
20.3077,0.0133339,140.808,0.861385,0.0
20.3266,0.0135102,139.808,0.847783,0.0
20.3304,0.0133289,139.975,0.853564,0.0
20.3219,0.0137354,137.426,0.8318,0.0
20.318,0.0138757,139.259,0.843702,0.0
20.3174,0.0136755,136.976,0.838261,0.0
20.3273,0.0132471,139.025,0.851523,0.0
20.3233,0.0134807,139.192,0.860025,0.0
20.2927,0.0132293,138.209,0.857304,0.0
20.2864,0.0136146,138.642,0.860025,0.0
20.3044,0.0134858,137.643,0.854924,0.0
20.3082,0.0136159,138.709,0.852543,0.0
20.3129,0.0138166,136.643,0.850503,0.0
20.3128,0.0135464,138.376,0.842682,0.0
20.3047,0.0133598,140.441,0.839281,0.0
20.3336,0.0139483,139.442,0.873628,0.0
20.3346,0.0134748,136.926,0.83248,0.0
20.2967,0.0136215,140.042,0.859005,0.0
20.3051,0.013754,139.359,0.861045,0.0
20.3255,0.0137952,139.875,0.849823,0.0
20.3026,0.0137529,138.026,0.8318,0.0
20.3062,0.0140354,137.659,0.851523,0.0
20.3271,0.0135892,138.392,0.83656,0.0
20.3094,0.0136551,138.875,0.829079,0.0
20.2821,0.0136322,139.509,0.861725,0.0
20.2998,0.0135462,138.426,0.859005,0.0
20.3251,0.0137061,137.843,0.846762,0.0
20.3026,0.0136741,138.925,0.856964,0.0
20.2963,0.013451,137.126,0.837241,0.0
20.3181,0.0138665,139.742,0.857985,0.0
20.3138,0.0133703,138.209,0.844382,0.0
20.3149,0.0137301,139.059,0.848123,0.0
20.314,0.0136357,139.225,0.855944,0.0
20.2924,0.0134131,139.792,0.859345,0.0
20.2883,0.013175,138.276,0.853904,0.0
20.2994,0.0133142,137.343,0.848123,0.0
20.3254,0.0137249,138.042,0.852543,0.0
20.3361,0.0135093,137.659,0.852884,0.0
20.3059,0.0135213,136.293,0.83248,0.0
20.2972,0.0139079,138.992,0.844042,0.0
20.3141,0.0135437,137.526,0.846082,0.0
20.3091,0.0137912,137.926,0.847443,0.0
20.3079,0.013877,137.493,0.853224,0.0
20.3172,0.0137387,137.709,0.872947,0.0
20.3206,0.0136778,137.976,0.849483,0.0
20.3169,0.0133214,137.559,0.853224,0.0
20.3024,0.0135569,140.108,0.861725,0.0
20.3068,0.0136683,138.376,0.843362,0.0
20.3059,0.0136694,138.942,0.852543,0.0
20.3046,0.0137023,140.325,0.857644,0.0
20.3079,0.0132889,137.409,0.863766,0.0
20.3213,0.0135743,138.659,0.839281,0.0
20.3301,0.0137679,139.792,0.845742,0.0
20.3309,0.0134487,138.909,0.8318,0.0
20.3278,0.0130989,138.026,0.831459,0.0
20.3013,0.013504,138.776,0.841321,0.0
20.2967,0.0136573,139.225,0.863766,0.0
20.3174,0.0136427,137.809,0.843362,0.0
20.3005,0.0136429,138.142,0.826699,0.0
20.3097,0.0138957,138.909,0.860025,0.0
20.3369,0.0138866,138.676,0.824658,0.0
20.3249,0.0138805,139.159,0.852203,0.0
20.3188,0.0137146,138.642,0.851523,0.0
20.3226,0.0135592,138.909,0.837241,0.0
20.3171,0.0137803,136.693,0.837241,0.0
20.3023,0.0135034,139.325,0.849143,0.0
20.2888,0.0134942,138.476,0.855604,0.0
20.3033,0.0136224,138.092,0.83418,0.0
20.3066,0.013886,138.226,0.848803,0.0
20.3055,0.0138347,139.142,0.869547,0.0
20.3139,0.0136983,140.225,0.856964,0.0
20.3133,0.0136644,137.843,0.854584,0.0
20.3078,0.0136165,138.825,0.829079,0.0
20.3106,0.0137269,137.709,0.855604,0.0
20.3079,0.0137726,137.576,0.851863,0.0
20.2902,0.0136582,139.575,0.846762,0.0
20.3088,0.0136254,138.476,0.857644,0.0
20.3202,0.0138103,139.142,0.859345,0.0
20.307,0.0135551,139.792,0.8352,0.0
20.3013,0.0136453,136.643,0.859685,0.0
20.3211,0.0136481,138.342,0.871927,0.0
20.3271,0.0134301,138.426,0.845402,0.0
20.3165,0.0134259,138.476,0.839961,0.0
20.3214,0.0139242,138.759,0.850503,0.0
20.3098,0.0135001,139.125,0.8352,0.0
20.3002,0.0136774,136.91,0.856964,0.0
20.3123,0.0133405,138.975,0.880429,0.0
20.32,0.0138779,140.458,0.853904,0.0
20.3159,0.0136072,137.576,0.847102,0.0
20.2927,0.0135574,139.175,0.830099,0.0
20.2923,0.0137498,139.908,0.830779,0.0
20.3156,0.0137536,138.609,0.824998,0.0
20.3272,0.0135336,136.91,0.83214,0.0
20.3214,0.0135875,138.142,0.840641,0.0
20.3209,0.0136191,138.176,0.840641,0.0
20.321,0.0136117,138.726,0.855944,0.0
20.3107,0.0134274,138.559,0.843362,0.0
20.308,0.013481,137.993,0.83554,0.0
20.3141,0.0139055,139.309,0.862405,0.0
20.3147,0.0133116,139.342,0.851523,0.0
20.3046,0.0133029,138.859,0.849143,0.0
20.2933,0.0137693,139.125,0.846762,0.0
20.3211,0.0137911,139.958,0.846082,0.0
20.3351,0.0133389,138.176,0.863766,0.0
20.3152,0.0135399,138.442,0.848123,0.0
20.3173,0.0136881,136.227,0.821938,0.0
20.3202,0.0135514,139.559,0.837921,0.0
20.3131,0.0138118,137.459,0.850843,0.0
20.3143,0.0136179,138.792,0.856284,0.0
20.2994,0.0136505,139.125,0.848463,0.0
20.3023,0.0137397,137.643,0.864106,0.0
20.3168,0.0135023,138.276,0.83486,0.0
20.3121,0.0136675,138.809,0.851863,0.0
20.3238,0.0137126,137.409,0.858325,0.0
20.3203,0.0137502,138.676,0.862405,0.0
20.2934,0.0139055,139.092,0.845062,0.0
20.2918,0.0137665,138.659,0.850843,0.0
20.316,0.0134927,137.193,0.862065,0.0
20.3198,0.0136624,137.809,0.844382,0.0
20.3061,0.0138456,139.192,0.862065,0.0
20.3079,0.0134338,139.025,0.83554,0.0
20.3031,0.0137077,140.125,0.83316,0.0
20.2899,0.013339,137.609,0.855944,0.0
20.3046,0.0135063,139.225,0.847443,0.0
20.3215,0.0135601,139.742,0.83588,0.0
20.3031,0.013494,138.009,0.840301,0.0
20.3137,0.0137051,139.242,0.852543,0.0
20.3414,0.0135904,138.626,0.83282,0.0
20.3158,0.0137835,137.809,0.860705,0.0
20.3134,0.0137408,139.359,0.846762,0.0
20.3476,0.0134659,136.243,0.851183,0.0
20.3247,0.0135781,139.375,0.8352,0.0
20.3141,0.0136606,139.142,0.869547,0.0
20.3382,0.0137442,138.226,0.867166,0.0
20.336,0.0137772,139.192,0.83656,0.0
20.3064,0.013565,137.226,0.862745,0.0
20.2913,0.0130801,137.909,0.854924,0.0
20.3156,0.0137924,139.275,0.853904,0.0
20.3225,0.0137037,137.709,0.858325,0.0
20.3057,0.013603,139.109,0.847783,0.0
20.3317,0.0138977,139.492,0.825678,0.0
20.3325,0.0137984,138.925,0.844722,0.0
20.3162,0.0138207,139.275,0.850503,0.0
20.3173,0.0135951,137.609,0.857304,0.0
20.3012,0.0135909,139.225,0.855944,0.0
20.2989,0.0135508,137.943,0.850503,0.0
20.3178,0.0135347,138.709,0.854924,0.0
20.3128,0.0138113,138.992,0.865466,0.0
20.3018,0.0137974,138.209,0.840641,0.0
20.317,0.0137439,137.859,0.871247,0.0
20.3295,0.0135335,138.192,0.826018,0.0
20.3144,0.0133745,139.042,0.857985,0.0
20.311,0.0134025,138.376,0.817857,0.0
20.3034,0.0136425,140.658,0.844382,0.0
20.2866,0.0137401,137.493,0.847783,0.0
20.2888,0.0137747,137.659,0.8352,0.0
20.3068,0.0134198,139.725,0.851183,0.0
20.3257,0.0137206,138.809,0.846762,0.0
20.323,0.0135675,137.993,0.820917,0.0
20.3075,0.0136346,138.925,0.847102,0.0
20.3058,0.013745,138.009,0.8335,0.0
20.3055,0.0133716,137.276,0.842682,0.0
20.3005,0.0135503,138.559,0.874988,0.0
20.2946,0.0136835,138.842,0.844382,0.0
20.2821,0.013429,137.909,0.863426,0.0
20.2787,0.0132575,137.976,0.847783,0.0
20.3008,0.0133341,137.843,0.83656,0.0
20.3139,0.0138445,137.609,0.862065,0.0
20.3097,0.0139593,138.726,0.828739,0.0
20.2986,0.0136856,139.175,0.856284,0.0
20.295,0.0136062,137.209,0.829079,0.0
20.3076,0.0138967,137.526,0.855944,0.0
20.31,0.0135168,139.742,0.838601,0.0
20.3076,0.0135459,137.793,0.844382,0.0
20.312,0.0133019,139.359,0.851523,0.0
20.3087,0.0133664,138.059,0.843362,0.0
20.3252,0.0133476,138.609,0.842342,0.0
20.3336,0.0138871,138.326,0.846082,0.0
20.3127,0.0136237,139.758,0.851183,0.0
20.302,0.0136507,138.759,0.859345,0.0
20.3045,0.0140587,139.425,0.859005,0.0
20.3124,0.0140155,139.242,0.852203,0.0
20.311,0.0140859,137.626,0.840641,0.0
20.3214,0.0132691,138.659,0.837241,0.0
20.3315,0.0137223,137.293,0.840301,0.0
20.3137,0.0134759,138.159,0.845402,0.0
20.3046,0.013335,139.742,0.828059,0.0
20.3193,0.0137083,137.643,0.857304,0.0
20.3042,0.0136758,138.426,0.849823,0.0
20.2747,0.0134328,137.593,0.830439,0.0
20.2844,0.0136691,137.843,0.846082,0.0
20.3123,0.0136053,137.276,0.869547,0.0
20.3205,0.013814,138.159,0.83214,0.0
20.3192,0.0136387,137.793,0.856964,0.0
20.3085,0.013695,137.776,0.870907,0.0
20.3099,0.0134035,137.743,0.859345,0.0
20.3167,0.0137738,137.976,0.828739,0.0
20.3042,0.0138034,137.959,0.842342,0.0
20.2822,0.0136299,136.027,0.852203,0.0
20.2988,0.0132985,139.392,0.844722,0.0
20.324,0.0137895,138.409,0.837921,0.0
20.3241,0.0135743,138.959,0.843702,0.0
20.3209,0.0134578,137.993,0.837241,0.0
20.319,0.0136907,137.409,0.857985,0.0
20.3134,0.0136091,138.409,0.851863,0.0
20.3222,0.0136954,137.909,0.850163,0.0
20.3172,0.0135126,138.276,0.839281,0.0
20.3053,0.0131685,137.609,0.869547,0.0
20.3124,0.0135868,138.026,0.829419,0.0
20.3228,0.0135758,138.825,0.866146,0.0
20.3254,0.0141422,138.809,0.816157,0.0
20.3244,0.0135944,138.159,0.842342,0.0
20.3349,0.0133919,137.126,0.854584,0.0
20.3248,0.0135668,137.793,0.840981,0.0
20.3031,0.0136395,138.392,0.873968,0.0
20.3203,0.0136761,138.609,0.844042,0.0
20.313,0.01405,137.626,0.824658,0.0
20.2883,0.0139076,138.142,0.853904,0.0
20.2986,0.0137304,139.275,0.849483,0.0
20.2933,0.0140458,137.743,0.845062,0.0
20.2998,0.014189,138.526,0.864446,0.0
20.3314,0.0138583,139.592,0.820917,0.0
20.3323,0.0136709,138.809,0.843362,0.0
20.3183,0.0135096,137.093,0.857304,0.0
20.3226,0.013304,138.626,0.843362,0.0
20.3126,0.0136881,139.742,0.854244,0.0
20.2973,0.0138472,138.309,0.823298,0.0
20.3087,0.0135041,138.709,0.853904,0.0
20.3155,0.0136803,137.826,0.829759,0.0
20.3009,0.0135493,139.675,0.83248,0.0
20.3046,0.0136866,138.759,0.871927,0.0
20.3133,0.013623,139.559,0.814116,0.0
20.3128,0.0136277,137.659,0.823978,0.0
20.3335,0.0134567,138.692,0.8335,0.0
20.3314,0.0136202,137.759,0.852543,0.0
20.3124,0.0134827,138.559,0.847102,0.0
20.3135,0.0135695,137.193,0.844042,0.0
20.3408,0.0138067,138.726,0.849483,0.0
20.3115,0.0137481,138.342,0.846422,0.0
20.2778,0.0137428,138.176,0.862405,0.0
20.2966,0.0137932,139.658,0.83282,0.0
20.2978,0.0135212,138.692,0.83452,0.0
20.3009,0.0136953,137.626,0.830439,0.0
20.3229,0.0137347,137.459,0.843702,0.0
20.3184,0.0137411,138.526,0.843362,0.0
20.3086,0.0135367,140.108,0.83554,0.0
20.3098,0.0136395,138.526,0.83384,0.0
20.3047,0.0136955,139.059,0.848123,0.0
20.2987,0.0138757,138.992,0.855264,0.0
20.293,0.0136079,137.643,0.848463,0.0
20.3132,0.013345,139.275,0.866146,0.0
20.3387,0.0136416,137.01,0.845402,0.0
20.3328,0.0132891,139.309,0.856284,0.0
20.3131,0.0133875,137.343,0.830779,0.0
20.3053,0.0136761,139.025,0.869887,0.0
20.3113,0.0139689,139.042,0.855604,0.0
20.3176,0.0136114,137.809,0.863766,0.0
20.3225,0.0135256,139.425,0.851863,0.0
20.3308,0.0136559,138.092,0.838261,0.0
20.3294,0.0133722,139.808,0.83214,0.0
20.3213,0.0135569,138.109,0.861045,0.0
20.3061,0.0137921,139.075,0.866146,0.0
20.3048,0.0137989,139.509,0.842342,0.0
20.3223,0.0135991,138.309,0.848803,0.0
20.3193,0.0135643,138.292,0.824658,0.0
20.314,0.0136153,137.959,0.860365,0.0
20.3327,0.0137179,138.875,0.83452,0.0
20.3254,0.0139814,137.726,0.838261,0.0
20.2982,0.0136274,137.926,0.847102,0.0
20.3088,0.0133363,138.109,0.83622,0.0
20.3176,0.0134984,138.009,0.855264,0.0
20.311,0.0134964,138.875,0.855944,0.0
20.3054,0.0136275,138.959,0.852543,0.0
20.3079,0.0136322,139.075,0.839281,0.0
20.3181,0.0138454,137.693,0.841661,0.0
20.3156,0.0138602,137.493,0.849823,0.0
20.3131,0.0139099,140.691,0.863426,0.0
20.3333,0.013903,138.975,0.848463,0.0
20.334,0.0136394,139.092,0.859005,0.0
20.3215,0.0137917,139.475,0.862405,0.0
20.3117,0.0135553,138.809,0.854244,0.0
20.3074,0.0135621,138.326,0.838941,0.0
20.3153,0.0134692,137.876,0.848803,0.0
20.323,0.0138672,138.392,0.853564,0.0
20.3047,0.0135131,138.875,0.866486,0.0
20.2953,0.0134974,138.992,0.849483,0.0
20.3123,0.0131787,138.676,0.850163,0.0
20.3165,0.0137823,138.759,0.842342,0.0
20.3136,0.0135615,138.742,0.847783,0.0
20.3169,0.0135403,137.126,0.83588,0.0
20.3263,0.0135198,139.125,0.860705,0.0
20.3103,0.013706,138.792,0.837581,0.0
20.2884,0.0132758,138.009,0.851523,0.0
20.3026,0.0134781,138.592,0.830439,0.0
20.2964,0.0137473,138.326,0.856624,0.0
20.2922,0.0138193,139.359,0.843022,0.0
20.3251,0.0137043,138.159,0.855264,0.0
20.3197,0.0136418,138.892,0.849823,0.0
20.3096,0.0138369,137.01,0.857985,0.0
20.3138,0.013851,138.209,0.867506,0.0
20.2971,0.0135156,138.226,0.83248,0.0
20.2962,0.0136502,137.543,0.869887,0.0
20.3045,0.0135664,139.142,0.860365,0.0
20.3073,0.0136514,138.892,0.83282,0.0
20.3242,0.013218,138.409,0.853224,0.0
20.3206,0.0136141,137.576,0.83656,0.0
20.2979,0.0133941,138.709,0.855604,0.0
20.2995,0.013524,138.409,0.846762,0.0
20.3087,0.0137478,136.743,0.83656,0.0
20.3102,0.0136562,137.409,0.841661,0.0
20.3021,0.0134335,138.409,0.847783,0.0
20.2823,0.0138319,137.493,0.854244,0.0
20.2885,0.013858,138.975,0.83622,0.0
20.307,0.0140394,139.642,0.850163,0.0
20.301,0.013592,138.726,0.837581,0.0
20.2821,0.0132263,139.525,0.841321,0.0
20.2999,0.0138158,138.259,0.845062,0.0
20.3154,0.0137763,138.292,0.859685,0.0
20.2992,0.0133876,138.042,0.847783,0.0
20.3081,0.0134068,138.109,0.846762,0.0
20.3316,0.0135515,139.575,0.841321,0.0
20.3151,0.0136752,137.926,0.844042,0.0
20.2846,0.0135139,137.709,0.846762,0.0
20.3018,0.0137172,138.126,0.825338,0.0
20.3208,0.0135219,137.559,0.844722,0.0
20.2933,0.0134419,137.759,0.848123,0.0
20.2634,0.0135037,137.526,0.839621,0.0
20.2779,0.0135027,138.192,0.842342,0.0
20.3106,0.0138603,138.626,0.845062,0.0
20.3152,0.0138124,138.809,0.83622,0.0
20.3045,0.0135878,137.926,0.848123,0.0
20.3082,0.0133489,139.875,0.846762,0.0
20.333,0.0134987,138.409,0.848463,0.0
20.3271,0.0133845,136.843,0.866146,0.0
20.2825,0.0134784,137.843,0.844382,0.0
20.2797,0.0137852,139.009,0.845402,0.0
20.3106,0.0136793,138.209,0.854924,0.0
20.3273,0.0133878,139.842,0.829419,0.0
20.3273,0.0138794,137.593,0.83316,0.0
20.3175,0.0137385,140.025,0.842682,0.0
20.3048,0.0136309,135.427,0.83384,0.0
20.2929,0.0137521,139.225,0.856624,0.0
20.2991,0.0136128,138.259,0.848463,0.0
20.3168,0.0134177,139.442,0.848803,0.0
20.3111,0.0138977,137.193,0.829759,0.0
20.2988,0.0138999,137.859,0.838261,0.0
20.3132,0.0139193,138.276,0.849823,0.0
20.3133,0.0135932,138.109,0.827039,0.0
20.3123,0.0134259,137.843,0.843702,0.0
20.3273,0.0136809,137.559,0.861045,0.0
20.3249,0.0138561,139.342,0.839621,0.0
20.3184,0.0137809,138.509,0.853904,0.0
20.3123,0.0134082,135.394,0.841321,0.0
20.3033,0.0136116,140.292,0.848803,0.0
20.334,0.0134492,139.359,0.854924,0.0
20.3472,0.0133345,137.976,0.826018,0.0
20.3198,0.0134778,138.792,0.837241,0.0
20.3039,0.0133645,137.259,0.840641,0.0
20.3095,0.0139322,139.242,0.855604,0.0
20.3212,0.0137085,138.709,0.849483,0.0
20.3258,0.0136693,138.059,0.860705,0.0
20.3082,0.0134563,138.209,0.846082,0.0
20.3012,0.013824,138.859,0.870227,0.0
20.3207,0.0139331,137.226,0.845402,0.0
20.3142,0.013667,137.843,0.847102,0.0
20.3197,0.0136337,139.542,0.845742,0.0
20.333,0.0137217,138.026,0.838601,0.0
20.3022,0.0134944,139.142,0.838601,0.0
20.2927,0.0135213,139.392,0.843362,0.0
20.2972,0.0136166,139.142,0.870907,0.0
20.2941,0.013321,137.793,0.866146,0.0
20.3002,0.0139655,138.842,0.844382,0.0
20.3087,0.0133867,137.493,0.868186,0.0
20.322,0.0134631,139.209,0.840981,0.0
20.3105,0.0130845,139.125,0.839281,0.0
20.3084,0.0136007,138.992,0.844382,0.0
20.3317,0.0137216,137.993,0.855944,0.0
20.309,0.0135138,137.193,0.848463,0.0
20.2873,0.0136034,138.426,0.843022,0.0
20.3007,0.0134029,138.726,0.855944,0.0
20.3085,0.0138952,137.226,0.842342,0.0
20.2999,0.0137018,137.859,0.853564,0.0
20.2953,0.0136291,137.826,0.824318,0.0
20.2966,0.0134473,138.242,0.854584,0.0
20.3071,0.0133242,138.026,0.831459,0.0
20.325,0.0134696,138.776,0.851183,0.0
20.305,0.0137208,137.043,0.850503,0.0
20.3074,0.0139836,138.526,0.819897,0.0
20.3242,0.0135511,137.959,0.866486,0.0
20.3204,0.0135762,138.692,0.838941,0.0
20.3265,0.013652,136.327,0.8335,0.0
20.3051,0.0131698,139.575,0.838941,0.0
20.2983,0.0134402,137.326,0.851523,0.0
20.3136,0.0138587,138.676,0.851523,0.0
20.2992,0.0135208,138.076,0.850843,0.0
20.2762,0.0133969,137.293,0.862065,0.0
20.3016,0.0135328,139.708,0.845402,0.0
20.3351,0.0134908,138.576,0.83656,0.0
20.3101,0.0133155,136.66,0.842342,0.0
20.2904,0.0138229,139.092,0.83622,0.0
20.2943,0.0140277,137.809,0.841321,0.0
20.302,0.0136369,136.81,0.830099,0.0
20.3078,0.0139128,139.559,0.873968,0.0
20.3085,0.013675,137.876,0.846082,0.0
20.3049,0.0136165,139.758,0.854244,0.0
20.2964,0.0137044,138.709,0.854584,0.0
20.3047,0.0141508,138.842,0.873968,0.0
20.3146,0.0134391,138.242,0.846762,0.0
20.3115,0.0136937,137.276,0.856284,0.0
20.3086,0.0139027,140.108,0.845742,0.0
20.2989,0.0136067,138.359,0.831119,0.0
20.2999,0.0140083,139.209,0.83384,0.0
20.3105,0.0132171,139.658,0.842342,0.0
20.3071,0.0133663,136.943,0.849483,0.0
20.2996,0.0136772,136.943,0.862405,0.0
20.3051,0.0136683,138.476,0.848463,0.0
20.3154,0.0136514,136.76,0.869887,0.0
20.2941,0.0131551,139.758,0.865466,0.0
20.297,0.0138179,137.776,0.83282,0.0
20.3278,0.0137377,139.842,0.857644,0.0
20.3129,0.013851,138.242,0.853224,0.0
20.2823,0.0135026,139.742,0.854924,0.0
20.2838,0.013688,137.876,0.850843,0.0
20.2827,0.0134819,138.626,0.847102,0.0
20.283,0.0140038,138.559,0.861725,0.0
20.2926,0.0139372,138.576,0.841661,0.0
20.2967,0.0137361,138.259,0.839621,0.0
20.3127,0.0142011,139.192,0.851523,0.0
20.3136,0.0139117,138.026,0.839281,0.0
20.3053,0.0142562,139.009,0.828399,0.0
20.3163,0.0136889,136.96,0.851523,0.0
20.3239,0.0134616,138.709,0.849823,0.0
20.3141,0.014119,138.642,0.854244,0.0
20.3235,0.0137395,138.559,0.846422,0.0
20.3433,0.0134347,138.809,0.843702,0.0
20.3102,0.0133113,139.075,0.871247,0.0
20.2927,0.0137463,138.076,0.852203,0.0
20.3082,0.0133533,139.059,0.841321,0.0
20.3107,0.0136259,139.442,0.871587,0.0
20.296,0.013799,138.692,0.83452,0.0
20.3,0.0130858,139.409,0.845062,0.0
20.3234,0.0132385,139.492,0.830779,0.0
20.3157,0.0136145,138.509,0.846422,0.0
20.3024,0.013548,138.659,0.856964,0.0
20.3239,0.0136043,137.893,0.83282,0.0
20.3401,0.0135891,137.509,0.8335,0.0
20.3222,0.0135293,138.659,0.857985,0.0
20.3037,0.0136824,138.975,0.843022,0.0
20.3027,0.0134886,138.892,0.851523,0.0
20.3035,0.0135882,138.126,0.849483,0.0
20.3108,0.0136843,139.908,0.865466,0.0
20.3328,0.0137356,138.109,0.839621,0.0
20.3332,0.0140285,139.259,0.871247,0.0
20.3135,0.0137904,137.643,0.843702,0.0
20.3103,0.013959,139.092,0.847443,0.0
20.3183,0.0138281,137.643,0.849483,0.0
20.3257,0.0136064,138.009,0.859345,0.0
20.3153,0.0135244,138.176,0.843702,0.0
20.2858,0.0134782,138.559,0.854584,0.0
20.2962,0.0133893,137.076,0.850163,0.0
20.3137,0.0136055,137.659,0.856284,0.0
20.3255,0.0136963,138.975,0.83214,0.0
20.3307,0.0134381,138.459,0.852203,0.0
20.3239,0.0133241,138.209,0.826018,0.0
20.3142,0.0133417,136.76,0.840641,0.0
20.3129,0.0132604,138.609,0.850503,0.0
20.3226,0.0135541,137.909,0.838601,0.0
20.3071,0.0134367,138.259,0.849143,0.0
20.2892,0.0136965,138.526,0.859685,0.0
20.312,0.0136779,138.426,0.849143,0.0
20.3068,0.013932,139.225,0.852543,0.0
20.286,0.0137388,138.592,0.872267,0.0
20.3125,0.0134035,137.793,0.8335,0.0
20.3313,0.0136315,138.292,0.841321,0.0
20.3039,0.0133943,139.658,0.858665,0.0
20.2859,0.0137672,139.109,0.852203,0.0
20.3106,0.0136914,139.858,0.847783,0.0
20.3149,0.0136777,137.193,0.845062,0.0
20.2864,0.0137011,138.126,0.863426,0.0
20.2988,0.0138136,139.475,0.853904,0.0
20.3322,0.0137023,139.425,0.844042,0.0
20.3341,0.0138051,138.626,0.861725,0.0
20.3267,0.0132196,138.692,0.860365,0.0
20.3172,0.0130279,138.026,0.8352,0.0
20.2996,0.0134856,136.56,0.856284,0.0
20.313,0.0136541,137.243,0.844722,0.0
20.326,0.0137648,137.226,0.854244,0.0
20.2927,0.0134965,138.692,0.841661,0.0
20.2747,0.0135936,139.808,0.845062,0.0
20.294,0.0137086,138.209,0.856624,0.0
20.3097,0.0137703,136.926,0.861725,0.0
20.3054,0.0137114,137.143,0.83282,0.0
20.3068,0.0131177,139.958,0.857304,0.0
20.3115,0.0132006,139.109,0.852543,0.0
20.2988,0.0136648,138.359,0.825678,0.0
20.3018,0.0137614,139.075,0.848463,0.0
20.3108,0.0134936,138.859,0.845402,0.0
20.3165,0.0136389,137.643,0.848803,0.0
20.3235,0.0131654,137.776,0.831459,0.0
20.3131,0.0136564,139.525,0.851863,0.0
20.3083,0.0135589,138.476,0.867166,0.0
20.3097,0.0136754,138.476,0.845402,0.0
20.3123,0.0136768,139.742,0.855604,0.0
20.3083,0.0135881,138.676,0.863086,0.0
20.299,0.0137083,138.076,0.83622,0.0
20.3009,0.0136597,138.709,0.843022,0.0
20.3187,0.0137517,138.042,0.847102,0.0
20.3255,0.0137097,136.91,0.840981,0.0
20.3092,0.013665,138.492,0.843702,0.0
20.305,0.01362,139.392,0.849823,0.0
20.3089,0.013497,138.642,0.845062,0.0
20.3021,0.013629,140.441,0.842001,0.0
20.3091,0.013901,139.075,0.855264,0.0
20.3419,0.0136423,138.492,0.877708,0.0
20.3431,0.013931,138.576,0.839961,0.0
20.3119,0.0136614,139.192,0.827379,0.0
20.312,0.0134068,137.409,0.862405,0.0
20.3037,0.0139087,138.526,0.842342,0.0
20.2979,0.0136684,138.875,0.857644,0.0
20.3257,0.0139503,138.676,0.855604,0.0
20.3278,0.0138161,139.692,0.850503,0.0
20.3165,0.0135735,138.076,0.861045,0.0
20.3031,0.0136136,140.258,0.846082,0.0
20.2981,0.0139654,136.343,0.864786,0.0
20.3021,0.0137049,138.326,0.821598,0.0
20.3069,0.0138079,138.292,0.826018,0.0
20.3242,0.0134541,138.975,0.852203,0.0
20.3235,0.0134545,139.125,0.820917,0.0
20.3124,0.0134312,139.142,0.852884,0.0
20.3144,0.0134799,139.475,0.8352,0.0
20.315,0.0133463,137.776,0.849483,0.0
20.3256,0.0137338,139.958,0.839281,0.0
20.3403,0.0134484,136.726,0.848123,0.0
20.3264,0.0133437,138.476,0.866826,0.0
20.3114,0.0137752,137.893,0.823978,0.0
20.2971,0.0130685,140.075,0.853904,0.0
20.2946,0.0134753,137.559,0.857985,0.0
20.3101,0.0133091,138.726,0.83486,0.0
20.3125,0.0136461,139.658,0.8335,0.0
20.303,0.0136507,138.659,0.8352,0.0
20.3052,0.0139097,139.392,0.862745,0.0
20.303,0.0136318,137.643,0.848463,0.0
20.3194,0.013709,138.842,0.855604,0.0
20.3139,0.0139163,138.992,0.840301,0.0
20.2885,0.0139483,139.409,0.8352,0.0
20.3039,0.0139646,139.625,0.854244,0.0
20.3235,0.0137962,139.592,0.850163,0.0
20.3092,0.0137723,138.309,0.853564,0.0
20.2958,0.0135218,138.259,0.869207,0.0
20.3052,0.0136778,138.426,0.857644,0.0
20.3051,0.0141246,138.326,0.825678,0.0
20.3068,0.0136638,139.725,0.860365,0.0
20.3148,0.0135309,140.092,0.852884,0.0
20.3129,0.013493,139.275,0.83554,0.0
20.3005,0.0135263,137.976,0.849823,0.0
20.3077,0.0135822,137.909,0.854584,0.0
20.3244,0.013464,138.392,0.829759,0.0
20.3138,0.0134862,137.909,0.843362,0.0
20.2964,0.0136466,138.509,0.829419,0.0
20.3048,0.0138006,137.609,0.847443,0.0
20.3177,0.0136173,137.609,0.854924,0.0
20.2983,0.0140174,139.275,0.861725,0.0
20.2903,0.0140374,137.443,0.871927,0.0
20.3036,0.0135875,137.743,0.867506,0.0
20.2958,0.0134347,138.276,0.846082,0.0
20.3072,0.0134498,137.876,0.840641,0.0
20.3179,0.0136711,138.159,0.847102,0.0
20.3091,0.0131905,139.392,0.847783,0.0
20.3243,0.0131392,138.192,0.860365,0.0
20.329,0.0135556,138.359,0.858665,0.0
20.3189,0.0135474,140.808,0.847443,0.0
20.3235,0.0136844,138.576,0.845402,0.0
20.3407,0.0136563,138.009,0.851523,0.0
20.3389,0.0137133,138.892,0.860705,0.0
20.3172,0.0134959,137.676,0.838261,0.0
20.3134,0.0138459,137.393,0.845742,0.0
20.3089,0.0138889,138.792,0.83656,0.0
20.3026,0.0138354,136.96,0.857304,0.0
20.3061,0.0139719,138.342,0.840301,0.0
20.3177,0.0134079,138.459,0.852543,0.0
20.3115,0.0137674,138.709,0.853904,0.0
20.3037,0.0137241,139.975,0.851863,0.0
20.3165,0.0140163,138.526,0.846082,0.0
20.5082,0.0143277,138.459,0.83214,0.0
24.0227,0.048218,151.104,0.88451,0.0
36.2023,0.0925632,163.965,0.898452,0.0
46.546,0.0458233,171.145,0.883149,0.0
44.9047,0.0456851,159.633,0.864106,0.0
41.9308,0.0323931,160.5,0.862405,0.0
41.7117,0.0308045,160.083,0.860025,0.0
39.9151,0.030799,161.833,0.875328,0.0
38.4821,0.0257935,163.199,0.882129,0.0
38.1742,0.0259914,166.347,0.864446,0.0
37.4024,0.0277136,165.748,0.861045,0.0
36.7074,0.0299834,166.331,0.847443,0.0
36.2873,0.0339632,164.348,0.856624,0.0
35.6472,0.0372922,164.298,0.867506,0.0
34.9537,0.040054,164.232,0.88791,0.0
34.3013,0.0420089,162.849,0.845742,0.0
33.5503,0.042808,162.066,0.88791,0.0
32.828,0.0431551,161.466,0.839281,0.0
32.2617,0.0429268,162.632,0.851183,0.0
31.7324,0.0424611,162.399,0.847102,0.0
31.2272,0.0421327,162.232,0.851863,0.0
30.8028,0.0418119,160.916,0.857304,0.0
30.4,0.0407791,159.717,0.869547,0.0
30.0092,0.0395795,159.85,0.874308,0.0
29.6389,0.0380219,159.883,0.864446,0.0
29.3097,0.0374734,159.317,0.869207,0.0
28.9877,0.0373001,160.433,0.858325,0.0
28.6632,0.0368771,155.485,0.870907,0.0
28.3524,0.0363731,158.134,0.854924,0.0
28.0739,0.0361875,158.034,0.867506,0.0
27.7941,0.0347208,156.835,0.848123,0.0
27.5029,0.0329296,156.501,0.858325,0.0
27.2083,0.0325092,155.918,0.848123,0.0
26.9259,0.0326905,155.835,0.861725,0.0
26.6873,0.0317027,154.019,0.853564,0.0
26.442,0.0304803,154.536,0.871927,0.0
26.1841,0.0296462,154.286,0.902873,0.0
25.9688,0.0294172,154.086,0.869887,0.0
25.7612,0.0293064,151.387,0.847783,0.0
25.5347,0.0282464,152.187,0.854244,0.0
25.3417,0.0268575,151.787,0.843362,0.0
25.1663,0.0261073,150.654,0.856964,0.0
24.9662,0.0257948,151.903,0.859345,0.0
24.7985,0.0250087,150.654,0.845742,0.0
24.629,0.0245238,149.121,0.851183,0.0
24.4653,0.0245076,149.888,0.849483,0.0
24.3494,0.0241865,149.171,0.848463,0.0
24.2161,0.0233535,150.204,0.849823,0.0
24.0725,0.0227639,149.321,0.866486,0.0
23.9395,0.0227709,150.071,0.857985,0.0
23.8095,0.0227048,147.505,0.876008,0.0
23.6792,0.0222627,148.005,0.848123,0.0
23.5721,0.02163,148.505,0.864106,0.0
23.4813,0.0210419,148.488,0.852543,0.0
23.3825,0.0212057,147.722,0.861385,0.0
23.2633,0.0210695,146.805,0.849823,0.0
23.1469,0.0203576,146.489,0.852203,0.0
23.0658,0.0200663,145.639,0.848803,0.0
22.9878,0.0205162,147.122,0.865126,0.0
22.8977,0.0204089,145.856,0.849483,0.0
22.824,0.0199286,147.039,0.851183,0.0
22.7375,0.0197427,145.289,0.868527,0.0
22.6371,0.0194497,144.89,0.850843,0.0
22.5748,0.0193772,145.706,0.83452,0.0
22.5281,0.0191577,145.656,0.844382,0.0
22.4549,0.0192919,143.873,0.870567,0.0
22.3804,0.0192592,144.357,0.826699,0.0
22.3349,0.0191763,144.023,0.852543,0.0
22.2927,0.0183999,145.073,0.857644,0.0
22.2178,0.0181361,145.04,0.850843,0.0
22.155,0.017925,143.057,0.870567,0.0
22.1435,0.0182532,144.606,0.869887,0.0
22.0917,0.0180855,143.507,0.848463,0.0
22.0132,0.0175957,142.657,0.83486,0.0
21.9467,0.0172116,142.374,0.856624,0.0
21.8771,0.0172418,144.123,0.869887,0.0
21.8465,0.0172014,143.024,0.8318,0.0
21.8401,0.0172225,143.007,0.868527,0.0
21.7762,0.0174274,143.374,0.843022,0.0
21.711,0.0172039,142.591,0.856624,0.0
21.6852,0.0165115,142.507,0.841321,0.0
21.6598,0.0164727,141.308,0.848463,0.0
21.6238,0.0166705,142.257,0.845742,0.0
21.5808,0.0163056,143.723,0.847443,0.0
21.5373,0.016208,141.941,0.83452,0.0
21.4946,0.0162673,143.024,0.837921,0.0
21.4565,0.0162075,143.107,0.863426,0.0
21.4447,0.0160057,142.624,0.830779,0.0
21.4264,0.0161508,142.274,0.83316,0.0
21.3891,0.0160141,141.991,0.83554,0.0
21.362,0.0157041,141.524,0.83384,0.0
21.3355,0.0160274,141.924,0.849823,0.0
21.3063,0.0159555,142.491,0.843362,0.0
21.27,0.0158521,140.225,0.857304,0.0
21.2603,0.0153554,142.107,0.825678,0.0
21.2517,0.0156372,142.174,0.851523,0.0
21.2087,0.0158488,141.424,0.845062,0.0
21.1894,0.0153491,141.674,0.855944,0.0
21.2029,0.0151924,141.108,0.840641,0.0
21.1769,0.0154873,140.425,0.857985,0.0
21.1341,0.0152243,140.292,0.856284,0.0
21.1146,0.0149028,141.608,0.839621,0.0
21.078,0.0148216,141.341,0.865126,0.0
21.0622,0.0152902,141.258,0.855944,0.0
21.0844,0.0149187,142.307,0.841321,0.0
21.0698,0.015195,140.342,0.863766,0.0
21.0292,0.015026,140.758,0.846082,0.0
21.0107,0.0151686,138.692,0.861385,0.0
21.0025,0.0149916,142.157,0.8352,0.0
20.9744,0.0149125,140.208,0.857644,0.0
20.9522,0.0148556,139.525,0.845742,0.0
20.968,0.0147222,141.175,0.846422,0.0
20.9523,0.0150384,140.158,0.857644,0.0
20.9266,0.014926,140.975,0.829419,0.0
20.9143,0.0147682,140.725,0.857644,0.0
20.8842,0.0147278,140.042,0.851183,0.0
20.8725,0.014684,139.975,0.868186,0.0
20.8778,0.0144813,138.659,0.840981,0.0
20.8682,0.0146744,139.792,0.854244,0.0
20.865,0.0142159,140.991,0.862065,0.0
20.8265,0.0146439,140.708,0.845402,0.0
20.8045,0.0147406,139.475,0.831459,0.0
20.8351,0.0142551,139.325,0.841661,0.0
20.8288,0.0146207,140.108,0.856964,0.0
20.7915,0.0144825,141.508,0.843362,0.0
20.7801,0.0145144,139.592,0.858665,0.0
20.7692,0.0145342,140.758,0.857304,0.0
20.7534,0.0144232,140.325,0.838941,0.0
20.7535,0.0141528,138.126,0.845402,0.0
20.7303,0.0137783,139.559,0.829419,0.0
20.7207,0.0144537,140.875,0.859685,0.0
20.7363,0.0143446,138.342,0.869207,0.0
20.7079,0.014088,139.675,0.862405,0.0
20.695,0.0146183,140.808,0.846762,0.0
20.7116,0.0142836,140.075,0.842342,0.0
20.6901,0.0142655,140.292,0.852203,0.0
20.6803,0.0140854,139.159,0.852203,0.0
20.6881,0.0139931,139.675,0.837581,0.0
20.6779,0.0144766,138.542,0.854924,0.0
20.6649,0.0140397,138.892,0.850843,0.0
20.676,0.014139,140.025,0.846422,0.0
20.6674,0.014217,138.376,0.845402,0.0
20.6512,0.0144681,139.325,0.850503,0.0
20.6666,0.0141171,140.142,0.842682,0.0
20.6554,0.0142803,140.258,0.846082,0.0
20.6353,0.0140841,140.258,0.871587,0.0
20.6546,0.0145205,141.374,0.854244,0.0
20.6475,0.0143996,138.542,0.866146,0.0
20.626,0.0142373,140.392,0.8369,0.0
20.6193,0.0140902,139.475,0.850503,0.0
20.608,0.0138114,140.392,0.857304,0.0
20.5895,0.0139265,139.392,0.850843,0.0
20.5635,0.013716,139.459,0.851523,0.0
20.5758,0.0139745,139.492,0.829759,0.0
20.5892,0.0138083,138.226,0.866146,0.0
20.558,0.0140658,139.875,0.865806,0.0
20.5465,0.0141831,139.559,0.843702,0.0
20.5587,0.0138284,138.209,0.850843,0.0
20.5501,0.0137114,141.125,0.83486,0.0
20.5516,0.0134385,138.509,0.852203,0.0
20.5409,0.013829,138.792,0.837581,0.0
20.5112,0.0140922,139.858,0.850163,0.0
20.5286,0.0139596,139.992,0.859345,0.0
20.5524,0.0135634,139.942,0.826358,0.0
20.5412,0.0139995,139.608,0.863766,0.0
20.5326,0.013943,139.509,0.819557,0.0
20.5265,0.0137232,138.642,0.843702,0.0
20.5144,0.0140794,139.292,0.847102,0.0
20.5077,0.0140682,138.842,0.842342,0.0
20.498,0.0138871,138.859,0.870907,0.0
20.4871,0.0139643,139.642,0.837241,0.0
20.4764,0.0141271,138.259,0.849823,0.0
20.4848,0.0136658,138.859,0.848803,0.0
20.4995,0.0137004,139.259,0.848803,0.0
20.4825,0.0139221,138.875,0.83656,0.0
20.471,0.0133589,141.324,0.843362,0.0
20.4798,0.0134523,138.809,0.857644,0.0
20.4959,0.0138282,139.625,0.849823,0.0
20.4926,0.0133774,138.409,0.861725,0.0
20.4664,0.0132991,138.909,0.858325,0.0
20.4691,0.0135642,137.326,0.839621,0.0
20.4832,0.0132032,138.276,0.849143,0.0
20.4718,0.013282,140.825,0.870227,0.0
20.4749,0.0135224,140.292,0.845062,0.0
20.4685,0.013695,138.909,0.83622,0.0
20.4409,0.0136686,138.209,0.850163,0.0
20.4422,0.0136516,138.026,0.861385,0.0
20.4509,0.0136126,138.825,0.837921,0.0
20.4394,0.013745,139.459,0.848123,0.0
20.4337,0.0136397,139.192,0.862405,0.0
20.4492,0.0137004,138.426,0.844042,0.0
20.4621,0.0136125,139.275,0.843702,0.0
20.4535,0.0138319,140.591,0.837921,0.0
20.4435,0.0136583,138.376,0.843362,0.0
20.4517,0.0136649,140.042,0.855604,0.0
20.4407,0.0134941,138.626,0.855944,0.0
20.403,0.0137164,139.275,0.847102,0.0
20.4121,0.0138831,139.559,0.83282,0.0
20.4322,0.0135298,138.426,0.855604,0.0
20.4026,0.0138473,138.975,0.841321,0.0
20.3851,0.0138284,140.725,0.852884,0.0
20.4198,0.0136115,139.259,0.807995,0.0
20.4218,0.013373,139.559,0.858325,0.0
20.3985,0.0138598,138.726,0.849483,0.0
20.4181,0.0137262,139.942,0.856964,0.0
20.42,0.0137059,140.508,0.850503,0.0
20.3997,0.0135638,137.776,0.839281,0.0
20.4019,0.0134983,140.142,0.880429,0.0
20.3983,0.0136161,138.742,0.862065,0.0
20.3788,0.013393,139.758,0.880429,0.0
20.3881,0.0132665,137.143,0.851183,0.0
20.3958,0.0137819,137.859,0.851863,0.0
20.3813,0.013752,139.992,0.863426,0.0
20.3904,0.0138371,136.693,0.844722,0.0
20.4011,0.0140001,140.108,0.855944,0.0
20.3912,0.0140821,137.776,0.842342,0.0
20.3914,0.0133906,138.459,0.840641,0.0
20.3901,0.0134646,137.393,0.848463,0.0
20.3798,0.0134452,138.642,0.842682,0.0
20.3824,0.0134163,138.359,0.852203,0.0
20.388,0.0135328,137.826,0.846082,0.0
20.386,0.0136606,137.909,0.856964,0.0
20.383,0.0135124,138.942,0.850843,0.0
20.379,0.0136394,140.042,0.819217,0.0
20.3774,0.0138524,138.859,0.847102,0.0
20.3668,0.0132372,138.676,0.859005,0.0
20.3743,0.0134343,139.242,0.877368,0.0
20.3833,0.0137118,139.409,0.848803,0.0
20.3804,0.0135727,137.526,0.840981,0.0
20.3812,0.0135068,138.159,0.847783,0.0
20.3698,0.0134432,139.442,0.827039,0.0
20.3585,0.013774,139.625,0.830099,0.0
20.3748,0.0134932,137.909,0.837241,0.0
20.384,0.0136139,138.859,0.850843,0.0
20.3742,0.0137932,139.375,0.852543,0.0
20.3844,0.0134491,139.092,0.842342,0.0
20.3832,0.0136719,137.743,0.841321,0.0
20.3623,0.0137716,138.992,0.8369,0.0
20.3497,0.0139342,139.059,0.855604,0.0
20.3652,0.0136835,137.659,0.840641,0.0
20.3588,0.0133949,137.593,0.852884,0.0
20.3418,0.0137869,139.525,0.842001,0.0
20.3662,0.013956,139.575,0.862065,0.0
20.389,0.0136027,139.658,0.862065,0.0
20.3934,0.0137011,139.442,0.820577,0.0
20.3797,0.0135377,137.859,0.860025,0.0
20.3504,0.0137284,136.843,0.845402,0.0
20.3585,0.0133335,138.875,0.848803,0.0
20.3714,0.0133599,138.559,0.846082,0.0
20.3603,0.0138038,138.642,0.844382,0.0
20.349,0.0135491,140.491,0.854584,0.0
20.3616,0.0133868,138.759,0.842342,0.0
20.3802,0.0138619,138.809,0.844722,0.0
20.366,0.0138383,139.409,0.846422,0.0
20.352,0.0134319,137.693,0.840981,0.0
20.3825,0.0135279,139.608,0.865126,0.0
20.3846,0.0136555,138.326,0.819897,0.0
20.3484,0.0133623,138.009,0.849483,0.0
20.37,0.0136171,140.891,0.83452,0.0
20.3681,0.0135816,137.043,0.845402,0.0
20.3374,0.0131691,139.242,0.861725,0.0
20.355,0.0138722,138.626,0.846422,0.0
20.3619,0.0138611,139.375,0.856284,0.0
20.3493,0.0135002,138.026,0.861045,0.0
20.3544,0.0132629,137.993,0.83418,0.0
20.3688,0.0133433,138.526,0.840641,0.0
20.3694,0.0135093,137.826,0.840301,0.0
20.3596,0.0135329,140.625,0.838601,0.0
20.3462,0.0135852,139.425,0.875668,0.0
20.3597,0.0136764,138.492,0.855264,0.0
20.3794,0.0135388,137.559,0.853904,0.0
20.3663,0.0134253,137.759,0.862405,0.0
20.3654,0.0138849,138.176,0.866826,0.0
20.3704,0.0138945,136.56,0.867846,0.0
20.3543,0.0138678,137.876,0.870227,0.0
20.3351,0.013647,139.509,0.83452,0.0
20.3385,0.0139237,138.626,0.845742,0.0
20.356,0.0136089,138.309,0.866826,0.0
20.3463,0.0134963,138.692,0.854244,0.0
20.3327,0.0136366,138.242,0.838941,0.0
20.3449,0.0137393,138.776,0.842682,0.0
20.3484,0.0136333,138.909,0.838601,0.0
20.348,0.0138619,139.175,0.837241,0.0
20.3556,0.013513,137.409,0.822958,0.0
20.347,0.0138682,138.376,0.854584,0.0
20.3415,0.013929,138.659,0.848123,0.0
20.3474,0.0138389,137.326,0.864786,0.0
20.328,0.013606,136.876,0.83452,0.0
20.3144,0.0137454,138.426,0.841661,0.0
20.3249,0.0134037,138.326,0.830439,0.0
20.3268,0.0132897,137.743,0.830099,0.0
20.3401,0.0136751,139.692,0.842001,0.0
20.3382,0.0137613,138.909,0.846422,0.0
20.3239,0.0137583,138.942,0.843702,0.0
20.34,0.0135095,138.875,0.857644,0.0
20.3453,0.0133863,137.659,0.860025,0.0
20.3349,0.0137131,138.576,0.843362,0.0
20.3382,0.0135382,139.425,0.837581,0.0
20.3453,0.0133254,137.409,0.838601,0.0
20.3492,0.013666,138.526,0.857304,0.0
20.3645,0.0135971,139.475,0.844042,0.0
20.3676,0.0134831,139.175,0.829759,0.0
20.3352,0.0138259,138.026,0.868527,0.0
20.3216,0.0137135,137.193,0.848123,0.0
20.341,0.0137788,138.059,0.839961,0.0
20.3581,0.0136724,137.393,0.847443,0.0
20.3624,0.0135508,138.909,0.845062,0.0
20.3425,0.01371,139.525,0.854924,0.0
20.32,0.0140333,138.559,0.848463,0.0
20.3218,0.0137004,139.059,0.823978,0.0
20.3254,0.0137641,139.608,0.844722,0.0
20.3302,0.0137415,137.343,0.858665,0.0
20.3371,0.0134861,138.742,0.854924,0.0
20.3314,0.0137931,139.775,0.856964,0.0
20.3287,0.0137063,138.059,0.853564,0.0
20.3172,0.0139081,137.459,0.846422,0.0
20.3208,0.0135711,139.325,0.851183,0.0
20.3428,0.013841,137.193,0.847783,0.0
20.339,0.0136518,137.926,0.849143,0.0
20.3449,0.013524,139.009,0.838261,0.0
20.361,0.0135952,138.476,0.847783,0.0
20.3526,0.0137045,139.708,0.856284,0.0
20.3522,0.0133326,138.259,0.842682,0.0
20.3436,0.0136364,137.409,0.837921,0.0
20.3351,0.0132198,138.476,0.863426,0.0
20.3481,0.0132276,137.609,0.865806,0.0
20.3463,0.0137749,139.409,0.846422,0.0
20.3218,0.013539,138.759,0.859345,0.0
20.3364,0.0138434,138.376,0.83656,0.0
20.3487,0.0136337,138.059,0.828059,0.0
20.326,0.0137842,139.892,0.855264,0.0
20.3396,0.0131409,139.159,0.843362,0.0
20.3545,0.0135357,138.776,0.849823,0.0
20.3561,0.0135763,139.225,0.863086,0.0
20.3575,0.0133399,136.843,0.824998,0.0
20.3373,0.0134951,139.159,0.872267,0.0
20.3024,0.0136924,139.575,0.826699,0.0
20.3025,0.0136165,139.175,0.829079,0.0
20.3303,0.0138392,138.159,0.852543,0.0
20.3395,0.0134951,137.16,0.840981,0.0
20.3339,0.0134554,139.075,0.861385,0.0
20.3381,0.0133894,139.059,0.866486,0.0
20.342,0.0137218,137.126,0.842001,0.0
20.3432,0.0139552,137.276,0.858665,0.0
20.3401,0.0137691,137.893,0.839621,0.0
20.3343,0.013365,137.859,0.845062,0.0
20.3334,0.013602,139.775,0.839961,0.0
20.3268,0.0136126,137.659,0.860025,0.0
20.3303,0.0139416,137.576,0.850163,0.0
20.3554,0.0137524,140.192,0.855944,0.0
20.3504,0.0134482,138.592,0.863426,0.0
20.3221,0.0135921,138.559,0.83486,0.0
20.3239,0.0136688,138.042,0.827719,0.0
20.3442,0.0136535,139.109,0.851863,0.0
20.3328,0.013798,137.459,0.878729,0.0
20.3217,0.0137656,139.392,0.8335,0.0
20.3265,0.0139554,137.276,0.859345,0.0
20.3132,0.0137746,137.426,0.852884,0.0
20.3146,0.0138709,138.026,0.844382,0.0
20.3229,0.0137793,138.842,0.857985,0.0
20.3209,0.0135441,139.075,0.845742,0.0
20.3361,0.0137003,138.076,0.846082,0.0
20.3354,0.0139052,138.242,0.848803,0.0
20.3157,0.0132897,138.359,0.83452,0.0
20.3345,0.0133893,138.259,0.841321,0.0
20.3415,0.0132409,137.943,0.850843,0.0
20.319,0.0140232,140.075,0.854584,0.0
20.3119,0.0137936,137.276,0.851523,0.0
20.3275,0.0134169,137.026,0.83588,0.0
20.3245,0.0138205,138.209,0.865466,0.0
20.3217,0.0136093,138.592,0.821257,0.0
20.3267,0.0135037,136.593,0.853564,0.0
20.3131,0.0138216,137.493,0.850503,0.0
20.3189,0.0136797,138.559,0.828739,0.0
20.3264,0.0135778,139.459,0.849483,0.0
20.3313,0.0138216,138.209,0.857644,0.0
20.336,0.0138935,137.409,0.846422,0.0
20.3177,0.0136229,139.992,0.851183,0.0
20.3286,0.0133766,138.992,0.837581,0.0
20.3378,0.0135922,137.543,0.815816,0.0
20.3145,0.0141468,138.009,0.854924,0.0
20.3157,0.0137553,138.692,0.844722,0.0
20.3315,0.0137679,138.126,0.847783,0.0
20.3359,0.0137134,137.893,0.859685,0.0
20.3327,0.0135746,139.459,0.838941,0.0
20.3369,0.0134099,138.959,0.863426,0.0
20.344,0.0134454,138.592,0.838601,0.0
20.3443,0.0137978,140.292,0.843702,0.0
20.3257,0.0138226,138.526,0.857985,0.0
20.3155,0.013737,138.326,0.840301,0.0
20.3291,0.0136777,137.526,0.839961,0.0
20.3372,0.0139462,139.275,0.856964,0.0
20.3308,0.0134478,137.609,0.842001,0.0
20.3276,0.0137293,139.192,0.860025,0.0
20.3264,0.0134975,138.592,0.854584,0.0
20.3156,0.0135414,138.892,0.837241,0.0
20.3234,0.0134611,139.475,0.831119,0.0
20.3179,0.0136138,137.976,0.848123,0.0
20.3057,0.0138667,137.959,0.83588,0.0
20.3258,0.0137682,137.209,0.829079,0.0
20.3395,0.0137552,138.209,0.860365,0.0
20.3357,0.0136798,138.992,0.842001,0.0
20.3251,0.0134465,137.693,0.857644,0.0
20.3229,0.0134321,139.975,0.845062,0.0
20.3198,0.0137489,139.675,0.83486,0.0
20.3337,0.0134657,138.309,0.8369,0.0
20.3329,0.0135498,139.808,0.846762,0.0
20.3208,0.0136593,138.626,0.873968,0.0
20.3146,0.0134356,138.259,0.842001,0.0
20.3139,0.0136147,138.742,0.829419,0.0
20.3193,0.0136206,138.659,0.838261,0.0
20.3247,0.0135757,139.542,0.861385,0.0
20.3288,0.0138257,137.726,0.846082,0.0
20.3271,0.0137198,138.342,0.852203,0.0
20.3171,0.0137667,137.209,0.853904,0.0
20.3251,0.0138301,138.076,0.829079,0.0
20.3503,0.0133422,139.292,0.839621,0.0
20.3366,0.0133356,137.726,0.849823,0.0
20.3198,0.0140187,137.576,0.847443,0.0
20.3267,0.0139362,139.225,0.847783,0.0
20.3261,0.0133149,139.575,0.865806,0.0
20.3086,0.0136702,137.709,0.849823,0.0
20.3097,0.0135081,139.125,0.850843,0.0
20.3347,0.0139676,137.409,0.853224,0.0
20.3343,0.0135491,138.059,0.855604,0.0
20.2929,0.0136605,137.643,0.862065,0.0
20.3011,0.0135551,137.693,0.851183,0.0
20.3291,0.0136097,139.292,0.865806,0.0
20.3157,0.0136212,140.775,0.850163,0.0
20.3116,0.0137796,138.409,0.854244,0.0
20.3326,0.0134385,139.242,0.868527,0.0
20.3363,0.013626,139.375,0.847102,0.0
20.3146,0.013853,139.658,0.839961,0.0
20.3123,0.0137358,138.426,0.843022,0.0
20.3184,0.0135879,138.709,0.823978,0.0
20.316,0.0132877,140.691,0.856624,0.0
20.3256,0.0135467,138.426,0.846422,0.0
20.3244,0.0134284,139.658,0.857644,0.0
20.3163,0.0137049,138.026,0.837921,0.0
20.3097,0.0135847,136.826,0.83214,0.0
20.3153,0.013937,138.392,0.842682,0.0
20.3249,0.0137399,138.426,0.847783,0.0
20.317,0.0135334,137.643,0.846082,0.0
20.324,0.0136619,138.925,0.850163,0.0
20.3328,0.0134824,138.776,0.837581,0.0
20.3103,0.0133289,138.159,0.847443,0.0
20.3187,0.0135603,138.309,0.851183,0.0
20.3472,0.0136438,138.376,0.831119,0.0
20.3406,0.0136387,137.259,0.856284,0.0
20.323,0.0135715,139.009,0.844722,0.0
20.32,0.0137075,138.742,0.855264,0.0
20.3344,0.0136688,138.059,0.848803,0.0
20.3444,0.0137368,138.559,0.854244,0.0
20.3148,0.0136829,137.493,0.844722,0.0
20.2988,0.0133698,139.309,0.848803,0.0
20.3458,0.0137053,137.793,0.866826,0.0
20.3528,0.0134927,137.209,0.859345,0.0
20.3267,0.0136913,137.193,0.852884,0.0
20.3282,0.0136356,137.243,0.850163,0.0
20.3155,0.0135399,138.059,0.865126,0.0
20.3002,0.0135846,138.659,0.838941,0.0
20.3188,0.0133756,137.643,0.844382,0.0
20.3289,0.0134827,138.692,0.839961,0.0
20.3273,0.0134639,139.125,0.845062,0.0
20.3399,0.0135372,138.709,0.862065,0.0
20.3329,0.0135687,138.326,0.858325,0.0
20.3131,0.0137123,138.875,0.854924,0.0
20.2999,0.0134439,138.792,0.849483,0.0
20.3037,0.013842,138.292,0.845402,0.0
20.3258,0.0136231,137.559,0.8335,0.0
20.333,0.0139745,138.676,0.863086,0.0
20.3145,0.0139367,139.075,0.83656,0.0
20.3147,0.0135317,138.626,0.83622,0.0
20.3239,0.0133192,139.275,0.83486,0.0
20.3194,0.0136645,139.275,0.856624,0.0
20.3151,0.0136743,138.176,0.848463,0.0
20.3111,0.0137793,138.975,0.853904,0.0
20.2981,0.0137025,138.875,0.852203,0.0
20.3027,0.0133835,138.959,0.857644,0.0
20.3184,0.0137179,138.026,0.842682,0.0
20.3201,0.0137162,139.925,0.83656,0.0
20.3163,0.0138799,138.859,0.849143,0.0
20.3101,0.0137448,140.275,0.853224,0.0
20.3153,0.013381,137.993,0.861725,0.0
20.3175,0.0136063,139.109,0.848803,0.0
20.3103,0.0134926,137.943,0.839281,0.0
20.3205,0.0133726,137.11,0.850163,0.0
20.3158,0.0134484,138.026,0.852884,0.0
20.2879,0.0134502,138.009,0.852543,0.0
20.2999,0.0135466,138.476,0.854924,0.0
20.3282,0.0134551,137.559,0.852884,0.0
20.331,0.0136923,139.775,0.8335,0.0
20.3264,0.013666,138.692,0.818197,0.0
20.3214,0.0135744,138.192,0.858325,0.0
20.3108,0.0137591,137.493,0.854924,0.0
20.2981,0.0138172,138.975,0.839281,0.0
20.3056,0.0134762,138.026,0.863086,0.0
20.3187,0.0135019,137.193,0.854584,0.0
20.3031,0.013633,139.708,0.844722,0.0
20.3141,0.0134552,137.776,0.852203,0.0
20.3347,0.013572,138.776,0.860705,0.0
20.325,0.0136012,137.593,0.845402,0.0
20.3225,0.0137893,138.309,0.839621,0.0
20.331,0.0133908,138.292,0.8335,0.0
20.3405,0.0135151,139.342,0.838261,0.0
20.3444,0.0138423,136.81,0.851183,0.0
20.3302,0.0138647,138.259,0.844042,0.0
20.3132,0.0138192,138.709,0.854584,0.0
20.3106,0.0137442,137.926,0.830439,0.0
20.308,0.0135139,137.676,0.846082,0.0
20.3204,0.0137575,138.659,0.857985,0.0
20.3307,0.0134764,138.942,0.846762,0.0
20.3083,0.0136688,138.026,0.869547,0.0
20.28,0.0136431,138.276,0.857644,0.0
20.304,0.0134085,139.292,0.83622,0.0
20.339,0.0135239,136.776,0.844042,0.0
20.3195,0.0134978,139.042,0.845742,0.0
20.3122,0.0134875,138.409,0.845742,0.0
20.331,0.0132821,138.509,0.83622,0.0
20.3375,0.0138398,138.792,0.848123,0.0
20.3175,0.0136681,138.276,0.848123,0.0
20.3235,0.0136368,139.009,0.860025,0.0
20.3448,0.0137223,140.541,0.852203,0.0
20.3125,0.0138812,138.992,0.854584,0.0
20.303,0.01343,138.342,0.83486,0.0
20.3321,0.0134203,139.042,0.847443,0.0
20.3294,0.0137891,138.259,0.856964,0.0
20.319,0.0140464,137.193,0.837581,0.0
20.33,0.0135663,139.492,0.847783,0.0
20.3135,0.0134683,137.359,0.859345,0.0
20.3005,0.0137805,138.526,0.850843,0.0
20.3296,0.0139509,137.626,0.852884,0.0
20.3429,0.0134197,138.626,0.822618,0.0
20.3264,0.0136411,139.242,0.845402,0.0
20.3046,0.0136253,138.825,0.857985,0.0
20.2933,0.0137203,137.476,0.830439,0.0
20.2944,0.013633,138.842,0.849143,0.0
20.3082,0.0139731,138.276,0.842001,0.0
20.3305,0.0133804,139.542,0.854924,0.0
20.3338,0.0134803,137.093,0.824318,0.0
20.3191,0.0139761,137.01,0.83248,0.0
20.3025,0.0138076,140.008,0.860365,0.0
20.2911,0.0136065,138.042,0.847443,0.0
20.3014,0.0135557,139.725,0.865806,0.0
20.318,0.0134991,138.759,0.837921,0.0
20.3143,0.0135809,139.992,0.83384,0.0
20.3188,0.0138798,138.492,0.841661,0.0
20.3271,0.0135239,138.309,0.865126,0.0
20.3211,0.013448,138.792,0.846762,0.0
20.3155,0.0133699,139.409,0.852203,0.0
20.3118,0.013247,137.459,0.868527,0.0
20.3166,0.0135778,139.309,0.844722,0.0
20.2975,0.0138493,138.642,0.838941,0.0
20.2822,0.0136581,138.676,0.856624,0.0
20.3048,0.0136686,137.759,0.847443,0.0
20.3245,0.0138802,137.743,0.856624,0.0
20.3299,0.0137303,139.825,0.849823,0.0
20.3316,0.0139314,137.676,0.842682,0.0
20.3044,0.0137297,139.808,0.83588,0.0
20.3024,0.0137591,138.076,0.83384,0.0
20.3265,0.0135184,138.825,0.855944,0.0
20.3119,0.0135247,139.509,0.855604,0.0
20.3131,0.0140206,137.776,0.826358,0.0
20.3155,0.0135502,138.076,0.845402,0.0
20.3104,0.0136664,139.042,0.861385,0.0
20.3223,0.0137166,139.442,0.845402,0.0
20.3208,0.0136072,137.826,0.839621,0.0
20.3217,0.0135569,137.176,0.8369,0.0
20.3219,0.0132303,138.526,0.843702,0.0
20.3065,0.0134469,138.726,0.850163,0.0
20.3035,0.0137111,139.442,0.853904,0.0
20.3175,0.0139418,138.059,0.841661,0.0
20.307,0.013339,137.809,0.849823,0.0
20.3074,0.0137024,139.259,0.848803,0.0
20.3088,0.0136776,135.477,0.841321,0.0
20.3141,0.0138554,138.192,0.857644,0.0
20.3313,0.0138227,138.592,0.862065,0.0
20.3103,0.0137182,138.709,0.829419,0.0
20.2981,0.0135949,136.893,0.858665,0.0
20.3216,0.0137519,139.042,0.857985,0.0
20.3238,0.0135644,138.792,0.848123,0.0
20.3166,0.0137485,138.092,0.845402,0.0
20.3182,0.0135894,138.776,0.856624,0.0
20.3145,0.01373,139.359,0.856284,0.0
20.2998,0.0136411,137.043,0.845062,0.0
20.2941,0.0136741,137.709,0.854584,0.0
20.3011,0.0132791,138.409,0.854584,0.0
20.2949,0.0134195,138.709,0.850163,0.0
20.3069,0.0135536,139.342,0.853224,0.0
20.3186,0.0135352,137.659,0.867506,0.0
20.3077,0.0138825,138.076,0.850503,0.0
20.3234,0.0136163,137.543,0.83622,0.0
20.3277,0.013707,138.659,0.846762,0.0
20.3134,0.0136767,139.459,0.858665,0.0
20.3093,0.0136809,138.659,0.852543,0.0
20.3153,0.0137619,137.409,0.858325,0.0
20.3157,0.0134361,139.775,0.853904,0.0
20.2945,0.0132819,139.708,0.851523,0.0
20.3024,0.0138128,138.476,0.837241,0.0
20.3045,0.0134723,137.959,0.850503,0.0
20.3041,0.0137587,139.559,0.831459,0.0
20.3123,0.0138656,139.359,0.846422,0.0
20.3147,0.0137738,139.842,0.8335,0.0
20.3073,0.0137564,138.426,0.854244,0.0
20.3039,0.0135719,137.593,0.865126,0.0
20.3172,0.0137322,139.425,0.850163,0.0
20.3227,0.0137007,137.943,0.857985,0.0
20.3016,0.0137778,138.892,0.868527,0.0
20.3107,0.0135266,139.092,0.873628,0.0
20.3244,0.0133967,137.876,0.851183,0.0
20.3093,0.0129848,138.809,0.851863,0.0
20.3279,0.0133688,138.242,0.837581,0.0
20.351,0.0135291,138.092,0.852884,0.0
20.3226,0.013407,138.925,0.872607,0.0
20.2899,0.0138089,139.259,0.8335,0.0
20.311,0.0139364,137.809,0.817857,0.0
20.316,0.0135305,137.793,0.831119,0.0
20.2944,0.0135576,138.409,0.83282,0.0
20.3022,0.0134583,138.159,0.848463,0.0
20.3236,0.0133991,137.559,0.840641,0.0
20.3266,0.0135519,138.176,0.860025,0.0
20.3175,0.013259,139.575,0.83554,0.0
20.3037,0.013446,138.026,0.839621,0.0
20.3025,0.0135232,138.576,0.8352,0.0
20.3334,0.0136699,138.526,0.861045,0.0
20.3325,0.0138257,139.425,0.847783,0.0
20.3011,0.0134943,139.075,0.855604,0.0
20.2966,0.0134908,138.842,0.830779,0.0
20.314,0.0134674,137.026,0.838941,0.0
20.3149,0.0134766,139.492,0.861045,0.0
20.3187,0.0135916,139.758,0.88417,0.0
20.3321,0.0135826,137.909,0.849483,0.0
20.3244,0.0140261,138.442,0.848463,0.0
20.3061,0.0139055,137.876,0.841321,0.0
20.3254,0.0136717,139.342,0.847102,0.0
20.3286,0.0137624,138.509,0.843022,0.0
20.2972,0.0139634,139.658,0.8318,0.0
20.3126,0.0135449,137.643,0.856624,0.0
20.3106,0.0137838,138.026,0.83384,0.0
20.2749,0.0137591,139.075,0.848123,0.0
20.291,0.0139199,139.275,0.850843,0.0
20.3157,0.0135351,139.209,0.867166,0.0
20.3153,0.0134004,138.909,0.844722,0.0
20.3263,0.0137334,140.042,0.839281,0.0
20.3269,0.013657,139.958,0.837921,0.0
20.3141,0.0137405,137.726,0.852543,0.0
20.3179,0.0137267,138.776,0.856284,0.0
20.2993,0.0133531,137.526,0.840981,0.0
20.2826,0.0135071,137.759,0.828059,0.0
20.3088,0.0135484,137.693,0.864446,0.0
20.314,0.0140051,138.259,0.842682,0.0
20.3062,0.0138362,138.442,0.856964,0.0
20.3237,0.0140615,138.309,0.862405,0.0
20.3227,0.0136356,138.292,0.8369,0.0
20.3239,0.0137301,139.059,0.862405,0.0
20.3328,0.0137693,138.825,0.847783,0.0
20.308,0.0135813,137.843,0.847783,0.0
20.2982,0.0137568,139.892,0.861045,0.0
20.3062,0.0135767,138.975,0.841661,0.0
20.3005,0.0137029,137.826,0.844382,0.0
20.311,0.014041,137.16,0.862405,0.0
20.3089,0.0137448,139.359,0.845742,0.0
20.3086,0.0135475,139.425,0.842342,0.0
20.3307,0.0133692,136.293,0.863086,0.0
20.3157,0.0136554,140.392,0.826018,0.0
20.3171,0.0136019,138.709,0.845742,0.0
20.3385,0.0139337,138.326,0.847102,0.0
20.3207,0.0135486,137.693,0.837921,0.0
20.3006,0.0136252,139.808,0.859685,0.0
20.3086,0.0139572,139.209,0.845402,0.0
20.3202,0.0137644,139.092,0.83316,0.0
20.3198,0.0135783,138.609,0.847783,0.0
20.323,0.0137037,137.06,0.831119,0.0
20.3141,0.0138632,139.175,0.847783,0.0
20.3201,0.0138013,137.826,0.83316,0.0
20.3217,0.0139732,137.859,0.839961,0.0
20.3019,0.0138274,138.792,0.846762,0.0
20.3062,0.0139588,139.275,0.848123,0.0
20.308,0.0138184,138.476,0.856284,0.0
20.3165,0.0139657,139.175,0.839281,0.0
20.3296,0.0141111,136.876,0.855944,0.0
20.31,0.0136562,137.909,0.837921,0.0
20.3003,0.0136272,137.343,0.857985,0.0
20.3022,0.0135229,136.81,0.846082,0.0
20.2881,0.0138639,138.492,0.858325,0.0
20.3046,0.0138277,139.542,0.869547,0.0
20.3174,0.0134605,138.509,0.83622,0.0
20.3014,0.014028,137.743,0.844722,0.0
20.2954,0.014098,137.926,0.855604,0.0
20.3002,0.013606,139.409,0.855264,0.0
20.3084,0.0134519,138.792,0.854584,0.0
20.3008,0.0135549,138.426,0.849483,0.0
20.2823,0.0132973,137.826,0.843362,0.0
20.2788,0.01361,138.259,0.868186,0.0
20.3097,0.0136405,138.159,0.848463,0.0
20.3207,0.0133972,138.909,0.849483,0.0
20.3059,0.0134116,139.109,0.83554,0.0
20.2923,0.0131237,138.742,0.855264,0.0
20.2934,0.0135156,137.793,0.861725,0.0
20.3178,0.0134151,137.976,0.849483,0.0
20.3122,0.0137636,137.926,0.829759,0.0
20.2939,0.0134074,138.709,0.852884,0.0
20.3019,0.013515,138.925,0.860025,0.0
20.3078,0.0138775,139.125,0.856624,0.0
20.3148,0.0137366,139.392,0.859685,0.0
20.3174,0.0137852,137.726,0.844382,0.0
20.3065,0.0135696,137.226,0.853564,0.0
20.2977,0.013941,138.692,0.856284,0.0
20.3034,0.0136586,137.943,0.842682,0.0
20.3115,0.013568,137.843,0.862745,0.0
20.2951,0.0134656,139.059,0.823298,0.0
20.2964,0.0136678,137.643,0.852884,0.0
20.3103,0.0139355,139.708,0.858325,0.0
20.2945,0.0136365,137.193,0.8318,0.0
20.2966,0.0133612,139.142,0.844382,0.0
20.3241,0.0136749,138.359,0.844382,0.0
20.3043,0.0136717,139.125,0.858665,0.0
20.2999,0.0137539,138.059,0.838261,0.0
20.3156,0.0135885,139.292,0.816157,0.0
20.3169,0.0137768,137.843,0.848123,0.0
20.3196,0.01365,139.808,0.841661,0.0
20.3299,0.0137858,138.342,0.837921,0.0
20.329,0.0136101,138.559,0.83622,0.0
20.3059,0.013934,138.542,0.831459,0.0
20.2956,0.0137869,138.609,0.854244,0.0
20.3122,0.0133304,136.593,0.842342,0.0
20.2951,0.0130909,137.193,0.857304,0.0
20.2901,0.0134897,139.642,0.855604,0.0
20.3215,0.0133016,139.125,0.8352,0.0
20.3326,0.0131985,137.976,0.856284,0.0
20.3283,0.0137786,137.043,0.841661,0.0
20.309,0.0139787,139.259,0.838601,0.0
20.2923,0.0137924,138.042,0.818537,0.0
20.303,0.013491,138.109,0.873287,0.0
20.3171,0.0134212,137.676,0.840981,0.0
20.3236,0.0136861,137.976,0.846422,0.0
20.3149,0.0135246,138.426,0.847102,0.0
20.2944,0.0135482,137.759,0.844382,0.0
20.3138,0.0136567,139.742,0.824658,0.0
20.3314,0.0133022,138.376,0.830439,0.0
20.2997,0.0134239,139.075,0.846422,0.0
20.2909,0.013417,138.526,0.855264,0.0
20.3044,0.0135712,138.842,0.852203,0.0
20.3174,0.0133674,138.825,0.841661,0.0
20.3221,0.0133808,139.842,0.850843,0.0
20.3147,0.0134173,137.193,0.849823,0.0
20.3038,0.0135067,138.226,0.855264,0.0
20.2869,0.0136569,137.209,0.855944,0.0
20.2981,0.0138098,137.659,0.856284,0.0
20.3221,0.0140996,139.392,0.847102,0.0
20.3136,0.0133827,137.193,0.829079,0.0
20.2938,0.0138734,139.675,0.850503,0.0
20.2898,0.0136534,139.025,0.857644,0.0
20.3206,0.0134669,137.293,0.861385,0.0
20.3414,0.0134264,137.593,0.847443,0.0
20.3189,0.0134237,139.309,0.865466,0.0
20.3052,0.0139586,138.026,0.842342,0.0
20.2988,0.0139034,137.426,0.839281,0.0
20.2942,0.01363,140.758,0.860365,0.0
20.3167,0.0135229,138.842,0.862745,0.0
20.3138,0.013709,138.109,0.854244,0.0
20.3001,0.0138028,137.859,0.853904,0.0
20.2871,0.0136594,138.142,0.849143,0.0
20.288,0.0136283,137.976,0.874648,0.0
20.2949,0.0136259,138.126,0.849823,0.0
20.2709,0.0136725,139.575,0.863426,0.0
20.2803,0.0137633,139.059,0.837241,0.0
20.3154,0.0133772,138.576,0.839621,0.0
20.2949,0.0132643,138.959,0.850503,0.0
20.2802,0.0134595,138.259,0.83452,0.0
20.3101,0.0135541,137.843,0.850163,0.0
20.3323,0.0136558,138.459,0.822958,0.0
20.3185,0.0137496,137.026,0.845742,0.0
20.3123,0.0137508,137.043,0.851863,0.0
20.322,0.0138966,138.559,0.839281,0.0
20.2992,0.0136537,137.726,0.850503,0.0
20.2878,0.0138828,137.809,0.862065,0.0
20.303,0.0137321,137.426,0.857304,0.0
20.3043,0.0140053,138.042,0.842342,0.0
20.2938,0.0134125,139.592,0.859685,0.0
20.3012,0.0140387,140.425,0.856284,0.0
20.3096,0.0135518,139.109,0.866486,0.0
20.2999,0.0137323,138.226,0.859005,0.0
20.3058,0.0134856,138.326,0.831119,0.0
20.3119,0.0135898,137.709,0.83282,0.0
20.3099,0.0132471,137.843,0.838261,0.0
20.3149,0.0135312,137.876,0.846422,0.0
20.2936,0.0136588,138.776,0.847443,0.0
20.2774,0.0133498,137.459,0.844042,0.0
20.302,0.0139309,138.442,0.880429,0.0
20.3055,0.0135052,138.492,0.830779,0.0
20.3003,0.0135739,137.893,0.838601,0.0
20.3197,0.013695,137.343,0.853224,0.0
20.3083,0.0139623,139.542,0.853904,0.0
20.289,0.0139733,137.659,0.825338,0.0
20.3049,0.0135755,138.076,0.850163,0.0
20.3106,0.0134554,138.709,0.848803,0.0
20.2872,0.0137321,138.592,0.838261,0.0
20.2773,0.0136964,137.959,0.857304,0.0
20.297,0.013978,139.559,0.840301,0.0
20.3101,0.0138523,137.959,0.849823,0.0
20.3053,0.0135818,139.325,0.848463,0.0
20.3147,0.0135565,139.159,0.852884,0.0
20.3205,0.0137596,137.576,0.842001,0.0
20.3009,0.0135364,138.759,0.839621,0.0
20.3028,0.0136195,138.709,0.848463,0.0
20.3058,0.0135327,138.642,0.861045,0.0
20.3065,0.0132242,139.275,0.851523,0.0
20.3245,0.0139561,137.026,0.841661,0.0
20.3266,0.0133933,138.642,0.858325,0.0
20.3049,0.0138905,137.709,0.849143,0.0
20.3053,0.0137065,139.159,0.841661,0.0
20.3169,0.0136706,137.376,0.853904,0.0
20.3034,0.0135443,137.959,0.847783,0.0
20.3111,0.0136163,137.493,0.83588,0.0
20.3308,0.0138629,138.359,0.866826,0.0
20.3324,0.0135265,140.225,0.840641,0.0
20.3159,0.0138089,138.392,0.850503,0.0
20.2986,0.01368,138.792,0.849823,0.0
20.3144,0.0130816,136.66,0.871927,0.0
20.3312,0.0139084,138.609,0.843702,0.0
20.3186,0.0136054,139.109,0.846422,0.0
20.3161,0.0138771,138.642,0.843022,0.0
20.3131,0.0138033,137.926,0.851183,0.0
20.3013,0.0140872,137.626,0.837241,0.0
20.2997,0.0136996,137.876,0.838601,0.0
20.314,0.0134832,138.809,0.846082,0.0
20.3125,0.0134842,138.076,0.818877,0.0
20.3053,0.0132208,139.675,0.83452,0.0
20.2987,0.0132777,137.559,0.842342,0.0
20.2801,0.0135395,138.042,0.865126,0.0
20.2803,0.0135541,138.559,0.866146,0.0
20.3207,0.0135772,138.509,0.840301,0.0
20.3209,0.0136262,138.659,0.863086,0.0
20.2967,0.0135022,139.292,0.858665,0.0
20.2974,0.0132902,137.543,0.83486,0.0
20.2996,0.0137173,138.426,0.851863,0.0
20.3124,0.0134281,139.742,0.845062,0.0
20.3157,0.0136356,137.676,0.856624,0.0
20.2995,0.0135883,137.409,0.837581,0.0
20.304,0.0136222,138.909,0.864106,0.0
20.3203,0.0135066,138.292,0.853904,0.0
20.3209,0.013845,138.542,0.857985,0.0
20.3218,0.0135689,137.693,0.848803,0.0
20.3234,0.0138832,139.242,0.865466,0.0
20.3275,0.0133309,138.459,0.852203,0.0
20.3094,0.013195,137.376,0.869547,0.0
20.281,0.013663,138.326,0.861725,0.0
20.2827,0.0137138,139.742,0.859685,0.0
20.3153,0.0137048,138.426,0.821598,0.0
20.3112,0.0135613,138.209,0.843702,0.0
20.2986,0.0135942,139.359,0.864786,0.0
20.3244,0.0133557,138.142,0.855604,0.0
20.3191,0.013625,137.643,0.843022,0.0
20.2915,0.0138606,139.009,0.861725,0.0
20.3089,0.013632,138.709,0.854584,0.0
20.3315,0.0139879,138.059,0.844042,0.0
20.3122,0.0139976,139.409,0.842001,0.0
20.3151,0.0136548,140.425,0.851863,0.0
20.3271,0.0132815,139.625,0.853224,0.0
20.3233,0.01359,138.676,0.872947,0.0
20.3034,0.013373,138.992,0.83214,0.0
20.3028,0.0134473,139.559,0.856964,0.0
20.3331,0.0136408,137.909,0.844042,0.0
20.3227,0.0137925,137.076,0.857985,0.0
20.3157,0.0137692,137.293,0.856964,0.0
20.3256,0.0136003,137.093,0.851863,0.0
20.2923,0.0134759,139.225,0.854584,0.0
20.28,0.0136765,138.576,0.863086,0.0
20.3174,0.0137458,138.009,0.839281,0.0
20.3203,0.013754,137.309,0.853904,0.0
20.3101,0.0136464,138.809,0.859685,0.0
20.2995,0.0133883,140.108,0.863766,0.0
20.3058,0.0139411,137.393,0.865806,0.0
20.3202,0.0133549,140.158,0.845742,0.0
20.2949,0.0136507,136.593,0.844382,0.0
20.2891,0.0136124,137.843,0.852203,0.0
20.3183,0.0138373,138.326,0.853564,0.0
20.3276,0.0137757,136.393,0.852884,0.0
20.3145,0.0131898,139.142,0.857985,0.0
20.3059,0.0138851,139.309,0.848803,0.0
20.3148,0.013743,138.159,0.855604,0.0
20.3042,0.0136178,136.66,0.826358,0.0
20.285,0.0133833,137.609,0.861725,0.0
20.3001,0.0140641,138.509,0.858325,0.0
20.3152,0.0137651,138.792,0.867846,0.0
20.3106,0.0138325,137.11,0.841321,0.0
20.3055,0.0141742,138.359,0.849823,0.0
20.307,0.0139828,139.075,0.865126,0.0
20.3038,0.0137334,138.309,0.849143,0.0
20.3057,0.0135131,138.692,0.851183,0.0
20.3195,0.0134904,138.925,0.83452,0.0
20.3037,0.0134825,137.859,0.842682,0.0
20.3005,0.0136321,139.908,0.856624,0.0
20.3237,0.0136614,137.776,0.83316,0.0
20.3074,0.0133443,136.943,0.865126,0.0
20.2937,0.013853,139.908,0.846082,0.0
20.2969,0.0138596,137.11,0.846422,0.0
20.3053,0.013844,136.51,0.857304,0.0
20.3155,0.0132781,139.059,0.8369,0.0
20.2947,0.0138083,137.709,0.844722,0.0
20.2883,0.0137264,138.809,0.828739,0.0
20.3114,0.0137222,138.742,0.852543,0.0
20.3206,0.0135816,138.059,0.856284,0.0
20.3101,0.013754,138.542,0.830779,0.0
20.3055,0.013477,138.392,0.850163,0.0
20.3066,0.0137939,137.793,0.848123,0.0
20.2989,0.0140049,137.176,0.844382,0.0
20.2955,0.0140339,138.776,0.8318,0.0
20.2903,0.013692,139.725,0.840981,0.0
20.2777,0.0139978,136.843,0.845742,0.0
20.3057,0.0133073,138.126,0.83384,0.0
20.3413,0.0136728,136.793,0.839961,0.0
20.3213,0.0138249,139.025,0.843702,0.0
20.3048,0.0137588,137.726,0.854924,0.0
20.3064,0.013406,138.076,0.852884,0.0
20.2942,0.0137184,138.626,0.839281,0.0
20.2928,0.0133854,137.476,0.852884,0.0
20.2964,0.0134697,138.259,0.840981,0.0
20.3058,0.0133006,138.492,0.83418,0.0
20.3081,0.0137854,136.593,0.849143,0.0
20.3105,0.0139493,137.876,0.851183,0.0
20.3059,0.0135305,137.843,0.848463,0.0
20.2971,0.0135397,138.809,0.855264,0.0
20.3039,0.0136865,138.409,0.838601,0.0
20.3056,0.0137818,139.525,0.839621,0.0
20.2859,0.0135404,139.259,0.847783,0.0
20.2678,0.0135888,138.192,0.876348,0.0
20.2965,0.0139091,138.226,0.860365,0.0
20.3114,0.0136413,138.376,0.845062,0.0
20.2974,0.0135951,139.325,0.857985,0.0
20.2889,0.0134113,137.959,0.846762,0.0
20.2873,0.0134005,138.259,0.852203,0.0
20.3055,0.0135671,137.609,0.845742,0.0
20.3168,0.0136817,139.209,0.851863,0.0
20.3024,0.0135346,139.025,0.852543,0.0
20.2977,0.0136338,138.259,0.838941,0.0
20.3154,0.0135914,136.81,0.839621,0.0
20.3091,0.0136743,138.776,0.850503,0.0
20.3015,0.0136143,138.059,0.8352,0.0
20.3108,0.013741,138.909,0.851183,0.0
20.3005,0.0136404,137.943,0.852203,0.0
20.2958,0.01351,138.626,0.860705,0.0
20.3088,0.0137236,137.743,0.822958,0.0
20.2958,0.0137564,137.809,0.8335,0.0
20.2803,0.0139419,139.042,0.848803,0.0
20.2935,0.0134864,137.609,0.837921,0.0
20.2931,0.0135641,137.959,0.855944,0.0
20.3014,0.0138574,138.942,0.8369,0.0
20.31,0.0135505,139.192,0.864106,0.0
20.295,0.0136863,137.843,0.837581,0.0
20.3049,0.0137415,139.142,0.861045,0.0
20.3077,0.0136957,137.959,0.865466,0.0
20.2892,0.0134053,138.842,0.826018,0.0
20.3177,0.0137569,139.209,0.852884,0.0
20.3266,0.0133751,138.342,0.846082,0.0
20.3057,0.0138292,139.092,0.850503,0.0
20.3048,0.0132477,137.693,0.848463,0.0
20.3056,0.0134409,139.159,0.856284,0.0
20.3174,0.0136289,137.509,0.848463,0.0
20.3207,0.0136981,138.542,0.867846,0.0
20.3136,0.0137635,138.042,0.820917,0.0
20.3076,0.0137478,137.676,0.864106,0.0
20.3158,0.0136173,137.343,0.848123,0.0
20.3336,0.0137513,139.225,0.861725,0.0
20.3235,0.0139274,137.393,0.849823,0.0
20.2815,0.0135963,139.708,0.855604,0.0
20.2877,0.0136034,139.342,0.838601,0.0
20.3235,0.0138124,140.108,0.837581,0.0
20.3217,0.0139242,137.276,0.858325,0.0
20.2998,0.0135288,139.359,0.856624,0.0
20.2972,0.0135061,139.808,0.825678,0.0
20.2978,0.013763,137.359,0.855264,0.0
20.3125,0.0139912,139.075,0.845062,0.0
20.3108,0.0135289,139.525,0.818537,0.0
20.2892,0.013709,138.159,0.846762,0.0
20.3148,0.0135279,137.326,0.860025,0.0
20.3228,0.0136358,140.625,0.844382,0.0
20.2819,0.0138082,138.526,0.840641,0.0
20.2857,0.013664,138.842,0.827719,0.0
20.3177,0.0138131,138.209,0.854244,0.0
20.309,0.0137257,137.293,0.847443,0.0
20.299,0.0137459,137.676,0.849823,0.0
20.308,0.0139346,137.976,0.828399,0.0
20.3093,0.0131399,138.226,0.850843,0.0
20.3015,0.0136198,137.209,0.83452,0.0
20.2776,0.0134777,137.959,0.838601,0.0
20.2898,0.0135163,137.893,0.863086,0.0
20.3172,0.0139257,137.459,0.854584,0.0
20.3002,0.0134339,137.693,0.855264,0.0
20.291,0.0134074,138.426,0.852543,0.0
20.291,0.0136365,140.575,0.844382,0.0
20.3128,0.0135999,139.359,0.8369,0.0
20.3263,0.0138609,138.459,0.83452,0.0
20.3013,0.0136138,137.759,0.841321,0.0
20.293,0.01378,135.927,0.843702,0.0
20.2954,0.0137428,139.309,0.843362,0.0
20.2992,0.0136645,138.992,0.844042,0.0
20.3067,0.0137341,138.209,0.852884,0.0
20.316,0.0137669,137.809,0.847783,0.0
20.3204,0.0138031,139.125,0.867506,0.0
20.324,0.0133612,137.859,0.857644,0.0
20.3157,0.0131203,138.942,0.83316,0.0
20.2917,0.0134402,136.01,0.843362,0.0
20.296,0.0134765,137.776,0.843702,0.0
20.3037,0.0137784,138.776,0.839961,0.0
20.2879,0.0134218,137.876,0.843022,0.0
20.3012,0.0135047,138.259,0.863426,0.0
20.3095,0.013792,138.559,0.83384,0.0
20.3065,0.0137912,138.076,0.863426,0.0
20.3118,0.0134164,139.042,0.83656,0.0
20.3086,0.0134247,138.476,0.841321,0.0
20.3141,0.0135313,138.659,0.846762,0.0
20.3277,0.0137543,138.392,0.830779,0.0
20.3137,0.0138921,135.81,0.864786,0.0
20.3014,0.0137215,137.543,0.839281,0.0
20.3044,0.0135744,137.01,0.855604,0.0
20.3094,0.0136956,138.975,0.853224,0.0
20.3095,0.0134642,138.992,0.837581,0.0
20.3155,0.0134069,138.892,0.850503,0.0
20.3143,0.0138518,139.542,0.854244,0.0
20.3036,0.0138846,138.892,0.850163,0.0
20.3382,0.0134392,139.092,0.849143,0.0
20.3416,0.0136936,139.009,0.855944,0.0
20.2961,0.0136213,138.442,0.848123,0.0
20.3033,0.0137855,139.275,0.854244,0.0
20.3258,0.0134672,138.192,0.854924,0.0
20.3089,0.0137828,138.592,0.837241,0.0
20.2811,0.0138271,138.709,0.852543,0.0
20.2947,0.0136235,137.709,0.840301,0.0
20.3244,0.0138027,136.993,0.849143,0.0
20.3261,0.0139069,139.392,0.856284,0.0
20.3118,0.0136211,138.959,0.841321,0.0
20.2885,0.0137609,138.492,0.854244,0.0
20.2926,0.0137928,138.142,0.838261,0.0
20.3068,0.0141829,138.476,0.838601,0.0
20.2975,0.0134652,138.392,0.844382,0.0
20.2844,0.0137757,137.843,0.83384,0.0
20.2999,0.0140441,139.392,0.866826,0.0
20.3194,0.0134334,139.775,0.864106,0.0
20.325,0.0135926,137.276,0.850503,0.0
20.3174,0.0136916,138.892,0.856624,0.0
20.3052,0.0137976,137.476,0.853904,0.0
20.3061,0.0136836,136.86,0.865126,0.0
20.299,0.0135763,138.975,0.858665,0.0
20.3029,0.0135823,139.092,0.830099,0.0
20.3175,0.0135258,138.342,0.851183,0.0
20.3013,0.0132795,137.443,0.863766,0.0
20.2961,0.0131824,139.325,0.8318,0.0
20.3133,0.0134203,139.992,0.83622,0.0
20.3025,0.0134479,137.943,0.862065,0.0
20.2824,0.013742,139.475,0.839961,0.0
20.3009,0.0140524,136.96,0.8318,0.0
20.3259,0.014116,138.709,0.846762,0.0
20.3297,0.0137197,138.076,0.843702,0.0
20.3253,0.0136034,139.175,0.854584,0.0
20.3169,0.0140141,138.259,0.847783,0.0
20.322,0.0135829,139.209,0.860365,0.0
20.3168,0.0137312,139.475,0.867166,0.0
20.3092,0.0137193,139.858,0.855944,0.0
20.3201,0.0135754,138.659,0.840641,0.0
20.3211,0.0136315,138.576,0.83622,0.0
20.3302,0.013752,138.776,0.851183,0.0
20.3217,0.0137306,138.392,0.854244,0.0
20.3057,0.01329,138.975,0.866486,0.0
20.3165,0.0134005,138.959,0.852884,0.0
20.3147,0.0137498,138.825,0.829079,0.0
20.3012,0.0138545,139.325,0.83282,0.0
20.3015,0.013565,138.142,0.850163,0.0
20.3001,0.0136875,138.226,0.850163,0.0
20.3039,0.0136066,139.775,0.859345,0.0
20.307,0.0138721,139.875,0.866146,0.0
20.3066,0.0137766,138.276,0.8335,0.0
20.3134,0.0137736,137.026,0.872607,0.0
20.2828,0.0138492,137.593,0.83316,0.0
20.272,0.0134364,138.509,0.849823,0.0
20.3165,0.0137026,137.759,0.859345,0.0
20.3261,0.0136461,137.626,0.8335,0.0
20.3164,0.0136737,140.392,0.842001,0.0
20.3201,0.0136695,137.909,0.837921,0.0
20.306,0.0138727,139.342,0.829759,0.0
20.2969,0.0137404,137.726,0.853224,0.0
20.3031,0.0135528,139.342,0.83554,0.0
20.3141,0.0133236,139.242,0.839281,0.0
20.3145,0.013639,137.11,0.851183,0.0
20.3218,0.0139222,139.042,0.861725,0.0
20.3233,0.013645,138.842,0.855264,0.0
20.3054,0.0136614,138.092,0.831119,0.0
20.3054,0.0136241,139.309,0.855604,0.0
20.3181,0.0137599,138.126,0.83214,0.0
20.3107,0.0139526,137.776,0.869207,0.0
20.3048,0.0137423,138.292,0.868186,0.0
20.3005,0.0134912,139.159,0.843022,0.0
20.2973,0.0137225,139.858,0.846762,0.0
20.3103,0.013273,139.109,0.866486,0.0
20.312,0.0137939,137.809,0.854244,0.0
20.3157,0.0135414,138.042,0.821938,0.0
20.3155,0.0137828,137.709,0.869547,0.0
20.3037,0.0135722,139.608,0.83418,0.0
20.3111,0.0135521,137.476,0.865466,0.0
20.3395,0.0133933,137.859,0.83452,0.0
20.3494,0.013753,138.376,0.864446,0.0
20.3078,0.0136134,137.976,0.842682,0.0
20.2853,0.0135623,138.592,0.848803,0.0
20.3152,0.0135962,137.193,0.842342,0.0
20.3229,0.0137048,138.892,0.858325,0.0
20.3339,0.0135124,139.259,0.839281,0.0
20.3373,0.0139045,138.709,0.869887,0.0
20.3063,0.0133944,137.826,0.83486,0.0
20.2952,0.0139684,138.442,0.853904,0.0
20.304,0.013313,138.842,0.857985,0.0
20.2996,0.0137336,138.776,0.8352,0.0
20.2873,0.0136557,138.142,0.845402,0.0
20.2892,0.0136759,139.059,0.862745,0.0
20.3128,0.0136546,139.025,0.863766,0.0
20.3193,0.0133883,139.492,0.846082,0.0
20.3058,0.0137199,137.743,0.871927,0.0
20.3203,0.0138931,139.359,0.852203,0.0
20.3297,0.0139839,140.342,0.852203,0.0
20.3179,0.0138013,137.943,0.824318,0.0
20.3275,0.0137061,137.743,0.829419,0.0
20.3194,0.0135735,139.275,0.844382,0.0
20.2926,0.0136784,137.259,0.843362,0.0
20.3007,0.0137125,137.243,0.864446,0.0
20.3193,0.0138763,137.743,0.846082,0.0
20.3081,0.0138269,138.742,0.857304,0.0
20.2942,0.0137184,137.276,0.840301,0.0
20.3073,0.0137774,137.926,0.83588,0.0
20.3022,0.0137053,137.143,0.839961,0.0
20.2817,0.0137344,138.042,0.859005,0.0
20.2905,0.0134762,138.276,0.844042,0.0
20.2994,0.013624,138.142,0.858325,0.0
20.2982,0.013507,138.659,0.842682,0.0
20.3014,0.0135485,136.36,0.850843,0.0
20.3044,0.0139721,139.409,0.866146,0.0
20.3054,0.0134447,138.009,0.851863,0.0
20.3005,0.013518,139.542,0.854924,0.0
20.3128,0.0133827,137.943,0.861725,0.0
20.307,0.0136163,138.209,0.864106,0.0
20.2926,0.0137878,139.409,0.839961,0.0
20.3027,0.013481,138.276,0.849823,0.0
20.3154,0.0140621,139.892,0.847102,0.0
20.3023,0.013721,136.893,0.851863,0.0
20.295,0.013605,139.192,0.854584,0.0
20.297,0.0135906,137.793,0.846422,0.0
20.3076,0.0136594,137.676,0.841661,0.0
20.3274,0.0137026,138.692,0.822618,0.0
20.3199,0.0132514,137.209,0.854244,0.0
20.3192,0.0133963,137.543,0.846082,0.0
20.3235,0.0135036,138.242,0.866826,0.0
20.3028,0.0135771,137.043,0.861725,0.0
20.2918,0.013893,137.876,0.864786,0.0
20.3081,0.0132163,138.975,0.8369,0.0
20.3269,0.0135196,139.042,0.848463,0.0
20.3154,0.0131966,137.726,0.847783,0.0
20.2892,0.0136202,139.159,0.861045,0.0
20.2911,0.0138064,138.059,0.849143,0.0
20.3132,0.0136775,139.042,0.871247,0.0
20.3215,0.0136298,138.192,0.8335,0.0
20.3123,0.0140344,138.642,0.853904,0.0
20.3101,0.0137188,139.442,0.840641,0.0
20.3143,0.0135503,138.076,0.854584,0.0
20.3139,0.0137493,136.826,0.838601,0.0
20.3058,0.0135756,139.175,0.846422,0.0
20.2885,0.0139086,137.826,0.838941,0.0
20.2911,0.0138564,138.109,0.83452,0.0
20.3135,0.0132817,137.893,0.857985,0.0
20.3032,0.0138783,136.726,0.83214,0.0
20.3,0.0138282,137.176,0.850843,0.0
20.3233,0.0136268,138.492,0.859685,0.0
20.3136,0.0136745,137.526,0.858665,0.0
20.2942,0.0140324,138.259,0.819897,0.0
20.2993,0.0138457,138.809,0.828059,0.0
20.3152,0.0135888,138.326,0.838601,0.0
20.3145,0.0135794,138.626,0.829079,0.0
20.3231,0.0135797,139.192,0.837581,0.0
20.326,0.0134029,139.392,0.844382,0.0
20.3034,0.013527,136.976,0.83282,0.0
20.3125,0.0138349,139.225,0.853904,0.0
20.3116,0.0136435,137.426,0.851183,0.0
20.2959,0.0139265,139.225,0.845742,0.0
20.3138,0.0134111,140.891,0.811736,0.0
20.3231,0.013457,137.393,0.852543,0.0
20.3125,0.0135395,139.292,0.842682,0.0
20.2989,0.0138395,139.009,0.852884,0.0
20.3,0.0135262,138.609,0.852543,0.0
20.3167,0.0134303,138.776,0.854584,0.0
20.3128,0.0134777,138.925,0.870567,0.0
20.3073,0.013723,138.442,0.827039,0.0
20.3067,0.0133734,138.442,0.847443,0.0
20.3038,0.0135863,138.526,0.845742,0.0
20.31,0.0138976,137.943,0.828059,0.0
20.3189,0.0137378,138.059,0.849823,0.0
20.3333,0.0137766,138.759,0.83282,0.0
20.3175,0.0135303,138.492,0.851863,0.0
20.3071,0.0136844,137.326,0.83588,0.0
20.3081,0.0137797,138.176,0.840981,0.0
20.3026,0.0138638,138.842,0.867846,0.0
20.3157,0.013733,139.075,0.838261,0.0
20.3117,0.0136059,139.175,0.844722,0.0
20.299,0.0135295,138.242,0.840301,0.0
20.2981,0.0138674,136.876,0.845402,0.0
20.2988,0.0134712,136.693,0.829759,0.0
20.2926,0.0136222,137.043,0.83554,0.0
20.2888,0.0136166,139.209,0.83214,0.0
20.2953,0.0135879,138.659,0.846082,0.0
20.297,0.0135504,139.092,0.845062,0.0
20.2802,0.013757,137.209,0.860025,0.0
20.2975,0.0138184,137.659,0.847102,0.0
20.3182,0.0138343,138.426,0.847102,0.0
20.305,0.0133554,137.793,0.866146,0.0
20.3127,0.0132668,137.826,0.824658,0.0
20.3032,0.0137042,138.126,0.851523,0.0
20.3005,0.0134227,138.226,0.860705,0.0
20.3056,0.0132197,139.075,0.859345,0.0
20.296,0.0134458,139.758,0.841321,0.0
20.3021,0.0136017,138.726,0.855264,0.0
20.2995,0.0134941,139.509,0.83316,0.0
20.3024,0.0134969,136.16,0.823298,0.0
20.2973,0.0134345,137.06,0.823638,0.0
20.3006,0.0136739,138.226,0.83282,0.0
20.3248,0.014011,138.459,0.849483,0.0
20.3399,0.0137417,139.559,0.853904,0.0
20.3309,0.0134829,138.376,0.863766,0.0
20.3154,0.0135792,138.409,0.850163,0.0
20.3104,0.0136704,139.242,0.826358,0.0
20.3011,0.0137052,138.476,0.845402,0.0
20.2875,0.0138282,138.092,0.851183,0.0
20.2958,0.0136627,139.042,0.844722,0.0
20.3192,0.0136551,138.742,0.829759,0.0
20.3202,0.0136827,137.776,0.850163,0.0
20.3109,0.013621,138.226,0.824658,0.0
20.3082,0.0140123,138.592,0.858665,0.0
20.3219,0.0134181,138.159,0.842682,0.0
20.3137,0.0137982,138.942,0.838261,0.0
20.2832,0.0135512,139.175,0.827379,0.0
20.2965,0.0136294,138.726,0.818877,0.0
20.3042,0.0139553,137.209,0.865126,0.0
20.2821,0.013664,137.759,0.842342,0.0
20.2849,0.0135752,138.576,0.846422,0.0
20.3133,0.0136918,138.776,0.837241,0.0
20.3296,0.0137976,139.525,0.838941,0.0
20.312,0.013733,140.408,0.842342,0.0
20.2968,0.0133465,137.076,0.849483,0.0
20.288,0.0134206,139.775,0.842001,0.0
20.2872,0.0136304,139.175,0.839281,0.0
20.2951,0.0134977,137.793,0.860705,0.0
20.2914,0.0133919,138.426,0.83452,0.0
20.3106,0.0134637,138.442,0.852203,0.0
20.3176,0.0137891,138.109,0.847102,0.0
20.3033,0.0133808,138.442,0.851523,0.0
20.3124,0.0135196,138.309,0.837921,0.0
20.3174,0.013448,138.609,0.864446,0.0
20.312,0.0135143,139.409,0.844042,0.0
20.3194,0.0135137,138.859,0.857644,0.0
20.311,0.0135281,138.142,0.83384,0.0
20.3154,0.0136097,138.809,0.83316,0.0
20.324,0.0135063,139.075,0.842001,0.0
20.3024,0.0134224,138.792,0.844042,0.0
20.286,0.0135507,140.441,0.839961,0.0
20.2921,0.013346,138.542,0.853904,0.0
20.3028,0.0132425,138.642,0.853224,0.0
20.299,0.0134668,138.409,0.852203,0.0
20.3017,0.0139397,138.992,0.83214,0.0
20.3121,0.0135069,138.576,0.845402,0.0
20.3096,0.0136574,140.142,0.856624,0.0
20.3231,0.0143088,137.759,0.857304,0.0
20.3269,0.0137345,137.959,0.862405,0.0
20.3086,0.0140288,140.308,0.849483,0.0
20.3068,0.0134363,137.726,0.831459,0.0
20.3096,0.0133745,137.726,0.83248,0.0
20.2967,0.0135457,137.493,0.850163,0.0
20.299,0.013502,138.809,0.851183,0.0
20.306,0.0134895,137.426,0.869887,0.0
20.2889,0.0133685,137.793,0.850503,0.0
20.3112,0.0136311,138.459,0.83282,0.0
20.3391,0.0134812,137.343,0.848803,0.0
20.3044,0.0136609,137.893,0.83214,0.0
20.2757,0.0137403,138.459,0.845062,0.0
20.2956,0.0139053,138.142,0.861725,0.0
20.3052,0.013439,139.875,0.840981,0.0
20.2825,0.0136151,137.709,0.83486,0.0
20.3004,0.0134504,139.575,0.846422,0.0
20.3261,0.0135486,138.692,0.829759,0.0
20.3151,0.0134598,137.609,0.856284,0.0
20.3235,0.0132597,138.142,0.83418,0.0
20.3188,0.0133433,139.875,0.859345,0.0
20.3025,0.0139007,138.542,0.850843,0.0
20.3184,0.0140855,138.392,0.845062,0.0
20.3274,0.013615,139.708,0.841321,0.0
20.3071,0.0137919,137.393,0.850163,0.0
20.3041,0.0137007,137.843,0.842001,0.0
20.3014,0.0138195,138.992,0.855264,0.0
20.2905,0.0134634,139.642,0.843022,0.0
20.2989,0.0136734,138.742,0.848463,0.0
20.3038,0.0138065,138.992,0.874648,0.0
20.3153,0.0136447,138.859,0.842342,0.0
20.3214,0.01366,138.642,0.842001,0.0
20.3121,0.013209,138.809,0.840301,0.0
20.316,0.0134888,138.042,0.828739,0.0
20.3054,0.0135314,136.726,0.83248,0.0
20.2906,0.0134388,138.925,0.83418,0.0
20.3044,0.0137246,138.026,0.852884,0.0
20.3081,0.0136627,138.492,0.813776,0.0
20.2982,0.0139119,138.859,0.852203,0.0
20.2891,0.0138392,137.909,0.838261,0.0
20.2968,0.0138023,138.409,0.838601,0.0
20.3109,0.013621,139.042,0.827039,0.0
20.2985,0.0132184,139.092,0.8352,0.0
20.2854,0.0132342,138.492,0.844722,0.0
20.2871,0.0138193,139.475,0.850843,0.0
20.3057,0.0135752,140.525,0.83588,0.0
20.3167,0.0136385,139.425,0.845742,0.0
20.3138,0.0140382,138.892,0.83452,0.0
20.3136,0.013423,139.725,0.840301,0.0
20.3227,0.0132034,137.793,0.854924,0.0
20.3264,0.0137447,137.826,0.839281,0.0
20.3067,0.0137711,139.009,0.83622,0.0
20.3058,0.0137757,138.909,0.850163,0.0
20.3206,0.0136261,139.042,0.83214,0.0
20.3202,0.0133484,137.859,0.83554,0.0
20.3053,0.0134018,138.209,0.867846,0.0
20.2808,0.0137171,138.142,0.844382,0.0
20.2878,0.0138556,138.609,0.856284,0.0
20.32,0.0135526,139.492,0.843022,0.0
20.315,0.0136416,138.092,0.845062,0.0
20.3057,0.0133948,138.875,0.838601,0.0
20.3261,0.0137351,139.875,0.830779,0.0
20.3218,0.0138773,138.526,0.848123,0.0
20.2946,0.0135531,136.493,0.841661,0.0
20.2933,0.0135106,138.309,0.855944,0.0
20.3212,0.0137988,139.275,0.837581,0.0
20.3178,0.0137592,138.959,0.867166,0.0
20.2928,0.0138263,138.476,0.878388,0.0
20.3122,0.0135687,139.325,0.863086,0.0
20.3477,0.0136558,139.209,0.840641,0.0
20.3183,0.0138932,139.592,0.854924,0.0
20.2989,0.0137998,136.96,0.844382,0.0
20.3114,0.0134227,138.376,0.873628,0.0
20.2957,0.0137797,139.658,0.8335,0.0
20.2981,0.0142969,139.875,0.847443,0.0
20.3083,0.0139148,138.059,0.839621,0.0
20.3005,0.0136614,135.86,0.829079,0.0
20.3048,0.0137022,137.843,0.869887,0.0
20.3001,0.0138206,138.426,0.860365,0.0
20.2993,0.0135239,138.726,0.829419,0.0
20.3117,0.0135604,140.008,0.842342,0.0
20.3121,0.013704,138.459,0.861725,0.0
20.3119,0.0134287,138.259,0.852203,0.0
20.2972,0.0138096,139.259,0.842001,0.0
20.3038,0.0138977,139.359,0.845062,0.0
20.3251,0.0135058,137.643,0.849143,0.0
20.3093,0.0133366,138.442,0.849143,0.0
20.3059,0.0136756,138.092,0.847102,0.0
20.3059,0.0138013,139.475,0.853904,0.0
20.3133,0.01298,139.075,0.846422,0.0
20.3308,0.01359,139.009,0.853904,0.0
20.3105,0.0133677,137.276,0.863426,0.0
20.2956,0.0136075,138.476,0.843022,0.0
20.3225,0.0136237,135.71,0.843362,0.0
20.3155,0.0136318,138.059,0.848463,0.0
20.291,0.0137967,138.242,0.849483,0.0
20.3059,0.0136532,138.742,0.83656,0.0
20.3119,0.0136503,140.308,0.849143,0.0
20.2903,0.0135315,138.859,0.843362,0.0
20.2922,0.0134715,138.192,0.844042,0.0
20.3181,0.013723,137.909,0.852884,0.0
20.3193,0.0135711,137.776,0.852543,0.0
20.2952,0.0135115,138.042,0.861385,0.0
20.2885,0.0136246,138.376,0.860365,0.0
20.3086,0.013494,138.909,0.851523,0.0
20.3312,0.0137104,137.509,0.853564,0.0
20.3203,0.0138303,140.658,0.847783,0.0
20.2935,0.0136163,136.21,0.839281,0.0
20.2927,0.0137369,137.926,0.851863,0.0
20.2916,0.0136758,137.959,0.855604,0.0
20.3107,0.0136784,137.609,0.851523,0.0
20.3388,0.0134736,138.792,0.843702,0.0
20.3235,0.0137932,138.709,0.853224,0.0
20.3124,0.0133167,140.158,0.853904,0.0
20.3177,0.0135533,138.492,0.856964,0.0
20.3007,0.0134602,138.542,0.871587,0.0
20.292,0.0140387,138.059,0.861385,0.0
20.3079,0.0134432,138.842,0.843022,0.0
20.3277,0.0138301,137.709,0.862065,0.0
20.3131,0.0134683,138.259,0.856624,0.0
20.3131,0.0136453,137.876,0.859005,0.0
20.328,0.0138163,137.693,0.848123,0.0
20.3217,0.013503,139.259,0.83486,0.0
20.3154,0.0135953,137.759,0.8318,0.0
20.2955,0.013451,139.359,0.846762,0.0
20.2945,0.0137946,139.842,0.854244,0.0
20.3278,0.0137823,138.242,0.857304,0.0
20.3204,0.0136172,138.476,0.848463,0.0
20.3043,0.01378,137.859,0.843362,0.0
20.312,0.013801,137.209,0.83214,0.0
20.2989,0.0141461,139.142,0.828059,0.0
20.3045,0.014025,138.576,0.845062,0.0
20.3092,0.0139366,139.075,0.856284,0.0
20.3081,0.0136462,139.309,0.845062,0.0
20.3292,0.0135338,137.293,0.844722,0.0
20.3171,0.0137446,137.876,0.846762,0.0
20.3188,0.0134549,138.909,0.844382,0.0
20.3379,0.0133758,139.575,0.851523,0.0
20.3079,0.0136319,138.925,0.860025,0.0
20.2955,0.0137085,139.225,0.850163,0.0
20.324,0.0137327,138.192,0.83656,0.0
20.3084,0.0136102,137.626,0.852543,0.0
20.3046,0.0138137,137.093,0.855604,0.0
20.3213,0.01355,138.609,0.848803,0.0
20.2962,0.0134991,139.309,0.840301,0.0
20.2901,0.0135923,139.175,0.850843,0.0
20.2976,0.0134194,139.025,0.850163,0.0
20.2877,0.0137553,138.559,0.849483,0.0
20.2914,0.0134755,139.459,0.845742,0.0
20.3126,0.0134445,140.058,0.860705,0.0
20.3256,0.0133691,139.359,0.862065,0.0
20.3221,0.0136095,139.009,0.848463,0.0
20.3125,0.0135395,139.608,0.852203,0.0
20.3145,0.0137871,138.792,0.8318,0.0
20.3148,0.0134029,137.143,0.842682,0.0
20.2961,0.0134404,138.809,0.842001,0.0
20.2859,0.0136627,139.542,0.852203,0.0
20.2923,0.0138617,138.242,0.840641,0.0
20.3016,0.0138297,138.709,0.848803,0.0
20.2932,0.0136706,137.343,0.854244,0.0
20.2824,0.0132967,139.309,0.846422,0.0
20.3073,0.0135583,138.392,0.854244,0.0
20.3445,0.0138979,139.642,0.845062,0.0
20.3268,0.0140946,137.409,0.846762,0.0
20.2964,0.0140042,138.875,0.880089,0.0
20.3189,0.0137328,139.009,0.861385,0.0
20.3386,0.0135433,138.226,0.845742,0.0
20.3188,0.0138548,138.942,0.851183,0.0
20.3079,0.0132815,138.076,0.842342,0.0
20.3149,0.0139742,137.709,0.843022,0.0
20.3133,0.0136761,137.476,0.843702,0.0
20.2931,0.0140252,138.126,0.847443,0.0
20.292,0.0136605,138.709,0.806635,0.0
20.3096,0.0140214,139.209,0.8352,0.0
20.3038,0.0135982,139.309,0.842682,0.0
20.3012,0.013508,139.608,0.843702,0.0
20.3161,0.0135774,140.125,0.841321,0.0
20.3087,0.0136278,137.609,0.862745,0.0
20.2922,0.0138417,139.092,0.859005,0.0
20.3214,0.0137219,138.759,0.865806,0.0
20.3282,0.0133719,139.325,0.857644,0.0
20.3205,0.0137222,141.125,0.847783,0.0
20.3274,0.0137871,139.209,0.820917,0.0
20.3124,0.0136223,137.543,0.842342,0.0
20.3129,0.0136798,139.559,0.874988,0.0
20.3109,0.013438,138.476,0.857985,0.0
20.2976,0.0138538,139.192,0.856964,0.0
20.3121,0.0134229,138.659,0.823978,0.0
20.309,0.0133838,138.859,0.860025,0.0
20.2986,0.0134273,138.542,0.851523,0.0
20.3089,0.0139877,138.326,0.83452,0.0
20.302,0.0135213,138.326,0.858665,0.0
20.2919,0.0138699,137.343,0.853224,0.0
20.3122,0.0136006,138.975,0.83248,0.0
20.3175,0.0135026,138.559,0.845402,0.0
20.3026,0.0135406,138.825,0.837581,0.0
20.3137,0.013779,136.993,0.830779,0.0
20.3099,0.013846,138.559,0.83384,0.0
20.2941,0.0136733,138.459,0.862745,0.0
20.3082,0.013373,137.793,0.861385,0.0
20.3408,0.0139231,139.392,0.842682,0.0
20.3335,0.0136163,137.626,0.862405,0.0
20.2929,0.013781,138.159,0.838601,0.0
20.3028,0.0136495,138.742,0.860705,0.0
20.3063,0.0131794,138.709,0.851183,0.0
20.2957,0.0135968,137.143,0.844722,0.0
20.3029,0.013876,138.126,0.843022,0.0
20.3004,0.0134885,138.676,0.827379,0.0
20.2866,0.0134952,136.86,0.861045,0.0
20.2807,0.0135186,139.059,0.847443,0.0
20.2853,0.013528,137.593,0.849823,0.0
20.3008,0.0137476,138.759,0.860705,0.0
20.3028,0.0135318,138.792,0.846422,0.0
20.2985,0.0134533,138.459,0.857985,0.0
20.2956,0.0136505,136.826,0.843702,0.0
20.2946,0.0137186,139.742,0.850163,0.0
20.3043,0.0131852,139.242,0.869547,0.0
20.2889,0.0137289,138.859,0.827039,0.0
20.2995,0.0135732,137.909,0.83486,0.0
20.3425,0.0133368,137.593,0.849823,0.0
20.336,0.0134559,138.576,0.853904,0.0
20.3112,0.0139104,139.009,0.852884,0.0
20.3082,0.0136551,137.626,0.867846,0.0
20.3084,0.0134031,138.392,0.851863,0.0
20.3014,0.0135172,138.159,0.849143,0.0
20.2908,0.0140824,138.476,0.865126,0.0
20.3047,0.0137663,138.176,0.849483,0.0
20.3142,0.0136577,139.542,0.839281,0.0
20.3094,0.0136487,137.309,0.825678,0.0
20.3003,0.013911,138.542,0.843702,0.0
20.2933,0.0136361,137.776,0.844722,0.0
20.2998,0.0139413,139.025,0.864446,0.0
20.3275,0.0135975,139.459,0.8369,0.0
20.3364,0.0137873,138.109,0.828399,0.0
20.3123,0.0134842,139.042,0.831459,0.0
20.3127,0.0134961,137.909,0.839621,0.0
20.3242,0.0134849,137.893,0.850503,0.0
20.3246,0.0139388,137.559,0.863426,0.0
20.335,0.0139654,138.809,0.831119,0.0
20.3176,0.0139168,139.708,0.826358,0.0
20.3048,0.0141235,137.693,0.83656,0.0
20.3348,0.0138876,138.292,0.850843,0.0
20.3214,0.0136116,139.392,0.850503,0.0
20.3004,0.0136193,137.926,0.837241,0.0
20.3089,0.0137527,137.593,0.847102,0.0
20.3181,0.0132243,137.909,0.8369,0.0
20.3185,0.0138244,138.576,0.860705,0.0
20.3132,0.0136898,139.442,0.83554,0.0
20.3214,0.0135187,138.776,0.853224,0.0
20.3258,0.0138589,138.409,0.823298,0.0
20.3064,0.0139776,137.943,0.842682,0.0
20.2984,0.0132739,139.575,0.83418,0.0
20.3015,0.0132993,138.576,0.851523,0.0
20.2947,0.0140069,138.709,0.857985,0.0
20.3043,0.0136793,137.709,0.865806,0.0
20.3037,0.0138444,137.809,0.868527,0.0
20.3102,0.0137133,137.443,0.867166,0.0
20.3189,0.013576,138.526,0.840981,0.0
20.3105,0.0137089,138.642,0.838601,0.0
20.323,0.0137143,139.275,0.850163,0.0
20.3277,0.0137992,137.209,0.843702,0.0
20.2971,0.0138888,137.893,0.840981,0.0
20.2791,0.0137384,138.792,0.850843,0.0
20.3003,0.0133929,138.992,0.847443,0.0
20.3174,0.0136913,139.392,0.849143,0.0
20.3006,0.0134144,136.643,0.8352,0.0
20.3043,0.0137426,138.742,0.841321,0.0
20.3208,0.0136748,137.976,0.845402,0.0
20.2877,0.0136038,139.525,0.852203,0.0
20.2941,0.0135468,138.676,0.852884,0.0
20.3365,0.0136182,137.759,0.845742,0.0
20.3115,0.013732,140.092,0.83248,0.0
20.2898,0.0132513,138.592,0.861725,0.0
20.2971,0.013639,136.676,0.843362,0.0
20.2933,0.013812,137.376,0.869887,0.0
20.3073,0.0138257,139.042,0.860705,0.0
20.3202,0.0137037,138.875,0.840641,0.0
20.3173,0.0135082,140.342,0.845062,0.0
20.3049,0.0135174,137.609,0.849143,0.0
20.289,0.0139333,138.909,0.848123,0.0
20.2955,0.0138187,139.392,0.8335,0.0
20.2993,0.0138375,138.476,0.861045,0.0
20.3123,0.0138119,138.925,0.858665,0.0
20.3298,0.0131728,138.276,0.840641,0.0
20.3162,0.0132813,138.792,0.852203,0.0
20.3091,0.0133472,138.909,0.842342,0.0
20.3187,0.0136828,139.159,0.838261,0.0
20.3129,0.013496,138.942,0.8352,0.0
20.3003,0.0135674,138.109,0.857644,0.0
20.299,0.0135918,140.025,0.849483,0.0
20.3097,0.0137089,136.61,0.839961,0.0
20.3146,0.013868,137.676,0.838941,0.0
20.306,0.0139108,138.259,0.853564,0.0
20.3114,0.0137912,138.342,0.851183,0.0
20.326,0.0136028,138.942,0.843702,0.0
20.3195,0.0136727,139.342,0.849823,0.0
20.3111,0.0132715,137.609,0.840301,0.0
20.3082,0.0134752,138.292,0.844042,0.0
20.322,0.0137396,137.809,0.838941,0.0
20.328,0.0134363,139.192,0.851523,0.0
20.303,0.0133545,139.975,0.83248,0.0
20.2873,0.0133855,139.059,0.847443,0.0
20.3065,0.0138393,138.192,0.827039,0.0
20.3159,0.01356,138.592,0.865806,0.0
20.3031,0.0134561,139.542,0.837241,0.0
20.2994,0.013666,139.375,0.847443,0.0
20.3103,0.0134409,138.809,0.864446,0.0
20.3171,0.0137277,138.376,0.860025,0.0
20.291,0.0135313,137.609,0.864446,0.0
20.2816,0.0136114,139.059,0.838941,0.0
20.3114,0.0137246,137.593,0.846082,0.0
20.3233,0.0137985,138.959,0.853564,0.0
20.2971,0.0136348,137.643,0.851523,0.0
20.2927,0.0138038,138.692,0.844382,0.0
20.3077,0.0136201,138.276,0.871927,0.0
20.3161,0.0137753,139.509,0.854924,0.0
20.3226,0.0138429,139.825,0.839621,0.0
20.3163,0.0134619,137.709,0.865126,0.0
20.3121,0.0136085,137.309,0.839281,0.0
20.2962,0.0135143,139.009,0.849483,0.0
20.287,0.0135263,138.476,0.853904,0.0
20.2996,0.0135798,137.543,0.842001,0.0
20.3083,0.0132823,138.309,0.830439,0.0
20.3031,0.013551,139.159,0.853564,0.0
20.2942,0.0133662,139.542,0.846082,0.0
20.298,0.0135368,138.592,0.828399,0.0
20.3059,0.0136407,140.092,0.83418,0.0
20.2897,0.0136147,139.692,0.840301,0.0
20.2929,0.0132809,138.542,0.837241,0.0
20.3281,0.013482,138.975,0.852543,0.0
20.3163,0.0136364,138.576,0.844722,0.0
20.2963,0.013635,139.475,0.874648,0.0
20.3287,0.0136437,137.976,0.848463,0.0
20.3249,0.0139442,138.859,0.866486,0.0
20.3075,0.0138519,138.925,0.859345,0.0
20.3145,0.0135134,139.525,0.859005,0.0
20.2957,0.0138423,137.909,0.851523,0.0
20.2944,0.0138528,139.925,0.850163,0.0
20.2999,0.0138077,139.192,0.847783,0.0
20.2813,0.0139741,138.309,0.829079,0.0
20.2876,0.0136695,138.842,0.856624,0.0
20.3088,0.0134764,138.042,0.848463,0.0
20.3108,0.0134859,138.792,0.857644,0.0
20.318,0.0134622,138.925,0.859345,0.0
20.3127,0.0140259,138.842,0.825678,0.0
20.3114,0.0133614,139.658,0.850503,0.0
20.3146,0.0141111,138.559,0.866826,0.0
20.3026,0.0136363,137.793,0.860365,0.0
20.3014,0.0135946,139.092,0.829759,0.0
20.3221,0.0135938,137.876,0.83316,0.0
20.3026,0.0137432,139.559,0.859345,0.0
20.274,0.0135064,138.359,0.868186,0.0
20.2897,0.0137544,137.559,0.841321,0.0
20.2981,0.013223,139.675,0.855264,0.0
20.2992,0.013804,138.576,0.841321,0.0
20.3062,0.0135087,137.593,0.846762,0.0
20.318,0.0129872,139.475,0.825678,0.0
20.3116,0.0131309,138.842,0.839621,0.0
20.3035,0.0138982,137.943,0.845402,0.0
20.3073,0.0135958,139.875,0.839961,0.0
20.3052,0.0134842,136.66,0.873287,0.0
20.3024,0.0136128,137.659,0.852543,0.0
20.297,0.0135288,138.909,0.857304,0.0
20.3092,0.0140342,139.075,0.851523,0.0
20.3102,0.0134467,138.542,0.83656,0.0
20.2911,0.0135035,138.742,0.83588,0.0
20.2925,0.0134965,137.11,0.840641,0.0
20.3147,0.0134569,138.276,0.839621,0.0
20.3145,0.0134124,138.809,0.848463,0.0
20.3005,0.0137843,137.509,0.856964,0.0
20.2968,0.0136806,137.309,0.851863,0.0
20.3,0.0137469,138.259,0.856284,0.0
20.2999,0.0137105,137.01,0.852203,0.0
20.2966,0.0136386,138.026,0.855264,0.0
20.2969,0.0134786,139.092,0.855944,0.0
20.2999,0.0135794,138.259,0.854244,0.0
20.3046,0.0137134,137.909,0.861385,0.0
20.3023,0.0136172,140.891,0.848123,0.0
20.3173,0.013797,137.893,0.837921,0.0
20.3207,0.0134435,137.626,0.830439,0.0
20.3001,0.0136488,138.859,0.846762,0.0
20.2953,0.0135456,137.626,0.865466,0.0
20.3079,0.0137199,138.975,0.846762,0.0
20.3075,0.0136716,137.643,0.851523,0.0
20.2934,0.0136574,138.309,0.861385,0.0
20.2853,0.0135169,137.976,0.849823,0.0
20.291,0.0136095,139.708,0.850163,0.0
20.3056,0.013862,138.776,0.842001,0.0
20.3278,0.0138007,137.376,0.856284,0.0
20.3117,0.0135805,139.075,0.839961,0.0
20.2755,0.0136855,138.542,0.844042,0.0
20.2897,0.0137791,136.743,0.863426,0.0
20.2965,0.0135407,138.776,0.849823,0.0
20.315,0.0134733,137.559,0.821938,0.0
20.3283,0.0137398,139.942,0.852884,0.0
20.313,0.0140528,138.342,0.861385,0.0
20.3243,0.0137153,137.459,0.8352,0.0
20.3149,0.0135789,139.309,0.845062,0.0
20.3043,0.0138168,138.476,0.825338,0.0
20.328,0.0137433,139.459,0.829759,0.0
20.326,0.0134511,139.025,0.837921,0.0
20.3033,0.0135128,139.109,0.844722,0.0
20.3034,0.013634,138.092,0.844382,0.0
20.3133,0.0135632,137.943,0.8369,0.0
20.3056,0.0129826,138.642,0.846762,0.0
20.3042,0.0138188,138.542,0.848463,0.0
20.3125,0.0135039,138.692,0.8318,0.0
20.2892,0.0131574,139.725,0.860705,0.0
20.2934,0.013367,139.175,0.848803,0.0
20.332,0.0136475,137.809,0.847443,0.0
20.3106,0.0138534,136.993,0.848463,0.0
20.2902,0.0136359,138.959,0.853904,0.0
20.3072,0.0132815,137.759,0.856624,0.0
20.2936,0.0134978,136.526,0.850843,0.0
20.2842,0.0136492,138.942,0.83452,0.0
20.3081,0.0138925,140.375,0.857304,0.0
20.32,0.0137086,139.192,0.850843,0.0
20.3223,0.0142065,139.575,0.83418,0.0
20.3175,0.0136845,137.926,0.850163,0.0
20.2965,0.0132226,138.576,0.862065,0.0
20.3001,0.0134474,138.859,0.842001,0.0
20.3219,0.0137827,139.025,0.871927,0.0
20.3209,0.0132368,138.459,0.861725,0.0
20.3173,0.0137939,139.509,0.851523,0.0
20.3142,0.0136147,138.726,0.861045,0.0
20.2859,0.0138679,138.159,0.861725,0.0
20.2811,0.0136678,139.292,0.856624,0.0
20.3006,0.0138122,137.393,0.863086,0.0
20.2949,0.0139519,140.142,0.848803,0.0
20.2972,0.0137262,137.709,0.838261,0.0
20.3005,0.0136501,137.809,0.850503,0.0
20.3133,0.0134083,138.642,0.845742,0.0
20.3242,0.0135709,137.426,0.868527,0.0
20.305,0.0137863,138.742,0.855944,0.0
20.298,0.013683,138.076,0.826699,0.0
20.3035,0.0136342,138.942,0.865806,0.0
20.2995,0.0133593,138.859,0.867166,0.0
20.3094,0.0140012,138.726,0.844042,0.0
20.313,0.0135972,138.642,0.865806,0.0
20.3001,0.013637,137.259,0.83282,0.0
20.3143,0.0135361,138.442,0.848803,0.0
20.3198,0.0138332,138.559,0.829759,0.0
20.2933,0.0135796,139.658,0.860025,0.0
20.297,0.0136205,138.859,0.869207,0.0
20.3171,0.0137334,139.592,0.843362,0.0
20.3019,0.0136684,137.576,0.848123,0.0
20.3085,0.0133574,138.909,0.853224,0.0
20.3409,0.0137277,138.509,0.841321,0.0
20.3152,0.0138563,137.276,0.864786,0.0
20.2799,0.0139237,138.576,0.861385,0.0
20.3038,0.013694,138.542,0.844042,0.0
20.3186,0.0136943,139.225,0.840641,0.0
20.3233,0.0136112,139.175,0.821598,0.0
20.3318,0.0138187,137.343,0.829079,0.0
20.3065,0.0133941,136.776,0.854584,0.0
20.2881,0.0136083,138.009,0.859685,0.0
20.2948,0.0138045,137.876,0.850503,0.0
20.3002,0.0137376,137.259,0.847102,0.0
20.3089,0.0136262,139.342,0.854924,0.0
20.3219,0.0135516,139.375,0.880089,0.0
20.3294,0.0134521,137.993,0.860025,0.0
20.3307,0.0135971,138.609,0.847102,0.0
20.3277,0.013975,140.058,0.854244,0.0
20.3155,0.013664,138.875,0.859345,0.0
20.3095,0.013706,137.259,0.854924,0.0
20.3306,0.0138458,139.492,0.858665,0.0
20.3189,0.0135161,137.493,0.848123,0.0
20.2888,0.0135825,138.159,0.837581,0.0
20.3072,0.0135775,138.842,0.865806,0.0
20.3255,0.0133586,137.909,0.848463,0.0
20.3125,0.0135551,137.876,0.853564,0.0
20.2948,0.0141733,138.109,0.852884,0.0
20.315,0.0140335,138.459,0.865466,0.0
20.3147,0.0135923,139.442,0.873968,0.0
20.2954,0.0135924,138.925,0.855604,0.0
20.2944,0.0141415,138.426,0.847443,0.0
20.2893,0.0137825,139.625,0.83554,0.0
20.277,0.0136474,137.859,0.858665,0.0
20.2625,0.0137605,138.109,0.83554,0.0
20.2807,0.0135087,139.808,0.851183,0.0
20.3148,0.0136309,138.776,0.849483,0.0
20.3161,0.0134676,138.776,0.83656,0.0
20.3078,0.0135331,140.025,0.845742,0.0
20.314,0.0132563,137.193,0.842682,0.0
20.3134,0.0136109,137.309,0.860705,0.0
20.3099,0.013736,138.542,0.8352,0.0
20.306,0.0133142,139.858,0.856624,0.0
20.2963,0.0135452,139.375,0.856284,0.0
20.3046,0.0135931,138.959,0.855264,0.0
20.3193,0.0135543,138.942,0.843362,0.0
20.3009,0.0138618,138.959,0.864786,0.0
20.2949,0.0137204,136.26,0.839281,0.0
20.2984,0.0135514,139.525,0.856964,0.0
20.2986,0.013519,138.142,0.839621,0.0
20.3074,0.0137982,139.209,0.860705,0.0
20.3035,0.0134386,138.376,0.837581,0.0
20.3116,0.0134855,138.226,0.849143,0.0
20.3193,0.0135818,136.96,0.851863,0.0
20.2982,0.0134551,138.526,0.829759,0.0
20.3004,0.0137047,139.742,0.863086,0.0
20.3267,0.0137157,138.942,0.844042,0.0
20.3153,0.0139654,137.993,0.850163,0.0
20.3062,0.013501,139.059,0.83248,0.0
20.3165,0.0136363,138.276,0.857304,0.0
20.3146,0.0134951,137.226,0.865806,0.0
20.3077,0.013516,137.909,0.847102,0.0
20.3165,0.0135279,137.326,0.846762,0.0
20.323,0.0138401,138.226,0.848463,0.0
20.3178,0.0139489,138.176,0.852884,0.0
20.3095,0.0136913,139.442,0.841661,0.0
20.3047,0.0136093,138.509,0.862405,0.0
20.3135,0.0134497,138.659,0.842342,0.0
20.3065,0.0135635,138.642,0.856624,0.0
20.3011,0.0137677,137.543,0.851863,0.0
20.3065,0.0134416,139.092,0.853224,0.0
20.3044,0.013628,137.509,0.845062,0.0
20.294,0.0134898,138.292,0.855944,0.0
20.3119,0.0133782,137.843,0.847443,0.0
20.3113,0.0136898,138.992,0.847783,0.0
20.3032,0.0135748,139.509,0.856284,0.0
20.3117,0.0135857,137.309,0.850503,0.0
20.3105,0.0133587,138.509,0.846422,0.0
20.3144,0.0137705,137.609,0.840981,0.0
20.3339,0.0138122,140.508,0.871247,0.0
20.3258,0.0139244,136.676,0.848123,0.0
20.2881,0.0134364,139.092,0.823298,0.0
20.2975,0.0138604,138.492,0.853564,0.0
20.3,0.0136072,138.925,0.837921,0.0
20.2871,0.0137097,138.042,0.822958,0.0
20.307,0.0139444,137.893,0.859005,0.0
20.3173,0.0132424,138.859,0.849483,0.0
20.304,0.0136549,138.476,0.840981,0.0
20.3083,0.0137407,137.843,0.843702,0.0
20.3074,0.0136861,139.592,0.849823,0.0
20.2991,0.0137166,139.025,0.83622,0.0
20.301,0.0137725,138.026,0.851183,0.0
20.3149,0.0138724,139.009,0.851863,0.0
20.3107,0.0138593,138.626,0.847443,0.0
20.3027,0.0137287,137.393,0.854244,0.0
20.3083,0.0133998,139.159,0.830439,0.0
20.3133,0.013537,137.709,0.83248,0.0
20.3121,0.0139215,138.259,0.854924,0.0
20.3213,0.0135637,138.792,0.861725,0.0
20.3244,0.0138261,138.426,0.867166,0.0
20.3016,0.0136377,140.292,0.850163,0.0
20.2921,0.0139619,138.426,0.846762,0.0
20.3147,0.0139865,139.109,0.863426,0.0
20.3039,0.0133727,138.776,0.8318,0.0
20.273,0.0136496,138.709,0.858665,0.0
20.2798,0.0133649,136.576,0.826699,0.0
20.2997,0.0136026,137.326,0.861045,0.0
20.3054,0.0135628,138.626,0.859685,0.0
20.304,0.0135235,138.759,0.847102,0.0
20.3091,0.0135538,136.876,0.841321,0.0
20.3133,0.0136715,138.376,0.869547,0.0
20.3073,0.0136104,138.242,0.824998,0.0
20.3087,0.0135414,138.009,0.8369,0.0
20.3181,0.0131353,138.259,0.840301,0.0
20.3062,0.0135737,140.142,0.862065,0.0
20.2938,0.0135534,137.526,0.854244,0.0
20.3166,0.0135553,138.126,0.824318,0.0
20.3174,0.013542,137.959,0.855944,0.0
20.2985,0.0130885,140.658,0.849143,0.0
20.3053,0.0135403,139.275,0.857644,0.0
20.3148,0.0141403,138.259,0.846082,0.0
20.3242,0.0139564,138.742,0.842001,0.0
20.3183,0.0137323,138.509,0.855944,0.0
20.3166,0.0136514,139.292,0.842682,0.0
20.3365,0.0135167,138.409,0.861725,0.0
20.3247,0.0141581,139.425,0.879069,0.0
20.3013,0.0138114,138.559,0.854924,0.0
20.3167,0.0132643,138.776,0.839961,0.0
20.3186,0.0135347,136.51,0.844382,0.0
20.3152,0.013699,139.625,0.830099,0.0
20.3228,0.0139069,138.759,0.857985,0.0
20.3123,0.0136642,137.476,0.852203,0.0
20.3074,0.0136313,137.926,0.837921,0.0
20.3152,0.0132312,138.326,0.867166,0.0
20.3173,0.0132211,138.576,0.861725,0.0
20.325,0.0133727,137.926,0.840641,0.0
20.3241,0.0136607,137.526,0.842001,0.0
20.3098,0.0139429,140.258,0.837921,0.0
20.306,0.0139527,138.526,0.83214,0.0
20.3138,0.0140782,139.159,0.847443,0.0
20.312,0.0136333,138.059,0.845402,0.0
20.2809,0.0137569,139.492,0.852543,0.0
20.2916,0.013703,138.242,0.829079,0.0
20.333,0.0138865,138.142,0.849143,0.0
20.3307,0.0137409,138.609,0.850163,0.0
20.3143,0.0136312,137.126,0.849483,0.0
20.2914,0.013673,137.709,0.805274,0.0
20.2862,0.0137373,138.559,0.846422,0.0
20.295,0.0139243,137.626,0.8352,0.0
20.2988,0.0138676,138.142,0.871247,0.0
20.307,0.0135567,137.693,0.845062,0.0
20.311,0.0138094,138.676,0.858665,0.0
20.3168,0.0137467,138.742,0.864106,0.0
20.3197,0.0134832,138.459,0.852543,0.0
20.3119,0.0137079,139.459,0.843702,0.0
20.3111,0.0135852,137.193,0.839961,0.0
20.3116,0.0138046,139.375,0.852543,0.0
20.3115,0.0134444,137.193,0.829419,0.0
20.3002,0.0135077,138.709,0.814456,0.0
20.2832,0.0133989,138.659,0.858665,0.0
20.2942,0.0136105,138.892,0.831119,0.0
20.3057,0.0133802,137.843,0.849143,0.0
20.2981,0.0133812,137.326,0.843702,0.0
20.3129,0.0138779,138.226,0.869207,0.0
20.3364,0.0136609,139.142,0.862065,0.0
20.3227,0.0135506,137.843,0.851183,0.0
20.3033,0.0132046,137.959,0.849823,0.0
20.3087,0.0137142,138.159,0.850163,0.0
20.3133,0.0137498,137.443,0.856624,0.0
20.3164,0.0136219,138.509,0.841661,0.0
20.3013,0.0133881,137.676,0.837581,0.0
20.2882,0.0137895,138.326,0.83282,0.0
20.2927,0.0139755,138.709,0.843022,0.0
20.3085,0.013386,137.826,0.853904,0.0
20.3174,0.0137018,138.142,0.837581,0.0
20.3221,0.0134609,140.025,0.857304,0.0
20.3244,0.0134341,139.958,0.839621,0.0
20.3109,0.0134087,139.359,0.8352,0.0
20.3085,0.01355,137.976,0.845402,0.0
20.3065,0.0137876,137.943,0.846762,0.0
20.3102,0.0136682,138.092,0.851523,0.0
20.3161,0.0138479,137.709,0.855264,0.0
20.3123,0.0135676,140.075,0.838941,0.0
20.3007,0.013759,138.409,0.851523,0.0
20.3056,0.0137446,137.16,0.860025,0.0
20.3167,0.0138497,137.076,0.842342,0.0
20.2981,0.0137458,138.492,0.841661,0.0
20.2855,0.0136513,138.776,0.838941,0.0
20.2963,0.0134562,140.625,0.846422,0.0
20.2819,0.0134195,137.859,0.847443,0.0
20.2767,0.0136865,138.892,0.844042,0.0
20.3165,0.0137297,138.276,0.862745,0.0
20.3299,0.0137374,139.925,0.863766,0.0
20.3021,0.0137459,138.609,0.844042,0.0
20.2851,0.0136416,138.209,0.843362,0.0
20.299,0.013951,137.793,0.843022,0.0
20.3063,0.0140376,136.76,0.838261,0.0
20.3028,0.014042,139.225,0.840301,0.0
20.299,0.013575,138.042,0.830439,0.0
20.2971,0.0135419,138.126,0.860365,0.0
20.2999,0.0137511,138.059,0.838941,0.0
20.3018,0.0136191,137.01,0.83214,0.0
20.3121,0.0136913,137.343,0.83622,0.0
20.3145,0.0134985,139.559,0.862745,0.0
20.2927,0.0136773,138.626,0.845062,0.0
20.2872,0.0134247,139.725,0.842682,0.0
20.3032,0.0132556,139.109,0.848803,0.0
20.3054,0.0133309,137.793,0.853904,0.0
20.28,0.0134775,137.243,0.862745,0.0
20.2847,0.0133494,138.726,0.831459,0.0
20.301,0.0136425,138.092,0.848803,0.0
20.2841,0.0133496,138.442,0.859685,0.0
20.2861,0.0136847,138.776,0.857304,0.0
20.3038,0.0134683,138.942,0.871587,0.0
20.3153,0.0136395,139.742,0.860365,0.0
20.3378,0.0136241,137.876,0.83214,0.0
20.3422,0.013437,139.075,0.848123,0.0
20.3085,0.0134543,137.226,0.847443,0.0
20.2998,0.0137696,138.176,0.856964,0.0
20.3134,0.0138513,139.159,0.846422,0.0
20.3222,0.0134952,137.559,0.844042,0.0
20.325,0.0139744,138.709,0.840981,0.0
20.3156,0.0136632,138.992,0.838941,0.0
20.3191,0.0135824,138.659,0.852884,0.0
20.3039,0.0133642,137.309,0.839621,0.0
20.2751,0.013489,138.559,0.849823,0.0
20.2835,0.0135279,137.943,0.83656,0.0
20.3054,0.0134851,139.059,0.845062,0.0
20.3097,0.0139357,138.659,0.837921,0.0
20.3226,0.0134896,139.442,0.848803,0.0
20.3306,0.0134419,138.792,0.828739,0.0
20.2986,0.0134963,139.592,0.845742,0.0
20.2925,0.0139017,138.076,0.838261,0.0
20.2987,0.0135333,138.426,0.837581,0.0
20.2945,0.0134329,138.992,0.844382,0.0
20.3206,0.0137333,139.525,0.826358,0.0
20.3317,0.0136152,138.159,0.848123,0.0
20.3127,0.0134639,138.359,0.83214,0.0
20.3109,0.0138465,137.876,0.848463,0.0
20.3194,0.0135874,138.476,0.856964,0.0
20.3123,0.0132499,138.609,0.840981,0.0
20.3076,0.0137949,139.259,0.839621,0.0
20.3135,0.0134849,138.009,0.853904,0.0
20.3133,0.0135319,138.542,0.83214,0.0
20.3174,0.0138619,138.259,0.830779,0.0
20.3103,0.013606,137.893,0.856624,0.0
20.3029,0.0134109,138.309,0.853224,0.0
20.3141,0.0138184,138.242,0.840981,0.0
20.3026,0.0136174,138.242,0.859345,0.0
20.3,0.0135504,138.659,0.827379,0.0
20.3135,0.013426,138.292,0.880769,0.0
20.3181,0.0136594,138.692,0.852203,0.0
20.3205,0.0138959,138.492,0.845402,0.0
20.312,0.0134001,137.576,0.846762,0.0
20.301,0.013695,137.859,0.83554,0.0
20.3024,0.0136365,138.576,0.83282,0.0
20.2971,0.0138074,137.693,0.839281,0.0
20.2962,0.0138167,139.259,0.83486,0.0
20.3162,0.0135828,137.176,0.876348,0.0
20.313,0.0139434,140.092,0.857985,0.0
20.3147,0.0135828,138.376,0.854244,0.0
20.3186,0.013585,137.659,0.831459,0.0
20.321,0.0135113,139.392,0.857985,0.0
20.3123,0.0131922,137.143,0.856624,0.0
20.3006,0.0139222,137.509,0.846422,0.0
20.3194,0.013405,139.225,0.848123,0.0
20.3025,0.0134083,137.709,0.839961,0.0
20.2868,0.0135767,139.092,0.849143,0.0
20.3354,0.0135503,136.993,0.864106,0.0
20.3229,0.0134495,140.225,0.837921,0.0
20.3003,0.0137312,137.493,0.844722,0.0
20.3191,0.0138132,138.875,0.860365,0.0
20.3084,0.0132487,137.409,0.855264,0.0
20.2948,0.0132222,139.125,0.859345,0.0
20.3051,0.0135309,138.092,0.829079,0.0
20.3085,0.0137435,137.143,0.883829,0.0
20.3067,0.0135608,138.742,0.863086,0.0
20.3016,0.0135566,139.858,0.850163,0.0
20.2944,0.0137581,138.459,0.837921,0.0
20.2862,0.0135239,138.959,0.840301,0.0
20.308,0.0136036,138.042,0.843362,0.0
20.3257,0.0134574,138.476,0.849823,0.0
20.3003,0.0139261,138.759,0.839961,0.0
20.3078,0.0137887,138.042,0.865126,0.0
20.3335,0.0134033,139.425,0.846422,0.0
20.3245,0.0135138,139.075,0.857304,0.0
20.3247,0.0132782,140.075,0.837921,0.0
20.3299,0.013395,137.376,0.823298,0.0
20.3161,0.0135874,139.459,0.851863,0.0
20.2979,0.0137797,138.509,0.857304,0.0
20.2838,0.0138876,137.993,0.852884,0.0
20.2971,0.0141136,138.576,0.847783,0.0
20.3212,0.0136632,139.059,0.868186,0.0
20.3176,0.0137986,139.142,0.846082,0.0
20.3039,0.0135346,138.359,0.852543,0.0
20.2992,0.0136472,138.209,0.851183,0.0
20.3019,0.0139177,140.208,0.860365,0.0
20.2894,0.0135961,138.942,0.854584,0.0
20.2918,0.0135349,138.909,0.847102,0.0
20.3079,0.0136773,137.893,0.863766,0.0
20.302,0.0136307,139.808,0.860705,0.0
20.2901,0.0137114,137.543,0.818197,0.0
20.2869,0.0136946,138.459,0.841661,0.0
20.3049,0.0135107,138.426,0.83486,0.0
20.3142,0.01362,136.76,0.822618,0.0
20.2894,0.0136678,137.359,0.840981,0.0
20.2966,0.0139479,141.191,0.860365,0.0
20.317,0.0140096,138.792,0.840641,0.0
20.2898,0.0137263,137.409,0.842342,0.0
20.2986,0.0138884,139.025,0.8318,0.0
20.3124,0.0133847,139.842,0.856964,0.0
20.304,0.013643,139.675,0.830439,0.0
20.3166,0.0139314,137.343,0.857985,0.0
20.3091,0.0138431,139.658,0.840981,0.0
20.3099,0.0137524,138.459,0.852884,0.0
20.3184,0.0138661,139.225,0.854924,0.0
20.327,0.0137363,138.792,0.867506,0.0
20.3295,0.0135762,139.509,0.858325,0.0
20.2959,0.0138004,138.276,0.840981,0.0
20.2916,0.0137154,139.242,0.854244,0.0
20.3236,0.013764,138.442,0.855604,0.0
20.3187,0.0139017,138.726,0.83316,0.0
20.3033,0.0137194,137.926,0.845742,0.0
20.3125,0.0135121,138.509,0.850843,0.0
20.3136,0.0135505,138.326,0.853224,0.0
20.2798,0.0133658,138.442,0.840641,0.0
20.2842,0.0134595,139.975,0.856624,0.0
20.3127,0.0136623,138.576,0.88553,0.0
20.3051,0.0135835,138.459,0.843362,0.0
20.3084,0.0136418,138.492,0.881449,0.0
20.302,0.0132861,138.026,0.848803,0.0
20.2957,0.0132136,137.576,0.837581,0.0
20.3278,0.0133211,137.793,0.857985,0.0
20.3303,0.0136737,139.142,0.8369,0.0
20.3211,0.0132806,138.592,0.844722,0.0
20.3223,0.013573,137.759,0.840641,0.0
20.3088,0.0135218,136.826,0.830439,0.0
20.2875,0.0137948,138.809,0.868527,0.0
20.2851,0.0138726,138.292,0.837581,0.0
20.3162,0.0135128,138.576,0.851523,0.0
20.325,0.0136187,137.509,0.828059,0.0
20.3118,0.0134646,139.142,0.837241,0.0
20.309,0.0135246,137.576,0.843702,0.0
20.2971,0.013827,139.075,0.851183,0.0
20.2923,0.0135488,138.126,0.850843,0.0
20.3082,0.0136394,139.392,0.862065,0.0
20.3085,0.0136737,138.209,0.851183,0.0
20.3008,0.0137646,139.875,0.852543,0.0
20.3115,0.0136601,138.392,0.818197,0.0
20.3148,0.0136945,139.075,0.855944,0.0
20.3076,0.0137258,137.276,0.850503,0.0
20.3115,0.013572,137.693,0.865466,0.0
20.316,0.0136698,139.625,0.865126,0.0
20.3208,0.0131985,139.359,0.83418,0.0
20.2991,0.0136224,139.825,0.842342,0.0
20.2932,0.0135663,139.459,0.846762,0.0
20.311,0.0135994,137.426,0.851183,0.0
20.2948,0.013552,137.443,0.848463,0.0
20.2828,0.0138205,138.576,0.858665,0.0
20.2972,0.0138408,138.042,0.827039,0.0
20.3036,0.0139228,138.825,0.839961,0.0
20.3173,0.0135467,139.392,0.864446,0.0
20.331,0.0139329,138.359,0.868867,0.0
20.3111,0.0136629,139.525,0.840641,0.0
20.2873,0.0134588,138.259,0.850843,0.0
20.303,0.0139151,138.975,0.856284,0.0
20.331,0.0138894,138.109,0.843702,0.0
20.3277,0.0138693,137.409,0.848123,0.0
20.3046,0.0137169,137.776,0.850843,0.0
20.2997,0.0139497,138.925,0.851863,0.0
20.2935,0.0138799,139.225,0.847443,0.0
20.3129,0.0135948,138.592,0.853564,0.0
20.3197,0.0141212,138.609,0.841661,0.0
20.2911,0.0140145,137.526,0.851863,0.0
20.2995,0.0136842,138.142,0.844382,0.0
20.3104,0.013409,139.375,0.848463,0.0
20.2961,0.0135048,139.109,0.842342,0.0
20.3124,0.0134865,138.059,0.858325,0.0
20.3227,0.0138176,138.259,0.855604,0.0
20.2984,0.0135165,136.81,0.869547,0.0
20.2991,0.0135224,138.659,0.870227,0.0
20.3185,0.0138908,138.676,0.824658,0.0
20.3168,0.0135543,137.876,0.854244,0.0
20.3059,0.0133661,137.226,0.865126,0.0
20.2947,0.013872,138.292,0.839281,0.0
20.3096,0.0139068,138.059,0.852203,0.0
20.3075,0.0138443,137.676,0.839961,0.0
20.3018,0.0135234,139.658,0.808675,0.0
20.3186,0.0137646,139.675,0.846422,0.0
20.3036,0.0133638,138.392,0.848803,0.0
20.2832,0.0132422,139.042,0.859345,0.0
20.2904,0.0137291,138.509,0.854584,0.0
20.3096,0.0138297,138.892,0.846082,0.0
20.3239,0.013584,137.11,0.850163,0.0
20.3145,0.0138222,139.092,0.843702,0.0
20.3045,0.0135369,139.658,0.857985,0.0
20.3011,0.0137055,138.875,0.874988,0.0
20.3084,0.0134552,138.076,0.830439,0.0
20.3112,0.0138702,139.075,0.861725,0.0
20.3003,0.0135809,138.109,0.826358,0.0
20.3038,0.0134164,137.459,0.827039,0.0
20.298,0.013656,139.775,0.870567,0.0
20.2794,0.0138778,138.009,0.83384,0.0
20.2953,0.0136534,139.575,0.870227,0.0
20.3045,0.0134059,136.91,0.847783,0.0
20.2883,0.0134767,137.859,0.842682,0.0
20.2876,0.0136849,137.759,0.847783,0.0
20.3106,0.0138318,140.142,0.846082,0.0
20.3245,0.013805,137.843,0.880429,0.0
20.3287,0.0136098,139.975,0.838941,0.0
20.3134,0.013736,138.559,0.854584,0.0
20.3074,0.0134085,138.476,0.854584,0.0
20.3061,0.013468,136.243,0.851863,0.0
20.3107,0.0136591,137.076,0.855604,0.0
20.3169,0.0135929,139.059,0.824998,0.0
20.3048,0.013743,138.875,0.854244,0.0
20.309,0.0136524,139.142,0.867166,0.0
20.3168,0.0138721,138.792,0.846082,0.0
20.2894,0.0140078,138.326,0.842342,0.0
20.2728,0.0136954,138.759,0.843022,0.0
20.2863,0.013905,137.793,0.837581,0.0
20.3131,0.0135597,137.959,0.850163,0.0
20.3275,0.0133625,138.359,0.858665,0.0
20.3171,0.0134988,138.276,0.850163,0.0
20.306,0.0135368,138.042,0.871587,0.0
20.3035,0.0132752,137.659,0.816497,0.0
20.3014,0.0138132,138.909,0.853564,0.0
20.3075,0.0139121,137.643,0.852543,0.0
20.314,0.0138676,137.793,0.843022,0.0
20.3252,0.0136547,138.492,0.862405,0.0
20.3183,0.0138595,138.659,0.850843,0.0
20.2935,0.0137287,139.275,0.851523,0.0
20.3087,0.0137998,138.592,0.848463,0.0
20.3266,0.0136382,139.042,0.859005,0.0
20.2977,0.0137757,140.242,0.864106,0.0
20.2848,0.013611,138.742,0.837581,0.0
20.3201,0.0134655,138.776,0.853564,0.0
20.3465,0.0133782,139.359,0.862745,0.0
20.3206,0.013789,138.476,0.854244,0.0
20.294,0.0136437,138.842,0.837921,0.0
20.3016,0.0131931,138.859,0.842001,0.0
20.3069,0.0139003,139.009,0.844042,0.0
20.3092,0.0140518,138.776,0.839961,0.0
20.306,0.0136815,139.259,0.857985,0.0
20.3153,0.0135691,137.759,0.841321,0.0
20.3033,0.0138181,138.825,0.845062,0.0
20.2866,0.0140273,140.941,0.852884,0.0
20.3145,0.0137201,138.059,0.854584,0.0
20.3201,0.0135663,138.692,0.831459,0.0
20.2877,0.0136414,138.076,0.862745,0.0
20.3019,0.0134328,138.159,0.844382,0.0
20.3309,0.013445,138.792,0.856624,0.0
20.3094,0.0138168,137.909,0.866826,0.0
20.2933,0.0137972,137.809,0.849143,0.0
20.3236,0.0132415,138.959,0.860705,0.0
20.3338,0.013837,139.092,0.852203,0.0
20.3017,0.0136029,137.609,0.854924,0.0
20.3025,0.0132757,138.409,0.874648,0.0
20.3144,0.0138187,139.858,0.837241,0.0
20.2945,0.0136879,137.06,0.838261,0.0
20.2994,0.0135908,139.459,0.841661,0.0
20.3248,0.013754,138.759,0.858325,0.0
20.3064,0.0136285,138.259,0.857304,0.0
20.2975,0.0134252,139.209,0.837581,0.0
20.3254,0.0134721,138.192,0.840981,0.0
20.3089,0.013908,137.693,0.859005,0.0
20.2799,0.0133091,137.326,0.83656,0.0
20.2983,0.0132157,139.542,0.857304,0.0
20.3151,0.0132765,137.359,0.862745,0.0
20.3033,0.0135262,137.793,0.862405,0.0
20.3039,0.0136009,139.475,0.839281,0.0
20.2994,0.0138655,138.159,0.838601,0.0
20.2847,0.0135697,139.975,0.841321,0.0
20.2959,0.01356,138.042,0.880769,0.0
20.2972,0.0134927,140.042,0.880769,0.0
20.2885,0.0134685,136.31,0.854584,0.0
20.2942,0.0135021,138.259,0.83384,0.0
20.2847,0.0134691,138.642,0.846082,0.0
20.2739,0.0136893,139.059,0.847102,0.0
20.3013,0.0136511,138.642,0.870907,0.0
20.3196,0.0135047,137.793,0.842682,0.0
20.3089,0.0138803,138.376,0.880429,0.0
20.3072,0.0138971,138.342,0.857644,0.0
20.3175,0.0137404,138.109,0.849143,0.0
20.319,0.0136532,137.609,0.843362,0.0
20.2995,0.0136047,136.61,0.854924,0.0
20.2914,0.0134515,138.659,0.848803,0.0
20.3007,0.0136947,138.875,0.860705,0.0
20.2983,0.0132779,138.426,0.845402,0.0
20.3197,0.0135394,138.975,0.853564,0.0
20.343,0.013525,138.542,0.850843,0.0
20.335,0.0137771,139.459,0.859345,0.0
20.3002,0.0139028,138.959,0.839621,0.0
20.2785,0.0137566,138.742,0.838941,0.0
20.2988,0.013846,139.175,0.83248,0.0
20.3088,0.0136555,140.325,0.837241,0.0
20.3003,0.0135064,139.342,0.853564,0.0
20.3055,0.0135973,139.608,0.830439,0.0
20.3139,0.0139549,139.159,0.840641,0.0
20.3142,0.0138964,137.343,0.846422,0.0
20.3126,0.013518,138.042,0.839961,0.0
20.3055,0.0135587,138.709,0.855264,0.0
20.3024,0.013733,138.892,0.856964,0.0
20.2972,0.0138648,138.126,0.850163,0.0
20.2887,0.01374,138.776,0.840981,0.0
20.3165,0.0137817,138.626,0.83656,0.0
20.3434,0.0140408,138.526,0.850843,0.0
20.3195,0.0137875,137.843,0.867846,0.0
20.3067,0.0136715,139.159,0.857304,0.0
20.3164,0.0139396,139.942,0.856964,0.0
20.3145,0.0137326,139.509,0.852203,0.0
20.2984,0.013769,138.176,0.861725,0.0
20.3035,0.013425,138.292,0.842342,0.0
20.3188,0.0137179,140.192,0.853224,0.0
20.3087,0.0134969,137.543,0.869207,0.0
20.3015,0.0136306,139.009,0.848123,0.0
20.3183,0.0139567,137.959,0.8352,0.0
20.309,0.0136632,139.059,0.867506,0.0
20.2917,0.0139507,137.943,0.83384,0.0
20.2926,0.013967,139.725,0.839281,0.0
20.296,0.0135632,138.476,0.856284,0.0
20.3089,0.0140103,141.191,0.866146,0.0
20.3145,0.0138258,137.609,0.870227,0.0
20.2947,0.0132239,137.359,0.841321,0.0
20.3016,0.0136095,138.209,0.847783,0.0
20.3464,0.0137456,139.892,0.83418,0.0
20.3291,0.0131036,138.426,0.842682,0.0
20.2777,0.0134567,138.526,0.843702,0.0
20.3011,0.0136228,137.193,0.828059,0.0
20.3285,0.0137598,138.409,0.846082,0.0
20.306,0.013247,138.592,0.854244,0.0
20.2977,0.013432,138.659,0.839281,0.0
20.3032,0.0137306,138.426,0.826018,0.0
20.2958,0.0137873,139.309,0.854244,0.0
20.305,0.0137702,139.409,0.827719,0.0
20.2959,0.0135482,137.959,0.842001,0.0
20.3,0.0138308,138.192,0.845402,0.0
20.3208,0.0135514,139.275,0.838941,0.0
20.3117,0.0135783,137.743,0.850163,0.0
20.3103,0.0135305,138.576,0.859345,0.0
20.3163,0.0137287,139.125,0.8369,0.0
20.304,0.0139636,138.476,0.846762,0.0
20.3053,0.013642,139.175,0.861725,0.0
20.312,0.0135949,138.259,0.838941,0.0
20.3184,0.0138112,138.659,0.83452,0.0
20.324,0.0136135,137.209,0.858325,0.0
20.2977,0.0138321,138.259,0.839961,0.0
20.2944,0.0137838,139.892,0.83554,0.0
20.3054,0.0136156,138.776,0.857985,0.0
20.2976,0.0135958,140.541,0.863426,0.0
20.3105,0.013651,139.109,0.856624,0.0
20.3103,0.0137284,139.009,0.843702,0.0
20.2962,0.0135335,138.376,0.849483,0.0
20.2912,0.0138271,138.242,0.846422,0.0
20.294,0.0137254,138.642,0.850503,0.0
20.3204,0.0134794,138.109,0.824998,0.0
20.3352,0.0138407,138.209,0.854584,0.0
20.3104,0.0134358,139.325,0.848123,0.0
20.2941,0.0135211,139.325,0.83248,0.0
20.2966,0.0137088,137.426,0.842001,0.0
20.2996,0.0137401,138.592,0.845062,0.0
20.2961,0.0135016,139.992,0.857644,0.0
20.2997,0.0136255,138.759,0.845062,0.0
20.2994,0.0137581,139.758,0.848803,0.0
20.2817,0.013628,138.726,0.841321,0.0
20.2869,0.0138626,137.11,0.837581,0.0
20.2984,0.0138185,138.142,0.853904,0.0
20.2984,0.0135735,137.943,0.857304,0.0
20.3093,0.0135131,138.742,0.827379,0.0
20.3101,0.0137478,137.859,0.862065,0.0
20.2963,0.0134993,139.175,0.844382,0.0
20.2994,0.0136309,138.459,0.868527,0.0
20.3067,0.0134052,139.075,0.827039,0.0
20.3178,0.0135912,138.159,0.852884,0.0
20.3271,0.0137612,139.059,0.857304,0.0
20.3285,0.0138065,137.476,0.847443,0.0
20.3102,0.013681,138.476,0.854924,0.0
20.2978,0.0134989,139.175,0.861045,0.0
20.2957,0.0136042,137.01,0.879069,0.0
20.2893,0.0134236,137.143,0.844722,0.0
20.289,0.0131723,139.275,0.847443,0.0
20.2907,0.0132748,138.526,0.816497,0.0
20.2879,0.0133075,139.908,0.847102,0.0
20.3073,0.0140409,138.376,0.83214,0.0
20.3166,0.0139279,137.343,0.863086,0.0
20.3023,0.0138556,138.959,0.840641,0.0
20.301,0.0133377,139.009,0.864446,0.0
20.3013,0.0136596,139.992,0.847783,0.0
20.3077,0.0137227,137.609,0.854584,0.0
20.3238,0.0134753,140.125,0.842001,0.0
20.3151,0.0134773,137.243,0.853224,0.0
20.3005,0.0140239,138.692,0.852203,0.0
20.3074,0.013756,138.292,0.846762,0.0
20.313,0.0138565,139.259,0.837241,0.0
20.3109,0.0136331,138.909,0.847443,0.0
20.3036,0.0135709,139.125,0.828399,0.0
20.3004,0.0134264,137.993,0.853904,0.0
20.3019,0.0137211,138.692,0.856964,0.0
20.3136,0.0135483,138.159,0.83622,0.0
20.3154,0.0135827,138.742,0.823638,0.0
20.307,0.0136805,137.876,0.866146,0.0
20.3231,0.0136503,135.927,0.842001,0.0
20.3278,0.013748,139.275,0.873968,0.0
20.3129,0.0136791,139.625,0.858665,0.0
20.3044,0.013899,139.925,0.848803,0.0
20.2969,0.0140466,138.559,0.863086,0.0
20.3095,0.0137596,139.742,0.843702,0.0
20.32,0.0138921,138.792,0.865126,0.0
20.2981,0.0136288,138.292,0.882469,0.0
20.2856,0.0134886,137.359,0.853904,0.0
20.2957,0.0136306,139.142,0.847783,0.0
20.311,0.0133902,139.625,0.840641,0.0
20.3304,0.013736,138.392,0.844382,0.0
20.313,0.0134059,139.109,0.88757,0.0
20.2863,0.0132196,138.376,0.844382,0.0
20.306,0.0134642,137.926,0.823298,0.0
20.3332,0.01352,138.659,0.861045,0.0
20.3045,0.013934,137.476,0.861385,0.0
20.292,0.0135021,137.809,0.853904,0.0
20.3381,0.0136411,139.392,0.864786,0.0
20.3507,0.0135457,139.192,0.865126,0.0
20.322,0.0135679,138.659,0.852884,0.0
20.3122,0.0135591,139.875,0.854924,0.0
20.317,0.0136527,137.359,0.868867,0.0
20.3253,0.0134773,139.459,0.863426,0.0
20.3224,0.0132881,141.125,0.8369,0.0
20.3256,0.0137487,138.042,0.843022,0.0
20.3459,0.0135693,138.476,0.862065,0.0
20.3206,0.0136123,138.492,0.844382,0.0
20.286,0.0139004,137.576,0.850843,0.0
20.2861,0.0138022,139.375,0.839281,0.0
20.2945,0.0139364,137.959,0.856624,0.0
20.2886,0.0132464,139.792,0.856964,0.0
20.3044,0.0134676,139.958,0.851183,0.0
20.3339,0.013743,137.093,0.842682,0.0
20.3035,0.0134156,138.842,0.855944,0.0
20.2752,0.0136841,137.843,0.849483,0.0
20.2869,0.013805,139.509,0.859345,0.0
20.2858,0.0136566,137.793,0.845062,0.0
20.3016,0.0139522,136.277,0.838261,0.0
20.3155,0.013579,136.476,0.83316,0.0
20.2967,0.0138007,139.292,0.839621,0.0
20.2936,0.0139894,137.509,0.853904,0.0
20.2949,0.0137103,138.459,0.872607,0.0
20.3019,0.013433,138.409,0.857644,0.0
20.3142,0.0137442,137.793,0.8369,0.0
20.3008,0.0135008,138.459,0.877708,0.0
20.3026,0.0136303,138.142,0.850503,0.0
20.3162,0.0137072,139.259,0.846082,0.0
20.3032,0.0137677,139.159,0.827719,0.0
20.3033,0.0139118,137.859,0.851523,0.0
20.3139,0.0136322,138.592,0.850843,0.0
20.2972,0.0135332,137.926,0.839621,0.0
20.2971,0.0136324,139.692,0.847443,0.0
20.3136,0.013609,138.276,0.838601,0.0
20.3153,0.0133607,137.409,0.839621,0.0
20.313,0.0135861,139.975,0.866486,0.0
20.3185,0.0137674,137.126,0.874648,0.0
20.308,0.0135141,138.409,0.843362,0.0
20.2997,0.0135994,138.542,0.840981,0.0
20.3133,0.0136544,139.175,0.842001,0.0
20.3161,0.0138586,136.993,0.839621,0.0
20.302,0.0136426,137.559,0.844042,0.0
20.3088,0.01376,138.109,0.855264,0.0
20.3176,0.0138331,138.142,0.856284,0.0
20.3214,0.0138493,138.709,0.872267,0.0
20.3358,0.0136029,138.059,0.849483,0.0
20.3261,0.013527,138.092,0.83656,0.0
20.2921,0.0136684,138.276,0.83214,0.0
20.2867,0.0139869,139.292,0.843702,0.0
20.3129,0.0138576,139.342,0.849483,0.0
20.3183,0.0135859,138.092,0.854924,0.0
20.3096,0.0140306,138.526,0.828399,0.0
20.3078,0.0138982,137.709,0.848803,0.0
20.3031,0.013692,138.509,0.860365,0.0
20.2998,0.0135365,138.526,0.855264,0.0
20.3026,0.0135036,137.909,0.841321,0.0
20.3052,0.013873,138.626,0.847783,0.0
20.3127,0.0136578,138.526,0.83282,0.0
20.3163,0.0136531,138.492,0.848463,0.0
20.3151,0.0137061,139.142,0.848803,0.0
20.3165,0.0134794,137.276,0.846082,0.0
20.3126,0.0132484,138.892,0.868527,0.0
20.3151,0.0137437,137.559,0.852884,0.0
20.2922,0.0138112,137.726,0.842682,0.0
20.2797,0.0137715,139.209,0.838601,0.0
20.314,0.0134792,139.225,0.853564,0.0
20.318,0.0133716,137.509,0.83588,0.0
20.3093,0.0136874,137.576,0.8318,0.0
20.3276,0.0133824,138.409,0.840641,0.0
20.3296,0.0136898,138.209,0.837581,0.0
20.3155,0.0136835,137.693,0.858325,0.0
20.3045,0.0134578,138.209,0.868527,0.0
20.3144,0.0138775,139.425,0.843022,0.0
20.3312,0.0134085,140.325,0.847443,0.0
20.3145,0.01329,137.376,0.862065,0.0
20.2954,0.0136981,138.909,0.857304,0.0
20.3043,0.0137172,138.226,0.83316,0.0
20.3101,0.0133349,138.726,0.851183,0.0
20.2972,0.0138947,137.043,0.844382,0.0
20.2775,0.0134595,138.059,0.837921,0.0
20.2833,0.013698,138.942,0.848803,0.0
20.3159,0.0135539,138.492,0.861045,0.0
20.3138,0.0134386,138.442,0.852543,0.0
20.2999,0.0138386,139.425,0.858325,0.0
20.3196,0.0138678,137.743,0.827039,0.0
20.3362,0.0139706,137.909,0.851523,0.0
20.3203,0.013529,137.843,0.858325,0.0
20.3162,0.0141858,138.542,0.83248,0.0
20.3284,0.013833,139.525,0.862745,0.0
20.3161,0.0134204,137.826,0.8369,0.0
20.3099,0.01362,139.025,0.851523,0.0
20.3107,0.0131453,138.576,0.843022,0.0
20.3111,0.0131585,139.359,0.83248,0.0
20.3224,0.0139373,138.492,0.83486,0.0
20.304,0.013729,138.059,0.815136,0.0
20.2865,0.0135716,139.142,0.839961,0.0
20.3227,0.0134621,137.243,0.853224,0.0
20.3238,0.0137561,139.958,0.853904,0.0
20.2981,0.0136524,137.743,0.846422,0.0
20.3084,0.0135721,138.726,0.8369,0.0
20.3039,0.0137396,137.276,0.855604,0.0
20.2797,0.0137144,139.459,0.856964,0.0
20.3023,0.0137753,138.042,0.8369,0.0
20.3138,0.0135125,137.909,0.840641,0.0
20.2849,0.0136651,137.626,0.852543,0.0
20.2975,0.0134096,138.242,0.820237,0.0
20.3281,0.0135291,137.526,0.855604,0.0
20.3122,0.0136377,137.776,0.860365,0.0
20.3072,0.0135178,139.159,0.843022,0.0
20.3261,0.0136569,138.759,0.847443,0.0
20.3134,0.0136938,138.392,0.837241,0.0
20.2865,0.0136635,139.908,0.847443,0.0
20.2879,0.0134284,138.076,0.854584,0.0
20.2963,0.0137655,138.176,0.844382,0.0
20.3038,0.0136405,139.359,0.853224,0.0
20.311,0.0136221,138.559,0.842001,0.0
20.3053,0.0135844,139.725,0.862405,0.0
20.3068,0.0135731,137.093,0.854924,0.0
20.3247,0.0134756,138.059,0.852543,0.0
20.3163,0.0134879,138.259,0.854924,0.0
20.3063,0.0138319,138.226,0.854584,0.0
20.3199,0.0136387,138.076,0.859345,0.0
20.3237,0.0136267,137.809,0.848463,0.0
20.3135,0.0135028,139.625,0.857985,0.0
20.3228,0.0135892,137.943,0.849483,0.0
20.3142,0.0138092,138.659,0.854924,0.0
20.2856,0.0132839,138.109,0.830099,0.0
20.2903,0.0137533,138.376,0.839961,0.0
20.3002,0.0134264,139.475,0.837581,0.0
20.3086,0.0135297,136.91,0.852543,0.0
20.2953,0.0137666,137.926,0.840301,0.0
20.2859,0.0137834,138.942,0.853224,0.0
20.2942,0.0140213,135.727,0.848803,0.0
20.3112,0.0136876,138.142,0.842682,0.0
20.3454,0.0135721,137.626,0.841661,0.0
20.3306,0.013704,139.675,0.844382,0.0
20.2939,0.0137461,138.859,0.850503,0.0
20.2931,0.0139145,138.526,0.858325,0.0
20.3087,0.013747,137.693,0.848803,0.0
20.3121,0.0134976,139.309,0.852884,0.0
20.2966,0.0138146,138.009,0.850163,0.0
20.2851,0.0135331,137.443,0.863426,0.0
20.2939,0.013233,140.308,0.844382,0.0
20.3063,0.0137734,138.242,0.851523,0.0
20.3182,0.0137313,138.492,0.831459,0.0
20.3114,0.0137984,139.958,0.860365,0.0
20.2995,0.0135916,137.726,0.863766,0.0
20.3035,0.0137189,138.526,0.850843,0.0
20.2933,0.0133658,138.342,0.879409,0.0
20.2981,0.0135388,138.226,0.861045,0.0
20.3202,0.0137334,139.625,0.852543,0.0
20.3244,0.0132671,137.409,0.851863,0.0
20.3124,0.013366,138.359,0.848463,0.0
20.3013,0.013446,138.459,0.830779,0.0
20.3051,0.0136944,138.109,0.852203,0.0
20.3318,0.0135824,138.259,0.849143,0.0
20.3289,0.0134892,138.426,0.851863,0.0
20.3183,0.0135132,139.958,0.862065,0.0
20.3201,0.0136349,138.042,0.856964,0.0
20.3107,0.01387,139.409,0.838261,0.0
20.3207,0.013448,140.158,0.858665,0.0
20.3196,0.0134476,137.509,0.867166,0.0
20.2965,0.0133567,139.259,0.849823,0.0
20.3102,0.0133725,137.976,0.869887,0.0
20.3211,0.0136204,136.86,0.850843,0.0
20.3097,0.0135497,138.609,0.842342,0.0
20.3139,0.0134893,138.326,0.844722,0.0
20.3161,0.0136121,138.176,0.837921,0.0
20.2963,0.0136523,137.693,0.842342,0.0
20.2905,0.0138336,139.009,0.856964,0.0
20.3122,0.0133729,136.993,0.83554,0.0
20.3066,0.0134422,138.592,0.850163,0.0
20.2996,0.0137024,137.576,0.839961,0.0
20.3112,0.0137289,138.676,0.854924,0.0
20.3042,0.0139194,138.925,0.863426,0.0
20.3139,0.0133687,138.925,0.83418,0.0
20.3252,0.0137838,138.759,0.856284,0.0
20.305,0.0136804,136.843,0.83588,0.0
20.3075,0.0135465,138.526,0.83622,0.0
20.3168,0.0136208,137.843,0.856624,0.0
20.293,0.0135265,137.893,0.862405,0.0
20.3012,0.013701,139.625,0.840301,0.0
20.3238,0.0139967,138.359,0.822278,0.0
20.3093,0.0140698,138.326,0.83656,0.0
20.3075,0.0141674,138.126,0.842001,0.0
20.3142,0.0138499,139.175,0.83622,0.0
20.3062,0.0135231,138.609,0.867506,0.0
20.3099,0.0132107,138.259,0.852884,0.0
20.305,0.0137931,138.676,0.8369,0.0
20.2942,0.0138935,137.759,0.839621,0.0
20.2884,0.0141116,137.476,0.851523,0.0
20.2919,0.0135482,137.976,0.859685,0.0
20.306,0.013328,137.776,0.844722,0.0
20.3047,0.0138735,138.042,0.860365,0.0
20.2873,0.0137139,137.659,0.846082,0.0
20.2893,0.0133306,137.259,0.859345,0.0
20.3071,0.0134634,136.793,0.83452,0.0
20.3204,0.0137912,138.709,0.83656,0.0
20.3016,0.0137644,137.543,0.857644,0.0
20.2943,0.0138033,138.026,0.871247,0.0
20.3237,0.0141188,138.925,0.869887,0.0
20.3277,0.0134589,137.626,0.841661,0.0
20.3215,0.0137151,139.009,0.846422,0.0
20.3361,0.013744,138.042,0.853224,0.0
20.3094,0.0135233,140.058,0.843022,0.0
20.297,0.0137351,138.192,0.856624,0.0
20.3173,0.0137274,137.426,0.826358,0.0
20.3148,0.0134982,138.426,0.837581,0.0
20.3066,0.0136464,137.243,0.8369,0.0
20.2932,0.013363,137.943,0.853224,0.0
20.2815,0.0134217,137.909,0.851523,0.0
20.2981,0.0138094,138.542,0.826018,0.0
20.3027,0.0138641,139.525,0.852203,0.0
20.2841,0.013572,137.993,0.829419,0.0
20.2883,0.0137537,137.743,0.840981,0.0
20.2917,0.0135106,139.642,0.83588,0.0
20.3036,0.013828,137.959,0.840981,0.0
20.3269,0.0137916,138.576,0.827039,0.0
20.3245,0.0133614,137.859,0.848463,0.0
20.3202,0.0134786,138.559,0.863426,0.0
20.3227,0.013525,139.042,0.864106,0.0
20.3065,0.013537,138.942,0.853224,0.0
20.291,0.0137862,138.626,0.848803,0.0
20.297,0.0135377,139.242,0.845402,0.0
20.3078,0.0132581,138.259,0.857304,0.0
20.294,0.0135503,138.242,0.83282,0.0
20.289,0.0132237,138.409,0.816157,0.0
20.2898,0.0136458,139.209,0.847102,0.0
20.2884,0.014036,136.243,0.857644,0.0
20.3082,0.0139407,138.026,0.862405,0.0
20.3191,0.0133843,139.642,0.855264,0.0
20.301,0.0137533,138.476,0.8335,0.0
20.3093,0.0136627,137.476,0.851863,0.0
20.333,0.0136029,138.492,0.849823,0.0
20.3315,0.0136348,137.843,0.854584,0.0
20.3244,0.0137395,139.475,0.83214,0.0
20.3096,0.0140898,137.493,0.840641,0.0
20.2883,0.0133228,137.126,0.858325,0.0
20.3223,0.013519,138.942,0.869547,0.0
20.3131,0.0137566,138.592,0.825338,0.0
20.2833,0.0136467,139.409,0.83418,0.0
20.3405,0.0138032,139.708,0.845742,0.0
20.3588,0.0138891,138.209,0.843362,0.0
20.3149,0.0136512,137.443,0.845062,0.0
20.3075,0.0134814,138.925,0.849823,0.0
20.3313,0.0134799,138.226,0.846082,0.0
20.3062,0.0135467,138.759,0.83486,0.0
20.279,0.0134114,137.576,0.837921,0.0
20.3032,0.0137188,138.209,0.830439,0.0
20.3114,0.014009,138.409,0.865126,0.0
20.2948,0.0137102,137.759,0.845742,0.0
20.2948,0.0134712,138.659,0.838261,0.0
20.3093,0.0134101,138.759,0.849143,0.0
20.3027,0.0133951,137.659,0.841661,0.0
20.2981,0.0138379,138.859,0.855264,0.0
20.3004,0.0137392,137.409,0.83588,0.0
20.303,0.0137225,138.975,0.83554,0.0
20.3097,0.0133132,138.842,0.848803,0.0
20.2967,0.0136698,138.742,0.844382,0.0
20.2905,0.0134858,139.125,0.859005,0.0
20.316,0.0138057,138.092,0.859685,0.0
20.3219,0.0137995,139.792,0.849483,0.0
20.316,0.013888,140.092,0.862745,0.0
20.3326,0.0133382,139.425,0.844722,0.0
20.3263,0.013498,138.126,0.854584,0.0
20.3093,0.0136355,138.892,0.847443,0.0
20.3034,0.0137656,140.192,0.83486,0.0
20.3044,0.0134303,137.243,0.837241,0.0
20.3005,0.0133858,139.475,0.831119,0.0
20.3001,0.0135433,139.459,0.869547,0.0
20.301,0.0135735,138.259,0.856284,0.0
20.2922,0.0132536,139.509,0.844382,0.0
20.3144,0.0139124,137.943,0.853564,0.0
20.3311,0.0138925,136.643,0.853564,0.0
20.3128,0.0135486,138.542,0.83418,0.0
20.2947,0.0138124,137.593,0.855264,0.0
20.2988,0.0136729,139.858,0.854924,0.0
20.3151,0.013568,138.076,0.837581,0.0
20.3126,0.0134871,138.042,0.846082,0.0
20.3007,0.0136957,138.676,0.847443,0.0
20.3092,0.0135604,136.876,0.848803,0.0
20.3272,0.0138235,137.643,0.855604,0.0
20.315,0.0136516,137.326,0.850503,0.0
20.2977,0.0132942,138.676,0.842001,0.0
20.3115,0.013549,138.692,0.858325,0.0
20.3311,0.013357,138.476,0.853224,0.0
20.3206,0.0136495,137.809,0.862065,0.0
20.3007,0.0136122,138.276,0.873968,0.0
20.3001,0.0137579,138.459,0.850503,0.0
20.3112,0.0137377,138.176,0.861045,0.0
20.2993,0.0136634,138.975,0.851863,0.0
20.2781,0.0135506,137.126,0.865466,0.0
20.2903,0.0134653,138.226,0.83486,0.0
20.3074,0.0133943,137.993,0.842001,0.0
20.3139,0.0138063,139.542,0.855944,0.0
20.3085,0.0136636,139.675,0.853904,0.0
20.3119,0.0133153,138.292,0.840981,0.0
20.328,0.0134554,138.676,0.851183,0.0
20.3167,0.0136739,138.292,0.83418,0.0
20.3101,0.013702,139.559,0.852884,0.0
20.3199,0.0136713,138.542,0.839961,0.0
20.3152,0.0136271,136.51,0.845062,0.0
20.3112,0.0134744,138.326,0.83486,0.0
20.32,0.0138682,140.342,0.856284,0.0
20.3081,0.0135491,138.542,0.843022,0.0
20.2938,0.0135209,139.559,0.864106,0.0
20.2948,0.0134051,138.342,0.855264,0.0
20.2739,0.0134534,137.926,0.844382,0.0
20.2878,0.0132987,138.026,0.851523,0.0
20.3305,0.0134442,138.209,0.851863,0.0
20.3107,0.0138065,138.626,0.83588,0.0
20.2955,0.0134615,138.559,0.852203,0.0
20.3352,0.0136456,138.009,0.841661,0.0
20.3024,0.013501,138.359,0.843702,0.0
20.2724,0.0137652,139.009,0.855944,0.0
20.3306,0.0136038,138.376,0.846422,0.0
20.3388,0.0139405,140.075,0.842001,0.0
20.3032,0.0138478,138.692,0.843362,0.0
20.3088,0.0133961,139.159,0.853564,0.0
20.3159,0.0135017,136.443,0.840641,0.0
20.305,0.0136917,138.092,0.838261,0.0
20.3135,0.0137061,138.559,0.837241,0.0
20.309,0.0134031,137.726,0.818877,0.0
20.3198,0.0136219,139.525,0.837921,0.0
20.3176,0.0135343,137.359,0.856284,0.0
20.2769,0.013802,139.425,0.862405,0.0
20.2968,0.0138151,140.042,0.869207,0.0
20.3272,0.0134932,137.659,0.852203,0.0
20.3132,0.0136612,138.176,0.842342,0.0
20.3164,0.0137262,139.692,0.823978,0.0
20.3119,0.0134856,135.71,0.847102,0.0
20.3033,0.0139455,138.109,0.857304,0.0
20.3088,0.0133887,138.476,0.843022,0.0
20.3027,0.0136352,137.776,0.854244,0.0
20.3047,0.013208,137.409,0.850163,0.0
20.3035,0.0134079,137.676,0.855264,0.0
20.2992,0.0137603,139.775,0.846762,0.0
20.3078,0.0133572,137.343,0.855264,0.0
20.3065,0.0134986,138.276,0.847102,0.0
20.3045,0.0138624,139.292,0.850163,0.0
20.3099,0.0133514,137.926,0.861385,0.0
20.3032,0.0136434,138.292,0.856284,0.0
20.3203,0.0137876,137.843,0.837921,0.0
20.3445,0.0133198,139.425,0.88553,0.0
20.3304,0.0135229,139.658,0.83656,0.0
20.2968,0.0138231,137.876,0.861385,0.0
20.3031,0.0137005,139.225,0.854584,0.0
20.3085,0.0139055,137.526,0.83486,0.0
20.2874,0.0136806,138.709,0.855264,0.0
20.2909,0.0137784,138.342,0.858325,0.0
20.3092,0.0136383,138.276,0.860705,0.0
20.324,0.0135654,138.192,0.845742,0.0
20.3272,0.0132996,138.459,0.849143,0.0
20.3225,0.0134386,138.542,0.870227,0.0
20.3159,0.0135036,137.493,0.846762,0.0
20.3031,0.0140621,138.326,0.862065,0.0
20.307,0.0138452,137.06,0.828739,0.0
20.3212,0.0137799,137.276,0.855944,0.0
20.3205,0.0138236,139.192,0.846082,0.0
20.3101,0.0139021,139.975,0.851183,0.0
20.3033,0.013553,139.025,0.849483,0.0
20.3116,0.0136809,138.326,0.827039,0.0
20.3226,0.0134742,138.892,0.852543,0.0
20.3259,0.0137388,139.175,0.837921,0.0
20.3093,0.0137123,138.992,0.842001,0.0
20.3065,0.0134698,138.459,0.828739,0.0
20.3292,0.0131425,138.959,0.873968,0.0
20.3182,0.0133994,136.76,0.8352,0.0
20.3029,0.0137184,138.309,0.850163,0.0
20.3106,0.0134757,139.559,0.857304,0.0
20.3153,0.0134367,137.843,0.844042,0.0
20.3005,0.0132558,138.459,0.847443,0.0
20.2966,0.013565,138.409,0.842342,0.0
20.2973,0.0138046,139.159,0.851183,0.0
20.2964,0.0140254,139.259,0.849823,0.0
20.3148,0.0136389,138.076,0.862745,0.0
20.3214,0.0136745,138.342,0.851523,0.0
20.311,0.0141725,138.559,0.839961,0.0
20.3242,0.0135602,137.893,0.847443,0.0
20.3301,0.0137833,137.576,0.830099,0.0
20.3153,0.0136418,138.276,0.822958,0.0
20.3101,0.0139256,138.759,0.858665,0.0
20.3121,0.0135842,138.259,0.840981,0.0
20.3047,0.0136913,138.259,0.830439,0.0
20.3022,0.0134282,140.192,0.850503,0.0
20.293,0.0134568,139.958,0.844382,0.0
20.3067,0.0133697,138.576,0.823978,0.0
20.3236,0.0137395,138.626,0.842342,0.0
20.3047,0.0136023,138.526,0.830439,0.0
20.2945,0.013537,137.609,0.855944,0.0
20.2948,0.0137429,137.776,0.843362,0.0
20.3045,0.0140446,138.026,0.851183,0.0
20.3043,0.0136748,138.209,0.831119,0.0
20.2939,0.0136174,138.742,0.853904,0.0
20.3037,0.013655,139.359,0.855944,0.0
20.3162,0.0136828,137.976,0.855604,0.0
20.3124,0.0138649,139.075,0.853904,0.0
20.3051,0.013811,137.193,0.83214,0.0
20.3057,0.0135954,137.993,0.850503,0.0
20.3085,0.0134591,138.776,0.831459,0.0
20.3069,0.0137248,137.01,0.850503,0.0
20.2888,0.0134062,137.626,0.839961,0.0
20.2947,0.0138545,140.242,0.876008,0.0
20.3277,0.0138396,139.242,0.838261,0.0
20.3071,0.0138272,140.275,0.840981,0.0
20.2897,0.0137937,137.609,0.840641,0.0
20.3198,0.0133955,139.325,0.83418,0.0
20.329,0.0133668,137.559,0.845062,0.0
20.3254,0.0135949,139.942,0.824318,0.0
20.342,0.0138148,139.475,0.848123,0.0
20.3246,0.0139257,139.542,0.849823,0.0
20.3165,0.0137401,139.109,0.859005,0.0
20.315,0.0134648,137.526,0.847783,0.0
20.3008,0.0139477,138.492,0.854924,0.0
20.3055,0.0136639,138.576,0.846422,0.0
20.3135,0.0137056,138.159,0.849483,0.0
20.3081,0.0138026,138.326,0.846082,0.0
20.3009,0.0136047,137.543,0.853564,0.0
20.3079,0.0137183,140.541,0.847783,0.0
20.3234,0.0136032,137.643,0.855944,0.0
20.3167,0.013642,138.492,0.847443,0.0
20.299,0.0135623,137.576,0.847443,0.0
20.3007,0.0137171,139.842,0.849143,0.0
20.2934,0.0139132,140.325,0.841661,0.0
20.2957,0.0134814,137.543,0.83656,0.0
20.3101,0.0140902,137.543,0.83452,0.0
20.3016,0.0140498,138.842,0.83384,0.0
20.3088,0.0135814,138.192,0.860025,0.0
20.3288,0.0137616,138.492,0.849823,0.0
20.3166,0.01369,138.492,0.83588,0.0
20.2928,0.0135796,139.442,0.841661,0.0
20.2747,0.0134203,139.359,0.856964,0.0
20.2955,0.0136134,138.726,0.858325,0.0
20.3181,0.0139705,137.376,0.847102,0.0
20.2945,0.0138183,138.742,0.830779,0.0
20.2856,0.0137161,137.443,0.864786,0.0
20.2985,0.0137543,137.426,0.846762,0.0
20.2999,0.0139735,137.809,0.860365,0.0
20.3182,0.0137186,138.542,0.853904,0.0
20.3245,0.0135945,138.209,0.854584,0.0
20.3004,0.013659,137.043,0.859685,0.0
20.2997,0.0134468,137.443,0.837581,0.0
20.3115,0.0135524,138.359,0.852203,0.0
20.3133,0.0137052,138.792,0.843702,0.0
20.301,0.0134217,139.875,0.868867,0.0
20.2954,0.0136263,139.142,0.850843,0.0
20.2988,0.0134367,139.875,0.83452,0.0
20.2971,0.0136396,138.842,0.842342,0.0
20.2985,0.0138463,137.793,0.853564,0.0
20.2974,0.0136472,138.476,0.827379,0.0
20.3109,0.0139418,137.759,0.861725,0.0
20.3202,0.0137297,139.075,0.853564,0.0
20.3092,0.013897,137.809,0.844382,0.0
20.302,0.0140257,140.175,0.843022,0.0
20.3084,0.0138705,138.942,0.83588,0.0
20.3145,0.0139817,138.992,0.865126,0.0
20.3002,0.0135011,137.676,0.839281,0.0
20.2953,0.0129448,138.659,0.858665,0.0
20.3223,0.013598,137.643,0.844382,0.0
20.3215,0.0134823,139.309,0.846422,0.0
20.2901,0.0136883,139.525,0.856624,0.0
20.3036,0.0137557,136.926,0.844382,0.0
20.3258,0.0137764,139.459,0.845402,0.0
20.3048,0.0133585,136.626,0.829759,0.0
20.3051,0.0133011,139.509,0.855604,0.0
20.3139,0.0133356,137.393,0.827379,0.0
20.2885,0.0134696,137.843,0.83316,0.0
20.2899,0.0135195,137.693,0.847443,0.0
20.306,0.0133236,140.208,0.845742,0.0
20.3104,0.0135104,138.176,0.837581,0.0
20.3163,0.0135455,138.042,0.865466,0.0
20.3204,0.013519,138.526,0.83452,0.0
20.293,0.0139121,138.009,0.845062,0.0
20.2836,0.0140058,136.343,0.847443,0.0
20.3137,0.0136239,138.142,0.826358,0.0
20.3312,0.0138954,138.476,0.862745,0.0
20.3166,0.013636,138.875,0.859005,0.0
20.2953,0.0136765,138.109,0.828399,0.0
20.2971,0.0136738,139.125,0.838261,0.0
20.3192,0.013584,140.558,0.853224,0.0
20.3114,0.0134345,138.059,0.864106,0.0
20.2935,0.0140116,140.491,0.845742,0.0
20.3168,0.0136488,138.875,0.863766,0.0
20.3243,0.0136625,137.493,0.849483,0.0
20.3075,0.0137205,138.109,0.850843,0.0
20.3035,0.013556,137.226,0.839961,0.0
20.3044,0.013787,137.509,0.841321,0.0
20.2938,0.0136129,139.359,0.855264,0.0
20.303,0.0134709,138.709,0.852543,0.0
20.3223,0.0139466,138.825,0.855264,0.0
20.3285,0.0138085,137.793,0.83452,0.0
20.3237,0.0140483,138.209,0.863086,0.0
20.318,0.0136329,137.926,0.843022,0.0
20.3019,0.0135652,137.776,0.855264,0.0
20.3117,0.0137058,138.592,0.854584,0.0
20.3286,0.0136658,137.776,0.862065,0.0
20.321,0.0135923,138.009,0.825338,0.0
20.3152,0.0133438,138.026,0.871927,0.0
20.3096,0.0137231,138.726,0.829419,0.0
20.3023,0.0136478,138.092,0.825338,0.0
20.3152,0.0137906,138.309,0.853904,0.0
20.3273,0.0138644,138.975,0.859685,0.0
20.3028,0.0138715,138.092,0.863086,0.0
20.2953,0.0134212,138.892,0.854244,0.0
20.3219,0.0135683,138.925,0.840981,0.0
20.3098,0.01387,137.543,0.855944,0.0
20.3048,0.0137044,137.759,0.839281,0.0
20.3121,0.0136783,137.976,0.848123,0.0
20.2891,0.0138857,139.125,0.846762,0.0
20.3052,0.0137017,138.676,0.864786,0.0
20.331,0.013444,138.426,0.856964,0.0
20.3183,0.013762,137.643,0.848463,0.0
20.302,0.0135326,139.142,0.839621,0.0
20.2901,0.0136221,139.608,0.823978,0.0
20.2982,0.0136406,138.709,0.858665,0.0
20.3245,0.0137073,138.376,0.865806,0.0
20.3044,0.0137183,138.026,0.856964,0.0
20.2957,0.0136499,138.792,0.837921,0.0
20.3337,0.0135023,138.875,0.8352,0.0
20.344,0.0135611,139.992,0.879749,0.0
20.3193,0.013561,137.776,0.83384,0.0
20.2983,0.0136715,138.226,0.839621,0.0
20.2984,0.013513,138.592,0.858665,0.0
20.327,0.013798,137.743,0.857985,0.0
20.3343,0.0139551,139.059,0.857644,0.0
20.3141,0.0138861,137.893,0.83588,0.0
20.3059,0.0138282,136.926,0.864786,0.0
20.3069,0.0135798,138.942,0.865466,0.0
20.2964,0.013862,138.426,0.874988,0.0
20.318,0.013668,138.042,0.854584,0.0
20.3301,0.0137259,139.658,0.845402,0.0
20.2885,0.0138995,139.209,0.846762,0.0
20.2949,0.0136043,137.576,0.877368,0.0
20.3138,0.0135545,139.109,0.860705,0.0
20.2884,0.0134598,138.009,0.847443,0.0
20.2962,0.0138035,138.259,0.849823,0.0
20.3019,0.0138264,139.975,0.857644,0.0
20.2865,0.0137007,138.209,0.853904,0.0
20.3079,0.0137585,138.276,0.849143,0.0
20.3179,0.0137014,137.976,0.849823,0.0
20.3201,0.0140142,137.01,0.848463,0.0
20.3369,0.0137589,138.359,0.858665,0.0
20.3142,0.0139259,138.226,0.828059,0.0
20.2964,0.0135074,139.559,0.821257,0.0
20.3197,0.0137487,137.843,0.862065,0.0
20.305,0.0139941,138.476,0.855264,0.0
20.2961,0.01368,139.242,0.852884,0.0
20.3049,0.0135632,138.242,0.850843,0.0
20.294,0.013654,136.56,0.862065,0.0
20.3045,0.0138155,136.876,0.856284,0.0
20.3115,0.0132423,139.592,0.849143,0.0
20.3057,0.0134712,138.226,0.837241,0.0
20.3183,0.0140196,137.676,0.860365,0.0
20.33,0.013762,137.243,0.843702,0.0
20.3188,0.0136937,138.576,0.843362,0.0
20.2995,0.0135748,139.858,0.837581,0.0
20.3112,0.0135907,139.259,0.844722,0.0
20.312,0.0135175,136.193,0.857985,0.0
20.2883,0.0135652,137.326,0.8352,0.0
20.2983,0.0137718,139.542,0.83452,0.0
20.3248,0.014084,138.792,0.8352,0.0
20.3251,0.0140882,138.975,0.840981,0.0
20.3084,0.0135643,139.125,0.849823,0.0
20.3063,0.0137478,138.825,0.825338,0.0
20.3146,0.013877,138.026,0.848803,0.0
20.3212,0.0138159,138.676,0.841661,0.0
20.3056,0.0137524,138.842,0.858325,0.0
20.2941,0.0134251,138.109,0.869207,0.0
20.3109,0.0133788,138.392,0.840641,0.0
20.3239,0.0137574,139.775,0.828059,0.0
20.312,0.0137937,139.542,0.851863,0.0
20.3136,0.013861,138.176,0.819897,0.0
20.3169,0.0135388,138.642,0.846082,0.0
20.294,0.0135283,139.575,0.844042,0.0
20.3246,0.0135186,139.125,0.848463,0.0
20.3492,0.0136581,136.66,0.849823,0.0
20.3119,0.013796,138.359,0.857304,0.0
20.3004,0.0135359,138.076,0.845742,0.0
20.306,0.0132412,139.475,0.843022,0.0
20.3047,0.0137247,137.743,0.83452,0.0
20.3156,0.0133892,138.076,0.854584,0.0
20.3227,0.0138353,137.143,0.854584,0.0
20.3137,0.0136304,138.042,0.842682,0.0
20.3039,0.0135437,138.559,0.829759,0.0
20.3127,0.0138693,140.158,0.855264,0.0
20.3279,0.0137664,138.609,0.8352,0.0
20.3035,0.0137642,137.693,0.841321,0.0
20.287,0.0138439,139.225,0.868527,0.0
20.3123,0.0139868,138.209,0.8335,0.0
20.3005,0.013931,139.425,0.879749,0.0
20.2999,0.0137816,138.242,0.855944,0.0
20.3205,0.0138929,139.292,0.8369,0.0
20.3295,0.01411,137.309,0.851183,0.0
20.3217,0.0135545,136.227,0.842342,0.0
20.3021,0.0135676,136.51,0.83418,0.0
20.303,0.0137272,138.492,0.846422,0.0
20.3256,0.0134673,139.525,0.854584,0.0
20.3207,0.01343,137.659,0.863766,0.0
20.3112,0.0138523,138.159,0.840641,0.0
20.3188,0.0134113,138.959,0.830439,0.0
20.297,0.0133529,140.425,0.854244,0.0
20.2977,0.013499,138.609,0.855264,0.0
20.3023,0.0141251,137.993,0.826358,0.0
20.2852,0.0139329,137.459,0.831459,0.0
20.2999,0.0137736,138.659,0.854924,0.0
20.3262,0.0134787,138.226,0.842001,0.0
20.3142,0.0135492,139.292,0.852884,0.0
20.3134,0.0135041,139.059,0.859005,0.0
20.3024,0.0137485,137.326,0.844042,0.0
20.2774,0.0141078,138.809,0.855604,0.0
20.3098,0.0139625,138.159,0.848803,0.0
20.3375,0.0134391,138.492,0.848463,0.0
20.3161,0.0133804,137.993,0.837581,0.0
20.3024,0.0133982,138.592,0.83486,0.0
20.3132,0.0135923,136.86,0.851863,0.0
20.3062,0.0139234,139.375,0.825338,0.0
20.3174,0.0139791,139.475,0.849823,0.0
20.3377,0.013622,137.559,0.857644,0.0
20.3163,0.0134033,139.109,0.829759,0.0
20.2989,0.0136248,138.259,0.868186,0.0
20.3249,0.0137883,137.543,0.8352,0.0
20.3528,0.0135712,138.875,0.845402,0.0
20.34,0.013639,138.059,0.88587,0.0
20.3089,0.0134288,138.376,0.850163,0.0
20.3062,0.0138227,137.026,0.856964,0.0
20.3195,0.0137867,139.142,0.852203,0.0
20.3215,0.0134042,138.892,0.856964,0.0
20.3204,0.0134526,138.209,0.855944,0.0
20.3177,0.0133529,139.775,0.837581,0.0
20.3172,0.0133022,139.392,0.862405,0.0
20.3216,0.0136287,138.942,0.840641,0.0
20.302,0.013924,140.175,0.850163,0.0
20.2908,0.0137592,137.593,0.856964,0.0
20.305,0.0134728,138.692,0.852543,0.0
20.314,0.0137949,138.592,0.841661,0.0
20.2943,0.0135601,138.109,0.849143,0.0
20.2942,0.0132194,138.692,0.859345,0.0
20.3227,0.0134925,139.509,0.838261,0.0
20.3146,0.0138111,138.192,0.8318,0.0
20.2956,0.0137358,138.709,0.850503,0.0
20.2988,0.0135525,138.109,0.839961,0.0
20.2981,0.013618,138.176,0.846422,0.0
20.2905,0.0135695,136.776,0.847102,0.0
20.3147,0.0137419,138.709,0.846082,0.0
20.3201,0.0137677,137.943,0.852884,0.0
20.2912,0.0133489,138.576,0.855264,0.0
20.305,0.0136649,140.025,0.838941,0.0
20.3203,0.0133904,138.076,0.828739,0.0
20.2907,0.0136787,137.976,0.872267,0.0
20.3011,0.0139853,137.776,0.83588,0.0
20.3206,0.0138947,139.459,0.862405,0.0
20.294,0.0138484,137.359,0.855264,0.0
20.2862,0.0137502,138.276,0.838601,0.0
20.3092,0.0138805,139.092,0.869547,0.0
20.3075,0.0136861,137.876,0.857304,0.0
20.3029,0.0135067,137.709,0.819897,0.0
20.2996,0.0136756,137.16,0.852203,0.0
20.2829,0.0136418,136.976,0.83452,0.0
20.2896,0.0134727,138.026,0.848123,0.0
20.2957,0.0138044,137.393,0.850163,0.0
20.3065,0.0138257,139.092,0.846762,0.0
20.3167,0.013584,138.309,0.844382,0.0
20.286,0.0139281,137.559,0.842682,0.0
20.2732,0.0135879,137.309,0.843362,0.0
20.3046,0.0134211,138.159,0.856284,0.0
20.3229,0.0136793,136.96,0.849483,0.0
20.3065,0.0137987,137.859,0.848463,0.0
20.3,0.0134104,139.742,0.855604,0.0
20.3095,0.0137731,138.509,0.874988,0.0
20.3122,0.0137016,137.026,0.831459,0.0
20.3163,0.0135075,135.21,0.854924,0.0
20.317,0.0134992,139.109,0.846082,0.0
20.3181,0.0134589,137.593,0.879749,0.0
20.3103,0.0136601,137.459,0.827719,0.0
20.314,0.013728,139.192,0.869207,0.0
20.3189,0.0138916,139.142,0.856624,0.0
20.3023,0.0133815,137.726,0.857304,0.0
20.2986,0.0134799,138.809,0.850163,0.0
20.3043,0.0134217,137.943,0.838261,0.0
20.2956,0.0134985,137.493,0.823298,0.0
20.3011,0.013541,138.292,0.838261,0.0
20.3049,0.0134149,139.075,0.872607,0.0
20.3035,0.0136808,138.476,0.830779,0.0
20.318,0.0134576,137.243,0.856284,0.0
20.3098,0.0136114,139.075,0.869207,0.0
20.3009,0.0136996,138.942,0.83248,0.0
20.3263,0.0133931,138.809,0.844042,0.0
20.3329,0.0132857,138.626,0.861045,0.0
20.3199,0.013549,138.942,0.862745,0.0
20.338,0.0132942,138.342,0.840641,0.0
20.3238,0.013425,138.109,0.867506,0.0
20.2688,0.0137784,138.209,0.838261,0.0
20.2866,0.0135308,137.876,0.845742,0.0
20.3126,0.0131864,138.292,0.855944,0.0
20.3063,0.0136708,138.392,0.855944,0.0
20.3209,0.0134467,137.943,0.857644,0.0
20.3126,0.0136811,137.993,0.858665,0.0
20.2969,0.0138183,138.875,0.83554,0.0
20.3195,0.0135671,139.192,0.851183,0.0
20.3253,0.0135095,139.342,0.857304,0.0
20.3043,0.0135464,138.009,0.846082,0.0
20.2909,0.0135473,138.142,0.845742,0.0
20.3132,0.0138121,137.926,0.857304,0.0
20.345,0.0140027,136.127,0.854584,0.0
20.3346,0.014245,138.875,0.854244,0.0
20.3052,0.0136307,137.843,0.851863,0.0
20.3026,0.0135875,137.576,0.8318,0.0
20.2966,0.0138863,136.726,0.849143,0.0
20.2871,0.0136053,136.893,0.866826,0.0
20.3071,0.0132776,138.842,0.847443,0.0
20.3058,0.0131405,138.526,0.83248,0.0
20.2863,0.0134325,137.526,0.859345,0.0
20.2904,0.0136474,138.292,0.830099,0.0
20.3097,0.0135558,139.325,0.850163,0.0
20.3083,0.0137557,137.459,0.827039,0.0
20.2895,0.0135548,138.742,0.839281,0.0
20.3163,0.0136015,140.142,0.853564,0.0
20.3296,0.0132384,140.025,0.842682,0.0
20.3136,0.0135947,137.926,0.852203,0.0
20.3066,0.0133433,137.143,0.838941,0.0
20.2909,0.0135085,139.375,0.827379,0.0
20.2885,0.0133975,139.459,0.842682,0.0
20.3089,0.0136632,138.776,0.870227,0.0
20.3138,0.0135122,136.227,0.839281,0.0
20.3091,0.0133468,138.842,0.844722,0.0
20.3265,0.0136665,138.059,0.843362,0.0
20.3112,0.0137035,138.709,0.840641,0.0
20.2982,0.0138024,139.592,0.857985,0.0
20.3153,0.0132747,138.875,0.853564,0.0
20.3107,0.0135979,139.525,0.848463,0.0
20.3012,0.0135595,138.925,0.853564,0.0
20.3073,0.0136339,139.425,0.822278,0.0
20.3166,0.0137139,137.176,0.83282,0.0
20.3094,0.0132839,139.159,0.878729,0.0
20.308,0.0137019,139.425,0.870567,0.0
20.3132,0.0140106,138.492,0.854584,0.0
20.3106,0.0137445,137.559,0.846422,0.0
20.3136,0.0136638,136.993,0.853224,0.0
20.3148,0.0133703,137.876,0.855604,0.0
20.3185,0.0136681,139.409,0.850843,0.0
20.3073,0.0,137.726,0.0,0.0
20.2728,0.0,139.059,0.0,0.0
20.2712,0.0,138.542,0.0,0.0
20.2967,0.0,138.259,0.0,0.0
20.2951,0.0,138.759,0.0,0.0
20.3048,0.0,137.043,0.0,0.0
20.328,0.0,137.426,0.0,0.0
20.3153,0.0,138.309,0.0,0.0
20.303,0.0,138.492,0.0,0.0
20.3093,0.0,137.593,0.0,0.0
20.2977,0.0,137.726,0.0,0.0
20.2979,0.0,139.159,0.0,0.0
20.319,0.0,138.742,0.0,0.0
20.3166,0.0,137.393,0.0,0.0
20.3073,0.0,137.559,0.0,0.0
20.3117,0.0,138.342,0.0,0.0
20.3059,0.0,139.492,0.0,0.0
20.293,0.0,138.226,0.0,0.0
20.2955,0.0,137.543,0.0,0.0
20.314,0.0,138.825,0.0,0.0
20.3108,0.0,137.359,0.0,0.0
20.2882,0.0,138.459,0.0,0.0
20.2926,0.0,138.942,0.0,0.0
20.3088,0.0,138.309,0.0,0.0
20.3004,0.0,138.209,0.0,0.0
20.2962,0.0,138.559,0.0,0.0
20.3119,0.0,138.009,0.0,0.0
20.3146,0.0,137.909,0.0,0.0
20.3045,0.0,137.526,0.0,0.0
20.3265,0.0,138.726,0.0,0.0
20.3339,0.0,138.426,0.0,0.0
20.3176,0.0,137.659,0.0,0.0
20.3187,0.0,137.893,0.0,0.0
20.3141,0.0,138.159,0.0,0.0
20.3026,0.0,139.608,0.0,0.0
20.3077,0.0,139.325,0.0,0.0
20.3148,0.0,137.293,0.0,0.0
20.3204,0.0,137.709,0.0,0.0
20.3221,0.0,139.159,0.0,0.0
20.3164,0.0,138.642,0.0,0.0
20.3245,0.0,137.076,0.0,0.0
20.3257,0.0,138.042,0.0,0.0
20.3069,0.0,137.776,0.0,0.0
20.3092,0.0,138.026,0.0,0.0
20.3251,0.0,139.042,0.0,0.0
20.3254,0.0,138.526,0.0,0.0
20.306,0.0,137.743,0.0,0.0
20.296,0.0,138.176,0.0,0.0
20.3041,0.0,138.892,0.0,0.0
20.3119,0.0,138.326,0.0,0.0
20.3211,0.0,138.742,0.0,0.0
20.327,0.0,138.609,0.0,0.0
20.3109,0.0,138.209,0.0,0.0
20.295,0.0,137.443,0.0,0.0
20.2946,0.0,137.143,0.0,0.0
20.2888,0.0,138.342,0.0,0.0
20.2903,0.0,139.125,0.0,0.0
20.3055,0.0,139.259,0.0,0.0
20.3146,0.0,138.342,0.0,0.0
20.3014,0.0,139.542,0.0,0.0
20.2977,0.0,138.742,0.0,0.0
20.3087,0.0,140.025,0.0,0.0
20.2924,0.0,139.592,0.0,0.0
20.288,0.0,137.676,0.0,0.0
20.3152,0.0,137.909,0.0,0.0
20.3201,0.0,137.759,0.0,0.0
20.3125,0.0,138.476,0.0,0.0
20.3179,0.0,137.709,0.0,0.0
20.3148,0.0,137.509,0.0,0.0
20.3137,0.0,137.526,0.0,0.0
20.3199,0.0,138.859,0.0,0.0
20.3208,0.0,138.376,0.0,0.0
20.3048,0.0,137.643,0.0,0.0
20.2816,0.0,138.642,0.0,0.0
20.2986,0.0,138.142,0.0,0.0
20.3094,0.0,138.875,0.0,0.0
20.3031,0.0,137.443,0.0,0.0
20.311,0.0,138.576,0.0,0.0
20.3188,0.0,138.142,0.0,0.0
20.3228,0.0,138.242,0.0,0.0
20.3154,0.0,136.843,0.0,0.0
20.305,0.0,138.376,0.0,0.0
20.2994,0.0,139.475,0.0,0.0
20.3038,0.0,140.758,0.0,0.0
20.2979,0.0,139.025,0.0,0.0
20.2779,0.0,139.442,0.0,0.0
20.2803,0.0,139.075,0.0,0.0
20.2986,0.0,138.709,0.0,0.0
20.3028,0.0,138.975,0.0,0.0
20.2892,0.0,137.943,0.0,0.0
20.2772,0.0,138.776,0.0,0.0
20.2923,0.0,138.292,0.0,0.0
20.3113,0.0,139.092,0.0,0.0
20.2944,0.0,138.742,0.0,0.0
20.2927,0.0,138.109,0.0,0.0
20.3232,0.0,137.709,0.0,0.0
20.3181,0.0,138.009,0.0,0.0
20.3127,0.0,137.609,0.0,0.0
20.3226,0.0,137.893,0.0,0.0
20.3341,0.0,139.892,0.0,0.0
20.3211,0.0,138.842,0.0,0.0
20.3063,0.0,137.759,0.0,0.0
20.3091,0.0,136.793,0.0,0.0
20.3191,0.0,138.509,0.0,0.0
20.3228,0.0,138.975,0.0,0.0
20.3096,0.0,139.192,0.0,0.0
20.3151,0.0,139.459,0.0,0.0
20.3101,0.0,137.776,0.0,0.0
20.2956,0.0,139.092,0.0,0.0
20.3112,0.0,138.426,0.0,0.0
20.3253,0.0,138.842,0.0,0.0
20.3197,0.0,137.909,0.0,0.0
20.3182,0.0,137.893,0.0,0.0
20.325,0.0,138.542,0.0,0.0
20.3142,0.0,137.876,0.0,0.0
20.2978,0.0,139.459,0.0,0.0
20.3087,0.0,138.276,0.0,0.0
20.3013,0.0,139.875,0.0,0.0
20.2845,0.0,138.192,0.0,0.0
20.2903,0.0,136.86,0.0,0.0
20.3003,0.0,138.476,0.0,0.0
20.2961,0.0,137.443,0.0,0.0
20.3026,0.0,138.709,0.0,0.0
20.3121,0.0,139.642,0.0,0.0
20.2976,0.0,138.376,0.0,0.0
20.2878,0.0,139.725,0.0,0.0
20.2858,0.0,138.076,0.0,0.0
20.2913,0.0,140.292,0.0,0.0
20.3166,0.0,137.843,0.0,0.0
20.3136,0.0,138.009,0.0,0.0
20.2986,0.0,138.209,0.0,0.0
20.3025,0.0,137.659,0.0,0.0
20.2962,0.0,139.908,0.0,0.0
20.3031,0.0,138.925,0.0,0.0
20.3274,0.0,139.875,0.0,0.0
20.3318,0.0,139.175,0.0,0.0
20.3104,0.0,138.709,0.0,0.0
20.294,0.0,139.325,0.0,0.0
20.3022,0.0,139.025,0.0,0.0
20.3281,0.0,137.809,0.0,0.0
20.3181,0.0,139.375,0.0,0.0
20.3079,0.0,138.676,0.0,0.0
20.32,0.0,136.66,0.0,0.0
20.3122,0.0,138.326,0.0,0.0
20.3006,0.0,139.192,0.0,0.0
20.3131,0.0,138.376,0.0,0.0
20.3084,0.0,138.676,0.0,0.0
20.2952,0.0,138.009,0.0,0.0
20.3194,0.0,139.442,0.0,0.0
20.32,0.0,139.542,0.0,0.0
20.3027,0.0,137.993,0.0,0.0
20.3138,0.0,138.359,0.0,0.0
20.3043,0.0,138.326,0.0,0.0
20.274,0.0,137.993,0.0,0.0
20.2804,0.0,139.692,0.0,0.0
20.2938,0.0,139.109,0.0,0.0
20.3055,0.0,140.425,0.0,0.0
20.3047,0.0,138.925,0.0,0.0
20.3068,0.0,138.776,0.0,0.0
20.3319,0.0,137.609,0.0,0.0
20.3211,0.0,137.859,0.0,0.0
20.3105,0.0,138.542,0.0,0.0
20.3026,0.0,137.976,0.0,0.0
20.2862,0.0,137.759,0.0,0.0
20.3027,0.0,139.642,0.0,0.0
20.304,0.0,139.292,0.0,0.0
20.2906,0.0,139.492,0.0,0.0
20.3056,0.0,138.492,0.0,0.0
20.3157,0.0,137.076,0.0,0.0
20.2956,0.0,138.626,0.0,0.0
20.2969,0.0,138.592,0.0,0.0
20.3066,0.0,137.726,0.0,0.0
20.2991,0.0,137.476,0.0,0.0
20.3179,0.0,138.942,0.0,0.0
20.3362,0.0,138.292,0.0,0.0
20.3046,0.0,137.509,0.0,0.0
20.2973,0.0,138.192,0.0,0.0
20.3182,0.0,139.209,0.0,0.0
20.3141,0.0,138.042,0.0,0.0
20.3109,0.0,138.609,0.0,0.0
20.2959,0.0,137.526,0.0,0.0
20.2942,0.0,139.425,0.0,0.0
20.3299,0.0,138.309,0.0,0.0
20.3249,0.0,139.109,0.0,0.0
20.2985,0.0,137.243,0.0,0.0
20.2987,0.0,136.843,0.0,0.0
20.2968,0.0,138.226,0.0,0.0
20.2806,0.0,138.709,0.0,0.0
20.289,0.0,139.159,0.0,0.0
20.2979,0.0,138.859,0.0,0.0
20.3026,0.0,138.676,0.0,0.0
20.3169,0.0,139.292,0.0,0.0
20.3162,0.0,136.776,0.0,0.0
20.3061,0.0,138.142,0.0,0.0
20.3067,0.0,138.925,0.0,0.0
20.319,0.0,138.209,0.0,0.0
20.3222,0.0,138.642,0.0,0.0
20.3244,0.0,136.51,0.0,0.0
20.3047,0.0,138.009,0.0,0.0
20.2905,0.0,139.409,0.0,0.0
20.3062,0.0,139.942,0.0,0.0
20.2985,0.0,137.959,0.0,0.0
20.2903,0.0,137.576,0.0,0.0
20.3032,0.0,139.658,0.0,0.0
20.2882,0.0,138.342,0.0,0.0
20.2817,0.0,138.242,0.0,0.0
20.3088,0.0,137.543,0.0,0.0
20.3048,0.0,138.742,0.0,0.0
20.3079,0.0,138.142,0.0,0.0
20.3332,0.0,138.825,0.0,0.0
20.3157,0.0,137.793,0.0,0.0
20.2792,0.0,138.642,0.0,0.0
20.3009,0.0,138.992,0.0,0.0
20.3313,0.0,139.675,0.0,0.0
20.3146,0.0,137.376,0.0,0.0
20.3028,0.0,139.742,0.0,0.0
20.3015,0.0,138.026,0.0,0.0
20.3064,0.0,137.126,0.0,0.0
20.3146,0.0,138.109,0.0,0.0
20.3111,0.0,138.026,0.0,0.0
20.3039,0.0,138.592,0.0,0.0
20.3073,0.0,138.859,0.0,0.0
20.2998,0.0,137.843,0.0,0.0
20.2881,0.0,138.559,0.0,0.0
20.3176,0.0,139.559,0.0,0.0
20.3511,0.0,138.209,0.0,0.0
20.328,0.0,138.326,0.0,0.0
20.3134,0.0,136.76,0.0,0.0
20.3164,0.0,139.042,0.0,0.0
20.3107,0.0,139.125,0.0,0.0
20.3209,0.0,137.893,0.0,0.0
20.3255,0.0,139.475,0.0,0.0
20.3248,0.0,138.609,0.0,0.0
20.3335,0.0,139.025,0.0,0.0
20.3212,0.0,138.509,0.0,0.0
20.302,0.0,138.825,0.0,0.0
20.3087,0.0,137.409,0.0,0.0
20.3191,0.0,138.542,0.0,0.0
20.3163,0.0,138.192,0.0,0.0
20.3156,0.0,139.975,0.0,0.0
20.3153,0.0,137.376,0.0,0.0
20.3069,0.0,139.342,0.0,0.0
20.2964,0.0,137.709,0.0,0.0
20.293,0.0,137.209,0.0,0.0
20.3026,0.0,139.125,0.0,0.0
20.3257,0.0,139.975,0.0,0.0
20.3004,0.0,139.642,0.0,0.0
20.2706,0.0,139.159,0.0,0.0
20.2911,0.0,139.575,0.0,0.0
20.2947,0.0,137.609,0.0,0.0
20.2915,0.0,138.259,0.0,0.0
20.3129,0.0,137.509,0.0,0.0
20.3291,0.0,138.342,0.0,0.0
20.3263,0.0,138.276,0.0,0.0
20.3094,0.0,138.592,0.0,0.0
20.3045,0.0,138.626,0.0,0.0
20.3108,0.0,139.958,0.0,0.0
20.3107,0.0,138.459,0.0,0.0
20.322,0.0,138.809,0.0,0.0
20.3268,0.0,137.043,0.0,0.0
20.3156,0.0,139.525,0.0,0.0
20.3055,0.0,138.592,0.0,0.0
20.2931,0.0,137.543,0.0,0.0
20.2962,0.0,136.86,0.0,0.0
20.3111,0.0,138.975,0.0,0.0
20.3109,0.0,139.259,0.0,0.0
20.3036,0.0,139.792,0.0,0.0
20.315,0.0,137.993,0.0,0.0
20.308,0.0,140.558,0.0,0.0
20.3048,0.0,136.943,0.0,0.0
20.3153,0.0,137.993,0.0,0.0
20.3157,0.0,139.392,0.0,0.0
20.3093,0.0,138.309,0.0,0.0
20.3038,0.0,138.742,0.0,0.0
20.3091,0.0,137.759,0.0,0.0
20.3007,0.0,138.176,0.0,0.0
20.2933,0.0,138.859,0.0,0.0
20.3139,0.0,137.976,0.0,0.0
20.3167,0.0,136.626,0.0,0.0
20.297,0.0,139.492,0.0,0.0
20.2951,0.0,136.626,0.0,0.0
20.2965,0.0,139.608,0.0,0.0
20.3046,0.0,136.36,0.0,0.0
20.3086,0.0,138.909,0.0,0.0
20.3218,0.0,137.243,0.0,0.0
20.3288,0.0,138.542,0.0,0.0
20.3162,0.0,139.109,0.0,0.0
20.3174,0.0,136.876,0.0,0.0
20.3286,0.0,137.476,0.0,0.0
20.3234,0.0,138.092,0.0,0.0
20.3065,0.0,139.925,0.0,0.0
20.3052,0.0,138.276,0.0,0.0
20.3049,0.0,139.425,0.0,0.0
20.2993,0.0,137.309,0.0,0.0
20.3066,0.0,137.343,0.0,0.0
20.3266,0.0,138.076,0.0,0.0
20.3305,0.0,138.825,0.0,0.0
20.3166,0.0,137.826,0.0,0.0
20.3045,0.0,138.576,0.0,0.0
20.3104,0.0,138.342,0.0,0.0
20.3061,0.0,138.026,0.0,0.0
20.3044,0.0,139.042,0.0,0.0
20.3107,0.0,138.026,0.0,0.0
20.3078,0.0,138.226,0.0,0.0
20.3033,0.0,136.843,0.0,0.0
20.3019,0.0,138.526,0.0,0.0
20.3075,0.0,138.559,0.0,0.0
20.3015,0.0,137.326,0.0,0.0
20.291,0.0,137.776,0.0,0.0
20.3068,0.0,138.576,0.0,0.0
20.3234,0.0,138.792,0.0,0.0
20.3104,0.0,137.526,0.0,0.0
20.3023,0.0,137.943,0.0,0.0
20.303,0.0,140.158,0.0,0.0
20.3182,0.0,137.909,0.0,0.0
20.3229,0.0,138.626,0.0,0.0
20.2921,0.0,139.059,0.0,0.0
20.2836,0.0,138.059,0.0,0.0
20.2977,0.0,139.209,0.0,0.0
20.3122,0.0,138.292,0.0,0.0
20.3204,0.0,139.842,0.0,0.0
20.3069,0.0,138.875,0.0,0.0
20.303,0.0,138.659,0.0,0.0
20.3124,0.0,138.592,0.0,0.0
20.3132,0.0,138.859,0.0,0.0
20.315,0.0,138.392,0.0,0.0
20.3164,0.0,136.976,0.0,0.0
20.3118,0.0,135.51,0.0,0.0
20.3075,0.0,138.209,0.0,0.0
20.3032,0.0,136.676,0.0,0.0
20.3099,0.0,139.359,0.0,0.0
20.3222,0.0,139.209,0.0,0.0
20.293,0.0,137.859,0.0,0.0
20.2921,0.0,137.793,0.0,0.0
20.3159,0.0,135.693,0.0,0.0
20.2989,0.0,139.159,0.0,0.0
20.3077,0.0,139.992,0.0,0.0
20.3171,0.0,137.943,0.0,0.0
20.3049,0.0,138.626,0.0,0.0
20.3036,0.0,139.142,0.0,0.0
20.3181,0.0,138.109,0.0,0.0
20.3117,0.0,139.325,0.0,0.0
20.3117,0.0,137.826,0.0,0.0
20.3108,0.0,138.326,0.0,0.0
20.3117,0.0,138.726,0.0,0.0
20.3226,0.0,138.092,0.0,0.0
20.3112,0.0,139.425,0.0,0.0
20.2866,0.0,139.059,0.0,0.0
20.2933,0.0,138.009,0.0,0.0
20.295,0.0,137.476,0.0,0.0
20.2951,0.0,137.126,0.0,0.0
20.3024,0.0,137.859,0.0,0.0
20.3021,0.0,139.325,0.0,0.0
20.323,0.0,137.843,0.0,0.0
20.3271,0.0,137.876,0.0,0.0
20.3002,0.0,139.808,0.0,0.0
20.2998,0.0,139.375,0.0,0.0
20.3098,0.0,138.292,0.0,0.0
20.3106,0.0,138.109,0.0,0.0
20.3039,0.0,138.009,0.0,0.0
20.3144,0.0,138.542,0.0,0.0
20.3217,0.0,137.859,0.0,0.0
20.3149,0.0,139.359,0.0,0.0
20.3243,0.0,137.509,0.0,0.0
20.3212,0.0,139.375,0.0,0.0
20.3029,0.0,139.325,0.0,0.0
20.2914,0.0,139.092,0.0,0.0
20.318,0.0,138.892,0.0,0.0
20.3369,0.0,139.742,0.0,0.0
20.3117,0.0,139.758,0.0,0.0
20.3095,0.0,138.792,0.0,0.0
20.3236,0.0,138.109,0.0,0.0
20.3074,0.0,137.576,0.0,0.0
20.3015,0.0,137.259,0.0,0.0
20.3321,0.0,138.192,0.0,0.0
20.3326,0.0,138.142,0.0,0.0
20.3089,0.0,136.443,0.0,0.0
20.2963,0.0,138.142,0.0,0.0
20.3078,0.0,139.292,0.0,0.0
20.3046,0.0,138.259,0.0,0.0
20.279,0.0,137.793,0.0,0.0
20.2946,0.0,137.16,0.0,0.0
20.3219,0.0,137.909,0.0,0.0
20.3105,0.0,137.726,0.0,0.0
20.3138,0.0,136.31,0.0,0.0
20.3422,0.0,138.192,0.0,0.0
20.3192,0.0,139.459,0.0,0.0
20.2871,0.0,140.292,0.0,0.0
20.3129,0.0,137.243,0.0,0.0
20.3086,0.0,138.209,0.0,0.0
20.2883,0.0,137.926,0.0,0.0
20.2933,0.0,139.009,0.0,0.0
20.3047,0.0,138.992,0.0,0.0
20.3183,0.0,137.709,0.0,0.0
20.3098,0.0,136.443,0.0,0.0
20.2914,0.0,138.859,0.0,0.0
20.3068,0.0,138.042,0.0,0.0
20.3158,0.0,139.442,0.0,0.0
20.3054,0.0,138.209,0.0,0.0
20.3092,0.0,137.559,0.0,0.0
20.3076,0.0,138.726,0.0,0.0
20.3035,0.0,137.609,0.0,0.0
20.3015,0.0,139.142,0.0,0.0
20.299,0.0,137.026,0.0,0.0
20.3145,0.0,138.142,0.0,0.0
20.3179,0.0,137.943,0.0,0.0
20.289,0.0,138.776,0.0,0.0
20.3033,0.0,137.526,0.0,0.0
20.3179,0.0,137.409,0.0,0.0
20.2907,0.0,136.643,0.0,0.0
20.2745,0.0,138.342,0.0,0.0
20.2912,0.0,137.893,0.0,0.0
20.3083,0.0,138.892,0.0,0.0
20.306,0.0,138.192,0.0,0.0
20.3076,0.0,139.225,0.0,0.0
20.3159,0.0,138.875,0.0,0.0
20.3094,0.0,138.209,0.0,0.0
20.2976,0.0,136.793,0.0,0.0
20.3063,0.0,138.825,0.0,0.0
20.3213,0.0,137.293,0.0,0.0
20.3061,0.0,137.243,0.0,0.0
20.2968,0.0,137.443,0.0,0.0
20.3109,0.0,138.759,0.0,0.0
20.3254,0.0,138.126,0.0,0.0
20.3115,0.0,138.326,0.0,0.0
20.3031,0.0,138.726,0.0,0.0
20.3205,0.0,137.759,0.0,0.0
20.325,0.0,138.559,0.0,0.0
20.3272,0.0,138.892,0.0,0.0
20.3133,0.0,138.526,0.0,0.0
20.3,0.0,139.309,0.0,0.0
20.3206,0.0,138.076,0.0,0.0
20.326,0.0,139.725,0.0,0.0
20.3116,0.0,139.658,0.0,0.0
20.3061,0.0,139.092,0.0,0.0
20.2991,0.0,140.292,0.0,0.0
20.3064,0.0,137.709,0.0,0.0
20.3171,0.0,139.359,0.0,0.0
20.298,0.0,137.06,0.0,0.0
20.2926,0.0,138.326,0.0,0.0
20.3225,0.0,138.975,0.0,0.0
20.3372,0.0,138.276,0.0,0.0
20.3352,0.0,137.843,0.0,0.0
20.3167,0.0,139.159,0.0,0.0
20.3085,0.0,138.109,0.0,0.0
20.2985,0.0,138.359,0.0,0.0
20.2883,0.0,138.559,0.0,0.0
20.304,0.0,138.592,0.0,0.0
20.32,0.0,139.009,0.0,0.0
20.2948,0.0,139.409,0.0,0.0
20.2776,0.0,137.826,0.0,0.0
20.3025,0.0,138.959,0.0,0.0
20.3302,0.0,138.109,0.0,0.0
20.3139,0.0,137.859,0.0,0.0
20.2949,0.0,136.71,0.0,0.0
20.3157,0.0,138.126,0.0,0.0
20.3333,0.0,139.825,0.0,0.0
20.3181,0.0,138.026,0.0,0.0
20.3077,0.0,137.726,0.0,0.0
20.3104,0.0,138.875,0.0,0.0
20.3038,0.0,137.826,0.0,0.0
20.3116,0.0,139.309,0.0,0.0
20.3212,0.0,138.476,0.0,0.0
20.3091,0.0,137.759,0.0,0.0
20.3057,0.0,138.309,0.0,0.0
20.2911,0.0,139.275,0.0,0.0
20.2705,0.0,139.542,0.0,0.0
20.2915,0.0,137.976,0.0,0.0
20.3069,0.0,138.626,0.0,0.0
20.2952,0.0,138.376,0.0,0.0
20.305,0.0,139.075,0.0,0.0
20.3128,0.0,137.726,0.0,0.0
20.3054,0.0,137.876,0.0,0.0
20.2962,0.0,138.726,0.0,0.0
20.2938,0.0,138.076,0.0,0.0
20.2861,0.0,139.042,0.0,0.0
20.2831,0.0,138.559,0.0,0.0
20.2887,0.0,137.659,0.0,0.0
20.2933,0.0,138.859,0.0,0.0
20.3004,0.0,139.059,0.0,0.0
20.3079,0.0,138.542,0.0,0.0
20.3065,0.0,138.609,0.0,0.0
20.3017,0.0,138.859,0.0,0.0
20.3064,0.0,137.526,0.0,0.0
20.3054,0.0,137.876,0.0,0.0
20.3057,0.0,137.593,0.0,0.0
20.3146,0.0,137.11,0.0,0.0
20.3168,0.0,138.476,0.0,0.0
20.3144,0.0,138.709,0.0,0.0
20.3182,0.0,138.592,0.0,0.0
20.3396,0.0,138.076,0.0,0.0
20.3336,0.0,139.025,0.0,0.0
20.3044,0.0,138.692,0.0,0.0
20.2951,0.0,137.409,0.0,0.0
20.3024,0.0,137.476,0.0,0.0
20.3002,0.0,138.975,0.0,0.0
20.3006,0.0,138.592,0.0,0.0
20.3229,0.0,139.375,0.0,0.0
20.3264,0.0,138.509,0.0,0.0
20.2913,0.0,138.542,0.0,0.0
20.2921,0.0,139.359,0.0,0.0
20.3201,0.0,138.426,0.0,0.0
20.3179,0.0,137.16,0.0,0.0
20.2857,0.0,138.959,0.0,0.0
20.3025,0.0,138.692,0.0,0.0
20.3244,0.0,139.209,0.0,0.0
20.3152,0.0,138.259,0.0,0.0
20.3109,0.0,138.259,0.0,0.0
20.3093,0.0,138.309,0.0,0.0
20.2927,0.0,138.142,0.0,0.0
20.3179,0.0,138.192,0.0,0.0
20.3411,0.0,137.643,0.0,0.0
20.3049,0.0,137.709,0.0,0.0
20.2923,0.0,136.293,0.0,0.0
20.3144,0.0,137.693,0.0,0.0
20.3309,0.0,137.709,0.0,0.0
20.3195,0.0,139.608,0.0,0.0
20.3079,0.0,138.109,0.0,0.0
20.2986,0.0,139.309,0.0,0.0
20.2759,0.0,138.259,0.0,0.0
20.2929,0.0,139.059,0.0,0.0
20.3262,0.0,139.725,0.0,0.0
20.3137,0.0,137.993,0.0,0.0
20.2901,0.0,139.159,0.0,0.0
20.2968,0.0,137.293,0.0,0.0
20.3007,0.0,137.259,0.0,0.0
20.2963,0.0,138.092,0.0,0.0
20.2982,0.0,138.259,0.0,0.0
20.2932,0.0,138.326,0.0,0.0
20.3157,0.0,138.142,0.0,0.0
20.3473,0.0,139.559,0.0,0.0
20.3338,0.0,138.159,0.0,0.0
20.3265,0.0,138.242,0.0,0.0
20.3388,0.0,137.859,0.0,0.0
20.3017,0.0,139.242,0.0,0.0
20.2832,0.0,137.943,0.0,0.0
20.3082,0.0,138.059,0.0,0.0
20.3081,0.0,139.559,0.0,0.0
20.3082,0.0,138.526,0.0,0.0
20.3165,0.0,138.842,0.0,0.0
20.305,0.0,139.925,0.0,0.0
20.3055,0.0,137.693,0.0,0.0
20.3061,0.0,137.426,0.0,0.0
20.2948,0.0,141.141,0.0,0.0
20.3099,0.0,137.293,0.0,0.0
20.3219,0.0,139.209,0.0,0.0
20.3138,0.0,139.325,0.0,0.0
20.2961,0.0,138.776,0.0,0.0
20.2772,0.0,139.059,0.0,0.0
20.2961,0.0,138.726,0.0,0.0
20.3223,0.0,138.392,0.0,0.0
20.3249,0.0,139.325,0.0,0.0
20.3344,0.0,138.776,0.0,0.0
20.3056,0.0,138.042,0.0,0.0
20.2917,0.0,138.026,0.0,0.0
20.3296,0.0,137.909,0.0,0.0
20.3369,0.0,140.225,0.0,0.0
20.2936,0.0,137.843,0.0,0.0
20.2794,0.0,137.243,0.0,0.0
20.316,0.0,138.975,0.0,0.0
20.3241,0.0,138.892,0.0,0.0
20.3002,0.0,139.392,0.0,0.0
20.311,0.0,138.192,0.0,0.0
20.3223,0.0,137.476,0.0,0.0
20.2915,0.0,138.292,0.0,0.0
20.2853,0.0,138.576,0.0,0.0
20.3229,0.0,138.426,0.0,0.0
20.3136,0.0,137.476,0.0,0.0
20.2827,0.0,138.542,0.0,0.0
20.3145,0.0,140.242,0.0,0.0
20.3116,0.0,139.142,0.0,0.0
20.2872,0.0,138.809,0.0,0.0
20.3075,0.0,138.592,0.0,0.0
20.3157,0.0,137.926,0.0,0.0
20.3212,0.0,138.576,0.0,0.0
20.331,0.0,138.776,0.0,0.0
20.3304,0.0,137.093,0.0,0.0
20.3144,0.0,138.526,0.0,0.0
20.2985,0.0,137.426,0.0,0.0
20.3152,0.0,136.41,0.0,0.0
20.3327,0.0,138.426,0.0,0.0
20.3192,0.0,138.342,0.0,0.0
20.309,0.0,139.342,0.0,0.0
20.3044,0.0,138.642,0.0,0.0
20.3114,0.0,139.375,0.0,0.0
20.3351,0.0,137.693,0.0,0.0
20.3085,0.0,137.609,0.0,0.0
20.285,0.0,138.992,0.0,0.0
20.2955,0.0,138.526,0.0,0.0
20.308,0.0,139.425,0.0,0.0
20.3192,0.0,139.075,0.0,0.0
20.3017,0.0,138.209,0.0,0.0
20.3045,0.0,140.575,0.0,0.0
20.3339,0.0,137.276,0.0,0.0
20.3086,0.0,138.226,0.0,0.0
20.278,0.0,136.243,0.0,0.0
20.2945,0.0,138.942,0.0,0.0
20.3152,0.0,139.908,0.0,0.0
20.3118,0.0,138.576,0.0,0.0
20.3074,0.0,138.159,0.0,0.0
20.3206,0.0,139.475,0.0,0.0
20.3226,0.0,138.559,0.0,0.0
20.3133,0.0,139.125,0.0,0.0
20.3062,0.0,138.059,0.0,0.0
20.3033,0.0,138.509,0.0,0.0
20.3074,0.0,139.125,0.0,0.0
20.3073,0.0,138.059,0.0,0.0
20.2818,0.0,139.042,0.0,0.0
20.2958,0.0,136.36,0.0,0.0
20.3343,0.0,139.292,0.0,0.0
20.3265,0.0,139.625,0.0,0.0
20.3013,0.0,137.609,0.0,0.0
20.3075,0.0,139.325,0.0,0.0
20.3235,0.0,137.643,0.0,0.0
20.2959,0.0,138.692,0.0,0.0
20.2785,0.0,137.176,0.0,0.0
20.3088,0.0,137.959,0.0,0.0
20.3234,0.0,137.859,0.0,0.0
20.2929,0.0,138.875,0.0,0.0
20.2901,0.0,140.375,0.0,0.0
20.3142,0.0,138.792,0.0,0.0
20.3014,0.0,138.875,0.0,0.0
20.2985,0.0,138.559,0.0,0.0
20.315,0.0,137.793,0.0,0.0
20.3029,0.0,139.092,0.0,0.0
20.2897,0.0,139.525,0.0,0.0
20.2933,0.0,138.609,0.0,0.0
20.308,0.0,138.609,0.0,0.0
20.3347,0.0,138.176,0.0,0.0
20.3233,0.0,137.793,0.0,0.0
20.293,0.0,138.109,0.0,0.0
20.3026,0.0,139.259,0.0,0.0
20.3122,0.0,138.576,0.0,0.0
20.3194,0.0,139.509,0.0,0.0
20.3297,0.0,140.225,0.0,0.0
20.3295,0.0,136.476,0.0,0.0
20.3216,0.0,138.209,0.0,0.0
20.312,0.0,138.809,0.0,0.0
20.3219,0.0,139.259,0.0,0.0
20.3457,0.0,138.776,0.0,0.0
20.3221,0.0,138.042,0.0,0.0
20.2964,0.0,139.375,0.0,0.0
20.3056,0.0,137.793,0.0,0.0
20.3075,0.0,138.776,0.0,0.0
20.3118,0.0,136.993,0.0,0.0
20.3244,0.0,138.809,0.0,0.0
20.3189,0.0,138.359,0.0,0.0
20.307,0.0,138.109,0.0,0.0
20.3091,0.0,136.893,0.0,0.0
20.3258,0.0,140.275,0.0,0.0
20.3303,0.0,138.692,0.0,0.0
20.3125,0.0,136.793,0.0,0.0
20.2907,0.0,139.742,0.0,0.0
20.3037,0.0,138.192,0.0,0.0
20.3172,0.0,137.209,0.0,0.0
20.3102,0.0,138.059,0.0,0.0
20.3175,0.0,138.642,0.0,0.0
20.3242,0.0,139.342,0.0,0.0
20.309,0.0,139.442,0.0,0.0
20.2942,0.0,139.092,0.0,0.0
20.3052,0.0,138.692,0.0,0.0
20.3194,0.0,139.225,0.0,0.0
20.3064,0.0,138.176,0.0,0.0
20.3011,0.0,137.476,0.0,0.0
20.3258,0.0,139.309,0.0,0.0
20.3399,0.0,137.943,0.0,0.0
20.3096,0.0,138.342,0.0,0.0
20.2885,0.0,137.709,0.0,0.0
20.2945,0.0,137.976,0.0,0.0
20.3074,0.0,139.125,0.0,0.0
20.3298,0.0,139.075,0.0,0.0
20.3255,0.0,139.042,0.0,0.0
20.298,0.0,138.875,0.0,0.0
20.3071,0.0,138.776,0.0,0.0
20.3205,0.0,137.426,0.0,0.0
20.2902,0.0,139.009,0.0,0.0
20.275,0.0,138.276,0.0,0.0
20.2926,0.0,139.142,0.0,0.0
20.2936,0.0,138.542,0.0,0.0
20.307,0.0,139.075,0.0,0.0
20.3181,0.0,138.992,0.0,0.0
20.292,0.0,138.459,0.0,0.0
20.3001,0.0,138.676,0.0,0.0
20.3286,0.0,138.009,0.0,0.0
20.3037,0.0,138.959,0.0,0.0
20.2808,0.0,138.476,0.0,0.0
20.3156,0.0,138.692,0.0,0.0
20.3403,0.0,136.26,0.0,0.0
20.3188,0.0,140.125,0.0,0.0
20.292,0.0,139.325,0.0,0.0
20.2828,0.0,138.726,0.0,0.0
20.2925,0.0,138.759,0.0,0.0
20.3264,0.0,139.159,0.0,0.0
20.3204,0.0,138.459,0.0,0.0
20.286,0.0,138.942,0.0,0.0
20.2871,0.0,138.292,0.0,0.0
20.3087,0.0,136.96,0.0,0.0
20.305,0.0,137.409,0.0,0.0
20.301,0.0,138.359,0.0,0.0
20.3156,0.0,138.009,0.0,0.0
20.3142,0.0,139.375,0.0,0.0
20.3124,0.0,138.059,0.0,0.0
20.3099,0.0,137.859,0.0,0.0
20.2961,0.0,138.176,0.0,0.0
20.2927,0.0,138.809,0.0,0.0
20.3203,0.0,138.576,0.0,0.0
20.3331,0.0,138.842,0.0,0.0
20.3259,0.0,137.793,0.0,0.0
20.3144,0.0,137.359,0.0,0.0
20.3007,0.0,139.908,0.0,0.0
20.3018,0.0,138.109,0.0,0.0
20.3015,0.0,137.809,0.0,0.0
20.3032,0.0,139.359,0.0,0.0
20.3151,0.0,139.325,0.0,0.0
20.3171,0.0,138.642,0.0,0.0
20.3194,0.0,138.859,0.0,0.0
20.312,0.0,138.776,0.0,0.0
20.3115,0.0,136.86,0.0,0.0
20.3077,0.0,137.393,0.0,0.0
20.3111,0.0,138.242,0.0,0.0
20.3178,0.0,137.526,0.0,0.0
20.3114,0.0,138.609,0.0,0.0
20.3004,0.0,138.209,0.0,0.0
20.3017,0.0,139.392,0.0,0.0
20.323,0.0,137.293,0.0,0.0
20.3199,0.0,139.092,0.0,0.0
20.2985,0.0,137.493,0.0,0.0
20.3038,0.0,139.059,0.0,0.0
20.3016,0.0,138.092,0.0,0.0
20.307,0.0,137.326,0.0,0.0
20.3171,0.0,136.943,0.0,0.0
20.2969,0.0,137.826,0.0,0.0
20.3019,0.0,137.759,0.0,0.0
20.3001,0.0,139.608,0.0,0.0
20.2966,0.0,138.476,0.0,0.0
20.3124,0.0,138.076,0.0,0.0
20.2976,0.0,138.459,0.0,0.0
20.2812,0.0,138.042,0.0,0.0
20.2961,0.0,137.659,0.0,0.0
20.2996,0.0,138.842,0.0,0.0
20.3327,0.0,138.676,0.0,0.0
20.3345,0.0,137.259,0.0,0.0
20.2948,0.0,139.575,0.0,0.0
20.3161,0.0,137.559,0.0,0.0
20.3179,0.0,137.626,0.0,0.0
20.2847,0.0,137.593,0.0,0.0
20.2991,0.0,139.958,0.0,0.0
20.3187,0.0,138.076,0.0,0.0
20.3205,0.0,139.858,0.0,0.0
20.316,0.0,136.943,0.0,0.0
20.2907,0.0,140.108,0.0,0.0
20.308,0.0,138.842,0.0,0.0
20.3129,0.0,137.476,0.0,0.0
20.2996,0.0,138.759,0.0,0.0
20.3153,0.0,137.676,0.0,0.0
20.3045,0.0,137.726,0.0,0.0
20.2984,0.0,138.342,0.0,0.0
20.3138,0.0,139.009,0.0,0.0
20.3088,0.0,137.543,0.0,0.0
20.3073,0.0,138.992,0.0,0.0
20.294,0.0,138.776,0.0,0.0
20.2822,0.0,138.776,0.0,0.0
20.2918,0.0,137.576,0.0,0.0
20.288,0.0,139.009,0.0,0.0
20.3005,0.0,140.242,0.0,0.0
20.3339,0.0,140.275,0.0,0.0
20.3129,0.0,138.276,0.0,0.0
20.294,0.0,137.743,0.0,0.0
20.3062,0.0,139.342,0.0,0.0
20.3245,0.0,138.726,0.0,0.0
20.3219,0.0,139.509,0.0,0.0
20.3045,0.0,139.925,0.0,0.0
20.3103,0.0,137.793,0.0,0.0
20.3033,0.0,139.608,0.0,0.0
20.3041,0.0,138.009,0.0,0.0
20.3195,0.0,139.875,0.0,0.0
20.3152,0.0,139.608,0.0,0.0
20.3098,0.0,139.159,0.0,0.0
20.3092,0.0,137.526,0.0,0.0
20.3056,0.0,137.793,0.0,0.0
20.3026,0.0,137.443,0.0,0.0
20.3117,0.0,137.693,0.0,0.0
20.3174,0.0,137.509,0.0,0.0
20.3029,0.0,138.476,0.0,0.0
20.2877,0.0,138.126,0.0,0.0
20.3013,0.0,141.175,0.0,0.0
20.3221,0.0,138.109,0.0,0.0
20.3249,0.0,140.458,0.0,0.0
20.3282,0.0,137.209,0.0,0.0
20.3172,0.0,137.209,0.0,0.0
20.2953,0.0,138.542,0.0,0.0
20.2925,0.0,138.076,0.0,0.0
20.2978,0.0,138.559,0.0,0.0
20.3066,0.0,137.709,0.0,0.0
20.3165,0.0,139.025,0.0,0.0
20.3192,0.0,136.543,0.0,0.0
20.3238,0.0,137.309,0.0,0.0
20.3272,0.0,138.009,0.0,0.0
20.311,0.0,139.192,0.0,0.0
20.3032,0.0,140.058,0.0,0.0
20.2993,0.0,137.609,0.0,0.0
20.3021,0.0,138.092,0.0,0.0
20.3138,0.0,140.108,0.0,0.0
20.306,0.0,138.159,0.0,0.0
20.3201,0.0,138.676,0.0,0.0
20.344,0.0,138.492,0.0,0.0
20.3193,0.0,137.859,0.0,0.0
20.3015,0.0,136.177,0.0,0.0
20.3201,0.0,137.259,0.0,0.0
20.3182,0.0,138.376,0.0,0.0
20.3233,0.0,138.526,0.0,0.0
20.3205,0.0,139.092,0.0,0.0
20.309,0.0,138.726,0.0,0.0
20.3029,0.0,138.109,0.0,0.0
20.3141,0.0,138.142,0.0,0.0
20.3236,0.0,138.559,0.0,0.0
20.3023,0.0,137.276,0.0,0.0
20.3062,0.0,138.042,0.0,0.0
20.3235,0.0,137.876,0.0,0.0
20.3095,0.0,138.626,0.0,0.0
20.3134,0.0,138.542,0.0,0.0
20.3092,0.0,139.808,0.0,0.0
20.2993,0.0,137.976,0.0,0.0
20.2954,0.0,138.492,0.0,0.0
20.3084,0.0,138.925,0.0,0.0
20.3244,0.0,139.808,0.0,0.0
20.315,0.0,137.659,0.0,0.0
20.3078,0.0,138.059,0.0,0.0
20.3035,0.0,138.492,0.0,0.0
20.3121,0.0,138.842,0.0,0.0
20.3243,0.0,138.659,0.0,0.0
20.3164,0.0,136.576,0.0,0.0
20.3185,0.0,138.392,0.0,0.0
20.3365,0.0,138.176,0.0,0.0
20.3122,0.0,138.359,0.0,0.0
20.2877,0.0,138.259,0.0,0.0
20.3147,0.0,137.343,0.0,0.0
20.329,0.0,139.525,0.0,0.0
20.3255,0.0,137.876,0.0,0.0
20.3177,0.0,137.209,0.0,0.0
20.2967,0.0,138.376,0.0,0.0
20.2975,0.0,138.376,0.0,0.0
20.304,0.0,138.809,0.0,0.0
20.2992,0.0,137.559,0.0,0.0
20.3236,0.0,138.176,0.0,0.0
20.3446,0.0,137.293,0.0,0.0
20.3125,0.0,139.642,0.0,0.0
20.3118,0.0,138.309,0.0,0.0
20.3411,0.0,139.192,0.0,0.0
20.3266,0.0,138.459,0.0,0.0
20.3051,0.0,138.126,0.0,0.0
20.3108,0.0,138.376,0.0,0.0
20.3074,0.0,137.609,0.0,0.0
20.3011,0.0,138.692,0.0,0.0
20.3075,0.0,139.259,0.0,0.0
20.3021,0.0,139.192,0.0,0.0
20.3136,0.0,138.392,0.0,0.0
20.3266,0.0,137.726,0.0,0.0
20.3176,0.0,138.009,0.0,0.0
20.3203,0.0,138.509,0.0,0.0
20.307,0.0,139.642,0.0,0.0
20.2796,0.0,138.309,0.0,0.0
20.3109,0.0,139.125,0.0,0.0
20.3503,0.0,137.326,0.0,0.0
20.3345,0.0,138.609,0.0,0.0
20.3133,0.0,138.009,0.0,0.0
20.3051,0.0,140.008,0.0,0.0
20.2942,0.0,138.242,0.0,0.0
20.3041,0.0,138.875,0.0,0.0
20.3107,0.0,138.542,0.0,0.0
20.295,0.0,138.542,0.0,0.0
20.2982,0.0,138.259,0.0,0.0
20.3012,0.0,137.659,0.0,0.0
20.2877,0.0,137.576,0.0,0.0
20.2944,0.0,138.126,0.0,0.0
20.3065,0.0,137.943,0.0,0.0
20.3087,0.0,139.942,0.0,0.0
20.3075,0.0,138.076,0.0,0.0
20.2922,0.0,138.609,0.0,0.0
20.293,0.0,138.209,0.0,0.0
20.3045,0.0,138.959,0.0,0.0
20.3021,0.0,139.509,0.0,0.0
20.3091,0.0,139.209,0.0,0.0
20.3166,0.0,138.192,0.0,0.0
20.3099,0.0,138.376,0.0,0.0
20.3169,0.0,137.393,0.0,0.0
20.3166,0.0,139.075,0.0,0.0
20.3055,0.0,138.042,0.0,0.0
20.3173,0.0,138.476,0.0,0.0
20.3221,0.0,138.376,0.0,0.0
20.3195,0.0,139.792,0.0,0.0
20.3184,0.0,138.359,0.0,0.0
20.308,0.0,139.059,0.0,0.0
20.3076,0.0,137.826,0.0,0.0
20.3144,0.0,138.709,0.0,0.0
20.3187,0.0,138.542,0.0,0.0
20.3209,0.0,139.192,0.0,0.0
20.305,0.0,137.843,0.0,0.0
20.3064,0.0,138.642,0.0,0.0
20.3095,0.0,138.026,0.0,0.0
20.2983,0.0,137.643,0.0,0.0
20.3096,0.0,139.259,0.0,0.0
20.3193,0.0,138.809,0.0,0.0
20.3289,0.0,138.159,0.0,0.0
20.3282,0.0,138.392,0.0,0.0
20.3075,0.0,137.326,0.0,0.0
20.2903,0.0,138.592,0.0,0.0
20.2905,0.0,138.892,0.0,0.0
20.292,0.0,139.109,0.0,0.0
20.2941,0.0,139.342,0.0,0.0
20.3076,0.0,137.976,0.0,0.0
20.3179,0.0,138.142,0.0,0.0
20.3118,0.0,138.342,0.0,0.0
20.2943,0.0,138.809,0.0,0.0
20.3031,0.0,138.592,0.0,0.0
20.3233,0.0,139.509,0.0,0.0
20.3176,0.0,138.959,0.0,0.0
20.3093,0.0,136.643,0.0,0.0
20.3065,0.0,137.493,0.0,0.0
20.2986,0.0,138.226,0.0,0.0
20.2926,0.0,138.459,0.0,0.0
20.3081,0.0,140.425,0.0,0.0
20.3158,0.0,138.126,0.0,0.0
20.2864,0.0,138.309,0.0,0.0
20.2883,0.0,140.675,0.0,0.0
20.3367,0.0,138.192,0.0,0.0
20.3222,0.0,137.626,0.0,0.0
20.2746,0.0,138.509,0.0,0.0
20.3066,0.0,138.442,0.0,0.0
20.3233,0.0,138.126,0.0,0.0
20.2999,0.0,137.593,0.0,0.0
20.3099,0.0,138.676,0.0,0.0
20.3341,0.0,138.925,0.0,0.0
20.3298,0.0,138.842,0.0,0.0
