analog,analog_sterr,photon_counting,pc_sterr,overflow_info
19.5098,0.0133107,138.809,0.812076,0.0
19.4788,0.0132449,137.226,0.866146,0.0
19.506,0.01318,138.209,0.848123,0.0
19.505,0.0131988,136.127,0.840301,0.0
19.4795,0.0135303,136.576,0.849143,0.0
19.4825,0.0135717,137.076,0.83316,0.0
19.4906,0.013563,137.859,0.842342,0.0
19.4871,0.0134856,137.759,0.850163,0.0
19.483,0.0131094,136.277,0.825678,0.0
19.4933,0.01362,136.576,0.839281,0.0
19.5014,0.0133252,138.159,0.851183,0.0
19.5046,0.0136861,137.509,0.848803,0.0
19.4927,0.0136853,137.676,0.859005,0.0
19.4723,0.0138449,138.259,0.858665,0.0
19.496,0.0135109,137.793,0.831119,0.0
19.5305,0.0133999,136.843,0.840301,0.0
19.5088,0.0131587,137.259,0.83316,0.0
19.4784,0.0135363,137.243,0.83316,0.0
19.4889,0.0133986,137.259,0.83486,0.0
19.4862,0.0132189,137.643,0.873968,0.0
19.4842,0.0136483,135.91,0.848803,0.0
19.5085,0.0132081,138.376,0.864446,0.0
19.5184,0.0135385,137.393,0.854924,0.0
19.4908,0.0136178,136.293,0.828399,0.0
19.4949,0.013525,136.726,0.844042,0.0
19.5204,0.013893,137.843,0.837241,0.0
19.5082,0.0136665,137.859,0.878729,0.0
19.4798,0.0132774,135.244,0.803914,0.0
19.4621,0.0131938,136.693,0.842342,0.0
19.4775,0.0134778,135.494,0.844382,0.0
19.5055,0.0135706,139.275,0.841321,0.0
19.4977,0.0138427,137.126,0.846422,0.0
19.4915,0.0134007,136.526,0.849823,0.0
19.4806,0.0136366,136.91,0.852884,0.0
19.4678,0.0133435,139.042,0.859685,0.0
19.4802,0.0135355,136.81,0.846082,0.0
19.4809,0.0137291,137.343,0.845062,0.0
19.484,0.0133996,138.626,0.864786,0.0
19.4951,0.0132964,138.609,0.83588,0.0
19.4777,0.0135204,138.309,0.839621,0.0
19.4537,0.013266,135.56,0.824318,0.0
19.4744,0.0133412,137.343,0.842342,0.0
19.5162,0.0134936,136.943,0.850163,0.0
19.4884,0.0136618,136.476,0.843022,0.0
19.4603,0.0136534,137.626,0.844722,0.0
19.503,0.0133886,138.392,0.839961,0.0
19.4964,0.0133379,137.276,0.847443,0.0
19.4744,0.0132583,139.309,0.861725,0.0
19.5044,0.013356,137.509,0.845062,0.0
19.5004,0.0133121,137.326,0.845742,0.0
19.4744,0.0132816,136.81,0.83418,0.0
19.4874,0.0131357,136.31,0.844042,0.0
19.4921,0.0134766,138.626,0.838941,0.0
19.4848,0.0133283,136.843,0.8335,0.0
19.4986,0.013194,137.126,0.840981,0.0
19.5127,0.013361,136.81,0.837581,0.0
19.4896,0.013537,135.71,0.846422,0.0
19.4766,0.0136849,139.575,0.849143,0.0
19.4972,0.0136379,136.776,0.8352,0.0
19.4977,0.0134938,137.793,0.848123,0.0
19.49,0.0135344,137.526,0.858665,0.0
19.489,0.0134919,137.776,0.859005,0.0
19.4956,0.0134919,135.877,0.828739,0.0
19.4853,0.0136136,135.827,0.829419,0.0
19.4618,0.0134947,136.343,0.846762,0.0
19.4701,0.0134288,136.993,0.855604,0.0
19.4899,0.0135274,137.126,0.841661,0.0
19.4894,0.0135449,137.843,0.848123,0.0
19.496,0.0134696,138.009,0.845742,0.0
19.5061,0.013596,137.043,0.847102,0.0
19.5114,0.0134252,138.376,0.841661,0.0
19.5046,0.0137753,137.326,0.855604,0.0
19.4817,0.0133326,138.792,0.852203,0.0
19.4772,0.0134065,137.726,0.830099,0.0
19.4719,0.0134375,138.009,0.83486,0.0
19.4819,0.0135724,136.593,0.828739,0.0
19.4954,0.0134341,137.243,0.830779,0.0
19.484,0.0134739,139.642,0.837921,0.0
19.4872,0.0134317,138.192,0.861725,0.0
19.4899,0.0134342,136.46,0.856624,0.0
19.4799,0.0137374,138.026,0.868867,0.0
19.477,0.0133391,136.06,0.843702,0.0
19.4968,0.0134641,137.943,0.837241,0.0
19.5149,0.013573,137.443,0.854244,0.0
19.5052,0.0133204,134.994,0.847783,0.0
19.484,0.0136976,136.66,0.870567,0.0
19.4897,0.0134255,137.626,0.864106,0.0
19.5106,0.0131224,138.109,0.861045,0.0
19.5202,0.013438,137.593,0.848463,0.0
19.5097,0.0131627,138.609,0.850503,0.0
19.4913,0.0133989,137.409,0.860025,0.0
19.4913,0.0130236,137.293,0.839621,0.0
19.5037,0.0131386,136.893,0.83452,0.0
19.4983,0.0132936,137.459,0.855264,0.0
19.4978,0.013506,138.776,0.867166,0.0
19.5057,0.0132162,136.443,0.840301,0.0
19.4929,0.0132614,138.659,0.847783,0.0
19.4951,0.0135381,136.81,0.842001,0.0
19.504,0.0137742,137.359,0.851863,0.0
19.5039,0.0132381,138.359,0.862065,0.0
19.4969,0.0134361,138.009,0.844382,0.0
19.4698,0.0136157,137.076,0.83656,0.0
19.4848,0.0133684,137.593,0.863086,0.0
19.5166,0.013628,137.293,0.841321,0.0
19.4832,0.0132863,137.309,0.826699,0.0
19.4604,0.0130858,136.06,0.862405,0.0
19.4806,0.0129901,139.509,0.852543,0.0
19.4959,0.0136027,137.393,0.854244,0.0
19.4913,0.0133496,137.16,0.83384,0.0
19.4948,0.013654,136.893,0.83486,0.0
19.4914,0.013345,138.126,0.853564,0.0
19.4765,0.0134436,138.676,0.861725,0.0
19.4853,0.0134839,138.076,0.869207,0.0
19.4914,0.0135419,139.275,0.860705,0.0
19.4761,0.0134713,136.66,0.843362,0.0
19.4678,0.0136587,136.76,0.846762,0.0
19.4966,0.0140273,137.593,0.842682,0.0
19.4998,0.0136049,138.359,0.853564,0.0
19.4945,0.013421,139.092,0.841661,0.0
19.4986,0.0134436,137.993,0.860365,0.0
19.49,0.0137931,136.793,0.852203,0.0
19.4996,0.0134024,137.226,0.842342,0.0
19.4861,0.0130925,137.593,0.845062,0.0
19.4854,0.0132254,137.909,0.860365,0.0
19.5255,0.0135431,137.293,0.846082,0.0
19.5147,0.0137188,137.11,0.848803,0.0
19.4999,0.0136904,137.926,0.847783,0.0
19.5141,0.0135148,136.776,0.848123,0.0
19.4964,0.0135677,137.026,0.852543,0.0
19.4782,0.013838,136.876,0.829079,0.0
19.4859,0.0138307,138.242,0.861045,0.0
19.4886,0.01347,136.993,0.822278,0.0
19.4979,0.01371,137.509,0.865806,0.0
19.5147,0.013612,136.91,0.848463,0.0
19.5095,0.0136813,137.893,0.851523,0.0
19.495,0.013347,137.093,0.855264,0.0
19.4795,0.0136076,138.159,0.828739,0.0
19.4888,0.0133528,137.043,0.849823,0.0
19.4922,0.0133811,136.626,0.83452,0.0
19.4891,0.0132344,135.993,0.864106,0.0
19.4931,0.0134818,139.225,0.847783,0.0
19.4963,0.0131107,135.627,0.853564,0.0
19.5008,0.0133988,136.593,0.840301,0.0
19.496,0.0137517,137.776,0.838601,0.0
19.4803,0.0135405,136.743,0.850503,0.0
19.488,0.0133207,136.676,0.829419,0.0
19.4881,0.0132597,137.026,0.857304,0.0
19.4701,0.0134789,136.776,0.839621,0.0
19.4808,0.0134273,136.693,0.83622,0.0
19.4892,0.0137781,136.56,0.83316,0.0
19.4745,0.0134177,137.626,0.837921,0.0
19.4885,0.0136088,136.743,0.842342,0.0
19.4946,0.0134631,137.843,0.867166,0.0
19.4968,0.0134835,135.427,0.851863,0.0
19.4996,0.0137635,137.459,0.852203,0.0
19.4918,0.0133908,136.443,0.83452,0.0
19.4885,0.0134875,137.626,0.821938,0.0
19.4808,0.0135171,138.176,0.846422,0.0
19.4871,0.0136865,137.993,0.857304,0.0
19.4891,0.0135159,137.676,0.845742,0.0
19.4969,0.0136291,135.693,0.829079,0.0
19.4971,0.0134956,136.893,0.857644,0.0
19.4988,0.0134785,136.526,0.853224,0.0
19.5201,0.0135171,136.46,0.859685,0.0
19.5104,0.0133782,137.076,0.852884,0.0
19.4889,0.0133725,138.376,0.852884,0.0
19.496,0.0134978,136.227,0.851863,0.0
19.4896,0.0133623,137.376,0.840981,0.0
19.4832,0.013591,138.459,0.847783,0.0
19.4882,0.0132424,137.743,0.838261,0.0
19.4756,0.0135933,139.708,0.856624,0.0
19.4777,0.0132902,136.926,0.859345,0.0
19.4938,0.0133359,137.293,0.842682,0.0
19.5174,0.0132597,136.91,0.852203,0.0
19.5218,0.0135097,136.726,0.853224,0.0
19.4871,0.013438,137.343,0.852203,0.0
19.4768,0.0132924,136.36,0.865126,0.0
19.5032,0.0137735,137.476,0.846422,0.0
19.5055,0.0134513,136.043,0.83486,0.0
19.4732,0.01365,138.276,0.847443,0.0
19.4776,0.0137723,136.993,0.8369,0.0
19.5025,0.0132029,137.026,0.854924,0.0
19.5088,0.0134498,137.376,0.840641,0.0
19.5076,0.0135427,137.193,0.842682,0.0
19.4949,0.0135482,137.793,0.856964,0.0
19.4805,0.0134314,137.909,0.850843,0.0
19.4833,0.0135383,137.16,0.83316,0.0
19.4912,0.0139427,137.976,0.851523,0.0
19.4908,0.0135449,137.06,0.857304,0.0
19.4965,0.0138169,135.877,0.823638,0.0
19.5195,0.0135733,137.559,0.866146,0.0
19.5162,0.0135418,138.376,0.83588,0.0
19.4843,0.0135236,137.709,0.851863,0.0
19.4801,0.01352,137.576,0.855944,0.0
19.4903,0.013496,137.209,0.83282,0.0
19.4897,0.0135796,137.409,0.852884,0.0
19.4757,0.0136994,137.376,0.847443,0.0
19.4954,0.0132397,136.127,0.838601,0.0
19.5043,0.0134559,137.893,0.862065,0.0
19.489,0.0135602,137.16,0.847783,0.0
19.507,0.0137129,138.276,0.826358,0.0
19.5089,0.0132266,137.659,0.840641,0.0
19.4886,0.0134493,137.593,0.846762,0.0
19.4964,0.0135322,137.776,0.849143,0.0
19.4977,0.0135877,136.06,0.819557,0.0
19.4894,0.0135091,136.327,0.83656,0.0
19.4904,0.0135002,137.793,0.855264,0.0
19.4858,0.0136982,137.043,0.854924,0.0
19.4862,0.0134079,137.343,0.852203,0.0
19.4923,0.013476,136.81,0.855264,0.0
19.4726,0.0138678,136.21,0.829079,0.0
19.4743,0.0134381,138.676,0.847102,0.0
19.5122,0.0134709,138.992,0.837581,0.0
19.5051,0.0136205,138.109,0.823978,0.0
19.4942,0.013762,136.177,0.825678,0.0
19.5047,0.0138607,136.01,0.856624,0.0
19.4959,0.013512,137.493,0.83418,0.0
19.48,0.0138273,135.96,0.831459,0.0
19.4726,0.0132754,136.86,0.845402,0.0
19.489,0.0134494,136.826,0.839281,0.0
19.4862,0.0136506,137.593,0.860365,0.0
19.482,0.0134659,135.51,0.817517,0.0
19.504,0.0135652,137.359,0.846422,0.0
19.5129,0.0135051,136.343,0.842342,0.0
19.4864,0.0134014,138.092,0.850163,0.0
19.4922,0.0134186,136.243,0.8335,0.0
19.4926,0.0134507,135.877,0.851523,0.0
19.4816,0.0135626,136.71,0.847443,0.0
19.5025,0.0134289,137.759,0.839281,0.0
19.5125,0.0133481,138.092,0.838601,0.0
19.4958,0.0132121,136.893,0.849823,0.0
19.4825,0.0130784,137.409,0.827379,0.0
19.4781,0.0133972,136.893,0.829419,0.0
19.4661,0.0137383,136.776,0.811056,0.0
19.4696,0.0132612,137.759,0.853904,0.0
19.4975,0.0132126,137.326,0.847783,0.0
19.5037,0.013475,136.76,0.828399,0.0
19.4868,0.0130989,137.876,0.859685,0.0
19.488,0.0136126,136.31,0.843022,0.0
19.4966,0.0136474,137.643,0.846422,0.0
19.4947,0.0134397,138.192,0.842342,0.0
19.482,0.0133795,138.292,0.863426,0.0
19.4808,0.0133867,136.443,0.83214,0.0
19.4972,0.0136782,137.959,0.828399,0.0
19.4959,0.0136117,137.476,0.807315,0.0
19.4818,0.0133481,135.244,0.83656,0.0
19.4944,0.0136521,136.643,0.826699,0.0
19.4903,0.0132944,136.81,0.853224,0.0
19.4797,0.0130419,137.126,0.849143,0.0
19.4992,0.0137243,137.443,0.862405,0.0
19.4962,0.0137771,137.06,0.857985,0.0
19.4666,0.0135288,137.543,0.860365,0.0
19.4817,0.0134206,137.326,0.872607,0.0
19.4922,0.0134051,138.342,0.838261,0.0
19.4838,0.0134537,138.192,0.856284,0.0
19.5022,0.013478,137.209,0.844382,0.0
19.5044,0.013048,137.193,0.838261,0.0
19.4769,0.013193,137.859,0.850843,0.0
19.4957,0.0137924,136.643,0.831459,0.0
19.5059,0.0133974,136.96,0.839961,0.0
19.4873,0.0133028,137.293,0.840641,0.0
19.5004,0.0132894,137.376,0.849823,0.0
19.5103,0.0132284,137.676,0.859005,0.0
19.4923,0.0133212,136.943,0.838261,0.0
19.4804,0.0129608,137.426,0.857304,0.0
19.4824,0.0131248,139.259,0.847783,0.0
19.4885,0.0137131,135.277,0.845402,0.0
19.4891,0.0134765,139.275,0.83452,0.0
19.4933,0.013168,137.093,0.867846,0.0
19.498,0.0134182,137.609,0.830779,0.0
19.5083,0.0132168,137.393,0.847783,0.0
19.5071,0.013215,137.259,0.841321,0.0
19.484,0.0133834,137.626,0.863426,0.0
19.4995,0.0132883,137.126,0.865466,0.0
19.5025,0.0136598,138.476,0.83384,0.0
19.4779,0.0133931,137.626,0.83248,0.0
19.4803,0.0137201,136.493,0.83588,0.0
19.4945,0.0138487,137.076,0.877368,0.0
19.4911,0.0134611,138.309,0.848803,0.0
19.4832,0.0135199,137.026,0.839621,0.0
19.4814,0.0136108,138.476,0.853224,0.0
19.4862,0.0134688,136.143,0.849483,0.0
19.5057,0.0133688,136.26,0.843022,0.0
19.506,0.0134267,137.826,0.867166,0.0
19.4903,0.013251,136.943,0.840981,0.0
19.4754,0.0133799,136.726,0.856964,0.0
19.4753,0.0134264,138.042,0.847443,0.0
19.4999,0.0135687,136.327,0.850163,0.0
19.5073,0.0134932,137.409,0.837581,0.0
19.4738,0.0134231,135.277,0.837921,0.0
19.4806,0.013331,139.459,0.874648,0.0
19.5052,0.0134705,135.977,0.837581,0.0
19.4864,0.0134773,137.743,0.865466,0.0
19.4866,0.0132484,136.793,0.847443,0.0
19.4851,0.0131181,135.927,0.857985,0.0
19.4789,0.0131646,137.143,0.841321,0.0
19.4926,0.0131445,137.793,0.877368,0.0
19.4958,0.013812,136.643,0.841661,0.0
19.4813,0.0136005,138.742,0.864446,0.0
19.4856,0.0133699,137.826,0.854244,0.0
19.4767,0.0136239,137.626,0.871247,0.0
19.4784,0.0135833,138.342,0.830439,0.0
19.4944,0.0132168,137.209,0.842682,0.0
19.4853,0.0134059,137.443,0.821257,0.0
19.4835,0.0135339,136.76,0.855944,0.0
19.4998,0.0133195,137.776,0.862065,0.0
19.503,0.0134528,138.259,0.849143,0.0
19.492,0.0134116,138.276,0.857644,0.0
19.4886,0.0132004,136.943,0.841661,0.0
19.4779,0.0135353,137.376,0.849143,0.0
19.477,0.0131886,138.542,0.853904,0.0
19.4939,0.0134247,137.859,0.83656,0.0
19.5096,0.0134805,137.743,0.844382,0.0
19.5011,0.0134339,138.576,0.846762,0.0
19.4804,0.013666,137.909,0.867506,0.0
19.4863,0.0135573,138.409,0.849823,0.0
19.5172,0.0134552,137.076,0.837581,0.0
19.5095,0.0133857,137.459,0.852203,0.0
19.468,0.0132732,136.277,0.858325,0.0
19.4731,0.0133744,138.442,0.837241,0.0
19.5033,0.013213,137.259,0.840981,0.0
19.5081,0.0133773,139.092,0.840641,0.0
19.4798,0.0133195,137.226,0.855264,0.0
19.4638,0.0133699,138.376,0.861045,0.0
19.4908,0.0133679,138.259,0.849483,0.0
19.5042,0.0134445,136.426,0.845742,0.0
19.4806,0.0135666,136.193,0.8369,0.0
19.4705,0.0135025,138.042,0.846082,0.0
19.492,0.0137937,137.793,0.855944,0.0
19.5119,0.0134046,137.876,0.83384,0.0
19.5076,0.0135106,136.926,0.83316,0.0
19.4934,0.0136027,136.476,0.83656,0.0
19.4812,0.0134615,136.21,0.851183,0.0
19.5002,0.0130362,137.609,0.849143,0.0
19.5112,0.0135449,136.71,0.857304,0.0
19.4884,0.0136014,136.526,0.850843,0.0
19.4791,0.0132638,137.876,0.839621,0.0
19.4962,0.013683,136.843,0.847443,0.0
19.498,0.0134137,136.81,0.851863,0.0
19.5049,0.0137095,137.726,0.840981,0.0
19.4957,0.0134441,137.593,0.865466,0.0
19.4716,0.0133954,136.626,0.842001,0.0
19.4921,0.0132758,136.66,0.825678,0.0
19.503,0.0133295,137.776,0.848803,0.0
19.4919,0.0134447,137.243,0.83622,0.0
19.4843,0.0136663,138.109,0.851183,0.0
19.4811,0.0135565,137.309,0.829079,0.0
19.4812,0.0134765,138.059,0.844042,0.0
19.4838,0.0131809,138.092,0.848463,0.0
19.4946,0.0136952,136.327,0.850503,0.0
19.5101,0.0137649,138.792,0.846762,0.0
19.4983,0.0132635,136.743,0.846082,0.0
19.4879,0.0135984,136.76,0.859005,0.0
19.4892,0.0138639,138.359,0.853224,0.0
19.4924,0.0136523,136.543,0.851863,0.0
19.5026,0.0135942,137.593,0.856624,0.0
19.497,0.0135309,137.576,0.843022,0.0
19.4844,0.0135386,136.11,0.862065,0.0
19.4795,0.0136875,136.81,0.858325,0.0
19.4756,0.013579,137.693,0.845742,0.0
19.4789,0.013263,138.326,0.845742,0.0
19.4915,0.0132953,137.01,0.851183,0.0
19.5069,0.0135701,137.826,0.856964,0.0
19.4939,0.0133188,136.46,0.824998,0.0
19.4789,0.013353,138.842,0.831459,0.0
19.4769,0.013568,136.743,0.870907,0.0
19.4799,0.0135792,138.492,0.848803,0.0
19.4883,0.0135489,135.144,0.858325,0.0
19.4891,0.0139959,138.509,0.840981,0.0
19.4901,0.0134921,137.476,0.853564,0.0
19.4739,0.0136444,136.976,0.846082,0.0
19.4695,0.0134297,137.209,0.857644,0.0
19.4823,0.0137356,137.093,0.854924,0.0
19.5,0.0132297,137.176,0.8352,0.0
19.5076,0.0134166,136.277,0.860365,0.0
19.5106,0.0136025,136.993,0.839961,0.0
19.5035,0.0137148,137.476,0.850163,0.0
19.5053,0.0134146,134.711,0.839281,0.0
19.4933,0.0133658,136.676,0.880769,0.0
19.4827,0.0131488,138.226,0.8352,0.0
19.4946,0.0131585,136.893,0.83214,0.0
19.4942,0.0134605,135.327,0.837921,0.0
19.474,0.0135233,137.06,0.843702,0.0
19.4779,0.0136129,136.36,0.840301,0.0
19.4905,0.0137239,137.876,0.842001,0.0
19.5005,0.013663,137.276,0.83622,0.0
19.5017,0.0134352,137.893,0.837581,0.0
19.4886,0.0133515,136.426,0.828399,0.0
19.4885,0.0133945,137.926,0.83214,0.0
19.4957,0.0134155,138.009,0.859005,0.0
19.5029,0.0134848,136.393,0.856964,0.0
19.4907,0.0133897,138.092,0.838941,0.0
19.4748,0.0132479,136.576,0.815136,0.0
19.4798,0.0132818,137.393,0.847783,0.0
19.4969,0.0131085,136.26,0.853564,0.0
19.498,0.0130829,138.859,0.853904,0.0
19.4817,0.0133039,136.826,0.843022,0.0
19.4742,0.0132073,137.576,0.854244,0.0
19.4957,0.0132379,137.409,0.842342,0.0
19.4964,0.0132542,136.776,0.847783,0.0
19.48,0.0132828,135.843,0.847783,0.0
19.4926,0.0133324,138.592,0.847443,0.0
19.5012,0.0133155,136.976,0.844382,0.0
19.4908,0.0132704,136.543,0.83622,0.0
19.5005,0.0135651,136.493,0.848803,0.0
19.5037,0.0134168,137.16,0.850843,0.0
19.4997,0.0137295,137.826,0.863086,0.0
19.496,0.0135244,135.91,0.83418,0.0
19.4835,0.0134486,135.893,0.839961,0.0
19.4881,0.0133387,138.509,0.838941,0.0
19.5111,0.0137558,137.409,0.844722,0.0
19.4874,0.0135298,138.009,0.860705,0.0
19.4662,0.0135595,137.659,0.874308,0.0
19.5063,0.0132996,138.309,0.871247,0.0
19.5219,0.0135102,136.526,0.820577,0.0
19.4989,0.0131911,138.526,0.851183,0.0
19.4742,0.0132319,137.976,0.865126,0.0
19.472,0.0133482,137.493,0.839621,0.0
19.4782,0.013812,136.327,0.83248,0.0
19.4856,0.0137016,137.276,0.877368,0.0
19.4851,0.0137828,138.059,0.848123,0.0
19.465,0.0133064,138.426,0.866486,0.0
19.4769,0.0128432,138.726,0.847443,0.0
19.4895,0.013564,137.959,0.851863,0.0
19.4706,0.0134725,137.243,0.857304,0.0
19.4783,0.0133371,137.043,0.824658,0.0
19.4946,0.0133662,138.476,0.83588,0.0
19.4897,0.0132094,138.576,0.843702,0.0
19.5008,0.0133726,137.026,0.856964,0.0
19.4983,0.0134294,137.426,0.83418,0.0
19.4906,0.0132015,136.127,0.829759,0.0
19.5089,0.0134657,137.509,0.8369,0.0
19.5057,0.0134125,138.925,0.843362,0.0
19.4919,0.0135808,136.876,0.843362,0.0
19.4987,0.0133917,138.392,0.866826,0.0
19.4977,0.0134087,137.309,0.840641,0.0
19.4883,0.0135648,138.042,0.851183,0.0
19.4884,0.0136504,137.709,0.845742,0.0
19.4929,0.0135486,137.443,0.8318,0.0
19.4917,0.0133573,136.493,0.837921,0.0
19.5082,0.0137795,137.06,0.854924,0.0
19.5093,0.0134606,136.476,0.83384,0.0
19.4829,0.0133817,137.876,0.846422,0.0
19.4879,0.0131608,136.826,0.858325,0.0
19.4904,0.0135334,136.51,0.850843,0.0
19.4824,0.0138927,137.226,0.855264,0.0
19.4925,0.0134182,137.409,0.83316,0.0
19.4815,0.0130973,136.077,0.861045,0.0
19.4601,0.0132033,135.144,0.852203,0.0
19.4692,0.0135781,138.809,0.865466,0.0
19.4879,0.0135446,137.343,0.83486,0.0
19.4872,0.0133247,136.893,0.838601,0.0
19.5001,0.0133727,137.843,0.837581,0.0
19.5173,0.0134846,136.793,0.826018,0.0
19.504,0.0132708,137.609,0.838941,0.0
19.5095,0.0135148,136.96,0.865126,0.0
19.5053,0.0133489,138.676,0.839621,0.0
19.4914,0.01358,137.526,0.842342,0.0
19.5147,0.0135755,137.259,0.845062,0.0
19.5129,0.0136888,136.027,0.827379,0.0
19.484,0.0136376,137.576,0.8335,0.0
19.487,0.0134449,137.359,0.875328,0.0
19.49,0.0135436,137.959,0.848123,0.0
19.5065,0.0136166,136.76,0.850503,0.0
19.5147,0.0136531,136.66,0.847102,0.0
19.494,0.0134059,138.509,0.860025,0.0
19.4895,0.013511,139.159,0.83656,0.0
19.5058,0.0136602,138.042,0.842682,0.0
19.5089,0.0135194,136.876,0.83248,0.0
19.5066,0.0136101,138.242,0.829079,0.0
19.4883,0.0134066,136.81,0.849823,0.0
19.4752,0.0135211,137.293,0.856964,0.0
19.4886,0.0138118,137.943,0.846422,0.0
19.4952,0.0138021,138.009,0.859685,0.0
19.4926,0.0135522,136.41,0.867506,0.0
19.4952,0.0138938,136.21,0.851183,0.0
19.4843,0.0137776,137.126,0.83282,0.0
19.4879,0.0136641,135.993,0.849823,0.0
19.5058,0.0138249,137.609,0.876688,0.0
19.5091,0.0135549,135.71,0.854924,0.0
19.4905,0.0133606,135.793,0.867846,0.0
19.4793,0.0136211,138.592,0.870227,0.0
19.4917,0.0137222,137.243,0.850843,0.0
19.4994,0.0134978,136.193,0.853904,0.0
19.4722,0.0136003,137.126,0.828399,0.0
19.4745,0.0134325,137.876,0.842342,0.0
19.4897,0.0133605,135.527,0.844722,0.0
19.4745,0.0129548,137.943,0.839281,0.0
19.4829,0.0134594,138.376,0.845062,0.0
19.4874,0.0134948,137.143,0.8318,0.0
19.4932,0.0134402,137.826,0.83554,0.0
19.4941,0.0139896,136.327,0.819217,0.0
19.4892,0.0136337,137.276,0.840981,0.0
19.4966,0.0137679,137.043,0.83554,0.0
19.4797,0.0135311,138.059,0.838261,0.0
19.4782,0.0132943,137.693,0.828399,0.0
19.4903,0.0137919,136.46,0.83554,0.0
19.47,0.0137135,137.509,0.855944,0.0
19.4723,0.0135412,136.86,0.839621,0.0
19.4979,0.0137648,136.693,0.860365,0.0
19.4956,0.013316,137.343,0.856284,0.0
19.4809,0.0135944,136.66,0.831459,0.0
19.4757,0.0135785,136.243,0.871927,0.0
19.4727,0.0134685,137.226,0.864446,0.0
19.4688,0.0134433,135.877,0.831459,0.0
19.4723,0.0134474,135.91,0.860365,0.0
19.4751,0.0134528,136.743,0.855264,0.0
19.4896,0.0135331,137.259,0.845402,0.0
19.4916,0.0136334,138.326,0.856284,0.0
19.4675,0.0138476,137.543,0.851863,0.0
19.4696,0.0133393,136.76,0.851183,0.0
19.4941,0.0130911,136.526,0.855604,0.0
19.4916,0.0134251,137.776,0.861385,0.0
19.4937,0.0136558,137.876,0.838941,0.0
19.4978,0.013509,135.96,0.847443,0.0
19.4874,0.0134906,136.393,0.865806,0.0
19.4769,0.0136564,137.443,0.846422,0.0
19.4727,0.0134965,137.126,0.83452,0.0
19.4796,0.0136685,137.909,0.870567,0.0
19.4793,0.013603,136.16,0.865126,0.0
19.4776,0.0138327,138.092,0.861725,0.0
19.483,0.0133951,138.042,0.854244,0.0
19.4834,0.0134575,136.593,0.8369,0.0
19.4935,0.0135427,137.893,0.879749,0.0
19.4812,0.0134746,136.843,0.856624,0.0
19.4933,0.0136128,136.077,0.842342,0.0
19.5108,0.0132876,136.393,0.838261,0.0
19.4757,0.0135121,136.443,0.821598,0.0
19.4726,0.0133852,136.876,0.861725,0.0
19.5036,0.0134038,137.243,0.831119,0.0
19.4852,0.0133751,138.609,0.856624,0.0
19.4808,0.0134993,136.976,0.850843,0.0
19.4909,0.0134925,138.192,0.848463,0.0
19.4933,0.013383,137.143,0.838601,0.0
19.503,0.0134203,137.626,0.852203,0.0
19.4704,0.0138578,137.243,0.873287,0.0
19.457,0.0135347,137.893,0.860025,0.0
19.5046,0.0138012,137.809,0.850843,0.0
19.51,0.0137498,136.26,0.860705,0.0
19.4787,0.0132292,137.559,0.827719,0.0
19.4845,0.0133492,135.993,0.838261,0.0
19.4972,0.0133546,138.076,0.850503,0.0
19.5001,0.013154,137.193,0.859685,0.0
19.5063,0.013462,137.609,0.874648,0.0
19.4997,0.0136323,137.11,0.819217,0.0
19.4809,0.0136317,139.042,0.850503,0.0
19.493,0.0132778,136.76,0.856964,0.0
19.4928,0.0136138,137.276,0.847443,0.0
19.4979,0.0134391,137.659,0.841321,0.0
19.5053,0.0134559,136.626,0.841321,0.0
19.4804,0.013597,136.66,0.861045,0.0
19.4839,0.013459,137.509,0.844722,0.0
19.4989,0.0133701,136.66,0.862405,0.0
19.4954,0.0134181,138.176,0.837921,0.0
19.4913,0.0134069,136.776,0.848803,0.0
19.4825,0.013637,137.559,0.844382,0.0
19.4776,0.0133748,137.793,0.839281,0.0
19.5036,0.0134442,138.309,0.852884,0.0
19.5128,0.0137345,137.743,0.830439,0.0
19.4981,0.0135227,135.144,0.861385,0.0
19.4906,0.01364,139.009,0.858665,0.0
19.4806,0.0133736,136.46,0.845402,0.0
19.475,0.0136655,137.343,0.854584,0.0
19.4955,0.0138261,135.96,0.848803,0.0
19.4889,0.0138814,136.626,0.848463,0.0
19.4876,0.0134838,136.676,0.843022,0.0
19.5062,0.0134256,139.025,0.83282,0.0
19.4935,0.0133167,136.676,0.840301,0.0
19.4873,0.0134322,136.71,0.848803,0.0
19.4937,0.0133058,136.41,0.841661,0.0
19.4881,0.0133843,137.343,0.824658,0.0
19.4892,0.0136307,137.809,0.850843,0.0
19.5012,0.0134771,137.559,0.837921,0.0
19.5097,0.0137409,137.076,0.852884,0.0
19.5072,0.0136587,138.326,0.83282,0.0
19.5015,0.0135504,138.576,0.845402,0.0
19.5027,0.0133986,136.643,0.847443,0.0
19.5166,0.0134992,136.06,0.83588,0.0
19.5142,0.0133786,137.776,0.830439,0.0
19.511,0.0129834,137.093,0.856284,0.0
19.5065,0.0138132,136.043,0.838601,0.0
19.4883,0.0134269,136.76,0.844042,0.0
19.4869,0.0133296,136.343,0.831119,0.0
19.4848,0.0134336,135.977,0.850163,0.0
19.4901,0.0133016,137.043,0.860365,0.0
19.5073,0.013331,136.826,0.846762,0.0
19.4996,0.0138104,136.476,0.837581,0.0
19.4864,0.0133751,137.809,0.843022,0.0
19.495,0.0136704,136.06,0.854244,0.0
19.4838,0.0136909,136.327,0.827719,0.0
19.4856,0.0133224,138.442,0.849483,0.0
19.5063,0.0133175,135.927,0.831459,0.0
19.4768,0.0133914,138.925,0.851863,0.0
19.4594,0.0137638,136.21,0.850163,0.0
19.4718,0.0136031,136.61,0.821598,0.0
19.4761,0.0134956,136.26,0.846422,0.0
19.4843,0.0134697,137.726,0.831459,0.0
19.4902,0.0132959,136.893,0.843702,0.0
19.4827,0.01324,137.793,0.842001,0.0
19.4773,0.0135834,137.409,0.852203,0.0
19.4738,0.0137923,137.609,0.816157,0.0
19.4649,0.0137107,136.31,0.851863,0.0
19.4701,0.0135766,136.943,0.838261,0.0
19.4718,0.0133814,138.059,0.831459,0.0
19.4862,0.0135849,136.21,0.863426,0.0
19.5041,0.0133408,138.109,0.850843,0.0
19.4966,0.013421,138.259,0.843022,0.0
19.5142,0.0136331,137.11,0.856284,0.0
19.5223,0.0134265,134.311,0.8352,0.0
19.49,0.0133837,137.793,0.855264,0.0
19.4837,0.0135219,137.776,0.854244,0.0
19.5032,0.0138371,135.31,0.843702,0.0
19.491,0.0136354,137.609,0.828739,0.0
19.478,0.0132004,137.526,0.846422,0.0
19.5054,0.0133416,137.076,0.843022,0.0
19.5028,0.0135584,136.91,0.839961,0.0
19.478,0.0136525,138.242,0.827719,0.0
19.5033,0.0134999,137.943,0.840981,0.0
19.4835,0.0137147,136.976,0.865126,0.0
19.4483,0.0132172,138.259,0.847443,0.0
19.4821,0.0133566,137.793,0.858325,0.0
19.5041,0.0135396,137.309,0.860705,0.0
19.4822,0.0132564,136.36,0.831459,0.0
19.4812,0.0134919,136.043,0.845402,0.0
19.4947,0.0131493,137.726,0.840301,0.0
19.4876,0.0136058,137.859,0.841661,0.0
19.4831,0.0138047,138.975,0.849143,0.0
19.4944,0.0132538,137.126,0.852884,0.0
19.497,0.0137014,138.692,0.847783,0.0
19.4876,0.0137023,136.426,0.862745,0.0
19.4752,0.0136815,136.96,0.866826,0.0
19.4642,0.0135364,138.192,0.837921,0.0
19.4708,0.0134674,136.36,0.853224,0.0
19.4752,0.0131423,135.943,0.863766,0.0
19.4818,0.0132323,137.243,0.8352,0.0
19.4875,0.0137143,137.509,0.847783,0.0
19.4833,0.0135899,137.393,0.8318,0.0
19.4989,0.0136176,137.16,0.842001,0.0
19.5113,0.0132623,138.959,0.853564,0.0
19.492,0.0131772,137.126,0.853564,0.0
19.4598,0.0131327,137.376,0.859005,0.0
19.4657,0.0133029,137.943,0.857985,0.0
19.4778,0.0131783,135.66,0.853904,0.0
19.4811,0.0133294,136.793,0.874308,0.0
19.4781,0.0132928,136.277,0.856624,0.0
19.4716,0.013529,138.576,0.872267,0.0
19.5041,0.0133408,136.993,0.854244,0.0
19.5139,0.0136121,138.176,0.848123,0.0
19.4973,0.0137705,137.793,0.845402,0.0
19.4958,0.0139428,137.143,0.840301,0.0
19.4807,0.0135593,138.176,0.865806,0.0
19.4797,0.0133038,136.893,0.83622,0.0
19.4908,0.0135148,136.81,0.848803,0.0
19.4735,0.0134748,138.309,0.824998,0.0
19.4592,0.0134234,137.143,0.874988,0.0
19.468,0.0138426,134.81,0.841321,0.0
19.4863,0.0132708,137.943,0.857985,0.0
19.4874,0.0135077,135.96,0.868867,0.0
19.489,0.013274,137.709,0.844042,0.0
19.5042,0.0131691,137.759,0.851863,0.0
19.5047,0.0134432,136.277,0.83486,0.0
19.4859,0.0134415,137.743,0.859345,0.0
19.4963,0.0134935,138.709,0.862065,0.0
19.5046,0.0133644,137.893,0.847102,0.0
19.4959,0.0134256,138.509,0.8369,0.0
19.4923,0.0133701,135.61,0.837581,0.0
19.504,0.0132959,137.193,0.856624,0.0
19.5081,0.0134845,137.643,0.840301,0.0
19.5022,0.0136804,137.526,0.845742,0.0
19.4747,0.0136791,136.96,0.830439,0.0
19.4645,0.0137657,136.66,0.842342,0.0
19.5203,0.0138453,138.242,0.854924,0.0
19.5216,0.0139652,137.276,0.854244,0.0
19.4887,0.0135253,138.192,0.853904,0.0
19.493,0.0136192,138.909,0.838261,0.0
19.4964,0.0136563,136.11,0.846762,0.0
19.4822,0.0135692,138.092,0.864786,0.0
19.5048,0.0135601,138.776,0.853564,0.0
19.5292,0.01388,136.41,0.840981,0.0
19.4977,0.0134946,137.076,0.825678,0.0
19.4848,0.0132383,137.709,0.865126,0.0
19.4933,0.0136032,137.576,0.850163,0.0
19.496,0.0134706,137.593,0.83588,0.0
19.5038,0.013414,137.976,0.856964,0.0
19.5078,0.0134111,137.06,0.855604,0.0
19.4949,0.0133142,137.276,0.827379,0.0
19.4841,0.0134587,136.776,0.857644,0.0
19.4979,0.0135449,137.943,0.830779,0.0
19.5068,0.0136846,136.46,0.866146,0.0
19.5026,0.0136805,138.742,0.848463,0.0
19.4818,0.0136413,136.543,0.859005,0.0
19.469,0.0134781,137.709,0.852543,0.0
19.5037,0.0133203,137.193,0.856964,0.0
19.5088,0.0136031,137.343,0.842001,0.0
19.4673,0.0132839,137.126,0.865126,0.0
19.4701,0.0136143,136.46,0.83486,0.0
19.4887,0.0132502,139.142,0.843702,0.0
19.4797,0.0135244,138.542,0.853564,0.0
19.4856,0.0139177,138.459,0.846762,0.0
19.4986,0.0133465,137.076,0.863086,0.0
19.5016,0.0135606,137.959,0.839281,0.0
19.5029,0.0131713,136.227,0.838941,0.0
19.4929,0.013381,136.91,0.831119,0.0
19.4952,0.0130863,136.96,0.83486,0.0
19.4976,0.0133389,137.076,0.855604,0.0
19.4905,0.0135265,137.426,0.868186,0.0
19.4925,0.0137958,138.309,0.847102,0.0
19.5009,0.0135686,136.776,0.823978,0.0
19.5099,0.013401,136.11,0.8318,0.0
19.4954,0.0133129,138.126,0.846422,0.0
19.4871,0.0137024,137.06,0.826018,0.0
19.4957,0.0136613,137.043,0.853564,0.0
19.4894,0.0137622,136.91,0.841661,0.0
19.489,0.0134345,137.459,0.859345,0.0
19.4791,0.0138063,137.476,0.856964,0.0
19.4671,0.01336,137.743,0.841661,0.0
19.4828,0.0135232,136.826,0.8318,0.0
19.4691,0.0134024,135.577,0.840981,0.0
19.4592,0.0137698,138.925,0.846762,0.0
19.4772,0.0136062,136.843,0.849483,0.0
19.4897,0.0138938,139.025,0.851183,0.0
19.5093,0.013635,138.559,0.847783,0.0
19.5082,0.0133925,137.393,0.866146,0.0
19.4858,0.0133197,135.877,0.853224,0.0
19.4843,0.0133343,136.61,0.845062,0.0
19.4808,0.0133674,136.493,0.846082,0.0
19.4739,0.0136618,136.177,0.824998,0.0
19.4881,0.013382,139.692,0.841321,0.0
19.508,0.0134332,136.11,0.856284,0.0
19.508,0.0133981,136.843,0.822958,0.0
19.4735,0.0134384,137.259,0.810035,0.0
19.468,0.0136841,137.126,0.838601,0.0
19.4936,0.013953,136.86,0.844042,0.0
19.4767,0.0134338,137.776,0.846082,0.0
19.475,0.0132503,137.676,0.838941,0.0
19.5045,0.0135484,136.96,0.831119,0.0
19.4954,0.0137985,137.176,0.853564,0.0
19.4787,0.0138954,136.193,0.853564,0.0
19.4891,0.0135549,138.242,0.848803,0.0
19.5031,0.0136649,136.976,0.828739,0.0
19.4901,0.013376,136.043,0.853564,0.0
19.497,0.0130352,138.042,0.848463,0.0
19.5199,0.0137871,137.309,0.838261,0.0
19.4977,0.0136231,136.31,0.865126,0.0
19.4783,0.0135085,137.559,0.861725,0.0
19.5052,0.0137673,135.527,0.851183,0.0
19.5151,0.013531,137.16,0.862745,0.0
19.4915,0.0133212,137.276,0.854584,0.0
19.4746,0.0138445,136.343,0.846082,0.0
19.4828,0.0136139,137.193,0.83248,0.0
19.4986,0.0134644,137.376,0.859345,0.0
19.5134,0.0138982,137.543,0.866826,0.0
19.5185,0.0134869,137.143,0.839961,0.0
19.5073,0.0135859,137.293,0.865126,0.0
19.5021,0.0136333,137.093,0.847783,0.0
19.5073,0.0135278,138.559,0.855944,0.0
19.5177,0.0136673,137.359,0.837921,0.0
19.528,0.0135181,138.342,0.845402,0.0
19.5048,0.0131035,136.693,0.826699,0.0
19.487,0.0133989,138.509,0.851523,0.0
19.4985,0.0132811,135.56,0.823978,0.0
19.4862,0.0132166,136.743,0.823638,0.0
19.485,0.0131684,137.426,0.855264,0.0
19.4971,0.0134908,136.127,0.828399,0.0
19.4965,0.0133295,135.71,0.829419,0.0
19.4871,0.0132617,135.743,0.864106,0.0
19.4815,0.0134796,136.56,0.864446,0.0
19.4934,0.0132367,137.543,0.869207,0.0
19.505,0.0137925,138.559,0.83656,0.0
19.4983,0.0135946,137.276,0.855264,0.0
19.4846,0.0137291,137.326,0.830779,0.0
19.4899,0.0132882,135.26,0.838601,0.0
19.4912,0.0133095,136.093,0.831119,0.0
19.4815,0.0130493,136.976,0.855604,0.0
19.4759,0.0136573,137.026,0.847102,0.0
19.4785,0.0135572,136.726,0.838941,0.0
19.4977,0.0135281,137.243,0.862745,0.0
19.5055,0.0136416,137.459,0.849823,0.0
19.5007,0.0136163,137.459,0.83452,0.0
19.5056,0.0136795,136.293,0.868186,0.0
19.493,0.0134933,138.092,0.844042,0.0
19.4878,0.0134106,138.692,0.857304,0.0
19.5007,0.0137915,137.293,0.857304,0.0
19.4925,0.0138191,137.393,0.870227,0.0
19.4885,0.0135261,137.643,0.860025,0.0
19.4808,0.0133935,136.227,0.83248,0.0
19.4727,0.0132038,135.943,0.855604,0.0
19.4859,0.0131729,138.026,0.843022,0.0
19.4953,0.0131993,136.476,0.845062,0.0
19.4812,0.0137964,136.826,0.848803,0.0
19.4929,0.0135495,137.959,0.828739,0.0
19.5142,0.0134978,137.409,0.861045,0.0
19.4862,0.013777,136.343,0.847443,0.0
19.4807,0.0134495,138.559,0.846082,0.0
19.503,0.0135723,136.776,0.847102,0.0
19.4845,0.0132468,136.46,0.850503,0.0
19.4699,0.0133339,135.71,0.839281,0.0
19.4948,0.013455,137.259,0.83248,0.0
19.5143,0.0133282,136.26,0.852543,0.0
19.4914,0.0134936,136.743,0.83622,0.0
19.4789,0.0134561,138.226,0.849483,0.0
19.5022,0.0135357,137.676,0.850163,0.0
19.5085,0.0135068,136.56,0.816837,0.0
19.4896,0.0135606,136.41,0.842342,0.0
19.48,0.0133022,138.392,0.857644,0.0
19.4962,0.0135531,138.092,0.8318,0.0
19.499,0.0132639,137.01,0.850843,0.0
19.4753,0.0133144,137.543,0.846082,0.0
19.5002,0.0134874,138.875,0.845402,0.0
19.5076,0.0130012,135.993,0.858325,0.0
19.4651,0.0136211,136.626,0.858325,0.0
19.471,0.013523,138.792,0.83248,0.0
19.4942,0.0137297,136.91,0.845402,0.0
19.4927,0.0135516,136.826,0.863426,0.0
19.4954,0.0134624,136.027,0.845402,0.0
19.4727,0.0133965,137.443,0.838601,0.0
19.4699,0.0133306,137.16,0.860365,0.0
19.4866,0.0132104,138.776,0.846082,0.0
19.5004,0.0131952,137.276,0.848123,0.0
19.4857,0.0130985,136.426,0.851863,0.0
19.4618,0.0132983,137.276,0.840981,0.0
19.4818,0.0133845,137.876,0.851523,0.0
19.5125,0.0136443,136.093,0.842342,0.0
19.5112,0.013411,137.409,0.83214,0.0
19.4792,0.0134234,139.392,0.858665,0.0
19.4929,0.0134212,137.309,0.83622,0.0
19.5248,0.0135253,136.676,0.8318,0.0
19.4934,0.0135935,137.409,0.867166,0.0
19.4924,0.0133096,137.509,0.851863,0.0
19.4894,0.0133156,136.043,0.83554,0.0
19.457,0.013704,137.543,0.841321,0.0
19.4773,0.0132775,137.859,0.876688,0.0
19.5023,0.0135333,135.993,0.855264,0.0
19.4922,0.0134932,138.076,0.839621,0.0
19.4703,0.0133908,136.56,0.842342,0.0
19.4656,0.013531,136.643,0.845742,0.0
19.4989,0.0135383,136.66,0.846762,0.0
19.5133,0.0132354,136.493,0.854924,0.0
19.4787,0.0134956,137.676,0.849143,0.0
19.4707,0.0133651,136.426,0.826699,0.0
19.4964,0.0131677,139.109,0.852884,0.0
19.5145,0.0135301,136.26,0.837241,0.0
19.5026,0.0135399,137.976,0.83622,0.0
19.5044,0.0133712,138.159,0.838941,0.0
19.503,0.0135029,135.977,0.837921,0.0
19.4723,0.0134024,137.409,0.849143,0.0
19.4682,0.0134894,136.51,0.842001,0.0
19.495,0.0136673,137.076,0.847443,0.0
19.4955,0.0134656,135.627,0.841661,0.0
19.4924,0.0131958,137.609,0.848123,0.0
19.4828,0.0136583,137.076,0.851863,0.0
19.4659,0.0131641,136.776,0.838261,0.0
19.4867,0.0132518,136.793,0.847443,0.0
19.4922,0.0130847,137.676,0.855604,0.0
19.4848,0.0132096,135.66,0.847102,0.0
19.4855,0.0137585,136.343,0.850503,0.0
19.4872,0.0133249,136.81,0.843362,0.0
19.4934,0.0137918,135.61,0.849483,0.0
19.4766,0.0135106,137.843,0.860365,0.0
19.4772,0.0134079,136.227,0.857985,0.0
19.4885,0.0136834,137.443,0.838601,0.0
19.4857,0.0136632,135.477,0.839281,0.0
19.4886,0.0134157,136.476,0.844042,0.0
19.4753,0.0137121,136.993,0.850503,0.0
19.4791,0.01349,136.826,0.853564,0.0
19.494,0.0136114,136.826,0.848803,0.0
19.4919,0.0132968,135.177,0.842001,0.0
19.4869,0.0131952,138.459,0.83452,0.0
19.4859,0.0134372,136.976,0.841321,0.0
19.4879,0.0136229,138.142,0.857985,0.0
19.5046,0.0133012,137.443,0.849483,0.0
19.5112,0.01371,136.01,0.851183,0.0
19.4995,0.0136655,137.909,0.848463,0.0
19.4929,0.013577,138.676,0.852203,0.0
19.4881,0.0134484,137.293,0.83588,0.0
19.4867,0.0134747,137.01,0.838261,0.0
19.5031,0.0137158,138.292,0.828399,0.0
19.5085,0.0130685,137.726,0.861045,0.0
19.4926,0.0135484,137.693,0.851183,0.0
19.4814,0.0139551,137.309,0.863426,0.0
19.4811,0.0134613,137.576,0.824658,0.0
19.4837,0.0131494,137.959,0.840641,0.0
19.4834,0.0135256,136.793,0.844042,0.0
19.4772,0.0136608,135.977,0.859005,0.0
19.4874,0.0136327,136.876,0.864786,0.0
19.5039,0.0136435,137.326,0.83418,0.0
19.5048,0.0136386,137.959,0.837241,0.0
19.4785,0.0136583,137.776,0.830099,0.0
19.4709,0.0136106,137.743,0.839621,0.0
19.4827,0.0134227,137.659,0.828739,0.0
19.4778,0.0136376,137.443,0.821257,0.0
19.4665,0.0133798,134.827,0.847102,0.0
19.4733,0.0130895,137.993,0.842342,0.0
19.5102,0.0130662,136.993,0.838261,0.0
19.5192,0.0136904,135.327,0.847443,0.0
19.4907,0.0132617,137.126,0.855264,0.0
19.4971,0.0131929,137.026,0.859005,0.0
19.513,0.0132696,136.093,0.83452,0.0
19.5021,0.0131249,138.176,0.851183,0.0
19.514,0.0133803,139.092,0.853904,0.0
19.5197,0.0136885,137.393,0.853564,0.0
19.4787,0.0133815,138.076,0.837921,0.0
19.4787,0.0133284,135.81,0.855604,0.0
19.4983,0.0133614,135.927,0.845402,0.0
19.4822,0.0138065,137.609,0.866826,0.0
19.4837,0.0134846,137.476,0.858665,0.0
19.512,0.0140087,136.793,0.868527,0.0
19.5025,0.013401,137.226,0.844722,0.0
19.467,0.0135371,136.76,0.842001,0.0
19.4507,0.0134749,137.609,0.846422,0.0
19.48,0.0134983,135.693,0.83486,0.0
19.5123,0.0134391,136.76,0.854584,0.0
19.505,0.0135619,136.826,0.849143,0.0
19.5033,0.0135117,136.793,0.857644,0.0
19.5082,0.0136265,136.676,0.854924,0.0
19.4813,0.0135382,136.593,0.854924,0.0
19.4653,0.0138976,136.177,0.844722,0.0
19.4725,0.013561,138.759,0.842342,0.0
19.4848,0.0135167,136.576,0.855944,0.0
19.5023,0.0135621,137.259,0.841661,0.0
19.4974,0.0131517,136.626,0.831119,0.0
19.4927,0.0133887,136.476,0.830439,0.0
19.5,0.0135176,137.259,0.857304,0.0
19.4823,0.0133607,136.177,0.837241,0.0
19.468,0.0133836,137.793,0.861725,0.0
19.4843,0.0134531,137.443,0.827379,0.0
19.5055,0.013822,135.344,0.854924,0.0
19.4992,0.0134477,137.459,0.845062,0.0
19.4954,0.0136664,138.859,0.837921,0.0
19.5114,0.0134938,138.076,0.867166,0.0
19.5247,0.01381,136.86,0.853224,0.0
19.5117,0.0137526,136.31,0.83418,0.0
19.4982,0.013369,136.976,0.830099,0.0
19.4864,0.0134414,138.109,0.865126,0.0
19.4881,0.0135693,136.443,0.859345,0.0
19.4915,0.0134809,137.359,0.838941,0.0
19.4839,0.0137246,138.009,0.837241,0.0
19.4909,0.0130827,137.543,0.83452,0.0
19.4893,0.0135023,138.592,0.849143,0.0
19.4941,0.0137264,137.559,0.859005,0.0
19.4993,0.013435,136.21,0.856624,0.0
19.4817,0.0134761,135.56,0.876688,0.0
19.4774,0.0132969,136.826,0.83418,0.0
19.4974,0.0130443,136.543,0.861385,0.0
19.4993,0.0134097,137.093,0.845402,0.0
19.486,0.0134991,138.009,0.843022,0.0
19.4865,0.013521,137.359,0.852884,0.0
19.4925,0.0136585,135.96,0.855944,0.0
19.4892,0.0135446,136.893,0.852203,0.0
19.4694,0.0131587,138.209,0.839281,0.0
19.4774,0.0135074,136.793,0.841321,0.0
19.5138,0.0136791,138.492,0.851863,0.0
19.5285,0.013606,139.192,0.848803,0.0
19.5206,0.0132591,135.877,0.840641,0.0
19.4961,0.013069,137.776,0.850843,0.0
19.4697,0.0134128,136.976,0.83554,0.0
19.4804,0.0133717,137.843,0.849483,0.0
19.5071,0.0136126,136.51,0.828399,0.0
19.5041,0.013501,137.243,0.840301,0.0
19.4933,0.0134638,136.91,0.854244,0.0
19.4822,0.0132429,137.959,0.867846,0.0
19.4881,0.0133291,137.843,0.863086,0.0
19.5024,0.0135322,135.777,0.850843,0.0
19.5061,0.0131898,138.642,0.860705,0.0
19.4886,0.0132613,137.743,0.850843,0.0
19.4885,0.013744,137.793,0.83384,0.0
19.5145,0.0133849,136.61,0.847783,0.0
19.5087,0.0134076,138.709,0.827039,0.0
19.5004,0.0133038,137.476,0.838601,0.0
19.5002,0.0132337,135.893,0.859345,0.0
19.4874,0.0133153,137.143,0.861045,0.0
19.4948,0.0132152,135.843,0.838941,0.0
19.4934,0.0133011,140.541,0.852543,0.0
19.4863,0.0134248,136.96,0.846762,0.0
19.48,0.0133256,138.059,0.850163,0.0
19.4846,0.0135218,137.543,0.860025,0.0
19.5018,0.0133342,136.327,0.850163,0.0
19.4886,0.0134222,138.026,0.839961,0.0
19.4718,0.0131669,137.893,0.83588,0.0
19.4899,0.0134129,138.559,0.855604,0.0
19.4887,0.013476,137.993,0.875668,0.0
19.4816,0.0135475,137.06,0.843022,0.0
19.4929,0.0133055,137.459,0.83214,0.0
19.4877,0.0133359,136.36,0.858325,0.0
19.4896,0.0135048,137.643,0.856964,0.0
19.4974,0.0137479,137.959,0.841321,0.0
19.4863,0.013747,137.11,0.844042,0.0
19.4705,0.0134805,138.059,0.822278,0.0
19.4688,0.0134275,137.11,0.831459,0.0
19.487,0.0136552,137.659,0.850163,0.0
19.5003,0.013901,139.908,0.847783,0.0
19.4884,0.0137799,137.893,0.862405,0.0
19.4722,0.0134423,137.909,0.848463,0.0
19.4956,0.0134378,137.576,0.863766,0.0
19.5134,0.0135181,136.56,0.831459,0.0
19.4853,0.0133743,137.359,0.870567,0.0
19.4778,0.0135279,137.426,0.846422,0.0
19.4822,0.0135047,136.41,0.837241,0.0
19.4806,0.013805,137.01,0.83656,0.0
19.4814,0.0132642,137.326,0.844722,0.0
19.4706,0.0134559,136.61,0.847783,0.0
19.4762,0.0135859,136.576,0.830099,0.0
19.492,0.0136278,136.676,0.852203,0.0
19.4903,0.0133526,138.509,0.869547,0.0
19.4985,0.0137382,138.026,0.853564,0.0
19.5068,0.0133387,137.643,0.844722,0.0
19.4948,0.0133504,137.176,0.844722,0.0
19.4903,0.0135527,136.093,0.837921,0.0
19.5024,0.0135455,137.976,0.852203,0.0
19.4921,0.0134914,136.426,0.850843,0.0
19.4825,0.0136286,137.326,0.842682,0.0
19.5058,0.0136233,137.093,0.844722,0.0
19.5148,0.0132978,137.126,0.841661,0.0
19.5138,0.013859,137.876,0.845402,0.0
19.5184,0.0133544,136.06,0.848803,0.0
19.5066,0.0137304,137.459,0.83588,0.0
19.4954,0.01348,136.043,0.829759,0.0
19.4846,0.0137704,137.776,0.870227,0.0
19.4651,0.0131617,137.743,0.840641,0.0
19.6622,0.0143366,138.626,0.847783,0.0
23.2781,0.0503241,149.304,0.876348,0.0
35.7039,0.0931356,162.349,0.914095,0.0
46.1245,0.0438518,174.361,0.890971,0.0
44.4129,0.0444292,160.733,0.872607,0.0
41.5565,0.0310169,159.8,0.873968,0.0
41.4606,0.0299853,163.165,0.856284,0.0
39.6802,0.0310275,162.066,0.851863,0.0
38.2056,0.0268112,163.149,0.871927,0.0
37.8054,0.025489,165.914,0.860025,0.0
36.9329,0.026991,165.198,0.874308,0.0
36.1537,0.0275296,164.815,0.879409,0.0
35.6685,0.0289524,165.598,0.880089,0.0
34.9797,0.0297207,164.731,0.871587,0.0
34.2701,0.0321583,164.232,0.871927,0.0
33.5672,0.0336749,162.666,0.860705,0.0
32.7348,0.0343771,161.799,0.861045,0.0
32.0074,0.0347591,164.215,0.88485,0.0
31.47,0.0348786,161.15,0.859005,0.0
30.912,0.0341728,159.567,0.876348,0.0
30.369,0.0331373,161.266,0.852543,0.0
29.9438,0.032906,159.8,0.846762,0.0
29.5382,0.0331339,159.817,0.845742,0.0
29.1154,0.0324265,160.383,0.883489,0.0
28.7453,0.0309859,159.7,0.863086,0.0
28.4133,0.0308185,159.25,0.865126,0.0
28.0623,0.0298828,160.033,0.861385,0.0
27.739,0.0292611,157.384,0.859685,0.0
27.4523,0.0293201,158.251,0.850163,0.0
27.1765,0.0289664,156.018,0.861045,0.0
26.8787,0.0286102,156.435,0.864786,0.0
26.6181,0.02747,155.552,0.860705,0.0
26.3789,0.026832,154.819,0.859345,0.0
26.1181,0.026569,154.736,0.858665,0.0
25.8699,0.0265728,153.736,0.858325,0.0
25.6294,0.0268167,153.903,0.847102,0.0
25.4032,0.0308025,153.053,0.854244,0.0
25.1935,0.0250941,152.32,0.866486,0.0
24.9936,0.0250466,152.087,0.868186,0.0
24.7742,0.024376,153.569,0.852203,0.0
24.5592,0.0232172,151.27,0.867506,0.0
24.378,0.0225798,151.087,0.843022,0.0
24.2219,0.0221468,152.32,0.851863,0.0
24.0313,0.0214908,150.187,0.850503,0.0
23.8696,0.0217,150.904,0.856624,0.0
23.7536,0.0215705,148.571,0.868527,0.0
23.5935,0.0207715,151.27,0.856964,0.0
23.4727,0.0203068,148.172,0.852203,0.0
23.3781,0.0202556,150.137,0.856964,0.0
23.2221,0.0194758,149.821,0.841661,0.0
23.09,0.0195766,149.038,0.857985,0.0
22.9993,0.0194154,148.921,0.852203,0.0
22.8746,0.0191197,148.638,0.857644,0.0
22.7532,0.0188254,148.188,0.862405,0.0
22.6567,0.0185838,144.873,0.843702,0.0
22.5524,0.0183628,148.022,0.852884,0.0
22.453,0.01798,146.922,0.849483,0.0
22.3922,0.0184409,144.806,0.863426,0.0
22.3107,0.0183434,146.089,0.856964,0.0
22.2011,0.0175619,146.189,0.864786,0.0
22.128,0.0176918,146.489,0.877028,0.0
22.0439,0.0178828,145.339,0.857985,0.0
21.9583,0.0177108,145.156,0.843022,0.0
21.8982,0.0168321,144.99,0.854584,0.0
21.8194,0.0171943,145.156,0.870227,0.0
21.7329,0.0173236,144.44,0.856284,0.0
21.6644,0.0168569,143.057,0.844382,0.0
21.5987,0.016418,145.556,0.855944,0.0
21.5521,0.0163392,143.49,0.837241,0.0
21.5221,0.0168536,144.173,0.858325,0.0
21.4394,0.0167423,144.057,0.869207,0.0
21.3692,0.0164883,144.706,0.848803,0.0
21.3522,0.0163587,142.457,0.847783,0.0
21.2891,0.0165487,142.507,0.844382,0.0
21.2204,0.0161549,143.707,0.868867,0.0
21.192,0.0158941,143.274,0.846422,0.0
21.1544,0.015848,143.84,0.831459,0.0
21.1182,0.015504,143.574,0.830099,0.0
21.0743,0.0155572,142.407,0.854584,0.0
21.0236,0.0159871,142.707,0.857985,0.0
20.9762,0.0158389,141.391,0.83316,0.0
20.9317,0.0156336,143.04,0.846762,0.0
20.9136,0.015564,141.691,0.848803,0.0
20.886,0.0155134,142.274,0.862745,0.0
20.8479,0.0154344,142.041,0.858665,0.0
20.7972,0.0156829,141.291,0.847443,0.0
20.7541,0.0157782,141.474,0.842682,0.0
20.7407,0.0154178,141.424,0.846422,0.0
20.6981,0.0154944,141.991,0.851183,0.0
20.6506,0.0155174,140.142,0.8369,0.0
20.6282,0.0150934,141.558,0.856284,0.0
20.6033,0.014891,139.908,0.838261,0.0
20.5757,0.0150482,142.174,0.849483,0.0
20.5581,0.0149147,140.858,0.839621,0.0
20.541,0.0150374,141.674,0.846082,0.0
20.522,0.015088,140.741,0.842342,0.0
20.491,0.0145766,141.041,0.860365,0.0
20.4602,0.0148331,138.825,0.848463,0.0
20.4475,0.0145113,139.875,0.823298,0.0
20.4325,0.0146031,140.558,0.858325,0.0
20.4015,0.0146833,141.458,0.848463,0.0
20.3789,0.014672,141.191,0.846762,0.0
20.3651,0.0145662,140.342,0.869547,0.0
20.3439,0.0148237,140.725,0.855604,0.0
20.3355,0.0148884,138.609,0.8352,0.0
20.3106,0.0142969,140.991,0.845062,0.0
20.2846,0.0146894,139.608,0.856964,0.0
20.276,0.0141929,140.941,0.83622,0.0
20.2672,0.0143104,138.742,0.849143,0.0
20.2481,0.0141311,138.992,0.877028,0.0
20.2222,0.0141421,139.375,0.853224,0.0
20.1947,0.0141413,139.325,0.852543,0.0
20.1996,0.0138459,138.109,0.860025,0.0
20.1975,0.0144051,139.708,0.848463,0.0
20.1586,0.0143208,139.259,0.8318,0.0
20.1521,0.0143893,139.342,0.843022,0.0
20.1412,0.0140245,138.676,0.840301,0.0
20.0957,0.0142329,138.676,0.828739,0.0
20.0963,0.0140282,141.791,0.863766,0.0
20.124,0.0140549,139.009,0.850843,0.0
20.1004,0.0139601,139.875,0.846762,0.0
20.0646,0.0138892,139.725,0.847783,0.0
20.068,0.0140404,140.275,0.839281,0.0
20.0663,0.014162,138.176,0.846422,0.0
20.0451,0.0139975,139.159,0.819557,0.0
20.0466,0.0136935,139.092,0.852203,0.0
20.0485,0.0137485,138.759,0.843362,0.0
20.0218,0.0138748,140.308,0.854584,0.0
20.0049,0.0135586,137.759,0.8369,0.0
20.0034,0.0139604,137.876,0.850503,0.0
20.0063,0.0138308,138.776,0.847102,0.0
19.9861,0.0137781,137.543,0.830439,0.0
19.9589,0.0141067,138.259,0.819557,0.0
19.9685,0.0141473,138.809,0.850843,0.0
19.9782,0.0139373,139.192,0.855604,0.0
19.947,0.013745,137.709,0.844382,0.0
19.9282,0.0136929,139.025,0.859005,0.0
19.9295,0.0137665,138.426,0.845062,0.0
19.9072,0.013759,139.092,0.847443,0.0
19.9085,0.013486,139.242,0.856284,0.0
19.9087,0.0136729,138.009,0.83316,0.0
19.8741,0.0135539,138.476,0.830099,0.0
19.8796,0.0134851,138.776,0.866826,0.0
19.8833,0.0138491,139.259,0.862065,0.0
19.8706,0.0132594,137.326,0.861045,0.0
19.8826,0.013996,137.693,0.840641,0.0
19.88,0.013816,137.426,0.854584,0.0
19.8681,0.0133795,138.076,0.852543,0.0
19.8526,0.013648,138.276,0.841321,0.0
19.8353,0.0138519,139.509,0.849143,0.0
19.8402,0.0135976,138.609,0.841661,0.0
19.8426,0.0132368,138.875,0.860705,0.0
19.8203,0.0137271,139.025,0.841661,0.0
19.802,0.0134628,138.542,0.855604,0.0
19.8208,0.0136183,139.509,0.8335,0.0
19.8208,0.0134953,138.526,0.855604,0.0
19.7861,0.0135264,138.692,0.838941,0.0
19.7762,0.0133967,137.959,0.828739,0.0
19.7906,0.0135897,138.276,0.838941,0.0
19.7741,0.013611,137.359,0.857304,0.0
19.7769,0.0135853,138.192,0.865466,0.0
19.7927,0.0136093,138.709,0.838941,0.0
19.7669,0.0135986,139.575,0.850163,0.0
19.7647,0.0137379,137.293,0.843022,0.0
19.7755,0.0137316,138.092,0.861725,0.0
19.7513,0.0136431,139.675,0.821257,0.0
19.7478,0.0131759,138.076,0.838261,0.0
19.7636,0.0137685,139.325,0.851863,0.0
19.7444,0.0132883,138.726,0.839621,0.0
19.7351,0.0135506,137.776,0.853224,0.0
19.7617,0.0132242,138.459,0.856624,0.0
19.7644,0.0133257,139.608,0.83486,0.0
19.7513,0.0135288,137.026,0.847783,0.0
19.7389,0.0133138,137.459,0.851523,0.0
19.7265,0.0133164,137.176,0.83656,0.0
19.7255,0.0133313,137.01,0.83622,0.0
19.7149,0.0132687,138.359,0.839281,0.0
19.7098,0.0132769,139.725,0.840301,0.0
19.7177,0.013206,136.993,0.843702,0.0
19.6912,0.0133867,137.759,0.83418,0.0
19.6824,0.0134715,138.242,0.840641,0.0
19.6946,0.0135554,137.026,0.841661,0.0
19.6995,0.0135169,137.726,0.842682,0.0
19.7063,0.0132595,139.775,0.854244,0.0
19.6885,0.0133653,137.06,0.860025,0.0
19.6712,0.0134724,139.325,0.840641,0.0
19.6822,0.013709,137.893,0.848123,0.0
19.684,0.0135523,138.576,0.851183,0.0
19.6763,0.0137625,137.16,0.856624,0.0
19.6957,0.0134068,137.759,0.870907,0.0
19.6977,0.0140238,137.793,0.850503,0.0
19.6708,0.0132908,137.443,0.838601,0.0
19.6754,0.0137034,137.776,0.83248,0.0
19.6803,0.0133857,138.776,0.863766,0.0
19.6613,0.0133172,138.492,0.862065,0.0
19.6439,0.0136364,137.493,0.856284,0.0
19.6707,0.0133934,138.842,0.852203,0.0
19.6866,0.0136109,136.726,0.845742,0.0
19.6602,0.0134628,137.359,0.847102,0.0
19.6666,0.013299,138.925,0.870567,0.0
19.6743,0.0134364,137.709,0.843362,0.0
19.6428,0.0134572,138.359,0.820237,0.0
19.6422,0.013037,137.576,0.864106,0.0
19.6541,0.0135693,138.209,0.858325,0.0
19.6448,0.0135724,138.875,0.850163,0.0
19.6441,0.0133658,137.876,0.851863,0.0
19.6463,0.0134091,138.376,0.850163,0.0
19.6248,0.0136783,137.143,0.859685,0.0
19.6143,0.0131886,138.192,0.846762,0.0
19.6378,0.0135246,137.493,0.842001,0.0
19.6507,0.0131794,136.743,0.824998,0.0
19.6366,0.0134298,137.559,0.849143,0.0
19.6327,0.0133542,137.826,0.838601,0.0
19.634,0.0133599,136.227,0.862065,0.0
19.6216,0.0133934,137.526,0.843702,0.0
19.6049,0.013307,136.393,0.830439,0.0
19.6127,0.0137866,138.426,0.853564,0.0
19.6337,0.013782,137.793,0.852884,0.0
19.62,0.0133359,136.776,0.841661,0.0
19.6218,0.0132455,138.226,0.867846,0.0
19.6195,0.0132699,136.493,0.829419,0.0
19.6046,0.0134954,138.559,0.846762,0.0
19.606,0.0134829,139.925,0.860705,0.0
19.6233,0.0133649,136.626,0.825678,0.0
19.627,0.0135731,137.976,0.841321,0.0
19.614,0.0134942,137.643,0.850843,0.0
19.6113,0.0137205,136.31,0.822278,0.0
19.6075,0.0133173,136.943,0.863086,0.0
19.6071,0.0133636,138.859,0.842001,0.0
19.6145,0.0135494,137.576,0.827039,0.0
19.6049,0.0138594,137.593,0.876348,0.0
19.6003,0.0138019,138.142,0.844042,0.0
19.6189,0.0135333,137.359,0.838601,0.0
19.6352,0.0135704,137.626,0.83486,0.0
19.6229,0.0136279,137.143,0.851523,0.0
19.6114,0.0130535,138.626,0.830099,0.0
19.6147,0.0132929,137.209,0.83384,0.0
19.6072,0.0137883,136.277,0.840301,0.0
19.5794,0.0137238,137.093,0.847443,0.0
19.5795,0.0131941,138.276,0.839961,0.0
19.5947,0.0134753,138.576,0.846082,0.0
19.5958,0.0134814,138.426,0.846762,0.0
19.6005,0.0133535,136.16,0.846082,0.0
19.5892,0.01369,137.359,0.843702,0.0
19.5847,0.013632,137.776,0.838941,0.0
19.6032,0.0136984,137.876,0.855944,0.0
19.61,0.0137806,137.476,0.850163,0.0
19.5992,0.0136506,136.943,0.846082,0.0
19.5987,0.0134751,137.426,0.848123,0.0
19.6015,0.013345,137.793,0.844722,0.0
19.5794,0.0135501,137.693,0.828739,0.0
19.5773,0.013502,138.392,0.854924,0.0
19.5875,0.0135056,137.193,0.852203,0.0
19.5734,0.0135736,138.542,0.840981,0.0
19.5825,0.0134656,137.676,0.856964,0.0
19.5941,0.0135626,138.292,0.859005,0.0
19.6002,0.0136895,137.976,0.828059,0.0
19.5927,0.0133486,139.042,0.840301,0.0
19.569,0.013516,137.493,0.863086,0.0
19.5665,0.0136503,138.192,0.848803,0.0
19.5683,0.0135902,138.059,0.850843,0.0
19.5841,0.0131593,137.993,0.837581,0.0
19.5919,0.0128104,136.66,0.865466,0.0
19.5744,0.0135706,136.776,0.828399,0.0
19.5765,0.0135743,137.909,0.846422,0.0
19.5739,0.0133074,136.426,0.846422,0.0
19.5444,0.0131302,137.093,0.844722,0.0
19.541,0.0132596,138.026,0.842001,0.0
19.5608,0.0132492,136.943,0.830099,0.0
19.562,0.0136376,137.06,0.846422,0.0
19.5714,0.0131958,137.876,0.843362,0.0
19.5709,0.0135156,137.326,0.831459,0.0
19.5614,0.0131281,137.209,0.826358,0.0
19.5681,0.013436,138.509,0.839961,0.0
19.5721,0.0133887,138.459,0.840641,0.0
19.5542,0.0134099,137.393,0.841661,0.0
19.5379,0.0134642,136.526,0.8335,0.0
19.5646,0.0136117,136.593,0.842682,0.0
19.5758,0.0132891,138.059,0.857985,0.0
19.5529,0.0136071,137.876,0.824658,0.0
19.5508,0.0135737,136.926,0.83452,0.0
19.5733,0.0134404,137.959,0.841661,0.0
19.5708,0.0135792,136.86,0.859345,0.0
19.5585,0.0135125,136.843,0.83384,0.0
19.562,0.013119,136.893,0.846762,0.0
19.5532,0.013414,137.359,0.850503,0.0
19.5568,0.013424,136.543,0.852543,0.0
19.5699,0.0133645,138.759,0.843362,0.0
19.5667,0.0137264,138.942,0.853904,0.0
19.5596,0.0137871,137.243,0.840641,0.0
19.5482,0.0137358,137.693,0.853224,0.0
19.5296,0.013116,138.209,0.848463,0.0
19.5273,0.0136282,137.759,0.848463,0.0
19.5326,0.0138209,137.559,0.852884,0.0
19.5441,0.0134542,138.859,0.853564,0.0
19.5513,0.0135101,137.026,0.847783,0.0
19.5515,0.0129881,137.659,0.854584,0.0
19.5209,0.0133071,139.042,0.852543,0.0
19.5148,0.0130739,138.026,0.83486,0.0
19.5558,0.0135713,138.092,0.843702,0.0
19.5653,0.0131722,138.392,0.859345,0.0
19.5471,0.013728,138.026,0.848123,0.0
19.5524,0.013628,138.059,0.858325,0.0
19.5696,0.0136026,137.11,0.821938,0.0
19.5524,0.0136191,137.743,0.8335,0.0
19.538,0.0136522,138.759,0.855944,0.0
19.554,0.0132495,138.959,0.841321,0.0
19.5593,0.0138057,136.676,0.8369,0.0
19.5257,0.0135716,135.993,0.853564,0.0
19.5212,0.0132976,137.309,0.847443,0.0
19.5444,0.0135953,136.293,0.868527,0.0
19.5437,0.0135498,136.976,0.857304,0.0
19.525,0.0131798,137.343,0.848463,0.0
19.5155,0.0132591,136.41,0.848463,0.0
19.5129,0.0134941,137.259,0.842682,0.0
19.5217,0.0132961,136.96,0.825338,0.0
19.5341,0.0135753,138.576,0.844722,0.0
19.5375,0.0134227,138.042,0.83588,0.0
19.521,0.0135403,137.576,0.853224,0.0
19.5369,0.0136145,137.309,0.854244,0.0
19.552,0.0133057,136.926,0.851863,0.0
19.5063,0.0134987,136.16,0.824998,0.0
19.4911,0.0133439,136.377,0.843702,0.0
19.5271,0.0138159,137.809,0.871927,0.0
19.5263,0.0133914,138.276,0.848803,0.0
19.5096,0.0134703,135.527,0.854584,0.0
19.5082,0.0135615,138.476,0.863086,0.0
19.4974,0.0136457,138.559,0.8318,0.0
19.5033,0.0134667,136.743,0.829419,0.0
19.5331,0.0135955,138.176,0.859345,0.0
19.5447,0.0133629,137.376,0.854584,0.0
19.5318,0.0133246,137.16,0.825338,0.0
19.5225,0.0134055,138.892,0.843022,0.0
19.5261,0.0137301,137.226,0.829419,0.0
19.5173,0.0131847,136.177,0.830439,0.0
19.5008,0.013568,137.959,0.850843,0.0
19.508,0.0132262,137.209,0.868186,0.0
19.5083,0.0135464,137.459,0.846422,0.0
19.5095,0.0133033,137.143,0.844722,0.0
19.5185,0.0133758,137.943,0.854924,0.0
19.5203,0.0132062,137.676,0.838941,0.0
19.5167,0.0133807,136.86,0.8369,0.0
19.5366,0.0134544,136.893,0.862065,0.0
19.5463,0.0131722,137.443,0.840301,0.0
19.5284,0.01399,136.11,0.846762,0.0
19.5243,0.0138678,137.476,0.828399,0.0
19.5429,0.0133845,137.526,0.83384,0.0
19.5565,0.013711,137.409,0.869547,0.0
19.5304,0.0137227,136.86,0.862065,0.0
19.5286,0.0134497,137.559,0.848803,0.0
19.5336,0.013661,136.993,0.857644,0.0
19.507,0.0131917,137.659,0.830439,0.0
19.5053,0.0131375,138.342,0.868186,0.0
19.5144,0.0133614,138.126,0.845402,0.0
19.5135,0.0134589,137.043,0.858665,0.0
19.5126,0.0135208,136.876,0.845062,0.0
19.5113,0.0134714,139.125,0.860365,0.0
19.5223,0.0134622,137.476,0.83384,0.0
19.5347,0.013632,136.91,0.83588,0.0
19.5362,0.0135945,137.176,0.846762,0.0
19.5248,0.0135758,137.509,0.854584,0.0
19.5088,0.0138561,137.409,0.842342,0.0
19.5096,0.0134862,137.01,0.864446,0.0
19.509,0.0135853,135.96,0.849143,0.0
19.5007,0.0132632,137.676,0.853224,0.0
19.5081,0.0134934,139.442,0.827379,0.0
19.5174,0.013459,137.393,0.848123,0.0
19.513,0.0137441,138.959,0.862405,0.0
19.5035,0.0136922,136.643,0.827039,0.0
19.5028,0.0133226,137.893,0.847783,0.0
19.5212,0.0133011,137.06,0.83452,0.0
19.5057,0.0135411,137.409,0.864106,0.0
19.4856,0.0133415,136.91,0.852543,0.0
19.5111,0.0133576,137.393,0.83282,0.0
19.5155,0.0134076,138.542,0.858665,0.0
19.5247,0.0133129,136.726,0.851523,0.0
19.5275,0.0133596,136.277,0.853904,0.0
19.5093,0.0138094,137.559,0.88621,0.0
19.4984,0.0133817,137.276,0.852543,0.0
19.5236,0.0135624,137.843,0.846082,0.0
19.5464,0.0136256,136.776,0.851183,0.0
19.5295,0.0136102,138.442,0.853224,0.0
19.526,0.0137007,137.409,0.846762,0.0
19.5156,0.0129991,137.726,0.844042,0.0
19.4921,0.0132213,136.193,0.83282,0.0
19.5063,0.0133316,136.81,0.826358,0.0
19.5142,0.0133713,138.226,0.83656,0.0
19.4855,0.0134774,136.043,0.829419,0.0
19.4892,0.0132684,137.993,0.853904,0.0
19.4965,0.0132037,137.11,0.845742,0.0
19.502,0.0135887,138.576,0.83384,0.0
19.5237,0.0132761,137.209,0.848463,0.0
19.5184,0.0138591,137.709,0.840981,0.0
19.5049,0.0133371,138.092,0.844382,0.0
19.5139,0.0132199,136.51,0.846422,0.0
19.5157,0.0134538,137.643,0.83316,0.0
19.5069,0.0136904,137.093,0.823978,0.0
19.521,0.0135802,137.11,0.856284,0.0
19.5232,0.0136618,138.459,0.83622,0.0
19.5074,0.0137272,136.443,0.853904,0.0
19.5012,0.0136246,136.66,0.83452,0.0
19.5078,0.0133461,137.476,0.826699,0.0
19.5183,0.0134995,136.51,0.826699,0.0
19.4991,0.0132448,136.793,0.840641,0.0
19.4957,0.0135368,136.543,0.853224,0.0
19.5256,0.0134003,137.193,0.843362,0.0
19.5252,0.0131552,137.826,0.851183,0.0
19.5089,0.0131589,137.16,0.838601,0.0
19.5176,0.0133522,136.893,0.822618,0.0
19.5213,0.013565,135.477,0.843702,0.0
19.5111,0.013338,137.493,0.851863,0.0
19.5124,0.0135805,138.626,0.837921,0.0
19.5096,0.0137444,136.377,0.857985,0.0
19.4988,0.0134744,138.009,0.848803,0.0
19.5036,0.0133221,137.909,0.838261,0.0
19.5112,0.0132609,137.943,0.837921,0.0
19.5083,0.0137182,136.993,0.864786,0.0
19.4995,0.0131731,136.726,0.851183,0.0
19.5065,0.0134753,136.76,0.848463,0.0
19.5165,0.0133763,138.276,0.831459,0.0
19.5218,0.0133471,138.159,0.845402,0.0
19.5202,0.0132536,137.959,0.854924,0.0
19.492,0.013642,137.943,0.83554,0.0
19.4819,0.013203,137.409,0.825338,0.0
19.5074,0.0133108,138.426,0.847443,0.0
19.5287,0.013662,137.643,0.846762,0.0
19.5363,0.0137164,137.826,0.854244,0.0
19.5299,0.0134599,137.126,0.844042,0.0
19.5063,0.0135408,136.193,0.837921,0.0
19.4818,0.0131828,137.276,0.830099,0.0
19.4915,0.0135113,136.36,0.827719,0.0
19.4926,0.0133933,137.543,0.850503,0.0
19.5009,0.0131854,138.159,0.845742,0.0
19.5168,0.0134008,136.06,0.859345,0.0
19.4967,0.0135346,137.776,0.843362,0.0
19.4857,0.0134775,135.677,0.857985,0.0
19.5128,0.0134216,137.859,0.852203,0.0
19.519,0.0134844,137.559,0.857985,0.0
19.5056,0.0138153,137.209,0.849483,0.0
19.5073,0.013438,135.993,0.846082,0.0
19.5023,0.0133087,135.144,0.861385,0.0
19.4935,0.0130069,136.826,0.83282,0.0
19.4925,0.0135945,138.042,0.862745,0.0
19.4903,0.0135573,137.093,0.849823,0.0
19.4907,0.0133821,138.076,0.839281,0.0
19.4957,0.0133993,137.843,0.855944,0.0
19.4927,0.0131836,138.609,0.857304,0.0
19.4982,0.0135495,138.059,0.846762,0.0
19.5152,0.0136366,137.743,0.83486,0.0
19.5101,0.0132115,138.042,0.845062,0.0
19.5045,0.0132595,137.276,0.843022,0.0
19.5228,0.0134068,135.81,0.827719,0.0
19.5198,0.0136193,136.926,0.850163,0.0
19.4965,0.0131669,137.143,0.866486,0.0
19.5092,0.0132268,138.009,0.852203,0.0
19.5106,0.013351,137.293,0.826018,0.0
19.4784,0.013625,136.36,0.829759,0.0
19.4876,0.0134904,136.626,0.863766,0.0
19.4992,0.0133479,136.876,0.851183,0.0
19.4823,0.0136897,138.859,0.848803,0.0
19.4937,0.0133265,137.459,0.854584,0.0
19.5127,0.0136739,137.16,0.840301,0.0
19.5001,0.0136879,138.659,0.83282,0.0
19.485,0.013551,137.876,0.855264,0.0
19.5081,0.0132141,137.926,0.844722,0.0
19.5168,0.0135748,137.893,0.8318,0.0
19.5031,0.0132099,136.71,0.841321,0.0
19.4971,0.0135039,137.309,0.846422,0.0
19.4948,0.0131872,137.576,0.853224,0.0
19.4938,0.013579,137.243,0.852884,0.0
19.507,0.0131523,137.959,0.849823,0.0
19.5361,0.0134291,137.709,0.846082,0.0
19.5062,0.0133148,137.293,0.841321,0.0
19.4833,0.013306,137.559,0.881449,0.0
19.5006,0.0133474,136.66,0.847783,0.0
19.5046,0.0133773,135.943,0.826699,0.0
19.5147,0.0130576,137.826,0.850503,0.0
19.5189,0.013527,137.459,0.861385,0.0
19.5079,0.0135501,136.66,0.847783,0.0
19.4982,0.0138659,136.227,0.840301,0.0
19.4937,0.013388,137.926,0.847443,0.0
19.4974,0.0133535,135.86,0.870907,0.0
19.4951,0.0135049,137.893,0.863766,0.0
19.5061,0.0135548,136.293,0.83384,0.0
19.5229,0.0135245,136.526,0.867166,0.0
19.5055,0.0132765,137.976,0.859345,0.0
19.4894,0.0134683,137.176,0.843702,0.0
19.4921,0.0132543,138.609,0.831459,0.0
19.5059,0.0133416,138.059,0.827719,0.0
19.4926,0.0137293,135.96,0.843362,0.0
19.4811,0.0138388,136.26,0.838261,0.0
19.4999,0.0135877,136.476,0.839961,0.0
19.4966,0.013386,136.843,0.872607,0.0
19.471,0.0131936,136.576,0.862745,0.0
19.4863,0.0136352,136.693,0.840641,0.0
19.5251,0.0131349,136.843,0.867506,0.0
19.5247,0.0134057,137.359,0.862065,0.0
19.5069,0.013546,137.859,0.848463,0.0
19.503,0.0133567,136.243,0.839281,0.0
19.4886,0.0133072,137.359,0.829419,0.0
19.493,0.0132186,137.826,0.813096,0.0
19.5043,0.0130725,136.893,0.83486,0.0
19.5067,0.0132062,139.192,0.861385,0.0
19.5116,0.0132036,137.226,0.866486,0.0
19.5044,0.0132241,137.243,0.854584,0.0
19.4874,0.013709,137.993,0.852543,0.0
19.483,0.0133385,137.243,0.839621,0.0
19.4888,0.0134723,137.193,0.842682,0.0
19.5013,0.0132247,137.426,0.814116,0.0
19.5016,0.0134556,136.96,0.849143,0.0
19.4938,0.0135164,137.126,0.859005,0.0
19.4843,0.013903,137.16,0.83622,0.0
19.4819,0.0135156,138.176,0.840301,0.0
19.4831,0.0135509,136.86,0.823298,0.0
19.4948,0.0134948,138.942,0.842342,0.0
19.4916,0.0136433,136.327,0.851863,0.0
19.4803,0.0133959,137.376,0.860365,0.0
19.5131,0.0134798,137.876,0.844382,0.0
19.5333,0.0132067,136.476,0.828399,0.0
19.5221,0.0139257,137.359,0.847443,0.0
19.5107,0.0134773,136.793,0.83622,0.0
19.4826,0.0134166,138.276,0.866146,0.0
19.5,0.0134353,137.243,0.843022,0.0
19.5341,0.0135568,136.41,0.849483,0.0
19.5168,0.0133389,135.827,0.826358,0.0
19.5061,0.0133456,138.292,0.862745,0.0
19.4968,0.013532,137.343,0.862065,0.0
19.4875,0.0132527,136.86,0.842342,0.0
19.4769,0.0135316,136.093,0.853564,0.0
19.4837,0.0134676,137.093,0.849483,0.0
19.4986,0.0135336,137.309,0.845742,0.0
19.4973,0.0132787,137.909,0.83554,0.0
19.507,0.0137134,137.043,0.852203,0.0
19.506,0.0139682,137.326,0.843022,0.0
19.4962,0.0136964,137.776,0.855604,0.0
19.5104,0.0134939,136.66,0.856964,0.0
19.4901,0.0134012,136.726,0.878388,0.0
19.472,0.0135815,137.593,0.860025,0.0
19.4975,0.0133332,137.743,0.863086,0.0
19.5139,0.0133149,137.743,0.844042,0.0
19.4986,0.0133361,137.176,0.842001,0.0
19.4875,0.0132926,137.643,0.83418,0.0
19.5064,0.0130135,136.343,0.846422,0.0
19.5053,0.0134619,137.01,0.83452,0.0
19.4844,0.0135998,137.11,0.8369,0.0
19.4722,0.0131561,138.109,0.861725,0.0
19.4706,0.012916,137.226,0.861045,0.0
19.4881,0.0132856,137.209,0.865466,0.0
19.5171,0.0134195,138.342,0.855264,0.0
19.5074,0.0136443,136.893,0.839281,0.0
19.4879,0.0137935,136.76,0.83248,0.0
19.5018,0.0132019,136.943,0.848803,0.0
19.501,0.0132636,136.327,0.849483,0.0
19.4869,0.0136267,138.792,0.8352,0.0
19.4992,0.0132177,135.66,0.871247,0.0
19.5021,0.0135332,137.959,0.848123,0.0
19.4985,0.0137915,137.493,0.866826,0.0
19.495,0.0131997,137.409,0.83588,0.0
19.4851,0.013657,136.876,0.847102,0.0
19.4899,0.0133724,136.393,0.830439,0.0
19.4991,0.0133428,138.659,0.83486,0.0
19.5034,0.0134953,136.093,0.862065,0.0
19.4948,0.0137158,136.626,0.848463,0.0
19.4976,0.0136191,137.276,0.845062,0.0
19.5215,0.0135893,137.359,0.856624,0.0
19.5191,0.013419,137.793,0.842682,0.0
19.5133,0.0136462,136.71,0.840641,0.0
19.5156,0.0131915,137.409,0.851523,0.0
19.4992,0.0137568,136.843,0.827039,0.0
19.497,0.0134563,135.66,0.826699,0.0
19.4938,0.0131925,136.76,0.855264,0.0
19.4813,0.0129239,136.776,0.838261,0.0
19.4755,0.0133873,136.893,0.861385,0.0
19.4841,0.0138248,136.26,0.850843,0.0
19.4985,0.0135486,137.176,0.842001,0.0
19.5066,0.0135089,137.259,0.848463,0.0
19.5125,0.0131584,138.592,0.853224,0.0
19.5166,0.0135298,138.342,0.826699,0.0
19.4988,0.0136885,135.61,0.83248,0.0
19.4745,0.0135873,137.859,0.850163,0.0
19.4866,0.01306,138.059,0.856284,0.0
19.5107,0.0133771,139.009,0.845062,0.0
19.499,0.0136767,137.493,0.865806,0.0
19.4835,0.0133193,137.176,0.855604,0.0
19.4833,0.013428,138.359,0.840301,0.0
19.4756,0.0133937,137.893,0.840641,0.0
19.4767,0.0132835,137.626,0.846082,0.0
19.4889,0.013712,136.576,0.854584,0.0
19.5079,0.013407,136.793,0.8369,0.0
19.5012,0.0131446,137.693,0.844722,0.0
19.4831,0.0136485,137.709,0.83588,0.0
19.4942,0.0134803,136.876,0.857985,0.0
19.5034,0.0135108,138.342,0.861045,0.0
19.5077,0.0132123,137.176,0.842342,0.0
19.5066,0.0136359,137.559,0.845742,0.0
19.4944,0.013627,137.343,0.831459,0.0
19.4965,0.0135208,138.526,0.855944,0.0
19.5009,0.0132728,136.976,0.863766,0.0
19.4986,0.0133884,137.343,0.840301,0.0
19.5127,0.0135242,136.327,0.843702,0.0
19.5259,0.0131063,138.042,0.852884,0.0
19.5076,0.0134045,137.276,0.849823,0.0
19.4783,0.0134544,138.609,0.839281,0.0
19.4886,0.0135651,137.609,0.8335,0.0
19.5038,0.0134381,135.86,0.849483,0.0
19.4927,0.0134626,139.075,0.850163,0.0
19.4871,0.0135362,136.61,0.815136,0.0
19.4892,0.0130446,136.71,0.855604,0.0
19.5117,0.0135805,137.276,0.862065,0.0
19.5298,0.0134485,135.51,0.831459,0.0
19.5138,0.0132849,136.476,0.840641,0.0
19.4939,0.0134784,136.61,0.857985,0.0
19.4978,0.0135314,136.077,0.853224,0.0
19.5031,0.0136307,136.776,0.829079,0.0
19.4984,0.0133813,135.444,0.844722,0.0
19.4943,0.0132035,135.993,0.823298,0.0
19.4884,0.0134561,137.793,0.868186,0.0
19.4993,0.0135017,137.759,0.846422,0.0
19.5148,0.013385,136.043,0.839621,0.0
19.503,0.013468,138.026,0.843702,0.0
19.4745,0.0133533,137.276,0.846762,0.0
19.4786,0.0132399,136.643,0.83384,0.0
19.5021,0.0134522,136.976,0.853224,0.0
19.4877,0.0134545,137.026,0.860365,0.0
19.481,0.0136202,136.443,0.847102,0.0
19.4964,0.013304,137.01,0.844382,0.0
19.4765,0.013517,136.843,0.828399,0.0
19.4677,0.0135755,137.259,0.849143,0.0
19.483,0.0135683,136.61,0.845742,0.0
19.4855,0.0133321,136.876,0.863086,0.0
19.4689,0.013628,136.043,0.853224,0.0
19.4779,0.0133097,138.076,0.850163,0.0
19.5176,0.0128328,138.342,0.850503,0.0
19.524,0.0134685,138.126,0.848803,0.0
19.4815,0.0135939,138.026,0.861725,0.0
19.4764,0.013513,137.026,0.821938,0.0
19.5114,0.0133326,136.71,0.866486,0.0
19.4946,0.0138214,137.859,0.856624,0.0
19.4772,0.0132372,137.643,0.8335,0.0
19.4817,0.0137425,138.276,0.848463,0.0
19.4649,0.0134412,137.876,0.849823,0.0
19.484,0.0134142,137.543,0.859005,0.0
19.5135,0.0131122,136.693,0.849143,0.0
19.4758,0.0136429,137.776,0.839961,0.0
19.4661,0.0136573,136.86,0.829419,0.0
19.4858,0.0133891,136.743,0.852203,0.0
19.4829,0.0131427,136.343,0.866826,0.0
19.494,0.0134556,137.293,0.8352,0.0
19.4848,0.0133658,138.226,0.862745,0.0
19.4842,0.0136131,135.294,0.831459,0.0
19.4886,0.0136891,136.61,0.852884,0.0
19.4644,0.0137057,138.126,0.829759,0.0
19.4773,0.0134605,137.843,0.83282,0.0
19.5015,0.0134453,137.293,0.881449,0.0
19.4863,0.0136704,137.493,0.848463,0.0
19.4869,0.0135955,136.077,0.8318,0.0
19.5002,0.0137513,137.16,0.860365,0.0
19.4951,0.0138489,136.543,0.839281,0.0
19.4875,0.0134351,137.393,0.852884,0.0
19.4768,0.0132792,138.159,0.839281,0.0
19.4912,0.0133876,135.777,0.839961,0.0
19.4925,0.0136867,137.143,0.849483,0.0
19.4747,0.0137028,137.209,0.850843,0.0
19.4741,0.0134989,137.426,0.843362,0.0
19.4857,0.0131431,138.609,0.871247,0.0
19.5072,0.0135623,138.092,0.855944,0.0
19.5239,0.0129985,137.876,0.837581,0.0
19.5044,0.0132191,137.426,0.854924,0.0
19.4808,0.0138278,138.042,0.853564,0.0
19.5005,0.0138535,136.826,0.8369,0.0
19.4964,0.0134635,137.476,0.852543,0.0
19.4781,0.0134247,137.593,0.853224,0.0
19.4925,0.0135615,137.893,0.845062,0.0
19.4957,0.0131383,137.659,0.856284,0.0
19.4734,0.0133646,138.176,0.854584,0.0
19.4732,0.013539,138.176,0.857985,0.0
19.4991,0.0134783,137.343,0.862065,0.0
19.4938,0.0135004,137.909,0.845062,0.0
19.4639,0.0133828,134.294,0.830779,0.0
19.4646,0.0134055,137.06,0.854924,0.0
19.4845,0.0131347,136.776,0.828399,0.0
19.5006,0.0137155,137.193,0.840981,0.0
19.4992,0.0140018,138.309,0.852884,0.0
19.4789,0.0134404,137.576,0.847783,0.0
19.4842,0.0137357,138.576,0.83486,0.0
19.5009,0.0136454,137.126,0.838261,0.0
19.5098,0.0135479,137.426,0.860025,0.0
19.5066,0.0132878,136.926,0.864446,0.0
19.5012,0.0134265,139.109,0.848803,0.0
19.4978,0.0134094,137.559,0.860025,0.0
19.489,0.0135323,138.159,0.840301,0.0
19.4921,0.0134812,136.06,0.829419,0.0
19.4945,0.0136403,137.393,0.861045,0.0
19.5003,0.0133241,136.393,0.865806,0.0
19.5128,0.0133783,137.526,0.873628,0.0
19.5088,0.0139115,136.893,0.851523,0.0
19.4968,0.0138018,137.259,0.857644,0.0
19.4957,0.013855,136.726,0.852884,0.0
19.4929,0.0134515,136.51,0.831119,0.0
19.4821,0.0136918,137.409,0.853904,0.0
19.4829,0.0136475,137.143,0.8369,0.0
19.4871,0.01328,137.193,0.828739,0.0
19.5018,0.013417,137.526,0.856624,0.0
19.5035,0.0134759,136.56,0.865126,0.0
19.4896,0.0135944,138.176,0.846422,0.0
19.4795,0.0134799,136.493,0.862745,0.0
19.485,0.0136803,138.176,0.859685,0.0
19.5116,0.0129302,137.943,0.827039,0.0
19.5125,0.0131174,136.993,0.841661,0.0
19.4804,0.0132926,136.36,0.842001,0.0
19.4718,0.0138051,137.726,0.861725,0.0
19.4936,0.0134677,136.543,0.850163,0.0
19.4839,0.0130768,137.776,0.827379,0.0
19.4867,0.0135977,136.81,0.831459,0.0
19.5147,0.0132002,137.193,0.847783,0.0
19.4925,0.0133767,136.793,0.841661,0.0
19.4901,0.0134172,138.442,0.854924,0.0
19.5056,0.0135119,137.993,0.854584,0.0
19.4802,0.0135198,135.927,0.860705,0.0
19.4705,0.013674,136.426,0.846082,0.0
19.484,0.0134522,137.559,0.83656,0.0
19.4802,0.0133448,137.043,0.838261,0.0
19.4749,0.0133387,136.027,0.840641,0.0
19.4919,0.0136489,139.209,0.847783,0.0
19.5029,0.0134511,136.893,0.831459,0.0
19.4961,0.0135863,137.243,0.846762,0.0
19.4978,0.0134914,135.743,0.849143,0.0
19.489,0.0132683,136.91,0.837921,0.0
19.48,0.013798,138.859,0.843702,0.0
19.4853,0.0138037,136.91,0.848803,0.0
19.4916,0.0134547,136.343,0.848803,0.0
19.4985,0.0135519,137.443,0.857644,0.0
19.4968,0.0135532,137.259,0.83588,0.0
19.4833,0.0135944,137.259,0.843702,0.0
19.4878,0.0135656,137.093,0.831119,0.0
19.4975,0.0135522,137.259,0.854924,0.0
19.4881,0.0133356,137.759,0.8335,0.0
19.4853,0.0136811,137.626,0.865126,0.0
19.5025,0.0138281,136.976,0.860365,0.0
19.5037,0.0132414,136.66,0.854924,0.0
19.4934,0.0133887,137.543,0.859005,0.0
19.5047,0.0133852,137.643,0.848803,0.0
19.521,0.0135051,138.392,0.847443,0.0
19.4944,0.0131877,137.509,0.844382,0.0
19.4665,0.0135789,137.076,0.841661,0.0
19.4933,0.013573,135.427,0.855944,0.0
19.5059,0.0136878,137.326,0.853564,0.0
19.497,0.0135536,136.826,0.858665,0.0
19.4969,0.0138346,136.71,0.83588,0.0
19.4949,0.0131259,136.31,0.83588,0.0
19.4768,0.0136391,138.559,0.863426,0.0
19.4831,0.0135974,137.743,0.83486,0.0
19.4999,0.0135815,136.726,0.859685,0.0
19.4868,0.0129671,138.442,0.870907,0.0
19.478,0.013527,137.01,0.858665,0.0
19.4925,0.0135606,138.059,0.841661,0.0
19.4894,0.0133958,137.126,0.830439,0.0
19.4863,0.0132173,137.276,0.849483,0.0
19.484,0.013302,137.593,0.83554,0.0
19.4755,0.0131974,136.943,0.851183,0.0
19.4923,0.013606,137.809,0.850843,0.0
19.5088,0.0133724,138.226,0.865806,0.0
19.5034,0.0130342,136.043,0.83622,0.0
19.5117,0.0136279,137.493,0.8318,0.0
19.5154,0.0136357,137.176,0.848463,0.0
19.4946,0.0134873,137.726,0.849143,0.0
19.4955,0.0130079,138.426,0.846762,0.0
19.5009,0.0135379,137.11,0.861385,0.0
19.4926,0.0132618,136.91,0.828739,0.0
19.4852,0.013172,139.159,0.862405,0.0
19.4835,0.0134849,137.459,0.850163,0.0
19.4782,0.0136066,137.143,0.839621,0.0
19.502,0.013633,137.826,0.8352,0.0
19.5182,0.0136162,137.909,0.865806,0.0
19.4703,0.0135615,137.609,0.842342,0.0
19.4704,0.0133182,137.443,0.841661,0.0
19.5132,0.0136524,137.176,0.853224,0.0
19.4915,0.0135082,137.193,0.83622,0.0
19.4884,0.0133943,138.259,0.845062,0.0
19.5166,0.0135327,137.826,0.866486,0.0
19.5088,0.0132067,136.81,0.849143,0.0
19.5045,0.0137091,136.876,0.846422,0.0
19.4964,0.0134866,136.793,0.837581,0.0
19.4747,0.0135163,136.593,0.843702,0.0
19.4815,0.013826,137.226,0.859345,0.0
19.4877,0.0132593,136.86,0.851863,0.0
19.4749,0.0134837,136.91,0.863766,0.0
19.4825,0.0132537,136.21,0.850843,0.0
19.4943,0.013396,137.11,0.855264,0.0
19.4921,0.013621,137.743,0.870567,0.0
19.4884,0.0133727,136.493,0.842342,0.0
19.4894,0.0134515,137.776,0.826699,0.0
19.4867,0.0132178,134.761,0.838941,0.0
19.4649,0.0132617,138.776,0.862065,0.0
19.4815,0.013337,139.075,0.875668,0.0
19.5003,0.0134327,138.825,0.840981,0.0
19.5023,0.0132687,137.343,0.853224,0.0
19.4932,0.0135354,138.376,0.851863,0.0
19.4954,0.0131149,137.459,0.870567,0.0
19.5191,0.0134485,137.176,0.83214,0.0
19.5,0.0135425,136.943,0.873287,0.0
19.4696,0.0134999,137.643,0.863766,0.0
19.4813,0.0128722,138.742,0.854584,0.0
19.4987,0.0136338,136.826,0.829419,0.0
19.5096,0.0133503,136.876,0.829419,0.0
19.5123,0.0135033,136.11,0.838601,0.0
19.4732,0.0135438,136.993,0.83248,0.0
19.4657,0.0136809,138.042,0.849483,0.0
19.4905,0.0133473,136.743,0.83316,0.0
19.4979,0.0132555,138.109,0.853904,0.0
19.4934,0.0135445,138.626,0.841661,0.0
19.4893,0.0133313,137.626,0.837921,0.0
19.4789,0.0136327,137.076,0.845402,0.0
19.4776,0.0135189,136.993,0.840641,0.0
19.4885,0.0133536,138.142,0.846082,0.0
19.4948,0.0132482,136.86,0.830099,0.0
19.4913,0.0134178,136.593,0.845062,0.0
19.4938,0.013302,137.659,0.859345,0.0
19.5104,0.0133025,138.076,0.856624,0.0
19.4983,0.0135218,136.543,0.848803,0.0
19.4782,0.0134633,138.242,0.845402,0.0
19.4708,0.0135936,136.776,0.83248,0.0
19.4518,0.0133983,137.859,0.864786,0.0
19.4872,0.013364,137.476,0.83316,0.0
19.5377,0.0137138,137.176,0.848463,0.0
19.4956,0.0135621,136.46,0.83554,0.0
19.4601,0.0137374,137.16,0.839961,0.0
19.4994,0.0137696,138.292,0.840981,0.0
19.4953,0.0134404,137.226,0.840641,0.0
19.4709,0.0129155,137.143,0.856964,0.0
19.4775,0.0133802,136.61,0.83622,0.0
19.4861,0.0133635,137.893,0.872947,0.0
19.4829,0.0135978,136.96,0.864786,0.0
19.4731,0.0131715,136.343,0.853564,0.0
19.4723,0.0132804,137.893,0.839961,0.0
19.4717,0.0136801,137.176,0.849823,0.0
19.484,0.0132718,136.56,0.846082,0.0
19.4971,0.0134571,138.026,0.837581,0.0
19.4935,0.0136081,137.776,0.839281,0.0
19.482,0.013155,137.043,0.840981,0.0
19.4702,0.0133088,136.726,0.848123,0.0
19.5034,0.0137475,136.26,0.857304,0.0
19.518,0.0133703,137.259,0.853564,0.0
19.4881,0.013739,137.359,0.854244,0.0
19.4919,0.0136424,137.143,0.831119,0.0
19.5084,0.0134504,136.743,0.851863,0.0
19.5099,0.0131327,137.976,0.850503,0.0
19.5037,0.0133627,137.643,0.845402,0.0
19.4821,0.0136527,137.16,0.869547,0.0
19.4563,0.0138086,135.91,0.846082,0.0
19.4703,0.0136742,136.327,0.845742,0.0
19.4868,0.0133283,136.36,0.842001,0.0
19.5002,0.0137229,135.36,0.823298,0.0
19.5005,0.0133888,136.926,0.843022,0.0
19.4988,0.0136817,137.993,0.869547,0.0
19.4978,0.0132896,136.643,0.823298,0.0
19.4925,0.0134469,136.743,0.844382,0.0
19.4867,0.0138061,138.975,0.855944,0.0
19.4959,0.0133695,135.827,0.827039,0.0
19.4814,0.0135384,135.294,0.851863,0.0
19.459,0.0134917,137.093,0.863086,0.0
19.5007,0.0134649,135.11,0.837921,0.0
19.5139,0.01355,137.443,0.83554,0.0
19.4778,0.0135545,137.226,0.844042,0.0
19.4753,0.0135994,137.943,0.829419,0.0
19.4786,0.0131884,137.726,0.842682,0.0
19.4733,0.0133945,136.726,0.860365,0.0
19.4853,0.0136531,136.06,0.851523,0.0
19.4918,0.0134122,137.593,0.83452,0.0
19.4899,0.0133381,136.21,0.837241,0.0
19.4952,0.0132494,137.243,0.856624,0.0
19.4991,0.013625,136.093,0.852884,0.0
19.4816,0.013358,138.409,0.841661,0.0
19.4875,0.0135894,135.96,0.857644,0.0
19.5133,0.0133465,136.393,0.857304,0.0
19.4944,0.013539,136.66,0.843702,0.0
19.4834,0.013525,138.342,0.861045,0.0
19.4947,0.013561,136.643,0.8352,0.0
19.4812,0.0137305,137.959,0.859005,0.0
19.4801,0.0137253,138.809,0.848803,0.0
19.4812,0.0131563,137.759,0.851183,0.0
19.4696,0.0133581,136.36,0.837241,0.0
19.4739,0.013425,138.259,0.855604,0.0
19.4908,0.0135111,139.075,0.855944,0.0
19.498,0.0134583,138.009,0.845062,0.0
19.4836,0.0133815,138.359,0.851183,0.0
19.4852,0.0134612,137.06,0.844042,0.0
19.4945,0.0136963,136.626,0.861045,0.0
19.4959,0.0136083,137.443,0.8335,0.0
19.4784,0.0134456,137.576,0.843362,0.0
19.466,0.0137417,137.443,0.857304,0.0
19.49,0.0136215,137.209,0.869207,0.0
19.5159,0.0134622,134.927,0.847783,0.0
19.5006,0.0135925,137.326,0.83554,0.0
19.4874,0.0134801,136.726,0.842682,0.0
19.4948,0.0133839,136.11,0.856284,0.0
19.4925,0.0135798,138.409,0.850503,0.0
19.5024,0.0133404,137.526,0.8335,0.0
19.5023,0.0134902,136.976,0.841321,0.0
19.4823,0.0130655,137.509,0.847783,0.0
19.4832,0.0133328,136.843,0.821598,0.0
19.4892,0.0135168,135.16,0.857304,0.0
19.469,0.0136918,136.81,0.83452,0.0
19.4744,0.0131951,139.775,0.821938,0.0
19.5033,0.0133204,137.959,0.850503,0.0
19.495,0.0133311,138.059,0.853904,0.0
19.4899,0.0136717,139.042,0.847783,0.0
19.5014,0.0133483,137.043,0.857985,0.0
19.4792,0.0134106,137.676,0.845402,0.0
19.4846,0.0137013,138.492,0.846082,0.0
19.5106,0.0136149,137.243,0.860365,0.0
19.4886,0.0132476,136.826,0.846082,0.0
19.4766,0.013211,137.893,0.830779,0.0
19.5004,0.0133171,139.075,0.841661,0.0
19.4966,0.0134882,136.277,0.83554,0.0
19.4714,0.0130371,136.327,0.837921,0.0
19.478,0.0133794,137.259,0.843702,0.0
19.4944,0.013628,137.076,0.83384,0.0
19.4952,0.013553,136.043,0.826018,0.0
19.4841,0.013548,137.076,0.858325,0.0
19.4872,0.0129353,137.943,0.8369,0.0
19.492,0.0133872,137.459,0.848463,0.0
19.4829,0.0136374,135.793,0.83622,0.0
19.4963,0.0131815,135.76,0.848123,0.0
19.5037,0.013715,137.509,0.852543,0.0
19.4868,0.013497,136.41,0.860365,0.0
19.4818,0.0134371,136.793,0.866146,0.0
19.4773,0.0135697,136.626,0.854244,0.0
19.4821,0.0135462,138.626,0.861385,0.0
19.5063,0.0133891,137.359,0.843022,0.0
19.4949,0.0133668,137.176,0.855264,0.0
19.4682,0.0137505,136.21,0.8369,0.0
19.4893,0.0136769,136.426,0.845742,0.0
19.4887,0.0135084,137.693,0.829079,0.0
19.4809,0.0136428,136.843,0.851183,0.0
19.4888,0.0133376,138.276,0.846082,0.0
19.4965,0.0134774,138.759,0.846082,0.0
19.4991,0.0135798,138.242,0.851863,0.0
19.4841,0.0137959,135.993,0.816837,0.0
19.484,0.0133655,136.343,0.849483,0.0
19.4939,0.0137054,137.293,0.851863,0.0
19.4857,0.0132492,137.626,0.837921,0.0
19.4702,0.0135032,137.376,0.837921,0.0
19.4605,0.0132208,137.826,0.837581,0.0
19.4761,0.013135,138.342,0.865466,0.0
19.4967,0.0136187,138.109,0.844722,0.0
19.4974,0.0133055,138.459,0.837581,0.0
19.4769,0.0133469,136.127,0.855604,0.0
19.4624,0.0133519,138.142,0.853564,0.0
19.4727,0.0133167,137.826,0.843702,0.0
19.4903,0.0134759,137.409,0.851183,0.0
19.504,0.0135275,136.893,0.845742,0.0
19.5082,0.0133746,137.993,0.870907,0.0
19.4951,0.0131581,137.576,0.865806,0.0
19.4919,0.0131242,135.843,0.849823,0.0
19.4976,0.013512,136.776,0.839961,0.0
19.4917,0.0135993,136.643,0.848123,0.0
19.4659,0.0136683,136.726,0.864106,0.0
19.474,0.013301,136.393,0.845062,0.0
19.4962,0.0134159,136.876,0.829079,0.0
19.477,0.0134679,138.192,0.838261,0.0
19.4648,0.0133735,139.708,0.850503,0.0
19.4903,0.0134064,138.309,0.855944,0.0
19.4923,0.0134306,137.01,0.852543,0.0
19.4765,0.0137667,137.343,0.844042,0.0
19.4868,0.0135602,137.359,0.848803,0.0
19.5041,0.0133237,136.51,0.845062,0.0
19.4918,0.0131881,137.426,0.849823,0.0
19.4926,0.0133189,136.526,0.875668,0.0
19.5055,0.0133275,138.076,0.867166,0.0
19.4891,0.0131894,136.26,0.845742,0.0
19.4856,0.0133718,136.76,0.854584,0.0
19.504,0.0131006,138.776,0.855264,0.0
19.492,0.0134474,136.893,0.846082,0.0
19.4586,0.0138958,136.81,0.857644,0.0
19.4711,0.0138378,136.943,0.853564,0.0
19.5,0.0138427,137.143,0.869547,0.0
19.4816,0.01376,136.36,0.838261,0.0
19.4924,0.0133147,136.31,0.848123,0.0
19.5144,0.0133651,138.842,0.850843,0.0
19.499,0.0134371,136.843,0.852884,0.0
19.4905,0.013216,137.426,0.860025,0.0
19.4756,0.0136928,136.31,0.837581,0.0
19.4697,0.0134836,136.41,0.831119,0.0
19.4916,0.0130395,136.177,0.847783,0.0
19.4929,0.0131996,137.776,0.8369,0.0
19.4768,0.0134035,137.493,0.829419,0.0
19.4818,0.0134018,135.294,0.8369,0.0
19.4937,0.0133254,136.61,0.846762,0.0
19.4877,0.0133339,135.91,0.841321,0.0
19.4892,0.0134136,137.593,0.867846,0.0
19.5243,0.0136926,137.459,0.872267,0.0
19.52,0.013603,135.893,0.863086,0.0
19.486,0.0136986,137.126,0.847102,0.0
19.4894,0.0133641,136.277,0.818537,0.0
19.4935,0.0135202,137.359,0.83384,0.0
19.4882,0.0133836,136.476,0.840301,0.0
19.4958,0.0131884,136.077,0.837921,0.0
19.4942,0.013295,136.96,0.842682,0.0
19.4908,0.0139431,137.326,0.826358,0.0
19.4987,0.0136536,137.643,0.864786,0.0
19.4873,0.0133459,138.426,0.844382,0.0
19.4636,0.0136784,137.276,0.837921,0.0
19.4763,0.013656,136.51,0.841661,0.0
19.4833,0.0132472,134.927,0.840641,0.0
19.4843,0.0134629,137.509,0.854244,0.0
19.4894,0.0133398,137.893,0.83282,0.0
19.4805,0.0129063,136.193,0.853564,0.0
19.4841,0.0133033,139.292,0.849823,0.0
19.4906,0.0134439,139.309,0.841661,0.0
19.4925,0.0134502,138.359,0.848463,0.0
19.4935,0.0132148,136.16,0.845742,0.0
19.4899,0.0134572,137.076,0.83214,0.0
19.505,0.0131471,137.376,0.851863,0.0
19.4998,0.0133359,136.243,0.851183,0.0
19.4841,0.0135659,138.409,0.844382,0.0
19.4988,0.0135722,135.71,0.844722,0.0
19.4935,0.0136906,138.442,0.839281,0.0
19.4697,0.013616,137.626,0.855604,0.0
19.4839,0.0138142,136.143,0.848463,0.0
19.4932,0.013469,137.843,0.864786,0.0
19.4832,0.0133877,137.743,0.842342,0.0
19.5032,0.0135763,136.843,0.831119,0.0
19.5064,0.0135654,136.643,0.847443,0.0
19.4915,0.0135658,137.259,0.839621,0.0
19.4823,0.0133475,137.893,0.822278,0.0
19.4699,0.0137811,136.576,0.838941,0.0
19.4806,0.0138617,136.343,0.842342,0.0
19.4806,0.0133511,134.677,0.851183,0.0
19.4783,0.0132714,138.259,0.840641,0.0
19.5068,0.0132388,137.376,0.868527,0.0
19.4939,0.0135538,138.459,0.852543,0.0
19.4753,0.0128769,135.91,0.847783,0.0
19.4789,0.0132723,135.777,0.83588,0.0
19.47,0.0132727,137.909,0.820917,0.0
19.4784,0.0136256,138.676,0.843362,0.0
19.4979,0.0134981,138.176,0.841321,0.0
19.5031,0.0138734,138.059,0.855604,0.0
19.5015,0.0134716,138.092,0.874308,0.0
19.4892,0.0135061,136.96,0.83214,0.0
19.48,0.0135846,139.225,0.859685,0.0
19.4828,0.0133902,137.959,0.852543,0.0
19.4988,0.013798,138.026,0.848803,0.0
19.5153,0.0135002,138.126,0.854584,0.0
19.4977,0.0133226,137.593,0.865466,0.0
19.4752,0.0131791,136.293,0.828059,0.0
19.4734,0.0131956,135.71,0.858665,0.0
19.4753,0.0132766,136.91,0.843022,0.0
19.4863,0.0133665,137.359,0.850503,0.0
19.4925,0.0132999,137.243,0.848123,0.0
19.509,0.0133797,138.126,0.838601,0.0
19.5047,0.0135495,137.259,0.83554,0.0
19.4768,0.0135576,136.893,0.848803,0.0
19.4728,0.0137049,136.543,0.841321,0.0
19.4863,0.013445,137.176,0.855264,0.0
19.481,0.0133023,137.143,0.83282,0.0
19.474,0.0132991,136.626,0.859685,0.0
19.4862,0.0135753,137.943,0.817177,0.0
19.4834,0.013339,135.427,0.852884,0.0
19.4674,0.0134657,137.626,0.863086,0.0
19.4893,0.0133801,138.276,0.856624,0.0
19.4944,0.0133849,138.859,0.854924,0.0
19.4782,0.0133937,137.743,0.851183,0.0
19.4981,0.0135261,138.376,0.868186,0.0
19.5137,0.0134633,137.176,0.827719,0.0
19.4952,0.0135248,137.359,0.865806,0.0
19.4834,0.013323,136.526,0.840981,0.0
19.4932,0.0133709,139.175,0.858665,0.0
19.5063,0.0137251,137.16,0.840981,0.0
19.4911,0.0133271,136.493,0.857985,0.0
19.4724,0.0130266,135.56,0.846762,0.0
19.4697,0.0135087,136.893,0.844042,0.0
19.4661,0.0134607,138.026,0.824658,0.0
19.4808,0.0131705,136.91,0.868867,0.0
19.4738,0.0132186,136.343,0.842342,0.0
19.4667,0.0134013,136.76,0.860365,0.0
19.4907,0.0133355,138.392,0.852543,0.0
19.495,0.0133809,138.292,0.843022,0.0
19.4903,0.0135286,135.56,0.846082,0.0
19.4674,0.0137336,137.626,0.859345,0.0
19.4758,0.0132122,138.975,0.859685,0.0
19.5023,0.0133079,136.51,0.824658,0.0
19.4932,0.0136405,136.41,0.854924,0.0
19.4766,0.0133985,135.377,0.854244,0.0
19.4795,0.0133252,136.66,0.862065,0.0
19.5063,0.0137444,138.609,0.860365,0.0
19.5065,0.0133563,138.526,0.831459,0.0
19.4778,0.0134505,137.593,0.860705,0.0
19.4774,0.0135252,137.859,0.843362,0.0
19.4861,0.0132067,136.976,0.847783,0.0
19.4853,0.0135825,137.659,0.837921,0.0
19.4735,0.013463,137.309,0.840981,0.0
19.4651,0.0136647,138.309,0.850503,0.0
19.4932,0.0136056,137.093,0.860365,0.0
19.5118,0.0137055,137.493,0.853224,0.0
19.4902,0.0135656,137.443,0.842342,0.0
19.4718,0.0134132,138.159,0.83248,0.0
19.4819,0.0136335,137.326,0.83656,0.0
19.4756,0.0132187,137.259,0.870567,0.0
19.4767,0.0135342,138.176,0.841321,0.0
19.4933,0.0133592,136.41,0.839961,0.0
19.4801,0.0133233,136.876,0.870227,0.0
19.4787,0.0134524,138.242,0.829419,0.0
19.4888,0.0133337,137.743,0.826358,0.0
19.4862,0.0134214,135.96,0.848803,0.0
19.4749,0.0132847,137.776,0.862065,0.0
19.47,0.0133803,137.609,0.846082,0.0
19.4903,0.0133647,138.176,0.83486,0.0
19.4963,0.0133804,137.893,0.839621,0.0
19.4684,0.0134672,137.226,0.851863,0.0
19.4792,0.0134222,137.393,0.842342,0.0
19.4965,0.0131707,136.826,0.846422,0.0
19.482,0.0134776,138.042,0.859005,0.0
19.4892,0.0131747,137.809,0.873968,0.0
19.5056,0.0130704,137.843,0.848123,0.0
19.4945,0.0135178,137.176,0.83588,0.0
19.4767,0.0133117,136.66,0.844722,0.0
19.4858,0.013397,136.593,0.83486,0.0
19.4841,0.0137702,136.227,0.850843,0.0
19.4805,0.0133052,137.826,0.854244,0.0
19.4845,0.013496,137.243,0.851183,0.0
19.4857,0.013575,137.426,0.839961,0.0
19.4882,0.0133579,137.676,0.844042,0.0
19.4953,0.0134148,137.943,0.858325,0.0
19.4943,0.0135344,138.342,0.857644,0.0
19.5063,0.0131926,138.542,0.8335,0.0
19.5,0.0132302,137.01,0.83588,0.0
19.4784,0.0134111,136.576,0.820237,0.0
19.4693,0.0134496,137.143,0.83554,0.0
19.4639,0.0136197,137.043,0.838261,0.0
19.4838,0.0133586,136.976,0.849823,0.0
19.5009,0.0135366,135.893,0.83622,0.0
19.486,0.0132069,138.742,0.848803,0.0
19.4977,0.0132047,138.092,0.852884,0.0
19.4968,0.0136405,137.393,0.8352,0.0
19.4692,0.0133243,136.143,0.837241,0.0
19.4846,0.0133325,136.86,0.849143,0.0
19.5074,0.0133461,136.227,0.870567,0.0
19.4801,0.0136486,137.143,0.837241,0.0
19.4768,0.013057,137.06,0.845062,0.0
19.4929,0.013166,138.492,0.855944,0.0
19.4943,0.0135181,138.009,0.864786,0.0
19.5008,0.0133952,137.393,0.859005,0.0
19.4813,0.0136357,137.826,0.848463,0.0
19.4566,0.0136845,137.043,0.860025,0.0
19.4737,0.0133772,137.126,0.83554,0.0
19.4859,0.0133869,136.293,0.840981,0.0
19.4854,0.0134387,138.159,0.848463,0.0
19.487,0.0134982,137.309,0.854924,0.0
19.4888,0.0132256,137.11,0.855264,0.0
19.4899,0.0133162,136.41,0.839281,0.0
19.4869,0.0134701,135.86,0.838941,0.0
19.4909,0.0136501,137.726,0.83622,0.0
19.4949,0.0134845,136.093,0.844382,0.0
19.468,0.0133618,136.576,0.857644,0.0
19.4573,0.0136196,136.91,0.853564,0.0
19.4919,0.0135503,137.343,0.856284,0.0
19.4968,0.0135178,137.476,0.841321,0.0
19.4765,0.0134537,135.427,0.862065,0.0
19.4749,0.0129521,138.292,0.843022,0.0
19.4704,0.0136692,137.11,0.858665,0.0
19.4573,0.0134467,137.943,0.822618,0.0
19.47,0.0133282,137.309,0.867846,0.0
19.4804,0.0133562,136.676,0.829079,0.0
19.4799,0.0139949,136.393,0.852203,0.0
19.4811,0.0137957,136.143,0.859345,0.0
19.474,0.0133003,137.609,0.844722,0.0
19.4706,0.0134144,137.693,0.83214,0.0
19.4576,0.0133791,137.076,0.852203,0.0
19.4762,0.0135096,136.543,0.856964,0.0
19.508,0.0134895,136.676,0.8352,0.0
19.5035,0.0133405,137.043,0.845062,0.0
19.5027,0.0133348,137.926,0.851863,0.0
19.5098,0.0137258,137.343,0.853224,0.0
19.4915,0.0131383,136.077,0.827039,0.0
19.4868,0.0134881,136.227,0.845062,0.0
19.4975,0.0134515,138.359,0.847443,0.0
19.5099,0.0134234,136.343,0.837581,0.0
19.5087,0.0137339,137.809,0.838941,0.0
19.4911,0.0134657,137.06,0.839621,0.0
19.4763,0.0135898,135.61,0.841321,0.0
19.4844,0.0131757,136.426,0.83384,0.0
19.4834,0.0130884,136.776,0.852203,0.0
19.4769,0.0135448,137.909,0.858325,0.0
19.4801,0.0133862,137.543,0.839281,0.0
19.4737,0.0136477,136.66,0.854244,0.0
19.4756,0.0134503,137.393,0.851183,0.0
19.4761,0.0132667,137.976,0.848123,0.0
19.4711,0.0135962,136.243,0.861045,0.0
19.4757,0.0136656,137.626,0.848123,0.0
19.4963,0.0134228,137.16,0.846422,0.0
19.4981,0.0133201,136.76,0.870227,0.0
19.4872,0.0134756,138.209,0.853904,0.0
19.4871,0.0136468,138.659,0.842342,0.0
19.4764,0.0135426,136.493,0.848123,0.0
19.4835,0.0132198,139.109,0.865806,0.0
19.5033,0.013044,137.493,0.863426,0.0
19.4757,0.0134172,135.26,0.840981,0.0
19.4694,0.0133952,138.759,0.843702,0.0
19.4954,0.0134619,137.559,0.845402,0.0
19.4874,0.0134336,137.809,0.844722,0.0
19.4801,0.0134664,138.092,0.866486,0.0
19.5014,0.0134535,137.01,0.860025,0.0
19.503,0.0133681,137.343,0.828059,0.0
19.4915,0.0134965,137.526,0.844042,0.0
19.4923,0.0133853,135.693,0.844722,0.0
19.4719,0.0133791,137.526,0.83248,0.0
19.4856,0.0134242,135.594,0.829759,0.0
19.502,0.0130796,135.943,0.843362,0.0
19.4646,0.0134763,137.809,0.866486,0.0
19.4619,0.0135741,137.026,0.840301,0.0
19.4845,0.013446,137.293,0.838601,0.0
19.481,0.0132095,136.66,0.837581,0.0
19.4854,0.0132656,137.459,0.866826,0.0
19.5025,0.0134125,137.576,0.839621,0.0
19.4879,0.0135604,136.277,0.859005,0.0
19.4602,0.0130934,136.56,0.859005,0.0
19.486,0.0133363,136.46,0.851863,0.0
19.4851,0.0130672,136.643,0.858665,0.0
19.4589,0.0131206,137.709,0.855264,0.0
19.4852,0.0133576,137.143,0.837241,0.0
19.4939,0.0133358,135.627,0.866146,0.0
19.4815,0.0131238,137.726,0.852203,0.0
19.4968,0.013265,138.276,0.859345,0.0
19.4686,0.0133943,138.376,0.851183,0.0
19.4467,0.0134976,136.876,0.819897,0.0
19.4917,0.0134986,136.86,0.848803,0.0
19.5119,0.0136234,138.342,0.851523,0.0
19.4779,0.0133105,137.343,0.874648,0.0
19.4695,0.013406,138.142,0.848123,0.0
19.4876,0.0135611,136.46,0.837921,0.0
19.4851,0.0134536,136.776,0.843022,0.0
19.5059,0.0134604,138.276,0.851863,0.0
19.5341,0.0135205,137.293,0.83486,0.0
19.4913,0.0133007,136.46,0.838601,0.0
19.4635,0.0135574,136.96,0.841661,0.0
19.4758,0.0133729,136.726,0.828739,0.0
19.4946,0.0134795,138.842,0.851183,0.0
19.5051,0.0132305,137.11,0.848463,0.0
19.4877,0.0135499,137.509,0.878048,0.0
19.4729,0.0136691,136.743,0.845742,0.0
19.4684,0.0134627,137.393,0.846422,0.0
19.4742,0.0133583,137.459,0.83656,0.0
19.4849,0.0131746,138.925,0.864786,0.0
19.4844,0.0131486,136.81,0.860365,0.0
19.4908,0.0137513,137.576,0.848463,0.0
19.4803,0.0135058,136.593,0.858665,0.0
19.4724,0.0132493,135.927,0.862405,0.0
19.4959,0.0135764,136.643,0.812076,0.0
19.5113,0.0135118,138.359,0.851863,0.0
19.5069,0.0137081,136.66,0.861725,0.0
19.4851,0.0134299,135.677,0.848123,0.0
19.464,0.013663,135.993,0.831119,0.0
19.495,0.0135677,137.359,0.854244,0.0
19.51,0.0132189,137.026,0.856284,0.0
19.4821,0.0131437,137.026,0.828739,0.0
19.4822,0.0131545,137.843,0.843022,0.0
19.4991,0.0136928,136.793,0.842342,0.0
19.4854,0.0135077,138.192,0.840301,0.0
19.4806,0.0139003,136.26,0.845062,0.0
19.4814,0.0132291,136.143,0.837241,0.0
19.4902,0.0134623,135.66,0.83486,0.0
19.5121,0.0137734,137.559,0.850503,0.0
19.5046,0.0135069,137.943,0.83452,0.0
19.4887,0.0137109,136.726,0.843022,0.0
19.483,0.0133015,138.026,0.828739,0.0
19.4843,0.013378,137.326,0.838941,0.0
19.5031,0.0135446,136.426,0.876008,0.0
19.5087,0.0134823,136.093,0.83248,0.0
19.4912,0.0139213,136.926,0.844722,0.0
19.4776,0.0136647,136.776,0.852543,0.0
19.4813,0.0135112,136.81,0.821938,0.0
19.4838,0.0138148,136.826,0.854924,0.0
19.4975,0.013466,137.293,0.848463,0.0
19.5001,0.0137616,138.292,0.843362,0.0
19.475,0.0135789,138.509,0.840301,0.0
19.4768,0.0136927,138.276,0.830439,0.0
19.4904,0.0136704,136.86,0.837581,0.0
19.4842,0.0136903,137.809,0.860705,0.0
19.487,0.0135346,137.076,0.846422,0.0
19.4998,0.0133262,136.743,0.865466,0.0
19.4978,0.0134793,138.026,0.846422,0.0
19.4899,0.013542,137.893,0.852203,0.0
19.4883,0.013821,137.526,0.843702,0.0
19.4815,0.0133559,136.86,0.848123,0.0
19.4753,0.013626,137.409,0.843022,0.0
19.4856,0.0135843,136.793,0.83588,0.0
19.4944,0.0133575,137.276,0.83418,0.0
19.4945,0.0132754,136.726,0.837241,0.0
19.4797,0.0135551,137.609,0.838601,0.0
19.4648,0.0136386,136.56,0.843022,0.0
19.4767,0.0134402,137.493,0.854584,0.0
19.481,0.0137655,136.893,0.850843,0.0
19.4637,0.0135927,136.76,0.846082,0.0
19.4704,0.0134709,136.526,0.840981,0.0
19.4834,0.0131761,136.26,0.838601,0.0
19.4771,0.0134717,138.359,0.838261,0.0
19.4845,0.0132768,138.009,0.848463,0.0
19.5056,0.0135333,138.309,0.849823,0.0
19.4982,0.0137806,137.959,0.859685,0.0
19.4959,0.0135481,136.36,0.826699,0.0
19.497,0.0133747,136.393,0.849483,0.0
19.4798,0.013521,137.509,0.838941,0.0
19.4622,0.0136594,137.643,0.864786,0.0
19.4767,0.0133642,137.343,0.852203,0.0
19.503,0.013422,136.66,0.861385,0.0
19.496,0.0136075,136.776,0.862745,0.0
19.4617,0.0136148,136.36,0.853224,0.0
19.4452,0.0132841,137.06,0.850503,0.0
19.4707,0.0133883,136.31,0.844042,0.0
19.4923,0.0132948,137.126,0.850843,0.0
19.4888,0.0135833,136.277,0.845742,0.0
19.4765,0.0137053,139.559,0.868527,0.0
19.4935,0.0135584,137.176,0.857304,0.0
19.4943,0.0134746,137.459,0.866146,0.0
19.4882,0.0136034,137.759,0.848803,0.0
19.4981,0.0138449,137.343,0.854924,0.0
19.4742,0.0134855,137.776,0.837921,0.0
19.475,0.0133478,137.626,0.813776,0.0
19.5095,0.0132636,136.26,0.849143,0.0
19.4908,0.013451,137.01,0.839281,0.0
19.4554,0.0133437,138.076,0.830439,0.0
19.4829,0.0134287,137.576,0.839281,0.0
19.5133,0.0135501,137.11,0.863086,0.0
19.5167,0.0136907,137.076,0.862405,0.0
19.5104,0.0132095,138.692,0.849483,0.0
19.4961,0.0136998,136.493,0.848463,0.0
19.4926,0.013518,136.876,0.865126,0.0
19.4975,0.0131691,138.176,0.849823,0.0
19.4841,0.0129001,136.81,0.851183,0.0
19.4902,0.0135174,138.042,0.846082,0.0
19.5133,0.013621,136.876,0.849483,0.0
19.4962,0.0136509,136.776,0.839621,0.0
19.4751,0.0135784,136.676,0.843362,0.0
19.478,0.0137015,136.327,0.826699,0.0
19.4867,0.0136521,137.759,0.859005,0.0
19.4947,0.0136506,135.927,0.850503,0.0
19.4884,0.0136838,137.16,0.842682,0.0
19.4882,0.0133594,137.576,0.853904,0.0
19.4857,0.0134532,136.476,0.846762,0.0
19.479,0.0135401,136.86,0.837921,0.0
19.4707,0.0133061,138.026,0.846762,0.0
19.4772,0.013506,138.176,0.856284,0.0
19.4926,0.013345,137.659,0.83452,0.0
19.4843,0.0133259,137.426,0.8352,0.0
19.4857,0.013401,137.309,0.819897,0.0
19.483,0.0133278,136.726,0.863766,0.0
19.4832,0.0134635,136.31,0.845402,0.0
19.4941,0.0135787,138.109,0.844042,0.0
19.5005,0.0133618,136.377,0.862745,0.0
19.4952,0.0134915,135.177,0.857644,0.0
19.4771,0.0132723,137.476,0.848123,0.0
19.493,0.0133917,136.26,0.854924,0.0
19.5039,0.013654,138.242,0.831459,0.0
19.4918,0.0138227,138.426,0.844382,0.0
19.4899,0.0139505,135.843,0.848463,0.0
19.4749,0.0135683,137.526,0.847783,0.0
19.4771,0.0132783,136.91,0.824658,0.0
19.503,0.0136346,137.693,0.844722,0.0
19.5079,0.0136856,136.993,0.828739,0.0
19.4803,0.0134308,138.509,0.839961,0.0
19.4807,0.0137633,135.71,0.83282,0.0
19.4804,0.0135692,137.659,0.848803,0.0
19.4726,0.0135283,136.676,0.843702,0.0
19.4938,0.0134974,137.01,0.846082,0.0
19.4872,0.0132494,136.71,0.863766,0.0
19.4516,0.0135526,137.459,0.848463,0.0
19.4659,0.0133502,137.226,0.83452,0.0
19.4819,0.0134694,136.743,0.844722,0.0
19.4701,0.0134543,138.892,0.862745,0.0
19.4692,0.0140767,137.376,0.855944,0.0
19.4814,0.0135653,137.776,0.83282,0.0
19.4866,0.0136669,137.026,0.844382,0.0
19.4862,0.0132261,136.31,0.853564,0.0
19.4955,0.0136078,138.192,0.846762,0.0
19.5022,0.0133845,136.76,0.843702,0.0
19.4794,0.0133363,136.993,0.859685,0.0
19.4648,0.0134148,137.276,0.862065,0.0
19.4754,0.0133692,136.96,0.858325,0.0
19.4703,0.013262,137.376,0.858665,0.0
19.4586,0.0133631,136.41,0.857304,0.0
19.4889,0.013409,136.926,0.851523,0.0
19.5169,0.0135766,137.993,0.826018,0.0
19.4904,0.0138155,137.826,0.859345,0.0
19.4727,0.0132165,136.593,0.849143,0.0
19.4896,0.0133096,137.743,0.846762,0.0
19.4998,0.0134539,137.776,0.843362,0.0
19.4887,0.013665,136.826,0.844382,0.0
19.4838,0.0134681,139.425,0.859345,0.0
19.4705,0.0133404,137.859,0.83588,0.0
19.4767,0.0136077,136.227,0.831119,0.0
19.5011,0.0131211,138.992,0.857304,0.0
19.4958,0.0136206,138.476,0.822618,0.0
19.4792,0.0137518,136.043,0.854924,0.0
19.4912,0.0133084,137.259,0.864786,0.0
19.507,0.0137407,136.043,0.840641,0.0
19.4892,0.0136395,136.643,0.848803,0.0
19.4701,0.0131464,139.725,0.848463,0.0
19.484,0.0133195,137.776,0.843022,0.0
19.4923,0.0132927,138.576,0.8318,0.0
19.4863,0.0137347,137.609,0.850163,0.0
19.4685,0.0135371,138.126,0.8335,0.0
19.4612,0.0134857,137.243,0.840301,0.0
19.4893,0.0134629,137.309,0.857304,0.0
19.4981,0.0138091,138.892,0.852203,0.0
19.4819,0.0135519,138.026,0.857985,0.0
19.4726,0.0137749,136.626,0.826699,0.0
19.482,0.0136857,137.476,0.844722,0.0
19.4884,0.0131602,137.176,0.862745,0.0
19.4813,0.0129906,137.443,0.830099,0.0
19.4845,0.0136342,136.693,0.856624,0.0
19.4976,0.0133988,137.126,0.83418,0.0
19.5016,0.0137228,134.827,0.844382,0.0
19.4855,0.0132058,136.21,0.855604,0.0
19.477,0.0133027,136.726,0.847102,0.0
19.4905,0.0134831,137.726,0.840641,0.0
19.4841,0.0134035,136.227,0.847102,0.0
19.4795,0.0135359,137.076,0.843362,0.0
19.4624,0.0133143,136.327,0.830099,0.0
19.4546,0.0134927,136.826,0.854924,0.0
19.4661,0.0136492,136.91,0.846422,0.0
19.4624,0.0137681,138.042,0.859005,0.0
19.4728,0.0135435,138.076,0.837921,0.0
19.5186,0.0132682,137.843,0.848803,0.0
19.4957,0.0133862,137.693,0.826358,0.0
19.4553,0.0134341,137.576,0.848463,0.0
19.4948,0.0135027,135.36,0.861385,0.0
19.5158,0.0135975,136.243,0.842001,0.0
19.4832,0.0133076,136.86,0.821598,0.0
19.4932,0.0134241,137.626,0.855604,0.0
19.5145,0.0131309,136.893,0.821257,0.0
19.5083,0.0132281,138.459,0.860365,0.0
19.4977,0.0133587,136.993,0.849143,0.0
19.4856,0.0132544,137.293,0.853224,0.0
19.4786,0.0135035,136.71,0.852203,0.0
19.4974,0.0134061,138.009,0.851863,0.0
19.4986,0.0136468,136.693,0.83588,0.0
19.4922,0.0137272,138.326,0.841661,0.0
19.4929,0.0134502,136.86,0.840981,0.0
19.4846,0.012954,137.793,0.857304,0.0
19.4827,0.0137026,138.276,0.849483,0.0
19.4964,0.0133819,137.759,0.819217,0.0
19.4769,0.0135937,135.344,0.837241,0.0
19.4588,0.0138652,136.526,0.840641,0.0
19.496,0.013649,137.209,0.875668,0.0
19.4967,0.0136927,137.293,0.861385,0.0
19.4744,0.0137885,137.826,0.860025,0.0
19.4879,0.0134795,136.243,0.839621,0.0
19.4873,0.013819,136.86,0.862065,0.0
19.4881,0.0132798,136.976,0.857644,0.0
19.4904,0.0133304,136.643,0.846422,0.0
19.476,0.0134079,136.526,0.845402,0.0
19.4663,0.013257,137.959,0.827379,0.0
19.47,0.013279,137.359,0.839281,0.0
19.4824,0.0134388,137.576,0.83554,0.0
19.4871,0.0135062,138.459,0.865466,0.0
19.4862,0.0137563,136.327,0.83316,0.0
19.4717,0.0133919,137.459,0.863426,0.0
19.4668,0.0136326,136.676,0.846422,0.0
19.482,0.0133823,137.193,0.838941,0.0
19.4932,0.0137093,138.309,0.844722,0.0
19.4736,0.0136729,136.81,0.855944,0.0
19.4706,0.013476,137.243,0.839281,0.0
19.5124,0.0135123,138.209,0.844042,0.0
19.5123,0.0136836,134.944,0.847102,0.0
19.4847,0.0135837,137.593,0.831119,0.0
19.4913,0.0134882,137.843,0.848463,0.0
19.4908,0.0134751,137.943,0.857985,0.0
19.4828,0.0133528,137.259,0.844382,0.0
19.4838,0.0132531,136.51,0.856624,0.0
19.4776,0.0130535,138.009,0.849143,0.0
19.4724,0.0130794,136.676,0.848463,0.0
19.4775,0.0133526,135.743,0.860365,0.0
19.4982,0.0133215,136.826,0.823298,0.0
19.4952,0.013331,136.06,0.847783,0.0
19.4725,0.0134101,137.693,0.846082,0.0
19.4783,0.0135037,137.026,0.865126,0.0
19.4915,0.013511,137.243,0.838261,0.0
19.4813,0.0136093,137.326,0.846422,0.0
19.4905,0.0134486,137.276,0.837921,0.0
19.5006,0.0134182,136.976,0.843022,0.0
19.4918,0.0134687,137.376,0.844722,0.0
19.4824,0.0132422,137.493,0.852884,0.0
19.4684,0.0135417,136.526,0.83554,0.0
19.4741,0.0135274,137.259,0.856284,0.0
19.4923,0.0135013,137.593,0.873628,0.0
19.4727,0.0134062,138.126,0.846422,0.0
19.4671,0.0137038,137.926,0.842001,0.0
19.4919,0.0133472,137.709,0.8318,0.0
19.5081,0.0135205,136.81,0.870567,0.0
19.5033,0.0132235,137.243,0.845062,0.0
19.4917,0.0133582,138.126,0.853224,0.0
19.4944,0.0138844,136.643,0.822278,0.0
19.5023,0.0133643,137.11,0.866146,0.0
19.4757,0.013402,137.259,0.83282,0.0
19.4664,0.0134066,135.927,0.854244,0.0
19.489,0.013571,136.46,0.83486,0.0
19.4873,0.0136384,138.276,0.867506,0.0
19.4756,0.0134755,136.043,0.875668,0.0
19.4918,0.0137378,137.026,0.850163,0.0
19.4953,0.0133281,136.643,0.844042,0.0
19.4836,0.0138825,137.093,0.842342,0.0
19.4733,0.0137064,137.343,0.839961,0.0
19.4752,0.0132809,137.093,0.818537,0.0
19.4837,0.0135296,137.376,0.845742,0.0
19.4766,0.0136101,137.026,0.866486,0.0
19.4792,0.0133588,137.693,0.865466,0.0
19.4966,0.0137924,136.493,0.83588,0.0
19.4875,0.0132621,138.509,0.866486,0.0
19.4994,0.0134635,137.293,0.842682,0.0
19.4981,0.0133821,136.46,0.83622,0.0
19.4636,0.0132796,137.143,0.868867,0.0
19.4761,0.0131865,138.326,0.845402,0.0
19.4893,0.0136341,137.776,0.858325,0.0
19.489,0.0136443,138.092,0.83622,0.0
19.5078,0.0135181,137.859,0.850163,0.0
19.5159,0.0132476,137.959,0.855264,0.0
19.4944,0.0137702,136.876,0.819217,0.0
19.4739,0.0137466,137.06,0.869887,0.0
19.4851,0.0137046,136.926,0.847443,0.0
19.49,0.0135036,136.726,0.853224,0.0
19.4771,0.0132817,137.409,0.830779,0.0
19.4945,0.0134755,136.093,0.861725,0.0
19.5069,0.013589,138.059,0.838261,0.0
19.4976,0.0132503,136.31,0.8369,0.0
19.4941,0.0134086,137.259,0.83656,0.0
19.4911,0.0135962,136.81,0.823638,0.0
19.4779,0.0133799,138.842,0.861725,0.0
19.4875,0.0133088,137.676,0.824658,0.0
19.5085,0.0135358,137.076,0.860365,0.0
19.5074,0.0135755,137.976,0.864786,0.0
19.4957,0.0133746,136.36,0.839281,0.0
19.4862,0.0135027,137.06,0.841661,0.0
19.4873,0.0133636,136.926,0.837241,0.0
19.4847,0.0132756,137.026,0.838941,0.0
19.4867,0.0134181,138.726,0.840641,0.0
19.5098,0.0136814,137.576,0.857644,0.0
19.526,0.0132492,136.71,0.843022,0.0
19.5181,0.0130148,136.26,0.83554,0.0
19.4817,0.0134414,137.393,0.847443,0.0
19.464,0.0134821,138.576,0.840301,0.0
19.495,0.0133461,137.559,0.827379,0.0
19.4949,0.0134215,135.993,0.867506,0.0
19.4784,0.0137267,137.193,0.83384,0.0
19.4811,0.0133361,137.143,0.842001,0.0
19.4668,0.0135541,137.443,0.849143,0.0
19.487,0.0132405,136.593,0.830779,0.0
19.5207,0.0134476,136.593,0.855944,0.0
19.5,0.0136557,136.893,0.819557,0.0
19.4891,0.0139027,137.626,0.871247,0.0
19.5102,0.0135226,136.61,0.842682,0.0
19.5081,0.0137727,136.643,0.842342,0.0
19.4824,0.0131537,136.926,0.83622,0.0
19.4762,0.0138271,137.326,0.8318,0.0
19.4852,0.0139701,137.526,0.839281,0.0
19.4861,0.0131973,135.977,0.8318,0.0
19.496,0.0133009,137.393,0.845402,0.0
19.4837,0.0136241,137.726,0.855264,0.0
19.4842,0.0137319,136.626,0.851523,0.0
19.4998,0.0136584,137.409,0.844042,0.0
19.4798,0.0132287,136.86,0.83418,0.0
19.4793,0.0135965,137.643,0.855604,0.0
19.489,0.0138988,137.226,0.856624,0.0
19.4929,0.0135458,138.209,0.841321,0.0
19.4968,0.0135807,137.876,0.863086,0.0
19.4883,0.013119,138.209,0.867846,0.0
19.4891,0.0130664,138.309,0.850163,0.0
19.4907,0.0129324,136.576,0.844382,0.0
19.4729,0.0132542,137.809,0.837581,0.0
19.4731,0.0131299,134.494,0.853904,0.0
19.4867,0.0130818,137.076,0.842682,0.0
19.4844,0.0134302,137.759,0.854924,0.0
19.4583,0.0136045,136.293,0.83622,0.0
19.4511,0.0131847,137.476,0.849823,0.0
19.4874,0.0132193,137.16,0.891311,0.0
19.4956,0.0134333,137.459,0.848123,0.0
19.4936,0.0136538,137.16,0.854244,0.0
19.5061,0.013418,137.809,0.850843,0.0
19.5067,0.0133316,135.56,0.846082,0.0
19.4802,0.0133884,135.594,0.837581,0.0
19.4624,0.0133479,136.127,0.853904,0.0
19.481,0.0135798,136.476,0.843702,0.0
19.4911,0.0134484,138.342,0.862745,0.0
19.4794,0.0128947,134.394,0.860025,0.0
19.4903,0.0133498,136.293,0.862745,0.0
19.484,0.0133976,137.276,0.847783,0.0
19.4813,0.0132942,140.158,0.83656,0.0
19.4884,0.0132003,136.81,0.844722,0.0
19.4802,0.013592,137.876,0.861725,0.0
19.4821,0.0132247,136.027,0.850843,0.0
19.4782,0.0133252,136.243,0.854584,0.0
19.4691,0.0132322,137.759,0.837921,0.0
19.4837,0.0136121,138.442,0.843362,0.0
19.5007,0.0133454,137.776,0.837921,0.0
19.4837,0.013407,136.743,0.840301,0.0
19.4813,0.0134634,136.11,0.870227,0.0
19.4902,0.0135282,137.426,0.826699,0.0
19.4791,0.0136266,138.309,0.846082,0.0
19.4787,0.013124,137.11,0.854924,0.0
19.4848,0.0131769,137.409,0.83588,0.0
19.4807,0.0130712,137.509,0.850503,0.0
19.4716,0.0132952,137.643,0.847102,0.0
19.4753,0.0134692,137.493,0.865126,0.0
19.4959,0.0134508,137.543,0.848123,0.0
19.5004,0.0133596,137.01,0.872267,0.0
19.4739,0.0134428,137.226,0.846082,0.0
19.4807,0.0132443,136.993,0.827379,0.0
19.4846,0.0133638,137.876,0.852884,0.0
19.4831,0.0135727,137.793,0.850503,0.0
19.5024,0.0133324,137.309,0.843702,0.0
19.4995,0.0136212,139.292,0.843702,0.0
19.4924,0.0135565,137.209,0.859005,0.0
19.495,0.0132639,136.926,0.83486,0.0
19.5018,0.013322,138.309,0.851523,0.0
19.4997,0.0132719,135.427,0.840641,0.0
19.4802,0.0133207,136.576,0.854924,0.0
19.4792,0.0131397,138.076,0.862065,0.0
19.5012,0.0135691,136.21,0.841661,0.0
19.4798,0.0135929,137.426,0.844042,0.0
19.4745,0.0132295,137.943,0.863766,0.0
19.4895,0.013728,138.109,0.8369,0.0
19.4828,0.0133243,138.009,0.866826,0.0
19.4814,0.0135608,138.676,0.860705,0.0
19.489,0.0130878,137.743,0.860025,0.0
19.4854,0.0132514,136.81,0.848123,0.0
19.4845,0.0136437,138.442,0.860025,0.0
19.4935,0.0133924,138.109,0.865466,0.0
19.4837,0.0133542,136.31,0.830099,0.0
19.4775,0.0132566,138.609,0.854924,0.0
19.4917,0.0133553,136.643,0.852543,0.0
19.4786,0.0130591,137.259,0.842682,0.0
19.4769,0.0133506,137.659,0.83656,0.0
19.5015,0.013476,136.343,0.847102,0.0
19.4926,0.0136354,137.309,0.857985,0.0
19.4794,0.0134919,137.443,0.859005,0.0
19.4807,0.01318,135.66,0.826358,0.0
19.4884,0.01325,136.093,0.821257,0.0
19.5059,0.0134624,137.176,0.842342,0.0
19.5191,0.0135778,137.709,0.868527,0.0
19.4973,0.0135606,137.276,0.860025,0.0
19.4798,0.0136573,136.81,0.854244,0.0
19.4882,0.0135425,137.976,0.863426,0.0
19.4837,0.0136555,136.41,0.844722,0.0
19.4703,0.0134409,136.86,0.83282,0.0
19.4861,0.0132771,139.975,0.840641,0.0
19.4975,0.0137604,136.81,0.854924,0.0
19.4839,0.0135482,138.226,0.83622,0.0
19.4912,0.0135114,137.226,0.838261,0.0
19.4867,0.013764,136.976,0.852884,0.0
19.4685,0.0134373,137.359,0.863086,0.0
19.4929,0.0135587,137.876,0.83384,0.0
19.4988,0.0133551,137.693,0.844042,0.0
19.4723,0.0135951,137.826,0.828739,0.0
19.4909,0.0135825,136.377,0.859005,0.0
19.5049,0.0135519,137.643,0.844722,0.0
19.4943,0.0134757,137.843,0.848123,0.0
19.4981,0.0136524,137.026,0.859345,0.0
19.4923,0.0136396,136.426,0.826018,0.0
19.4944,0.0132357,136.526,0.837921,0.0
19.4905,0.0134573,138.542,0.865466,0.0
19.4784,0.0134545,137.826,0.862745,0.0
19.4653,0.0136795,135.91,0.8369,0.0
19.4695,0.0134991,137.709,0.851523,0.0
19.4838,0.0132706,136.56,0.847102,0.0
19.4655,0.0134784,136.66,0.83282,0.0
19.4786,0.0135905,136.726,0.868186,0.0
19.5013,0.0134775,137.643,0.840641,0.0
19.4929,0.0132136,137.859,0.860365,0.0
19.4892,0.0134889,137.509,0.878729,0.0
19.5014,0.0135772,136.843,0.852203,0.0
19.5125,0.0137557,136.193,0.847443,0.0
19.4944,0.0135433,137.859,0.851863,0.0
19.4803,0.0131694,138.026,0.83282,0.0
19.4835,0.0133158,136.21,0.841321,0.0
19.4802,0.0135762,138.209,0.847443,0.0
19.4981,0.013731,136.11,0.852203,0.0
19.4896,0.0137053,136.426,0.840641,0.0
19.4675,0.0135835,137.393,0.851183,0.0
19.4833,0.0133189,137.993,0.847102,0.0
19.4815,0.0134051,137.093,0.843362,0.0
19.48,0.013213,138.559,0.848123,0.0
19.4948,0.0136149,137.426,0.872607,0.0
19.4658,0.013393,137.043,0.851523,0.0
19.4671,0.0135028,136.46,0.8369,0.0
19.5082,0.0134074,137.293,0.837921,0.0
19.4884,0.0136357,135.693,0.857304,0.0
19.4644,0.0134482,136.943,0.854584,0.0
19.4854,0.0137241,137.893,0.8335,0.0
19.5071,0.0136117,138.126,0.853904,0.0
19.5013,0.0135776,137.426,0.857304,0.0
19.4898,0.0135183,137.209,0.848123,0.0
19.4781,0.0136132,136.093,0.863086,0.0
19.47,0.013791,138.409,0.865806,0.0
19.4854,0.0139206,137.459,0.844042,0.0
19.4988,0.0137361,137.493,0.860025,0.0
19.49,0.0138026,137.343,0.842001,0.0
19.4774,0.0137948,135.86,0.851183,0.0
19.4884,0.0136125,137.026,0.845062,0.0
19.4932,0.0133112,137.459,0.845062,0.0
19.4929,0.0133862,137.909,0.844042,0.0
19.4925,0.0134903,136.177,0.846762,0.0
19.4882,0.013299,137.326,0.848463,0.0
19.4953,0.0133546,138.026,0.829419,0.0
19.4873,0.0136021,136.893,0.825678,0.0
19.4886,0.0136097,136.277,0.848123,0.0
19.4968,0.0137223,136.393,0.857644,0.0
19.5029,0.0135645,137.026,0.813776,0.0
19.5069,0.0134395,137.709,0.827039,0.0
19.4844,0.013341,136.177,0.862745,0.0
19.4819,0.0133488,138.709,0.859345,0.0
19.4918,0.0137098,136.926,0.883489,0.0
19.482,0.0134133,135.344,0.849143,0.0
19.4792,0.0134018,137.276,0.855944,0.0
19.4903,0.0136433,136.96,0.842001,0.0
19.4817,0.013599,136.876,0.863766,0.0
19.4782,0.0138359,137.626,0.850163,0.0
19.4961,0.0138057,135.843,0.849143,0.0
19.4838,0.0133429,136.51,0.843022,0.0
19.474,0.0132156,135.027,0.850163,0.0
19.4937,0.0134018,137.143,0.849483,0.0
19.5046,0.013248,138.026,0.876008,0.0
19.4852,0.0133315,138.026,0.856284,0.0
19.474,0.0134468,136.143,0.863426,0.0
19.4864,0.0131412,139.142,0.854244,0.0
19.4823,0.0134688,135.81,0.849823,0.0
19.4689,0.0133518,137.393,0.851183,0.0
19.4891,0.013484,137.476,0.838941,0.0
19.491,0.0133341,135.71,0.860705,0.0
19.4626,0.0133671,137.293,0.862065,0.0
19.4744,0.0131803,137.243,0.826358,0.0
19.4784,0.0130005,135.977,0.851523,0.0
19.4601,0.0134147,137.326,0.8369,0.0
19.4901,0.0138054,137.276,0.866826,0.0
19.5016,0.0133564,137.376,0.846422,0.0
19.4729,0.013531,135.843,0.83588,0.0
19.4621,0.0134583,137.893,0.846082,0.0
19.4752,0.0136328,137.993,0.844042,0.0
19.4789,0.0134519,136.443,0.852203,0.0
19.4872,0.0134592,138.459,0.877368,0.0
19.5022,0.0134895,137.959,0.853564,0.0
19.4966,0.0132412,138.626,0.860365,0.0
19.4829,0.0132654,136.243,0.83384,0.0
19.479,0.0131934,138.026,0.843702,0.0
19.4904,0.0133407,139.292,0.842342,0.0
19.4755,0.0134318,135.727,0.830439,0.0
19.4609,0.0134521,136.26,0.857644,0.0
19.4661,0.0134592,137.893,0.845402,0.0
19.4709,0.013434,137.776,0.862065,0.0
19.478,0.0133487,136.843,0.83418,0.0
19.4806,0.013283,137.293,0.841661,0.0
19.4761,0.0130029,137.326,0.837581,0.0
19.4797,0.0133448,138.242,0.859005,0.0
19.4891,0.0134307,137.659,0.866146,0.0
19.4824,0.0135827,137.16,0.823978,0.0
19.4882,0.0135233,139.658,0.856624,0.0
19.4978,0.013481,137.426,0.840981,0.0
19.4848,0.0134938,136.893,0.851183,0.0
19.4799,0.013025,138.809,0.856624,0.0
19.4927,0.0132938,136.426,0.826699,0.0
19.5054,0.0134171,136.26,0.854584,0.0
19.5015,0.0134879,138.226,0.852884,0.0
19.5004,0.0137426,137.343,0.847102,0.0
19.4793,0.0134873,136.443,0.853564,0.0
19.4552,0.0133254,138.059,0.853564,0.0
19.4641,0.0135562,135.927,0.83656,0.0
19.4996,0.0135689,136.11,0.829079,0.0
19.5116,0.013473,139.142,0.847102,0.0
19.5004,0.0135338,135.893,0.837581,0.0
19.4886,0.0134361,137.943,0.83384,0.0
19.4973,0.0133884,138.409,0.841321,0.0
19.4888,0.013469,136.676,0.868527,0.0
19.4628,0.0132293,137.426,0.848803,0.0
19.4749,0.0132409,137.143,0.847783,0.0
19.4886,0.0132195,136.726,0.83656,0.0
19.4915,0.0136144,136.893,0.848123,0.0
19.496,0.0136207,136.726,0.842001,0.0
19.5046,0.0137585,137.626,0.851523,0.0
19.4852,0.0137066,136.027,0.876008,0.0
19.4862,0.0135743,138.176,0.866826,0.0
19.512,0.0138178,137.559,0.837241,0.0
19.4847,0.0134148,136.526,0.847443,0.0
19.4727,0.013493,138.509,0.843362,0.0
19.4887,0.0136425,136.776,0.855264,0.0
19.4864,0.0131798,137.093,0.83554,0.0
19.4808,0.0133297,136.726,0.824658,0.0
19.4999,0.0135196,138.176,0.851523,0.0
19.5023,0.0133693,136.976,0.852203,0.0
19.5038,0.0132431,138.459,0.830099,0.0
19.4935,0.0133061,136.81,0.827039,0.0
19.4831,0.0135645,136.643,0.847102,0.0
19.4998,0.0136963,137.293,0.852203,0.0
19.4878,0.0136926,138.309,0.845742,0.0
19.4712,0.0136974,138.676,0.856964,0.0
19.4961,0.0134767,136.876,0.824998,0.0
19.4985,0.0134452,137.743,0.865806,0.0
19.4749,0.0134875,137.709,0.838601,0.0
19.489,0.0134211,138.326,0.848123,0.0
19.5222,0.0137634,137.959,0.865126,0.0
19.4912,0.0132748,137.459,0.851863,0.0
19.4514,0.0135385,136.71,0.83316,0.0
19.4735,0.0133345,137.476,0.850503,0.0
19.4888,0.0131648,137.376,0.8352,0.0
19.4788,0.0134769,136.16,0.845402,0.0
19.4856,0.0132855,137.243,0.841321,0.0
19.5107,0.0136557,136.843,0.868867,0.0
19.5036,0.0134912,138.359,0.845062,0.0
19.5033,0.01342,136.693,0.850163,0.0
19.5022,0.0135741,136.793,0.830099,0.0
19.492,0.0133924,136.077,0.838601,0.0
19.5125,0.0134825,136.86,0.861385,0.0
19.5297,0.0131314,137.359,0.844722,0.0
19.5155,0.0132564,137.343,0.854244,0.0
19.4871,0.0132284,136.243,0.853224,0.0
19.482,0.0135054,135.793,0.83452,0.0
19.4874,0.0134923,137.859,0.842682,0.0
19.4974,0.0132384,136.526,0.855604,0.0
19.4915,0.01336,138.642,0.846762,0.0
19.4737,0.0134735,138.092,0.851183,0.0
19.4782,0.0136446,137.459,0.849143,0.0
19.503,0.0133642,138.909,0.870567,0.0
19.5058,0.0133707,136.71,0.840641,0.0
19.4857,0.0131606,136.06,0.860025,0.0
19.4734,0.0136077,138.426,0.838261,0.0
19.4895,0.0133393,138.626,0.850163,0.0
19.5197,0.0134792,137.859,0.824318,0.0
19.5098,0.0131595,137.793,0.83384,0.0
19.4869,0.0134561,137.176,0.829759,0.0
19.4778,0.013347,137.243,0.830779,0.0
19.4738,0.0134533,136.976,0.83554,0.0
19.4605,0.013034,137.843,0.867846,0.0
19.473,0.0135116,138.342,0.843702,0.0
19.501,0.0134484,136.31,0.869887,0.0
19.4954,0.0133199,136.726,0.829759,0.0
19.4931,0.0135463,137.06,0.871587,0.0
19.4937,0.0135287,137.443,0.83622,0.0
19.4691,0.0133426,137.01,0.851523,0.0
19.4698,0.0133883,136.626,0.842001,0.0
19.4761,0.0134706,135.91,0.844042,0.0
19.4788,0.0133342,136.426,0.837921,0.0
19.5084,0.0133552,137.843,0.847783,0.0
19.4968,0.0138699,137.676,0.840981,0.0
19.4643,0.0134571,136.293,0.83384,0.0
19.4849,0.0133163,137.176,0.868527,0.0
19.4914,0.0135977,137.493,0.856624,0.0
19.4796,0.0132687,137.743,0.844042,0.0
19.5027,0.0134965,136.01,0.843362,0.0
19.5041,0.0134801,137.743,0.845402,0.0
19.5034,0.0136883,138.009,0.847783,0.0
19.503,0.0136581,136.526,0.847102,0.0
19.487,0.0133993,137.793,0.838261,0.0
19.5184,0.0134523,137.076,0.865466,0.0
19.5051,0.0134299,137.543,0.846422,0.0
19.4677,0.0137015,136.826,0.821598,0.0
19.485,0.0136406,137.309,0.874648,0.0
19.476,0.0137166,137.726,0.858325,0.0
19.4756,0.0136752,137.543,0.83486,0.0
19.4913,0.0137048,138.459,0.821257,0.0
19.4797,0.0135615,139.459,0.838601,0.0
19.4718,0.0134668,137.976,0.844722,0.0
19.4803,0.0136213,136.36,0.850503,0.0
19.4869,0.0133447,138.159,0.866826,0.0
19.4943,0.0136063,137.643,0.862745,0.0
19.5006,0.0135765,137.259,0.845402,0.0
19.4873,0.0133145,137.143,0.848123,0.0
19.4804,0.0130389,136.31,0.846422,0.0
19.4903,0.0131869,137.659,0.873968,0.0
19.4871,0.0131975,137.559,0.851523,0.0
19.4901,0.0135721,137.426,0.839961,0.0
19.4787,0.0136234,138.409,0.845742,0.0
19.4735,0.0134401,139.225,0.840641,0.0
19.5023,0.0132866,136.893,0.838941,0.0
19.4979,0.0131999,137.459,0.858665,0.0
19.4859,0.0132566,135.993,0.848463,0.0
19.4799,0.0135013,137.343,0.841661,0.0
19.4715,0.0137262,137.143,0.865466,0.0
19.4997,0.01386,137.559,0.846082,0.0
19.5179,0.0134123,137.809,0.843702,0.0
19.505,0.0136582,136.526,0.827039,0.0
19.4861,0.0134323,137.243,0.851523,0.0
19.4826,0.0135216,137.626,0.83316,0.0
19.474,0.0134775,136.476,0.856284,0.0
19.4802,0.0136505,135.077,0.837921,0.0
19.4863,0.0133309,137.16,0.865126,0.0
19.4735,0.0137569,136.743,0.844722,0.0
19.4868,0.0132691,138.676,0.845742,0.0
19.4933,0.0136108,136.91,0.844382,0.0
19.4857,0.0135944,138.259,0.841661,0.0
19.4744,0.0134672,136.843,0.857985,0.0
19.4735,0.0135818,138.226,0.852203,0.0
19.4875,0.0132926,138.276,0.844042,0.0
19.4956,0.0134361,137.743,0.849483,0.0
19.4944,0.013718,136.71,0.876008,0.0
19.4838,0.0133177,137.493,0.83418,0.0
19.4878,0.0135719,136.243,0.83486,0.0
19.4917,0.0138458,136.943,0.864786,0.0
19.4882,0.0131999,136.277,0.83384,0.0
19.4863,0.0133874,136.96,0.83282,0.0
19.4905,0.0133547,137.509,0.824998,0.0
19.4754,0.0133426,135.294,0.855264,0.0
19.4671,0.0133797,137.743,0.850843,0.0
19.4815,0.0135041,135.394,0.853224,0.0
19.4731,0.013386,137.743,0.852884,0.0
19.4948,0.013558,138.659,0.837921,0.0
19.5072,0.0135103,137.993,0.83622,0.0
19.4724,0.013194,137.826,0.849823,0.0
19.4865,0.0131875,138.359,0.849823,0.0
19.4906,0.0132325,137.559,0.819217,0.0
19.478,0.0133573,137.193,0.825678,0.0
19.4901,0.0135537,136.243,0.83418,0.0
19.4863,0.0137842,137.493,0.845402,0.0
19.4941,0.0135273,135.977,0.8335,0.0
19.5003,0.0133226,136.876,0.850843,0.0
19.5031,0.0137665,137.793,0.848123,0.0
19.5002,0.0133463,136.693,0.812416,0.0
19.4722,0.0132466,137.893,0.855944,0.0
19.4646,0.0133857,137.743,0.843022,0.0
19.4842,0.0134577,136.993,0.851523,0.0
19.4983,0.0133359,138.759,0.864786,0.0
19.499,0.0132659,136.56,0.830439,0.0
19.5114,0.0133631,139.575,0.847783,0.0
19.5018,0.0133414,136.01,0.844042,0.0
19.4894,0.013604,138.259,0.838601,0.0
19.4971,0.0137934,135.943,0.840981,0.0
19.4874,0.013389,138.009,0.843022,0.0
19.4889,0.0135195,135.943,0.850843,0.0
19.4901,0.0135953,137.026,0.856284,0.0
19.478,0.0133514,137.026,0.859685,0.0
19.4945,0.0134724,137.209,0.849143,0.0
19.5101,0.0133021,137.643,0.862745,0.0
19.4891,0.0130872,137.093,0.83418,0.0
19.4881,0.0131641,137.16,0.846422,0.0
19.4862,0.0132294,136.876,0.847443,0.0
19.4738,0.01315,137.093,0.844722,0.0
19.4705,0.013736,138.692,0.853564,0.0
19.4836,0.0134521,137.11,0.842682,0.0
19.4944,0.0130328,136.876,0.837241,0.0
19.4972,0.0133965,137.359,0.838941,0.0
19.4943,0.0132775,136.56,0.837581,0.0
19.4806,0.0132811,135.693,0.858665,0.0
19.4719,0.0134349,139.175,0.854584,0.0
19.4874,0.0131964,137.776,0.829419,0.0
19.4897,0.013563,136.726,0.861725,0.0
19.4814,0.013605,137.093,0.846422,0.0
19.4848,0.0134329,135.677,0.856624,0.0
19.4853,0.0135645,137.11,0.831119,0.0
19.4929,0.0132051,137.026,0.849823,0.0
19.4812,0.0132945,138.242,0.842682,0.0
19.4754,0.0129702,136.743,0.840981,0.0
19.4849,0.0132907,137.976,0.842342,0.0
19.4777,0.0134801,136.81,0.83384,0.0
19.4877,0.0133112,136.41,0.848123,0.0
19.5048,0.0131171,138.975,0.845742,0.0
19.4986,0.0134571,137.793,0.840981,0.0
19.4957,0.0131927,137.893,0.83282,0.0
19.5058,0.0134624,135.927,0.848463,0.0
19.4842,0.0133955,138.509,0.865126,0.0
19.4814,0.0134744,137.293,0.839281,0.0
19.5065,0.0135637,136.86,0.831459,0.0
19.4995,0.0134909,139.808,0.83214,0.0
19.4954,0.0135123,137.826,0.851523,0.0
19.4905,0.0135393,137.11,0.847783,0.0
19.482,0.0132363,138.426,0.838261,0.0
19.4883,0.0139015,135.377,0.842001,0.0
19.4701,0.0136038,137.626,0.852884,0.0
19.455,0.0137318,137.459,0.843362,0.0
19.4655,0.0136444,136.876,0.851863,0.0
19.4874,0.0132542,139.075,0.850503,0.0
19.4865,0.0133956,136.926,0.862405,0.0
19.4747,0.0134367,138.076,0.849143,0.0
19.481,0.0136662,137.176,0.841661,0.0
19.4782,0.0134782,137.876,0.839961,0.0
19.4865,0.0134068,137.176,0.850503,0.0
19.4882,0.0136897,136.543,0.861385,0.0
19.4785,0.0136381,136.71,0.848123,0.0
19.4961,0.013869,137.526,0.863426,0.0
19.5011,0.0137864,135.843,0.853904,0.0
19.4659,0.0135731,136.093,0.844382,0.0
19.4701,0.0135624,136.86,0.827379,0.0
19.51,0.0133922,137.16,0.839961,0.0
19.5018,0.0136003,137.343,0.837241,0.0
19.4623,0.0137448,136.043,0.852884,0.0
19.4801,0.0132316,137.926,0.862745,0.0
19.5096,0.0136114,137.259,0.852203,0.0
19.4693,0.0136872,136.443,0.857304,0.0
19.4575,0.013442,137.459,0.870907,0.0
19.4842,0.013032,136.743,0.849823,0.0
19.4908,0.0135352,136.46,0.8352,0.0
19.4944,0.0134853,136.593,0.83418,0.0
19.4932,0.0136719,137.543,0.843702,0.0
19.4829,0.0133402,137.959,0.852884,0.0
19.4797,0.0130775,136.443,0.873287,0.0
19.4755,0.0135819,136.493,0.824998,0.0
19.4908,0.0136412,138.909,0.851863,0.0
19.4931,0.0137391,137.643,0.858665,0.0
19.4806,0.0134395,137.11,0.838261,0.0
19.4953,0.0135053,137.076,0.848123,0.0
19.4874,0.0133219,135.394,0.866826,0.0
19.4692,0.0133706,139.509,0.856284,0.0
19.4903,0.013441,136.227,0.852203,0.0
19.4814,0.0132363,134.494,0.844042,0.0
19.4695,0.0134382,136.46,0.8335,0.0
19.4968,0.0130194,138.259,0.859345,0.0
19.4978,0.0132067,136.377,0.848803,0.0
19.4859,0.0137537,134.877,0.826699,0.0
19.4829,0.0138642,138.192,0.850503,0.0
19.4923,0.0133583,138.209,0.854244,0.0
19.5005,0.0132995,138.026,0.847783,0.0
19.4995,0.0132843,137.309,0.860025,0.0
19.4945,0.0138916,137.01,0.861385,0.0
19.479,0.013637,138.192,0.866486,0.0
19.4758,0.0136557,136.66,0.854244,0.0
19.4919,0.0131171,137.11,0.83588,0.0
19.4862,0.0136147,135.977,0.8335,0.0
19.4877,0.0133808,136.46,0.853904,0.0
19.5074,0.0137258,138.925,0.871247,0.0
19.5088,0.0133479,137.093,0.842682,0.0
19.4988,0.0134464,135.943,0.848463,0.0
19.4834,0.0134252,137.493,0.843362,0.0
19.4832,0.0134274,137.026,0.855604,0.0
19.4948,0.0133703,137.676,0.850843,0.0
19.486,0.0131419,135.877,0.860365,0.0
19.4472,0.0137872,137.426,0.830779,0.0
19.4585,0.013802,137.659,0.839961,0.0
19.4951,0.0135827,138.925,0.840981,0.0
19.4835,0.013371,136.16,0.842342,0.0
19.4813,0.0135188,136.377,0.837921,0.0
19.4936,0.0134613,137.993,0.846762,0.0
19.4874,0.0133117,136.393,0.822278,0.0
19.4716,0.0133923,137.093,0.847102,0.0
19.4688,0.0133019,138.359,0.855604,0.0
19.4991,0.0134817,136.776,0.849823,0.0
19.5274,0.013496,137.909,0.865126,0.0
19.5126,0.0135,137.243,0.865466,0.0
19.4802,0.0133579,137.626,0.83656,0.0
19.4749,0.0131578,137.993,0.847102,0.0
19.4848,0.0137466,135.843,0.88791,0.0
19.4768,0.0137562,138.242,0.862065,0.0
19.4768,0.0136102,137.593,0.859005,0.0
19.4833,0.013632,136.86,0.845742,0.0
19.4782,0.0131915,137.226,0.854244,0.0
19.4869,0.0133537,137.509,0.861045,0.0
19.5045,0.0132834,136.676,0.840301,0.0
19.4986,0.01324,138.142,0.863766,0.0
19.4886,0.0132257,137.659,0.855264,0.0
19.5,0.013489,136.593,0.848803,0.0
19.5002,0.0133819,137.343,0.8369,0.0
19.4912,0.0135685,137.776,0.827379,0.0
19.4858,0.0137851,137.393,0.855264,0.0
19.4825,0.0133143,137.043,0.844382,0.0
19.4862,0.0134169,137.543,0.860025,0.0
19.4713,0.0134901,138.909,0.854584,0.0
19.4707,0.0134504,136.293,0.83554,0.0
19.4934,0.013417,135.76,0.828399,0.0
19.5026,0.0132702,136.193,0.852543,0.0
19.4875,0.0135539,136.776,0.843702,0.0
19.4974,0.0138275,135.893,0.861725,0.0
19.5053,0.0136545,136.71,0.849143,0.0
19.479,0.0132021,136.36,0.869207,0.0
19.4743,0.0135287,137.543,0.865806,0.0
19.4909,0.0138569,136.91,0.829419,0.0
19.4995,0.013544,138.676,0.850843,0.0
19.4997,0.0136177,136.293,0.858665,0.0
19.4959,0.0134452,138.326,0.83554,0.0
19.4928,0.0134245,137.293,0.843362,0.0
19.4872,0.0135813,138.192,0.8352,0.0
19.4945,0.0133147,137.643,0.826358,0.0
19.5052,0.0132852,138.176,0.855264,0.0
19.5055,0.0136127,137.559,0.847783,0.0
19.4842,0.0133127,136.227,0.853564,0.0
19.4747,0.0135869,138.376,0.830779,0.0
19.4956,0.0136138,136.21,0.870907,0.0
19.488,0.0134348,137.809,0.852884,0.0
19.4795,0.0133518,136.893,0.838601,0.0
19.5029,0.0129583,135.693,0.855264,0.0
19.4984,0.0134192,136.277,0.861725,0.0
19.4669,0.0132017,138.442,0.83418,0.0
19.4688,0.0134129,137.243,0.849143,0.0
19.4942,0.0133959,137.143,0.859345,0.0
19.4855,0.0132338,136.776,0.867506,0.0
19.4597,0.013252,136.826,0.83384,0.0
19.4799,0.0134364,137.493,0.871247,0.0
19.5002,0.0136603,137.526,0.8352,0.0
19.4821,0.0136831,138.026,0.826018,0.0
19.4996,0.0133288,136.643,0.842342,0.0
19.4993,0.0132106,135.86,0.839281,0.0
19.4862,0.013268,137.426,0.847102,0.0
19.4939,0.013513,136.61,0.83588,0.0
19.489,0.0132571,138.076,0.852884,0.0
19.4941,0.0131876,137.226,0.865806,0.0
19.4988,0.0136062,136.327,0.844722,0.0
19.5017,0.0134151,137.276,0.857644,0.0
19.5013,0.0135312,137.626,0.849483,0.0
19.4841,0.0134579,137.426,0.852543,0.0
19.4934,0.0133601,137.06,0.839621,0.0
19.507,0.013945,138.259,0.83418,0.0
19.498,0.013604,137.726,0.857985,0.0
19.5049,0.0134297,137.676,0.826358,0.0
19.5078,0.0133889,137.176,0.865466,0.0
19.4981,0.0131772,136.526,0.850163,0.0
19.4941,0.0135565,137.293,0.857985,0.0
19.4876,0.0132577,137.243,0.855264,0.0
19.475,0.0133787,137.443,0.853224,0.0
19.4736,0.0135652,138.226,0.850843,0.0
19.5047,0.0132999,137.359,0.853904,0.0
19.5072,0.01311,138.676,0.851183,0.0
19.4876,0.0132748,138.909,0.837241,0.0
19.4927,0.0133077,138.009,0.837581,0.0
19.4855,0.0136946,136.41,0.865466,0.0
19.476,0.0132453,135.394,0.839281,0.0
19.4771,0.0134024,136.177,0.855604,0.0
19.4705,0.0134038,136.26,0.842342,0.0
19.4824,0.0134469,139.175,0.849483,0.0
19.479,0.0135286,135.927,0.857985,0.0
19.4559,0.0134411,136.476,0.852543,0.0
19.4716,0.0133666,137.509,0.843362,0.0
19.4956,0.0132438,137.726,0.850163,0.0
19.4725,0.0132433,137.893,0.846082,0.0
19.4668,0.0135279,136.76,0.845742,0.0
19.5036,0.0133668,138.626,0.847783,0.0
19.4969,0.0133003,134.727,0.843702,0.0
19.4752,0.0132964,138.192,0.859345,0.0
19.4916,0.0133936,135.377,0.842001,0.0
19.5033,0.0136075,137.01,0.860705,0.0
19.5095,0.0132341,137.476,0.852203,0.0
19.499,0.0132546,136.593,0.869887,0.0
19.4905,0.0135955,138.376,0.854924,0.0
19.4854,0.013917,136.71,0.861045,0.0
19.5025,0.013597,137.426,0.83452,0.0
19.5221,0.0132854,137.459,0.824658,0.0
19.4942,0.0138097,137.993,0.823978,0.0
19.4727,0.0132494,137.659,0.819897,0.0
19.4917,0.0135842,137.01,0.840641,0.0
19.4914,0.0133554,137.976,0.850163,0.0
19.4793,0.0135825,136.443,0.862405,0.0
19.4794,0.0136761,137.409,0.83282,0.0
19.4914,0.0131688,137.793,0.856624,0.0
19.4951,0.0136204,138.159,0.849823,0.0
19.4818,0.0132498,137.376,0.866146,0.0
19.483,0.0134686,138.292,0.847102,0.0
19.4906,0.0134755,136.96,0.83656,0.0
19.4887,0.0135063,137.809,0.828399,0.0
19.5007,0.0131303,137.609,0.850843,0.0
19.4909,0.0137113,136.46,0.855264,0.0
19.4593,0.0133326,136.21,0.849483,0.0
19.4713,0.0134233,138.226,0.838261,0.0
19.4705,0.0135084,136.027,0.845062,0.0
19.4809,0.013331,137.01,0.859345,0.0
19.5018,0.0136768,137.726,0.847102,0.0
19.483,0.0137786,138.142,0.845742,0.0
19.4839,0.0134558,135.06,0.849483,0.0
19.4944,0.0135325,138.376,0.814116,0.0
19.4831,0.0132208,134.644,0.824998,0.0
19.489,0.0136383,136.576,0.858665,0.0
19.4968,0.0137377,136.01,0.852884,0.0
19.4856,0.0133518,137.293,0.83622,0.0
19.483,0.0133406,138.459,0.860025,0.0
19.4833,0.0132555,136.743,0.861725,0.0
19.4892,0.0135215,138.092,0.857985,0.0
19.4934,0.0133814,137.11,0.860705,0.0
19.4828,0.013659,139.375,0.857304,0.0
19.4853,0.0136377,138.509,0.853564,0.0
19.4878,0.0135767,137.676,0.825678,0.0
19.4973,0.0134831,138.975,0.828739,0.0
19.5164,0.0133553,137.076,0.855604,0.0
19.5001,0.0135752,137.526,0.860705,0.0
19.4823,0.0131011,137.459,0.853564,0.0
19.492,0.01356,138.176,0.837581,0.0
19.4928,0.0132265,138.209,0.879409,0.0
19.486,0.0134019,137.393,0.848123,0.0
19.479,0.0137574,137.276,0.854244,0.0
19.48,0.0135294,137.143,0.842682,0.0
19.4946,0.0134657,138.009,0.866826,0.0
19.4907,0.0132065,139.559,0.852203,0.0
19.4846,0.0135396,136.077,0.842342,0.0
19.482,0.0134284,136.293,0.83418,0.0
19.4951,0.0133474,137.026,0.849143,0.0
19.4891,0.0132329,138.142,0.841321,0.0
19.4701,0.0134009,138.276,0.838601,0.0
19.4699,0.0134293,137.276,0.841661,0.0
19.4913,0.0134614,137.476,0.851523,0.0
19.505,0.0134578,137.793,0.856624,0.0
19.4926,0.0135143,136.443,0.829419,0.0
19.5,0.0133615,137.793,0.853564,0.0
19.494,0.0132875,135.91,0.859005,0.0
19.4453,0.0135652,138.159,0.837581,0.0
19.4652,0.0132782,137.793,0.848123,0.0
19.5238,0.013456,137.026,0.821598,0.0
19.5077,0.0139208,136.593,0.849483,0.0
19.4678,0.013714,136.46,0.824658,0.0
19.4734,0.0133944,137.943,0.848123,0.0
19.4961,0.0134547,138.825,0.83452,0.0
19.5044,0.0135486,137.593,0.848803,0.0
19.4778,0.013465,137.559,0.831119,0.0
19.4762,0.0136628,136.626,0.867846,0.0
19.4873,0.013782,137.859,0.830439,0.0
19.4887,0.0135139,137.243,0.851863,0.0
19.4979,0.013847,137.776,0.862065,0.0
19.5001,0.0135803,137.976,0.839621,0.0
19.4935,0.0133677,137.226,0.847783,0.0
19.492,0.0131719,137.576,0.831119,0.0
19.4833,0.0132626,136.776,0.848123,0.0
19.4837,0.0131622,137.459,0.837241,0.0
19.4908,0.013826,136.06,0.829419,0.0
19.4975,0.013409,136.91,0.849143,0.0
19.4953,0.0134207,137.509,0.858325,0.0
19.4761,0.0134971,136.643,0.826699,0.0
19.4838,0.0134367,138.909,0.83384,0.0
19.4864,0.0138279,137.976,0.855944,0.0
19.4735,0.0134238,137.276,0.848463,0.0
19.491,0.0137815,136.643,0.83214,0.0
19.4997,0.013758,137.826,0.83656,0.0
19.4862,0.0130441,137.11,0.859345,0.0
19.4832,0.013429,136.693,0.842001,0.0
19.4926,0.0133701,134.677,0.841321,0.0
19.4995,0.0135878,137.076,0.853224,0.0
19.492,0.0130769,137.793,0.837921,0.0
19.4675,0.013346,137.343,0.851523,0.0
19.4705,0.0134055,137.793,0.846762,0.0
19.4947,0.0136364,137.759,0.848123,0.0
19.5032,0.0136171,135.893,0.855604,0.0
19.4946,0.0131323,137.776,0.853904,0.0
19.4976,0.0136296,136.576,0.852884,0.0
19.5066,0.0133176,138.825,0.829759,0.0
19.5062,0.0135386,136.093,0.856284,0.0
19.4777,0.0133714,137.243,0.847443,0.0
19.4772,0.0135594,137.526,0.856284,0.0
19.4971,0.0134416,137.126,0.83418,0.0
19.5013,0.0132789,137.776,0.847102,0.0
19.4934,0.0130932,136.043,0.860705,0.0
19.4807,0.0135759,137.759,0.864446,0.0
19.4877,0.013558,135.494,0.850503,0.0
19.4789,0.0134704,138.426,0.841321,0.0
19.4632,0.0133268,138.592,0.839621,0.0
19.4819,0.0132758,138.009,0.862745,0.0
19.4734,0.0132882,137.476,0.853224,0.0
19.4672,0.0134666,136.576,0.846422,0.0
19.4989,0.0135124,136.36,0.878729,0.0
19.4978,0.0133859,136.726,0.844042,0.0
19.4876,0.0137099,137.409,0.866146,0.0
19.5012,0.0134465,137.943,0.852543,0.0
19.5016,0.013803,138.492,0.852203,0.0
19.4925,0.0136036,138.159,0.837921,0.0
19.4838,0.0132953,137.359,0.848803,0.0
19.4794,0.0135217,136.476,0.854244,0.0
19.4913,0.0132027,138.825,0.864786,0.0
19.4971,0.0132952,136.96,0.853904,0.0
19.483,0.0129969,137.876,0.849823,0.0
19.4788,0.0132905,138.226,0.867846,0.0
19.5047,0.0137768,136.843,0.858325,0.0
19.4882,0.013503,136.676,0.855604,0.0
19.4487,0.0132802,136.593,0.843702,0.0
19.4597,0.0135262,137.11,0.845402,0.0
19.4827,0.0133625,137.609,0.852203,0.0
19.4771,0.0131862,137.559,0.855604,0.0
19.495,0.0137548,139.059,0.845062,0.0
19.5054,0.0137564,136.893,0.855264,0.0
19.4977,0.013259,138.009,0.864446,0.0
19.5042,0.0134238,137.026,0.837581,0.0
19.4996,0.0135054,136.393,0.83316,0.0
19.4739,0.0133426,137.409,0.839961,0.0
19.4596,0.0136802,135.727,0.838261,0.0
19.4801,0.0137859,137.293,0.839281,0.0
19.4952,0.0137893,137.926,0.838601,0.0
19.4922,0.0136847,138.459,0.846762,0.0
19.4896,0.0135149,137.709,0.852884,0.0
19.4827,0.0134577,138.476,0.837241,0.0
19.4801,0.0132233,137.343,0.837921,0.0
19.4897,0.0136575,136.46,0.847443,0.0
19.5016,0.0135377,137.609,0.83282,0.0
19.4936,0.0134072,138.142,0.860365,0.0
19.4778,0.0135165,136.626,0.850163,0.0
19.4711,0.0133459,137.543,0.829759,0.0
19.4903,0.0132233,138.342,0.858665,0.0
19.4937,0.0132343,137.493,0.838941,0.0
19.4799,0.0131462,136.793,0.845742,0.0
19.4771,0.0133776,136.893,0.839621,0.0
19.4692,0.0135301,137.409,0.838601,0.0
19.4771,0.0135322,137.176,0.83486,0.0
19.4898,0.0133151,136.826,0.852203,0.0
19.492,0.013446,136.46,0.855264,0.0
19.4843,0.013598,135.16,0.847783,0.0
19.4698,0.0133267,137.876,0.847102,0.0
19.4832,0.0133148,137.11,0.847102,0.0
19.5038,0.0132573,137.509,0.842342,0.0
19.4988,0.0135112,136.526,0.83282,0.0
19.4845,0.0137982,137.143,0.838261,0.0
19.4894,0.0139825,135.977,0.856284,0.0
19.4871,0.0136813,137.343,0.865466,0.0
19.4831,0.0133356,137.459,0.857304,0.0
19.4845,0.0132542,136.66,0.855264,0.0
19.4903,0.0136532,137.11,0.854244,0.0
19.4966,0.0133349,136.96,0.842342,0.0
19.4944,0.0136094,136.876,0.858325,0.0
19.4979,0.0136453,136.426,0.848123,0.0
19.5,0.0138476,137.126,0.847102,0.0
19.484,0.0138216,137.743,0.840301,0.0
19.4906,0.013357,135.877,0.860025,0.0
19.4928,0.013293,135.91,0.852884,0.0
19.4777,0.0133831,137.426,0.828059,0.0
19.4858,0.0137147,136.976,0.839621,0.0
19.4882,0.0133594,135.993,0.862405,0.0
19.4719,0.0132031,136.676,0.837241,0.0
19.4624,0.013669,136.61,0.856624,0.0
19.4849,0.0136774,135.527,0.823978,0.0
19.4928,0.013657,137.809,0.840641,0.0
19.4858,0.0137709,134.594,0.852203,0.0
19.4942,0.013264,137.226,0.843702,0.0
19.501,0.0134803,137.226,0.83622,0.0
19.501,0.0135287,138.692,0.850163,0.0
19.4885,0.0133263,137.843,0.843702,0.0
19.4795,0.0134589,135.327,0.83554,0.0
19.4968,0.013763,136.743,0.859685,0.0
19.5033,0.0135824,137.543,0.853564,0.0
19.4939,0.0133355,136.726,0.845062,0.0
19.4755,0.0133612,137.326,0.841661,0.0
19.4861,0.0135196,136.493,0.83452,0.0
19.5087,0.0135036,138.126,0.852884,0.0
19.4885,0.0132738,137.609,0.856624,0.0
19.466,0.0132521,136.91,0.837921,0.0
19.475,0.0137306,138.109,0.828399,0.0
19.48,0.0136716,136.743,0.869207,0.0
19.4755,0.0133553,138.376,0.858325,0.0
19.4938,0.0135821,138.276,0.868527,0.0
19.5162,0.0131991,137.793,0.851523,0.0
19.4946,0.0132781,136.676,0.864446,0.0
19.4657,0.0133421,137.01,0.844382,0.0
19.4966,0.013374,137.959,0.861725,0.0
19.5145,0.0132028,136.06,0.818197,0.0
19.4821,0.013415,137.743,0.858325,0.0
19.4793,0.0132977,137.643,0.843702,0.0
19.5012,0.0137385,137.11,0.850163,0.0
19.4836,0.0134231,136.693,0.838941,0.0
19.4745,0.013586,137.743,0.857644,0.0
19.4822,0.0134839,137.043,0.8352,0.0
19.4774,0.0134286,137.626,0.83656,0.0
19.4866,0.013057,137.393,0.848123,0.0
19.5009,0.013275,135.144,0.843362,0.0
19.4902,0.0135514,137.16,0.83656,0.0
19.4797,0.0136358,137.426,0.842001,0.0
19.4904,0.0135241,137.243,0.874648,0.0
19.5034,0.0135499,137.243,0.851863,0.0
19.4997,0.0134458,138.825,0.861385,0.0
19.4858,0.0135386,137.293,0.859005,0.0
19.4752,0.0134624,135.61,0.871587,0.0
19.4755,0.0134185,138.042,0.828059,0.0
19.4778,0.0134428,136.926,0.838261,0.0
19.488,0.0136405,136.593,0.843702,0.0
19.4979,0.0132208,136.71,0.839281,0.0
19.4906,0.0133392,135.977,0.823978,0.0
19.4748,0.0135816,136.277,0.837581,0.0
19.4775,0.0129762,137.676,0.870907,0.0
19.4961,0.0133707,138.659,0.851863,0.0
19.4836,0.0134233,136.293,0.837921,0.0
19.4548,0.0134478,136.776,0.855264,0.0
19.4678,0.0136356,136.993,0.848803,0.0
19.4873,0.0132789,136.776,0.823978,0.0
19.4952,0.0133179,136.826,0.848463,0.0
19.4984,0.0131869,137.393,0.849823,0.0
19.4959,0.0133376,138.326,0.843702,0.0
19.5003,0.0133978,137.759,0.839621,0.0
19.5075,0.0133869,138.392,0.848803,0.0
19.5045,0.0136606,137.676,0.848803,0.0
19.4838,0.0136285,136.726,0.851183,0.0
19.4643,0.0137755,137.743,0.848463,0.0
19.4775,0.013681,136.526,0.847443,0.0
19.505,0.0131543,139.858,0.841661,0.0
19.5036,0.013389,135.877,0.858325,0.0
19.4861,0.0131146,137.409,0.857644,0.0
19.5057,0.0137013,136.926,0.838261,0.0
19.5093,0.013424,137.243,0.818197,0.0
19.4734,0.0132772,137.326,0.838941,0.0
19.4742,0.0136869,138.592,0.866146,0.0
19.5057,0.0137149,135.943,0.837921,0.0
19.4952,0.0133773,137.259,0.857985,0.0
19.4827,0.013545,137.593,0.870227,0.0
19.5016,0.0135366,136.21,0.843702,0.0
19.4975,0.0135013,137.126,0.844382,0.0
19.4788,0.013662,137.759,0.850163,0.0
19.4636,0.0135524,136.893,0.850503,0.0
19.4791,0.0133084,138.126,0.828739,0.0
19.4872,0.0135066,137.843,0.858325,0.0
19.468,0.0133762,136.277,0.847783,0.0
19.4873,0.0133212,137.243,0.838261,0.0
19.5044,0.0130856,136.91,0.844042,0.0
19.4826,0.0134498,137.876,0.83452,0.0
19.4814,0.0131417,136.993,0.83554,0.0
19.4941,0.0134035,137.826,0.866486,0.0
19.5064,0.0135603,137.243,0.822958,0.0
19.4937,0.0137169,136.177,0.848463,0.0
19.4759,0.0136209,137.326,0.842342,0.0
19.4794,0.0134333,137.259,0.849823,0.0
19.4769,0.0136034,138.109,0.850503,0.0
19.4857,0.0135601,137.543,0.856624,0.0
19.4962,0.0136533,137.993,0.830779,0.0
19.4798,0.0133959,136.926,0.863426,0.0
19.479,0.0131305,137.06,0.837241,0.0
19.4861,0.013425,138.292,0.8352,0.0
19.4823,0.0134768,137.126,0.824998,0.0
19.5054,0.0133088,137.043,0.860365,0.0
19.5072,0.0136887,137.143,0.841321,0.0
19.499,0.0134463,137.793,0.842342,0.0
19.4855,0.0136498,137.01,0.819897,0.0
19.465,0.0134221,137.259,0.857644,0.0
19.487,0.0135431,137.293,0.845742,0.0
19.4819,0.0134101,137.276,0.856964,0.0
19.4708,0.0135724,137.11,0.837581,0.0
19.4906,0.0134693,138.059,0.867846,0.0
19.5099,0.013584,136.643,0.841661,0.0
19.516,0.013294,136.976,0.846082,0.0
19.4987,0.0137052,136.993,0.83588,0.0
19.5077,0.0139072,137.293,0.846422,0.0
19.5144,0.0134023,136.543,0.852203,0.0
19.4867,0.0131497,136.71,0.842001,0.0
19.4906,0.0131316,137.909,0.845062,0.0
19.4998,0.0135909,136.71,0.838261,0.0
19.4775,0.0133941,136.043,0.845062,0.0
19.469,0.0134596,137.776,0.845742,0.0
19.4915,0.0135004,137.193,0.842342,0.0
19.4822,0.013628,136.676,0.821938,0.0
19.4789,0.0133968,138.709,0.847783,0.0
19.5,0.0133579,136.093,0.844042,0.0
19.4845,0.0137624,138.259,0.853904,0.0
19.5005,0.0135796,136.077,0.852203,0.0
19.5182,0.0134846,136.76,0.860365,0.0
19.4925,0.0137187,137.409,0.847783,0.0
19.4821,0.0136221,136.343,0.858665,0.0
19.4887,0.0132319,138.442,0.842342,0.0
19.4874,0.0131912,137.943,0.83248,0.0
19.4894,0.0131711,136.793,0.8369,0.0
19.4844,0.0135946,138.242,0.863086,0.0
19.4795,0.0133518,137.409,0.854584,0.0
19.4761,0.013451,136.676,0.83384,0.0
19.467,0.0133369,136.976,0.845062,0.0
19.4852,0.0135931,137.693,0.850163,0.0
19.4934,0.0134437,136.46,0.8318,0.0
19.4637,0.0133603,136.976,0.83588,0.0
19.4704,0.0134806,135.693,0.861045,0.0
19.4938,0.013191,137.643,0.872267,0.0
19.4961,0.0133108,136.06,0.843362,0.0
19.4823,0.0133913,136.293,0.845402,0.0
19.478,0.0134769,136.493,0.846422,0.0
19.4909,0.0133137,137.676,0.852884,0.0
19.4726,0.0132136,136.327,0.83656,0.0
19.4744,0.0134318,137.026,0.866146,0.0
19.5171,0.0133166,137.259,0.865466,0.0
19.4832,0.0133258,136.193,0.852884,0.0
19.4646,0.0136918,135.977,0.845062,0.0
19.5057,0.0131846,137.359,0.854584,0.0
19.4712,0.0135654,138.326,0.865466,0.0
19.4558,0.0135461,138.276,0.849483,0.0
19.4937,0.0135113,137.509,0.823638,0.0
19.4761,0.0136095,137.426,0.83282,0.0
19.4746,0.0137314,137.593,0.837581,0.0
19.5063,0.0132591,137.509,0.849823,0.0
19.4884,0.0131815,136.31,0.843022,0.0
19.4796,0.013305,137.11,0.839281,0.0
19.4871,0.0132462,136.743,0.845062,0.0
19.4738,0.0133511,137.709,0.831459,0.0
19.4925,0.0131024,138.276,0.849143,0.0
19.4988,0.0134883,138.259,0.848123,0.0
19.4814,0.0130853,136.843,0.846762,0.0
19.4978,0.0133478,137.726,0.852884,0.0
19.4944,0.0137044,137.426,0.83554,0.0
19.4862,0.0137139,136.277,0.83452,0.0
19.5021,0.0135998,138.159,0.838601,0.0
19.4893,0.0135931,137.793,0.859005,0.0
19.4818,0.01308,136.426,0.826699,0.0
19.4978,0.0132486,137.626,0.840641,0.0
19.4917,0.0136078,134.96,0.846422,0.0
19.4951,0.0135861,139.225,0.870227,0.0
19.4969,0.0131562,136.626,0.844382,0.0
19.4864,0.0130084,136.443,0.862065,0.0
19.4991,0.0133723,137.409,0.846422,0.0
19.4913,0.0133386,136.993,0.821598,0.0
19.4731,0.0131054,136.543,0.851183,0.0
19.4711,0.0133111,136.593,0.83588,0.0
19.4984,0.013592,137.543,0.841661,0.0
19.5148,0.0135346,138.042,0.829419,0.0
19.4975,0.0134852,137.793,0.83486,0.0
19.4794,0.0130923,138.392,0.8369,0.0
19.4884,0.0134944,137.526,0.821257,0.0
19.4939,0.0133634,135.677,0.83554,0.0
19.4761,0.0133655,137.043,0.847443,0.0
19.4868,0.0134171,136.06,0.837581,0.0
19.5049,0.0132061,138.009,0.847783,0.0
19.5001,0.0134772,137.526,0.845742,0.0
19.4956,0.0135301,138.659,0.840981,0.0
19.4954,0.0136945,137.126,0.844042,0.0
19.489,0.013528,137.759,0.856964,0.0
19.4705,0.0131817,138.026,0.850163,0.0
19.466,0.0133885,138.209,0.83622,0.0
19.4782,0.0134528,137.259,0.850503,0.0
19.4855,0.0132789,137.193,0.838261,0.0
19.4958,0.0136466,137.443,0.855264,0.0
19.5076,0.0137875,138.076,0.852884,0.0
19.5006,0.0138273,136.826,0.843702,0.0
19.4862,0.0135336,136.91,0.848123,0.0
19.4813,0.0133597,138.576,0.844042,0.0
19.494,0.0134875,138.392,0.858665,0.0
19.4802,0.0135103,135.41,0.850163,0.0
19.4654,0.0136684,136.41,0.829759,0.0
19.4776,0.0134513,136.793,0.843702,0.0
19.476,0.0132844,138.042,0.83588,0.0
19.4859,0.0132167,136.643,0.857644,0.0
19.4837,0.013485,135.344,0.868527,0.0
19.4626,0.013224,135.577,0.850163,0.0
19.4668,0.0132419,137.559,0.829419,0.0
19.4849,0.0137427,138.426,0.849483,0.0
19.4881,0.0133675,136.643,0.863426,0.0
19.491,0.0136577,136.526,0.83214,0.0
19.5001,0.0135183,136.576,0.865126,0.0
19.4782,0.0136563,137.559,0.844722,0.0
19.4839,0.0136953,138.076,0.831119,0.0
19.5037,0.0131565,136.626,0.843362,0.0
19.4892,0.0133254,136.41,0.842001,0.0
19.4952,0.0134623,136.643,0.843362,0.0
19.5004,0.0132353,137.026,0.860365,0.0
19.492,0.0132254,139.042,0.845402,0.0
19.4833,0.0135484,137.376,0.857304,0.0
19.5048,0.0134642,136.526,0.83384,0.0
19.5313,0.0134103,136.793,0.866146,0.0
19.5114,0.0135893,137.709,0.871587,0.0
19.4868,0.013662,136.826,0.851183,0.0
19.4821,0.0131427,135.86,0.862405,0.0
19.4759,0.0135942,137.243,0.856964,0.0
19.4739,0.0134503,137.576,0.850163,0.0
19.4905,0.0138295,136.377,0.829759,0.0
19.499,0.013698,137.626,0.83248,0.0
19.4851,0.0134394,138.442,0.857644,0.0
19.4994,0.0136453,138.159,0.841661,0.0
19.5148,0.0137039,137.11,0.862745,0.0
19.5018,0.0133123,135.827,0.8352,0.0
19.4895,0.0135887,136.027,0.840301,0.0
19.4685,0.0136662,136.943,0.854584,0.0
19.4861,0.0133734,137.426,0.852203,0.0
19.5168,0.0131264,137.243,0.838941,0.0
19.5037,0.0135262,137.226,0.840641,0.0
19.4971,0.0135466,135.594,0.83622,0.0
19.4802,0.0131871,134.86,0.852203,0.0
19.4624,0.0134107,136.46,0.850163,0.0
19.4809,0.0132984,137.609,0.83588,0.0
19.4829,0.0136693,138.859,0.846762,0.0
19.4651,0.0132462,136.043,0.853904,0.0
19.4778,0.0133585,138.042,0.850163,0.0
19.5001,0.0136376,139.009,0.848123,0.0
19.4997,0.0137979,135.727,0.847783,0.0
19.5034,0.013151,136.343,0.826358,0.0
19.5111,0.0133068,138.026,0.860365,0.0
19.4998,0.0133959,137.243,0.847783,0.0
19.4934,0.0134123,137.693,0.840641,0.0
19.4909,0.013079,137.143,0.855604,0.0
19.4857,0.0139907,136.16,0.852543,0.0
19.4829,0.0137143,138.159,0.842342,0.0
19.492,0.0133076,137.226,0.842342,0.0
19.5009,0.012957,136.393,0.842682,0.0
19.4965,0.0135268,138.459,0.869547,0.0
19.4885,0.0133535,137.16,0.864786,0.0
19.4967,0.013504,137.176,0.83486,0.0
19.5043,0.01335,136.66,0.83554,0.0
19.498,0.013361,136.893,0.829759,0.0
19.4868,0.0134319,138.259,0.851183,0.0
19.4842,0.0133843,136.193,0.858325,0.0
19.4914,0.0133227,137.926,0.843362,0.0
19.4821,0.012949,137.526,0.842342,0.0
19.4826,0.0133471,139.509,0.843702,0.0
19.4847,0.0141801,137.143,0.857304,0.0
19.476,0.0133056,138.642,0.852884,0.0
19.4773,0.0135231,136.476,0.846422,0.0
19.4783,0.0135724,136.926,0.843022,0.0
19.5009,0.0135353,137.393,0.848123,0.0
19.5145,0.013567,136.343,0.821257,0.0
19.4663,0.0131934,136.227,0.863766,0.0
19.4776,0.013679,137.076,0.8318,0.0
19.5195,0.0137402,138.059,0.852884,0.0
19.4861,0.0133859,138.526,0.855604,0.0
19.467,0.0137562,136.643,0.843702,0.0
19.4902,0.0136496,138.292,0.848463,0.0
19.5061,0.0132006,136.96,0.843022,0.0
19.5092,0.013349,137.276,0.861385,0.0
19.4897,0.0135115,136.526,0.8335,0.0
19.476,0.0132528,136.71,0.846762,0.0
19.4826,0.0133986,136.943,0.855264,0.0
19.4761,0.0130603,137.01,0.841321,0.0
19.4785,0.0135377,136.643,0.844722,0.0
19.4911,0.0135229,136.46,0.839961,0.0
19.4972,0.0131639,137.626,0.848803,0.0
19.484,0.0134028,138.059,0.8318,0.0
19.4777,0.0136825,136.993,0.843702,0.0
19.4955,0.0133851,137.943,0.850163,0.0
19.4938,0.0133888,138.159,0.847783,0.0
19.4905,0.0137454,135.643,0.838941,0.0
19.4899,0.0132006,136.676,0.856284,0.0
19.4916,0.0134068,137.676,0.875328,0.0
19.4976,0.013494,136.926,0.822278,0.0
19.479,0.0135281,136.61,0.825338,0.0
19.4801,0.0136014,137.659,0.856284,0.0
19.4983,0.0132683,136.143,0.842682,0.0
19.4868,0.0132339,138.326,0.856964,0.0
19.4876,0.0134752,136.576,0.869887,0.0
19.4787,0.0132864,137.476,0.861725,0.0
19.4643,0.0136062,137.259,0.851183,0.0
19.4606,0.0134443,137.843,0.8369,0.0
19.4848,0.0130557,138.759,0.83248,0.0
19.5147,0.013719,137.376,0.857985,0.0
19.4949,0.0132293,136.81,0.859685,0.0
19.485,0.0130968,138.109,0.856624,0.0
19.4943,0.0133529,137.259,0.848123,0.0
19.481,0.0134877,136.143,0.850163,0.0
19.4724,0.0135845,136.143,0.83248,0.0
19.4708,0.0133209,136.793,0.841321,0.0
19.4763,0.0136291,137.993,0.852884,0.0
19.4749,0.0136516,137.293,0.840301,0.0
19.4896,0.0131108,137.909,0.849483,0.0
19.5028,0.0130702,138.176,0.852203,0.0
19.4837,0.0134583,136.543,0.852884,0.0
19.4783,0.0133943,136.876,0.843022,0.0
19.4827,0.0133638,137.676,0.853224,0.0
19.4804,0.0132417,137.876,0.849823,0.0
19.4737,0.0133522,137.843,0.83554,0.0
19.4958,0.0135398,138.726,0.844722,0.0
19.5157,0.0134865,137.409,0.841661,0.0
19.4817,0.0133843,137.259,0.856624,0.0
19.4567,0.0132833,137.509,0.850843,0.0
19.4957,0.0133161,136.893,0.848803,0.0
19.527,0.0137075,138.009,0.844722,0.0
19.5067,0.0136198,137.076,0.853564,0.0
19.4875,0.0135816,135.044,0.847102,0.0
19.4873,0.0136358,137.809,0.8369,0.0
19.485,0.0136426,137.393,0.843362,0.0
19.4871,0.0136945,138.292,0.854924,0.0
19.4809,0.0134266,136.31,0.854924,0.0
19.4827,0.0133234,136.993,0.842682,0.0
19.4829,0.0136686,136.543,0.851183,0.0
19.4621,0.0134066,136.56,0.83656,0.0
19.4603,0.0135869,136.66,0.857644,0.0
19.4945,0.0134735,138.726,0.864786,0.0
19.5132,0.0134346,136.726,0.850503,0.0
19.4886,0.0133808,137.493,0.822278,0.0
19.4765,0.0136446,138.176,0.856964,0.0
19.4808,0.0136985,137.326,0.849823,0.0
19.4672,0.0134347,136.926,0.826018,0.0
19.469,0.0133066,135.027,0.840981,0.0
19.4776,0.0131868,137.226,0.8352,0.0
19.4657,0.0133991,136.426,0.812756,0.0
19.4684,0.013572,138.526,0.842682,0.0
19.4889,0.0132032,137.743,0.848803,0.0
19.499,0.0135099,136.31,0.848123,0.0
19.4998,0.0136729,137.493,0.859345,0.0
19.4814,0.013623,137.16,0.841321,0.0
19.4673,0.0136891,137.559,0.857304,0.0
19.4799,0.0135277,135.943,0.844382,0.0
19.4812,0.0138945,135.327,0.865126,0.0
19.4726,0.0136795,137.343,0.852203,0.0
19.4791,0.0135916,136.793,0.842342,0.0
19.4936,0.0135588,138.459,0.83214,0.0
19.503,0.01347,138.226,0.846082,0.0
19.5012,0.0134292,137.06,0.869207,0.0
19.4944,0.0134589,138.159,0.843702,0.0
19.5018,0.0134733,137.076,0.844722,0.0
19.5077,0.0135854,137.06,0.846762,0.0
19.4997,0.0135844,137.926,0.851183,0.0
19.4936,0.0134347,136.027,0.842342,0.0
19.4887,0.0134764,138.192,0.83656,0.0
19.4964,0.013721,136.793,0.838601,0.0
19.5099,0.0136639,136.743,0.852203,0.0
19.4989,0.0137647,136.893,0.861045,0.0
19.4964,0.0134602,137.326,0.839961,0.0
19.499,0.0136876,136.576,0.846762,0.0
19.4921,0.0134356,137.926,0.846422,0.0
19.4762,0.0133719,138.726,0.845402,0.0
19.474,0.013288,137.976,0.858325,0.0
19.4985,0.0130314,137.209,0.851183,0.0
19.4882,0.0136579,137.026,0.838601,0.0
19.4874,0.0138103,137.176,0.853224,0.0
19.5121,0.0135075,136.476,0.820917,0.0
19.4944,0.0135831,136.377,0.852203,0.0
19.4862,0.0137249,136.327,0.849823,0.0
19.4955,0.0137059,136.893,0.8352,0.0
19.4925,0.0136132,136.876,0.838941,0.0
19.5001,0.0136427,138.159,0.857644,0.0
19.5111,0.013516,138.276,0.841321,0.0
19.5074,0.013334,137.093,0.821938,0.0
19.4868,0.0134394,136.626,0.863766,0.0
19.4813,0.0136875,135.96,0.856964,0.0
19.4957,0.0131717,137.226,0.839621,0.0
19.4891,0.0133662,138.176,0.830099,0.0
19.4935,0.0134608,136.293,0.841321,0.0
19.5126,0.0137219,138.842,0.849483,0.0
19.5089,0.013613,137.309,0.842682,0.0
19.4945,0.0135339,137.676,0.838261,0.0
19.4861,0.0134997,135.977,0.840641,0.0
19.4929,0.0138039,138.809,0.854584,0.0
19.4837,0.0132579,137.376,0.840641,0.0
19.4668,0.0131585,136.51,0.828739,0.0
19.4887,0.0131645,136.61,0.854244,0.0
19.5105,0.0135115,137.409,0.83554,0.0
19.5049,0.013335,137.06,0.856284,0.0
19.4848,0.0135194,136.843,0.827379,0.0
19.4684,0.0136271,137.326,0.8318,0.0
19.4612,0.0137158,137.426,0.841661,0.0
19.484,0.0135242,137.16,0.851523,0.0
19.4947,0.0132573,137.793,0.844042,0.0
19.4831,0.0134766,135.51,0.849483,0.0
19.4913,0.0136926,137.759,0.857304,0.0
19.4859,0.0135968,137.243,0.843022,0.0
19.4889,0.0134495,137.11,0.852203,0.0
19.5013,0.0136016,138.259,0.825678,0.0
19.4944,0.0134921,138.426,0.866826,0.0
19.4933,0.013439,137.093,0.83384,0.0
19.4813,0.0132471,137.11,0.83282,0.0
19.4739,0.0137749,137.593,0.875328,0.0
19.492,0.0133435,136.943,0.821257,0.0
19.4949,0.013632,137.876,0.853564,0.0
19.4797,0.0133214,136.027,0.866486,0.0
19.4862,0.0135786,137.226,0.83384,0.0
19.5099,0.013575,138.092,0.860025,0.0
19.5026,0.0133852,138.176,0.861045,0.0
19.472,0.0133802,137.843,0.856284,0.0
19.4844,0.0132548,137.926,0.83452,0.0
19.4865,0.01364,135.71,0.838261,0.0
19.4685,0.0132252,139.259,0.855264,0.0
19.4878,0.0135754,137.909,0.816157,0.0
19.4824,0.0135559,137.093,0.840301,0.0
19.4655,0.0136154,137.509,0.854584,0.0
19.4854,0.0139373,137.026,0.845402,0.0
19.4969,0.0133871,138.792,0.856284,0.0
19.4907,0.0133114,136.743,0.853564,0.0
19.483,0.0133961,137.576,0.846762,0.0
19.4951,0.0135709,137.093,0.831459,0.0
19.5025,0.0135376,138.426,0.851863,0.0
19.492,0.0135209,136.66,0.83282,0.0
19.4761,0.0136848,137.326,0.847783,0.0
19.4762,0.0132054,136.826,0.83554,0.0
19.4863,0.0131214,138.059,0.828739,0.0
19.4903,0.0134707,138.442,0.852203,0.0
19.4871,0.013764,137.343,0.861385,0.0
19.488,0.0134702,136.926,0.861725,0.0
19.4964,0.0133437,138.726,0.83214,0.0
19.4953,0.0133249,137.01,0.848123,0.0
19.5017,0.0132126,136.643,0.860705,0.0
19.5084,0.0137086,136.81,0.845402,0.0
19.5032,0.0131848,137.426,0.844042,0.0
19.48,0.0131469,137.293,0.849823,0.0
19.4888,0.0134229,137.743,0.841661,0.0
19.5203,0.0135117,136.926,0.855264,0.0
19.5087,0.0136515,137.309,0.83622,0.0
19.487,0.0135492,137.959,0.860365,0.0
19.5002,0.0134161,137.543,0.83486,0.0
19.5141,0.013718,138.226,0.829759,0.0
19.5126,0.0137456,137.559,0.853564,0.0
19.4994,0.01347,137.243,0.845742,0.0
19.4779,0.0138084,137.06,0.8318,0.0
19.4882,0.0134005,135.943,0.842682,0.0
19.4901,0.0135969,137.993,0.845062,0.0
19.4839,0.0131582,135.843,0.837241,0.0
19.4916,0.0133097,136.91,0.854924,0.0
19.4842,0.0133815,137.376,0.854584,0.0
19.461,0.0133221,137.026,0.840641,0.0
19.4702,0.0133358,137.06,0.850843,0.0
19.4925,0.0133499,137.576,0.849823,0.0
19.4794,0.0135038,136.96,0.840641,0.0
19.4773,0.0135194,137.459,0.830439,0.0
19.4903,0.01358,135.893,0.847783,0.0
19.489,0.0133199,138.509,0.847783,0.0
19.4745,0.0134556,137.309,0.838601,0.0
19.469,0.0133312,137.893,0.852203,0.0
19.4593,0.0133562,136.11,0.862065,0.0
19.4556,0.0136085,135.86,0.855604,0.0
19.4719,0.013522,137.509,0.846422,0.0
19.499,0.0136315,136.493,0.843022,0.0
19.5,0.0134094,138.342,0.850503,0.0
19.4918,0.0135765,138.559,0.859005,0.0
19.4871,0.0135639,137.859,0.841321,0.0
19.4877,0.0132655,136.843,0.839621,0.0
19.5029,0.0133695,137.893,0.862065,0.0
19.4976,0.0132335,137.409,0.840301,0.0
19.4744,0.0133337,137.01,0.837581,0.0
19.487,0.0134048,138.609,0.850163,0.0
19.5232,0.0136876,138.176,0.843362,0.0
19.5012,0.0136671,134.411,0.839621,0.0
19.4666,0.0131672,136.16,0.848463,0.0
19.4899,0.0133638,136.41,0.841321,0.0
19.4858,0.0135465,137.676,0.864446,0.0
19.4746,0.0135923,135.494,0.839961,0.0
19.4868,0.0134408,137.01,0.852543,0.0
19.4801,0.0132151,136.76,0.837921,0.0
19.4863,0.0134559,137.093,0.850163,0.0
19.4926,0.013637,138.975,0.848803,0.0
19.4776,0.0133592,136.16,0.861045,0.0
19.4822,0.0137215,137.359,0.852203,0.0
19.4886,0.0133998,136.277,0.842682,0.0
19.4903,0.0136977,136.71,0.821598,0.0
19.4877,0.0131399,136.626,0.868867,0.0
19.473,0.0133358,137.709,0.83486,0.0
19.4833,0.0134759,136.543,0.855944,0.0
19.4825,0.0132708,137.076,0.859345,0.0
19.4888,0.0137436,137.743,0.83384,0.0
19.4962,0.0133598,138.809,0.850503,0.0
19.4829,0.0134833,137.476,0.844042,0.0
19.4873,0.0133614,137.193,0.863426,0.0
19.499,0.0137921,139.125,0.852543,0.0
19.4986,0.0134119,136.893,0.837581,0.0
19.4908,0.0133432,136.843,0.860025,0.0
19.4845,0.0136939,137.276,0.858665,0.0
19.4738,0.013249,138.609,0.846422,0.0
19.4856,0.0134612,135.544,0.851523,0.0
19.5067,0.0134011,137.476,0.854924,0.0
19.4916,0.0132052,135.61,0.859345,0.0
19.465,0.0133459,137.326,0.861045,0.0
19.4794,0.0133952,138.159,0.849823,0.0
19.4969,0.0133758,138.159,0.860365,0.0
19.4775,0.0134692,136.26,0.826699,0.0
19.4819,0.0134238,138.209,0.855604,0.0
19.4973,0.0140767,136.843,0.843362,0.0
19.4974,0.013479,138.609,0.869547,0.0
19.4854,0.0137236,135.677,0.852203,0.0
19.4714,0.013556,138.526,0.819557,0.0
19.4942,0.0133517,136.327,0.840641,0.0
19.5053,0.0130814,137.926,0.837581,0.0
19.4926,0.0137168,137.576,0.850503,0.0
19.496,0.0131604,137.11,0.842001,0.0
19.4896,0.0134414,137.293,0.880089,0.0
19.4759,0.0135451,135.494,0.855604,0.0
19.4693,0.0132511,138.009,0.8335,0.0
19.4824,0.0133852,137.543,0.869547,0.0
19.4917,0.0134474,138.042,0.83622,0.0
19.4901,0.0134486,137.526,0.853224,0.0
19.4737,0.0132001,135.76,0.852884,0.0
19.4651,0.0129365,136.36,0.829419,0.0
19.491,0.013297,138.276,0.848803,0.0
19.5104,0.0135883,138.259,0.829419,0.0
19.5097,0.0135172,136.976,0.850843,0.0
19.4974,0.0135677,137.443,0.857985,0.0
19.4783,0.0135769,136.943,0.831119,0.0
19.4903,0.013369,138.342,0.837921,0.0
19.5049,0.013599,136.343,0.843702,0.0
19.4833,0.0136644,136.743,0.844042,0.0
19.4833,0.0128776,137.143,0.853224,0.0
19.4816,0.0132504,138.042,0.83316,0.0
19.4988,0.0132961,136.243,0.866826,0.0
19.5055,0.013668,138.526,0.856284,0.0
19.4718,0.0135475,136.593,0.856284,0.0
19.47,0.0133934,137.259,0.851863,0.0
19.4985,0.013664,138.459,0.853224,0.0
19.5019,0.0135431,137.226,0.848803,0.0
19.4933,0.0133732,139.575,0.852884,0.0
19.5208,0.0133495,137.426,0.855944,0.0
19.527,0.0135562,136.61,0.848803,0.0
19.4901,0.0134394,136.743,0.849483,0.0
19.4845,0.0131796,137.193,0.858665,0.0
19.4965,0.013609,136.426,0.846762,0.0
19.4961,0.0136705,135.494,0.83622,0.0
19.4896,0.01368,137.176,0.867166,0.0
19.4798,0.0135844,136.693,0.83418,0.0
19.471,0.0135813,137.193,0.838941,0.0
19.4847,0.0134443,137.993,0.83418,0.0
19.4935,0.0135161,137.793,0.841661,0.0
19.481,0.0135447,137.659,0.827039,0.0
19.4953,0.0135597,136.443,0.846082,0.0
19.5015,0.0136441,136.86,0.847443,0.0
19.4657,0.0136092,137.876,0.847102,0.0
19.4565,0.0136003,138.009,0.821938,0.0
19.4674,0.0134255,137.459,0.837581,0.0
19.4842,0.0133644,137.309,0.873287,0.0
19.4922,0.0132937,138.359,0.824318,0.0
19.4754,0.0133398,137.609,0.840641,0.0
19.4935,0.0134974,138.259,0.879749,0.0
19.5214,0.0133608,137.226,0.846762,0.0
19.4873,0.013211,137.576,0.83452,0.0
19.4695,0.013664,138.376,0.846422,0.0
19.4972,0.0136887,137.426,0.852543,0.0
19.4978,0.0132881,136.41,0.840301,0.0
19.4976,0.0132715,138.092,0.857304,0.0
19.4895,0.013621,136.843,0.851863,0.0
19.4656,0.0135106,137.359,0.819217,0.0
19.4793,0.0137859,137.909,0.850163,0.0
19.4881,0.0132106,136.443,0.844382,0.0
19.4894,0.0133317,137.376,0.841321,0.0
19.5037,0.0135536,137.426,0.842342,0.0
19.5014,0.0136263,138.992,0.850163,0.0
19.493,0.0134015,137.376,0.842682,0.0
19.485,0.0133627,138.776,0.855264,0.0
19.479,0.013397,135.777,0.849143,0.0
19.4887,0.0134769,138.359,0.863086,0.0
19.4914,0.0133938,138.426,0.854924,0.0
19.4729,0.0135259,137.543,0.846082,0.0
19.4647,0.0133003,136.26,0.830099,0.0
19.4827,0.0134083,137.293,0.859345,0.0
19.4852,0.0133681,137.226,0.83622,0.0
19.4819,0.0133391,137.143,0.824998,0.0
19.4842,0.0134419,136.943,0.865126,0.0
19.4833,0.0135221,138.776,0.840641,0.0
19.4996,0.0134742,138.709,0.828739,0.0
19.5098,0.0131624,137.943,0.857304,0.0
19.5017,0.0135824,136.693,0.846762,0.0
19.5103,0.0135829,137.543,0.849143,0.0
19.494,0.0133593,137.559,0.875668,0.0
19.4877,0.0137188,138.576,0.840301,0.0
19.4993,0.0138074,137.809,0.842001,0.0
19.472,0.0133455,136.693,0.83656,0.0
19.4789,0.0131848,137.526,0.860365,0.0
19.4965,0.0136167,136.693,0.843022,0.0
19.4823,0.0134403,137.693,0.8318,0.0
19.4826,0.0132942,137.693,0.83622,0.0
19.5014,0.0132719,137.493,0.816837,0.0
19.5057,0.0135885,137.026,0.851863,0.0
19.475,0.013522,136.71,0.861385,0.0
19.4692,0.0138088,138.409,0.853224,0.0
19.5008,0.0135812,137.243,0.849143,0.0
19.4904,0.0137814,136.077,0.8352,0.0
19.4813,0.0135256,136.693,0.850163,0.0
19.4968,0.0135063,138.409,0.842682,0.0
19.4959,0.013245,137.843,0.860365,0.0
19.4935,0.0135197,136.81,0.841321,0.0
19.4915,0.0132781,136.36,0.868186,0.0
19.4678,0.0135286,137.043,0.83588,0.0
19.4651,0.0134467,135.893,0.828739,0.0
19.4748,0.0132562,138.092,0.855944,0.0
19.483,0.0137351,136.843,0.83248,0.0
19.4841,0.0134743,136.626,0.855604,0.0
19.4757,0.0137269,137.209,0.843022,0.0
19.4836,0.0135738,136.377,0.857304,0.0
19.5036,0.0135434,137.509,0.83656,0.0
19.5029,0.0137041,138.359,0.845742,0.0
19.4993,0.0132766,138.126,0.850163,0.0
19.4981,0.0131984,136.426,0.831459,0.0
19.497,0.0132152,136.576,0.862745,0.0
19.4958,0.0131453,137.026,0.83588,0.0
19.4907,0.0131923,135.927,0.844382,0.0
19.4736,0.0136739,137.559,0.849143,0.0
19.4673,0.0137535,137.16,0.859005,0.0
19.4736,0.0135355,138.692,0.850843,0.0
19.4911,0.0135922,137.959,0.828739,0.0
19.4868,0.013582,135.31,0.83486,0.0
19.4864,0.013298,138.592,0.845402,0.0
19.4898,0.0134835,137.909,0.852543,0.0
19.4914,0.0133774,136.26,0.842682,0.0
19.5212,0.0134862,136.76,0.83282,0.0
19.5076,0.0135752,136.043,0.841321,0.0
19.4858,0.0133677,137.393,0.829079,0.0
19.4933,0.0133049,137.876,0.868527,0.0
19.4826,0.0132737,137.376,0.845062,0.0
19.4803,0.013292,137.026,0.845062,0.0
19.4986,0.0131682,136.51,0.83622,0.0
19.4958,0.0131102,137.776,0.858665,0.0
19.5044,0.0134648,138.559,0.843362,0.0
19.5217,0.0134929,137.359,0.855604,0.0
19.4999,0.013668,137.459,0.83384,0.0
19.4868,0.0137086,137.01,0.83214,0.0
19.4995,0.0132699,137.359,0.860025,0.0
19.5019,0.0135185,135.577,0.847783,0.0
19.4924,0.0135639,137.359,0.866826,0.0
19.4848,0.0136807,137.11,0.847783,0.0
19.4833,0.0135992,136.776,0.847443,0.0
19.4833,0.0140573,137.726,0.83656,0.0
19.4782,0.0137451,136.876,0.814456,0.0
19.472,0.0128215,137.776,0.840981,0.0
19.4699,0.0132672,137.743,0.859345,0.0
19.4739,0.0133002,135.793,0.845402,0.0
19.4705,0.0135453,136.91,0.844722,0.0
19.4698,0.0137303,138.676,0.841661,0.0
19.4834,0.0134932,137.743,0.839281,0.0
19.5063,0.0134972,137.093,0.864446,0.0
19.4972,0.0138812,137.593,0.851863,0.0
19.486,0.0136361,137.01,0.847783,0.0
19.4839,0.0134169,137.293,0.856284,0.0
19.4852,0.0136552,137.193,0.826018,0.0
19.5103,0.0138769,137.393,0.826358,0.0
19.5107,0.0135501,137.526,0.846082,0.0
19.4908,0.0133833,137.593,0.841321,0.0
19.4727,0.0134828,136.743,0.822958,0.0
19.4672,0.0132889,139.375,0.859685,0.0
19.476,0.013301,137.609,0.859005,0.0
19.4797,0.0135444,136.96,0.844722,0.0
19.4853,0.0131807,135.927,0.840641,0.0
19.4961,0.013476,137.243,0.843022,0.0
19.5124,0.0134884,138.292,0.839281,0.0
19.4998,0.0132715,136.626,0.844722,0.0
19.4823,0.0133781,137.209,0.857304,0.0
19.4872,0.0136112,137.859,0.849483,0.0
19.4834,0.01349,137.359,0.854584,0.0
19.485,0.0134814,136.027,0.846082,0.0
19.485,0.0134886,137.909,0.839621,0.0
19.4714,0.0133442,137.709,0.837581,0.0
19.4959,0.0134509,135.81,0.867846,0.0
19.5003,0.0135877,136.976,0.828059,0.0
19.4841,0.0131617,137.626,0.854924,0.0
19.4928,0.0136453,137.343,0.848463,0.0
19.5015,0.0134336,136.976,0.859005,0.0
19.4948,0.0133777,137.209,0.837921,0.0
19.4817,0.0135977,137.16,0.858325,0.0
19.4806,0.0134657,135.544,0.845742,0.0
19.4885,0.0134696,139.808,0.859345,0.0
19.4978,0.0128899,136.91,0.849483,0.0
19.488,0.0131652,136.66,0.829079,0.0
19.4833,0.0130688,137.709,0.855264,0.0
19.5168,0.0135521,137.176,0.853564,0.0
19.5116,0.0135818,136.593,0.840301,0.0
19.4686,0.0134507,136.96,0.849143,0.0
19.4635,0.0131709,137.559,0.828739,0.0
19.4896,0.0134999,137.276,0.848803,0.0
19.5034,0.0135651,137.309,0.858325,0.0
19.4971,0.0130934,137.16,0.843702,0.0
19.4765,0.0136088,136.277,0.851863,0.0
19.4664,0.013753,136.876,0.848123,0.0
19.4843,0.0135309,138.126,0.83656,0.0
19.4939,0.0136687,138.276,0.850503,0.0
19.4848,0.0134762,137.759,0.857985,0.0
19.4925,0.0132865,136.143,0.861385,0.0
19.503,0.013427,136.093,0.825678,0.0
19.4909,0.0134406,137.493,0.876348,0.0
19.4811,0.0133221,138.875,0.840981,0.0
19.478,0.0132281,135.743,0.831459,0.0
19.485,0.0132282,137.309,0.854244,0.0
19.5015,0.0134879,138.842,0.845742,0.0
19.4981,0.0133707,135.71,0.842682,0.0
19.4928,0.0136331,137.126,0.856964,0.0
19.4944,0.0136647,137.376,0.853224,0.0
19.4771,0.0134648,137.793,0.8352,0.0
19.4857,0.0132413,137.06,0.851183,0.0
19.5041,0.0131905,137.776,0.845742,0.0
19.5025,0.0131803,137.676,0.838941,0.0
19.4734,0.0134875,136.843,0.826358,0.0
19.479,0.0134608,138.442,0.851523,0.0
19.5091,0.0134719,137.793,0.856624,0.0
19.5043,0.0134343,136.843,0.843702,0.0
19.4827,0.0134445,136.576,0.838601,0.0
19.4926,0.0137917,136.66,0.869207,0.0
19.5039,0.0137841,134.944,0.853224,0.0
19.5019,0.0135268,137.609,0.854924,0.0
19.5103,0.0132325,136.21,0.855264,0.0
19.512,0.0131392,137.16,0.849823,0.0
19.4943,0.0134763,136.976,0.844382,0.0
19.4945,0.0132909,137.726,0.856624,0.0
19.4931,0.0134845,136.676,0.855604,0.0
19.4719,0.0133688,138.159,0.83282,0.0
19.4901,0.0135554,137.509,0.859685,0.0
19.4899,0.0136148,136.676,0.856964,0.0
19.4668,0.0134054,138.359,0.83316,0.0
19.4947,0.013405,138.726,0.821257,0.0
19.5048,0.0136204,138.209,0.861045,0.0
19.4681,0.0131691,136.493,0.821938,0.0
19.4625,0.0137904,136.976,0.859005,0.0
19.4856,0.0134246,135.46,0.858325,0.0
19.4973,0.0130997,137.776,0.854244,0.0
19.4974,0.0136355,137.526,0.848123,0.0
19.5075,0.0132172,136.793,0.846082,0.0
19.5126,0.0136963,135.81,0.828399,0.0
19.503,0.0136221,135.494,0.817857,0.0
19.4916,0.0135017,137.676,0.844382,0.0
19.4758,0.0133347,136.943,0.842682,0.0
19.4772,0.0135526,139.075,0.859685,0.0
19.4926,0.0138681,136.127,0.862405,0.0
19.4899,0.0134869,137.959,0.843362,0.0
19.4806,0.0135371,138.192,0.848123,0.0
19.4809,0.0133283,139.025,0.852543,0.0
19.4798,0.0136528,138.742,0.855604,0.0
19.4853,0.0139405,137.243,0.838601,0.0
19.506,0.0134736,137.076,0.861385,0.0
19.4845,0.0133472,137.243,0.849143,0.0
19.4553,0.0134626,138.592,0.873287,0.0
19.4782,0.0135016,138.242,0.852543,0.0
19.4961,0.0135593,136.843,0.820917,0.0
19.4786,0.0129948,137.276,0.856624,0.0
19.4836,0.0134601,135.86,0.857644,0.0
19.5099,0.0137304,138.859,0.851863,0.0
19.5098,0.0136775,138.176,0.859345,0.0
19.491,0.013374,138.792,0.845742,0.0
19.4906,0.0133369,137.793,0.858325,0.0
19.5041,0.013491,137.826,0.843362,0.0
19.5005,0.013335,136.876,0.83486,0.0
19.476,0.0,137.393,0.0,0.0
19.4828,0.0,137.01,0.0,0.0
19.4965,0.0,136.56,0.0,0.0
19.4864,0.0,137.993,0.0,0.0
19.5003,0.0,137.309,0.0,0.0
19.5037,0.0,136.726,0.0,0.0
19.4878,0.0,137.293,0.0,0.0
19.4991,0.0,137.726,0.0,0.0
19.4929,0.0,137.926,0.0,0.0
19.4769,0.0,136.86,0.0,0.0
19.4893,0.0,136.426,0.0,0.0
19.498,0.0,137.826,0.0,0.0
19.4846,0.0,138.142,0.0,0.0
19.4719,0.0,135.177,0.0,0.0
19.4863,0.0,137.243,0.0,0.0
19.5001,0.0,137.01,0.0,0.0
19.5045,0.0,137.526,0.0,0.0
19.4964,0.0,137.843,0.0,0.0
19.4768,0.0,137.243,0.0,0.0
19.4827,0.0,137.06,0.0,0.0
19.4958,0.0,137.243,0.0,0.0
19.5058,0.0,136.71,0.0,0.0
19.5017,0.0,136.776,0.0,0.0
19.4905,0.0,137.909,0.0,0.0
19.4745,0.0,135.81,0.0,0.0
19.4793,0.0,137.609,0.0,0.0
19.508,0.0,137.409,0.0,0.0
19.4995,0.0,138.342,0.0,0.0
19.478,0.0,137.576,0.0,0.0
19.4772,0.0,136.976,0.0,0.0
19.4628,0.0,136.593,0.0,0.0
19.4614,0.0,135.977,0.0,0.0
19.4714,0.0,137.893,0.0,0.0
19.4792,0.0,138.242,0.0,0.0
19.4964,0.0,134.927,0.0,0.0
19.482,0.0,135.643,0.0,0.0
19.4813,0.0,136.71,0.0,0.0
19.5151,0.0,137.743,0.0,0.0
19.5098,0.0,137.359,0.0,0.0
19.4948,0.0,137.476,0.0,0.0
19.4944,0.0,135.86,0.0,0.0
19.4897,0.0,137.06,0.0,0.0
19.4805,0.0,136.626,0.0,0.0
19.4912,0.0,137.376,0.0,0.0
19.5074,0.0,137.393,0.0,0.0
19.4798,0.0,136.51,0.0,0.0
19.4725,0.0,138.326,0.0,0.0
19.4858,0.0,136.227,0.0,0.0
19.4667,0.0,136.926,0.0,0.0
19.463,0.0,137.893,0.0,0.0
19.497,0.0,136.91,0.0,0.0
19.5042,0.0,137.893,0.0,0.0
19.4779,0.0,138.226,0.0,0.0
19.4809,0.0,138.476,0.0,0.0
19.4915,0.0,138.059,0.0,0.0
19.5037,0.0,137.293,0.0,0.0
19.512,0.0,136.343,0.0,0.0
19.4892,0.0,138.359,0.0,0.0
19.4865,0.0,136.71,0.0,0.0
19.4957,0.0,137.643,0.0,0.0
19.4914,0.0,136.36,0.0,0.0
19.4995,0.0,138.942,0.0,0.0
19.5007,0.0,138.759,0.0,0.0
19.4856,0.0,137.443,0.0,0.0
19.4822,0.0,135.777,0.0,0.0
19.4897,0.0,137.293,0.0,0.0
19.4974,0.0,138.159,0.0,0.0
19.5002,0.0,138.376,0.0,0.0
19.4948,0.0,135.743,0.0,0.0
19.4705,0.0,136.51,0.0,0.0
19.4687,0.0,137.16,0.0,0.0
19.4986,0.0,136.56,0.0,0.0
19.4764,0.0,135.494,0.0,0.0
19.4658,0.0,139.225,0.0,0.0
19.4978,0.0,137.643,0.0,0.0
19.4919,0.0,137.976,0.0,0.0
19.4847,0.0,138.276,0.0,0.0
19.492,0.0,138.009,0.0,0.0
19.4809,0.0,138.592,0.0,0.0
19.4828,0.0,136.06,0.0,0.0
19.5056,0.0,137.793,0.0,0.0
19.4937,0.0,137.309,0.0,0.0
19.4726,0.0,136.027,0.0,0.0
19.4849,0.0,137.526,0.0,0.0
19.4873,0.0,137.176,0.0,0.0
19.4943,0.0,137.226,0.0,0.0
19.4898,0.0,137.743,0.0,0.0
19.471,0.0,135.893,0.0,0.0
19.4821,0.0,136.027,0.0,0.0
19.5042,0.0,137.193,0.0,0.0
19.5114,0.0,137.476,0.0,0.0
19.5055,0.0,136.626,0.0,0.0
19.5084,0.0,137.726,0.0,0.0
19.495,0.0,136.493,0.0,0.0
19.4933,0.0,137.143,0.0,0.0
19.501,0.0,138.076,0.0,0.0
19.4986,0.0,136.493,0.0,0.0
19.4988,0.0,137.143,0.0,0.0
19.4935,0.0,136.926,0.0,0.0
19.4939,0.0,137.359,0.0,0.0
19.503,0.0,137.276,0.0,0.0
19.4986,0.0,135.727,0.0,0.0
19.4883,0.0,137.726,0.0,0.0
19.5072,0.0,137.443,0.0,0.0
19.5184,0.0,137.459,0.0,0.0
19.4981,0.0,135.377,0.0,0.0
19.4792,0.0,136.976,0.0,0.0
19.4824,0.0,137.509,0.0,0.0
19.4682,0.0,136.243,0.0,0.0
19.4669,0.0,138.042,0.0,0.0
19.4908,0.0,135.577,0.0,0.0
19.5098,0.0,137.16,0.0,0.0
19.512,0.0,137.01,0.0,0.0
19.5085,0.0,135.31,0.0,0.0
19.4914,0.0,138.242,0.0,0.0
19.4812,0.0,138.942,0.0,0.0
19.5025,0.0,136.993,0.0,0.0
19.4861,0.0,136.393,0.0,0.0
19.4693,0.0,135.51,0.0,0.0
19.5038,0.0,137.643,0.0,0.0
19.5093,0.0,138.742,0.0,0.0
19.4757,0.0,135.594,0.0,0.0
19.4782,0.0,137.793,0.0,0.0
19.4894,0.0,137.476,0.0,0.0
19.4746,0.0,135.527,0.0,0.0
19.4636,0.0,137.776,0.0,0.0
19.4847,0.0,136.76,0.0,0.0
19.4904,0.0,138.026,0.0,0.0
19.4809,0.0,138.059,0.0,0.0
19.481,0.0,137.376,0.0,0.0
19.4981,0.0,136.11,0.0,0.0
19.5207,0.0,137.176,0.0,0.0
19.5131,0.0,136.576,0.0,0.0
19.481,0.0,139.409,0.0,0.0
19.4971,0.0,137.026,0.0,0.0
19.5186,0.0,136.127,0.0,0.0
19.5048,0.0,137.16,0.0,0.0
19.4979,0.0,137.793,0.0,0.0
19.494,0.0,138.142,0.0,0.0
19.4807,0.0,136.876,0.0,0.0
19.4776,0.0,139.192,0.0,0.0
19.4816,0.0,136.993,0.0,0.0
19.4755,0.0,137.076,0.0,0.0
19.4852,0.0,137.093,0.0,0.0
19.4881,0.0,137.176,0.0,0.0
19.5015,0.0,137.176,0.0,0.0
19.5184,0.0,136.776,0.0,0.0
19.4951,0.0,137.526,0.0,0.0
19.4824,0.0,137.576,0.0,0.0
19.4951,0.0,136.31,0.0,0.0
19.4896,0.0,137.526,0.0,0.0
19.4769,0.0,137.259,0.0,0.0
19.4743,0.0,137.16,0.0,0.0
19.4743,0.0,137.743,0.0,0.0
19.4848,0.0,136.393,0.0,0.0
19.5048,0.0,137.693,0.0,0.0
19.516,0.0,137.759,0.0,0.0
19.5046,0.0,138.776,0.0,0.0
19.4894,0.0,136.726,0.0,0.0
19.485,0.0,136.143,0.0,0.0
19.4839,0.0,138.842,0.0,0.0
19.4859,0.0,136.077,0.0,0.0
19.4874,0.0,136.493,0.0,0.0
19.4945,0.0,137.626,0.0,0.0
19.4867,0.0,136.393,0.0,0.0
19.4809,0.0,136.843,0.0,0.0
19.4994,0.0,137.043,0.0,0.0
19.4988,0.0,138.376,0.0,0.0
19.4838,0.0,137.793,0.0,0.0
19.4982,0.0,137.209,0.0,0.0
19.5103,0.0,138.359,0.0,0.0
19.4956,0.0,137.693,0.0,0.0
19.477,0.0,135.31,0.0,0.0
19.4849,0.0,137.326,0.0,0.0
19.4938,0.0,136.16,0.0,0.0
19.4767,0.0,138.892,0.0,0.0
19.4785,0.0,137.593,0.0,0.0
19.4846,0.0,138.459,0.0,0.0
19.4935,0.0,136.86,0.0,0.0
19.5072,0.0,137.576,0.0,0.0
19.4929,0.0,137.376,0.0,0.0
19.4813,0.0,137.726,0.0,0.0
19.4875,0.0,136.926,0.0,0.0
19.4888,0.0,138.292,0.0,0.0
19.4758,0.0,135.977,0.0,0.0
19.4747,0.0,137.459,0.0,0.0
19.4918,0.0,135.427,0.0,0.0
19.492,0.0,137.06,0.0,0.0
19.4867,0.0,139.042,0.0,0.0
19.4914,0.0,137.743,0.0,0.0
19.4884,0.0,137.893,0.0,0.0
19.5082,0.0,138.925,0.0,0.0
19.5196,0.0,137.01,0.0,0.0
19.5029,0.0,138.576,0.0,0.0
19.4888,0.0,136.243,0.0,0.0
19.4749,0.0,138.126,0.0,0.0
19.4766,0.0,137.293,0.0,0.0
19.4836,0.0,135.76,0.0,0.0
19.4756,0.0,138.042,0.0,0.0
19.4827,0.0,137.609,0.0,0.0
19.4936,0.0,136.526,0.0,0.0
19.4856,0.0,137.993,0.0,0.0
19.4965,0.0,137.11,0.0,0.0
19.5117,0.0,137.676,0.0,0.0
19.4906,0.0,137.026,0.0,0.0
19.4803,0.0,137.226,0.0,0.0
19.4929,0.0,138.009,0.0,0.0
19.4915,0.0,137.893,0.0,0.0
19.4816,0.0,137.459,0.0,0.0
19.4951,0.0,137.759,0.0,0.0
19.4986,0.0,137.359,0.0,0.0
19.484,0.0,135.943,0.0,0.0
19.4811,0.0,136.177,0.0,0.0
19.4861,0.0,137.143,0.0,0.0
19.4923,0.0,136.343,0.0,0.0
19.5022,0.0,136.576,0.0,0.0
19.4944,0.0,137.659,0.0,0.0
19.4925,0.0,138.292,0.0,0.0
19.4905,0.0,137.759,0.0,0.0
19.4761,0.0,137.543,0.0,0.0
19.4911,0.0,136.11,0.0,0.0
19.5036,0.0,138.092,0.0,0.0
19.4782,0.0,135.527,0.0,0.0
19.4784,0.0,136.793,0.0,0.0
19.509,0.0,137.326,0.0,0.0
19.4991,0.0,137.093,0.0,0.0
19.4749,0.0,136.31,0.0,0.0
19.484,0.0,136.976,0.0,0.0
19.5043,0.0,136.91,0.0,0.0
19.5098,0.0,138.592,0.0,0.0
19.5049,0.0,136.426,0.0,0.0
19.4868,0.0,136.91,0.0,0.0
19.4777,0.0,138.692,0.0,0.0
19.4705,0.0,137.409,0.0,0.0
19.4727,0.0,137.793,0.0,0.0
19.4857,0.0,135.943,0.0,0.0
19.4882,0.0,136.71,0.0,0.0
19.4996,0.0,137.826,0.0,0.0
19.5066,0.0,137.843,0.0,0.0
19.5043,0.0,138.942,0.0,0.0
19.498,0.0,136.277,0.0,0.0
19.4817,0.0,137.393,0.0,0.0
19.4937,0.0,138.476,0.0,0.0
19.5092,0.0,137.259,0.0,0.0
19.5055,0.0,137.909,0.0,0.0
19.5021,0.0,137.259,0.0,0.0
19.4982,0.0,138.009,0.0,0.0
19.4941,0.0,136.66,0.0,0.0
19.5058,0.0,137.076,0.0,0.0
19.4896,0.0,138.226,0.0,0.0
19.4518,0.0,136.493,0.0,0.0
19.4613,0.0,138.942,0.0,0.0
19.4888,0.0,138.226,0.0,0.0
19.4713,0.0,138.559,0.0,0.0
19.4824,0.0,137.026,0.0,0.0
19.5098,0.0,137.543,0.0,0.0
19.4687,0.0,136.993,0.0,0.0
19.4558,0.0,136.843,0.0,0.0
19.4872,0.0,135.06,0.0,0.0
19.4846,0.0,137.743,0.0,0.0
19.4867,0.0,137.326,0.0,0.0
19.5031,0.0,136.11,0.0,0.0
19.4991,0.0,136.96,0.0,0.0
19.4919,0.0,138.126,0.0,0.0
19.4923,0.0,137.876,0.0,0.0
19.4768,0.0,136.743,0.0,0.0
19.4579,0.0,135.66,0.0,0.0
19.4612,0.0,136.81,0.0,0.0
19.4974,0.0,137.709,0.0,0.0
19.5112,0.0,136.426,0.0,0.0
19.4877,0.0,136.377,0.0,0.0
19.4718,0.0,136.976,0.0,0.0
19.4727,0.0,137.326,0.0,0.0
19.4873,0.0,136.177,0.0,0.0
19.4945,0.0,138.392,0.0,0.0
19.4858,0.0,136.843,0.0,0.0
19.496,0.0,137.776,0.0,0.0
19.5097,0.0,138.576,0.0,0.0
19.5002,0.0,136.11,0.0,0.0
19.4955,0.0,137.16,0.0,0.0
19.5032,0.0,138.592,0.0,0.0
19.4844,0.0,136.81,0.0,0.0
19.4704,0.0,136.56,0.0,0.0
19.4639,0.0,136.943,0.0,0.0
19.4623,0.0,138.776,0.0,0.0
19.4816,0.0,137.093,0.0,0.0
19.4837,0.0,135.244,0.0,0.0
19.4627,0.0,138.709,0.0,0.0
19.4713,0.0,139.059,0.0,0.0
19.4959,0.0,137.459,0.0,0.0
19.5002,0.0,137.026,0.0,0.0
19.4852,0.0,136.277,0.0,0.0
19.4638,0.0,136.177,0.0,0.0
19.4676,0.0,135.943,0.0,0.0
19.489,0.0,136.876,0.0,0.0
19.485,0.0,138.076,0.0,0.0
19.4822,0.0,136.027,0.0,0.0
19.4951,0.0,136.426,0.0,0.0
19.501,0.0,137.243,0.0,0.0
19.5021,0.0,137.16,0.0,0.0
19.4896,0.0,138.009,0.0,0.0
19.4594,0.0,136.86,0.0,0.0
19.4776,0.0,137.809,0.0,0.0
19.5061,0.0,137.993,0.0,0.0
19.4915,0.0,137.793,0.0,0.0
19.5012,0.0,136.676,0.0,0.0
19.5163,0.0,136.96,0.0,0.0
19.4887,0.0,138.592,0.0,0.0
19.497,0.0,136.56,0.0,0.0
19.5041,0.0,138.209,0.0,0.0
19.4639,0.0,135.71,0.0,0.0
19.4791,0.0,137.793,0.0,0.0
19.4915,0.0,135.66,0.0,0.0
19.4642,0.0,137.293,0.0,0.0
19.4875,0.0,136.96,0.0,0.0
19.5119,0.0,138.092,0.0,0.0
19.494,0.0,136.526,0.0,0.0
19.499,0.0,135.577,0.0,0.0
19.5084,0.0,137.026,0.0,0.0
19.4927,0.0,138.126,0.0,0.0
19.4932,0.0,135.91,0.0,0.0
19.4907,0.0,136.593,0.0,0.0
19.4794,0.0,136.193,0.0,0.0
19.4928,0.0,136.077,0.0,0.0
19.4939,0.0,136.543,0.0,0.0
19.4906,0.0,136.543,0.0,0.0
19.4951,0.0,137.426,0.0,0.0
19.4962,0.0,138.042,0.0,0.0
19.5039,0.0,136.593,0.0,0.0
19.4956,0.0,136.41,0.0,0.0
19.4816,0.0,136.826,0.0,0.0
19.4896,0.0,138.592,0.0,0.0
19.5023,0.0,135.893,0.0,0.0
19.4888,0.0,138.092,0.0,0.0
19.4858,0.0,137.776,0.0,0.0
19.5091,0.0,137.993,0.0,0.0
19.5034,0.0,135.993,0.0,0.0
19.4848,0.0,137.843,0.0,0.0
19.4821,0.0,137.259,0.0,0.0
19.4944,0.0,137.209,0.0,0.0
19.5021,0.0,138.409,0.0,0.0
19.5016,0.0,136.71,0.0,0.0
19.5133,0.0,137.793,0.0,0.0
19.5106,0.0,136.843,0.0,0.0
19.4858,0.0,136.76,0.0,0.0
19.4684,0.0,138.759,0.0,0.0
19.4788,0.0,137.676,0.0,0.0
19.4872,0.0,137.726,0.0,0.0
19.4786,0.0,137.626,0.0,0.0
19.4887,0.0,136.06,0.0,0.0
19.4898,0.0,136.61,0.0,0.0
19.4841,0.0,136.943,0.0,0.0
19.5018,0.0,137.343,0.0,0.0
19.4875,0.0,136.027,0.0,0.0
19.4502,0.0,136.61,0.0,0.0
19.4701,0.0,137.259,0.0,0.0
19.5001,0.0,136.227,0.0,0.0
19.5004,0.0,138.426,0.0,0.0
19.513,0.0,136.543,0.0,0.0
19.4916,0.0,137.776,0.0,0.0
19.4704,0.0,135.793,0.0,0.0
19.492,0.0,138.559,0.0,0.0
19.4997,0.0,138.309,0.0,0.0
19.4821,0.0,137.209,0.0,0.0
19.4833,0.0,138.426,0.0,0.0
19.5041,0.0,135.893,0.0,0.0
19.4916,0.0,136.993,0.0,0.0
19.4913,0.0,136.36,0.0,0.0
19.5129,0.0,136.36,0.0,0.0
19.4872,0.0,138.126,0.0,0.0
19.4724,0.0,137.526,0.0,0.0
19.4822,0.0,137.593,0.0,0.0
19.4685,0.0,138.509,0.0,0.0
19.4568,0.0,137.359,0.0,0.0
19.4808,0.0,136.693,0.0,0.0
19.4999,0.0,137.16,0.0,0.0
19.4822,0.0,137.193,0.0,0.0
19.4735,0.0,136.926,0.0,0.0
19.485,0.0,138.792,0.0,0.0
19.4941,0.0,137.309,0.0,0.0
19.495,0.0,137.793,0.0,0.0
19.481,0.0,136.71,0.0,0.0
19.4765,0.0,136.277,0.0,0.0
19.4965,0.0,136.476,0.0,0.0
19.4907,0.0,137.576,0.0,0.0
19.4814,0.0,137.01,0.0,0.0
19.5011,0.0,137.409,0.0,0.0
19.494,0.0,136.41,0.0,0.0
19.4719,0.0,137.126,0.0,0.0
19.4976,0.0,136.91,0.0,0.0
19.5001,0.0,137.626,0.0,0.0
19.4692,0.0,134.977,0.0,0.0
19.4725,0.0,136.11,0.0,0.0
19.4971,0.0,137.259,0.0,0.0
19.503,0.0,136.826,0.0,0.0
19.4903,0.0,137.809,0.0,0.0
19.487,0.0,137.06,0.0,0.0
19.4894,0.0,136.526,0.0,0.0
19.49,0.0,138.692,0.0,0.0
19.494,0.0,137.243,0.0,0.0
19.501,0.0,137.16,0.0,0.0
19.4969,0.0,136.693,0.0,0.0
19.4651,0.0,135.793,0.0,0.0
19.4696,0.0,137.409,0.0,0.0
19.5154,0.0,136.91,0.0,0.0
19.5107,0.0,136.893,0.0,0.0
19.4707,0.0,137.076,0.0,0.0
19.4637,0.0,137.926,0.0,0.0
19.4952,0.0,137.459,0.0,0.0
19.5164,0.0,136.726,0.0,0.0
19.4807,0.0,136.81,0.0,0.0
19.4706,0.0,137.659,0.0,0.0
19.5049,0.0,136.56,0.0,0.0
19.4884,0.0,137.876,0.0,0.0
19.4807,0.0,138.109,0.0,0.0
19.4966,0.0,138.309,0.0,0.0
19.4783,0.0,137.076,0.0,0.0
19.4761,0.0,136.593,0.0,0.0
19.4841,0.0,138.142,0.0,0.0
19.4816,0.0,138.759,0.0,0.0
19.4804,0.0,137.209,0.0,0.0
19.4761,0.0,137.076,0.0,0.0
19.4777,0.0,137.176,0.0,0.0
19.4914,0.0,139.225,0.0,0.0
19.4976,0.0,136.593,0.0,0.0
19.4812,0.0,138.192,0.0,0.0
19.491,0.0,136.843,0.0,0.0
19.5082,0.0,137.559,0.0,0.0
19.4932,0.0,137.526,0.0,0.0
19.4782,0.0,138.276,0.0,0.0
19.4911,0.0,136.91,0.0,0.0
19.5163,0.0,136.993,0.0,0.0
19.5143,0.0,136.377,0.0,0.0
19.4826,0.0,137.509,0.0,0.0
19.4742,0.0,138.126,0.0,0.0
19.4832,0.0,137.326,0.0,0.0
19.4867,0.0,136.21,0.0,0.0
19.5037,0.0,137.559,0.0,0.0
19.494,0.0,136.327,0.0,0.0
19.474,0.0,136.593,0.0,0.0
19.4884,0.0,138.676,0.0,0.0
19.4974,0.0,136.277,0.0,0.0
19.4964,0.0,137.726,0.0,0.0
19.5137,0.0,137.076,0.0,0.0
19.5032,0.0,138.026,0.0,0.0
19.4815,0.0,136.993,0.0,0.0
19.4709,0.0,137.426,0.0,0.0
19.4763,0.0,136.41,0.0,0.0
19.4933,0.0,135.91,0.0,0.0
19.4806,0.0,136.76,0.0,0.0
19.4802,0.0,137.143,0.0,0.0
19.4877,0.0,136.876,0.0,0.0
19.4769,0.0,137.459,0.0,0.0
19.4761,0.0,136.926,0.0,0.0
19.4813,0.0,136.826,0.0,0.0
19.4888,0.0,138.759,0.0,0.0
19.5098,0.0,138.209,0.0,0.0
19.5057,0.0,136.41,0.0,0.0
19.4847,0.0,137.343,0.0,0.0
19.4917,0.0,136.693,0.0,0.0
19.4942,0.0,137.543,0.0,0.0
19.5002,0.0,138.609,0.0,0.0
19.5103,0.0,138.392,0.0,0.0
19.4931,0.0,136.993,0.0,0.0
19.4894,0.0,139.592,0.0,0.0
19.4969,0.0,136.676,0.0,0.0
19.4912,0.0,137.276,0.0,0.0
19.4824,0.0,137.276,0.0,0.0
19.4989,0.0,138.376,0.0,0.0
19.5101,0.0,137.209,0.0,0.0
19.4729,0.0,137.693,0.0,0.0
19.4623,0.0,137.226,0.0,0.0
19.4944,0.0,136.793,0.0,0.0
19.4907,0.0,136.76,0.0,0.0
19.4955,0.0,137.726,0.0,0.0
19.5222,0.0,136.86,0.0,0.0
19.4944,0.0,137.326,0.0,0.0
19.4747,0.0,138.409,0.0,0.0
19.4955,0.0,136.96,0.0,0.0
19.4904,0.0,136.726,0.0,0.0
19.4866,0.0,137.526,0.0,0.0
19.5015,0.0,137.176,0.0,0.0
19.4813,0.0,138.792,0.0,0.0
19.4788,0.0,138.142,0.0,0.0
19.4966,0.0,136.826,0.0,0.0
19.4909,0.0,137.376,0.0,0.0
19.4829,0.0,138.559,0.0,0.0
19.4763,0.0,137.593,0.0,0.0
19.471,0.0,136.277,0.0,0.0
19.4814,0.0,135.993,0.0,0.0
19.4842,0.0,137.793,0.0,0.0
19.4721,0.0,138.476,0.0,0.0
19.4898,0.0,136.476,0.0,0.0
19.4777,0.0,135.977,0.0,0.0
19.4648,0.0,138.742,0.0,0.0
19.502,0.0,136.96,0.0,0.0
19.4966,0.0,137.393,0.0,0.0
19.4895,0.0,135.677,0.0,0.0
19.509,0.0,139.225,0.0,0.0
19.4891,0.0,137.259,0.0,0.0
19.4764,0.0,137.293,0.0,0.0
19.4931,0.0,137.209,0.0,0.0
19.4933,0.0,137.293,0.0,0.0
19.4737,0.0,138.476,0.0,0.0
19.4579,0.0,136.16,0.0,0.0
19.4613,0.0,137.243,0.0,0.0
19.4648,0.0,137.876,0.0,0.0
19.456,0.0,136.96,0.0,0.0
19.4737,0.0,137.409,0.0,0.0
19.5101,0.0,136.793,0.0,0.0
19.5079,0.0,136.676,0.0,0.0
19.486,0.0,137.209,0.0,0.0
19.4827,0.0,136.243,0.0,0.0
19.48,0.0,138.376,0.0,0.0
19.4936,0.0,137.093,0.0,0.0
19.4938,0.0,137.026,0.0,0.0
19.4562,0.0,136.776,0.0,0.0
19.4351,0.0,137.859,0.0,0.0
19.479,0.0,136.593,0.0,0.0
19.5179,0.0,136.943,0.0,0.0
19.4878,0.0,137.143,0.0,0.0
19.4673,0.0,138.492,0.0,0.0
19.4965,0.0,137.543,0.0,0.0
19.5021,0.0,136.91,0.0,0.0
19.4814,0.0,135.727,0.0,0.0
19.4825,0.0,137.709,0.0,0.0
19.4817,0.0,136.743,0.0,0.0
19.4917,0.0,137.893,0.0,0.0
19.5138,0.0,134.627,0.0,0.0
19.504,0.0,137.209,0.0,0.0
19.4883,0.0,137.809,0.0,0.0
19.4846,0.0,135.627,0.0,0.0
19.4817,0.0,137.409,0.0,0.0
19.4827,0.0,136.876,0.0,0.0
19.4963,0.0,138.326,0.0,0.0
19.5019,0.0,138.576,0.0,0.0
19.5019,0.0,136.793,0.0,0.0
19.5057,0.0,137.509,0.0,0.0
19.4944,0.0,138.159,0.0,0.0
19.4808,0.0,137.459,0.0,0.0
19.4822,0.0,136.426,0.0,0.0
19.5035,0.0,136.493,0.0,0.0
19.4983,0.0,137.793,0.0,0.0
19.4945,0.0,137.793,0.0,0.0
19.5048,0.0,136.843,0.0,0.0
19.4888,0.0,135.477,0.0,0.0
19.4693,0.0,137.293,0.0,0.0
19.4718,0.0,137.959,0.0,0.0
19.4766,0.0,136.743,0.0,0.0
19.4782,0.0,136.976,0.0,0.0
19.4899,0.0,137.343,0.0,0.0
19.4927,0.0,136.06,0.0,0.0
19.488,0.0,137.459,0.0,0.0
19.4752,0.0,136.493,0.0,0.0
19.4731,0.0,135.96,0.0,0.0
19.4901,0.0,138.459,0.0,0.0
19.5023,0.0,137.593,0.0,0.0
19.5105,0.0,135.76,0.0,0.0
19.5093,0.0,137.559,0.0,0.0
19.492,0.0,136.91,0.0,0.0
19.485,0.0,137.893,0.0,0.0
19.4814,0.0,136.593,0.0,0.0
19.48,0.0,136.76,0.0,0.0
19.5049,0.0,136.526,0.0,0.0
19.5026,0.0,137.543,0.0,0.0
19.4945,0.0,137.693,0.0,0.0
19.4993,0.0,137.426,0.0,0.0
19.5002,0.0,137.259,0.0,0.0
19.4989,0.0,137.843,0.0,0.0
19.4871,0.0,135.677,0.0,0.0
19.4825,0.0,138.492,0.0,0.0
19.513,0.0,137.276,0.0,0.0
19.5111,0.0,137.643,0.0,0.0
19.4733,0.0,136.093,0.0,0.0
19.476,0.0,137.943,0.0,0.0
19.4969,0.0,137.609,0.0,0.0
19.4925,0.0,137.459,0.0,0.0
19.469,0.0,136.16,0.0,0.0
19.4584,0.0,138.542,0.0,0.0
19.4851,0.0,138.242,0.0,0.0
19.5031,0.0,136.91,0.0,0.0
19.483,0.0,136.976,0.0,0.0
19.4866,0.0,136.743,0.0,0.0
19.4893,0.0,137.226,0.0,0.0
19.4723,0.0,137.076,0.0,0.0
19.4793,0.0,137.543,0.0,0.0
19.4879,0.0,138.342,0.0,0.0
19.4915,0.0,137.859,0.0,0.0
19.495,0.0,135.91,0.0,0.0
19.4903,0.0,137.926,0.0,0.0
19.5008,0.0,138.176,0.0,0.0
19.4963,0.0,135.227,0.0,0.0
19.4765,0.0,138.309,0.0,0.0
19.48,0.0,137.043,0.0,0.0
19.4934,0.0,136.793,0.0,0.0
19.488,0.0,135.827,0.0,0.0
19.4803,0.0,136.343,0.0,0.0
19.4794,0.0,137.459,0.0,0.0
19.4834,0.0,139.242,0.0,0.0
19.4771,0.0,136.993,0.0,0.0
19.4762,0.0,136.51,0.0,0.0
19.5004,0.0,138.476,0.0,0.0
19.5119,0.0,136.926,0.0,0.0
19.5042,0.0,137.693,0.0,0.0
19.4991,0.0,138.026,0.0,0.0
19.4858,0.0,137.676,0.0,0.0
19.4852,0.0,138.609,0.0,0.0
19.5026,0.0,136.726,0.0,0.0
19.4905,0.0,136.66,0.0,0.0
19.4821,0.0,137.876,0.0,0.0
19.4846,0.0,135.81,0.0,0.0
19.4674,0.0,137.593,0.0,0.0
19.4716,0.0,136.976,0.0,0.0
19.4932,0.0,136.81,0.0,0.0
19.4773,0.0,136.943,0.0,0.0
19.4755,0.0,137.559,0.0,0.0
19.4853,0.0,137.976,0.0,0.0
19.478,0.0,137.859,0.0,0.0
19.4844,0.0,136.576,0.0,0.0
19.4955,0.0,137.759,0.0,0.0
19.4829,0.0,137.193,0.0,0.0
19.4798,0.0,138.142,0.0,0.0
19.4825,0.0,135.943,0.0,0.0
19.474,0.0,137.893,0.0,0.0
19.4869,0.0,137.026,0.0,0.0
19.4972,0.0,140.358,0.0,0.0
19.4892,0.0,137.376,0.0,0.0
19.4791,0.0,137.743,0.0,0.0
19.4855,0.0,137.01,0.0,0.0
19.4978,0.0,137.226,0.0,0.0
19.4923,0.0,138.359,0.0,0.0
19.4897,0.0,137.559,0.0,0.0
19.4933,0.0,135.394,0.0,0.0
19.4919,0.0,136.76,0.0,0.0
19.4863,0.0,135.094,0.0,0.0
19.4803,0.0,137.543,0.0,0.0
19.5024,0.0,137.459,0.0,0.0
19.5076,0.0,137.06,0.0,0.0
19.4906,0.0,137.559,0.0,0.0
19.4878,0.0,136.693,0.0,0.0
19.4924,0.0,137.309,0.0,0.0
19.4872,0.0,136.393,0.0,0.0
19.4794,0.0,137.876,0.0,0.0
19.4917,0.0,137.076,0.0,0.0
19.4944,0.0,136.893,0.0,0.0
19.4862,0.0,136.66,0.0,0.0
19.4767,0.0,136.943,0.0,0.0
19.4729,0.0,137.01,0.0,0.0
19.4803,0.0,137.06,0.0,0.0
19.4909,0.0,138.059,0.0,0.0
19.48,0.0,137.509,0.0,0.0
19.4921,0.0,136.876,0.0,0.0
19.5144,0.0,136.16,0.0,0.0
19.5112,0.0,136.46,0.0,0.0
19.5007,0.0,137.493,0.0,0.0
19.5017,0.0,138.442,0.0,0.0
19.4971,0.0,137.143,0.0,0.0
19.4719,0.0,136.476,0.0,0.0
19.4545,0.0,138.559,0.0,0.0
19.4799,0.0,138.609,0.0,0.0
19.503,0.0,137.11,0.0,0.0
19.4913,0.0,137.593,0.0,0.0
19.496,0.0,137.043,0.0,0.0
19.5122,0.0,138.742,0.0,0.0
19.4874,0.0,138.542,0.0,0.0
19.4799,0.0,136.96,0.0,0.0
19.5034,0.0,136.277,0.0,0.0
19.4939,0.0,136.943,0.0,0.0
19.4833,0.0,136.543,0.0,0.0
19.4879,0.0,138.192,0.0,0.0
19.4882,0.0,137.309,0.0,0.0
19.4834,0.0,138.242,0.0,0.0
19.4763,0.0,137.309,0.0,0.0
19.4968,0.0,138.076,0.0,0.0
19.5036,0.0,136.56,0.0,0.0
19.4812,0.0,136.31,0.0,0.0
19.4883,0.0,136.643,0.0,0.0
19.505,0.0,137.193,0.0,0.0
19.495,0.0,138.126,0.0,0.0
19.481,0.0,137.476,0.0,0.0
19.4915,0.0,136.91,0.0,0.0
19.5218,0.0,137.276,0.0,0.0
19.5025,0.0,137.393,0.0,0.0
19.482,0.0,137.443,0.0,0.0
19.4943,0.0,138.092,0.0,0.0
19.4921,0.0,138.776,0.0,0.0
19.4847,0.0,136.893,0.0,0.0
19.497,0.0,136.76,0.0,0.0
19.5086,0.0,137.493,0.0,0.0
19.5041,0.0,138.492,0.0,0.0
19.4923,0.0,137.993,0.0,0.0
19.4894,0.0,135.86,0.0,0.0
19.5013,0.0,138.126,0.0,0.0
19.4977,0.0,137.276,0.0,0.0
19.4948,0.0,137.826,0.0,0.0
19.5043,0.0,137.843,0.0,0.0
19.5138,0.0,137.643,0.0,0.0
19.5075,0.0,136.943,0.0,0.0
19.4709,0.0,136.776,0.0,0.0
19.4796,0.0,137.309,0.0,0.0
19.5015,0.0,137.16,0.0,0.0
19.4926,0.0,137.659,0.0,0.0
19.4996,0.0,136.543,0.0,0.0
19.5094,0.0,136.543,0.0,0.0
19.4868,0.0,136.51,0.0,0.0
19.4609,0.0,137.459,0.0,0.0
19.4789,0.0,138.776,0.0,0.0
19.5102,0.0,138.509,0.0,0.0
19.5015,0.0,135.66,0.0,0.0
19.4867,0.0,136.91,0.0,0.0
19.4769,0.0,137.793,0.0,0.0
19.4823,0.0,136.876,0.0,0.0
19.4949,0.0,136.143,0.0,0.0
19.482,0.0,137.426,0.0,0.0
19.4762,0.0,137.276,0.0,0.0
19.4903,0.0,136.76,0.0,0.0
19.505,0.0,135.277,0.0,0.0
19.505,0.0,137.626,0.0,0.0
19.4766,0.0,136.443,0.0,0.0
19.4728,0.0,138.359,0.0,0.0
19.4735,0.0,137.01,0.0,0.0
19.4672,0.0,137.276,0.0,0.0
19.4951,0.0,136.51,0.0,0.0
19.5145,0.0,137.593,0.0,0.0
19.5135,0.0,138.492,0.0,0.0
19.5105,0.0,136.776,0.0,0.0
19.501,0.0,136.926,0.0,0.0
19.4958,0.0,136.843,0.0,0.0
19.4909,0.0,138.776,0.0,0.0
19.4953,0.0,137.226,0.0,0.0
19.4728,0.0,136.56,0.0,0.0
19.454,0.0,137.143,0.0,0.0
19.4812,0.0,139.425,0.0,0.0
19.4897,0.0,136.043,0.0,0.0
19.4762,0.0,137.476,0.0,0.0
19.4911,0.0,137.743,0.0,0.0
19.5059,0.0,137.426,0.0,0.0
19.4905,0.0,138.376,0.0,0.0
19.4894,0.0,137.526,0.0,0.0
19.4895,0.0,137.309,0.0,0.0
19.4791,0.0,138.442,0.0,0.0
19.4828,0.0,137.759,0.0,0.0
19.4845,0.0,136.476,0.0,0.0
19.4755,0.0,136.693,0.0,0.0
19.4953,0.0,136.676,0.0,0.0
19.5194,0.0,136.793,0.0,0.0
19.5088,0.0,137.043,0.0,0.0
19.495,0.0,136.576,0.0,0.0
19.4907,0.0,138.642,0.0,0.0
19.4743,0.0,137.259,0.0,0.0
19.4847,0.0,136.91,0.0,0.0
19.5131,0.0,137.943,0.0,0.0
19.491,0.0,137.959,0.0,0.0
19.4978,0.0,136.16,0.0,0.0
19.5165,0.0,137.459,0.0,0.0
19.4958,0.0,137.343,0.0,0.0
19.5078,0.0,137.976,0.0,0.0
19.5283,0.0,136.776,0.0,0.0
19.5058,0.0,137.959,0.0,0.0
19.4709,0.0,137.776,0.0,0.0
19.4727,0.0,139.125,0.0,0.0
19.4852,0.0,136.093,0.0,0.0
19.4729,0.0,136.593,0.0,0.0
19.4702,0.0,138.875,0.0,0.0
19.4772,0.0,137.609,0.0,0.0
19.4813,0.0,137.559,0.0,0.0
19.5012,0.0,136.81,0.0,0.0
19.4982,0.0,135.843,0.0,0.0
19.4741,0.0,137.393,0.0,0.0
19.4862,0.0,136.377,0.0,0.0
19.4998,0.0,137.076,0.0,0.0
19.4989,0.0,136.993,0.0,0.0
19.4893,0.0,136.043,0.0,0.0
19.4807,0.0,136.693,0.0,0.0
19.4876,0.0,138.242,0.0,0.0
19.4818,0.0,137.243,0.0,0.0
19.4689,0.0,137.809,0.0,0.0
19.4665,0.0,137.01,0.0,0.0
19.4754,0.0,136.776,0.0,0.0
19.5082,0.0,136.493,0.0,0.0
19.5166,0.0,136.793,0.0,0.0
19.4743,0.0,137.959,0.0,0.0
19.474,0.0,137.393,0.0,0.0
19.4849,0.0,137.209,0.0,0.0
19.471,0.0,136.526,0.0,0.0
19.4943,0.0,138.209,0.0,0.0
19.5136,0.0,135.31,0.0,0.0
19.4843,0.0,138.092,0.0,0.0
19.4805,0.0,136.51,0.0,0.0
19.5127,0.0,136.91,0.0,0.0
19.5045,0.0,138.292,0.0,0.0
19.4728,0.0,137.776,0.0,0.0
19.4736,0.0,136.843,0.0,0.0
19.4897,0.0,138.526,0.0,0.0
19.492,0.0,137.693,0.0,0.0
19.4997,0.0,136.31,0.0,0.0
19.4966,0.0,137.226,0.0,0.0
19.4826,0.0,135.127,0.0,0.0
19.4747,0.0,137.809,0.0,0.0
19.4706,0.0,137.926,0.0,0.0
19.4897,0.0,137.126,0.0,0.0
19.4921,0.0,135.91,0.0,0.0
19.4762,0.0,138.842,0.0,0.0
19.4763,0.0,137.459,0.0,0.0
19.4945,0.0,137.076,0.0,0.0
19.5056,0.0,138.242,0.0,0.0
19.4996,0.0,138.642,0.0,0.0
19.4743,0.0,136.277,0.0,0.0
19.472,0.0,136.676,0.0,0.0
19.5027,0.0,136.56,0.0,0.0
19.5054,0.0,135.46,0.0,0.0
19.4797,0.0,136.343,0.0,0.0
19.4888,0.0,138.476,0.0,0.0
19.5049,0.0,136.66,0.0,0.0
19.4775,0.0,137.076,0.0,0.0
19.4679,0.0,137.443,0.0,0.0
19.4929,0.0,137.543,0.0,0.0
19.4993,0.0,136.96,0.0,0.0
19.4901,0.0,137.326,0.0,0.0
19.4716,0.0,135.477,0.0,0.0
19.4797,0.0,139.092,0.0,0.0
19.4928,0.0,137.776,0.0,0.0
19.4918,0.0,136.293,0.0,0.0
19.5033,0.0,137.759,0.0,0.0
19.4991,0.0,138.326,0.0,0.0
19.4947,0.0,136.776,0.0,0.0
19.5082,0.0,138.392,0.0,0.0
19.5006,0.0,137.343,0.0,0.0
19.4689,0.0,138.142,0.0,0.0
19.4778,0.0,136.726,0.0,0.0
19.4974,0.0,137.726,0.0,0.0
19.4788,0.0,136.61,0.0,0.0
19.4747,0.0,138.692,0.0,0.0
19.4775,0.0,136.643,0.0,0.0
19.4798,0.0,137.459,0.0,0.0
19.4903,0.0,138.442,0.0,0.0
19.4878,0.0,135.077,0.0,0.0
19.4681,0.0,138.292,0.0,0.0
19.4799,0.0,139.342,0.0,0.0
19.4817,0.0,136.277,0.0,0.0
19.4718,0.0,137.759,0.0,0.0
19.4896,0.0,136.893,0.0,0.0
19.4942,0.0,136.71,0.0,0.0
19.4857,0.0,138.142,0.0,0.0
19.4823,0.0,136.91,0.0,0.0
19.4809,0.0,137.026,0.0,0.0
19.4988,0.0,137.393,0.0,0.0
19.5116,0.0,137.309,0.0,0.0
19.4747,0.0,137.809,0.0,0.0
19.4734,0.0,138.426,0.0,0.0
19.5074,0.0,135.993,0.0,0.0
19.4869,0.0,136.377,0.0,0.0
19.482,0.0,137.093,0.0,0.0
19.5074,0.0,136.21,0.0,0.0
19.4858,0.0,137.143,0.0,0.0
19.4809,0.0,136.293,0.0,0.0
19.4968,0.0,136.726,0.0,0.0
19.4759,0.0,137.609,0.0,0.0
19.4789,0.0,137.259,0.0,0.0
19.5063,0.0,137.01,0.0,0.0
19.499,0.0,136.443,0.0,0.0
19.4895,0.0,136.41,0.0,0.0
19.5163,0.0,138.459,0.0,0.0
19.5094,0.0,138.009,0.0,0.0
19.4792,0.0,137.443,0.0,0.0
19.511,0.0,138.442,0.0,0.0
19.516,0.0,136.127,0.0,0.0
19.4836,0.0,137.726,0.0,0.0
19.5005,0.0,136.86,0.0,0.0
19.5045,0.0,136.726,0.0,0.0
19.4936,0.0,138.526,0.0,0.0
19.4998,0.0,136.06,0.0,0.0
19.494,0.0,137.209,0.0,0.0
19.5014,0.0,136.626,0.0,0.0
19.5096,0.0,136.993,0.0,0.0
19.4881,0.0,136.576,0.0,0.0
19.4661,0.0,138.892,0.0,0.0
19.4664,0.0,136.576,0.0,0.0
19.4775,0.0,138.226,0.0,0.0
19.4686,0.0,135.71,0.0,0.0
19.4638,0.0,137.676,0.0,0.0
19.493,0.0,137.459,0.0,0.0
19.5006,0.0,136.443,0.0,0.0
19.4972,0.0,137.309,0.0,0.0
19.4963,0.0,135.544,0.0,0.0
19.4708,0.0,138.209,0.0,0.0
19.4638,0.0,136.127,0.0,0.0
19.4853,0.0,138.459,0.0,0.0
19.5021,0.0,134.394,0.0,0.0
19.4821,0.0,136.96,0.0,0.0
19.4734,0.0,137.409,0.0,0.0
19.4817,0.0,137.643,0.0,0.0
19.4931,0.0,137.409,0.0,0.0
19.5075,0.0,138.542,0.0,0.0
19.5119,0.0,136.593,0.0,0.0
19.4844,0.0,137.126,0.0,0.0
19.4737,0.0,138.026,0.0,0.0
19.5014,0.0,137.926,0.0,0.0
19.4828,0.0,137.343,0.0,0.0
19.4774,0.0,138.192,0.0,0.0
19.5199,0.0,139.625,0.0,0.0
19.5044,0.0,136.61,0.0,0.0
19.4845,0.0,138.076,0.0,0.0
19.4897,0.0,137.709,0.0,0.0
19.4863,0.0,137.376,0.0,0.0
19.4793,0.0,137.393,0.0,0.0
19.4945,0.0,137.176,0.0,0.0
19.5031,0.0,135.827,0.0,0.0
19.4902,0.0,136.443,0.0,0.0
19.4882,0.0,137.493,0.0,0.0
19.4793,0.0,137.343,0.0,0.0
19.4815,0.0,138.576,0.0,0.0
19.5037,0.0,135.877,0.0,0.0
19.4778,0.0,136.96,0.0,0.0
19.4763,0.0,138.376,0.0,0.0
19.4903,0.0,136.66,0.0,0.0
19.4767,0.0,137.376,0.0,0.0
19.489,0.0,137.459,0.0,0.0
19.4837,0.0,137.076,0.0,0.0
19.4815,0.0,137.126,0.0,0.0
19.4906,0.0,135.793,0.0,0.0
19.4842,0.0,137.726,0.0,0.0
19.4964,0.0,137.276,0.0,0.0
19.4751,0.0,137.493,0.0,0.0
19.4639,0.0,135.16,0.0,0.0
19.4846,0.0,136.743,0.0,0.0
19.4828,0.0,136.377,0.0,0.0
19.4856,0.0,136.726,0.0,0.0
19.4991,0.0,136.776,0.0,0.0
19.4894,0.0,137.776,0.0,0.0
19.4616,0.0,137.243,0.0,0.0
19.4731,0.0,137.926,0.0,0.0
19.5019,0.0,137.393,0.0,0.0
19.5011,0.0,137.759,0.0,0.0
