analog,analog_sterr,photon_counting,pc_sterr,overflow_info
18.4594,0.0136606,135.643,0.849483,0.0
18.4566,0.0138641,134.694,0.840981,0.0
18.4568,0.0138002,133.761,0.852543,0.0
18.4783,0.013636,134.111,0.83588,0.0
18.4769,0.0137096,132.645,0.839621,0.0
18.4479,0.0134532,133.928,0.8369,0.0
18.4644,0.013654,134.111,0.863766,0.0
18.4731,0.0135061,134.111,0.824318,0.0
18.4496,0.0134931,133.978,0.851523,0.0
18.4473,0.0137656,132.295,0.83316,0.0
18.4586,0.013787,134.627,0.824998,0.0
18.4531,0.013771,133.828,0.856284,0.0
18.4551,0.0138013,134.894,0.853564,0.0
18.4728,0.0136285,133.761,0.847783,0.0
18.4626,0.0133679,133.444,0.838941,0.0
18.4653,0.0135233,134.644,0.83248,0.0
18.4707,0.0137829,133.244,0.848803,0.0
18.4553,0.0136722,135.294,0.859685,0.0
18.4483,0.0133879,134.894,0.843362,0.0
18.4515,0.0138668,133.328,0.843702,0.0
18.4584,0.0131046,132.695,0.830779,0.0
18.444,0.013506,134.81,0.826018,0.0
18.439,0.013268,135.277,0.838941,0.0
18.4765,0.0134022,133.428,0.812416,0.0
18.4884,0.0131523,134.494,0.83656,0.0
18.4677,0.0139127,133.261,0.856284,0.0
18.4638,0.0136334,134.127,0.810375,0.0
18.4634,0.013752,134.561,0.844722,0.0
18.4648,0.0136587,134.061,0.853564,0.0
18.4629,0.0133466,135.027,0.83248,0.0
18.4468,0.0135345,134.511,0.861045,0.0
18.4443,0.0137112,135.71,0.850843,0.0
18.4588,0.0136981,135.693,0.837581,0.0
18.4596,0.0135005,135.144,0.846422,0.0
18.4565,0.0136555,133.844,0.854924,0.0
18.4508,0.0136357,134.261,0.838941,0.0
18.4617,0.0138571,133.978,0.855604,0.0
18.4817,0.0136546,135.927,0.83316,0.0
18.4598,0.0139805,132.811,0.845742,0.0
18.4328,0.013841,132.995,0.841661,0.0
18.4568,0.0138929,135.027,0.852884,0.0
18.4691,0.0136083,132.895,0.830099,0.0
18.461,0.0131051,133.511,0.826358,0.0
18.4596,0.0133692,133.045,0.83554,0.0
18.467,0.013528,134.611,0.838261,0.0
18.4748,0.0134408,134.211,0.829759,0.0
18.4807,0.0134007,133.344,0.854244,0.0
18.4911,0.01364,135.044,0.838261,0.0
18.4829,0.0140231,134.361,0.856284,0.0
18.4506,0.0140831,134.91,0.846762,0.0
18.4539,0.0138039,134.661,0.8369,0.0
18.4745,0.0134272,135.394,0.846762,0.0
18.4629,0.0138729,133.294,0.825338,0.0
18.4746,0.0138303,135.727,0.837921,0.0
18.4936,0.0138319,133.211,0.852884,0.0
18.449,0.0133839,134.877,0.841321,0.0
18.4483,0.013443,134.877,0.843702,0.0
18.4662,0.0130844,133.095,0.838261,0.0
18.4519,0.013913,132.595,0.8318,0.0
18.4694,0.0134969,134.327,0.83248,0.0
18.479,0.0137634,134.011,0.849483,0.0
18.4572,0.0137478,134.711,0.846762,0.0
18.4534,0.0138059,133.344,0.861385,0.0
18.4656,0.0135757,133.628,0.851523,0.0
18.4751,0.0139185,134.727,0.868527,0.0
18.4721,0.0138279,133.444,0.838601,0.0
18.462,0.0136813,135.094,0.831119,0.0
18.4623,0.0135839,134.011,0.847783,0.0
18.4451,0.0137299,133.544,0.852203,0.0
18.4397,0.0139075,134.711,0.820237,0.0
18.4558,0.0137419,133.078,0.846762,0.0
18.4469,0.0135243,133.128,0.839621,0.0
18.4387,0.0136334,135.843,0.838941,0.0
18.4656,0.0136849,135.927,0.857644,0.0
18.486,0.0137745,134.211,0.83418,0.0
18.4493,0.0137217,134.544,0.83418,0.0
18.4539,0.0133703,135.327,0.811056,0.0
18.479,0.0135364,133.678,0.839621,0.0
18.4626,0.0135178,133.611,0.845402,0.0
18.447,0.0137407,135.244,0.850163,0.0
18.4602,0.0136555,133.878,0.850163,0.0
18.4626,0.0137765,134.494,0.850503,0.0
18.4639,0.0138375,133.728,0.824318,0.0
18.4845,0.0135893,133.428,0.83452,0.0
18.465,0.0133565,134.927,0.823978,0.0
18.4533,0.0137725,133.928,0.838261,0.0
18.4737,0.0135452,132.561,0.848803,0.0
18.4667,0.0137293,134.81,0.854244,0.0
18.4558,0.0135267,133.761,0.849143,0.0
18.452,0.0138552,133.644,0.849143,0.0
18.4458,0.0134548,135.327,0.8369,0.0
18.4671,0.0140939,134.661,0.822278,0.0
18.4951,0.0137281,133.444,0.831119,0.0
18.4778,0.0138535,133.861,0.849143,0.0
18.445,0.0135977,135.327,0.821938,0.0
18.4399,0.0134839,133.344,0.820577,0.0
18.4547,0.013398,134.86,0.845402,0.0
18.4676,0.0138724,135.36,0.844382,0.0
18.4728,0.0139938,134.044,0.838601,0.0
18.4639,0.0138195,135.01,0.850503,0.0
18.467,0.0137895,133.478,0.827719,0.0
18.4836,0.0137367,135.027,0.853564,0.0
18.4769,0.0139183,133.594,0.843362,0.0
18.4552,0.0137459,134.561,0.843022,0.0
18.4554,0.0136451,135.227,0.831119,0.0
18.4748,0.0137472,135.144,0.850163,0.0
18.4845,0.0135785,134.127,0.83588,0.0
18.4593,0.0137614,133.611,0.856964,0.0
18.4423,0.0135475,134.544,0.837581,0.0
18.4548,0.0139256,134.061,0.839961,0.0
18.4581,0.0141202,134.277,0.826018,0.0
18.447,0.0135685,133.478,0.854244,0.0
18.4657,0.0140702,134.027,0.83656,0.0
18.4815,0.0138288,134.227,0.829759,0.0
18.4645,0.013354,133.861,0.849143,0.0
18.4595,0.0135764,133.778,0.863086,0.0
18.4528,0.0137692,135.06,0.840641,0.0
18.4533,0.0140019,134.794,0.852543,0.0
18.4704,0.0137971,134.094,0.83452,0.0
18.464,0.0134967,135.344,0.828399,0.0
18.4462,0.0136034,134.177,0.83316,0.0
18.4451,0.0138951,134.027,0.844722,0.0
18.4425,0.0138835,133.644,0.852543,0.0
18.4409,0.0136391,134.144,0.858665,0.0
18.4507,0.0133819,132.995,0.856624,0.0
18.4579,0.0134491,133.428,0.844382,0.0
18.4583,0.0135343,135.077,0.83418,0.0
18.4616,0.0135756,135.21,0.824318,0.0
18.4528,0.0135603,134.244,0.851183,0.0
18.4593,0.0136394,134.744,0.844042,0.0
18.4737,0.0139289,133.411,0.841321,0.0
18.4616,0.0137718,133.278,0.841321,0.0
18.4477,0.0134747,133.261,0.865466,0.0
18.4662,0.0136143,135.144,0.877368,0.0
18.4885,0.0134209,135.56,0.849143,0.0
18.4808,0.0138685,134.227,0.847783,0.0
18.4757,0.0139218,135.31,0.837581,0.0
18.4718,0.0135139,134.044,0.83316,0.0
18.4548,0.0134915,134.127,0.851863,0.0
18.4504,0.0139277,134.661,0.860365,0.0
18.4655,0.0142731,133.811,0.828059,0.0
18.4634,0.0139894,135.177,0.849483,0.0
18.466,0.0137993,134.427,0.855944,0.0
18.4735,0.0137212,134.794,0.843022,0.0
18.4428,0.0137711,134.927,0.839281,0.0
18.4381,0.0140743,134.711,0.842001,0.0
18.4418,0.0140084,133.744,0.854924,0.0
18.4497,0.0134757,134.044,0.842342,0.0
18.4731,0.0134875,134.494,0.831119,0.0
18.4602,0.0137311,134.711,0.849823,0.0
18.4509,0.0137679,133.178,0.83418,0.0
18.4659,0.0134444,135.01,0.848803,0.0
18.4785,0.0134614,134.644,0.848803,0.0
18.4846,0.0141061,134.011,0.847783,0.0
18.4543,0.0134879,133.661,0.829419,0.0
18.43,0.0135512,133.211,0.855944,0.0
18.4655,0.0137274,134.561,0.83554,0.0
18.4533,0.0135709,134.261,0.857644,0.0
18.4175,0.0138061,133.944,0.8352,0.0
18.458,0.013586,133.861,0.845062,0.0
18.4925,0.0138457,135.194,0.828059,0.0
18.4708,0.0139146,133.844,0.831459,0.0
18.4568,0.0135914,135.71,0.837581,0.0
18.4686,0.0135235,133.728,0.862405,0.0
18.4704,0.0134946,135.527,0.855944,0.0
18.477,0.0133771,133.694,0.843702,0.0
18.4873,0.0136957,134.411,0.845742,0.0
18.4631,0.0136553,134.194,0.83418,0.0
18.4393,0.0137047,135.11,0.843022,0.0
18.4689,0.0135327,133.778,0.837241,0.0
18.48,0.0133319,135.46,0.867166,0.0
18.4857,0.0137941,135.86,0.846422,0.0
18.4952,0.0138414,132.745,0.842001,0.0
18.4814,0.0140479,133.528,0.813096,0.0
18.4705,0.0137274,133.411,0.851523,0.0
18.4527,0.0132549,132.845,0.850163,0.0
18.4297,0.0133375,132.945,0.843702,0.0
18.4292,0.0136193,135.177,0.817857,0.0
18.4596,0.0135133,134.161,0.869207,0.0
18.4826,0.0136512,133.061,0.847783,0.0
18.4769,0.0136946,132.961,0.844722,0.0
18.4517,0.0137385,133.578,0.838261,0.0
18.4558,0.0135449,134.494,0.849823,0.0
18.4795,0.0134157,134.394,0.829419,0.0
18.4774,0.01386,135.577,0.829079,0.0
18.4647,0.0136979,133.811,0.860705,0.0
18.4632,0.013544,134.744,0.860025,0.0
18.4683,0.013952,133.944,0.825338,0.0
18.4467,0.0138613,134.361,0.8369,0.0
18.4366,0.0135652,133.294,0.861045,0.0
18.4557,0.0134277,134.461,0.8352,0.0
18.4706,0.013721,134.81,0.816837,0.0
18.4693,0.0137912,133.978,0.880089,0.0
18.4512,0.0137315,132.861,0.845402,0.0
18.4388,0.0134452,133.828,0.861385,0.0
18.4606,0.0135433,133.394,0.841661,0.0
18.477,0.0133081,134.711,0.848463,0.0
18.4708,0.013599,133.894,0.8335,0.0
18.4777,0.0135725,134.727,0.828739,0.0
18.472,0.0134687,135.76,0.866486,0.0
18.4779,0.0137024,133.911,0.850163,0.0
18.4772,0.0137341,133.111,0.847783,0.0
18.455,0.0137167,133.761,0.850163,0.0
18.4686,0.0136848,135.877,0.851183,0.0
18.4695,0.0141153,133.794,0.873628,0.0
18.4534,0.0139429,134.144,0.850503,0.0
18.4626,0.0134832,133.411,0.847102,0.0
18.471,0.0135271,134.027,0.83452,0.0
18.4707,0.0137638,133.528,0.862065,0.0
18.4852,0.0138569,135.893,0.829759,0.0
18.4892,0.0135689,133.161,0.853904,0.0
18.4748,0.0139794,134.627,0.843022,0.0
18.458,0.0138989,136.343,0.849823,0.0
18.4612,0.0137787,134.061,0.846762,0.0
18.4723,0.0136868,133.728,0.838601,0.0
18.4601,0.0136743,134.311,0.845742,0.0
18.4686,0.0135035,133.428,0.857304,0.0
18.4781,0.0135958,134.311,0.830779,0.0
18.4629,0.0140191,134.144,0.817857,0.0
18.464,0.0138311,133.744,0.848463,0.0
18.4757,0.0135784,133.394,0.842001,0.0
18.4693,0.0135436,135.594,0.865466,0.0
18.4647,0.0135047,133.811,0.854584,0.0
18.4509,0.0137126,133.294,0.847443,0.0
18.4359,0.0137951,133.611,0.865126,0.0
18.4504,0.0138644,133.494,0.828399,0.0
18.4584,0.0136227,133.794,0.868186,0.0
18.4402,0.0137127,134.761,0.848803,0.0
18.4526,0.0139027,133.994,0.855944,0.0
18.4741,0.0137463,133.778,0.857644,0.0
18.4636,0.0136095,134.927,0.83588,0.0
18.4651,0.0135139,133.778,0.857985,0.0
18.4755,0.0136287,133.394,0.858325,0.0
18.4632,0.0138535,134.977,0.845062,0.0
18.4737,0.0136776,133.911,0.848463,0.0
18.4911,0.0141244,135.11,0.837921,0.0
18.4811,0.0139957,134.594,0.845742,0.0
18.4715,0.0135366,134.411,0.842682,0.0
18.4617,0.0136267,132.345,0.840301,0.0
18.4501,0.0138467,133.428,0.830439,0.0
18.4345,0.0132946,133.511,0.83384,0.0
18.4329,0.0134964,134.544,0.845402,0.0
18.4414,0.0138111,134.844,0.851863,0.0
18.4421,0.0134357,134.127,0.83622,0.0
18.4699,0.0136425,134.761,0.852884,0.0
18.4982,0.0137729,134.944,0.83316,0.0
18.4874,0.0138007,134.86,0.837581,0.0
18.4711,0.0133575,133.661,0.83656,0.0
18.4614,0.0136079,133.594,0.83214,0.0
18.4426,0.0136361,133.644,0.848463,0.0
18.4471,0.013403,134.394,0.849823,0.0
18.466,0.0136423,135.927,0.844382,0.0
18.4516,0.0139905,132.745,0.83452,0.0
18.4401,0.0136453,133.528,0.83554,0.0
18.4666,0.0139383,133.444,0.845062,0.0
18.4761,0.0139603,134.477,0.845742,0.0
18.4701,0.0139276,134.477,0.828059,0.0
18.4866,0.0134715,133.911,0.828399,0.0
18.4718,0.0137657,133.528,0.837921,0.0
18.456,0.0137621,134.81,0.861385,0.0
18.4657,0.0135502,134.177,0.83554,0.0
18.4415,0.0135388,133.444,0.830439,0.0
18.4475,0.0139769,134.744,0.829759,0.0
18.4827,0.0136073,132.895,0.83588,0.0
18.47,0.013387,135.01,0.845062,0.0
18.4698,0.0136051,135.577,0.860025,0.0
18.4769,0.0134439,134.211,0.856624,0.0
18.4666,0.0139831,134.81,0.857644,0.0
18.4854,0.0136881,134.211,0.841321,0.0
18.4713,0.0137655,133.211,0.879409,0.0
18.4632,0.0137202,133.994,0.848123,0.0
18.4791,0.0137577,133.378,0.855944,0.0
18.465,0.0134921,133.594,0.8335,0.0
18.4501,0.0138335,134.161,0.856624,0.0
18.4388,0.0134209,132.828,0.854924,0.0
18.4511,0.0137109,133.728,0.843702,0.0
18.458,0.0140247,133.011,0.825338,0.0
18.4401,0.0133835,135.16,0.862065,0.0
18.4654,0.0133318,135.21,0.852543,0.0
18.4947,0.0137653,135.427,0.865806,0.0
18.4653,0.0137687,134.81,0.822958,0.0
18.455,0.0141257,135.827,0.871927,0.0
18.4474,0.0136568,134.177,0.821598,0.0
18.4343,0.0138737,133.828,0.854584,0.0
18.4705,0.0136276,135.71,0.838601,0.0
18.4903,0.0135375,132.112,0.823978,0.0
18.4773,0.0135316,134.011,0.8352,0.0
18.4819,0.0138684,134.011,0.853564,0.0
18.4699,0.0139699,134.777,0.837241,0.0
18.4458,0.0136549,133.644,0.853904,0.0
18.454,0.0135141,134.577,0.845402,0.0
18.4759,0.0136893,133.928,0.841321,0.0
18.4712,0.0138015,134.244,0.828399,0.0
18.4633,0.0136466,134.027,0.83588,0.0
18.4536,0.0139564,134.577,0.838601,0.0
18.444,0.0135866,132.878,0.825338,0.0
18.4557,0.0135884,133.844,0.846762,0.0
18.4708,0.0134419,133.978,0.843702,0.0
18.4582,0.0137681,134.427,0.848463,0.0
18.441,0.0140854,134.177,0.843022,0.0
18.4485,0.0137498,135.227,0.852203,0.0
18.4544,0.0136988,132.861,0.865126,0.0
18.4618,0.0138726,133.128,0.83588,0.0
18.4548,0.0138402,133.811,0.820577,0.0
18.4383,0.0134776,133.928,0.83384,0.0
18.4525,0.0136162,134.561,0.83656,0.0
18.4731,0.0135476,135.127,0.828399,0.0
18.4769,0.0133306,134.261,0.858665,0.0
18.4743,0.0137266,134.427,0.83452,0.0
18.4673,0.0134072,134.177,0.864446,0.0
18.4647,0.0138644,134.077,0.848463,0.0
18.4546,0.0135366,133.778,0.83248,0.0
18.4627,0.0137524,134.211,0.850843,0.0
18.4631,0.0137966,132.678,0.848463,0.0
18.4364,0.0138593,133.761,0.841321,0.0
18.4612,0.0136054,133.611,0.843702,0.0
18.4819,0.0139633,134.994,0.866146,0.0
18.4532,0.0137535,134.561,0.841661,0.0
18.4525,0.0140051,133.594,0.829759,0.0
18.48,0.0138019,134.944,0.849483,0.0
18.4675,0.0137988,134.994,0.864786,0.0
18.4372,0.0136682,133.428,0.813776,0.0
18.4409,0.013512,134.494,0.851523,0.0
18.4581,0.0138631,135.027,0.845402,0.0
18.447,0.0139606,133.161,0.841661,0.0
18.4535,0.0136329,135.377,0.871587,0.0
18.4844,0.0135599,133.561,0.860025,0.0
18.4665,0.0133762,134.361,0.843022,0.0
18.4404,0.0134779,135.16,0.854244,0.0
18.453,0.0135824,135.993,0.864786,0.0
18.4718,0.0141286,133.444,0.839281,0.0
18.4815,0.0136927,134.644,0.848463,0.0
18.4816,0.013557,134.577,0.853564,0.0
18.4551,0.0136778,135.244,0.857644,0.0
18.4764,0.0138565,135.793,0.818197,0.0
18.4989,0.0139049,134.094,0.839961,0.0
18.4481,0.0136057,132.728,0.841661,0.0
18.4331,0.0136758,133.344,0.838601,0.0
18.4544,0.01361,134.461,0.837921,0.0
18.4468,0.0135881,133.594,0.8369,0.0
18.4601,0.0135999,134.177,0.850163,0.0
18.4754,0.0135958,133.928,0.830099,0.0
18.4649,0.0134299,134.711,0.8335,0.0
18.4669,0.0136285,134.061,0.855604,0.0
18.4747,0.0133637,134.311,0.837921,0.0
18.46,0.0136176,135.144,0.840641,0.0
18.451,0.0134897,134.744,0.824658,0.0
18.46,0.0138553,134.561,0.8369,0.0
18.4492,0.0137254,133.278,0.821257,0.0
18.4468,0.0137083,135.327,0.83452,0.0
18.4554,0.0137132,134.594,0.850843,0.0
18.4501,0.0137552,133.078,0.859345,0.0
18.4422,0.0137492,134.91,0.83622,0.0
18.4441,0.0136315,134.461,0.843362,0.0
18.4528,0.0137574,136.16,0.860365,0.0
18.4659,0.0137265,133.195,0.841661,0.0
18.4678,0.0134052,133.778,0.850503,0.0
18.4561,0.0140247,133.794,0.829419,0.0
18.46,0.0139767,134.227,0.841321,0.0
18.475,0.0134535,133.911,0.852884,0.0
18.4617,0.0138644,134.461,0.848803,0.0
18.4554,0.0135633,134.177,0.846082,0.0
18.4495,0.0133909,134.994,0.859005,0.0
18.44,0.0136994,134.211,0.8335,0.0
18.4575,0.0134474,134.261,0.83588,0.0
18.4619,0.0136117,133.444,0.856624,0.0
18.4634,0.0137766,134.86,0.844722,0.0
18.4692,0.0133171,133.961,0.853564,0.0
18.4555,0.0133916,135.444,0.854244,0.0
18.4601,0.0137303,134.227,0.844722,0.0
18.479,0.0136451,135.027,0.823978,0.0
18.473,0.0135607,133.811,0.851523,0.0
18.4617,0.0142032,133.494,0.829759,0.0
18.4524,0.0138932,133.994,0.83486,0.0
18.4491,0.013886,134.727,0.859005,0.0
18.4598,0.0138022,135.177,0.861725,0.0
18.4781,0.013839,134.311,0.859005,0.0
18.4887,0.0133775,132.312,0.817517,0.0
18.4791,0.0133562,133.761,0.840981,0.0
18.4705,0.0135085,134.661,0.830439,0.0
18.4685,0.0136802,133.045,0.83452,0.0
18.4614,0.0137881,134.644,0.856624,0.0
18.4691,0.0137723,135.327,0.859005,0.0
18.4616,0.0134402,133.111,0.853564,0.0
18.4425,0.013657,134.111,0.845742,0.0
18.4479,0.0139402,132.978,0.856284,0.0
18.4549,0.0137448,134.627,0.848123,0.0
18.4615,0.0138264,135.693,0.851183,0.0
18.4641,0.0136873,134.827,0.863766,0.0
18.4616,0.0137121,134.81,0.856624,0.0
18.4508,0.0135486,134.027,0.841661,0.0
18.4445,0.0138555,134.86,0.841661,0.0
18.4498,0.013366,134.011,0.848123,0.0
18.4548,0.0137858,135.51,0.845062,0.0
18.4572,0.0136233,133.578,0.841661,0.0
18.471,0.0137788,133.694,0.859345,0.0
18.4887,0.0133195,134.794,0.8335,0.0
18.4877,0.0138143,134.544,0.856964,0.0
18.4709,0.0137382,134.444,0.838941,0.0
18.4616,0.0140005,134.177,0.840641,0.0
18.4618,0.0137668,135.044,0.827379,0.0
18.4467,0.0135925,134.994,0.8335,0.0
18.4408,0.0133088,134.877,0.831459,0.0
18.4491,0.0136552,134.694,0.862405,0.0
18.4394,0.0134591,133.344,0.824998,0.0
18.4541,0.0135355,134.427,0.855944,0.0
18.489,0.0136736,135.86,0.8352,0.0
18.5006,0.0135839,134.027,0.839961,0.0
18.4698,0.0133729,134.577,0.827039,0.0
18.4477,0.013453,133.911,0.852203,0.0
18.4567,0.013411,133.644,0.854924,0.0
18.4781,0.0135447,134.094,0.853564,0.0
18.4716,0.0139843,135.327,0.854244,0.0
18.4542,0.0135845,134.544,0.819217,0.0
18.4667,0.0136074,132.811,0.846762,0.0
18.4604,0.0139251,135.06,0.846082,0.0
18.4539,0.0139863,133.578,0.828059,0.0
18.471,0.0140313,134.627,0.856964,0.0
18.4681,0.0137412,132.561,0.847102,0.0
18.465,0.014021,135.394,0.831119,0.0
18.4573,0.0135129,134.511,0.866146,0.0
18.4582,0.0133927,134.477,0.850843,0.0
18.4803,0.0137929,133.195,0.874308,0.0
18.4788,0.0135742,134.894,0.852543,0.0
18.4605,0.0138216,133.978,0.810035,0.0
18.4639,0.0135453,134.394,0.847783,0.0
18.4783,0.0136636,135.594,0.8369,0.0
18.4618,0.0138389,135.643,0.845062,0.0
18.4524,0.0135722,133.378,0.83316,0.0
18.4735,0.0136096,132.995,0.828739,0.0
18.4681,0.0140407,135.41,0.853904,0.0
18.46,0.0136684,131.878,0.844382,0.0
18.4793,0.013571,134.594,0.83486,0.0
18.4801,0.0136303,134.044,0.842682,0.0
18.4621,0.0135134,134.294,0.853224,0.0
18.4702,0.0134868,132.661,0.841321,0.0
18.4787,0.0135844,135.31,0.850503,0.0
18.4662,0.0133559,133.678,0.861385,0.0
18.4534,0.0135437,134.161,0.851523,0.0
18.4414,0.0137297,134.744,0.847443,0.0
18.4378,0.0135512,132.728,0.865126,0.0
18.4641,0.0133598,135.06,0.860705,0.0
18.4905,0.0138491,134.627,0.83418,0.0
18.4739,0.0139116,135.06,0.858665,0.0
18.4646,0.0134411,135.077,0.858325,0.0
18.4976,0.0136253,133.911,0.844382,0.0
18.4794,0.0136222,133.344,0.848803,0.0
18.4557,0.0138489,132.995,0.852884,0.0
18.468,0.0132482,135.177,0.830099,0.0
18.4467,0.0135416,133.878,0.844382,0.0
18.4502,0.0136522,133.711,0.842001,0.0
18.4684,0.0138443,132.795,0.842682,0.0
18.4556,0.0136881,134.161,0.837581,0.0
18.4658,0.0137009,134.377,0.845742,0.0
18.4813,0.0135127,135.56,0.866146,0.0
18.4854,0.0135803,134.694,0.838941,0.0
18.4765,0.013878,133.678,0.8369,0.0
18.476,0.0136571,134.81,0.859005,0.0
18.4935,0.0134342,135.893,0.83214,0.0
18.4866,0.0136623,134.744,0.852884,0.0
18.4571,0.0136536,132.978,0.846422,0.0
18.4637,0.0135779,134.661,0.850843,0.0
18.4821,0.0135658,133.461,0.816157,0.0
18.4568,0.0136961,133.911,0.860025,0.0
18.4519,0.0138138,135.16,0.825338,0.0
18.4682,0.0140236,135.277,0.840641,0.0
18.464,0.0137212,134.91,0.854924,0.0
18.4622,0.013741,134.444,0.830099,0.0
18.4757,0.0136604,133.828,0.858665,0.0
18.4803,0.013659,134.744,0.849483,0.0
18.4726,0.0134967,134.777,0.849823,0.0
18.4832,0.013349,133.944,0.827379,0.0
18.4765,0.01382,135.86,0.816157,0.0
18.4395,0.0137981,134.744,0.83452,0.0
18.46,0.0137018,134.711,0.828739,0.0
18.4942,0.0134146,134.96,0.867166,0.0
18.4659,0.013653,133.211,0.827379,0.0
18.4518,0.013504,135.594,0.831119,0.0
18.475,0.0133742,132.845,0.83656,0.0
18.4633,0.0139455,133.244,0.838261,0.0
18.449,0.0137679,134.477,0.870907,0.0
18.4655,0.0133921,134.777,0.824998,0.0
18.4561,0.0136163,135.96,0.850163,0.0
18.4523,0.0133359,133.411,0.859685,0.0
18.4556,0.0136693,134.361,0.848123,0.0
18.4723,0.0138611,134.627,0.851863,0.0
18.4775,0.0135875,133.728,0.837581,0.0
18.4484,0.0136755,134.577,0.839961,0.0
18.4365,0.0136521,133.111,0.849143,0.0
18.4573,0.0136165,134.844,0.821257,0.0
18.4655,0.0138277,134.111,0.829759,0.0
18.4769,0.0137969,134.044,0.847443,0.0
18.4935,0.0138079,134.077,0.838601,0.0
18.4624,0.0139691,133.994,0.821938,0.0
18.434,0.0135968,134.627,0.839621,0.0
18.4499,0.0136382,133.261,0.851863,0.0
18.4447,0.0138179,133.861,0.860365,0.0
18.4345,0.0136426,134.311,0.864786,0.0
18.4418,0.0138367,134.927,0.817857,0.0
18.4496,0.0138211,134.261,0.828399,0.0
18.4648,0.0136173,133.311,0.830779,0.0
18.471,0.0137983,133.711,0.849143,0.0
18.4714,0.0134111,135.827,0.859685,0.0
18.4672,0.0136895,134.094,0.855944,0.0
18.4696,0.0139461,135.26,0.851863,0.0
18.4766,0.0139073,134.727,0.829079,0.0
18.4692,0.0136534,133.644,0.851183,0.0
18.4548,0.013647,135.527,0.855944,0.0
18.4541,0.0135653,134.627,0.846762,0.0
18.4683,0.0136577,134.777,0.849823,0.0
18.4774,0.0139856,134.577,0.840641,0.0
18.4616,0.0139054,133.428,0.845402,0.0
18.441,0.0139379,133.994,0.850843,0.0
18.4524,0.013631,134.294,0.861725,0.0
18.4707,0.0132929,132.911,0.829079,0.0
18.4834,0.0138193,133.944,0.83316,0.0
18.477,0.0137636,134.511,0.866486,0.0
18.4599,0.0137247,134.644,0.843022,0.0
18.4707,0.0141077,134.694,0.848463,0.0
18.4812,0.0137474,133.161,0.820917,0.0
18.4489,0.0137313,134.594,0.853564,0.0
18.442,0.0136509,134.377,0.83622,0.0
18.4645,0.0139774,134.794,0.823298,0.0
18.4698,0.0137668,133.428,0.8318,0.0
18.4707,0.0136429,134.194,0.841321,0.0
18.4543,0.013636,132.595,0.864106,0.0
18.4426,0.0137914,135.344,0.870567,0.0
18.4682,0.0135986,135.527,0.847443,0.0
18.4807,0.0139032,134.96,0.845062,0.0
18.4575,0.0136944,134.127,0.849483,0.0
18.4716,0.0135312,134.211,0.846422,0.0
18.465,0.0137061,134.377,0.852543,0.0
18.4494,0.0135831,133.528,0.853564,0.0
18.4558,0.0138141,134.661,0.870907,0.0
18.4422,0.0136761,134.594,0.850503,0.0
18.4498,0.0133418,134.127,0.838941,0.0
18.4565,0.0133594,133.361,0.817857,0.0
18.4501,0.0138007,134.277,0.848803,0.0
18.4604,0.0135652,135.01,0.847102,0.0
18.4658,0.0135641,134.361,0.840301,0.0
18.4629,0.0136084,134.86,0.820577,0.0
18.4539,0.0136807,133.061,0.840981,0.0
18.4444,0.0136146,134.294,0.83622,0.0
18.4631,0.01386,135.294,0.858665,0.0
18.4696,0.0137185,134.477,0.851863,0.0
18.4449,0.0136298,135.46,0.839621,0.0
18.4402,0.013364,133.694,0.856284,0.0
18.4558,0.0135717,133.594,0.8369,0.0
18.4564,0.0136476,133.928,0.848803,0.0
18.454,0.0133878,134.977,0.83588,0.0
18.4755,0.0137196,134.594,0.877368,0.0
18.457,0.0136309,134.061,0.867166,0.0
18.4255,0.0137635,135.41,0.83486,0.0
18.4469,0.0138969,134.761,0.847102,0.0
18.4619,0.0137976,134.677,0.828739,0.0
18.4598,0.0137324,132.861,0.824658,0.0
18.452,0.0136054,134.91,0.83622,0.0
18.4423,0.0138173,133.095,0.83554,0.0
18.4538,0.013288,133.744,0.815136,0.0
18.4602,0.0138465,134.211,0.83622,0.0
18.4693,0.013701,133.544,0.830439,0.0
18.4719,0.0135156,134.661,0.847443,0.0
18.4463,0.0136383,134.561,0.860365,0.0
18.4464,0.0136121,133.511,0.842682,0.0
18.4673,0.0134753,134.694,0.848123,0.0
18.4605,0.013285,134.944,0.831119,0.0
18.4556,0.0134116,134.411,0.866826,0.0
18.4604,0.0139749,134.161,0.851183,0.0
18.4546,0.0135398,134.244,0.83554,0.0
18.4552,0.0136558,133.894,0.862745,0.0
18.4796,0.0135505,134.294,0.831119,0.0
18.4912,0.0133554,134.077,0.853224,0.0
18.4607,0.0132837,134.194,0.865466,0.0
18.4319,0.0132628,135.21,0.837921,0.0
18.4508,0.013639,134.877,0.852543,0.0
18.4716,0.013861,133.844,0.826699,0.0
18.4661,0.0136745,133.428,0.806295,0.0
18.445,0.0139061,134.461,0.850503,0.0
18.4436,0.0134268,133.811,0.856624,0.0
18.4619,0.0137026,133.828,0.846422,0.0
18.458,0.0137984,135.477,0.854244,0.0
18.468,0.0137324,134.244,0.837241,0.0
18.4512,0.0137118,132.611,0.83316,0.0
18.4334,0.0137802,134.477,0.843362,0.0
18.4721,0.0137334,134.96,0.826699,0.0
18.4784,0.0138332,133.145,0.856284,0.0
18.4523,0.0139064,134.894,0.841661,0.0
18.4536,0.0137677,134.877,0.823978,0.0
18.4559,0.0132711,134.744,0.839281,0.0
18.4638,0.0135868,133.361,0.857644,0.0
18.4708,0.0136966,133.594,0.8335,0.0
18.4762,0.0136173,134.461,0.837241,0.0
18.4845,0.0136666,134.061,0.825678,0.0
18.4716,0.0130667,135.427,0.849483,0.0
18.4659,0.0133936,134.844,0.843022,0.0
18.4632,0.0138171,134.344,0.843702,0.0
18.4601,0.0138809,136.876,0.83554,0.0
18.4772,0.0132921,134.261,0.837581,0.0
18.4725,0.0138408,134.277,0.815476,0.0
18.4438,0.0138257,134.711,0.840301,0.0
18.4409,0.013724,134.261,0.870907,0.0
18.4507,0.0136891,135.077,0.839961,0.0
18.4433,0.0135791,134.694,0.824998,0.0
18.4458,0.0138618,133.844,0.840981,0.0
18.4587,0.0137734,133.061,0.817517,0.0
18.4736,0.0135931,135.427,0.842001,0.0
18.4766,0.0133935,133.561,0.825338,0.0
18.4576,0.0137886,134.661,0.849483,0.0
18.4665,0.0135841,133.994,0.83418,0.0
18.4719,0.01369,134.327,0.849823,0.0
18.4631,0.0137913,134.96,0.827719,0.0
18.4504,0.0137719,134.644,0.83486,0.0
18.4503,0.0139735,135.06,0.857304,0.0
18.4667,0.01353,135.01,0.827039,0.0
18.4681,0.0133686,132.995,0.843362,0.0
18.4605,0.0134342,135.31,0.840981,0.0
18.4503,0.0139176,133.661,0.864106,0.0
18.4422,0.0136274,134.477,0.83452,0.0
18.4543,0.0135274,133.211,0.837241,0.0
18.4731,0.0137682,134.111,0.821257,0.0
18.4852,0.013853,134.077,0.850843,0.0
18.4785,0.0137521,133.844,0.851863,0.0
18.4591,0.0136073,135.06,0.846762,0.0
18.4601,0.0138715,134.677,0.846762,0.0
18.4606,0.0137999,133.394,0.839281,0.0
18.4612,0.0137312,133.728,0.864446,0.0
18.4633,0.013879,134.561,0.865806,0.0
18.4534,0.0138541,134.377,0.861385,0.0
18.4456,0.0136857,135.527,0.881109,0.0
18.4494,0.0135863,134.127,0.848123,0.0
18.4459,0.0140821,134.077,0.844042,0.0
18.454,0.0137945,135.144,0.841321,0.0
18.4613,0.0139679,133.744,0.847783,0.0
18.449,0.0135462,134.361,0.83384,0.0
18.4444,0.0138091,133.761,0.837921,0.0
18.4547,0.0136504,134.877,0.866826,0.0
18.4761,0.0137464,134.711,0.837581,0.0
18.4846,0.0136515,134.711,0.854584,0.0
18.4518,0.0141136,134.611,0.828739,0.0
18.4358,0.0140433,134.144,0.83554,0.0
18.46,0.0139957,133.461,0.8369,0.0
18.4608,0.0135292,134.711,0.856284,0.0
18.4432,0.0138433,134.794,0.847102,0.0
18.4494,0.0135671,132.345,0.830779,0.0
18.4617,0.0139151,133.778,0.850843,0.0
18.4615,0.0136001,133.478,0.841321,0.0
18.4395,0.0134761,133.928,0.845742,0.0
18.4355,0.0135463,134.744,0.846762,0.0
18.4597,0.0135638,133.911,0.857304,0.0
18.4563,0.013617,132.728,0.856284,0.0
18.4602,0.0133797,135.527,0.863426,0.0
18.4632,0.014007,134.694,0.83452,0.0
18.4279,0.0140043,135.477,0.853224,0.0
18.4467,0.0134714,134.86,0.840301,0.0
18.4818,0.0137858,134.794,0.855604,0.0
18.4618,0.0138393,134.91,0.854584,0.0
18.4532,0.013855,134.544,0.867506,0.0
18.4793,0.0137972,135.227,0.850503,0.0
18.481,0.0134043,134.527,0.851183,0.0
18.4722,0.013456,133.794,0.83452,0.0
18.4868,0.0134741,133.878,0.842001,0.0
18.4716,0.013654,135.077,0.840981,0.0
18.4364,0.0134479,135.11,0.83418,0.0
18.4771,0.0133818,134.777,0.849143,0.0
18.5119,0.0135883,134.611,0.837581,0.0
18.452,0.0136931,132.778,0.841661,0.0
18.4347,0.0137125,134.194,0.870907,0.0
18.4587,0.0140335,134.211,0.854924,0.0
18.4523,0.0137161,135.677,0.847102,0.0
18.4744,0.0135039,133.778,0.844722,0.0
18.4747,0.013245,135.394,0.837241,0.0
18.454,0.0133937,134.627,0.83248,0.0
18.4576,0.0138381,135.027,0.839621,0.0
18.4572,0.0134447,135.394,0.845062,0.0
18.4762,0.0137097,134.744,0.850163,0.0
18.4844,0.0138428,134.96,0.871587,0.0
18.4643,0.0135758,134.544,0.824658,0.0
18.4746,0.0136893,134.427,0.83588,0.0
18.4631,0.0134225,134.477,0.854584,0.0
18.432,0.0139059,134.311,0.844382,0.0
18.4497,0.0136057,133.828,0.83248,0.0
18.4724,0.0134722,135.027,0.852543,0.0
18.4598,0.0139207,135.877,0.848123,0.0
18.4497,0.0134855,135.427,0.847102,0.0
18.4602,0.0135779,132.895,0.847102,0.0
18.4726,0.0137339,135.01,0.83248,0.0
18.4849,0.0136338,133.394,0.83554,0.0
18.4899,0.0138744,136.143,0.859685,0.0
18.477,0.0137516,135.127,0.853224,0.0
18.4658,0.0136088,134.377,0.837581,0.0
18.4705,0.0135943,134.827,0.825338,0.0
18.4691,0.0136429,134.411,0.840641,0.0
18.4558,0.013782,134.261,0.842342,0.0
18.4434,0.0136518,133.928,0.861385,0.0
18.4659,0.0134551,132.145,0.83588,0.0
18.4798,0.0138727,133.794,0.823638,0.0
18.4667,0.013623,133.978,0.839961,0.0
18.4721,0.0138382,134.277,0.846762,0.0
18.4764,0.0137014,134.777,0.83622,0.0
18.4633,0.0137188,134.927,0.842342,0.0
18.4505,0.0137616,134.127,0.851863,0.0
18.445,0.0138194,134.244,0.846762,0.0
18.4633,0.0136821,132.778,0.840301,0.0
18.4624,0.0136568,135.76,0.859005,0.0
18.4448,0.0134074,135.277,0.846762,0.0
18.4608,0.0137817,134.427,0.854924,0.0
18.4639,0.0136652,133.994,0.847783,0.0
18.4647,0.0135443,134.794,0.837581,0.0
18.4641,0.0133522,134.127,0.8335,0.0
18.4387,0.0133376,133.461,0.848123,0.0
18.4383,0.0135064,134.044,0.860705,0.0
18.4492,0.0136796,133.244,0.870567,0.0
18.4468,0.0135749,134.777,0.818537,0.0
18.4408,0.0131537,133.644,0.831459,0.0
18.4494,0.0136861,135.61,0.860705,0.0
18.4684,0.0137429,135.427,0.845062,0.0
18.4569,0.0135055,135.444,0.847783,0.0
18.4567,0.0135346,134.711,0.849143,0.0
18.4711,0.0138934,135.31,0.854924,0.0
18.465,0.0137184,134.294,0.853224,0.0
18.4536,0.0137482,133.778,0.840981,0.0
18.459,0.0136071,134.311,0.851183,0.0
18.4728,0.0137032,133.878,0.839281,0.0
18.4649,0.0133753,134.461,0.846422,0.0
18.4462,0.0137179,133.811,0.843702,0.0
18.4604,0.013448,134.111,0.850503,0.0
18.4776,0.0138149,135.96,0.839961,0.0
18.4628,0.0134298,134.194,0.823978,0.0
18.4564,0.0137328,133.294,0.842682,0.0
18.46,0.0134518,132.295,0.854244,0.0
18.4504,0.0133713,134.544,0.863766,0.0
18.4661,0.0136435,133.978,0.856284,0.0
18.4762,0.0136659,135.76,0.847783,0.0
18.467,0.0137855,133.045,0.827379,0.0
18.4679,0.0136243,134.144,0.853904,0.0
18.4678,0.0137041,133.661,0.853224,0.0
18.4728,0.0134898,132.995,0.83656,0.0
18.4697,0.0134217,134.144,0.830099,0.0
18.4532,0.0132124,134.444,0.849483,0.0
18.4672,0.0137801,135.577,0.855604,0.0
18.4776,0.0135474,133.761,0.83316,0.0
18.4514,0.0136344,134.661,0.83452,0.0
18.44,0.0137052,133.861,0.845742,0.0
18.4543,0.0136185,133.428,0.821938,0.0
18.456,0.0138198,135.743,0.847443,0.0
18.473,0.0133472,134.227,0.860365,0.0
18.4946,0.0133823,134.261,0.871587,0.0
18.4702,0.0133524,133.844,0.83588,0.0
18.4498,0.0137605,133.744,0.845062,0.0
18.4677,0.0138174,133.611,0.862745,0.0
18.4559,0.0139226,134.077,0.837241,0.0
18.4435,0.0137509,132.861,0.848463,0.0
18.4679,0.0135008,134.277,0.852203,0.0
18.4696,0.0137864,134.511,0.858665,0.0
18.4546,0.0135916,134.461,0.849483,0.0
18.466,0.0132728,133.128,0.850163,0.0
18.4654,0.0136501,134.061,0.853224,0.0
18.4408,0.0138221,134.027,0.864106,0.0
18.4378,0.0136722,134.527,0.839961,0.0
18.4524,0.0136406,133.894,0.846082,0.0
18.4626,0.0134694,134.544,0.846762,0.0
18.4661,0.0136335,133.461,0.851863,0.0
18.4558,0.0135332,134.661,0.841661,0.0
18.4501,0.0135743,133.678,0.837921,0.0
18.4519,0.0135095,133.344,0.838601,0.0
18.4455,0.0137722,132.961,0.825678,0.0
18.438,0.013795,135.127,0.837581,0.0
18.4466,0.0134586,134.377,0.844382,0.0
18.4554,0.0138625,132.928,0.830099,0.0
18.4523,0.0136987,134.477,0.859005,0.0
18.4612,0.0137564,133.928,0.827039,0.0
18.4541,0.0135111,134.477,0.858325,0.0
18.4516,0.0137178,133.378,0.8318,0.0
18.4697,0.0137949,134.077,0.840641,0.0
18.4641,0.0136409,133.161,0.837921,0.0
18.4504,0.0133595,135.927,0.851863,0.0
18.4636,0.0136878,133.294,0.845062,0.0
18.4699,0.0136544,134.844,0.854244,0.0
18.4555,0.0137247,135.444,0.862065,0.0
18.4521,0.0136938,134.977,0.846762,0.0
18.461,0.0135529,133.878,0.842001,0.0
18.476,0.0135953,133.978,0.838941,0.0
18.4838,0.0135066,133.444,0.849143,0.0
18.4637,0.0135011,135.344,0.840981,0.0
18.4454,0.0137465,133.628,0.840301,0.0
18.4531,0.0135527,134.061,0.847783,0.0
18.4632,0.0136002,135.01,0.840301,0.0
18.4693,0.0137162,134.777,0.838601,0.0
18.4637,0.0136138,133.628,0.845062,0.0
18.4576,0.0133858,135.06,0.8369,0.0
18.4678,0.0137574,133.711,0.844042,0.0
18.4638,0.0138215,133.861,0.839621,0.0
18.4484,0.0135344,133.944,0.851523,0.0
18.4664,0.013591,133.944,0.869547,0.0
18.4777,0.0138155,136.676,0.837921,0.0
18.4735,0.0137591,135.427,0.844382,0.0
18.4722,0.0137081,132.528,0.842682,0.0
18.4573,0.0135008,135.394,0.831459,0.0
18.4494,0.0136642,134.411,0.848803,0.0
18.4405,0.0137234,133.761,0.822958,0.0
18.4411,0.0132926,134.91,0.858665,0.0
18.4648,0.0135717,133.244,0.847443,0.0
18.4788,0.0132347,134.027,0.850163,0.0
18.476,0.0137919,133.228,0.842682,0.0
18.4724,0.013399,134.577,0.83248,0.0
18.4785,0.0137579,133.594,0.820917,0.0
18.4757,0.0138204,134.644,0.8352,0.0
18.4523,0.0134334,134.977,0.850843,0.0
18.453,0.0134834,133.761,0.839961,0.0
18.4866,0.0135257,134.527,0.854924,0.0
18.4711,0.0134002,132.778,0.843362,0.0
18.4628,0.0133684,133.511,0.861385,0.0
18.4812,0.0136454,133.428,0.862405,0.0
18.4547,0.0135484,132.495,0.83452,0.0
18.4345,0.0136051,134.344,0.848463,0.0
18.4539,0.013777,134.277,0.861725,0.0
18.4588,0.0136136,132.645,0.83384,0.0
18.4595,0.0135754,134.244,0.826699,0.0
18.4655,0.0135494,135.643,0.816837,0.0
18.4695,0.013374,135.444,0.842342,0.0
18.4668,0.0137592,133.778,0.847783,0.0
18.4502,0.0140787,133.694,0.846422,0.0
18.448,0.0136213,132.711,0.829759,0.0
18.4518,0.0138177,133.928,0.821257,0.0
18.4577,0.0139053,132.828,0.817857,0.0
18.4559,0.0135274,134.894,0.849483,0.0
18.4408,0.0134235,133.894,0.851863,0.0
18.4445,0.0133403,134.827,0.851183,0.0
18.4577,0.0134779,134.127,0.83588,0.0
18.479,0.0137483,133.561,0.856624,0.0
18.4844,0.0134447,134.327,0.852203,0.0
18.4561,0.01324,134.96,0.840981,0.0
18.4582,0.0137666,135.11,0.860025,0.0
18.4779,0.013605,134.294,0.83486,0.0
18.4734,0.0135431,132.312,0.847102,0.0
18.458,0.013456,134.777,0.850503,0.0
18.4547,0.013389,135.26,0.843702,0.0
18.4701,0.0137379,135.477,0.838941,0.0
18.476,0.0137048,134.144,0.837921,0.0
18.4802,0.0139161,134.96,0.840641,0.0
18.4615,0.0138133,135.494,0.849483,0.0
18.4469,0.0137931,133.594,0.847783,0.0
18.4571,0.0137459,135.56,0.850163,0.0
18.4569,0.0134772,132.745,0.853904,0.0
18.4635,0.013633,135.127,0.848463,0.0
18.4758,0.013877,136.06,0.853564,0.0
18.4557,0.0134973,134.711,0.857644,0.0
18.4319,0.0137269,135.294,0.853224,0.0
18.4396,0.013463,133.728,0.829079,0.0
18.4529,0.0136979,135.027,0.842682,0.0
18.4404,0.0136174,132.811,0.83316,0.0
18.4325,0.0135839,134.294,0.847783,0.0
18.438,0.0137055,134.011,0.848463,0.0
18.4443,0.0136633,133.928,0.853224,0.0
18.4599,0.013944,134.761,0.846082,0.0
18.4633,0.0139169,134.061,0.830779,0.0
18.4559,0.0138213,135.727,0.853564,0.0
18.4657,0.0139039,132.895,0.847443,0.0
18.4729,0.0134596,134.561,0.870567,0.0
18.4671,0.0134364,133.228,0.814796,0.0
18.4704,0.0134995,135.344,0.8352,0.0
18.476,0.0139013,134.927,0.849143,0.0
18.4812,0.0137345,136.26,0.847443,0.0
18.4827,0.0134875,136.26,0.845062,0.0
18.469,0.013592,133.861,0.841661,0.0
18.4495,0.0136878,133.728,0.841321,0.0
18.4443,0.0135951,134.261,0.8352,0.0
18.4569,0.013923,134.177,0.856964,0.0
18.472,0.0136793,133.211,0.83486,0.0
18.477,0.0136337,133.461,0.849823,0.0
18.4822,0.0137205,132.795,0.841321,0.0
18.4772,0.013871,135.377,0.830779,0.0
18.4694,0.0136981,133.544,0.863426,0.0
18.4735,0.0136487,134.277,0.843702,0.0
18.4729,0.0132927,133.794,0.839621,0.0
18.4678,0.0135026,134.594,0.847783,0.0
18.4724,0.0138491,134.094,0.859685,0.0
18.4699,0.0135823,133.994,0.819557,0.0
18.4667,0.0134652,133.978,0.845402,0.0
18.478,0.0137144,132.645,0.852543,0.0
18.4781,0.0137684,134.577,0.837921,0.0
18.461,0.0137604,134.944,0.827719,0.0
18.4414,0.0137755,136.327,0.860705,0.0
18.4493,0.0134504,135.144,0.843362,0.0
18.4854,0.0135168,133.878,0.83656,0.0
18.4897,0.0138922,133.911,0.823298,0.0
18.4585,0.0135529,135.277,0.83384,0.0
18.4554,0.0137457,133.828,0.83486,0.0
18.4727,0.0135648,134.927,0.828739,0.0
18.4737,0.0135915,135.477,0.843022,0.0
18.473,0.0137199,134.511,0.845062,0.0
18.4733,0.0137509,133.878,0.840301,0.0
18.4578,0.0137972,133.444,0.83656,0.0
18.4412,0.0140685,135.66,0.815816,0.0
18.4458,0.0137699,134.411,0.83486,0.0
18.448,0.0138873,134.261,0.861045,0.0
18.4684,0.0137683,134.444,0.840641,0.0
18.4855,0.0138441,134.027,0.839281,0.0
18.4699,0.0134235,135.327,0.849143,0.0
18.4648,0.0138774,133.994,0.821938,0.0
18.4735,0.0133512,135.21,0.849143,0.0
18.4605,0.0136937,135.41,0.864786,0.0
18.4524,0.0135249,134.794,0.862745,0.0
18.4605,0.0138473,135.277,0.838261,0.0
18.4747,0.0134873,134.161,0.838941,0.0
18.4771,0.0135548,134.711,0.851523,0.0
18.4682,0.0135165,134.711,0.821257,0.0
18.4522,0.0134581,133.778,0.828399,0.0
18.4461,0.0135997,134.027,0.839621,0.0
18.4632,0.0135328,135.11,0.841321,0.0
18.4657,0.0133269,135.077,0.851183,0.0
18.4463,0.0135763,134.227,0.841321,0.0
18.4397,0.0136127,135.494,0.8335,0.0
18.4653,0.013654,134.511,0.83214,0.0
18.4736,0.0136984,134.661,0.83316,0.0
18.4752,0.0136698,134.727,0.822618,0.0
18.4692,0.0135117,134.411,0.829079,0.0
18.4506,0.0135534,134.311,0.847443,0.0
18.464,0.0134295,131.945,0.814796,0.0
18.4866,0.0137087,133.511,0.840301,0.0
18.4771,0.0137962,133.794,0.845742,0.0
18.4657,0.0136661,133.611,0.841661,0.0
18.4667,0.0137303,133.411,0.846762,0.0
18.4555,0.0136251,134.444,0.838601,0.0
18.4632,0.0137916,134.611,0.845402,0.0
18.4794,0.0137175,134.894,0.83486,0.0
18.4616,0.0135412,134.244,0.843022,0.0
18.4631,0.0137051,132.778,0.838941,0.0
18.4914,0.0141287,133.811,0.840981,0.0
18.4838,0.0135821,133.894,0.837921,0.0
18.4578,0.013477,134.144,0.867506,0.0
18.4625,0.0137827,134.061,0.844382,0.0
18.476,0.0132651,133.778,0.83384,0.0
18.4725,0.0134902,133.928,0.850163,0.0
18.4642,0.0137959,133.578,0.83622,0.0
18.4662,0.0135904,134.611,0.843702,0.0
18.4778,0.0134601,133.544,0.857985,0.0
18.4737,0.0135886,134.211,0.846082,0.0
18.451,0.0136144,134.011,0.847102,0.0
18.4598,0.0135349,134.561,0.875668,0.0
18.4634,0.0138044,133.728,0.855264,0.0
18.451,0.0139099,134.277,0.820237,0.0
18.458,0.013602,134.96,0.837581,0.0
18.4784,0.0137926,134.227,0.842342,0.0
18.4773,0.0136037,135.727,0.849483,0.0
18.4742,0.0137409,134.494,0.83452,0.0
18.465,0.0137075,134.044,0.841321,0.0
18.4506,0.0138196,134.427,0.837241,0.0
18.4461,0.0138077,132.845,0.841321,0.0
18.447,0.0135923,135.477,0.845062,0.0
18.4423,0.0136612,134.777,0.83588,0.0
18.43,0.0138238,133.328,0.852203,0.0
18.4585,0.013589,134.444,0.83418,0.0
18.4935,0.0136036,135.01,0.847783,0.0
18.4884,0.0136072,134.111,0.849143,0.0
18.4799,0.0135069,134.611,0.847102,0.0
18.4774,0.0136587,134.127,0.845062,0.0
18.4581,0.0137974,135.877,0.863426,0.0
18.4427,0.013549,134.061,0.855944,0.0
18.451,0.0137718,134.711,0.856284,0.0
18.4699,0.0137334,133.528,0.840301,0.0
18.4796,0.0138473,134.094,0.857304,0.0
18.4699,0.0135657,135.877,0.83622,0.0
18.4767,0.0134655,133.494,0.826699,0.0
18.4866,0.0137516,135.06,0.83384,0.0
18.4754,0.0138964,134.344,0.841661,0.0
18.4592,0.0138732,134.377,0.855264,0.0
18.4697,0.0137455,134.477,0.856624,0.0
18.4708,0.0133478,136.26,0.857644,0.0
18.4572,0.0136103,133.461,0.858665,0.0
18.4669,0.0136407,134.111,0.846422,0.0
18.4838,0.0138882,133.394,0.865466,0.0
18.4626,0.0135459,134.077,0.858325,0.0
18.4552,0.0137891,132.645,0.847783,0.0
18.4585,0.0141717,136.227,0.840641,0.0
18.4446,0.0137467,134.144,0.857304,0.0
18.4521,0.0136453,134.611,0.83214,0.0
18.4564,0.0137012,134.377,0.828399,0.0
18.4479,0.0131785,133.794,0.822278,0.0
18.4555,0.01372,134.361,0.838261,0.0
18.4543,0.0139074,133.944,0.844382,0.0
18.4477,0.0135932,134.611,0.843702,0.0
18.4723,0.013824,134.477,0.850503,0.0
18.4794,0.0140518,134.444,0.850843,0.0
18.4551,0.0136704,133.778,0.852543,0.0
18.457,0.013867,133.278,0.848463,0.0
18.4676,0.013906,134.544,0.829419,0.0
18.4841,0.0134085,134.194,0.870567,0.0
18.4876,0.0134821,134.594,0.855604,0.0
18.4739,0.0134244,134.727,0.865806,0.0
18.4752,0.0134451,134.277,0.851863,0.0
18.4634,0.0138657,134.327,0.850503,0.0
18.4308,0.0135626,134.344,0.861045,0.0
18.4466,0.0139206,135.194,0.854924,0.0
18.4821,0.013819,136.243,0.838601,0.0
18.4641,0.0137031,135.76,0.852884,0.0
18.4685,0.0136014,133.811,0.847102,0.0
18.4759,0.0133206,135.277,0.857985,0.0
18.4418,0.0136488,133.311,0.820577,0.0
18.4487,0.0138664,134.86,0.840301,0.0
18.4808,0.0137716,132.428,0.83452,0.0
18.4671,0.0136898,134.594,0.855604,0.0
18.4544,0.0135118,135.327,0.828399,0.0
18.4553,0.0138766,134.277,0.838601,0.0
18.4628,0.0138602,134.944,0.848123,0.0
18.479,0.0136727,132.795,0.841661,0.0
18.4673,0.0134572,135.627,0.843022,0.0
18.4463,0.013721,135.094,0.855264,0.0
18.4358,0.0140314,134.061,0.861045,0.0
18.4354,0.013872,134.294,0.841661,0.0
18.4575,0.0136774,133.994,0.853224,0.0
18.4584,0.0132607,134.477,0.840641,0.0
18.4574,0.0136113,134.294,0.872947,0.0
18.4709,0.0135754,134.211,0.838941,0.0
18.4647,0.0137889,136.127,0.853564,0.0
18.4645,0.0136433,135.194,0.850843,0.0
18.4617,0.0135163,134.494,0.839281,0.0
18.451,0.0135842,133.611,0.861725,0.0
18.4414,0.0136867,135.56,0.851863,0.0
18.6634,0.014287,134.994,0.843702,0.0
22.9582,0.056888,145.823,0.857304,0.0
37.6149,0.107131,155.152,0.935519,0.0
49.8583,0.0416584,173.294,0.870227,0.0
47.8348,0.0452845,163.532,0.868186,0.0
44.5325,0.0274614,161.683,0.869547,0.0
44.4376,0.0272248,163.065,0.876348,0.0
42.2983,0.0308698,165.248,0.862065,0.0
40.6666,0.0258428,166.681,0.863766,0.0
40.3287,0.0262509,166.747,0.854584,0.0
39.3015,0.0277637,167.48,0.850163,0.0
38.4091,0.0279062,168.63,0.879749,0.0
37.8448,0.029419,168.013,0.869207,0.0
37.0243,0.0304615,166.097,0.857644,0.0
36.2165,0.0314584,165.115,0.841661,0.0
35.4303,0.0320747,167.08,0.860025,0.0
34.5625,0.0322676,163.798,0.876008,0.0
33.7559,0.0325903,164.132,0.868867,0.0
33.0321,0.0322419,164.815,0.869887,0.0
32.3578,0.0310714,164.748,0.840641,0.0
31.7549,0.0316762,162.349,0.862745,0.0
31.2209,0.0305306,162.599,0.864106,0.0
30.7189,0.0285928,161.683,0.853564,0.0
30.2389,0.028471,161.283,0.867166,0.0
29.7813,0.0280376,161.399,0.859005,0.0
29.3676,0.0269289,160.516,0.846082,0.0
28.9872,0.0260712,160.666,0.864786,0.0
28.6342,0.0263542,159.434,0.855604,0.0
28.3228,0.0265749,158.501,0.869887,0.0
27.9698,0.0251758,158.85,0.854244,0.0
27.5954,0.0246422,158.201,0.845062,0.0
27.2963,0.0247472,160.267,0.874648,0.0
27.0118,0.0238818,156.768,0.859685,0.0
26.7087,0.0234111,156.152,0.861045,0.0
26.4318,0.0232276,155.302,0.852203,0.0
26.1697,0.0220399,155.585,0.853224,0.0
25.9113,0.0220913,154.902,0.860705,0.0
25.6574,0.0217855,153.986,0.858325,0.0
25.3974,0.0214498,152.22,0.870567,0.0
25.145,0.0211745,151.637,0.844042,0.0
24.9406,0.0204383,153.17,0.823638,0.0
24.7346,0.020127,152.77,0.858325,0.0
24.4991,0.0197672,152.403,0.851183,0.0
24.2962,0.0194454,151.487,0.83384,0.0
24.1309,0.0195315,151.104,0.873968,0.0
23.96,0.0190824,149.404,0.861725,0.0
23.7728,0.0189439,149.521,0.862745,0.0
23.5864,0.0188106,148.955,0.857304,0.0
23.4366,0.0187318,150.804,0.837921,0.0
23.3082,0.0181667,148.338,0.845742,0.0
23.1453,0.0174463,148.855,0.841321,0.0
22.9947,0.0177312,147.189,0.877708,0.0
22.8897,0.0176932,147.905,0.83622,0.0
22.779,0.0174587,147.855,0.840981,0.0
22.6498,0.01739,145.623,0.843022,0.0
22.5424,0.0175589,148.305,0.857644,0.0
22.4368,0.0170616,147.322,0.853904,0.0
22.3015,0.0169125,147.072,0.854244,0.0
22.1652,0.0166852,145.739,0.822958,0.0
22.0693,0.0164403,146.656,0.856284,0.0
21.9685,0.0165378,145.09,0.877368,0.0
21.8532,0.0169185,145.206,0.851523,0.0
21.7704,0.0168399,143.39,0.845402,0.0
21.6851,0.0166808,145.473,0.83316,0.0
21.582,0.0163093,142.974,0.855604,0.0
21.4968,0.0164074,144.473,0.839281,0.0
21.4309,0.0160956,144.39,0.838941,0.0
21.3562,0.0157448,145.273,0.870567,0.0
21.252,0.0156778,143.574,0.845742,0.0
21.1599,0.0156602,143.69,0.868867,0.0
21.1065,0.0158862,143.823,0.879409,0.0
21.0512,0.0155786,144.623,0.860365,0.0
20.9751,0.0158746,142.157,0.853224,0.0
20.9083,0.0157419,143.59,0.849483,0.0
20.8653,0.0156792,143.39,0.874308,0.0
20.7957,0.0154636,143.574,0.83622,0.0
20.7066,0.0156166,141.258,0.856624,0.0
20.6571,0.0157504,141.941,0.842682,0.0
20.6347,0.0152679,142.407,0.837581,0.0
20.5856,0.0152427,141.608,0.856964,0.0
20.5374,0.0152228,140.491,0.850163,0.0
20.4895,0.0152626,141.208,0.868186,0.0
20.4357,0.0155007,140.991,0.848803,0.0
20.3961,0.0154136,140.791,0.818877,0.0
20.3511,0.0152898,140.358,0.846762,0.0
20.2974,0.0152141,140.858,0.848803,0.0
20.2595,0.0156604,139.942,0.83248,0.0
20.2326,0.0147507,139.542,0.850163,0.0
20.2014,0.0150113,140.225,0.852543,0.0
20.1621,0.0146735,141.474,0.859005,0.0
20.1088,0.0151349,140.175,0.867846,0.0
20.0763,0.0151051,139.925,0.849823,0.0
20.0539,0.0146418,140.108,0.866146,0.0
20.0118,0.0145081,140.392,0.842001,0.0
19.9867,0.0147083,138.742,0.860705,0.0
19.9475,0.0146509,139.425,0.847443,0.0
19.8977,0.0143807,140.841,0.847102,0.0
19.8828,0.0145439,140.242,0.843702,0.0
19.8499,0.0145388,140.575,0.850163,0.0
19.8281,0.0144788,139.509,0.848463,0.0
19.8194,0.0139889,138.709,0.846082,0.0
19.7899,0.014634,140.208,0.848123,0.0
19.7722,0.0147915,138.809,0.846422,0.0
19.7449,0.0146973,139.342,0.860025,0.0
19.6872,0.0146883,138.159,0.848463,0.0
19.6384,0.0143383,137.293,0.825678,0.0
19.6175,0.0144396,138.892,0.825678,0.0
19.6034,0.0145976,138.975,0.846762,0.0
19.5971,0.014733,137.276,0.857644,0.0
19.5665,0.0144736,138.642,0.848123,0.0
19.5336,0.0145541,139.658,0.838941,0.0
19.5365,0.0140756,137.859,0.83554,0.0
19.5125,0.0144649,138.059,0.837241,0.0
19.4675,0.0143132,137.659,0.824318,0.0
19.4519,0.0142692,138.276,0.845062,0.0
19.4574,0.0140104,139.109,0.851863,0.0
19.4359,0.0142211,137.909,0.842001,0.0
19.4078,0.0141637,136.81,0.830779,0.0
19.4029,0.0146555,137.609,0.853564,0.0
19.3932,0.013953,138.059,0.866146,0.0
19.3573,0.0139647,137.826,0.8335,0.0
19.3217,0.0143803,137.426,0.841661,0.0
19.3119,0.0143564,138.092,0.853564,0.0
19.3006,0.0142404,137.826,0.870227,0.0
19.2741,0.0140613,138.342,0.83452,0.0
19.2636,0.0139841,135.743,0.851523,0.0
19.2633,0.0142312,138.792,0.838601,0.0
19.2465,0.0137432,137.659,0.857304,0.0
19.2215,0.0138279,136.093,0.847443,0.0
19.2076,0.0141229,136.493,0.845402,0.0
19.2016,0.0140344,137.343,0.839281,0.0
19.2026,0.0144336,136.21,0.841661,0.0
19.1745,0.0139294,136.793,0.840301,0.0
19.1516,0.014062,136.06,0.83486,0.0
19.1656,0.0141,137.276,0.852543,0.0
19.1486,0.0138556,136.976,0.828399,0.0
19.1137,0.0138912,137.409,0.865126,0.0
19.1042,0.0141088,135.31,0.843702,0.0
19.1049,0.0138151,136.377,0.851523,0.0
19.0922,0.0138334,136.227,0.849823,0.0
19.0841,0.0141254,136.843,0.838261,0.0
19.0804,0.0138283,135.727,0.845062,0.0
19.0633,0.0138336,136.443,0.83418,0.0
19.0426,0.0137923,134.661,0.821598,0.0
19.0306,0.0142829,135.51,0.867506,0.0
19.0154,0.0137614,136.293,0.849143,0.0
19.016,0.0139241,136.96,0.817857,0.0
19.0201,0.0139916,136.993,0.851863,0.0
18.9819,0.0139742,137.276,0.843022,0.0
18.9629,0.0137993,136.343,0.83316,0.0
18.9762,0.0137328,136.41,0.83248,0.0
18.9729,0.0138703,136.16,0.854244,0.0
18.9807,0.0140011,136.377,0.831459,0.0
18.9687,0.013832,134.394,0.839621,0.0
18.9337,0.0139216,136.293,0.857304,0.0
18.9299,0.0141181,134.161,0.848463,0.0
18.9288,0.0138606,135.96,0.83486,0.0
18.9017,0.0138331,135.394,0.8318,0.0
18.9019,0.0137365,136.143,0.848123,0.0
18.9019,0.0137831,135.594,0.847443,0.0
18.8838,0.013845,136.893,0.847102,0.0
18.8951,0.0140762,135.76,0.837581,0.0
18.8865,0.0140208,135.477,0.853224,0.0
18.869,0.0137027,135.677,0.83452,0.0
18.8889,0.0135817,137.676,0.852884,0.0
18.8863,0.0134952,136.027,0.840641,0.0
18.8608,0.0137127,135.244,0.837241,0.0
18.848,0.0138039,135.96,0.846762,0.0
18.832,0.0140296,135.943,0.846762,0.0
18.8191,0.013805,133.978,0.826699,0.0
18.8087,0.0137164,135.76,0.841661,0.0
18.8113,0.013906,135.96,0.851863,0.0
18.8246,0.0138886,136.426,0.849143,0.0
18.8185,0.0138444,135.427,0.845402,0.0
18.8269,0.0138366,135.21,0.869887,0.0
18.8404,0.0136544,135.427,0.83486,0.0
18.8221,0.0142598,134.661,0.848803,0.0
18.797,0.0138443,134.86,0.829419,0.0
18.7894,0.0139753,135.843,0.847783,0.0
18.8054,0.0140044,135.427,0.831459,0.0
18.7936,0.0140484,134.977,0.850163,0.0
18.7681,0.0135554,135.91,0.842682,0.0
18.7663,0.013773,135.643,0.867846,0.0
18.786,0.0138397,134.727,0.862065,0.0
18.783,0.0138295,134.544,0.847102,0.0
18.7599,0.0138615,134.91,0.83452,0.0
18.7739,0.0138712,134.544,0.848463,0.0
18.7636,0.0135467,135.31,0.856964,0.0
18.7482,0.0134005,135.394,0.817177,0.0
18.755,0.0135941,135.227,0.83452,0.0
18.7287,0.0137085,135.36,0.842682,0.0
18.7234,0.0139178,136.093,0.83622,0.0
18.7364,0.0139728,136.077,0.862405,0.0
18.726,0.0135157,134.844,0.845742,0.0
18.7284,0.014043,136.643,0.844722,0.0
18.7429,0.0138165,134.994,0.840301,0.0
18.7252,0.013774,135.26,0.854924,0.0
18.7061,0.013784,133.678,0.83248,0.0
18.7219,0.0139492,136.46,0.829079,0.0
18.7237,0.013678,135.427,0.845062,0.0
18.6985,0.0137487,134.311,0.830439,0.0
18.7193,0.0137287,135.244,0.843362,0.0
18.7247,0.0137724,136.293,0.862405,0.0
18.6951,0.0136343,137.01,0.83452,0.0
18.6976,0.0139608,135.86,0.859005,0.0
18.6938,0.0139314,135.594,0.846762,0.0
18.6787,0.0133178,134.644,0.865466,0.0
18.683,0.0134694,133.661,0.848463,0.0
18.6908,0.0139048,135.377,0.857985,0.0
18.6858,0.014066,134.511,0.859345,0.0
18.6805,0.0138468,135.893,0.821938,0.0
18.6767,0.0134729,135.76,0.806295,0.0
18.6614,0.0135946,134.394,0.841321,0.0
18.6683,0.0139578,135.477,0.837921,0.0
18.6887,0.0138357,135.643,0.831459,0.0
18.6713,0.0137861,135.527,0.824998,0.0
18.6576,0.0137328,135.793,0.844382,0.0
18.6635,0.0136776,134.511,0.844722,0.0
18.669,0.0136524,135.027,0.862745,0.0
18.6647,0.0140215,135.61,0.839281,0.0
18.6523,0.0137518,134.544,0.857985,0.0
18.6549,0.0134251,135.427,0.868527,0.0
18.6576,0.0134994,134.994,0.83282,0.0
18.6493,0.0139133,133.644,0.839961,0.0
18.6499,0.013695,134.294,0.843022,0.0
18.6779,0.0135521,135.127,0.858325,0.0
18.6631,0.013687,133.161,0.83384,0.0
18.6166,0.0137852,134.427,0.838261,0.0
18.6206,0.0135346,135.01,0.853904,0.0
18.6355,0.0134218,135.81,0.844382,0.0
18.6182,0.0133766,135.21,0.853904,0.0
18.6086,0.0137377,132.945,0.811056,0.0
18.6165,0.0136965,135.677,0.846082,0.0
18.6104,0.0141088,135.843,0.867846,0.0
18.6119,0.0134839,134.86,0.837241,0.0
18.6213,0.0137633,135.21,0.844382,0.0
18.6204,0.0136483,133.328,0.850503,0.0
18.6095,0.0136914,134.644,0.863426,0.0
18.61,0.0137474,135.71,0.848803,0.0
18.6204,0.0134149,134.81,0.854924,0.0
18.6129,0.0139399,133.844,0.822618,0.0
18.6114,0.0140651,135.127,0.840981,0.0
18.6235,0.0140197,134.261,0.844042,0.0
18.6221,0.014131,134.744,0.840981,0.0
18.6177,0.0138559,134.711,0.845402,0.0
18.6161,0.0134877,134.427,0.838601,0.0
18.5987,0.0133946,137.01,0.849823,0.0
18.5954,0.0136162,134.894,0.8318,0.0
18.5985,0.0134275,134.744,0.847783,0.0
18.5863,0.0139536,134.061,0.850843,0.0
18.5984,0.0138301,136.626,0.83554,0.0
18.6178,0.0136392,135.977,0.83452,0.0
18.5878,0.0137814,134.744,0.850503,0.0
18.5725,0.0135953,136.676,0.821938,0.0
18.5987,0.0133706,135.344,0.839621,0.0
18.5768,0.0137227,134.994,0.843702,0.0
18.5713,0.0139663,134.96,0.863086,0.0
18.6016,0.0136208,134.844,0.857985,0.0
18.5916,0.0136891,133.444,0.856624,0.0
18.5738,0.0134876,134.527,0.823298,0.0
18.5889,0.0139427,135.377,0.830439,0.0
18.5929,0.0135688,134.327,0.851523,0.0
18.58,0.0138122,134.977,0.837581,0.0
18.5711,0.0134749,133.994,0.842682,0.0
18.5764,0.0134478,136.077,0.831119,0.0
18.5871,0.013335,134.461,0.829419,0.0
18.5635,0.0138694,134.261,0.8369,0.0
18.5612,0.0140532,134.727,0.853224,0.0
18.5637,0.0138714,134.061,0.837241,0.0
18.5589,0.0138044,135.627,0.841321,0.0
18.5625,0.0134496,134.644,0.857644,0.0
18.554,0.0136579,135.327,0.831119,0.0
18.56,0.0134866,134.711,0.843362,0.0
18.5695,0.0139047,134.727,0.855264,0.0
18.5674,0.0136372,133.794,0.83248,0.0
18.5618,0.0135494,134.927,0.852543,0.0
18.5654,0.0137761,134.161,0.858325,0.0
18.56,0.0136182,134.877,0.851523,0.0
18.5416,0.0137544,133.928,0.865806,0.0
18.545,0.0139355,134.694,0.854924,0.0
18.5639,0.0140726,132.711,0.83554,0.0
18.5727,0.0138736,135.377,0.843022,0.0
18.5757,0.0136044,134.627,0.868186,0.0
18.5803,0.0136649,135.227,0.83486,0.0
18.5717,0.0137525,135.144,0.848123,0.0
18.5379,0.013893,135.477,0.854244,0.0
18.5461,0.0138015,133.344,0.847443,0.0
18.5547,0.0137968,134.644,0.848803,0.0
18.5517,0.0134186,134.027,0.855264,0.0
18.5584,0.0136404,134.711,0.861045,0.0
18.5401,0.0137235,135.527,0.848803,0.0
18.5407,0.0137433,134.527,0.840981,0.0
18.5537,0.0136212,135.094,0.842342,0.0
18.5454,0.0135267,135.044,0.840301,0.0
18.5516,0.0134692,134.461,0.837581,0.0
18.5557,0.0138745,134.727,0.850503,0.0
18.5433,0.0139154,133.311,0.8352,0.0
18.5365,0.0136249,135.61,0.844042,0.0
18.537,0.0133345,133.611,0.845402,0.0
18.5407,0.0137777,134.277,0.83622,0.0
18.5447,0.0140233,135.21,0.83588,0.0
18.5214,0.0138759,135.06,0.854584,0.0
18.5196,0.0137291,134.661,0.83316,0.0
18.5484,0.0136995,134.96,0.865806,0.0
18.5578,0.0139671,134.377,0.850503,0.0
18.5472,0.0134275,133.394,0.848123,0.0
18.5413,0.0134268,133.361,0.83316,0.0
18.5368,0.0130738,133.461,0.801874,0.0
18.5218,0.0136038,134.544,0.813776,0.0
18.5207,0.0139251,134.361,0.839961,0.0
18.5314,0.0139894,132.378,0.819217,0.0
18.5084,0.0137631,134.327,0.845402,0.0
18.5252,0.0137635,134.411,0.83418,0.0
18.5596,0.013422,134.527,0.845402,0.0
18.5315,0.0135207,133.928,0.839281,0.0
18.5011,0.0136235,133.828,0.842001,0.0
18.5127,0.0137226,135.494,0.850843,0.0
18.5314,0.0138493,135.194,0.864446,0.0
18.519,0.0136045,134.81,0.846082,0.0
18.4986,0.013527,133.644,0.83622,0.0
18.5008,0.0136375,134.744,0.831459,0.0
18.5143,0.0135758,133.611,0.822278,0.0
18.5288,0.0137277,134.144,0.841321,0.0
18.5287,0.0138646,135.077,0.827039,0.0
18.5016,0.0141134,134.744,0.848123,0.0
18.5038,0.0134373,135.643,0.83588,0.0
18.5245,0.0136271,133.894,0.820917,0.0
18.5189,0.0135617,133.494,0.840301,0.0
18.5097,0.0139086,134.977,0.865126,0.0
18.5072,0.0136682,134.511,0.850163,0.0
18.5084,0.0137582,135.327,0.829759,0.0
18.5111,0.0135623,134.177,0.852543,0.0
18.5182,0.0133853,134.127,0.837581,0.0
18.5178,0.0136899,134.711,0.846422,0.0
18.5071,0.0135528,134.077,0.842682,0.0
18.4929,0.0136961,133.778,0.842001,0.0
18.512,0.0138398,136.193,0.826699,0.0
18.5485,0.0138909,133.478,0.838941,0.0
18.5376,0.0138006,134.91,0.845062,0.0
18.506,0.0137673,134.644,0.848123,0.0
18.508,0.013384,134.86,0.852884,0.0
18.523,0.013624,134.644,0.857644,0.0
18.5237,0.0135008,133.844,0.860705,0.0
18.5074,0.0135106,135.127,0.859005,0.0
18.498,0.0138837,132.661,0.841661,0.0
18.509,0.0137275,133.528,0.849483,0.0
18.5299,0.0140132,134.377,0.825678,0.0
18.515,0.0139433,134.177,0.837921,0.0
18.4857,0.0132469,134.077,0.83554,0.0
18.5041,0.0138668,134.661,0.8318,0.0
18.5207,0.0139057,135.077,0.849483,0.0
18.5136,0.0133926,134.994,0.852543,0.0
18.5058,0.0136301,135.743,0.854244,0.0
18.4916,0.0134763,132.278,0.83418,0.0
18.4798,0.0138166,133.411,0.854924,0.0
18.4939,0.0138702,134.444,0.846082,0.0
18.5046,0.0136102,133.594,0.862405,0.0
18.4815,0.0133717,133.178,0.843702,0.0
18.4812,0.0138894,134.061,0.851523,0.0
18.5137,0.014033,134.344,0.847783,0.0
18.5108,0.0135975,133.894,0.843022,0.0
18.5203,0.013379,135.544,0.846762,0.0
18.5268,0.013633,134.027,0.844042,0.0
18.4832,0.0132223,133.211,0.844042,0.0
18.4568,0.0134381,133.894,0.827379,0.0
18.482,0.0134914,133.661,0.869207,0.0
18.494,0.0137436,134.127,0.824318,0.0
18.4891,0.0137758,134.444,0.849823,0.0
18.4967,0.0138977,134.161,0.823978,0.0
18.5182,0.0136402,134.427,0.828059,0.0
18.5128,0.0135898,133.561,0.819557,0.0
18.5129,0.0136067,134.511,0.824998,0.0
18.5405,0.0136518,134.777,0.847102,0.0
18.5207,0.0133404,135.46,0.842342,0.0
18.4851,0.0132927,134.794,0.830779,0.0
18.4857,0.0137835,132.362,0.830439,0.0
18.484,0.013748,134.244,0.858665,0.0
18.4953,0.0135785,132.495,0.818877,0.0
18.4972,0.0137421,133.628,0.868186,0.0
18.4993,0.0139663,135.544,0.851523,0.0
18.5229,0.0140248,135.594,0.83282,0.0
18.5176,0.0132884,133.678,0.824998,0.0
18.4972,0.0139216,134.894,0.819557,0.0
18.5114,0.0136488,135.743,0.851183,0.0
18.5237,0.0132943,135.194,0.83316,0.0
18.5034,0.0135035,134.727,0.847102,0.0
18.497,0.0134133,134.277,0.837581,0.0
18.5045,0.0136317,135.544,0.860365,0.0
18.511,0.0136523,133.211,0.837921,0.0
18.5089,0.0136407,134.144,0.828739,0.0
18.4775,0.0138257,134.977,0.862745,0.0
18.4805,0.0138692,135.793,0.855944,0.0
18.5161,0.0137378,133.928,0.845402,0.0
18.5051,0.01386,134.761,0.83316,0.0
18.4851,0.0138125,134.477,0.828739,0.0
18.5071,0.0139876,134.561,0.846082,0.0
18.5069,0.0136932,135.71,0.846422,0.0
18.4989,0.0138301,135.71,0.847783,0.0
18.5011,0.0138904,134.411,0.845402,0.0
18.4976,0.0137288,135.327,0.830099,0.0
18.479,0.0137479,133.661,0.828399,0.0
18.467,0.0140448,135.427,0.846082,0.0
18.4876,0.013668,133.561,0.831119,0.0
18.498,0.0135296,134.177,0.850503,0.0
18.4867,0.0138425,132.245,0.844042,0.0
18.4784,0.0133969,133.744,0.871247,0.0
18.4794,0.0136234,133.145,0.830779,0.0
18.4941,0.0137671,134.877,0.823978,0.0
18.5138,0.0139151,135.21,0.8335,0.0
18.4965,0.0142621,134.294,0.842342,0.0
18.4853,0.0136402,135.01,0.851523,0.0
18.4916,0.0137967,134.211,0.838261,0.0
18.4861,0.0135995,133.994,0.841321,0.0
18.4897,0.0134455,133.894,0.842001,0.0
18.496,0.0132325,134.794,0.865126,0.0
18.4936,0.0139752,135.477,0.83622,0.0
18.4822,0.0137515,134.394,0.852884,0.0
18.4793,0.013933,134.277,0.850843,0.0
18.4981,0.0138456,134.96,0.830099,0.0
18.5011,0.0136707,134.127,0.849823,0.0
18.5006,0.013488,132.628,0.845402,0.0
18.5013,0.0138978,134.394,0.864106,0.0
18.4898,0.0136178,134.011,0.865806,0.0
18.4947,0.0139346,134.86,0.838601,0.0
18.5044,0.0139415,134.977,0.853224,0.0
18.4752,0.0136621,132.778,0.849483,0.0
18.4522,0.0136499,134.594,0.845742,0.0
18.4915,0.0136036,135.227,0.859685,0.0
18.5207,0.0135488,134.344,0.855264,0.0
18.4991,0.0137557,133.694,0.83656,0.0
18.4953,0.0136651,133.394,0.847443,0.0
18.5157,0.0137326,133.994,0.850503,0.0
18.4995,0.0136091,133.661,0.852203,0.0
18.4793,0.0138615,133.711,0.842001,0.0
18.4927,0.0133042,134.211,0.846082,0.0
18.493,0.0140045,134.394,0.853564,0.0
18.4831,0.0139321,134.611,0.83452,0.0
18.5028,0.0139615,133.261,0.818197,0.0
18.4884,0.0134643,133.711,0.8369,0.0
18.4659,0.0137129,133.361,0.844382,0.0
18.4869,0.0137786,133.894,0.845402,0.0
18.4862,0.013994,134.344,0.840981,0.0
18.4834,0.0136115,135.16,0.862405,0.0
18.5147,0.0137044,133.644,0.840981,0.0
18.5163,0.0138576,133.428,0.838261,0.0
18.4923,0.0134584,135.01,0.83248,0.0
18.503,0.0138749,134.96,0.841321,0.0
18.4982,0.0138039,134.244,0.851863,0.0
18.4781,0.0135703,134.577,0.848123,0.0
18.4839,0.0136106,134.294,0.822278,0.0
18.4852,0.0135652,134.011,0.821257,0.0
18.4686,0.0140032,132.811,0.83486,0.0
18.4632,0.0135473,135.843,0.848123,0.0
18.4791,0.013326,134.477,0.846762,0.0
18.4871,0.0137052,135.244,0.83248,0.0
18.4882,0.0137528,135.544,0.842682,0.0
18.4794,0.0138902,133.511,0.855604,0.0
18.4634,0.0135228,134.677,0.850843,0.0
18.4698,0.0137419,134.377,0.848803,0.0
18.4778,0.013441,134.194,0.853564,0.0
18.4665,0.0137914,132.262,0.830779,0.0
18.4697,0.0135984,135.027,0.856624,0.0
18.4723,0.013881,134.744,0.849823,0.0
18.4636,0.0137175,134.777,0.846762,0.0
18.4815,0.0138417,134.894,0.83452,0.0
18.488,0.013968,135.077,0.842682,0.0
18.4658,0.0135919,133.878,0.826358,0.0
18.4588,0.0138233,134.177,0.83418,0.0
18.4802,0.0141629,133.628,0.83316,0.0
18.4852,0.0137683,133.461,0.843022,0.0
18.4692,0.0136946,134.094,0.828739,0.0
18.4878,0.013611,135.327,0.83316,0.0
18.4972,0.0136278,134.094,0.829759,0.0
18.4729,0.0136807,133.994,0.850163,0.0
18.4735,0.013676,134.411,0.859005,0.0
18.4762,0.0138196,132.845,0.83214,0.0
18.4756,0.0138484,135.827,0.843362,0.0
18.4684,0.013277,135.827,0.826358,0.0
18.4513,0.0137352,133.594,0.830099,0.0
18.4657,0.0135581,135.427,0.83554,0.0
18.4912,0.013736,132.928,0.823638,0.0
18.4772,0.0136162,134.277,0.847102,0.0
18.4628,0.0134083,134.111,0.846422,0.0
18.4921,0.0136336,135.177,0.852543,0.0
18.5023,0.0135774,133.211,0.856624,0.0
18.4767,0.0135726,133.611,0.846422,0.0
18.4669,0.0137404,135.927,0.855264,0.0
18.4788,0.0137158,134.694,0.856964,0.0
18.4854,0.0135024,134.694,0.824318,0.0
18.4793,0.0136998,135.394,0.844722,0.0
18.4668,0.0138589,136.01,0.870227,0.0
18.4663,0.0136149,135.66,0.824998,0.0
18.4619,0.0135558,133.961,0.868867,0.0
18.4573,0.0136869,135.444,0.840981,0.0
18.4786,0.0135127,134.527,0.83316,0.0
18.4987,0.0136894,133.894,0.823978,0.0
18.4805,0.0139209,134.577,0.838941,0.0
18.4746,0.0137156,134.444,0.837581,0.0
18.4768,0.0136823,134.494,0.840981,0.0
18.4623,0.0133806,135.327,0.839961,0.0
18.4779,0.0136323,135.16,0.843702,0.0
18.4935,0.0139591,132.145,0.83622,0.0
18.4616,0.0139521,134.277,0.845742,0.0
18.4519,0.013456,133.844,0.83282,0.0
18.466,0.0138273,134.727,0.850163,0.0
18.4671,0.0136719,135.86,0.860705,0.0
18.4594,0.0133851,134.427,0.837241,0.0
18.4606,0.0133935,133.894,0.83656,0.0
18.4832,0.0137955,134.944,0.824998,0.0
18.4741,0.0137492,133.928,0.829079,0.0
18.4551,0.0134043,134.211,0.853564,0.0
18.4655,0.013441,135.11,0.847783,0.0
18.4626,0.0134825,133.261,0.8335,0.0
18.4583,0.013699,134.211,0.846422,0.0
18.4859,0.0137623,134.777,0.855944,0.0
18.4796,0.0137305,134.227,0.856624,0.0
18.4691,0.0136826,134.661,0.851863,0.0
18.4748,0.0135017,132.578,0.846082,0.0
18.4707,0.0134028,135.127,0.850503,0.0
18.4866,0.0138071,135.077,0.843362,0.0
18.4676,0.0137505,132.478,0.860705,0.0
18.4587,0.0138526,136.06,0.83384,0.0
18.4767,0.0134548,134.544,0.83622,0.0
18.452,0.0138943,134.377,0.83656,0.0
18.4473,0.0137265,136.26,0.857304,0.0
18.4728,0.01366,135.444,0.847443,0.0
18.4751,0.0141158,134.494,0.844042,0.0
18.4638,0.0138757,134.427,0.848123,0.0
18.4521,0.0140892,135.327,0.854584,0.0
18.4662,0.0136803,134.527,0.843702,0.0
18.4789,0.0134941,135.077,0.83452,0.0
18.4821,0.0136198,134.777,0.848123,0.0
18.4856,0.0137912,133.078,0.842001,0.0
18.464,0.0138774,133.994,0.854244,0.0
18.4457,0.0135423,133.361,0.83554,0.0
18.4603,0.0138624,134.594,0.847783,0.0
18.4737,0.0138326,133.744,0.852203,0.0
18.4646,0.013935,134.661,0.867846,0.0
18.4621,0.0138918,134.377,0.844042,0.0
18.4617,0.0136868,132.761,0.828059,0.0
18.4541,0.0136447,134.761,0.844042,0.0
18.4577,0.0136256,134.394,0.844382,0.0
18.4546,0.013872,134.227,0.853564,0.0
18.4552,0.0137083,132.978,0.844382,0.0
18.4592,0.0141037,133.244,0.830099,0.0
18.4581,0.0134868,133.878,0.824998,0.0
18.4672,0.013172,134.661,0.855604,0.0
18.4621,0.0137205,134.244,0.828739,0.0
18.4668,0.0137952,133.744,0.850503,0.0
18.4856,0.013175,133.428,0.863426,0.0
18.4689,0.0134429,134.361,0.843022,0.0
18.4501,0.0133829,134.394,0.854584,0.0
18.4744,0.0135368,134.111,0.842682,0.0
18.4679,0.0134925,134.327,0.840301,0.0
18.4501,0.0138897,134.494,0.838261,0.0
18.4524,0.0137263,135.06,0.856284,0.0
18.4717,0.0136324,134.161,0.856624,0.0
18.483,0.0137638,134.244,0.83486,0.0
18.4683,0.0135661,133.195,0.856964,0.0
18.4726,0.0134386,134.661,0.849143,0.0
18.4771,0.0136766,134.077,0.83588,0.0
18.4599,0.0138808,132.811,0.8352,0.0
18.4578,0.0140953,134.544,0.870567,0.0
18.4625,0.0139037,135.027,0.838941,0.0
18.4674,0.0136102,134.561,0.819897,0.0
18.4692,0.0135371,135.294,0.8352,0.0
18.4636,0.0136835,132.895,0.869887,0.0
18.4602,0.0136671,133.161,0.859685,0.0
18.4635,0.0133883,134.544,0.850843,0.0
18.4912,0.0136975,135.81,0.849483,0.0
18.4932,0.0135982,133.461,0.848123,0.0
18.4681,0.0139464,133.478,0.854924,0.0
18.4598,0.0135763,133.244,0.857304,0.0
18.4555,0.0138421,133.378,0.83486,0.0
18.4505,0.013818,134.644,0.843022,0.0
18.4605,0.0138545,134.777,0.856284,0.0
18.474,0.0137055,135.21,0.860025,0.0
18.4845,0.0140026,133.894,0.839281,0.0
18.4591,0.0134547,132.078,0.864106,0.0
18.4508,0.0135249,133.744,0.851523,0.0
18.4653,0.0138205,134.094,0.842001,0.0
18.4529,0.0134303,132.178,0.829759,0.0
18.4406,0.0136865,133.844,0.829079,0.0
18.463,0.0134816,133.361,0.847443,0.0
18.4627,0.013467,134.544,0.846762,0.0
18.4535,0.0135642,134.327,0.844042,0.0
18.4684,0.0140052,134.211,0.848803,0.0
18.4737,0.0134947,133.711,0.83384,0.0
18.4644,0.0135377,135.244,0.850503,0.0
18.4695,0.0137891,134.827,0.864106,0.0
18.4755,0.0134232,134.86,0.848123,0.0
18.4553,0.013716,135.227,0.842342,0.0
18.4585,0.0135549,134.761,0.837241,0.0
18.4643,0.0137724,133.594,0.843702,0.0
18.4469,0.0132451,135.377,0.83316,0.0
18.4628,0.0138481,134.427,0.83656,0.0
18.4687,0.0136422,133.744,0.830099,0.0
18.4391,0.0137129,135.21,0.83656,0.0
18.4501,0.0135687,134.094,0.838261,0.0
18.4568,0.0135458,133.294,0.849483,0.0
18.4452,0.0138172,134.81,0.847783,0.0
18.4587,0.0139476,133.761,0.850843,0.0
18.4652,0.0136917,134.627,0.844722,0.0
18.457,0.013864,135.51,0.83452,0.0
18.4655,0.0134827,133.428,0.847443,0.0
18.4734,0.0137465,133.678,0.849143,0.0
18.4604,0.0138374,134.694,0.853224,0.0
18.4669,0.013621,134.294,0.828739,0.0
18.4822,0.0135919,135.91,0.828399,0.0
18.475,0.0138469,135.077,0.83622,0.0
18.4633,0.0137367,133.494,0.855264,0.0
18.4739,0.0136961,135.094,0.842001,0.0
18.4844,0.0139599,131.995,0.845062,0.0
18.4652,0.0132173,134.227,0.842342,0.0
18.4501,0.0134445,133.428,0.866826,0.0
18.4586,0.0136624,133.461,0.872267,0.0
18.454,0.0133761,134.461,0.859685,0.0
18.4341,0.0137083,133.778,0.846422,0.0
18.4546,0.0138039,134.211,0.843702,0.0
18.4789,0.0137003,134.394,0.844042,0.0
18.4585,0.0137257,134.994,0.851523,0.0
18.4518,0.013428,134.061,0.849823,0.0
18.4549,0.0134749,134.627,0.856964,0.0
18.4502,0.0133692,133.844,0.845742,0.0
18.4523,0.0137484,134.444,0.858325,0.0
18.4479,0.0137839,134.894,0.831119,0.0
18.4685,0.0136541,134.694,0.848803,0.0
18.4844,0.0133958,135.477,0.857644,0.0
18.4572,0.0135067,134.294,0.83248,0.0
18.4663,0.0139145,134.427,0.83656,0.0
18.4908,0.0138929,135.427,0.838261,0.0
18.473,0.0138387,135.91,0.860025,0.0
18.4589,0.0137313,134.144,0.83486,0.0
18.4589,0.0137051,134.061,0.845062,0.0
18.453,0.0136196,133.061,0.838261,0.0
18.4408,0.013468,132.378,0.827379,0.0
18.4458,0.0135659,134.094,0.849143,0.0
18.4537,0.0136545,134.577,0.839961,0.0
18.438,0.0138314,133.944,0.851523,0.0
18.4416,0.0140048,134.594,0.827719,0.0
18.4612,0.0136449,134.96,0.841661,0.0
18.4486,0.0136261,135.277,0.859685,0.0
18.4422,0.0137068,134.277,0.862405,0.0
18.4478,0.0136786,133.778,0.83656,0.0
18.4497,0.0135375,135.877,0.839281,0.0
18.4627,0.0138167,132.928,0.83486,0.0
18.4664,0.0135384,134.011,0.840301,0.0
18.4614,0.0136429,135.06,0.859685,0.0
18.4642,0.0138179,133.444,0.842342,0.0
18.4749,0.0135829,133.211,0.847102,0.0
18.4796,0.0136839,133.778,0.850503,0.0
18.4647,0.0134773,134.011,0.852203,0.0
18.4485,0.0139213,134.411,0.857644,0.0
18.46,0.0138525,133.911,0.846422,0.0
18.4685,0.0135474,134.011,0.855944,0.0
18.4762,0.0138403,134.094,0.837241,0.0
18.4617,0.0137443,134.794,0.862745,0.0
18.4563,0.0136268,135.194,0.83554,0.0
18.484,0.0136357,135.177,0.829419,0.0
18.467,0.0134977,133.461,0.83554,0.0
18.428,0.0134199,132.945,0.863766,0.0
18.4289,0.0135215,134.494,0.821598,0.0
18.4527,0.0137446,134.261,0.842001,0.0
18.464,0.0135567,135.177,0.8352,0.0
18.4672,0.0137325,135.843,0.821938,0.0
18.4813,0.0136095,133.061,0.857644,0.0
18.4831,0.0134561,134.927,0.848463,0.0
18.4709,0.0139368,134.244,0.83214,0.0
18.4665,0.0134773,134.944,0.841661,0.0
18.4746,0.0137913,134.511,0.824318,0.0
18.4742,0.0135739,134.077,0.838601,0.0
18.463,0.0137616,134.86,0.827379,0.0
18.4583,0.0138168,133.528,0.825678,0.0
18.4722,0.0136328,132.861,0.840981,0.0
18.4818,0.0135275,135.31,0.83588,0.0
18.4871,0.0135516,134.694,0.845062,0.0
18.4768,0.0134681,133.928,0.852884,0.0
18.4406,0.0138661,133.428,0.838261,0.0
18.4543,0.0139645,134.761,0.839281,0.0
18.4673,0.0137755,134.91,0.826018,0.0
18.4499,0.0138388,134.111,0.821598,0.0
18.4621,0.0133718,134.544,0.852203,0.0
18.4491,0.0140459,134.144,0.821257,0.0
18.4431,0.0136905,133.594,0.83316,0.0
18.469,0.0136425,136.626,0.838941,0.0
18.4811,0.0135379,134.327,0.815816,0.0
18.4644,0.0135063,133.694,0.850163,0.0
18.4534,0.0135523,133.278,0.847783,0.0
18.4405,0.0135301,133.894,0.845742,0.0
18.4364,0.0136561,135.427,0.841321,0.0
18.4704,0.0136654,134.194,0.849143,0.0
18.4726,0.0138138,133.928,0.854924,0.0
18.4505,0.0138576,133.378,0.840301,0.0
18.4516,0.0138831,133.994,0.83384,0.0
18.4553,0.0136559,135.394,0.839961,0.0
18.4596,0.0136507,134.844,0.862065,0.0
18.4644,0.0136144,134.344,0.850163,0.0
18.4648,0.0140716,133.994,0.825678,0.0
18.4707,0.0135556,133.928,0.855264,0.0
18.4622,0.0134139,135.877,0.852543,0.0
18.4537,0.0139094,134.177,0.842342,0.0
18.4538,0.0139169,134.044,0.846082,0.0
18.4439,0.0136536,133.294,0.821598,0.0
18.441,0.0135587,134.244,0.83384,0.0
18.4638,0.0136333,134.86,0.847443,0.0
18.4735,0.0134284,134.877,0.858325,0.0
18.4518,0.0137062,134.361,0.864446,0.0
18.4492,0.0138571,134.194,0.846422,0.0
18.475,0.0139874,133.361,0.851523,0.0
18.4602,0.0139041,132.078,0.843362,0.0
18.4481,0.0138144,134.177,0.848463,0.0
18.4664,0.0134505,133.328,0.865126,0.0
18.4715,0.0137946,134.344,0.849483,0.0
18.4728,0.0137856,134.027,0.816497,0.0
18.4702,0.0134266,133.211,0.851863,0.0
18.4505,0.0139182,132.445,0.839961,0.0
18.4483,0.013898,133.344,0.83418,0.0
18.4614,0.0137461,133.494,0.845402,0.0
18.4793,0.0136136,133.511,0.852203,0.0
18.4767,0.0136487,133.161,0.841321,0.0
18.4508,0.0134503,133.111,0.843702,0.0
18.4509,0.0133381,134.394,0.829419,0.0
18.4586,0.0140562,133.378,0.859685,0.0
18.4498,0.0135091,132.961,0.841661,0.0
18.4501,0.0136502,134.344,0.845742,0.0
18.4812,0.0136856,133.145,0.829079,0.0
18.4776,0.0135875,134.977,0.828399,0.0
18.4454,0.0134348,134.777,0.849823,0.0
18.4428,0.0139255,135.294,0.849483,0.0
18.4558,0.0135866,134.394,0.821938,0.0
18.4563,0.0135518,135.16,0.847102,0.0
18.4441,0.0135466,133.728,0.848803,0.0
18.4465,0.0135647,133.828,0.8369,0.0
18.4579,0.0137162,133.195,0.823298,0.0
18.4463,0.0135927,133.544,0.83622,0.0
18.4369,0.0137192,134.544,0.840981,0.0
18.4534,0.0136762,134.494,0.83248,0.0
18.4748,0.0138214,133.111,0.844042,0.0
18.4806,0.0136584,132.911,0.839621,0.0
18.4678,0.0135522,135.077,0.843702,0.0
18.4608,0.0135798,135.044,0.851523,0.0
18.4531,0.0139158,134.194,0.830779,0.0
18.4431,0.0140872,132.978,0.819897,0.0
18.4452,0.0136906,134.011,0.825678,0.0
18.459,0.0137305,135.044,0.860705,0.0
18.4565,0.0134482,133.278,0.821598,0.0
18.4472,0.0136629,132.278,0.828399,0.0
18.4486,0.0135074,133.411,0.840641,0.0
18.4796,0.0135719,133.961,0.8335,0.0
18.4809,0.0132966,133.244,0.839281,0.0
18.4372,0.0135385,135.277,0.848123,0.0
18.4376,0.0136001,133.411,0.853564,0.0
18.461,0.0135373,134.094,0.83656,0.0
18.4573,0.0137157,133.261,0.839281,0.0
18.4487,0.0135517,135.21,0.853904,0.0
18.4434,0.0137142,134.727,0.838601,0.0
18.4464,0.0136068,133.244,0.861385,0.0
18.4669,0.0133854,135.527,0.846422,0.0
18.4775,0.0139898,136.193,0.837581,0.0
18.4718,0.0136791,133.644,0.844042,0.0
18.4679,0.0137531,133.028,0.8335,0.0
18.4505,0.0138515,133.195,0.849483,0.0
18.4326,0.013321,133.261,0.83486,0.0
18.4592,0.0135639,136.077,0.864106,0.0
18.4723,0.0139857,133.961,0.83248,0.0
18.4711,0.0134744,134.477,0.813776,0.0
18.4763,0.0134019,133.344,0.851863,0.0
18.4659,0.013867,134.127,0.827719,0.0
18.468,0.0135015,134.527,0.844042,0.0
18.4739,0.0134993,134.261,0.862065,0.0
18.4656,0.0136078,133.578,0.83214,0.0
18.464,0.0139394,135.227,0.843362,0.0
18.4563,0.0135236,134.761,0.815816,0.0
18.4545,0.0137809,134.877,0.841661,0.0
18.4557,0.0136394,135.044,0.863766,0.0
18.4575,0.0136533,133.878,0.819557,0.0
18.4699,0.0137997,135.727,0.840641,0.0
18.4687,0.0138307,132.595,0.83554,0.0
18.4583,0.0138832,134.677,0.864446,0.0
18.4703,0.0137448,133.961,0.852884,0.0
18.4737,0.0134847,133.694,0.829079,0.0
18.4689,0.0136486,133.828,0.850843,0.0
18.468,0.0134114,132.928,0.837241,0.0
18.4779,0.0137793,134.944,0.83418,0.0
18.4782,0.0140077,132.595,0.826358,0.0
18.4581,0.0139325,134.277,0.852203,0.0
18.4638,0.0138602,134.677,0.83554,0.0
18.4769,0.0133376,134.927,0.843362,0.0
18.4581,0.0137457,133.095,0.843022,0.0
18.4629,0.0136473,135.244,0.83248,0.0
18.4705,0.0135783,135.527,0.843362,0.0
18.4268,0.0137558,135.843,0.854584,0.0
18.4292,0.0140958,134.827,0.811056,0.0
18.4855,0.0135042,134.877,0.844722,0.0
18.4899,0.0136965,132.578,0.83656,0.0
18.4472,0.0141651,134.977,0.824658,0.0
18.4272,0.0136634,133.428,0.840301,0.0
18.4488,0.0137504,135.06,0.850843,0.0
18.4622,0.0135556,132.495,0.818537,0.0
18.4494,0.0135903,135.077,0.845062,0.0
18.4472,0.0137161,133.911,0.8318,0.0
18.4547,0.0137832,134.327,0.858665,0.0
18.4458,0.0140197,134.027,0.849143,0.0
18.4434,0.0140253,133.145,0.825338,0.0
18.4614,0.0141138,134.677,0.860025,0.0
18.451,0.0136667,135.027,0.851183,0.0
18.4404,0.0136791,133.228,0.83656,0.0
18.4568,0.0137928,134.127,0.859345,0.0
18.4773,0.013575,134.177,0.855264,0.0
18.4721,0.0136607,134.527,0.840301,0.0
18.4635,0.0135442,134.944,0.847783,0.0
18.4504,0.0142369,133.844,0.845402,0.0
18.4472,0.0142403,135.427,0.850843,0.0
18.478,0.0135309,133.928,0.844382,0.0
18.4717,0.0135302,136.11,0.861045,0.0
18.4621,0.0134458,134.944,0.852203,0.0
18.4635,0.0137596,134.877,0.846082,0.0
18.4412,0.0134454,132.595,0.854584,0.0
18.4423,0.0133577,133.428,0.850503,0.0
18.4511,0.0135055,134.494,0.862065,0.0
18.4297,0.013686,133.828,0.831119,0.0
18.4494,0.013526,134.694,0.842001,0.0
18.4705,0.0138676,133.794,0.857304,0.0
18.4774,0.0137568,134.344,0.851523,0.0
18.4762,0.0138852,134.061,0.83554,0.0
18.4486,0.013437,134.877,0.845402,0.0
18.4548,0.0133742,134.777,0.831119,0.0
18.4642,0.0135674,134.377,0.854924,0.0
18.4377,0.0135351,134.477,0.854244,0.0
18.4514,0.0134063,132.761,0.850503,0.0
18.4643,0.0134892,135.527,0.8369,0.0
18.4567,0.013583,133.511,0.8318,0.0
18.4647,0.0136949,134.86,0.848803,0.0
18.4482,0.013349,134.427,0.8369,0.0
18.4311,0.0136211,135.26,0.840641,0.0
18.4604,0.0136544,133.961,0.849483,0.0
18.462,0.0135587,133.861,0.844382,0.0
18.4499,0.0135783,132.945,0.823638,0.0
18.4569,0.0134278,134.177,0.840641,0.0
18.4493,0.0135342,134.427,0.83384,0.0
18.4512,0.0136174,135.294,0.859005,0.0
18.4655,0.0134644,134.477,0.871247,0.0
18.456,0.0135707,136.11,0.856964,0.0
18.4544,0.0136699,135.843,0.852203,0.0
18.4702,0.0138652,134.844,0.851523,0.0
18.4658,0.0137768,133.494,0.8352,0.0
18.4667,0.01376,134.161,0.857644,0.0
18.4679,0.0138835,134.711,0.841661,0.0
18.4505,0.0133963,134.294,0.850163,0.0
18.449,0.0136853,136.093,0.825338,0.0
18.4517,0.0137565,133.544,0.826699,0.0
18.4616,0.0133891,133.844,0.840301,0.0
18.4716,0.0136338,134.011,0.838941,0.0
18.472,0.0136526,132.095,0.8369,0.0
18.4753,0.0136081,134.177,0.853224,0.0
18.4757,0.0135682,133.461,0.843362,0.0
18.4698,0.0133996,133.944,0.851523,0.0
18.4666,0.0133246,135.144,0.847783,0.0
18.4566,0.0137121,133.411,0.838261,0.0
18.4418,0.0135386,134.511,0.822278,0.0
18.4496,0.0134583,133.294,0.845742,0.0
18.4652,0.0134703,134.977,0.852203,0.0
18.472,0.0135187,134.177,0.840641,0.0
18.4752,0.013687,135.31,0.850843,0.0
18.4553,0.0137308,132.695,0.847783,0.0
18.4282,0.0135393,134.677,0.854244,0.0
18.4391,0.0139874,134.894,0.847443,0.0
18.4513,0.0133348,133.145,0.845062,0.0
18.4497,0.0134712,136.177,0.841661,0.0
18.4465,0.0137116,134.261,0.838261,0.0
18.4563,0.0135774,133.794,0.83486,0.0
18.4798,0.0139618,134.577,0.857985,0.0
18.4578,0.0139185,134.344,0.843362,0.0
18.452,0.0136176,134.344,0.856624,0.0
18.4763,0.0135012,133.828,0.827719,0.0
18.4544,0.0137435,134.261,0.858325,0.0
18.4334,0.0139613,133.161,0.846422,0.0
18.4469,0.0134862,134.111,0.844722,0.0
18.4623,0.0135846,133.661,0.821257,0.0
18.457,0.0140446,133.811,0.843702,0.0
18.4403,0.0137796,133.994,0.848463,0.0
18.4504,0.0137126,134.177,0.850163,0.0
18.4663,0.0135658,135.177,0.838601,0.0
18.4522,0.0138138,133.811,0.856284,0.0
18.46,0.0133519,133.561,0.844042,0.0
18.4571,0.0137498,135.943,0.844722,0.0
18.4468,0.0138344,135.094,0.857304,0.0
18.4541,0.0138662,134.277,0.849823,0.0
18.4507,0.0136392,133.328,0.848123,0.0
18.4586,0.0134262,135.76,0.83452,0.0
18.4723,0.0140572,133.711,0.844722,0.0
18.4513,0.0137541,133.294,0.848803,0.0
18.4498,0.0136613,135.094,0.858325,0.0
18.4777,0.0136312,134.361,0.851183,0.0
18.4741,0.0135132,134.411,0.847783,0.0
18.4512,0.0136795,135.044,0.849483,0.0
18.4484,0.0136037,131.878,0.829419,0.0
18.4547,0.0135885,135.727,0.843022,0.0
18.4778,0.0134169,134.977,0.839281,0.0
18.4732,0.0133252,133.461,0.8335,0.0
18.4409,0.0140133,133.461,0.823298,0.0
18.4495,0.0134705,134.644,0.839621,0.0
18.4876,0.0133312,133.978,0.861725,0.0
18.4814,0.0137433,135.177,0.846762,0.0
18.4427,0.0136634,133.761,0.861385,0.0
18.4407,0.0137536,136.143,0.837581,0.0
18.4828,0.0133834,133.311,0.840981,0.0
18.4798,0.0135084,134.111,0.829759,0.0
18.4468,0.0137221,133.261,0.830439,0.0
18.4524,0.0139562,134.027,0.847443,0.0
18.4548,0.0137074,134.844,0.860365,0.0
18.4502,0.0138991,134.244,0.865466,0.0
18.4513,0.0137813,134.361,0.857985,0.0
18.4674,0.0135104,134.294,0.851863,0.0
18.4616,0.013598,134.027,0.83622,0.0
18.4524,0.0139553,135.094,0.828059,0.0
18.4692,0.0136704,136.51,0.83452,0.0
18.4615,0.0135665,133.861,0.819557,0.0
18.4325,0.0136809,133.494,0.810035,0.0
18.4574,0.0138703,135.527,0.840981,0.0
18.4754,0.0134362,135.244,0.851183,0.0
18.4505,0.0137884,134.744,0.848463,0.0
18.4655,0.0141387,134.111,0.822278,0.0
18.5043,0.0137978,133.161,0.852203,0.0
18.4893,0.0135412,135.36,0.849823,0.0
18.4518,0.0135135,133.411,0.853564,0.0
18.4531,0.0135232,133.461,0.827719,0.0
18.4503,0.0139943,132.728,0.862745,0.0
18.4469,0.0138515,135.06,0.849143,0.0
18.4652,0.0136346,132.978,0.847783,0.0
18.4418,0.0137992,135.227,0.860025,0.0
18.4487,0.0133551,134.211,0.846762,0.0
18.4725,0.0136697,133.195,0.852543,0.0
18.4558,0.0134574,134.061,0.838261,0.0
18.4451,0.0136357,134.227,0.843022,0.0
18.4618,0.0135946,132.845,0.842001,0.0
18.4788,0.0136131,133.944,0.83622,0.0
18.4807,0.0137366,136.993,0.851863,0.0
18.4884,0.0136975,133.811,0.856624,0.0
18.4845,0.0139626,134.294,0.850163,0.0
18.449,0.0138151,134.327,0.844042,0.0
18.4331,0.0135358,134.744,0.839961,0.0
18.4633,0.0137022,135.427,0.844382,0.0
18.4553,0.014061,134.561,0.843022,0.0
18.4405,0.0135248,133.978,0.846762,0.0
18.4568,0.0138528,134.994,0.856624,0.0
18.4846,0.0136852,134.227,0.841661,0.0
18.4939,0.0136088,134.477,0.838941,0.0
18.4568,0.0138102,134.894,0.83452,0.0
18.4605,0.0135735,134.061,0.859685,0.0
18.4943,0.0138063,135.26,0.846762,0.0
18.4643,0.0135772,134.361,0.857985,0.0
18.4428,0.0135643,134.411,0.855604,0.0
18.4628,0.0135361,134.411,0.868867,0.0
18.4541,0.0137574,135.21,0.851183,0.0
18.4439,0.0136409,134.427,0.856624,0.0
18.4671,0.0134629,132.978,0.83486,0.0
18.4758,0.0141264,133.628,0.839281,0.0
18.4676,0.0138779,135.41,0.838261,0.0
18.4656,0.013661,134.577,0.854244,0.0
18.4821,0.0136616,133.844,0.847102,0.0
18.4748,0.0138533,133.328,0.847443,0.0
18.4537,0.0138941,134.627,0.846762,0.0
18.4592,0.013528,134.877,0.864106,0.0
18.4563,0.0136974,132.928,0.83452,0.0
18.456,0.0135019,134.694,0.828399,0.0
18.4709,0.0135871,135.627,0.839961,0.0
18.4518,0.0136862,134.427,0.844382,0.0
18.4305,0.0138007,133.328,0.848123,0.0
18.4479,0.013599,134.361,0.844042,0.0
18.458,0.0137229,135.277,0.880089,0.0
18.4522,0.0138839,133.711,0.856624,0.0
18.4646,0.0138454,134.661,0.83656,0.0
18.4535,0.013537,133.828,0.821257,0.0
18.4405,0.0136792,134.744,0.837241,0.0
18.4616,0.0136138,134.227,0.843702,0.0
18.4696,0.0134549,134.711,0.854924,0.0
18.4788,0.0136627,133.978,0.857644,0.0
18.4767,0.0137332,135.044,0.83248,0.0
18.4608,0.0136693,134.477,0.858665,0.0
18.4723,0.0139129,134.644,0.83316,0.0
18.4799,0.0136143,136.443,0.841321,0.0
18.4659,0.0136276,134.377,0.864786,0.0
18.4818,0.0136006,134.711,0.829759,0.0
18.4772,0.0141339,134.011,0.845742,0.0
18.4693,0.0137985,134.294,0.843362,0.0
18.4777,0.0136271,134.244,0.861725,0.0
18.4464,0.0138729,133.361,0.844042,0.0
18.4379,0.0137641,135.893,0.83588,0.0
18.5012,0.0136817,133.278,0.822958,0.0
18.4846,0.0135852,132.645,0.839961,0.0
18.4281,0.0138089,133.644,0.839961,0.0
18.4505,0.0136399,133.611,0.846422,0.0
18.4586,0.0135894,134.111,0.849823,0.0
18.4593,0.0136014,134.727,0.841661,0.0
18.4867,0.0139338,134.227,0.829079,0.0
18.4825,0.0136062,134.377,0.846082,0.0
18.4538,0.0138085,133.261,0.851523,0.0
18.4393,0.0136066,133.678,0.859685,0.0
18.4559,0.0138895,134.227,0.837241,0.0
18.4676,0.0135903,134.427,0.829759,0.0
18.4482,0.0136872,135.26,0.859685,0.0
18.4588,0.0136296,133.711,0.856624,0.0
18.4736,0.0139164,134.644,0.819557,0.0
18.4775,0.0136134,134.194,0.83452,0.0
18.4767,0.0136691,134.544,0.8369,0.0
18.4614,0.0136006,134.377,0.825678,0.0
18.4553,0.0139546,134.277,0.865466,0.0
18.4578,0.0136965,133.644,0.821598,0.0
18.4738,0.0139555,134.377,0.846762,0.0
18.4705,0.0135533,135.66,0.840301,0.0
18.4671,0.0134725,133.744,0.83418,0.0
18.4874,0.013569,134.844,0.856284,0.0
18.4758,0.0136532,134.627,0.847443,0.0
18.4502,0.0138592,134.561,0.846762,0.0
18.466,0.0139044,134.094,0.850503,0.0
18.4759,0.0138735,134.561,0.838261,0.0
18.468,0.0136453,133.594,0.83656,0.0
18.4688,0.0135134,132.645,0.870567,0.0
18.4787,0.0132483,136.01,0.83588,0.0
18.468,0.013283,133.461,0.840641,0.0
18.4315,0.0136911,133.694,0.83554,0.0
18.4406,0.0136577,133.494,0.852543,0.0
18.4686,0.0137822,135.044,0.843362,0.0
18.4497,0.0136609,135.01,0.850163,0.0
18.4525,0.013722,134.061,0.83656,0.0
18.4696,0.0136313,134.377,0.855944,0.0
18.4794,0.0138698,134.477,0.83214,0.0
18.478,0.0138008,133.311,0.828739,0.0
18.4606,0.0135459,132.561,0.841321,0.0
18.4484,0.0140514,133.095,0.848803,0.0
18.443,0.0137854,134.227,0.862405,0.0
18.4591,0.0134639,135.11,0.849483,0.0
18.4783,0.013806,135.377,0.856624,0.0
18.4663,0.0137629,134.161,0.848803,0.0
18.4595,0.013654,132.145,0.844042,0.0
18.4788,0.0141472,135.144,0.83588,0.0
18.476,0.0135071,135.177,0.83554,0.0
18.45,0.0135057,133.561,0.842682,0.0
18.4496,0.0145178,134.844,0.841661,0.0
18.4668,0.0138995,132.595,0.83282,0.0
18.4614,0.0138318,133.811,0.842342,0.0
18.4599,0.0137027,133.261,0.858325,0.0
18.473,0.0137245,134.644,0.837241,0.0
18.4614,0.0136345,134.211,0.8335,0.0
18.4516,0.0134889,135.11,0.852884,0.0
18.4836,0.0140273,136.027,0.839281,0.0
18.4878,0.0134128,133.711,0.841661,0.0
18.4547,0.0136697,134.261,0.857985,0.0
18.458,0.0135833,134.86,0.839621,0.0
18.4753,0.013671,134.211,0.83418,0.0
18.4518,0.0138209,133.011,0.858325,0.0
18.4429,0.0136594,135.16,0.861385,0.0
18.4642,0.0136002,134.844,0.855604,0.0
18.4587,0.0139507,134.227,0.846762,0.0
18.4345,0.0133585,132.278,0.845062,0.0
18.4535,0.0138214,133.361,0.846422,0.0
18.4833,0.0133068,133.411,0.837921,0.0
18.4476,0.0138467,133.228,0.822618,0.0
18.4308,0.0140205,134.594,0.8369,0.0
18.4634,0.0137273,133.644,0.830779,0.0
18.4641,0.0136233,135.044,0.854924,0.0
18.4501,0.0138817,133.494,0.841321,0.0
18.4471,0.0140016,133.644,0.829419,0.0
18.4569,0.0138241,134.91,0.83418,0.0
18.4685,0.013574,134.011,0.859345,0.0
18.4503,0.0133998,134.927,0.846422,0.0
18.4438,0.0136208,133.561,0.847783,0.0
18.4527,0.0136966,134.677,0.846422,0.0
18.4506,0.0135222,133.544,0.83384,0.0
18.4683,0.0140282,133.994,0.864106,0.0
18.4717,0.0137675,134.794,0.878388,0.0
18.4469,0.0138441,134.777,0.826358,0.0
18.4498,0.0136079,135.06,0.837921,0.0
18.4775,0.0141037,134.427,0.844382,0.0
18.4531,0.0137068,133.328,0.83384,0.0
18.4304,0.0137095,135.51,0.855944,0.0
18.467,0.0140136,134.327,0.838601,0.0
18.4674,0.0139527,135.327,0.841661,0.0
18.4547,0.0134612,135.077,0.859005,0.0
18.466,0.0140891,133.261,0.830439,0.0
18.4742,0.0139581,134.894,0.867166,0.0
18.4633,0.0141518,134.094,0.839281,0.0
18.4599,0.0137273,134.494,0.851523,0.0
18.4703,0.0134755,134.461,0.852543,0.0
18.4662,0.0141513,134.661,0.8335,0.0
18.4614,0.0138021,132.145,0.862405,0.0
18.4447,0.0136739,134.844,0.850843,0.0
18.4582,0.0138244,133.361,0.83384,0.0
18.4809,0.0137141,134.144,0.83486,0.0
18.4582,0.0138149,132.545,0.856284,0.0
18.4437,0.0136742,132.628,0.821598,0.0
18.4469,0.0138283,135.01,0.83554,0.0
18.4386,0.0137396,134.311,0.820577,0.0
18.447,0.0138409,134.694,0.837921,0.0
18.468,0.0138583,135.544,0.83486,0.0
18.4763,0.0134406,134.377,0.850843,0.0
18.4681,0.0132682,134.144,0.845402,0.0
18.4753,0.0135955,135.227,0.840981,0.0
18.4758,0.0140084,133.778,0.846762,0.0
18.4564,0.0136407,135.594,0.845742,0.0
18.451,0.0138133,133.528,0.839621,0.0
18.4673,0.013769,134.494,0.871247,0.0
18.4834,0.0135657,132.711,0.852543,0.0
18.4679,0.0139115,135.327,0.844042,0.0
18.4702,0.0134781,133.911,0.8352,0.0
18.4747,0.0135613,134.877,0.843022,0.0
18.4648,0.0137926,134.877,0.864106,0.0
18.4732,0.0135432,134.444,0.847102,0.0
18.4685,0.0132926,132.695,0.848123,0.0
18.4443,0.0137593,134.594,0.809695,0.0
18.4358,0.0136259,133.628,0.849143,0.0
18.4417,0.0138343,134.011,0.842001,0.0
18.4794,0.0136861,134.877,0.859005,0.0
18.4946,0.0141399,134.461,0.839961,0.0
18.4815,0.013787,134.777,0.839961,0.0
18.4719,0.0135069,134.944,0.830779,0.0
18.4534,0.0136038,133.494,0.849823,0.0
18.4508,0.0136087,135.627,0.839621,0.0
18.4677,0.0138761,133.811,0.83384,0.0
18.4647,0.0139015,133.694,0.850503,0.0
18.4563,0.0136633,135.16,0.849483,0.0
18.4756,0.013668,133.328,0.839961,0.0
18.4851,0.0134808,135.544,0.852203,0.0
18.4751,0.0138742,133.594,0.847783,0.0
18.4687,0.0135521,133.461,0.846762,0.0
18.4676,0.0139254,133.778,0.83418,0.0
18.4626,0.0137691,133.278,0.841661,0.0
18.4622,0.0135909,135.227,0.850843,0.0
18.4394,0.0139231,136.66,0.839621,0.0
18.4427,0.0137277,132.978,0.826699,0.0
18.4492,0.0138801,134.561,0.814116,0.0
18.4486,0.0134622,134.977,0.828739,0.0
18.4765,0.0137074,134.761,0.843702,0.0
18.472,0.0135895,134.477,0.83452,0.0
18.4511,0.0135704,134.91,0.867846,0.0
18.4498,0.0137245,135.027,0.839621,0.0
18.4708,0.0141017,134.727,0.804934,0.0
18.4722,0.014012,132.811,0.843022,0.0
18.464,0.0138789,133.861,0.845402,0.0
18.4705,0.0136272,135.144,0.853224,0.0
18.4708,0.0137727,133.611,0.853224,0.0
18.4648,0.0134575,135.743,0.860365,0.0
18.4537,0.0134246,133.511,0.837241,0.0
18.4437,0.0136719,134.994,0.827719,0.0
18.4528,0.0138443,135.394,0.850163,0.0
18.4632,0.0138622,134.711,0.863766,0.0
18.448,0.0139786,134.044,0.847443,0.0
18.4563,0.0137099,133.961,0.842342,0.0
18.4735,0.0136819,134.244,0.837581,0.0
18.4635,0.0136051,134.027,0.838601,0.0
18.4567,0.0136398,135.06,0.866486,0.0
18.4573,0.0135195,135.51,0.854244,0.0
18.4561,0.0135562,134.061,0.822278,0.0
18.4577,0.0136488,133.328,0.83554,0.0
18.4535,0.0136075,136.177,0.842001,0.0
18.4555,0.0139362,134.777,0.844722,0.0
18.4484,0.0139163,135.394,0.851863,0.0
18.4495,0.0135333,133.294,0.83214,0.0
18.4762,0.0137469,134.761,0.855944,0.0
18.4861,0.0136408,134.86,0.846082,0.0
18.4663,0.0135783,134.527,0.8352,0.0
18.4581,0.0138277,134.844,0.853564,0.0
18.4481,0.0136749,134.494,0.852543,0.0
18.4507,0.0136001,134.611,0.845402,0.0
18.4635,0.0136003,134.194,0.841661,0.0
18.4703,0.0136191,132.945,0.850843,0.0
18.4751,0.0140372,134.877,0.842682,0.0
18.4698,0.0135656,133.428,0.83554,0.0
18.4613,0.0136531,134.527,0.846762,0.0
18.457,0.013773,132.628,0.848803,0.0
18.4639,0.0137931,134.927,0.843702,0.0
18.469,0.0139033,133.778,0.863086,0.0
18.4504,0.0135907,135.693,0.828399,0.0
18.4546,0.0136316,134.661,0.856964,0.0
18.4573,0.013812,134.577,0.829079,0.0
18.4445,0.0136943,134.894,0.837921,0.0
18.4598,0.0138463,133.344,0.856964,0.0
18.4592,0.0135805,135.227,0.843022,0.0
18.4377,0.0141185,133.045,0.83282,0.0
18.4583,0.0140265,135.244,0.853904,0.0
18.4744,0.0136036,132.811,0.841321,0.0
18.4484,0.0132213,134.977,0.873287,0.0
18.4327,0.0138283,133.978,0.831119,0.0
18.4603,0.0136209,134.677,0.846082,0.0
18.468,0.0138791,134.011,0.840301,0.0
18.4539,0.0139842,133.394,0.83248,0.0
18.4915,0.0135994,135.693,0.863766,0.0
18.499,0.013812,134.277,0.843362,0.0
18.4523,0.013728,133.061,0.852884,0.0
18.4547,0.0136775,134.677,0.850843,0.0
18.4742,0.0136099,134.177,0.848803,0.0
18.4679,0.0135656,135.127,0.849823,0.0
18.46,0.0136967,133.728,0.861385,0.0
18.4621,0.0137906,134.477,0.862745,0.0
18.4591,0.0135133,133.178,0.83282,0.0
18.4478,0.0132706,134.527,0.854924,0.0
18.4652,0.013935,133.661,0.842342,0.0
18.4713,0.013516,134.894,0.854244,0.0
18.4613,0.0133966,133.711,0.869887,0.0
18.4726,0.0135336,133.511,0.855604,0.0
18.4822,0.0136549,133.961,0.852543,0.0
18.4707,0.013862,133.994,0.842001,0.0
18.4652,0.0137135,134.011,0.855264,0.0
18.4706,0.0138799,133.611,0.865126,0.0
18.4661,0.0136767,134.377,0.840641,0.0
18.4635,0.013711,135.06,0.845402,0.0
18.4719,0.0139174,133.644,0.838941,0.0
18.4483,0.0132775,132.861,0.848123,0.0
18.4498,0.0136635,133.411,0.83486,0.0
18.4623,0.013716,133.928,0.859345,0.0
18.4473,0.0136526,133.661,0.844042,0.0
18.4539,0.0137092,134.144,0.863086,0.0
18.4525,0.0138787,134.577,0.851183,0.0
18.448,0.0138772,135.527,0.848123,0.0
18.4613,0.0134766,133.794,0.8369,0.0
18.4411,0.0137714,133.678,0.837581,0.0
18.4403,0.0138322,133.811,0.837581,0.0
18.4626,0.0136673,133.244,0.83384,0.0
18.4573,0.0137004,133.794,0.83656,0.0
18.4608,0.0139748,135.494,0.843022,0.0
18.474,0.0133321,133.711,0.83622,0.0
18.4748,0.0137555,134.494,0.824998,0.0
18.4672,0.013713,134.677,0.843362,0.0
18.4591,0.0135798,135.893,0.861725,0.0
18.46,0.0136587,133.778,0.849143,0.0
18.4671,0.0139286,133.511,0.837581,0.0
18.4733,0.0138707,134.327,0.851523,0.0
18.4574,0.0137585,133.378,0.827039,0.0
18.4487,0.0137253,133.994,0.839621,0.0
18.4481,0.0133373,134.944,0.855604,0.0
18.4476,0.0135335,135.877,0.845062,0.0
18.4516,0.0138593,135.827,0.853904,0.0
18.4352,0.0131844,133.461,0.860705,0.0
18.4474,0.0137652,134.094,0.860025,0.0
18.4705,0.0136618,134.594,0.845742,0.0
18.4647,0.0137372,132.978,0.842001,0.0
18.451,0.0138192,133.378,0.850503,0.0
18.4673,0.0135757,134.544,0.844042,0.0
18.4797,0.0137383,133.411,0.83554,0.0
18.4679,0.0133833,134.144,0.838261,0.0
18.4584,0.0135426,134.444,0.849483,0.0
18.4537,0.0137354,133.528,0.824318,0.0
18.4422,0.0135798,134.127,0.831119,0.0
18.4506,0.0135405,132.645,0.855264,0.0
18.4737,0.0134521,134.894,0.846422,0.0
18.4781,0.0134806,134.594,0.846082,0.0
18.4568,0.0135953,132.945,0.847443,0.0
18.4303,0.0135484,135.927,0.844722,0.0
18.4452,0.0139025,134.361,0.826699,0.0
18.4618,0.0137077,135.51,0.852543,0.0
18.459,0.013636,133.211,0.8335,0.0
18.4537,0.0138621,134.944,0.839281,0.0
18.446,0.0136132,134.011,0.823638,0.0
18.4498,0.0137832,134.561,0.831119,0.0
18.4681,0.0139298,135.627,0.851523,0.0
18.4707,0.0136575,133.661,0.853564,0.0
18.4546,0.0137366,134.211,0.839281,0.0
18.4644,0.0141659,133.961,0.860025,0.0
18.4673,0.0140612,135.627,0.847783,0.0
18.458,0.0137528,133.361,0.847783,0.0
18.4772,0.0133478,134.061,0.838601,0.0
18.4719,0.0138978,133.994,0.827039,0.0
18.45,0.0135807,136.027,0.838261,0.0
18.4374,0.0138365,133.611,0.83282,0.0
18.4397,0.0135591,135.277,0.853224,0.0
18.4741,0.0140594,134.277,0.848123,0.0
18.4825,0.0138576,133.078,0.847443,0.0
18.4659,0.0137766,134.544,0.848463,0.0
18.4498,0.0134131,133.178,0.843702,0.0
18.453,0.0136339,135.96,0.842001,0.0
18.471,0.0138458,135.01,0.844042,0.0
18.4757,0.0137482,135.244,0.848803,0.0
18.4653,0.0139706,132.661,0.845062,0.0
18.4424,0.0135222,135.544,0.855604,0.0
18.4464,0.0136159,132.195,0.849823,0.0
18.4652,0.013406,133.594,0.840301,0.0
18.4684,0.0139039,132.911,0.83248,0.0
18.461,0.0137782,134.944,0.862745,0.0
18.4519,0.0133378,133.711,0.840981,0.0
18.4418,0.0136252,134.594,0.839281,0.0
18.4581,0.0140699,134.177,0.846082,0.0
18.4605,0.0140338,133.911,0.850843,0.0
18.4382,0.0135894,134.211,0.842342,0.0
18.4571,0.0134179,135.46,0.849143,0.0
18.4772,0.0134526,135.327,0.8352,0.0
18.4861,0.0134763,133.728,0.862405,0.0
18.4729,0.0136384,134.494,0.842001,0.0
18.4475,0.0138369,133.411,0.839961,0.0
18.4634,0.0133864,133.428,0.83588,0.0
18.4775,0.0137349,134.561,0.849483,0.0
18.4642,0.0136303,133.911,0.846422,0.0
18.4423,0.0139076,135.36,0.8369,0.0
18.4536,0.0139418,133.195,0.821257,0.0
18.4747,0.0138294,134.427,0.827379,0.0
18.463,0.0137188,135.394,0.843362,0.0
18.4605,0.0139239,134.427,0.857644,0.0
18.4737,0.0138837,135.027,0.859005,0.0
18.462,0.0136546,135.144,0.854584,0.0
18.4547,0.0132057,134.661,0.8352,0.0
18.4664,0.0135436,133.611,0.829079,0.0
18.4599,0.0132787,134.794,0.863086,0.0
18.4437,0.013514,135.094,0.83316,0.0
18.4586,0.0135973,133.428,0.856964,0.0
18.4613,0.0136595,134.644,0.871247,0.0
18.4669,0.0136512,134.161,0.842682,0.0
18.4771,0.0134273,135.244,0.83418,0.0
18.4663,0.0134539,133.644,0.848803,0.0
18.4412,0.0135827,135.044,0.857304,0.0
18.4347,0.0134068,134.144,0.831119,0.0
18.4719,0.0132017,135.01,0.83622,0.0
18.4826,0.0136136,134.461,0.859345,0.0
18.4517,0.0141278,135.227,0.860365,0.0
18.4539,0.0139089,133.478,0.840641,0.0
18.4538,0.013852,133.661,0.851183,0.0
18.4321,0.0135492,133.844,0.862065,0.0
18.4621,0.0137517,134.327,0.849143,0.0
18.4658,0.0134559,134.944,0.860025,0.0
18.4263,0.0135024,134.094,0.852203,0.0
18.4499,0.0134869,134.461,0.857644,0.0
18.4757,0.0137031,134.044,0.812756,0.0
18.4671,0.0139056,135.993,0.847102,0.0
18.4826,0.0135512,135.51,0.838601,0.0
18.4757,0.0134302,133.028,0.822278,0.0
18.4386,0.0135675,134.261,0.852543,0.0
18.4551,0.0136853,133.844,0.845742,0.0
18.4731,0.0138511,133.844,0.827379,0.0
18.4512,0.0135906,135.577,0.848803,0.0
18.4579,0.0135641,134.094,0.83384,0.0
18.4799,0.0138381,134.227,0.848803,0.0
18.4883,0.0138586,135.527,0.841321,0.0
18.4709,0.0136185,134.077,0.837921,0.0
18.4654,0.0136868,135.31,0.843702,0.0
18.4603,0.0135303,134.877,0.838261,0.0
18.445,0.0137034,134.894,0.843362,0.0
18.4625,0.0138303,132.661,0.843022,0.0
18.4609,0.0137764,135.16,0.850503,0.0
18.4495,0.0135482,135.06,0.853904,0.0
18.4546,0.0134862,133.611,0.83248,0.0
18.4623,0.013584,134.777,0.857644,0.0
18.4701,0.0136562,135.16,0.839621,0.0
18.4664,0.0135763,132.811,0.829419,0.0
18.4565,0.0139671,135.943,0.859345,0.0
18.4479,0.0134331,132.861,0.8335,0.0
18.4397,0.0132959,133.678,0.851183,0.0
18.4608,0.0133201,134.277,0.852543,0.0
18.4771,0.0136331,135.427,0.848463,0.0
18.4676,0.0139703,133.911,0.824658,0.0
18.4508,0.0137996,134.111,0.83622,0.0
18.4689,0.0138273,134.86,0.865466,0.0
18.4885,0.0139329,134.427,0.841321,0.0
18.4629,0.0138405,133.944,0.870567,0.0
18.4614,0.0137491,133.911,0.848123,0.0
18.4708,0.0135052,134.561,0.854584,0.0
18.4698,0.0139916,134.077,0.851523,0.0
18.4908,0.0134334,133.961,0.843702,0.0
18.4769,0.0132743,134.094,0.863086,0.0
18.4465,0.0132977,134.461,0.850503,0.0
18.4566,0.0135289,134.127,0.821938,0.0
18.4568,0.0136736,135.51,0.840641,0.0
18.4535,0.01345,135.26,0.839281,0.0
18.4698,0.0137459,134.544,0.853224,0.0
18.4735,0.0137762,136.493,0.83316,0.0
18.4602,0.0133207,133.711,0.8335,0.0
18.4567,0.0137466,134.694,0.8335,0.0
18.4743,0.0135507,132.695,0.830439,0.0
18.4758,0.0141955,135.01,0.871587,0.0
18.4666,0.0137539,134.377,0.840981,0.0
18.4715,0.0139818,134.644,0.839621,0.0
18.4723,0.0136665,134.91,0.826358,0.0
18.484,0.0138651,134.044,0.845402,0.0
18.4739,0.0140009,135.527,0.851523,0.0
18.4696,0.0138408,135.36,0.837921,0.0
18.4777,0.013866,134.211,0.866826,0.0
18.4433,0.0137478,133.961,0.849483,0.0
18.4294,0.0135268,135.094,0.815476,0.0
18.4722,0.0138452,133.544,0.838261,0.0
18.4916,0.0136084,134.411,0.845062,0.0
18.4806,0.0136196,133.978,0.854584,0.0
18.4577,0.0135327,133.028,0.849143,0.0
18.4378,0.0135745,133.028,0.839281,0.0
18.4505,0.0138884,134.611,0.843362,0.0
18.4691,0.0136086,134.777,0.857985,0.0
18.4691,0.0136006,134.311,0.851183,0.0
18.443,0.0140088,134.261,0.853224,0.0
18.4264,0.0136583,134.361,0.844382,0.0
18.4445,0.0134594,135.127,0.840301,0.0
18.4652,0.0135405,134.761,0.849143,0.0
18.4642,0.0137195,133.178,0.826358,0.0
18.485,0.0139062,134.127,0.840981,0.0
18.4909,0.0139414,133.078,0.843362,0.0
18.4522,0.0137721,133.328,0.83282,0.0
18.4466,0.0137668,133.461,0.846762,0.0
18.4628,0.0133668,134.411,0.871247,0.0
18.4699,0.0136941,134.294,0.822958,0.0
18.4862,0.0136196,134.111,0.842342,0.0
18.4802,0.0135876,134.844,0.83656,0.0
18.4564,0.0137082,134.644,0.825678,0.0
18.4702,0.0134502,135.077,0.830099,0.0
18.4879,0.0137945,134.427,0.83588,0.0
18.4611,0.0138722,134.327,0.841321,0.0
18.4555,0.0138695,135.56,0.843702,0.0
18.4753,0.0137195,133.244,0.842342,0.0
18.458,0.0137913,134.327,0.837921,0.0
18.4571,0.013846,135.127,0.841321,0.0
18.4689,0.0135912,133.894,0.851183,0.0
18.4572,0.0134519,134.627,0.8318,0.0
18.4433,0.0137821,134.594,0.83418,0.0
18.4518,0.0136256,135.344,0.830779,0.0
18.4778,0.013654,133.744,0.842001,0.0
18.4816,0.0135762,134.694,0.83554,0.0
18.4487,0.0136985,133.894,0.861045,0.0
18.4524,0.0133909,133.428,0.839621,0.0
18.4775,0.0139388,134.244,0.83486,0.0
18.4453,0.0134804,134.794,0.845742,0.0
18.4303,0.0135695,135.943,0.863426,0.0
18.4656,0.0138543,134.127,0.862745,0.0
18.4598,0.0137555,134.644,0.853564,0.0
18.4479,0.0138706,133.944,0.869547,0.0
18.4467,0.0140174,133.611,0.822618,0.0
18.4336,0.0138912,135.027,0.858665,0.0
18.4552,0.0137757,135.177,0.857304,0.0
18.4642,0.0134825,133.111,0.850843,0.0
18.4645,0.0136554,134.011,0.846762,0.0
18.4737,0.0139417,132.495,0.852543,0.0
18.4564,0.013596,132.695,0.850843,0.0
18.452,0.0138016,134.327,0.846082,0.0
18.4678,0.0136883,135.327,0.860705,0.0
18.4529,0.0137277,133.461,0.844042,0.0
18.4386,0.0137498,133.744,0.841661,0.0
18.4558,0.0137945,134.81,0.854924,0.0
18.4682,0.0135144,134.477,0.856284,0.0
18.4598,0.013539,135.577,0.838601,0.0
18.4678,0.0135809,134.361,0.843022,0.0
18.4673,0.0136914,134.91,0.838941,0.0
18.4538,0.0138072,135.46,0.83384,0.0
18.4618,0.0136705,134.294,0.83214,0.0
18.468,0.0139962,133.528,0.83418,0.0
18.4539,0.0136114,134.244,0.854244,0.0
18.454,0.0138393,134.644,0.83656,0.0
18.4584,0.0138927,133.861,0.827039,0.0
18.433,0.0135056,133.311,0.849823,0.0
18.4397,0.013712,134.494,0.844042,0.0
18.472,0.0139322,133.994,0.819217,0.0
18.4667,0.0133853,134.394,0.861045,0.0
18.4625,0.0136378,133.944,0.839961,0.0
18.4716,0.0137786,133.778,0.827039,0.0
18.4598,0.013993,133.878,0.8335,0.0
18.4551,0.013347,134.461,0.840301,0.0
18.4474,0.0137208,133.611,0.839961,0.0
18.4516,0.0138937,135.01,0.846082,0.0
18.4681,0.0138069,134.661,0.838941,0.0
18.4409,0.0140935,134.227,0.853904,0.0
18.4491,0.0135873,134.661,0.831119,0.0
18.4753,0.0135826,134.577,0.827039,0.0
18.4543,0.0137791,135.377,0.864106,0.0
18.446,0.0136877,132.761,0.843022,0.0
18.4504,0.0134333,133.344,0.849483,0.0
18.457,0.013448,134.411,0.818877,0.0
18.4709,0.0138057,133.961,0.858665,0.0
18.4654,0.0138345,135.394,0.848803,0.0
18.4687,0.0138308,135.144,0.844722,0.0
18.4743,0.0141727,133.978,0.8369,0.0
18.4505,0.0138956,136.11,0.853564,0.0
18.4482,0.0140192,133.478,0.854584,0.0
18.4603,0.0140713,133.661,0.845402,0.0
18.4556,0.013721,133.994,0.854244,0.0
18.4415,0.0136518,132.845,0.83588,0.0
18.4551,0.0137902,133.761,0.840641,0.0
18.4894,0.0135422,135.31,0.842682,0.0
18.488,0.0139172,133.628,0.819557,0.0
18.4604,0.0138882,135.444,0.867166,0.0
18.4646,0.0136586,135.06,0.845742,0.0
18.4792,0.0133647,134.061,0.83588,0.0
18.4607,0.0141209,135.194,0.854244,0.0
18.4579,0.0139388,135.16,0.847102,0.0
18.4724,0.0139682,133.561,0.823638,0.0
18.4534,0.0137048,135.927,0.845402,0.0
18.4487,0.0139808,134.177,0.830779,0.0
18.468,0.0138167,132.878,0.863086,0.0
18.4653,0.01353,135.727,0.840301,0.0
18.4415,0.0135132,133.394,0.848463,0.0
18.4368,0.0135423,133.294,0.854924,0.0
18.4588,0.0134538,135.194,0.848123,0.0
18.4595,0.0132591,133.278,0.83214,0.0
18.4604,0.0133265,133.694,0.838261,0.0
18.4603,0.0137795,133.978,0.837241,0.0
18.4605,0.0135926,133.145,0.848123,0.0
18.4684,0.0136309,133.644,0.841661,0.0
18.453,0.0137742,134.194,0.83622,0.0
18.4685,0.0136898,133.511,0.818197,0.0
18.4731,0.0134325,132.928,0.851183,0.0
18.4456,0.0135263,134.844,0.850503,0.0
18.4542,0.0137004,133.211,0.843022,0.0
18.4713,0.0135747,133.828,0.837581,0.0
18.4722,0.0136381,135.96,0.841661,0.0
18.4684,0.013455,133.728,0.83248,0.0
18.4399,0.0136024,133.678,0.854244,0.0
18.44,0.0136728,134.277,0.841321,0.0
18.4641,0.0137143,134.894,0.83622,0.0
18.4671,0.0138918,133.994,0.852543,0.0
18.4549,0.0135911,134.077,0.839621,0.0
18.4471,0.0133747,133.528,0.869547,0.0
18.4577,0.0136374,134.577,0.860025,0.0
18.4612,0.0137442,134.094,0.857304,0.0
18.4605,0.0135942,135.077,0.841321,0.0
18.4332,0.0137616,134.377,0.839281,0.0
18.4324,0.0134528,133.528,0.839961,0.0
18.4637,0.0137724,135.077,0.857644,0.0
18.4553,0.0140108,135.327,0.847443,0.0
18.4329,0.0135997,133.994,0.83656,0.0
18.4591,0.0135532,135.094,0.855604,0.0
18.4841,0.0135468,134.194,0.853564,0.0
18.4482,0.013364,133.794,0.8369,0.0
18.4346,0.0137423,135.627,0.8352,0.0
18.4751,0.0134873,134.011,0.821257,0.0
18.4818,0.0136885,135.294,0.856284,0.0
18.4619,0.0138991,133.128,0.847443,0.0
18.4503,0.0137572,135.277,0.869887,0.0
18.4598,0.0134576,135.31,0.839621,0.0
18.4608,0.0136204,134.294,0.840981,0.0
18.4334,0.0137921,134.394,0.837581,0.0
18.4439,0.0138547,133.178,0.83622,0.0
18.4543,0.0140245,134.927,0.827379,0.0
18.4556,0.0135632,134.627,0.853564,0.0
18.4842,0.0136413,134.844,0.863766,0.0
18.479,0.0138556,133.794,0.8335,0.0
18.4594,0.0138277,133.911,0.847102,0.0
18.471,0.0137211,134.011,0.852884,0.0
18.4755,0.0136461,134.561,0.852884,0.0
18.4713,0.0137778,133.944,0.829419,0.0
18.4492,0.0134858,133.411,0.847102,0.0
18.4393,0.0138205,134.91,0.849483,0.0
18.4526,0.0137019,133.128,0.83282,0.0
18.4512,0.013537,134.194,0.841661,0.0
18.462,0.0137684,134.727,0.868867,0.0
18.4693,0.0136381,134.061,0.847102,0.0
18.4666,0.0132826,134.077,0.840301,0.0
18.4573,0.0138078,134.327,0.823638,0.0
18.4471,0.0140952,134.127,0.842682,0.0
18.4425,0.0138099,135.094,0.83656,0.0
18.4575,0.0138297,133.444,0.857304,0.0
18.4723,0.0135128,135.027,0.842001,0.0
18.4741,0.0137206,134.727,0.821938,0.0
18.4819,0.0137162,135.277,0.823298,0.0
18.4799,0.0136322,134.277,0.840301,0.0
18.4483,0.0137736,133.944,0.863426,0.0
18.4572,0.013421,134.627,0.863086,0.0
18.4713,0.013694,133.728,0.810715,0.0
18.4599,0.0142213,135.46,0.853904,0.0
18.4641,0.0138303,132.528,0.859685,0.0
18.4387,0.0138356,133.394,0.827719,0.0
18.4369,0.0137841,133.994,0.840641,0.0
18.4664,0.0135874,134.044,0.854244,0.0
18.478,0.0137354,134.044,0.855944,0.0
18.4799,0.0135142,133.844,0.826358,0.0
18.4697,0.0137577,134.877,0.837581,0.0
18.4662,0.0135129,134.994,0.848803,0.0
18.4649,0.0138906,133.778,0.83418,0.0
18.4555,0.0139066,134.627,0.873287,0.0
18.4438,0.0134491,133.761,0.842682,0.0
18.4383,0.0139795,133.511,0.866486,0.0
18.4574,0.0137982,134.244,0.855264,0.0
18.4718,0.0141664,135.677,0.827039,0.0
18.4641,0.0141428,136.66,0.845742,0.0
18.4623,0.0135108,135.36,0.83622,0.0
18.455,0.0136258,134.427,0.825338,0.0
18.4549,0.0132526,134.144,0.823298,0.0
18.4657,0.0137153,134.644,0.861045,0.0
18.4542,0.0138299,133.811,0.839961,0.0
18.4446,0.0136519,134.277,0.840981,0.0
18.4671,0.0137463,134.511,0.848803,0.0
18.472,0.0137666,134.411,0.845742,0.0
18.4452,0.0135191,134.627,0.838261,0.0
18.4516,0.0137493,134.777,0.846082,0.0
18.4912,0.0139619,134.111,0.8369,0.0
18.4936,0.0136559,134.744,0.849823,0.0
18.4502,0.0137339,133.994,0.831119,0.0
18.4292,0.0133933,133.861,0.848123,0.0
18.4368,0.013931,133.594,0.846422,0.0
18.4297,0.0137411,134.81,0.829759,0.0
18.4398,0.0134287,135.444,0.840301,0.0
18.467,0.0136381,133.694,0.857985,0.0
18.4601,0.0138532,133.661,0.849483,0.0
18.4454,0.0137248,135.094,0.847102,0.0
18.4503,0.0137964,133.145,0.838261,0.0
18.4583,0.013996,134.86,0.839281,0.0
18.4683,0.0140609,133.644,0.842342,0.0
18.4723,0.0136084,136.027,0.853224,0.0
18.4602,0.0137769,134.461,0.840641,0.0
18.4559,0.0138963,133.061,0.838601,0.0
18.4667,0.0138477,134.394,0.848123,0.0
18.4791,0.0138114,135.194,0.840981,0.0
18.4956,0.0138041,135.494,0.862065,0.0
18.4627,0.0137051,134.144,0.853564,0.0
18.4361,0.0134867,134.444,0.842342,0.0
18.4501,0.0138722,133.711,0.839961,0.0
18.4504,0.013629,135.66,0.849483,0.0
18.4649,0.0139687,133.894,0.837921,0.0
18.4582,0.0138556,135.777,0.83316,0.0
18.4478,0.0138761,134.411,0.842342,0.0
18.4514,0.0136881,134.044,0.83554,0.0
18.4375,0.0140309,134.094,0.83418,0.0
18.4372,0.0138324,135.46,0.850503,0.0
18.4618,0.0136527,133.411,0.853224,0.0
18.4709,0.0136332,133.878,0.849823,0.0
18.4638,0.0137733,133.678,0.83588,0.0
18.4649,0.0138762,134.677,0.857644,0.0
18.4604,0.013855,134.411,0.873628,0.0
18.452,0.0136965,134.577,0.820577,0.0
18.4656,0.0137487,134.661,0.83588,0.0
18.4595,0.0134831,134.144,0.844382,0.0
18.4418,0.0140248,135.594,0.851183,0.0
18.445,0.0138971,133.145,0.83486,0.0
18.4395,0.013928,135.327,0.838601,0.0
18.443,0.0137533,133.411,0.813776,0.0
18.4515,0.0139768,134.177,0.855264,0.0
18.4496,0.0136967,132.928,0.856624,0.0
18.4592,0.013549,134.361,0.853224,0.0
18.4812,0.0138281,134.127,0.852203,0.0
18.4638,0.0136076,134.427,0.840981,0.0
18.4327,0.0137576,134.161,0.839281,0.0
18.4432,0.0132215,132.861,0.849483,0.0
18.46,0.0134129,134.211,0.847102,0.0
18.4597,0.0136902,135.244,0.844722,0.0
18.4575,0.013944,134.91,0.838601,0.0
18.4605,0.0135995,134.91,0.839961,0.0
18.4463,0.0140772,135.177,0.843022,0.0
18.4294,0.0138661,134.977,0.829079,0.0
18.4524,0.0133865,135.394,0.838601,0.0
18.4622,0.0134687,134.327,0.831459,0.0
18.4373,0.0138681,134.427,0.824998,0.0
18.4388,0.0135375,134.344,0.850843,0.0
18.4752,0.0137845,132.428,0.837921,0.0
18.4699,0.0140489,134.761,0.850503,0.0
18.4431,0.0136751,133.644,0.831459,0.0
18.4567,0.013976,135.643,0.830099,0.0
18.4803,0.013631,134.827,0.854924,0.0
18.4565,0.0137494,133.128,0.845402,0.0
18.4393,0.0134981,134.944,0.866146,0.0
18.4568,0.0137913,133.711,0.851863,0.0
18.4594,0.0135659,134.061,0.842682,0.0
18.4783,0.0136883,134.511,0.830779,0.0
18.4795,0.0137276,133.644,0.83316,0.0
18.4605,0.0140474,133.978,0.822958,0.0
18.4781,0.0136752,134.81,0.853564,0.0
18.4666,0.0135702,133.744,0.83418,0.0
18.4403,0.0137397,134.111,0.840641,0.0
18.4624,0.0138534,133.944,0.848123,0.0
18.461,0.0136356,136.277,0.847443,0.0
18.4437,0.0132196,134.81,0.855944,0.0
18.4508,0.0132944,133.511,0.862065,0.0
18.4566,0.0136992,135.643,0.831119,0.0
18.457,0.0136504,134.677,0.843022,0.0
18.4555,0.013227,135.36,0.856964,0.0
18.4511,0.0135884,134.027,0.83418,0.0
18.4379,0.0136327,133.278,0.854244,0.0
18.4408,0.0137125,134.977,0.853564,0.0
18.4661,0.0137952,134.844,0.851183,0.0
18.4638,0.014035,134.744,0.855944,0.0
18.4489,0.0138295,134.561,0.862065,0.0
18.4617,0.0139292,135.993,0.838261,0.0
18.4717,0.0138236,133.728,0.852203,0.0
18.4668,0.0137417,134.477,0.828399,0.0
18.4709,0.0136158,133.878,0.859005,0.0
18.4668,0.0137552,134.527,0.873628,0.0
18.4641,0.0135097,134.577,0.849823,0.0
18.4825,0.0137765,134.694,0.850843,0.0
18.48,0.0134698,134.894,0.818877,0.0
18.4533,0.0135757,132.528,0.849143,0.0
18.4616,0.0135406,134.627,0.837241,0.0
18.4866,0.0138266,134.661,0.837921,0.0
18.4734,0.0140223,135.31,0.83316,0.0
18.4662,0.0134295,136.293,0.871247,0.0
18.4744,0.0137469,136.843,0.845402,0.0
18.4487,0.0136397,133.528,0.8369,0.0
18.4242,0.0138604,134.611,0.83418,0.0
18.4631,0.013464,134.144,0.846422,0.0
18.4864,0.0137487,135.594,0.850843,0.0
18.4677,0.0136592,136.426,0.870227,0.0
18.4576,0.0138246,134.327,0.868186,0.0
18.4466,0.0135327,132.645,0.841321,0.0
18.4482,0.0135555,134.344,0.844042,0.0
18.4505,0.0132995,135.56,0.847443,0.0
18.4641,0.0137111,134.377,0.8352,0.0
18.4822,0.0135914,134.677,0.848123,0.0
18.464,0.0137024,134.96,0.839621,0.0
18.4352,0.0137948,133.294,0.831119,0.0
18.4481,0.0136856,134.794,0.848463,0.0
18.4819,0.0136618,133.894,0.830099,0.0
18.4696,0.013616,135.027,0.856284,0.0
18.4503,0.0136674,135.06,0.846082,0.0
18.4636,0.0136466,133.461,0.863086,0.0
18.4821,0.0138281,134.227,0.838601,0.0
18.4833,0.0136445,133.111,0.8352,0.0
18.4749,0.0135707,133.994,0.848803,0.0
18.4862,0.0136951,134.694,0.847443,0.0
18.4694,0.014165,135.227,0.838941,0.0
18.4536,0.0138892,135.91,0.853564,0.0
18.457,0.0132607,133.911,0.83554,0.0
18.4544,0.0138895,135.01,0.838261,0.0
18.4789,0.013793,132.711,0.829759,0.0
18.4696,0.0137969,132.628,0.843022,0.0
18.4485,0.0133418,135.31,0.856284,0.0
18.4648,0.0135377,134.194,0.849143,0.0
18.4673,0.0136588,133.261,0.857644,0.0
18.4628,0.0137576,134.427,0.851863,0.0
18.452,0.0136215,135.427,0.847102,0.0
18.4467,0.013911,134.077,0.843362,0.0
18.4503,0.0137991,134.377,0.840301,0.0
18.4437,0.0141323,133.544,0.846082,0.0
18.4578,0.013467,134.677,0.843362,0.0
18.481,0.0136933,132.928,0.83418,0.0
18.4544,0.0138028,135.044,0.83554,0.0
18.437,0.0137245,133.678,0.846082,0.0
18.4384,0.0136536,133.844,0.845062,0.0
18.4388,0.0137294,135.41,0.860365,0.0
18.4507,0.0133898,134.827,0.823978,0.0
18.4527,0.0133084,133.994,0.824318,0.0
18.4416,0.0135567,134.011,0.860365,0.0
18.452,0.0135772,134.094,0.8352,0.0
18.4645,0.0140658,134.161,0.837241,0.0
18.4521,0.0140674,134.694,0.853904,0.0
18.4602,0.0135855,134.227,0.850843,0.0
18.4547,0.0137229,134.644,0.847783,0.0
18.4249,0.013708,134.894,0.849823,0.0
18.4354,0.0137563,134.394,0.83384,0.0
18.4366,0.0136861,134.044,0.840981,0.0
18.4325,0.0137057,134.894,0.822278,0.0
18.4615,0.0136734,134.094,0.83486,0.0
18.4565,0.013565,134.694,0.842001,0.0
18.4513,0.013295,134.594,0.851523,0.0
18.4643,0.013362,134.127,0.852203,0.0
18.4478,0.013662,135.843,0.849823,0.0
18.4556,0.0134442,135.327,0.83452,0.0
18.4759,0.0138488,134.461,0.847783,0.0
18.4579,0.0136115,134.294,0.8335,0.0
18.4513,0.0132764,133.778,0.839621,0.0
18.4705,0.0138145,134.061,0.823298,0.0
18.4693,0.013645,134.094,0.840301,0.0
18.4464,0.0136789,135.277,0.852884,0.0
18.4476,0.013529,134.244,0.843022,0.0
18.446,0.0135073,135.81,0.8352,0.0
18.4672,0.0136016,134.227,0.850163,0.0
18.481,0.0136951,134.844,0.862405,0.0
18.4629,0.0136747,134.494,0.845062,0.0
18.469,0.0137677,133.411,0.842342,0.0
18.4724,0.0137284,134.394,0.847102,0.0
18.4629,0.0135808,133.944,0.83214,0.0
18.4673,0.0134896,133.411,0.855604,0.0
18.4681,0.0136077,134.394,0.846762,0.0
18.4667,0.0137397,134.111,0.854244,0.0
18.4589,0.0137508,133.694,0.83588,0.0
18.4478,0.0141195,133.711,0.822958,0.0
18.4618,0.0139778,133.978,0.845742,0.0
18.4684,0.0137432,132.212,0.8369,0.0
18.4548,0.013668,134.644,0.847443,0.0
18.4639,0.0138606,133.578,0.850503,0.0
18.4659,0.0136739,134.227,0.856964,0.0
18.4431,0.0138617,134.277,0.844382,0.0
18.4662,0.0139254,134.711,0.8352,0.0
18.4768,0.0139248,133.761,0.843022,0.0
18.4472,0.0138956,134.261,0.8335,0.0
18.4515,0.0135702,134.694,0.858325,0.0
18.4545,0.0136488,133.761,0.841321,0.0
18.4515,0.0138118,133.678,0.848123,0.0
18.4569,0.0139854,133.361,0.841321,0.0
18.4727,0.0134845,135.893,0.844382,0.0
18.4829,0.013772,134.444,0.845402,0.0
18.4561,0.0136274,133.811,0.824318,0.0
18.4562,0.0135006,132.778,0.83588,0.0
18.46,0.0137977,134.327,0.843362,0.0
18.4445,0.013565,133.294,0.846422,0.0
18.4709,0.0131794,135.56,0.842342,0.0
18.4758,0.0132603,133.811,0.83622,0.0
18.4428,0.0137767,134.944,0.83452,0.0
18.4514,0.0138096,134.694,0.846762,0.0
18.4695,0.0135582,134.727,0.853904,0.0
18.4566,0.0137231,134.244,0.844042,0.0
18.4582,0.013565,134.394,0.829079,0.0
18.4765,0.0135582,134.094,0.838261,0.0
18.4496,0.0137555,133.211,0.853904,0.0
18.4192,0.0137646,133.161,0.860025,0.0
18.4592,0.0133904,134.877,0.847443,0.0
18.4939,0.0138746,134.727,0.843362,0.0
18.4613,0.0134236,134.027,0.83588,0.0
18.4457,0.0136332,135.06,0.844042,0.0
18.4749,0.0136914,135.81,0.856284,0.0
18.4887,0.0138065,135.394,0.83486,0.0
18.4636,0.0136882,133.411,0.840981,0.0
18.4604,0.0136418,133.195,0.822618,0.0
18.4809,0.0139218,134.161,0.8335,0.0
18.4784,0.014056,134.511,0.8369,0.0
18.4612,0.0134164,132.761,0.827719,0.0
18.455,0.0135799,134.277,0.848803,0.0
18.4513,0.0136472,134.377,0.857644,0.0
18.4329,0.0139526,133.878,0.839961,0.0
18.4309,0.0138256,133.344,0.842342,0.0
18.4614,0.0139794,133.594,0.849483,0.0
18.4684,0.0137922,133.244,0.83384,0.0
18.4553,0.0136301,133.561,0.824998,0.0
18.4707,0.0136993,134.944,0.83316,0.0
18.4764,0.0136333,134.511,0.842682,0.0
18.459,0.0138071,133.894,0.818877,0.0
18.4352,0.0136335,132.628,0.850843,0.0
18.4271,0.0135589,133.244,0.841661,0.0
18.4579,0.0133069,135.077,0.849143,0.0
18.4785,0.0135547,134.161,0.848123,0.0
18.466,0.0137684,134.027,0.846422,0.0
18.459,0.0137705,135.077,0.842001,0.0
18.4593,0.0137801,134.161,0.821598,0.0
18.4527,0.0136963,135.194,0.825338,0.0
18.4686,0.0136876,134.661,0.83316,0.0
18.4623,0.0137901,134.761,0.853564,0.0
18.4533,0.0138286,134.144,0.853224,0.0
18.4851,0.0136705,135.094,0.844042,0.0
18.4763,0.0139667,134.677,0.866146,0.0
18.4429,0.0134481,133.111,0.842342,0.0
18.4388,0.0134144,134.127,0.83418,0.0
18.4486,0.0136442,136.093,0.8369,0.0
18.4571,0.0134921,134.394,0.8335,0.0
18.4684,0.0138476,133.828,0.851523,0.0
18.4685,0.0137233,133.145,0.857644,0.0
18.4504,0.0137179,134.91,0.841321,0.0
18.4471,0.013388,133.928,0.856284,0.0
18.4638,0.0137037,135.544,0.83554,0.0
18.4619,0.013792,134.061,0.842342,0.0
18.4384,0.0139035,133.628,0.840641,0.0
18.4584,0.013571,133.678,0.848803,0.0
18.4798,0.013894,134.86,0.850843,0.0
18.4612,0.0138066,133.928,0.848123,0.0
18.4572,0.0134144,134.694,0.856624,0.0
18.4637,0.0137434,133.078,0.850843,0.0
18.4613,0.013787,134.161,0.843702,0.0
18.4674,0.0138319,134.277,0.822618,0.0
18.4649,0.0137471,134.827,0.870227,0.0
18.4592,0.0136251,135.027,0.852543,0.0
18.4413,0.0137241,134.311,0.854244,0.0
18.44,0.013563,135.943,0.856964,0.0
18.464,0.013361,133.844,0.8369,0.0
18.4571,0.0133444,135.444,0.861045,0.0
18.4391,0.0135731,133.778,0.857644,0.0
18.4378,0.0136667,133.911,0.857644,0.0
18.4367,0.0134655,135.494,0.842001,0.0
18.4318,0.0134013,133.544,0.83248,0.0
18.4508,0.0137481,134.944,0.878388,0.0
18.4716,0.01373,136.043,0.841321,0.0
18.4652,0.0133555,134.527,0.853904,0.0
18.4467,0.0137444,135.027,0.858665,0.0
18.4414,0.0140634,135.06,0.855264,0.0
18.4547,0.0135782,133.294,0.875668,0.0
18.4641,0.0139093,134.127,0.807315,0.0
18.4621,0.0138552,135.044,0.853564,0.0
18.4452,0.0137859,134.227,0.862065,0.0
18.4534,0.0136783,135.027,0.858325,0.0
18.4672,0.0140079,134.477,0.853564,0.0
18.4778,0.0133724,132.978,0.840981,0.0
18.4823,0.013491,134.027,0.862405,0.0
18.4718,0.0134476,133.794,0.843702,0.0
18.4497,0.0137365,134.294,0.859345,0.0
18.4403,0.0134274,135.094,0.858325,0.0
18.4779,0.013569,133.328,0.844722,0.0
18.471,0.0136208,133.844,0.863426,0.0
18.4554,0.013644,132.995,0.844722,0.0
18.4733,0.0134262,134.494,0.844042,0.0
18.4703,0.0136889,135.244,0.83588,0.0
18.46,0.0135774,133.478,0.816157,0.0
18.4441,0.0136562,133.678,0.846762,0.0
18.4412,0.0136231,135.16,0.842682,0.0
18.4483,0.0136404,133.778,0.8318,0.0
18.4585,0.0135104,133.628,0.844042,0.0
18.4613,0.0140642,134.261,0.848123,0.0
18.4522,0.0138261,135.127,0.844722,0.0
18.4579,0.0135619,134.061,0.845062,0.0
18.4768,0.0139796,134.244,0.858325,0.0
18.473,0.0140104,135.21,0.845062,0.0
18.4487,0.0138718,133.461,0.837581,0.0
18.4484,0.0134806,134.994,0.846422,0.0
18.4615,0.0136845,133.161,0.849483,0.0
18.4605,0.0135696,134.561,0.8318,0.0
18.458,0.0138146,134.161,0.831459,0.0
18.4544,0.0136837,134.327,0.848123,0.0
18.4542,0.0136003,131.995,0.857304,0.0
18.4516,0.013874,135.077,0.856964,0.0
18.46,0.0132993,134.111,0.817857,0.0
18.4607,0.0136444,133.594,0.854244,0.0
18.4514,0.0138278,133.778,0.850503,0.0
18.4545,0.0136415,133.178,0.851863,0.0
18.4716,0.0136884,134.761,0.859685,0.0
18.4717,0.0135805,133.128,0.864106,0.0
18.4335,0.013681,132.811,0.837241,0.0
18.4364,0.0135244,134.144,0.823638,0.0
18.4736,0.0136091,133.878,0.83622,0.0
18.4837,0.0134133,134.344,0.83554,0.0
18.4615,0.0139359,134.127,0.847783,0.0
18.4449,0.0136998,135.41,0.842342,0.0
18.4557,0.0137771,134.427,0.8352,0.0
18.466,0.0138139,136.31,0.828399,0.0
18.4514,0.0137969,134.061,0.842342,0.0
18.4588,0.0134976,132.328,0.848803,0.0
18.4722,0.013819,134.361,0.843702,0.0
18.4537,0.0134784,134.644,0.864106,0.0
18.4485,0.0134879,134.377,0.844382,0.0
18.4554,0.0135096,134.461,0.839281,0.0
18.4561,0.0137477,133.311,0.829759,0.0
18.4539,0.0134524,134.244,0.830439,0.0
18.4518,0.0137995,133.444,0.828739,0.0
18.4657,0.0136457,134.744,0.855264,0.0
18.4603,0.0137384,133.994,0.840641,0.0
18.4543,0.0134685,134.677,0.83214,0.0
18.468,0.0136438,134.844,0.827379,0.0
18.4583,0.0134841,135.11,0.824998,0.0
18.4625,0.0138681,135.06,0.847783,0.0
18.4806,0.0135171,135.144,0.842001,0.0
18.4518,0.0137732,134.627,0.852543,0.0
18.4532,0.0137336,134.577,0.847102,0.0
18.4859,0.013854,134.244,0.843022,0.0
18.4501,0.0135442,134.627,0.843362,0.0
18.4364,0.0136728,131.878,0.849483,0.0
18.4587,0.0137096,135.843,0.825678,0.0
18.4506,0.0136736,134.727,0.852543,0.0
18.4539,0.0134808,134.061,0.852203,0.0
18.4568,0.0131786,134.494,0.837241,0.0
18.4487,0.013637,135.843,0.830099,0.0
18.4547,0.0136769,134.777,0.843022,0.0
18.4547,0.0135135,133.794,0.838941,0.0
18.4581,0.0135749,134.877,0.844722,0.0
18.4586,0.0136402,134.81,0.83554,0.0
18.4482,0.0135813,133.178,0.826699,0.0
18.481,0.0135467,132.795,0.843022,0.0
18.4786,0.0136808,134.611,0.828739,0.0
18.4326,0.0137813,133.178,0.842682,0.0
18.4403,0.0136405,134.844,0.826699,0.0
18.4667,0.0136003,133.994,0.859685,0.0
18.4718,0.0138469,135.26,0.843022,0.0
18.4664,0.0137386,135.977,0.844722,0.0
18.4553,0.0136696,134.094,0.841661,0.0
18.4456,0.0135839,134.777,0.848463,0.0
18.4441,0.0134077,135.127,0.851183,0.0
18.4475,0.0136758,133.211,0.844722,0.0
18.4347,0.013886,134.061,0.844042,0.0
18.4462,0.013917,134.261,0.815476,0.0
18.4732,0.0136704,135.244,0.850163,0.0
18.4651,0.0138129,134.311,0.854924,0.0
18.4576,0.0137201,133.994,0.856624,0.0
18.4561,0.0139673,134.194,0.849143,0.0
18.4422,0.0135314,135.544,0.843022,0.0
18.4659,0.0135009,134.744,0.840301,0.0
18.4816,0.0138808,133.578,0.862745,0.0
18.4645,0.0138854,134.777,0.837921,0.0
18.4662,0.0138591,134.161,0.839281,0.0
18.4607,0.0137151,134.744,0.824318,0.0
18.4495,0.0137281,134.394,0.862745,0.0
18.4421,0.0138914,134.277,0.848463,0.0
18.4355,0.0137443,133.744,0.847102,0.0
18.4647,0.0136072,135.527,0.856624,0.0
18.4871,0.013853,134.944,0.826018,0.0
18.4659,0.0137411,133.028,0.83452,0.0
18.4556,0.0137117,134.677,0.860365,0.0
18.4795,0.0137549,134.994,0.845402,0.0
18.4704,0.0135733,132.595,0.846082,0.0
18.4552,0.0134631,134.81,0.840301,0.0
18.4617,0.0134897,134.311,0.837921,0.0
18.4664,0.0137361,135.194,0.830779,0.0
18.4696,0.0137483,134.644,0.851863,0.0
18.4787,0.0136995,134.327,0.8335,0.0
18.4849,0.0138918,134.194,0.863086,0.0
18.4588,0.0139303,134.677,0.844042,0.0
18.4533,0.013677,133.378,0.841321,0.0
18.4654,0.0139171,133.211,0.847102,0.0
18.4523,0.0137699,133.611,0.851523,0.0
18.4654,0.0134952,133.711,0.838941,0.0
18.4665,0.0139128,134.144,0.838941,0.0
18.4496,0.0138985,133.828,0.845062,0.0
18.4625,0.0139525,134.044,0.852884,0.0
18.4736,0.0134725,133.628,0.847102,0.0
18.4781,0.0139944,134.127,0.864446,0.0
18.4561,0.0135811,133.728,0.841321,0.0
18.4275,0.0136162,134.244,0.860705,0.0
18.4374,0.0136185,133.994,0.844042,0.0
18.444,0.0138795,134.327,0.857304,0.0
18.4482,0.0139065,134.744,0.854584,0.0
18.4577,0.013733,133.511,0.843702,0.0
18.46,0.0134111,133.111,0.846082,0.0
18.4578,0.0139094,133.494,0.841661,0.0
18.4651,0.0138956,133.961,0.841321,0.0
18.4733,0.0135761,134.061,0.839961,0.0
18.4621,0.0140497,134.544,0.845742,0.0
18.464,0.0134572,134.061,0.860025,0.0
18.4607,0.013472,134.694,0.855944,0.0
18.4376,0.0139586,135.077,0.848803,0.0
18.4536,0.0138822,135.96,0.845742,0.0
18.4631,0.0136655,135.177,0.829079,0.0
18.4605,0.0138554,132.745,0.842001,0.0
18.4813,0.0138292,134.361,0.847783,0.0
18.4814,0.0136363,134.477,0.83418,0.0
18.4664,0.0136309,134.927,0.848123,0.0
18.4574,0.0138775,135.027,0.842001,0.0
18.4705,0.0134827,135.044,0.83316,0.0
18.4695,0.0140012,133.461,0.868867,0.0
18.4371,0.0137685,132.561,0.846422,0.0
18.4386,0.0139828,135.86,0.845402,0.0
18.464,0.0138577,134.477,0.853564,0.0
18.4617,0.0136445,136.193,0.837241,0.0
18.4601,0.0135787,134.711,0.865466,0.0
18.4693,0.0135083,133.611,0.854584,0.0
18.4567,0.0135303,134.894,0.8335,0.0
18.459,0.0135988,133.678,0.850163,0.0
18.4689,0.0136035,134.91,0.820237,0.0
18.4664,0.0137825,134.394,0.83622,0.0
18.4703,0.0140211,134.194,0.8352,0.0
18.4552,0.0136658,134.177,0.842342,0.0
18.4289,0.0137035,134.261,0.847102,0.0
18.447,0.0137037,134.177,0.826018,0.0
18.477,0.0136143,134.91,0.846762,0.0
18.4627,0.0139572,135.31,0.845402,0.0
18.4501,0.013714,134.527,0.83554,0.0
18.4532,0.0138017,134.761,0.846422,0.0
18.4588,0.0136531,133.911,0.868527,0.0
18.4568,0.0139147,134.211,0.83248,0.0
18.4492,0.0139037,135.01,0.822278,0.0
18.4592,0.0137723,134.761,0.827719,0.0
18.4732,0.0136261,134.061,0.855264,0.0
18.475,0.0137452,134.627,0.853564,0.0
18.4609,0.0138603,134.561,0.83656,0.0
18.4284,0.0138026,133.744,0.843362,0.0
18.4261,0.0136525,134.96,0.83656,0.0
18.4684,0.0135309,135.194,0.848463,0.0
18.4871,0.0136898,133.611,0.823978,0.0
18.4558,0.0139208,135.31,0.851523,0.0
18.4329,0.013764,134.144,0.844722,0.0
18.4611,0.013728,133.294,0.842001,0.0
18.4761,0.0134245,134.194,0.8369,0.0
18.4517,0.0135011,134.794,0.821257,0.0
18.4397,0.0138272,134.494,0.83248,0.0
18.4516,0.013594,134.694,0.848803,0.0
18.4416,0.0136422,133.011,0.83452,0.0
18.4395,0.0137264,134.044,0.847443,0.0
18.4626,0.0136469,134.91,0.848123,0.0
18.4541,0.0133568,133.161,0.848463,0.0
18.4493,0.0135683,134.627,0.845062,0.0
18.4563,0.0138984,133.761,0.856624,0.0
18.4509,0.0138388,134.777,0.843362,0.0
18.4656,0.01404,133.294,0.83418,0.0
18.4572,0.0139095,134.044,0.824658,0.0
18.454,0.0138168,134.077,0.844382,0.0
18.4574,0.0136468,134.81,0.829079,0.0
18.4405,0.0135638,135.094,0.848123,0.0
18.4586,0.0136126,135.194,0.838601,0.0
18.4691,0.0134673,134.81,0.828059,0.0
18.4525,0.013596,134.827,0.853904,0.0
18.4698,0.0131258,133.444,0.848803,0.0
18.4898,0.0131942,134.727,0.850843,0.0
18.4692,0.0131829,133.711,0.8369,0.0
18.4512,0.0133922,131.562,0.840641,0.0
18.4596,0.0140315,134.777,0.846082,0.0
18.4504,0.0138721,134.111,0.823978,0.0
18.4371,0.0137515,133.844,0.860365,0.0
18.4662,0.0135545,135.044,0.852543,0.0
18.4784,0.0136583,134.661,0.826699,0.0
18.4703,0.0137316,134.86,0.83486,0.0
18.4764,0.01438,134.144,0.847783,0.0
18.4683,0.0138345,132.661,0.848803,0.0
18.4669,0.0134758,136.027,0.861045,0.0
18.4778,0.0138634,134.044,0.861385,0.0
18.4636,0.0137384,133.994,0.83214,0.0
18.4583,0.0136712,134.744,0.831459,0.0
18.4711,0.0138053,135.277,0.845062,0.0
18.4574,0.0139091,134.794,0.83316,0.0
18.4432,0.0134745,135.743,0.846762,0.0
18.4697,0.0137025,134.177,0.844382,0.0
18.4756,0.013397,134.477,0.855264,0.0
18.4568,0.0134698,133.444,0.83486,0.0
18.4591,0.0135925,133.394,0.859685,0.0
18.4512,0.0135343,133.778,0.817857,0.0
18.4411,0.0135578,134.377,0.868186,0.0
18.4581,0.0139593,133.744,0.827379,0.0
18.4709,0.0136309,134.427,0.859345,0.0
18.4511,0.013557,133.878,0.843362,0.0
18.4227,0.0137945,134.661,0.841321,0.0
18.4325,0.0136514,134.027,0.828059,0.0
18.456,0.0138254,133.811,0.83588,0.0
18.4715,0.0138483,135.594,0.855264,0.0
18.4701,0.0138125,134.394,0.8335,0.0
18.4613,0.0136631,133.394,0.860025,0.0
18.4466,0.0134471,135.244,0.867166,0.0
18.4357,0.0135861,133.811,0.826699,0.0
18.4398,0.0136445,133.611,0.844042,0.0
18.4572,0.0133998,134.177,0.8369,0.0
18.4653,0.0137731,134.761,0.840981,0.0
18.4571,0.0141355,135.127,0.853224,0.0
18.4631,0.0138412,134.761,0.850843,0.0
18.4673,0.0137415,132.561,0.862745,0.0
18.461,0.013946,134.044,0.846762,0.0
18.4769,0.0139687,133.078,0.842342,0.0
18.4711,0.0138415,133.778,0.841321,0.0
18.4395,0.0135019,134.211,0.843702,0.0
18.4621,0.0134886,134.227,0.817517,0.0
18.4844,0.0138636,133.178,0.825678,0.0
18.4686,0.0138885,134.611,0.828399,0.0
18.4669,0.0133948,133.744,0.842001,0.0
18.4597,0.0136911,133.728,0.842001,0.0
18.4461,0.0135836,135.444,0.853904,0.0
18.4733,0.0135784,134.427,0.824998,0.0
18.4709,0.0138136,134.277,0.854924,0.0
18.4578,0.0137325,134.427,0.83588,0.0
18.473,0.0133478,134.627,0.83418,0.0
18.4621,0.013334,133.928,0.831119,0.0
18.449,0.0135813,134.327,0.828059,0.0
18.4685,0.0139519,134.244,0.821938,0.0
18.4747,0.0136455,134.144,0.866146,0.0
18.4582,0.0137088,134.594,0.849823,0.0
18.4486,0.0134653,134.361,0.83214,0.0
18.4701,0.0137873,134.377,0.820237,0.0
18.4757,0.0139973,134.427,0.831459,0.0
18.4447,0.0137972,133.561,0.874308,0.0
18.4332,0.0138267,135.01,0.825678,0.0
18.465,0.0140693,134.411,0.842682,0.0
18.4806,0.013524,136.077,0.844722,0.0
18.4749,0.0135862,133.411,0.848123,0.0
18.4592,0.0137784,135.36,0.843702,0.0
18.4508,0.0138313,134.277,0.824318,0.0
18.4455,0.0140907,135.144,0.8318,0.0
18.4465,0.0138215,133.344,0.845402,0.0
18.4649,0.0136078,135.594,0.851863,0.0
18.4628,0.0136953,137.343,0.83316,0.0
18.4505,0.0136309,132.245,0.83248,0.0
18.446,0.0134957,133.728,0.845402,0.0
18.4576,0.0135298,134.661,0.814116,0.0
18.4681,0.0139283,134.81,0.851183,0.0
18.4562,0.0135779,134.794,0.826699,0.0
18.4522,0.013839,133.494,0.841661,0.0
18.4486,0.0135465,133.678,0.837921,0.0
18.443,0.013844,134.261,0.827719,0.0
18.4464,0.0137563,134.044,0.852543,0.0
18.4486,0.0136192,134.327,0.862745,0.0
18.4596,0.0137934,135.46,0.846082,0.0
18.4655,0.0138705,134.377,0.830099,0.0
18.4427,0.0136401,133.478,0.847102,0.0
18.4388,0.0135387,133.578,0.848463,0.0
18.4646,0.0134842,135.494,0.842342,0.0
18.4609,0.0136177,134.227,0.83656,0.0
18.4398,0.0134257,135.643,0.845742,0.0
18.4442,0.0136861,135.677,0.856284,0.0
18.4768,0.0136251,133.628,0.83418,0.0
18.4835,0.0132651,133.128,0.847783,0.0
18.4538,0.013917,134.827,0.855264,0.0
18.4499,0.0135932,132.795,0.873287,0.0
18.4587,0.0138286,133.844,0.862745,0.0
18.4334,0.0136654,133.228,0.83656,0.0
18.4466,0.0137468,134.361,0.854244,0.0
18.469,0.0136069,133.028,0.845742,0.0
18.4416,0.0142115,135.027,0.846422,0.0
18.4356,0.0140313,135.76,0.845742,0.0
18.4495,0.0135532,134.144,0.83384,0.0
18.4532,0.0136846,133.378,0.849143,0.0
18.463,0.0135804,134.261,0.854584,0.0
18.4701,0.0135309,134.777,0.863766,0.0
18.4719,0.0139167,133.761,0.863766,0.0
18.4755,0.0138072,133.628,0.83588,0.0
18.4461,0.0140596,134.194,0.830439,0.0
18.4427,0.0138355,135.194,0.831119,0.0
18.4621,0.0138868,134.427,0.872947,0.0
18.4623,0.0135979,133.261,0.839621,0.0
18.4546,0.0136747,133.828,0.823978,0.0
18.4473,0.0133723,135.26,0.842342,0.0
18.4446,0.0135165,133.961,0.848463,0.0
18.4575,0.0136331,133.778,0.83656,0.0
18.4713,0.0136643,135.127,0.810035,0.0
18.4716,0.0135264,133.911,0.845062,0.0
18.4519,0.0137738,134.361,0.859005,0.0
18.4609,0.0137631,134.661,0.828399,0.0
18.4813,0.0134249,133.678,0.846082,0.0
18.4466,0.0132373,133.461,0.83248,0.0
18.4227,0.0137185,133.128,0.851863,0.0
18.4567,0.0137631,135.194,0.844722,0.0
18.4596,0.0138218,133.811,0.851183,0.0
18.4611,0.0141333,134.277,0.843702,0.0
18.4782,0.0133289,133.411,0.850503,0.0
18.4424,0.013436,133.544,0.849823,0.0
18.4285,0.0138495,134.427,0.837921,0.0
18.4615,0.0136291,134.81,0.845062,0.0
18.4728,0.013676,132.978,0.845402,0.0
18.4713,0.0135918,135.377,0.839961,0.0
18.4743,0.0140474,136.227,0.827379,0.0
18.4763,0.0137468,134.827,0.842001,0.0
18.4589,0.013654,134.561,0.83622,0.0
18.4342,0.0139903,132.978,0.83248,0.0
18.4553,0.0137686,134.611,0.855944,0.0
18.4688,0.0137563,134.027,0.856624,0.0
18.4438,0.013699,134.761,0.842682,0.0
18.4404,0.0136507,133.061,0.8369,0.0
18.4547,0.0137109,134.877,0.845062,0.0
18.4574,0.0137157,134.161,0.858325,0.0
18.4472,0.0133821,134.494,0.839961,0.0
18.4611,0.0135694,133.061,0.819897,0.0
18.4649,0.013326,133.628,0.854924,0.0
18.4464,0.0137312,134.061,0.838941,0.0
18.4522,0.0135527,135.427,0.841661,0.0
18.4509,0.0137025,133.095,0.842001,0.0
18.4491,0.0141928,134.611,0.825338,0.0
18.4608,0.0134611,133.344,0.842001,0.0
18.4435,0.0138472,133.095,0.83486,0.0
18.4514,0.0136361,135.027,0.861725,0.0
18.4739,0.0135506,135.41,0.870907,0.0
18.4499,0.0136302,134.894,0.861045,0.0
18.445,0.0134553,135.027,0.843362,0.0
18.4737,0.0132477,135.344,0.851863,0.0
18.4778,0.0136887,132.511,0.83418,0.0
18.4446,0.0137877,133.494,0.841661,0.0
18.4496,0.0136575,135.793,0.819217,0.0
18.4723,0.0135824,134.677,0.838601,0.0
18.4829,0.0139801,135.16,0.853564,0.0
18.4884,0.0137873,133.378,0.846082,0.0
18.4595,0.0134183,135.46,0.845742,0.0
18.4432,0.0135532,135.643,0.841661,0.0
18.4525,0.013868,134.411,0.841321,0.0
18.4455,0.0135354,134.944,0.849143,0.0
18.4537,0.0138753,134.594,0.838941,0.0
18.4815,0.0133522,134.411,0.857304,0.0
18.479,0.0139987,133.694,0.829759,0.0
18.4608,0.0139898,135.377,0.813096,0.0
18.4693,0.0135565,133.494,0.852884,0.0
18.4925,0.0135395,133.861,0.852203,0.0
18.4713,0.013522,133.794,0.846082,0.0
18.4494,0.013643,134.794,0.840981,0.0
18.4693,0.0138327,134.427,0.837241,0.0
18.4749,0.0137997,135.344,0.847783,0.0
18.4556,0.0135578,133.744,0.849483,0.0
18.4624,0.0135537,134.577,0.852203,0.0
18.4919,0.0133992,133.661,0.845402,0.0
18.4782,0.0136926,134.81,0.820917,0.0
18.4547,0.0135137,135.144,0.860365,0.0
18.4647,0.0135438,135.51,0.828399,0.0
18.4614,0.0138685,136.127,0.839961,0.0
18.4496,0.0137974,135.077,0.861045,0.0
18.4618,0.0136002,133.694,0.838941,0.0
18.4716,0.0134066,133.711,0.831459,0.0
18.4527,0.0132238,134.061,0.844382,0.0
18.4579,0.0137609,133.744,0.846082,0.0
18.4887,0.0137154,135.777,0.855264,0.0
18.491,0.0131437,133.861,0.854244,0.0
18.4558,0.0136671,132.028,0.849483,0.0
18.4305,0.013647,134.627,0.843362,0.0
18.4593,0.0136246,135.227,0.851523,0.0
18.4713,0.0135752,134.227,0.847443,0.0
18.4583,0.0140061,134.91,0.870227,0.0
18.4587,0.013671,135.027,0.849143,0.0
18.4558,0.0138546,134.211,0.840981,0.0
18.4642,0.0136047,133.844,0.837241,0.0
18.4674,0.0138868,135.06,0.837581,0.0
18.4403,0.0135131,133.494,0.817177,0.0
18.4415,0.0136507,134.261,0.83622,0.0
18.4637,0.0137841,134.227,0.846762,0.0
18.4477,0.0139194,134.061,0.843702,0.0
18.4308,0.0138417,132.995,0.849823,0.0
18.4673,0.0138178,134.761,0.859685,0.0
18.4749,0.0137744,133.861,0.859005,0.0
18.4625,0.0136984,134.161,0.845742,0.0
18.4746,0.0133062,135.027,0.857985,0.0
18.4608,0.0139084,135.577,0.844722,0.0
18.4476,0.0135998,133.828,0.841321,0.0
18.4503,0.013771,133.211,0.843022,0.0
18.4566,0.0137066,135.177,0.830779,0.0
18.459,0.0133423,134.444,0.845402,0.0
18.4441,0.0136871,133.944,0.843702,0.0
18.4416,0.0137784,133.794,0.853224,0.0
18.4631,0.0138872,134.544,0.818197,0.0
18.4696,0.0138452,133.694,0.842001,0.0
18.4463,0.0139813,133.361,0.830779,0.0
18.465,0.0138255,133.661,0.846082,0.0
18.4827,0.0141063,133.944,0.838601,0.0
18.4521,0.013688,134.977,0.846422,0.0
18.455,0.0137634,133.444,0.844042,0.0
18.4649,0.0135676,135.377,0.845742,0.0
18.4429,0.0134737,135.544,0.842682,0.0
18.4506,0.0135423,134.327,0.850163,0.0
18.465,0.0135992,134.044,0.839281,0.0
18.4553,0.0141049,134.994,0.83588,0.0
18.4596,0.0138353,132.095,0.855264,0.0
18.4472,0.0136793,134.86,0.881109,0.0
18.4479,0.0138977,135.194,0.838261,0.0
18.4721,0.0137289,133.711,0.83282,0.0
18.4565,0.0132286,135.194,0.838261,0.0
18.4411,0.0137474,133.711,0.855264,0.0
18.4602,0.0139955,134.81,0.852203,0.0
18.4641,0.0134248,134.677,0.8369,0.0
18.4597,0.0134794,134.894,0.844382,0.0
18.4776,0.0135453,135.31,0.83588,0.0
18.4729,0.0138331,133.928,0.849823,0.0
18.4474,0.0134651,134.477,0.844042,0.0
18.4685,0.0136833,134.261,0.845742,0.0
18.4816,0.0139849,133.511,0.837921,0.0
18.4508,0.0142277,135.21,0.866486,0.0
18.4425,0.0139027,132.928,0.839961,0.0
18.4619,0.0136112,134.411,0.851523,0.0
18.4465,0.0135205,133.611,0.83588,0.0
18.4344,0.013986,133.794,0.878048,0.0
18.4553,0.0143413,135.027,0.846082,0.0
18.4677,0.0140195,134.344,0.845062,0.0
18.4638,0.0137707,134.027,0.842001,0.0
18.4701,0.013941,135.244,0.845742,0.0
18.466,0.0135532,132.945,0.839281,0.0
18.4548,0.0137058,133.778,0.846422,0.0
18.4566,0.0133086,134.327,0.827379,0.0
18.4514,0.013661,135.494,0.837241,0.0
18.4454,0.0134956,136.043,0.823978,0.0
18.4573,0.0133372,133.544,0.828399,0.0
18.4425,0.0136775,134.411,0.837581,0.0
18.4576,0.0137911,134.377,0.852884,0.0
18.4654,0.0136225,134.211,0.849143,0.0
18.4238,0.0135541,133.911,0.845402,0.0
18.4383,0.0137758,133.878,0.821938,0.0
18.4795,0.0138207,133.511,0.820237,0.0
18.4658,0.0138022,133.095,0.843362,0.0
18.451,0.0138595,133.594,0.853564,0.0
18.4637,0.0137002,135.01,0.851523,0.0
18.4658,0.0135687,134.177,0.858325,0.0
18.477,0.0137088,134.527,0.862745,0.0
18.4915,0.0136903,134.927,0.827719,0.0
18.4746,0.013976,134.644,0.8352,0.0
18.4475,0.0136587,134.91,0.859005,0.0
18.4547,0.0134055,134.427,0.837921,0.0
18.4697,0.0133125,133.361,0.843702,0.0
18.4779,0.0137924,135.494,0.861385,0.0
18.4724,0.0140538,133.628,0.875668,0.0
18.4524,0.013397,134.294,0.83622,0.0
18.4523,0.0135728,134.411,0.842342,0.0
18.4576,0.0134485,134.427,0.831459,0.0
18.4611,0.0136777,133.178,0.830779,0.0
18.4786,0.0138166,133.478,0.851523,0.0
18.469,0.0137373,134.727,0.854244,0.0
18.4563,0.0134254,134.394,0.840981,0.0
18.4619,0.0135501,133.844,0.830779,0.0
18.4549,0.0138177,133.978,0.855264,0.0
18.4459,0.0138711,135.027,0.843702,0.0
18.4624,0.0139864,134.844,0.83316,0.0
18.4755,0.01376,134.194,0.848123,0.0
18.448,0.0138833,134.527,0.850843,0.0
18.4348,0.013797,134.827,0.823978,0.0
18.4501,0.013691,134.444,0.840641,0.0
18.4661,0.0134119,134.977,0.824318,0.0
18.4643,0.0139078,134.144,0.860705,0.0
18.4475,0.0137389,133.061,0.828739,0.0
18.4454,0.0135613,134.161,0.845742,0.0
18.4395,0.0135109,133.544,0.837921,0.0
18.4411,0.0135766,134.011,0.854924,0.0
18.4578,0.0136906,134.794,0.860365,0.0
18.4557,0.0134784,133.478,0.855604,0.0
18.451,0.0135656,135.044,0.854924,0.0
18.4565,0.0137902,132.845,0.860365,0.0
18.4536,0.0137797,134.227,0.851183,0.0
18.4679,0.0135115,134.494,0.853564,0.0
18.4646,0.0135167,135.56,0.865466,0.0
18.455,0.0134709,133.628,0.830779,0.0
18.4448,0.0138336,134.194,0.846082,0.0
18.4392,0.0139254,133.894,0.845402,0.0
18.4832,0.0136438,134.794,0.848803,0.0
18.5046,0.0137054,133.878,0.839961,0.0
18.4728,0.0135613,135.727,0.852884,0.0
18.461,0.0136057,134.211,0.847783,0.0
18.4621,0.0133553,133.394,0.849483,0.0
18.458,0.0133542,135.877,0.861045,0.0
18.4596,0.013469,133.511,0.83554,0.0
18.4605,0.0137971,133.228,0.826018,0.0
18.4707,0.0134199,135.277,0.839961,0.0
18.4721,0.0136427,134.477,0.850843,0.0
18.4574,0.0135902,134.011,0.850163,0.0
18.4558,0.0137375,135.577,0.856624,0.0
18.4503,0.0135118,133.944,0.83214,0.0
18.4432,0.0138729,134.511,0.844042,0.0
18.4673,0.01373,132.978,0.816497,0.0
18.4735,0.0137451,134.927,0.853564,0.0
18.4639,0.0137442,134.311,0.878048,0.0
18.4725,0.0135404,134.794,0.844382,0.0
18.4808,0.0136071,136.243,0.844722,0.0
18.4691,0.0138927,134.594,0.852884,0.0
18.4486,0.0138414,133.944,0.858665,0.0
18.462,0.0136193,133.761,0.837241,0.0
18.4666,0.0140176,133.878,0.828399,0.0
18.4698,0.0132046,134.511,0.848463,0.0
18.4837,0.013778,134.744,0.855264,0.0
18.4732,0.0137898,133.444,0.840301,0.0
18.4693,0.0137376,134.161,0.83384,0.0
18.4612,0.0137306,133.061,0.841661,0.0
18.4492,0.013366,134.477,0.849823,0.0
18.4593,0.0135947,134.611,0.8352,0.0
18.4523,0.0136649,132.811,0.864446,0.0
18.4587,0.0135766,134.427,0.845402,0.0
18.4698,0.0142547,134.444,0.830439,0.0
18.4634,0.013829,134.344,0.828059,0.0
18.4661,0.0139492,135.693,0.815476,0.0
18.4693,0.0137402,133.811,0.819557,0.0
18.451,0.0137379,136.343,0.859685,0.0
18.4507,0.0139582,133.861,0.851183,0.0
18.4503,0.0142154,133.544,0.852884,0.0
18.4437,0.0136955,134.394,0.854244,0.0
18.4544,0.0138518,134.96,0.851183,0.0
18.4579,0.0138308,133.694,0.852543,0.0
18.4501,0.0137195,134.86,0.870227,0.0
18.4547,0.0136622,134.944,0.851183,0.0
18.4601,0.0136077,133.844,0.866826,0.0
18.4426,0.0136738,133.961,0.842682,0.0
18.4346,0.0134125,133.894,0.841661,0.0
18.4448,0.0134954,133.778,0.840981,0.0
18.4502,0.0137585,135.927,0.850843,0.0
18.4715,0.0137531,133.611,0.846762,0.0
18.4915,0.0137574,133.344,0.83452,0.0
18.4771,0.0137069,133.794,0.856284,0.0
18.4682,0.0133878,133.244,0.872607,0.0
18.4601,0.0135336,133.278,0.851523,0.0
18.4425,0.0137579,134.044,0.814796,0.0
18.4628,0.0137241,132.861,0.842682,0.0
18.4842,0.0134171,135.227,0.853564,0.0
18.458,0.0135525,133.928,0.866146,0.0
18.4387,0.0137074,134.394,0.856964,0.0
18.4502,0.0138068,132.928,0.827039,0.0
18.4429,0.0135656,133.744,0.839961,0.0
18.4499,0.0138781,133.261,0.838261,0.0
18.4569,0.0135831,133.344,0.841321,0.0
18.4482,0.013783,135.71,0.851523,0.0
18.4613,0.0137048,135.294,0.860705,0.0
18.4674,0.013559,134.86,0.849143,0.0
18.4584,0.0136955,133.328,0.838261,0.0
18.4756,0.0137347,134.177,0.8335,0.0
18.4738,0.0139682,134.177,0.862745,0.0
18.4613,0.0136924,133.428,0.83588,0.0
18.4735,0.0139015,133.661,0.862745,0.0
18.4705,0.0136922,134.661,0.869207,0.0
18.4799,0.0137993,134.794,0.843362,0.0
18.4891,0.0137188,133.878,0.857644,0.0
18.4648,0.0136095,134.561,0.848463,0.0
18.4586,0.0139132,134.544,0.840981,0.0
18.4742,0.0137091,135.66,0.854584,0.0
18.4627,0.0134063,135.294,0.83316,0.0
18.4591,0.0138663,136.077,0.818197,0.0
18.4607,0.0136994,132.845,0.868186,0.0
18.4427,0.0133407,133.811,0.824658,0.0
18.4516,0.0137677,133.778,0.840641,0.0
18.4456,0.0138441,133.511,0.83418,0.0
18.4402,0.013665,134.744,0.843702,0.0
18.4672,0.0137162,134.677,0.847783,0.0
18.464,0.0138748,134.494,0.860025,0.0
18.4607,0.013776,132.678,0.83486,0.0
18.4613,0.0137819,134.694,0.838941,0.0
18.4491,0.0137429,133.644,0.851863,0.0
18.4728,0.0136584,135.227,0.841321,0.0
18.4805,0.0138665,135.194,0.840981,0.0
18.4468,0.0134485,133.628,0.83486,0.0
18.4623,0.013532,134.344,0.822278,0.0
18.489,0.0135108,135.41,0.837581,0.0
18.4775,0.0138133,134.377,0.849483,0.0
18.4587,0.0135822,134.644,0.844042,0.0
18.4548,0.0137552,134.311,0.857304,0.0
18.4682,0.0136944,134.644,0.851523,0.0
18.4721,0.0143164,134.827,0.849143,0.0
18.4582,0.0139631,133.878,0.850843,0.0
18.448,0.0139755,134.944,0.861045,0.0
18.4719,0.0139735,134.644,0.855604,0.0
18.4682,0.0135829,135.094,0.840301,0.0
18.4439,0.0137574,135.51,0.847783,0.0
18.4678,0.0137753,134.394,0.8318,0.0
18.4635,0.0139255,133.878,0.843702,0.0
18.4589,0.0136704,133.911,0.842682,0.0
18.4645,0.0139837,134.011,0.849483,0.0
18.4777,0.013616,135.36,0.828739,0.0
18.5108,0.013709,133.561,0.847443,0.0
18.5004,0.0138055,133.961,0.856964,0.0
18.4771,0.0135534,133.028,0.843702,0.0
18.4663,0.0138031,134.644,0.826358,0.0
18.4523,0.0137498,134.511,0.849483,0.0
18.4519,0.0135069,134.094,0.848123,0.0
18.4701,0.0138371,134.777,0.837921,0.0
18.4717,0.013368,135.394,0.845742,0.0
18.4634,0.014165,134.477,0.83656,0.0
18.461,0.0135893,135.044,0.851863,0.0
18.449,0.0133669,133.161,0.854244,0.0
18.4476,0.013203,135.427,0.860025,0.0
18.4638,0.0137433,135.11,0.839621,0.0
18.4737,0.0140164,134.377,0.869547,0.0
18.4722,0.0132516,134.294,0.853564,0.0
18.4778,0.013901,135.377,0.83656,0.0
18.4559,0.0136555,133.911,0.873287,0.0
18.459,0.0133884,135.01,0.855944,0.0
18.4833,0.0133863,132.645,0.850843,0.0
18.4765,0.0135857,135.01,0.849483,0.0
18.4847,0.0140668,134.594,0.839281,0.0
18.4829,0.0137255,135.144,0.849143,0.0
18.4679,0.0135322,134.194,0.862745,0.0
18.4666,0.0138899,133.578,0.839281,0.0
18.4681,0.013164,134.81,0.83554,0.0
18.4625,0.0133537,135.594,0.870907,0.0
18.4442,0.0136109,133.444,0.843362,0.0
18.4431,0.0136323,136.626,0.83452,0.0
18.4496,0.0136152,133.678,0.839961,0.0
18.4526,0.0138286,134.611,0.850163,0.0
18.4624,0.0139358,133.894,0.859685,0.0
18.4597,0.0137994,133.494,0.852884,0.0
18.4626,0.0141238,133.411,0.826699,0.0
18.4591,0.0136625,134.777,0.851183,0.0
18.4531,0.0138952,133.511,0.83622,0.0
18.4589,0.0139887,134.727,0.857304,0.0
18.4549,0.0135058,134.294,0.861045,0.0
18.4613,0.0138244,134.611,0.860365,0.0
18.4726,0.0138142,133.195,0.840981,0.0
18.4568,0.0135457,135.677,0.839281,0.0
18.4455,0.0136837,133.978,0.839961,0.0
18.4662,0.0138962,135.01,0.83486,0.0
18.4761,0.0138612,134.561,0.840641,0.0
18.4745,0.0138676,134.794,0.8369,0.0
18.4757,0.0138969,134.544,0.846422,0.0
18.4508,0.0138412,133.411,0.860025,0.0
18.437,0.0138529,133.844,0.870907,0.0
18.4619,0.0135445,134.194,0.859685,0.0
18.4683,0.0136152,134.561,0.838941,0.0
18.459,0.0135586,134.91,0.837581,0.0
18.4631,0.0139882,134.994,0.8352,0.0
18.434,0.0136241,133.561,0.848803,0.0
18.439,0.0138169,134.411,0.862065,0.0
18.4592,0.0135879,134.944,0.850843,0.0
18.4607,0.0136029,135.86,0.853224,0.0
18.4776,0.0133431,131.545,0.849823,0.0
18.4787,0.0134977,135.21,0.821257,0.0
18.4745,0.0139822,134.161,0.865466,0.0
18.4781,0.0139459,134.611,0.847443,0.0
18.4714,0.0134925,134.611,0.831459,0.0
18.458,0.0133463,134.261,0.831459,0.0
18.4665,0.0139063,134.661,0.842342,0.0
18.4754,0.0136373,134.594,0.83452,0.0
18.4486,0.0140465,135.927,0.853904,0.0
18.422,0.0137096,133.145,0.839281,0.0
18.4475,0.0136312,134.594,0.858665,0.0
18.4763,0.0136979,132.711,0.810715,0.0
18.453,0.0136619,133.661,0.825338,0.0
18.4347,0.0136272,135.227,0.844382,0.0
18.4659,0.0133178,133.145,0.842001,0.0
18.4677,0.0136474,135.743,0.846762,0.0
18.4531,0.0134641,134.594,0.83486,0.0
18.4537,0.0138291,134.594,0.851183,0.0
18.4501,0.0136396,134.527,0.850163,0.0
18.4579,0.0136708,132.395,0.840301,0.0
18.4632,0.0136006,134.261,0.859685,0.0
18.4572,0.0136328,134.577,0.815816,0.0
18.4478,0.0136042,133.161,0.816157,0.0
18.4391,0.0135194,136.443,0.868186,0.0
18.4571,0.0136968,134.494,0.83486,0.0
18.4688,0.01358,134.194,0.839961,0.0
18.4581,0.013565,134.094,0.844382,0.0
18.4544,0.0134982,134.544,0.859005,0.0
18.4448,0.0136141,133.261,0.849143,0.0
18.4412,0.0137936,134.777,0.83418,0.0
18.4499,0.013929,134.211,0.83554,0.0
18.4687,0.0138007,134.711,0.837921,0.0
18.4747,0.0136647,133.878,0.830779,0.0
18.47,0.0136726,134.627,0.850163,0.0
18.4588,0.0137019,134.81,0.830779,0.0
18.4511,0.0135551,135.444,0.8369,0.0
18.4647,0.0137938,134.194,0.829759,0.0
18.4629,0.0134747,134.927,0.841321,0.0
18.4516,0.0135212,135.727,0.83622,0.0
18.4605,0.013752,133.728,0.849483,0.0
18.4438,0.0134888,134.744,0.859005,0.0
18.4264,0.0137331,133.694,0.83656,0.0
18.4514,0.0139605,133.878,0.854244,0.0
18.4663,0.0135997,133.378,0.852203,0.0
18.4578,0.0138962,133.095,0.854244,0.0
18.441,0.0136296,133.278,0.819217,0.0
18.4347,0.0133257,133.311,0.862745,0.0
18.458,0.0134727,133.411,0.857985,0.0
18.4707,0.0138415,134.761,0.860705,0.0
18.4518,0.0136774,135.344,0.854924,0.0
18.4592,0.0136261,134.444,0.83384,0.0
18.4851,0.0138191,135.86,0.847102,0.0
18.4747,0.0135953,134.327,0.852884,0.0
18.4533,0.0135933,134.494,0.827039,0.0
18.4593,0.0136876,134.444,0.837921,0.0
18.46,0.0134928,135.66,0.841321,0.0
18.4423,0.013512,132.811,0.845062,0.0
18.453,0.0138175,135.16,0.861045,0.0
18.4806,0.0136522,133.994,0.870227,0.0
18.4526,0.0135815,133.128,0.840981,0.0
18.4301,0.0139609,133.211,0.821257,0.0
18.4477,0.0136942,134.527,0.83282,0.0
18.4563,0.013465,133.211,0.861385,0.0
18.4551,0.0137867,133.911,0.837241,0.0
18.4517,0.0136708,134.744,0.841661,0.0
18.4571,0.0134718,132.995,0.828399,0.0
18.4578,0.0135061,135.16,0.846422,0.0
18.4393,0.0136084,134.344,0.840981,0.0
18.4609,0.0136333,134.294,0.850163,0.0
18.4766,0.0135253,135.21,0.8318,0.0
18.4561,0.0135237,134.761,0.848463,0.0
18.4523,0.0137503,135.927,0.843702,0.0
18.4806,0.0134313,133.195,0.847102,0.0
18.4822,0.0132428,132.961,0.856964,0.0
18.4595,0.0136217,132.628,0.860365,0.0
18.4428,0.0138766,135.394,0.847443,0.0
18.4513,0.0135885,134.561,0.846422,0.0
18.4549,0.0136156,134.794,0.844042,0.0
18.4487,0.0135871,134.211,0.850843,0.0
18.4451,0.0137336,133.728,0.849483,0.0
18.4587,0.0136808,134.477,0.823978,0.0
18.4721,0.0132865,134.527,0.815476,0.0
18.4516,0.0135085,133.661,0.837921,0.0
18.4542,0.0137105,134.794,0.821938,0.0
18.4748,0.0138029,134.511,0.845742,0.0
18.4555,0.0135867,133.511,0.844382,0.0
18.4511,0.0135448,134.577,0.83656,0.0
18.463,0.0138478,132.945,0.857985,0.0
18.4704,0.0136967,134.277,0.83486,0.0
18.4692,0.0137135,134.361,0.826699,0.0
18.4472,0.0136776,134.294,0.858325,0.0
18.4636,0.013804,133.828,0.859345,0.0
18.4657,0.0134279,133.844,0.850163,0.0
18.4309,0.0139086,132.811,0.83622,0.0
18.4501,0.0138353,135.127,0.83316,0.0
18.4737,0.0134935,132.878,0.852203,0.0
18.463,0.0138259,135.477,0.854244,0.0
18.4545,0.0142027,133.661,0.839281,0.0
18.4439,0.0137939,133.878,0.83656,0.0
18.4537,0.0134948,134.261,0.83452,0.0
18.4707,0.0134608,134.211,0.846082,0.0
18.4586,0.0138557,133.894,0.821598,0.0
18.4415,0.0133963,134.844,0.864786,0.0
18.4707,0.0136673,135.66,0.831119,0.0
18.4944,0.0136852,133.861,0.847443,0.0
18.467,0.0140343,133.994,0.857644,0.0
18.4533,0.0138473,134.611,0.865466,0.0
18.4797,0.0139092,134.711,0.853904,0.0
18.4711,0.0137267,134.044,0.83316,0.0
18.448,0.0136201,134.494,0.859345,0.0
18.4722,0.0137376,133.644,0.845062,0.0
18.4934,0.0136298,134.194,0.844042,0.0
18.4804,0.0135329,136.093,0.83316,0.0
18.4866,0.0137763,133.528,0.856284,0.0
18.4765,0.013937,134.194,0.847443,0.0
18.4557,0.0136734,133.728,0.842682,0.0
18.4769,0.0138029,133.911,0.852203,0.0
18.4774,0.0140029,136.043,0.839621,0.0
18.4445,0.0136827,135.527,0.83622,0.0
18.4626,0.0138311,133.761,0.842001,0.0
18.4884,0.013829,134.661,0.854924,0.0
18.4583,0.0132205,133.261,0.830779,0.0
18.444,0.0138954,135.377,0.841661,0.0
18.4525,0.0140271,134.494,0.843022,0.0
18.4509,0.0135459,132.495,0.848123,0.0
18.4432,0.013868,133.744,0.827379,0.0
18.4414,0.0135363,134.194,0.865806,0.0
18.4584,0.0138195,132.961,0.830779,0.0
18.478,0.0139044,135.977,0.848803,0.0
18.4666,0.0135975,133.111,0.843702,0.0
18.4396,0.0142067,133.561,0.838601,0.0
18.4347,0.0138884,132.062,0.868186,0.0
18.4382,0.013558,134.177,0.828059,0.0
18.4643,0.0135595,134.844,0.847443,0.0
18.4698,0.0137724,134.361,0.854584,0.0
18.455,0.0135788,134.544,0.856964,0.0
18.4492,0.0139776,135.41,0.83656,0.0
18.443,0.0138438,134.294,0.827719,0.0
18.4677,0.0136867,134.044,0.842001,0.0
18.4837,0.0138551,132.578,0.847783,0.0
18.4412,0.0137879,134.244,0.83452,0.0
18.4368,0.0138525,133.728,0.850843,0.0
18.4575,0.013709,134.727,0.850503,0.0
18.456,0.0138498,135.427,0.830099,0.0
18.4774,0.0136102,133.261,0.853904,0.0
18.4793,0.0139174,134.444,0.83486,0.0
18.4595,0.0140845,134.827,0.83622,0.0
18.4575,0.0136845,132.978,0.847443,0.0
18.4601,0.0136776,134.427,0.859005,0.0
18.451,0.0138182,133.711,0.817517,0.0
18.4508,0.0134897,135.027,0.862405,0.0
18.4577,0.0134542,133.611,0.840301,0.0
18.4521,0.0135305,133.411,0.83452,0.0
18.4599,0.0133564,135.577,0.844722,0.0
18.4735,0.0137915,135.144,0.849143,0.0
18.4693,0.0135025,133.778,0.851523,0.0
18.456,0.0135174,133.978,0.817517,0.0
18.4503,0.0134714,133.478,0.851523,0.0
18.4594,0.013774,134.511,0.8318,0.0
18.4543,0.0137772,134.211,0.849483,0.0
18.4616,0.0136167,133.611,0.838601,0.0
18.4707,0.0138595,133.244,0.841321,0.0
18.4288,0.014229,135.893,0.850163,0.0
18.4386,0.0139183,135.227,0.824658,0.0
18.4877,0.0141236,133.728,0.855264,0.0
18.4774,0.013858,133.778,0.8318,0.0
18.4539,0.0141694,134.744,0.846082,0.0
18.4504,0.0136253,134.127,0.846082,0.0
18.4565,0.0133249,133.911,0.845742,0.0
18.4663,0.01338,133.994,0.827379,0.0
18.4886,0.013756,135.127,0.877368,0.0
18.4821,0.0136186,135.144,0.853564,0.0
18.4595,0.0135904,134.227,0.851183,0.0
18.4628,0.0135948,134.261,0.853224,0.0
18.4592,0.0137795,134.261,0.854584,0.0
18.4453,0.0136354,133.178,0.83656,0.0
18.4475,0.0137769,133.328,0.848123,0.0
18.4513,0.0135243,134.694,0.839961,0.0
18.4306,0.0135614,133.828,0.845742,0.0
18.4473,0.0139314,134.394,0.822278,0.0
18.4802,0.0138252,133.828,0.841661,0.0
18.4608,0.0135836,135.044,0.855264,0.0
18.4441,0.013447,135.16,0.854924,0.0
18.4515,0.0138336,133.361,0.848803,0.0
18.4787,0.013965,135.977,0.837241,0.0
18.4967,0.0136819,133.294,0.840641,0.0
18.4569,0.0133689,134.211,0.837581,0.0
18.4265,0.0131453,134.144,0.860705,0.0
18.451,0.0134995,134.277,0.83418,0.0
18.4733,0.0136123,135.527,0.858665,0.0
18.4822,0.0136441,134.644,0.854584,0.0
18.4834,0.0137278,135.294,0.859345,0.0
18.461,0.0140056,134.727,0.827379,0.0
18.445,0.0137945,134.444,0.83316,0.0
18.461,0.0134088,134.794,0.83316,0.0
18.458,0.0137178,135.51,0.839621,0.0
18.4584,0.0134592,135.444,0.850503,0.0
18.4761,0.013546,133.028,0.822618,0.0
18.4675,0.0134233,134.061,0.829759,0.0
18.4593,0.0136522,133.594,0.845062,0.0
18.4545,0.0136398,133.961,0.817517,0.0
18.4455,0.0136672,135.643,0.830099,0.0
18.4566,0.0137952,135.544,0.837241,0.0
18.4539,0.0138767,134.044,0.859345,0.0
18.4507,0.0136792,134.794,0.846762,0.0
18.4699,0.0135922,133.261,0.814796,0.0
18.4747,0.0136689,135.077,0.845742,0.0
18.4627,0.0137403,133.678,0.83486,0.0
18.4713,0.0137656,133.261,0.83622,0.0
18.4708,0.0134604,134.544,0.848123,0.0
18.4475,0.0134256,132.945,0.818537,0.0
18.4474,0.0136282,133.661,0.847102,0.0
18.4692,0.0137109,133.961,0.842342,0.0
18.4772,0.0137213,134.444,0.848123,0.0
18.4723,0.0135588,136.227,0.854244,0.0
18.4698,0.0136651,134.477,0.846082,0.0
18.4662,0.0137728,133.411,0.83214,0.0
18.4801,0.0140162,133.778,0.841321,0.0
18.4881,0.01345,134.744,0.83384,0.0
18.4716,0.0134515,134.011,0.854924,0.0
18.4793,0.0136699,134.727,0.856964,0.0
18.4788,0.013978,134.561,0.844042,0.0
18.4544,0.0136368,136.143,0.846422,0.0
18.4699,0.0138081,133.578,0.83452,0.0
18.479,0.0137834,133.294,0.83316,0.0
18.4574,0.0139783,134.894,0.837581,0.0
18.459,0.0132677,133.978,0.840641,0.0
18.4773,0.0137345,133.478,0.837921,0.0
18.4798,0.0136756,135.494,0.852884,0.0
18.4646,0.0139807,134.927,0.845742,0.0
18.4614,0.01402,134.261,0.849483,0.0
18.4587,0.0134832,133.778,0.8352,0.0
18.4461,0.0135334,135.893,0.845402,0.0
18.4587,0.0140961,133.694,0.815476,0.0
18.4606,0.0135785,134.744,0.843702,0.0
18.4484,0.013575,135.36,0.854924,0.0
18.4555,0.0138141,135.677,0.865806,0.0
18.4769,0.0137415,135.36,0.869207,0.0
18.4733,0.0136466,134.377,0.844382,0.0
18.4629,0.0134981,135.544,0.830099,0.0
18.4546,0.013745,133.195,0.851523,0.0
18.436,0.0137502,133.378,0.851183,0.0
18.459,0.0136198,134.877,0.861045,0.0
18.4792,0.0133844,133.244,0.856624,0.0
18.4593,0.013615,134.461,0.855264,0.0
18.4576,0.0138154,135.044,0.830439,0.0
18.4663,0.0137862,134.111,0.868527,0.0
18.4591,0.0137059,133.578,0.839281,0.0
18.4557,0.0134143,134.444,0.83316,0.0
18.4554,0.0135443,133.861,0.852884,0.0
18.4649,0.013533,135.444,0.847102,0.0
18.4646,0.0134344,135.494,0.840981,0.0
18.4459,0.0134404,134.494,0.811736,0.0
18.4464,0.013688,134.377,0.852884,0.0
18.4641,0.0140185,133.978,0.850843,0.0
18.4659,0.01381,134.744,0.83282,0.0
18.4649,0.0133446,133.228,0.857304,0.0
18.4613,0.0138401,135.31,0.853564,0.0
18.4372,0.01375,133.594,0.849483,0.0
18.4448,0.0136001,134.077,0.843362,0.0
18.4767,0.0134216,135.027,0.837581,0.0
18.4728,0.0138169,134.761,0.830439,0.0
18.458,0.0137526,132.861,0.839621,0.0
18.449,0.0140248,133.444,0.831119,0.0
18.4498,0.0139111,133.661,0.83486,0.0
18.4743,0.0139749,135.127,0.83486,0.0
18.4923,0.0137379,133.761,0.8318,0.0
18.4728,0.0139312,135.31,0.850503,0.0
18.4638,0.0139601,134.627,0.850163,0.0
18.4663,0.0138461,135.36,0.8352,0.0
18.4616,0.013951,134.661,0.83282,0.0
18.4554,0.0136993,134.061,0.843362,0.0
18.4523,0.013727,135.06,0.827039,0.0
18.4542,0.013886,136.26,0.83316,0.0
18.4646,0.0138522,133.328,0.855264,0.0
18.4744,0.0133993,134.727,0.840981,0.0
18.481,0.0136501,135.427,0.829759,0.0
18.4771,0.0137263,133.894,0.840301,0.0
18.4689,0.0134822,135.327,0.839281,0.0
18.4745,0.013574,135.76,0.826018,0.0
18.4784,0.0136839,133.511,0.842682,0.0
18.4716,0.013508,134.777,0.840301,0.0
18.4632,0.0137853,133.994,0.853224,0.0
18.4626,0.0136206,135.46,0.851183,0.0
18.4572,0.0137684,132.295,0.837241,0.0
18.4456,0.0137683,134.311,0.851863,0.0
18.449,0.0133127,133.378,0.837241,0.0
18.4662,0.0136749,134.994,0.822958,0.0
18.4628,0.0138938,134.544,0.837581,0.0
18.4454,0.0134236,134.061,0.842682,0.0
18.4551,0.01372,133.828,0.847783,0.0
18.4561,0.0137316,133.578,0.844722,0.0
18.4598,0.0135618,135.577,0.846762,0.0
18.4764,0.013411,134.411,0.850843,0.0
18.4665,0.013294,134.227,0.846082,0.0
18.4525,0.0138485,134.661,0.831119,0.0
18.4554,0.0139521,133.794,0.821938,0.0
18.461,0.0136162,133.844,0.826699,0.0
18.4579,0.0133791,135.21,0.837921,0.0
18.4504,0.0134545,134.427,0.844042,0.0
18.445,0.0138049,134.711,0.853564,0.0
18.4632,0.0140123,132.761,0.823978,0.0
18.4722,0.0138838,132.878,0.849823,0.0
18.463,0.0135157,133.511,0.840301,0.0
18.4717,0.0134173,135.327,0.850503,0.0
18.4746,0.0135352,132.878,0.83418,0.0
18.459,0.0134327,134.127,0.839961,0.0
18.4694,0.0137075,135.06,0.83282,0.0
18.4615,0.0137156,135.927,0.850163,0.0
18.448,0.0138142,135.577,0.851183,0.0
18.4772,0.014172,134.077,0.846762,0.0
18.4645,0.0137638,134.944,0.858325,0.0
18.4441,0.0135112,134.311,0.847783,0.0
18.4654,0.0139076,135.56,0.846422,0.0
18.4684,0.013915,134.427,0.847443,0.0
18.4536,0.0138845,134.944,0.845402,0.0
18.4339,0.01327,133.644,0.861045,0.0
18.4411,0.0136734,134.994,0.825678,0.0
18.4705,0.0137137,134.594,0.850163,0.0
18.4777,0.0136186,135.41,0.860025,0.0
18.4554,0.0133045,135.377,0.852203,0.0
18.446,0.0138851,132.428,0.845062,0.0
18.4426,0.0138094,135.194,0.841661,0.0
18.4402,0.0136885,133.428,0.83248,0.0
18.477,0.013398,133.561,0.828739,0.0
18.5018,0.0137947,133.828,0.831459,0.0
18.4819,0.013733,135.294,0.83588,0.0
18.4623,0.0137577,133.511,0.847102,0.0
18.4506,0.0137216,135.477,0.850843,0.0
18.4526,0.0137465,135.194,0.841321,0.0
18.4688,0.0135956,135.244,0.844382,0.0
18.4891,0.0139423,133.761,0.863766,0.0
18.4746,0.0132558,133.411,0.847443,0.0
18.4606,0.0135294,135.76,0.848803,0.0
18.4713,0.0132847,133.095,0.826699,0.0
18.4576,0.0131822,136.46,0.83656,0.0
18.4437,0.0136555,133.095,0.839961,0.0
18.4396,0.0137008,135.527,0.865126,0.0
18.4464,0.0138648,133.744,0.855604,0.0
18.4526,0.0137116,132.828,0.840981,0.0
18.4478,0.0134809,134.944,0.842001,0.0
18.4601,0.0137511,133.844,0.8318,0.0
18.4678,0.0136202,136.16,0.83248,0.0
18.4562,0.0139845,135.077,0.842001,0.0
18.4567,0.0138281,133.944,0.856964,0.0
18.4641,0.0135002,134.81,0.842342,0.0
18.4707,0.0137201,133.778,0.839281,0.0
18.4599,0.0139368,133.161,0.830099,0.0
18.4374,0.0135931,133.344,0.856624,0.0
18.4528,0.0133794,133.461,0.853904,0.0
18.4633,0.0140203,133.961,0.8352,0.0
18.4573,0.0139081,133.911,0.848463,0.0
18.4556,0.0135781,134.377,0.854584,0.0
18.4624,0.0135491,134.427,0.83418,0.0
18.4569,0.013541,133.994,0.840641,0.0
18.4365,0.0137553,132.961,0.827039,0.0
18.4472,0.013482,135.41,0.851863,0.0
18.4768,0.0137806,133.078,0.861385,0.0
18.4699,0.0136903,135.544,0.839621,0.0
18.4768,0.0136318,133.878,0.843702,0.0
18.4759,0.0135809,134.027,0.83418,0.0
18.4617,0.0136462,133.544,0.828739,0.0
18.4639,0.0138137,134.511,0.846762,0.0
18.4566,0.0137417,135.227,0.841321,0.0
18.4573,0.0138804,133.294,0.8352,0.0
18.4682,0.0135236,134.81,0.818537,0.0
18.4653,0.0139281,134.394,0.842001,0.0
18.4503,0.0137786,134.094,0.83588,0.0
18.4622,0.0136193,134.377,0.852884,0.0
18.4561,0.0133074,134.011,0.841661,0.0
18.4298,0.0136598,133.544,0.849483,0.0
18.4333,0.0137813,134.694,0.841321,0.0
18.4472,0.0138998,135.094,0.856284,0.0
18.4565,0.0139561,133.594,0.826699,0.0
18.4549,0.0137247,134.311,0.83656,0.0
18.4681,0.01363,134.144,0.839961,0.0
18.4829,0.0135479,134.694,0.848803,0.0
18.4484,0.0135837,133.761,0.839281,0.0
18.4467,0.0134443,134.994,0.838601,0.0
18.4827,0.0136813,134.261,0.860025,0.0
18.4791,0.0138242,134.294,0.837241,0.0
18.4597,0.0139858,135.044,0.845062,0.0
18.4596,0.0135033,133.794,0.850503,0.0
18.4599,0.0139406,134.127,0.83316,0.0
18.4442,0.013927,132.062,0.8335,0.0
18.4405,0.0138681,135.16,0.825678,0.0
18.4539,0.0138799,133.311,0.855264,0.0
18.4573,0.0136506,135.06,0.838261,0.0
18.4596,0.0135871,133.861,0.853224,0.0
18.4763,0.013769,134.694,0.846762,0.0
18.4789,0.0142401,134.127,0.838601,0.0
18.4647,0.0137085,134.244,0.855944,0.0
18.4595,0.0135577,134.394,0.831459,0.0
18.4696,0.0137332,133.911,0.843702,0.0
18.4703,0.0137167,132.945,0.820917,0.0
18.4572,0.0135501,134.361,0.8318,0.0
18.4527,0.0134004,133.478,0.843362,0.0
18.4613,0.0134996,135.31,0.847443,0.0
18.4643,0.0138072,134.127,0.852543,0.0
18.451,0.013735,134.494,0.844722,0.0
18.439,0.0134525,133.928,0.826699,0.0
18.4377,0.0136131,134.077,0.852203,0.0
18.4452,0.013484,133.095,0.827719,0.0
18.4564,0.0134092,134.944,0.856964,0.0
18.4496,0.0135675,135.127,0.853564,0.0
18.4584,0.0138027,133.378,0.851183,0.0
18.4691,0.0136859,134.794,0.865126,0.0
18.4622,0.0136701,133.428,0.83316,0.0
18.4637,0.0137088,134.111,0.829079,0.0
18.4658,0.0137431,132.911,0.828059,0.0
18.4658,0.01363,133.978,0.827379,0.0
18.4626,0.0134368,134.644,0.848463,0.0
18.4529,0.0136004,133.045,0.845402,0.0
18.4643,0.0135586,135.56,0.845062,0.0
18.474,0.0136666,132.461,0.821598,0.0
18.4601,0.0134261,134.544,0.861385,0.0
18.4638,0.0133526,133.544,0.843362,0.0
18.4532,0.013429,134.611,0.853904,0.0
18.4454,0.0138183,135.077,0.841661,0.0
18.4666,0.0140012,134.577,0.829079,0.0
18.4648,0.0137225,134.427,0.822278,0.0
18.4492,0.0137574,132.728,0.843362,0.0
18.4571,0.0134926,134.411,0.850843,0.0
18.453,0.0139861,135.81,0.849483,0.0
18.4553,0.0138642,133.744,0.830779,0.0
18.4668,0.0136776,133.711,0.83418,0.0
18.4663,0.0136929,135.527,0.844722,0.0
18.4582,0.0138032,132.578,0.823638,0.0
18.4616,0.0136248,135.31,0.826018,0.0
18.4673,0.0138024,133.861,0.851863,0.0
18.4552,0.0140092,134.577,0.856284,0.0
18.4573,0.013403,134.827,0.83656,0.0
18.4633,0.0135724,134.477,0.827039,0.0
18.454,0.0138943,135.81,0.848123,0.0
18.453,0.0135446,133.961,0.83486,0.0
18.4442,0.013101,134.077,0.846762,0.0
18.4356,0.0132641,132.012,0.847102,0.0
18.4442,0.0137124,135.31,0.840301,0.0
18.4541,0.0133621,134.061,0.848463,0.0
18.4581,0.0134694,134.394,0.857985,0.0
18.4569,0.0137363,133.478,0.825678,0.0
18.4448,0.0137049,134.261,0.83588,0.0
18.433,0.0133507,133.261,0.841661,0.0
18.4349,0.0134363,135.41,0.843362,0.0
18.4464,0.0135103,135.31,0.845062,0.0
18.4429,0.0137184,133.694,0.855264,0.0
18.4444,0.0139211,133.811,0.864446,0.0
18.4571,0.0136488,135.244,0.856284,0.0
18.4794,0.0135038,133.811,0.846082,0.0
18.4582,0.0136462,133.178,0.853904,0.0
18.4386,0.013784,133.961,0.872947,0.0
18.4556,0.0136736,132.928,0.841321,0.0
18.463,0.0137476,134.544,0.862405,0.0
18.4774,0.0136421,134.511,0.83282,0.0
18.4721,0.0137805,133.361,0.860025,0.0
18.441,0.0137557,134.86,0.851183,0.0
18.458,0.0140961,134.027,0.818877,0.0
18.4663,0.0135998,133.361,0.845742,0.0
18.4372,0.0134993,134.161,0.83316,0.0
18.4655,0.0139133,134.261,0.847443,0.0
18.4772,0.0137369,135.177,0.865466,0.0
18.4607,0.0135929,134.794,0.837581,0.0
18.4715,0.0134947,134.944,0.856964,0.0
18.4677,0.0134521,133.794,0.840641,0.0
18.46,0.0137404,135.127,0.859345,0.0
18.4601,0.0130005,133.361,0.826699,0.0
18.453,0.0133269,134.161,0.843702,0.0
18.4682,0.0136365,135.294,0.854924,0.0
18.4835,0.0138108,135.01,0.831459,0.0
18.4699,0.0139296,133.944,0.848463,0.0
18.4609,0.0136086,133.711,0.822278,0.0
18.4495,0.013723,133.961,0.805614,0.0
18.468,0.0135636,134.294,0.845402,0.0
18.4735,0.0136471,134.144,0.841661,0.0
18.4561,0.0133472,133.478,0.853564,0.0
18.4793,0.0137131,134.794,0.843022,0.0
18.4941,0.0140703,134.544,0.8335,0.0
18.4779,0.0137906,133.894,0.828739,0.0
18.4454,0.0136293,133.978,0.843362,0.0
18.4365,0.013987,135.094,0.845402,0.0
18.4586,0.0137034,135.26,0.83486,0.0
18.466,0.0136504,133.661,0.846422,0.0
18.4547,0.0134997,132.245,0.825338,0.0
18.4622,0.0140833,134.944,0.856964,0.0
18.4493,0.0141131,134.394,0.850503,0.0
18.4455,0.0136288,134.994,0.865126,0.0
18.4602,0.0134077,133.844,0.850163,0.0
18.4459,0.0135789,132.411,0.826358,0.0
18.4524,0.013524,133.744,0.866146,0.0
18.4693,0.013524,134.794,0.865466,0.0
18.4563,0.0136734,133.061,0.866146,0.0
18.4488,0.0136734,134.227,0.83486,0.0
18.4656,0.0137135,133.328,0.844042,0.0
18.4888,0.0139666,136.393,0.825338,0.0
18.4989,0.0139926,135.71,0.844042,0.0
18.4735,0.0136007,133.195,0.824998,0.0
18.4474,0.0136913,134.894,0.825338,0.0
18.4503,0.0133786,133.894,0.850163,0.0
18.4714,0.0133059,135.527,0.860025,0.0
18.472,0.0134281,133.944,0.83248,0.0
18.4573,0.0135238,134.211,0.853904,0.0
18.4543,0.013781,134.994,0.839281,0.0
18.4525,0.0137038,134.627,0.829419,0.0
18.4571,0.0137446,135.16,0.83384,0.0
18.4598,0.0136169,135.277,0.83452,0.0
18.4587,0.0133022,134.027,0.850503,0.0
18.4552,0.0136577,133.744,0.839621,0.0
18.4555,0.0134211,133.578,0.830439,0.0
18.4691,0.0135207,134.427,0.848463,0.0
18.4729,0.0135979,134.244,0.840641,0.0
18.4631,0.0135318,133.394,0.828059,0.0
18.456,0.0136863,135.26,0.855944,0.0
18.4658,0.0134962,133.894,0.841661,0.0
18.4687,0.0138769,134.111,0.829419,0.0
18.4654,0.0135595,135.394,0.855604,0.0
18.4526,0.013532,134.027,0.844042,0.0
18.4366,0.0135994,134.177,0.850163,0.0
18.4666,0.0139442,133.494,0.830779,0.0
18.487,0.013128,135.094,0.849143,0.0
18.469,0.0133987,134.827,0.83316,0.0
18.4608,0.0138373,133.361,0.83418,0.0
18.4565,0.0137314,132.362,0.856284,0.0
18.4533,0.0140082,134.344,0.826358,0.0
18.4535,0.0138098,134.727,0.856964,0.0
18.4516,0.013428,134.611,0.846082,0.0
18.4563,0.0137192,134.927,0.837241,0.0
18.4629,0.0139892,134.927,0.854584,0.0
18.463,0.0140134,133.561,0.841661,0.0
18.4582,0.0133359,133.928,0.840981,0.0
18.4475,0.0135907,134.777,0.845742,0.0
18.4578,0.0132665,135.277,0.850163,0.0
18.4687,0.013679,134.927,0.840641,0.0
18.4601,0.0137459,135.643,0.869207,0.0
18.4595,0.013817,134.877,0.859345,0.0
18.4481,0.0136294,134.877,0.840301,0.0
18.445,0.0135687,134.411,0.852543,0.0
18.4597,0.0138611,134.794,0.847443,0.0
18.4608,0.0133913,134.344,0.838261,0.0
18.4625,0.0139259,133.578,0.868527,0.0
18.4684,0.013607,133.294,0.845402,0.0
18.467,0.0138079,133.678,0.840641,0.0
18.4542,0.0140103,133.878,0.850503,0.0
18.4641,0.0140013,133.311,0.839621,0.0
18.4631,0.0137603,134.427,0.847783,0.0
18.4447,0.0136195,133.444,0.860365,0.0
18.4623,0.0138622,134.927,0.838601,0.0
18.4746,0.013707,133.378,0.847443,0.0
18.4553,0.0135848,134.794,0.847783,0.0
18.4561,0.0138451,134.144,0.838941,0.0
18.4643,0.0136555,134.094,0.853564,0.0
18.4597,0.0,134.344,0.0,0.0
18.4587,0.0,135.06,0.0,0.0
18.4789,0.0,134.944,0.0,0.0
18.4748,0.0,134.644,0.0,0.0
18.4578,0.0,133.628,0.0,0.0
18.4684,0.0,133.878,0.0,0.0
18.4524,0.0,135.16,0.0,0.0
18.4451,0.0,133.394,0.0,0.0
18.4659,0.0,135.677,0.0,0.0
18.4796,0.0,131.945,0.0,0.0
18.4727,0.0,135.46,0.0,0.0
18.4556,0.0,135.127,0.0,0.0
18.4554,0.0,134.727,0.0,0.0
18.4784,0.0,134.027,0.0,0.0
18.4763,0.0,134.661,0.0,0.0
18.4576,0.0,133.811,0.0,0.0
18.4613,0.0,132.811,0.0,0.0
18.4669,0.0,134.144,0.0,0.0
18.4537,0.0,133.978,0.0,0.0
18.4589,0.0,134.161,0.0,0.0
18.4713,0.0,134.661,0.0,0.0
18.4536,0.0,132.078,0.0,0.0
18.4583,0.0,134.477,0.0,0.0
18.5032,0.0,134.761,0.0,0.0
18.4972,0.0,131.962,0.0,0.0
18.4488,0.0,133.778,0.0,0.0
18.4461,0.0,134.244,0.0,0.0
18.4558,0.0,134.227,0.0,0.0
18.4488,0.0,135.81,0.0,0.0
18.469,0.0,135.177,0.0,0.0
18.4637,0.0,133.728,0.0,0.0
18.4538,0.0,133.278,0.0,0.0
18.4755,0.0,134.494,0.0,0.0
18.446,0.0,132.961,0.0,0.0
18.4345,0.0,133.928,0.0,0.0
18.4714,0.0,135.06,0.0,0.0
18.4546,0.0,135.594,0.0,0.0
18.4507,0.0,133.328,0.0,0.0
18.4643,0.0,134.86,0.0,0.0
18.4674,0.0,134.477,0.0,0.0
18.4854,0.0,136.826,0.0,0.0
18.4709,0.0,132.661,0.0,0.0
18.4437,0.0,134.644,0.0,0.0
18.452,0.0,133.961,0.0,0.0
18.4526,0.0,132.378,0.0,0.0
18.4559,0.0,135.427,0.0,0.0
18.4534,0.0,134.077,0.0,0.0
18.4377,0.0,134.477,0.0,0.0
18.4611,0.0,134.394,0.0,0.0
18.478,0.0,133.394,0.0,0.0
18.4618,0.0,133.994,0.0,0.0
18.4595,0.0,134.461,0.0,0.0
18.4454,0.0,134.894,0.0,0.0
18.4228,0.0,134.127,0.0,0.0
18.4516,0.0,133.761,0.0,0.0
18.4757,0.0,134.461,0.0,0.0
18.4564,0.0,135.344,0.0,0.0
18.4537,0.0,134.527,0.0,0.0
18.4611,0.0,135.377,0.0,0.0
18.4515,0.0,135.66,0.0,0.0
18.4574,0.0,133.728,0.0,0.0
18.4741,0.0,133.278,0.0,0.0
18.47,0.0,137.443,0.0,0.0
18.4722,0.0,135.144,0.0,0.0
18.4601,0.0,134.561,0.0,0.0
18.4397,0.0,134.827,0.0,0.0
18.4528,0.0,134.81,0.0,0.0
18.4767,0.0,135.777,0.0,0.0
18.473,0.0,134.044,0.0,0.0
18.4534,0.0,132.561,0.0,0.0
18.4658,0.0,134.211,0.0,0.0
18.4713,0.0,133.811,0.0,0.0
18.4464,0.0,134.044,0.0,0.0
18.4508,0.0,136.077,0.0,0.0
18.4699,0.0,134.927,0.0,0.0
18.4593,0.0,134.877,0.0,0.0
18.4456,0.0,134.694,0.0,0.0
18.4623,0.0,133.778,0.0,0.0
18.4488,0.0,133.561,0.0,0.0
18.4326,0.0,135.877,0.0,0.0
18.4675,0.0,133.794,0.0,0.0
18.4693,0.0,132.961,0.0,0.0
18.4589,0.0,134.711,0.0,0.0
18.4656,0.0,133.461,0.0,0.0
18.4544,0.0,134.794,0.0,0.0
18.4383,0.0,135.627,0.0,0.0
18.4479,0.0,134.044,0.0,0.0
18.4486,0.0,133.611,0.0,0.0
18.4466,0.0,135.377,0.0,0.0
18.4571,0.0,132.012,0.0,0.0
18.4489,0.0,133.111,0.0,0.0
18.4445,0.0,134.461,0.0,0.0
18.4358,0.0,134.477,0.0,0.0
18.4355,0.0,133.711,0.0,0.0
18.4661,0.0,134.977,0.0,0.0
18.4717,0.0,134.677,0.0,0.0
18.4699,0.0,132.928,0.0,0.0
18.4691,0.0,135.91,0.0,0.0
18.4662,0.0,136.077,0.0,0.0
18.4568,0.0,133.944,0.0,0.0
18.4398,0.0,134.927,0.0,0.0
18.4572,0.0,134.677,0.0,0.0
18.462,0.0,133.294,0.0,0.0
18.4579,0.0,135.11,0.0,0.0
18.4874,0.0,136.31,0.0,0.0
18.4847,0.0,133.411,0.0,0.0
18.4689,0.0,134.761,0.0,0.0
18.4656,0.0,133.294,0.0,0.0
18.4517,0.0,134.894,0.0,0.0
18.462,0.0,134.544,0.0,0.0
18.4791,0.0,132.995,0.0,0.0
18.4713,0.0,135.294,0.0,0.0
18.4633,0.0,134.96,0.0,0.0
18.4493,0.0,134.844,0.0,0.0
18.4499,0.0,134.327,0.0,0.0
18.4574,0.0,133.344,0.0,0.0
18.4488,0.0,134.361,0.0,0.0
18.4514,0.0,134.544,0.0,0.0
18.4511,0.0,133.844,0.0,0.0
18.4558,0.0,135.36,0.0,0.0
18.4569,0.0,133.178,0.0,0.0
18.4466,0.0,134.394,0.0,0.0
18.444,0.0,135.244,0.0,0.0
18.4527,0.0,133.061,0.0,0.0
18.4354,0.0,134.277,0.0,0.0
18.43,0.0,133.561,0.0,0.0
18.4666,0.0,134.877,0.0,0.0
18.4504,0.0,133.344,0.0,0.0
18.4198,0.0,134.027,0.0,0.0
18.4434,0.0,134.461,0.0,0.0
18.4615,0.0,133.711,0.0,0.0
18.4399,0.0,133.378,0.0,0.0
18.4366,0.0,135.477,0.0,0.0
18.4617,0.0,135.06,0.0,0.0
18.471,0.0,134.227,0.0,0.0
18.4622,0.0,134.477,0.0,0.0
18.4717,0.0,133.861,0.0,0.0
18.4787,0.0,135.627,0.0,0.0
18.4543,0.0,133.828,0.0,0.0
18.4554,0.0,136.526,0.0,0.0
18.4777,0.0,134.277,0.0,0.0
18.4609,0.0,136.193,0.0,0.0
18.4595,0.0,134.96,0.0,0.0
18.4708,0.0,134.96,0.0,0.0
18.4573,0.0,134.544,0.0,0.0
18.4383,0.0,133.878,0.0,0.0
18.4547,0.0,133.311,0.0,0.0
18.4819,0.0,134.377,0.0,0.0
18.4849,0.0,134.977,0.0,0.0
18.472,0.0,134.777,0.0,0.0
18.4623,0.0,133.861,0.0,0.0
18.4548,0.0,133.828,0.0,0.0
18.466,0.0,134.527,0.0,0.0
18.4765,0.0,134.177,0.0,0.0
18.4444,0.0,133.011,0.0,0.0
18.4127,0.0,135.327,0.0,0.0
18.4345,0.0,134.611,0.0,0.0
18.4521,0.0,133.594,0.0,0.0
18.4368,0.0,133.894,0.0,0.0
18.4456,0.0,135.027,0.0,0.0
18.4742,0.0,134.711,0.0,0.0
18.4647,0.0,135.56,0.0,0.0
18.4641,0.0,134.81,0.0,0.0
18.4677,0.0,132.611,0.0,0.0
18.4641,0.0,134.327,0.0,0.0
18.4689,0.0,135.094,0.0,0.0
18.459,0.0,133.095,0.0,0.0
18.4507,0.0,134.444,0.0,0.0
18.4604,0.0,133.811,0.0,0.0
18.4532,0.0,134.444,0.0,0.0
18.4462,0.0,134.244,0.0,0.0
18.4516,0.0,134.527,0.0,0.0
18.462,0.0,133.411,0.0,0.0
18.4754,0.0,134.044,0.0,0.0
18.4558,0.0,136.043,0.0,0.0
18.4433,0.0,133.328,0.0,0.0
18.4636,0.0,135.177,0.0,0.0
18.4649,0.0,134.81,0.0,0.0
18.4578,0.0,134.161,0.0,0.0
18.4678,0.0,133.861,0.0,0.0
18.4753,0.0,134.96,0.0,0.0
18.4552,0.0,134.094,0.0,0.0
18.4458,0.0,135.077,0.0,0.0
18.4718,0.0,134.96,0.0,0.0
18.479,0.0,134.111,0.0,0.0
18.4729,0.0,134.077,0.0,0.0
18.4749,0.0,134.894,0.0,0.0
18.4726,0.0,133.678,0.0,0.0
18.4676,0.0,134.944,0.0,0.0
18.4527,0.0,134.027,0.0,0.0
18.4593,0.0,135.41,0.0,0.0
18.475,0.0,134.511,0.0,0.0
18.4508,0.0,134.977,0.0,0.0
18.4457,0.0,134.91,0.0,0.0
18.4713,0.0,135.993,0.0,0.0
18.4633,0.0,134.277,0.0,0.0
18.4593,0.0,132.661,0.0,0.0
18.4515,0.0,133.928,0.0,0.0
18.4363,0.0,134.127,0.0,0.0
18.4755,0.0,133.428,0.0,0.0
18.4995,0.0,134.461,0.0,0.0
18.4656,0.0,134.677,0.0,0.0
18.4571,0.0,134.527,0.0,0.0
18.4639,0.0,133.794,0.0,0.0
18.4451,0.0,135.743,0.0,0.0
18.4584,0.0,134.977,0.0,0.0
18.4756,0.0,134.611,0.0,0.0
18.4544,0.0,134.627,0.0,0.0
18.4387,0.0,134.311,0.0,0.0
18.4472,0.0,133.578,0.0,0.0
18.4562,0.0,133.128,0.0,0.0
18.46,0.0,135.66,0.0,0.0
18.4624,0.0,134.427,0.0,0.0
18.4652,0.0,134.561,0.0,0.0
18.4695,0.0,134.161,0.0,0.0
18.4537,0.0,134.461,0.0,0.0
18.4508,0.0,134.177,0.0,0.0
18.4441,0.0,134.444,0.0,0.0
18.4229,0.0,134.644,0.0,0.0
18.4467,0.0,135.094,0.0,0.0
18.46,0.0,133.728,0.0,0.0
18.4523,0.0,134.044,0.0,0.0
18.4597,0.0,134.91,0.0,0.0
18.464,0.0,136.06,0.0,0.0
18.4729,0.0,133.861,0.0,0.0
18.4587,0.0,135.31,0.0,0.0
18.4519,0.0,134.877,0.0,0.0
18.4507,0.0,134.794,0.0,0.0
18.4383,0.0,133.644,0.0,0.0
18.455,0.0,134.477,0.0,0.0
18.463,0.0,135.027,0.0,0.0
18.4582,0.0,135.06,0.0,0.0
18.4656,0.0,133.911,0.0,0.0
18.4517,0.0,135.094,0.0,0.0
18.456,0.0,134.544,0.0,0.0
18.4783,0.0,134.91,0.0,0.0
18.4848,0.0,134.944,0.0,0.0
18.4736,0.0,134.427,0.0,0.0
18.4631,0.0,132.345,0.0,0.0
18.4558,0.0,134.344,0.0,0.0
18.4442,0.0,133.511,0.0,0.0
18.4483,0.0,134.794,0.0,0.0
18.4548,0.0,135.294,0.0,0.0
18.4666,0.0,133.728,0.0,0.0
18.4822,0.0,134.411,0.0,0.0
18.4517,0.0,134.027,0.0,0.0
18.4547,0.0,135.31,0.0,0.0
18.4916,0.0,134.744,0.0,0.0
18.4827,0.0,136.243,0.0,0.0
18.4612,0.0,133.244,0.0,0.0
18.4576,0.0,134.177,0.0,0.0
18.4466,0.0,134.011,0.0,0.0
18.4557,0.0,135.627,0.0,0.0
18.4608,0.0,134.944,0.0,0.0
18.4544,0.0,135.444,0.0,0.0
18.4759,0.0,135.394,0.0,0.0
18.4717,0.0,135.177,0.0,0.0
18.4482,0.0,133.978,0.0,0.0
18.4731,0.0,136.26,0.0,0.0
18.4914,0.0,135.094,0.0,0.0
18.4732,0.0,134.611,0.0,0.0
18.4652,0.0,134.327,0.0,0.0
18.4593,0.0,134.361,0.0,0.0
18.4415,0.0,134.91,0.0,0.0
18.4491,0.0,134.211,0.0,0.0
18.4464,0.0,133.361,0.0,0.0
18.4431,0.0,134.627,0.0,0.0
18.4761,0.0,133.028,0.0,0.0
18.4907,0.0,134.994,0.0,0.0
18.4694,0.0,134.227,0.0,0.0
18.4508,0.0,134.511,0.0,0.0
18.4483,0.0,134.294,0.0,0.0
18.4597,0.0,134.077,0.0,0.0
18.4715,0.0,135.793,0.0,0.0
18.4729,0.0,134.161,0.0,0.0
18.4743,0.0,135.244,0.0,0.0
18.4737,0.0,134.627,0.0,0.0
18.4634,0.0,133.528,0.0,0.0
18.4627,0.0,133.678,0.0,0.0
18.4667,0.0,134.994,0.0,0.0
18.4554,0.0,132.661,0.0,0.0
18.4524,0.0,134.594,0.0,0.0
18.4633,0.0,134.194,0.0,0.0
18.4565,0.0,133.878,0.0,0.0
18.4608,0.0,133.978,0.0,0.0
18.4696,0.0,134.527,0.0,0.0
18.4687,0.0,133.828,0.0,0.0
18.4786,0.0,134.894,0.0,0.0
18.4611,0.0,133.861,0.0,0.0
18.4362,0.0,134.294,0.0,0.0
18.4609,0.0,135.36,0.0,0.0
18.4832,0.0,132.961,0.0,0.0
18.4565,0.0,134.611,0.0,0.0
18.4428,0.0,134.777,0.0,0.0
18.4767,0.0,134.211,0.0,0.0
18.4813,0.0,135.294,0.0,0.0
18.457,0.0,134.161,0.0,0.0
18.465,0.0,132.978,0.0,0.0
18.4779,0.0,135.31,0.0,0.0
18.4689,0.0,133.394,0.0,0.0
18.4485,0.0,133.961,0.0,0.0
18.4467,0.0,133.711,0.0,0.0
18.4558,0.0,134.027,0.0,0.0
18.4523,0.0,134.494,0.0,0.0
18.4356,0.0,134.277,0.0,0.0
18.4456,0.0,134.177,0.0,0.0
18.4686,0.0,135.577,0.0,0.0
18.4776,0.0,135.527,0.0,0.0
18.4604,0.0,135.577,0.0,0.0
18.4625,0.0,136.06,0.0,0.0
18.4731,0.0,133.861,0.0,0.0
18.4576,0.0,134.227,0.0,0.0
18.4516,0.0,133.878,0.0,0.0
18.4637,0.0,134.994,0.0,0.0
18.4838,0.0,134.544,0.0,0.0
18.4567,0.0,133.211,0.0,0.0
18.4388,0.0,134.211,0.0,0.0
18.4722,0.0,133.744,0.0,0.0
18.4734,0.0,133.928,0.0,0.0
18.4481,0.0,135.843,0.0,0.0
18.4522,0.0,134.694,0.0,0.0
18.4552,0.0,134.611,0.0,0.0
18.4577,0.0,134.511,0.0,0.0
18.4662,0.0,133.045,0.0,0.0
18.453,0.0,133.095,0.0,0.0
18.4391,0.0,135.527,0.0,0.0
18.4545,0.0,134.544,0.0,0.0
18.4801,0.0,135.394,0.0,0.0
18.4897,0.0,134.144,0.0,0.0
18.4727,0.0,134.527,0.0,0.0
18.4451,0.0,134.777,0.0,0.0
18.4388,0.0,132.878,0.0,0.0
18.4362,0.0,135.31,0.0,0.0
18.4393,0.0,134.727,0.0,0.0
18.4544,0.0,134.094,0.0,0.0
18.446,0.0,134.477,0.0,0.0
18.4522,0.0,135.194,0.0,0.0
18.4696,0.0,133.528,0.0,0.0
18.448,0.0,134.144,0.0,0.0
18.4663,0.0,133.861,0.0,0.0
18.4703,0.0,134.327,0.0,0.0
18.4405,0.0,134.111,0.0,0.0
18.4624,0.0,133.778,0.0,0.0
18.4669,0.0,134.411,0.0,0.0
18.4582,0.0,133.461,0.0,0.0
18.4765,0.0,135.06,0.0,0.0
18.4666,0.0,134.677,0.0,0.0
18.4473,0.0,134.377,0.0,0.0
18.4658,0.0,134.511,0.0,0.0
18.4702,0.0,132.645,0.0,0.0
18.4307,0.0,134.444,0.0,0.0
18.4163,0.0,135.41,0.0,0.0
18.4291,0.0,133.128,0.0,0.0
18.4481,0.0,134.994,0.0,0.0
18.4723,0.0,134.461,0.0,0.0
18.4888,0.0,134.194,0.0,0.0
18.4571,0.0,134.261,0.0,0.0
18.421,0.0,132.461,0.0,0.0
18.4455,0.0,134.411,0.0,0.0
18.4722,0.0,136.027,0.0,0.0
18.4751,0.0,133.378,0.0,0.0
18.4689,0.0,134.377,0.0,0.0
18.4529,0.0,135.144,0.0,0.0
18.4609,0.0,133.294,0.0,0.0
18.4756,0.0,134.827,0.0,0.0
18.4602,0.0,134.977,0.0,0.0
18.4424,0.0,134.327,0.0,0.0
18.4488,0.0,133.844,0.0,0.0
18.4525,0.0,134.361,0.0,0.0
18.4626,0.0,134.777,0.0,0.0
18.4517,0.0,133.544,0.0,0.0
18.4507,0.0,133.344,0.0,0.0
18.4802,0.0,132.978,0.0,0.0
18.4751,0.0,136.193,0.0,0.0
18.4646,0.0,134.694,0.0,0.0
18.4683,0.0,134.527,0.0,0.0
18.477,0.0,132.928,0.0,0.0
18.4635,0.0,134.627,0.0,0.0
18.4611,0.0,134.644,0.0,0.0
18.4779,0.0,133.828,0.0,0.0
18.4784,0.0,133.494,0.0,0.0
18.4689,0.0,133.111,0.0,0.0
18.4573,0.0,132.178,0.0,0.0
18.4514,0.0,134.061,0.0,0.0
18.4581,0.0,134.161,0.0,0.0
18.4793,0.0,134.494,0.0,0.0
18.4852,0.0,135.544,0.0,0.0
18.4688,0.0,132.811,0.0,0.0
18.4487,0.0,133.794,0.0,0.0
18.4507,0.0,134.344,0.0,0.0
18.4724,0.0,136.426,0.0,0.0
18.4638,0.0,133.628,0.0,0.0
18.4465,0.0,135.277,0.0,0.0
18.4638,0.0,133.794,0.0,0.0
18.4693,0.0,134.527,0.0,0.0
18.4636,0.0,135.227,0.0,0.0
18.4666,0.0,134.577,0.0,0.0
18.4544,0.0,135.81,0.0,0.0
18.4532,0.0,134.094,0.0,0.0
18.4623,0.0,135.627,0.0,0.0
18.4526,0.0,134.711,0.0,0.0
18.4574,0.0,133.711,0.0,0.0
18.4722,0.0,135.077,0.0,0.0
18.4721,0.0,133.411,0.0,0.0
18.4677,0.0,134.91,0.0,0.0
18.4822,0.0,132.745,0.0,0.0
18.4783,0.0,134.927,0.0,0.0
18.4656,0.0,135.777,0.0,0.0
18.4773,0.0,133.744,0.0,0.0
18.4796,0.0,132.978,0.0,0.0
18.457,0.0,133.894,0.0,0.0
18.4373,0.0,134.494,0.0,0.0
18.4663,0.0,134.544,0.0,0.0
18.4751,0.0,133.278,0.0,0.0
18.442,0.0,134.177,0.0,0.0
18.4541,0.0,134.377,0.0,0.0
18.4663,0.0,134.777,0.0,0.0
18.4437,0.0,132.062,0.0,0.0
18.4465,0.0,134.544,0.0,0.0
18.4661,0.0,133.478,0.0,0.0
18.4596,0.0,134.227,0.0,0.0
18.4499,0.0,134.061,0.0,0.0
18.4723,0.0,134.661,0.0,0.0
18.4802,0.0,133.778,0.0,0.0
18.4641,0.0,133.294,0.0,0.0
18.4678,0.0,135.877,0.0,0.0
18.4657,0.0,133.694,0.0,0.0
18.449,0.0,134.86,0.0,0.0
18.4513,0.0,132.728,0.0,0.0
18.4472,0.0,133.028,0.0,0.0
18.4367,0.0,134.111,0.0,0.0
18.4496,0.0,133.294,0.0,0.0
18.4654,0.0,133.961,0.0,0.0
18.4655,0.0,135.144,0.0,0.0
18.459,0.0,135.094,0.0,0.0
18.4542,0.0,134.011,0.0,0.0
18.4596,0.0,134.144,0.0,0.0
18.4503,0.0,132.128,0.0,0.0
18.4298,0.0,132.928,0.0,0.0
18.4665,0.0,135.693,0.0,0.0
18.472,0.0,134.411,0.0,0.0
18.449,0.0,133.661,0.0,0.0
18.4478,0.0,132.628,0.0,0.0
18.4416,0.0,134.394,0.0,0.0
18.4607,0.0,134.427,0.0,0.0
18.4665,0.0,134.777,0.0,0.0
18.4506,0.0,135.144,0.0,0.0
18.4436,0.0,134.011,0.0,0.0
18.4496,0.0,133.711,0.0,0.0
18.4524,0.0,134.427,0.0,0.0
18.4492,0.0,133.344,0.0,0.0
18.4607,0.0,134.794,0.0,0.0
18.4677,0.0,134.577,0.0,0.0
18.458,0.0,135.094,0.0,0.0
18.4582,0.0,133.828,0.0,0.0
18.481,0.0,133.694,0.0,0.0
18.4954,0.0,134.561,0.0,0.0
18.4673,0.0,133.145,0.0,0.0
18.4538,0.0,134.827,0.0,0.0
18.476,0.0,134.027,0.0,0.0
18.4734,0.0,134.127,0.0,0.0
18.4719,0.0,133.478,0.0,0.0
18.4736,0.0,134.427,0.0,0.0
18.4519,0.0,134.094,0.0,0.0
18.4566,0.0,133.878,0.0,0.0
18.4536,0.0,134.661,0.0,0.0
18.4429,0.0,133.145,0.0,0.0
18.4608,0.0,133.944,0.0,0.0
18.461,0.0,132.895,0.0,0.0
18.4618,0.0,136.41,0.0,0.0
18.4752,0.0,134.094,0.0,0.0
18.4745,0.0,134.694,0.0,0.0
18.4814,0.0,132.112,0.0,0.0
18.4783,0.0,133.678,0.0,0.0
18.4646,0.0,134.944,0.0,0.0
18.4717,0.0,132.661,0.0,0.0
18.462,0.0,133.711,0.0,0.0
18.4475,0.0,134.494,0.0,0.0
18.4702,0.0,134.444,0.0,0.0
18.4607,0.0,133.078,0.0,0.0
18.449,0.0,134.86,0.0,0.0
18.4764,0.0,133.861,0.0,0.0
18.4662,0.0,134.661,0.0,0.0
18.4594,0.0,134.544,0.0,0.0
18.4697,0.0,134.011,0.0,0.0
18.459,0.0,134.111,0.0,0.0
18.4512,0.0,134.81,0.0,0.0
18.4577,0.0,134.96,0.0,0.0
18.452,0.0,134.111,0.0,0.0
18.445,0.0,134.461,0.0,0.0
18.4703,0.0,133.978,0.0,0.0
18.4462,0.0,133.894,0.0,0.0
18.4105,0.0,133.661,0.0,0.0
18.446,0.0,134.327,0.0,0.0
18.4715,0.0,134.294,0.0,0.0
18.4555,0.0,134.161,0.0,0.0
18.456,0.0,134.627,0.0,0.0
18.4516,0.0,135.094,0.0,0.0
18.4424,0.0,133.344,0.0,0.0
18.4475,0.0,135.677,0.0,0.0
18.4622,0.0,134.094,0.0,0.0
18.4677,0.0,133.794,0.0,0.0
18.4671,0.0,134.161,0.0,0.0
18.4677,0.0,133.061,0.0,0.0
18.456,0.0,135.477,0.0,0.0
18.4442,0.0,133.511,0.0,0.0
18.4417,0.0,134.761,0.0,0.0
18.4581,0.0,133.111,0.0,0.0
18.4614,0.0,135.227,0.0,0.0
18.4472,0.0,134.661,0.0,0.0
18.4487,0.0,134.644,0.0,0.0
18.4721,0.0,133.161,0.0,0.0
18.4644,0.0,133.528,0.0,0.0
18.4684,0.0,133.128,0.0,0.0
18.4807,0.0,134.311,0.0,0.0
18.4645,0.0,134.461,0.0,0.0
18.4631,0.0,134.494,0.0,0.0
18.4616,0.0,135.127,0.0,0.0
18.4444,0.0,135.81,0.0,0.0
18.4598,0.0,133.611,0.0,0.0
18.4548,0.0,134.227,0.0,0.0
18.4262,0.0,135.277,0.0,0.0
18.4682,0.0,135.494,0.0,0.0
18.4933,0.0,133.361,0.0,0.0
18.455,0.0,134.694,0.0,0.0
18.4516,0.0,134.194,0.0,0.0
18.4504,0.0,134.944,0.0,0.0
18.4482,0.0,134.194,0.0,0.0
18.4683,0.0,134.044,0.0,0.0
18.4707,0.0,135.06,0.0,0.0
18.4694,0.0,134.577,0.0,0.0
18.4589,0.0,134.877,0.0,0.0
18.4543,0.0,135.727,0.0,0.0
18.4703,0.0,132.395,0.0,0.0
18.4684,0.0,134.427,0.0,0.0
18.4671,0.0,135.21,0.0,0.0
18.4797,0.0,135.06,0.0,0.0
18.4713,0.0,134.127,0.0,0.0
18.4557,0.0,133.994,0.0,0.0
18.4466,0.0,135.044,0.0,0.0
18.4397,0.0,135.344,0.0,0.0
18.4388,0.0,134.561,0.0,0.0
18.4489,0.0,135.227,0.0,0.0
18.4521,0.0,134.127,0.0,0.0
18.4595,0.0,133.811,0.0,0.0
18.4601,0.0,134.96,0.0,0.0
18.4472,0.0,134.477,0.0,0.0
18.4708,0.0,135.727,0.0,0.0
18.4837,0.0,133.178,0.0,0.0
18.4665,0.0,134.344,0.0,0.0
18.4553,0.0,134.211,0.0,0.0
18.4353,0.0,134.094,0.0,0.0
18.4325,0.0,134.327,0.0,0.0
18.4454,0.0,133.095,0.0,0.0
18.4411,0.0,133.728,0.0,0.0
18.4411,0.0,133.461,0.0,0.0
18.4583,0.0,135.177,0.0,0.0
18.4847,0.0,133.844,0.0,0.0
18.4724,0.0,134.777,0.0,0.0
18.4586,0.0,133.644,0.0,0.0
18.4623,0.0,134.844,0.0,0.0
18.4511,0.0,134.461,0.0,0.0
18.4666,0.0,134.777,0.0,0.0
18.4679,0.0,133.911,0.0,0.0
18.4265,0.0,134.027,0.0,0.0
18.4531,0.0,133.728,0.0,0.0
18.4806,0.0,134.261,0.0,0.0
18.4391,0.0,132.128,0.0,0.0
18.4387,0.0,134.411,0.0,0.0
18.4535,0.0,134.011,0.0,0.0
18.4541,0.0,134.561,0.0,0.0
18.4745,0.0,134.994,0.0,0.0
18.4718,0.0,132.045,0.0,0.0
18.466,0.0,135.327,0.0,0.0
18.4614,0.0,133.561,0.0,0.0
18.4592,0.0,135.277,0.0,0.0
18.4824,0.0,134.344,0.0,0.0
18.4647,0.0,134.044,0.0,0.0
18.4522,0.0,133.411,0.0,0.0
18.4772,0.0,135.177,0.0,0.0
18.4646,0.0,134.611,0.0,0.0
18.4519,0.0,132.878,0.0,0.0
18.4778,0.0,135.027,0.0,0.0
18.4779,0.0,134.311,0.0,0.0
18.4667,0.0,133.045,0.0,0.0
18.4772,0.0,134.044,0.0,0.0
18.4848,0.0,133.911,0.0,0.0
18.4825,0.0,133.678,0.0,0.0
18.485,0.0,133.628,0.0,0.0
18.4723,0.0,134.427,0.0,0.0
18.4585,0.0,134.294,0.0,0.0
18.4702,0.0,133.678,0.0,0.0
18.4692,0.0,133.494,0.0,0.0
18.4383,0.0,133.628,0.0,0.0
18.4391,0.0,133.644,0.0,0.0
18.474,0.0,135.077,0.0,0.0
18.4663,0.0,133.561,0.0,0.0
18.4445,0.0,134.194,0.0,0.0
18.4627,0.0,135.544,0.0,0.0
18.4769,0.0,135.21,0.0,0.0
18.4643,0.0,134.611,0.0,0.0
18.4644,0.0,135.077,0.0,0.0
18.4736,0.0,134.611,0.0,0.0
18.4552,0.0,133.244,0.0,0.0
18.4428,0.0,135.827,0.0,0.0
18.459,0.0,133.711,0.0,0.0
18.4565,0.0,134.177,0.0,0.0
18.4571,0.0,134.294,0.0,0.0
18.4703,0.0,134.577,0.0,0.0
18.4524,0.0,134.461,0.0,0.0
18.4498,0.0,136.676,0.0,0.0
18.4751,0.0,136.36,0.0,0.0
18.4636,0.0,133.478,0.0,0.0
18.4458,0.0,134.277,0.0,0.0
18.4514,0.0,133.244,0.0,0.0
18.4348,0.0,133.444,0.0,0.0
18.4349,0.0,133.994,0.0,0.0
18.4717,0.0,134.144,0.0,0.0
18.4722,0.0,133.394,0.0,0.0
18.4494,0.0,133.428,0.0,0.0
18.4708,0.0,133.661,0.0,0.0
18.4715,0.0,134.977,0.0,0.0
18.4539,0.0,134.944,0.0,0.0
18.4719,0.0,135.344,0.0,0.0
18.4605,0.0,133.528,0.0,0.0
18.4453,0.0,133.444,0.0,0.0
18.4718,0.0,133.328,0.0,0.0
18.4739,0.0,133.178,0.0,0.0
18.4438,0.0,134.244,0.0,0.0
18.4565,0.0,134.994,0.0,0.0
18.4799,0.0,133.145,0.0,0.0
18.4523,0.0,135.327,0.0,0.0
18.4365,0.0,135.244,0.0,0.0
18.442,0.0,134.927,0.0,0.0
18.4667,0.0,134.027,0.0,0.0
18.4742,0.0,133.644,0.0,0.0
18.4546,0.0,134.027,0.0,0.0
18.4448,0.0,133.811,0.0,0.0
18.4468,0.0,134.094,0.0,0.0
18.4746,0.0,134.427,0.0,0.0
18.4764,0.0,135.26,0.0,0.0
18.4562,0.0,134.427,0.0,0.0
18.4448,0.0,134.094,0.0,0.0
18.4455,0.0,135.71,0.0,0.0
18.4587,0.0,133.378,0.0,0.0
18.4547,0.0,135.444,0.0,0.0
18.4674,0.0,135.127,0.0,0.0
18.4863,0.0,135.16,0.0,0.0
18.4778,0.0,132.728,0.0,0.0
18.457,0.0,134.261,0.0,0.0
18.4489,0.0,133.961,0.0,0.0
18.4574,0.0,134.111,0.0,0.0
18.4533,0.0,134.177,0.0,0.0
18.4418,0.0,133.994,0.0,0.0
18.4221,0.0,133.761,0.0,0.0
18.42,0.0,135.344,0.0,0.0
18.461,0.0,134.877,0.0,0.0
18.4615,0.0,133.361,0.0,0.0
18.4357,0.0,135.394,0.0,0.0
18.4484,0.0,134.227,0.0,0.0
18.4663,0.0,133.728,0.0,0.0
18.4652,0.0,134.661,0.0,0.0
18.4514,0.0,133.211,0.0,0.0
18.4706,0.0,134.027,0.0,0.0
18.4936,0.0,136.66,0.0,0.0
18.4726,0.0,134.694,0.0,0.0
18.4563,0.0,135.51,0.0,0.0
18.4632,0.0,134.094,0.0,0.0
18.456,0.0,133.994,0.0,0.0
18.4429,0.0,134.91,0.0,0.0
18.4533,0.0,134.194,0.0,0.0
18.4776,0.0,133.994,0.0,0.0
18.4679,0.0,134.711,0.0,0.0
18.4604,0.0,134.011,0.0,0.0
18.4716,0.0,135.11,0.0,0.0
18.4556,0.0,133.461,0.0,0.0
18.4496,0.0,133.861,0.0,0.0
18.4854,0.0,134.694,0.0,0.0
18.4898,0.0,135.21,0.0,0.0
18.4599,0.0,134.127,0.0,0.0
18.4658,0.0,133.728,0.0,0.0
18.4818,0.0,134.611,0.0,0.0
18.4605,0.0,132.845,0.0,0.0
18.4509,0.0,135.294,0.0,0.0
18.4621,0.0,134.577,0.0,0.0
18.468,0.0,133.761,0.0,0.0
18.4716,0.0,133.628,0.0,0.0
18.466,0.0,134.944,0.0,0.0
18.4801,0.0,134.061,0.0,0.0
18.483,0.0,135.027,0.0,0.0
18.4734,0.0,134.727,0.0,0.0
18.4742,0.0,134.177,0.0,0.0
18.4563,0.0,133.328,0.0,0.0
18.4348,0.0,132.212,0.0,0.0
18.4563,0.0,133.361,0.0,0.0
18.4799,0.0,134.427,0.0,0.0
18.4677,0.0,134.827,0.0,0.0
18.4667,0.0,133.878,0.0,0.0
18.4702,0.0,133.394,0.0,0.0
18.4597,0.0,133.844,0.0,0.0
18.4629,0.0,135.943,0.0,0.0
18.4676,0.0,135.11,0.0,0.0
18.4787,0.0,134.111,0.0,0.0
18.4892,0.0,134.611,0.0,0.0
18.4507,0.0,134.311,0.0,0.0
18.4306,0.0,135.31,0.0,0.0
18.4563,0.0,133.961,0.0,0.0
18.4625,0.0,134.027,0.0,0.0
18.4423,0.0,134.661,0.0,0.0
18.4522,0.0,133.611,0.0,0.0
18.4713,0.0,133.494,0.0,0.0
18.4433,0.0,134.494,0.0,0.0
18.436,0.0,134.994,0.0,0.0
18.4682,0.0,134.561,0.0,0.0
18.4619,0.0,133.161,0.0,0.0
18.46,0.0,133.961,0.0,0.0
18.4739,0.0,134.777,0.0,0.0
18.4555,0.0,134.744,0.0,0.0
18.4387,0.0,134.86,0.0,0.0
18.4612,0.0,134.511,0.0,0.0
18.4689,0.0,132.495,0.0,0.0
18.4556,0.0,134.727,0.0,0.0
18.4652,0.0,134.361,0.0,0.0
18.464,0.0,133.728,0.0,0.0
18.458,0.0,135.41,0.0,0.0
18.4667,0.0,133.744,0.0,0.0
18.4592,0.0,134.361,0.0,0.0
18.4507,0.0,134.527,0.0,0.0
18.4588,0.0,134.227,0.0,0.0
18.4613,0.0,133.994,0.0,0.0
18.4769,0.0,134.494,0.0,0.0
18.4754,0.0,135.094,0.0,0.0
18.449,0.0,134.91,0.0,0.0
18.4557,0.0,133.544,0.0,0.0
18.4473,0.0,134.761,0.0,0.0
18.4337,0.0,134.477,0.0,0.0
18.4482,0.0,135.494,0.0,0.0
18.4469,0.0,135.394,0.0,0.0
18.4596,0.0,131.712,0.0,0.0
18.4715,0.0,133.844,0.0,0.0
18.4842,0.0,134.577,0.0,0.0
18.4827,0.0,134.194,0.0,0.0
18.4598,0.0,134.027,0.0,0.0
18.4588,0.0,135.66,0.0,0.0
18.4664,0.0,134.011,0.0,0.0
18.4576,0.0,133.361,0.0,0.0
18.4488,0.0,133.761,0.0,0.0
18.4607,0.0,135.077,0.0,0.0
18.4787,0.0,134.094,0.0,0.0
18.4753,0.0,134.494,0.0,0.0
18.4521,0.0,133.528,0.0,0.0
18.4518,0.0,134.527,0.0,0.0
18.4786,0.0,133.744,0.0,0.0
18.4668,0.0,133.811,0.0,0.0
18.4555,0.0,133.311,0.0,0.0
18.4764,0.0,134.561,0.0,0.0
18.4666,0.0,133.611,0.0,0.0
18.4468,0.0,133.861,0.0,0.0
18.4537,0.0,136.093,0.0,0.0
18.4675,0.0,132.478,0.0,0.0
18.4688,0.0,133.878,0.0,0.0
18.473,0.0,134.161,0.0,0.0
18.4509,0.0,132.745,0.0,0.0
18.4323,0.0,134.611,0.0,0.0
18.4558,0.0,133.028,0.0,0.0
18.4566,0.0,134.844,0.0,0.0
18.4437,0.0,134.494,0.0,0.0
18.4582,0.0,134.161,0.0,0.0
18.4608,0.0,132.695,0.0,0.0
18.4446,0.0,135.31,0.0,0.0
18.462,0.0,135.227,0.0,0.0
18.4676,0.0,135.61,0.0,0.0
18.4811,0.0,134.544,0.0,0.0
18.4727,0.0,133.045,0.0,0.0
18.4317,0.0,133.511,0.0,0.0
18.4404,0.0,134.344,0.0,0.0
18.4835,0.0,135.843,0.0,0.0
18.4665,0.0,132.995,0.0,0.0
18.4459,0.0,134.727,0.0,0.0
18.4827,0.0,134.677,0.0,0.0
18.4815,0.0,132.811,0.0,0.0
18.453,0.0,134.411,0.0,0.0
18.4617,0.0,133.994,0.0,0.0
18.4517,0.0,134.311,0.0,0.0
18.4463,0.0,133.378,0.0,0.0
18.4522,0.0,134.161,0.0,0.0
18.4453,0.0,133.944,0.0,0.0
18.4645,0.0,133.211,0.0,0.0
18.473,0.0,134.444,0.0,0.0
18.4763,0.0,133.678,0.0,0.0
18.4749,0.0,133.894,0.0,0.0
18.4587,0.0,134.411,0.0,0.0
18.4487,0.0,133.878,0.0,0.0
18.4524,0.0,134.494,0.0,0.0
18.4719,0.0,133.111,0.0,0.0
18.4719,0.0,133.778,0.0,0.0
18.4567,0.0,134.027,0.0,0.0
18.4712,0.0,133.911,0.0,0.0
18.4845,0.0,135.86,0.0,0.0
18.4491,0.0,134.311,0.0,0.0
18.445,0.0,135.477,0.0,0.0
18.4717,0.0,134.244,0.0,0.0
18.4796,0.0,133.561,0.0,0.0
18.4648,0.0,133.578,0.0,0.0
18.438,0.0,134.477,0.0,0.0
18.4515,0.0,133.078,0.0,0.0
18.4552,0.0,135.91,0.0,0.0
18.4461,0.0,134.611,0.0,0.0
18.4543,0.0,134.227,0.0,0.0
18.4581,0.0,133.861,0.0,0.0
18.4675,0.0,133.261,0.0,0.0
18.4824,0.0,134.561,0.0,0.0
18.4758,0.0,134.86,0.0,0.0
18.48,0.0,133.961,0.0,0.0
18.478,0.0,135.26,0.0,0.0
18.461,0.0,134.077,0.0,0.0
18.4588,0.0,135.127,0.0,0.0
18.4496,0.0,132.528,0.0,0.0
18.4537,0.0,133.778,0.0,0.0
18.484,0.0,134.227,0.0,0.0
18.4794,0.0,135.843,0.0,0.0
18.4569,0.0,135.427,0.0,0.0
18.4471,0.0,132.645,0.0,0.0
18.439,0.0,134.794,0.0,0.0
18.4666,0.0,134.794,0.0,0.0
18.4946,0.0,134.261,0.0,0.0
18.4781,0.0,133.328,0.0,0.0
18.4657,0.0,133.844,0.0,0.0
18.4565,0.0,134.177,0.0,0.0
18.456,0.0,135.16,0.0,0.0
18.4764,0.0,135.077,0.0,0.0
18.4691,0.0,133.061,0.0,0.0
18.4474,0.0,135.21,0.0,0.0
18.4767,0.0,136.543,0.0,0.0
18.4948,0.0,134.527,0.0,0.0
18.457,0.0,134.094,0.0,0.0
18.4521,0.0,134.561,0.0,0.0
18.4706,0.0,133.811,0.0,0.0
18.4687,0.0,133.528,0.0,0.0
18.4633,0.0,134.86,0.0,0.0
18.4521,0.0,132.878,0.0,0.0
18.4477,0.0,134.644,0.0,0.0
18.4632,0.0,135.427,0.0,0.0
18.4684,0.0,135.477,0.0,0.0
18.4653,0.0,133.928,0.0,0.0
18.4642,0.0,134.261,0.0,0.0
18.4626,0.0,133.628,0.0,0.0
18.449,0.0,134.694,0.0,0.0
18.4493,0.0,134.261,0.0,0.0
18.458,0.0,135.594,0.0,0.0
18.4677,0.0,134.96,0.0,0.0
18.4571,0.0,133.628,0.0,0.0
18.4264,0.0,133.994,0.0,0.0
18.4525,0.0,135.077,0.0,0.0
18.4657,0.0,133.478,0.0,0.0
18.4409,0.0,133.961,0.0,0.0
18.4628,0.0,134.611,0.0,0.0
18.4568,0.0,134.994,0.0,0.0
18.4284,0.0,133.361,0.0,0.0
18.4493,0.0,133.628,0.0,0.0
18.4698,0.0,134.177,0.0,0.0
18.466,0.0,134.277,0.0,0.0
18.458,0.0,133.578,0.0,0.0
18.4585,0.0,135.327,0.0,0.0
18.4797,0.0,132.661,0.0,0.0
18.4643,0.0,134.994,0.0,0.0
18.4529,0.0,134.727,0.0,0.0
18.4625,0.0,132.845,0.0,0.0
18.4658,0.0,134.894,0.0,0.0
18.4593,0.0,132.661,0.0,0.0
18.4373,0.0,135.46,0.0,0.0
18.4423,0.0,133.511,0.0,0.0
18.4597,0.0,133.211,0.0,0.0
18.4605,0.0,135.41,0.0,0.0
18.4719,0.0,134.511,0.0,0.0
18.4695,0.0,135.094,0.0,0.0
18.4528,0.0,133.894,0.0,0.0
18.4603,0.0,135.81,0.0,0.0
18.477,0.0,133.861,0.0,0.0
18.4529,0.0,134.877,0.0,0.0
18.4475,0.0,135.377,0.0,0.0
18.4812,0.0,132.861,0.0,0.0
18.4691,0.0,133.344,0.0,0.0
18.432,0.0,135.044,0.0,0.0
18.4245,0.0,133.011,0.0,0.0
18.4473,0.0,132.811,0.0,0.0
18.4747,0.0,133.678,0.0,0.0
18.4746,0.0,133.894,0.0,0.0
18.4608,0.0,134.727,0.0,0.0
18.4593,0.0,134.577,0.0,0.0
18.4707,0.0,133.911,0.0,0.0
18.4522,0.0,133.944,0.0,0.0
18.4348,0.0,133.344,0.0,0.0
18.4553,0.0,134.277,0.0,0.0
18.4608,0.0,133.994,0.0,0.0
18.4408,0.0,133.228,0.0,0.0
18.4393,0.0,134.561,0.0,0.0
18.4568,0.0,133.195,0.0,0.0
18.467,0.0,134.577,0.0,0.0
18.4455,0.0,134.794,0.0,0.0
18.4482,0.0,135.61,0.0,0.0
18.4703,0.0,133.728,0.0,0.0
18.4472,0.0,134.794,0.0,0.0
18.453,0.0,135.777,0.0,0.0
18.4616,0.0,136.576,0.0,0.0
18.4345,0.0,132.978,0.0,0.0
18.4345,0.0,134.711,0.0,0.0
18.447,0.0,134.011,0.0,0.0
18.4624,0.0,134.061,0.0,0.0
18.4985,0.0,133.478,0.0,0.0
18.4956,0.0,134.294,0.0,0.0
18.4779,0.0,134.261,0.0,0.0
18.4817,0.0,134.461,0.0,0.0
18.4596,0.0,134.144,0.0,0.0
18.4304,0.0,134.411,0.0,0.0
18.4481,0.0,133.244,0.0,0.0
18.4739,0.0,133.511,0.0,0.0
18.4686,0.0,136.11,0.0,0.0
18.4581,0.0,135.677,0.0,0.0
18.458,0.0,134.877,0.0,0.0
18.488,0.0,133.444,0.0,0.0
18.4928,0.0,133.744,0.0,0.0
18.4594,0.0,133.728,0.0,0.0
18.4671,0.0,134.91,0.0,0.0
18.4711,0.0,133.944,0.0,0.0
18.4457,0.0,134.194,0.0,0.0
18.4699,0.0,133.961,0.0,0.0
18.4932,0.0,133.778,0.0,0.0
18.4778,0.0,132.711,0.0,0.0
18.4614,0.0,134.744,0.0,0.0
18.4529,0.0,134.311,0.0,0.0
18.465,0.0,134.761,0.0,0.0
18.4794,0.0,133.744,0.0,0.0
18.4766,0.0,132.112,0.0,0.0
