analog,analog_sterr,photon_counting,pc_sterr,overflow_info
16.4266,0.014017,122.776,0.85333,0.0
16.4305,0.0138604,125.176,0.835234,0.0
16.4652,0.0138778,123.787,0.84304,0.0
16.4595,0.0141015,124.662,0.848717,0.0
16.4497,0.0136235,125.998,0.83346,0.0
16.4379,0.0142696,122.279,0.841266,0.0
16.429,0.0142391,125.347,0.851556,0.0
16.4563,0.0140704,123.633,0.843395,0.0
16.4704,0.0142867,125.313,0.829557,0.0
16.4657,0.0140864,125.656,0.835234,0.0
16.448,0.0138519,124.199,0.834879,0.0
16.4366,0.0136222,124.936,0.833105,0.0
16.4554,0.0139324,124.747,0.846233,0.0
16.4524,0.0137729,123.702,0.832396,0.0
16.4596,0.0139126,125.707,0.822816,0.0
16.4836,0.0138666,125.039,0.840202,0.0
16.4588,0.0136342,124.267,0.848362,0.0
16.4509,0.0136152,124.953,0.858297,0.0
16.4688,0.0136531,123.805,0.83417,0.0
16.4456,0.013933,124.953,0.824235,0.0
16.4327,0.0136246,123.565,0.838427,0.0
16.4627,0.0135851,125.93,0.845169,0.0
16.4746,0.0140219,125.536,0.850136,0.0
16.4676,0.0135317,125.039,0.82317,0.0
16.4729,0.0139213,124.559,0.835944,0.0
16.4833,0.0132097,123.53,0.837363,0.0
16.4658,0.0136921,124.662,0.836299,0.0
16.4429,0.0139909,124.01,0.841976,0.0
16.4512,0.0142642,126.495,0.843395,0.0
16.4656,0.0140862,123.582,0.83346,0.0
16.4585,0.0140313,122.982,0.821751,0.0
16.4305,0.0140666,125.039,0.850846,0.0
16.4397,0.0139028,125.381,0.851556,0.0
16.4602,0.0138786,124.284,0.826364,0.0
16.4545,0.0136351,125.176,0.836653,0.0
16.4604,0.0139895,125.467,0.849782,0.0
16.4714,0.0132951,124.165,0.850136,0.0
16.4734,0.0137149,124.884,0.827428,0.0
16.4782,0.0135613,124.524,0.850136,0.0
16.4662,0.0138933,124.559,0.850846,0.0
16.4438,0.0137161,124.336,0.829557,0.0
16.4529,0.0135749,124.542,0.851556,0.0
16.4547,0.0135295,123.856,0.863264,0.0
16.4218,0.0136477,124.113,0.855104,0.0
16.4334,0.0142629,125.553,0.830622,0.0
16.4604,0.0134529,125.57,0.865393,0.0
16.4291,0.0136325,124.696,0.838427,0.0
16.4331,0.013651,123.702,0.835589,0.0
16.4753,0.0137048,125.57,0.849427,0.0
16.4686,0.0139129,124.404,0.837718,0.0
16.4376,0.0137285,125.398,0.856523,0.0
16.4516,0.0139193,125.278,0.838427,0.0
16.4679,0.0139236,124.01,0.822106,0.0
16.4523,0.0137719,124.233,0.835944,0.0
16.4542,0.0141709,124.49,0.84375,0.0
16.4546,0.0138933,125.707,0.854039,0.0
16.446,0.013769,124.781,0.839492,0.0
16.4631,0.0136605,126.598,0.82388,0.0
16.4905,0.0137536,123.222,0.843395,0.0
16.4715,0.0141598,123.873,0.834524,0.0
16.4492,0.0141586,124.73,0.852265,0.0
16.4544,0.0138422,124.13,0.848717,0.0
16.4459,0.013633,123.273,0.848362,0.0
16.4485,0.0135346,125.947,0.848362,0.0
16.4532,0.0136595,124.439,0.852975,0.0
16.4436,0.014089,123.77,0.839492,0.0
16.4477,0.0138407,125.33,0.842685,0.0
16.4503,0.0138682,125.193,0.856878,0.0
16.4424,0.0134004,125.09,0.839847,0.0
16.4567,0.0134892,124.85,0.820687,0.0
16.475,0.0135226,124.027,0.846233,0.0
16.4519,0.0134004,124.816,0.850136,0.0
16.4404,0.0138217,124.799,0.839847,0.0
16.4651,0.0139234,123.599,0.830622,0.0
16.4629,0.0139104,124.85,0.840911,0.0
16.4558,0.0138796,124.696,0.865748,0.0
16.4685,0.0137853,123.942,0.844104,0.0
16.4563,0.0136343,125.758,0.850846,0.0
16.4615,0.0136786,126.29,0.837363,0.0
16.4746,0.0135174,124.884,0.847653,0.0
16.4492,0.0143158,124.816,0.849427,0.0
16.4327,0.0136733,124.456,0.833815,0.0
16.4431,0.0135049,124.096,0.846588,0.0
16.4572,0.0135319,125.21,0.844104,0.0
16.4509,0.0141388,124.113,0.849072,0.0
16.439,0.0139696,124.662,0.860071,0.0
16.4438,0.0137796,125.81,0.849072,0.0
16.4458,0.0138756,124.336,0.852265,0.0
16.4477,0.0138166,125.398,0.84233,0.0
16.4753,0.0136838,125.296,0.835234,0.0
16.4811,0.0137144,124.816,0.837363,0.0
16.4639,0.0140015,125.073,0.831686,0.0
16.4578,0.0139224,123.359,0.838782,0.0
16.4555,0.0139701,125.227,0.834524,0.0
16.4514,0.0136058,124.85,0.840202,0.0
16.4538,0.0136063,123.65,0.845169,0.0
16.4488,0.0140767,124.696,0.835944,0.0
16.4392,0.0140386,124.662,0.846943,0.0
16.4366,0.0138736,125.587,0.850136,0.0
16.4407,0.0141471,123.89,0.846233,0.0
16.4374,0.0136983,124.404,0.836653,0.0
16.4517,0.0137048,124.01,0.849072,0.0
16.4683,0.0136975,123.085,0.859007,0.0
16.4566,0.0138417,123.051,0.845879,0.0
16.4624,0.0139458,123.582,0.841266,0.0
16.4591,0.0138499,123.719,0.826364,0.0
16.4491,0.0140555,123.976,0.842685,0.0
16.457,0.0139111,124.079,0.852265,0.0
16.4474,0.0134387,125.347,0.858297,0.0
16.4378,0.0137423,124.113,0.849072,0.0
16.4479,0.0136255,124.524,0.853684,0.0
16.4436,0.0137337,124.97,0.851556,0.0
16.4302,0.013693,124.987,0.84304,0.0
16.4488,0.0135717,124.781,0.85191,0.0
16.462,0.013817,124.884,0.816429,0.0
16.4551,0.0139228,125.381,0.827428,0.0
16.4693,0.0137685,124.919,0.859007,0.0
16.4546,0.0139565,125.021,0.847298,0.0
16.4375,0.0136665,124.61,0.828847,0.0
16.4384,0.0136693,123.496,0.834879,0.0
16.434,0.0137377,124.37,0.850136,0.0
16.4512,0.0139596,124.644,0.844104,0.0
16.4431,0.0138302,124.781,0.829557,0.0
16.43,0.0136956,125.347,0.85333,0.0
16.4535,0.0137454,124.559,0.850846,0.0
16.4595,0.013583,123.462,0.836299,0.0
16.4592,0.0140298,124.062,0.837718,0.0
16.4682,0.0140779,124.302,0.833105,0.0
16.4575,0.013603,124.833,0.848717,0.0
16.4558,0.0136104,123.393,0.845169,0.0
16.4661,0.013908,124.713,0.840202,0.0
16.4746,0.0137968,124.627,0.84233,0.0
16.4742,0.0133925,123.41,0.808978,0.0
16.4519,0.0134912,123.976,0.832041,0.0
16.45,0.0137599,124.456,0.837363,0.0
16.466,0.0137265,124.936,0.854394,0.0
16.4622,0.0140192,123.822,0.848717,0.0
16.4524,0.0135616,124.833,0.859362,0.0
16.4653,0.0136715,122.999,0.831331,0.0
16.4664,0.0135282,124.062,0.847298,0.0
16.4403,0.0136176,124.062,0.84304,0.0
16.4386,0.0136558,125.33,0.85191,0.0
16.4646,0.0142512,125.861,0.854394,0.0
16.4638,0.0140576,124.713,0.864684,0.0
16.4512,0.0136237,124.524,0.839847,0.0
16.4569,0.0140869,123.753,0.827073,0.0
16.4634,0.0138746,125.004,0.840911,0.0
16.453,0.0135769,125.004,0.830622,0.0
16.4383,0.013686,124.422,0.845879,0.0
16.4417,0.0134259,123.29,0.866103,0.0
16.4701,0.0136644,125.758,0.830267,0.0
16.4836,0.0137793,123.273,0.826719,0.0
16.4582,0.0140337,125.81,0.837718,0.0
16.4659,0.013766,124.627,0.826364,0.0
16.4819,0.0134492,123.668,0.845169,0.0
16.4717,0.01353,124.61,0.826364,0.0
16.4741,0.0135384,123.907,0.844459,0.0
16.4765,0.0138645,124.61,0.839137,0.0
16.4592,0.0134492,125.518,0.828493,0.0
16.4606,0.0137426,125.107,0.845879,0.0
16.4707,0.0137961,124.867,0.839492,0.0
16.4577,0.013591,126.033,0.841266,0.0
16.4575,0.0136718,124.267,0.838073,0.0
16.4734,0.013909,124.027,0.857942,0.0
16.4634,0.0140102,124.37,0.818558,0.0
16.4529,0.0137728,124.079,0.848007,0.0
16.4563,0.0134253,124.079,0.843395,0.0
16.4482,0.0137837,124.662,0.855459,0.0
16.4543,0.0135712,125.159,0.835234,0.0
16.4701,0.01389,124.284,0.835589,0.0
16.4577,0.013525,124.113,0.828138,0.0
16.4523,0.0139851,125.398,0.856168,0.0
16.4689,0.0139226,123.702,0.846588,0.0
16.4564,0.0137746,124.85,0.838782,0.0
16.4452,0.0139009,125.107,0.854394,0.0
16.4853,0.014276,125.484,0.849782,0.0
16.4795,0.0137103,125.381,0.853684,0.0
16.4365,0.0141324,125.947,0.860781,0.0
16.4361,0.0137681,124.199,0.828847,0.0
16.4474,0.0135447,124.387,0.830976,0.0
16.4418,0.0137632,124.473,0.857942,0.0
16.4421,0.0134214,124.593,0.845169,0.0
16.4459,0.0139395,122.982,0.848007,0.0
16.4463,0.0138886,125.056,0.819977,0.0
16.4534,0.0141351,124.147,0.846943,0.0
16.4419,0.0140358,124.662,0.850846,0.0
16.4276,0.0139485,122.982,0.826719,0.0
16.4355,0.0140089,124.284,0.859362,0.0
16.459,0.0137808,124.61,0.844104,0.0
16.47,0.0141135,124.01,0.820687,0.0
16.4876,0.0139412,124.987,0.859362,0.0
16.4668,0.0137832,123.599,0.833105,0.0
16.4294,0.01356,124.199,0.849427,0.0
16.4482,0.0138126,123.976,0.860781,0.0
16.4497,0.0138873,123.479,0.847653,0.0
16.4358,0.0138544,125.073,0.839847,0.0
16.4487,0.013786,123.153,0.851201,0.0
16.4446,0.013645,124.884,0.854039,0.0
16.4526,0.013851,124.507,0.832041,0.0
16.4655,0.0139557,124.559,0.849782,0.0
16.4655,0.0137057,124.422,0.843395,0.0
16.4746,0.0136259,125.073,0.838782,0.0
16.4671,0.013844,125.964,0.85262,0.0
16.4445,0.0136898,125.313,0.835589,0.0
16.4435,0.0142276,123.599,0.84304,0.0
16.4495,0.0144917,124.182,0.836653,0.0
16.4491,0.0136245,123.376,0.83417,0.0
16.4529,0.013737,126.101,0.845169,0.0
16.4587,0.0136789,125.073,0.848007,0.0
16.462,0.0141048,124.439,0.845169,0.0
16.463,0.0139471,124.799,0.837363,0.0
16.4683,0.0139414,125.09,0.851201,0.0
16.477,0.0139707,124.37,0.871425,0.0
16.4571,0.0138313,124.747,0.856168,0.0
16.4506,0.0138344,125.656,0.829912,0.0
16.4657,0.013963,124.662,0.839137,0.0
16.4502,0.0138526,124.679,0.836653,0.0
16.4525,0.0138713,124.302,0.854749,0.0
16.4619,0.0139505,123.959,0.844104,0.0
16.4511,0.0136148,126.684,0.848007,0.0
16.4503,0.0134643,122.331,0.8143,0.0
16.4397,0.0138529,124.439,0.840202,0.0
16.439,0.0141526,124.165,0.844814,0.0
16.4514,0.0141321,123.342,0.844459,0.0
16.4418,0.0136422,124.644,0.844459,0.0
16.4207,0.013723,124.507,0.866458,0.0
16.4401,0.0137643,125.45,0.840556,0.0
16.4579,0.0140085,125.004,0.845879,0.0
16.4513,0.0135669,123.719,0.846943,0.0
16.4634,0.0136396,126.033,0.841976,0.0
16.4576,0.0136012,124.216,0.831686,0.0
16.4411,0.0137276,124.062,0.850846,0.0
16.4547,0.013682,123.496,0.837008,0.0
16.4616,0.0138591,122.862,0.870716,0.0
16.4517,0.0136567,123.753,0.839492,0.0
16.46,0.0138193,125.09,0.857587,0.0
16.4711,0.0141224,123.496,0.839492,0.0
16.4604,0.0137759,125.604,0.859362,0.0
16.4421,0.013411,125.296,0.854394,0.0
16.4416,0.0135897,125.21,0.857942,0.0
16.4715,0.0134893,124.936,0.859007,0.0
16.491,0.0139381,123.29,0.821396,0.0
16.474,0.013399,125.433,0.846943,0.0
16.4686,0.013914,124.456,0.86149,0.0
16.4559,0.0133617,123.736,0.844814,0.0
16.4394,0.0141887,124.576,0.844814,0.0
16.4635,0.0140653,124.216,0.846233,0.0
16.4628,0.0136148,126.307,0.849072,0.0
16.4333,0.0137791,124.267,0.849782,0.0
16.4341,0.0139368,125.913,0.830267,0.0
16.4536,0.0136298,124.559,0.837718,0.0
16.4533,0.0137854,125.913,0.861845,0.0
16.4471,0.0138157,124.799,0.85262,0.0
16.4573,0.0141468,125.227,0.842685,0.0
16.4635,0.0136489,124.61,0.854749,0.0
16.4513,0.0140826,125.895,0.83346,0.0
16.4528,0.0143286,124.987,0.832396,0.0
16.4613,0.0142201,123.942,0.838427,0.0
16.459,0.0140894,124.302,0.844104,0.0
16.4549,0.013882,124.799,0.84375,0.0
16.4506,0.0139179,124.901,0.825654,0.0
16.448,0.0135945,124.696,0.837718,0.0
16.4598,0.0137415,125.107,0.851201,0.0
16.4672,0.0136506,125.518,0.836653,0.0
16.4368,0.0136445,124.97,0.831686,0.0
16.4536,0.0138445,124.833,0.824944,0.0
16.4751,0.0139866,123.822,0.826009,0.0
16.428,0.0137471,124.267,0.827073,0.0
16.4228,0.0137521,125.724,0.833815,0.0
16.4483,0.013659,125.656,0.839492,0.0
16.449,0.0135821,125.707,0.835944,0.0
16.4574,0.0138666,123.308,0.847653,0.0
16.4525,0.0139454,124.953,0.853684,0.0
16.4616,0.0137178,125.021,0.825299,0.0
16.4653,0.0134746,123.925,0.853684,0.0
16.4415,0.0136904,125.827,0.855104,0.0
16.4476,0.0134716,123.65,0.836653,0.0
16.4623,0.013458,123.993,0.856523,0.0
16.449,0.0140561,123.907,0.855104,0.0
16.4541,0.0137978,124.353,0.852265,0.0
16.4869,0.0141999,124.953,0.84375,0.0
16.4608,0.0136523,126.221,0.815719,0.0
16.4452,0.013802,123.856,0.837718,0.0
16.4685,0.0138683,125.176,0.83275,0.0
16.4577,0.0136068,124.764,0.838073,0.0
16.4435,0.0140409,126.41,0.836653,0.0
16.4528,0.0138023,124.936,0.844459,0.0
16.4587,0.0137282,125.124,0.859362,0.0
16.4428,0.0142006,124.113,0.828138,0.0
16.442,0.0139981,124.284,0.844459,0.0
16.4737,0.0139334,126.118,0.854039,0.0
16.4719,0.0138331,123.65,0.855459,0.0
16.456,0.0137402,124.919,0.836653,0.0
16.4691,0.013733,124.473,0.826364,0.0
16.4721,0.0138687,124.165,0.862555,0.0
16.4827,0.013915,124.387,0.826719,0.0
16.4811,0.0137527,122.845,0.840202,0.0
16.4586,0.0136454,125.878,0.867877,0.0
16.4683,0.0137238,124.13,0.820687,0.0
16.4737,0.0136894,124.027,0.837718,0.0
16.4471,0.0139151,124.73,0.863974,0.0
16.44,0.0137178,123.719,0.846588,0.0
16.4509,0.0136235,124.833,0.822461,0.0
16.4456,0.0134234,123.462,0.857942,0.0
16.4314,0.0136967,125.81,0.855813,0.0
16.4298,0.0134578,124.833,0.835944,0.0
16.4412,0.013963,123.222,0.817493,0.0
16.4613,0.0138281,125.656,0.844459,0.0
16.4673,0.013557,124.507,0.845169,0.0
16.476,0.0136831,124.816,0.865393,0.0
16.4857,0.01378,125.313,0.829202,0.0
16.4726,0.0136295,124.267,0.830622,0.0
16.4485,0.0137841,124.353,0.84233,0.0
16.4361,0.0135721,124.456,0.831331,0.0
16.4503,0.0142616,123.119,0.827783,0.0
16.4554,0.0136766,123.993,0.821396,0.0
16.4403,0.0138788,123.942,0.835944,0.0
16.4457,0.0137383,123.805,0.830267,0.0
16.4568,0.013856,124.336,0.863619,0.0
16.468,0.0137097,124.559,0.825654,0.0
16.4816,0.013699,124.062,0.844104,0.0
16.4709,0.0138254,124.182,0.825654,0.0
16.4628,0.013699,123.565,0.861136,0.0
16.4534,0.0140342,124.901,0.836299,0.0
16.4551,0.0141638,125.313,0.844814,0.0
16.4713,0.0139938,124.781,0.845169,0.0
16.4675,0.0139455,125.416,0.824944,0.0
16.4435,0.0139758,124.542,0.826364,0.0
16.4288,0.0136125,123.822,0.84375,0.0
16.4641,0.0136691,124.199,0.837363,0.0
16.4721,0.0135553,125.073,0.850491,0.0
16.4502,0.0136782,124.764,0.827428,0.0
16.4581,0.0138134,125.021,0.834524,0.0
16.46,0.0135273,124.696,0.827783,0.0
16.4647,0.0135773,123.153,0.855104,0.0
16.4608,0.0137105,122.125,0.839137,0.0
16.4414,0.013829,124.199,0.815364,0.0
16.4555,0.0136409,124.764,0.828493,0.0
16.4683,0.0138431,125.913,0.828493,0.0
16.4534,0.0139747,124.593,0.847653,0.0
16.4302,0.0139702,123.393,0.84233,0.0
16.4218,0.0134129,124.884,0.854394,0.0
16.4473,0.0139314,124.49,0.84233,0.0
16.4648,0.0139578,124.353,0.85191,0.0
16.4573,0.0137153,125.656,0.838782,0.0
16.459,0.0135626,125.347,0.84375,0.0
16.4647,0.0134737,125.981,0.845169,0.0
16.4698,0.0139401,123.907,0.845169,0.0
16.471,0.0139269,125.553,0.849782,0.0
16.4755,0.0140461,123.719,0.807559,0.0
16.4686,0.0135542,123.787,0.827783,0.0
16.4472,0.0135357,124.353,0.848362,0.0
16.4353,0.0136887,125.33,0.821042,0.0
16.4573,0.0135383,122.879,0.831331,0.0
16.4732,0.0137471,124.627,0.861136,0.0
16.4569,0.0134391,124.799,0.831331,0.0
16.4402,0.0136574,123.805,0.83417,0.0
16.432,0.0136584,123.342,0.837718,0.0
16.4454,0.0136187,125.518,0.848007,0.0
16.4669,0.0135556,125.998,0.835589,0.0
16.4572,0.0135949,124.13,0.846943,0.0
16.4575,0.0136455,125.433,0.849427,0.0
16.4734,0.0137528,124.01,0.813945,0.0
16.4575,0.0136618,124.713,0.839847,0.0
16.4528,0.0140767,125.261,0.840556,0.0
16.4532,0.0138335,124.542,0.846943,0.0
16.4398,0.0135295,124.045,0.838427,0.0
16.4453,0.0135434,124.302,0.836299,0.0
16.4581,0.0135641,124.267,0.831686,0.0
16.4771,0.013359,123.685,0.837363,0.0
16.4837,0.0138384,125.176,0.838073,0.0
16.4655,0.0140448,124.713,0.856168,0.0
16.4501,0.0139724,125.296,0.831686,0.0
16.4388,0.014043,122.639,0.827783,0.0
16.4406,0.013643,123.822,0.855459,0.0
16.4453,0.0136667,125.33,0.829557,0.0
16.438,0.0137448,124.816,0.840911,0.0
16.4383,0.013941,123.77,0.837008,0.0
16.4488,0.0137389,123.993,0.836299,0.0
16.4601,0.0133674,126.872,0.838427,0.0
16.4611,0.0138664,123.907,0.859716,0.0
16.4447,0.0135474,126.067,0.849072,0.0
16.4666,0.0140658,124.816,0.835589,0.0
16.4712,0.0139829,124.027,0.840911,0.0
16.445,0.013931,125.141,0.85333,0.0
16.4734,0.0137798,124.576,0.839847,0.0
16.4712,0.0138938,124.644,0.837363,0.0
16.4402,0.0138091,124.37,0.834524,0.0
16.4459,0.013838,122.725,0.821042,0.0
16.4598,0.0139124,124.953,0.850491,0.0
16.4646,0.0136708,123.239,0.85262,0.0
16.4594,0.0139127,124.439,0.825299,0.0
16.4514,0.0137969,124.045,0.835589,0.0
16.448,0.0137615,124.079,0.842685,0.0
16.4508,0.013903,125.381,0.82317,0.0
16.4517,0.0137411,123.77,0.799043,0.0
16.4402,0.0138005,125.484,0.848007,0.0
16.4649,0.0135736,123.188,0.849427,0.0
16.4772,0.0138032,124.696,0.828847,0.0
16.4614,0.0136466,125.124,0.829912,0.0
16.4681,0.0138554,123.085,0.845879,0.0
16.4562,0.0136981,124.439,0.857942,0.0
16.4413,0.0137361,122.639,0.827783,0.0
16.4456,0.0137804,124.627,0.844459,0.0
16.4393,0.013697,123.89,0.865748,0.0
16.4316,0.0137783,124.696,0.835234,0.0
16.4484,0.0135352,124.13,0.84304,0.0
16.4577,0.0135315,124.49,0.837718,0.0
16.4752,0.0138472,124.49,0.823525,0.0
16.4739,0.0135081,125.21,0.82459,0.0
16.4614,0.0135426,123.479,0.838073,0.0
16.4508,0.0137549,125.45,0.845524,0.0
16.4491,0.0135573,124.884,0.837718,0.0
16.4647,0.0137036,125.09,0.829912,0.0
16.4534,0.0139057,123.856,0.840202,0.0
16.4445,0.0138548,125.775,0.847653,0.0
16.4517,0.0134552,122.999,0.846943,0.0
16.4448,0.0137542,124.85,0.83275,0.0
16.4379,0.0141311,123.839,0.847653,0.0
16.4446,0.0136952,124.01,0.850136,0.0
16.4731,0.0137195,125.81,0.842685,0.0
16.4854,0.0137718,124.644,0.806849,0.0
16.454,0.0134897,123.907,0.822461,0.0
16.4387,0.0138834,124.216,0.839492,0.0
16.4499,0.0139447,125.518,0.840911,0.0
16.4426,0.014134,125.381,0.822461,0.0
16.4561,0.0137682,126.067,0.841266,0.0
16.472,0.013685,124.182,0.839137,0.0
16.4527,0.0139117,123.102,0.817493,0.0
16.4479,0.0139279,125.261,0.826009,0.0
16.4683,0.0135191,125.296,0.833105,0.0
16.4554,0.0135341,124.473,0.831331,0.0
16.4432,0.0136734,124.507,0.850846,0.0
16.4586,0.0137722,125.673,0.850846,0.0
16.4776,0.013977,125.244,0.836653,0.0
16.4838,0.0135741,124.816,0.860071,0.0
16.4647,0.013889,124.027,0.846943,0.0
16.4485,0.0137955,124.25,0.852265,0.0
16.4557,0.0135988,124.901,0.868942,0.0
16.4462,0.0136969,124.953,0.87178,0.0
16.4523,0.0140224,124.182,0.814655,0.0
16.4586,0.0140794,124.85,0.846233,0.0
16.455,0.0143708,124.524,0.845169,0.0
16.4513,0.014039,124.867,0.837718,0.0
16.4331,0.0140779,122.759,0.827428,0.0
16.4122,0.0140191,124.919,0.832041,0.0
16.4237,0.0140178,124.542,0.83417,0.0
16.4419,0.0143035,124.867,0.851201,0.0
16.4329,0.0141807,124.662,0.841621,0.0
16.4357,0.0138587,124.37,0.835589,0.0
16.4675,0.0139904,123.805,0.845524,0.0
16.4613,0.014286,124.764,0.852265,0.0
16.4351,0.0135403,125.193,0.83346,0.0
16.4501,0.0135724,124.165,0.828847,0.0
16.4656,0.0137561,123.736,0.83275,0.0
16.4524,0.0138206,124.199,0.843395,0.0
16.4501,0.0140598,126.153,0.851201,0.0
16.4566,0.0138126,124.199,0.83346,0.0
16.4416,0.0138761,124.884,0.845879,0.0
16.4328,0.014139,124.216,0.852975,0.0
16.4429,0.0136982,124.73,0.828138,0.0
16.4564,0.0138414,124.576,0.84304,0.0
16.4605,0.0140432,125.039,0.840202,0.0
16.4737,0.013991,125.553,0.848717,0.0
16.4672,0.0141016,124.936,0.826719,0.0
16.4505,0.0137339,124.336,0.836299,0.0
16.4457,0.0139662,123.479,0.846588,0.0
16.4442,0.013609,125.381,0.84304,0.0
16.4543,0.0140404,124.542,0.840202,0.0
16.4504,0.0140172,125.159,0.84375,0.0
16.4476,0.0142131,124.473,0.815364,0.0
16.4507,0.0139416,125.056,0.84375,0.0
16.4447,0.0138501,124.267,0.833105,0.0
16.4416,0.0136644,125.193,0.842685,0.0
16.4489,0.013602,124.542,0.84304,0.0
16.4587,0.0134649,124.713,0.854039,0.0
16.4589,0.0138196,125.056,0.824944,0.0
16.4459,0.0139963,125.381,0.817493,0.0
16.4542,0.0139269,124.456,0.856878,0.0
16.4699,0.0136951,123.753,0.845169,0.0
16.4651,0.013993,123.856,0.855813,0.0
16.4486,0.0134586,124.113,0.833105,0.0
16.442,0.0139644,123.787,0.859007,0.0
16.4418,0.0137634,124.13,0.832396,0.0
16.4484,0.013554,124.062,0.841266,0.0
16.4762,0.0139528,126.838,0.858297,0.0
16.4694,0.0142333,123.736,0.859362,0.0
16.4347,0.0140416,125.313,0.839492,0.0
16.4544,0.0134634,124.867,0.837363,0.0
16.4781,0.0134975,124.679,0.837718,0.0
16.4627,0.0134067,124.062,0.845524,0.0
16.4398,0.0135324,125.467,0.837363,0.0
16.454,0.0132583,124.662,0.849427,0.0
16.4811,0.013739,124.576,0.832041,0.0
16.4574,0.0139165,124.284,0.835234,0.0
16.4532,0.0137944,124.61,0.816074,0.0
16.4817,0.0137808,123.325,0.84233,0.0
16.4674,0.0137329,125.347,0.847653,0.0
16.4556,0.0138283,123.41,0.857587,0.0
16.451,0.0137498,124.61,0.819267,0.0
16.4456,0.0138941,124.542,0.854749,0.0
16.4568,0.0139192,125.827,0.835944,0.0
16.4614,0.0137551,126.17,0.840911,0.0
16.4504,0.0138285,125.159,0.846943,0.0
16.4475,0.0140453,125.227,0.84304,0.0
16.44,0.0137449,124.302,0.840911,0.0
16.4452,0.0138032,123.873,0.833105,0.0
16.4613,0.0140553,124.13,0.821042,0.0
16.446,0.0140419,124.867,0.83417,0.0
16.4392,0.0140558,125.381,0.826364,0.0
16.4604,0.0139487,123.273,0.856523,0.0
16.451,0.0136494,124.679,0.857587,0.0
16.4496,0.0137178,125.381,0.826719,0.0
16.4638,0.0137954,125.039,0.858652,0.0
16.4593,0.0135762,125.107,0.85262,0.0
16.4566,0.0136586,123.907,0.832396,0.0
16.4736,0.0137257,124.919,0.838073,0.0
16.4729,0.0136967,125.056,0.83417,0.0
16.4602,0.0137726,124.216,0.848007,0.0
16.4663,0.013678,124.01,0.83346,0.0
16.4645,0.013717,124.37,0.847653,0.0
16.4592,0.0136517,123.033,0.833815,0.0
16.4461,0.0135519,124.781,0.828847,0.0
16.4492,0.0136006,126.324,0.844104,0.0
16.4641,0.0134689,124.422,0.839492,0.0
16.4444,0.0137935,123.325,0.84304,0.0
16.431,0.0138604,123.565,0.841621,0.0
16.4463,0.0133162,124.644,0.835234,0.0
16.457,0.0134676,123.239,0.840202,0.0
16.457,0.0137073,126.804,0.840202,0.0
16.4545,0.0138983,124.662,0.838427,0.0
16.4531,0.0136872,122.451,0.846943,0.0
16.4663,0.0137959,123.976,0.846943,0.0
16.4818,0.0137716,124.507,0.802946,0.0
16.4691,0.0136863,125.467,0.829202,0.0
16.4523,0.0137399,123.976,0.824944,0.0
16.4537,0.0140792,125.518,0.831686,0.0
16.4531,0.0139134,123.462,0.846233,0.0
16.4608,0.013923,125.039,0.850846,0.0
16.4681,0.0136101,126.221,0.872844,0.0
16.4487,0.0137019,124.01,0.842685,0.0
16.4497,0.0138281,124.953,0.841266,0.0
16.4667,0.0139016,125.159,0.848362,0.0
16.4583,0.0137251,123.719,0.849427,0.0
16.4557,0.013744,124.644,0.851201,0.0
16.4707,0.013535,124.13,0.852265,0.0
16.4784,0.0140122,123.496,0.871425,0.0
16.4577,0.0139554,125.844,0.858652,0.0
16.4644,0.01386,124.353,0.838073,0.0
16.4785,0.0135999,123.53,0.826364,0.0
16.453,0.013875,124.696,0.848362,0.0
16.4442,0.0137552,124.97,0.851201,0.0
16.4578,0.0131372,124.936,0.847653,0.0
16.452,0.0134904,124.267,0.838782,0.0
16.459,0.0136947,124.781,0.846943,0.0
16.4796,0.0137055,124.901,0.844459,0.0
16.4862,0.01391,124.713,0.830976,0.0
16.4742,0.0139053,124.97,0.829912,0.0
16.4439,0.0138123,125.553,0.845169,0.0
16.4493,0.0139939,123.959,0.850136,0.0
16.4681,0.0140108,124.781,0.841976,0.0
16.447,0.0144121,123.616,0.856168,0.0
16.4485,0.0141627,123.325,0.835944,0.0
16.4654,0.0138466,124.439,0.811107,0.0
16.4494,0.0142594,125.621,0.82317,0.0
16.467,0.0135442,124.867,0.838782,0.0
16.4873,0.0141024,124.85,0.842685,0.0
16.4738,0.0137777,125.176,0.845169,0.0
16.4462,0.0136069,124.559,0.838782,0.0
16.4232,0.013872,125.313,0.868587,0.0
16.4451,0.0135164,124.833,0.83275,0.0
16.4657,0.0136655,124.816,0.85262,0.0
16.4636,0.0139637,124.542,0.85191,0.0
16.4763,0.0139399,125.638,0.844104,0.0
16.4686,0.0139014,125.296,0.824944,0.0
16.4437,0.0138438,124.37,0.844459,0.0
16.452,0.0137046,124.027,0.822106,0.0
16.456,0.0138125,124.542,0.835944,0.0
16.4487,0.013634,124.833,0.841976,0.0
16.4532,0.0139854,124.336,0.855104,0.0
16.4588,0.0136937,123.822,0.823525,0.0
16.4582,0.0141758,125.227,0.854394,0.0
16.4504,0.0139441,124.867,0.867167,0.0
16.4216,0.0137915,125.176,0.83275,0.0
16.431,0.0137601,125.638,0.82388,0.0
16.4465,0.0138059,124.559,0.84233,0.0
16.4334,0.013865,125.33,0.862555,0.0
16.4432,0.0137919,124.216,0.83417,0.0
16.4657,0.01385,124.524,0.846588,0.0
16.476,0.0137629,123.513,0.838073,0.0
16.4671,0.0139783,124.644,0.832396,0.0
16.4489,0.0137718,124.97,0.830976,0.0
16.4548,0.0139586,124.747,0.86291,0.0
16.4618,0.0138258,124.507,0.835589,0.0
16.4722,0.0135593,125.364,0.847298,0.0
16.4724,0.0138262,123.856,0.861845,0.0
16.4597,0.013824,123.993,0.82459,0.0
16.4428,0.0139533,124.302,0.854394,0.0
16.4405,0.0138671,123.668,0.822816,0.0
16.455,0.0138926,123.719,0.858297,0.0
16.4598,0.0137845,124.576,0.844814,0.0
16.4527,0.0137632,125.878,0.84233,0.0
16.4497,0.0140306,125.039,0.838073,0.0
16.4407,0.0139577,123.89,0.8622,0.0
16.4344,0.014044,125.073,0.831331,0.0
16.4396,0.0141575,124.576,0.826364,0.0
16.4496,0.014044,124.079,0.826364,0.0
16.4604,0.0138,125.621,0.834524,0.0
16.4398,0.0135404,123.89,0.843395,0.0
16.442,0.0138611,123.907,0.856168,0.0
16.4689,0.0138492,124.884,0.839137,0.0
16.4588,0.0137014,123.856,0.830976,0.0
16.4574,0.0134038,124.713,0.84375,0.0
16.4488,0.0141062,124.61,0.848362,0.0
16.4475,0.0139766,123.925,0.83417,0.0
16.4646,0.0140089,125.296,0.842685,0.0
16.4516,0.0134383,123.976,0.829557,0.0
16.445,0.0135428,123.685,0.835589,0.0
16.4591,0.0138381,123.976,0.832396,0.0
16.4568,0.0137206,125.004,0.854039,0.0
16.4513,0.0136811,124.679,0.835234,0.0
16.4563,0.0139523,124.884,0.817139,0.0
16.4637,0.0134992,124.799,0.838782,0.0
16.4777,0.0138558,125.947,0.860426,0.0
16.4572,0.0138331,125.021,0.839847,0.0
16.4506,0.0138457,126.444,0.833815,0.0
16.483,0.0140193,123.445,0.830976,0.0
16.4669,0.0136732,123.633,0.847653,0.0
16.4442,0.0139788,125.056,0.840202,0.0
16.4627,0.0134644,124.936,0.85191,0.0
16.4771,0.0139443,124.833,0.854394,0.0
16.4822,0.0135041,123.925,0.817848,0.0
16.4708,0.0140857,123.273,0.841621,0.0
16.4556,0.0141546,124.182,0.840202,0.0
16.4599,0.013921,123.736,0.841976,0.0
16.4421,0.0138087,125.587,0.87178,0.0
16.4337,0.0138577,126.084,0.837718,0.0
16.4427,0.0138762,123.119,0.850136,0.0
16.4373,0.0141087,124.627,0.839847,0.0
16.4489,0.0140403,124.97,0.848362,0.0
16.4707,0.0136579,123.925,0.842685,0.0
16.4518,0.0137778,124.473,0.846588,0.0
16.4279,0.0134339,124.542,0.836299,0.0
16.4707,0.0135998,125.433,0.851201,0.0
16.4844,0.0136593,123.976,0.858297,0.0
16.4474,0.0139832,125.227,0.838073,0.0
16.4472,0.013646,124.113,0.851556,0.0
16.4441,0.0134611,124.233,0.836653,0.0
16.4223,0.0138999,124.336,0.845524,0.0
16.4443,0.0140767,124.422,0.827783,0.0
16.4567,0.0137516,125.707,0.853684,0.0
16.4368,0.0139615,123.77,0.84233,0.0
16.4531,0.013557,124.216,0.834879,0.0
16.4685,0.013613,124.833,0.854749,0.0
16.451,0.0138122,124.764,0.844104,0.0
16.4376,0.0136769,125.21,0.859007,0.0
16.4497,0.013722,124.884,0.831331,0.0
16.4622,0.013745,123.822,0.841266,0.0
16.4521,0.0138077,125.107,0.837718,0.0
16.4433,0.0138494,123.119,0.839847,0.0
16.4675,0.0135544,125.484,0.843395,0.0
16.4799,0.0139098,125.021,0.845524,0.0
16.4598,0.0136853,123.959,0.813945,0.0
16.4488,0.0138242,125.673,0.828847,0.0
16.464,0.0141302,124.387,0.847298,0.0
16.4554,0.0142632,124.01,0.866103,0.0
16.4379,0.0141742,125.69,0.854394,0.0
16.4631,0.013796,124.507,0.854394,0.0
16.4691,0.0139855,125.45,0.864329,0.0
16.4603,0.0137132,125.793,0.841976,0.0
16.4769,0.0137822,122.639,0.836653,0.0
16.4662,0.0139067,123.29,0.845879,0.0
16.4331,0.0135653,124.901,0.839847,0.0
16.4471,0.0137889,123.736,0.845524,0.0
16.4725,0.0134583,125.518,0.859716,0.0
16.4472,0.0135949,123.41,0.831331,0.0
16.4378,0.0140019,124.61,0.820332,0.0
16.4612,0.0135901,123.787,0.849072,0.0
16.4453,0.0136112,123.65,0.84233,0.0
16.4436,0.0137988,123.702,0.829912,0.0
16.473,0.0136366,124.764,0.859362,0.0
16.4616,0.0139463,125.416,0.847298,0.0
16.4494,0.0138376,123.719,0.830976,0.0
16.4512,0.0139087,124.696,0.828138,0.0
16.4523,0.0136854,124.747,0.819977,0.0
16.4504,0.01378,126.478,0.83417,0.0
16.4402,0.0139363,124.027,0.839492,0.0
16.4517,0.014058,122.605,0.825299,0.0
16.4583,0.0140898,123.53,0.827428,0.0
16.4348,0.0138681,125.296,0.830267,0.0
16.4446,0.0139393,124.833,0.864329,0.0
16.469,0.0137505,124.233,0.821396,0.0
16.4588,0.0135809,124.233,0.832041,0.0
16.4555,0.0136623,124.627,0.829202,0.0
16.4405,0.0137538,124.542,0.83417,0.0
16.4234,0.0139559,124.13,0.852265,0.0
16.4557,0.0140769,124.182,0.850491,0.0
16.4745,0.013983,124.987,0.831331,0.0
16.4504,0.0137722,124.473,0.824235,0.0
16.4472,0.0136977,123.65,0.829202,0.0
16.4636,0.0139548,125.004,0.840911,0.0
16.4525,0.0138879,124.302,0.84304,0.0
16.4495,0.0135727,125.296,0.839847,0.0
16.4586,0.0134803,125.724,0.845879,0.0
16.4373,0.0134883,124.404,0.847298,0.0
16.4275,0.0136594,124.062,0.845169,0.0
16.4389,0.0141447,123.188,0.863619,0.0
16.4616,0.0136383,126.495,0.829202,0.0
16.4753,0.0138248,122.999,0.829202,0.0
16.4499,0.0137277,124.079,0.854749,0.0
16.4396,0.0136059,125.501,0.833815,0.0
16.467,0.0138258,124.644,0.846233,0.0
16.4563,0.0141419,123.839,0.845879,0.0
16.4254,0.0142088,124.336,0.853684,0.0
16.4554,0.0136822,124.165,0.815364,0.0
16.4784,0.0138508,123.308,0.845169,0.0
16.4639,0.0139131,124.25,0.848362,0.0
16.4625,0.0141728,123.496,0.845169,0.0
16.47,0.0140045,124.747,0.850491,0.0
16.4645,0.0133668,125.947,0.844814,0.0
16.4514,0.0137845,124.147,0.851201,0.0
16.4501,0.0134879,125.33,0.810397,0.0
16.4643,0.0139963,123.873,0.841621,0.0
16.4661,0.0136413,125.004,0.838427,0.0
16.4507,0.0136529,124.284,0.847298,0.0
16.4455,0.0135203,125.176,0.845169,0.0
16.4553,0.0137118,124.319,0.833815,0.0
16.4635,0.0138792,125.313,0.821751,0.0
16.4596,0.0134599,123.616,0.836299,0.0
16.4489,0.0136248,124.062,0.852975,0.0
16.4608,0.0139465,124.97,0.838073,0.0
16.4743,0.0139236,124.696,0.83417,0.0
16.4647,0.0137756,125.621,0.834524,0.0
16.4466,0.0142048,124.336,0.832041,0.0
16.4653,0.0140031,124.302,0.857942,0.0
16.4726,0.0140801,124.37,0.851201,0.0
16.4551,0.0138589,124.781,0.836299,0.0
16.4632,0.0136947,123.719,0.841976,0.0
16.4728,0.0139818,123.582,0.837363,0.0
16.4548,0.0140167,125.347,0.835944,0.0
16.4366,0.0138405,123.702,0.835234,0.0
16.4338,0.0136962,122.245,0.837718,0.0
16.4478,0.0135874,125.364,0.821396,0.0
16.4343,0.013941,124.73,0.829912,0.0
16.4429,0.0137567,124.816,0.839492,0.0
16.4769,0.0136927,126.752,0.83417,0.0
16.4609,0.013739,125.278,0.840556,0.0
16.4529,0.0138072,125.039,0.848007,0.0
16.47,0.0136184,125.724,0.844814,0.0
16.4551,0.013802,123.925,0.829912,0.0
16.4357,0.0139504,123.959,0.838427,0.0
16.4526,0.0139228,125.004,0.843395,0.0
16.4645,0.0136406,125.467,0.808623,0.0
16.452,0.0136884,124.816,0.836299,0.0
16.4478,0.0138384,124.25,0.83417,0.0
16.4319,0.0137695,124.284,0.833105,0.0
16.4255,0.0136814,123.445,0.818203,0.0
16.4434,0.0135334,124.696,0.832041,0.0
16.4458,0.013775,125.553,0.833105,0.0
16.4476,0.0138692,124.37,0.849072,0.0
16.4383,0.0138463,124.524,0.834524,0.0
16.4426,0.0140425,124.85,0.844814,0.0
16.4762,0.0138062,124.901,0.838782,0.0
16.4643,0.014227,125.21,0.882424,0.0
16.4418,0.0134444,124.37,0.840202,0.0
16.4703,0.0140547,125.501,0.829912,0.0
16.4939,0.0136501,123.873,0.83275,0.0
16.461,0.013811,124.884,0.838782,0.0
16.4493,0.013594,125.176,0.824944,0.0
16.4552,0.0139871,124.627,0.829557,0.0
16.4431,0.0135863,124.713,0.830976,0.0
16.4483,0.0137286,125.296,0.854749,0.0
16.4669,0.0138041,123.89,0.835234,0.0
16.4618,0.013521,125.947,0.855813,0.0
16.4418,0.01343,125.278,0.850846,0.0
16.4413,0.0134831,124.867,0.811816,0.0
16.4445,0.0134374,125.467,0.849072,0.0
16.435,0.0138216,123.359,0.846233,0.0
16.4515,0.013704,124.816,0.839492,0.0
16.4772,0.0141549,124.919,0.847653,0.0
16.4671,0.01408,123.753,0.85262,0.0
16.4463,0.0136874,124.936,0.821396,0.0
16.4543,0.0136131,125.124,0.82317,0.0
16.4688,0.0136692,123.273,0.822106,0.0
16.474,0.0138878,124.473,0.839847,0.0
16.4659,0.0140002,125.09,0.842685,0.0
16.4634,0.0138119,124.49,0.845524,0.0
16.4574,0.0136637,124.165,0.831686,0.0
16.4491,0.0138599,123.959,0.85191,0.0
16.4729,0.013661,125.621,0.839137,0.0
16.4699,0.0139259,124.49,0.813945,0.0
16.4491,0.0139106,124.113,0.837008,0.0
16.4601,0.0137825,124.867,0.845879,0.0
16.4378,0.0140701,124.833,0.843395,0.0
16.4147,0.013954,123.068,0.830976,0.0
16.4378,0.0141282,126.05,0.848362,0.0
16.4527,0.0137874,124.216,0.85191,0.0
16.4485,0.0136766,124.319,0.832041,0.0
16.454,0.0139787,124.61,0.856878,0.0
16.4603,0.0137105,124.062,0.821396,0.0
16.4744,0.0138014,123.119,0.860781,0.0
16.4749,0.0135191,123.376,0.838073,0.0
16.4385,0.0139103,125.57,0.846233,0.0
16.4304,0.0140071,124.473,0.828847,0.0
16.454,0.0140244,125.604,0.849072,0.0
16.4647,0.0138692,125.998,0.857587,0.0
16.4714,0.0141178,125.107,0.844104,0.0
16.4615,0.014078,123.839,0.830622,0.0
16.4507,0.0137021,123.273,0.826719,0.0
16.4548,0.0134834,124.079,0.838427,0.0
16.4528,0.0137401,124.284,0.835944,0.0
16.4539,0.01353,124.079,0.825299,0.0
16.4474,0.0139594,124.781,0.833105,0.0
16.4485,0.0139281,124.045,0.85262,0.0
16.4658,0.0139448,125.964,0.83346,0.0
16.4636,0.0136834,125.039,0.849427,0.0
16.4535,0.013632,124.387,0.83275,0.0
16.4491,0.0138607,123.41,0.851556,0.0
16.4427,0.0138703,126.05,0.846588,0.0
16.4465,0.0136638,124.079,0.85333,0.0
16.4584,0.0136871,125.039,0.839847,0.0
16.4765,0.0134452,124.833,0.847653,0.0
16.477,0.0141759,124.199,0.852265,0.0
16.4708,0.0139318,123.65,0.846943,0.0
16.4724,0.0137103,125.33,0.856168,0.0
16.4602,0.0139096,125.176,0.829557,0.0
16.4393,0.013807,124.062,0.840202,0.0
16.437,0.0136301,124.404,0.84233,0.0
16.4573,0.0138034,125.159,0.863619,0.0
16.4635,0.0140097,124.336,0.849072,0.0
16.4485,0.0137308,123.959,0.842685,0.0
16.4492,0.0140262,124.233,0.839847,0.0
16.447,0.0137387,123.822,0.840911,0.0
16.4361,0.0135357,124.182,0.82317,0.0
16.4417,0.0135566,122.434,0.817139,0.0
16.4338,0.014128,124.507,0.819977,0.0
16.4437,0.0134973,123.925,0.846233,0.0
16.4672,0.013587,123.702,0.849427,0.0
16.4461,0.0136884,124.49,0.851556,0.0
16.4522,0.0137754,125.69,0.859007,0.0
16.4806,0.0135848,122.793,0.835589,0.0
16.4492,0.0138491,123.102,0.83275,0.0
16.436,0.0139399,124.37,0.840911,0.0
16.4605,0.0135528,123.959,0.839847,0.0
16.4602,0.013543,124.662,0.851201,0.0
16.4378,0.0135595,126.17,0.844104,0.0
16.4465,0.0138236,124.473,0.866103,0.0
16.4649,0.013592,125.227,0.81501,0.0
16.4491,0.0137062,124.696,0.84233,0.0
16.4254,0.0137735,124.901,0.832396,0.0
16.4355,0.0135398,123.428,0.82388,0.0
16.4462,0.0136854,124.97,0.831686,0.0
16.4642,0.0135089,125.056,0.85191,0.0
16.4646,0.0141225,124.867,0.860781,0.0
16.448,0.013622,125.398,0.860781,0.0
16.4602,0.0136394,125.45,0.809687,0.0
16.4421,0.0133872,122.416,0.839847,0.0
16.4249,0.0135729,126.941,0.848007,0.0
16.4517,0.0136056,124.97,0.831686,0.0
16.4596,0.0138262,125.056,0.85262,0.0
16.4509,0.0139731,123.068,0.84375,0.0
16.4596,0.0138426,123.136,0.840202,0.0
16.4806,0.0139989,122.828,0.852975,0.0
16.477,0.0141447,124.576,0.839137,0.0
16.4467,0.0136955,122.862,0.839137,0.0
16.4237,0.0138778,123.805,0.836653,0.0
16.4349,0.0135995,124.439,0.837718,0.0
16.4594,0.014244,125.518,0.846943,0.0
16.4708,0.0139035,123.548,0.857233,0.0
16.4639,0.0139172,124.267,0.848007,0.0
16.4581,0.0138423,123.959,0.82317,0.0
16.4375,0.0136113,123.805,0.861845,0.0
16.4403,0.0138429,124.267,0.850136,0.0
16.4622,0.0138658,123.136,0.839137,0.0
16.4533,0.0137453,124.85,0.829202,0.0
16.4502,0.0136265,125.741,0.846588,0.0
16.4687,0.0137407,124.267,0.849782,0.0
16.4728,0.013629,124.267,0.850491,0.0
16.4718,0.013835,124.764,0.830267,0.0
16.4591,0.014028,124.662,0.822816,0.0
16.4217,0.0137574,123.633,0.832041,0.0
16.4361,0.0133954,124.627,0.832041,0.0
16.4817,0.0137992,123.65,0.838073,0.0
16.4794,0.0138939,124.884,0.845524,0.0
16.4622,0.0141201,125.056,0.846233,0.0
16.4526,0.0139353,124.781,0.848717,0.0
16.4637,0.0136409,124.147,0.838427,0.0
16.4694,0.014144,125.45,0.850136,0.0
16.461,0.013525,125.193,0.821396,0.0
16.4597,0.0136516,124.833,0.868942,0.0
16.4553,0.01391,122.879,0.837008,0.0
16.4515,0.013897,125.039,0.833105,0.0
16.4645,0.0136414,124.884,0.85333,0.0
16.4623,0.0138746,124.781,0.849782,0.0
16.4369,0.0139923,124.37,0.85333,0.0
16.4119,0.0137279,124.319,0.825299,0.0
16.4283,0.0142841,124.507,0.830267,0.0
16.4778,0.0136211,124.062,0.831331,0.0
16.4551,0.0137411,124.439,0.829557,0.0
16.4173,0.0145533,123.77,0.854039,0.0
16.4455,0.0139356,126.153,0.844459,0.0
16.4486,0.0138694,123.736,0.844459,0.0
16.4336,0.0140366,124.987,0.831331,0.0
16.4584,0.0137507,124.85,0.840911,0.0
16.4719,0.0134436,124.027,0.846233,0.0
16.4691,0.0135004,124.13,0.83275,0.0
16.4731,0.0137822,125.33,0.846588,0.0
16.476,0.0135124,124.456,0.83417,0.0
16.4522,0.0132951,124.01,0.837008,0.0
16.4328,0.0135973,125.261,0.831686,0.0
16.456,0.013977,125.621,0.850136,0.0
16.4648,0.0141501,123.753,0.848362,0.0
16.4428,0.0141914,124.576,0.830622,0.0
16.4441,0.0138363,125.964,0.857233,0.0
16.4391,0.0137115,123.942,0.849427,0.0
16.4257,0.0135257,123.873,0.856168,0.0
16.4344,0.0135208,123.668,0.817139,0.0
16.4357,0.0139029,124.336,0.837718,0.0
16.4304,0.0137055,125.398,0.840202,0.0
16.4394,0.0138335,125.536,0.837008,0.0
16.4411,0.0135432,123.822,0.88065,0.0
16.4513,0.0134,124.25,0.828138,0.0
16.4549,0.0137608,124.576,0.846588,0.0
16.4337,0.0137702,124.49,0.859007,0.0
16.4441,0.0136363,123.976,0.845524,0.0
16.4687,0.0138022,123.633,0.827073,0.0
16.4805,0.014067,124.953,0.844814,0.0
16.4759,0.0136329,124.679,0.836653,0.0
16.4567,0.0135837,125.998,0.855104,0.0
16.4523,0.0135294,124.422,0.845879,0.0
16.4657,0.0138691,125.159,0.855813,0.0
16.4626,0.0133669,123.222,0.848362,0.0
16.4442,0.0138744,125.964,0.822106,0.0
16.442,0.0136851,124.353,0.854039,0.0
16.4531,0.0134279,123.89,0.837718,0.0
16.4615,0.01372,124.353,0.83417,0.0
16.4645,0.014058,125.501,0.863619,0.0
16.4665,0.0139075,124.936,0.845169,0.0
16.448,0.0140978,125.141,0.846588,0.0
16.4427,0.0137272,122.982,0.830976,0.0
16.4474,0.0139897,125.793,0.818203,0.0
16.447,0.0140059,124.542,0.837363,0.0
16.4566,0.0140972,125.981,0.841976,0.0
16.4673,0.0136669,123.256,0.850846,0.0
16.4738,0.0138134,124.799,0.857587,0.0
16.4608,0.013669,122.948,0.839492,0.0
16.4436,0.013924,124.576,0.854039,0.0
16.4473,0.0137136,124.079,0.859362,0.0
16.4428,0.0136667,124.165,0.859362,0.0
16.4346,0.0136681,124.284,0.829202,0.0
16.4469,0.0138217,123.753,0.851556,0.0
16.4495,0.0140027,124.85,0.848362,0.0
16.4405,0.0136779,124.662,0.829912,0.0
16.4557,0.0137837,125.261,0.837718,0.0
16.457,0.0137404,126.307,0.809333,0.0
16.4448,0.0136581,122.913,0.841266,0.0
16.452,0.0135428,124.25,0.835589,0.0
16.4671,0.0139891,124.422,0.856523,0.0
16.4736,0.0137544,124.404,0.844459,0.0
16.4616,0.0136246,125.347,0.831331,0.0
16.4462,0.0137348,123.702,0.828493,0.0
16.4592,0.0136164,124.404,0.846233,0.0
16.4657,0.0137254,125.638,0.830267,0.0
16.4535,0.0137982,125.673,0.868587,0.0
16.4627,0.0138307,124.867,0.850491,0.0
16.4593,0.013486,124.816,0.852265,0.0
16.4507,0.0140417,124.816,0.840556,0.0
16.4625,0.0138332,123.548,0.856523,0.0
16.4426,0.0136288,124.49,0.860781,0.0
16.4526,0.0137938,123.171,0.813236,0.0
16.4783,0.0141326,123.993,0.850136,0.0
16.4545,0.0140198,123.29,0.847298,0.0
16.4578,0.0137934,124.439,0.839492,0.0
16.476,0.0139181,126.187,0.83275,0.0
16.471,0.0141106,124.73,0.830976,0.0
16.4807,0.0138715,125.964,0.838782,0.0
16.4674,0.0136662,125.159,0.855459,0.0
16.4541,0.0135122,125.073,0.850136,0.0
16.4754,0.0138062,125.021,0.837718,0.0
16.4695,0.0134569,125.09,0.841976,0.0
16.4498,0.0138998,124.559,0.834524,0.0
16.4503,0.013695,124.165,0.85191,0.0
16.4547,0.0137967,125.45,0.834524,0.0
16.4521,0.0138464,124.97,0.861136,0.0
16.4709,0.0139151,124.781,0.839492,0.0
16.4629,0.0136255,123.496,0.836653,0.0
16.4492,0.0138776,125.656,0.849072,0.0
16.4771,0.0140438,123.925,0.82459,0.0
16.4745,0.0139047,124.524,0.852975,0.0
16.4497,0.0141966,124.182,0.862555,0.0
16.4593,0.0136887,123.839,0.87107,0.0
16.4567,0.0138906,125.107,0.844459,0.0
16.4406,0.0140631,125.124,0.84375,0.0
16.4536,0.0137419,124.816,0.845524,0.0
16.4642,0.0138099,124.233,0.830976,0.0
16.4659,0.0139694,125.587,0.830976,0.0
16.477,0.0141899,123.822,0.828493,0.0
16.4684,0.0137682,125.947,0.840556,0.0
16.4476,0.0138467,123.702,0.85262,0.0
16.4619,0.0142209,124.97,0.830622,0.0
16.4694,0.0136207,125.227,0.834524,0.0
16.4428,0.013665,124.884,0.840202,0.0
16.4532,0.0137424,124.867,0.857233,0.0
16.4685,0.013681,123.925,0.847298,0.0
16.4519,0.0140304,124.764,0.84304,0.0
16.4667,0.0137908,124.13,0.84375,0.0
16.4965,0.0137897,124.49,0.84375,0.0
16.4546,0.0141409,124.045,0.838782,0.0
16.4148,0.013677,122.913,0.832396,0.0
16.4486,0.0140591,123.256,0.84375,0.0
16.4617,0.0140831,124.919,0.848717,0.0
16.4439,0.0139251,124.901,0.876038,0.0
16.4584,0.013913,124.542,0.84233,0.0
16.458,0.0137858,124.456,0.844814,0.0
16.436,0.0136378,125.159,0.839137,0.0
16.4535,0.0139291,125.313,0.842685,0.0
16.463,0.0139784,124.884,0.822106,0.0
16.4659,0.014043,125.004,0.844104,0.0
16.4723,0.0138865,124.045,0.836299,0.0
16.6777,0.0147817,125.467,0.841621,0.0
20.953,0.0605978,134.722,0.866458,0.0
36.1519,0.11923,148.415,0.932808,0.0
49.4092,0.0638688,170.934,0.913293,0.0
47.5655,0.0590524,158.972,0.897682,0.0
44.0022,0.0443081,157.806,0.890585,0.0
43.9382,0.0411733,158.355,0.909036,0.0
41.7347,0.0408657,160.411,0.865393,0.0
39.9675,0.0330213,162.296,0.891295,0.0
39.6265,0.0320723,162.485,0.87178,0.0
38.6568,0.0312593,164.473,0.885618,0.0
37.8346,0.0288588,162.194,0.869296,0.0
37.3615,0.0281097,163.77,0.870716,0.0
36.5759,0.0304677,162.965,0.862555,0.0
35.7518,0.0322202,162.194,0.870006,0.0
35.0067,0.0338198,160.377,0.885618,0.0
34.1235,0.0341447,160.857,0.884553,0.0
33.2374,0.0345863,159.537,0.855104,0.0
32.4963,0.0355241,159.486,0.883489,0.0
31.8245,0.0349062,160.583,0.882424,0.0
31.2016,0.0339082,158.612,0.862555,0.0
30.6296,0.0334346,159.006,0.875328,0.0
30.1034,0.0333423,157.446,0.875328,0.0
29.6113,0.0325861,157.618,0.873199,0.0
29.1281,0.0319217,157.275,0.873554,0.0
28.6688,0.0318185,154.859,0.880296,0.0
28.2817,0.0311175,156.932,0.874264,0.0
27.9014,0.0308633,154.859,0.848007,0.0
27.492,0.0306072,154.927,0.844814,0.0
27.1374,0.0301973,154.242,0.865748,0.0
26.7782,0.0293669,154.242,0.882779,0.0
26.4152,0.0287809,152.048,0.881005,0.0
26.0887,0.0285621,152.819,0.855813,0.0
25.7537,0.028255,150.78,0.844814,0.0
25.4252,0.0273516,150.643,0.854039,0.0
25.1305,0.0268531,150.283,0.863974,0.0
24.8245,0.0260817,150.129,0.868942,0.0
24.5074,0.0248558,148.912,0.837363,0.0
24.2232,0.0240417,149.152,0.869651,0.0
23.9823,0.0235868,146.889,0.85191,0.0
23.6863,0.0239247,147.455,0.874264,0.0
23.3698,0.0236299,147.644,0.854394,0.0
23.1592,0.0232199,145.244,0.849427,0.0
22.972,0.0223986,145.313,0.856168,0.0
22.7174,0.0218109,145.33,0.86149,0.0
22.4759,0.0218759,145.827,0.846233,0.0
22.2847,0.0215804,144.319,0.859362,0.0
22.0999,0.0209045,145.278,0.858652,0.0
21.9224,0.0206314,143.033,0.864329,0.0
21.7703,0.0204725,142.708,0.841266,0.0
21.6016,0.0203094,143.428,0.872844,0.0
21.4451,0.0200134,142.708,0.841976,0.0
21.3157,0.0198038,141.063,0.855813,0.0
21.1378,0.0192623,141.285,0.85262,0.0
21.0065,0.0190097,140.514,0.827428,0.0
20.9034,0.0185951,140.411,0.87249,0.0
20.7379,0.0190323,139.709,0.854749,0.0
20.6075,0.0187848,140.703,0.845879,0.0
20.4962,0.0185111,140.377,0.84375,0.0
20.3855,0.0188375,140.051,0.85262,0.0
20.3027,0.0184684,138.458,0.838427,0.0
20.1877,0.0182373,138.68,0.837363,0.0
20.0974,0.0180287,137.052,0.844104,0.0
20.0428,0.0178663,137.001,0.829912,0.0
19.9612,0.0179623,137.464,0.839137,0.0
19.8808,0.0173949,136.452,0.840911,0.0
19.7716,0.0177378,137.566,0.850846,0.0
19.6629,0.0172012,136.075,0.848717,0.0
19.6228,0.0167995,137.309,0.845169,0.0
19.5446,0.017224,134.619,0.856878,0.0
19.4308,0.0170586,136.075,0.839492,0.0
19.3712,0.0168443,136.47,0.854394,0.0
19.3005,0.0169426,136.744,0.849782,0.0
19.2108,0.0173756,136.093,0.851556,0.0
19.1537,0.017327,135.184,0.849427,0.0
19.0802,0.0171342,134.841,0.817493,0.0
19.0285,0.0169046,135.201,0.878876,0.0
18.9793,0.016998,135.116,0.828138,0.0
18.8961,0.0168442,134.841,0.854039,0.0
18.8607,0.0167689,133.659,0.832041,0.0
18.8087,0.0163653,133.642,0.854039,0.0
18.7312,0.0164628,134.944,0.835589,0.0
18.7123,0.0165099,133.745,0.859716,0.0
18.6708,0.0166529,133.625,0.844814,0.0
18.5813,0.0167579,133.093,0.838073,0.0
18.5265,0.0164136,132.682,0.845879,0.0
18.4807,0.0164417,131.808,0.855459,0.0
18.4353,0.0158734,132.185,0.829557,0.0
18.3864,0.016267,131.825,0.840556,0.0
18.327,0.0157752,131.328,0.831331,0.0
18.2864,0.0161471,132.476,0.834524,0.0
18.244,0.0160493,132.682,0.835234,0.0
18.2212,0.0158459,133.642,0.85262,0.0
18.1967,0.0159793,131.551,0.848717,0.0
18.1338,0.0156387,129.409,0.840911,0.0
18.0985,0.0155598,133.419,0.840911,0.0
18.0857,0.015481,132.185,0.84233,0.0
18.0422,0.0154255,129.854,0.835234,0.0
18.0004,0.0157618,131.294,0.86149,0.0
17.9678,0.0157723,129.923,0.830267,0.0
17.9329,0.0161118,132.254,0.857233,0.0
17.8952,0.0154854,130.454,0.844459,0.0
17.8576,0.0156791,131.208,0.832396,0.0
17.8498,0.0154962,130.591,0.859716,0.0
17.8204,0.0153359,130.934,0.843395,0.0
17.7769,0.0154201,130.523,0.865039,0.0
17.7544,0.0152117,130.18,0.850136,0.0
17.7234,0.0156622,130.643,0.854394,0.0
17.6993,0.0155132,129.46,0.850846,0.0
17.6708,0.0151884,127.901,0.829912,0.0
17.6431,0.0152521,130.043,0.857233,0.0
17.6305,0.014846,129.546,0.847653,0.0
17.5978,0.0150816,130.077,0.858297,0.0
17.5751,0.0149239,129.272,0.854394,0.0
17.5471,0.0151335,129.871,0.818203,0.0
17.5355,0.0150309,129.237,0.861136,0.0
17.5393,0.0155252,128.398,0.843395,0.0
17.5002,0.0150737,128.432,0.836653,0.0
17.4664,0.0150439,128.586,0.844459,0.0
17.4555,0.0149193,129.272,0.829202,0.0
17.4463,0.0149692,128.226,0.8622,0.0
17.4225,0.0149817,127.609,0.840202,0.0
17.3991,0.0151233,128.432,0.847653,0.0
17.3717,0.015056,129.049,0.850846,0.0
17.3485,0.0149765,129.152,0.866813,0.0
17.3481,0.0154578,128.672,0.846233,0.0
17.3276,0.0149533,128.62,0.851556,0.0
17.2888,0.0147389,128.826,0.857233,0.0
17.2755,0.0145967,128.312,0.835589,0.0
17.294,0.0147906,128.175,0.869296,0.0
17.2835,0.0149842,128.175,0.851201,0.0
17.2433,0.0147316,127.181,0.86149,0.0
17.2276,0.0148363,127.421,0.861136,0.0
17.2386,0.0148764,129.015,0.856168,0.0
17.2131,0.0147712,128.243,0.841976,0.0
17.182,0.0147034,127.472,0.85262,0.0
17.1743,0.0148049,127.438,0.863619,0.0
17.1529,0.0144826,128.175,0.830622,0.0
17.1371,0.014799,127.644,0.859716,0.0
17.1236,0.0145055,126.838,0.846943,0.0
17.101,0.0146372,127.986,0.854749,0.0
17.0905,0.0147245,126.907,0.839847,0.0
17.0889,0.014292,125.707,0.839137,0.0
17.0883,0.0143428,126.958,0.827073,0.0
17.0805,0.0149912,127.369,0.854394,0.0
17.079,0.0145805,127.489,0.816074,0.0
17.0683,0.0145291,126.752,0.85333,0.0
17.0548,0.0142608,128.055,0.854039,0.0
17.0396,0.0144398,126.324,0.844104,0.0
17.0148,0.0145288,126.564,0.836299,0.0
17.0184,0.0144353,127.609,0.827783,0.0
17.0084,0.0140752,128.295,0.829557,0.0
16.9844,0.0147684,126.787,0.854394,0.0
16.9856,0.014485,128.089,0.841976,0.0
16.9852,0.0146034,126.341,0.83346,0.0
16.9684,0.0142512,126.701,0.846943,0.0
16.9651,0.0141892,126.512,0.829202,0.0
16.9506,0.0145004,127.249,0.832396,0.0
16.9183,0.0140047,127.832,0.827428,0.0
16.9251,0.0145185,124.85,0.846588,0.0
16.9395,0.0144428,126.941,0.829912,0.0
16.907,0.0139775,126.495,0.828138,0.0
16.8956,0.0143468,128.021,0.840911,0.0
16.9012,0.0141309,125.45,0.850136,0.0
16.8837,0.0143011,126.564,0.835589,0.0
16.8962,0.0139178,126.581,0.85262,0.0
16.9074,0.0140956,126.461,0.832041,0.0
16.8594,0.0138644,125.501,0.85333,0.0
16.8528,0.0139586,127.849,0.836299,0.0
16.8838,0.0141313,126.067,0.834524,0.0
16.8698,0.0139744,127.404,0.839492,0.0
16.8447,0.0141444,125.724,0.867167,0.0
16.8367,0.0144263,125.758,0.844459,0.0
16.8443,0.0140521,126.358,0.851556,0.0
16.8442,0.0140423,126.958,0.822816,0.0
16.8336,0.0145096,124.919,0.864329,0.0
16.8165,0.0144275,124.953,0.835234,0.0
16.8046,0.0143763,127.215,0.86291,0.0
16.8034,0.0144849,126.307,0.821396,0.0
16.8081,0.0141332,124.816,0.808978,0.0
16.8198,0.0143413,125.673,0.830976,0.0
16.8183,0.0141848,126.958,0.85191,0.0
16.8149,0.0144127,125.844,0.841976,0.0
16.8111,0.014516,126.598,0.84233,0.0
16.7824,0.0139095,125.69,0.84375,0.0
16.7619,0.0140189,126.427,0.844459,0.0
16.7757,0.0143356,125.673,0.832041,0.0
16.779,0.0144917,127.558,0.837363,0.0
16.784,0.0140752,126.324,0.850136,0.0
16.7873,0.0141516,127.661,0.833815,0.0
16.7744,0.0143497,124.25,0.846588,0.0
16.7604,0.0140097,125.193,0.854394,0.0
16.756,0.0140731,125.261,0.859007,0.0
16.7418,0.0143061,126.615,0.828493,0.0
16.7215,0.0139968,125.587,0.828493,0.0
16.7376,0.0140009,123.907,0.846943,0.0
16.7559,0.0138646,126.684,0.847653,0.0
16.739,0.0140082,124.233,0.84375,0.0
16.7165,0.014358,126.29,0.844459,0.0
16.7367,0.0144671,125.004,0.848362,0.0
16.7441,0.0144998,125.313,0.817139,0.0
16.7166,0.0140342,126.872,0.865748,0.0
16.7049,0.014035,125.758,0.858297,0.0
16.6928,0.0140734,124.781,0.829557,0.0
16.6898,0.0136901,126.015,0.837363,0.0
16.7182,0.014062,124.85,0.840911,0.0
16.7033,0.0139452,125.895,0.845169,0.0
16.6809,0.01391,126.135,0.852265,0.0
16.7004,0.0143326,125.553,0.848717,0.0
16.7008,0.0136805,126.29,0.845524,0.0
16.6823,0.0139343,124.302,0.850491,0.0
16.6778,0.013657,126.444,0.850136,0.0
16.6946,0.0141418,125.947,0.834524,0.0
16.7044,0.014129,126.838,0.833105,0.0
16.6916,0.0140231,125.416,0.821042,0.0
16.6974,0.0144069,126.187,0.84304,0.0
16.6779,0.0139843,125.741,0.830976,0.0
16.6447,0.0139602,125.004,0.829557,0.0
16.6533,0.0140957,123.633,0.861136,0.0
16.6587,0.0140408,125.895,0.84304,0.0
16.672,0.0139036,127.009,0.838073,0.0
16.6788,0.0139613,124.816,0.832396,0.0
16.6485,0.0138862,125.45,0.854039,0.0
16.6485,0.0138614,125.638,0.827428,0.0
16.6762,0.0141229,125.176,0.865039,0.0
16.6471,0.0138064,126.238,0.825299,0.0
16.6162,0.0138279,125.895,0.841266,0.0
16.6517,0.0141268,126.221,0.825654,0.0
16.6573,0.0134003,124.422,0.82317,0.0
16.6199,0.0137841,124.73,0.84233,0.0
16.6247,0.0139584,125.775,0.848362,0.0
16.6159,0.0141087,126.392,0.84304,0.0
16.6218,0.0139506,124.147,0.838073,0.0
16.6374,0.0137453,125.69,0.857587,0.0
16.6278,0.0140421,125.073,0.841976,0.0
16.6243,0.0137503,126.272,0.845524,0.0
16.6461,0.0140346,125.878,0.849782,0.0
16.6535,0.0142737,124.045,0.838782,0.0
16.6265,0.014298,126.307,0.848717,0.0
16.5942,0.013811,126.392,0.85262,0.0
16.5914,0.0140589,125.536,0.839847,0.0
16.597,0.0137362,123.033,0.864329,0.0
16.5889,0.0141037,126.153,0.83346,0.0
16.6121,0.0141738,125.296,0.834879,0.0
16.6235,0.013815,125.621,0.828138,0.0
16.6037,0.013655,123.325,0.854039,0.0
16.5969,0.0138719,126.427,0.836299,0.0
16.6154,0.0140302,124.867,0.826719,0.0
16.6172,0.013744,124.97,0.855459,0.0
16.6024,0.0137442,127.404,0.868942,0.0
16.592,0.0141116,124.713,0.857942,0.0
16.6049,0.013805,125.536,0.841621,0.0
16.6137,0.0147081,124.987,0.857233,0.0
16.5987,0.0140749,127.215,0.857942,0.0
16.6033,0.0138102,125.004,0.857942,0.0
16.6101,0.0139458,126.067,0.840911,0.0
16.6024,0.0137026,125.775,0.848007,0.0
16.5998,0.0139223,124.027,0.835234,0.0
16.5923,0.0138155,124.473,0.822461,0.0
16.5687,0.01369,125.827,0.850136,0.0
16.5693,0.0138511,124.833,0.842685,0.0
16.5844,0.0136952,125.947,0.838427,0.0
16.585,0.0133001,125.244,0.831686,0.0
16.5619,0.0141189,123.805,0.82317,0.0
16.5609,0.0141416,125.159,0.833105,0.0
16.5805,0.0137834,124.884,0.83417,0.0
16.5888,0.0141552,125.604,0.859007,0.0
16.5856,0.0141422,125.124,0.837718,0.0
16.5774,0.0145186,125.827,0.836299,0.0
16.5781,0.0137293,124.439,0.844104,0.0
16.58,0.0139297,125.57,0.848362,0.0
16.5841,0.0142083,124.833,0.844814,0.0
16.5667,0.0138508,125.793,0.844104,0.0
16.5708,0.0141184,126.769,0.84375,0.0
16.5804,0.0136853,123.016,0.85191,0.0
16.5737,0.0138975,124.096,0.829557,0.0
16.5734,0.0140668,126.29,0.835944,0.0
16.59,0.0137812,125.227,0.839137,0.0
16.5784,0.0139192,125.638,0.826364,0.0
16.5487,0.0142166,123.942,0.837718,0.0
16.5595,0.0139489,124.302,0.834524,0.0
16.5743,0.0139116,126.427,0.850846,0.0
16.5534,0.0140781,125.107,0.827783,0.0
16.5455,0.013698,125.381,0.845524,0.0
16.548,0.0140651,125.21,0.849782,0.0
16.5429,0.0136764,125.81,0.850491,0.0
16.5647,0.0138442,125.536,0.841266,0.0
16.5691,0.0144311,124.456,0.856878,0.0
16.5387,0.0137218,123.77,0.814655,0.0
16.5486,0.0140824,124.576,0.843395,0.0
16.5654,0.0140948,126.067,0.826364,0.0
16.5635,0.0139205,123.702,0.828847,0.0
16.5611,0.0135827,124.747,0.860071,0.0
16.5431,0.0139707,124.576,0.847298,0.0
16.5314,0.0140976,125.313,0.845169,0.0
16.5436,0.0138425,125.296,0.84375,0.0
16.5377,0.0141109,126.392,0.843395,0.0
16.5324,0.0140842,124.096,0.828138,0.0
16.5539,0.0137909,125.981,0.845524,0.0
16.5512,0.0138761,123.479,0.817493,0.0
16.5457,0.0136194,125.193,0.835234,0.0
16.5587,0.0134879,125.227,0.822106,0.0
16.5524,0.013648,126.255,0.818558,0.0
16.5442,0.0136094,124.696,0.826719,0.0
16.5649,0.0138415,124.284,0.835944,0.0
16.5654,0.0137331,125.193,0.83346,0.0
16.5301,0.0137492,125.313,0.876038,0.0
16.5186,0.014135,125.981,0.866813,0.0
16.5311,0.0138866,124.833,0.841976,0.0
16.5221,0.0137685,123.65,0.836653,0.0
16.5234,0.0137441,125.313,0.877812,0.0
16.5393,0.0138006,124.764,0.856168,0.0
16.5255,0.0138855,124.507,0.844104,0.0
16.5062,0.0138463,125.244,0.832396,0.0
16.5187,0.0137601,124.867,0.845524,0.0
16.5423,0.013727,124.062,0.829557,0.0
16.5237,0.0137965,124.01,0.829202,0.0
16.5096,0.0141757,124.267,0.858297,0.0
16.5481,0.013726,125.998,0.834524,0.0
16.5532,0.0138763,125.004,0.839847,0.0
16.528,0.0139391,122.656,0.836299,0.0
16.5359,0.0137644,125.398,0.836299,0.0
16.5391,0.0141495,124.473,0.838073,0.0
16.5235,0.0138111,126.478,0.837718,0.0
16.5258,0.0139421,124.919,0.825299,0.0
16.5202,0.0141968,126.358,0.839492,0.0
16.531,0.0137668,125.21,0.847653,0.0
16.5354,0.0138503,124.165,0.846588,0.0
16.5322,0.0137023,125.313,0.811107,0.0
16.5365,0.0141779,124.422,0.830267,0.0
16.5295,0.0136529,122.759,0.839847,0.0
16.5284,0.0140894,126.461,0.837363,0.0
16.53,0.0140811,122.913,0.847653,0.0
16.5161,0.0135092,125.381,0.835589,0.0
16.5077,0.013472,123.325,0.832396,0.0
16.508,0.0135032,126.324,0.842685,0.0
16.4944,0.0139399,123.925,0.839847,0.0
16.4833,0.0140654,124.524,0.835944,0.0
16.4985,0.013853,125.004,0.828138,0.0
16.5217,0.0141495,124.284,0.835234,0.0
16.5291,0.0135115,124.764,0.839137,0.0
16.5196,0.0144665,124.353,0.837008,0.0
16.4931,0.0137027,124.524,0.836653,0.0
16.4905,0.0134573,125.638,0.836299,0.0
16.5151,0.0137685,123.942,0.841621,0.0
16.5127,0.0141624,123.273,0.849782,0.0
16.5057,0.0141673,125.793,0.839847,0.0
16.5246,0.0138627,125.536,0.844814,0.0
16.5314,0.0139174,124.147,0.850491,0.0
16.5267,0.0140394,124.37,0.83275,0.0
16.5135,0.0141749,125.33,0.850491,0.0
16.4982,0.0139181,124.473,0.85333,0.0
16.5061,0.013909,124.747,0.852975,0.0
16.5137,0.0139504,125.141,0.848007,0.0
16.5012,0.0139602,125.004,0.845524,0.0
16.5047,0.0140252,123.787,0.842685,0.0
16.5194,0.0141307,125.656,0.833105,0.0
16.5164,0.0137163,124.747,0.873554,0.0
16.5153,0.0141414,124.422,0.844459,0.0
16.5084,0.0136354,123.976,0.855813,0.0
16.5053,0.0138366,123.033,0.829912,0.0
16.5173,0.0137951,123.308,0.836299,0.0
16.5039,0.0130785,124.713,0.84233,0.0
16.4954,0.0137057,122.622,0.852975,0.0
16.4772,0.0139937,124.662,0.831331,0.0
16.469,0.0140152,125.484,0.83275,0.0
16.5091,0.0140515,124.387,0.848717,0.0
16.5288,0.0137071,125.518,0.844459,0.0
16.5162,0.0137911,124.045,0.854749,0.0
16.5089,0.0137922,124.713,0.827073,0.0
16.5027,0.0136566,126.838,0.861845,0.0
16.4771,0.0137811,125.604,0.840911,0.0
16.4851,0.0135508,124.507,0.835589,0.0
16.508,0.0140176,124.267,0.848717,0.0
16.4889,0.0136186,124.542,0.855104,0.0
16.4865,0.013675,125.758,0.845879,0.0
16.496,0.0135219,125.621,0.859362,0.0
16.4993,0.0137136,124.799,0.833105,0.0
16.5079,0.0136324,124.199,0.835234,0.0
16.508,0.0140257,124.387,0.849072,0.0
16.5042,0.0142163,124.302,0.851556,0.0
16.5049,0.0138902,125.09,0.831331,0.0
16.4987,0.0142604,125.827,0.830976,0.0
16.4969,0.0139646,125.621,0.838073,0.0
16.504,0.013628,124.267,0.850846,0.0
16.4988,0.0136679,126.307,0.826009,0.0
16.5002,0.0139284,125.261,0.845169,0.0
16.5079,0.0138183,124.85,0.835944,0.0
16.4994,0.0140169,125.998,0.844459,0.0
16.4802,0.0136748,123.993,0.829912,0.0
16.4833,0.0143377,125.073,0.854039,0.0
16.4928,0.0139361,124.319,0.854039,0.0
16.4904,0.013337,125.073,0.854749,0.0
16.5107,0.0134621,123.719,0.845879,0.0
16.5233,0.0135302,124.387,0.827428,0.0
16.486,0.0137658,124.816,0.848717,0.0
16.4619,0.0136636,124.199,0.859362,0.0
16.4785,0.0136332,125.278,0.831686,0.0
16.4814,0.0138292,125.518,0.847653,0.0
16.4803,0.0139466,125.296,0.841621,0.0
16.4801,0.0138279,123.359,0.846233,0.0
16.488,0.0134839,125.416,0.841266,0.0
16.4947,0.0140492,123.033,0.847653,0.0
16.48,0.0139437,124.387,0.84233,0.0
16.4872,0.0141097,121.628,0.848362,0.0
16.5031,0.0142339,125.501,0.852265,0.0
16.4955,0.01353,126.358,0.840556,0.0
16.4797,0.013311,123.633,0.837718,0.0
16.4773,0.0139971,125.021,0.83417,0.0
16.4982,0.0138702,125.056,0.8143,0.0
16.5042,0.0139734,123.479,0.84375,0.0
16.4838,0.0139294,124.919,0.840202,0.0
16.4917,0.0138761,124.919,0.837363,0.0
16.5063,0.0136782,125.81,0.85333,0.0
16.4794,0.0133791,124.764,0.84233,0.0
16.4703,0.0135149,125.313,0.857233,0.0
16.4972,0.013428,126.564,0.837008,0.0
16.495,0.0137058,124.302,0.832396,0.0
16.4895,0.01389,125.004,0.844459,0.0
16.4936,0.014276,124.182,0.835944,0.0
16.4829,0.0138513,125.724,0.840202,0.0
16.4907,0.0139421,124.456,0.807913,0.0
16.4904,0.0136708,123.805,0.83275,0.0
16.4636,0.0137716,124.422,0.841266,0.0
16.4722,0.0138083,124.816,0.834879,0.0
16.4947,0.0139309,125.33,0.8622,0.0
16.4983,0.0136465,125.159,0.840202,0.0
16.4906,0.013882,126.101,0.840911,0.0
16.4693,0.0139366,124.439,0.826364,0.0
16.4602,0.0137592,124.559,0.845169,0.0
16.4668,0.0136746,124.302,0.844459,0.0
16.49,0.0142762,124.045,0.810042,0.0
16.5008,0.013938,125.313,0.850136,0.0
16.4815,0.0141064,123.787,0.828138,0.0
16.476,0.0139976,124.593,0.835234,0.0
16.499,0.0139439,125.159,0.815364,0.0
16.4992,0.0140316,124.884,0.84375,0.0
16.4809,0.0137565,123.685,0.829912,0.0
16.4868,0.0136492,125.09,0.836653,0.0
16.4975,0.0135662,123.068,0.845524,0.0
16.4868,0.0137905,125.467,0.835944,0.0
16.4806,0.0139883,124.644,0.860426,0.0
16.4702,0.0138487,124.524,0.860781,0.0
16.464,0.0134459,124.85,0.87178,0.0
16.4629,0.0135813,124.901,0.83417,0.0
16.4647,0.0135951,124.919,0.85191,0.0
16.4853,0.0137099,124.781,0.861136,0.0
16.4856,0.0136683,125.124,0.821042,0.0
16.4735,0.0137566,126.17,0.86291,0.0
16.4751,0.0141625,126.255,0.846943,0.0
16.4923,0.0139521,126.187,0.83417,0.0
16.4813,0.0135817,124.713,0.849782,0.0
16.4569,0.0138148,123.205,0.84233,0.0
16.4658,0.0140106,124.919,0.810752,0.0
16.4693,0.0139868,124.456,0.836299,0.0
16.4543,0.0137088,124.524,0.817848,0.0
16.4806,0.0139803,123.805,0.834524,0.0
16.5183,0.0136654,123.942,0.873554,0.0
16.473,0.0137356,123.616,0.829912,0.0
16.4579,0.0137469,123.753,0.849072,0.0
16.5087,0.0138514,124.764,0.845169,0.0
16.511,0.0136441,124.473,0.847653,0.0
16.4886,0.0139108,122.811,0.851201,0.0
16.5047,0.0136265,124.73,0.828493,0.0
16.5096,0.0134029,123.873,0.857587,0.0
16.4629,0.0135388,124.764,0.824944,0.0
16.4429,0.0137582,125.056,0.84304,0.0
16.4755,0.0135708,124.576,0.870361,0.0
16.471,0.0137496,124.062,0.833815,0.0
16.461,0.0135121,122.965,0.811107,0.0
16.4801,0.0138424,124.781,0.834879,0.0
16.4721,0.0136767,125.347,0.84375,0.0
16.4606,0.013832,125.518,0.849072,0.0
16.4649,0.0138547,125.398,0.833105,0.0
16.4751,0.0137984,124.85,0.839847,0.0
16.4853,0.0138403,125.827,0.827073,0.0
16.4819,0.0130342,124.13,0.83275,0.0
16.4721,0.0140203,124.353,0.838427,0.0
16.4725,0.0136364,124.49,0.838073,0.0
16.4695,0.013634,123.496,0.832396,0.0
16.4786,0.0137124,123.273,0.855104,0.0
16.4858,0.0136437,126.272,0.834879,0.0
16.4777,0.0136554,125.107,0.850846,0.0
16.4601,0.0139492,124.97,0.85262,0.0
16.4513,0.0136887,122.793,0.842685,0.0
16.4606,0.0135718,124.027,0.851201,0.0
16.4555,0.0136627,123.359,0.833815,0.0
16.4611,0.0137739,123.976,0.858297,0.0
16.4855,0.0133458,125.056,0.855459,0.0
16.4584,0.0136282,122.708,0.837718,0.0
16.4383,0.0140097,125.416,0.850846,0.0
16.4647,0.0137676,125.021,0.832396,0.0
16.4842,0.0138719,125.21,0.848007,0.0
16.4807,0.0139441,124.61,0.858652,0.0
16.4635,0.0139226,124.284,0.822106,0.0
16.466,0.0137884,124.713,0.847298,0.0
16.4898,0.0140337,126.221,0.848362,0.0
16.4969,0.0141502,124.267,0.838073,0.0
16.469,0.0137343,124.439,0.839137,0.0
16.4531,0.0139718,124.884,0.840911,0.0
16.4926,0.013652,125.21,0.850846,0.0
16.5013,0.013632,125.381,0.83417,0.0
16.4648,0.013578,123.907,0.840556,0.0
16.4789,0.0137451,123.856,0.827783,0.0
16.4726,0.0136224,124.559,0.841621,0.0
16.4445,0.0136464,124.353,0.841976,0.0
16.4697,0.0139803,126.067,0.847653,0.0
16.5049,0.0138882,125.141,0.867522,0.0
16.4914,0.013928,124.233,0.817139,0.0
16.4702,0.0139762,124.764,0.830267,0.0
16.4705,0.0135118,124.953,0.808268,0.0
16.4834,0.014077,124.113,0.84304,0.0
16.4696,0.0137574,124.524,0.840911,0.0
16.4523,0.0136716,124.644,0.850846,0.0
16.4609,0.0138687,126.187,0.84233,0.0
16.4714,0.0136591,124.679,0.830622,0.0
16.4641,0.0132293,124.901,0.85262,0.0
16.4665,0.0135813,125.947,0.857233,0.0
16.4829,0.0138047,126.221,0.84375,0.0
16.472,0.0136343,125.107,0.846233,0.0
16.4387,0.0136667,124.25,0.863974,0.0
16.4526,0.0138464,124.336,0.855813,0.0
16.4766,0.0134243,125.707,0.832041,0.0
16.4402,0.0138099,124.679,0.867877,0.0
16.4396,0.0137704,123.89,0.833815,0.0
16.4632,0.0137268,124.524,0.835944,0.0
16.4368,0.0136891,124.25,0.857942,0.0
16.4497,0.0138047,123.051,0.844104,0.0
16.4807,0.0137199,124.953,0.837008,0.0
16.4737,0.0137662,125.93,0.855104,0.0
16.4726,0.0142105,126.29,0.819977,0.0
16.4716,0.0139711,123.976,0.836299,0.0
16.4609,0.0141867,125.998,0.846233,0.0
16.4701,0.0141395,126.358,0.865039,0.0
16.4558,0.0139692,124.644,0.844459,0.0
16.4435,0.0136812,124.199,0.837363,0.0
16.4654,0.0136815,124.816,0.827428,0.0
16.4663,0.0136322,125.004,0.851201,0.0
16.4513,0.0142278,123.685,0.838073,0.0
16.4681,0.0140282,125.039,0.85262,0.0
16.4837,0.0140415,124.987,0.861136,0.0
16.4896,0.0137356,123.993,0.815364,0.0
16.5058,0.0139783,125.056,0.847298,0.0
16.4849,0.0139271,123.428,0.819622,0.0
16.456,0.0139857,125.21,0.817139,0.0
16.4816,0.013839,123.599,0.826009,0.0
16.4876,0.013969,124.404,0.849782,0.0
16.4688,0.0135734,124.644,0.84375,0.0
16.4549,0.0134569,124.062,0.823525,0.0
16.4489,0.0141152,125.021,0.860781,0.0
16.458,0.0135906,123.907,0.832396,0.0
16.4742,0.01372,124.456,0.853684,0.0
16.4872,0.0139725,124.439,0.843395,0.0
16.4733,0.013997,123.873,0.851556,0.0
16.4588,0.0139191,125.536,0.848717,0.0
16.4726,0.0140349,125.69,0.84375,0.0
16.4789,0.0142362,124.13,0.84304,0.0
16.4414,0.014159,124.542,0.85191,0.0
16.4332,0.0141733,125.536,0.857587,0.0
16.4667,0.0140664,124.284,0.835589,0.0
16.4656,0.0138293,125.176,0.82388,0.0
16.4812,0.0138113,124.679,0.839137,0.0
16.4844,0.0139373,123.822,0.826009,0.0
16.4584,0.013945,123.89,0.823525,0.0
16.4581,0.0139115,125.21,0.839847,0.0
16.457,0.0138855,124.576,0.851201,0.0
16.4408,0.0141506,123.839,0.840911,0.0
16.443,0.0135338,124.439,0.847298,0.0
16.4537,0.0137962,125.553,0.83417,0.0
16.4593,0.0139736,125.587,0.846233,0.0
16.4668,0.0138054,125.347,0.845524,0.0
16.4585,0.0137524,123.479,0.844814,0.0
16.4653,0.0140946,123.668,0.832041,0.0
16.4738,0.0137983,123.787,0.830976,0.0
16.4569,0.0136087,124.233,0.819267,0.0
16.4712,0.0136292,124.867,0.81501,0.0
16.4896,0.0138252,126.461,0.851556,0.0
16.4701,0.0140625,123.89,0.870716,0.0
16.4474,0.0139992,125.364,0.839137,0.0
16.4588,0.013423,124.302,0.821396,0.0
16.4539,0.0138679,123.993,0.836299,0.0
16.4309,0.0143138,123.925,0.846233,0.0
16.4315,0.0142477,124.901,0.84304,0.0
16.4338,0.0136877,125.707,0.833815,0.0
16.4553,0.0134754,124.302,0.841621,0.0
16.4809,0.0137218,125.261,0.837008,0.0
16.4618,0.0138129,125.844,0.853684,0.0
16.4399,0.0138472,123.513,0.834879,0.0
16.4792,0.0135286,125.261,0.838073,0.0
16.4935,0.0140996,125.501,0.837363,0.0
16.4627,0.0137068,123.873,0.82459,0.0
16.4678,0.0139193,124.422,0.856878,0.0
16.4716,0.0134842,124.713,0.82388,0.0
16.4544,0.0138282,124.867,0.837008,0.0
16.4477,0.0135684,125.81,0.857587,0.0
16.4469,0.0137202,124.662,0.847653,0.0
16.4575,0.0138742,124.01,0.826009,0.0
16.4824,0.0138989,123.171,0.82459,0.0
16.4838,0.0136126,125.313,0.84304,0.0
16.4586,0.0135334,125.056,0.856878,0.0
16.4456,0.0133649,124.953,0.839137,0.0
16.4427,0.013685,125.124,0.84233,0.0
16.4264,0.0138474,125.878,0.852975,0.0
16.4368,0.0137629,125.861,0.836299,0.0
16.4521,0.0140869,122.708,0.830976,0.0
16.4526,0.013617,126.118,0.815364,0.0
16.4653,0.0133412,123.668,0.846943,0.0
16.4692,0.0135197,124.165,0.857942,0.0
16.4566,0.0136581,124.422,0.849072,0.0
16.4397,0.0138602,123.856,0.83346,0.0
16.4526,0.013558,124.353,0.834524,0.0
16.4747,0.0139118,126.272,0.831331,0.0
16.4734,0.0139569,122.965,0.822461,0.0
16.4674,0.013937,122.571,0.841266,0.0
16.4636,0.0137521,123.787,0.837363,0.0
16.4708,0.0139166,126.787,0.838782,0.0
16.4744,0.0141579,124.507,0.839492,0.0
16.4663,0.0139642,125.313,0.841266,0.0
16.4701,0.014023,124.456,0.829557,0.0
16.4754,0.0138108,125.364,0.863619,0.0
16.4669,0.0140241,124.816,0.847298,0.0
16.4568,0.0137482,123.685,0.838073,0.0
16.4624,0.0138734,124.559,0.822461,0.0
16.453,0.0137775,125.433,0.841621,0.0
16.4397,0.0139998,123.29,0.839137,0.0
16.45,0.0139055,125.296,0.840911,0.0
16.4603,0.0139093,125.039,0.830976,0.0
16.4505,0.0136854,124.85,0.822106,0.0
16.4602,0.0135959,124.867,0.84304,0.0
16.4943,0.0133177,126.341,0.834524,0.0
16.4775,0.0140966,124.216,0.846588,0.0
16.4523,0.0139831,124.353,0.848362,0.0
16.4578,0.0138998,123.993,0.837718,0.0
16.4446,0.013906,123.753,0.829557,0.0
16.4502,0.0140149,124.353,0.829912,0.0
16.4887,0.0141198,124.37,0.816784,0.0
16.4716,0.0139563,125.416,0.8622,0.0
16.4459,0.0139993,123.273,0.820332,0.0
16.4624,0.0136504,123.787,0.866813,0.0
16.4629,0.0138512,124.764,0.848007,0.0
16.4582,0.0139182,124.953,0.846943,0.0
16.4656,0.0141585,124.01,0.838782,0.0
16.4539,0.014031,124.764,0.835944,0.0
16.4425,0.0138265,125.724,0.830622,0.0
16.4701,0.0137354,125.159,0.839847,0.0
16.4848,0.0140087,123.719,0.818913,0.0
16.4585,0.0139187,124.644,0.835944,0.0
16.4696,0.0136537,124.13,0.817139,0.0
16.4834,0.0137873,124.422,0.84375,0.0
16.4648,0.0140645,124.387,0.841976,0.0
16.4589,0.0139414,124.233,0.840202,0.0
16.4714,0.0137557,126.101,0.834524,0.0
16.4653,0.013842,124.679,0.848007,0.0
16.4544,0.0140429,123.805,0.842685,0.0
16.453,0.0136174,123.856,0.844459,0.0
16.4557,0.0138303,124.37,0.837718,0.0
16.4491,0.0135373,123.513,0.845879,0.0
16.4685,0.0140041,124.593,0.866813,0.0
16.4831,0.0142444,123.565,0.84375,0.0
16.4723,0.0143411,124.37,0.855104,0.0
16.4648,0.0136736,124.559,0.826364,0.0
16.4514,0.0137945,124.747,0.854394,0.0
16.4545,0.0139416,124.644,0.868587,0.0
16.4811,0.0138961,126.272,0.824235,0.0
16.4622,0.0137237,124.439,0.858652,0.0
16.4341,0.0137098,126.307,0.846943,0.0
16.4268,0.0137285,125.039,0.851556,0.0
16.4483,0.0134578,125.313,0.84304,0.0
16.4787,0.0137262,122.005,0.839492,0.0
16.4763,0.0140545,125.844,0.841266,0.0
16.4734,0.0139192,124.404,0.824235,0.0
16.4699,0.0138223,125.587,0.870361,0.0
16.4628,0.013651,124.524,0.851201,0.0
16.4677,0.0137281,123.136,0.844459,0.0
16.4615,0.0139777,124.302,0.827783,0.0
16.4517,0.01387,123.188,0.834524,0.0
16.4382,0.0137931,125.056,0.836299,0.0
16.4192,0.0136213,124.387,0.844459,0.0
16.4363,0.0138168,124.079,0.844104,0.0
16.4466,0.0138146,122.656,0.826364,0.0
16.4336,0.0139904,124.679,0.841266,0.0
16.441,0.0139462,125.895,0.854749,0.0
16.4495,0.0137387,125.124,0.855459,0.0
16.4507,0.0138264,124.816,0.825299,0.0
16.4417,0.0138124,123.685,0.823525,0.0
16.4212,0.0137943,124.85,0.848362,0.0
16.435,0.0137131,124.764,0.840911,0.0
16.456,0.0138537,124.284,0.860071,0.0
16.4575,0.0138932,123.513,0.834524,0.0
16.4574,0.0135733,124.353,0.808623,0.0
16.4573,0.0137559,125.416,0.847298,0.0
16.4647,0.0135597,123.548,0.85191,0.0
16.4626,0.0138589,125.484,0.83417,0.0
16.4538,0.0136701,124.404,0.838427,0.0
16.4614,0.0137277,125.467,0.828138,0.0
16.4586,0.0137048,125.159,0.84375,0.0
16.4451,0.0135494,123.188,0.877812,0.0
16.4661,0.0137229,125.553,0.856523,0.0
16.4749,0.0137662,123.393,0.806494,0.0
16.4575,0.0138769,124.319,0.858297,0.0
16.4531,0.0138448,124.01,0.839492,0.0
16.4713,0.0138551,124.473,0.849782,0.0
16.4719,0.0139624,124.079,0.828493,0.0
16.4435,0.0139213,123.89,0.828847,0.0
16.4416,0.0137279,125.553,0.831331,0.0
16.467,0.0138191,125.467,0.839137,0.0
16.4649,0.013395,123.702,0.826364,0.0
16.4532,0.0143153,124.713,0.852975,0.0
16.4409,0.0138834,124.627,0.83275,0.0
16.4331,0.0142648,125.296,0.83346,0.0
16.4521,0.013655,126.084,0.829202,0.0
16.4643,0.0140059,124.216,0.833105,0.0
16.4613,0.0137325,124.37,0.85191,0.0
16.4728,0.0142249,123.787,0.845524,0.0
16.4765,0.013813,124.953,0.829202,0.0
16.4549,0.0138899,125.296,0.825299,0.0
16.4424,0.0137732,124.027,0.841976,0.0
16.4504,0.0139142,123.582,0.840911,0.0
16.4433,0.0137227,124.422,0.84233,0.0
16.4365,0.0137292,125.381,0.847298,0.0
16.4515,0.0138357,125.981,0.826719,0.0
16.4481,0.0140098,125.073,0.859362,0.0
16.4262,0.0138592,125.638,0.844459,0.0
16.4465,0.0140201,124.987,0.828493,0.0
16.4739,0.0135584,123.445,0.855813,0.0
16.4682,0.0134445,124.404,0.844459,0.0
16.4628,0.014,124.233,0.84304,0.0
16.4591,0.013923,124.284,0.849782,0.0
16.4468,0.0137373,123.685,0.851201,0.0
16.4458,0.0137006,124.696,0.830267,0.0
16.4432,0.0138296,123.342,0.841621,0.0
16.4466,0.0136495,123.085,0.833105,0.0
16.4638,0.0137084,124.199,0.848717,0.0
16.4607,0.013628,124.267,0.828847,0.0
16.4684,0.0138893,123.702,0.830267,0.0
16.457,0.0138089,124.319,0.834524,0.0
16.4488,0.0139673,124.781,0.83417,0.0
16.4628,0.0139886,122.485,0.833815,0.0
16.4507,0.0139762,124.696,0.85262,0.0
16.4315,0.0139811,123.736,0.840556,0.0
16.4484,0.0142683,124.113,0.846943,0.0
16.4453,0.0141137,124.336,0.852265,0.0
16.4401,0.0142569,125.176,0.841621,0.0
16.458,0.0138434,123.976,0.822816,0.0
16.4571,0.013878,123.805,0.858297,0.0
16.4411,0.0137299,124.542,0.833815,0.0
16.4433,0.0140074,125.141,0.831686,0.0
16.4522,0.0140355,123.582,0.839492,0.0
16.4549,0.0141893,124.559,0.829912,0.0
16.4407,0.0137379,124.13,0.854394,0.0
16.4385,0.0139996,126.547,0.842685,0.0
16.4658,0.0139546,124.25,0.860071,0.0
16.4758,0.0136925,123.548,0.836299,0.0
16.4703,0.0139385,125.484,0.84375,0.0
16.46,0.0137101,126.101,0.850491,0.0
16.4537,0.0139611,123.856,0.8622,0.0
16.4453,0.0137605,124.13,0.858652,0.0
16.4484,0.0139014,123.976,0.858297,0.0
16.4631,0.0140754,123.787,0.837008,0.0
16.4564,0.0139196,124.079,0.834879,0.0
16.4472,0.0138666,125.244,0.83346,0.0
16.4529,0.0135989,125.57,0.857942,0.0
16.4644,0.0134216,123.942,0.865393,0.0
16.4598,0.0139192,125.433,0.860071,0.0
16.4415,0.0137121,124.113,0.839847,0.0
16.4379,0.0139281,124.61,0.851556,0.0
16.4514,0.0140693,125.707,0.851201,0.0
16.4423,0.013813,124.953,0.825654,0.0
16.4416,0.013407,124.644,0.844814,0.0
16.4534,0.0138403,125.004,0.832041,0.0
16.4376,0.0135813,124.147,0.854039,0.0
16.4191,0.0139464,124.267,0.835234,0.0
16.4326,0.0137118,125.244,0.826719,0.0
16.4527,0.0136276,123.89,0.841621,0.0
16.4554,0.0139791,125.278,0.840911,0.0
16.4539,0.0138199,125.004,0.826719,0.0
16.4415,0.0138426,124.353,0.822461,0.0
16.4355,0.0138225,124.13,0.826719,0.0
16.4553,0.0136459,125.107,0.844814,0.0
16.4617,0.0137183,124.027,0.830976,0.0
16.4196,0.0135088,124.37,0.840911,0.0
16.4069,0.0135528,124.165,0.837008,0.0
16.4647,0.0135256,124.507,0.850491,0.0
16.4698,0.0139274,123.445,0.838427,0.0
16.4355,0.0138313,124.559,0.827783,0.0
16.4443,0.0137851,124.439,0.861845,0.0
16.4402,0.01431,125.039,0.841266,0.0
16.4426,0.0136081,125.159,0.848717,0.0
16.4613,0.0139617,123.376,0.854394,0.0
16.4554,0.0139096,123.41,0.840556,0.0
16.4645,0.0138606,124.85,0.835234,0.0
16.4473,0.0139592,125.895,0.858652,0.0
16.4258,0.0135126,124.165,0.837718,0.0
16.4486,0.0138494,125.141,0.818558,0.0
16.4603,0.013678,124.507,0.877812,0.0
16.458,0.0138717,125.296,0.844104,0.0
16.4455,0.0140145,123.513,0.847298,0.0
16.4349,0.0138901,125.107,0.840911,0.0
16.4449,0.0139334,124.884,0.821042,0.0
16.4555,0.0138438,125.381,0.820687,0.0
16.4471,0.0140222,123.171,0.844814,0.0
16.4375,0.0139504,124.113,0.839137,0.0
16.4554,0.0140767,124.73,0.839137,0.0
16.4601,0.0136974,124.764,0.85333,0.0
16.4491,0.0141292,125.81,0.841976,0.0
16.4708,0.0139224,123.822,0.848362,0.0
16.4721,0.0138911,124.593,0.829202,0.0
16.4384,0.0141354,123.41,0.829912,0.0
16.4404,0.0136307,124.542,0.858297,0.0
16.4501,0.0138925,123.736,0.828493,0.0
16.4494,0.0138486,124.764,0.826364,0.0
16.4445,0.0141219,125.227,0.831686,0.0
16.4459,0.0138084,124.353,0.838073,0.0
16.4576,0.0136627,126.238,0.840911,0.0
16.4565,0.0137338,125.467,0.837008,0.0
16.4555,0.0136272,125.947,0.839137,0.0
16.4609,0.0135917,125.895,0.865393,0.0
16.4375,0.0134913,124.165,0.839137,0.0
16.4426,0.0138546,123.599,0.833815,0.0
16.4658,0.0135613,125.775,0.861845,0.0
16.4631,0.0139412,124.747,0.84375,0.0
16.4513,0.0137244,123.805,0.828138,0.0
16.4431,0.0140084,124.507,0.840202,0.0
16.4365,0.0138672,124.13,0.865393,0.0
16.4362,0.0135137,125.895,0.84233,0.0
16.4579,0.01362,124.216,0.839492,0.0
16.4723,0.0138516,124.13,0.850846,0.0
16.454,0.0143823,123.273,0.868942,0.0
16.438,0.0138131,125.159,0.832396,0.0
16.4487,0.0139542,124.919,0.842685,0.0
16.4629,0.0135956,125.107,0.837718,0.0
16.4512,0.0135046,124.799,0.845524,0.0
16.4441,0.013892,123.993,0.837008,0.0
16.4586,0.0142534,124.456,0.842685,0.0
16.4523,0.0138909,123.29,0.828138,0.0
16.4402,0.0137798,124.867,0.828138,0.0
16.4592,0.0138905,124.679,0.845169,0.0
16.4517,0.0141107,124.13,0.862555,0.0
16.4288,0.0137013,124.816,0.84233,0.0
16.4498,0.0138288,124.901,0.85191,0.0
16.4712,0.0141531,123.856,0.837718,0.0
16.4552,0.0134687,125.021,0.825299,0.0
16.4414,0.0139343,124.113,0.833815,0.0
16.4551,0.0139552,123.496,0.83275,0.0
16.461,0.0140536,123.959,0.855104,0.0
16.4253,0.0139958,124.13,0.847298,0.0
16.4098,0.0139724,125.518,0.858297,0.0
16.4378,0.0141028,123.325,0.836653,0.0
16.4385,0.0138569,123.719,0.844459,0.0
16.4516,0.0134731,124.473,0.83417,0.0
16.4761,0.0139525,124.216,0.817139,0.0
16.4713,0.0139663,126.204,0.845169,0.0
16.4536,0.0135226,123.873,0.822816,0.0
16.4637,0.0134465,124.01,0.846588,0.0
16.4705,0.01385,123.839,0.83417,0.0
16.4563,0.0137159,123.805,0.838782,0.0
16.4438,0.0134837,124.027,0.834524,0.0
16.4441,0.0137556,125.056,0.845879,0.0
16.4536,0.0140103,125.159,0.84233,0.0
16.4625,0.0135312,124.37,0.838427,0.0
16.4672,0.0137594,124.49,0.835234,0.0
16.4628,0.0137887,125.501,0.830622,0.0
16.4562,0.0139572,124.627,0.872135,0.0
16.4343,0.0134196,123.89,0.835944,0.0
16.4428,0.0137408,124.662,0.841266,0.0
16.4627,0.013847,124.987,0.844104,0.0
16.4547,0.0140084,124.165,0.846943,0.0
16.4568,0.0136665,124.559,0.872844,0.0
16.4501,0.0140327,123.188,0.826364,0.0
16.4455,0.0139162,125.621,0.844814,0.0
16.4626,0.0138298,123.445,0.845169,0.0
16.466,0.0138615,125.724,0.837008,0.0
16.4555,0.0136981,124.559,0.847298,0.0
16.451,0.0138024,124.267,0.84375,0.0
16.4491,0.0137647,124.284,0.847298,0.0
16.455,0.0138277,124.73,0.835234,0.0
16.4591,0.0137442,125.638,0.850136,0.0
16.4508,0.0138915,124.147,0.835589,0.0
16.4546,0.0134534,125.09,0.83417,0.0
16.4664,0.0137647,126.444,0.826364,0.0
16.4557,0.0134644,124.781,0.846588,0.0
16.4555,0.013715,125.416,0.839847,0.0
16.4817,0.0133909,124.37,0.852265,0.0
16.4708,0.0137272,123.856,0.841621,0.0
16.4537,0.0135664,124.987,0.841976,0.0
16.4677,0.01383,124.027,0.845169,0.0
16.4741,0.0139357,124.919,0.82388,0.0
16.4663,0.0136776,123.685,0.845524,0.0
16.4407,0.0138206,123.153,0.852975,0.0
16.4283,0.013403,124.781,0.865748,0.0
16.4611,0.0132955,123.907,0.828138,0.0
16.4647,0.0136401,123.839,0.835944,0.0
16.4353,0.0138986,124.199,0.836653,0.0
16.45,0.0135099,125.039,0.832396,0.0
16.4624,0.0139471,126.855,0.828493,0.0
16.4378,0.0138413,123.702,0.841976,0.0
16.4424,0.013541,124.61,0.84304,0.0
16.4592,0.0137028,124.833,0.818558,0.0
16.4556,0.0134651,124.456,0.850491,0.0
16.4668,0.0137515,125.775,0.860071,0.0
16.4756,0.0139934,124.302,0.844459,0.0
16.4454,0.0137435,125.09,0.861136,0.0
16.4467,0.014413,124.593,0.870361,0.0
16.4636,0.0138336,125.81,0.855813,0.0
16.449,0.0139592,125.227,0.854394,0.0
16.4513,0.0137676,123.856,0.828493,0.0
16.4657,0.0135416,125.176,0.850136,0.0
16.4533,0.0137122,124.456,0.849427,0.0
16.4434,0.0137745,125.604,0.850136,0.0
16.452,0.0137609,125.416,0.847298,0.0
16.4487,0.0136474,124.233,0.839492,0.0
16.4423,0.0142371,124.936,0.814655,0.0
16.4443,0.0132193,125.021,0.860071,0.0
16.4558,0.013829,124.576,0.826719,0.0
16.4832,0.0136661,124.01,0.838427,0.0
16.4622,0.0141097,124.319,0.815719,0.0
16.4324,0.0142691,122.999,0.851556,0.0
16.4382,0.0138818,125.518,0.837718,0.0
16.4438,0.0140005,123.976,0.845169,0.0
16.4415,0.0138684,124.559,0.844814,0.0
16.4482,0.0137475,124.781,0.843395,0.0
16.4542,0.0141169,124.319,0.841976,0.0
16.434,0.0137343,125.81,0.859362,0.0
16.4311,0.0136334,123.205,0.833815,0.0
16.4599,0.0136255,125.347,0.839847,0.0
16.4643,0.0136102,124.662,0.836653,0.0
16.4529,0.0140136,126.221,0.864329,0.0
16.4617,0.0137381,124.199,0.837363,0.0
16.4614,0.0140127,124.302,0.851201,0.0
16.4587,0.0137435,125.501,0.855104,0.0
16.479,0.0136464,124.113,0.843395,0.0
16.4747,0.0136137,123.548,0.832041,0.0
16.4372,0.0137386,124.027,0.852265,0.0
16.4394,0.0139621,124.696,0.847298,0.0
16.4551,0.0139097,125.107,0.816074,0.0
16.4337,0.0138249,124.679,0.83417,0.0
16.4319,0.013948,124.627,0.84233,0.0
16.4506,0.0135787,124.422,0.832041,0.0
16.4549,0.0139946,125.278,0.854749,0.0
16.4496,0.0137856,124.919,0.852975,0.0
16.4325,0.0140677,123.873,0.829912,0.0
16.4435,0.013859,126.118,0.86149,0.0
16.434,0.0140136,124.987,0.816074,0.0
16.4276,0.0138181,124.781,0.84375,0.0
16.4701,0.0140134,124.404,0.857942,0.0
16.4812,0.0138836,124.387,0.837718,0.0
16.4511,0.0139628,122.965,0.838073,0.0
16.4398,0.0137057,124.404,0.843395,0.0
16.4447,0.0139773,124.816,0.820332,0.0
16.4505,0.013799,125.073,0.826009,0.0
16.4595,0.0137852,126.17,0.828138,0.0
16.4639,0.0137231,124.284,0.848362,0.0
16.4719,0.0137544,124.576,0.83275,0.0
16.4785,0.0137618,124.302,0.827073,0.0
16.4468,0.0141346,126.255,0.840911,0.0
16.4267,0.0138768,122.948,0.834524,0.0
16.4423,0.0141497,124.816,0.814655,0.0
16.4662,0.0134548,124.267,0.824944,0.0
16.4597,0.0140319,124.713,0.837363,0.0
16.4342,0.0138923,125.518,0.834879,0.0
16.4286,0.013557,125.107,0.831331,0.0
16.4502,0.0136523,123.993,0.847298,0.0
16.4751,0.0135032,125.878,0.856168,0.0
16.4547,0.0137803,123.925,0.822461,0.0
16.4471,0.013602,124.045,0.841976,0.0
16.4909,0.0137267,124.713,0.833815,0.0
16.4599,0.0137578,125.176,0.826364,0.0
16.4253,0.0139674,125.004,0.855104,0.0
16.4567,0.0138124,124.49,0.829912,0.0
16.4577,0.0136311,125.09,0.818203,0.0
16.4534,0.0136817,124.199,0.837718,0.0
16.4429,0.0136908,125.159,0.851201,0.0
16.4362,0.0137232,123.308,0.848007,0.0
16.4437,0.013638,125.484,0.856168,0.0
16.4349,0.0139586,124.456,0.828493,0.0
16.4448,0.0139304,124.319,0.846588,0.0
16.4546,0.014048,123.085,0.874619,0.0
16.4497,0.0141042,125.193,0.838782,0.0
16.4612,0.0139271,125.724,0.816074,0.0
16.4502,0.0140399,123.582,0.848007,0.0
16.4293,0.0138583,126.135,0.823525,0.0
16.4485,0.013869,125.913,0.844814,0.0
16.4438,0.0138396,124.404,0.854394,0.0
16.4357,0.0139011,123.273,0.884553,0.0
16.4436,0.0140152,125.244,0.852265,0.0
16.4235,0.0136935,123.53,0.842685,0.0
16.4249,0.0138887,124.37,0.858652,0.0
16.4364,0.0137561,124.97,0.822816,0.0
16.4414,0.0136543,125.484,0.8622,0.0
16.4349,0.0137,123.925,0.836653,0.0
16.4285,0.0138739,124.576,0.866103,0.0
16.443,0.013933,124.953,0.844104,0.0
16.4568,0.0137444,125.296,0.82317,0.0
16.4493,0.0135032,125.313,0.829912,0.0
16.4368,0.0134103,124.473,0.827783,0.0
16.4443,0.0134054,124.439,0.82459,0.0
16.4532,0.0140074,123.41,0.826719,0.0
16.4324,0.0138189,123.942,0.834879,0.0
16.4332,0.0137897,125.45,0.840911,0.0
16.4629,0.0139075,124.302,0.844814,0.0
16.4575,0.0133554,126.547,0.846943,0.0
16.4327,0.0136655,121.44,0.827783,0.0
16.4368,0.0133579,126.632,0.840556,0.0
16.4452,0.0137978,124.147,0.82459,0.0
16.465,0.0141592,124.182,0.830976,0.0
16.4728,0.0136606,124.987,0.826364,0.0
16.4427,0.0134726,125.021,0.837718,0.0
16.437,0.0136099,125.347,0.845879,0.0
16.4575,0.0137373,124.319,0.826009,0.0
16.4569,0.0137983,124.696,0.827073,0.0
16.4384,0.0135703,124.267,0.83417,0.0
16.4436,0.0139083,124.13,0.835944,0.0
16.454,0.013891,124.713,0.844814,0.0
16.4626,0.0138137,124.216,0.858297,0.0
16.4666,0.0136563,123.428,0.843395,0.0
16.4536,0.0138435,125.775,0.821751,0.0
16.4577,0.0137675,125.895,0.839137,0.0
16.4749,0.0139713,123.668,0.827783,0.0
16.4571,0.0141794,125.878,0.846233,0.0
16.4438,0.0138198,123.582,0.859716,0.0
16.4554,0.0135532,124.404,0.833105,0.0
16.4696,0.013532,123.856,0.816784,0.0
16.459,0.013917,123.77,0.849072,0.0
16.4559,0.01381,125.039,0.865039,0.0
16.471,0.0136409,125.604,0.854039,0.0
16.4764,0.0141338,125.827,0.840202,0.0
16.4727,0.0140475,125.004,0.863264,0.0
16.4376,0.0137726,124.01,0.8143,0.0
16.4477,0.0137542,126.444,0.828847,0.0
16.4793,0.0137559,125.278,0.848717,0.0
16.4634,0.0138721,124.216,0.855104,0.0
16.4441,0.0137615,123.976,0.846233,0.0
16.4403,0.013418,124.679,0.828493,0.0
16.4715,0.0139309,123.925,0.837718,0.0
16.4733,0.0134818,124.833,0.823525,0.0
16.4309,0.0140334,124.679,0.828138,0.0
16.4202,0.013834,125.518,0.85262,0.0
16.4504,0.0139454,124.507,0.845524,0.0
16.4309,0.0142008,123.582,0.847653,0.0
16.4195,0.0139051,123.308,0.860781,0.0
16.4623,0.0140346,125.518,0.841266,0.0
16.4694,0.0140069,125.518,0.848007,0.0
16.447,0.0140307,123.65,0.841621,0.0
16.4408,0.0137796,124.559,0.846588,0.0
16.4455,0.0134216,124.627,0.844814,0.0
16.4392,0.0139047,122.725,0.837363,0.0
16.4427,0.0138149,125.313,0.82459,0.0
16.4518,0.0139912,124.182,0.82317,0.0
16.433,0.0133432,122.982,0.875683,0.0
16.4308,0.0139941,124.387,0.857587,0.0
16.4383,0.0140706,124.25,0.8622,0.0
16.4321,0.0140341,124.61,0.84304,0.0
16.4485,0.0140772,125.57,0.835944,0.0
16.4544,0.0140938,124.764,0.857233,0.0
16.4367,0.0135269,125.604,0.857233,0.0
16.4409,0.0137725,122.862,0.838427,0.0
16.436,0.0136343,125.381,0.840556,0.0
16.4393,0.013548,124.524,0.83417,0.0
16.4515,0.0138249,124.422,0.865039,0.0
16.4394,0.0133887,123.685,0.848717,0.0
16.44,0.0135982,125.313,0.826719,0.0
16.4407,0.0133361,125.501,0.849072,0.0
16.4302,0.0136253,124.559,0.839492,0.0
16.4679,0.013725,124.199,0.854039,0.0
16.483,0.0140291,124.302,0.852975,0.0
16.4619,0.0141064,124.25,0.829202,0.0
16.4546,0.0139395,125.004,0.820332,0.0
16.4562,0.0137597,124.507,0.853684,0.0
16.456,0.0135997,122.639,0.867522,0.0
16.4679,0.0138872,124.233,0.858297,0.0
16.4677,0.0136556,125.998,0.835944,0.0
16.4392,0.0139969,125.416,0.834524,0.0
16.4609,0.01366,124.319,0.841621,0.0
16.4765,0.0136407,124.507,0.833105,0.0
16.4542,0.0137649,124.747,0.845879,0.0
16.4506,0.0136661,125.758,0.850136,0.0
16.458,0.013919,123.805,0.830976,0.0
16.4485,0.0135622,126.581,0.837718,0.0
16.4398,0.0140092,124.319,0.830267,0.0
16.4671,0.0138017,125.176,0.849782,0.0
16.4918,0.0137684,123.753,0.837008,0.0
16.4656,0.0142339,125.433,0.856523,0.0
16.4356,0.0140494,125.604,0.835944,0.0
16.4302,0.0136277,124.627,0.848362,0.0
16.4388,0.013784,124.165,0.831686,0.0
16.4374,0.0137068,124.73,0.836653,0.0
16.4251,0.0139847,124.867,0.838073,0.0
16.4553,0.0136789,125.004,0.816784,0.0
16.4731,0.0137193,125.176,0.82317,0.0
16.4351,0.0134558,124.25,0.839492,0.0
16.4538,0.0137664,123.496,0.844459,0.0
16.4897,0.0136874,123.993,0.844459,0.0
16.4449,0.0137076,125.261,0.84375,0.0
16.4272,0.0138776,126.084,0.829912,0.0
16.4565,0.013907,123.53,0.848717,0.0
16.4484,0.0139501,123.668,0.830622,0.0
16.4619,0.0140573,124.713,0.848007,0.0
16.472,0.0134945,123.599,0.83346,0.0
16.4405,0.0137474,124.901,0.859716,0.0
16.4494,0.0140126,124.576,0.840911,0.0
16.472,0.0138847,124.833,0.821396,0.0
16.4605,0.0140907,124.353,0.82459,0.0
16.4546,0.0141598,123.822,0.837363,0.0
16.4406,0.0135897,123.685,0.841976,0.0
16.4541,0.0137512,125.107,0.830267,0.0
16.4764,0.013955,124.919,0.836299,0.0
16.4297,0.0138549,125.193,0.841621,0.0
16.4171,0.0142321,124.919,0.82317,0.0
16.4543,0.0136173,123.565,0.817493,0.0
16.4568,0.0140558,124.439,0.84233,0.0
16.4399,0.013913,125.793,0.84304,0.0
16.4428,0.0136531,123.342,0.848717,0.0
16.4522,0.0136464,125.21,0.821751,0.0
16.453,0.013677,125.141,0.835589,0.0
16.4321,0.0138264,123.016,0.846233,0.0
16.4368,0.0132564,124.267,0.859716,0.0
16.4538,0.0135851,124.816,0.846943,0.0
16.4507,0.0142115,124.884,0.864684,0.0
16.4529,0.0138845,124.953,0.832041,0.0
16.4642,0.0137798,125.159,0.818203,0.0
16.4756,0.0136772,125.09,0.850846,0.0
16.4621,0.0134739,124.987,0.827783,0.0
16.4267,0.0139269,124.542,0.835589,0.0
16.4331,0.0140854,123.462,0.845524,0.0
16.4575,0.0134119,124.353,0.831331,0.0
16.4366,0.013557,123.805,0.835944,0.0
16.43,0.0137034,125.467,0.853684,0.0
16.456,0.0139175,125.467,0.853684,0.0
16.4546,0.0138838,124.456,0.838427,0.0
16.4583,0.013919,124.165,0.823525,0.0
16.4496,0.0136949,124.919,0.846588,0.0
16.4288,0.0139548,124.165,0.829557,0.0
16.4399,0.0135955,124.867,0.861845,0.0
16.4395,0.0132684,126.581,0.822461,0.0
16.4278,0.0136512,124.901,0.858652,0.0
16.4402,0.0139385,125.553,0.853684,0.0
16.4474,0.0139541,125.039,0.823525,0.0
16.4482,0.0134199,125.244,0.829912,0.0
16.4378,0.0137896,123.239,0.835944,0.0
16.419,0.0139163,123.085,0.841266,0.0
16.4386,0.0140741,125.073,0.836653,0.0
16.4507,0.0136226,125.673,0.855104,0.0
16.4342,0.0134473,124.662,0.828847,0.0
16.4533,0.0139274,125.33,0.844104,0.0
16.4487,0.0138947,124.01,0.830976,0.0
16.4184,0.0137461,124.542,0.841621,0.0
16.4479,0.0138156,124.062,0.839137,0.0
16.4783,0.0138493,124.01,0.824235,0.0
16.4559,0.0140205,125.536,0.852265,0.0
16.4423,0.0137547,124.25,0.837718,0.0
16.4634,0.0137052,123.53,0.86149,0.0
16.4531,0.0143097,124.456,0.83275,0.0
16.4437,0.0137569,125.33,0.841976,0.0
16.4607,0.0136253,123.959,0.851556,0.0
16.4535,0.0136983,124.97,0.847298,0.0
16.4545,0.0138283,123.993,0.855813,0.0
16.4544,0.0134151,125.398,0.845169,0.0
16.4487,0.0136574,125.57,0.821751,0.0
16.4606,0.013961,123.616,0.855813,0.0
16.4482,0.0140084,123.753,0.837718,0.0
16.4545,0.0140673,124.319,0.815364,0.0
16.4747,0.0139833,125.433,0.829557,0.0
16.4647,0.0141041,125.69,0.826719,0.0
16.4513,0.0137553,125.638,0.841976,0.0
16.4481,0.0136996,124.799,0.827428,0.0
16.4523,0.0137506,123.445,0.839847,0.0
16.4728,0.0136774,124.507,0.870716,0.0
16.4623,0.0139428,124.353,0.831686,0.0
16.4405,0.0139921,123.582,0.835589,0.0
16.4509,0.0136886,124.593,0.845169,0.0
16.4487,0.0139655,124.73,0.83417,0.0
16.4453,0.0140616,125.296,0.844104,0.0
16.4624,0.0139148,124.079,0.830976,0.0
16.4655,0.0135257,124.473,0.822461,0.0
16.4575,0.0139341,124.679,0.856878,0.0
16.4591,0.0142798,123.753,0.852265,0.0
16.4614,0.0140884,126.135,0.844459,0.0
16.4505,0.013959,124.936,0.849072,0.0
16.4281,0.013946,123.119,0.860071,0.0
16.4479,0.0134289,124.062,0.840202,0.0
16.4667,0.0137708,124.747,0.85262,0.0
16.4516,0.0138561,124.113,0.83346,0.0
16.4466,0.0140122,123.342,0.81501,0.0
16.443,0.0139721,124.216,0.845879,0.0
16.4388,0.0139294,124.216,0.841976,0.0
16.4457,0.0138938,125.09,0.840202,0.0
16.4733,0.0138597,125.244,0.829557,0.0
16.4629,0.0141274,125.244,0.852975,0.0
16.4319,0.0140891,125.656,0.852265,0.0
16.4349,0.0138828,123.308,0.846233,0.0
16.4563,0.0141078,125.518,0.850846,0.0
16.4686,0.0139322,125.381,0.859716,0.0
16.45,0.0141656,125.57,0.839847,0.0
16.447,0.013962,123.53,0.850491,0.0
16.4537,0.0140561,123.719,0.840202,0.0
16.4301,0.0138284,125.467,0.817848,0.0
16.4265,0.0139937,125.244,0.82317,0.0
16.4593,0.0137087,125.93,0.870361,0.0
16.4632,0.0136117,123.753,0.824944,0.0
16.435,0.0139036,124.559,0.845879,0.0
16.4235,0.0138956,125.69,0.838073,0.0
16.4436,0.0137847,124.901,0.820332,0.0
16.4453,0.0137088,123.959,0.813945,0.0
16.4412,0.0137758,125.021,0.84304,0.0
16.4508,0.0137978,124.593,0.845169,0.0
16.4676,0.0139694,123.479,0.840911,0.0
16.4757,0.0136538,123.53,0.84304,0.0
16.4549,0.0135062,124.73,0.835944,0.0
16.4378,0.0139301,123.462,0.856523,0.0
16.4456,0.0137871,123.77,0.848007,0.0
16.4711,0.0136782,124.644,0.841621,0.0
16.458,0.0137882,124.559,0.832041,0.0
16.4297,0.0135097,124.233,0.828138,0.0
16.4465,0.013723,125.536,0.846943,0.0
16.4521,0.0138251,124.182,0.844104,0.0
16.4335,0.0140951,124.764,0.827428,0.0
16.4423,0.01391,125.09,0.827428,0.0
16.4379,0.0137617,123.856,0.851556,0.0
16.4413,0.0136466,124.404,0.84233,0.0
16.4717,0.0141788,124.747,0.835589,0.0
16.4731,0.0136766,123.685,0.844104,0.0
16.4551,0.0136315,125.707,0.845524,0.0
16.4519,0.0139167,126.564,0.863619,0.0
16.4612,0.0136775,123.925,0.811462,0.0
16.4644,0.0139505,123.359,0.846588,0.0
16.4539,0.0135895,123.582,0.844459,0.0
16.4307,0.01387,123.976,0.84375,0.0
16.444,0.013515,123.325,0.838073,0.0
16.4635,0.0139152,124.781,0.847653,0.0
16.4582,0.0137302,124.764,0.813945,0.0
16.4465,0.0141353,124.096,0.835234,0.0
16.4395,0.0139679,124.953,0.840911,0.0
16.4426,0.0139877,124.199,0.815719,0.0
16.4399,0.0143408,123.548,0.840911,0.0
16.4495,0.0139743,125.501,0.854394,0.0
16.4561,0.0138962,125.433,0.85191,0.0
16.4343,0.0137901,123.993,0.861845,0.0
16.4255,0.0138103,125.244,0.841266,0.0
16.4368,0.0138405,124.165,0.840556,0.0
16.4468,0.013844,124.867,0.863619,0.0
16.4505,0.0140558,122.913,0.854394,0.0
16.4492,0.0140772,125.998,0.821396,0.0
16.4591,0.0137737,123.565,0.857587,0.0
16.4582,0.0135503,124.267,0.811107,0.0
16.4484,0.0135403,124.901,0.859716,0.0
16.454,0.0141391,125.45,0.843395,0.0
16.4588,0.0135715,125.073,0.851556,0.0
16.4594,0.014081,124.559,0.832041,0.0
16.4674,0.0140278,125.021,0.829557,0.0
16.4755,0.0141952,124.439,0.837008,0.0
16.4651,0.0135233,123.359,0.855459,0.0
16.4575,0.0136456,124.404,0.840556,0.0
16.4488,0.0138304,124.627,0.843395,0.0
16.4528,0.0134115,124.713,0.847298,0.0
16.4589,0.0136687,124.919,0.83346,0.0
16.4445,0.0135411,125.124,0.834524,0.0
16.4366,0.0136679,123.959,0.863619,0.0
16.4536,0.013631,126.204,0.847298,0.0
16.4811,0.0138266,124.542,0.844459,0.0
16.4608,0.0141114,124.165,0.839492,0.0
16.439,0.0140868,124.936,0.826719,0.0
16.4547,0.0137529,126.135,0.838073,0.0
16.4568,0.0140435,124.353,0.837008,0.0
16.4473,0.0139733,124.627,0.830267,0.0
16.4323,0.0139811,123.805,0.830622,0.0
16.4448,0.0135528,123.29,0.830976,0.0
16.4444,0.0137822,124.319,0.827783,0.0
16.4349,0.0136898,124.216,0.841976,0.0
16.4634,0.013995,123.873,0.815719,0.0
16.4743,0.0141024,125.364,0.852975,0.0
16.4447,0.0139112,124.456,0.830976,0.0
16.4649,0.0138211,124.37,0.820332,0.0
16.4736,0.0137383,124.165,0.813236,0.0
16.4504,0.0138102,123.976,0.84233,0.0
16.464,0.0143509,123.753,0.844814,0.0
16.4606,0.0138483,124.49,0.840202,0.0
16.4429,0.0138498,125.947,0.822461,0.0
16.4539,0.0136492,125.176,0.819267,0.0
16.4613,0.0136263,122.759,0.834879,0.0
16.4595,0.0138765,125.364,0.851201,0.0
16.4491,0.013998,125.33,0.857942,0.0
16.4397,0.0141817,125.056,0.840556,0.0
16.4608,0.013771,123.153,0.84304,0.0
16.458,0.0134571,124.816,0.836299,0.0
16.4547,0.0140038,123.599,0.856878,0.0
16.4549,0.013722,125.416,0.834879,0.0
16.4381,0.013928,124.473,0.848717,0.0
16.4317,0.0136665,123.719,0.828138,0.0
16.4447,0.0134429,123.051,0.838073,0.0
16.4468,0.0137933,123.325,0.851201,0.0
16.4284,0.0136016,124.319,0.861845,0.0
16.4395,0.0136427,127.027,0.842685,0.0
16.4599,0.0141875,124.37,0.844459,0.0
16.4513,0.0141034,124.422,0.84304,0.0
16.4546,0.0135821,123.993,0.854394,0.0
16.4517,0.0136638,125.056,0.844104,0.0
16.4421,0.013945,125.553,0.840556,0.0
16.4433,0.014053,124.49,0.86291,0.0
16.4312,0.0136041,125.861,0.833815,0.0
16.4464,0.0137485,125.107,0.841976,0.0
16.4735,0.0141019,123.599,0.841621,0.0
16.4485,0.0137742,125.159,0.835234,0.0
16.4403,0.0132908,125.433,0.846588,0.0
16.4548,0.0137134,124.644,0.818913,0.0
16.4533,0.0135769,124.627,0.865748,0.0
16.4572,0.0140091,125.587,0.819622,0.0
16.4571,0.0140395,125.381,0.856523,0.0
16.4494,0.0140029,124.353,0.833815,0.0
16.4509,0.0138085,124.576,0.831686,0.0
16.4648,0.0137369,124.936,0.849782,0.0
16.4466,0.0134936,123.822,0.854749,0.0
16.4427,0.0141562,123.633,0.840911,0.0
16.4693,0.0133616,124.079,0.823525,0.0
16.453,0.0138024,124.85,0.846943,0.0
16.4395,0.0139411,125.381,0.830976,0.0
16.4511,0.0141212,124.884,0.829557,0.0
16.4581,0.0140709,123.89,0.843395,0.0
16.4606,0.0142529,124.542,0.839847,0.0
16.4684,0.0143009,124.473,0.847298,0.0
16.4721,0.0139756,124.027,0.839137,0.0
16.4664,0.0137396,123.496,0.853684,0.0
16.4567,0.014103,123.736,0.835234,0.0
16.4336,0.0138559,123.822,0.828493,0.0
16.4421,0.0138438,123.702,0.83275,0.0
16.4628,0.0137628,125.69,0.838073,0.0
16.4346,0.0136217,122.228,0.84304,0.0
16.4401,0.0135586,122.931,0.830267,0.0
16.4678,0.0138461,124.49,0.851556,0.0
16.4711,0.0136594,124.936,0.837363,0.0
16.4673,0.014101,125.141,0.827073,0.0
16.4473,0.0141204,124.113,0.839847,0.0
16.4555,0.0135062,125.039,0.822106,0.0
16.4726,0.0138435,123.582,0.841266,0.0
16.4683,0.0141484,127.061,0.845879,0.0
16.4646,0.0138032,123.787,0.839492,0.0
16.4429,0.013923,124.696,0.835944,0.0
16.4409,0.0138062,124.816,0.84233,0.0
16.4533,0.0136772,124.662,0.838427,0.0
16.4471,0.0136281,127.935,0.841621,0.0
16.4565,0.013918,122.331,0.831686,0.0
16.4636,0.0136263,126.684,0.850846,0.0
16.454,0.0136855,125.844,0.821751,0.0
16.4577,0.0138264,124.816,0.824944,0.0
16.4637,0.0136362,125.004,0.828493,0.0
16.4589,0.0139363,124.833,0.839492,0.0
16.4508,0.0138148,124.61,0.842685,0.0
16.4558,0.0137072,124.884,0.826364,0.0
16.4666,0.0138374,124.079,0.846233,0.0
16.4631,0.0136882,124.884,0.837718,0.0
16.4463,0.0136166,124.49,0.860781,0.0
16.4411,0.0135532,123.65,0.825654,0.0
16.4494,0.0132499,124.816,0.850136,0.0
16.447,0.0133587,123.376,0.841621,0.0
16.4475,0.0141681,124.439,0.821042,0.0
16.4341,0.0137185,122.108,0.828493,0.0
16.4299,0.0140272,125.33,0.837008,0.0
16.4623,0.0142517,124.13,0.843395,0.0
16.4708,0.0140375,124.096,0.828138,0.0
16.4492,0.0137632,124.233,0.832396,0.0
16.4508,0.0138993,125.227,0.846233,0.0
16.4651,0.0139499,124.644,0.857942,0.0
16.4586,0.0140354,124.045,0.837718,0.0
16.4434,0.0142169,124.696,0.849782,0.0
16.4432,0.013824,124.61,0.83346,0.0
16.4605,0.0138578,123.907,0.867877,0.0
16.4528,0.0136761,124.627,0.855459,0.0
16.4379,0.0137257,125.467,0.815719,0.0
16.4506,0.0136679,124.542,0.830267,0.0
16.4543,0.0134472,124.507,0.834524,0.0
16.4641,0.0139169,125.261,0.828493,0.0
16.4624,0.0140482,124.867,0.839137,0.0
16.4424,0.0134933,122.571,0.840202,0.0
16.4399,0.0138444,124.062,0.837008,0.0
16.4314,0.0139256,123.41,0.857233,0.0
16.4205,0.0137712,124.284,0.847653,0.0
16.4233,0.0136604,123.222,0.822816,0.0
16.4275,0.013931,125.073,0.820332,0.0
16.4417,0.0139797,125.33,0.832396,0.0
16.4478,0.0137802,125.827,0.856878,0.0
16.4608,0.0141463,125.536,0.850846,0.0
16.4742,0.0141116,123.53,0.811462,0.0
16.4468,0.0140418,125.107,0.841976,0.0
16.4288,0.0133089,125.176,0.838427,0.0
16.4471,0.0136868,123.839,0.837718,0.0
16.4458,0.0139771,125.176,0.851556,0.0
16.4474,0.0141613,124.953,0.84375,0.0
16.4635,0.0139399,124.747,0.820687,0.0
16.4462,0.0140309,123.548,0.827073,0.0
16.4405,0.0138581,124.644,0.836299,0.0
16.4596,0.0139739,123.033,0.860426,0.0
16.4702,0.0137532,125.244,0.816784,0.0
16.454,0.0138823,125.364,0.841976,0.0
16.4372,0.0137413,125.159,0.85262,0.0
16.4391,0.0138125,124.25,0.849427,0.0
16.4515,0.0137475,126.084,0.841621,0.0
16.4635,0.0138613,124.833,0.854039,0.0
16.4457,0.0136074,124.61,0.84233,0.0
16.4394,0.0137633,125.244,0.852265,0.0
16.4568,0.0135215,123.873,0.875683,0.0
16.446,0.0138738,123.89,0.837718,0.0
16.4397,0.0137089,124.079,0.841976,0.0
16.4648,0.0136622,124.799,0.849072,0.0
16.467,0.0136154,124.319,0.848717,0.0
16.4625,0.0137239,123.342,0.837008,0.0
16.4723,0.0140465,126.735,0.851201,0.0
16.4619,0.0135243,125.124,0.844459,0.0
16.4529,0.0134596,125.039,0.849427,0.0
16.4596,0.0137716,123.702,0.849427,0.0
16.4522,0.0141187,125.004,0.852975,0.0
16.4563,0.0138334,124.936,0.857587,0.0
16.458,0.0138037,125.004,0.840202,0.0
16.4556,0.01374,125.433,0.86291,0.0
16.4688,0.0136021,122.879,0.848007,0.0
16.4618,0.0136774,125.193,0.847298,0.0
16.4521,0.0136513,123.359,0.847298,0.0
16.4597,0.0137381,123.907,0.824944,0.0
16.4489,0.0138353,126.564,0.847653,0.0
16.44,0.0140161,124.284,0.835589,0.0
16.4606,0.0138979,124.473,0.856878,0.0
16.4689,0.0140072,123.239,0.848362,0.0
16.4364,0.0135754,125.673,0.836299,0.0
16.4445,0.0137907,124.524,0.852265,0.0
16.4635,0.0137767,124.781,0.847653,0.0
16.4499,0.0134953,123.787,0.841976,0.0
16.4326,0.0136269,124.593,0.86149,0.0
16.4402,0.0138066,124.045,0.83417,0.0
16.4596,0.013971,124.867,0.841621,0.0
16.4526,0.0137389,123.787,0.828138,0.0
16.4579,0.0138862,125.398,0.852265,0.0
16.4563,0.0136663,124.833,0.859007,0.0
16.4265,0.0137377,123.393,0.840911,0.0
16.4386,0.014005,126.033,0.841621,0.0
16.4591,0.0135943,125.09,0.844459,0.0
16.4598,0.0139884,124.781,0.826364,0.0
16.4704,0.0139982,122.965,0.816074,0.0
16.476,0.0138567,123.548,0.822461,0.0
16.4535,0.0135413,122.999,0.840911,0.0
16.4313,0.013572,124.747,0.816074,0.0
16.4427,0.0139003,124.404,0.849072,0.0
16.4384,0.0138514,123.856,0.845524,0.0
16.424,0.0135076,124.816,0.846943,0.0
16.4491,0.013465,123.873,0.819622,0.0
16.4653,0.0137584,124.473,0.857233,0.0
16.4445,0.0140737,124.387,0.803656,0.0
16.4528,0.0136811,125.724,0.848362,0.0
16.454,0.0141482,125.261,0.846943,0.0
16.4359,0.0135999,123.89,0.832041,0.0
16.4421,0.0136502,125.57,0.844104,0.0
16.4514,0.0132993,124.919,0.840911,0.0
16.4588,0.0139222,125.244,0.857942,0.0
16.4602,0.0139795,123.085,0.846588,0.0
16.4469,0.0136158,125.638,0.844104,0.0
16.4345,0.0134896,126.581,0.832396,0.0
16.4504,0.0139931,125.45,0.837718,0.0
16.4806,0.0139498,123.393,0.839492,0.0
16.4589,0.0138512,124.713,0.838782,0.0
16.4348,0.0139584,125.296,0.838782,0.0
16.4344,0.0137951,124.884,0.845169,0.0
16.447,0.01407,123.736,0.816074,0.0
16.454,0.0137283,122.125,0.834879,0.0
16.4385,0.0136789,126.17,0.85191,0.0
16.4268,0.0139107,124.147,0.840556,0.0
16.4464,0.0136799,124.97,0.830976,0.0
16.4571,0.0138065,125.827,0.840556,0.0
16.4373,0.0137574,123.873,0.834524,0.0
16.4373,0.0137902,124.267,0.83275,0.0
16.4398,0.0137628,124.987,0.82317,0.0
16.4443,0.013723,123.753,0.838782,0.0
16.4598,0.0141206,123.736,0.857587,0.0
16.463,0.013585,125.381,0.848717,0.0
16.4644,0.01367,124.73,0.818203,0.0
16.4643,0.0137808,123.942,0.838073,0.0
16.4527,0.0139655,124.387,0.840202,0.0
16.4489,0.0136807,124.987,0.850136,0.0
16.4527,0.0137951,125.313,0.851201,0.0
16.444,0.0139623,124.559,0.836299,0.0
16.4342,0.0139295,125.45,0.865039,0.0
16.4475,0.0140492,123.513,0.857942,0.0
16.4548,0.0137038,123.787,0.839847,0.0
16.4388,0.013934,124.61,0.847653,0.0
16.4498,0.0137502,124.336,0.841266,0.0
16.4555,0.0137518,124.473,0.84375,0.0
16.4368,0.0140524,123.805,0.844459,0.0
16.4321,0.0138935,125.45,0.841266,0.0
16.4354,0.0141035,125.844,0.835589,0.0
16.4355,0.0135995,125.176,0.818203,0.0
16.4274,0.013707,126.29,0.837718,0.0
16.4445,0.0136157,123.325,0.855459,0.0
16.4588,0.013709,125.313,0.830976,0.0
16.4455,0.0137725,124.422,0.85262,0.0
16.4403,0.0138935,124.936,0.8622,0.0
16.4469,0.0139395,123.308,0.835589,0.0
16.4447,0.013936,123.907,0.854039,0.0
16.4478,0.0138382,125.518,0.846233,0.0
16.4726,0.0143781,124.216,0.832396,0.0
16.4587,0.014076,124.662,0.830267,0.0
16.4306,0.0137515,125.433,0.830976,0.0
16.4589,0.0140139,124.679,0.864329,0.0
16.4586,0.0140624,123.051,0.863974,0.0
16.4476,0.0139732,124.387,0.86149,0.0
16.4669,0.0138012,123.273,0.849427,0.0
16.445,0.0138357,126.153,0.863264,0.0
16.435,0.0138792,124.884,0.837718,0.0
16.4595,0.0133871,123.53,0.847298,0.0
16.4467,0.0135972,123.633,0.837718,0.0
16.4191,0.0137624,123.428,0.830622,0.0
16.4295,0.0138924,124.404,0.84304,0.0
16.4386,0.0141328,122.913,0.815719,0.0
16.4389,0.013899,125.895,0.853684,0.0
16.4719,0.0139302,124.336,0.848362,0.0
16.4853,0.0139966,123.668,0.848717,0.0
16.4509,0.0137973,124.182,0.849782,0.0
16.4591,0.0138884,124.13,0.820332,0.0
16.4908,0.0135716,125.998,0.846943,0.0
16.47,0.0136828,124.901,0.822106,0.0
16.4408,0.0139402,123.153,0.83275,0.0
16.4528,0.013528,123.907,0.86149,0.0
16.4707,0.013911,125.416,0.848007,0.0
16.4576,0.0141548,125.278,0.854749,0.0
16.4451,0.0141156,122.674,0.835589,0.0
16.4567,0.0136255,123.548,0.84233,0.0
16.4662,0.0137235,124.37,0.855459,0.0
16.4575,0.014006,124.627,0.859007,0.0
16.4338,0.0137243,123.925,0.849427,0.0
16.4506,0.0137653,125.381,0.837718,0.0
16.4892,0.0133005,124.696,0.807559,0.0
16.4695,0.0137877,124.387,0.837363,0.0
16.4626,0.013946,125.381,0.862555,0.0
16.4867,0.0139613,124.25,0.833105,0.0
16.4692,0.0139193,125.57,0.836653,0.0
16.4586,0.0136711,123.89,0.832041,0.0
16.4437,0.0134101,124.49,0.832396,0.0
16.4335,0.0138414,123.805,0.846233,0.0
16.4606,0.0136604,122.999,0.838427,0.0
16.4635,0.0138985,122.742,0.831331,0.0
16.4444,0.0136709,124.37,0.854394,0.0
16.4407,0.0138478,123.239,0.832041,0.0
16.4401,0.0137257,124.027,0.806139,0.0
16.4518,0.0138344,124.01,0.846943,0.0
16.4617,0.01386,126.461,0.834524,0.0
16.4422,0.0136872,124.027,0.840202,0.0
16.4207,0.013466,123.753,0.817493,0.0
16.4407,0.0136625,123.702,0.835234,0.0
16.4533,0.0138851,124.165,0.827783,0.0
16.4405,0.0134096,124.593,0.837008,0.0
16.4372,0.0136201,123.702,0.82317,0.0
16.4468,0.0139695,125.827,0.827783,0.0
16.4541,0.0134094,124.062,0.856168,0.0
16.4556,0.0137613,123.805,0.838073,0.0
16.463,0.0139327,124.25,0.856523,0.0
16.4458,0.0142349,123.513,0.826364,0.0
16.4426,0.0137149,123.753,0.835234,0.0
16.4517,0.0141194,123.171,0.84375,0.0
16.429,0.0137341,125.141,0.824944,0.0
16.4485,0.0134603,123.599,0.835944,0.0
16.4389,0.0139618,125.193,0.835589,0.0
16.4232,0.0135662,125.981,0.83417,0.0
16.4476,0.0134329,124.096,0.845169,0.0
16.4395,0.0139313,125.518,0.85191,0.0
16.4635,0.0137428,123.239,0.84375,0.0
16.4849,0.0137643,124.045,0.818558,0.0
16.4464,0.0136541,125.056,0.85191,0.0
16.4324,0.0140475,123.308,0.84233,0.0
16.4321,0.0136892,124.045,0.837363,0.0
16.4371,0.0138051,123.856,0.824944,0.0
16.4526,0.0138602,123.856,0.851556,0.0
16.4475,0.0142854,125.21,0.830267,0.0
16.4681,0.0138536,124.576,0.841976,0.0
16.4503,0.0139427,123.273,0.85191,0.0
16.4155,0.0138503,124.559,0.854039,0.0
16.4474,0.0138674,124.25,0.825654,0.0
16.4399,0.0138366,125.484,0.837008,0.0
16.4245,0.0131201,123.308,0.841976,0.0
16.4605,0.0135145,125.364,0.830267,0.0
16.4646,0.0133981,124.49,0.861136,0.0
16.4417,0.0136872,123.582,0.830622,0.0
16.4482,0.0138108,123.393,0.85191,0.0
16.4512,0.0138956,124.696,0.860781,0.0
16.4355,0.0140576,123.582,0.838073,0.0
16.4466,0.0137725,124.936,0.848717,0.0
16.4601,0.0137417,124.662,0.828847,0.0
16.4589,0.0134785,124.319,0.846233,0.0
16.4483,0.0136565,123.65,0.845524,0.0
16.4473,0.0139814,124.25,0.840556,0.0
16.4391,0.0138322,125.895,0.807559,0.0
16.4352,0.0138253,125.124,0.849782,0.0
16.4556,0.0140517,122.571,0.835234,0.0
16.4586,0.0138801,125.159,0.841976,0.0
16.4588,0.0137755,123.959,0.823525,0.0
16.4453,0.0136563,126.307,0.842685,0.0
16.4257,0.0138836,124.593,0.846943,0.0
16.4469,0.0139093,125.45,0.841976,0.0
16.479,0.0138606,123.616,0.849072,0.0
16.4682,0.013786,123.856,0.839847,0.0
16.4399,0.0138041,124.284,0.856523,0.0
16.4477,0.0135169,126.992,0.850136,0.0
16.477,0.0138628,124.096,0.847298,0.0
16.463,0.0135386,124.85,0.840202,0.0
16.4402,0.0138927,126.752,0.855104,0.0
16.4356,0.01386,124.542,0.828847,0.0
16.4405,0.0140158,124.456,0.851556,0.0
16.4649,0.0138404,123.907,0.844814,0.0
16.4531,0.0136891,125.193,0.84304,0.0
16.4369,0.0135765,124.713,0.829912,0.0
16.4727,0.0139752,125.793,0.830976,0.0
16.4857,0.0138564,123.136,0.829557,0.0
16.4513,0.0139041,124.233,0.836653,0.0
16.4565,0.0139679,125.895,0.871425,0.0
16.4604,0.0139325,124.747,0.844459,0.0
16.4416,0.0138723,124.165,0.874619,0.0
16.469,0.0140693,123.873,0.849072,0.0
16.473,0.0137149,125.176,0.849782,0.0
16.433,0.0134193,125.261,0.837008,0.0
16.4451,0.0136502,125.261,0.84375,0.0
16.4589,0.0136654,125.553,0.844104,0.0
16.4531,0.0139221,124.679,0.855813,0.0
16.4412,0.0138437,123.856,0.823525,0.0
16.4505,0.0136381,126.324,0.857587,0.0
16.4861,0.0140768,124.576,0.812526,0.0
16.4779,0.0138568,123.393,0.844104,0.0
16.442,0.0136563,124.113,0.828493,0.0
16.4529,0.0138057,125.004,0.841976,0.0
16.4646,0.0141169,124.919,0.812171,0.0
16.4577,0.0139394,124.25,0.851556,0.0
16.4556,0.0135401,123.702,0.852265,0.0
16.4481,0.0135246,123.548,0.814655,0.0
16.4524,0.0139632,125.741,0.857233,0.0
16.4375,0.0137849,124.61,0.828138,0.0
16.4306,0.0140813,124.353,0.830267,0.0
16.4569,0.0138912,125.176,0.822461,0.0
16.4475,0.0138056,124.713,0.83275,0.0
16.4246,0.0136221,124.49,0.842685,0.0
16.4565,0.0137521,123.65,0.838073,0.0
16.4496,0.0134668,123.719,0.819977,0.0
16.4388,0.013848,124.644,0.824235,0.0
16.4638,0.0137226,125.604,0.846943,0.0
16.4537,0.0135898,123.925,0.825299,0.0
16.4474,0.0134843,124.953,0.827783,0.0
16.4461,0.0136192,125.261,0.840556,0.0
16.4415,0.0136623,124.867,0.841976,0.0
16.46,0.0136411,124.079,0.814655,0.0
16.4578,0.0139008,123.822,0.857587,0.0
16.4253,0.0133754,124.816,0.845879,0.0
16.4241,0.0140281,125.176,0.848362,0.0
16.4578,0.0137745,125.793,0.863264,0.0
16.4623,0.0136953,123.77,0.827428,0.0
16.4553,0.0137559,124.319,0.846233,0.0
16.4556,0.0136865,124.662,0.847653,0.0
16.4421,0.0136186,124.096,0.854394,0.0
16.4493,0.013749,125.998,0.837363,0.0
16.4616,0.0139438,124.919,0.841266,0.0
16.4481,0.0139139,124.85,0.832396,0.0
16.4528,0.01386,125.176,0.838427,0.0
16.4775,0.0136542,125.45,0.833105,0.0
16.4621,0.0139498,123.702,0.834524,0.0
16.4269,0.0135096,125.261,0.832041,0.0
16.4196,0.0136645,124.507,0.820687,0.0
16.4395,0.0136581,125.176,0.841621,0.0
16.4583,0.0136468,125.159,0.835234,0.0
16.4469,0.0140713,124.199,0.835234,0.0
16.4275,0.0138686,124.799,0.834879,0.0
16.4471,0.0137892,124.97,0.839137,0.0
16.4745,0.0136966,124.627,0.819977,0.0
16.4636,0.0139085,125.501,0.850846,0.0
16.4516,0.0139504,124.25,0.833815,0.0
16.4539,0.0137434,125.021,0.865748,0.0
16.4641,0.0141801,124.199,0.839492,0.0
16.4692,0.0140346,125.261,0.850491,0.0
16.4447,0.0138596,124.456,0.844104,0.0
16.4327,0.0137469,124.61,0.835944,0.0
16.4455,0.014027,123.205,0.828847,0.0
16.4436,0.0140576,125.21,0.845169,0.0
16.4603,0.0140907,124.644,0.863264,0.0
16.4595,0.0140203,123.719,0.851556,0.0
16.4436,0.0137739,124.284,0.859362,0.0
16.4574,0.0140198,124.799,0.847653,0.0
16.4576,0.0136755,124.113,0.827428,0.0
16.4565,0.0138423,125.553,0.837718,0.0
16.4518,0.0139264,124.353,0.83275,0.0
16.444,0.0136464,125.518,0.839137,0.0
16.4453,0.0139523,123.462,0.837363,0.0
16.449,0.01367,125.793,0.819622,0.0
16.4687,0.0138666,123.736,0.85333,0.0
16.4639,0.0137511,125.416,0.865393,0.0
16.4438,0.0137359,124.302,0.85333,0.0
16.4566,0.0141092,124.936,0.849782,0.0
16.4757,0.013906,124.216,0.850136,0.0
16.4678,0.0139091,126.067,0.856168,0.0
16.4636,0.0135858,123.136,0.818203,0.0
16.4644,0.0139718,124.764,0.835944,0.0
16.4567,0.0140896,123.153,0.830976,0.0
16.4326,0.0139163,123.582,0.834524,0.0
16.4371,0.013316,124.216,0.824944,0.0
16.4514,0.0136569,124.542,0.832396,0.0
16.4469,0.0134599,125.159,0.839492,0.0
16.447,0.0137721,124.867,0.835234,0.0
16.4461,0.0142102,124.524,0.827783,0.0
16.4518,0.0138568,125.621,0.859716,0.0
16.4648,0.0137117,124.062,0.840202,0.0
16.4525,0.013829,124.233,0.837363,0.0
16.4563,0.0135279,125.553,0.833815,0.0
16.4656,0.0136165,124.045,0.838073,0.0
16.4678,0.0141434,124.353,0.829557,0.0
16.466,0.0135786,123.359,0.839137,0.0
16.4552,0.0135995,124.233,0.85262,0.0
16.4443,0.0138425,124.799,0.852975,0.0
16.4389,0.0139459,123.976,0.851556,0.0
16.4544,0.0138562,124.61,0.844814,0.0
16.4524,0.013806,124.662,0.861136,0.0
16.4676,0.0140047,123.65,0.840556,0.0
16.4753,0.0140875,125.741,0.818913,0.0
16.4541,0.0137737,123.805,0.827783,0.0
16.4561,0.0137097,125.724,0.848362,0.0
16.4595,0.0136834,124.267,0.845169,0.0
16.4639,0.0141326,123.822,0.836653,0.0
16.4785,0.0138365,123.873,0.837363,0.0
16.4539,0.013702,122.965,0.858652,0.0
16.4429,0.0139833,124.884,0.852265,0.0
16.4684,0.0139096,125.107,0.844814,0.0
16.4515,0.0139475,124.336,0.837008,0.0
16.4372,0.013816,124.747,0.831331,0.0
16.4512,0.0140198,123.822,0.849427,0.0
16.4427,0.0137305,123.273,0.844104,0.0
16.4566,0.0137471,124.662,0.850491,0.0
16.4722,0.0139615,124.165,0.827428,0.0
16.4577,0.0135451,124.833,0.855104,0.0
16.4526,0.0141482,126.461,0.8622,0.0
16.4392,0.0137325,124.987,0.84233,0.0
16.4369,0.0137616,124.13,0.846943,0.0
16.4586,0.0139062,123.77,0.826009,0.0
16.4563,0.0140831,125.93,0.837008,0.0
16.4535,0.0135687,124.216,0.850846,0.0
16.4466,0.0136055,124.319,0.833105,0.0
16.4455,0.013811,125.193,0.848362,0.0
16.4581,0.0133855,123.29,0.839137,0.0
16.4646,0.0139483,125.604,0.843395,0.0
16.4527,0.0140513,125.964,0.852975,0.0
16.4373,0.0138087,124.799,0.835944,0.0
16.4435,0.0140934,125.09,0.850136,0.0
16.4482,0.0136353,125.364,0.816429,0.0
16.4417,0.013708,125.93,0.859716,0.0
16.4503,0.0136288,124.353,0.828493,0.0
16.4596,0.0138374,124.473,0.856878,0.0
16.4497,0.0138319,126.221,0.859007,0.0
16.4545,0.0141922,123.685,0.844814,0.0
16.4655,0.0137126,125.724,0.857233,0.0
16.4533,0.013626,123.462,0.847298,0.0
16.4476,0.0137543,123.085,0.829912,0.0
16.4594,0.0137467,123.342,0.840556,0.0
16.452,0.0139385,125.673,0.84375,0.0
16.4402,0.0138989,126.015,0.841266,0.0
16.4601,0.0135878,124.387,0.865393,0.0
16.4725,0.0137015,122.348,0.830267,0.0
16.4415,0.0142651,126.17,0.848007,0.0
16.4431,0.0140456,124.079,0.832396,0.0
16.4569,0.0137979,124.062,0.825654,0.0
16.4475,0.013824,124.113,0.827783,0.0
16.4558,0.0137469,123.77,0.807559,0.0
16.4644,0.0138182,125.484,0.855459,0.0
16.4724,0.0138686,123.53,0.853684,0.0
16.4684,0.0136795,124.73,0.852975,0.0
16.458,0.0138446,126.701,0.84233,0.0
16.4557,0.0139541,123.376,0.84375,0.0
16.4529,0.0138519,125.741,0.855459,0.0
16.4564,0.0139357,124.096,0.830976,0.0
16.4476,0.0140554,123.719,0.839137,0.0
16.46,0.0140681,125.193,0.824235,0.0
16.4759,0.0140693,124.627,0.828847,0.0
16.4614,0.0140155,125.193,0.850136,0.0
16.4522,0.0136293,124.507,0.878167,0.0
16.4417,0.0137684,122.571,0.85262,0.0
16.4545,0.0139106,124.747,0.850136,0.0
16.4765,0.0140515,125.313,0.850136,0.0
16.4642,0.0136397,125.107,0.841976,0.0
16.4408,0.0138917,124.113,0.841976,0.0
16.4387,0.013611,125.313,0.830267,0.0
16.4419,0.0137683,124.97,0.828847,0.0
16.4463,0.013529,123.256,0.849427,0.0
16.4644,0.013619,124.01,0.828493,0.0
16.4743,0.0138187,125.313,0.85191,0.0
16.4627,0.0139824,123.787,0.831331,0.0
16.4404,0.0143266,125.981,0.838427,0.0
16.4334,0.0138251,124.37,0.837363,0.0
16.4402,0.0143199,124.387,0.836653,0.0
16.4406,0.0139329,124.953,0.849427,0.0
16.4315,0.0138141,124.113,0.855104,0.0
16.4438,0.0136561,123.976,0.83346,0.0
16.4546,0.0139301,125.193,0.856168,0.0
16.4439,0.0139527,124.37,0.824235,0.0
16.4529,0.0136713,124.867,0.834524,0.0
16.467,0.0140287,122.451,0.832041,0.0
16.4717,0.0137691,124.679,0.844814,0.0
16.4669,0.0139521,125.604,0.82317,0.0
16.455,0.0137867,124.216,0.833815,0.0
16.4328,0.0138283,123.53,0.859716,0.0
16.4471,0.0138088,125.313,0.850846,0.0
16.4885,0.0136826,125.416,0.813945,0.0
16.4623,0.0138233,124.559,0.85333,0.0
16.433,0.0135814,124.799,0.856168,0.0
16.4563,0.0138631,122.862,0.832041,0.0
16.445,0.0141138,126.941,0.848362,0.0
16.4574,0.0139338,124.679,0.828847,0.0
16.4889,0.0140214,124.473,0.857233,0.0
16.4345,0.0138096,123.685,0.84304,0.0
16.4093,0.0138648,125.21,0.839137,0.0
16.4482,0.0138642,123.976,0.847298,0.0
16.4556,0.0137305,122.948,0.841976,0.0
16.4572,0.013494,126.015,0.840556,0.0
16.4781,0.0139631,123.359,0.840911,0.0
16.4796,0.0137697,122.982,0.853684,0.0
16.4681,0.0138321,123.308,0.840202,0.0
16.4488,0.0136591,124.542,0.841266,0.0
16.4455,0.0136978,124.953,0.822106,0.0
16.4461,0.013381,122.057,0.848007,0.0
16.4431,0.0138344,123.753,0.844459,0.0
16.4739,0.0136355,124.644,0.840556,0.0
16.4669,0.0133206,124.644,0.856168,0.0
16.4415,0.0137999,123.222,0.813945,0.0
16.4571,0.0141232,124.713,0.838782,0.0
16.47,0.0138995,123.839,0.854039,0.0
16.462,0.0136033,124.422,0.835234,0.0
16.4518,0.0137609,124.456,0.844459,0.0
16.4402,0.0138684,125.004,0.830622,0.0
16.436,0.0137875,124.919,0.840556,0.0
16.4629,0.013729,123.376,0.831331,0.0
16.4633,0.0135724,122.965,0.842685,0.0
16.4402,0.0136766,123.942,0.832396,0.0
16.4538,0.0139443,124.884,0.846233,0.0
16.4493,0.0136153,123.599,0.863264,0.0
16.4429,0.0136695,125.21,0.851201,0.0
16.4445,0.0133902,123.633,0.855104,0.0
16.4357,0.0134167,125.536,0.839137,0.0
16.4515,0.0137536,123.685,0.843395,0.0
16.4706,0.0141984,124.113,0.806849,0.0
16.4671,0.0138,124.644,0.828138,0.0
16.4547,0.0137155,123.479,0.827428,0.0
16.4567,0.0139776,124.062,0.852265,0.0
16.4687,0.0140155,124.987,0.824944,0.0
16.4697,0.0141435,124.422,0.841621,0.0
16.4674,0.0136962,125.775,0.847653,0.0
16.4521,0.0135118,125.793,0.851201,0.0
16.4477,0.0135717,123.668,0.827783,0.0
16.4566,0.0135842,125.621,0.847653,0.0
16.465,0.0138201,125.964,0.86291,0.0
16.4542,0.013647,124.439,0.842685,0.0
16.4332,0.0139873,124.919,0.863264,0.0
16.4348,0.0139414,124.49,0.84304,0.0
16.4443,0.0137847,124.113,0.837718,0.0
16.4616,0.0134065,123.942,0.845879,0.0
16.4636,0.0135736,125.587,0.829912,0.0
16.4513,0.0137377,124.267,0.832041,0.0
16.4712,0.0142715,124.61,0.829557,0.0
16.465,0.0140436,125.724,0.843395,0.0
16.4349,0.0136715,123.839,0.848007,0.0
16.4598,0.01382,124.662,0.838782,0.0
16.4637,0.013911,123.29,0.834879,0.0
16.4312,0.0138324,123.068,0.821042,0.0
16.4546,0.0137653,123.65,0.845169,0.0
16.4788,0.0142929,123.787,0.854749,0.0
16.4608,0.0140444,124.73,0.836653,0.0
16.4587,0.0142934,125.278,0.856523,0.0
16.4676,0.0136219,124.336,0.874973,0.0
16.4551,0.01375,124.216,0.822461,0.0
16.4497,0.0135867,123.907,0.844459,0.0
16.4527,0.0138806,124.85,0.850136,0.0
16.4581,0.0133364,124.267,0.831331,0.0
16.468,0.0139647,124.302,0.840202,0.0
16.4678,0.0140643,125.57,0.845879,0.0
16.4583,0.013592,124.764,0.828847,0.0
16.4663,0.0138756,124.233,0.836653,0.0
16.4705,0.013742,124.542,0.860071,0.0
16.4407,0.0137771,125.227,0.839492,0.0
16.4316,0.0137858,124.662,0.845169,0.0
16.4488,0.0137844,125.056,0.84375,0.0
16.464,0.0140164,124.079,0.841976,0.0
16.4419,0.0141792,125.895,0.857233,0.0
16.4203,0.0138763,126.838,0.837008,0.0
16.4528,0.0139215,124.524,0.851201,0.0
16.474,0.0139402,124.542,0.838427,0.0
16.4791,0.0140802,124.696,0.835589,0.0
16.4657,0.01386,124.422,0.858652,0.0
16.4353,0.0137177,126.684,0.845879,0.0
16.4533,0.0136468,125.381,0.829202,0.0
16.4779,0.0134598,125.416,0.845879,0.0
16.4532,0.01338,124.953,0.815364,0.0
16.4353,0.013687,123.102,0.830976,0.0
16.4283,0.0137237,123.479,0.854394,0.0
16.4487,0.013313,124.799,0.848362,0.0
16.4653,0.01374,124.319,0.831331,0.0
16.472,0.0139359,124.233,0.834524,0.0
16.4648,0.014125,124.13,0.846233,0.0
16.4614,0.013861,124.679,0.849072,0.0
16.4637,0.0138724,123.462,0.815719,0.0
16.4586,0.0136801,124.233,0.845169,0.0
16.4564,0.0134912,123.993,0.841976,0.0
16.4676,0.0138838,123.856,0.829912,0.0
16.4569,0.0138167,125.021,0.832041,0.0
16.4452,0.0141252,126.65,0.858652,0.0
16.4727,0.0135024,125.004,0.838782,0.0
16.4564,0.013917,124.165,0.842685,0.0
16.4325,0.0139598,123.53,0.841266,0.0
16.4418,0.0138575,125.056,0.840556,0.0
16.4482,0.0141764,124.165,0.832396,0.0
16.4533,0.0141425,124.456,0.833105,0.0
16.4402,0.0137496,124.284,0.824235,0.0
16.45,0.0142923,124.85,0.84233,0.0
16.4719,0.0139967,124.216,0.829912,0.0
16.4584,0.0131385,123.033,0.826009,0.0
16.4403,0.0134971,123.668,0.832396,0.0
16.4339,0.0137371,126.478,0.839847,0.0
16.4488,0.0138258,123.702,0.846588,0.0
16.4484,0.013794,124.37,0.856523,0.0
16.4364,0.0137805,123.702,0.827783,0.0
16.4353,0.0135241,124.062,0.856523,0.0
16.4352,0.0137082,125.159,0.848362,0.0
16.4312,0.0138179,124.456,0.845169,0.0
16.4342,0.0141501,124.079,0.83417,0.0
16.4375,0.0138662,124.781,0.812171,0.0
16.4504,0.0139845,124.216,0.83346,0.0
16.4527,0.0136134,125.21,0.849427,0.0
16.4617,0.0138732,122.931,0.860071,0.0
16.4747,0.013916,124.165,0.840911,0.0
16.4583,0.0136024,123.582,0.829557,0.0
16.4398,0.013954,124.85,0.83417,0.0
16.4593,0.013754,125.81,0.841266,0.0
16.4742,0.013955,123.907,0.840202,0.0
16.4356,0.013721,124.473,0.855459,0.0
16.4214,0.0136592,125.313,0.84375,0.0
16.4455,0.0135672,123.239,0.871425,0.0
16.4361,0.0135503,124.353,0.824944,0.0
16.4358,0.0139653,124.147,0.83417,0.0
16.4674,0.0136511,124.216,0.833105,0.0
16.4697,0.0136985,125.09,0.852975,0.0
16.4405,0.0140122,123.308,0.822816,0.0
16.4352,0.0138876,123.822,0.850846,0.0
16.4497,0.0139441,124.147,0.84233,0.0
16.4582,0.0139343,125.656,0.855104,0.0
16.4595,0.0136776,123.719,0.812526,0.0
16.4505,0.0140955,125.467,0.828138,0.0
16.4514,0.0138078,124.182,0.81501,0.0
16.4474,0.014044,124.662,0.826009,0.0
16.4419,0.0138004,125.33,0.850491,0.0
16.4549,0.0141885,124.919,0.827783,0.0
16.4538,0.013546,125.69,0.855104,0.0
16.4477,0.0137964,125.193,0.805784,0.0
16.4493,0.0139672,125.227,0.838782,0.0
16.4515,0.0136743,123.565,0.835944,0.0
16.4455,0.0134129,125.895,0.816784,0.0
16.4582,0.013718,122.211,0.857233,0.0
16.4671,0.014111,124.233,0.847298,0.0
16.4638,0.0139602,123.959,0.844814,0.0
16.4716,0.0139914,126.564,0.831331,0.0
16.4645,0.0137048,123.89,0.833105,0.0
16.4546,0.0135496,122.896,0.84304,0.0
16.4492,0.0135988,124.936,0.829202,0.0
16.4365,0.0137245,122.691,0.825299,0.0
16.4497,0.0137527,125.707,0.83417,0.0
16.4636,0.0137104,124.37,0.847298,0.0
16.4347,0.0133636,122.245,0.831331,0.0
16.4348,0.0135809,124.216,0.840911,0.0
16.4689,0.013748,124.302,0.830976,0.0
16.4647,0.0138026,125.673,0.869296,0.0
16.4558,0.013888,123.873,0.829912,0.0
16.4571,0.0135525,124.542,0.830622,0.0
16.4602,0.0136293,123.822,0.843395,0.0
16.4585,0.0138151,124.027,0.84304,0.0
16.4554,0.0137557,123.77,0.836653,0.0
16.4296,0.013856,124.644,0.837363,0.0
16.4215,0.0136286,123.513,0.83346,0.0
16.4444,0.0138432,125.141,0.851556,0.0
16.4522,0.0137628,125.793,0.814655,0.0
16.4473,0.0140888,124.302,0.857942,0.0
16.4604,0.0138581,122.742,0.817139,0.0
16.4701,0.0137224,124.353,0.822106,0.0
16.4583,0.0134255,124.319,0.832396,0.0
16.4527,0.0137067,126.358,0.8622,0.0
16.4638,0.0135039,124.456,0.840202,0.0
16.4649,0.0140361,126.547,0.844459,0.0
16.446,0.0140607,123.033,0.816784,0.0
16.4544,0.0138705,126.41,0.861845,0.0
16.478,0.013553,125.484,0.856878,0.0
16.4669,0.0137402,124.319,0.857942,0.0
16.4463,0.0137983,125.244,0.858297,0.0
16.4573,0.0140716,124.267,0.837363,0.0
16.4682,0.0136523,125.021,0.841976,0.0
16.4456,0.0137592,123.273,0.82459,0.0
16.4318,0.0140205,125.775,0.848007,0.0
16.4424,0.0143167,125.193,0.834524,0.0
16.4515,0.0137826,124.113,0.817139,0.0
16.4562,0.0139928,125.587,0.846943,0.0
16.4598,0.0138616,124.302,0.848007,0.0
16.4507,0.0137975,125.347,0.836653,0.0
16.4393,0.013596,123.89,0.86149,0.0
16.4441,0.0137823,124.884,0.846943,0.0
16.44,0.0136708,123.033,0.841976,0.0
16.4376,0.0139364,126.392,0.83275,0.0
16.4592,0.0134768,125.33,0.829202,0.0
16.4653,0.0136876,122.793,0.822816,0.0
16.4551,0.0139102,124.096,0.846233,0.0
16.4651,0.0137891,124.13,0.844459,0.0
16.4573,0.0136937,124.816,0.850136,0.0
16.4426,0.0137205,124.987,0.856523,0.0
16.4556,0.0139809,124.439,0.83275,0.0
16.4542,0.0137783,124.507,0.841621,0.0
16.4452,0.0133874,125.296,0.83275,0.0
16.4569,0.01361,125.176,0.860071,0.0
16.4719,0.0141819,123.822,0.835944,0.0
16.4562,0.0140528,125.056,0.846588,0.0
16.4439,0.0141195,124.781,0.826719,0.0
16.4567,0.0140773,124.799,0.851556,0.0
16.4629,0.0139298,123.171,0.841976,0.0
16.4673,0.0136868,124.644,0.84375,0.0
16.4588,0.0137863,125.09,0.830267,0.0
16.4425,0.0137309,123.856,0.841621,0.0
16.4511,0.013889,124.747,0.844104,0.0
16.4637,0.0136134,125.039,0.857233,0.0
16.4633,0.0139756,123.479,0.836299,0.0
16.4487,0.0137344,124.096,0.827783,0.0
16.4322,0.0139734,125.313,0.849427,0.0
16.4553,0.0136133,125.793,0.835589,0.0
16.4661,0.0136435,124.319,0.826719,0.0
16.4419,0.0139217,123.959,0.828138,0.0
16.4472,0.0135839,124.473,0.855459,0.0
16.4458,0.0138171,124.473,0.829202,0.0
16.4162,0.0136377,124.353,0.840911,0.0
16.4428,0.0138993,125.57,0.851201,0.0
16.4671,0.0140279,124.953,0.87107,0.0
16.4709,0.0141139,124.559,0.831686,0.0
16.4814,0.013389,124.284,0.847653,0.0
16.4415,0.0139786,124.387,0.845524,0.0
16.4176,0.0141232,123.822,0.822816,0.0
16.449,0.0135754,124.062,0.847298,0.0
16.4442,0.0136797,124.13,0.860071,0.0
16.4333,0.0140533,124.199,0.829912,0.0
16.4509,0.0138416,124.404,0.849427,0.0
16.4458,0.0139249,124.01,0.854394,0.0
16.4513,0.0136735,123.53,0.819267,0.0
16.4433,0.0139138,125.004,0.827428,0.0
16.4279,0.0137256,124.182,0.825654,0.0
16.4503,0.0136739,124.319,0.853684,0.0
16.4467,0.013677,125.518,0.819977,0.0
16.4487,0.0135389,125.141,0.835234,0.0
16.4703,0.0137671,125.107,0.846233,0.0
16.4548,0.0138516,125.45,0.844104,0.0
16.4446,0.0139584,124.833,0.855104,0.0
16.46,0.0140742,123.205,0.856168,0.0
16.4654,0.0142008,124.593,0.843395,0.0
16.448,0.0142115,125.827,0.86149,0.0
16.4627,0.0135738,125.398,0.838073,0.0
16.4808,0.0138755,123.873,0.841976,0.0
16.4376,0.0136909,124.045,0.845879,0.0
16.4255,0.0137044,124.884,0.837363,0.0
16.4648,0.0139678,126.101,0.828138,0.0
16.4654,0.0138219,125.313,0.846943,0.0
16.4576,0.0135156,122.674,0.833105,0.0
16.4675,0.013507,124.182,0.83346,0.0
16.4436,0.0137218,124.062,0.856878,0.0
16.4173,0.0139473,124.936,0.834879,0.0
16.4296,0.0136791,124.353,0.842685,0.0
16.4508,0.0140002,125.004,0.834524,0.0
16.4742,0.0138806,124.507,0.848717,0.0
16.4612,0.014042,123.719,0.830976,0.0
16.4601,0.0140332,125.347,0.85191,0.0
16.481,0.0134364,124.336,0.836653,0.0
16.4508,0.0133351,122.708,0.858297,0.0
16.4294,0.013668,123.393,0.839137,0.0
16.4525,0.0140894,124.096,0.854039,0.0
16.4522,0.0137373,125.244,0.824235,0.0
16.4519,0.0137224,124.25,0.811462,0.0
16.4619,0.0133295,123.787,0.841266,0.0
16.4459,0.0140909,125.621,0.835234,0.0
16.4511,0.0137982,123.873,0.844104,0.0
16.4665,0.0136263,125.347,0.844104,0.0
16.4622,0.0133128,124.593,0.827073,0.0
16.4332,0.0137119,124.387,0.853684,0.0
16.4337,0.0136484,124.85,0.831686,0.0
16.4768,0.0137904,125.278,0.837008,0.0
16.468,0.0138627,125.159,0.849427,0.0
16.4381,0.0137581,124.662,0.824944,0.0
16.4319,0.0139747,125.724,0.838073,0.0
16.44,0.0135915,124.61,0.839847,0.0
16.4516,0.0140519,125.45,0.839847,0.0
16.4434,0.014102,123.462,0.84375,0.0
16.4429,0.0138209,124.319,0.852975,0.0
16.4345,0.0134012,123.616,0.859716,0.0
16.4438,0.0139551,124.199,0.829557,0.0
16.4552,0.0137931,125.587,0.831331,0.0
16.4427,0.0135353,124.901,0.836653,0.0
16.4462,0.0138903,123.273,0.844459,0.0
16.4576,0.0138487,125.124,0.836299,0.0
16.4573,0.0140142,124.507,0.853684,0.0
16.4622,0.0138847,124.867,0.834524,0.0
16.4805,0.0137547,124.456,0.832041,0.0
16.4725,0.0136692,125.895,0.83275,0.0
16.4444,0.0139383,123.959,0.841621,0.0
16.4398,0.0139548,126.033,0.862555,0.0
16.4513,0.0140036,124.01,0.833105,0.0
16.4446,0.0135614,124.302,0.821396,0.0
16.4433,0.0138541,124.216,0.839847,0.0
16.4574,0.014077,125.296,0.840911,0.0
16.4382,0.0135428,124.987,0.828138,0.0
16.4327,0.0135945,126.221,0.830976,0.0
16.466,0.0137651,123.65,0.818558,0.0
16.4758,0.0134736,126.17,0.840911,0.0
16.4584,0.01389,123.65,0.823525,0.0
16.4389,0.0139385,124.833,0.833815,0.0
16.4449,0.0139406,123.565,0.827783,0.0
16.4501,0.0136968,124.644,0.854394,0.0
16.4453,0.0139721,123.565,0.842685,0.0
16.4425,0.0135049,124.542,0.827783,0.0
16.4541,0.0136078,125.193,0.855813,0.0
16.4671,0.0138117,124.336,0.83346,0.0
16.4676,0.0135945,123.805,0.836653,0.0
16.4533,0.014026,124.336,0.844814,0.0
16.4534,0.0135629,124.507,0.83417,0.0
16.4539,0.0136779,125.964,0.834879,0.0
16.4546,0.0140485,124.764,0.838782,0.0
16.4608,0.0137843,125.244,0.830267,0.0
16.4715,0.0139905,125.536,0.860071,0.0
16.4782,0.0139729,123.839,0.852265,0.0
16.4572,0.0137895,124.302,0.856523,0.0
16.4558,0.0137794,125.176,0.839847,0.0
16.458,0.0137835,124.267,0.842685,0.0
16.4317,0.0139033,124.113,0.828847,0.0
16.4476,0.0136954,125.707,0.857942,0.0
16.4756,0.0138809,124.422,0.850491,0.0
16.4573,0.014075,126.255,0.837718,0.0
16.4314,0.0137785,123.222,0.844459,0.0
16.4161,0.0136209,124.422,0.817493,0.0
16.4428,0.0141565,125.33,0.835589,0.0
16.4837,0.0139439,124.781,0.845524,0.0
16.4836,0.013441,125.021,0.840202,0.0
16.4592,0.0142435,124.199,0.851201,0.0
16.4456,0.0140806,125.073,0.834879,0.0
16.4384,0.0136908,123.513,0.848717,0.0
16.4418,0.0139034,124.953,0.840202,0.0
16.4699,0.0140623,124.901,0.838427,0.0
16.4628,0.0134863,124.147,0.830267,0.0
16.4279,0.0136643,124.644,0.847653,0.0
16.4309,0.0136843,125.81,0.84375,0.0
16.4461,0.0137857,124.542,0.830622,0.0
16.442,0.0138933,123.839,0.843395,0.0
16.4429,0.0136431,126.478,0.844814,0.0
16.4445,0.013943,122.674,0.825654,0.0
16.4439,0.0135272,123.685,0.835589,0.0
16.4591,0.0137093,125.073,0.846588,0.0
16.4599,0.0139023,124.747,0.841976,0.0
16.4399,0.0137605,123.479,0.856168,0.0
16.4458,0.0136234,124.165,0.830267,0.0
16.4635,0.0136928,124.49,0.829202,0.0
16.4637,0.0136587,125.467,0.817848,0.0
16.4582,0.0138782,124.49,0.83417,0.0
16.4517,0.0139062,125.416,0.839847,0.0
16.4703,0.0136075,125.467,0.857233,0.0
16.4825,0.0136747,123.976,0.851556,0.0
16.4547,0.0140245,125.57,0.842685,0.0
16.4429,0.0140551,123.479,0.85333,0.0
16.4572,0.0136471,124.559,0.84233,0.0
16.4624,0.0136107,124.216,0.837008,0.0
16.4566,0.0139316,124.764,0.834524,0.0
16.4504,0.013887,124.284,0.867522,0.0
16.4415,0.0138839,123.856,0.87107,0.0
16.4353,0.0135566,126.598,0.850491,0.0
16.44,0.0137453,126.033,0.817848,0.0
16.4483,0.0139247,124.404,0.873199,0.0
16.4549,0.0138217,124.147,0.846588,0.0
16.4566,0.0137818,125.775,0.862555,0.0
16.4498,0.0137619,125.416,0.832396,0.0
16.4305,0.0136368,124.73,0.842685,0.0
16.4466,0.0138726,124.627,0.837363,0.0
16.4653,0.0136272,124.096,0.829912,0.0
16.4434,0.013601,123.736,0.827783,0.0
16.4409,0.013557,124.422,0.8622,0.0
16.4461,0.0136397,124.353,0.849782,0.0
16.4473,0.0140427,125.416,0.854394,0.0
16.4613,0.0135478,124.267,0.84375,0.0
16.464,0.0140238,124.199,0.836653,0.0
16.459,0.0143943,125.124,0.849782,0.0
16.4628,0.013829,124.045,0.846943,0.0
16.4509,0.0138062,123.599,0.852265,0.0
16.446,0.013901,124.662,0.847653,0.0
16.4713,0.0136659,125.124,0.841621,0.0
16.4721,0.0136984,123.685,0.844459,0.0
16.4456,0.0141271,124.936,0.821042,0.0
16.4453,0.0140314,124.559,0.85191,0.0
16.4676,0.0140394,125.193,0.857942,0.0
16.461,0.0143615,124.387,0.847298,0.0
16.4571,0.0136867,124.747,0.835589,0.0
16.452,0.0135049,122.913,0.821396,0.0
16.4189,0.0138479,125.553,0.846233,0.0
16.4334,0.0137194,123.068,0.83275,0.0
16.4738,0.0135146,125.124,0.846588,0.0
16.45,0.0134458,125.398,0.844459,0.0
16.4283,0.0138336,125.039,0.856168,0.0
16.466,0.013664,124.49,0.84233,0.0
16.4765,0.0134195,123.41,0.838782,0.0
16.4593,0.0142013,123.839,0.812526,0.0
16.4496,0.0141005,125.278,0.835944,0.0
16.4582,0.0136276,124.884,0.822816,0.0
16.4682,0.0139073,124.147,0.837008,0.0
16.4576,0.0140537,125.364,0.840202,0.0
16.4424,0.0134745,123.993,0.853684,0.0
16.4437,0.0138441,123.787,0.813236,0.0
16.4629,0.0139083,124.713,0.845169,0.0
16.4644,0.0137132,124.696,0.84375,0.0
16.4479,0.0136714,126.324,0.844459,0.0
16.4428,0.0138402,123.633,0.837008,0.0
16.4443,0.0136916,125.621,0.857587,0.0
16.4503,0.013561,124.49,0.83346,0.0
16.4495,0.0137323,124.73,0.841976,0.0
16.4517,0.0137668,125.244,0.837718,0.0
16.4527,0.0137405,125.69,0.869296,0.0
16.4382,0.0136727,125.793,0.850491,0.0
16.4446,0.0137253,125.227,0.815719,0.0
16.4622,0.0140256,125.176,0.837718,0.0
16.4602,0.01336,124.542,0.841266,0.0
16.4448,0.0141834,123.582,0.867877,0.0
16.4373,0.0136895,124.919,0.827428,0.0
16.4531,0.0140074,125.998,0.845879,0.0
16.4618,0.0140362,125.758,0.848007,0.0
16.4682,0.0140016,124.456,0.844104,0.0
16.4614,0.013603,124.884,0.84304,0.0
16.4409,0.0138276,124.37,0.832396,0.0
16.4544,0.013592,123.188,0.804365,0.0
16.4712,0.0134429,124.679,0.83346,0.0
16.454,0.0135679,125.587,0.827783,0.0
16.4562,0.0136504,125.09,0.825654,0.0
16.4622,0.0137758,126.033,0.863264,0.0
16.4491,0.0135331,122.622,0.848362,0.0
16.4544,0.0136819,124.045,0.839137,0.0
16.4433,0.0137446,125.33,0.857587,0.0
16.4365,0.0138099,124.027,0.838073,0.0
16.4539,0.0138997,124.027,0.838427,0.0
16.4462,0.0137436,124.096,0.850491,0.0
16.4524,0.013791,124.062,0.845879,0.0
16.4553,0.0139089,123.633,0.863619,0.0
16.4279,0.0142114,125.21,0.829912,0.0
16.4316,0.0138298,125.244,0.833105,0.0
16.4476,0.0137538,125.244,0.848717,0.0
16.4558,0.0137179,124.61,0.848717,0.0
16.4796,0.0137921,124.233,0.83417,0.0
16.4671,0.0141355,125.09,0.833105,0.0
16.424,0.0135871,124.336,0.848362,0.0
16.4494,0.0135044,124.336,0.844814,0.0
16.4793,0.0137722,125.878,0.857233,0.0
16.4497,0.0137241,124.764,0.859007,0.0
16.4454,0.0139226,125.844,0.834879,0.0
16.455,0.013994,125.244,0.850846,0.0
16.4515,0.0141406,125.518,0.84375,0.0
16.463,0.0138651,124.662,0.842685,0.0
16.4581,0.0136052,123.702,0.831686,0.0
16.4474,0.0141613,125.124,0.812526,0.0
16.4398,0.013763,125.278,0.838427,0.0
16.4418,0.0138723,125.21,0.859007,0.0
16.4695,0.014048,124.045,0.846588,0.0
16.4661,0.0136707,123.993,0.856168,0.0
16.4621,0.0143226,125.056,0.861136,0.0
16.472,0.0136873,123.153,0.843395,0.0
16.4533,0.0139908,124.387,0.846943,0.0
16.4528,0.0137398,124.816,0.846588,0.0
16.4574,0.0138757,123.839,0.831686,0.0
16.4386,0.0140595,123.805,0.839137,0.0
16.4415,0.0139602,125.278,0.831331,0.0
16.4604,0.0140485,123.873,0.856168,0.0
16.4611,0.0132476,124.61,0.854749,0.0
16.4478,0.0137554,122.776,0.828138,0.0
16.458,0.0137247,125.09,0.841621,0.0
16.4682,0.0138883,124.199,0.851556,0.0
16.449,0.013737,125.381,0.829557,0.0
16.4268,0.0137054,125.176,0.857587,0.0
16.4248,0.0137778,124.353,0.838782,0.0
16.4378,0.0137677,124.884,0.844459,0.0
16.4705,0.0141288,125.176,0.833105,0.0
16.4836,0.0136539,125.69,0.819977,0.0
16.4657,0.0136194,124.045,0.860426,0.0
16.4661,0.0135905,123.719,0.83417,0.0
16.4626,0.0136391,124.696,0.851201,0.0
16.4446,0.0137914,124.49,0.848007,0.0
16.458,0.0136929,124.524,0.846588,0.0
16.4579,0.0136644,124.593,0.840911,0.0
16.4319,0.0139643,124.576,0.828138,0.0
16.43,0.013785,124.319,0.835944,0.0
16.4466,0.0139671,125.176,0.845524,0.0
16.4543,0.0137841,125.69,0.850846,0.0
16.4393,0.0140222,125.707,0.84375,0.0
16.4457,0.013851,123.907,0.840911,0.0
16.4664,0.0134871,124.233,0.841621,0.0
16.4592,0.0139213,125.638,0.838427,0.0
16.4536,0.0136929,124.901,0.827783,0.0
16.463,0.0139099,123.685,0.827073,0.0
16.4535,0.0137203,123.548,0.858652,0.0
16.4583,0.0137959,125.45,0.836299,0.0
16.4635,0.0140706,125.278,0.865748,0.0
16.447,0.0139168,124.01,0.828847,0.0
16.4301,0.0138393,124.165,0.816074,0.0
16.4411,0.0138945,125.056,0.835589,0.0
16.4574,0.0139274,123.616,0.828493,0.0
16.4385,0.0139431,122.793,0.819977,0.0
16.4455,0.0138709,124.267,0.866103,0.0
16.4655,0.0137244,125.039,0.839137,0.0
16.4509,0.0139203,123.153,0.833105,0.0
16.438,0.0137623,125.193,0.858297,0.0
16.4588,0.0134375,123.839,0.830267,0.0
16.4941,0.0137511,123.702,0.87178,0.0
16.4717,0.0136912,126.033,0.844459,0.0
16.4402,0.0134974,126.135,0.830267,0.0
16.4538,0.0139868,125.913,0.816074,0.0
16.4425,0.0135141,125.913,0.830976,0.0
16.4414,0.0137543,124.113,0.837718,0.0
16.4673,0.0139046,124.216,0.840202,0.0
16.4701,0.0139416,125.364,0.829557,0.0
16.4689,0.013709,125.176,0.830267,0.0
16.4614,0.0139962,124.593,0.825654,0.0
16.434,0.0138747,124.644,0.850846,0.0
16.4313,0.0138227,125.947,0.83346,0.0
16.4442,0.0135478,123.445,0.840556,0.0
16.4675,0.0136273,125.278,0.833105,0.0
16.476,0.0138807,124.284,0.840911,0.0
16.4437,0.0137896,126.272,0.828847,0.0
16.4352,0.0141299,123.239,0.850846,0.0
16.4555,0.0137694,123.068,0.841621,0.0
16.4417,0.0138745,123.89,0.85191,0.0
16.4573,0.0138465,125.398,0.850846,0.0
16.4806,0.0137968,123.822,0.840556,0.0
16.458,0.0135871,125.673,0.838782,0.0
16.4554,0.0138527,123.428,0.838782,0.0
16.4567,0.0139114,124.97,0.81359,0.0
16.4407,0.0135925,124.319,0.862555,0.0
16.4477,0.0137013,124.147,0.841266,0.0
16.477,0.013745,125.176,0.831331,0.0
16.4761,0.0138695,123.256,0.837718,0.0
16.4606,0.0135497,124.867,0.846943,0.0
16.4647,0.0141256,122.896,0.840202,0.0
16.4659,0.0138311,122.896,0.830976,0.0
16.4632,0.0135436,124.936,0.835234,0.0
16.4619,0.0136653,123.925,0.841266,0.0
16.45,0.0140127,124.165,0.856168,0.0
16.4474,0.0138281,124.507,0.846943,0.0
16.4473,0.0139471,123.205,0.830976,0.0
16.4417,0.0137907,124.422,0.840202,0.0
16.4568,0.013764,123.976,0.827783,0.0
16.4633,0.0138131,124.473,0.861845,0.0
16.4511,0.014291,123.188,0.844104,0.0
16.4417,0.0135859,125.313,0.817493,0.0
16.4426,0.0136511,124.353,0.856168,0.0
16.446,0.0138825,125.364,0.833105,0.0
16.4589,0.0139701,122.931,0.84233,0.0
16.4646,0.0136268,123.822,0.83417,0.0
16.4626,0.0138873,124.987,0.848717,0.0
16.4577,0.0138254,125.193,0.851201,0.0
16.4444,0.0134577,124.456,0.855104,0.0
16.4382,0.0137088,123.959,0.840911,0.0
16.4504,0.0139521,124.473,0.853684,0.0
16.4494,0.0142758,124.302,0.839137,0.0
16.4348,0.0135124,124.644,0.846943,0.0
16.4386,0.0138141,122.348,0.852975,0.0
16.4427,0.0140379,125.21,0.855104,0.0
16.4448,0.0138084,124.953,0.84233,0.0
16.4361,0.0139098,126.444,0.84233,0.0
16.4451,0.0137591,124.627,0.857587,0.0
16.4577,0.0137305,124.079,0.855104,0.0
16.462,0.0138095,124.987,0.861136,0.0
16.4717,0.0136224,124.97,0.844104,0.0
16.4506,0.0135517,123.77,0.841621,0.0
16.4277,0.0134022,124.816,0.844814,0.0
16.4444,0.0135438,123.29,0.848717,0.0
16.4543,0.0137061,126.015,0.855104,0.0
16.4468,0.0137755,124.61,0.831686,0.0
16.4472,0.0138501,125.313,0.835944,0.0
16.4602,0.0133891,124.473,0.829912,0.0
16.4513,0.013789,123.445,0.85333,0.0
16.449,0.0134929,124.884,0.82459,0.0
16.4555,0.0139272,123.308,0.833815,0.0
16.4486,0.0139154,124.25,0.854039,0.0
16.4646,0.0140626,124.799,0.850846,0.0
16.4683,0.0139293,124.73,0.859362,0.0
16.4343,0.0138148,123.222,0.816784,0.0
16.4407,0.0136744,123.513,0.84304,0.0
16.4637,0.0138549,124.062,0.862555,0.0
16.4403,0.0134922,123.822,0.854394,0.0
16.4463,0.0138139,125.433,0.844814,0.0
16.4695,0.0136157,123.513,0.844814,0.0
16.4352,0.0135878,125.073,0.848717,0.0
16.4356,0.0135691,124.867,0.828138,0.0
16.4647,0.0133619,123.616,0.836653,0.0
16.4489,0.0133684,124.559,0.83275,0.0
16.4433,0.0141088,124.764,0.838782,0.0
16.4558,0.0137144,124.182,0.851556,0.0
16.445,0.0144404,124.679,0.856168,0.0
16.4298,0.0137471,124.302,0.829912,0.0
16.4323,0.0133957,124.662,0.835234,0.0
16.4427,0.0137086,124.216,0.829912,0.0
16.4507,0.0135864,124.233,0.863619,0.0
16.4612,0.0136803,124.559,0.846588,0.0
16.4583,0.0137244,125.21,0.859716,0.0
16.4578,0.013661,123.702,0.833105,0.0
16.4639,0.0134477,125.673,0.84375,0.0
16.4554,0.0137346,124.542,0.819267,0.0
16.4717,0.0138359,125.021,0.845169,0.0
16.4733,0.0138214,125.107,0.827783,0.0
16.4498,0.0139278,123.856,0.828847,0.0
16.449,0.013856,125.398,0.858652,0.0
16.4466,0.0138476,125.381,0.843395,0.0
16.4413,0.0139217,125.467,0.843395,0.0
16.4487,0.0139479,125.244,0.840911,0.0
16.4368,0.0141453,123.822,0.838427,0.0
16.4353,0.0137557,124.473,0.856168,0.0
16.4585,0.0138954,123.633,0.828493,0.0
16.4632,0.0139693,124.199,0.823525,0.0
16.4519,0.013639,124.49,0.838427,0.0
16.4352,0.0139439,123.702,0.845524,0.0
16.4393,0.0138844,124.182,0.850491,0.0
16.4759,0.0136161,123.925,0.824944,0.0
16.4721,0.0138754,125.741,0.844814,0.0
16.4527,0.013731,124.593,0.839137,0.0
16.4663,0.0140377,126.341,0.83417,0.0
16.4706,0.014027,124.284,0.855813,0.0
16.4685,0.0139425,124.045,0.828138,0.0
16.4705,0.0135553,124.302,0.853684,0.0
16.455,0.0138224,124.404,0.822816,0.0
16.4392,0.0138022,123.959,0.838782,0.0
16.436,0.013918,124.353,0.859007,0.0
16.4478,0.0138854,123.839,0.827428,0.0
16.449,0.0139794,123.051,0.849782,0.0
16.454,0.0137109,125.638,0.848362,0.0
16.4592,0.0134386,124.747,0.837008,0.0
16.4374,0.0137284,123.136,0.841266,0.0
16.433,0.0138448,125.878,0.845169,0.0
16.4465,0.0144028,122.879,0.836653,0.0
16.4609,0.0138551,124.25,0.848362,0.0
16.457,0.0139743,122.708,0.848007,0.0
16.4224,0.0135159,125.039,0.866458,0.0
16.429,0.0137533,123.273,0.83417,0.0
16.4547,0.0142211,125.004,0.830622,0.0
16.4472,0.0141215,125.724,0.827073,0.0
16.4482,0.0138201,122.742,0.856523,0.0
16.4538,0.0141245,125.004,0.838073,0.0
16.4629,0.0139165,125.176,0.830622,0.0
16.473,0.0139284,126.153,0.848362,0.0
16.4607,0.0138581,123.136,0.836653,0.0
16.462,0.0138912,124.799,0.846588,0.0
16.4648,0.0140971,124.49,0.835944,0.0
16.4392,0.0139885,122.348,0.85262,0.0
16.4228,0.0136883,123.942,0.829557,0.0
16.4557,0.0138988,124.25,0.835944,0.0
16.4628,0.0139106,124.25,0.855104,0.0
16.4333,0.0142148,124.353,0.84233,0.0
16.4434,0.0138908,124.284,0.811816,0.0
16.4793,0.0141495,124.404,0.866458,0.0
16.4739,0.014219,125.021,0.849782,0.0
16.4252,0.0142594,123.959,0.846588,0.0
16.4375,0.0136934,123.428,0.851556,0.0
16.4445,0.0137191,124.182,0.854039,0.0
16.4505,0.0139439,125.193,0.845169,0.0
16.4784,0.0138407,124.404,0.821396,0.0
16.4601,0.0140478,124.336,0.842685,0.0
16.4505,0.0137446,124.165,0.84233,0.0
16.456,0.0137735,123.993,0.856168,0.0
16.456,0.0138356,125.159,0.857233,0.0
16.4554,0.0137525,126.564,0.847298,0.0
16.4576,0.0136301,123.273,0.832041,0.0
16.4508,0.0133788,123.959,0.853684,0.0
16.4501,0.0138139,125.021,0.844814,0.0
16.451,0.0136789,124.644,0.825299,0.0
16.4508,0.0135415,124.319,0.818558,0.0
16.4792,0.0133123,126.769,0.846233,0.0
16.482,0.0139307,123.856,0.852265,0.0
16.4421,0.0139098,124.336,0.835234,0.0
16.4533,0.0140477,123.753,0.858297,0.0
16.4505,0.0134199,124.147,0.829202,0.0
16.4288,0.0135937,124.147,0.846943,0.0
16.4394,0.0138189,124.73,0.846233,0.0
16.4507,0.0134227,125.861,0.844459,0.0
16.4605,0.0138014,124.781,0.820687,0.0
16.4545,0.0140247,124.01,0.82459,0.0
16.437,0.014076,123.822,0.828847,0.0
16.4425,0.0138536,123.719,0.817139,0.0
16.4578,0.0137995,124.404,0.827073,0.0
16.4541,0.0139787,124.542,0.855104,0.0
16.46,0.0139808,124.267,0.84304,0.0
16.4589,0.013264,124.284,0.84304,0.0
16.452,0.0138641,124.199,0.827783,0.0
16.4543,0.0134925,123.959,0.827073,0.0
16.4642,0.0139641,125.004,0.846943,0.0
16.4772,0.0135243,125.244,0.838073,0.0
16.4575,0.0136882,124.01,0.851556,0.0
16.4263,0.013637,124.644,0.856168,0.0
16.4531,0.0139274,124.353,0.84375,0.0
16.4681,0.013776,125.193,0.84233,0.0
16.4469,0.0141736,123.925,0.828847,0.0
16.4411,0.0136074,124.302,0.850136,0.0
16.4542,0.0138554,124.387,0.840202,0.0
16.45,0.0136887,124.644,0.857233,0.0
16.4543,0.0136308,124.593,0.825299,0.0
16.4592,0.0135813,124.542,0.835944,0.0
16.4381,0.0138859,125.141,0.849427,0.0
16.4372,0.0133943,123.393,0.827783,0.0
16.4569,0.0137259,125.484,0.840911,0.0
16.4451,0.0137314,124.336,0.850846,0.0
16.4355,0.013969,123.548,0.83275,0.0
16.45,0.0134223,125.141,0.845879,0.0
16.457,0.0134135,124.919,0.832396,0.0
16.4581,0.0135821,124.404,0.849427,0.0
16.4556,0.0139697,125.57,0.857942,0.0
16.4437,0.0141026,124.884,0.842685,0.0
16.4552,0.0141129,124.233,0.850491,0.0
16.4819,0.0139498,125.107,0.849072,0.0
16.4704,0.0138625,123.89,0.852265,0.0
16.4481,0.013942,125.004,0.838073,0.0
16.4776,0.013937,125.536,0.822461,0.0
16.4728,0.013906,124.404,0.826719,0.0
16.4338,0.0136024,123.308,0.826719,0.0
16.4483,0.0138336,124.644,0.822816,0.0
16.4587,0.0134615,126.221,0.835589,0.0
16.4294,0.0135351,125.278,0.832041,0.0
16.4396,0.0140943,124.696,0.822106,0.0
16.4531,0.0136546,124.936,0.837718,0.0
16.4403,0.0138586,123.668,0.827073,0.0
16.4569,0.01383,123.907,0.835944,0.0
16.4482,0.0137496,123.856,0.839137,0.0
16.4293,0.0135759,124.336,0.841266,0.0
16.4342,0.0137153,123.136,0.844459,0.0
16.4296,0.0136996,121.971,0.841621,0.0
16.4497,0.0136003,126.153,0.839137,0.0
16.4805,0.0137269,123.462,0.86291,0.0
16.4615,0.013892,124.901,0.858297,0.0
16.4408,0.0137626,124.387,0.838427,0.0
16.4571,0.0137035,125.416,0.829557,0.0
16.4715,0.0137743,124.49,0.846943,0.0
16.4611,0.0140886,125.398,0.831686,0.0
16.4657,0.0139048,125.964,0.845524,0.0
16.4643,0.0141463,125.707,0.822461,0.0
16.4353,0.0135168,122.965,0.840911,0.0
16.4408,0.0134272,122.416,0.838073,0.0
16.4534,0.013843,123.976,0.835589,0.0
16.4234,0.013931,123.685,0.857942,0.0
16.4238,0.0135924,125.347,0.84375,0.0
16.4518,0.0138296,124.85,0.847298,0.0
16.4554,0.01374,123.428,0.853684,0.0
16.4449,0.0138101,124.027,0.820332,0.0
16.4603,0.0138389,124.833,0.83346,0.0
16.4726,0.0141328,125.244,0.849072,0.0
16.4464,0.0136179,125.261,0.84233,0.0
16.4447,0.0134983,123.873,0.829557,0.0
16.4543,0.013779,124.079,0.833815,0.0
16.4453,0.0138589,124.147,0.849782,0.0
16.4475,0.0141059,125.33,0.850491,0.0
16.4535,0.0137564,124.507,0.834524,0.0
16.454,0.0136062,125.878,0.839137,0.0
16.4566,0.0137423,125.193,0.850846,0.0
16.4573,0.0138912,125.313,0.846943,0.0
16.4412,0.0138468,122.999,0.845169,0.0
16.4398,0.01395,123.376,0.857587,0.0
16.4546,0.0138568,124.353,0.84304,0.0
16.4463,0.0139435,124.576,0.827428,0.0
16.4332,0.0142412,124.816,0.850491,0.0
16.4566,0.0139322,124.644,0.812171,0.0
16.4773,0.0138176,125.638,0.838427,0.0
16.4617,0.0139468,123.976,0.84375,0.0
16.447,0.0136968,124.61,0.85191,0.0
16.452,0.0133547,123.496,0.836653,0.0
16.4584,0.0141168,126.392,0.859362,0.0
16.4489,0.0139475,123.89,0.841976,0.0
16.4457,0.0136475,125.895,0.836299,0.0
16.4506,0.0137389,124.404,0.826719,0.0
16.4472,0.0140289,124.542,0.857233,0.0
16.4472,0.0140765,122.793,0.856168,0.0
16.4449,0.0134928,123.89,0.837363,0.0
16.4551,0.0138325,124.439,0.858297,0.0
16.4554,0.0137232,124.216,0.831331,0.0
16.4411,0.0137756,123.719,0.847653,0.0
16.4528,0.0137515,125.433,0.841266,0.0
16.4449,0.0138824,123.273,0.845169,0.0
16.4367,0.0141542,125.381,0.833815,0.0
16.4675,0.0136083,123.428,0.832396,0.0
16.4503,0.0135928,125.878,0.863264,0.0
16.4229,0.0137797,124.542,0.848717,0.0
16.4431,0.0134402,122.776,0.841266,0.0
16.4505,0.0139942,125.484,0.855813,0.0
16.4488,0.0137398,124.919,0.832041,0.0
16.4331,0.0134515,123.599,0.8143,0.0
16.431,0.0140504,125.33,0.832396,0.0
16.4378,0.0136927,124.456,0.821751,0.0
16.4363,0.0139987,125.724,0.833105,0.0
16.4455,0.0137341,123.239,0.848007,0.0
16.4546,0.0136288,123.308,0.838427,0.0
16.442,0.013976,125.313,0.848717,0.0
16.4234,0.0140631,123.273,0.870716,0.0
16.4287,0.0137383,125.553,0.844459,0.0
16.4728,0.0135683,124.096,0.846233,0.0
16.4864,0.0138281,124.062,0.842685,0.0
16.4533,0.0141931,124.25,0.844459,0.0
16.4394,0.0138616,123.668,0.845524,0.0
16.4596,0.013691,125.673,0.852975,0.0
16.4773,0.013887,123.462,0.85191,0.0
16.4675,0.0136809,123.479,0.835234,0.0
16.4326,0.0139691,124.422,0.844459,0.0
16.4231,0.0140362,125.073,0.846943,0.0
16.4423,0.0141943,123.462,0.851201,0.0
16.4554,0.0140808,125.604,0.839137,0.0
16.4638,0.0136669,124.61,0.823525,0.0
16.4614,0.0137618,125.107,0.831331,0.0
16.44,0.0134675,124.096,0.842685,0.0
16.443,0.0132524,124.833,0.846943,0.0
16.4782,0.0137999,123.702,0.831686,0.0
16.487,0.0135269,126.375,0.843395,0.0
16.4804,0.0136401,125.45,0.836299,0.0
16.4733,0.0137057,124.507,0.85262,0.0
16.4562,0.014036,124.833,0.856878,0.0
16.4444,0.0135799,124.644,0.829912,0.0
16.4555,0.0137269,125.09,0.833105,0.0
16.4742,0.0134955,125.673,0.852265,0.0
16.4605,0.0141098,123.736,0.84233,0.0
16.4392,0.0137701,124.113,0.84304,0.0
16.4443,0.013935,126.153,0.817848,0.0
16.4569,0.0135907,124.97,0.825299,0.0
16.4565,0.0134429,125.433,0.827428,0.0
16.444,0.0135729,124.662,0.840556,0.0
16.4367,0.0134111,123.051,0.833815,0.0
16.4384,0.0135271,125.039,0.840556,0.0
16.4461,0.0137586,124.61,0.847653,0.0
16.4445,0.0139148,124.062,0.85262,0.0
16.4533,0.0136325,123.153,0.856878,0.0
16.475,0.0139698,125.501,0.849427,0.0
16.468,0.0140688,124.576,0.85333,0.0
16.4525,0.0141204,125.107,0.849782,0.0
16.4667,0.0138772,123.668,0.857233,0.0
16.4681,0.013745,122.931,0.84375,0.0
16.4633,0.0138685,123.907,0.85191,0.0
16.4754,0.0140028,123.685,0.846943,0.0
16.4747,0.0136024,124.627,0.830267,0.0
16.4451,0.0139099,124.319,0.838427,0.0
16.4446,0.0132453,123.668,0.819977,0.0
16.4693,0.0137185,123.925,0.84375,0.0
16.4431,0.013814,124.216,0.831686,0.0
16.4494,0.0137216,124.919,0.841976,0.0
16.4799,0.0137121,123.976,0.849427,0.0
16.4694,0.0139891,124.045,0.848007,0.0
16.4677,0.013907,124.97,0.848717,0.0
16.4672,0.01396,124.25,0.841976,0.0
16.4441,0.0137268,124.919,0.865748,0.0
16.4391,0.0136263,125.398,0.848717,0.0
16.4554,0.0137324,124.884,0.865748,0.0
16.4704,0.0139091,123.205,0.841621,0.0
16.4622,0.0136902,124.045,0.829912,0.0
16.4369,0.0135562,125.398,0.84304,0.0
16.4496,0.0137352,125.57,0.835589,0.0
16.4618,0.0135225,123.787,0.840911,0.0
16.4332,0.0135602,124.627,0.839492,0.0
16.4408,0.0138311,125.964,0.827073,0.0
16.4523,0.0135063,124.045,0.829557,0.0
16.4461,0.0134115,125.827,0.834879,0.0
16.4492,0.0135824,125.33,0.840556,0.0
16.4372,0.0139716,124.576,0.837363,0.0
16.4419,0.0139612,123.428,0.830622,0.0
16.452,0.0137904,124.233,0.843395,0.0
16.448,0.0136557,126.033,0.858297,0.0
16.4357,0.0134743,123.993,0.856168,0.0
16.4305,0.0136999,123.89,0.8622,0.0
16.4563,0.0142341,125.467,0.829912,0.0
16.4585,0.0137252,124.953,0.841266,0.0
16.4207,0.0138662,122.999,0.849072,0.0
16.4428,0.014066,126.118,0.854394,0.0
16.4793,0.013945,123.993,0.850846,0.0
16.4745,0.0137155,123.959,0.851201,0.0
16.4673,0.0140486,124.439,0.836653,0.0
16.4505,0.0133397,125.364,0.845169,0.0
16.4541,0.0134084,123.565,0.839847,0.0
16.4709,0.0135419,124.422,0.839847,0.0
16.4451,0.0140624,124.387,0.818558,0.0
16.4283,0.01378,123.839,0.840556,0.0
16.4616,0.0136915,124.404,0.849072,0.0
16.4701,0.0139199,123.342,0.854039,0.0
16.4214,0.0140594,124.045,0.851556,0.0
16.418,0.0137557,124.559,0.853684,0.0
16.451,0.0141623,124.336,0.813236,0.0
16.4601,0.0136193,125.518,0.836653,0.0
16.4526,0.013686,124.216,0.837008,0.0
16.4562,0.013909,125.673,0.851201,0.0
16.4609,0.0139783,124.559,0.844104,0.0
16.4547,0.0137723,125.484,0.832041,0.0
16.447,0.013588,125.21,0.838782,0.0
16.444,0.0136418,124.25,0.84233,0.0
16.4377,0.013932,122.674,0.855104,0.0
16.4536,0.0138391,123.856,0.86149,0.0
16.473,0.0139637,124.182,0.840911,0.0
16.4597,0.0136597,124.25,0.83275,0.0
16.4664,0.0135881,124.627,0.848362,0.0
16.4563,0.0137434,123.239,0.84304,0.0
16.4441,0.0138969,124.85,0.847653,0.0
16.4624,0.0136144,123.873,0.858297,0.0
16.4592,0.0138117,125.261,0.857587,0.0
16.4413,0.0135752,124.165,0.854749,0.0
16.4546,0.0135776,124.096,0.843395,0.0
16.4578,0.0137204,124.045,0.855104,0.0
16.4317,0.0139769,124.713,0.845169,0.0
16.4484,0.0136889,124.473,0.856168,0.0
16.4595,0.0137054,124.302,0.844814,0.0
16.4501,0.0138511,125.176,0.835234,0.0
16.469,0.0135776,124.01,0.851556,0.0
16.4772,0.0139138,124.387,0.828138,0.0
16.4483,0.014018,124.85,0.838782,0.0
16.4332,0.0138411,124.507,0.841621,0.0
16.4411,0.0137416,125.707,0.85333,0.0
16.4319,0.0137188,124.764,0.843395,0.0
16.4449,0.0137383,125.039,0.837718,0.0
16.4813,0.0139618,123.668,0.838782,0.0
16.4605,0.0141055,123.188,0.83275,0.0
16.4373,0.0142232,123.839,0.819267,0.0
16.4437,0.0139523,125.261,0.843395,0.0
16.4238,0.0141177,122.691,0.844814,0.0
16.4293,0.0141107,124.593,0.85191,0.0
16.4581,0.0138901,125.004,0.859716,0.0
16.469,0.0136077,126.358,0.846233,0.0
16.4725,0.0140464,122.931,0.830976,0.0
16.449,0.0135268,125.895,0.84233,0.0
16.4454,0.0140328,123.428,0.835589,0.0
16.4599,0.0135436,125.81,0.835234,0.0
16.4436,0.0137836,124.182,0.82459,0.0
16.4574,0.0137228,124.267,0.842685,0.0
16.4864,0.0138866,124.953,0.846233,0.0
16.4702,0.0138313,124.662,0.843395,0.0
16.4483,0.0139465,123.89,0.863264,0.0
16.4422,0.0136162,124.816,0.830267,0.0
16.4477,0.0137879,124.679,0.833815,0.0
16.443,0.0140771,123.136,0.846588,0.0
16.4415,0.0138909,124.284,0.848717,0.0
16.4482,0.0139349,122.639,0.845169,0.0
16.4566,0.0137251,124.764,0.832041,0.0
16.4638,0.0138322,122.811,0.846588,0.0
16.4464,0.0141905,125.176,0.810042,0.0
16.4526,0.0139452,124.953,0.836299,0.0
16.4685,0.0140423,123.325,0.837008,0.0
16.4332,0.013982,123.65,0.840911,0.0
16.4437,0.0139198,124.113,0.852265,0.0
16.4703,0.0139967,125.93,0.850136,0.0
16.452,0.0137613,123.582,0.845879,0.0
16.4639,0.0138515,125.244,0.837008,0.0
16.4782,0.0137083,123.65,0.828493,0.0
16.4572,0.0136763,124.336,0.833105,0.0
16.449,0.013909,124.747,0.857942,0.0
16.4592,0.0138918,124.644,0.837718,0.0
16.4518,0.0140593,125.964,0.84233,0.0
16.4558,0.013958,123.942,0.862555,0.0
16.4552,0.0137627,124.662,0.849072,0.0
16.4436,0.0139155,122.691,0.852265,0.0
16.4331,0.0139375,124.079,0.841976,0.0
16.4571,0.0142747,126.015,0.859362,0.0
16.4612,0.0136833,123.616,0.840202,0.0
16.4463,0.0138469,124.559,0.828493,0.0
16.4422,0.0134448,124.387,0.833815,0.0
16.4369,0.0139698,122.948,0.838427,0.0
16.4315,0.013932,124.336,0.832396,0.0
16.4261,0.0139069,124.679,0.838427,0.0
16.434,0.013908,122.245,0.841621,0.0
16.4564,0.0135547,125.416,0.835944,0.0
16.4604,0.0135726,125.004,0.831686,0.0
16.4746,0.0139563,123.016,0.821751,0.0
16.4808,0.013984,124.816,0.818913,0.0
16.4606,0.0140853,125.844,0.841266,0.0
16.4674,0.0137392,124.284,0.855104,0.0
16.453,0.0141404,125.93,0.85191,0.0
16.432,0.0137538,126.238,0.829202,0.0
16.4415,0.0137512,124.867,0.867877,0.0
16.4611,0.0143134,125.484,0.844104,0.0
16.4571,0.0137128,124.302,0.838782,0.0
16.4365,0.0141833,123.925,0.838073,0.0
16.4511,0.0136221,124.387,0.849072,0.0
16.4724,0.0136726,124.302,0.832396,0.0
16.4664,0.0134827,124.799,0.840911,0.0
16.4594,0.0140016,123.496,0.837363,0.0
16.4594,0.0134774,124.49,0.841976,0.0
16.4689,0.0142045,123.565,0.822816,0.0
16.4627,0.0136967,123.856,0.845169,0.0
16.4353,0.0138285,125.518,0.840202,0.0
16.4397,0.0137247,124.13,0.828138,0.0
16.4682,0.0140109,122.999,0.830622,0.0
16.4568,0.0138497,123.822,0.833815,0.0
16.4432,0.0140453,125.878,0.837718,0.0
16.4457,0.0136435,124.473,0.839137,0.0
16.446,0.0138653,125.553,0.855813,0.0
16.4579,0.0137361,126.307,0.831686,0.0
16.4693,0.0138962,124.781,0.835234,0.0
16.4715,0.0138338,124.49,0.844104,0.0
16.4582,0.0134981,124.507,0.85191,0.0
16.4417,0.0136807,123.393,0.850136,0.0
16.4577,0.0132289,125.844,0.818558,0.0
16.4649,0.0137011,124.524,0.828138,0.0
16.4311,0.0137385,125.073,0.840911,0.0
16.4366,0.014053,125.604,0.825654,0.0
16.4539,0.013789,125.347,0.83275,0.0
16.4475,0.0137205,125.073,0.835589,0.0
16.4529,0.0140004,126.821,0.844104,0.0
16.4721,0.013505,124.439,0.825654,0.0
16.4727,0.0139634,123.702,0.849427,0.0
16.4419,0.0141439,124.49,0.837363,0.0
16.4389,0.0136464,126.238,0.832041,0.0
16.4389,0.0138625,123.925,0.843395,0.0
16.431,0.0138332,124.936,0.83275,0.0
16.4587,0.0138815,126.392,0.845524,0.0
16.4644,0.0133679,124.165,0.823525,0.0
16.4465,0.0139904,123.89,0.840911,0.0
16.4444,0.0134735,124.833,0.866103,0.0
16.4468,0.0136453,125.793,0.863264,0.0
16.4685,0.0136259,123.839,0.868232,0.0
16.4583,0.0142964,126.598,0.836653,0.0
16.4424,0.0140215,123.668,0.816784,0.0
16.4499,0.0135658,124.199,0.839492,0.0
16.4472,0.0133366,125.021,0.86291,0.0
16.4395,0.0135166,124.147,0.8622,0.0
16.4429,0.0137784,123.565,0.848362,0.0
16.4371,0.0138509,125.073,0.83346,0.0
16.4492,0.0139167,124.284,0.847653,0.0
16.4624,0.0137768,125.296,0.839492,0.0
16.4513,0.0139348,124.113,0.843395,0.0
16.4665,0.0138587,123.308,0.840202,0.0
16.4642,0.013761,124.422,0.830622,0.0
16.4382,0.013468,124.679,0.836653,0.0
16.4573,0.0138693,123.29,0.844814,0.0
16.4447,0.013741,123.925,0.870006,0.0
16.4102,0.0138131,125.587,0.844104,0.0
16.4546,0.0140417,125.45,0.836299,0.0
16.4705,0.0140029,124.85,0.84304,0.0
16.4471,0.0140811,125.313,0.832396,0.0
16.4443,0.0135373,124.319,0.838073,0.0
16.4534,0.0137289,124.302,0.847653,0.0
16.4673,0.0139196,124.404,0.831686,0.0
16.4553,0.0138177,124.662,0.848362,0.0
16.4593,0.0136598,125.176,0.845169,0.0
16.4636,0.0140186,124.542,0.829557,0.0
16.4344,0.0140085,123.89,0.845524,0.0
16.4248,0.0138097,123.959,0.811462,0.0
16.4283,0.0137697,124.336,0.828493,0.0
16.4321,0.0138055,125.004,0.856523,0.0
16.4454,0.0134031,125.004,0.841266,0.0
16.4453,0.0138704,124.13,0.828493,0.0
16.4329,0.0137414,124.867,0.829557,0.0
16.44,0.0135177,124.559,0.834524,0.0
16.4567,0.0137421,123.616,0.835234,0.0
16.445,0.0138288,124.576,0.868232,0.0
16.4327,0.0137105,123.753,0.837363,0.0
16.4475,0.0138176,125.638,0.8622,0.0
16.4547,0.0137421,124.799,0.84304,0.0
16.4348,0.0134777,124.302,0.855813,0.0
16.4439,0.0141456,124.182,0.840911,0.0
16.4668,0.0133815,123.925,0.834524,0.0
16.476,0.0133441,124.576,0.851556,0.0
16.4822,0.0139808,124.079,0.852265,0.0
16.4785,0.0141022,125.433,0.847653,0.0
16.485,0.0136491,124.73,0.837718,0.0
16.4776,0.0135447,123.616,0.836653,0.0
16.455,0.0136606,125.227,0.835944,0.0
16.4569,0.0138978,125.604,0.835944,0.0
16.4565,0.0140488,124.713,0.851201,0.0
16.4505,0.0135689,124.404,0.849782,0.0
16.4646,0.0141968,125.381,0.854394,0.0
16.4636,0.0139567,126.238,0.864329,0.0
16.4378,0.0139393,124.901,0.871425,0.0
16.4408,0.0139829,123.599,0.854749,0.0
16.4455,0.0137488,125.159,0.838073,0.0
16.4375,0.0136509,124.524,0.840911,0.0
16.4408,0.013562,123.89,0.846588,0.0
16.4578,0.0136867,125.604,0.824235,0.0
16.4551,0.0139391,124.61,0.825654,0.0
16.4342,0.0139262,124.644,0.827428,0.0
16.4704,0.0136476,125.296,0.840911,0.0
16.4699,0.01367,125.553,0.841266,0.0
16.4449,0.0136103,125.878,0.85191,0.0
16.4765,0.0137268,125.878,0.846943,0.0
16.4876,0.0140156,124.284,0.839492,0.0
16.4531,0.0134662,126.392,0.830622,0.0
16.4502,0.0135388,123.668,0.821396,0.0
16.44,0.0136912,123.599,0.833815,0.0
16.4306,0.0132919,125.45,0.844459,0.0
16.4562,0.0137488,124.387,0.844459,0.0
16.4603,0.0136826,125.467,0.830976,0.0
16.46,0.0139208,125.69,0.865393,0.0
16.4763,0.0139402,123.565,0.832041,0.0
16.4697,0.013734,124.49,0.818203,0.0
16.4641,0.0138363,124.507,0.842685,0.0
16.4602,0.0137208,125.827,0.852975,0.0
16.454,0.0137515,123.548,0.828138,0.0
16.4667,0.0138503,125.536,0.841976,0.0
16.4686,0.0139539,123.308,0.837718,0.0
16.4519,0.0137209,125.467,0.855813,0.0
16.4475,0.0138636,125.433,0.844459,0.0
16.4577,0.0139747,124.13,0.821042,0.0
16.4602,0.0138741,125.398,0.856523,0.0
16.4571,0.0137838,124.559,0.845524,0.0
16.4595,0.0135602,126.015,0.85333,0.0
16.4637,0.0136791,124.713,0.835589,0.0
16.4604,0.0134891,124.096,0.849782,0.0
16.4472,0.0140425,124.199,0.823525,0.0
16.4435,0.0136358,124.079,0.856523,0.0
16.4574,0.0138323,125.244,0.837363,0.0
16.4625,0.0138909,124.627,0.841621,0.0
16.4512,0.0138541,125.073,0.840556,0.0
16.4524,0.0137529,125.861,0.839847,0.0
16.4498,0.0141621,124.576,0.854394,0.0
16.461,0.0139954,124.936,0.82459,0.0
16.4814,0.014017,123.822,0.865039,0.0
16.4631,0.0138936,124.919,0.850846,0.0
16.4392,0.0136345,126.307,0.841621,0.0
16.4281,0.0136178,125.073,0.858297,0.0
16.4422,0.0139138,124.302,0.843395,0.0
16.4539,0.0137067,124.182,0.844104,0.0
16.4404,0.0138793,124.079,0.835234,0.0
16.455,0.0138445,124.542,0.826364,0.0
16.4667,0.013624,123.942,0.845879,0.0
16.4567,0.0137999,125.278,0.84375,0.0
16.457,0.01385,122.639,0.846233,0.0
16.4518,0.0134278,125.193,0.836299,0.0
16.4318,0.0137301,125.827,0.848717,0.0
16.4224,0.0140186,124.302,0.84375,0.0
16.4428,0.0137969,124.096,0.864329,0.0
16.4623,0.0138341,123.29,0.828493,0.0
16.463,0.0137909,124.113,0.85262,0.0
16.4629,0.0138484,125.69,0.855459,0.0
16.4689,0.0134993,126.05,0.827428,0.0
16.4747,0.0135017,125.604,0.84304,0.0
16.4581,0.0136965,123.53,0.84233,0.0
16.4395,0.0140464,124.85,0.830976,0.0
16.452,0.0139861,124.062,0.845879,0.0
16.4673,0.0138213,122.742,0.837008,0.0
16.4645,0.0137837,122.811,0.83417,0.0
16.4635,0.0138107,124.679,0.848362,0.0
16.4646,0.0133079,125.21,0.849072,0.0
16.4689,0.0135239,124.302,0.837718,0.0
16.4595,0.013821,126.41,0.83346,0.0
16.4348,0.0136701,124.387,0.864684,0.0
16.4367,0.014151,124.987,0.829557,0.0
16.4599,0.0136299,123.685,0.841266,0.0
16.456,0.0139752,124.387,0.854039,0.0
16.4558,0.0138078,124.473,0.830267,0.0
16.4702,0.0135774,125.964,0.848717,0.0
16.4561,0.0138991,124.096,0.842685,0.0
16.443,0.0137298,126.324,0.854039,0.0
16.4642,0.0138933,125.261,0.830976,0.0
16.4662,0.013819,124.524,0.820332,0.0
16.4345,0.0140928,126.478,0.839137,0.0
16.4345,0.0135861,123.325,0.845524,0.0
16.4466,0.0138363,123.085,0.84375,0.0
16.4485,0.013655,124.781,0.850846,0.0
16.4645,0.0138937,124.284,0.846588,0.0
16.4698,0.0136859,124.542,0.83346,0.0
16.437,0.0139772,125.33,0.829557,0.0
16.4438,0.01396,123.976,0.826009,0.0
16.481,0.0140067,123.907,0.86291,0.0
16.4584,0.0143932,125.364,0.829912,0.0
16.4352,0.0137796,124.953,0.827073,0.0
16.4574,0.013995,125.296,0.834879,0.0
16.4596,0.0137886,124.696,0.848007,0.0
16.452,0.0139471,124.833,0.846233,0.0
16.4619,0.0140885,124.576,0.848717,0.0
16.4641,0.0140025,124.953,0.835234,0.0
16.4481,0.0135344,124.919,0.84375,0.0
16.4497,0.0142268,124.576,0.852265,0.0
16.4642,0.0137469,124.833,0.841266,0.0
16.4566,0.0134671,125.124,0.827428,0.0
16.4647,0.013597,124.147,0.837008,0.0
16.4844,0.0141117,123.959,0.844104,0.0
16.463,0.0137645,123.496,0.825299,0.0
16.4372,0.0138095,123.719,0.840911,0.0
16.4451,0.0138374,124.404,0.821751,0.0
16.4427,0.0137088,123.89,0.833815,0.0
16.4503,0.0136748,122.656,0.865393,0.0
16.4611,0.0141868,124.422,0.841621,0.0
16.441,0.0139388,122.159,0.854394,0.0
16.4378,0.0139136,124.01,0.83275,0.0
16.4673,0.0139119,125.193,0.867167,0.0
16.4677,0.0136737,124.97,0.825299,0.0
16.4511,0.0139354,125.193,0.847298,0.0
16.4525,0.0135043,123.41,0.854749,0.0
16.4553,0.0138252,124.079,0.855459,0.0
16.4471,0.0138572,124.353,0.841976,0.0
16.4563,0.0138603,125.073,0.854039,0.0
16.463,0.0140613,125.518,0.820687,0.0
16.4391,0.0138502,123.753,0.865039,0.0
16.439,0.0141419,123.616,0.85333,0.0
16.457,0.0139676,125.193,0.839847,0.0
16.4504,0.0136843,123.513,0.829557,0.0
16.4417,0.0136595,125.57,0.84375,0.0
16.4525,0.0135599,122.742,0.824235,0.0
16.4466,0.0137896,124.524,0.82388,0.0
16.4286,0.0140635,126.427,0.865393,0.0
16.4248,0.0142192,124.901,0.837718,0.0
16.4436,0.0138188,124.456,0.830976,0.0
16.4628,0.0137833,125.913,0.84233,0.0
16.4491,0.0138998,124.353,0.860426,0.0
16.4425,0.0135218,125.176,0.85191,0.0
16.4646,0.0138521,123.685,0.832041,0.0
16.4498,0.0135673,124.353,0.837008,0.0
16.4242,0.0138567,123.787,0.870006,0.0
16.4369,0.0136334,125.159,0.848717,0.0
16.4467,0.013771,123.685,0.829912,0.0
16.462,0.0136064,124.473,0.846943,0.0
16.4724,0.013544,125.57,0.839847,0.0
16.4499,0.0136644,123.033,0.84233,0.0
16.4494,0.0141005,124.696,0.82388,0.0
16.4715,0.0139133,124.062,0.852265,0.0
16.4629,0.0136621,124.267,0.859716,0.0
16.4571,0.0137993,124.473,0.844104,0.0
16.4681,0.0137827,124.267,0.84233,0.0
16.4662,0.0138311,124.353,0.817848,0.0
16.461,0.0138756,123.736,0.849782,0.0
16.4534,0.0140891,125.895,0.84375,0.0
16.4499,0.0141199,124.113,0.845524,0.0
16.4581,0.0139536,124.387,0.835589,0.0
16.4577,0.0137256,124.027,0.83275,0.0
16.4566,0.0136752,126.41,0.836653,0.0
16.4553,0.0135197,125.227,0.81359,0.0
16.4482,0.0136836,125.313,0.82317,0.0
16.4535,0.0136975,124.353,0.84233,0.0
16.4446,0.0138173,123.668,0.845524,0.0
16.4387,0.0140965,123.787,0.859716,0.0
16.4494,0.0139977,124.336,0.854039,0.0
16.4423,0.0133615,124.473,0.819622,0.0
16.4368,0.013402,124.61,0.842685,0.0
16.4513,0.0140639,125.159,0.847298,0.0
16.4544,0.0135237,123.445,0.833105,0.0
16.4663,0.0138109,125.758,0.849427,0.0
16.4664,0.013578,124.302,0.835234,0.0
16.4278,0.0137763,123.29,0.839137,0.0
16.4259,0.0141933,125.107,0.838427,0.0
16.4412,0.0140446,124.182,0.865039,0.0
16.4244,0.0137671,124.045,0.838073,0.0
16.4407,0.0137541,123.856,0.84375,0.0
16.4655,0.0134577,124.696,0.840556,0.0
16.459,0.0136732,124.147,0.86291,0.0
16.4503,0.0139077,124.679,0.833815,0.0
16.4627,0.013762,124.096,0.83346,0.0
16.4523,0.0141388,123.342,0.831686,0.0
16.4228,0.0140203,124.49,0.84233,0.0
16.4468,0.0138436,125.21,0.837008,0.0
16.4644,0.0136527,124.473,0.841266,0.0
16.4381,0.0136278,124.764,0.838782,0.0
16.4437,0.0136933,125.69,0.852975,0.0
16.4687,0.0138941,124.284,0.856878,0.0
16.4601,0.0139313,124.096,0.846588,0.0
16.4518,0.0139377,124.747,0.831331,0.0
16.4493,0.0138635,125.313,0.84233,0.0
16.4526,0.0140176,124.85,0.850846,0.0
16.4483,0.013457,124.49,0.865393,0.0
16.4503,0.0139105,123.051,0.84375,0.0
16.4588,0.0139142,124.627,0.828138,0.0
16.4292,0.0137653,125.073,0.839847,0.0
16.4249,0.0138737,124.644,0.815364,0.0
16.461,0.013687,124.404,0.846588,0.0
16.4732,0.0140472,123.856,0.865393,0.0
16.4596,0.0138445,124.987,0.826009,0.0
16.4483,0.0134559,124.284,0.84304,0.0
16.4581,0.013841,124.713,0.846588,0.0
16.4634,0.0131712,124.987,0.849072,0.0
16.4486,0.0138192,123.856,0.833105,0.0
16.4483,0.0135571,125.073,0.827073,0.0
16.464,0.0139859,125.878,0.821751,0.0
16.4617,0.0139544,124.85,0.844104,0.0
16.4465,0.0137544,127.763,0.83346,0.0
16.4483,0.013906,123.29,0.830622,0.0
16.4595,0.013978,125.296,0.828138,0.0
16.4564,0.0139659,125.261,0.839492,0.0
16.4664,0.0139378,124.559,0.847298,0.0
16.4454,0.0136431,122.656,0.831686,0.0
16.4181,0.0139456,125.621,0.838427,0.0
16.4499,0.0135738,126.101,0.823525,0.0
16.4602,0.0134566,125.775,0.847298,0.0
16.4545,0.0138289,123.976,0.843395,0.0
16.4737,0.0137363,125.553,0.846233,0.0
16.4653,0.0136576,123.085,0.830976,0.0
16.4518,0.0136232,123.976,0.850136,0.0
16.4646,0.0141122,125.604,0.831331,0.0
16.4507,0.0,124.696,0.0,0.0
16.4384,0.0,124.764,0.0,0.0
16.4541,0.0,124.884,0.0,0.0
16.4522,0.0,122.828,0.0,0.0
16.4606,0.0,125.261,0.0,0.0
16.4847,0.0,124.165,0.0,0.0
16.4416,0.0,125.913,0.0,0.0
16.4267,0.0,124.25,0.0,0.0
16.4561,0.0,125.45,0.0,0.0
16.448,0.0,124.901,0.0,0.0
16.4458,0.0,124.353,0.0,0.0
16.4379,0.0,125.467,0.0,0.0
16.4236,0.0,124.919,0.0,0.0
16.4674,0.0,125.296,0.0,0.0
16.4814,0.0,124.627,0.0,0.0
16.4441,0.0,125.57,0.0,0.0
16.4483,0.0,124.13,0.0,0.0
16.4481,0.0,126.238,0.0,0.0
16.4305,0.0,125.501,0.0,0.0
16.4397,0.0,125.741,0.0,0.0
16.4483,0.0,124.13,0.0,0.0
16.4417,0.0,124.713,0.0,0.0
16.4487,0.0,123.325,0.0,0.0
16.4728,0.0,125.484,0.0,0.0
16.4816,0.0,125.707,0.0,0.0
16.4463,0.0,125.484,0.0,0.0
16.4363,0.0,124.747,0.0,0.0
16.4469,0.0,124.062,0.0,0.0
16.4409,0.0,124.73,0.0,0.0
16.4632,0.0,124.216,0.0,0.0
16.4852,0.0,125.553,0.0,0.0
16.4765,0.0,124.85,0.0,0.0
16.4549,0.0,123.873,0.0,0.0
16.4561,0.0,123.89,0.0,0.0
16.4658,0.0,125.758,0.0,0.0
16.464,0.0,124.456,0.0,0.0
16.4559,0.0,124.045,0.0,0.0
16.446,0.0,124.644,0.0,0.0
16.4487,0.0,124.799,0.0,0.0
16.4609,0.0,126.204,0.0,0.0
16.4633,0.0,123.308,0.0,0.0
16.449,0.0,126.187,0.0,0.0
16.4588,0.0,125.536,0.0,0.0
16.4601,0.0,123.89,0.0,0.0
16.4434,0.0,123.445,0.0,0.0
16.4545,0.0,125.261,0.0,0.0
16.457,0.0,123.685,0.0,0.0
16.4693,0.0,124.387,0.0,0.0
16.4719,0.0,125.227,0.0,0.0
16.4449,0.0,124.404,0.0,0.0
16.442,0.0,125.227,0.0,0.0
16.4559,0.0,124.747,0.0,0.0
16.4522,0.0,125.741,0.0,0.0
16.4447,0.0,124.25,0.0,0.0
16.4455,0.0,123.787,0.0,0.0
16.4643,0.0,124.113,0.0,0.0
16.4724,0.0,125.587,0.0,0.0
16.4487,0.0,123.462,0.0,0.0
16.4294,0.0,125.33,0.0,0.0
16.4443,0.0,125.501,0.0,0.0
16.4526,0.0,124.542,0.0,0.0
16.44,0.0,124.97,0.0,0.0
16.444,0.0,124.199,0.0,0.0
16.4665,0.0,124.593,0.0,0.0
16.4652,0.0,125.844,0.0,0.0
16.45,0.0,124.113,0.0,0.0
16.4455,0.0,124.936,0.0,0.0
16.4528,0.0,123.308,0.0,0.0
16.4502,0.0,127.095,0.0,0.0
16.45,0.0,123.239,0.0,0.0
16.4498,0.0,125.707,0.0,0.0
16.4601,0.0,124.73,0.0,0.0
16.474,0.0,126.101,0.0,0.0
16.4582,0.0,123.633,0.0,0.0
16.4355,0.0,124.456,0.0,0.0
16.4614,0.0,125.861,0.0,0.0
16.4645,0.0,123.787,0.0,0.0
16.4334,0.0,123.633,0.0,0.0
16.4499,0.0,124.867,0.0,0.0
16.4619,0.0,125.227,0.0,0.0
16.4527,0.0,123.668,0.0,0.0
16.4601,0.0,124.936,0.0,0.0
16.4607,0.0,124.027,0.0,0.0
16.4496,0.0,125.056,0.0,0.0
16.4628,0.0,126.667,0.0,0.0
16.4614,0.0,125.501,0.0,0.0
16.4398,0.0,123.959,0.0,0.0
16.4349,0.0,123.393,0.0,0.0
16.4351,0.0,124.713,0.0,0.0
16.4362,0.0,124.49,0.0,0.0
16.4386,0.0,125.673,0.0,0.0
16.4203,0.0,124.387,0.0,0.0
16.4262,0.0,124.387,0.0,0.0
16.4652,0.0,123.153,0.0,0.0
16.4558,0.0,123.616,0.0,0.0
16.4371,0.0,124.713,0.0,0.0
16.4504,0.0,123.479,0.0,0.0
16.4593,0.0,123.925,0.0,0.0
16.4497,0.0,124.781,0.0,0.0
16.4507,0.0,124.781,0.0,0.0
16.4623,0.0,124.97,0.0,0.0
16.4558,0.0,124.559,0.0,0.0
16.4643,0.0,125.056,0.0,0.0
16.4756,0.0,123.925,0.0,0.0
16.4499,0.0,125.193,0.0,0.0
16.4376,0.0,123.993,0.0,0.0
16.4445,0.0,123.685,0.0,0.0
16.4509,0.0,124.027,0.0,0.0
16.4425,0.0,124.559,0.0,0.0
16.4399,0.0,125.656,0.0,0.0
16.4701,0.0,124.816,0.0,0.0
16.4799,0.0,125.21,0.0,0.0
16.4631,0.0,125.861,0.0,0.0
16.4525,0.0,123.308,0.0,0.0
16.4439,0.0,125.381,0.0,0.0
16.4581,0.0,125.604,0.0,0.0
16.4554,0.0,123.907,0.0,0.0
16.4344,0.0,123.685,0.0,0.0
16.449,0.0,125.296,0.0,0.0
16.4658,0.0,123.308,0.0,0.0
16.4505,0.0,125.57,0.0,0.0
16.4349,0.0,124.644,0.0,0.0
16.4537,0.0,125.159,0.0,0.0
16.4685,0.0,125.501,0.0,0.0
16.4646,0.0,125.244,0.0,0.0
16.4555,0.0,124.319,0.0,0.0
16.4613,0.0,124.867,0.0,0.0
16.46,0.0,124.422,0.0,0.0
16.4264,0.0,123.599,0.0,0.0
16.4271,0.0,125.056,0.0,0.0
16.4617,0.0,125.398,0.0,0.0
16.4631,0.0,125.604,0.0,0.0
16.4483,0.0,124.216,0.0,0.0
16.4452,0.0,124.542,0.0,0.0
16.4425,0.0,123.719,0.0,0.0
16.4583,0.0,124.182,0.0,0.0
16.4811,0.0,124.833,0.0,0.0
16.4584,0.0,123.479,0.0,0.0
16.4491,0.0,124.165,0.0,0.0
16.465,0.0,123.325,0.0,0.0
16.4569,0.0,124.901,0.0,0.0
16.4495,0.0,125.09,0.0,0.0
16.4477,0.0,124.25,0.0,0.0
16.4308,0.0,122.982,0.0,0.0
16.4412,0.0,123.907,0.0,0.0
16.4511,0.0,124.679,0.0,0.0
16.4412,0.0,125.039,0.0,0.0
16.4523,0.0,123.479,0.0,0.0
16.4721,0.0,124.439,0.0,0.0
16.4559,0.0,124.456,0.0,0.0
16.4542,0.0,124.182,0.0,0.0
16.4628,0.0,125.501,0.0,0.0
16.4515,0.0,125.039,0.0,0.0
16.4626,0.0,124.01,0.0,0.0
16.4625,0.0,125.347,0.0,0.0
16.4565,0.0,124.439,0.0,0.0
16.4607,0.0,124.713,0.0,0.0
16.4391,0.0,124.627,0.0,0.0
16.4372,0.0,125.758,0.0,0.0
16.459,0.0,123.599,0.0,0.0
16.4513,0.0,124.37,0.0,0.0
16.4483,0.0,123.719,0.0,0.0
16.4458,0.0,124.387,0.0,0.0
16.4411,0.0,125.484,0.0,0.0
16.453,0.0,124.404,0.0,0.0
16.444,0.0,125.381,0.0,0.0
16.4271,0.0,125.57,0.0,0.0
16.4498,0.0,124.747,0.0,0.0
16.4429,0.0,125.073,0.0,0.0
16.4067,0.0,125.587,0.0,0.0
16.4226,0.0,124.576,0.0,0.0
16.4509,0.0,124.062,0.0,0.0
16.4467,0.0,122.965,0.0,0.0
16.4495,0.0,124.473,0.0,0.0
16.4627,0.0,122.759,0.0,0.0
16.4343,0.0,125.004,0.0,0.0
16.4424,0.0,124.867,0.0,0.0
16.4924,0.0,124.439,0.0,0.0
16.4566,0.0,124.182,0.0,0.0
16.4118,0.0,122.862,0.0,0.0
16.4462,0.0,124.987,0.0,0.0
16.4595,0.0,125.004,0.0,0.0
16.4432,0.0,124.336,0.0,0.0
16.453,0.0,123.976,0.0,0.0
16.4519,0.0,125.861,0.0,0.0
16.4455,0.0,125.467,0.0,0.0
16.4565,0.0,124.576,0.0,0.0
16.4412,0.0,125.364,0.0,0.0
16.4369,0.0,125.861,0.0,0.0
16.4561,0.0,124.182,0.0,0.0
16.4619,0.0,125.039,0.0,0.0
16.4531,0.0,123.445,0.0,0.0
16.4481,0.0,123.479,0.0,0.0
16.464,0.0,124.37,0.0,0.0
16.4669,0.0,125.004,0.0,0.0
16.4632,0.0,123.925,0.0,0.0
16.4414,0.0,124.867,0.0,0.0
16.4186,0.0,124.13,0.0,0.0
16.4393,0.0,124.267,0.0,0.0
16.4447,0.0,123.89,0.0,0.0
16.4412,0.0,123.805,0.0,0.0
16.4628,0.0,123.256,0.0,0.0
16.4552,0.0,125.141,0.0,0.0
16.4441,0.0,123.616,0.0,0.0
16.456,0.0,123.633,0.0,0.0
16.4519,0.0,124.267,0.0,0.0
16.4566,0.0,124.593,0.0,0.0
16.4748,0.0,125.741,0.0,0.0
16.4794,0.0,124.062,0.0,0.0
16.4595,0.0,124.559,0.0,0.0
16.4522,0.0,123.136,0.0,0.0
16.4633,0.0,124.01,0.0,0.0
16.4645,0.0,124.524,0.0,0.0
16.4773,0.0,124.027,0.0,0.0
16.479,0.0,125.673,0.0,0.0
16.447,0.0,125.039,0.0,0.0
16.4444,0.0,125.004,0.0,0.0
16.4689,0.0,125.673,0.0,0.0
16.4418,0.0,124.062,0.0,0.0
16.4241,0.0,124.404,0.0,0.0
16.4574,0.0,123.89,0.0,0.0
16.4465,0.0,123.033,0.0,0.0
16.4148,0.0,123.942,0.0,0.0
16.4382,0.0,123.873,0.0,0.0
16.4619,0.0,127.078,0.0,0.0
16.4485,0.0,124.524,0.0,0.0
16.4293,0.0,124.542,0.0,0.0
16.4393,0.0,124.833,0.0,0.0
16.4447,0.0,122.434,0.0,0.0
16.4365,0.0,125.33,0.0,0.0
16.4547,0.0,125.364,0.0,0.0
16.4617,0.0,124.781,0.0,0.0
16.4478,0.0,124.37,0.0,0.0
16.4537,0.0,124.13,0.0,0.0
16.4688,0.0,125.278,0.0,0.0
16.4542,0.0,124.781,0.0,0.0
16.4406,0.0,123.65,0.0,0.0
16.4568,0.0,125.467,0.0,0.0
16.4641,0.0,123.942,0.0,0.0
16.4521,0.0,124.336,0.0,0.0
16.4757,0.0,124.079,0.0,0.0
16.4944,0.0,124.456,0.0,0.0
16.4638,0.0,123.53,0.0,0.0
16.4361,0.0,124.884,0.0,0.0
16.4352,0.0,124.576,0.0,0.0
16.4397,0.0,125.981,0.0,0.0
16.4579,0.0,124.404,0.0,0.0
16.4751,0.0,125.501,0.0,0.0
16.455,0.0,123.685,0.0,0.0
16.4365,0.0,125.518,0.0,0.0
16.4581,0.0,124.284,0.0,0.0
16.4791,0.0,125.827,0.0,0.0
16.4649,0.0,124.576,0.0,0.0
16.4403,0.0,123.993,0.0,0.0
16.4552,0.0,126.153,0.0,0.0
16.4654,0.0,124.079,0.0,0.0
16.4476,0.0,124.764,0.0,0.0
16.4402,0.0,123.033,0.0,0.0
16.4446,0.0,124.422,0.0,0.0
16.4571,0.0,125.878,0.0,0.0
16.4434,0.0,125.107,0.0,0.0
16.4393,0.0,124.199,0.0,0.0
16.4591,0.0,124.936,0.0,0.0
16.4684,0.0,125.347,0.0,0.0
16.4667,0.0,125.073,0.0,0.0
16.4617,0.0,124.353,0.0,0.0
16.4701,0.0,124.781,0.0,0.0
16.4737,0.0,123.599,0.0,0.0
16.4649,0.0,125.518,0.0,0.0
16.461,0.0,124.61,0.0,0.0
16.4421,0.0,121.56,0.0,0.0
16.4375,0.0,123.685,0.0,0.0
16.4627,0.0,124.799,0.0,0.0
16.46,0.0,125.244,0.0,0.0
16.4433,0.0,124.713,0.0,0.0
16.4523,0.0,124.302,0.0,0.0
16.4634,0.0,125.57,0.0,0.0
16.444,0.0,125.518,0.0,0.0
16.4538,0.0,124.713,0.0,0.0
16.4684,0.0,123.736,0.0,0.0
16.4494,0.0,124.987,0.0,0.0
16.4397,0.0,123.942,0.0,0.0
16.4318,0.0,123.993,0.0,0.0
16.4378,0.0,124.319,0.0,0.0
16.4557,0.0,124.37,0.0,0.0
16.4595,0.0,123.839,0.0,0.0
16.4586,0.0,124.97,0.0,0.0
16.432,0.0,124.644,0.0,0.0
16.4211,0.0,125.467,0.0,0.0
16.4531,0.0,124.439,0.0,0.0
16.4664,0.0,123.753,0.0,0.0
16.4617,0.0,125.244,0.0,0.0
16.4529,0.0,123.942,0.0,0.0
16.4637,0.0,124.045,0.0,0.0
16.4704,0.0,124.61,0.0,0.0
16.4731,0.0,124.679,0.0,0.0
16.4695,0.0,123.736,0.0,0.0
16.4421,0.0,123.942,0.0,0.0
16.44,0.0,124.816,0.0,0.0
16.4622,0.0,124.456,0.0,0.0
16.4546,0.0,126.05,0.0,0.0
16.4348,0.0,123.256,0.0,0.0
16.421,0.0,124.85,0.0,0.0
16.4418,0.0,124.936,0.0,0.0
16.4628,0.0,124.439,0.0,0.0
16.4627,0.0,125.278,0.0,0.0
16.4522,0.0,121.662,0.0,0.0
16.4384,0.0,124.542,0.0,0.0
16.4579,0.0,124.61,0.0,0.0
16.4602,0.0,124.816,0.0,0.0
16.445,0.0,125.587,0.0,0.0
16.4571,0.0,124.747,0.0,0.0
16.4701,0.0,124.422,0.0,0.0
16.4681,0.0,124.49,0.0,0.0
16.4395,0.0,123.188,0.0,0.0
16.4391,0.0,124.439,0.0,0.0
16.4528,0.0,123.736,0.0,0.0
16.4421,0.0,125.775,0.0,0.0
16.4682,0.0,124.85,0.0,0.0
16.4687,0.0,123.188,0.0,0.0
16.444,0.0,123.702,0.0,0.0
16.4528,0.0,123.599,0.0,0.0
16.4523,0.0,125.93,0.0,0.0
16.4467,0.0,123.393,0.0,0.0
16.4392,0.0,124.49,0.0,0.0
16.4716,0.0,123.976,0.0,0.0
16.4811,0.0,123.907,0.0,0.0
16.4627,0.0,122.982,0.0,0.0
16.475,0.0,123.359,0.0,0.0
16.4711,0.0,124.901,0.0,0.0
16.4395,0.0,123.53,0.0,0.0
16.4363,0.0,123.942,0.0,0.0
16.4543,0.0,125.724,0.0,0.0
16.4699,0.0,123.41,0.0,0.0
16.4659,0.0,125.107,0.0,0.0
16.4484,0.0,123.342,0.0,0.0
16.4415,0.0,126.358,0.0,0.0
16.4621,0.0,124.662,0.0,0.0
16.453,0.0,123.856,0.0,0.0
16.4516,0.0,123.239,0.0,0.0
16.4748,0.0,124.439,0.0,0.0
16.4626,0.0,123.41,0.0,0.0
16.4515,0.0,123.668,0.0,0.0
16.4591,0.0,122.879,0.0,0.0
16.4582,0.0,126.718,0.0,0.0
16.4756,0.0,124.73,0.0,0.0
16.461,0.0,122.879,0.0,0.0
16.4353,0.0,125.296,0.0,0.0
16.4399,0.0,123.787,0.0,0.0
16.4306,0.0,124.062,0.0,0.0
16.4331,0.0,125.501,0.0,0.0
16.4489,0.0,123.068,0.0,0.0
16.4301,0.0,124.01,0.0,0.0
16.4186,0.0,124.216,0.0,0.0
16.44,0.0,123.787,0.0,0.0
16.446,0.0,124.593,0.0,0.0
16.4454,0.0,125.501,0.0,0.0
16.4468,0.0,123.993,0.0,0.0
16.4414,0.0,126.238,0.0,0.0
16.4435,0.0,125.039,0.0,0.0
16.4355,0.0,124.182,0.0,0.0
16.4425,0.0,124.387,0.0,0.0
16.4652,0.0,125.656,0.0,0.0
16.467,0.0,123.153,0.0,0.0
16.4415,0.0,124.987,0.0,0.0
16.4393,0.0,124.387,0.0,0.0
16.4574,0.0,123.479,0.0,0.0
16.464,0.0,124.662,0.0,0.0
16.459,0.0,125.364,0.0,0.0
16.4649,0.0,124.764,0.0,0.0
16.4496,0.0,123.462,0.0,0.0
16.4465,0.0,125.107,0.0,0.0
16.4831,0.0,124.319,0.0,0.0
16.464,0.0,124.49,0.0,0.0
16.4487,0.0,123.65,0.0,0.0
16.4594,0.0,122.913,0.0,0.0
16.463,0.0,124.507,0.0,0.0
16.4552,0.0,125.69,0.0,0.0
16.4518,0.0,125.621,0.0,0.0
16.4433,0.0,123.359,0.0,0.0
16.439,0.0,123.188,0.0,0.0
16.4635,0.0,124.781,0.0,0.0
16.4912,0.0,124.182,0.0,0.0
16.4751,0.0,125.484,0.0,0.0
16.4589,0.0,124.764,0.0,0.0
16.4512,0.0,124.627,0.0,0.0
16.4423,0.0,123.342,0.0,0.0
16.4434,0.0,124.096,0.0,0.0
16.4654,0.0,124.662,0.0,0.0
16.473,0.0,123.907,0.0,0.0
16.4491,0.0,124.404,0.0,0.0
16.4305,0.0,123.376,0.0,0.0
16.4435,0.0,126.804,0.0,0.0
16.4661,0.0,124.919,0.0,0.0
16.4519,0.0,123.822,0.0,0.0
16.4423,0.0,123.856,0.0,0.0
16.4588,0.0,124.439,0.0,0.0
16.4817,0.0,125.021,0.0,0.0
16.4907,0.0,123.993,0.0,0.0
16.4795,0.0,125.45,0.0,0.0
16.4593,0.0,124.062,0.0,0.0
16.4347,0.0,125.501,0.0,0.0
16.4494,0.0,123.513,0.0,0.0
16.4613,0.0,125.57,0.0,0.0
16.464,0.0,124.953,0.0,0.0
16.466,0.0,123.753,0.0,0.0
16.4616,0.0,123.805,0.0,0.0
16.4703,0.0,123.29,0.0,0.0
16.4651,0.0,124.439,0.0,0.0
16.4654,0.0,123.805,0.0,0.0
16.4676,0.0,124.507,0.0,0.0
16.4386,0.0,124.422,0.0,0.0
16.4312,0.0,122.931,0.0,0.0
16.4532,0.0,125.998,0.0,0.0
16.4412,0.0,125.878,0.0,0.0
16.454,0.0,123.668,0.0,0.0
16.4686,0.0,126.804,0.0,0.0
16.4442,0.0,123.736,0.0,0.0
16.4365,0.0,123.325,0.0,0.0
16.4442,0.0,124.953,0.0,0.0
16.4548,0.0,123.685,0.0,0.0
16.4584,0.0,123.839,0.0,0.0
16.4579,0.0,125.964,0.0,0.0
16.4461,0.0,124.49,0.0,0.0
16.4335,0.0,123.839,0.0,0.0
16.4443,0.0,125.381,0.0,0.0
16.4442,0.0,125.193,0.0,0.0
16.4254,0.0,123.787,0.0,0.0
16.4433,0.0,124.936,0.0,0.0
16.4589,0.0,124.816,0.0,0.0
16.4448,0.0,124.01,0.0,0.0
16.4478,0.0,123.736,0.0,0.0
16.4565,0.0,124.182,0.0,0.0
16.4472,0.0,124.764,0.0,0.0
16.448,0.0,124.919,0.0,0.0
16.457,0.0,124.147,0.0,0.0
16.472,0.0,124.507,0.0,0.0
16.4728,0.0,124.644,0.0,0.0
16.4507,0.0,124.97,0.0,0.0
16.4631,0.0,124.781,0.0,0.0
16.4725,0.0,125.313,0.0,0.0
16.4638,0.0,124.884,0.0,0.0
16.4556,0.0,125.844,0.0,0.0
16.45,0.0,123.462,0.0,0.0
16.4406,0.0,123.976,0.0,0.0
16.4401,0.0,123.085,0.0,0.0
16.4509,0.0,123.53,0.0,0.0
16.4579,0.0,123.856,0.0,0.0
16.4468,0.0,125.638,0.0,0.0
16.4277,0.0,123.856,0.0,0.0
16.4371,0.0,125.433,0.0,0.0
16.4507,0.0,123.993,0.0,0.0
16.456,0.0,124.833,0.0,0.0
16.468,0.0,125.159,0.0,0.0
16.4628,0.0,123.445,0.0,0.0
16.4511,0.0,124.456,0.0,0.0
16.4549,0.0,124.147,0.0,0.0
16.458,0.0,124.833,0.0,0.0
16.4489,0.0,124.781,0.0,0.0
16.4311,0.0,124.781,0.0,0.0
16.4357,0.0,124.284,0.0,0.0
16.4483,0.0,124.507,0.0,0.0
16.4264,0.0,125.056,0.0,0.0
16.422,0.0,125.484,0.0,0.0
16.4509,0.0,125.176,0.0,0.0
16.4396,0.0,125.553,0.0,0.0
16.4266,0.0,124.713,0.0,0.0
16.4519,0.0,124.919,0.0,0.0
16.4637,0.0,126.101,0.0,0.0
16.4477,0.0,123.925,0.0,0.0
16.452,0.0,124.353,0.0,0.0
16.4577,0.0,125.278,0.0,0.0
16.4531,0.0,124.507,0.0,0.0
16.4611,0.0,124.73,0.0,0.0
16.4678,0.0,124.816,0.0,0.0
16.4546,0.0,123.496,0.0,0.0
16.4483,0.0,124.987,0.0,0.0
16.4466,0.0,124.919,0.0,0.0
16.4383,0.0,124.079,0.0,0.0
16.4452,0.0,124.079,0.0,0.0
16.4618,0.0,125.638,0.0,0.0
16.452,0.0,125.244,0.0,0.0
16.4488,0.0,124.165,0.0,0.0
16.4494,0.0,124.936,0.0,0.0
16.4572,0.0,126.033,0.0,0.0
16.4678,0.0,125.107,0.0,0.0
16.4442,0.0,123.787,0.0,0.0
16.4348,0.0,125.878,0.0,0.0
16.4441,0.0,122.896,0.0,0.0
16.459,0.0,123.839,0.0,0.0
16.4591,0.0,125.947,0.0,0.0
16.456,0.0,124.696,0.0,0.0
16.4737,0.0,124.747,0.0,0.0
16.466,0.0,125.073,0.0,0.0
16.4601,0.0,123.548,0.0,0.0
16.4558,0.0,123.342,0.0,0.0
16.4332,0.0,124.096,0.0,0.0
16.4345,0.0,123.77,0.0,0.0
16.4603,0.0,125.775,0.0,0.0
16.4802,0.0,124.799,0.0,0.0
16.4878,0.0,124.319,0.0,0.0
16.4546,0.0,125.981,0.0,0.0
16.4272,0.0,124.524,0.0,0.0
16.444,0.0,123.907,0.0,0.0
16.4516,0.0,125.09,0.0,0.0
16.4484,0.0,125.004,0.0,0.0
16.4699,0.0,125.124,0.0,0.0
16.4673,0.0,123.839,0.0,0.0
16.4308,0.0,124.387,0.0,0.0
16.4437,0.0,124.404,0.0,0.0
16.4679,0.0,125.021,0.0,0.0
16.4481,0.0,126.444,0.0,0.0
16.4434,0.0,124.045,0.0,0.0
16.4333,0.0,123.119,0.0,0.0
16.4145,0.0,125.261,0.0,0.0
16.436,0.0,125.141,0.0,0.0
16.4553,0.0,125.021,0.0,0.0
16.4535,0.0,124.644,0.0,0.0
16.4536,0.0,123.325,0.0,0.0
16.4563,0.0,124.404,0.0,0.0
16.4546,0.0,125.124,0.0,0.0
16.4398,0.0,125.656,0.0,0.0
16.4351,0.0,125.604,0.0,0.0
16.4375,0.0,123.77,0.0,0.0
16.4601,0.0,125.467,0.0,0.0
16.4772,0.0,124.627,0.0,0.0
16.4484,0.0,126.29,0.0,0.0
16.4441,0.0,124.079,0.0,0.0
16.4606,0.0,124.953,0.0,0.0
16.4606,0.0,125.141,0.0,0.0
16.4397,0.0,123.856,0.0,0.0
16.4493,0.0,124.404,0.0,0.0
16.464,0.0,125.073,0.0,0.0
16.4473,0.0,124.422,0.0,0.0
16.4561,0.0,125.073,0.0,0.0
16.483,0.0,124.559,0.0,0.0
16.4812,0.0,124.867,0.0,0.0
16.4575,0.0,124.713,0.0,0.0
16.4407,0.0,124.13,0.0,0.0
16.4516,0.0,124.713,0.0,0.0
16.4554,0.0,123.805,0.0,0.0
16.4331,0.0,124.627,0.0,0.0
16.4561,0.0,123.805,0.0,0.0
16.48,0.0,125.775,0.0,0.0
16.4392,0.0,123.102,0.0,0.0
16.4263,0.0,125.57,0.0,0.0
16.461,0.0,124.833,0.0,0.0
16.4661,0.0,124.302,0.0,0.0
16.4568,0.0,124.576,0.0,0.0
16.448,0.0,124.542,0.0,0.0
16.4469,0.0,125.518,0.0,0.0
16.4514,0.0,124.387,0.0,0.0
16.4497,0.0,125.176,0.0,0.0
16.4585,0.0,125.244,0.0,0.0
16.4541,0.0,125.724,0.0,0.0
16.4578,0.0,125.947,0.0,0.0
16.4645,0.0,125.484,0.0,0.0
16.4391,0.0,123.856,0.0,0.0
16.4133,0.0,122.554,0.0,0.0
16.4435,0.0,126.478,0.0,0.0
16.457,0.0,124.696,0.0,0.0
16.4251,0.0,124.662,0.0,0.0
16.4362,0.0,125.398,0.0,0.0
16.4497,0.0,123.993,0.0,0.0
16.4435,0.0,124.079,0.0,0.0
16.4519,0.0,125.416,0.0,0.0
16.4636,0.0,123.805,0.0,0.0
16.4637,0.0,125.93,0.0,0.0
16.4529,0.0,123.41,0.0,0.0
16.4602,0.0,125.261,0.0,0.0
16.4702,0.0,125.758,0.0,0.0
16.454,0.0,126.067,0.0,0.0
16.4529,0.0,125.484,0.0,0.0
16.4617,0.0,124.73,0.0,0.0
16.4645,0.0,123.787,0.0,0.0
16.4655,0.0,122.485,0.0,0.0
16.4608,0.0,125.518,0.0,0.0
16.448,0.0,125.621,0.0,0.0
16.4414,0.0,124.439,0.0,0.0
16.4665,0.0,125.518,0.0,0.0
16.4929,0.0,124.919,0.0,0.0
16.4627,0.0,124.199,0.0,0.0
16.4401,0.0,124.404,0.0,0.0
16.4514,0.0,125.484,0.0,0.0
16.4481,0.0,124.01,0.0,0.0
16.4596,0.0,124.644,0.0,0.0
16.4664,0.0,124.559,0.0,0.0
16.4601,0.0,125.69,0.0,0.0
16.4599,0.0,123.496,0.0,0.0
16.4492,0.0,126.992,0.0,0.0
16.4743,0.0,126.033,0.0,0.0
16.4668,0.0,124.456,0.0,0.0
16.4233,0.0,125.004,0.0,0.0
16.4323,0.0,123.359,0.0,0.0
16.4542,0.0,124.182,0.0,0.0
16.4611,0.0,125.21,0.0,0.0
16.4701,0.0,124.987,0.0,0.0
16.45,0.0,124.233,0.0,0.0
16.4248,0.0,125.416,0.0,0.0
16.4345,0.0,124.662,0.0,0.0
16.4531,0.0,125.381,0.0,0.0
16.4459,0.0,124.97,0.0,0.0
16.4375,0.0,124.884,0.0,0.0
16.4524,0.0,123.839,0.0,0.0
16.4661,0.0,124.216,0.0,0.0
16.4448,0.0,123.907,0.0,0.0
16.4485,0.0,124.096,0.0,0.0
16.473,0.0,122.708,0.0,0.0
16.4685,0.0,124.49,0.0,0.0
16.4771,0.0,124.644,0.0,0.0
16.4818,0.0,124.559,0.0,0.0
16.4505,0.0,124.953,0.0,0.0
16.442,0.0,124.319,0.0,0.0
16.4648,0.0,124.302,0.0,0.0
16.471,0.0,124.147,0.0,0.0
16.4509,0.0,124.319,0.0,0.0
16.4439,0.0,124.781,0.0,0.0
16.4408,0.0,122.879,0.0,0.0
16.4313,0.0,125.69,0.0,0.0
16.4371,0.0,124.079,0.0,0.0
16.4633,0.0,125.981,0.0,0.0
16.4763,0.0,123.479,0.0,0.0
16.4512,0.0,125.364,0.0,0.0
16.4535,0.0,124.336,0.0,0.0
16.4555,0.0,124.542,0.0,0.0
16.4482,0.0,123.068,0.0,0.0
16.46,0.0,125.861,0.0,0.0
16.4689,0.0,124.147,0.0,0.0
16.4564,0.0,125.313,0.0,0.0
16.4524,0.0,123.53,0.0,0.0
16.4536,0.0,124.542,0.0,0.0
16.4515,0.0,124.062,0.0,0.0
16.4411,0.0,124.576,0.0,0.0
16.4388,0.0,122.382,0.0,0.0
16.4487,0.0,124.679,0.0,0.0
16.4557,0.0,124.079,0.0,0.0
16.4457,0.0,124.816,0.0,0.0
16.4502,0.0,123.445,0.0,0.0
16.4651,0.0,125.484,0.0,0.0
16.4581,0.0,124.113,0.0,0.0
16.4445,0.0,125.536,0.0,0.0
16.4552,0.0,123.873,0.0,0.0
16.4561,0.0,125.296,0.0,0.0
16.4466,0.0,124.473,0.0,0.0
16.4442,0.0,125.895,0.0,0.0
16.4459,0.0,124.764,0.0,0.0
16.451,0.0,125.536,0.0,0.0
16.4475,0.0,125.227,0.0,0.0
16.43,0.0,125.347,0.0,0.0
16.4426,0.0,124.764,0.0,0.0
16.4631,0.0,125.741,0.0,0.0
16.4525,0.0,125.347,0.0,0.0
16.4443,0.0,124.542,0.0,0.0
16.4589,0.0,125.758,0.0,0.0
16.4649,0.0,123.976,0.0,0.0
16.4461,0.0,123.633,0.0,0.0
16.4456,0.0,124.524,0.0,0.0
16.444,0.0,124.833,0.0,0.0
16.4302,0.0,125.998,0.0,0.0
16.4558,0.0,125.518,0.0,0.0
16.4707,0.0,124.987,0.0,0.0
16.4554,0.0,125.741,0.0,0.0
16.4677,0.0,124.61,0.0,0.0
16.4616,0.0,124.507,0.0,0.0
16.4275,0.0,124.901,0.0,0.0
16.4296,0.0,125.518,0.0,0.0
16.4653,0.0,124.079,0.0,0.0
16.4828,0.0,124.079,0.0,0.0
16.4644,0.0,125.381,0.0,0.0
16.4291,0.0,125.741,0.0,0.0
16.4172,0.0,124.045,0.0,0.0
16.4436,0.0,124.284,0.0,0.0
16.4531,0.0,125.364,0.0,0.0
16.4271,0.0,122.622,0.0,0.0
16.4306,0.0,123.428,0.0,0.0
16.4664,0.0,125.604,0.0,0.0
16.4587,0.0,122.896,0.0,0.0
16.4461,0.0,124.884,0.0,0.0
16.4518,0.0,123.907,0.0,0.0
16.4374,0.0,124.062,0.0,0.0
16.4522,0.0,124.456,0.0,0.0
16.4689,0.0,124.73,0.0,0.0
16.4302,0.0,124.662,0.0,0.0
16.4306,0.0,125.33,0.0,0.0
16.4591,0.0,123.428,0.0,0.0
16.4472,0.0,123.976,0.0,0.0
16.4534,0.0,123.976,0.0,0.0
16.4777,0.0,125.313,0.0,0.0
16.4635,0.0,123.376,0.0,0.0
16.4436,0.0,122.331,0.0,0.0
16.4436,0.0,125.176,0.0,0.0
16.4632,0.0,124.901,0.0,0.0
16.4647,0.0,124.507,0.0,0.0
16.4572,0.0,124.627,0.0,0.0
16.4594,0.0,123.393,0.0,0.0
16.4648,0.0,123.308,0.0,0.0
16.4637,0.0,124.73,0.0,0.0
16.4674,0.0,124.422,0.0,0.0
16.4703,0.0,124.027,0.0,0.0
16.4725,0.0,124.233,0.0,0.0
16.4629,0.0,124.627,0.0,0.0
16.4372,0.0,125.227,0.0,0.0
16.4316,0.0,125.861,0.0,0.0
16.4487,0.0,125.159,0.0,0.0
16.4478,0.0,124.524,0.0,0.0
16.4504,0.0,122.691,0.0,0.0
16.4538,0.0,123.839,0.0,0.0
16.4464,0.0,125.998,0.0,0.0
16.445,0.0,125.518,0.0,0.0
16.4555,0.0,123.616,0.0,0.0
16.4532,0.0,124.542,0.0,0.0
16.4569,0.0,124.387,0.0,0.0
16.4616,0.0,126.05,0.0,0.0
16.4538,0.0,124.644,0.0,0.0
16.4499,0.0,125.93,0.0,0.0
16.4484,0.0,123.753,0.0,0.0
16.446,0.0,125.056,0.0,0.0
16.4448,0.0,124.662,0.0,0.0
16.4448,0.0,123.787,0.0,0.0
16.4525,0.0,125.381,0.0,0.0
16.4663,0.0,124.627,0.0,0.0
16.4679,0.0,124.559,0.0,0.0
16.4454,0.0,124.507,0.0,0.0
16.4321,0.0,124.524,0.0,0.0
16.4339,0.0,123.873,0.0,0.0
16.4465,0.0,126.101,0.0,0.0
16.458,0.0,124.199,0.0,0.0
16.449,0.0,124.353,0.0,0.0
16.4391,0.0,123.119,0.0,0.0
16.4403,0.0,124.97,0.0,0.0
16.4471,0.0,123.89,0.0,0.0
16.4534,0.0,124.336,0.0,0.0
16.4482,0.0,125.313,0.0,0.0
16.4604,0.0,124.662,0.0,0.0
16.4528,0.0,123.599,0.0,0.0
16.4438,0.0,124.559,0.0,0.0
16.4612,0.0,123.873,0.0,0.0
16.4566,0.0,124.713,0.0,0.0
16.4657,0.0,125.09,0.0,0.0
16.4781,0.0,125.193,0.0,0.0
16.4483,0.0,123.325,0.0,0.0
16.4381,0.0,124.884,0.0,0.0
16.4394,0.0,124.353,0.0,0.0
16.4377,0.0,122.879,0.0,0.0
16.4523,0.0,124.302,0.0,0.0
16.4524,0.0,124.267,0.0,0.0
16.4542,0.0,125.587,0.0,0.0
16.4536,0.0,124.867,0.0,0.0
16.4376,0.0,125.193,0.0,0.0
16.4437,0.0,125.758,0.0,0.0
16.4594,0.0,124.302,0.0,0.0
16.4512,0.0,124.199,0.0,0.0
16.438,0.0,124.422,0.0,0.0
16.45,0.0,123.942,0.0,0.0
16.4583,0.0,123.942,0.0,0.0
16.4434,0.0,125.861,0.0,0.0
16.4412,0.0,124.13,0.0,0.0
16.4461,0.0,123.787,0.0,0.0
16.4549,0.0,125.673,0.0,0.0
16.4586,0.0,123.993,0.0,0.0
16.4562,0.0,125.758,0.0,0.0
16.4741,0.0,125.21,0.0,0.0
16.4548,0.0,126.855,0.0,0.0
16.4483,0.0,123.787,0.0,0.0
16.4685,0.0,124.919,0.0,0.0
16.4559,0.0,122.502,0.0,0.0
16.4566,0.0,125.638,0.0,0.0
16.4664,0.0,122.708,0.0,0.0
16.4604,0.0,125.398,0.0,0.0
16.4555,0.0,124.97,0.0,0.0
16.4539,0.0,123.239,0.0,0.0
16.4492,0.0,123.171,0.0,0.0
16.4426,0.0,124.816,0.0,0.0
16.4587,0.0,123.907,0.0,0.0
16.4772,0.0,123.685,0.0,0.0
16.4549,0.0,122.948,0.0,0.0
16.4468,0.0,124.764,0.0,0.0
16.4608,0.0,124.747,0.0,0.0
16.467,0.0,125.878,0.0,0.0
16.4699,0.0,125.947,0.0,0.0
16.476,0.0,125.039,0.0,0.0
16.4818,0.0,125.021,0.0,0.0
16.4658,0.0,124.781,0.0,0.0
16.4414,0.0,125.09,0.0,0.0
16.4467,0.0,123.428,0.0,0.0
16.4662,0.0,123.736,0.0,0.0
16.4569,0.0,125.056,0.0,0.0
16.4591,0.0,123.53,0.0,0.0
16.4747,0.0,127.318,0.0,0.0
16.4646,0.0,124.713,0.0,0.0
16.4568,0.0,124.593,0.0,0.0
16.4555,0.0,124.953,0.0,0.0
16.4499,0.0,125.261,0.0,0.0
16.4443,0.0,124.524,0.0,0.0
16.4515,0.0,124.439,0.0,0.0
16.4529,0.0,125.656,0.0,0.0
16.447,0.0,124.37,0.0,0.0
16.4515,0.0,124.97,0.0,0.0
16.4617,0.0,125.45,0.0,0.0
16.4533,0.0,124.387,0.0,0.0
16.4433,0.0,124.25,0.0,0.0
16.4566,0.0,126.958,0.0,0.0
16.452,0.0,123.976,0.0,0.0
16.4379,0.0,124.456,0.0,0.0
16.4463,0.0,124.439,0.0,0.0
16.4438,0.0,124.679,0.0,0.0
16.4571,0.0,124.764,0.0,0.0
16.4582,0.0,123.41,0.0,0.0
16.4347,0.0,125.261,0.0,0.0
16.4634,0.0,123.599,0.0,0.0
16.4786,0.0,123.325,0.0,0.0
16.4458,0.0,124.73,0.0,0.0
16.4259,0.0,123.873,0.0,0.0
16.4126,0.0,124.507,0.0,0.0
16.4166,0.0,124.644,0.0,0.0
16.4492,0.0,124.165,0.0,0.0
16.4463,0.0,125.964,0.0,0.0
16.4469,0.0,124.37,0.0,0.0
16.4662,0.0,124.25,0.0,0.0
16.4619,0.0,123.496,0.0,0.0
16.4521,0.0,124.079,0.0,0.0
16.4589,0.0,123.976,0.0,0.0
16.4713,0.0,124.97,0.0,0.0
16.4658,0.0,123.907,0.0,0.0
16.464,0.0,125.416,0.0,0.0
16.4749,0.0,124.627,0.0,0.0
16.4564,0.0,125.518,0.0,0.0
16.4529,0.0,125.93,0.0,0.0
16.4875,0.0,125.587,0.0,0.0
16.475,0.0,125.176,0.0,0.0
16.4424,0.0,124.439,0.0,0.0
16.4586,0.0,125.398,0.0,0.0
16.4656,0.0,122.999,0.0,0.0
16.4378,0.0,124.336,0.0,0.0
16.4471,0.0,124.816,0.0,0.0
16.4557,0.0,125.844,0.0,0.0
16.438,0.0,123.565,0.0,0.0
16.4297,0.0,124.113,0.0,0.0
16.4381,0.0,124.901,0.0,0.0
16.4524,0.0,124.747,0.0,0.0
16.453,0.0,125.484,0.0,0.0
16.4597,0.0,125.57,0.0,0.0
16.4673,0.0,124.49,0.0,0.0
16.4448,0.0,124.13,0.0,0.0
16.4277,0.0,126.564,0.0,0.0
16.4314,0.0,124.662,0.0,0.0
16.4285,0.0,124.747,0.0,0.0
16.4311,0.0,124.97,0.0,0.0
16.4571,0.0,125.381,0.0,0.0
16.4599,0.0,124.507,0.0,0.0
16.4278,0.0,123.839,0.0,0.0
16.4274,0.0,123.719,0.0,0.0
16.4675,0.0,125.039,0.0,0.0
16.4628,0.0,123.668,0.0,0.0
16.4199,0.0,124.027,0.0,0.0
16.4201,0.0,123.633,0.0,0.0
16.4441,0.0,123.685,0.0,0.0
16.4556,0.0,124.901,0.0,0.0
16.4515,0.0,123.068,0.0,0.0
16.4685,0.0,125.296,0.0,0.0
16.4898,0.0,125.381,0.0,0.0
16.4701,0.0,124.61,0.0,0.0
16.4712,0.0,125.604,0.0,0.0
16.4731,0.0,124.49,0.0,0.0
16.4478,0.0,126.495,0.0,0.0
16.4372,0.0,125.587,0.0,0.0
16.4583,0.0,124.233,0.0,0.0
16.4581,0.0,124.593,0.0,0.0
16.4497,0.0,123.136,0.0,0.0
16.4914,0.0,125.673,0.0,0.0
16.4964,0.0,124.987,0.0,0.0
16.4405,0.0,124.49,0.0,0.0
16.4406,0.0,125.313,0.0,0.0
16.4631,0.0,124.182,0.0,0.0
16.4511,0.0,126.05,0.0,0.0
16.4619,0.0,124.01,0.0,0.0
16.455,0.0,124.216,0.0,0.0
16.4239,0.0,124.627,0.0,0.0
16.4248,0.0,124.027,0.0,0.0
16.4485,0.0,123.822,0.0,0.0
16.4623,0.0,124.439,0.0,0.0
16.4595,0.0,125.278,0.0,0.0
16.4635,0.0,124.627,0.0,0.0
16.4609,0.0,124.833,0.0,0.0
16.465,0.0,123.668,0.0,0.0
16.4571,0.0,124.096,0.0,0.0
16.4386,0.0,124.576,0.0,0.0
16.4423,0.0,124.593,0.0,0.0
16.4328,0.0,125.69,0.0,0.0
16.4358,0.0,123.907,0.0,0.0
16.4561,0.0,123.153,0.0,0.0
16.4428,0.0,124.01,0.0,0.0
16.4402,0.0,125.347,0.0,0.0
16.4594,0.0,125.553,0.0,0.0
16.4475,0.0,125.536,0.0,0.0
16.4414,0.0,125.416,0.0,0.0
16.451,0.0,123.993,0.0,0.0
16.4502,0.0,124.079,0.0,0.0
16.4478,0.0,124.01,0.0,0.0
16.4367,0.0,125.347,0.0,0.0
16.4334,0.0,125.056,0.0,0.0
16.4674,0.0,124.542,0.0,0.0
16.4466,0.0,125.193,0.0,0.0
16.4296,0.0,124.593,0.0,0.0
16.4626,0.0,125.724,0.0,0.0
16.4716,0.0,124.027,0.0,0.0
16.4656,0.0,125.518,0.0,0.0
16.4754,0.0,124.867,0.0,0.0
16.4629,0.0,124.439,0.0,0.0
16.4509,0.0,124.696,0.0,0.0
16.4514,0.0,123.942,0.0,0.0
16.4448,0.0,124.49,0.0,0.0
16.4371,0.0,124.747,0.0,0.0
16.4436,0.0,123.822,0.0,0.0
16.4439,0.0,124.901,0.0,0.0
16.4391,0.0,123.685,0.0,0.0
16.4382,0.0,124.644,0.0,0.0
16.4363,0.0,123.77,0.0,0.0
16.433,0.0,124.576,0.0,0.0
16.4578,0.0,124.01,0.0,0.0
16.488,0.0,124.936,0.0,0.0
16.4452,0.0,124.85,0.0,0.0
16.422,0.0,123.376,0.0,0.0
16.4551,0.0,124.353,0.0,0.0
16.4522,0.0,125.895,0.0,0.0
16.4385,0.0,123.976,0.0,0.0
16.4198,0.0,123.719,0.0,0.0
16.4246,0.0,124.97,0.0,0.0
16.4645,0.0,125.398,0.0,0.0
16.4569,0.0,124.662,0.0,0.0
16.442,0.0,122.656,0.0,0.0
16.4485,0.0,124.576,0.0,0.0
16.4395,0.0,124.816,0.0,0.0
16.4527,0.0,126.015,0.0,0.0
