analog,analog_sterr,photon_counting,pc_sterr,overflow_info
12.9062,0.0183598,133.852,0.817519,0.0
12.8927,0.0184464,132.396,0.808279,0.0
12.8897,0.0185188,132.279,0.814781,0.0
12.8986,0.0183395,132.012,0.802119,0.0
12.9352,0.0185759,133.668,0.820598,0.0
12.9404,0.0184957,132.463,0.828811,0.0
12.9313,0.0181501,132.564,0.815465,0.0
12.953,0.0177756,133.484,0.792538,0.0
12.9434,0.0186095,131.527,0.797671,0.0
12.9128,0.0182644,133.952,0.802804,0.0
12.9188,0.0186816,133.216,0.792196,0.0
12.9188,0.018556,132.647,0.825731,0.0
12.9087,0.0184096,133.149,0.810332,0.0
12.9118,0.0187588,132.698,0.788431,0.0
12.8917,0.0180951,132.564,0.815465,0.0
12.8794,0.018525,132.714,0.801777,0.0
12.912,0.0185168,132.965,0.812386,0.0
12.938,0.0188795,132.028,0.826074,0.0
12.9392,0.0186447,133.835,0.807595,0.0
12.9381,0.018093,132.463,0.795275,0.0
12.9629,0.0186321,133.501,0.80691,0.0
12.9235,0.0186581,131.343,0.797671,0.0
12.8655,0.018645,133.049,0.795618,0.0
12.8999,0.0186569,133.651,0.817519,0.0
12.9286,0.0177678,132.731,0.806226,0.0
12.9091,0.0181678,132.831,0.800066,0.0
12.9132,0.0185592,134.187,0.809648,0.0
12.9278,0.0191588,132.028,0.809648,0.0
12.9198,0.0186463,134.237,0.811017,0.0
12.9094,0.0182398,132.514,0.798355,0.0
12.9191,0.0178699,132.38,0.804173,0.0
12.8925,0.0181977,131.56,0.809648,0.0
12.8785,0.0179821,133.718,0.817176,0.0
12.926,0.0183484,132.48,0.797671,0.0
12.9223,0.0182805,131.125,0.803146,0.0
12.9014,0.0185743,133.484,0.797329,0.0
12.8861,0.0184869,131.142,0.7898,0.0
12.8815,0.0180411,134.354,0.801777,0.0
12.9094,0.0185478,133.434,0.808964,0.0
12.9161,0.018668,132.581,0.801435,0.0
12.9126,0.0180594,132.346,0.806568,0.0
12.9207,0.0186549,134.069,0.795275,0.0
12.9086,0.0180997,133.802,0.795275,0.0
12.9182,0.0188332,132.798,0.825731,0.0
12.9183,0.0186725,135.742,0.793907,0.0
12.9136,0.0184938,132.48,0.814097,0.0
12.9165,0.0191209,132.731,0.80691,0.0
12.9049,0.018562,133.015,0.803146,0.0
12.9322,0.0184059,133.133,0.789458,0.0
12.9464,0.0183004,132.932,0.801435,0.0
12.9083,0.0186449,133.885,0.817861,0.0
12.9041,0.0185667,132.447,0.786378,0.0
12.8972,0.0184238,133.333,0.814781,0.0
12.8974,0.0181941,132.263,0.812386,0.0
12.9326,0.0184409,131.978,0.823678,0.0
12.9303,0.0184953,132.614,0.798013,0.0
12.9054,0.0183699,133.467,0.813412,0.0
12.9011,0.0186755,133.066,0.787063,0.0
12.9192,0.0187106,130.841,0.793222,0.0
12.9114,0.0186831,133.082,0.827785,0.0
12.8953,0.0183504,132.33,0.807253,0.0
12.8859,0.0182587,132.363,0.793907,0.0
12.8724,0.0179597,133.551,0.832233,0.0
12.8942,0.0177227,130.272,0.794249,0.0
12.9195,0.0182145,133.517,0.797329,0.0
12.8979,0.0181879,133.082,0.796986,0.0
12.8855,0.0178845,132.815,0.788431,0.0
12.9051,0.018558,132.564,0.791511,0.0
12.9113,0.0187941,133.082,0.823678,0.0
12.9204,0.0186477,132.748,0.813754,0.0
12.9357,0.0186577,134.036,0.81615,0.0
12.9159,0.0187132,133.869,0.814439,0.0
12.9021,0.0183818,131.878,0.786378,0.0
12.9185,0.0185762,131.777,0.804515,0.0
12.9051,0.0180245,132.631,0.806568,0.0
12.8989,0.0187494,133.835,0.807937,0.0
12.9228,0.018493,132.547,0.818545,0.0
12.9267,0.0185695,132.263,0.784667,0.0
12.9213,0.018039,132.965,0.805542,0.0
12.9093,0.0179911,132.765,0.793564,0.0
12.9198,0.0184945,132.949,0.811017,0.0
12.9375,0.0183274,133.852,0.802462,0.0
12.9203,0.0184563,133.517,0.800751,0.0
12.8938,0.0181537,132.33,0.791853,0.0
12.8959,0.018094,132.949,0.79904,0.0
12.8926,0.018469,131.777,0.784667,0.0
12.8878,0.0185087,132.965,0.816834,0.0
12.9194,0.0183087,132.33,0.784667,0.0
12.9417,0.017773,132.731,0.816834,0.0
12.9326,0.0187368,133.032,0.796302,0.0
12.9134,0.0183179,132.497,0.811017,0.0
12.8964,0.0181039,133.601,0.797329,0.0
12.9,0.0182452,134.304,0.808279,0.0
12.9148,0.0185164,132.363,0.803831,0.0
12.9075,0.0185381,133.099,0.802462,0.0
12.8955,0.0182462,132.246,0.826074,0.0
12.9104,0.018419,134.521,0.816492,0.0
12.9273,0.0184491,132.212,0.807253,0.0
12.9062,0.018328,133.434,0.817176,0.0
12.9013,0.0186164,132.731,0.81923,0.0
12.9101,0.0189629,133.651,0.809648,0.0
12.9075,0.0186507,131.744,0.785694,0.0
12.9275,0.018921,133.885,0.794933,0.0
12.9335,0.0187344,133.116,0.815123,0.0
12.8733,0.0183799,131.225,0.776797,0.0
12.8577,0.0180494,132.179,0.79288,0.0
12.9112,0.0180853,132.798,0.803831,0.0
12.9174,0.0181204,132.898,0.796644,0.0
12.8864,0.018309,131.828,0.796644,0.0
12.8689,0.0182354,132.146,0.805884,0.0
12.8946,0.0182134,133.166,0.808964,0.0
12.9305,0.0185152,132.898,0.817519,0.0
12.9235,0.0183076,133.082,0.794933,0.0
12.9061,0.0189591,133.049,0.81307,0.0
12.9128,0.0181587,132.882,0.81307,0.0
12.9408,0.01847,133.367,0.776112,0.0
12.9408,0.0187104,132.179,0.788774,0.0
12.8952,0.018448,133.367,0.811359,0.0
12.8777,0.0181484,132.48,0.802804,0.0
12.9005,0.0181912,132.581,0.821967,0.0
12.9165,0.0181136,132.898,0.818545,0.0
12.892,0.018393,132.882,0.795618,0.0
12.8917,0.0191657,132.965,0.813412,0.0
12.9191,0.0184286,132.581,0.820598,0.0
12.9321,0.0187203,132.915,0.787063,0.0
12.9158,0.0184341,132.982,0.822994,0.0
12.8794,0.0182473,133.517,0.813754,0.0
12.8661,0.0188403,133.3,0.809648,0.0
12.8923,0.0185517,133.852,0.821283,0.0
12.9069,0.0186446,132.396,0.789458,0.0
12.9281,0.0181854,133.936,0.795618,0.0
12.9166,0.0181486,131.527,0.788089,0.0
12.8752,0.0183971,132.614,0.790485,0.0
12.8987,0.018308,133.25,0.810675,0.0
12.9151,0.0182976,132.38,0.809306,0.0
12.8991,0.01828,132.731,0.804857,0.0
12.8992,0.0183874,132.781,0.801435,0.0
12.9002,0.0180986,132.698,0.796986,0.0
12.9156,0.0176634,132.982,0.787063,0.0
12.9219,0.0182849,131.995,0.792196,0.0
12.911,0.0184371,134.789,0.812728,0.0
12.9215,0.0181957,132.045,0.791853,0.0
12.9203,0.0182143,133.969,0.798013,0.0
12.9319,0.0186383,132.146,0.816492,0.0
12.9392,0.0189518,132.831,0.81923,0.0
12.918,0.0181435,133.434,0.799724,0.0
12.9108,0.0177125,133.936,0.79904,0.0
12.9254,0.0188606,132.581,0.814439,0.0
12.9093,0.0183409,132.413,0.793564,0.0
12.8918,0.018771,133.266,0.796644,0.0
12.8791,0.0181619,131.978,0.793907,0.0
12.8947,0.0188676,134.588,0.790142,0.0
12.9504,0.0185538,133.015,0.791853,0.0
12.9278,0.0186992,133.434,0.818203,0.0
12.8831,0.0183003,133.066,0.816492,0.0
12.9142,0.0184794,132.463,0.812386,0.0
12.915,0.018691,133.199,0.812728,0.0
12.8906,0.0189866,133.082,0.807937,0.0
12.9083,0.0183596,133.752,0.817519,0.0
12.9071,0.0185686,131.476,0.804173,0.0
12.9,0.0185097,133.785,0.79904,0.0
12.91,0.0183164,132.33,0.796302,0.0
12.8934,0.0187233,134.069,0.800751,0.0
12.8995,0.0187491,132.514,0.796644,0.0
12.9055,0.018309,131.895,0.805542,0.0
12.8786,0.0183583,133.183,0.810332,0.0
12.8984,0.0187911,132.999,0.79596,0.0
12.9127,0.0183534,133.4,0.809306,0.0
12.9291,0.0185046,132.748,0.823678,0.0
12.9304,0.0183347,133.082,0.788774,0.0
12.8813,0.0181276,132.798,0.804173,0.0
12.877,0.0184737,132.43,0.803488,0.0
12.9149,0.0182298,132.296,0.800066,0.0
12.8814,0.0182882,131.777,0.805199,0.0
12.8753,0.0185023,132.714,0.810332,0.0
12.9222,0.0180841,132.079,0.805199,0.0
12.8873,0.0182831,132.681,0.813754,0.0
12.8849,0.0186341,132.53,0.787063,0.0
12.94,0.0185076,131.777,0.823336,0.0
12.9431,0.0186254,134.019,0.824705,0.0
12.9144,0.0183057,133.199,0.811017,0.0
12.8996,0.0185511,132.246,0.814439,0.0
12.913,0.0179936,133.149,0.788431,0.0
12.942,0.0181364,133.384,0.805199,0.0
12.9153,0.0182572,133.618,0.802804,0.0
12.9034,0.018143,134.371,0.808279,0.0
12.9271,0.0184152,133.216,0.825389,0.0
12.9118,0.018463,132.564,0.807595,0.0
12.9111,0.0179654,133.183,0.798355,0.0
12.9102,0.0182822,131.46,0.802804,0.0
12.8912,0.0179922,132.831,0.791169,0.0
12.9077,0.0183916,132.781,0.826416,0.0
12.915,0.0186303,134.354,0.801435,0.0
12.9017,0.0188208,132.647,0.802462,0.0
12.8987,0.0185709,132.614,0.812043,0.0
12.9124,0.0188823,133.45,0.788774,0.0
12.9085,0.0183617,133.183,0.802119,0.0
12.8929,0.018285,132.296,0.785009,0.0
12.9128,0.0184053,132.898,0.818203,0.0
12.9287,0.0181529,132.714,0.832918,0.0
12.9119,0.0189163,131.727,0.811701,0.0
12.9066,0.0189003,132.731,0.792196,0.0
12.9366,0.0185276,132.095,0.798355,0.0
12.9374,0.017752,132.915,0.797329,0.0
12.9328,0.0181569,131.259,0.80999,0.0
12.9445,0.0184286,132.012,0.797671,0.0
12.9215,0.018549,133.752,0.791853,0.0
12.9363,0.0182188,133.969,0.825389,0.0
12.9572,0.0185261,132.279,0.776797,0.0
12.9207,0.0186229,133.066,0.802462,0.0
12.8927,0.0185124,133.434,0.804515,0.0
12.8967,0.018915,133.049,0.800066,0.0
12.9102,0.0184057,133.283,0.817519,0.0
12.9247,0.0186554,132.999,0.819914,0.0
12.9267,0.0186301,131.108,0.780219,0.0
12.9156,0.0184978,132.898,0.821967,0.0
12.9252,0.01868,133.049,0.806226,0.0
12.9213,0.0187034,133.551,0.79288,0.0
12.8882,0.0180532,133.35,0.807937,0.0
12.8788,0.0182262,133.718,0.793222,0.0
12.9114,0.0184861,133.885,0.794933,0.0
12.9227,0.0183783,132.296,0.803146,0.0
12.906,0.0185718,131.878,0.818545,0.0
12.9025,0.018643,133.902,0.81615,0.0
12.8959,0.0182364,133.032,0.791169,0.0
12.8985,0.0180691,133.199,0.802804,0.0
12.9355,0.0177111,133.634,0.81307,0.0
12.927,0.0184431,132.731,0.802804,0.0
12.8939,0.0185278,131.844,0.800066,0.0
12.9299,0.0181518,133.25,0.798013,0.0
12.951,0.0188219,133.384,0.81615,0.0
12.925,0.0183651,132.38,0.821967,0.0
12.9153,0.0184236,133.266,0.796986,0.0
12.9076,0.0182324,132.33,0.816834,0.0
12.9302,0.0182977,132.129,0.811017,0.0
12.9411,0.0184038,131.794,0.823678,0.0
12.8933,0.018552,133.384,0.811359,0.0
12.8848,0.0188161,132.731,0.793222,0.0
12.9048,0.0186164,132.949,0.791511,0.0
12.894,0.0182471,133.149,0.811017,0.0
12.8856,0.0179854,132.949,0.786036,0.0
12.8939,0.0187438,134.053,0.820941,0.0
12.8831,0.0186228,133.651,0.800408,0.0
12.8945,0.0185876,133.066,0.809648,0.0
12.9268,0.0182846,132.865,0.813754,0.0
12.9326,0.0183557,132.179,0.793564,0.0
12.9339,0.0184956,133.417,0.809306,0.0
12.9485,0.0185012,133.35,0.809648,0.0
12.927,0.0186804,132.012,0.801093,0.0
12.896,0.0182395,134.32,0.799724,0.0
12.9267,0.0184777,132.246,0.801435,0.0
12.9512,0.0183121,132.915,0.791853,0.0
12.9308,0.018261,133.919,0.790485,0.0
12.9336,0.0182851,132.263,0.795618,0.0
12.924,0.018612,132.698,0.820941,0.0
12.9015,0.018728,133.501,0.826074,0.0
12.9293,0.0184046,131.945,0.807595,0.0
12.9455,0.0180382,132.865,0.796986,0.0
12.9213,0.0181541,132.765,0.803831,0.0
12.9236,0.0180492,133.25,0.808279,0.0
12.9565,0.018621,132.848,0.776454,0.0
12.9368,0.0186078,133.618,0.782614,0.0
12.9199,0.0184988,132.798,0.805884,0.0
12.9263,0.018841,132.898,0.794591,0.0
12.9082,0.0187783,134.287,0.81307,0.0
12.9145,0.0174779,134.053,0.816492,0.0
12.9247,0.0181942,132.765,0.794933,0.0
12.9236,0.0178682,134.337,0.802119,0.0
12.9277,0.0183506,131.443,0.791511,0.0
12.92,0.0184105,132.882,0.791511,0.0
12.91,0.0185449,132.129,0.808279,0.0
12.9096,0.0183942,135.19,0.808279,0.0
12.9312,0.0181104,132.999,0.812043,0.0
12.941,0.0179032,133.802,0.810332,0.0
12.9483,0.0178216,133.584,0.794591,0.0
12.9161,0.0182918,133.015,0.798355,0.0
12.8882,0.0186538,133.434,0.805884,0.0
12.899,0.0182779,132.898,0.80691,0.0
12.9186,0.0181554,134.003,0.802462,0.0
12.9033,0.0183136,131.409,0.810675,0.0
12.8859,0.018337,133.183,0.81923,0.0
12.91,0.0178907,132.748,0.800408,0.0
12.9284,0.0184329,132.095,0.803488,0.0
12.9296,0.0185925,132.162,0.815465,0.0
12.917,0.0185617,132.965,0.803146,0.0
12.9095,0.0181863,133.199,0.799382,0.0
12.9074,0.0187376,131.794,0.80691,0.0
12.9034,0.0183534,132.162,0.798697,0.0
12.9005,0.0183877,133.317,0.791853,0.0
12.8848,0.0184345,133.082,0.814781,0.0
12.9103,0.0189113,135.107,0.782614,0.0
12.9368,0.0188251,132.028,0.805884,0.0
12.9241,0.0183667,132.999,0.78193,0.0
12.9044,0.0180715,131.878,0.822994,0.0
12.9023,0.0184355,132.781,0.779192,0.0
12.9106,0.018194,133.384,0.786036,0.0
12.9279,0.0186995,132.079,0.802804,0.0
12.9159,0.018009,132.146,0.800408,0.0
12.8876,0.0180088,132.196,0.802804,0.0
12.9081,0.0182161,133.4,0.796644,0.0
12.9137,0.0178716,133.668,0.811017,0.0
12.8927,0.0183696,132.631,0.794933,0.0
12.8921,0.0183848,133.434,0.812728,0.0
12.8845,0.0187919,133.049,0.818203,0.0
12.9121,0.0184637,133.952,0.816492,0.0
12.9351,0.0187636,132.831,0.809306,0.0
12.9237,0.0181845,131.962,0.796644,0.0
12.9098,0.0185844,132.346,0.78193,0.0
12.9225,0.0184322,132.346,0.810332,0.0
12.9425,0.0189157,132.43,0.806226,0.0
12.9084,0.0182861,132.079,0.801093,0.0
12.9086,0.0183828,132.982,0.801435,0.0
12.9444,0.018417,133.551,0.826416,0.0
12.9309,0.0183351,132.597,0.783298,0.0
12.9168,0.0186758,133.434,0.806568,0.0
12.9244,0.0184066,132.647,0.798697,0.0
12.9404,0.0183385,133.902,0.807595,0.0
12.9259,0.0185397,132.196,0.794591,0.0
12.9171,0.0185704,134.103,0.832233,0.0
12.9386,0.0186457,132.48,0.804857,0.0
12.9247,0.0184104,134.354,0.798013,0.0
12.9075,0.0186628,133.116,0.787405,0.0
12.9454,0.0184981,133.266,0.799724,0.0
12.9492,0.0182602,132.597,0.810675,0.0
12.9231,0.0178678,133.166,0.806568,0.0
12.9277,0.0182173,131.008,0.798355,0.0
12.917,0.0184484,133.484,0.810675,0.0
12.9151,0.0189638,130.657,0.798355,0.0
12.9291,0.0182603,133.618,0.810675,0.0
12.9185,0.0182373,133.885,0.808279,0.0
12.9077,0.018666,132.597,0.7898,0.0
12.9132,0.0184095,131.978,0.79596,0.0
12.919,0.0186001,133.618,0.81307,0.0
12.9221,0.0184373,132.982,0.796986,0.0
12.9341,0.0182012,132.129,0.796644,0.0
12.9227,0.0183341,132.212,0.812043,0.0
12.8917,0.0183223,133.384,0.809306,0.0
12.8975,0.0186461,133.685,0.805199,0.0
12.9065,0.0187139,130.958,0.794591,0.0
12.9165,0.0183318,132.848,0.834286,0.0
12.9264,0.018688,131.995,0.825047,0.0
12.896,0.0182832,133.3,0.788774,0.0
12.8851,0.0186904,131.928,0.791511,0.0
12.9165,0.0182052,132.396,0.793222,0.0
12.9321,0.0182221,131.677,0.798697,0.0
12.9217,0.0179255,132.028,0.7898,0.0
12.9241,0.0183001,133.384,0.784325,0.0
12.9199,0.0179663,132.581,0.800751,0.0
12.9001,0.0183113,133.869,0.798355,0.0
12.8909,0.0188599,132.48,0.811017,0.0
12.9032,0.0184126,133.233,0.797671,0.0
12.9158,0.0181714,132.581,0.810332,0.0
12.8897,0.0183234,133.216,0.793564,0.0
12.8765,0.0181277,134.287,0.837708,0.0
12.9096,0.0190197,132.831,0.793564,0.0
12.9116,0.0185278,131.343,0.818545,0.0
12.9068,0.0183156,133.3,0.79596,0.0
12.9369,0.0182556,132.647,0.792196,0.0
12.9353,0.0189331,132.647,0.802804,0.0
12.9053,0.0185457,133.467,0.813754,0.0
12.9023,0.0181812,131.644,0.794591,0.0
12.8996,0.0179808,133.4,0.812043,0.0
12.9034,0.0187379,133.467,0.810675,0.0
12.9073,0.0191959,131.058,0.800751,0.0
12.8869,0.0183513,132.263,0.801777,0.0
12.8861,0.0187687,132.079,0.811359,0.0
12.8897,0.0183717,131.878,0.817861,0.0
12.888,0.0188123,132.781,0.821967,0.0
12.9277,0.0184623,132.229,0.796644,0.0
12.9535,0.0184565,132.581,0.795618,0.0
12.9449,0.0186395,132.882,0.805542,0.0
12.9444,0.0186511,133.785,0.804857,0.0
12.9296,0.0189376,132.898,0.808279,0.0
12.9148,0.0187274,133.651,0.803488,0.0
12.9217,0.0181221,134.22,0.791853,0.0
12.9209,0.0183407,132.396,0.791853,0.0
12.9316,0.0184795,134.17,0.794933,0.0
12.9244,0.0183993,132.831,0.804173,0.0
12.892,0.0184763,133.099,0.802804,0.0
12.9072,0.0178303,133.534,0.800408,0.0
12.9124,0.0180949,133.216,0.811359,0.0
12.9064,0.0184512,131.978,0.807937,0.0
12.918,0.0187153,132.614,0.787405,0.0
12.9312,0.0183063,133.183,0.794933,0.0
12.9309,0.0184874,132.982,0.820256,0.0
12.9225,0.0186772,134.22,0.807595,0.0
12.9164,0.0182273,132.447,0.832575,0.0
12.9052,0.0185387,133.166,0.813754,0.0
12.938,0.0180848,134.621,0.804857,0.0
12.9435,0.0183531,133.384,0.808279,0.0
12.8961,0.0184378,133.417,0.819914,0.0
12.9087,0.018065,132.514,0.781245,0.0
12.9292,0.0181095,132.698,0.817519,0.0
12.9209,0.018604,134.99,0.822652,0.0
12.9171,0.0183782,133.3,0.806226,0.0
12.8903,0.0181148,133.685,0.813412,0.0
12.8873,0.0190116,134.003,0.786378,0.0
12.9225,0.0182667,133.35,0.787747,0.0
12.9396,0.0179804,133.534,0.819914,0.0
12.9002,0.0182437,131.209,0.798697,0.0
12.9021,0.0184083,133.384,0.815465,0.0
12.9249,0.0182903,133.3,0.789458,0.0
12.8929,0.0185173,133.45,0.808279,0.0
12.8909,0.0186887,132.831,0.802119,0.0
12.9042,0.0183256,133.116,0.796644,0.0
12.8991,0.0184663,132.463,0.812386,0.0
12.9133,0.0180742,132.915,0.795618,0.0
12.8865,0.018459,133.333,0.828811,0.0
12.8846,0.0185384,133.484,0.805884,0.0
12.9202,0.0180573,133.317,0.799724,0.0
12.9151,0.018638,132.33,0.800066,0.0
12.9124,0.018908,132.932,0.807595,0.0
12.9066,0.0184002,133.216,0.798013,0.0
12.8978,0.0180495,133.501,0.820598,0.0
12.9149,0.0186802,133.333,0.802462,0.0
12.898,0.018232,133.35,0.807595,0.0
12.8904,0.0189158,133.032,0.791853,0.0
12.9145,0.0186643,134.856,0.807595,0.0
12.9276,0.0181018,132.514,0.792196,0.0
12.9171,0.0188725,133.668,0.796986,0.0
12.9116,0.0188073,133.417,0.787405,0.0
12.8971,0.018647,133.701,0.822309,0.0
12.8918,0.018954,133.685,0.804515,0.0
12.9476,0.0184037,134.688,0.800066,0.0
12.9598,0.0178308,132.33,0.804173,0.0
12.9254,0.0185915,132.597,0.793222,0.0
12.9434,0.0188984,131.828,0.80691,0.0
12.9408,0.0186004,132.38,0.802804,0.0
12.9271,0.0184725,134.22,0.79288,0.0
12.9289,0.0188315,133.367,0.816834,0.0
12.9142,0.0184928,131.577,0.793222,0.0
12.9245,0.0184915,133.133,0.809306,0.0
12.9304,0.0185787,132.346,0.818203,0.0
12.8986,0.0186299,132.949,0.788431,0.0
12.9068,0.0184476,133.802,0.800408,0.0
12.936,0.0185753,132.681,0.810332,0.0
12.9204,0.0186575,132.43,0.805199,0.0
12.8985,0.0189743,131.945,0.814781,0.0
12.912,0.0186434,133.601,0.804515,0.0
12.9244,0.0184655,134.287,0.797329,0.0
12.9242,0.0181251,132.781,0.804857,0.0
12.9214,0.018663,133.802,0.797671,0.0
12.9176,0.0188142,133.099,0.803831,0.0
12.9036,0.018095,134.287,0.807253,0.0
12.8934,0.0180693,131.794,0.801777,0.0
12.9097,0.0183487,131.928,0.814439,0.0
12.9253,0.01837,133.735,0.803488,0.0
12.9183,0.019235,132.079,0.815465,0.0
12.9189,0.0179515,134.906,0.781587,0.0
12.9294,0.0184086,132.965,0.802462,0.0
12.917,0.0186007,132.53,0.800751,0.0
12.9076,0.0187225,133.317,0.814439,0.0
12.918,0.0187429,132.212,0.800066,0.0
12.8929,0.0187938,134.421,0.798697,0.0
12.8822,0.0187567,131.928,0.806568,0.0
12.9128,0.0181689,133.183,0.803488,0.0
12.9188,0.0187139,132.212,0.794933,0.0
12.9046,0.0179996,133.584,0.815123,0.0
12.9166,0.0186891,134.036,0.802462,0.0
12.9341,0.0180561,134.555,0.80691,0.0
12.9019,0.0181547,131.945,0.800408,0.0
12.8815,0.0181652,132.831,0.806226,0.0
12.9008,0.0185758,132.999,0.800066,0.0
12.9166,0.0184,132.581,0.808964,0.0
12.9151,0.0188032,132.146,0.809306,0.0
12.9172,0.0184895,132.982,0.792538,0.0
12.941,0.0184656,134.287,0.807595,0.0
12.9318,0.0185946,132.162,0.800408,0.0
12.9142,0.0184489,133.768,0.802462,0.0
12.9192,0.0184609,132.731,0.817176,0.0
12.9083,0.0183797,134.588,0.814097,0.0
12.9113,0.0178652,132.631,0.784667,0.0
12.93,0.018316,133.601,0.819572,0.0
12.9401,0.0185244,132.229,0.801777,0.0
12.9466,0.0183696,132.999,0.804173,0.0
12.9242,0.0178796,132.581,0.821967,0.0
12.8931,0.0181742,132.296,0.816834,0.0
12.9208,0.0184265,134.437,0.825731,0.0
12.9403,0.0185603,133.986,0.818887,0.0
12.911,0.0183904,131.727,0.798697,0.0
12.9144,0.0183615,131.343,0.816834,0.0
12.9127,0.0186733,133.384,0.794591,0.0
12.8778,0.0182058,132.765,0.812728,0.0
12.878,0.0180562,133.116,0.801093,0.0
12.8863,0.0182221,132.848,0.785694,0.0
12.8994,0.0185399,131.51,0.800751,0.0
12.9006,0.0178517,132.949,0.803488,0.0
12.9149,0.0184164,133.166,0.793564,0.0
12.8994,0.018627,132.815,0.814097,0.0
12.8703,0.018067,131.51,0.811017,0.0
12.9018,0.0184215,133.384,0.793222,0.0
12.9353,0.0191711,134.103,0.801093,0.0
12.9247,0.0189077,132.748,0.790485,0.0
12.9257,0.0185845,132.765,0.800408,0.0
12.9216,0.0181421,134.203,0.787063,0.0
12.9112,0.0183766,132.313,0.779876,0.0
12.9188,0.0184778,134.069,0.79288,0.0
12.9001,0.0182059,132.263,0.803488,0.0
12.8799,0.0184659,132.313,0.818545,0.0
12.917,0.018794,134.019,0.81923,0.0
12.9346,0.0184436,132.681,0.808621,0.0
12.9216,0.0185457,132.48,0.810675,0.0
12.9172,0.0183294,132.714,0.787747,0.0
12.9038,0.018748,132.714,0.793564,0.0
12.9009,0.0179681,132.564,0.809648,0.0
12.8982,0.0184814,133.768,0.805542,0.0
12.9204,0.0177793,133.367,0.808964,0.0
12.9527,0.018146,132.631,0.805542,0.0
12.9362,0.018239,132.949,0.804515,0.0
12.9344,0.0189447,133.802,0.828127,0.0
12.9295,0.0188188,132.396,0.805884,0.0
12.894,0.0183713,133.283,0.793222,0.0
12.9264,0.0185852,132.564,0.802804,0.0
12.9586,0.0186722,132.129,0.811359,0.0
12.9289,0.0188983,132.313,0.796302,0.0
12.9063,0.0185957,134.019,0.798355,0.0
12.9059,0.0183236,133.952,0.792196,0.0
12.9039,0.018295,132.463,0.803488,0.0
12.8851,0.0183895,133.266,0.814781,0.0
12.9136,0.0179917,133.802,0.791169,0.0
12.9511,0.0183802,133.199,0.801777,0.0
12.8956,0.0185713,131.292,0.794933,0.0
12.8898,0.0188134,134.304,0.812728,0.0
12.9577,0.0189939,133.4,0.791853,0.0
12.903,0.0189144,132.798,0.800751,0.0
12.8816,0.0183705,132.949,0.803488,0.0
12.9351,0.0179441,132.079,0.804857,0.0
12.9099,0.0184574,133.701,0.815808,0.0
12.9114,0.0184507,133.467,0.798697,0.0
12.9419,0.0186675,134.32,0.804857,0.0
12.9102,0.018273,133.149,0.804857,0.0
12.8916,0.0185314,132.463,0.807595,0.0
12.9113,0.0181653,134.069,0.795275,0.0
12.9305,0.0187516,132.748,0.805199,0.0
12.9238,0.0183222,132.396,0.816492,0.0
12.9144,0.0184834,131.711,0.796986,0.0
12.9086,0.0182479,133.517,0.787063,0.0
12.8894,0.0186512,133.919,0.804857,0.0
12.9119,0.0182892,132.346,0.779876,0.0
12.9213,0.0187647,133.467,0.787063,0.0
12.8753,0.0184553,133.936,0.798355,0.0
12.9039,0.0187327,134.053,0.8271,0.0
12.9678,0.0186733,132.597,0.778165,0.0
12.9093,0.0184367,131.727,0.794591,0.0
12.8734,0.0182376,132.865,0.808964,0.0
12.9164,0.0183465,133.584,0.799382,0.0
12.9075,0.018052,132.932,0.809306,0.0
12.8981,0.0182732,132.43,0.79904,0.0
12.9036,0.0184829,133.45,0.79596,0.0
12.8887,0.0183662,130.456,0.801093,0.0
12.8904,0.0185158,133.952,0.812043,0.0
12.8997,0.0187503,131.493,0.79596,0.0
12.9076,0.0184339,133.099,0.803488,0.0
12.9355,0.0187825,132.765,0.780903,0.0
12.9251,0.0182695,132.765,0.814781,0.0
12.8908,0.0182948,131.627,0.801435,0.0
12.8935,0.0184212,131.409,0.811359,0.0
12.9272,0.0186697,133.568,0.811701,0.0
12.9215,0.018802,131.911,0.815123,0.0
12.8993,0.0184141,132.246,0.801777,0.0
12.9321,0.018496,131.426,0.815465,0.0
12.9348,0.0183027,134.103,0.818203,0.0
12.8978,0.0183221,132.012,0.791853,0.0
12.9078,0.0181415,132.982,0.78193,0.0
12.9048,0.0186934,131.895,0.793907,0.0
12.8906,0.0183066,132.781,0.823678,0.0
12.9074,0.018229,132.196,0.791511,0.0
12.8916,0.0181574,132.815,0.815808,0.0
12.8868,0.018386,134.069,0.816492,0.0
12.9269,0.0181715,132.012,0.820256,0.0
12.9251,0.0188251,133.417,0.790142,0.0
12.9133,0.0185414,132.714,0.777481,0.0
12.9462,0.0183814,132.597,0.812728,0.0
12.9321,0.0187388,132.781,0.806226,0.0
12.9044,0.0184349,132.146,0.807595,0.0
12.9065,0.0186616,132.112,0.812386,0.0
12.8962,0.0184218,133.701,0.809306,0.0
12.9151,0.0186587,134.538,0.81615,0.0
12.914,0.0179746,131.393,0.808964,0.0
12.9117,0.0179717,131.46,0.791169,0.0
12.9485,0.0186816,132.581,0.807937,0.0
12.9553,0.0186047,135.107,0.788089,0.0
12.9264,0.0190774,132.748,0.816834,0.0
12.9035,0.0181413,133.317,0.797671,0.0
12.9415,0.0183153,132.246,0.805542,0.0
12.9632,0.0183705,132.581,0.803146,0.0
12.9164,0.0183735,134.22,0.789458,0.0
12.9038,0.0187415,132.497,0.791169,0.0
12.8784,0.0184748,132.714,0.796302,0.0
12.8732,0.0185263,133.183,0.811359,0.0
12.9408,0.0182233,132.781,0.800408,0.0
12.9336,0.0183491,132.095,0.807595,0.0
12.8908,0.0185207,133.233,0.788431,0.0
12.9071,0.0190037,132.514,0.793222,0.0
12.931,0.0186908,132.162,0.807253,0.0
12.9327,0.0183341,132.999,0.801093,0.0
12.9032,0.0178808,132.53,0.80999,0.0
12.8953,0.0182202,134.12,0.825389,0.0
12.9428,0.0183264,133.601,0.797671,0.0
12.9738,0.0180501,132.999,0.790142,0.0
12.9465,0.0185128,134.069,0.797671,0.0
12.9191,0.0185032,131.828,0.801093,0.0
12.9095,0.018632,134.086,0.805542,0.0
12.9165,0.0186561,133.969,0.79904,0.0
12.9255,0.0185512,133.25,0.811701,0.0
12.9322,0.0185025,134.17,0.787405,0.0
12.9431,0.0186103,131.861,0.790142,0.0
12.9194,0.0186705,133.266,0.785352,0.0
12.918,0.0185617,131.844,0.797329,0.0
12.9072,0.0180705,132.028,0.798355,0.0
12.8849,0.0182178,133.333,0.813754,0.0
12.9286,0.0181138,132.748,0.811017,0.0
12.9573,0.0186273,133.183,0.800066,0.0
12.9636,0.0179616,131.493,0.837366,0.0
12.9491,0.0184762,133.885,0.816834,0.0
12.9108,0.0184299,132.949,0.80999,0.0
12.913,0.0184731,133.651,0.794933,0.0
12.9345,0.0188317,132.765,0.815465,0.0
12.9135,0.0186491,132.882,0.808621,0.0
12.8976,0.0180659,132.982,0.791511,0.0
12.9017,0.0186519,133.099,0.816492,0.0
12.9011,0.0183829,133.283,0.820941,0.0
12.9137,0.0183029,133.869,0.787063,0.0
12.92,0.0183008,133.618,0.785352,0.0
12.9096,0.0183927,134.003,0.794933,0.0
12.9278,0.0187466,134.103,0.803488,0.0
12.9322,0.0186626,132.932,0.813412,0.0
12.9005,0.0180584,132.547,0.796302,0.0
12.9314,0.0183132,134.337,0.809306,0.0
12.94,0.0185761,132.597,0.803146,0.0
12.922,0.0189892,131.911,0.791853,0.0
12.9315,0.0187301,132.162,0.811359,0.0
12.9191,0.0187585,131.761,0.801435,0.0
12.9055,0.0186042,133.467,0.828127,0.0
12.9158,0.0180385,131.359,0.787405,0.0
12.9105,0.01837,133.216,0.78672,0.0
12.9185,0.0181634,133.283,0.787747,0.0
12.9328,0.0185453,132.564,0.79288,0.0
12.9137,0.0182317,133.032,0.794591,0.0
12.9139,0.0181025,132.698,0.808279,0.0
12.9216,0.0181443,133.584,0.810675,0.0
12.937,0.0187612,134.053,0.803831,0.0
12.9206,0.0183011,132.146,0.786378,0.0
12.8717,0.0185732,134.571,0.812043,0.0
12.8786,0.0184895,134.253,0.802804,0.0
12.9041,0.0185707,132.581,0.802119,0.0
12.9139,0.0186202,134.17,0.791853,0.0
12.9227,0.0182377,132.714,0.797671,0.0
12.9054,0.0183193,131.376,0.804515,0.0
12.88,0.0188474,133.015,0.815123,0.0
12.8741,0.0187005,132.53,0.804173,0.0
12.8912,0.0185493,131.828,0.813412,0.0
12.8953,0.017745,133.199,0.788089,0.0
12.8944,0.018293,133.266,0.796986,0.0
12.9052,0.018846,133.701,0.787063,0.0
12.9105,0.0180689,131.142,0.78193,0.0
12.8897,0.0186876,132.647,0.785009,0.0
12.8943,0.0182734,131.493,0.808279,0.0
12.9211,0.018822,133.534,0.804515,0.0
12.9318,0.0187277,131.945,0.803146,0.0
12.9071,0.0184124,133.417,0.82402,0.0
12.8985,0.0188421,132.949,0.77885,0.0
12.9418,0.0189554,132.296,0.797329,0.0
12.9456,0.018107,133.133,0.792196,0.0
12.9147,0.0183226,132.045,0.798697,0.0
12.9125,0.0181557,132.631,0.807253,0.0
12.8924,0.0184409,132.965,0.796302,0.0
12.8764,0.0182095,132.631,0.803831,0.0
12.8956,0.0182572,133.852,0.805542,0.0
12.922,0.0187544,133.333,0.808621,0.0
12.9253,0.0180636,132.53,0.795275,0.0
12.9201,0.0180531,133.35,0.805542,0.0
12.9163,0.0181907,131.811,0.794591,0.0
12.9075,0.0181977,132.547,0.784667,0.0
12.9112,0.0183971,133.199,0.804173,0.0
12.9043,0.0182847,133.099,0.7898,0.0
12.9079,0.0185998,132.581,0.803488,0.0
12.9176,0.018347,133.099,0.797329,0.0
12.9161,0.0186911,132.296,0.812386,0.0
12.9149,0.0182033,131.995,0.818545,0.0
12.925,0.0187292,133.049,0.808621,0.0
12.9275,0.0186752,133.317,0.798013,0.0
12.9192,0.018875,132.48,0.807595,0.0
12.9178,0.0183277,133.584,0.799382,0.0
12.9525,0.0189868,133.936,0.815465,0.0
12.9601,0.0182582,131.945,0.802462,0.0
12.9102,0.0181328,133.534,0.809648,0.0
12.9118,0.0183086,132.028,0.801093,0.0
12.9132,0.0183076,133.333,0.802462,0.0
12.892,0.0181097,132.179,0.789458,0.0
12.9129,0.0186652,133.501,0.798013,0.0
12.9408,0.0180842,133.166,0.818545,0.0
12.9489,0.0187334,134.872,0.786036,0.0
12.9417,0.0188359,132.313,0.788431,0.0
12.9083,0.018537,133.032,0.800751,0.0
12.8925,0.0186126,132.028,0.78193,0.0
12.9035,0.0182655,132.949,0.81615,0.0
12.8964,0.0187831,132.982,0.79288,0.0
12.9099,0.0179607,132.865,0.811701,0.0
12.9287,0.0182847,133.25,0.777139,0.0
12.8928,0.0184066,131.008,0.809306,0.0
12.9002,0.0181971,134.17,0.817176,0.0
12.9554,0.0188546,132.848,0.795618,0.0
12.9268,0.0183069,132.815,0.806568,0.0
12.8936,0.0185043,134.103,0.805542,0.0
12.921,0.0185464,132.028,0.814781,0.0
12.9081,0.01817,132.313,0.802119,0.0
12.8961,0.0183602,132.597,0.8271,0.0
12.9069,0.018613,132.396,0.815808,0.0
12.9037,0.0184039,134.621,0.826074,0.0
12.9432,0.0182469,132.748,0.798013,0.0
12.9453,0.0187675,131.928,0.816492,0.0
12.9054,0.01798,132.882,0.780219,0.0
12.8924,0.0182352,133.216,0.808279,0.0
12.8983,0.0184773,131.593,0.800408,0.0
12.9023,0.0179757,132.246,0.825731,0.0
12.9126,0.0178861,133.116,0.803831,0.0
12.9334,0.0186413,134.036,0.781245,0.0
12.9351,0.0190674,133.266,0.791853,0.0
12.906,0.0184633,132.296,0.796986,0.0
12.8636,0.0181739,133.735,0.791853,0.0
12.8704,0.0188214,132.748,0.814781,0.0
12.9049,0.0181237,131.644,0.804173,0.0
12.9336,0.0183499,133.266,0.798013,0.0
12.9524,0.0181326,132.363,0.79288,0.0
12.9394,0.018295,132.246,0.790142,0.0
12.9037,0.018253,132.731,0.798697,0.0
12.8928,0.0182903,134.32,0.821625,0.0
12.9115,0.0187616,132.714,0.787747,0.0
12.909,0.0185016,131.794,0.800066,0.0
12.897,0.0181043,132.965,0.802462,0.0
12.9199,0.0186953,133.467,0.817519,0.0
12.9036,0.0180663,132.229,0.825731,0.0
12.8751,0.0182557,131.627,0.813412,0.0
12.8787,0.0185449,133.317,0.80999,0.0
12.8947,0.0185743,133.032,0.804515,0.0
12.9365,0.0190069,132.447,0.802119,0.0
12.9397,0.0183796,132.949,0.82402,0.0
12.9078,0.0184797,131.962,0.802462,0.0
12.9083,0.0185964,133.768,0.803831,0.0
12.9069,0.0180799,130.924,0.802804,0.0
12.9,0.0188894,133.601,0.814097,0.0
12.9252,0.018024,132.146,0.822309,0.0
12.9129,0.0184728,133.752,0.799382,0.0
12.9089,0.018177,132.647,0.818203,0.0
12.9261,0.0183818,134.053,0.812043,0.0
12.8969,0.0180749,131.945,0.81615,0.0
12.8638,0.0182036,132.43,0.808964,0.0
12.8791,0.0181675,133.066,0.818887,0.0
12.8896,0.0181924,131.276,0.785352,0.0
12.877,0.0182595,132.547,0.803146,0.0
12.912,0.0180724,134.153,0.820256,0.0
12.9657,0.0182221,133.718,0.800408,0.0
12.9469,0.0190574,133.668,0.814781,0.0
12.9085,0.0183603,134.605,0.802804,0.0
12.9231,0.0186679,133.216,0.808964,0.0
12.922,0.0182642,133.082,0.815808,0.0
12.9079,0.0184545,133.35,0.81307,0.0
12.904,0.0181184,132.146,0.811017,0.0
12.9182,0.0188601,132.012,0.790142,0.0
12.9457,0.018385,132.396,0.791169,0.0
12.9297,0.0182195,131.51,0.7898,0.0
12.9101,0.0187678,132.179,0.808621,0.0
12.8955,0.0183921,131.878,0.777481,0.0
12.8985,0.0182213,133.584,0.806568,0.0
12.9134,0.0187773,132.982,0.822652,0.0
12.907,0.0187545,133.049,0.803488,0.0
12.9066,0.0187477,133.149,0.790827,0.0
12.9215,0.018498,134.337,0.807595,0.0
12.9307,0.0182506,134.739,0.810332,0.0
12.9317,0.018501,132.965,0.798355,0.0
12.9085,0.0182489,131.677,0.829496,0.0
12.8913,0.0183497,133.534,0.798697,0.0
12.9193,0.0184541,131.727,0.789458,0.0
12.941,0.0185572,131.945,0.802119,0.0
12.9398,0.0182881,133.3,0.798013,0.0
12.9229,0.0183728,133.785,0.822994,0.0
12.9103,0.0187962,133.651,0.812386,0.0
12.9113,0.0182345,133.333,0.803831,0.0
12.8859,0.0186019,132.781,0.801777,0.0
12.8572,0.0178382,132.146,0.788431,0.0
12.8996,0.0180039,130.439,0.808621,0.0
12.9254,0.018121,131.911,0.803146,0.0
12.8866,0.0185776,132.447,0.801435,0.0
12.8954,0.0188321,132.129,0.800751,0.0
12.9322,0.0185117,132.614,0.819572,0.0
12.9264,0.0184998,132.463,0.801435,0.0
12.8991,0.0179979,132.38,0.800408,0.0
12.9082,0.0187302,133.015,0.800751,0.0
12.9446,0.0186365,133.568,0.803146,0.0
12.9319,0.0187794,132.045,0.794591,0.0
12.8809,0.0184583,132.33,0.792196,0.0
12.8774,0.0182696,131.844,0.812043,0.0
12.8961,0.0178465,133.333,0.812386,0.0
12.8948,0.0180858,131.476,0.803146,0.0
12.9091,0.0186515,133.568,0.807937,0.0
12.9302,0.0184773,134.27,0.785009,0.0
12.909,0.0185428,133.568,0.817519,0.0
12.8905,0.0182551,132.982,0.79596,0.0
12.8997,0.0182528,133.768,0.79596,0.0
12.8954,0.0177086,132.597,0.814781,0.0
12.8975,0.0183065,131.677,0.810675,0.0
12.9116,0.0185801,134.371,0.820256,0.0
12.9376,0.0181307,132.363,0.81615,0.0
12.916,0.018077,133.651,0.80691,0.0
12.9077,0.0184342,134.136,0.807253,0.0
12.9564,0.0188892,133.384,0.815465,0.0
12.9706,0.0184837,133.517,0.803488,0.0
12.9285,0.0185141,133.3,0.798013,0.0
12.8888,0.0181499,132.179,0.799382,0.0
12.907,0.018385,133.634,0.813754,0.0
12.9333,0.0184305,133.534,0.805199,0.0
12.9113,0.0183137,133.768,0.791169,0.0
12.902,0.0181341,134.136,0.783641,0.0
12.925,0.0184765,133.4,0.814781,0.0
12.9386,0.0182008,132.53,0.80999,0.0
12.9501,0.0183592,132.279,0.814097,0.0
12.943,0.0182604,133.752,0.796644,0.0
12.9382,0.0184607,133.601,0.776797,0.0
12.9273,0.0183357,132.999,0.811017,0.0
12.8989,0.0184364,132.497,0.812386,0.0
12.8948,0.0178554,133.166,0.801777,0.0
12.9193,0.0184935,132.396,0.805199,0.0
12.908,0.0184363,131.928,0.815123,0.0
12.8936,0.018537,132.932,0.817176,0.0
12.9099,0.0182971,132.112,0.799382,0.0
12.9048,0.0184271,133.032,0.798355,0.0
12.9017,0.0181531,132.865,0.797329,0.0
12.9116,0.0184849,132.33,0.805884,0.0
12.9059,0.0187741,132.714,0.785009,0.0
12.8958,0.0182711,133.517,0.812728,0.0
12.9187,0.0185086,133.517,0.79596,0.0
12.9341,0.0184576,132.547,0.7898,0.0
12.8976,0.0183395,132.898,0.795275,0.0
12.8636,0.0179764,132.363,0.801777,0.0
12.881,0.0189229,131.777,0.792538,0.0
12.9006,0.0191531,132.647,0.797671,0.0
12.8951,0.0180125,134.404,0.800408,0.0
12.9033,0.0182719,134.906,0.811701,0.0
12.8855,0.0182249,131.727,0.806226,0.0
12.8798,0.0189197,133.986,0.797329,0.0
12.8947,0.0184925,131.962,0.796644,0.0
12.8623,0.0186489,131.108,0.806568,0.0
12.8746,0.0184839,133.701,0.813754,0.0
12.9149,0.0186528,130.991,0.783983,0.0
12.9116,0.0188317,133.233,0.791853,0.0
12.8928,0.0180059,132.129,0.819572,0.0
12.8943,0.0180941,133.551,0.826416,0.0
12.9101,0.0182497,133.467,0.777481,0.0
12.9009,0.0183664,132.547,0.80999,0.0
12.9009,0.0182109,132.229,0.793907,0.0
12.9116,0.0185686,132.748,0.835655,0.0
12.8918,0.0184388,133.183,0.814097,0.0
12.9018,0.018195,133.618,0.788774,0.0
12.9153,0.0183557,131.276,0.782614,0.0
12.9096,0.0181709,133.517,0.793907,0.0
12.9233,0.0185956,132.714,0.802804,0.0
12.8902,0.018239,133.986,0.810675,0.0
12.8817,0.0181804,134.237,0.817176,0.0
12.9313,0.0183347,132.38,0.81923,0.0
12.9068,0.0181631,132.564,0.816492,0.0
12.8735,0.0182977,132.447,0.805884,0.0
12.8963,0.0187436,131.209,0.796986,0.0
12.9251,0.0181794,132.296,0.800066,0.0
12.9211,0.0187908,132.463,0.807937,0.0
12.9243,0.0189205,133.417,0.814439,0.0
12.9109,0.0180075,133.735,0.816492,0.0
12.8876,0.0183412,132.547,0.800066,0.0
12.931,0.0177754,131.878,0.812043,0.0
12.9434,0.0182322,132.597,0.800066,0.0
12.885,0.0182035,133.233,0.815465,0.0
12.8982,0.0177566,134.053,0.795275,0.0
12.9365,0.0186961,130.857,0.801777,0.0
12.898,0.0182998,132.798,0.800751,0.0
12.8918,0.0187028,132.882,0.800066,0.0
12.9317,0.0180496,132.313,0.817176,0.0
12.9133,0.0184594,131.326,0.774059,0.0
12.8881,0.0183942,134.973,0.797329,0.0
12.8986,0.0184547,133.735,0.810675,0.0
12.9087,0.0186428,134.404,0.802119,0.0
12.9257,0.0187886,132.38,0.824363,0.0
12.9168,0.0184359,132.614,0.815123,0.0
12.8954,0.0182628,132.196,0.819572,0.0
12.913,0.0180071,132.33,0.800408,0.0
12.9314,0.0184907,132.279,0.820941,0.0
12.905,0.018774,132.514,0.803146,0.0
12.918,0.0187054,132.564,0.796644,0.0
12.9417,0.018058,133.3,0.807253,0.0
12.9024,0.0184128,131.727,0.790485,0.0
12.8942,0.0183951,134.003,0.802804,0.0
12.929,0.0179806,132.664,0.807253,0.0
12.9198,0.0181766,135.207,0.812043,0.0
12.9104,0.0182405,133.333,0.810675,0.0
12.9252,0.0188058,133.066,0.78193,0.0
12.9375,0.0187806,133.534,0.800066,0.0
12.9325,0.0182978,132.212,0.804515,0.0
12.9048,0.0187106,133.317,0.785009,0.0
12.9054,0.0183005,133.952,0.800066,0.0
12.9104,0.0179971,132.53,0.801435,0.0
12.8969,0.0179832,132.263,0.814781,0.0
12.9166,0.0180797,132.212,0.801093,0.0
12.943,0.017968,134.32,0.814781,0.0
12.9383,0.0182993,133.634,0.814439,0.0
12.8997,0.0185213,133.199,0.798013,0.0
12.8858,0.0178446,133.35,0.805542,0.0
12.8933,0.0186021,132.798,0.807595,0.0
12.9136,0.0184464,132.497,0.801093,0.0
12.935,0.0180582,132.664,0.808964,0.0
12.9266,0.0189293,132.965,0.798355,0.0
12.9187,0.0180995,132.463,0.823678,0.0
12.9398,0.0184476,133.066,0.814781,0.0
12.9427,0.0187163,133.266,0.818545,0.0
12.922,0.0187225,133.768,0.802119,0.0
12.9022,0.0185985,131.393,0.824363,0.0
12.9138,0.0186855,134.086,0.805542,0.0
12.9228,0.0185015,131.593,0.817861,0.0
12.9172,0.0182649,133.166,0.796302,0.0
12.9307,0.0185587,132.631,0.824363,0.0
12.9388,0.0184796,134.538,0.805199,0.0
12.9431,0.0184491,132.196,0.804857,0.0
12.9481,0.0187502,134.086,0.815808,0.0
12.903,0.0183691,133.752,0.796302,0.0
12.895,0.0183968,132.898,0.818203,0.0
12.9235,0.0187983,132.831,0.79596,0.0
12.9139,0.0180633,132.112,0.798355,0.0
12.9049,0.0183113,133.082,0.793907,0.0
12.9078,0.0186349,132.798,0.822652,0.0
12.9043,0.0186806,132.296,0.800408,0.0
12.9123,0.0185682,133.818,0.807595,0.0
12.9087,0.0185503,134.253,0.791511,0.0
12.9013,0.0182892,132.932,0.804515,0.0
12.9153,0.0186943,131.895,0.811359,0.0
12.9282,0.0182932,133.434,0.791169,0.0
12.9215,0.0184854,133.467,0.771664,0.0
12.9124,0.0182291,132.999,0.798697,0.0
12.8988,0.0186725,132.196,0.820598,0.0
12.8912,0.0184472,132.815,0.800066,0.0
12.8747,0.0187447,133.317,0.819572,0.0
12.8621,0.0186591,132.898,0.809306,0.0
12.8754,0.0184149,131.192,0.802804,0.0
12.9145,0.0180731,133.082,0.811017,0.0
12.935,0.0191273,132.447,0.811017,0.0
12.9164,0.018702,133.266,0.81615,0.0
12.9166,0.0185231,134.555,0.820941,0.0
12.9318,0.0184611,132.865,0.801435,0.0
12.9315,0.018227,133.133,0.80999,0.0
12.9232,0.018331,132.765,0.808621,0.0
12.9267,0.0187996,131.945,0.817176,0.0
12.9149,0.0184153,133.952,0.819572,0.0
12.9137,0.0189612,132.865,0.814781,0.0
12.9228,0.0184842,134.605,0.799724,0.0
12.9116,0.0182705,133.969,0.806226,0.0
12.9033,0.018538,131.393,0.817519,0.0
12.898,0.0180818,132.865,0.796986,0.0
12.9031,0.0184906,133.266,0.787405,0.0
12.9208,0.018669,131.861,0.80999,0.0
12.9102,0.0183088,133.317,0.790485,0.0
12.9122,0.0186139,133.066,0.801093,0.0
12.9046,0.0183061,132.028,0.790485,0.0
12.8663,0.0175271,131.56,0.811017,0.0
12.8777,0.0179607,134.153,0.803146,0.0
12.9332,0.0185181,132.413,0.79288,0.0
12.9305,0.0184746,133.501,0.812386,0.0
12.9159,0.0182872,133.484,0.802119,0.0
12.9431,0.0185238,132.497,0.811701,0.0
12.9525,0.0186776,133.885,0.777139,0.0
12.931,0.0185837,133.3,0.818203,0.0
12.9217,0.0187035,133.266,0.800751,0.0
12.9334,0.018647,133.668,0.81615,0.0
12.9339,0.0185169,132.463,0.810675,0.0
12.9021,0.0182169,133.584,0.796986,0.0
12.8899,0.0181633,132.514,0.805199,0.0
12.9138,0.0185265,134.153,0.797329,0.0
12.9307,0.0185519,132.982,0.780561,0.0
12.9055,0.0185157,133.835,0.796986,0.0
12.913,0.0180213,132.781,0.791511,0.0
12.9507,0.0182249,133.534,0.830522,0.0
12.9231,0.0190556,132.831,0.805199,0.0
12.9124,0.0185871,134.069,0.812386,0.0
12.9205,0.0182917,133.266,0.785009,0.0
12.8874,0.0182731,133.768,0.787405,0.0
12.8977,0.0187238,132.129,0.799724,0.0
12.9046,0.0181471,133.417,0.807937,0.0
12.9082,0.0183237,132.664,0.808964,0.0
12.9306,0.0183031,133.668,0.81307,0.0
12.9083,0.0179403,133.501,0.788089,0.0
12.9014,0.0190427,132.53,0.812386,0.0
12.919,0.0185555,132.731,0.820598,0.0
12.9301,0.0183754,132.095,0.809648,0.0
12.9316,0.018334,133.551,0.79288,0.0
12.9235,0.0188208,131.878,0.809306,0.0
12.8949,0.0185508,130.958,0.783983,0.0
12.9041,0.0186949,132.965,0.807937,0.0
12.9075,0.0182403,132.982,0.798697,0.0
12.8792,0.0184645,133.434,0.817176,0.0
12.899,0.0185245,132.53,0.804857,0.0
12.9409,0.0183715,133.534,0.79904,0.0
12.9411,0.0181921,134.003,0.795618,0.0
12.9354,0.018531,132.279,0.822309,0.0
12.9403,0.0182037,131.878,0.80691,0.0
12.8985,0.0189126,133.216,0.834971,0.0
12.9003,0.0181728,133.199,0.808964,0.0
12.9357,0.018499,132.263,0.814439,0.0
12.913,0.0183418,132.396,0.832575,0.0
12.8921,0.018316,133.852,0.801093,0.0
12.8968,0.0184083,134.019,0.791853,0.0
12.9082,0.0186729,133.685,0.810332,0.0
12.8807,0.0184266,131.058,0.823678,0.0
12.8772,0.0184576,133.384,0.81615,0.0
12.9285,0.0186551,133.584,0.798355,0.0
12.9141,0.0184712,131.092,0.79596,0.0
12.8887,0.0181787,132.162,0.79596,0.0
12.8915,0.0185819,132.614,0.800066,0.0
12.8896,0.0185916,134.136,0.811017,0.0
12.8985,0.0183244,133.618,0.807595,0.0
12.9152,0.0183775,132.664,0.795618,0.0
12.917,0.0186379,133.049,0.820941,0.0
12.9165,0.0187801,133.551,0.810675,0.0
12.9405,0.0183416,132.447,0.801435,0.0
13.4783,0.022614,132.614,0.808621,0.0
24.6003,0.153504,129.703,0.866111,0.0
65.4417,0.317877,117.457,0.952346,0.0
102.878,0.173981,165.253,0.860636,0.0
99.0642,0.168818,159.013,0.843868,0.0
88.4722,0.120046,160.418,0.830864,0.0
87.857,0.117117,161.372,0.862689,0.0
82.0846,0.110795,163.179,0.835997,0.0
76.8406,0.0885795,165.353,0.860636,0.0
75.5399,0.0823861,166.156,0.848317,0.0
72.8754,0.0831459,165.638,0.864058,0.0
70.4646,0.0827891,166.625,0.828811,0.0
69.0538,0.0910776,165.738,0.832918,0.0
66.9717,0.103082,166.173,0.836682,0.0
64.7458,0.11291,167.327,0.831549,0.0
62.544,0.110866,166.173,0.84421,0.0
60.1147,0.111667,165.638,0.849685,0.0
57.8764,0.111714,165.621,0.833602,0.0
55.9024,0.111331,166.842,0.84729,0.0
54.1939,0.108523,164.852,0.849001,0.0
52.5858,0.106119,166.642,0.855161,0.0
50.9525,0.102123,165.286,0.841815,0.0
49.5276,0.0981877,166.374,0.826758,0.0
48.2142,0.0954089,164.166,0.821283,0.0
46.9265,0.0932173,163.279,0.823678,0.0
45.7187,0.0910201,164.316,0.845921,0.0
44.5537,0.0892007,164.433,0.8271,0.0
43.4613,0.0875938,163.246,0.830522,0.0
42.3793,0.083057,164.115,0.837708,0.0
41.3923,0.0813925,163.446,0.840446,0.0
40.499,0.0803649,163.446,0.845237,0.0
39.5626,0.0777677,163.764,0.858583,0.0
38.6126,0.0760191,161.991,0.84421,0.0
37.6606,0.0742567,162.995,0.829153,0.0
36.7283,0.0718397,163.312,0.846263,0.0
35.9291,0.0685369,160.937,0.832233,0.0
35.1198,0.0670497,161.89,0.833602,0.0
34.2939,0.0659424,159.398,0.834629,0.0
33.5952,0.0635547,161.556,0.825389,0.0
32.8842,0.062979,161.69,0.823678,0.0
32.1551,0.0610835,160.552,0.849343,0.0
31.4874,0.0594264,160.452,0.812386,0.0
30.9,0.058945,160.502,0.833944,0.0
30.3899,0.0575004,160.268,0.834286,0.0
29.8619,0.0555483,158.093,0.834629,0.0
29.3094,0.0536972,158.294,0.851739,0.0
28.7971,0.0522804,159.732,0.84113,0.0
28.2811,0.051907,159.716,0.818545,0.0
27.7949,0.0516972,158.444,0.804515,0.0
27.3957,0.049788,157.959,0.828469,0.0
27.0014,0.0491111,157.641,0.836682,0.0
26.5669,0.0485449,158.361,0.844895,0.0
26.1623,0.0470051,155.901,0.817519,0.0
25.7993,0.0470566,157.44,0.829153,0.0
25.4926,0.0469206,156.002,0.823336,0.0
25.1679,0.0457753,156.169,0.818203,0.0
24.8152,0.0454449,156.754,0.821967,0.0
24.5368,0.0446389,154.513,0.819572,0.0
24.2113,0.0440181,155.818,0.817861,0.0
23.8718,0.0428154,154.998,0.820941,0.0
23.6304,0.0427968,155.818,0.824363,0.0
23.3766,0.0428155,154.714,0.831549,0.0
23.121,0.0423096,154.998,0.829496,0.0
22.9008,0.0423739,153.208,0.81307,0.0
22.6333,0.0418876,152.99,0.818203,0.0
22.3873,0.0414741,153.977,0.827785,0.0
22.1834,0.0410781,152.806,0.806568,0.0
21.9363,0.0405708,153.074,0.815123,0.0
21.689,0.0412555,152.304,0.822309,0.0
21.5304,0.0398289,152.79,0.812043,0.0
21.3423,0.0389088,152.689,0.822309,0.0
21.1515,0.0387233,153.007,0.804857,0.0
20.9406,0.0393194,151.284,0.79288,0.0
20.7279,0.0392953,150.715,0.803146,0.0
20.6083,0.0390949,151.05,0.808964,0.0
20.4208,0.0388307,152.104,0.814097,0.0
20.1984,0.0382865,150.297,0.821967,0.0
20.0626,0.0377849,151.585,0.805199,0.0
19.9012,0.0368726,151.451,0.825731,0.0
19.6988,0.0366551,150.565,0.821283,0.0
19.5622,0.0368493,150.28,0.817861,0.0
19.4759,0.0363815,149.36,0.8271,0.0
19.3159,0.0359138,149.059,0.831207,0.0
19.1631,0.0356487,149.394,0.815465,0.0
19.0505,0.0356117,149.226,0.809306,0.0
18.8894,0.0360073,150.28,0.822309,0.0
18.7324,0.034884,149.561,0.805884,0.0
18.6599,0.0346549,150.297,0.802804,0.0
18.552,0.0347073,148.089,0.814097,0.0
18.3696,0.0343038,147.721,0.814097,0.0
18.2571,0.03359,148.038,0.796644,0.0
18.2086,0.0330878,149.176,0.802462,0.0
18.091,0.0331469,146.801,0.805542,0.0
17.9421,0.03367,147.52,0.818545,0.0
17.8661,0.0329039,145.763,0.805199,0.0
17.803,0.0320031,147.102,0.816492,0.0
17.7021,0.0321686,146.399,0.822994,0.0
17.6115,0.0326965,146.717,0.780561,0.0
17.5575,0.0328719,147.319,0.810675,0.0
17.4816,0.0320195,146.583,0.821967,0.0
17.3751,0.0315177,144.458,0.811359,0.0
17.2856,0.0315227,145.964,0.83326,0.0
17.2096,0.030891,146.148,0.842499,0.0
17.0965,0.0305354,145.563,0.813412,0.0
17.0131,0.030077,145.228,0.809648,0.0
16.9585,0.030767,144.994,0.805884,0.0
16.8722,0.0304672,144.659,0.81923,0.0
16.8171,0.0302517,145.479,0.80999,0.0
16.7829,0.0299341,146.148,0.81615,0.0
16.684,0.0298585,144.826,0.805884,0.0
16.5831,0.0294293,144.141,0.805884,0.0
16.5369,0.0286305,145.596,0.8271,0.0
16.4846,0.0287525,144.258,0.810332,0.0
16.4,0.0289904,144.325,0.802462,0.0
16.2995,0.0291629,141.146,0.805884,0.0
16.2257,0.0279658,142.869,0.810675,0.0
16.1591,0.0282511,142.785,0.799382,0.0
16.0969,0.0281292,143.354,0.807595,0.0
16.0606,0.0277475,143.271,0.804515,0.0
16.0005,0.0280908,144.492,0.814781,0.0
15.9242,0.0280248,142.802,0.798697,0.0
15.9128,0.0276572,143.421,0.787747,0.0
15.8779,0.0275435,143.338,0.808279,0.0
15.7832,0.0264231,143.304,0.800066,0.0
15.7388,0.02671,143.22,0.831207,0.0
15.6995,0.0265178,142.936,0.810675,0.0
15.616,0.0265717,142.284,0.786036,0.0
15.585,0.0262995,143.237,0.790827,0.0
15.5982,0.0262555,141.932,0.834971,0.0
15.5229,0.0261286,144.559,0.814097,0.0
15.4368,0.0265168,141.38,0.805542,0.0
15.3938,0.026182,142.417,0.808279,0.0
15.3316,0.0246411,140.176,0.805199,0.0
15.2574,0.0248646,140.393,0.815123,0.0
15.2426,0.0252545,142.317,0.802119,0.0
15.2167,0.0252985,141.631,0.814097,0.0
15.1493,0.0248698,141.213,0.807595,0.0
15.1292,0.0246147,140.778,0.814097,0.0
15.0955,0.0245426,141.33,0.818887,0.0
15.0467,0.0247443,141.029,0.840788,0.0
15.0351,0.0243303,140.678,0.822994,0.0
14.9968,0.0245295,141.748,0.823678,0.0
14.9488,0.0241667,139.055,0.821283,0.0
14.919,0.0237241,139.875,0.815465,0.0
14.866,0.023163,139.222,0.83018,0.0
14.8017,0.02364,139.657,0.815465,0.0
14.7985,0.0244213,139.925,0.829496,0.0
14.755,0.023559,139.189,0.81615,0.0
14.703,0.0232362,138.921,0.801093,0.0
14.6905,0.0235386,141.062,0.819914,0.0
14.659,0.022961,140.728,0.814439,0.0
14.6133,0.0230005,139.958,0.81307,0.0
14.5911,0.0234663,138.887,0.815808,0.0
14.5807,0.0231288,139.339,0.801093,0.0
14.5585,0.0230838,138.101,0.798013,0.0
14.5336,0.0226573,139.389,0.808964,0.0
14.5078,0.0227251,138.62,0.804857,0.0
14.489,0.0223321,139.908,0.811359,0.0
14.4553,0.0223057,138.436,0.806226,0.0
14.4151,0.0221576,138.837,0.81923,0.0
14.4162,0.021838,138.971,0.819572,0.0
14.4438,0.0221273,139.239,0.820256,0.0
14.3819,0.0219341,140.025,0.793222,0.0
14.3018,0.022248,139.456,0.799382,0.0
14.2968,0.021928,138.887,0.80691,0.0
14.2805,0.0217552,139.607,0.817861,0.0
14.2514,0.0220697,137.231,0.81923,0.0
14.2521,0.0222912,139.322,0.834286,0.0
14.2413,0.0216689,137.583,0.785694,0.0
14.1952,0.0215705,137.65,0.810332,0.0
14.1881,0.0218839,138.637,0.805542,0.0
14.1913,0.0218824,138.068,0.81615,0.0
14.1397,0.0215559,138.519,0.80999,0.0
14.1012,0.0209416,138.503,0.803831,0.0
14.08,0.0212313,138.202,0.798013,0.0
14.0375,0.0216689,136.88,0.791169,0.0
14.0417,0.021581,136.294,0.817861,0.0
14.0785,0.0215808,138.084,0.793564,0.0
14.0475,0.0215645,137.114,0.821967,0.0
13.9982,0.0208321,137.633,0.776797,0.0
13.9993,0.0211491,137.767,0.803488,0.0
14.0047,0.0207671,136.445,0.784325,0.0
13.9872,0.0205828,138.034,0.796302,0.0
13.9598,0.0210585,136.847,0.832918,0.0
13.9425,0.0206393,137.047,0.817861,0.0
13.9462,0.0210674,136.529,0.802804,0.0
13.9412,0.0207511,137.733,0.807253,0.0
13.9082,0.0211013,136.696,0.796986,0.0
13.8706,0.0204674,139.122,0.815123,0.0
13.8714,0.0202704,136.713,0.803831,0.0
13.8419,0.021108,137.75,0.805884,0.0
13.825,0.0207404,138.954,0.792196,0.0
13.8253,0.0208513,136.345,0.827442,0.0
13.8183,0.0207924,136.294,0.805542,0.0
13.8296,0.0205688,136.412,0.799724,0.0
13.8217,0.0208048,134.755,0.803488,0.0
13.7468,0.020691,136.378,0.800751,0.0
13.7305,0.0204345,136.847,0.809306,0.0
13.7797,0.0208459,137.767,0.810675,0.0
13.7611,0.0204353,135.709,0.801435,0.0
13.7416,0.0207952,136.127,0.802804,0.0
13.751,0.0202452,137.599,0.790142,0.0
13.7213,0.0201801,135.09,0.794591,0.0
13.7202,0.0200729,137.265,0.773032,0.0
13.7397,0.020001,135.257,0.817519,0.0
13.7237,0.0203191,136.796,0.811017,0.0
13.687,0.0201597,136.177,0.822309,0.0
13.658,0.0202134,135.809,0.803831,0.0
13.6626,0.0203738,136.763,0.812386,0.0
13.6722,0.0210204,136.997,0.805199,0.0
13.6563,0.020025,137.583,0.818203,0.0
13.6452,0.019936,136.662,0.816492,0.0
13.6441,0.0200726,136.278,0.802462,0.0
13.6315,0.020047,136.094,0.823678,0.0
13.6215,0.019913,136.395,0.803146,0.0
13.6033,0.0200826,134.538,0.802119,0.0
13.5805,0.0199664,136.294,0.807253,0.0
13.6022,0.0194646,136.378,0.788774,0.0
13.5967,0.0198697,135.977,0.799382,0.0
13.5509,0.0197467,135.675,0.798697,0.0
13.5509,0.0200194,135.742,0.81307,0.0
13.5526,0.0196342,136.144,0.806568,0.0
13.5364,0.0193344,134.471,0.804857,0.0
13.5322,0.0198304,135.96,0.806226,0.0
13.5036,0.0195647,133.685,0.79904,0.0
13.5014,0.0198506,136.729,0.800751,0.0
13.5298,0.0194395,135.04,0.794933,0.0
13.4993,0.0196348,134.387,0.809306,0.0
13.4802,0.0195719,135.558,0.804173,0.0
13.5096,0.0199153,136.696,0.809306,0.0
13.4817,0.0204729,134.454,0.804173,0.0
13.4557,0.019861,136.512,0.819572,0.0
13.4757,0.0195694,134.923,0.820256,0.0
13.4631,0.0200716,135.592,0.795618,0.0
13.4499,0.0198749,134.488,0.780903,0.0
13.4689,0.0198057,133.835,0.815465,0.0
13.4397,0.0200255,135.107,0.813754,0.0
13.4044,0.0188286,135.207,0.801777,0.0
13.4347,0.0194391,133.668,0.791169,0.0
13.4212,0.0194122,135.09,0.808279,0.0
13.4091,0.0191833,134.387,0.806226,0.0
13.4436,0.0191236,135.843,0.808964,0.0
13.4223,0.0189394,135.625,0.803831,0.0
13.3943,0.0188903,134.12,0.798013,0.0
13.394,0.0192371,134.404,0.802119,0.0
13.4168,0.0193911,135.291,0.8271,0.0
13.4271,0.0196425,134.789,0.807595,0.0
13.4161,0.0195038,134.722,0.793564,0.0
13.407,0.0190257,135.073,0.804857,0.0
13.3662,0.0188811,134.17,0.796302,0.0
13.3419,0.0195041,134.153,0.815465,0.0
13.3674,0.0189144,134.655,0.802462,0.0
13.3467,0.0191093,135.625,0.821625,0.0
13.3391,0.0191798,134.672,0.817519,0.0
13.3691,0.018986,134.555,0.809648,0.0
13.3614,0.0190833,134.538,0.809306,0.0
13.3252,0.0193012,135.207,0.794591,0.0
13.3248,0.0194613,133.701,0.800751,0.0
13.3542,0.0190445,133.919,0.799382,0.0
13.3475,0.0189472,134.287,0.821625,0.0
13.3136,0.0193913,134.688,0.812728,0.0
13.3013,0.0192221,133.35,0.814781,0.0
13.3069,0.0191657,136.445,0.811701,0.0
13.314,0.018762,133.752,0.817176,0.0
13.3237,0.0188633,135.425,0.821283,0.0
13.3479,0.019089,134.069,0.813754,0.0
13.3322,0.0192425,134.053,0.802804,0.0
13.3198,0.0195161,135.425,0.826074,0.0
13.3018,0.0195953,135.073,0.792196,0.0
13.2722,0.019403,135.625,0.826758,0.0
13.294,0.0190954,136.127,0.806226,0.0
13.2819,0.0188393,135.174,0.795618,0.0
13.2539,0.018977,134.789,0.806568,0.0
13.2875,0.0189398,134.789,0.793564,0.0
13.2971,0.0196132,134.187,0.797671,0.0
13.2755,0.0189524,134.253,0.805542,0.0
13.282,0.0188449,135.859,0.792196,0.0
13.2934,0.0186159,133.417,0.808279,0.0
13.2762,0.0185926,134.036,0.780903,0.0
13.2594,0.0194554,134.003,0.826074,0.0
13.2888,0.0187378,134.739,0.805542,0.0
13.2897,0.0184617,133.902,0.804857,0.0
13.2341,0.0193233,134.304,0.792196,0.0
13.2039,0.0195942,135.408,0.798355,0.0
13.2124,0.0193616,134.387,0.802804,0.0
13.2432,0.0185514,134.371,0.814439,0.0
13.24,0.0187633,133.818,0.792196,0.0
13.2014,0.0192262,134.253,0.81307,0.0
13.1925,0.0184428,134.839,0.805199,0.0
13.2037,0.0189587,134.488,0.799382,0.0
13.2132,0.0193112,134.739,0.80999,0.0
13.2174,0.018876,133.818,0.811359,0.0
13.2026,0.0186631,134.153,0.797671,0.0
13.1884,0.0183849,133.852,0.820598,0.0
13.1795,0.0186481,133.183,0.788774,0.0
13.1703,0.0188515,134.739,0.797671,0.0
13.1847,0.0189686,134.705,0.804857,0.0
13.2065,0.0189979,135.307,0.816834,0.0
13.1845,0.0188009,134.237,0.821283,0.0
13.1846,0.0192474,133.718,0.80691,0.0
13.1897,0.0190579,134.822,0.79288,0.0
13.1693,0.0191229,134.27,0.809306,0.0
13.1583,0.0192379,134.287,0.814097,0.0
13.1647,0.0186158,133.835,0.826074,0.0
13.1745,0.0184223,134.371,0.796986,0.0
13.1668,0.01845,133.216,0.806568,0.0
13.1476,0.0190789,134.187,0.813412,0.0
13.1431,0.0189119,136.027,0.818545,0.0
13.1642,0.0190955,134.12,0.810675,0.0
13.1585,0.0188672,133.902,0.794933,0.0
13.1508,0.0185419,133.568,0.811359,0.0
13.1512,0.0188064,132.229,0.815123,0.0
13.1276,0.0186027,134.371,0.813412,0.0
13.1155,0.0187704,135.19,0.808621,0.0
13.1608,0.0186348,133.467,0.793564,0.0
13.1533,0.018478,132.831,0.793907,0.0
13.1152,0.0186169,134.437,0.798697,0.0
13.1519,0.0189479,134.856,0.796644,0.0
13.1734,0.0189361,133.384,0.813412,0.0
13.1476,0.0188433,135.107,0.817861,0.0
13.1207,0.0191538,133.718,0.809648,0.0
13.1065,0.0183913,134.839,0.800751,0.0
13.1228,0.0190894,134.956,0.812386,0.0
13.1301,0.01904,133.651,0.790485,0.0
13.1138,0.0185963,134.069,0.79596,0.0
13.1245,0.0186915,134.538,0.79288,0.0
13.1151,0.0189069,131.644,0.799382,0.0
13.1098,0.0188328,133.885,0.80999,0.0
13.1054,0.0183192,133.869,0.803488,0.0
13.0752,0.0190016,134.103,0.815123,0.0
13.1001,0.0189938,133.367,0.800408,0.0
13.1106,0.0183322,133.952,0.807937,0.0
13.0759,0.0183599,133.952,0.79596,0.0
13.0858,0.0187139,133.367,0.808621,0.0
13.1022,0.0189871,133.651,0.804515,0.0
13.0917,0.0188891,132.798,0.814439,0.0
13.0832,0.0180767,133.082,0.802119,0.0
13.0852,0.0183446,132.798,0.80691,0.0
13.0861,0.019244,134.136,0.814781,0.0
13.0725,0.0189014,133.517,0.805884,0.0
13.0656,0.0192245,133.517,0.779534,0.0
13.0811,0.0189917,133.3,0.798697,0.0
13.0869,0.0185735,135.006,0.800751,0.0
13.0926,0.018792,132.631,0.802462,0.0
13.079,0.0187547,134.521,0.809648,0.0
13.0641,0.0185057,133.735,0.793222,0.0
13.0678,0.0183891,134.136,0.805199,0.0
13.0598,0.0189522,132.999,0.801435,0.0
13.0611,0.0186331,134.237,0.805542,0.0
13.0781,0.0186378,134.856,0.791511,0.0
13.062,0.0189238,132.614,0.809306,0.0
13.0462,0.0188278,133.066,0.810675,0.0
13.0712,0.0185961,133.618,0.786378,0.0
13.0717,0.018867,134.019,0.787063,0.0
13.0485,0.0184497,134.27,0.795275,0.0
13.0414,0.0191693,134.253,0.811017,0.0
13.0547,0.0185303,132.497,0.801435,0.0
13.069,0.019236,133.785,0.824705,0.0
13.0672,0.0190665,132.915,0.787747,0.0
13.0537,0.0193391,133.266,0.805884,0.0
13.0233,0.0184085,132.865,0.813754,0.0
13.0305,0.0185108,134.521,0.803488,0.0
13.0668,0.0182969,135.24,0.796302,0.0
13.045,0.0189058,132.932,0.793907,0.0
13.0419,0.0190144,134.872,0.791169,0.0
13.0508,0.0189187,134.555,0.782956,0.0
13.0432,0.0188645,134.153,0.79904,0.0
13.0108,0.0182705,133.551,0.815808,0.0
12.9879,0.0184397,133.25,0.815123,0.0
13.0294,0.0185339,133.149,0.801435,0.0
13.0256,0.0182035,132.313,0.805884,0.0
12.9878,0.0187962,131.426,0.793564,0.0
13.0041,0.0186963,132.748,0.814781,0.0
13.0117,0.0188661,132.581,0.785009,0.0
13.001,0.0187514,133.902,0.814097,0.0
13.0166,0.0187951,133.015,0.792538,0.0
13.0466,0.0188797,133.4,0.82402,0.0
13.0405,0.0190708,133.735,0.812043,0.0
12.998,0.0185319,133.317,0.797329,0.0
13.0024,0.0184396,133.216,0.828469,0.0
13.0318,0.0183753,134.019,0.804173,0.0
13.0338,0.0188209,132.865,0.794933,0.0
13.0174,0.0188845,133.835,0.788431,0.0
12.9957,0.0186746,133.785,0.798355,0.0
13.001,0.0181807,133.802,0.825389,0.0
13.0338,0.0181309,132.698,0.800751,0.0
13.0295,0.0185327,134.872,0.814781,0.0
13.0256,0.0183224,133.434,0.814097,0.0
13.0307,0.0185089,134.304,0.790142,0.0
13.0123,0.0190113,133.283,0.82402,0.0
12.9968,0.0182263,133.333,0.788431,0.0
13.0059,0.0185669,133.568,0.801093,0.0
13.0093,0.0186619,133.517,0.806568,0.0
12.9975,0.019077,132.547,0.806226,0.0
13.0287,0.0188836,134.956,0.790827,0.0
13.0659,0.0183395,134.253,0.823678,0.0
13.0507,0.0190634,133.35,0.796302,0.0
13.0345,0.0186943,132.865,0.806226,0.0
13.0191,0.0190858,132.497,0.822309,0.0
13.0034,0.0182595,133.233,0.793564,0.0
13.0069,0.0185752,133.049,0.782614,0.0
13.0003,0.0184108,132.564,0.801093,0.0
12.9744,0.0182759,133.116,0.800751,0.0
12.972,0.0184599,133.317,0.792538,0.0
13.02,0.0183968,133.199,0.808964,0.0
13.0396,0.0183274,133.618,0.798697,0.0
13.012,0.0183439,133.601,0.80691,0.0
13.0259,0.0186734,133.668,0.799382,0.0
13.0469,0.0184716,135.107,0.828469,0.0
13.0131,0.0185518,133.735,0.822994,0.0
12.9755,0.0182672,131.995,0.805884,0.0
12.9694,0.0180803,133.768,0.805542,0.0
12.9916,0.0185766,132.129,0.798355,0.0
12.9845,0.0185053,132.815,0.811359,0.0
12.9718,0.0182471,133.434,0.810675,0.0
12.9936,0.0183033,133.149,0.814439,0.0
12.9779,0.0185951,131.426,0.81307,0.0
12.9533,0.0188608,133.45,0.80691,0.0
12.9779,0.0187045,133.534,0.782272,0.0
12.9717,0.0185308,132.43,0.801777,0.0
12.9659,0.0185141,132.079,0.803831,0.0
13.0031,0.0181903,133.685,0.796644,0.0
13.0106,0.0184564,132.714,0.803831,0.0
12.9686,0.0188112,132.196,0.795275,0.0
12.968,0.0187793,132.798,0.807253,0.0
12.9795,0.0185865,133.099,0.811701,0.0
12.9774,0.0187977,132.647,0.791511,0.0
12.9751,0.0184538,132.547,0.77577,0.0
12.967,0.0185367,133.032,0.790827,0.0
13.0041,0.018578,134.705,0.813754,0.0
13.0308,0.0184613,132.129,0.795275,0.0
12.9962,0.0183098,133.651,0.79288,0.0
12.9753,0.0187275,133.082,0.809306,0.0
12.985,0.0184403,132.698,0.812043,0.0
12.9967,0.0186099,133.969,0.835313,0.0
13.0025,0.0183757,133.032,0.808964,0.0
13.0025,0.0181226,133.066,0.796644,0.0
12.9779,0.0188093,133.216,0.788774,0.0
12.9731,0.0182946,131.911,0.801435,0.0
12.9953,0.0183247,132.999,0.791511,0.0
12.9673,0.0180982,132.212,0.786036,0.0
12.9583,0.0190583,133.317,0.788431,0.0
12.9904,0.0187679,133.216,0.808621,0.0
12.9631,0.0189082,132.313,0.831549,0.0
12.9425,0.0185694,132.263,0.796302,0.0
12.9911,0.0190638,134.555,0.809648,0.0
12.9795,0.0184015,132.982,0.791169,0.0
12.9667,0.0181555,132.045,0.822994,0.0
12.9845,0.0182694,133.835,0.790142,0.0
12.9675,0.0188454,133.568,0.814439,0.0
12.9579,0.0181127,133.885,0.80691,0.0
12.9798,0.0186363,133.25,0.822309,0.0
12.9777,0.0179336,132.965,0.793222,0.0
12.9721,0.0181004,132.296,0.808279,0.0
12.9902,0.0185521,132.581,0.800408,0.0
12.9851,0.0186283,133.233,0.81615,0.0
12.9678,0.0183524,133.333,0.805884,0.0
12.9735,0.0181459,132.798,0.801093,0.0
12.9886,0.0184342,133.066,0.813754,0.0
12.9978,0.0186427,133.634,0.812728,0.0
12.9938,0.0184574,133.283,0.810332,0.0
12.9782,0.0184849,133.032,0.796644,0.0
12.9805,0.0190971,132.882,0.823336,0.0
12.9808,0.0184792,131.844,0.803146,0.0
12.9645,0.0183333,133.434,0.778165,0.0
12.9668,0.0183929,133.066,0.79288,0.0
12.9572,0.0184562,132.765,0.814097,0.0
12.9464,0.0185729,132.028,0.815808,0.0
12.9771,0.0185745,133.082,0.811701,0.0
12.9765,0.0186703,133.367,0.810332,0.0
12.9499,0.0184427,134.688,0.805884,0.0
12.9669,0.0183525,132.781,0.798355,0.0
12.9692,0.0187108,133.568,0.804857,0.0
12.9543,0.0179455,133.785,0.78672,0.0
12.9817,0.0183667,134.488,0.805199,0.0
13.0076,0.0182718,131.978,0.807937,0.0
12.9857,0.0185334,132.915,0.815123,0.0
12.9621,0.0188281,133.216,0.81615,0.0
12.9578,0.0184743,132.664,0.797329,0.0
12.9358,0.0187022,134.203,0.835655,0.0
12.9309,0.0188406,132.196,0.812386,0.0
12.9715,0.0184344,132.279,0.802804,0.0
12.979,0.0185224,132.865,0.826074,0.0
12.9529,0.0191883,132.765,0.803831,0.0
12.9194,0.0189472,133.651,0.800408,0.0
12.9095,0.0184627,133.032,0.783641,0.0
12.9608,0.0183474,132.949,0.807937,0.0
12.9812,0.0190566,132.463,0.799382,0.0
12.9595,0.0186504,133.384,0.811701,0.0
12.9645,0.0179434,133.049,0.79288,0.0
12.9448,0.0180484,132.681,0.813412,0.0
12.9252,0.0185075,134.755,0.815465,0.0
12.9089,0.0183976,133.266,0.782272,0.0
12.9191,0.0184305,133.317,0.797671,0.0
12.968,0.0184251,131.945,0.803146,0.0
12.9487,0.0181702,132.564,0.803146,0.0
12.9407,0.0182807,132.196,0.807253,0.0
12.9468,0.0183109,132.865,0.807253,0.0
12.9288,0.0180254,131.895,0.80999,0.0
12.9596,0.0184076,131.694,0.792538,0.0
12.9906,0.0183758,133.718,0.795275,0.0
12.9582,0.01845,133.45,0.797329,0.0
12.936,0.0187111,133.149,0.806568,0.0
12.9439,0.0187879,132.279,0.791169,0.0
12.9275,0.018446,134.17,0.79288,0.0
12.9409,0.0185932,133.735,0.811701,0.0
12.9571,0.0184666,133.384,0.790827,0.0
12.9506,0.0187351,132.413,0.830522,0.0
12.9623,0.0188369,132.631,0.799724,0.0
12.9524,0.0190623,132.798,0.786378,0.0
12.922,0.0186267,133.283,0.808279,0.0
12.9342,0.0187643,132.831,0.809306,0.0
12.9509,0.0186765,132.965,0.81615,0.0
12.9282,0.0188309,132.898,0.7898,0.0
12.9368,0.0186608,133.35,0.810332,0.0
12.9474,0.0185357,133.133,0.790827,0.0
12.9163,0.0186094,133.802,0.801093,0.0
12.9244,0.0188152,132.079,0.805199,0.0
12.9412,0.0185042,133.149,0.790485,0.0
12.916,0.018537,132.748,0.804173,0.0
12.9239,0.0185765,132.413,0.811017,0.0
12.9596,0.0186538,131.008,0.79288,0.0
12.9459,0.0182259,131.995,0.807595,0.0
12.9285,0.0182251,131.811,0.786378,0.0
12.938,0.0181901,133.417,0.807937,0.0
12.9639,0.0186613,133.768,0.80691,0.0
12.9734,0.018767,132.915,0.802119,0.0
12.95,0.0185786,132.396,0.822309,0.0
12.9351,0.0186135,132.848,0.80999,0.0
12.9393,0.0184718,133.166,0.813412,0.0
12.9374,0.0187542,132.731,0.809306,0.0
12.9468,0.0190144,132.815,0.810332,0.0
12.95,0.0187124,132.514,0.788431,0.0
12.9396,0.0187296,133.4,0.828469,0.0
12.9309,0.0186398,132.33,0.795275,0.0
12.9185,0.0187974,133.283,0.817176,0.0
12.9309,0.0181926,131.794,0.809306,0.0
12.9465,0.0183759,132.614,0.806568,0.0
12.9585,0.0187178,133.216,0.811701,0.0
12.9558,0.0188702,133.099,0.7898,0.0
12.9374,0.0182148,132.38,0.790827,0.0
12.9303,0.0182862,133.417,0.800066,0.0
12.9391,0.0180462,132.581,0.812728,0.0
12.9352,0.0184312,131.527,0.802462,0.0
12.9403,0.0185995,133.484,0.798013,0.0
12.9508,0.0187846,132.547,0.793222,0.0
12.9297,0.018442,133.969,0.804515,0.0
12.947,0.0181392,130.941,0.803146,0.0
12.9567,0.0182855,134.471,0.811359,0.0
12.9501,0.0183229,132.781,0.788089,0.0
12.9392,0.0186589,132.597,0.823336,0.0
12.9219,0.0180616,133.049,0.805199,0.0
12.9287,0.018467,133.166,0.801093,0.0
12.9444,0.0183251,133.534,0.81615,0.0
12.9211,0.0186492,134.086,0.817176,0.0
12.8915,0.0189564,133.467,0.821967,0.0
12.9286,0.0188667,131.61,0.78193,0.0
12.9303,0.0181757,133.049,0.770637,0.0
12.9209,0.0182219,132.798,0.801435,0.0
12.9348,0.0186189,132.246,0.791511,0.0
12.9469,0.0186375,133.216,0.790485,0.0
12.9525,0.0185538,133.049,0.812043,0.0
12.9412,0.0182441,134.019,0.809648,0.0
12.9328,0.0187782,131.978,0.803146,0.0
12.9179,0.0185883,133.015,0.798355,0.0
12.9565,0.0184249,133.283,0.800751,0.0
12.9799,0.0186134,132.313,0.802119,0.0
12.9345,0.0189864,133.149,0.812043,0.0
12.9349,0.0183634,133.852,0.809648,0.0
12.9585,0.0182296,132.38,0.798355,0.0
12.9636,0.0185314,132.664,0.792196,0.0
12.982,0.0189146,132.731,0.800408,0.0
12.9675,0.0181475,133.283,0.817519,0.0
12.9395,0.0185104,133.384,0.787747,0.0
12.9229,0.0187196,133.384,0.802462,0.0
12.9219,0.0187092,132.999,0.805199,0.0
12.9579,0.0181134,131.727,0.832233,0.0
12.9473,0.0187911,133.534,0.798697,0.0
12.9146,0.0187003,132.497,0.823678,0.0
12.9137,0.0178903,131.811,0.7898,0.0
12.9335,0.0182092,133.45,0.807253,0.0
12.967,0.0184095,133.952,0.819914,0.0
12.9547,0.0185542,132.765,0.802119,0.0
12.9189,0.0187186,131.51,0.804173,0.0
12.9289,0.0184233,132.179,0.815808,0.0
12.9174,0.0182288,132.212,0.777823,0.0
12.9214,0.0184364,133.3,0.799382,0.0
12.9579,0.018065,132.681,0.810332,0.0
12.9484,0.0184525,133.902,0.828469,0.0
12.9404,0.0182429,132.915,0.793564,0.0
12.9653,0.0184965,132.865,0.820941,0.0
12.9538,0.0183862,133.952,0.793907,0.0
12.9123,0.0185394,132.564,0.79904,0.0
12.9234,0.0183616,133.216,0.804173,0.0
12.9311,0.0183343,132.898,0.78672,0.0
12.9092,0.0184298,132.965,0.809648,0.0
12.9375,0.0182583,132.631,0.822652,0.0
12.9442,0.0185462,131.878,0.789458,0.0
12.9123,0.0182844,132.614,0.801777,0.0
12.9078,0.0183591,132.547,0.797671,0.0
12.9316,0.0183481,133.802,0.801093,0.0
12.9376,0.0180778,133.735,0.819572,0.0
12.9278,0.0185115,132.714,0.811359,0.0
12.9209,0.0182238,132.296,0.787063,0.0
12.934,0.0182441,133.618,0.798355,0.0
12.9442,0.0178715,134.053,0.802119,0.0
12.9377,0.0186973,132.447,0.798697,0.0
12.9358,0.0184759,134.103,0.819572,0.0
12.935,0.0186234,132.698,0.807253,0.0
12.9208,0.0186092,132.765,0.823678,0.0
12.9264,0.0174241,134.371,0.810675,0.0
12.9466,0.0182288,134.069,0.791511,0.0
12.9135,0.018566,133.551,0.826416,0.0
12.9133,0.0182621,134.956,0.779534,0.0
12.9504,0.0181251,131.727,0.807937,0.0
12.9159,0.0181482,132.363,0.806226,0.0
12.9003,0.0182409,133.283,0.808964,0.0
12.9537,0.0182193,132.647,0.805884,0.0
12.9341,0.0181762,133.116,0.796986,0.0
12.9171,0.0184912,131.493,0.791511,0.0
12.94,0.0184895,132.848,0.801777,0.0
12.9288,0.0180195,133.099,0.812043,0.0
12.954,0.0184066,132.949,0.809306,0.0
12.9534,0.0184772,131.008,0.822994,0.0
12.9101,0.0188602,131.861,0.805542,0.0
12.9304,0.0186283,133.367,0.79288,0.0
12.9514,0.0186226,131.593,0.790142,0.0
12.9485,0.0180889,133.802,0.809306,0.0
12.9353,0.0184259,133.082,0.81307,0.0
12.9265,0.0185666,132.279,0.801093,0.0
12.9307,0.0186045,133.752,0.793907,0.0
12.9271,0.0185828,132.765,0.791511,0.0
12.9412,0.018192,133.4,0.796302,0.0
12.962,0.0185776,133.634,0.801777,0.0
12.9239,0.0186245,134.036,0.80999,0.0
12.9006,0.0183896,132.664,0.809648,0.0
12.9322,0.0182319,133.25,0.809306,0.0
12.9204,0.0180764,133.166,0.803831,0.0
12.9075,0.0182746,132.179,0.811701,0.0
12.9319,0.0181161,134.103,0.819914,0.0
12.9188,0.0185804,132.095,0.811359,0.0
12.9101,0.018131,133.032,0.807595,0.0
12.9215,0.0182872,131.593,0.819914,0.0
12.9403,0.0187851,132.731,0.816492,0.0
12.9436,0.0186161,132.363,0.811701,0.0
12.912,0.0185959,133.032,0.813412,0.0
12.9273,0.0186506,130.807,0.809648,0.0
12.951,0.0184094,132.631,0.809306,0.0
12.9333,0.0185336,134.12,0.81307,0.0
12.9338,0.0185605,132.664,0.782272,0.0
12.9508,0.0185695,132.48,0.805542,0.0
12.9246,0.0184959,133.116,0.803146,0.0
12.8847,0.018532,132.547,0.794933,0.0
12.9084,0.0183652,132.831,0.79596,0.0
12.9563,0.0186417,132.831,0.801435,0.0
12.9605,0.0187009,132.614,0.822309,0.0
12.9142,0.0183863,132.413,0.797671,0.0
12.8864,0.0186286,132.129,0.807937,0.0
12.8961,0.018432,131.878,0.803488,0.0
12.9051,0.0183538,133.568,0.803831,0.0
12.9456,0.0181964,132.932,0.803146,0.0
12.9397,0.018324,133.233,0.790485,0.0
12.9137,0.0186656,133.283,0.803831,0.0
12.9437,0.0188378,132.765,0.774059,0.0
12.9359,0.0178871,132.514,0.79596,0.0
12.914,0.0183451,133.752,0.793907,0.0
12.9445,0.0185809,133.082,0.80691,0.0
12.9357,0.0187099,133.885,0.799724,0.0
12.9054,0.0188622,132.714,0.801777,0.0
12.9208,0.0183649,133.735,0.806226,0.0
12.9538,0.0183591,134.471,0.807253,0.0
12.9251,0.0184781,133.634,0.799382,0.0
12.8933,0.0180589,133.384,0.770637,0.0
12.93,0.0179984,132.798,0.805542,0.0
12.9554,0.0181734,133.015,0.801777,0.0
12.9394,0.0179612,133.936,0.80999,0.0
12.9204,0.0180681,133.651,0.804515,0.0
12.8987,0.0188701,133.049,0.804173,0.0
12.9033,0.0187341,133.199,0.798355,0.0
12.9205,0.0184865,133.634,0.7898,0.0
12.9362,0.018829,132.012,0.805199,0.0
12.9313,0.0187009,132.179,0.793564,0.0
12.9135,0.0183692,132.965,0.808279,0.0
12.9291,0.0184743,132.196,0.793907,0.0
12.9194,0.0181849,132.028,0.805884,0.0
12.9008,0.0178445,133.317,0.796986,0.0
12.9218,0.0186849,132.313,0.786036,0.0
12.9253,0.0183525,133.25,0.796302,0.0
12.9312,0.0182546,134.036,0.822652,0.0
12.9377,0.0184622,132.748,0.800408,0.0
12.9307,0.0187247,133.233,0.804515,0.0
12.949,0.017865,132.681,0.805199,0.0
12.9279,0.0179777,132.999,0.785694,0.0
12.8909,0.0184348,133.785,0.791853,0.0
12.9342,0.0181697,134.069,0.790142,0.0
12.9635,0.0184407,135.006,0.787405,0.0
12.9293,0.0181748,131.811,0.810332,0.0
12.9313,0.0181165,134.053,0.813754,0.0
12.9698,0.018606,132.363,0.788431,0.0
12.9514,0.0186834,132.865,0.790485,0.0
12.8898,0.0181602,133.233,0.806568,0.0
12.9374,0.018563,131.61,0.80999,0.0
12.9765,0.018945,133.869,0.825047,0.0
12.9255,0.0185149,132.731,0.799382,0.0
12.9046,0.0182209,131.962,0.791169,0.0
12.9312,0.0184878,133.785,0.813412,0.0
12.9472,0.0181659,133.35,0.812728,0.0
12.9359,0.0182611,133.116,0.816834,0.0
12.9346,0.0186184,134.588,0.801777,0.0
12.9104,0.0180847,134.086,0.800408,0.0
12.9009,0.0185007,134.555,0.800066,0.0
12.9346,0.0183145,133.601,0.788774,0.0
12.9196,0.0182392,133.133,0.809306,0.0
12.9067,0.0180684,133.199,0.809648,0.0
12.9272,0.0185853,133.467,0.80999,0.0
12.9119,0.0182627,133.701,0.812386,0.0
12.9224,0.0185752,134.739,0.814097,0.0
12.9484,0.0185198,132.497,0.825731,0.0
12.9328,0.0185325,132.714,0.807595,0.0
12.9258,0.0185295,132.179,0.802462,0.0
12.908,0.0181359,132.865,0.826758,0.0
12.9126,0.0181396,133.099,0.817861,0.0
12.9368,0.0178579,132.681,0.814439,0.0
12.9148,0.0179884,132.597,0.829838,0.0
12.8923,0.0180511,134.053,0.809306,0.0
12.9217,0.0185893,133.233,0.815465,0.0
12.9216,0.018488,134.069,0.810332,0.0
12.9098,0.0187203,132.614,0.797671,0.0
12.9193,0.018524,133.333,0.827442,0.0
12.8988,0.0188817,133.986,0.807253,0.0
12.9078,0.0182721,132.313,0.775428,0.0
12.9395,0.0185576,133.283,0.797671,0.0
12.9366,0.0186412,133.082,0.798013,0.0
12.9198,0.018577,132.982,0.790827,0.0
12.8807,0.0186508,133.45,0.800408,0.0
12.9099,0.0186372,133.3,0.812043,0.0
12.9472,0.0185211,133.183,0.806568,0.0
12.9175,0.0187879,132.547,0.811701,0.0
12.8939,0.0178078,132.865,0.794249,0.0
12.9105,0.0181696,134.571,0.799724,0.0
12.9276,0.0190356,131.844,0.805199,0.0
12.9187,0.0190356,132.681,0.80691,0.0
12.9401,0.0183239,134.488,0.80691,0.0
12.9513,0.0184801,133.501,0.803488,0.0
12.917,0.0180024,133.752,0.799724,0.0
12.9235,0.0186032,133.651,0.832918,0.0
12.9479,0.0184441,132.313,0.77885,0.0
12.9162,0.0185929,134.237,0.835655,0.0
12.8851,0.0184831,132.497,0.813412,0.0
12.913,0.0184888,132.095,0.801435,0.0
12.9373,0.0182139,132.497,0.802804,0.0
12.9374,0.0179613,133.417,0.800066,0.0
12.9298,0.0187203,132.681,0.791511,0.0
12.9149,0.0188043,132.915,0.788431,0.0
12.9271,0.0188856,133.501,0.796302,0.0
12.9686,0.0189886,133.233,0.788774,0.0
12.9423,0.0184638,132.949,0.801093,0.0
12.9318,0.0185863,133.534,0.802119,0.0
12.9468,0.0187428,131.962,0.804857,0.0
12.9056,0.0190745,133.25,0.822652,0.0
12.8835,0.0188321,134.304,0.808279,0.0
12.9075,0.0184954,132.497,0.809306,0.0
12.8879,0.0185803,132.246,0.817861,0.0
12.8902,0.0184162,133.501,0.799382,0.0
12.9433,0.0182615,133.049,0.800066,0.0
12.9206,0.0184464,131.911,0.801777,0.0
12.9033,0.0180052,133.852,0.804173,0.0
12.9489,0.0185878,132.346,0.814781,0.0
12.9035,0.0180181,131.66,0.80999,0.0
12.8643,0.0178883,133.919,0.782272,0.0
12.9369,0.0187875,134.036,0.81307,0.0
12.9236,0.0184336,132.631,0.805542,0.0
12.8992,0.0183576,134.053,0.787405,0.0
12.941,0.0183497,132.915,0.807595,0.0
12.9388,0.0185084,134.153,0.783641,0.0
12.921,0.018697,132.179,0.808964,0.0
12.9306,0.0184784,131.828,0.790485,0.0
12.9263,0.0186065,134.822,0.793907,0.0
12.9103,0.0185361,131.644,0.814097,0.0
12.9101,0.0183458,133.317,0.793907,0.0
12.9306,0.0184071,133.517,0.798013,0.0
12.917,0.0185557,133.116,0.810675,0.0
12.9201,0.0180599,132.079,0.788089,0.0
12.9391,0.0187866,134.036,0.808964,0.0
12.916,0.0183574,132.698,0.796302,0.0
12.9257,0.0183969,134.019,0.820598,0.0
12.9484,0.0184773,131.593,0.805199,0.0
12.9177,0.0185562,132.581,0.790142,0.0
12.9197,0.0183852,133.902,0.801777,0.0
12.9496,0.0186022,133.133,0.793222,0.0
12.9369,0.018267,133.233,0.83634,0.0
12.9048,0.0184006,132.346,0.803488,0.0
12.9061,0.0186324,133.919,0.809648,0.0
12.9328,0.018526,132.815,0.804857,0.0
12.9245,0.018296,132.129,0.827442,0.0
12.9182,0.0183895,133.367,0.805199,0.0
12.9389,0.0188703,133.216,0.826758,0.0
12.9467,0.018824,132.831,0.801435,0.0
12.9153,0.0186149,132.396,0.799724,0.0
12.8907,0.0182461,131.644,0.805884,0.0
12.8756,0.018276,132.748,0.801093,0.0
12.8989,0.0180425,133.183,0.802119,0.0
12.9082,0.0185846,134.069,0.801777,0.0
12.8837,0.018567,132.363,0.804857,0.0
12.8724,0.0183085,132.396,0.804515,0.0
12.8828,0.0181557,133.634,0.807937,0.0
12.9181,0.018735,132.848,0.80691,0.0
12.9371,0.0184123,133.283,0.801093,0.0
12.914,0.0186853,132.765,0.807937,0.0
12.9082,0.0185444,133.133,0.802804,0.0
12.9249,0.0185933,133.015,0.797329,0.0
12.9116,0.0180573,132.865,0.797671,0.0
12.9043,0.0180232,133.049,0.795618,0.0
12.9128,0.0185436,131.66,0.813754,0.0
12.8974,0.0183151,132.447,0.814439,0.0
12.8872,0.0183159,132.681,0.803146,0.0
12.9068,0.0187726,132.413,0.783298,0.0
12.9073,0.0182023,133.216,0.817861,0.0
12.9216,0.0187888,131.46,0.794933,0.0
12.9522,0.0187313,132.296,0.802804,0.0
12.9387,0.0187937,134.086,0.795618,0.0
12.9099,0.0187618,131.928,0.803831,0.0
12.9026,0.0183237,132.932,0.809648,0.0
12.9102,0.0191112,132.915,0.822309,0.0
12.9178,0.0188291,133.417,0.807595,0.0
12.9254,0.0187076,133.551,0.802804,0.0
12.9337,0.0185376,133.969,0.823336,0.0
12.92,0.018609,132.396,0.81923,0.0
12.9236,0.0181084,133.668,0.803146,0.0
12.9492,0.0185454,133.367,0.811359,0.0
12.9367,0.0182502,130.924,0.80999,0.0
12.8852,0.0178828,132.028,0.80691,0.0
12.8797,0.0178302,131.393,0.787405,0.0
12.9223,0.0185778,132.681,0.80999,0.0
12.9468,0.0183968,132.982,0.798697,0.0
12.9375,0.0182561,132.982,0.791169,0.0
12.9268,0.018768,132.714,0.798697,0.0
12.9244,0.0184433,134.956,0.787747,0.0
12.9298,0.0181432,133.266,0.820941,0.0
12.9587,0.0183331,132.982,0.78193,0.0
12.946,0.0184688,132.815,0.785694,0.0
12.9333,0.0178736,132.346,0.777139,0.0
12.9585,0.0189112,133.116,0.79288,0.0
12.9259,0.0186456,132.681,0.824363,0.0
12.8776,0.0184664,133.216,0.812043,0.0
12.8795,0.0186051,131.727,0.810332,0.0
12.8977,0.0180521,132.898,0.799382,0.0
12.9203,0.0186797,133.45,0.802462,0.0
12.9272,0.0186088,131.593,0.802804,0.0
12.9297,0.0183887,132.547,0.810675,0.0
12.9135,0.0181304,132.012,0.80999,0.0
12.9165,0.0180284,131.51,0.801093,0.0
12.9344,0.0185767,132.999,0.794591,0.0
12.9075,0.018739,131.727,0.775428,0.0
12.8923,0.0181385,132.045,0.798013,0.0
12.8952,0.0178492,133.517,0.793222,0.0
12.9173,0.0182005,134.237,0.806568,0.0
12.8997,0.0182463,132.831,0.778165,0.0
12.8996,0.0180977,133.283,0.787405,0.0
12.9531,0.0185676,132.882,0.771664,0.0
12.9204,0.0182233,130.623,0.786378,0.0
12.8906,0.0184224,132.43,0.807595,0.0
12.9161,0.0181143,132.112,0.822652,0.0
12.9209,0.0186218,134.454,0.808621,0.0
12.9452,0.0184656,132.095,0.805542,0.0
12.9203,0.0182343,132.43,0.798013,0.0
12.8915,0.0181708,134.12,0.810675,0.0
12.9183,0.0185949,133.082,0.807595,0.0
12.9365,0.0180144,132.999,0.81615,0.0
12.9315,0.0179794,132.413,0.804173,0.0
12.9071,0.018772,133.099,0.81615,0.0
12.8873,0.0183396,133.634,0.787747,0.0
12.8842,0.0181728,132.631,0.795618,0.0
12.9021,0.017784,132.915,0.815808,0.0
12.9029,0.0183708,133.233,0.807253,0.0
12.8795,0.018479,132.296,0.822309,0.0
12.8934,0.0184679,131.995,0.798355,0.0
12.9279,0.0179342,131.677,0.807595,0.0
12.9111,0.0183772,133.116,0.805884,0.0
12.9009,0.0178563,131.326,0.806226,0.0
12.9296,0.0186932,131.577,0.79288,0.0
12.9357,0.0183591,134.371,0.808621,0.0
12.9189,0.0181505,131.376,0.783641,0.0
12.8887,0.0183972,132.514,0.785694,0.0
12.8934,0.0182126,134.906,0.792538,0.0
12.9187,0.0181526,132.095,0.816834,0.0
12.9219,0.0181203,132.463,0.810332,0.0
12.9132,0.0188388,131.878,0.797329,0.0
12.9074,0.0180668,133.551,0.802804,0.0
12.9248,0.0186678,133.517,0.808964,0.0
12.9385,0.0189161,131.811,0.814439,0.0
12.9139,0.0186818,132.714,0.809648,0.0
12.9281,0.0184406,131.577,0.804515,0.0
12.9404,0.0181825,133.869,0.824363,0.0
12.9059,0.0184435,132.095,0.798697,0.0
12.9108,0.0179937,132.028,0.787063,0.0
12.9262,0.0185036,132.915,0.783298,0.0
12.9144,0.0185852,132.698,0.797329,0.0
12.9212,0.0180034,133.818,0.825389,0.0
12.925,0.0184299,133.668,0.817519,0.0
12.9157,0.0187623,132.079,0.787747,0.0
12.8982,0.0182882,133.434,0.801435,0.0
12.9051,0.0183859,133.417,0.805884,0.0
12.9202,0.0180542,132.346,0.821967,0.0
12.897,0.0182029,131.677,0.791853,0.0
12.8984,0.0184719,135.408,0.821283,0.0
12.9068,0.0184701,132.915,0.817861,0.0
12.8637,0.0184474,133.082,0.816492,0.0
12.8703,0.0188716,132.263,0.829838,0.0
12.925,0.0183987,134.755,0.822994,0.0
12.9084,0.018058,132.597,0.818545,0.0
12.8796,0.018303,133.066,0.807595,0.0
12.9103,0.0181037,130.724,0.813754,0.0
12.9038,0.0182801,131.56,0.804173,0.0
12.879,0.018217,132.815,0.798697,0.0
12.8909,0.0187653,131.727,0.796986,0.0
12.9147,0.0186215,132.012,0.79596,0.0
12.9291,0.0181885,132.614,0.798697,0.0
12.9284,0.0184198,133.35,0.81923,0.0
12.9107,0.0184145,134.571,0.814781,0.0
12.9018,0.0184472,135.475,0.81923,0.0
12.9297,0.0184996,132.413,0.805199,0.0
12.9533,0.0188582,132.999,0.808279,0.0
12.9226,0.0185922,132.463,0.800066,0.0
12.8887,0.018612,132.915,0.803488,0.0
12.8827,0.0180662,131.259,0.818887,0.0
12.9061,0.0185467,133.534,0.801777,0.0
12.9231,0.018252,132.296,0.826074,0.0
12.9185,0.0185769,132.045,0.804173,0.0
12.9086,0.0180071,131.51,0.822994,0.0
12.8792,0.0179862,133.4,0.796302,0.0
12.8858,0.0181943,132.296,0.798697,0.0
12.9253,0.0182754,132.597,0.801093,0.0
12.9036,0.0186099,134.839,0.803488,0.0
12.8724,0.0185422,132.765,0.791511,0.0
12.9114,0.0186388,132.062,0.793907,0.0
12.9092,0.0182444,133.952,0.790827,0.0
12.8759,0.0184412,134.086,0.821967,0.0
12.9173,0.0181734,132.765,0.825731,0.0
12.9246,0.0191172,131.61,0.788774,0.0
12.9,0.0182527,134.454,0.777481,0.0
12.915,0.0182271,133.199,0.796644,0.0
12.9241,0.0180713,133.35,0.81307,0.0
12.9172,0.0181052,131.426,0.787405,0.0
12.9076,0.0185541,134.337,0.817519,0.0
12.9235,0.0188212,132.079,0.812043,0.0
12.9229,0.0190739,132.698,0.795275,0.0
12.9024,0.0186356,134.053,0.80691,0.0
12.8795,0.0184355,133.082,0.817861,0.0
12.8656,0.0183927,131.995,0.79288,0.0
12.9004,0.0182083,133.4,0.803488,0.0
12.9205,0.0184956,132.631,0.80691,0.0
12.9085,0.0191734,132.48,0.816834,0.0
12.9035,0.0186492,131.711,0.819914,0.0
12.8946,0.0184212,133.768,0.827442,0.0
12.9057,0.0184283,133.133,0.817519,0.0
12.9198,0.0181706,133.484,0.798697,0.0
12.9198,0.0182855,132.363,0.808279,0.0
12.9223,0.0183598,132.932,0.782614,0.0
12.926,0.0183386,133.501,0.803146,0.0
12.9246,0.0184146,133.484,0.817176,0.0
12.9157,0.0183239,133.317,0.812043,0.0
12.9299,0.0184449,133.082,0.823678,0.0
12.948,0.0180597,133.367,0.790827,0.0
12.9159,0.018374,132.798,0.814781,0.0
12.8826,0.0182249,131.627,0.813754,0.0
12.8978,0.0187036,133.066,0.830864,0.0
12.9296,0.0184753,132.614,0.773717,0.0
12.8911,0.0184876,133.4,0.809306,0.0
12.8687,0.0183924,134.371,0.814781,0.0
12.9187,0.0185872,134.153,0.814097,0.0
12.9195,0.0184801,131.56,0.814781,0.0
12.8881,0.0185094,133.35,0.811359,0.0
12.9132,0.0182146,132.514,0.804515,0.0
12.9215,0.0185579,134.203,0.79904,0.0
12.9225,0.018164,133.685,0.812728,0.0
12.9272,0.0184017,131.593,0.811701,0.0
12.9101,0.0182749,132.765,0.801435,0.0
12.9161,0.0178939,132.949,0.79596,0.0
12.929,0.0184224,133.032,0.792538,0.0
12.8977,0.0183576,133.768,0.798355,0.0
12.9011,0.0184205,132.698,0.822309,0.0
12.91,0.0185138,132.313,0.808621,0.0
12.907,0.0182633,133.467,0.79904,0.0
12.8908,0.0187744,132.279,0.79596,0.0
12.891,0.0185396,132.396,0.818887,0.0
12.9036,0.0187105,134.287,0.795618,0.0
12.8924,0.018718,133.384,0.815808,0.0
12.8811,0.0184269,132.999,0.807595,0.0
12.9109,0.0186527,133.032,0.795618,0.0
12.924,0.0184629,132.564,0.7898,0.0
12.9125,0.0184186,132.815,0.789458,0.0
12.9194,0.0181434,133.166,0.811359,0.0
12.9113,0.0182598,133.484,0.812386,0.0
12.9153,0.018258,134.588,0.826074,0.0
12.902,0.0183595,133.584,0.800066,0.0
12.9014,0.0186521,131.828,0.798013,0.0
12.9269,0.0182545,133.45,0.830864,0.0
12.9199,0.0183779,133.768,0.823336,0.0
12.9101,0.0184556,132.999,0.812728,0.0
12.9376,0.0182978,133.032,0.800066,0.0
12.9378,0.0186126,133.517,0.798355,0.0
12.9165,0.0184198,133.534,0.801777,0.0
12.91,0.0183485,132.146,0.794591,0.0
12.8932,0.0191296,133.233,0.804857,0.0
12.8989,0.018718,133.183,0.803146,0.0
12.9181,0.0187389,134.571,0.798355,0.0
12.9063,0.0183985,131.242,0.798013,0.0
12.8874,0.018245,133.467,0.804515,0.0
12.886,0.018392,132.999,0.80999,0.0
12.9122,0.0186046,132.079,0.814781,0.0
12.9179,0.0184958,132.681,0.801777,0.0
12.8955,0.0185889,134.003,0.795275,0.0
12.9065,0.0187845,135.174,0.806568,0.0
12.9289,0.0187434,132.731,0.814781,0.0
12.9133,0.0186836,132.38,0.797329,0.0
12.8911,0.0186219,132.514,0.800408,0.0
12.8793,0.0180089,132.731,0.805884,0.0
12.9121,0.0181676,133.869,0.799382,0.0
12.9358,0.0186555,133.35,0.825389,0.0
12.9082,0.0183492,132.095,0.818545,0.0
12.8967,0.0180153,132.614,0.806568,0.0
12.9138,0.0189015,131.443,0.776454,0.0
12.9195,0.0191615,133.484,0.792196,0.0
12.9362,0.0184762,133.384,0.803488,0.0
12.9331,0.0181839,132.346,0.788774,0.0
12.9029,0.0189848,132.898,0.797671,0.0
12.9086,0.0181553,132.43,0.800408,0.0
12.893,0.018147,134.12,0.831549,0.0
12.8984,0.0180657,132.581,0.810675,0.0
12.9189,0.0186786,132.831,0.808279,0.0
12.8964,0.0182014,133.266,0.800408,0.0
12.8884,0.0180629,132.313,0.802119,0.0
12.9005,0.0180716,133.852,0.796986,0.0
12.8917,0.018313,131.727,0.807253,0.0
12.9038,0.0180519,135.207,0.805884,0.0
12.9184,0.0178768,135.358,0.801777,0.0
12.8805,0.0178947,132.079,0.801093,0.0
12.8726,0.0184805,132.647,0.791511,0.0
12.9156,0.0183115,131.777,0.813754,0.0
12.9253,0.0186443,132.028,0.792196,0.0
12.9241,0.0182811,132.129,0.816492,0.0
12.9129,0.0186044,134.705,0.828469,0.0
12.8883,0.0187199,132.597,0.816492,0.0
12.8867,0.0185932,131.527,0.793907,0.0
12.8901,0.0185964,131.058,0.800066,0.0
12.88,0.018372,132.915,0.812386,0.0
12.9013,0.0185257,131.593,0.818887,0.0
12.9075,0.0181737,131.56,0.8271,0.0
12.9156,0.0187855,132.112,0.801435,0.0
12.9447,0.0188575,133.199,0.791853,0.0
12.9304,0.0183438,131.861,0.792538,0.0
12.9134,0.0183021,133.4,0.803831,0.0
12.9544,0.0183135,131.276,0.791169,0.0
12.9473,0.0187101,133.852,0.807937,0.0
12.901,0.0188977,131.61,0.807253,0.0
12.905,0.0186771,132.43,0.800751,0.0
12.93,0.0184922,133.618,0.794933,0.0
12.9259,0.0187915,132.53,0.808964,0.0
12.9241,0.0182344,131.46,0.801093,0.0
12.9102,0.018608,132.798,0.815123,0.0
12.8838,0.0183322,132.765,0.796302,0.0
12.8868,0.018287,131.343,0.816834,0.0
12.9,0.0188524,134.036,0.792196,0.0
12.9279,0.0186488,134.337,0.798355,0.0
12.9399,0.018164,132.647,0.79904,0.0
12.9244,0.0183048,132.714,0.800408,0.0
12.9181,0.0183026,131.895,0.791853,0.0
12.9207,0.0181604,132.045,0.808621,0.0
12.9114,0.0181717,133.015,0.799382,0.0
12.91,0.0182038,132.698,0.788774,0.0
12.89,0.0185342,133.517,0.822652,0.0
12.8981,0.0187707,132.564,0.822994,0.0
12.918,0.0182985,133.133,0.803488,0.0
12.8857,0.0187614,132.413,0.811701,0.0
12.8802,0.0185944,134.638,0.791853,0.0
12.9182,0.0188062,132.932,0.825047,0.0
12.928,0.0182466,134.371,0.794933,0.0
12.9543,0.018858,132.932,0.819914,0.0
12.9552,0.0191691,132.012,0.805884,0.0
12.89,0.0189913,132.731,0.807595,0.0
12.888,0.0188246,132.497,0.810675,0.0
12.9253,0.0190264,131.962,0.799724,0.0
12.9315,0.0183931,130.74,0.809306,0.0
12.9214,0.0183878,131.761,0.799382,0.0
12.8962,0.0178188,132.714,0.811359,0.0
12.8972,0.0179214,133.049,0.793222,0.0
12.9255,0.0187619,131.895,0.798355,0.0
12.9214,0.0178699,132.848,0.793564,0.0
12.9353,0.0184292,134.203,0.827442,0.0
12.9378,0.0183452,132.965,0.817861,0.0
12.9265,0.0184325,132.33,0.797329,0.0
12.9129,0.0185575,133.283,0.796302,0.0
12.8827,0.018725,134.304,0.809648,0.0
12.889,0.0183941,134.136,0.809306,0.0
12.9117,0.0179025,129.77,0.791169,0.0
12.8826,0.0185542,132.129,0.807937,0.0
12.8972,0.0182099,133.668,0.803831,0.0
12.9205,0.0179345,131.878,0.808279,0.0
12.9113,0.0188971,132.865,0.817861,0.0
12.9426,0.0185653,132.229,0.784325,0.0
12.9351,0.0182895,133.952,0.791853,0.0
12.9146,0.0183076,133.919,0.813754,0.0
12.9393,0.0183868,132.363,0.786036,0.0
12.9278,0.0185095,132.781,0.795618,0.0
12.8863,0.0179482,131.945,0.805884,0.0
12.8959,0.018737,132.179,0.801093,0.0
12.9365,0.0184947,133.333,0.809306,0.0
12.9585,0.0188259,133.384,0.777139,0.0
12.9426,0.0187145,134.136,0.796302,0.0
12.9442,0.0183068,133.534,0.803146,0.0
12.9244,0.0182728,133.384,0.811017,0.0
12.8988,0.0184869,133.651,0.79904,0.0
12.9076,0.0183994,132.564,0.794933,0.0
12.9182,0.0182924,132.982,0.799724,0.0
12.916,0.0181383,132.246,0.807595,0.0
12.9125,0.018606,131.075,0.80999,0.0
12.9181,0.0182169,133.066,0.794933,0.0
12.9368,0.0183659,133.266,0.800751,0.0
12.9352,0.0188767,133.35,0.805884,0.0
12.9188,0.0181031,132.028,0.802804,0.0
12.9274,0.0182986,132.363,0.798355,0.0
12.9156,0.018403,132.396,0.807937,0.0
12.9004,0.0185109,132.263,0.800066,0.0
12.9325,0.0184279,133.568,0.794591,0.0
12.9489,0.018427,134.889,0.813412,0.0
12.9182,0.0186983,133.551,0.796644,0.0
12.8984,0.0186699,131.995,0.794249,0.0
12.897,0.0188527,133.735,0.797671,0.0
12.8935,0.018254,131.577,0.801093,0.0
12.9226,0.0182379,134.705,0.808964,0.0
12.9288,0.0182917,133.467,0.803488,0.0
12.9093,0.0181067,134.17,0.814781,0.0
12.9143,0.0181739,134.17,0.828127,0.0
12.9074,0.0180184,132.781,0.807937,0.0
12.8977,0.0183906,132.095,0.79288,0.0
12.917,0.018364,134.387,0.826074,0.0
12.9113,0.017824,133.417,0.796986,0.0
12.893,0.0180993,133.668,0.81615,0.0
12.925,0.0190055,131.962,0.796986,0.0
12.9138,0.0182111,132.932,0.797671,0.0
12.8836,0.018366,131.711,0.80999,0.0
12.9037,0.0183084,132.748,0.814439,0.0
12.8952,0.018388,132.698,0.804857,0.0
12.8747,0.018397,132.229,0.805884,0.0
12.9089,0.0183168,133.752,0.800066,0.0
12.9238,0.0188636,133.802,0.803146,0.0
12.9072,0.0184382,134.22,0.825389,0.0
12.9055,0.0181715,133.534,0.797671,0.0
12.92,0.0182214,133.384,0.802119,0.0
12.9152,0.0184682,132.028,0.796302,0.0
12.9086,0.018289,133.685,0.820941,0.0
12.9254,0.0181112,130.891,0.804173,0.0
12.9308,0.0183519,133.434,0.804173,0.0
12.9459,0.018473,133.718,0.799724,0.0
12.9364,0.0181661,132.43,0.814781,0.0
12.9069,0.0182469,134.822,0.808621,0.0
12.9105,0.0183611,132.079,0.78672,0.0
12.9324,0.0185089,132.949,0.784667,0.0
12.9021,0.0181386,133.484,0.818203,0.0
12.8741,0.0189461,132.882,0.808621,0.0
12.8882,0.0185656,131.46,0.79288,0.0
12.8976,0.0185433,132.463,0.792196,0.0
12.8972,0.0184209,132.43,0.825389,0.0
12.8957,0.0186643,133.634,0.81923,0.0
12.9007,0.0183335,132.313,0.795275,0.0
12.9053,0.0188389,132.698,0.805542,0.0
12.9056,0.0185901,132.932,0.792538,0.0
12.8922,0.0182798,133.199,0.807253,0.0
12.8789,0.0180097,133.166,0.808964,0.0
12.8841,0.0185666,133.618,0.796644,0.0
12.9007,0.0181533,134.019,0.803146,0.0
12.9188,0.0183505,132.781,0.819914,0.0
12.9347,0.0189176,132.865,0.810675,0.0
12.937,0.0189631,133.534,0.798355,0.0
12.9095,0.0180085,131.627,0.798355,0.0
12.8974,0.0183846,132.815,0.822309,0.0
12.9405,0.0186292,133.066,0.79596,0.0
12.9301,0.0183503,132.865,0.7898,0.0
12.8787,0.018454,134.387,0.809648,0.0
12.8695,0.0184087,131.911,0.815123,0.0
12.8665,0.0181495,132.547,0.820598,0.0
12.8704,0.0186102,132.447,0.820256,0.0
12.8769,0.0181685,133.45,0.794933,0.0
12.885,0.0179789,133.768,0.803488,0.0
12.884,0.0183762,132.246,0.826758,0.0
12.8945,0.0182584,132.53,0.824363,0.0
12.936,0.0180769,134.069,0.7898,0.0
12.9244,0.017758,132.614,0.799724,0.0
12.8952,0.0184784,132.346,0.797329,0.0
12.914,0.0178864,133.049,0.819572,0.0
12.9319,0.018414,133.484,0.802804,0.0
12.9247,0.0181016,131.911,0.817861,0.0
12.8922,0.0183377,132.43,0.825389,0.0
12.8716,0.0184918,133.45,0.787747,0.0
12.8892,0.0186319,132.564,0.812728,0.0
12.8911,0.0182559,132.781,0.79596,0.0
12.8878,0.018498,133.149,0.799382,0.0
12.9197,0.0185932,133.802,0.808964,0.0
12.9512,0.0184421,132.212,0.800066,0.0
12.9232,0.0183049,134.237,0.796644,0.0
12.8895,0.0185047,133.752,0.805884,0.0
12.9259,0.0184141,132.564,0.798013,0.0
12.9677,0.0184619,133.082,0.827785,0.0
12.9254,0.0185679,131.577,0.801777,0.0
12.9046,0.0178039,133.434,0.787405,0.0
12.9198,0.017925,132.631,0.820256,0.0
12.9165,0.0189591,133.835,0.827785,0.0
12.9214,0.018318,132.363,0.7898,0.0
12.9122,0.0183982,133.501,0.825389,0.0
12.9241,0.0186342,132.53,0.813754,0.0
12.9269,0.0180428,132.865,0.806226,0.0
12.9146,0.0180747,133.969,0.800408,0.0
12.9184,0.0185327,132.38,0.805542,0.0
12.9163,0.0185566,133.919,0.800066,0.0
12.9197,0.0185496,134.337,0.802462,0.0
12.9286,0.0185774,132.597,0.804857,0.0
12.9349,0.0183885,132.129,0.807937,0.0
12.9291,0.0184429,131.995,0.809306,0.0
12.9139,0.0185788,133.902,0.798013,0.0
12.9386,0.0183957,133.4,0.795275,0.0
12.9306,0.0178893,132.698,0.787063,0.0
12.8838,0.0185891,132.447,0.803488,0.0
12.902,0.0184132,133.266,0.802804,0.0
12.9228,0.0183603,133.802,0.808964,0.0
12.8903,0.0182824,132.279,0.798697,0.0
12.899,0.0181698,132.396,0.79596,0.0
12.9178,0.018395,132.313,0.804173,0.0
12.9076,0.0180721,133.818,0.822309,0.0
12.892,0.0183172,133.199,0.814439,0.0
12.8995,0.0183636,133.484,0.826758,0.0
12.9175,0.0183962,132.999,0.78672,0.0
12.925,0.0182928,133.752,0.790142,0.0
12.935,0.0189439,133.986,0.794933,0.0
12.9261,0.0178597,133.568,0.799382,0.0
12.9001,0.0186459,132.647,0.803488,0.0
12.8876,0.0184294,132.664,0.779192,0.0
12.9234,0.0181773,132.43,0.802462,0.0
12.9466,0.0185838,132.413,0.807253,0.0
12.9277,0.0184413,131.962,0.819572,0.0
12.9124,0.0187668,131.644,0.806226,0.0
12.9016,0.0183886,133.015,0.791511,0.0
12.909,0.0185183,131.744,0.794591,0.0
12.9424,0.0186196,133.183,0.791169,0.0
12.9244,0.0185175,132.196,0.814439,0.0
12.8922,0.0183737,133.651,0.820256,0.0
12.9188,0.0189895,132.798,0.797671,0.0
12.9331,0.0181473,132.748,0.797329,0.0
12.9135,0.0186704,133.969,0.793907,0.0
12.8946,0.0186063,131.928,0.805199,0.0
12.8875,0.0185422,133.049,0.796644,0.0
12.9163,0.0189883,132.313,0.774401,0.0
12.933,0.0183848,132.647,0.804515,0.0
12.9288,0.0187757,134.103,0.795618,0.0
12.9367,0.0185089,133.534,0.800751,0.0
12.9251,0.018164,132.765,0.802804,0.0
12.9071,0.0182112,131.393,0.812728,0.0
12.9112,0.018353,132.731,0.797671,0.0
12.9056,0.0182922,133.317,0.809648,0.0
12.8903,0.0183655,131.309,0.806568,0.0
12.8916,0.0185287,133.601,0.814097,0.0
12.9267,0.0177447,132.999,0.801093,0.0
12.9307,0.0182555,132.647,0.779876,0.0
12.9096,0.0184816,132.363,0.799382,0.0
12.9077,0.018537,132.33,0.796302,0.0
12.9025,0.0184383,134.12,0.816492,0.0
12.905,0.0183232,133.467,0.802119,0.0
12.8966,0.018347,132.363,0.805542,0.0
12.8765,0.0186047,132.33,0.793907,0.0
12.8855,0.0185696,132.714,0.790485,0.0
12.9117,0.0183733,132.915,0.825731,0.0
12.9236,0.0180939,132.831,0.812043,0.0
12.9105,0.0185975,132.095,0.809648,0.0
12.8949,0.0184399,132.547,0.81615,0.0
12.8911,0.0187399,132.664,0.790827,0.0
12.9138,0.0181119,133.551,0.801435,0.0
12.9437,0.0184024,132.246,0.809306,0.0
12.9293,0.0182541,132.53,0.799382,0.0
12.9101,0.0181777,133.199,0.800066,0.0
12.9213,0.0180809,132.079,0.786036,0.0
12.912,0.0181796,133.936,0.789458,0.0
12.9039,0.0185592,134.287,0.812386,0.0
12.9105,0.0182979,132.146,0.821967,0.0
12.894,0.0185853,131.393,0.807595,0.0
12.8975,0.0184825,134.253,0.815808,0.0
12.9199,0.0186476,131.376,0.820598,0.0
12.9152,0.0188302,133.818,0.803488,0.0
12.9096,0.0181294,132.564,0.792196,0.0
12.91,0.018321,132.631,0.803831,0.0
12.9138,0.018686,134.722,0.815123,0.0
12.9188,0.0184343,133.467,0.798013,0.0
12.9043,0.0184123,132.263,0.796986,0.0
12.9059,0.0185387,133.283,0.792196,0.0
12.9256,0.0180913,131.443,0.786378,0.0
12.9173,0.0185507,131.326,0.806226,0.0
12.92,0.0187265,133.685,0.809648,0.0
12.9064,0.0184337,132.547,0.802804,0.0
12.8892,0.018391,131.192,0.808621,0.0
12.9227,0.0186653,132.781,0.797671,0.0
12.9182,0.0177866,133.015,0.812386,0.0
12.8795,0.0182652,131.895,0.796302,0.0
12.8879,0.0183619,133.45,0.800408,0.0
12.9019,0.0183631,132.597,0.807937,0.0
12.8916,0.018677,132.497,0.806568,0.0
12.8899,0.0183707,132.497,0.813412,0.0
12.9074,0.0186762,132.581,0.798355,0.0
12.9258,0.0185568,133.149,0.802462,0.0
12.9187,0.0181793,131.527,0.793564,0.0
12.9029,0.0182145,131.292,0.803146,0.0
12.8973,0.0184333,133.818,0.797329,0.0
12.8829,0.0184258,132.798,0.799382,0.0
12.8941,0.0186032,133.266,0.790142,0.0
12.9209,0.018592,131.895,0.807937,0.0
12.9166,0.0184401,132.631,0.806226,0.0
12.9156,0.0189442,133.166,0.811359,0.0
12.9329,0.0184721,131.794,0.796302,0.0
12.9384,0.0181606,132.162,0.806568,0.0
12.9251,0.018771,133.45,0.802119,0.0
12.919,0.0191347,132.547,0.792196,0.0
12.9215,0.0182843,133.233,0.815123,0.0
12.9159,0.0186274,133.266,0.803831,0.0
12.9079,0.0181382,132.212,0.785694,0.0
12.9086,0.018505,133.517,0.811017,0.0
12.9313,0.0184754,133.333,0.814781,0.0
12.9189,0.0188981,131.962,0.803146,0.0
12.8897,0.0182114,133.802,0.822994,0.0
12.9016,0.018733,133.116,0.807937,0.0
12.9023,0.018352,133.651,0.811017,0.0
12.9046,0.0184794,131.493,0.785352,0.0
12.9124,0.0183707,131.276,0.789458,0.0
12.8966,0.0178965,131.744,0.81615,0.0
12.9152,0.0179806,134.755,0.820941,0.0
12.9303,0.0183019,131.426,0.816492,0.0
12.9157,0.0182901,132.932,0.818203,0.0
12.912,0.018286,131.61,0.789116,0.0
12.9011,0.0186182,132.514,0.795618,0.0
12.9074,0.0188134,133.417,0.804173,0.0
12.9331,0.0188084,130.724,0.791169,0.0
12.945,0.0182913,133.199,0.807937,0.0
12.9252,0.0182645,132.263,0.793222,0.0
12.8971,0.0183252,132.497,0.796644,0.0
12.878,0.0182036,132.112,0.815808,0.0
12.9069,0.018706,133.015,0.807595,0.0
12.9596,0.0188307,132.095,0.811701,0.0
12.9248,0.0186284,134.136,0.804173,0.0
12.8946,0.0185564,132.146,0.790142,0.0
12.9219,0.0186823,131.242,0.801093,0.0
12.9334,0.0187983,133.484,0.826074,0.0
12.922,0.0182335,132.53,0.820598,0.0
12.8933,0.0186992,131.577,0.827785,0.0
12.8985,0.0183078,133.785,0.79288,0.0
12.947,0.0187352,131.895,0.787405,0.0
12.9316,0.0182899,132.079,0.809648,0.0
12.8769,0.0186485,133.166,0.809648,0.0
12.9041,0.0186351,133.634,0.795275,0.0
12.9103,0.0186798,131.393,0.812728,0.0
12.8574,0.0181607,133.4,0.784667,0.0
12.8919,0.0184005,133.869,0.812728,0.0
12.9289,0.0185804,132.681,0.800751,0.0
12.9073,0.0183626,133.367,0.82402,0.0
12.9204,0.0184996,131.51,0.803831,0.0
12.9339,0.0185897,131.426,0.79904,0.0
12.9135,0.0186088,132.129,0.785694,0.0
12.9321,0.0187959,133.534,0.814097,0.0
12.9352,0.0184175,132.698,0.794591,0.0
12.8936,0.018379,132.915,0.793222,0.0
12.8959,0.0182217,131.861,0.79904,0.0
12.9216,0.0178181,132.162,0.797329,0.0
12.9197,0.0186351,132.781,0.791169,0.0
12.9245,0.0181984,131.142,0.812043,0.0
12.9259,0.0187265,133.166,0.788431,0.0
12.9366,0.0183465,133.4,0.810675,0.0
12.9315,0.0189272,132.614,0.805199,0.0
12.8913,0.0185973,131.493,0.798013,0.0
12.8737,0.0181411,132.597,0.801093,0.0
12.9087,0.018248,132.547,0.816492,0.0
12.9137,0.0181588,132.982,0.818887,0.0
12.8898,0.0183395,132.045,0.790485,0.0
12.8808,0.0184589,132.982,0.783298,0.0
12.9019,0.0181539,132.079,0.801093,0.0
12.9268,0.0178015,132.982,0.800751,0.0
12.9469,0.0187685,133.768,0.809306,0.0
12.9315,0.0185906,134.103,0.817861,0.0
12.8919,0.0185687,132.631,0.80691,0.0
12.8805,0.0184882,133.467,0.794933,0.0
12.8879,0.0183777,134.22,0.821625,0.0
12.9252,0.0184666,132.246,0.808621,0.0
12.9429,0.0186883,132.714,0.794591,0.0
12.9306,0.0183504,131.66,0.81307,0.0
12.9221,0.0186844,134.036,0.80691,0.0
12.9181,0.0188449,133.986,0.785009,0.0
12.9213,0.0182609,131.895,0.800066,0.0
12.9315,0.01779,133.885,0.788431,0.0
12.9339,0.0182155,132.714,0.818887,0.0
12.9025,0.0187346,132.062,0.81923,0.0
12.9219,0.0184062,132.698,0.81307,0.0
12.9587,0.0182894,133.015,0.810675,0.0
12.9187,0.0185003,132.396,0.785694,0.0
12.8797,0.0185002,134.789,0.805542,0.0
12.9057,0.0184626,133.367,0.796644,0.0
12.9318,0.0187254,131.677,0.802119,0.0
12.9267,0.0186209,131.911,0.799724,0.0
12.9182,0.0184563,132.447,0.822994,0.0
12.9061,0.0184839,133.768,0.814781,0.0
12.9101,0.0182386,132.865,0.825047,0.0
12.9301,0.0187236,132.999,0.781587,0.0
12.9288,0.0181813,131.828,0.795275,0.0
12.9209,0.0179186,131.175,0.808964,0.0
12.9357,0.0183054,131.744,0.822309,0.0
12.955,0.0185822,133.367,0.811701,0.0
12.9165,0.0186416,132.982,0.805199,0.0
12.9076,0.018646,132.714,0.791169,0.0
12.9163,0.018825,132.831,0.827785,0.0
12.864,0.0181523,132.447,0.820598,0.0
12.8778,0.0185184,132.129,0.80691,0.0
12.9103,0.0183495,132.731,0.827785,0.0
12.8953,0.0182803,132.865,0.797671,0.0
12.8947,0.0187092,133.919,0.803488,0.0
12.9234,0.0186882,133.902,0.814097,0.0
12.9333,0.0187581,132.514,0.820941,0.0
12.9095,0.0182187,132.38,0.80999,0.0
12.916,0.0188936,133.668,0.797329,0.0
12.9277,0.0182702,133.417,0.814781,0.0
12.9193,0.0187019,132.631,0.803488,0.0
12.917,0.0183266,133.634,0.814439,0.0
12.9265,0.0182224,133.032,0.807937,0.0
12.9149,0.0185705,131.426,0.794249,0.0
12.8921,0.0184606,134.187,0.802462,0.0
12.9042,0.0183204,132.898,0.817861,0.0
12.9181,0.0186437,133.718,0.810332,0.0
12.9017,0.0184814,132.179,0.820598,0.0
12.9145,0.017779,133.015,0.812043,0.0
12.9469,0.0184307,133.25,0.80999,0.0
12.9164,0.0188002,133.701,0.821283,0.0
12.8907,0.0183792,132.229,0.814439,0.0
12.891,0.0184393,133.618,0.800408,0.0
12.8837,0.0187902,133.467,0.81307,0.0
12.9099,0.0184615,132.647,0.809306,0.0
12.9251,0.0186418,132.48,0.806226,0.0
12.9001,0.0186735,133.919,0.808279,0.0
12.9317,0.0187352,132.396,0.788774,0.0
12.9534,0.0182566,134.019,0.804173,0.0
12.901,0.0182078,132.396,0.804515,0.0
12.8972,0.0185754,133.501,0.784325,0.0
12.937,0.0184993,132.748,0.807937,0.0
12.9338,0.0181678,133.752,0.807937,0.0
12.9162,0.0185416,132.614,0.808621,0.0
12.9132,0.0187552,133.969,0.807937,0.0
12.9264,0.0183303,133.384,0.781587,0.0
12.915,0.0187616,132.095,0.805884,0.0
12.8887,0.0185522,131.911,0.789116,0.0
12.9255,0.0183649,134.354,0.80999,0.0
12.9529,0.0188766,133.668,0.819914,0.0
12.9119,0.018445,133.969,0.809648,0.0
12.8987,0.0187488,133.183,0.818203,0.0
12.9182,0.0184702,132.38,0.784667,0.0
12.928,0.0183294,133.317,0.797671,0.0
12.9346,0.0184644,133.852,0.789458,0.0
12.9064,0.0188362,133.099,0.766531,0.0
12.8854,0.0186611,132.547,0.829153,0.0
12.9188,0.0188526,132.146,0.809648,0.0
12.9204,0.0188614,132.045,0.798013,0.0
12.9079,0.0182857,132.447,0.815465,0.0
12.9446,0.0185883,134.872,0.79904,0.0
12.9361,0.0180311,130.891,0.803146,0.0
12.9117,0.0190353,133.45,0.816834,0.0
12.9339,0.0188699,133.701,0.806226,0.0
12.9025,0.0182027,133.584,0.801093,0.0
12.8762,0.0188167,131.61,0.808621,0.0
12.9293,0.0181938,132.48,0.780561,0.0
12.9605,0.0180932,133.718,0.800751,0.0
12.9206,0.0188709,131.175,0.804857,0.0
12.9034,0.0183938,132.765,0.804857,0.0
12.9175,0.0183632,132.965,0.827785,0.0
12.9145,0.018781,132.095,0.805884,0.0
12.921,0.0183964,132.748,0.791853,0.0
12.9141,0.0186636,133.417,0.817176,0.0
12.8965,0.0185214,132.162,0.804515,0.0
12.9384,0.0186585,133.434,0.807253,0.0
12.9561,0.0187076,133.384,0.796644,0.0
12.9129,0.0188169,131.66,0.790485,0.0
12.8989,0.0182918,133.266,0.803831,0.0
12.9284,0.0184273,132.965,0.791853,0.0
12.9231,0.0178825,132.447,0.794933,0.0
12.9132,0.0187155,133.333,0.799382,0.0
12.9312,0.0186073,132.831,0.804515,0.0
12.9387,0.0185731,132.965,0.816492,0.0
12.921,0.018826,133.133,0.83634,0.0
12.9047,0.0184397,132.346,0.81307,0.0
12.9222,0.0186368,131.962,0.792538,0.0
12.912,0.0180832,132.564,0.821625,0.0
12.8759,0.0181895,133.701,0.80999,0.0
12.8943,0.0179647,132.162,0.80999,0.0
12.9169,0.0184698,133.25,0.818545,0.0
12.8983,0.0180972,132.514,0.818545,0.0
12.8993,0.0185887,132.581,0.814439,0.0
12.9228,0.0181248,132.129,0.817861,0.0
12.9116,0.0184693,133.434,0.78672,0.0
12.8966,0.0187456,131.51,0.794933,0.0
12.9139,0.0189109,132.999,0.816492,0.0
12.9373,0.0186902,133.166,0.800066,0.0
12.9384,0.0188588,133.701,0.824705,0.0
12.9441,0.0185594,133.735,0.791511,0.0
12.9093,0.0182013,132.647,0.792196,0.0
12.8775,0.0187021,131.66,0.797671,0.0
12.9007,0.018675,133.802,0.802119,0.0
12.9118,0.0187361,132.664,0.807253,0.0
12.9016,0.0181605,133.534,0.803831,0.0
12.9359,0.0186046,133.551,0.790827,0.0
12.9571,0.0183637,131.978,0.803831,0.0
12.9129,0.0190572,133.166,0.804173,0.0
12.8844,0.0183314,132.714,0.798697,0.0
12.9018,0.0183209,134.555,0.820941,0.0
12.9229,0.0183542,132.882,0.815808,0.0
12.9253,0.0182445,134.404,0.81615,0.0
12.9238,0.0184883,131.878,0.799724,0.0
12.9161,0.0184228,131.292,0.796986,0.0
12.8997,0.0182885,132.129,0.787747,0.0
12.893,0.0179924,132.363,0.817519,0.0
12.9232,0.0182144,132.045,0.784325,0.0
12.9298,0.0182761,132.028,0.798355,0.0
12.9174,0.0183553,132.765,0.809306,0.0
12.9273,0.0184538,132.396,0.801777,0.0
12.9309,0.0184768,132.263,0.818203,0.0
12.896,0.0179302,131.175,0.809306,0.0
12.8947,0.0177999,131.677,0.799382,0.0
12.9317,0.0182362,133.584,0.809306,0.0
12.9119,0.0185496,132.714,0.798697,0.0
12.8712,0.0185103,132.212,0.807595,0.0
12.9104,0.0189364,132.028,0.777481,0.0
12.9461,0.0187509,133.367,0.81307,0.0
12.9177,0.0183085,132.012,0.801093,0.0
12.9004,0.0182082,132.748,0.809648,0.0
12.9328,0.0184087,133.032,0.786378,0.0
12.9437,0.0185046,133.434,0.802462,0.0
12.8978,0.0184951,131.878,0.804515,0.0
12.8911,0.018718,133.049,0.814439,0.0
12.9072,0.0182527,133.584,0.811359,0.0
12.9102,0.0183892,132.48,0.799724,0.0
12.9025,0.0182991,131.727,0.806226,0.0
12.8963,0.018537,133.049,0.816834,0.0
12.8987,0.0185613,130.657,0.811701,0.0
12.9113,0.0182337,132.765,0.798697,0.0
12.9226,0.0184046,132.865,0.812043,0.0
12.9198,0.0182219,134.036,0.803146,0.0
12.9302,0.0182088,132.079,0.796302,0.0
12.9246,0.0182813,132.514,0.794933,0.0
12.894,0.0183072,132.162,0.796986,0.0
12.9034,0.0181357,132.664,0.820256,0.0
12.9098,0.0186503,131.794,0.7898,0.0
12.8864,0.0186241,133.149,0.798697,0.0
12.8781,0.0180813,131.51,0.827785,0.0
12.8964,0.0184267,134.521,0.790485,0.0
12.9107,0.0184034,132.346,0.805542,0.0
12.9058,0.0183137,133.651,0.798013,0.0
12.9023,0.0185378,132.396,0.811359,0.0
12.8989,0.0179222,132.765,0.807937,0.0
12.9071,0.0183641,133.701,0.814097,0.0
12.9011,0.0187204,131.476,0.810332,0.0
12.9028,0.0185483,132.012,0.801093,0.0
12.9081,0.0185064,133.584,0.807595,0.0
12.8959,0.0183243,133.568,0.81615,0.0
12.9068,0.0180249,132.999,0.79596,0.0
12.928,0.018345,133.266,0.800066,0.0
12.9255,0.018884,132.263,0.805542,0.0
12.9232,0.0186577,131.727,0.804173,0.0
12.9151,0.0180891,132.045,0.803146,0.0
12.8975,0.0184461,132.614,0.786036,0.0
12.9085,0.0185306,132.48,0.818887,0.0
12.9331,0.0185081,133.049,0.79904,0.0
12.9384,0.018461,131.025,0.802119,0.0
12.9062,0.0182682,133.701,0.821967,0.0
12.8802,0.0185868,134.806,0.817861,0.0
12.8908,0.0182699,132.43,0.815123,0.0
12.9141,0.0180739,134.739,0.801435,0.0
12.9062,0.0182774,133.584,0.812386,0.0
12.891,0.0183395,133.233,0.815808,0.0
12.8873,0.0186561,132.882,0.813412,0.0
12.8759,0.0182506,133.4,0.797329,0.0
12.9077,0.0183244,133.015,0.807937,0.0
12.9204,0.0180864,134.019,0.796644,0.0
12.884,0.0180016,132.748,0.819914,0.0
12.8927,0.0183907,133.384,0.780903,0.0
12.9376,0.0183445,133.534,0.802804,0.0
12.9422,0.0188438,133.534,0.801777,0.0
12.9159,0.0183172,132.212,0.803488,0.0
12.9097,0.0184381,132.413,0.80691,0.0
12.9381,0.0186348,131.577,0.800066,0.0
12.9541,0.0185502,131.794,0.804515,0.0
12.924,0.0186149,133.216,0.812728,0.0
12.9342,0.0187012,133.718,0.796986,0.0
12.9729,0.0182816,132.731,0.805542,0.0
12.9422,0.0177535,131.694,0.790142,0.0
12.9089,0.0182121,133.584,0.816492,0.0
12.9147,0.0187836,134.705,0.7898,0.0
12.9184,0.0183076,133.417,0.790142,0.0
12.9183,0.0186995,132.882,0.803488,0.0
12.9228,0.0182839,132.614,0.807937,0.0
12.9138,0.0184463,132.564,0.816834,0.0
12.9089,0.0179148,133.25,0.79904,0.0
12.9145,0.0188344,132.647,0.807595,0.0
12.9272,0.0186483,133.768,0.812386,0.0
12.9367,0.0186006,131.895,0.811017,0.0
12.9148,0.0185921,132.798,0.798697,0.0
12.9242,0.0182074,132.279,0.801093,0.0
12.9261,0.0183981,133.266,0.815465,0.0
12.9201,0.0183852,132.045,0.807253,0.0
12.9344,0.0178787,131.175,0.806568,0.0
12.9278,0.0182852,132.012,0.796302,0.0
12.923,0.0177705,132.296,0.793564,0.0
12.9279,0.0183735,134.253,0.826758,0.0
12.9214,0.0183711,131.593,0.800751,0.0
12.8874,0.0182532,132.212,0.808964,0.0
12.8742,0.0182291,132.514,0.801435,0.0
12.919,0.0181451,133.802,0.807253,0.0
12.9503,0.0189046,133.584,0.794249,0.0
12.9356,0.0188011,132.664,0.801777,0.0
12.9081,0.0186331,132.413,0.808964,0.0
12.9062,0.018826,132.597,0.806226,0.0
12.9224,0.0185389,130.941,0.811017,0.0
12.9025,0.017967,133.317,0.825389,0.0
12.8883,0.0183843,132.798,0.782614,0.0
12.9172,0.0180242,133.768,0.800066,0.0
12.9158,0.0183053,132.095,0.793907,0.0
12.9057,0.0184088,134.103,0.822994,0.0
12.933,0.01794,133.584,0.797329,0.0
12.9166,0.018317,132.999,0.804857,0.0
12.9086,0.0182919,133.634,0.802462,0.0
12.9295,0.018487,133.199,0.79596,0.0
12.9219,0.0183604,133.919,0.792538,0.0
12.9057,0.0185987,132.062,0.795275,0.0
12.9,0.0186517,132.463,0.807595,0.0
12.9051,0.018508,133.233,0.803831,0.0
12.9252,0.0184186,132.129,0.817861,0.0
12.95,0.0184221,132.581,0.811359,0.0
12.9148,0.0182765,133.768,0.836682,0.0
12.894,0.0188722,132.497,0.795275,0.0
12.9203,0.0183865,133.384,0.793907,0.0
12.9319,0.0187654,132.48,0.809648,0.0
12.9309,0.0190386,132.698,0.811701,0.0
12.9264,0.0187146,132.514,0.808621,0.0
12.9244,0.018237,132.932,0.801777,0.0
12.943,0.0181591,133.3,0.794591,0.0
12.9405,0.0185419,132.179,0.803488,0.0
12.9025,0.018631,132.547,0.792196,0.0
12.8965,0.0182421,132.162,0.791853,0.0
12.9192,0.0184,132.413,0.78672,0.0
12.9246,0.0181886,132.012,0.8271,0.0
12.9199,0.0184158,133.501,0.812043,0.0
12.9112,0.0184643,131.928,0.7898,0.0
12.9017,0.0186273,133.367,0.799724,0.0
12.8864,0.0182459,134.086,0.820941,0.0
12.8963,0.0183867,130.372,0.785694,0.0
12.9165,0.0187614,134.337,0.79288,0.0
12.9146,0.0183408,133.885,0.81307,0.0
12.9302,0.0181719,133.082,0.816834,0.0
12.9553,0.0185799,133.952,0.829838,0.0
12.9628,0.0187687,133.634,0.815808,0.0
12.9426,0.0186881,132.045,0.797671,0.0
12.9056,0.0181865,132.647,0.790485,0.0
12.8895,0.0183161,131.677,0.789116,0.0
12.9037,0.0185493,133.25,0.820598,0.0
12.9434,0.0184104,133.668,0.803831,0.0
12.9375,0.018767,133.718,0.817519,0.0
12.9051,0.0184863,132.363,0.801435,0.0
12.8923,0.0182559,131.794,0.807595,0.0
12.8968,0.0183854,131.878,0.797329,0.0
12.9145,0.0179031,133.099,0.821625,0.0
12.9268,0.0180627,132.129,0.7898,0.0
12.9237,0.0183324,133.417,0.821625,0.0
12.9193,0.0183479,132.463,0.787747,0.0
12.9169,0.0189084,133.199,0.812728,0.0
12.9254,0.018446,132.915,0.788431,0.0
12.9042,0.0186531,133.317,0.796986,0.0
12.8795,0.0185254,132.898,0.800751,0.0
12.9136,0.0182786,133.199,0.789116,0.0
12.9618,0.0186733,133.568,0.786036,0.0
12.9716,0.0189853,134.488,0.80691,0.0
12.9465,0.0180212,131.995,0.810332,0.0
12.9111,0.0185217,133.283,0.832575,0.0
12.9105,0.0187336,134.12,0.808279,0.0
12.899,0.0184335,131.61,0.81615,0.0
12.8972,0.0184213,134.253,0.804515,0.0
12.9388,0.0184502,132.463,0.805542,0.0
12.9214,0.0181035,133.634,0.79596,0.0
12.888,0.0177977,132.882,0.805884,0.0
12.9222,0.0187466,132.564,0.789458,0.0
12.9319,0.019023,132.43,0.803488,0.0
12.9033,0.0182558,133.133,0.813754,0.0
12.9012,0.0180883,133.367,0.826758,0.0
12.9224,0.0180628,133.032,0.806568,0.0
12.91,0.0178479,132.798,0.789116,0.0
12.8896,0.0182952,133.35,0.795275,0.0
12.8945,0.0179802,132.045,0.796986,0.0
12.9106,0.0181014,132.731,0.801093,0.0
12.9199,0.0178244,131.995,0.832918,0.0
12.9007,0.0183334,133.116,0.808279,0.0
12.8872,0.0184741,134.036,0.808279,0.0
12.9195,0.0187006,133.066,0.7898,0.0
12.9303,0.0184266,132.597,0.802119,0.0
12.9117,0.018227,133.685,0.81923,0.0
12.9058,0.0187654,133.032,0.800066,0.0
12.9104,0.0188365,133.015,0.799724,0.0
12.9125,0.0187251,132.681,0.81615,0.0
12.9408,0.0186855,134.454,0.812043,0.0
12.9352,0.018384,132.949,0.807595,0.0
12.9211,0.0186132,133.718,0.806568,0.0
12.9221,0.0188247,132.363,0.802119,0.0
12.9077,0.0185799,132.346,0.81307,0.0
12.9065,0.018568,133.082,0.787063,0.0
12.9117,0.0179915,132.614,0.79288,0.0
12.9104,0.0185333,133.718,0.801777,0.0
12.9013,0.0185586,134.019,0.803488,0.0
12.917,0.0184071,131.995,0.807595,0.0
12.9299,0.0190183,133.066,0.793564,0.0
12.9252,0.0186559,133.835,0.807253,0.0
12.9198,0.0186725,131.928,0.796302,0.0
12.9085,0.0185895,133.015,0.802462,0.0
12.9183,0.0185011,132.53,0.79596,0.0
12.9347,0.018297,132.765,0.788774,0.0
12.9032,0.0186434,132.43,0.794249,0.0
12.8898,0.0183303,133.818,0.811017,0.0
12.926,0.0181523,132.915,0.800408,0.0
12.9144,0.01831,132.865,0.79596,0.0
12.8964,0.0182183,132.882,0.802119,0.0
12.9234,0.018691,132.313,0.790142,0.0
12.9287,0.0183984,133.551,0.800408,0.0
12.8951,0.0187074,133.384,0.818203,0.0
12.9051,0.0182925,132.413,0.810332,0.0
12.9242,0.0185224,132.028,0.806226,0.0
12.9018,0.0179469,133.266,0.79904,0.0
12.9156,0.0184859,132.263,0.80691,0.0
12.9262,0.0182513,133.049,0.822652,0.0
12.9214,0.0187204,132.681,0.774401,0.0
12.9291,0.0181236,131.543,0.829838,0.0
12.9219,0.0180622,134.621,0.807937,0.0
12.916,0.0182991,132.447,0.79904,0.0
12.9184,0.0187782,133.283,0.816492,0.0
12.934,0.0185144,132.212,0.807253,0.0
12.9311,0.0188941,133.384,0.813412,0.0
12.8875,0.0183204,131.811,0.793564,0.0
12.9129,0.0184551,134.187,0.807937,0.0
12.9343,0.0182254,133.551,0.788774,0.0
12.9062,0.0186679,131.878,0.790142,0.0
12.9108,0.0186036,133.735,0.812386,0.0
12.9282,0.0182913,133.266,0.812728,0.0
12.9211,0.0185362,132.664,0.778165,0.0
12.9176,0.0186132,132.547,0.815123,0.0
12.9001,0.0184262,133.701,0.808964,0.0
12.8936,0.0180285,133.601,0.798013,0.0
12.9224,0.0183106,132.581,0.803146,0.0
12.9259,0.018074,132.865,0.806568,0.0
12.9153,0.0188455,134.036,0.794933,0.0
12.9424,0.0186082,132.815,0.785694,0.0
12.9303,0.017974,132.313,0.807937,0.0
12.9328,0.0176705,133.534,0.792196,0.0
12.9592,0.0185226,133.384,0.785352,0.0
12.921,0.0187177,133.4,0.819572,0.0
12.9035,0.0184049,132.714,0.802804,0.0
12.901,0.0187473,132.698,0.803488,0.0
12.9036,0.0185668,132.38,0.799382,0.0
12.9275,0.0183561,134.287,0.807253,0.0
12.9294,0.0185129,132.279,0.818203,0.0
12.9093,0.0184085,133.952,0.800408,0.0
12.905,0.0184243,132.781,0.810675,0.0
12.931,0.0188126,133.651,0.812043,0.0
12.929,0.0181977,133.651,0.827442,0.0
12.8931,0.0184579,133.467,0.803831,0.0
12.907,0.0185446,132.447,0.804857,0.0
12.9253,0.0187312,133.066,0.775428,0.0
12.9188,0.0182277,133.25,0.7898,0.0
12.9458,0.0184553,131.777,0.807253,0.0
12.9563,0.0186436,132.129,0.79904,0.0
12.9292,0.0184112,132.413,0.786378,0.0
12.9059,0.0184478,131.895,0.783641,0.0
12.9059,0.0182845,131.777,0.779192,0.0
12.9346,0.018466,133.668,0.796302,0.0
12.9282,0.0188467,133.618,0.792538,0.0
12.8901,0.0183989,133.116,0.800408,0.0
12.9145,0.018435,133.166,0.808621,0.0
12.9433,0.0184323,133.266,0.800408,0.0
12.9076,0.0185483,133.584,0.803831,0.0
12.8967,0.0186133,135.441,0.801435,0.0
12.9463,0.018422,131.978,0.795275,0.0
12.9504,0.0185414,131.359,0.801435,0.0
12.9043,0.0186502,131.142,0.783298,0.0
12.901,0.0182358,133.032,0.825389,0.0
12.9173,0.0184672,132.463,0.812043,0.0
12.9037,0.0188536,133.45,0.817519,0.0
12.8908,0.0186607,133.015,0.808621,0.0
12.9252,0.0182583,133.032,0.812386,0.0
12.9209,0.0184217,132.597,0.803831,0.0
12.8957,0.0185117,132.547,0.781587,0.0
12.9188,0.0183735,134.103,0.80691,0.0
12.9294,0.018341,132.497,0.809306,0.0
12.9224,0.018504,133.584,0.805199,0.0
12.9074,0.0187918,133.568,0.803488,0.0
12.9031,0.018148,133.032,0.81615,0.0
12.9346,0.0180106,132.781,0.806226,0.0
12.9119,0.0181614,134.003,0.805199,0.0
12.8979,0.0183931,133.283,0.786036,0.0
12.9339,0.0183457,132.865,0.803146,0.0
12.9222,0.0176668,132.597,0.815465,0.0
12.9059,0.018236,133.183,0.810675,0.0
12.9388,0.0185005,132.831,0.802804,0.0
12.9575,0.0191429,132.547,0.806226,0.0
12.9228,0.0186012,132.765,0.807253,0.0
12.9077,0.0186659,133.216,0.815465,0.0
12.9249,0.0184773,133.434,0.817519,0.0
12.9092,0.0186447,132.898,0.814097,0.0
12.8938,0.0184667,133.166,0.798355,0.0
12.9354,0.0183826,132.079,0.793222,0.0
12.9301,0.018264,133.802,0.801093,0.0
12.9105,0.0189844,133.166,0.799382,0.0
12.9125,0.0184266,132.346,0.796644,0.0
12.8728,0.0186336,132.547,0.798697,0.0
12.8661,0.0185412,131.359,0.790485,0.0
12.901,0.0185349,131.878,0.805542,0.0
12.9332,0.0185278,134.12,0.788089,0.0
12.9429,0.0188682,132.949,0.805542,0.0
12.9192,0.0188928,132.781,0.7898,0.0
12.9203,0.0186125,133.3,0.802119,0.0
12.9255,0.0180869,134.136,0.808964,0.0
12.9164,0.0184919,132.581,0.796302,0.0
12.9049,0.0186113,131.794,0.79288,0.0
12.8988,0.018522,133.183,0.811017,0.0
12.9283,0.018683,133.885,0.81615,0.0
12.9355,0.0189269,132.765,0.796986,0.0
12.8956,0.0182701,132.413,0.780219,0.0
12.8783,0.0182495,133.534,0.798013,0.0
12.8937,0.0183536,132.748,0.815123,0.0
12.9072,0.0186311,133.551,0.807253,0.0
12.9045,0.0188236,133.35,0.825731,0.0
12.8921,0.0183539,134.755,0.804515,0.0
12.8988,0.0185713,134.203,0.800066,0.0
12.9237,0.018522,134.538,0.796644,0.0
12.9248,0.0183248,132.898,0.814097,0.0
12.9223,0.0184217,132.497,0.796302,0.0
12.908,0.0184106,131.209,0.80999,0.0
12.9131,0.01874,133.936,0.807595,0.0
12.9501,0.0182714,131.928,0.794591,0.0
12.9352,0.0186002,133.534,0.81923,0.0
12.9045,0.0184299,132.999,0.812728,0.0
12.9054,0.0185199,132.765,0.792538,0.0
12.9188,0.0186321,132.363,0.789116,0.0
12.9118,0.0184367,132.229,0.803831,0.0
12.8982,0.0179986,133.484,0.806226,0.0
12.9016,0.0182804,132.898,0.826416,0.0
12.9215,0.0184739,132.865,0.811359,0.0
12.9323,0.0185121,133.25,0.831207,0.0
12.9174,0.0185152,132.915,0.793907,0.0
12.9171,0.0184916,135.291,0.812386,0.0
12.9209,0.0182478,131.895,0.81923,0.0
12.9054,0.0184923,133.066,0.801093,0.0
12.8983,0.0187841,133.384,0.811359,0.0
12.907,0.0186934,132.982,0.782956,0.0
12.9313,0.0182568,133.166,0.779192,0.0
12.9128,0.0183117,132.781,0.80999,0.0
12.9159,0.0183711,133.752,0.835655,0.0
12.951,0.0189834,132.848,0.799382,0.0
12.9138,0.0185764,132.731,0.801093,0.0
12.8808,0.0185533,134.22,0.803488,0.0
12.9122,0.0182707,133.584,0.813412,0.0
12.9339,0.018436,133.384,0.789116,0.0
12.939,0.0185131,133.082,0.7898,0.0
12.9146,0.018337,132.396,0.801777,0.0
12.9079,0.0185761,133.768,0.814439,0.0
12.9375,0.0186895,132.079,0.815808,0.0
12.9282,0.0185322,133.099,0.812043,0.0
12.9095,0.0183232,132.848,0.815123,0.0
12.909,0.0183171,134.354,0.788431,0.0
12.9069,0.0184942,131.978,0.812043,0.0
12.9095,0.0184541,132.413,0.81307,0.0
12.9217,0.0182614,132.831,0.813412,0.0
12.8907,0.0183536,132.932,0.820598,0.0
12.8874,0.0183443,131.744,0.791853,0.0
12.939,0.0186735,132.965,0.795275,0.0
12.9281,0.0186861,132.865,0.804857,0.0
12.8978,0.0184777,132.781,0.800751,0.0
12.9281,0.0188327,131.878,0.785352,0.0
12.9267,0.0185055,132.53,0.814781,0.0
12.8831,0.0182114,133.266,0.810332,0.0
12.9073,0.0187019,133.216,0.813412,0.0
12.9385,0.018025,132.597,0.789116,0.0
12.9035,0.0181275,133.484,0.796986,0.0
12.9173,0.0185384,132.263,0.800066,0.0
12.9286,0.0184085,132.396,0.78672,0.0
12.9215,0.0176822,133.317,0.829153,0.0
12.9352,0.0184423,133.216,0.813754,0.0
12.9224,0.0179464,133.166,0.799382,0.0
12.901,0.0183918,131.727,0.806568,0.0
12.9163,0.0185709,134.571,0.816834,0.0
12.9153,0.0183249,133.183,0.81923,0.0
12.8849,0.0182709,132.765,0.818545,0.0
12.8792,0.018193,134.17,0.787063,0.0
12.9073,0.0182892,134.203,0.800408,0.0
12.9219,0.0182613,132.38,0.810675,0.0
12.9077,0.0182848,133.718,0.80999,0.0
12.92,0.0186275,133.952,0.807937,0.0
12.9329,0.0188102,132.045,0.824705,0.0
12.921,0.0190364,133.384,0.787747,0.0
12.9138,0.0187562,133.584,0.811017,0.0
12.9216,0.018292,132.514,0.817176,0.0
12.9202,0.0189261,131.861,0.807253,0.0
12.9161,0.0187827,133.785,0.798013,0.0
12.9243,0.0186474,132.581,0.808621,0.0
12.9185,0.0184665,133.367,0.791853,0.0
12.9163,0.0188849,131.828,0.805884,0.0
12.9213,0.0186148,133.25,0.793907,0.0
12.9028,0.0183743,132.212,0.793907,0.0
12.9111,0.018149,133.166,0.796986,0.0
12.9428,0.0183355,132.965,0.804515,0.0
12.8951,0.0184683,131.744,0.803488,0.0
12.8889,0.0182642,133.4,0.806226,0.0
12.9422,0.0190867,133.099,0.806226,0.0
12.914,0.0188835,131.995,0.807595,0.0
12.903,0.0190292,133.149,0.822652,0.0
12.9394,0.0184622,134.036,0.78672,0.0
12.9538,0.0187553,133.517,0.801093,0.0
12.9285,0.0188462,134.12,0.790485,0.0
12.9125,0.0180382,133.116,0.809648,0.0
12.9476,0.0180748,134.839,0.792538,0.0
12.9559,0.0185585,132.781,0.813412,0.0
12.9002,0.0181206,132.514,0.80691,0.0
12.8922,0.0186954,132.346,0.793564,0.0
12.9208,0.018366,132.898,0.80691,0.0
12.9319,0.018058,134.672,0.808964,0.0
12.9307,0.0186472,131.895,0.775086,0.0
12.9135,0.0180644,133.4,0.815465,0.0
12.9008,0.0184365,132.212,0.794933,0.0
12.8978,0.0180065,133.885,0.799382,0.0
12.9165,0.0188471,134.287,0.804515,0.0
12.9431,0.0185904,133.484,0.817519,0.0
12.9274,0.0186813,132.731,0.79596,0.0
12.9061,0.0183756,134.22,0.812386,0.0
12.9182,0.0184958,133.183,0.788774,0.0
12.9154,0.0186707,134.387,0.806568,0.0
12.9158,0.0186214,131.393,0.798355,0.0
12.915,0.0181309,133.785,0.801435,0.0
12.9022,0.0183057,133.199,0.800066,0.0
12.8986,0.019205,132.112,0.810675,0.0
12.8943,0.0183968,132.396,0.810675,0.0
12.8974,0.0182837,131.911,0.793222,0.0
12.9072,0.0183608,133.752,0.783298,0.0
12.9121,0.0181536,134.471,0.794591,0.0
12.9183,0.0184371,132.898,0.810332,0.0
12.9281,0.0189018,133.501,0.803146,0.0
12.94,0.0177398,134.237,0.821283,0.0
12.9384,0.0184581,132.48,0.813412,0.0
12.9093,0.0181473,132.748,0.805199,0.0
12.8991,0.0182554,132.798,0.79904,0.0
12.9035,0.0185005,133.852,0.814781,0.0
12.9258,0.0187436,134.12,0.801777,0.0
12.9443,0.018724,132.614,0.810675,0.0
12.9194,0.018134,132.028,0.780561,0.0
12.9197,0.0181369,132.664,0.806568,0.0
12.9283,0.0187052,132.463,0.804515,0.0
12.913,0.0181606,132.53,0.788431,0.0
12.9194,0.0183987,132.831,0.812728,0.0
12.9167,0.0182042,131.895,0.820598,0.0
12.9101,0.0186848,133.049,0.798697,0.0
12.9189,0.0180987,133.183,0.825047,0.0
12.9139,0.0185379,134.471,0.814439,0.0
12.9154,0.017977,133.066,0.807937,0.0
12.9225,0.0184143,133.25,0.787747,0.0
12.9186,0.018263,134.069,0.826758,0.0
12.8867,0.0181086,132.146,0.800408,0.0
12.8637,0.0186381,130.573,0.805199,0.0
12.8969,0.018624,133.45,0.815123,0.0
12.9103,0.0185354,132.463,0.776797,0.0
12.8966,0.0184476,133.501,0.795618,0.0
12.9047,0.0186076,132.882,0.79596,0.0
12.9072,0.0182602,131.46,0.815465,0.0
12.8749,0.0187388,133.116,0.790485,0.0
12.871,0.0183705,132.781,0.815465,0.0
12.9248,0.0178694,133.534,0.810675,0.0
12.9286,0.01846,132.062,0.803146,0.0
12.8895,0.0185767,132.898,0.803488,0.0
12.9092,0.0181937,134.287,0.803831,0.0
12.9333,0.0181325,133.233,0.807595,0.0
12.9259,0.018517,132.815,0.796986,0.0
12.9342,0.0187118,132.413,0.820598,0.0
12.941,0.0179868,134.22,0.788431,0.0
12.9195,0.0181292,133.049,0.828469,0.0
12.922,0.0181364,132.396,0.813754,0.0
12.9247,0.0183774,134.488,0.827442,0.0
12.904,0.0181961,133.701,0.803831,0.0
12.9001,0.0181593,132.748,0.792538,0.0
12.9294,0.0183431,132.631,0.793907,0.0
12.949,0.0183454,133.802,0.780561,0.0
12.9368,0.018584,133.952,0.779534,0.0
12.9152,0.0184849,131.945,0.804173,0.0
12.9081,0.018333,133.116,0.80999,0.0
12.9286,0.018307,133.283,0.796302,0.0
12.9327,0.0179131,131.259,0.818203,0.0
12.9324,0.017932,132.53,0.80691,0.0
12.925,0.0181456,133.384,0.812043,0.0
12.9252,0.018696,133.116,0.801777,0.0
12.9504,0.0184084,133.35,0.784325,0.0
12.9338,0.0184252,133.517,0.819914,0.0
12.9307,0.018329,132.865,0.803831,0.0
12.9228,0.018617,132.38,0.776112,0.0
12.8891,0.0184913,132.798,0.795618,0.0
12.8884,0.0189877,131.343,0.808279,0.0
12.9158,0.0182644,133.735,0.79904,0.0
12.9352,0.0178663,132.229,0.796302,0.0
12.9167,0.0182775,132.062,0.804515,0.0
12.8832,0.0185328,133.735,0.817861,0.0
12.8766,0.0186583,132.781,0.791169,0.0
12.9093,0.0181461,132.263,0.80691,0.0
12.9305,0.018267,133.668,0.818203,0.0
12.9123,0.0185102,131.844,0.795618,0.0
12.9004,0.0183935,133.534,0.782956,0.0
12.9318,0.0184183,132.698,0.800408,0.0
12.9384,0.018594,132.112,0.80691,0.0
12.8827,0.0181973,133.584,0.798013,0.0
12.8781,0.0179257,132.815,0.815123,0.0
12.9133,0.0185331,133.434,0.811701,0.0
12.9087,0.0187876,132.597,0.807937,0.0
12.9066,0.0185209,133.768,0.821967,0.0
12.9242,0.0183666,132.831,0.799382,0.0
12.9101,0.0187546,134.538,0.782956,0.0
12.9068,0.0187488,133.266,0.789458,0.0
12.9202,0.0181811,132.497,0.80999,0.0
12.9025,0.0181068,132.999,0.809306,0.0
12.8965,0.0182775,133.066,0.802804,0.0
12.913,0.018747,132.898,0.812386,0.0
12.8937,0.0186383,131.878,0.802119,0.0
12.8779,0.0184703,134.237,0.820598,0.0
12.9103,0.0179756,132.547,0.796302,0.0
12.9221,0.0182986,133.668,0.813412,0.0
12.9119,0.018338,134.337,0.817861,0.0
12.9231,0.0185701,132.43,0.791853,0.0
12.9042,0.0186529,131.209,0.788431,0.0
12.8795,0.0185773,133.082,0.804857,0.0
12.9039,0.0184335,132.898,0.795275,0.0
12.9265,0.0187434,133.668,0.807937,0.0
12.9083,0.0187824,132.647,0.7898,0.0
12.9034,0.0183806,133.333,0.794933,0.0
12.8986,0.0183349,132.346,0.808279,0.0
12.8992,0.0184566,132.095,0.787747,0.0
12.9355,0.0180702,134.872,0.788089,0.0
12.9276,0.0179707,132.212,0.811017,0.0
12.9122,0.0184143,133.45,0.818545,0.0
12.9485,0.0184986,131.61,0.808279,0.0
12.9256,0.0185526,132.363,0.821283,0.0
12.8962,0.0185354,132.865,0.799724,0.0
12.9216,0.0184797,132.999,0.796644,0.0
12.9387,0.018501,133.869,0.812728,0.0
12.9338,0.0185546,133.183,0.805884,0.0
12.9148,0.017884,132.865,0.813412,0.0
12.9003,0.018226,132.865,0.798355,0.0
12.9202,0.0183822,133.802,0.798355,0.0
12.9236,0.0184855,133.752,0.814097,0.0
12.9122,0.0184972,133.818,0.809306,0.0
12.9105,0.018186,131.527,0.788774,0.0
12.8916,0.0186381,133.517,0.795618,0.0
12.898,0.0181404,131.711,0.801435,0.0
12.961,0.0185632,132.949,0.793564,0.0
12.9747,0.0183258,133.35,0.805199,0.0
12.9237,0.0185781,133.517,0.788089,0.0
12.9031,0.0180339,132.33,0.795275,0.0
12.9276,0.0182545,133.618,0.801777,0.0
12.9366,0.0183825,134.203,0.806568,0.0
12.9196,0.0186652,132.062,0.806568,0.0
12.9032,0.0182963,133.568,0.797329,0.0
12.9135,0.0182357,132.514,0.821625,0.0
12.9186,0.0186675,133.802,0.804515,0.0
12.8993,0.0188644,132.714,0.800066,0.0
12.8947,0.0181242,132.765,0.803831,0.0
12.901,0.0182468,133.651,0.804173,0.0
12.9143,0.0183504,132.982,0.804857,0.0
12.9199,0.0178813,132.848,0.810332,0.0
12.9051,0.018692,131.644,0.812386,0.0
12.9061,0.0181912,132.514,0.809306,0.0
12.8833,0.0187772,133.501,0.813754,0.0
12.8715,0.0184014,131.409,0.785694,0.0
12.9012,0.0186682,133.986,0.809648,0.0
12.9259,0.018558,134.27,0.828811,0.0
12.9199,0.0185409,132.681,0.804173,0.0
12.9117,0.0184182,132.698,0.798697,0.0
12.9158,0.0182399,134.053,0.799724,0.0
12.9302,0.0185891,133.066,0.812386,0.0
12.908,0.0183418,132.33,0.800408,0.0
12.8736,0.0185217,133.317,0.798355,0.0
12.9123,0.018293,133.116,0.803146,0.0
12.944,0.0184131,133.35,0.79596,0.0
12.9239,0.0182914,131.593,0.804857,0.0
12.9036,0.0181497,133.919,0.80691,0.0
12.8992,0.0190753,131.844,0.793564,0.0
12.9245,0.0186806,133.484,0.812728,0.0
12.935,0.0184223,132.614,0.811701,0.0
12.9185,0.0182202,131.292,0.790827,0.0
12.9138,0.0187795,134.053,0.787063,0.0
12.939,0.0185425,133.467,0.808279,0.0
12.9239,0.0183655,132.112,0.800066,0.0
12.9107,0.0179619,132.346,0.781587,0.0
12.9508,0.018014,133.367,0.808279,0.0
12.9347,0.018594,133.417,0.811017,0.0
12.9015,0.0190241,133.149,0.793564,0.0
12.9367,0.0184151,132.614,0.793564,0.0
12.9484,0.0186015,132.781,0.805542,0.0
12.9102,0.0184633,132.33,0.81615,0.0
12.9036,0.0187752,132.581,0.81615,0.0
12.9157,0.0182924,132.865,0.804515,0.0
12.9185,0.018513,134.036,0.807595,0.0
12.9219,0.0182568,133.618,0.816492,0.0
12.9006,0.0186615,133.417,0.803831,0.0
12.877,0.0186306,132.212,0.814781,0.0
12.8972,0.0185086,132.079,0.795275,0.0
12.9263,0.0188781,132.781,0.815465,0.0
12.9435,0.0185795,133.685,0.811359,0.0
12.928,0.0181871,131.861,0.801435,0.0
12.8981,0.0182775,132.865,0.802119,0.0
12.8788,0.0181446,132.965,0.81615,0.0
12.9028,0.0181505,132.681,0.791511,0.0
12.9368,0.0188823,132.095,0.787063,0.0
12.9363,0.0183392,132.765,0.810332,0.0
12.9123,0.0183561,133.216,0.819572,0.0
12.8746,0.0181313,133.066,0.807253,0.0
12.8986,0.0184928,133.166,0.802462,0.0
12.9621,0.0180593,133.417,0.817176,0.0
12.9526,0.018494,134.019,0.814781,0.0
12.9157,0.0180691,132.48,0.812043,0.0
12.8922,0.0190836,133.869,0.807595,0.0
12.8751,0.0188313,134.12,0.810675,0.0
12.8842,0.0184465,131.577,0.799382,0.0
12.8997,0.018068,133.969,0.809306,0.0
12.9183,0.0184474,132.765,0.821283,0.0
12.921,0.0182773,132.413,0.816834,0.0
12.924,0.0190065,132.982,0.807595,0.0
12.9217,0.0184898,133.467,0.782272,0.0
12.91,0.018064,132.263,0.798355,0.0
12.9215,0.0183299,132.999,0.79288,0.0
12.9333,0.0188006,132.982,0.787405,0.0
12.9359,0.0180668,133.3,0.805542,0.0
12.9327,0.0185708,132.915,0.812728,0.0
12.9107,0.0182884,132.815,0.821967,0.0
12.9082,0.0186152,132.932,0.813754,0.0
12.9089,0.0184739,131.46,0.801093,0.0
12.8839,0.0181159,133.501,0.77885,0.0
12.8993,0.0186182,132.765,0.80691,0.0
12.9311,0.0186235,133.166,0.818887,0.0
12.9248,0.0186527,133.601,0.797329,0.0
12.8956,0.0179489,133.685,0.816834,0.0
12.918,0.0182728,133.082,0.790827,0.0
12.9359,0.0182574,132.748,0.804515,0.0
12.8933,0.0184616,132.463,0.791511,0.0
12.8887,0.0184827,133.484,0.79904,0.0
12.9282,0.0187475,132.396,0.79904,0.0
12.9263,0.0184378,133.283,0.791169,0.0
12.9012,0.0182309,132.246,0.783641,0.0
12.9035,0.0184394,131.51,0.794933,0.0
12.9001,0.0183243,133.183,0.813412,0.0
12.8872,0.018456,134.354,0.800751,0.0
12.8805,0.0183978,132.246,0.807595,0.0
12.8822,0.0180035,132.781,0.788774,0.0
12.8951,0.0182886,135.14,0.805199,0.0
12.9081,0.0189328,132.53,0.840446,0.0
12.922,0.0183224,132.33,0.810675,0.0
12.9381,0.018946,133.802,0.805542,0.0
12.9313,0.018356,132.781,0.821625,0.0
12.9048,0.018806,131.727,0.814439,0.0
12.8929,0.0185928,133.266,0.825047,0.0
12.9128,0.0182798,131.995,0.806226,0.0
12.9116,0.0182925,132.447,0.804515,0.0
12.9083,0.0180284,133.517,0.812728,0.0
12.9142,0.0185778,134.237,0.814781,0.0
12.8828,0.018164,130.673,0.798697,0.0
12.8911,0.0183455,133.969,0.805199,0.0
12.9257,0.0181374,133.768,0.795618,0.0
12.9197,0.0184898,133.367,0.782272,0.0
12.9329,0.0188332,133.333,0.813412,0.0
12.9408,0.0184985,133.149,0.798697,0.0
12.9229,0.018201,131.493,0.798013,0.0
12.8963,0.0181939,133.216,0.816492,0.0
12.8997,0.0179594,132.363,0.783298,0.0
12.9326,0.0185976,132.664,0.803488,0.0
12.9289,0.0185517,131.945,0.79904,0.0
12.9308,0.0187095,133.685,0.810675,0.0
12.9517,0.0184527,131.092,0.796302,0.0
12.9173,0.0181923,133.099,0.793222,0.0
12.8986,0.0185147,133.685,0.815123,0.0
12.9102,0.0179205,132.831,0.80691,0.0
12.9195,0.0186685,131.694,0.801777,0.0
12.922,0.0183707,133.099,0.798355,0.0
12.9141,0.0183444,132.48,0.807253,0.0
12.912,0.0184362,133.166,0.798355,0.0
12.9348,0.0184425,133.534,0.800751,0.0
12.9238,0.0190503,132.48,0.818887,0.0
12.9019,0.0181346,133.133,0.807253,0.0
12.9283,0.0185632,132.263,0.819572,0.0
12.9323,0.0185838,133.166,0.811017,0.0
12.9282,0.0181433,133.333,0.797671,0.0
12.9393,0.0185028,132.48,0.819572,0.0
12.9312,0.0183523,132.748,0.80691,0.0
12.9057,0.0184093,132.898,0.808279,0.0
12.9018,0.0183743,132.898,0.788089,0.0
12.9202,0.0188814,134.27,0.802804,0.0
12.9093,0.0184533,131.878,0.809306,0.0
12.9133,0.0188734,132.932,0.824705,0.0
12.9487,0.0184337,133.768,0.797329,0.0
12.9428,0.0183741,133.434,0.805884,0.0
12.9155,0.0185687,131.777,0.800751,0.0
12.9056,0.0181239,132.079,0.796302,0.0
12.9019,0.0183653,133.835,0.817519,0.0
12.9044,0.018498,131.008,0.790485,0.0
12.8947,0.0184042,133.116,0.813412,0.0
12.9023,0.0186705,132.631,0.808964,0.0
12.9251,0.0184702,133.885,0.811017,0.0
12.9381,0.0186627,132.848,0.788774,0.0
12.9135,0.0183626,133.818,0.807595,0.0
12.9077,0.0186588,131.995,0.785352,0.0
12.927,0.0184419,133.082,0.811359,0.0
12.9108,0.0186288,132.949,0.832575,0.0
12.9122,0.0189768,132.698,0.806226,0.0
12.9199,0.0186472,133.601,0.795618,0.0
12.9213,0.0180466,132.915,0.806568,0.0
12.9256,0.0186715,133.233,0.808964,0.0
12.9242,0.0182615,132.882,0.779534,0.0
12.927,0.0183532,133.166,0.78193,0.0
12.9073,0.0183569,131.828,0.795618,0.0
12.8956,0.0181453,133.936,0.803146,0.0
12.9116,0.0181931,133.25,0.79288,0.0
12.9067,0.0182884,132.698,0.783641,0.0
12.8832,0.0188601,132.313,0.819914,0.0
12.8944,0.0187193,131.443,0.803146,0.0
12.9108,0.0179711,133.116,0.789116,0.0
12.8906,0.0181319,133.467,0.806226,0.0
12.8968,0.0189127,133.584,0.809648,0.0
12.9233,0.0184149,133.317,0.788089,0.0
12.9215,0.0183682,133.367,0.80999,0.0
12.9325,0.0184743,131.409,0.79596,0.0
12.95,0.0186934,132.413,0.807937,0.0
12.9273,0.0188355,132.463,0.787747,0.0
12.9048,0.0183512,131.409,0.80691,0.0
12.9246,0.0182203,131.844,0.804515,0.0
12.9195,0.0186147,132.748,0.811359,0.0
12.8923,0.0187175,133.133,0.805542,0.0
12.9143,0.0182829,132.079,0.800066,0.0
12.9321,0.018192,133.618,0.810332,0.0
12.9013,0.0180355,134.12,0.787063,0.0
12.8842,0.018355,133.384,0.798013,0.0
12.9143,0.0187533,133.233,0.785352,0.0
12.9093,0.0188016,133.484,0.810675,0.0
12.8852,0.0181541,133.317,0.832918,0.0
12.9311,0.018924,132.614,0.802462,0.0
12.9368,0.0184303,133.25,0.814781,0.0
12.8988,0.0183779,134.655,0.794591,0.0
12.9069,0.0179954,132.447,0.81307,0.0
12.9198,0.0181144,132.396,0.81307,0.0
12.9114,0.0186495,134.086,0.797329,0.0
12.905,0.0184575,133.902,0.804173,0.0
12.9064,0.018345,133.517,0.810675,0.0
12.9145,0.0182926,132.463,0.805542,0.0
12.9241,0.0181764,134.036,0.819914,0.0
12.9106,0.0189648,133.199,0.801435,0.0
12.9171,0.0184256,132.664,0.783641,0.0
12.9262,0.0190524,131.711,0.806568,0.0
12.893,0.0181545,132.447,0.795275,0.0
12.9059,0.0179802,133.099,0.804857,0.0
12.9176,0.0177896,134.22,0.805199,0.0
12.911,0.018615,133.25,0.793907,0.0
12.9064,0.0184559,132.129,0.80999,0.0
12.8889,0.0184202,133.651,0.792196,0.0
12.8987,0.0185145,133.384,0.803488,0.0
12.9304,0.0184638,133.233,0.795275,0.0
12.9163,0.0186949,133.501,0.801435,0.0
12.8957,0.0188478,132.413,0.800066,0.0
12.8988,0.0183863,132.413,0.794933,0.0
12.8865,0.0185253,133.4,0.802804,0.0
12.9265,0.0190575,133.116,0.797671,0.0
12.9482,0.0187526,133.517,0.80999,0.0
12.872,0.018502,132.38,0.807937,0.0
12.8677,0.0184829,132.012,0.785694,0.0
12.9001,0.018609,133.082,0.800408,0.0
12.9072,0.0181697,132.932,0.79904,0.0
12.9476,0.0186504,133.333,0.797671,0.0
12.9358,0.0181739,132.463,0.804857,0.0
12.9005,0.0182768,133.4,0.814097,0.0
12.9166,0.0182565,133.3,0.813412,0.0
12.9367,0.018326,134.521,0.804515,0.0
12.9133,0.0186284,133.417,0.821625,0.0
12.8812,0.0186566,133.986,0.813754,0.0
12.9061,0.0185759,133.701,0.824363,0.0
12.9135,0.018227,133.384,0.806568,0.0
12.8732,0.0181322,132.932,0.800408,0.0
12.915,0.0186947,131.928,0.807595,0.0
12.9234,0.0184219,133.266,0.801777,0.0
12.8725,0.0187184,133.183,0.802804,0.0
12.8918,0.0189373,133.199,0.814781,0.0
12.9303,0.0189367,133.768,0.790827,0.0
12.9263,0.0185128,134.722,0.815123,0.0
12.9257,0.0185062,134.655,0.81923,0.0
12.9347,0.0184907,131.041,0.826758,0.0
12.9037,0.0183692,134.705,0.797671,0.0
12.8877,0.0186232,132.564,0.798355,0.0
12.9112,0.0185793,133.919,0.808621,0.0
12.9342,0.0190014,131.978,0.811359,0.0
12.9272,0.0191335,134.672,0.785352,0.0
12.9204,0.0179772,132.447,0.814781,0.0
12.9084,0.0184108,131.995,0.810332,0.0
12.8788,0.018093,134.638,0.816834,0.0
12.905,0.0182862,133.166,0.818887,0.0
12.9332,0.0188868,132.915,0.804857,0.0
12.9185,0.0190256,133.919,0.790827,0.0
12.9417,0.0187648,133.735,0.805542,0.0
12.9218,0.0185373,132.631,0.798013,0.0
12.8831,0.0187302,135.023,0.812386,0.0
12.9027,0.0189435,132.647,0.807595,0.0
12.9117,0.018383,133.869,0.785352,0.0
12.904,0.0184038,134.203,0.802804,0.0
12.9109,0.0183052,133.066,0.787747,0.0
12.89,0.0182096,133.216,0.800408,0.0
12.8942,0.0183798,133.634,0.807937,0.0
12.9176,0.0186647,133.116,0.819914,0.0
12.9264,0.018177,132.714,0.803831,0.0
12.9433,0.0180522,131.911,0.790485,0.0
12.9432,0.0186357,133.434,0.785352,0.0
12.911,0.0187197,132.112,0.809306,0.0
12.8862,0.0186074,133.969,0.796644,0.0
12.924,0.0184018,132.095,0.797329,0.0
12.9382,0.0183219,132.497,0.789116,0.0
12.9188,0.0188526,131.694,0.81615,0.0
12.9169,0.0187468,132.865,0.817861,0.0
12.9119,0.0183629,131.644,0.797671,0.0
12.9147,0.0187879,132.564,0.793222,0.0
12.9103,0.0183366,133.534,0.783983,0.0
12.8936,0.0181916,133.333,0.809306,0.0
12.9156,0.0180025,133.752,0.799724,0.0
12.938,0.0188523,132.062,0.800066,0.0
12.9042,0.018161,131.844,0.835313,0.0
12.8892,0.0183746,134.27,0.793907,0.0
12.9052,0.0184822,132.932,0.803146,0.0
12.9032,0.0181271,131.962,0.814781,0.0
12.938,0.0183407,132.38,0.807595,0.0
12.9307,0.0182,134.27,0.831549,0.0
12.8928,0.0180316,132.463,0.806568,0.0
12.9279,0.0180681,132.915,0.79288,0.0
12.95,0.0181492,132.831,0.803146,0.0
12.9427,0.0183469,132.53,0.823678,0.0
12.9279,0.0183871,133.149,0.79596,0.0
12.905,0.0181301,132.296,0.803831,0.0
12.9146,0.018572,132.915,0.813754,0.0
12.917,0.0183904,132.932,0.798355,0.0
12.917,0.0185769,132.346,0.788431,0.0
12.9313,0.0183802,132.915,0.812728,0.0
12.9242,0.0181834,133.166,0.780219,0.0
12.925,0.0181119,133.852,0.812043,0.0
12.9159,0.0182185,131.527,0.802804,0.0
12.8739,0.0185903,133.417,0.805884,0.0
12.8858,0.0182194,132.882,0.803831,0.0
12.9189,0.0188182,132.581,0.801435,0.0
12.915,0.0186682,133.183,0.811017,0.0
12.9207,0.0187087,131.66,0.808279,0.0
12.9184,0.0187787,133.919,0.819914,0.0
12.9222,0.0179523,133.266,0.80999,0.0
12.9236,0.0183906,133.133,0.811701,0.0
12.9402,0.018372,134.672,0.798355,0.0
12.9296,0.0186968,133.032,0.802462,0.0
12.8932,0.0182817,134.287,0.804515,0.0
12.902,0.0182332,132.748,0.798355,0.0
12.9152,0.0186022,133.467,0.811017,0.0
12.9073,0.0182749,131.945,0.808621,0.0
12.9152,0.0187782,133.116,0.794591,0.0
12.934,0.0186037,132.196,0.802804,0.0
12.9316,0.0181435,132.43,0.798697,0.0
12.9028,0.0186639,133.149,0.815123,0.0
12.9266,0.018441,132.748,0.798013,0.0
12.9596,0.0188036,133.266,0.804857,0.0
12.922,0.0183004,133.099,0.80999,0.0
12.8968,0.0179685,134.003,0.807937,0.0
12.9139,0.0187439,133.333,0.787405,0.0
12.9145,0.0188067,131.058,0.791169,0.0
12.9123,0.018388,132.949,0.797329,0.0
12.9154,0.0186467,132.313,0.79596,0.0
12.9206,0.0187212,132.647,0.787063,0.0
12.903,0.0189046,132.865,0.803146,0.0
12.8924,0.018659,133.534,0.809648,0.0
12.896,0.0187501,131.861,0.807253,0.0
12.8982,0.0182676,134.99,0.825389,0.0
12.9368,0.0186036,134.655,0.800751,0.0
12.9255,0.0183982,134.287,0.816492,0.0
12.9061,0.018052,134.371,0.801777,0.0
12.9341,0.0189044,132.229,0.813754,0.0
12.94,0.0185289,132.865,0.807937,0.0
12.9314,0.0189725,133.283,0.804515,0.0
12.9218,0.0183291,133.501,0.794249,0.0
12.9286,0.0179922,134.571,0.806226,0.0
12.9294,0.0179513,132.965,0.820941,0.0
12.8946,0.0182284,132.647,0.808279,0.0
12.8929,0.0184978,133.032,0.802462,0.0
12.8912,0.0183325,132.346,0.801777,0.0
12.8796,0.0185664,132.246,0.809306,0.0
12.8844,0.018316,130.774,0.811017,0.0
12.8886,0.0185606,132.965,0.804515,0.0
12.9146,0.0188274,131.359,0.81923,0.0
12.9192,0.0188541,132.095,0.81615,0.0
12.9026,0.0187081,133.149,0.817519,0.0
12.9039,0.018466,134.488,0.808964,0.0
12.8973,0.0185014,132.246,0.809648,0.0
12.9071,0.0182159,133.133,0.803146,0.0
12.9183,0.0186962,133.969,0.800066,0.0
12.8942,0.0184369,133.551,0.79904,0.0
12.8871,0.0182749,132.848,0.790485,0.0
12.9151,0.0187355,133.216,0.802462,0.0
12.9003,0.0187663,132.681,0.787063,0.0
12.8787,0.0187045,131.761,0.802119,0.0
12.8859,0.0184412,132.932,0.787747,0.0
12.8824,0.0182621,131.761,0.803488,0.0
12.8847,0.0183777,134.12,0.809648,0.0
12.8989,0.0180189,133.634,0.788089,0.0
12.9081,0.0183096,133.4,0.793564,0.0
12.9064,0.0183454,131.543,0.77269,0.0
12.9184,0.0179511,134.17,0.821283,0.0
12.934,0.0185077,133.434,0.792196,0.0
12.9184,0.0186465,131.677,0.821625,0.0
12.9214,0.0181829,134.605,0.80691,0.0
12.9321,0.0186383,132.597,0.826758,0.0
12.9289,0.0184797,132.765,0.800408,0.0
12.9582,0.018534,133.634,0.807253,0.0
12.9601,0.018271,131.945,0.816834,0.0
12.9008,0.0187031,134.32,0.787747,0.0
12.8962,0.0186175,132.313,0.799382,0.0
12.9107,0.0189536,131.928,0.80999,0.0
12.902,0.0184731,132.296,0.807595,0.0
12.9294,0.0187467,133.969,0.814781,0.0
12.9534,0.0187938,133.049,0.80691,0.0
12.9476,0.0185932,132.781,0.831549,0.0
12.9411,0.0187284,132.497,0.81307,0.0
12.9264,0.0184737,133.166,0.793564,0.0
12.9099,0.0183519,132.012,0.800066,0.0
12.9076,0.0184175,133.668,0.803831,0.0
12.9141,0.0184119,132.915,0.821283,0.0
12.9035,0.0184329,134.638,0.81307,0.0
12.9137,0.0184431,132.196,0.822309,0.0
12.9095,0.018526,133.701,0.805199,0.0
12.8858,0.0183218,133.501,0.821967,0.0
12.8879,0.0183082,131.978,0.801435,0.0
12.9183,0.0182519,132.48,0.809648,0.0
12.9228,0.0186791,133.25,0.81615,0.0
12.8955,0.0184938,131.777,0.795275,0.0
12.9092,0.0186588,134.588,0.827785,0.0
12.9072,0.0182114,132.631,0.794591,0.0
12.8992,0.0183703,132.497,0.808964,0.0
12.9011,0.0184795,132.229,0.806226,0.0
12.9018,0.0183452,132.48,0.803488,0.0
12.9047,0.0188672,133.434,0.791853,0.0
12.9253,0.0183345,133.467,0.808964,0.0
12.9321,0.0180507,133.869,0.815123,0.0
12.908,0.0186383,133.517,0.801093,0.0
12.8871,0.0182078,133.618,0.793564,0.0
12.916,0.0183995,132.731,0.784325,0.0
12.9337,0.0183356,132.514,0.79904,0.0
12.9065,0.0188195,132.48,0.806568,0.0
12.8945,0.0185812,133.534,0.804173,0.0
12.9011,0.0185013,133.25,0.790485,0.0
12.9187,0.0182235,132.229,0.794249,0.0
12.9234,0.0183516,133.3,0.820941,0.0
12.9061,0.0178568,133.35,0.784325,0.0
12.904,0.0184499,131.677,0.803488,0.0
12.9039,0.0183245,132.413,0.791511,0.0
12.8939,0.0182972,131.794,0.805542,0.0
12.918,0.0180868,131.978,0.801093,0.0
12.9024,0.018062,133.467,0.787063,0.0
12.8765,0.0183582,132.831,0.783298,0.0
12.9182,0.0179901,132.681,0.816834,0.0
12.9246,0.0182337,132.664,0.81307,0.0
12.8995,0.018617,131.175,0.810332,0.0
12.9156,0.01839,131.376,0.778165,0.0
12.9205,0.019,134.354,0.821283,0.0
12.9314,0.0182382,132.497,0.78672,0.0
12.9525,0.0182984,134.103,0.820256,0.0
12.9239,0.0184229,131.61,0.793222,0.0
12.8847,0.0184376,133.969,0.802462,0.0
12.9095,0.0184701,131.878,0.811359,0.0
12.926,0.0185825,131.811,0.825389,0.0
12.895,0.0177914,132.597,0.798013,0.0
12.9038,0.0188505,132.229,0.796644,0.0
12.9375,0.0187865,135.307,0.818545,0.0
12.9125,0.0183816,131.895,0.808964,0.0
12.8904,0.0186823,133.417,0.800066,0.0
12.9316,0.0185769,131.928,0.79904,0.0
12.9296,0.0187004,132.296,0.790485,0.0
12.8959,0.018324,133.25,0.803146,0.0
12.8818,0.0184903,132.497,0.791511,0.0
12.8707,0.0181689,131.995,0.808964,0.0
12.8993,0.0183766,134.387,0.806226,0.0
12.9114,0.0185109,132.196,0.827785,0.0
12.8887,0.0185414,133.066,0.804173,0.0
12.9068,0.0183205,133.35,0.79904,0.0
12.9372,0.0182033,132.915,0.788774,0.0
12.9259,0.0180476,132.815,0.816834,0.0
12.8815,0.0187659,133.384,0.801093,0.0
12.897,0.0185888,134.187,0.801093,0.0
12.9311,0.0180959,132.129,0.788774,0.0
12.9053,0.0182084,131.928,0.811701,0.0
12.9157,0.0183033,134.019,0.807595,0.0
12.9276,0.0178243,131.058,0.814439,0.0
12.9079,0.0184923,134.488,0.807937,0.0
12.9201,0.0185627,133.266,0.800408,0.0
12.9148,0.0182256,133.501,0.806568,0.0
12.9039,0.0180744,132.581,0.789458,0.0
12.9136,0.0183901,133.869,0.787063,0.0
12.9289,0.0185642,132.765,0.793564,0.0
12.9316,0.0182373,132.765,0.811701,0.0
12.9254,0.0186291,133.584,0.815465,0.0
12.9306,0.0180826,131.744,0.790827,0.0
12.9321,0.0181799,132.664,0.800408,0.0
12.903,0.0182099,132.129,0.790485,0.0
12.899,0.0186041,132.212,0.773375,0.0
12.9234,0.0185053,134.053,0.797329,0.0
12.9133,0.018557,132.179,0.796644,0.0
12.8971,0.0187225,133.551,0.818203,0.0
12.8963,0.0185009,134.705,0.782956,0.0
12.9145,0.0185351,132.831,0.814781,0.0
12.936,0.0188211,132.581,0.805884,0.0
12.9364,0.0185793,132.179,0.785009,0.0
12.9142,0.0183091,132.831,0.795275,0.0
12.889,0.0182656,133.333,0.808964,0.0
12.906,0.0186624,133.25,0.794591,0.0
12.9447,0.0185485,133.434,0.805884,0.0
12.9427,0.0185164,131.878,0.805542,0.0
12.9262,0.0183093,133.032,0.81923,0.0
12.9097,0.0184519,133.283,0.798013,0.0
12.9313,0.018603,133.869,0.785009,0.0
12.9532,0.0186859,132.396,0.800066,0.0
12.9469,0.0186633,132.781,0.777139,0.0
12.9398,0.0186583,133.116,0.782272,0.0
12.916,0.0182358,133.768,0.80691,0.0
12.9158,0.0186133,133.534,0.807937,0.0
12.9054,0.0185026,133.283,0.794933,0.0
12.8971,0.0183551,132.932,0.793222,0.0
12.8955,0.0181127,132.279,0.80999,0.0
12.9096,0.0182504,132.38,0.800751,0.0
12.9478,0.0182256,133.3,0.818887,0.0
12.93,0.0182055,133.802,0.809306,0.0
12.9105,0.0186307,133.634,0.797329,0.0
12.9152,0.0181424,131.962,0.806226,0.0
12.9002,0.0185606,133.701,0.813754,0.0
12.9251,0.0187468,134.27,0.806226,0.0
12.9683,0.0187067,132.765,0.787405,0.0
12.9575,0.0178596,132.581,0.807937,0.0
12.9007,0.0184314,132.898,0.802462,0.0
12.8889,0.0184628,132.815,0.805542,0.0
12.9219,0.0188798,133.651,0.810675,0.0
12.9143,0.0184551,132.43,0.796302,0.0
12.8926,0.0179156,131.844,0.796986,0.0
12.8954,0.0186992,132.514,0.802119,0.0
12.9071,0.0185442,130.891,0.805199,0.0
12.9409,0.0183314,133.233,0.793222,0.0
12.9501,0.0190443,133.634,0.820941,0.0
12.916,0.0185058,133.417,0.818545,0.0
12.9073,0.0190044,133.417,0.811017,0.0
12.9179,0.018436,133.568,0.804515,0.0
12.9193,0.0186142,132.313,0.804857,0.0
12.9359,0.0186556,131.075,0.805884,0.0
12.9157,0.0186522,132.949,0.82402,0.0
12.9091,0.0186202,134.454,0.804857,0.0
12.9182,0.0188381,133.216,0.793907,0.0
12.9133,0.0183051,133.668,0.805884,0.0
12.911,0.0182858,131.577,0.80691,0.0
12.9023,0.0189585,133.551,0.811017,0.0
12.9247,0.018767,133.802,0.817176,0.0
12.9291,0.0182822,132.848,0.788774,0.0
12.9182,0.0183452,132.53,0.791169,0.0
12.9224,0.0186338,131.359,0.793907,0.0
12.8974,0.018377,133.417,0.80691,0.0
12.8984,0.0188768,133.902,0.80691,0.0
12.9216,0.0185964,132.748,0.805199,0.0
12.9087,0.0182027,132.982,0.809648,0.0
12.8989,0.0185449,133.902,0.810675,0.0
12.9296,0.0179532,132.146,0.794249,0.0
12.9404,0.0185558,134.555,0.791169,0.0
12.9373,0.0183001,132.463,0.79904,0.0
12.9192,0.0190423,133.317,0.799724,0.0
12.9119,0.0185367,133.802,0.782956,0.0
12.9332,0.018615,132.463,0.81307,0.0
12.9258,0.0185108,131.694,0.813412,0.0
12.9074,0.0189046,133.534,0.812043,0.0
12.9055,0.01879,131.175,0.786036,0.0
12.8937,0.0190961,132.179,0.790827,0.0
12.8907,0.0181029,134.019,0.81615,0.0
12.8965,0.0185542,133.668,0.809648,0.0
12.9173,0.0185493,134.153,0.805884,0.0
12.9429,0.0187104,133.3,0.793907,0.0
12.9337,0.0185187,132.079,0.797329,0.0
12.9038,0.0181022,133.384,0.800751,0.0
12.9133,0.0181261,134.253,0.810675,0.0
12.9287,0.0180927,131.175,0.789116,0.0
12.9118,0.0190079,132.898,0.814439,0.0
12.9122,0.0184436,133.049,0.808621,0.0
12.8917,0.0180463,132.898,0.803146,0.0
12.8823,0.0180135,133.701,0.812386,0.0
12.9366,0.0181839,131.794,0.811701,0.0
12.9217,0.0183188,130.924,0.814439,0.0
12.8796,0.0186188,134.304,0.785352,0.0
12.9156,0.018326,133.066,0.812043,0.0
12.9204,0.0179601,132.33,0.808964,0.0
12.9095,0.0182685,134.237,0.804173,0.0
12.8912,0.0182423,131.962,0.793907,0.0
12.8925,0.0186377,133.4,0.792538,0.0
12.9142,0.0184283,132.815,0.808621,0.0
12.8993,0.0184358,132.33,0.820941,0.0
12.9101,0.0188063,132.346,0.800066,0.0
12.9315,0.0187154,131.727,0.80999,0.0
12.9167,0.0180766,133.333,0.81615,0.0
12.9126,0.0177484,134.471,0.809648,0.0
12.9449,0.0183124,132.647,0.800751,0.0
12.9308,0.0182903,132.162,0.804515,0.0
12.8895,0.0183467,132.162,0.819914,0.0
12.8956,0.0185285,132.447,0.804515,0.0
12.9078,0.0181476,131.928,0.800408,0.0
12.9142,0.0180627,132.413,0.791169,0.0
12.9064,0.0184556,131.895,0.806568,0.0
12.9142,0.0184381,132.346,0.811701,0.0
12.9414,0.0183747,132.815,0.805884,0.0
12.9385,0.0181385,131.259,0.799382,0.0
12.9097,0.0182296,132.898,0.819572,0.0
12.8955,0.0182686,132.095,0.835313,0.0
12.9068,0.018003,131.61,0.821283,0.0
12.8925,0.0183722,133.4,0.805542,0.0
12.8921,0.0185112,131.627,0.800408,0.0
12.9078,0.0183254,133.099,0.80999,0.0
12.9072,0.0182544,133.015,0.814439,0.0
12.9223,0.0188937,132.38,0.811359,0.0
12.9062,0.0185876,131.644,0.80691,0.0
12.9145,0.0186968,133.434,0.789458,0.0
12.9462,0.0185641,132.196,0.799382,0.0
12.9176,0.0185691,132.647,0.800751,0.0
12.9173,0.0181738,132.798,0.813754,0.0
12.9333,0.0180757,132.765,0.819914,0.0
12.8927,0.0184593,133.283,0.805884,0.0
12.9012,0.0182577,132.346,0.807595,0.0
12.9644,0.0188156,133.517,0.801093,0.0
12.9681,0.0184105,133.082,0.820941,0.0
12.9344,0.0186447,132.396,0.79288,0.0
12.9228,0.0184803,133.166,0.784667,0.0
12.9264,0.0184349,132.212,0.810675,0.0
12.9055,0.0183236,132.346,0.784325,0.0
12.9301,0.0183549,132.949,0.79596,0.0
12.9424,0.0184161,133.199,0.815808,0.0
12.9004,0.0189072,132.597,0.84421,0.0
12.9254,0.0185466,132.564,0.809306,0.0
12.9517,0.0186807,131.66,0.799724,0.0
12.9067,0.018673,132.614,0.812043,0.0
12.8863,0.0181003,132.714,0.812043,0.0
12.9335,0.0184158,132.012,0.802804,0.0
12.9336,0.018479,132.765,0.784325,0.0
12.9111,0.0181153,134.337,0.802119,0.0
12.9247,0.0183564,130.941,0.808964,0.0
12.908,0.018046,133.584,0.81307,0.0
12.9036,0.0187887,133.568,0.819572,0.0
12.9508,0.0188035,132.179,0.818203,0.0
12.93,0.0185503,131.092,0.807595,0.0
12.9191,0.0189644,133.066,0.788089,0.0
12.9335,0.0188079,133.434,0.793564,0.0
12.9089,0.0188572,132.263,0.799724,0.0
12.9118,0.0185898,131.644,0.822994,0.0
12.9248,0.0182196,133.233,0.813754,0.0
12.8986,0.0183811,132.129,0.805199,0.0
12.9188,0.018307,133.952,0.809306,0.0
12.9461,0.0183777,133.149,0.80999,0.0
12.9297,0.018177,134.086,0.807253,0.0
12.9291,0.0189658,133.618,0.798355,0.0
12.9189,0.0183702,131.744,0.813412,0.0
12.9094,0.018635,132.765,0.801093,0.0
12.9278,0.018606,134.103,0.798697,0.0
12.9335,0.0180956,132.581,0.800751,0.0
12.9095,0.0185124,133.818,0.814097,0.0
12.9037,0.0187906,133.367,0.812386,0.0
12.9111,0.0189338,134.789,0.812043,0.0
12.9318,0.0182597,133.149,0.795618,0.0
12.9457,0.0183123,134.504,0.801435,0.0
12.9338,0.0186382,132.497,0.811017,0.0
12.9268,0.0188167,132.731,0.807253,0.0
12.9002,0.0183031,132.765,0.824363,0.0
12.8677,0.0188497,132.982,0.776112,0.0
12.8987,0.018861,132.129,0.800751,0.0
12.9381,0.0185384,134.605,0.811017,0.0
12.9247,0.0185978,131.259,0.800408,0.0
12.8767,0.0182894,132.999,0.819914,0.0
12.8864,0.0185336,133.752,0.770979,0.0
12.9286,0.0184085,132.279,0.805199,0.0
12.9074,0.0184545,131.811,0.81307,0.0
12.9034,0.0185543,131.962,0.801777,0.0
12.9362,0.0184441,132.781,0.803831,0.0
12.9239,0.0183987,131.543,0.798013,0.0
12.9175,0.0184801,132.129,0.808279,0.0
12.9358,0.0184145,133.233,0.814097,0.0
12.9274,0.0186566,135.14,0.805884,0.0
12.9047,0.0184711,133.166,0.806226,0.0
12.8825,0.0183688,132.614,0.797671,0.0
12.8881,0.0189729,132.413,0.789458,0.0
12.9158,0.0185808,132.38,0.815465,0.0
12.9044,0.0184085,132.028,0.801093,0.0
12.8762,0.0184473,132.012,0.790142,0.0
12.9075,0.0187532,133.735,0.810675,0.0
12.9239,0.0182688,132.447,0.803831,0.0
12.9092,0.0184192,133.133,0.809648,0.0
12.9164,0.0184186,132.48,0.795618,0.0
12.9019,0.0182919,134.32,0.807595,0.0
12.8961,0.0184021,133.266,0.791511,0.0
12.9161,0.0185075,132.831,0.791169,0.0
12.9178,0.0187158,133.032,0.797671,0.0
12.9076,0.0188179,132.43,0.800066,0.0
12.91,0.0178861,133.266,0.790827,0.0
12.9183,0.0185115,133.735,0.791511,0.0
12.9525,0.0186419,133.517,0.799382,0.0
12.946,0.0184981,132.564,0.785009,0.0
12.9071,0.0180675,133.367,0.812728,0.0
12.9151,0.0180266,133.969,0.780903,0.0
12.9217,0.0180382,133.718,0.818887,0.0
12.9254,0.0186069,131.627,0.794591,0.0
12.9316,0.0184906,132.915,0.820941,0.0
12.9164,0.0187488,131.343,0.787405,0.0
12.9031,0.0181676,133.885,0.787747,0.0
12.8937,0.0178631,132.647,0.802804,0.0
12.8933,0.0182063,132.631,0.80691,0.0
12.9128,0.0184057,134.153,0.807937,0.0
12.9109,0.018258,132.932,0.808964,0.0
12.9404,0.0185909,132.212,0.814097,0.0
12.9329,0.0183619,132.982,0.807937,0.0
12.8778,0.0182876,132.631,0.802462,0.0
12.9039,0.018167,133.584,0.820941,0.0
12.9572,0.0190274,133.166,0.811701,0.0
12.9457,0.0186056,132.564,0.800066,0.0
12.9276,0.01798,133.802,0.796644,0.0
12.9292,0.0185753,133.317,0.81307,0.0
12.8811,0.0184091,131.359,0.797329,0.0
12.868,0.0183793,133.384,0.825047,0.0
12.9063,0.0184773,132.212,0.798697,0.0
12.8985,0.0181809,132.932,0.811017,0.0
12.9147,0.0184995,133.166,0.802119,0.0
12.9274,0.0180433,133.015,0.787063,0.0
12.9002,0.018282,133.133,0.814781,0.0
12.9236,0.0185236,134.772,0.802804,0.0
12.9458,0.0186733,132.514,0.81307,0.0
12.9057,0.0180102,132.949,0.796644,0.0
12.8956,0.018008,132.647,0.796302,0.0
12.9079,0.0188176,133.4,0.802804,0.0
12.9264,0.0183299,132.614,0.812728,0.0
12.928,0.018597,133.317,0.83326,0.0
12.9083,0.0186915,132.497,0.816834,0.0
12.9078,0.0184319,133.634,0.818203,0.0
12.9153,0.0185502,132.012,0.805199,0.0
12.9209,0.0182153,133.768,0.815123,0.0
12.9082,0.0185337,131.309,0.814439,0.0
12.8901,0.01842,131.259,0.799382,0.0
12.9188,0.0183274,131.995,0.806226,0.0
12.9235,0.0184454,131.694,0.815123,0.0
12.8901,0.0191822,133.166,0.810675,0.0
12.906,0.0186626,133.116,0.79288,0.0
12.926,0.0183648,133.685,0.826758,0.0
12.9338,0.0184639,132.296,0.802804,0.0
12.9254,0.0181286,133.835,0.823678,0.0
12.9025,0.0187137,131.008,0.796986,0.0
12.8879,0.0182836,134.036,0.812043,0.0
12.9034,0.018568,132.731,0.777481,0.0
12.9069,0.0184377,132.564,0.806568,0.0
12.9242,0.0186357,132.146,0.813412,0.0
12.9411,0.0184243,132.932,0.807253,0.0
12.9202,0.0184919,133.685,0.801435,0.0
12.93,0.0182126,132.681,0.804173,0.0
12.9398,0.018267,134.755,0.805199,0.0
12.9394,0.0185527,131.343,0.788431,0.0
12.9284,0.0184075,132.765,0.803146,0.0
12.9289,0.0183416,133.099,0.815123,0.0
12.9568,0.0181383,134.488,0.799382,0.0
12.9381,0.0184933,131.225,0.812386,0.0
12.9037,0.018215,133.869,0.775428,0.0
12.9132,0.0184864,133.785,0.806226,0.0
12.9274,0.018681,132.162,0.805542,0.0
12.9346,0.0183536,134.354,0.829838,0.0
12.9355,0.0180363,133.467,0.820941,0.0
12.9227,0.0186322,132.313,0.785009,0.0
12.9169,0.0183281,132.547,0.802462,0.0
12.9099,0.0188458,132.413,0.816834,0.0
12.9184,0.0188228,134.103,0.798355,0.0
12.925,0.0183188,133.367,0.835313,0.0
12.9009,0.0185285,131.811,0.79596,0.0
12.9021,0.01868,132.798,0.798355,0.0
12.9197,0.0182651,133.919,0.822652,0.0
12.9139,0.0189595,132.831,0.807937,0.0
12.9059,0.0186814,133.066,0.797329,0.0
12.9038,0.0184111,134.086,0.773717,0.0
12.8934,0.0179255,132.547,0.804173,0.0
12.8971,0.0180072,133.768,0.807253,0.0
12.9218,0.0185664,134.354,0.806226,0.0
12.9237,0.0185352,132.564,0.789116,0.0
12.903,0.0184734,132.831,0.801435,0.0
12.9133,0.0188124,133.082,0.795275,0.0
12.9084,0.0182634,133.484,0.81615,0.0
12.8672,0.0186345,131.794,0.812043,0.0
12.887,0.0186722,133.216,0.821283,0.0
12.9205,0.018662,133.015,0.821967,0.0
12.8954,0.0182943,133.367,0.811701,0.0
12.9076,0.018696,132.028,0.808279,0.0
12.9181,0.0183683,133.651,0.792196,0.0
12.9021,0.0181592,134.488,0.805884,0.0
12.8937,0.0186162,132.246,0.822309,0.0
12.9,0.018631,131.995,0.789458,0.0
12.9161,0.0185755,131.828,0.790827,0.0
12.8895,0.0185456,133.517,0.805884,0.0
12.8675,0.0180822,132.413,0.805542,0.0
12.92,0.0181938,133.718,0.792196,0.0
12.9458,0.0185588,133.45,0.790827,0.0
12.9029,0.0183364,132.597,0.80999,0.0
12.8896,0.0187909,132.898,0.808964,0.0
12.9136,0.0186569,134.12,0.777481,0.0
12.9273,0.0183465,132.898,0.798013,0.0
12.9024,0.0189716,132.497,0.804173,0.0
12.8785,0.0185601,133.568,0.81615,0.0
12.898,0.0186724,132.43,0.817861,0.0
12.9086,0.0185322,133.434,0.79596,0.0
12.9328,0.0189001,133.032,0.810675,0.0
12.9541,0.0184967,132.179,0.818887,0.0
12.9254,0.0181883,133.015,0.793564,0.0
12.9064,0.0186017,133.283,0.814781,0.0
12.9205,0.0182663,133.216,0.79904,0.0
12.9318,0.018419,132.279,0.794249,0.0
12.9509,0.0185622,132.781,0.812043,0.0
12.9258,0.0182826,132.865,0.806226,0.0
12.8686,0.0181309,132.045,0.787747,0.0
12.8988,0.018154,133.952,0.800408,0.0
12.9439,0.0181905,133.584,0.807937,0.0
12.931,0.0182095,134.187,0.803831,0.0
12.9223,0.0182548,132.363,0.806226,0.0
12.9328,0.0183851,134.621,0.825389,0.0
12.9525,0.0187956,133.651,0.81615,0.0
12.9186,0.0183113,131.995,0.802119,0.0
12.8859,0.0185012,132.279,0.808964,0.0
12.8998,0.0182792,132.597,0.814097,0.0
12.8947,0.0184569,133.216,0.829496,0.0
12.907,0.0189789,134.722,0.779534,0.0
12.922,0.0188993,131.928,0.812043,0.0
12.9181,0.0182589,133.35,0.799382,0.0
12.9303,0.0185773,132.681,0.816492,0.0
12.8968,0.0183517,134.12,0.805542,0.0
12.8827,0.0184124,132.263,0.803488,0.0
12.9135,0.0178961,132.915,0.803146,0.0
12.8966,0.0182739,132.43,0.792538,0.0
12.8821,0.0174223,133.752,0.817176,0.0
12.9008,0.0183136,131.777,0.797329,0.0
12.9203,0.0183774,132.363,0.816492,0.0
12.9144,0.0180539,132.932,0.845579,0.0
12.9219,0.0185433,132.447,0.790142,0.0
12.9213,0.0186613,133.467,0.791511,0.0
12.9056,0.0187639,132.296,0.803831,0.0
12.9069,0.0185056,131.962,0.798355,0.0
12.8967,0.0184354,131.744,0.807595,0.0
12.9179,0.0183726,134.722,0.816834,0.0
12.9421,0.0182411,133.467,0.811359,0.0
12.9127,0.0188072,132.33,0.810675,0.0
12.9281,0.0189824,132.714,0.815808,0.0
12.9652,0.0187575,132.581,0.812043,0.0
12.9574,0.0190073,132.932,0.799724,0.0
12.9237,0.0189494,132.162,0.805884,0.0
12.9343,0.0184476,133.668,0.811701,0.0
12.9571,0.018613,133.835,0.81923,0.0
12.9408,0.0180918,132.631,0.811701,0.0
12.9215,0.0181899,133.885,0.812728,0.0
12.9374,0.0186981,132.714,0.814097,0.0
12.9396,0.0187092,133.45,0.803488,0.0
12.8981,0.0186157,133.634,0.805199,0.0
12.8938,0.0182303,132.564,0.796986,0.0
12.9284,0.018381,133.501,0.801777,0.0
12.9347,0.0188605,132.346,0.810332,0.0
12.9068,0.0185682,132.229,0.820941,0.0
12.9031,0.0182582,133.752,0.806568,0.0
12.9059,0.0189413,134.053,0.803831,0.0
12.9175,0.0187146,131.978,0.778165,0.0
12.9081,0.0177992,131.075,0.797671,0.0
12.9004,0.018493,133.467,0.805542,0.0
12.9061,0.0182758,133.701,0.805542,0.0
12.8997,0.0182513,132.798,0.812386,0.0
12.9093,0.0183771,133.718,0.830522,0.0
12.9126,0.0186934,132.815,0.803146,0.0
12.925,0.0181342,133.199,0.81615,0.0
12.9455,0.0181592,131.978,0.803488,0.0
12.9156,0.018404,133.818,0.819572,0.0
12.8981,0.0182048,132.932,0.803146,0.0
12.9107,0.0178012,132.664,0.829153,0.0
12.921,0.0178784,133.333,0.803146,0.0
12.942,0.018414,132.781,0.810332,0.0
12.9181,0.0185919,131.777,0.791511,0.0
12.8851,0.018387,132.664,0.802462,0.0
12.9271,0.0187639,132.731,0.800751,0.0
12.9255,0.018934,132.413,0.802804,0.0
12.8968,0.0185111,131.527,0.822652,0.0
12.9174,0.0183276,134.387,0.808621,0.0
12.9278,0.0187688,132.112,0.800066,0.0
12.9129,0.0180739,133.116,0.788431,0.0
12.9078,0.018192,133.216,0.789116,0.0
12.9302,0.0184255,134.488,0.781245,0.0
12.9253,0.0183641,131.46,0.804173,0.0
12.8871,0.0182694,132.714,0.795618,0.0
12.9197,0.0187767,133.216,0.802119,0.0
12.9324,0.0186975,131.928,0.801093,0.0
12.8824,0.0185286,131.878,0.811017,0.0
12.9118,0.0182109,132.146,0.79288,0.0
12.9524,0.0183871,132.296,0.804857,0.0
12.9021,0.0187235,132.028,0.808621,0.0
12.8847,0.0180723,130.958,0.823336,0.0
12.9315,0.0185302,132.714,0.80999,0.0
12.9234,0.018294,133.634,0.790827,0.0
12.9354,0.0183353,133.233,0.791511,0.0
12.9541,0.0180617,131.359,0.790485,0.0
12.9064,0.018849,131.627,0.831891,0.0
12.8872,0.0181161,133.4,0.784325,0.0
12.8813,0.018364,132.714,0.811017,0.0
12.8691,0.0186464,132.865,0.800408,0.0
12.9326,0.0181439,133.032,0.803831,0.0
12.9456,0.018379,133.116,0.817861,0.0
12.8857,0.0180567,133.199,0.803488,0.0
12.8857,0.0180931,131.61,0.796986,0.0
12.9056,0.0179896,133.634,0.809306,0.0
12.8819,0.0185344,131.493,0.816492,0.0
12.8879,0.018594,133.367,0.78672,0.0
12.9247,0.0182589,132.313,0.796644,0.0
12.9273,0.0184951,131.711,0.798013,0.0
12.8955,0.0183415,133.718,0.796644,0.0
12.9213,0.0185087,133.986,0.805884,0.0
12.9431,0.0186044,132.681,0.798013,0.0
12.8988,0.0181529,134.688,0.784667,0.0
12.9117,0.018383,133.099,0.807595,0.0
12.9313,0.018631,132.949,0.805199,0.0
12.9146,0.0179524,132.497,0.784325,0.0
12.8971,0.0180796,132.898,0.820256,0.0
12.8904,0.0182587,131.761,0.818203,0.0
12.9075,0.0185047,133.869,0.796644,0.0
12.9295,0.0186402,132.146,0.804857,0.0
12.9472,0.0184568,134.822,0.807253,0.0
12.9605,0.0183978,132.212,0.809648,0.0
12.9349,0.0186716,132.028,0.775086,0.0
12.9081,0.0185652,133.618,0.798697,0.0
12.9032,0.0186375,134.069,0.793907,0.0
12.9159,0.0185713,133.082,0.835313,0.0
12.9175,0.01843,131.895,0.799724,0.0
12.9064,0.0185664,133.015,0.805542,0.0
12.9199,0.018154,133.735,0.802462,0.0
12.9361,0.0186552,133.467,0.785694,0.0
12.9405,0.0184036,133.266,0.793222,0.0
12.9262,0.018298,132.162,0.802462,0.0
12.9258,0.0184051,134.187,0.803488,0.0
12.9442,0.0183147,133.099,0.812386,0.0
12.9445,0.0181826,131.041,0.809306,0.0
12.9128,0.0184166,133.283,0.791853,0.0
12.907,0.0186838,132.196,0.818203,0.0
12.9071,0.0190101,132.831,0.805542,0.0
12.8764,0.0185689,131.895,0.800066,0.0
12.8874,0.0186254,133.902,0.822652,0.0
12.9134,0.0182334,132.229,0.805199,0.0
12.9004,0.0182245,132.898,0.794933,0.0
12.914,0.019405,132.815,0.797671,0.0
12.9305,0.0186982,132.447,0.812386,0.0
12.8913,0.0186146,132.48,0.808279,0.0
12.9111,0.0187192,134.22,0.80999,0.0
12.9532,0.0184154,133.015,0.801435,0.0
12.9191,0.0184255,131.56,0.796302,0.0
12.9033,0.0178215,134.237,0.811017,0.0
12.9444,0.0185963,132.597,0.811359,0.0
12.9235,0.0185914,131.828,0.801435,0.0
12.8892,0.0184083,134.22,0.805542,0.0
12.9305,0.0185032,133.066,0.804857,0.0
12.927,0.0183063,133.25,0.817861,0.0
12.8835,0.0183922,133.049,0.793907,0.0
12.8859,0.0184436,131.945,0.814781,0.0
12.9103,0.0188195,133.367,0.804515,0.0
12.9329,0.0183891,135.09,0.811701,0.0
12.9293,0.0185688,132.48,0.816834,0.0
12.9002,0.0184786,133.082,0.808621,0.0
12.8983,0.0183484,133.133,0.808279,0.0
12.9116,0.0183232,133.584,0.802804,0.0
12.9141,0.0181956,132.882,0.809648,0.0
12.9147,0.0182232,132.48,0.806226,0.0
12.8702,0.0179129,131.644,0.817519,0.0
12.8536,0.0180718,132.631,0.787405,0.0
12.9057,0.01808,133.266,0.804857,0.0
12.9196,0.0185348,132.497,0.790827,0.0
12.8982,0.0181899,133.149,0.811017,0.0
12.91,0.0181433,131.326,0.782956,0.0
12.9065,0.018447,132.731,0.811701,0.0
12.8971,0.0185739,133.601,0.798013,0.0
12.9109,0.0186263,132.129,0.81307,0.0
12.9138,0.018647,133.551,0.822309,0.0
12.9059,0.0187265,131.677,0.805542,0.0
12.9031,0.0184068,132.882,0.782272,0.0
12.9211,0.0183055,133.233,0.81307,0.0
12.9381,0.0186861,131.928,0.788431,0.0
12.9356,0.0182754,132.396,0.808964,0.0
12.9167,0.0185743,133.149,0.790485,0.0
12.9013,0.0181071,133.651,0.800066,0.0
12.9386,0.0185952,131.343,0.80999,0.0
12.9313,0.0190153,132.447,0.796986,0.0
12.8814,0.0187832,133.835,0.802119,0.0
12.8844,0.0184731,133.183,0.816834,0.0
12.9087,0.0187108,133.986,0.798697,0.0
12.9033,0.0180111,133.049,0.795618,0.0
12.8989,0.0182292,131.376,0.796644,0.0
12.9158,0.0180766,133.384,0.813754,0.0
12.9173,0.0183089,134.521,0.80691,0.0
12.9139,0.0184832,133.066,0.79904,0.0
12.9255,0.0181834,132.346,0.776797,0.0
12.9086,0.0183053,132.882,0.815123,0.0
12.9117,0.018489,132.965,0.798013,0.0
12.9221,0.0184429,132.915,0.808279,0.0
12.9048,0.0185382,131.777,0.826074,0.0
12.9124,0.0186684,133.082,0.826758,0.0
12.919,0.0184318,131.844,0.808964,0.0
12.9539,0.0184028,133.936,0.827785,0.0
12.9629,0.0184966,132.798,0.801777,0.0
12.9149,0.0182963,133.534,0.805542,0.0
12.9087,0.0181091,134.22,0.81923,0.0
12.9274,0.0183112,134.003,0.806226,0.0
12.9315,0.0186112,132.028,0.797671,0.0
12.9171,0.0187905,133.082,0.798697,0.0
12.9051,0.0182309,132.965,0.803488,0.0
12.8969,0.0182426,133.852,0.806568,0.0
12.8881,0.0184758,134.253,0.798697,0.0
12.899,0.0184383,131.777,0.808279,0.0
12.9145,0.0189443,132.38,0.803831,0.0
12.9232,0.0184386,134.337,0.805199,0.0
12.8904,0.0181012,132.614,0.824705,0.0
12.8821,0.0177363,133.45,0.803488,0.0
12.918,0.0184405,133.015,0.780219,0.0
12.9165,0.0185589,133.233,0.794591,0.0
12.8985,0.0182549,133.082,0.793564,0.0
12.9067,0.0188444,131.66,0.795275,0.0
12.9162,0.0182544,132.079,0.793564,0.0
12.9192,0.0184198,134.421,0.798355,0.0
12.9472,0.0182699,132.162,0.822652,0.0
12.9426,0.0183856,133.584,0.821283,0.0
12.9122,0.0182009,133.283,0.786378,0.0
12.8952,0.018132,133.317,0.793222,0.0
12.9258,0.0186323,133.701,0.799382,0.0
12.949,0.0184283,134.621,0.802804,0.0
12.9102,0.0179763,132.915,0.829153,0.0
12.8781,0.0181784,132.045,0.806568,0.0
12.9046,0.0180625,132.932,0.796986,0.0
12.9055,0.0183601,131.443,0.781587,0.0
12.8954,0.0184049,134.906,0.816834,0.0
12.9274,0.0185545,134.22,0.831207,0.0
12.9208,0.0183772,132.33,0.809306,0.0
12.8709,0.0178343,133.3,0.820598,0.0
12.8769,0.017876,133.902,0.818545,0.0
12.9268,0.0184184,132.765,0.808964,0.0
12.9441,0.0184654,134.304,0.814781,0.0
12.9293,0.0188562,133.066,0.799382,0.0
12.9222,0.0183882,133.216,0.802804,0.0
12.9272,0.0185411,132.949,0.812728,0.0
12.9173,0.0185452,133.651,0.812043,0.0
12.9315,0.0182388,132.564,0.790827,0.0
12.9594,0.0185166,133.35,0.799724,0.0
12.9471,0.0181839,132.932,0.808621,0.0
12.9098,0.0182547,134.772,0.822309,0.0
12.8855,0.0183737,132.346,0.806568,0.0
12.9074,0.0180419,133.133,0.801435,0.0
12.9225,0.0185733,132.313,0.802119,0.0
12.9097,0.0182438,132.129,0.792538,0.0
12.9039,0.0185105,132.714,0.821625,0.0
12.9043,0.0184632,132.48,0.806568,0.0
12.902,0.018008,131.878,0.803831,0.0
12.9204,0.0186331,133.384,0.802804,0.0
12.9211,0.0185209,134.036,0.824363,0.0
12.8958,0.0187832,131.844,0.789116,0.0
12.9125,0.0184197,132.865,0.800408,0.0
12.9279,0.0189508,132.564,0.79904,0.0
12.8971,0.018782,131.694,0.795275,0.0
12.8982,0.0180268,132.681,0.803831,0.0
12.9129,0.0185812,133.919,0.808621,0.0
12.9064,0.0,132.915,0.0,0.0
12.9093,0.0,132.212,0.0,0.0
12.9078,0.0,132.831,0.0,0.0
12.9066,0.0,133.869,0.0,0.0
12.9075,0.0,134.655,0.0,0.0
12.9153,0.0,131.895,0.0,0.0
12.9205,0.0,132.949,0.0,0.0
12.9102,0.0,133.199,0.0,0.0
12.8868,0.0,134.27,0.0,0.0
12.8764,0.0,132.48,0.0,0.0
12.9025,0.0,133.484,0.0,0.0
12.9252,0.0,134.521,0.0,0.0
12.9173,0.0,133.25,0.0,0.0
12.9148,0.0,132.932,0.0,0.0
12.9262,0.0,132.581,0.0,0.0
12.9094,0.0,132.48,0.0,0.0
12.9087,0.0,132.932,0.0,0.0
12.9168,0.0,133.283,0.0,0.0
12.8942,0.0,132.765,0.0,0.0
12.8979,0.0,132.564,0.0,0.0
12.9478,0.0,132.413,0.0,0.0
12.9542,0.0,131.811,0.0,0.0
12.9146,0.0,133.601,0.0,0.0
12.9042,0.0,131.978,0.0,0.0
12.9052,0.0,133.183,0.0,0.0
12.9105,0.0,133.015,0.0,0.0
12.9192,0.0,134.354,0.0,0.0
12.913,0.0,132.497,0.0,0.0
12.8902,0.0,133.601,0.0,0.0
12.8846,0.0,133.701,0.0,0.0
12.9128,0.0,131.978,0.0,0.0
12.9216,0.0,133.835,0.0,0.0
12.9316,0.0,133.818,0.0,0.0
12.9545,0.0,133.651,0.0,0.0
12.9389,0.0,132.447,0.0,0.0
12.8928,0.0,132.279,0.0,0.0
12.8775,0.0,131.945,0.0,0.0
12.9163,0.0,133.668,0.0,0.0
12.937,0.0,133.233,0.0,0.0
12.8961,0.0,132.698,0.0,0.0
12.865,0.0,131.811,0.0,0.0
12.8875,0.0,131.359,0.0,0.0
12.9339,0.0,131.995,0.0,0.0
12.9218,0.0,133.45,0.0,0.0
12.8942,0.0,132.413,0.0,0.0
12.9025,0.0,132.564,0.0,0.0
12.8856,0.0,132.514,0.0,0.0
12.8921,0.0,133.032,0.0,0.0
12.9212,0.0,132.915,0.0,0.0
12.9221,0.0,133.467,0.0,0.0
12.9308,0.0,131.861,0.0,0.0
12.9176,0.0,132.865,0.0,0.0
12.8888,0.0,132.38,0.0,0.0
12.8863,0.0,130.874,0.0,0.0
12.8946,0.0,132.681,0.0,0.0
12.8995,0.0,133.852,0.0,0.0
12.8922,0.0,133.199,0.0,0.0
12.8878,0.0,133.066,0.0,0.0
12.9161,0.0,133.651,0.0,0.0
12.9224,0.0,134.772,0.0,0.0
12.912,0.0,133.032,0.0,0.0
12.9073,0.0,132.095,0.0,0.0
12.9137,0.0,132.48,0.0,0.0
12.9376,0.0,133.283,0.0,0.0
12.9317,0.0,131.66,0.0,0.0
12.8924,0.0,132.196,0.0,0.0
12.9162,0.0,133.735,0.0,0.0
12.9209,0.0,132.246,0.0,0.0
12.8926,0.0,134.069,0.0,0.0
12.9274,0.0,133.902,0.0,0.0
12.9554,0.0,133.568,0.0,0.0
12.9083,0.0,134.086,0.0,0.0
12.8908,0.0,132.48,0.0,0.0
12.9164,0.0,132.781,0.0,0.0
12.8944,0.0,132.581,0.0,0.0
12.8794,0.0,133.149,0.0,0.0
12.9161,0.0,132.547,0.0,0.0
12.9356,0.0,132.748,0.0,0.0
12.9315,0.0,133.852,0.0,0.0
12.9268,0.0,133.384,0.0,0.0
12.9124,0.0,132.631,0.0,0.0
12.8812,0.0,133.668,0.0,0.0
12.8946,0.0,133.969,0.0,0.0
12.9105,0.0,133.735,0.0,0.0
12.8924,0.0,132.831,0.0,0.0
12.9031,0.0,133.568,0.0,0.0
12.9104,0.0,132.33,0.0,0.0
12.8929,0.0,131.527,0.0,0.0
12.8842,0.0,132.748,0.0,0.0
12.8969,0.0,131.677,0.0,0.0
12.9241,0.0,132.263,0.0,0.0
12.9304,0.0,134.638,0.0,0.0
12.9293,0.0,134.069,0.0,0.0
12.9145,0.0,133.049,0.0,0.0
12.8867,0.0,133.133,0.0,0.0
12.9113,0.0,133.501,0.0,0.0
12.9341,0.0,131.66,0.0,0.0
12.902,0.0,133.551,0.0,0.0
12.8761,0.0,131.56,0.0,0.0
12.8627,0.0,134.019,0.0,0.0
12.9122,0.0,133.517,0.0,0.0
12.9407,0.0,133.166,0.0,0.0
12.912,0.0,133.517,0.0,0.0
12.8866,0.0,134.588,0.0,0.0
12.8706,0.0,133.166,0.0,0.0
12.8669,0.0,132.279,0.0,0.0
12.9,0.0,133.668,0.0,0.0
12.9184,0.0,131.593,0.0,0.0
12.9038,0.0,133.032,0.0,0.0
12.908,0.0,133.25,0.0,0.0
12.8947,0.0,131.878,0.0,0.0
12.8914,0.0,133.818,0.0,0.0
12.9221,0.0,132.296,0.0,0.0
12.909,0.0,132.212,0.0,0.0
12.8876,0.0,132.564,0.0,0.0
12.8964,0.0,132.313,0.0,0.0
12.9145,0.0,131.041,0.0,0.0
12.9244,0.0,133.233,0.0,0.0
12.9245,0.0,133.133,0.0,0.0
12.9313,0.0,132.413,0.0,0.0
12.9152,0.0,133.049,0.0,0.0
12.9248,0.0,132.999,0.0,0.0
12.9446,0.0,134.488,0.0,0.0
12.9332,0.0,133.701,0.0,0.0
12.9387,0.0,133.015,0.0,0.0
12.9176,0.0,132.263,0.0,0.0
12.9037,0.0,132.999,0.0,0.0
12.9223,0.0,134.086,0.0,0.0
12.9003,0.0,132.53,0.0,0.0
12.8912,0.0,133.25,0.0,0.0
12.9273,0.0,134.454,0.0,0.0
12.9228,0.0,133.752,0.0,0.0
12.9019,0.0,133.283,0.0,0.0
12.9133,0.0,132.831,0.0,0.0
12.9332,0.0,132.614,0.0,0.0
12.9214,0.0,132.363,0.0,0.0
12.9077,0.0,132.279,0.0,0.0
12.9252,0.0,131.694,0.0,0.0
12.913,0.0,132.647,0.0,0.0
12.8983,0.0,133.116,0.0,0.0
12.9196,0.0,133.199,0.0,0.0
12.9019,0.0,134.621,0.0,0.0
12.8695,0.0,133.116,0.0,0.0
12.9006,0.0,132.095,0.0,0.0
12.9165,0.0,131.828,0.0,0.0
12.8994,0.0,132.597,0.0,0.0
12.8997,0.0,131.66,0.0,0.0
12.9202,0.0,131.777,0.0,0.0
12.9365,0.0,133.768,0.0,0.0
12.9407,0.0,135.157,0.0,0.0
12.9448,0.0,132.313,0.0,0.0
12.9279,0.0,132.112,0.0,0.0
12.9033,0.0,133.233,0.0,0.0
12.8874,0.0,132.38,0.0,0.0
12.8896,0.0,132.765,0.0,0.0
12.9133,0.0,132.698,0.0,0.0
12.9264,0.0,132.882,0.0,0.0
12.9161,0.0,132.045,0.0,0.0
12.9104,0.0,133.099,0.0,0.0
12.9198,0.0,132.664,0.0,0.0
12.9155,0.0,132.028,0.0,0.0
12.9264,0.0,133.3,0.0,0.0
12.914,0.0,134.839,0.0,0.0
12.907,0.0,133.701,0.0,0.0
12.9301,0.0,133.367,0.0,0.0
12.9136,0.0,131.577,0.0,0.0
12.8987,0.0,133.768,0.0,0.0
12.9106,0.0,132.597,0.0,0.0
12.9181,0.0,133.216,0.0,0.0
12.9022,0.0,133.501,0.0,0.0
12.8898,0.0,132.263,0.0,0.0
12.907,0.0,132.363,0.0,0.0
12.9097,0.0,133.551,0.0,0.0
12.9183,0.0,133.852,0.0,0.0
12.9322,0.0,133.149,0.0,0.0
12.9489,0.0,133.266,0.0,0.0
12.937,0.0,132.547,0.0,0.0
12.9206,0.0,131.677,0.0,0.0
12.9265,0.0,133.484,0.0,0.0
12.9521,0.0,133.4,0.0,0.0
12.9452,0.0,132.681,0.0,0.0
12.899,0.0,134.755,0.0,0.0
12.9039,0.0,133.936,0.0,0.0
12.9297,0.0,132.597,0.0,0.0
12.9246,0.0,131.593,0.0,0.0
12.9381,0.0,134.053,0.0,0.0
12.9346,0.0,133.701,0.0,0.0
12.9171,0.0,133.133,0.0,0.0
12.9092,0.0,131.794,0.0,0.0
12.8985,0.0,132.497,0.0,0.0
12.8933,0.0,133.149,0.0,0.0
12.8938,0.0,133.166,0.0,0.0
12.906,0.0,133.015,0.0,0.0
12.9055,0.0,133.266,0.0,0.0
12.9328,0.0,131.225,0.0,0.0
12.9571,0.0,132.012,0.0,0.0
12.9204,0.0,134.103,0.0,0.0
12.9102,0.0,132.698,0.0,0.0
12.9227,0.0,132.33,0.0,0.0
12.9103,0.0,132.363,0.0,0.0
12.9095,0.0,132.831,0.0,0.0
12.9111,0.0,134.454,0.0,0.0
12.9082,0.0,132.095,0.0,0.0
12.8995,0.0,132.212,0.0,0.0
12.891,0.0,132.581,0.0,0.0
12.9037,0.0,132.999,0.0,0.0
12.9194,0.0,133.216,0.0,0.0
12.9206,0.0,133.651,0.0,0.0
12.9135,0.0,132.965,0.0,0.0
12.9073,0.0,132.196,0.0,0.0
12.9184,0.0,132.246,0.0,0.0
12.8977,0.0,132.363,0.0,0.0
12.882,0.0,133.885,0.0,0.0
12.9182,0.0,133.919,0.0,0.0
12.9359,0.0,131.744,0.0,0.0
12.9276,0.0,133.45,0.0,0.0
12.9481,0.0,132.898,0.0,0.0
12.9592,0.0,133.116,0.0,0.0
12.9242,0.0,133.3,0.0,0.0
12.8938,0.0,132.748,0.0,0.0
12.9127,0.0,132.932,0.0,0.0
12.9326,0.0,131.209,0.0,0.0
12.9239,0.0,133.885,0.0,0.0
12.925,0.0,132.581,0.0,0.0
12.9294,0.0,132.229,0.0,0.0
12.9157,0.0,132.296,0.0,0.0
12.9076,0.0,133.735,0.0,0.0
12.9055,0.0,132.363,0.0,0.0
12.9033,0.0,131.677,0.0,0.0
12.9155,0.0,132.514,0.0,0.0
12.9243,0.0,132.062,0.0,0.0
12.9116,0.0,131.727,0.0,0.0
12.8988,0.0,133.885,0.0,0.0
12.9025,0.0,132.463,0.0,0.0
12.9034,0.0,132.815,0.0,0.0
12.9019,0.0,134.036,0.0,0.0
12.9042,0.0,132.748,0.0,0.0
12.8992,0.0,132.815,0.0,0.0
12.8704,0.0,130.807,0.0,0.0
12.8886,0.0,133.4,0.0,0.0
12.9332,0.0,133.601,0.0,0.0
12.9325,0.0,133.551,0.0,0.0
12.9242,0.0,132.882,0.0,0.0
12.9317,0.0,132.932,0.0,0.0
12.9245,0.0,132.798,0.0,0.0
12.9237,0.0,133.216,0.0,0.0
12.918,0.0,132.447,0.0,0.0
12.9146,0.0,133.25,0.0,0.0
12.9136,0.0,131.276,0.0,0.0
12.9149,0.0,133.768,0.0,0.0
12.9259,0.0,131.593,0.0,0.0
12.9193,0.0,132.915,0.0,0.0
12.9256,0.0,132.882,0.0,0.0
12.9363,0.0,134.688,0.0,0.0
12.9444,0.0,133.183,0.0,0.0
12.9467,0.0,133.651,0.0,0.0
12.9393,0.0,132.647,0.0,0.0
12.9217,0.0,132.748,0.0,0.0
12.9331,0.0,132.848,0.0,0.0
12.927,0.0,132.614,0.0,0.0
12.9135,0.0,133.283,0.0,0.0
12.9298,0.0,133.35,0.0,0.0
12.9292,0.0,134.454,0.0,0.0
12.9182,0.0,132.129,0.0,0.0
12.9254,0.0,133.936,0.0,0.0
12.9423,0.0,133.3,0.0,0.0
12.9703,0.0,132.831,0.0,0.0
12.941,0.0,133.434,0.0,0.0
12.8846,0.0,132.263,0.0,0.0
12.8913,0.0,133.3,0.0,0.0
12.9233,0.0,133.651,0.0,0.0
12.9311,0.0,132.246,0.0,0.0
12.9128,0.0,132.982,0.0,0.0
12.9084,0.0,132.33,0.0,0.0
12.9028,0.0,132.396,0.0,0.0
12.9084,0.0,132.028,0.0,0.0
12.9236,0.0,133.685,0.0,0.0
12.8954,0.0,133.919,0.0,0.0
12.8941,0.0,132.664,0.0,0.0
12.9486,0.0,133.534,0.0,0.0
12.96,0.0,132.965,0.0,0.0
12.9227,0.0,132.915,0.0,0.0
12.8994,0.0,132.815,0.0,0.0
12.9045,0.0,134.504,0.0,0.0
12.9085,0.0,132.497,0.0,0.0
12.8902,0.0,132.463,0.0,0.0
12.8928,0.0,130.974,0.0,0.0
12.9126,0.0,133.333,0.0,0.0
12.9261,0.0,133.885,0.0,0.0
12.908,0.0,134.32,0.0,0.0
12.8975,0.0,132.965,0.0,0.0
12.9045,0.0,133.032,0.0,0.0
12.9221,0.0,132.564,0.0,0.0
12.9347,0.0,134.722,0.0,0.0
12.9231,0.0,133.216,0.0,0.0
12.9016,0.0,131.861,0.0,0.0
12.8988,0.0,131.476,0.0,0.0
12.9169,0.0,133.367,0.0,0.0
12.9105,0.0,132.781,0.0,0.0
12.9121,0.0,132.965,0.0,0.0
12.9357,0.0,132.848,0.0,0.0
12.9183,0.0,134.136,0.0,0.0
12.9122,0.0,133.718,0.0,0.0
12.9406,0.0,134.32,0.0,0.0
12.9275,0.0,133.099,0.0,0.0
12.9101,0.0,132.949,0.0,0.0
12.9212,0.0,132.564,0.0,0.0
12.8994,0.0,133.4,0.0,0.0
12.8957,0.0,132.681,0.0,0.0
12.9202,0.0,133.317,0.0,0.0
12.9219,0.0,132.898,0.0,0.0
12.9181,0.0,134.705,0.0,0.0
12.9256,0.0,133.149,0.0,0.0
12.9284,0.0,132.765,0.0,0.0
12.9374,0.0,133.25,0.0,0.0
12.9426,0.0,132.748,0.0,0.0
12.9262,0.0,132.614,0.0,0.0
12.9082,0.0,133.634,0.0,0.0
12.9118,0.0,134.287,0.0,0.0
12.9282,0.0,132.698,0.0,0.0
12.8986,0.0,132.146,0.0,0.0
12.8751,0.0,133.417,0.0,0.0
12.8907,0.0,133.116,0.0,0.0
12.9035,0.0,133.082,0.0,0.0
12.9099,0.0,131.844,0.0,0.0
12.9286,0.0,132.798,0.0,0.0
12.9425,0.0,132.514,0.0,0.0
12.9094,0.0,133.818,0.0,0.0
12.9022,0.0,131.828,0.0,0.0
12.9383,0.0,133.367,0.0,0.0
12.9281,0.0,132.229,0.0,0.0
12.8973,0.0,133.752,0.0,0.0
12.9007,0.0,133.149,0.0,0.0
12.9041,0.0,131.56,0.0,0.0
12.9023,0.0,134.655,0.0,0.0
12.9282,0.0,134.203,0.0,0.0
12.9497,0.0,133.015,0.0,0.0
12.9066,0.0,132.765,0.0,0.0
12.8974,0.0,133.133,0.0,0.0
12.9361,0.0,133.317,0.0,0.0
12.9233,0.0,131.593,0.0,0.0
12.8959,0.0,132.681,0.0,0.0
12.9231,0.0,133.283,0.0,0.0
12.9282,0.0,133.166,0.0,0.0
12.8958,0.0,132.296,0.0,0.0
12.9076,0.0,133.199,0.0,0.0
12.9228,0.0,132.731,0.0,0.0
12.8941,0.0,131.694,0.0,0.0
12.9004,0.0,131.761,0.0,0.0
12.924,0.0,131.593,0.0,0.0
12.9166,0.0,132.898,0.0,0.0
12.9288,0.0,133.384,0.0,0.0
12.9323,0.0,132.614,0.0,0.0
12.9249,0.0,132.915,0.0,0.0
12.9177,0.0,133.534,0.0,0.0
12.9337,0.0,133.166,0.0,0.0
12.924,0.0,133.049,0.0,0.0
12.888,0.0,131.527,0.0,0.0
12.8802,0.0,131.844,0.0,0.0
12.8887,0.0,133.45,0.0,0.0
12.876,0.0,133.902,0.0,0.0
12.886,0.0,133.484,0.0,0.0
12.9243,0.0,133.634,0.0,0.0
12.9252,0.0,132.263,0.0,0.0
12.8979,0.0,132.33,0.0,0.0
12.9155,0.0,134.588,0.0,0.0
12.935,0.0,132.932,0.0,0.0
12.9086,0.0,132.815,0.0,0.0
12.8864,0.0,133.333,0.0,0.0
12.9029,0.0,133.718,0.0,0.0
12.9079,0.0,134.019,0.0,0.0
12.8782,0.0,132.38,0.0,0.0
12.8777,0.0,133.835,0.0,0.0
12.8998,0.0,132.413,0.0,0.0
12.901,0.0,132.982,0.0,0.0
12.8927,0.0,133.936,0.0,0.0
12.8997,0.0,131.761,0.0,0.0
12.9228,0.0,131.861,0.0,0.0
12.9366,0.0,133.367,0.0,0.0
12.9328,0.0,132.965,0.0,0.0
12.9293,0.0,132.514,0.0,0.0
12.9244,0.0,133.835,0.0,0.0
12.9138,0.0,132.798,0.0,0.0
12.9022,0.0,133.35,0.0,0.0
12.9305,0.0,135.307,0.0,0.0
12.9581,0.0,132.363,0.0,0.0
12.9393,0.0,134.187,0.0,0.0
12.9283,0.0,131.025,0.0,0.0
12.9112,0.0,133.534,0.0,0.0
12.9284,0.0,134.019,0.0,0.0
12.9269,0.0,132.664,0.0,0.0
12.8928,0.0,134.638,0.0,0.0
12.9071,0.0,133.35,0.0,0.0
12.9338,0.0,131.978,0.0,0.0
12.9467,0.0,132.698,0.0,0.0
12.9416,0.0,133.015,0.0,0.0
12.8992,0.0,133.501,0.0,0.0
12.9061,0.0,133.735,0.0,0.0
12.9301,0.0,132.748,0.0,0.0
12.923,0.0,132.246,0.0,0.0
12.9148,0.0,132.43,0.0,0.0
12.8988,0.0,133.166,0.0,0.0
12.873,0.0,133.032,0.0,0.0
12.8912,0.0,133.785,0.0,0.0
12.9204,0.0,133.718,0.0,0.0
12.8842,0.0,132.681,0.0,0.0
12.8977,0.0,133.116,0.0,0.0
12.9518,0.0,133.4,0.0,0.0
12.9242,0.0,131.476,0.0,0.0
12.8942,0.0,132.698,0.0,0.0
12.9142,0.0,133.032,0.0,0.0
12.9279,0.0,133.166,0.0,0.0
12.9286,0.0,134.187,0.0,0.0
12.9141,0.0,132.497,0.0,0.0
12.9065,0.0,133.149,0.0,0.0
12.9325,0.0,133.685,0.0,0.0
12.9511,0.0,133.634,0.0,0.0
12.9301,0.0,132.48,0.0,0.0
12.8901,0.0,132.681,0.0,0.0
12.8733,0.0,132.781,0.0,0.0
12.8967,0.0,133.384,0.0,0.0
12.9212,0.0,133.651,0.0,0.0
12.9425,0.0,132.564,0.0,0.0
12.9167,0.0,132.765,0.0,0.0
12.9145,0.0,134.672,0.0,0.0
12.9572,0.0,132.146,0.0,0.0
12.9496,0.0,133.584,0.0,0.0
12.9283,0.0,133.199,0.0,0.0
12.9305,0.0,133.082,0.0,0.0
12.9213,0.0,133.534,0.0,0.0
12.9078,0.0,132.564,0.0,0.0
12.8997,0.0,132.396,0.0,0.0
12.9221,0.0,133.818,0.0,0.0
12.9425,0.0,132.48,0.0,0.0
12.9157,0.0,132.463,0.0,0.0
12.8822,0.0,131.644,0.0,0.0
12.8927,0.0,133.283,0.0,0.0
12.8978,0.0,133.484,0.0,0.0
12.8926,0.0,132.581,0.0,0.0
12.9008,0.0,131.61,0.0,0.0
12.921,0.0,133.35,0.0,0.0
12.931,0.0,133.4,0.0,0.0
12.9196,0.0,134.086,0.0,0.0
12.9026,0.0,134.27,0.0,0.0
12.9096,0.0,131.895,0.0,0.0
12.9378,0.0,133.049,0.0,0.0
12.9442,0.0,132.815,0.0,0.0
12.9171,0.0,134.27,0.0,0.0
12.8984,0.0,134.504,0.0,0.0
12.9128,0.0,132.146,0.0,0.0
12.9437,0.0,134.471,0.0,0.0
12.9252,0.0,132.463,0.0,0.0
12.8951,0.0,132.547,0.0,0.0
12.8972,0.0,131.962,0.0,0.0
12.9148,0.0,133.534,0.0,0.0
12.9096,0.0,134.504,0.0,0.0
12.8972,0.0,132.999,0.0,0.0
12.9245,0.0,132.815,0.0,0.0
12.9363,0.0,134.187,0.0,0.0
12.9094,0.0,133.25,0.0,0.0
12.875,0.0,131.108,0.0,0.0
12.8876,0.0,135.09,0.0,0.0
12.9188,0.0,132.681,0.0,0.0
12.9157,0.0,134.019,0.0,0.0
12.906,0.0,133.952,0.0,0.0
12.8818,0.0,131.711,0.0,0.0
12.87,0.0,133.467,0.0,0.0
12.9089,0.0,132.631,0.0,0.0
12.9173,0.0,133.116,0.0,0.0
12.8938,0.0,133.367,0.0,0.0
12.8912,0.0,133.417,0.0,0.0
12.9026,0.0,132.162,0.0,0.0
12.9048,0.0,132.965,0.0,0.0
12.9032,0.0,134.32,0.0,0.0
12.917,0.0,133.434,0.0,0.0
12.9113,0.0,133.952,0.0,0.0
12.9199,0.0,133.651,0.0,0.0
12.9428,0.0,134.12,0.0,0.0
12.9202,0.0,134.555,0.0,0.0
12.92,0.0,132.982,0.0,0.0
12.9404,0.0,132.346,0.0,0.0
12.9233,0.0,132.915,0.0,0.0
12.9026,0.0,132.33,0.0,0.0
12.8946,0.0,132.982,0.0,0.0
12.9101,0.0,133.835,0.0,0.0
12.9234,0.0,132.162,0.0,0.0
12.8954,0.0,134.387,0.0,0.0
12.8985,0.0,131.627,0.0,0.0
12.913,0.0,133.601,0.0,0.0
12.9112,0.0,132.514,0.0,0.0
12.9105,0.0,133.618,0.0,0.0
12.8969,0.0,132.949,0.0,0.0
12.9118,0.0,133.534,0.0,0.0
12.9286,0.0,134.053,0.0,0.0
12.9143,0.0,132.43,0.0,0.0
12.916,0.0,132.196,0.0,0.0
12.9314,0.0,133.233,0.0,0.0
12.9114,0.0,132.129,0.0,0.0
12.8849,0.0,132.982,0.0,0.0
12.9082,0.0,133.501,0.0,0.0
12.9096,0.0,131.409,0.0,0.0
12.8964,0.0,134.287,0.0,0.0
12.918,0.0,133.618,0.0,0.0
12.9136,0.0,133.032,0.0,0.0
12.9125,0.0,132.932,0.0,0.0
12.898,0.0,132.999,0.0,0.0
12.9032,0.0,133.501,0.0,0.0
12.9258,0.0,132.999,0.0,0.0
12.9139,0.0,133.45,0.0,0.0
12.9243,0.0,131.761,0.0,0.0
12.9343,0.0,132.53,0.0,0.0
12.9234,0.0,131.343,0.0,0.0
12.9037,0.0,133.4,0.0,0.0
12.883,0.0,132.279,0.0,0.0
12.8871,0.0,133.3,0.0,0.0
12.9101,0.0,132.38,0.0,0.0
12.9239,0.0,133.183,0.0,0.0
12.8981,0.0,134.136,0.0,0.0
12.8857,0.0,132.279,0.0,0.0
12.8984,0.0,133.802,0.0,0.0
12.9161,0.0,132.781,0.0,0.0
12.9444,0.0,134.454,0.0,0.0
12.9444,0.0,132.564,0.0,0.0
12.931,0.0,134.036,0.0,0.0
12.9347,0.0,133.434,0.0,0.0
12.8979,0.0,132.831,0.0,0.0
12.8716,0.0,132.949,0.0,0.0
12.8834,0.0,133.149,0.0,0.0
12.885,0.0,134.655,0.0,0.0
12.8806,0.0,133.032,0.0,0.0
12.9051,0.0,133.384,0.0,0.0
12.9225,0.0,133.032,0.0,0.0
12.9135,0.0,134.354,0.0,0.0
12.9061,0.0,133.099,0.0,0.0
12.901,0.0,132.731,0.0,0.0
12.9107,0.0,132.212,0.0,0.0
12.9225,0.0,131.476,0.0,0.0
12.9174,0.0,133.25,0.0,0.0
12.9236,0.0,132.095,0.0,0.0
12.9351,0.0,132.363,0.0,0.0
12.9255,0.0,134.739,0.0,0.0
12.9173,0.0,133.501,0.0,0.0
12.9357,0.0,132.196,0.0,0.0
12.941,0.0,133.116,0.0,0.0
12.9028,0.0,132.129,0.0,0.0
12.8925,0.0,132.882,0.0,0.0
12.9124,0.0,133.685,0.0,0.0
12.9202,0.0,131.577,0.0,0.0
12.9149,0.0,132.447,0.0,0.0
12.9335,0.0,134.504,0.0,0.0
12.931,0.0,133.902,0.0,0.0
12.9008,0.0,132.279,0.0,0.0
12.928,0.0,133.752,0.0,0.0
12.9367,0.0,133.317,0.0,0.0
12.9064,0.0,132.497,0.0,0.0
12.905,0.0,132.363,0.0,0.0
12.9121,0.0,132.631,0.0,0.0
12.9322,0.0,132.798,0.0,0.0
12.9195,0.0,132.53,0.0,0.0
12.8863,0.0,132.48,0.0,0.0
12.8908,0.0,131.978,0.0,0.0
12.8985,0.0,132.731,0.0,0.0
12.9096,0.0,132.547,0.0,0.0
12.9249,0.0,133.818,0.0,0.0
12.9543,0.0,133.919,0.0,0.0
12.9239,0.0,131.995,0.0,0.0
12.8675,0.0,132.279,0.0,0.0
12.896,0.0,133.501,0.0,0.0
12.9385,0.0,132.497,0.0,0.0
12.9137,0.0,132.999,0.0,0.0
12.8913,0.0,132.196,0.0,0.0
12.9111,0.0,132.664,0.0,0.0
12.925,0.0,132.781,0.0,0.0
12.9206,0.0,132.714,0.0,0.0
12.9132,0.0,130.908,0.0,0.0
12.9087,0.0,133.568,0.0,0.0
12.914,0.0,131.108,0.0,0.0
12.9015,0.0,132.865,0.0,0.0
12.8999,0.0,134.136,0.0,0.0
12.9241,0.0,132.229,0.0,0.0
12.9098,0.0,132.43,0.0,0.0
12.9003,0.0,133.768,0.0,0.0
12.8812,0.0,131.727,0.0,0.0
12.8698,0.0,132.748,0.0,0.0
12.9116,0.0,132.865,0.0,0.0
12.9225,0.0,133.517,0.0,0.0
12.8949,0.0,133.517,0.0,0.0
12.8799,0.0,132.631,0.0,0.0
12.9036,0.0,133.133,0.0,0.0
12.9149,0.0,133.618,0.0,0.0
12.8953,0.0,132.463,0.0,0.0
12.9161,0.0,133.082,0.0,0.0
12.9542,0.0,132.798,0.0,0.0
12.9304,0.0,132.229,0.0,0.0
12.9135,0.0,132.447,0.0,0.0
12.9194,0.0,132.396,0.0,0.0
12.9081,0.0,133.919,0.0,0.0
12.9015,0.0,132.614,0.0,0.0
12.9152,0.0,133.501,0.0,0.0
12.9186,0.0,132.497,0.0,0.0
12.9157,0.0,133.367,0.0,0.0
12.9156,0.0,131.627,0.0,0.0
12.8928,0.0,131.56,0.0,0.0
12.9033,0.0,134.003,0.0,0.0
12.9419,0.0,134.053,0.0,0.0
12.918,0.0,132.279,0.0,0.0
12.8905,0.0,134.672,0.0,0.0
12.8945,0.0,132.932,0.0,0.0
12.8991,0.0,132.714,0.0,0.0
12.9265,0.0,131.627,0.0,0.0
12.9389,0.0,132.447,0.0,0.0
12.8995,0.0,132.714,0.0,0.0
12.8869,0.0,132.614,0.0,0.0
12.9123,0.0,132.581,0.0,0.0
12.9176,0.0,134.437,0.0,0.0
12.9293,0.0,132.965,0.0,0.0
12.9212,0.0,133.952,0.0,0.0
12.8988,0.0,133.417,0.0,0.0
12.9319,0.0,131.644,0.0,0.0
12.9314,0.0,131.711,0.0,0.0
12.8824,0.0,130.974,0.0,0.0
12.8884,0.0,133.266,0.0,0.0
12.9131,0.0,132.781,0.0,0.0
12.9154,0.0,134.086,0.0,0.0
12.9075,0.0,133.082,0.0,0.0
12.8903,0.0,132.38,0.0,0.0
12.9185,0.0,133.417,0.0,0.0
12.9603,0.0,131.225,0.0,0.0
12.9243,0.0,132.196,0.0,0.0
12.8898,0.0,132.647,0.0,0.0
12.9008,0.0,133.367,0.0,0.0
12.9112,0.0,133.885,0.0,0.0
12.9272,0.0,134.003,0.0,0.0
12.9415,0.0,133.45,0.0,0.0
12.9138,0.0,132.53,0.0,0.0
12.8879,0.0,132.831,0.0,0.0
12.9145,0.0,133.116,0.0,0.0
12.937,0.0,133.25,0.0,0.0
12.9113,0.0,133.3,0.0,0.0
12.9078,0.0,134.437,0.0,0.0
12.9121,0.0,133.367,0.0,0.0
12.9176,0.0,133.166,0.0,0.0
12.9156,0.0,134.404,0.0,0.0
12.8937,0.0,132.062,0.0,0.0
12.9011,0.0,131.711,0.0,0.0
12.9318,0.0,133.668,0.0,0.0
12.9216,0.0,133.049,0.0,0.0
12.872,0.0,132.38,0.0,0.0
12.8814,0.0,133.216,0.0,0.0
12.9319,0.0,131.995,0.0,0.0
12.937,0.0,133.317,0.0,0.0
12.9201,0.0,133.818,0.0,0.0
12.9057,0.0,132.731,0.0,0.0
12.8921,0.0,131.895,0.0,0.0
12.9099,0.0,133.4,0.0,0.0
12.9027,0.0,132.095,0.0,0.0
12.8843,0.0,133.099,0.0,0.0
12.8963,0.0,133.317,0.0,0.0
12.8887,0.0,132.698,0.0,0.0
12.9037,0.0,134.337,0.0,0.0
12.9473,0.0,132.079,0.0,0.0
12.927,0.0,133.266,0.0,0.0
12.9108,0.0,131.828,0.0,0.0
12.9372,0.0,133.049,0.0,0.0
12.9165,0.0,133.752,0.0,0.0
12.882,0.0,133.618,0.0,0.0
12.93,0.0,132.363,0.0,0.0
12.9174,0.0,133.869,0.0,0.0
12.8905,0.0,132.363,0.0,0.0
12.9,0.0,132.698,0.0,0.0
12.8891,0.0,133.45,0.0,0.0
12.9,0.0,133.367,0.0,0.0
12.9237,0.0,132.396,0.0,0.0
12.9119,0.0,133.216,0.0,0.0
12.8928,0.0,132.079,0.0,0.0
12.9039,0.0,131.911,0.0,0.0
12.8942,0.0,132.681,0.0,0.0
12.9017,0.0,133.685,0.0,0.0
12.9237,0.0,132.095,0.0,0.0
12.9251,0.0,133.183,0.0,0.0
12.9235,0.0,133.216,0.0,0.0
12.9081,0.0,132.664,0.0,0.0
12.9117,0.0,132.714,0.0,0.0
12.9497,0.0,132.647,0.0,0.0
12.9414,0.0,133.417,0.0,0.0
12.9152,0.0,134.722,0.0,0.0
12.932,0.0,131.761,0.0,0.0
12.914,0.0,132.681,0.0,0.0
12.8966,0.0,133.434,0.0,0.0
12.8732,0.0,132.279,0.0,0.0
12.881,0.0,134.939,0.0,0.0
12.9606,0.0,133.183,0.0,0.0
12.961,0.0,133.969,0.0,0.0
12.9095,0.0,133.266,0.0,0.0
12.9192,0.0,133.082,0.0,0.0
12.9345,0.0,133.099,0.0,0.0
12.9186,0.0,133.3,0.0,0.0
12.9187,0.0,132.514,0.0,0.0
12.9235,0.0,133.384,0.0,0.0
12.91,0.0,133.434,0.0,0.0
12.9248,0.0,132.915,0.0,0.0
12.9149,0.0,133.484,0.0,0.0
12.8923,0.0,133.584,0.0,0.0
12.8986,0.0,132.514,0.0,0.0
12.8907,0.0,132.497,0.0,0.0
12.9036,0.0,133.735,0.0,0.0
12.9184,0.0,134.421,0.0,0.0
12.903,0.0,133.25,0.0,0.0
12.9216,0.0,133.367,0.0,0.0
12.9232,0.0,132.681,0.0,0.0
12.8763,0.0,133.049,0.0,0.0
12.8666,0.0,133.032,0.0,0.0
12.8966,0.0,133.45,0.0,0.0
12.9155,0.0,131.61,0.0,0.0
12.8999,0.0,131.343,0.0,0.0
12.9104,0.0,132.129,0.0,0.0
12.9251,0.0,132.246,0.0,0.0
12.9105,0.0,134.32,0.0,0.0
12.9058,0.0,132.363,0.0,0.0
12.9074,0.0,132.129,0.0,0.0
12.9046,0.0,133.835,0.0,0.0
12.8953,0.0,133.752,0.0,0.0
12.9065,0.0,133.551,0.0,0.0
12.9213,0.0,133.568,0.0,0.0
12.9198,0.0,133.601,0.0,0.0
12.9119,0.0,132.497,0.0,0.0
12.8969,0.0,132.798,0.0,0.0
12.8961,0.0,132.53,0.0,0.0
12.9126,0.0,132.848,0.0,0.0
12.9232,0.0,132.112,0.0,0.0
12.9384,0.0,133.166,0.0,0.0
12.9478,0.0,132.882,0.0,0.0
12.9296,0.0,132.447,0.0,0.0
12.9076,0.0,133.601,0.0,0.0
12.9253,0.0,132.33,0.0,0.0
12.9457,0.0,133.317,0.0,0.0
12.9291,0.0,132.48,0.0,0.0
12.9347,0.0,132.396,0.0,0.0
12.9295,0.0,134.906,0.0,0.0
12.9014,0.0,132.882,0.0,0.0
12.9054,0.0,131.744,0.0,0.0
12.8984,0.0,132.664,0.0,0.0
12.887,0.0,131.711,0.0,0.0
12.9213,0.0,132.38,0.0,0.0
12.9336,0.0,134.471,0.0,0.0
12.9238,0.0,132.831,0.0,0.0
12.9213,0.0,131.962,0.0,0.0
12.9154,0.0,134.387,0.0,0.0
12.9198,0.0,132.815,0.0,0.0
12.9457,0.0,133.584,0.0,0.0
12.9355,0.0,133.45,0.0,0.0
12.9084,0.0,131.627,0.0,0.0
12.9081,0.0,133.434,0.0,0.0
12.9295,0.0,133.685,0.0,0.0
12.9169,0.0,131.911,0.0,0.0
12.8929,0.0,133.735,0.0,0.0
12.9047,0.0,132.748,0.0,0.0
12.8903,0.0,133.015,0.0,0.0
12.9118,0.0,132.497,0.0,0.0
12.9589,0.0,133.35,0.0,0.0
12.9188,0.0,133.568,0.0,0.0
12.9062,0.0,132.915,0.0,0.0
12.9396,0.0,131.761,0.0,0.0
12.9274,0.0,133.149,0.0,0.0
12.9072,0.0,132.514,0.0,0.0
12.9154,0.0,131.828,0.0,0.0
12.9173,0.0,132.848,0.0,0.0
12.9271,0.0,133.701,0.0,0.0
12.9155,0.0,131.51,0.0,0.0
12.89,0.0,132.196,0.0,0.0
12.8912,0.0,134.187,0.0,0.0
12.8952,0.0,132.564,0.0,0.0
12.9123,0.0,133.634,0.0,0.0
12.9245,0.0,132.765,0.0,0.0
12.9182,0.0,132.815,0.0,0.0
12.9347,0.0,132.581,0.0,0.0
12.938,0.0,133.317,0.0,0.0
12.9059,0.0,133.367,0.0,0.0
12.8986,0.0,131.928,0.0,0.0
12.9065,0.0,132.831,0.0,0.0
12.9007,0.0,133.116,0.0,0.0
12.8972,0.0,132.196,0.0,0.0
12.896,0.0,132.547,0.0,0.0
12.9046,0.0,133.25,0.0,0.0
12.9126,0.0,133.517,0.0,0.0
12.9079,0.0,132.982,0.0,0.0
12.9303,0.0,132.028,0.0,0.0
12.9265,0.0,132.647,0.0,0.0
12.8857,0.0,131.593,0.0,0.0
12.8916,0.0,133.233,0.0,0.0
12.901,0.0,133.199,0.0,0.0
12.8887,0.0,132.514,0.0,0.0
12.9042,0.0,133.149,0.0,0.0
12.9153,0.0,132.279,0.0,0.0
12.9113,0.0,133.283,0.0,0.0
12.9147,0.0,133.969,0.0,0.0
12.9102,0.0,132.664,0.0,0.0
12.9053,0.0,131.727,0.0,0.0
12.9265,0.0,133.35,0.0,0.0
12.9298,0.0,134.722,0.0,0.0
12.9198,0.0,133.116,0.0,0.0
12.9309,0.0,132.229,0.0,0.0
12.9238,0.0,132.363,0.0,0.0
12.8968,0.0,132.313,0.0,0.0
12.8989,0.0,134.019,0.0,0.0
12.9117,0.0,132.664,0.0,0.0
12.9143,0.0,132.731,0.0,0.0
12.9066,0.0,132.43,0.0,0.0
12.8999,0.0,132.965,0.0,0.0
12.925,0.0,132.296,0.0,0.0
12.937,0.0,133.651,0.0,0.0
12.9138,0.0,133.133,0.0,0.0
12.9118,0.0,131.962,0.0,0.0
12.9196,0.0,132.43,0.0,0.0
12.9077,0.0,133.584,0.0,0.0
12.8999,0.0,133.099,0.0,0.0
12.8805,0.0,132.413,0.0,0.0
12.8926,0.0,132.146,0.0,0.0
12.9078,0.0,133.634,0.0,0.0
12.8965,0.0,134.103,0.0,0.0
12.9176,0.0,133.25,0.0,0.0
12.9376,0.0,132.53,0.0,0.0
12.8935,0.0,133.919,0.0,0.0
12.8882,0.0,132.681,0.0,0.0
12.9375,0.0,133.3,0.0,0.0
12.9367,0.0,134.003,0.0,0.0
12.904,0.0,132.313,0.0,0.0
12.8884,0.0,133.015,0.0,0.0
12.8909,0.0,132.396,0.0,0.0
12.9132,0.0,133.718,0.0,0.0
12.9058,0.0,131.56,0.0,0.0
12.8745,0.0,133.116,0.0,0.0
12.8967,0.0,133.066,0.0,0.0
12.9333,0.0,132.212,0.0,0.0
12.921,0.0,132.129,0.0,0.0
12.8912,0.0,132.581,0.0,0.0
12.9124,0.0,131.627,0.0,0.0
12.9342,0.0,133.4,0.0,0.0
12.9261,0.0,133.25,0.0,0.0
12.918,0.0,133.668,0.0,0.0
12.9288,0.0,133.384,0.0,0.0
12.934,0.0,132.514,0.0,0.0
12.9166,0.0,132.915,0.0,0.0
12.9104,0.0,131.761,0.0,0.0
12.9085,0.0,132.38,0.0,0.0
12.8862,0.0,132.146,0.0,0.0
12.9018,0.0,134.253,0.0,0.0
12.9362,0.0,133.015,0.0,0.0
12.9277,0.0,133.919,0.0,0.0
12.9398,0.0,132.698,0.0,0.0
12.9459,0.0,131.593,0.0,0.0
12.9326,0.0,135.006,0.0,0.0
12.9286,0.0,133.082,0.0,0.0
12.9068,0.0,133.384,0.0,0.0
12.9076,0.0,133.952,0.0,0.0
12.9404,0.0,134.555,0.0,0.0
12.9175,0.0,132.146,0.0,0.0
12.9038,0.0,131.928,0.0,0.0
12.9181,0.0,133.049,0.0,0.0
12.913,0.0,133.266,0.0,0.0
12.8999,0.0,133.35,0.0,0.0
12.9139,0.0,132.447,0.0,0.0
12.9226,0.0,131.744,0.0,0.0
12.904,0.0,132.396,0.0,0.0
12.9208,0.0,132.999,0.0,0.0
12.9271,0.0,132.396,0.0,0.0
12.9154,0.0,132.698,0.0,0.0
12.9272,0.0,133.133,0.0,0.0
12.9037,0.0,132.731,0.0,0.0
12.8875,0.0,132.514,0.0,0.0
12.9176,0.0,132.597,0.0,0.0
12.9218,0.0,132.898,0.0,0.0
12.9205,0.0,133.333,0.0,0.0
12.9347,0.0,133.3,0.0,0.0
12.9206,0.0,132.363,0.0,0.0
12.9018,0.0,132.48,0.0,0.0
12.9353,0.0,133.133,0.0,0.0
12.9338,0.0,133.032,0.0,0.0
12.8885,0.0,133.25,0.0,0.0
12.892,0.0,132.882,0.0,0.0
12.9014,0.0,132.514,0.0,0.0
12.9196,0.0,135.123,0.0,0.0
12.9233,0.0,133.049,0.0,0.0
12.883,0.0,133.417,0.0,0.0
12.8871,0.0,131.694,0.0,0.0
12.8934,0.0,131.928,0.0,0.0
12.8873,0.0,132.714,0.0,0.0
12.9158,0.0,133.367,0.0,0.0
12.9248,0.0,132.062,0.0,0.0
12.9043,0.0,132.815,0.0,0.0
12.9055,0.0,132.514,0.0,0.0
12.9063,0.0,133.835,0.0,0.0
12.9034,0.0,132.33,0.0,0.0
12.9188,0.0,132.898,0.0,0.0
12.928,0.0,131.861,0.0,0.0
12.9149,0.0,134.755,0.0,0.0
12.9199,0.0,132.313,0.0,0.0
12.9208,0.0,133.082,0.0,0.0
12.8885,0.0,132.714,0.0,0.0
12.9003,0.0,133.384,0.0,0.0
12.9254,0.0,131.878,0.0,0.0
12.8999,0.0,130.891,0.0,0.0
12.9198,0.0,132.915,0.0,0.0
12.9373,0.0,133.852,0.0,0.0
12.9336,0.0,133.35,0.0,0.0
12.935,0.0,132.999,0.0,0.0
12.9176,0.0,133.568,0.0,0.0
12.9027,0.0,132.999,0.0,0.0
12.8949,0.0,133.4,0.0,0.0
12.8963,0.0,132.831,0.0,0.0
12.9162,0.0,133.35,0.0,0.0
12.9044,0.0,131.593,0.0,0.0
12.8614,0.0,133.266,0.0,0.0
12.9178,0.0,131.861,0.0,0.0
12.9378,0.0,132.43,0.0,0.0
12.8675,0.0,132.162,0.0,0.0
12.895,0.0,132.514,0.0,0.0
12.9398,0.0,133.266,0.0,0.0
12.928,0.0,133.233,0.0,0.0
12.9063,0.0,133.802,0.0,0.0
12.9111,0.0,131.794,0.0,0.0
12.9276,0.0,134.555,0.0,0.0
12.9191,0.0,132.898,0.0,0.0
12.929,0.0,132.53,0.0,0.0
12.9313,0.0,133.317,0.0,0.0
12.914,0.0,134.036,0.0,0.0
12.9008,0.0,130.69,0.0,0.0
12.9052,0.0,133.902,0.0,0.0
12.9078,0.0,133.484,0.0,0.0
12.9088,0.0,132.246,0.0,0.0
12.9319,0.0,134.488,0.0,0.0
12.9372,0.0,131.66,0.0,0.0
12.8985,0.0,133.367,0.0,0.0
12.8976,0.0,132.263,0.0,0.0
