analog,analog_sterr,photon_counting,pc_sterr,overflow_info
7.73006,0.00967087,101.586,0.827923,0.0
7.74764,0.00982827,102.988,0.828947,0.0
7.73955,0.00969723,102.087,0.819395,0.0
7.73836,0.00977095,102.354,0.847368,0.0
7.74858,0.00975637,101.402,0.820077,0.0
7.73594,0.00998286,100.968,0.82997,0.0
7.72338,0.00966743,101.636,0.825536,0.0
7.72516,0.00974264,100.918,0.839181,0.0
7.74427,0.00983874,101.903,0.819736,0.0
7.75479,0.00991461,102.237,0.837816,0.0
7.73286,0.00950288,100.935,0.831335,0.0
7.7146,0.00964491,99.7162,0.838157,0.0
7.72769,0.00962591,101.753,0.832358,0.0
7.73812,0.00959956,101.336,0.814278,0.0
7.71928,0.00971421,99.6661,0.810526,0.0
7.71729,0.00968213,101.97,0.83304,0.0
7.74431,0.00975312,100.985,0.815984,0.0
7.74984,0.00967361,102.354,0.843615,0.0
7.73715,0.00977413,100.684,0.824512,0.0
7.73284,0.00966339,102.003,0.858284,0.0
7.74249,0.00984987,103.272,0.811208,0.0
7.7422,0.00985898,102.204,0.843615,0.0
7.72787,0.00975012,100.384,0.846003,0.0
7.72878,0.00975338,102.721,0.832358,0.0
7.74088,0.00949351,103.055,0.827582,0.0
7.73039,0.00948147,101.903,0.832017,0.0
7.73246,0.00962969,102.287,0.825536,0.0
7.73877,0.00970484,101.252,0.828947,0.0
7.72463,0.00959917,102.788,0.832017,0.0
7.72391,0.00971122,100.434,0.827923,0.0
7.722,0.00961511,99.7329,0.821101,0.0
7.71791,0.00946624,102.137,0.824512,0.0
7.7336,0.00970471,101.636,0.837134,0.0
7.72049,0.0096835,100.1,0.834064,0.0
7.70041,0.0096114,101.503,0.833382,0.0
7.72365,0.00965571,101.369,0.825194,0.0
7.73715,0.00976496,100.317,0.827582,0.0
7.72779,0.00962182,101.569,0.848391,0.0
7.72321,0.0095464,102.521,0.835769,0.0
7.72768,0.00958258,101.836,0.811208,0.0
7.72585,0.0095576,99.8497,0.829288,0.0
7.72421,0.00939259,101.503,0.82383,0.0
7.74273,0.00974576,102.855,0.837134,0.0
7.7451,0.00953411,100.267,0.835769,0.0
7.71745,0.00965799,100.818,0.838157,0.0
7.7314,0.00988956,100.868,0.82997,0.0
7.74092,0.0094978,101.87,0.821101,0.0
7.73099,0.00945759,102.571,0.836111,0.0
7.72515,0.00963841,101.452,0.817348,0.0
7.73445,0.00975923,100.584,0.830311,0.0
7.73264,0.00966229,100.367,0.82076,0.0
7.71562,0.00958772,101.169,0.822465,0.0
7.71712,0.00966996,100.751,0.835769,0.0
7.74196,0.00979144,102.371,0.834405,0.0
7.74694,0.00984135,102.137,0.831676,0.0
7.71971,0.00977706,100.818,0.825877,0.0
7.70485,0.00995241,100.401,0.839863,0.0
7.72862,0.00968597,101.135,0.824171,0.0
7.73157,0.00984362,100.083,0.842251,0.0
7.70502,0.00981441,100.15,0.846003,0.0
7.71804,0.00983412,102.471,0.828265,0.0
7.74409,0.00983842,101.636,0.842933,0.0
7.73546,0.00974082,102.087,0.850097,0.0
7.72743,0.00958323,101.336,0.830311,0.0
7.73831,0.00986542,102.07,0.862719,0.0
7.73343,0.00978018,103.472,0.842592,0.0
7.73142,0.00952109,102.755,0.837134,0.0
7.72263,0.00953027,101.853,0.859307,0.0
7.72289,0.00973314,102.404,0.827923,0.0
7.73131,0.00977576,101.469,0.822124,0.0
7.7353,0.00985072,101.87,0.818372,0.0
7.74693,0.00959826,103.172,0.830994,0.0
7.75341,0.0096332,101.352,0.837475,0.0
7.73914,0.00969196,101.586,0.851803,0.0
7.72997,0.00987791,100.835,0.851803,0.0
7.72715,0.00984167,101.102,0.83884,0.0
7.72384,0.00970686,101.302,0.848732,0.0
7.7155,0.00943182,100.384,0.826218,0.0
7.72575,0.00971831,101.953,0.834064,0.0
7.74457,0.00984675,101.386,0.842592,0.0
7.73188,0.0098649,101.202,0.835428,0.0
7.72408,0.0100803,100.484,0.839863,0.0
7.74024,0.00986887,100.534,0.835087,0.0
7.73951,0.00965044,101.836,0.846686,0.0
7.72717,0.00965057,101.519,0.844298,0.0
7.73015,0.00965044,101.152,0.842592,0.0
7.73286,0.00985599,101.786,0.858284,0.0
7.72495,0.00990615,100.968,0.847027,0.0
7.72132,0.00967198,102.654,0.832017,0.0
7.73075,0.00950697,101.386,0.835087,0.0
7.73855,0.00965331,101.82,0.838499,0.0
7.73023,0.00981512,100.902,0.834746,0.0
7.74037,0.00965428,102.204,0.835769,0.0
7.75122,0.00999132,100.785,0.829629,0.0
7.73977,0.00986919,101.953,0.857943,0.0
7.72491,0.00990179,101.486,0.810867,0.0
7.7263,0.00924827,101.553,0.811208,0.0
7.74244,0.00942128,100.584,0.815302,0.0
7.7341,0.00977784,100.835,0.838499,0.0
7.74152,0.00959267,102.437,0.820419,0.0
7.75404,0.00977296,102.087,0.824512,0.0
7.73702,0.0100088,101.169,0.827241,0.0
7.73168,0.00988527,102.354,0.840204,0.0
7.72178,0.0096643,101.636,0.830994,0.0
7.72515,0.0096738,102.304,0.821442,0.0
7.73004,0.00980563,101.269,0.845662,0.0
7.71469,0.00986737,101.052,0.837475,0.0
7.71753,0.0095643,102.755,0.840204,0.0
7.72964,0.0098176,101.569,0.823148,0.0
7.72311,0.010001,100.217,0.819054,0.0
7.72512,0.00948999,101.653,0.814278,0.0
7.73961,0.00973139,102.304,0.824512,0.0
7.7423,0.0100697,101.603,0.84498,0.0
7.73363,0.00984545,100.05,0.834746,0.0
7.73794,0.00968278,101.753,0.843957,0.0
7.75234,0.00976906,102.821,0.850097,0.0
7.7558,0.00981643,101.419,0.822807,0.0
7.74595,0.00974095,101.352,0.839863,0.0
7.73284,0.0095263,100.568,0.842251,0.0
7.74153,0.0099366,102.12,0.818031,0.0
7.73216,0.00985501,99.9165,0.840886,0.0
7.71574,0.00960926,101.419,0.838157,0.0
7.73175,0.0094328,101.169,0.819736,0.0
7.72983,0.00952318,101.402,0.861695,0.0
7.72779,0.0096604,100.718,0.816325,0.0
7.74701,0.00968831,101.736,0.857602,0.0
7.73945,0.00944516,101.77,0.823148,0.0
7.7245,0.00980907,101.469,0.833723,0.0
7.73386,0.00983211,100.785,0.812914,0.0
7.74241,0.00997577,102.304,0.833723,0.0
7.73501,0.00971967,100.033,0.834405,0.0
7.73602,0.00981291,102.154,0.82076,0.0
7.73308,0.00979333,101.202,0.826559,0.0
7.72578,0.00976984,101.937,0.827923,0.0
7.74136,0.00961075,102.02,0.818713,0.0
7.74344,0.00979834,100.801,0.847368,0.0
7.74254,0.00971466,101.786,0.834746,0.0
7.75086,0.00982039,101.285,0.822807,0.0
7.72712,0.00943957,101.169,0.826218,0.0
7.70795,0.00943104,100.885,0.840886,0.0
7.7302,0.00942707,101.736,0.835769,0.0
7.75235,0.00957276,103.372,0.819054,0.0
7.73582,0.00940573,100.851,0.81769,0.0
7.71596,0.00944822,101.068,0.85112,0.0
7.73168,0.00962689,101.419,0.819054,0.0
7.74825,0.00976847,101.569,0.839181,0.0
7.74564,0.00977966,101.937,0.835769,0.0
7.72602,0.00969703,101.469,0.818031,0.0
7.72042,0.00957555,100.952,0.809844,0.0
7.72829,0.00969814,101.302,0.823489,0.0
7.72487,0.0100196,101.736,0.826559,0.0
7.72902,0.00966424,101.903,0.821783,0.0
7.73165,0.00966652,101.102,0.814961,0.0
7.7469,0.00977843,103.723,0.833723,0.0
7.76511,0.0097863,101.319,0.818372,0.0
7.74898,0.00977251,102.938,0.837816,0.0
7.7351,0.00987759,101.937,0.820077,0.0
7.73228,0.00965689,101.386,0.813596,0.0
7.73294,0.00976463,101.386,0.833382,0.0
7.74,0.00981408,101.987,0.837134,0.0
7.73248,0.00977205,101.169,0.840545,0.0
7.71725,0.00967595,102.07,0.85692,0.0
7.71754,0.00929141,100.985,0.821442,0.0
7.72755,0.00963645,101.018,0.840886,0.0
7.72241,0.00996074,101.653,0.828947,0.0
7.72383,0.00974681,100.501,0.825536,0.0
7.73648,0.00982606,101.619,0.832017,0.0
7.73358,0.00970679,101.386,0.843957,0.0
7.72401,0.00951517,102.487,0.854873,0.0
7.72692,0.00957594,101.953,0.840886,0.0
7.73161,0.00976639,100.167,0.831335,0.0
7.72312,0.00986197,102.02,0.851803,0.0
7.72149,0.00959546,101.402,0.842251,0.0
7.72013,0.00975351,100.785,0.829629,0.0
7.72031,0.00971609,101.085,0.844639,0.0
7.73023,0.00962455,101.052,0.809161,0.0
7.73398,0.00970809,100.0,0.852144,0.0
7.73566,0.0096561,99.8998,0.822807,0.0
7.7344,0.00963405,102.387,0.827923,0.0
7.73385,0.00980075,102.237,0.817348,0.0
7.73871,0.00987889,100.684,0.82383,0.0
7.74264,0.00978363,102.17,0.834746,0.0
7.74145,0.0097198,103.589,0.830311,0.0
7.74049,0.00961772,101.803,0.848732,0.0
7.73584,0.00963717,100.735,0.839181,0.0
7.72693,0.00974186,102.137,0.830994,0.0
7.73652,0.00976964,103.105,0.827923,0.0
7.74962,0.0098051,102.421,0.835428,0.0
7.73864,0.0097662,101.302,0.847709,0.0
7.73104,0.00946917,102.721,0.827582,0.0
7.7282,0.00970842,100.284,0.827923,0.0
7.7275,0.00972839,100.401,0.808479,0.0
7.73473,0.00967693,102.354,0.839522,0.0
7.72694,0.00969189,99.5993,0.823489,0.0
7.73513,0.00957406,102.154,0.840545,0.0
7.74613,0.0096805,101.252,0.841228,0.0
7.7351,0.00954152,100.735,0.821101,0.0
7.74103,0.00971941,101.119,0.838499,0.0
7.74917,0.0097986,102.404,0.808479,0.0
7.72745,0.00938582,101.569,0.815643,0.0
7.72279,0.00995606,100.417,0.832699,0.0
7.72533,0.00979443,101.486,0.821101,0.0
7.72749,0.00967621,102.07,0.852826,0.0
7.73815,0.0095844,102.287,0.827923,0.0
7.72421,0.00957816,101.653,0.836111,0.0
7.71662,0.00932108,99.7997,0.830653,0.0
7.72477,0.009793,100.351,0.835428,0.0
7.7252,0.0096412,101.152,0.8269,0.0
7.72801,0.00953124,101.252,0.81769,0.0
7.73702,0.00974479,100.417,0.818372,0.0
7.73268,0.00969026,102.404,0.818713,0.0
7.7379,0.00969072,101.002,0.83884,0.0
7.75051,0.0097658,101.886,0.8269,0.0
7.73976,0.00962683,102.22,0.811208,0.0
7.73341,0.0096995,100.785,0.824171,0.0
7.73817,0.00982612,100.735,0.835087,0.0
7.73109,0.00983569,102.053,0.832017,0.0
7.74341,0.00992255,101.903,0.834064,0.0
7.74534,0.00968473,102.404,0.839522,0.0
7.73194,0.00963502,101.269,0.818372,0.0
7.72915,0.0094773,101.853,0.83884,0.0
7.71877,0.00979814,101.319,0.835087,0.0
7.70939,0.00952708,101.72,0.838499,0.0
7.71158,0.00976613,101.553,0.819054,0.0
7.72617,0.00951407,102.003,0.824853,0.0
7.74202,0.00956547,101.119,0.864083,0.0
7.74741,0.00986705,101.402,0.843615,0.0
7.7378,0.0097092,102.521,0.827241,0.0
7.73745,0.00963867,101.636,0.83304,0.0
7.74765,0.00965968,102.053,0.835428,0.0
7.73328,0.00967133,102.104,0.845662,0.0
7.72538,0.00992587,101.77,0.824171,0.0
7.73779,0.00992496,102.588,0.825194,0.0
7.73726,0.00970022,101.703,0.833723,0.0
7.73723,0.00955584,102.07,0.841228,0.0
7.73704,0.00972202,101.119,0.805068,0.0
7.73555,0.00970686,101.82,0.841228,0.0
7.73431,0.00972592,101.185,0.836452,0.0
7.7279,0.00970269,101.987,0.813937,0.0
7.72151,0.00977973,101.169,0.830311,0.0
7.72192,0.00984993,101.285,0.821783,0.0
7.7284,0.00975956,100.935,0.826218,0.0
7.74254,0.00973145,101.436,0.835428,0.0
7.74879,0.0100289,102.12,0.82383,0.0
7.73635,0.00986295,102.604,0.841569,0.0
7.72946,0.00957132,102.237,0.843274,0.0
7.73612,0.00962045,103.322,0.808138,0.0
7.73573,0.00957302,101.569,0.814961,0.0
7.7396,0.00986165,100.317,0.820419,0.0
7.75966,0.00976756,102.671,0.827923,0.0
7.75587,0.00977101,102.421,0.834746,0.0
7.72313,0.00962292,101.319,0.836452,0.0
7.72337,0.0095507,101.77,0.814278,0.0
7.74862,0.00964563,101.569,0.822124,0.0
7.74428,0.00960594,100.467,0.801656,0.0
7.72505,0.00961772,101.002,0.839522,0.0
7.72734,0.00998534,100.902,0.836452,0.0
7.73607,0.00991201,100.367,0.832017,0.0
7.73554,0.0096496,100.818,0.842592,0.0
7.72755,0.00954556,103.239,0.82997,0.0
7.72553,0.00940059,100.718,0.82997,0.0
7.72035,0.00987329,100.768,0.832358,0.0
7.72403,0.00986737,99.6661,0.83304,0.0
7.73079,0.00952552,102.955,0.847027,0.0
7.72721,0.009709,99.2487,0.814961,0.0
7.71676,0.0097973,101.619,0.832017,0.0
7.72878,0.0096861,101.235,0.809502,0.0
7.73996,0.00977739,101.503,0.826559,0.0
7.73219,0.00956846,100.167,0.834405,0.0
7.73225,0.00974297,103.489,0.813937,0.0
7.7359,0.00976268,101.285,0.833382,0.0
7.72537,0.00960945,101.92,0.834064,0.0
7.72426,0.00983744,102.12,0.83304,0.0
7.7317,0.0097375,101.018,0.808138,0.0
7.7209,0.00950262,99.7162,0.860331,0.0
7.71633,0.00957848,101.87,0.836452,0.0
7.72397,0.00978585,101.753,0.824853,0.0
7.73051,0.00948693,100.484,0.845662,0.0
7.73052,0.00958954,101.336,0.841569,0.0
7.7183,0.00978428,101.169,0.838157,0.0
7.71856,0.00964003,102.755,0.843957,0.0
7.74621,0.00945759,102.254,0.82997,0.0
7.73801,0.00956937,102.053,0.840545,0.0
7.71964,0.0095736,101.803,0.857943,0.0
7.73653,0.0097157,101.686,0.860672,0.0
7.74454,0.00984232,101.352,0.819395,0.0
7.72541,0.00989873,101.803,0.853508,0.0
7.73368,0.00978018,102.204,0.834064,0.0
7.74192,0.00976665,100.701,0.831676,0.0
7.72412,0.00955454,102.387,0.846686,0.0
7.72935,0.00975969,102.12,0.837134,0.0
7.74211,0.00967439,100.768,0.866471,0.0
7.7429,0.00986783,103.389,0.82383,0.0
7.75337,0.00952897,103.088,0.843615,0.0
7.75286,0.00969996,102.17,0.823489,0.0
7.74184,0.00977205,102.471,0.849756,0.0
7.73219,0.00959332,100.785,0.840545,0.0
7.72502,0.00983172,101.336,0.838157,0.0
7.72466,0.00959722,100.267,0.819395,0.0
7.73294,0.00972078,101.336,0.846003,0.0
7.7433,0.00960809,102.504,0.842933,0.0
7.73864,0.00972403,101.202,0.853508,0.0
7.73011,0.0098595,101.72,0.843274,0.0
7.74387,0.00973828,102.638,0.831335,0.0
7.74337,0.00961687,101.135,0.861695,0.0
7.72483,0.00958258,101.235,0.857261,0.0
7.72167,0.00990635,102.237,0.832699,0.0
7.73205,0.00978721,101.252,0.832358,0.0
7.72613,0.00963971,100.918,0.817348,0.0
7.72533,0.00953144,101.302,0.835769,0.0
7.73598,0.00984362,103.623,0.853167,0.0
7.73377,0.0100077,101.119,0.831676,0.0
7.73486,0.00975344,101.402,0.842592,0.0
7.7478,0.00953671,101.152,0.8269,0.0
7.73725,0.009495,102.321,0.846345,0.0
7.7316,0.00995404,101.987,0.836793,0.0
7.74053,0.00980133,101.786,0.825194,0.0
7.73272,0.00989828,102.053,0.842592,0.0
7.72286,0.00956007,102.404,0.835428,0.0
7.73669,0.00957614,102.771,0.827582,0.0
7.74264,0.00958622,100.684,0.825877,0.0
7.73147,0.00972403,101.886,0.822807,0.0
7.74168,0.00983647,101.619,0.826559,0.0
7.74042,0.00962195,101.786,0.834064,0.0
7.71128,0.0097619,100.952,0.827923,0.0
7.7108,0.00962058,101.753,0.832358,0.0
7.73553,0.00955838,101.853,0.83304,0.0
7.74704,0.00985768,102.187,0.849756,0.0
7.74812,0.00995697,102.437,0.864083,0.0
7.73515,0.00966463,101.352,0.81189,0.0
7.72394,0.00959813,102.705,0.829629,0.0
7.7235,0.00983595,100.1,0.845662,0.0
7.71846,0.00950235,102.02,0.827923,0.0
7.72901,0.00984089,101.386,0.855214,0.0
7.74833,0.00979398,102.538,0.822807,0.0
7.74363,0.00976815,101.97,0.846003,0.0
7.73725,0.00987336,101.419,0.809161,0.0
7.75299,0.00983529,101.603,0.832699,0.0
7.74948,0.00971239,101.853,0.849074,0.0
7.7316,0.00982599,100.801,0.840204,0.0
7.73007,0.00979905,101.336,0.844639,0.0
7.72585,0.00947451,101.352,0.8269,0.0
7.72127,0.00956976,101.569,0.819736,0.0
7.73189,0.00985813,99.8664,0.825536,0.0
7.72937,0.00980081,100.083,0.819736,0.0
7.71679,0.0096779,101.486,0.822124,0.0
7.72435,0.00985254,99.5326,0.815302,0.0
7.7341,0.0096101,102.003,0.835087,0.0
7.7339,0.00976158,100.985,0.815984,0.0
7.73235,0.00947334,100.384,0.80882,0.0
7.72406,0.00972286,101.119,0.82383,0.0
7.72784,0.00971297,101.586,0.827582,0.0
7.73119,0.00940502,102.22,0.819736,0.0
7.72955,0.00998631,101.553,0.839863,0.0
7.75125,0.0097796,101.803,0.81769,0.0
7.74592,0.00973295,102.02,0.837134,0.0
7.7099,0.00944471,100.902,0.826218,0.0
7.73005,0.00963945,102.02,0.840886,0.0
7.75773,0.00953697,103.172,0.817007,0.0
7.73424,0.00965988,100.952,0.830653,0.0
7.71699,0.00944373,102.104,0.818372,0.0
7.74166,0.00971076,102.404,0.828947,0.0
7.75418,0.00940424,101.002,0.840545,0.0
7.72705,0.009804,101.953,0.832699,0.0
7.70598,0.00941588,100.902,0.837475,0.0
7.71775,0.0096442,102.922,0.82997,0.0
7.73798,0.00938387,101.619,0.8269,0.0
7.72732,0.00952389,102.053,0.839181,0.0
7.72546,0.00990589,101.486,0.814961,0.0
7.72676,0.00983751,101.703,0.843957,0.0
7.72011,0.00971245,101.72,0.82076,0.0
7.73143,0.00955428,101.285,0.843957,0.0
7.74499,0.00970139,102.154,0.814961,0.0
7.73579,0.00977348,102.17,0.828606,0.0
7.72703,0.0096632,100.968,0.83884,0.0
7.73606,0.00968252,100.167,0.826559,0.0
7.73837,0.00982209,102.371,0.820419,0.0
7.73343,0.00976197,102.003,0.836452,0.0
7.73953,0.00972351,101.77,0.822124,0.0
7.74727,0.00988923,102.037,0.830994,0.0
7.7402,0.00977563,101.836,0.833382,0.0
7.73576,0.00982209,102.003,0.841228,0.0
7.73999,0.00977543,102.037,0.815984,0.0
7.73568,0.00971603,101.252,0.847709,0.0
7.72809,0.00947301,101.603,0.82383,0.0
7.72877,0.00973249,100.718,0.819395,0.0
7.72736,0.0097673,102.154,0.830311,0.0
7.72694,0.00956872,100.401,0.8269,0.0
7.74386,0.00984063,101.669,0.830994,0.0
7.74276,0.00955135,101.886,0.839863,0.0
7.72008,0.00963873,102.087,0.827582,0.0
7.73132,0.00972956,101.419,0.858966,0.0
7.73929,0.00987863,102.053,0.864083,0.0
7.71842,0.00958753,100.718,0.829288,0.0
7.71674,0.00987505,102.304,0.829288,0.0
7.72597,0.00979996,102.003,0.830994,0.0
7.72092,0.00961648,102.02,0.815302,0.0
7.71457,0.00947236,101.553,0.822807,0.0
7.71519,0.00966476,100.768,0.796539,0.0
7.72753,0.00963958,100.851,0.84498,0.0
7.72297,0.00969599,99.4491,0.818031,0.0
7.70915,0.00967875,101.135,0.815984,0.0
7.7259,0.00964127,100.751,0.810867,0.0
7.74498,0.00968233,101.269,0.83304,0.0
7.7275,0.00985995,101.269,0.831676,0.0
7.70896,0.00976184,100.568,0.861013,0.0
7.7161,0.00972338,99.8497,0.823489,0.0
7.73528,0.00991741,101.519,0.855214,0.0
7.75134,0.00969235,102.855,0.802339,0.0
7.73747,0.00988279,100.835,0.83884,0.0
7.72551,0.00991734,102.538,0.846003,0.0
7.74551,0.00990153,101.369,0.825194,0.0
7.74668,0.009674,101.92,0.824171,0.0
7.72574,0.00946859,101.436,0.812573,0.0
7.72715,0.00960464,101.119,0.835087,0.0
7.73839,0.00980654,101.302,0.819736,0.0
7.72883,0.00965858,102.154,0.857943,0.0
7.72868,0.00987381,101.452,0.839181,0.0
7.74329,0.00978233,102.187,0.833382,0.0
7.7364,0.00959104,103.038,0.835428,0.0
7.71425,0.00973724,101.886,0.845321,0.0
7.72416,0.00943475,101.703,0.828947,0.0
7.74612,0.00974414,102.12,0.845321,0.0
7.73777,0.00978077,101.436,0.83304,0.0
7.73435,0.00995508,101.903,0.822124,0.0
7.74253,0.00947308,101.469,0.812573,0.0
7.75371,0.00987713,103.406,0.832358,0.0
7.74062,0.00972423,101.953,0.805068,0.0
7.71855,0.00985742,100.668,0.826218,0.0
7.71739,0.00967497,101.002,0.837475,0.0
7.72386,0.00964771,103.105,0.842933,0.0
7.73513,0.00947783,101.569,0.826559,0.0
7.74076,0.00978884,101.686,0.822807,0.0
7.72623,0.00960405,101.586,0.815984,0.0
7.72762,0.00963034,101.102,0.829288,0.0
7.73826,0.00965272,102.087,0.849415,0.0
7.74334,0.00960665,102.287,0.839181,0.0
7.74171,0.00961596,101.569,0.832699,0.0
7.74198,0.00980797,102.588,0.818713,0.0
7.74298,0.00987655,101.77,0.80882,0.0
7.73044,0.0100254,101.152,0.852144,0.0
7.72052,0.00981799,101.252,0.826218,0.0
7.72619,0.00989977,101.569,0.805068,0.0
7.74993,0.00980406,101.519,0.828947,0.0
7.75462,0.00988982,102.02,0.824512,0.0
7.74005,0.00998163,102.387,0.830653,0.0
7.74705,0.00968486,103.005,0.855214,0.0
7.74294,0.00974837,101.903,0.821442,0.0
7.7408,0.00956651,100.701,0.832017,0.0
7.75494,0.00966183,103.172,0.841569,0.0
7.75468,0.00985078,100.284,0.836111,0.0
7.72511,0.00968252,101.119,0.836793,0.0
7.73243,0.00992151,102.571,0.830994,0.0
7.75504,0.00976613,100.467,0.821101,0.0
7.73438,0.00954335,102.12,0.834405,0.0
7.71842,0.00962871,102.087,0.81769,0.0
7.71768,0.00971427,99.616,0.836111,0.0
7.72445,0.00982241,101.486,0.850097,0.0
7.73823,0.0095142,100.451,0.821783,0.0
7.74166,0.00998436,101.269,0.830994,0.0
7.72542,0.00977296,101.987,0.824853,0.0
7.7142,0.00972019,102.487,0.833723,0.0
7.7247,0.00970529,101.169,0.83884,0.0
7.72385,0.00949409,101.018,0.826218,0.0
7.72056,0.0095112,100.985,0.830653,0.0
7.73792,0.009544,103.773,0.839181,0.0
7.74151,0.00995235,101.386,0.819054,0.0
7.73815,0.00961355,102.838,0.839863,0.0
7.74143,0.00979326,101.336,0.855555,0.0
7.73431,0.0095857,102.204,0.834064,0.0
7.74637,0.00966801,102.17,0.837134,0.0
7.75059,0.00967992,102.972,0.815302,0.0
7.73043,0.00955922,101.135,0.846686,0.0
7.72287,0.00960158,102.27,0.83304,0.0
7.72505,0.00951862,101.386,0.813937,0.0
7.72518,0.0093896,100.518,0.813937,0.0
7.72815,0.00962429,100.818,0.841569,0.0
7.72963,0.00960191,101.119,0.827582,0.0
7.7225,0.00960158,100.968,0.83884,0.0
7.71993,0.00970712,99.6327,0.833382,0.0
7.72977,0.0095494,100.968,0.824853,0.0
7.74395,0.00983321,102.888,0.843274,0.0
7.74548,0.0098811,101.068,0.8269,0.0
7.72234,0.00966892,102.02,0.835428,0.0
7.71072,0.00961895,101.219,0.804385,0.0
7.72987,0.0097496,101.553,0.811208,0.0
7.75014,0.00994213,101.803,0.815302,0.0
7.7477,0.00964615,102.07,0.821101,0.0
7.74124,0.00945434,101.636,0.853849,0.0
7.75039,0.0100159,101.569,0.8269,0.0
7.74177,0.00942076,101.686,0.836793,0.0
7.72969,0.00957035,101.653,0.839522,0.0
7.73489,0.00954198,101.452,0.857602,0.0
7.72942,0.00971557,100.367,0.819395,0.0
7.72724,0.00975422,102.187,0.835087,0.0
7.73047,0.00979918,102.053,0.838499,0.0
7.72844,0.00975331,100.885,0.830653,0.0
7.73276,0.00979652,102.671,0.845662,0.0
7.73266,0.00951224,100.768,0.843615,0.0
7.72649,0.00995931,101.052,0.839522,0.0
7.73296,0.0096861,101.619,0.832358,0.0
7.74322,0.0097591,102.104,0.853508,0.0
7.74293,0.00964446,100.985,0.833723,0.0
7.72348,0.00960177,101.87,0.825194,0.0
7.71812,0.00961212,102.12,0.832699,0.0
7.74353,0.00980686,103.172,0.839863,0.0
7.74493,0.00973269,101.319,0.833382,0.0
7.7253,0.00965786,101.369,0.826218,0.0
7.73521,0.00977446,101.386,0.820419,0.0
7.7373,0.00953391,102.487,0.831676,0.0
7.72834,0.00947659,102.538,0.84191,0.0
7.73394,0.00958401,102.053,0.846686,0.0
7.73023,0.00984759,101.436,0.840886,0.0
7.73496,0.00979671,102.621,0.829288,0.0
7.74667,0.00951576,101.402,0.84498,0.0
7.73348,0.00979346,102.304,0.822124,0.0
7.72798,0.00988299,100.885,0.839863,0.0
7.72291,0.00968324,100.885,0.8269,0.0
7.72817,0.00960841,102.755,0.83304,0.0
7.74287,0.00960652,100.801,0.835769,0.0
7.72426,0.00978227,101.052,0.852144,0.0
7.71032,0.00972748,101.018,0.840545,0.0
7.7174,0.0095982,101.002,0.830994,0.0
7.71787,0.00968948,101.987,0.834746,0.0
7.72447,0.00940404,100.184,0.845321,0.0
7.729,0.00968851,101.369,0.827923,0.0
7.73595,0.00980621,102.321,0.836452,0.0
7.72974,0.00975995,99.8831,0.836452,0.0
7.71803,0.00949975,101.82,0.841228,0.0
7.73862,0.00971681,102.571,0.821442,0.0
7.74597,0.00986041,101.836,0.846003,0.0
7.7212,0.00969898,100.868,0.819736,0.0
7.71611,0.00983035,101.169,0.816666,0.0
7.72952,0.00968864,101.803,0.827241,0.0
7.73339,0.00984057,100.651,0.836793,0.0
7.73628,0.00957074,101.553,0.833382,0.0
7.73975,0.00960919,102.938,0.828265,0.0
7.7384,0.00961739,101.937,0.839863,0.0
7.7343,0.00971004,101.202,0.83884,0.0
7.72137,0.00965448,101.336,0.837134,0.0
7.72265,0.0100062,101.653,0.824171,0.0
7.73157,0.00950678,101.068,0.821783,0.0
7.73121,0.00967556,101.135,0.814619,0.0
7.73594,0.00960796,101.486,0.837134,0.0
7.73117,0.00967536,100.167,0.820077,0.0
7.72882,0.00975559,100.801,0.840545,0.0
7.73083,0.00970198,102.638,0.806432,0.0
7.72662,0.00961928,100.818,0.823148,0.0
7.736,0.00945512,101.82,0.832699,0.0
7.7235,0.00947509,100.968,0.832699,0.0
7.7145,0.00964667,102.721,0.834405,0.0
7.73193,0.00975624,101.536,0.835087,0.0
7.72867,0.00979996,102.571,0.841569,0.0
7.72249,0.00992365,103.255,0.826218,0.0
7.72463,0.00969,102.588,0.844639,0.0
7.7237,0.00991324,101.185,0.828947,0.0
7.73882,0.00999828,102.487,0.837134,0.0
7.74995,0.00953743,101.636,0.82383,0.0
7.73477,0.00969651,101.419,0.834064,0.0
7.72857,0.00977543,102.771,0.827582,0.0
7.7202,0.00955102,100.167,0.819054,0.0
7.71908,0.00970764,102.12,0.836452,0.0
7.73146,0.00965175,101.736,0.826559,0.0
7.74472,0.00976541,102.053,0.827582,0.0
7.74666,0.00957276,102.321,0.840545,0.0
7.74271,0.00951953,101.82,0.809502,0.0
7.73574,0.00970952,100.401,0.815302,0.0
7.72989,0.00968324,102.037,0.829629,0.0
7.72963,0.00979476,101.419,0.834746,0.0
7.72226,0.00987596,100.384,0.821101,0.0
7.73337,0.00973002,100.918,0.838499,0.0
7.74126,0.00978155,100.768,0.825536,0.0
7.72809,0.00965175,102.07,0.852826,0.0
7.72597,0.00950652,101.386,0.835087,0.0
7.73673,0.0095019,102.354,0.830311,0.0
7.73256,0.00969651,102.654,0.824171,0.0
7.72044,0.00944451,102.721,0.832017,0.0
7.72692,0.00973002,101.419,0.825194,0.0
7.72356,0.00968968,101.252,0.816666,0.0
7.72007,0.00955564,100.634,0.813596,0.0
7.73943,0.00988962,101.803,0.829288,0.0
7.73954,0.00973633,101.336,0.82076,0.0
7.71207,0.00942922,101.336,0.837134,0.0
7.7269,0.0097038,103.105,0.831335,0.0
7.74381,0.00960665,101.553,0.829629,0.0
7.73176,0.00961303,101.786,0.830653,0.0
7.73224,0.00967146,101.886,0.828606,0.0
7.72919,0.00960945,100.968,0.824512,0.0
7.726,0.00971466,103.456,0.84191,0.0
7.74056,0.00968493,100.735,0.848732,0.0
7.74438,0.00973288,101.92,0.828947,0.0
7.73298,0.00972254,102.805,0.860331,0.0
7.72261,0.00976912,100.301,0.830994,0.0
7.72501,0.00991454,101.77,0.850779,0.0
7.73792,0.00990062,102.254,0.833382,0.0
7.73201,0.00938439,101.219,0.833723,0.0
7.72932,0.00974075,99.8998,0.82383,0.0
7.73232,0.00971265,101.703,0.808138,0.0
7.73322,0.00971304,100.668,0.846345,0.0
7.7475,0.00981935,101.135,0.830653,0.0
7.74399,0.00998137,101.653,0.833382,0.0
7.73655,0.00966788,101.903,0.846686,0.0
7.73121,0.00997668,103.088,0.833382,0.0
7.71872,0.00965871,99.5659,0.84191,0.0
7.73246,0.0100103,102.187,0.84498,0.0
7.73095,0.00970581,102.154,0.850438,0.0
7.7179,0.00977225,100.885,0.832699,0.0
7.73016,0.00959071,101.436,0.846003,0.0
7.73258,0.00960509,103.055,0.834405,0.0
7.7385,0.009701,101.853,0.839181,0.0
7.75515,0.00986522,102.838,0.841228,0.0
7.75498,0.00973139,101.82,0.829288,0.0
7.74425,0.00988143,102.571,0.825536,0.0
7.7227,0.0096278,100.401,0.829288,0.0
7.7178,0.00973926,102.487,0.840545,0.0
7.73111,0.00940755,100.751,0.82997,0.0
7.72508,0.00973353,102.003,0.855214,0.0
7.71667,0.00964563,99.6661,0.853167,0.0
7.71791,0.00937977,101.886,0.841228,0.0
7.73354,0.00987661,101.753,0.859307,0.0
7.74444,0.00974785,101.786,0.832017,0.0
7.731,0.00957855,100.835,0.831335,0.0
7.72289,0.00965604,101.119,0.822807,0.0
7.72667,0.00954361,101.135,0.843957,0.0
7.72443,0.00963685,101.469,0.822465,0.0
7.72889,0.00959358,102.621,0.862037,0.0
7.72827,0.00969052,100.584,0.834064,0.0
7.72779,0.00981187,100.818,0.812231,0.0
7.72996,0.00975507,101.135,0.828265,0.0
7.72558,0.00965214,101.302,0.82383,0.0
7.73166,0.00976236,100.968,0.832699,0.0
7.73798,0.00990355,101.82,0.813596,0.0
7.7386,0.00976359,101.803,0.829288,0.0
7.73478,0.00989151,102.821,0.823489,0.0
7.7298,0.00966658,100.885,0.815984,0.0
7.72049,0.00979534,100.267,0.839863,0.0
7.72193,0.00956326,102.12,0.814619,0.0
7.73069,0.00975487,100.401,0.828265,0.0
7.73772,0.00971577,101.619,0.846345,0.0
7.73453,0.00993537,101.235,0.822807,0.0
7.73852,0.00984798,101.553,0.849074,0.0
7.73925,0.009533,101.386,0.840886,0.0
7.72189,0.00986353,101.002,0.82383,0.0
7.72264,0.0098325,102.27,0.839863,0.0
7.74572,0.00986952,100.835,0.82997,0.0
7.74088,0.0100078,102.454,0.852826,0.0
7.72978,0.0098109,102.922,0.819736,0.0
7.74039,0.0101021,103.255,0.839863,0.0
7.74962,0.00970269,101.953,0.834064,0.0
7.73582,0.00979489,102.788,0.850779,0.0
7.72696,0.00981291,102.371,0.830994,0.0
7.74099,0.00989275,100.818,0.835087,0.0
7.73582,0.00955636,100.868,0.824853,0.0
7.72548,0.00980471,101.753,0.84498,0.0
7.73537,0.00975012,100.952,0.828265,0.0
7.73805,0.0101143,101.937,0.840886,0.0
7.73047,0.00969885,101.386,0.814619,0.0
7.73219,0.00994012,101.285,0.827241,0.0
7.73723,0.00984284,101.586,0.828265,0.0
7.73456,0.00962845,100.651,0.816325,0.0
7.72395,0.00970705,100.317,0.833723,0.0
7.71932,0.00957659,100.234,0.835428,0.0
7.72705,0.0095386,102.504,0.812914,0.0
7.72936,0.00948101,101.235,0.855896,0.0
7.718,0.00971017,100.234,0.82383,0.0
7.72642,0.00967562,101.336,0.835087,0.0
7.73653,0.00953248,101.92,0.84191,0.0
7.72995,0.00969937,102.27,0.828606,0.0
7.72933,0.00958596,100.484,0.850097,0.0
7.74452,0.00975071,102.487,0.830994,0.0
7.73588,0.00945596,101.052,0.819736,0.0
7.7258,0.00969677,100.902,0.837816,0.0
7.72977,0.00976398,101.102,0.828947,0.0
7.7307,0.0097604,102.187,0.844298,0.0
7.73119,0.00958674,101.386,0.822465,0.0
7.73338,0.00979645,101.736,0.809161,0.0
7.72628,0.00978519,99.4157,0.844298,0.0
7.71767,0.00975481,101.469,0.833382,0.0
7.74024,0.00995319,101.853,0.824512,0.0
7.75438,0.00976639,102.037,0.825194,0.0
7.7333,0.00966573,102.204,0.828947,0.0
7.72699,0.00971896,101.252,0.832017,0.0
7.72086,0.00994298,101.319,0.819054,0.0
7.70875,0.0096237,101.636,0.827582,0.0
7.72463,0.0096537,101.052,0.820419,0.0
7.72601,0.00964062,101.269,0.826559,0.0
7.72356,0.00977062,102.254,0.832699,0.0
7.74364,0.00960399,104.958,0.848732,0.0
7.74624,0.00948121,101.503,0.797904,0.0
7.74234,0.00979873,101.886,0.836111,0.0
7.74767,0.00978031,101.653,0.833723,0.0
7.73849,0.00983133,101.219,0.809161,0.0
7.72148,0.00965506,100.818,0.831335,0.0
7.72892,0.00990296,102.254,0.831335,0.0
7.71462,0.00969117,101.018,0.827241,0.0
7.70869,0.00976886,100.885,0.827923,0.0
7.74436,0.00995267,100.968,0.834746,0.0
7.74528,0.0098135,102.888,0.824512,0.0
7.72428,0.00976646,101.285,0.849415,0.0
7.73254,0.00978858,101.402,0.835428,0.0
7.73718,0.00954575,102.855,0.826218,0.0
7.71665,0.00962279,100.217,0.839863,0.0
7.72466,0.00962826,101.836,0.854532,0.0
7.74346,0.00991454,102.521,0.825194,0.0
7.72662,0.00968168,100.534,0.854191,0.0
7.72264,0.0097714,102.22,0.837134,0.0
7.73074,0.00958772,101.352,0.830994,0.0
7.72496,0.00985956,101.536,0.831335,0.0
7.7345,0.00995371,101.686,0.835087,0.0
7.73238,0.00966235,102.454,0.814961,0.0
7.72843,0.00992372,100.835,0.839181,0.0
7.73532,0.00971551,102.371,0.834064,0.0
7.72267,0.00967263,100.15,0.821442,0.0
7.72331,0.00971837,103.539,0.861354,0.0
7.73309,0.00956976,100.217,0.809502,0.0
7.73601,0.00974616,101.569,0.836793,0.0
7.73113,0.00968525,101.068,0.834064,0.0
7.71468,0.00945395,100.134,0.827241,0.0
7.72608,0.00977914,102.254,0.830653,0.0
7.74381,0.00976867,101.553,0.824171,0.0
7.73194,0.00967296,102.154,0.834064,0.0
7.73145,0.00968792,101.419,0.817348,0.0
7.73669,0.00951237,101.853,0.836111,0.0
7.72622,0.00972429,102.037,0.820419,0.0
7.72301,0.00964186,101.636,0.808479,0.0
7.72789,0.00971258,99.4491,0.8269,0.0
7.73324,0.00975826,102.955,0.849074,0.0
7.7306,0.00959306,100.334,0.823489,0.0
7.72263,0.00967354,100.518,0.827241,0.0
7.72607,0.00963867,101.469,0.844298,0.0
7.72884,0.00967159,101.853,0.85112,0.0
7.71981,0.00953736,101.569,0.836111,0.0
7.71559,0.00973405,101.469,0.836452,0.0
7.72672,0.00969391,101.436,0.855555,0.0
7.71996,0.00967601,100.768,0.839181,0.0
7.7103,0.00964205,98.9649,0.82997,0.0
7.72697,0.00959748,102.404,0.84191,0.0
7.72679,0.00933644,101.402,0.85112,0.0
7.73085,0.0100555,101.102,0.824853,0.0
7.75214,0.00996081,102.053,0.846686,0.0
7.73643,0.00957978,101.603,0.841569,0.0
7.72371,0.00970816,101.102,0.815643,0.0
7.72837,0.00946839,100.684,0.819054,0.0
7.71817,0.00965259,102.638,0.834405,0.0
7.7357,0.00986705,102.003,0.845662,0.0
7.74307,0.00967205,101.469,0.825194,0.0
7.71876,0.00990283,101.536,0.836793,0.0
7.72238,0.00992053,100.701,0.832017,0.0
7.73937,0.00961941,102.154,0.827923,0.0
7.73991,0.00976626,100.735,0.841228,0.0
7.74092,0.00992268,102.571,0.842251,0.0
7.74286,0.00976437,101.119,0.828947,0.0
7.72308,0.00975474,100.985,0.831335,0.0
7.71865,0.00957536,102.871,0.832699,0.0
7.73437,0.00956488,102.604,0.832358,0.0
7.73445,0.0097539,100.634,0.836452,0.0
7.72255,0.00945863,101.736,0.829629,0.0
7.72276,0.00982163,100.267,0.823489,0.0
7.73335,0.00977173,102.22,0.85692,0.0
7.74661,0.00992853,100.818,0.836111,0.0
7.73029,0.00975182,100.033,0.834405,0.0
7.72979,0.00950157,102.771,0.82383,0.0
7.74378,0.0097526,102.387,0.849756,0.0
7.72231,0.00938914,100.017,0.826218,0.0
7.71351,0.00972384,101.235,0.823489,0.0
7.73174,0.00969605,102.204,0.860331,0.0
7.73722,0.00984297,101.636,0.835428,0.0
7.73256,0.00961193,103.255,0.809844,0.0
7.73065,0.00966508,101.703,0.842251,0.0
7.73423,0.00950144,101.686,0.825877,0.0
7.73619,0.00991376,102.621,0.843274,0.0
7.73235,0.00987661,101.269,0.8269,0.0
7.73118,0.00983224,102.137,0.847027,0.0
7.74254,0.00965318,102.321,0.832699,0.0
7.74438,0.00951582,102.02,0.836452,0.0
7.72555,0.00973906,101.619,0.838499,0.0
7.71932,0.00969267,101.619,0.821783,0.0
7.74048,0.00988468,102.337,0.856578,0.0
7.74597,0.00988618,101.486,0.825536,0.0
7.73692,0.00950867,100.618,0.810185,0.0
7.73252,0.009793,101.252,0.842251,0.0
7.7317,0.00960724,102.538,0.835769,0.0
7.7294,0.00936123,101.619,0.82383,0.0
7.72728,0.00991441,102.27,0.838157,0.0
7.73125,0.00941471,102.12,0.839181,0.0
7.73323,0.00990472,102.321,0.840886,0.0
7.72951,0.00971434,102.137,0.841569,0.0
7.72994,0.00990895,101.853,0.817007,0.0
7.72729,0.00969215,100.851,0.852826,0.0
7.71829,0.00982534,101.386,0.847027,0.0
7.73865,0.00967471,101.068,0.832017,0.0
7.7459,0.00985273,101.72,0.823489,0.0
7.72172,0.00970159,102.321,0.835769,0.0
7.72342,0.00967322,100.768,0.832358,0.0
7.73599,0.00970666,102.204,0.832017,0.0
7.75175,0.00975429,103.005,0.800974,0.0
7.74255,0.00964075,100.952,0.823148,0.0
7.71738,0.00974414,101.686,0.863742,0.0
7.72981,0.00978487,101.369,0.818031,0.0
7.73551,0.00967354,101.319,0.833382,0.0
7.72929,0.00961219,100.801,0.834405,0.0
7.74318,0.00954686,102.337,0.837475,0.0
7.74556,0.009625,101.269,0.826559,0.0
7.72198,0.00960659,101.419,0.841569,0.0
7.72217,0.00967153,101.786,0.810867,0.0
7.73342,0.00932726,101.152,0.831676,0.0
7.7274,0.00963828,100.684,0.845662,0.0
7.7441,0.00966541,99.9332,0.836111,0.0
7.7421,0.00986464,101.953,0.804044,0.0
7.71423,0.00983809,100.451,0.848732,0.0
7.7238,0.00983939,101.002,0.828606,0.0
7.73592,0.00961232,101.219,0.845321,0.0
7.71325,0.00958219,100.801,0.806773,0.0
7.71114,0.00946611,101.152,0.810185,0.0
7.73209,0.0095345,101.703,0.837134,0.0
7.72765,0.00961648,101.97,0.827582,0.0
7.7234,0.00983107,102.421,0.848391,0.0
7.73579,0.00962643,100.551,0.822465,0.0
7.73235,0.00988188,101.77,0.820419,0.0
7.7212,0.00983926,101.018,0.81769,0.0
7.72561,0.00983328,101.836,0.853508,0.0
7.73801,0.00970549,101.536,0.83304,0.0
7.75093,0.00959755,102.187,0.821101,0.0
7.7494,0.00984811,100.785,0.819736,0.0
7.74571,0.00993432,101.569,0.842592,0.0
7.74234,0.00995378,102.037,0.834405,0.0
7.73395,0.00974869,101.336,0.825877,0.0
7.72755,0.00985052,101.018,0.836793,0.0
7.73358,0.00994857,101.669,0.814619,0.0
7.72607,0.00960665,101.452,0.856578,0.0
7.71779,0.00992001,100.768,0.834064,0.0
7.72823,0.00969475,100.083,0.809502,0.0
7.73191,0.00979177,101.836,0.83304,0.0
7.73875,0.00978754,102.321,0.839863,0.0
7.74161,0.00967575,101.336,0.813937,0.0
7.73591,0.00963782,100.918,0.827241,0.0
7.74984,0.00953378,103.122,0.832017,0.0
7.76301,0.00960854,102.387,0.818713,0.0
7.75006,0.00969449,103.656,0.823489,0.0
7.73792,0.00974609,101.97,0.821442,0.0
7.73459,0.00958616,101.553,0.842251,0.0
7.73998,0.00982729,100.684,0.85112,0.0
7.74069,0.00950977,102.02,0.833382,0.0
7.73237,0.00970302,101.352,0.824512,0.0
7.73826,0.00994929,101.753,0.849756,0.0
7.73949,0.00960073,101.085,0.830994,0.0
7.74503,0.00984362,102.254,0.820419,0.0
7.74941,0.0100969,101.603,0.815984,0.0
7.71967,0.00959481,100.618,0.851461,0.0
7.71825,0.00961323,101.653,0.83884,0.0
7.74964,0.00976079,101.519,0.815643,0.0
7.74557,0.00931126,101.753,0.835428,0.0
7.72801,0.00981812,101.619,0.803703,0.0
7.73708,0.00947164,101.82,0.823489,0.0
7.72883,0.00947646,100.434,0.824853,0.0
7.70801,0.00963229,101.252,0.832699,0.0
7.71317,0.00949904,102.003,0.806091,0.0
7.72861,0.00957035,101.386,0.825536,0.0
7.72576,0.00951849,100.634,0.849415,0.0
7.72295,0.00973191,101.002,0.851461,0.0
7.73696,0.00978188,102.187,0.860331,0.0
7.73585,0.00995755,101.536,0.836793,0.0
7.74189,0.0101317,102.504,0.840886,0.0
7.74765,0.00973796,100.634,0.822465,0.0
7.72354,0.010036,100.568,0.839863,0.0
7.72957,0.00973835,100.634,0.837134,0.0
7.7457,0.00963216,102.154,0.83884,0.0
7.72792,0.0095356,101.603,0.835769,0.0
7.7321,0.00975422,101.235,0.829288,0.0
7.74662,0.0098515,102.27,0.843615,0.0
7.73877,0.0100451,101.169,0.841569,0.0
7.73452,0.00973132,101.202,0.818713,0.0
7.74441,0.00976476,102.988,0.825194,0.0
7.74053,0.00981779,100.885,0.826559,0.0
7.73588,0.00981512,102.604,0.850097,0.0
7.7431,0.00965448,102.538,0.852826,0.0
7.73965,0.00992157,100.351,0.839181,0.0
7.72551,0.00963066,102.421,0.810867,0.0
7.71488,0.0096345,100.267,0.834064,0.0
7.72154,0.00957614,102.12,0.849415,0.0
7.74048,0.0097431,100.718,0.820419,0.0
7.73699,0.00970009,101.786,0.846686,0.0
7.72897,0.00990628,102.037,0.839522,0.0
7.73246,0.00968168,102.638,0.849074,0.0
7.73133,0.00950301,101.419,0.822465,0.0
7.72361,0.0096887,100.985,0.818713,0.0
7.72005,0.00960991,101.452,0.835769,0.0
7.73252,0.00976079,101.486,0.848391,0.0
7.74524,0.00952363,100.434,0.84191,0.0
7.73533,0.00966749,102.387,0.813596,0.0
7.72431,0.00948973,101.202,0.824853,0.0
7.73003,0.00983913,103.389,0.835087,0.0
7.72748,0.00955942,101.352,0.81189,0.0
7.72506,0.00951719,101.068,0.846003,0.0
7.72955,0.00976203,102.12,0.836111,0.0
7.73333,0.00958889,101.753,0.821101,0.0
7.73006,0.00950782,101.402,0.821783,0.0
7.73299,0.00957334,101.937,0.819054,0.0
7.73486,0.00971258,102.404,0.826559,0.0
7.74613,0.00985273,101.736,0.822807,0.0
7.7464,0.00974115,102.137,0.835428,0.0
7.71497,0.00981968,101.302,0.842251,0.0
7.71501,0.009552,102.871,0.825194,0.0
7.74186,0.00967634,102.588,0.833723,0.0
7.74043,0.00955018,101.119,0.829629,0.0
7.74396,0.00987804,101.386,0.864766,0.0
7.74924,0.00958792,102.354,0.830994,0.0
7.73412,0.0100225,101.285,0.812231,0.0
7.72179,0.00944627,102.487,0.841228,0.0
7.72713,0.00966502,101.72,0.849415,0.0
7.73208,0.00977778,103.172,0.827582,0.0
7.73397,0.00970113,100.167,0.813596,0.0
7.72074,0.00970367,101.185,0.826559,0.0
7.72185,0.00967458,101.085,0.85112,0.0
7.72793,0.00987785,102.237,0.852485,0.0
7.73843,0.0101224,101.603,0.835428,0.0
7.75723,0.00998332,100.568,0.840204,0.0
7.7425,0.00964843,101.369,0.841569,0.0
7.72909,0.0098109,100.902,0.832017,0.0
7.72887,0.00999464,101.135,0.85112,0.0
7.72038,0.00985664,102.003,0.827241,0.0
7.71995,0.00981896,102.17,0.829629,0.0
7.73259,0.00977049,101.285,0.80882,0.0
7.74175,0.00978663,100.918,0.840204,0.0
7.73423,0.00960106,101.152,0.827241,0.0
7.73764,0.00994955,102.27,0.845321,0.0
7.74816,0.00981486,100.968,0.810867,0.0
7.73337,0.00974062,102.705,0.81769,0.0
7.74545,0.00991526,102.187,0.822465,0.0
7.76342,0.00977687,103.055,0.840545,0.0
7.74043,0.00975169,102.037,0.840545,0.0
7.72648,0.00978149,101.119,0.832358,0.0
7.75168,0.00965005,101.085,0.835428,0.0
7.74501,0.00975019,103.022,0.809161,0.0
7.71816,0.00957685,101.135,0.819395,0.0
7.73594,0.00978975,102.304,0.848391,0.0
7.73662,0.00955206,102.838,0.817348,0.0
7.71252,0.00953853,98.798,0.828265,0.0
7.71731,0.00975663,102.487,0.838157,0.0
7.73494,0.00966534,100.835,0.850779,0.0
7.72846,0.00966443,101.052,0.830994,0.0
7.72869,0.00966307,101.486,0.819395,0.0
7.7327,0.00971909,101.553,0.831335,0.0
7.74282,0.00965864,102.204,0.80575,0.0
7.73877,0.00954549,100.184,0.819736,0.0
7.73146,0.00947822,103.088,0.833723,0.0
7.73639,0.00968675,101.503,0.819736,0.0
7.72899,0.00970699,101.419,0.837816,0.0
7.72641,0.00976672,100.401,0.8269,0.0
7.72846,0.00944666,101.82,0.832017,0.0
7.73541,0.0095522,102.137,0.864083,0.0
7.73874,0.00976626,101.92,0.819054,0.0
7.74098,0.00977127,102.321,0.830653,0.0
7.72392,0.00950626,101.119,0.841569,0.0
7.70505,0.00963431,99.6661,0.825877,0.0
7.72503,0.00963288,100.935,0.836452,0.0
7.73889,0.00976925,101.736,0.848732,0.0
7.72883,0.00977583,101.97,0.824512,0.0
7.743,0.00991864,102.003,0.849756,0.0
7.74663,0.00981708,102.287,0.842592,0.0
7.72406,0.00986867,99.9499,0.835087,0.0
7.72612,0.00972091,100.885,0.828947,0.0
7.73798,0.00960028,101.486,0.827582,0.0
7.72464,0.00939226,100.818,0.819395,0.0
7.71416,0.00956677,100.634,0.832358,0.0
7.73044,0.00982827,101.669,0.835087,0.0
7.74853,0.00965344,102.154,0.837475,0.0
7.75033,0.00980849,102.321,0.839522,0.0
7.73301,0.00975279,100.568,0.836111,0.0
7.71493,0.00956716,102.187,0.834405,0.0
7.71556,0.00976607,102.02,0.849756,0.0
7.7272,0.00962787,102.053,0.829288,0.0
7.73993,0.00955942,101.152,0.835428,0.0
7.74803,0.00967706,101.452,0.832358,0.0
7.74549,0.00964563,102.22,0.853167,0.0
7.73509,0.0100058,100.985,0.824853,0.0
7.72881,0.00974681,102.888,0.818372,0.0
7.73327,0.00962292,101.72,0.830311,0.0
7.73395,0.00968525,102.654,0.853167,0.0
7.72453,0.00960483,102.003,0.834405,0.0
7.74343,0.0096183,100.618,0.819395,0.0
7.75457,0.010081,101.753,0.842933,0.0
7.73186,0.00986197,101.302,0.817348,0.0
7.7269,0.00967406,101.269,0.828265,0.0
7.72931,0.00951433,100.501,0.822465,0.0
7.71238,0.00960399,100.184,0.827241,0.0
7.71538,0.00982352,100.701,0.823148,0.0
7.73838,0.00990765,102.137,0.803703,0.0
7.73401,0.00953255,100.684,0.812231,0.0
7.72342,0.00969924,103.573,0.830653,0.0
7.73842,0.00957197,101.97,0.846686,0.0
7.74762,0.00961707,102.003,0.843615,0.0
7.73009,0.00969462,100.768,0.84191,0.0
7.73439,0.00963301,100.434,0.83304,0.0
7.75665,0.0099733,101.636,0.828265,0.0
7.74673,0.00976034,103.306,0.821783,0.0
7.73686,0.00959891,102.104,0.822124,0.0
7.73661,0.00999828,101.503,0.837134,0.0
7.72259,0.00964283,101.319,0.852485,0.0
7.72635,0.00964452,101.119,0.822807,0.0
7.73998,0.00968272,101.669,0.851803,0.0
7.73453,0.00962936,101.302,0.814278,0.0
7.72819,0.00969274,102.087,0.846003,0.0
7.74161,0.00973614,102.538,0.849415,0.0
7.73982,0.00960789,100.534,0.832017,0.0
7.73057,0.0097062,100.818,0.82383,0.0
7.73911,0.00960464,102.421,0.839181,0.0
7.74118,0.0099612,100.751,0.83304,0.0
7.73204,0.00985111,101.252,0.825194,0.0
7.7383,0.00980439,102.187,0.854873,0.0
7.74566,0.00987889,102.22,0.830311,0.0
7.73963,0.0095846,100.885,0.842592,0.0
7.73162,0.00947249,101.386,0.839522,0.0
7.72225,0.00954003,102.104,0.855555,0.0
7.71482,0.0100159,100.184,0.830653,0.0
7.72316,0.0100971,101.886,0.853508,0.0
7.73425,0.00996621,101.536,0.830994,0.0
7.72405,0.0094736,102.237,0.850779,0.0
7.72571,0.00969254,102.888,0.821783,0.0
8.28555,0.0167363,102.053,0.842251,0.0
19.9967,0.175002,118.447,0.858284,0.0
64.451,0.406401,136.477,1.05785,0.0
106.386,0.279944,194.608,0.890691,1.0
102.388,0.218578,190.351,0.88114,0.0
90.035,0.160498,190.684,0.871588,1.0
88.6737,0.165652,190.117,0.862719,0.0
81.3797,0.143638,191.553,0.893421,0.0
74.7456,0.110823,192.821,0.862037,0.0
72.552,0.0976717,193.406,0.869541,0.0
68.3963,0.0882966,193.406,0.857261,0.0
64.4307,0.0803538,193.372,0.8692,0.0
61.7936,0.0755935,191.953,0.891374,0.0
58.3472,0.0832387,192.287,0.877046,0.0
54.8819,0.078775,192.638,0.88114,0.0
51.871,0.0800671,191.686,0.874658,0.0
48.8058,0.0765377,191.386,0.874658,0.0
46.0391,0.0777701,191.235,0.857261,0.0
43.7969,0.080448,189.866,0.866812,0.0
41.8255,0.0804587,190.568,0.862378,0.0
40.0759,0.0808317,190.15,0.886939,0.0
38.5654,0.0794296,189.149,0.871929,0.0
37.1504,0.0800484,187.379,0.886598,0.0
35.7526,0.0818047,190.05,0.894103,0.0
34.5065,0.0812261,189.583,0.86613,0.0
33.3543,0.0790705,186.895,0.874999,0.0
32.1628,0.0771282,187.462,0.858625,0.0
31.0244,0.0741211,186.594,0.871929,0.0
29.9769,0.0720729,186.01,0.863401,0.0
29.0117,0.0703887,184.14,0.850438,0.0
28.0725,0.0686283,185.392,0.870906,0.0
27.1375,0.0676167,182.504,0.860331,0.0
26.2635,0.0669503,183.99,0.871588,0.0
25.4683,0.0647561,182.755,0.838157,0.0
24.6676,0.062846,181.469,0.859307,0.0
23.8827,0.0620225,181.803,0.867495,0.0
23.2276,0.0614066,178.431,0.85999,0.0
22.5865,0.0609412,179.716,0.842933,0.0
21.9414,0.0592645,179.082,0.877046,0.0
21.3857,0.0577213,178.214,0.86306,0.0
20.9046,0.0574929,177.546,0.855896,0.0
20.3718,0.0564606,176.694,0.877046,0.0
19.8225,0.0544401,176.928,0.864766,0.0
19.355,0.0535326,173.723,0.861354,0.0
18.8885,0.052461,175.092,0.875341,0.0
18.4505,0.0512368,173.372,0.875682,0.0
18.0659,0.0501685,173.556,0.867153,0.0
17.6574,0.0490316,172.354,0.864083,0.0
17.2673,0.0474782,172.07,0.869541,0.0
16.9253,0.047491,170.735,0.853849,0.0
16.5587,0.0463772,169.349,0.861695,0.0
16.1851,0.0452656,169.232,0.870906,0.0
15.8619,0.0446231,168.765,0.858284,0.0
15.5816,0.0448031,167.997,0.854873,0.0
15.3042,0.0440159,166.377,0.828265,0.0
15.0034,0.042593,165.509,0.864424,0.0
14.7346,0.04185,166.194,0.85999,0.0
14.4796,0.0411574,162.504,0.853849,0.0
14.227,0.040024,163.873,0.854532,0.0
14.0232,0.0396432,162.871,0.870906,0.0
13.8427,0.0398461,162.487,0.821783,0.0
13.6323,0.0388135,160.701,0.86613,0.0
13.4266,0.0369232,161.085,0.850779,0.0
13.205,0.0360612,158.898,0.859307,0.0
13.0006,0.0352653,159.282,0.858284,0.0
12.8561,0.0350288,156.093,0.860331,0.0
12.672,0.0338152,157.613,0.849756,0.0
12.5046,0.0334919,157.295,0.869883,0.0
12.3912,0.0335286,156.093,0.862719,0.0
12.232,0.0323197,154.908,0.854873,0.0
12.0762,0.0317123,152.504,0.850779,0.0
11.9413,0.0304253,152.17,0.869883,0.0
11.8026,0.029808,151.669,0.858966,0.0
11.6939,0.0295555,152.187,0.866812,0.0
11.5887,0.0288119,150.134,0.852485,0.0
11.4499,0.0281491,150.584,0.859307,0.0
11.3331,0.0281899,149.449,0.839181,0.0
11.2036,0.0271663,146.978,0.869883,0.0
11.1035,0.0269021,146.444,0.852485,0.0
11.031,0.0259853,147.746,0.837134,0.0
10.9151,0.0250835,145.643,0.840886,0.0
10.8136,0.0248255,145.509,0.845662,0.0
10.7644,0.0240644,145.993,0.849415,0.0
10.6879,0.024282,144.29,0.855555,0.0
10.5827,0.0242001,144.307,0.862378,0.0
10.5188,0.0233236,143.656,0.865107,0.0
10.4475,0.0230712,141.519,0.87227,0.0
10.3649,0.0223353,142.404,0.841569,0.0
10.3181,0.0217337,141.786,0.831676,0.0
10.243,0.0218551,140.551,0.868177,0.0
10.157,0.0220857,139.716,0.84498,0.0
10.1096,0.0214806,139.599,0.850779,0.0
10.0403,0.020989,138.247,0.868518,0.0
9.97039,0.0202626,137.112,0.846345,0.0
9.93614,0.0201306,137.98,0.836452,0.0
9.8857,0.0198094,137.513,0.863401,0.0
9.82562,0.0189354,136.11,0.850438,0.0
9.77636,0.0184897,135.326,0.836111,0.0
9.71036,0.0181527,137.947,0.857261,0.0
9.66342,0.01876,133.673,0.848391,0.0
9.63486,0.0186551,134.674,0.843274,0.0
9.6011,0.0179292,132.855,0.845321,0.0
9.55826,0.0179837,135.058,0.870906,0.0
9.51819,0.0179113,132.487,0.863401,0.0
9.46726,0.0179189,132.521,0.852485,0.0
9.42227,0.0174245,131.853,0.843615,0.0
9.38146,0.0173999,130.618,0.827241,0.0
9.342,0.0169987,131.619,0.854532,0.0
9.32195,0.0164858,128.948,0.850779,0.0
9.2902,0.0165556,131.402,0.851803,0.0
9.27386,0.0165319,132.304,0.856578,0.0
9.24147,0.0162945,128.164,0.861354,0.0
9.18486,0.0162605,129.182,0.847027,0.0
9.16004,0.0153275,129.215,0.850779,0.0
9.12583,0.0151176,127.646,0.843957,0.0
9.08622,0.0157013,127.679,0.849074,0.0
9.07277,0.0151835,130.0,0.841228,0.0
9.0608,0.0146814,126.544,0.824512,0.0
9.03201,0.0151781,126.811,0.856578,0.0
9.00362,0.0151947,128.347,0.818713,0.0
8.98286,0.0150118,125.893,0.851461,0.0
8.97553,0.0151108,126.828,0.834064,0.0
8.94977,0.0147458,124.457,0.836111,0.0
8.90928,0.0145054,124.09,0.84191,0.0
8.89399,0.013997,124.541,0.816325,0.0
8.88738,0.0140731,123.022,0.838157,0.0
8.86405,0.0144937,124.825,0.821442,0.0
8.82681,0.0138461,124.758,0.84805,0.0
8.81456,0.013972,124.257,0.852826,0.0
8.80131,0.0139264,123.072,0.824512,0.0
8.76896,0.0135714,124.725,0.868859,0.0
8.74902,0.013243,123.706,0.833382,0.0
8.74455,0.0134021,122.654,0.855214,0.0
8.72766,0.0136261,123.022,0.842592,0.0
8.7187,0.0134209,123.506,0.825194,0.0
8.70947,0.0134653,120.918,0.838157,0.0
8.6929,0.0133607,121.586,0.822807,0.0
8.67397,0.0133035,120.601,0.828606,0.0
8.6493,0.0128266,122.788,0.829288,0.0
8.63637,0.0127363,122.104,0.824512,0.0
8.62073,0.0130527,120.301,0.835428,0.0
8.61717,0.0132454,120.801,0.838157,0.0
8.61546,0.0130067,119.833,0.840886,0.0
8.58431,0.0127372,118.664,0.843274,0.0
8.5663,0.0130203,120.568,0.854532,0.0
8.56765,0.0125848,120.134,0.825877,0.0
8.55,0.0126865,118.581,0.846686,0.0
8.52808,0.0124161,117.83,0.82997,0.0
8.52152,0.012449,118.414,0.824853,0.0
8.50883,0.0126405,117.012,0.839181,0.0
8.49596,0.012376,118.28,0.843615,0.0
8.49117,0.0122247,118.915,0.839522,0.0
8.47129,0.0125397,117.212,0.833382,0.0
8.43566,0.0121251,116.427,0.849415,0.0
8.42027,0.0121182,116.127,0.827923,0.0
8.42568,0.0119794,116.394,0.850438,0.0
8.42558,0.0119871,118.548,0.846003,0.0
8.42002,0.0122363,115.81,0.854532,0.0
8.41357,0.0121376,118.013,0.823489,0.0
8.38703,0.0119438,116.093,0.828947,0.0
8.36126,0.0117051,116.027,0.834064,0.0
8.36557,0.0119153,115.743,0.852485,0.0
8.36861,0.0118141,116.511,0.842933,0.0
8.3466,0.0115066,115.726,0.857602,0.0
8.34208,0.0119154,115.843,0.828265,0.0
8.35428,0.0118791,116.327,0.826218,0.0
8.33716,0.0117212,114.741,0.837816,0.0
8.30645,0.0115359,114.491,0.840204,0.0
8.30619,0.0116736,115.659,0.820419,0.0
8.29953,0.0114317,114.558,0.842251,0.0
8.29382,0.0114529,114.023,0.819395,0.0
8.28718,0.0117123,113.723,0.86306,0.0
8.27014,0.0115738,115.326,0.841228,0.0
8.27068,0.011303,114.558,0.838157,0.0
8.2595,0.0111581,114.558,0.854191,0.0
8.25299,0.0115991,113.489,0.843274,0.0
8.25996,0.0114848,114.24,0.835428,0.0
8.24281,0.0112944,112.955,0.819054,0.0
8.23986,0.0112637,113.472,0.836793,0.0
8.25156,0.0114103,114.19,0.819395,0.0
8.23176,0.0111183,112.621,0.832699,0.0
8.20983,0.0111574,114.441,0.856237,0.0
8.21477,0.011287,113.055,0.836452,0.0
8.21417,0.011217,113.973,0.837475,0.0
8.20111,0.0110239,112.304,0.842592,0.0
8.19899,0.0109351,113.272,0.844639,0.0
8.18312,0.0110994,112.788,0.861013,0.0
8.17536,0.0111239,111.419,0.829629,0.0
8.18984,0.0109029,112.003,0.857602,0.0
8.1673,0.0109974,110.484,0.830994,0.0
8.14958,0.0110184,111.836,0.843274,0.0
8.15797,0.0106816,111.553,0.837816,0.0
8.1546,0.0109532,111.503,0.83884,0.0
8.14389,0.0109621,110.651,0.828947,0.0
8.13042,0.0112004,110.334,0.834064,0.0
8.12259,0.0103777,110.284,0.830994,0.0
8.12456,0.0110096,109.95,0.833382,0.0
8.12879,0.0111628,111.285,0.855896,0.0
8.11611,0.0114723,110.935,0.806432,0.0
8.10463,0.010956,111.603,0.845321,0.0
8.11706,0.0105366,110.768,0.813596,0.0
8.12256,0.0109792,111.636,0.815984,0.0
8.11247,0.0105774,110.851,0.852485,0.0
8.1056,0.0110467,111.202,0.832017,0.0
8.1127,0.0109857,110.551,0.831335,0.0
8.11212,0.0108301,111.386,0.849074,0.0
8.09185,0.01074,110.668,0.841569,0.0
8.07602,0.0105677,110.785,0.817007,0.0
8.06589,0.0104867,109.065,0.835769,0.0
8.07581,0.0107388,109.85,0.84498,0.0
8.07173,0.0106515,109.199,0.829629,0.0
8.06189,0.0106272,108.932,0.837816,0.0
8.06026,0.0104191,109.683,0.832358,0.0
8.04953,0.0107551,108.965,0.84498,0.0
8.04269,0.0104149,108.548,0.840545,0.0
8.03789,0.0107471,107.88,0.832699,0.0
8.03421,0.0106767,109.666,0.83884,0.0
8.03819,0.010696,108.598,0.845662,0.0
8.04357,0.0109083,109.449,0.853849,0.0
8.03846,0.0109652,109.8,0.864083,0.0
8.03199,0.010536,108.364,0.821442,0.0
8.02791,0.010621,108.414,0.838499,0.0
8.00441,0.0104588,109.032,0.825194,0.0
7.99154,0.01043,107.73,0.827923,0.0
8.0092,0.0106974,107.095,0.850438,0.0
8.01755,0.010539,110.134,0.836793,0.0
8.02101,0.0108478,107.479,0.851803,0.0
8.01959,0.0103728,108.848,0.820419,0.0
7.99487,0.010582,106.594,0.84191,0.0
7.98935,0.0103313,109.366,0.83884,0.0
8.01406,0.0107129,109.816,0.827582,0.0
8.00262,0.0106537,108.03,0.836452,0.0
7.98279,0.0105294,108.097,0.827923,0.0
7.98768,0.0103787,108.414,0.839522,0.0
7.9791,0.0101292,108.414,0.826218,0.0
7.97792,0.0101732,108.314,0.845662,0.0
7.99122,0.0105263,108.648,0.825194,0.0
7.98337,0.010249,108.314,0.829629,0.0
7.9687,0.0102334,108.23,0.831676,0.0
7.96628,0.0105675,107.145,0.824512,0.0
7.95152,0.0100887,107.012,0.830311,0.0
7.94561,0.0103032,107.028,0.831335,0.0
7.95654,0.010232,107.078,0.838499,0.0
7.95268,0.0102127,108.531,0.846345,0.0
7.95853,0.0107276,107.88,0.833723,0.0
7.953,0.010353,105.476,0.83304,0.0
7.92711,0.0103675,106.177,0.831335,0.0
7.93105,0.00994935,107.295,0.843957,0.0
7.94902,0.0101898,106.611,0.827923,0.0
7.93565,0.0101108,105.91,0.808138,0.0
7.91992,0.0104948,106.928,0.84805,0.0
7.92541,0.0103506,105.492,0.814619,0.0
7.9337,0.010473,105.993,0.815984,0.0
7.93264,0.010373,106.878,0.819736,0.0
7.91221,0.0100652,104.942,0.828606,0.0
7.90164,0.0104263,106.16,0.841569,0.0
7.90644,0.0101719,106.611,0.830653,0.0
7.91626,0.0103174,107.713,0.831335,0.0
7.92141,0.010204,107.028,0.843615,0.0
7.89853,0.0101311,105.109,0.819054,0.0
7.8965,0.0102841,107.629,0.843615,0.0
7.91965,0.0101417,105.96,0.827582,0.0
7.90716,0.0105334,105.893,0.824171,0.0
7.8853,0.0101168,106.694,0.82076,0.0
7.89374,0.0100481,105.609,0.839522,0.0
7.899,0.00986145,105.793,0.821783,0.0
7.89017,0.00992047,105.426,0.843957,0.0
7.88835,0.0101209,106.11,0.836111,0.0
7.88523,0.0100276,105.025,0.830311,0.0
7.89424,0.0103612,106.194,0.819736,0.0
7.90084,0.0100128,106.711,0.818713,0.0
7.88362,0.0102622,105.142,0.84191,0.0
7.86578,0.0100624,104.457,0.82076,0.0
7.87074,0.0100773,106.06,0.83884,0.0
7.88738,0.0101267,105.693,0.829288,0.0
7.88743,0.010328,105.593,0.830994,0.0
7.8788,0.0103084,105.559,0.835769,0.0
7.8761,0.0100223,106.294,0.849756,0.0
7.887,0.0101209,106.511,0.818372,0.0
7.8826,0.0103014,104.307,0.859307,0.0
7.86941,0.0101172,105.576,0.825877,0.0
7.85677,0.00999985,103.322,0.817007,0.0
7.8542,0.00975006,106.227,0.840545,0.0
7.86839,0.0101049,104.274,0.828947,0.0
7.86279,0.0100538,107.028,0.839863,0.0
7.85582,0.00996998,104.157,0.827923,0.0
7.85197,0.0100426,106.144,0.832699,0.0
7.85305,0.00998924,105.275,0.848391,0.0
7.86063,0.0100942,104.274,0.832017,0.0
7.85899,0.00991767,105.159,0.844639,0.0
7.85024,0.0100538,104.825,0.829288,0.0
7.84243,0.00985273,104.341,0.825877,0.0
7.84045,0.0101509,105.292,0.824171,0.0
7.83181,0.0101982,106.043,0.825194,0.0
7.8316,0.0100395,104.407,0.852826,0.0
7.83499,0.0101721,104.29,0.837816,0.0
7.83423,0.0100031,104.207,0.829288,0.0
7.84417,0.0099543,103.556,0.843274,0.0
7.84336,0.0102569,104.391,0.834405,0.0
7.82217,0.0101482,103.205,0.807115,0.0
7.82188,0.00998657,103.723,0.84498,0.0
7.82903,0.00999009,104.725,0.83304,0.0
7.83677,0.00992671,103.689,0.83304,0.0
7.8363,0.0103006,104.357,0.834064,0.0
7.82749,0.0101593,104.674,0.833723,0.0
7.82154,0.0100184,104.19,0.843274,0.0
7.82306,0.0100557,104.24,0.855896,0.0
7.82366,0.0101159,104.574,0.853849,0.0
7.8255,0.00989581,103.806,0.840886,0.0
7.83144,0.00982144,103.339,0.833723,0.0
7.82967,0.0099111,103.84,0.855555,0.0
7.82087,0.00990218,103.639,0.825536,0.0
7.81755,0.0101237,103.422,0.840204,0.0
7.81902,0.00993315,103.706,0.822465,0.0
7.81874,0.00965194,104.107,0.818372,0.0
7.81824,0.00972397,104.491,0.822124,0.0
7.80996,0.00977095,102.905,0.819054,0.0
7.81651,0.0101303,105.326,0.833382,0.0
7.82925,0.00986074,103.706,0.83304,0.0
7.81132,0.00991669,101.937,0.835428,0.0
7.7949,0.0101107,102.387,0.835428,0.0
7.8009,0.0100487,102.554,0.839522,0.0
7.80573,0.00987479,104.274,0.857602,0.0
7.80462,0.00999386,103.823,0.81769,0.0
7.7939,0.0100424,102.955,0.831676,0.0
7.79177,0.00982547,104.825,0.838499,0.0
7.81216,0.00983686,103.556,0.826559,0.0
7.82345,0.0100561,103.723,0.849756,0.0
7.83111,0.0100313,104.508,0.832699,0.0
7.82698,0.0100184,103.472,0.850779,0.0
7.80873,0.0100438,104.274,0.826218,0.0
7.80602,0.00980205,103.89,0.832358,0.0
7.81019,0.00999809,103.205,0.823148,0.0
7.79397,0.00999919,102.888,0.830311,0.0
7.78983,0.00988104,100.902,0.822124,0.0
7.80347,0.0100315,105.326,0.835428,0.0
7.80848,0.00958258,102.337,0.845321,0.0
7.78314,0.00983256,101.72,0.82076,0.0
7.7786,0.00977179,101.87,0.830311,0.0
7.80932,0.00995105,103.322,0.813596,0.0
7.81534,0.00998475,102.521,0.826559,0.0
7.79807,0.0100378,102.988,0.838157,0.0
7.79571,0.00960763,103.523,0.833382,0.0
7.7979,0.00993582,103.689,0.819736,0.0
7.80077,0.00995053,102.521,0.818372,0.0
7.80273,0.0100296,101.469,0.820419,0.0
7.81277,0.00999106,103.706,0.833382,0.0
7.80114,0.00994857,103.806,0.84805,0.0
7.79177,0.010183,103.122,0.824512,0.0
7.79311,0.0097971,103.005,0.828947,0.0
7.78597,0.00964895,102.003,0.836111,0.0
7.78901,0.00979554,102.988,0.832699,0.0
7.78721,0.00977641,102.538,0.844639,0.0
7.77937,0.00999484,102.454,0.822807,0.0
7.76866,0.00982638,101.452,0.825536,0.0
7.77344,0.00967016,103.823,0.842251,0.0
7.79304,0.00967302,102.888,0.82997,0.0
7.79593,0.00982586,103.589,0.843615,0.0
7.79352,0.0101894,104.341,0.822124,0.0
7.78816,0.0100302,103.072,0.842592,0.0
7.78948,0.00991812,104.441,0.834064,0.0
7.79644,0.00972045,103.422,0.827241,0.0
7.79101,0.00985969,102.938,0.843274,0.0
7.78456,0.00997883,103.339,0.811208,0.0
7.79031,0.00978786,104.023,0.837134,0.0
7.78838,0.00974765,102.688,0.845321,0.0
7.78811,0.00985013,102.938,0.841228,0.0
7.79303,0.00992496,103.706,0.837475,0.0
7.78123,0.00983484,102.337,0.866812,0.0
7.77032,0.00989763,102.053,0.832358,0.0
7.78764,0.0098051,102.838,0.827923,0.0
7.80181,0.00981024,102.604,0.820419,0.0
7.7786,0.00989945,102.538,0.8269,0.0
7.77263,0.00984174,103.088,0.831676,0.0
7.78559,0.00981161,102.972,0.832017,0.0
7.77952,0.00988227,102.187,0.836452,0.0
7.77546,0.00960047,103.756,0.838499,0.0
7.77366,0.00986692,102.705,0.839863,0.0
7.7693,0.0097956,103.222,0.828947,0.0
7.78379,0.00948205,103.289,0.850097,0.0
7.7954,0.009999,103.556,0.819395,0.0
7.77584,0.0101103,103.623,0.842933,0.0
7.76083,0.00999145,101.77,0.832017,0.0
7.78042,0.00982632,101.87,0.808479,0.0
7.786,0.00970295,103.79,0.846686,0.0
7.76757,0.0098582,102.487,0.848732,0.0
7.76821,0.00981942,103.79,0.822807,0.0
7.78387,0.0096563,102.988,0.835428,0.0
7.77884,0.0096211,103.506,0.827241,0.0
7.78723,0.00986763,102.554,0.823148,0.0
7.78853,0.00982397,103.406,0.820419,0.0
7.75427,0.00959507,100.467,0.798586,0.0
7.75637,0.00965656,102.104,0.851461,0.0
7.77683,0.00997896,103.472,0.838157,0.0
7.76758,0.00983185,102.571,0.833382,0.0
7.7669,0.00987375,102.287,0.813937,0.0
7.77678,0.00989854,102.871,0.839863,0.0
7.77134,0.0098174,104.174,0.849415,0.0
7.76473,0.00979951,101.77,0.829629,0.0
7.78518,0.0099284,102.237,0.824512,0.0
7.78638,0.00965057,103.673,0.835769,0.0
7.7828,0.00990361,102.922,0.845321,0.0
7.78141,0.00963099,102.705,0.840886,0.0
7.75656,0.00977563,101.553,0.835087,0.0
7.75049,0.00983354,102.321,0.841569,0.0
7.76362,0.00987869,101.519,0.815302,0.0
7.76247,0.00985098,104.29,0.861354,0.0
7.77838,0.00988676,102.638,0.824171,0.0
7.78467,0.00988566,102.654,0.850097,0.0
7.77261,0.00991682,101.97,0.840204,0.0
7.76597,0.00979138,101.369,0.829288,0.0
7.77623,0.00991877,103.589,0.827923,0.0
7.79076,0.00957106,102.187,0.819054,0.0
7.78361,0.00961232,102.454,0.836452,0.0
7.77384,0.00962904,103.89,0.8269,0.0
7.77742,0.00994916,102.504,0.844639,0.0
7.77882,0.00960086,103.456,0.837134,0.0
7.77774,0.00980374,102.053,0.82997,0.0
7.77851,0.00978832,103.523,0.830653,0.0
7.7666,0.00957458,103.456,0.824171,0.0
7.75724,0.00967231,102.287,0.821783,0.0
7.77043,0.0101224,101.169,0.81769,0.0
7.7669,0.00997512,102.621,0.839863,0.0
7.76439,0.00989912,101.603,0.837475,0.0
7.7799,0.010008,102.638,0.813596,0.0
7.77409,0.0100154,102.421,0.840545,0.0
7.75051,0.00983041,102.237,0.826559,0.0
7.75716,0.00994129,102.588,0.825194,0.0
7.7762,0.00982781,103.038,0.845662,0.0
7.7738,0.00996751,102.588,0.814619,0.0
7.75777,0.00965975,104.124,0.838157,0.0
7.77066,0.0097997,102.07,0.8269,0.0
7.78001,0.00992645,104.174,0.841569,0.0
7.78857,0.00990797,104.341,0.842933,0.0
7.79193,0.00986191,103.322,0.812573,0.0
7.76104,0.0100013,101.72,0.823148,0.0
7.74901,0.00966014,102.354,0.829629,0.0
7.77529,0.00961114,102.003,0.8269,0.0
7.77624,0.00969788,101.836,0.854191,0.0
7.76644,0.00977498,102.838,0.823148,0.0
7.76347,0.00975982,102.554,0.848391,0.0
7.75419,0.0096008,102.487,0.844639,0.0
7.7754,0.00991806,103.856,0.835769,0.0
7.79043,0.00968031,101.953,0.825194,0.0
7.7762,0.00984291,102.671,0.814278,0.0
7.76588,0.00975331,101.302,0.835087,0.0
7.76636,0.00983341,102.421,0.843615,0.0
7.76517,0.00975793,102.821,0.82997,0.0
7.76086,0.0100812,101.636,0.850438,0.0
7.76401,0.0099163,102.437,0.826559,0.0
7.78183,0.00975143,103.472,0.836111,0.0
7.7852,0.00976171,102.337,0.831676,0.0
7.76921,0.00973763,103.706,0.868518,0.0
7.77254,0.00995554,105.175,0.824512,0.0
7.77791,0.00988455,102.254,0.830311,0.0
7.7642,0.00965786,103.222,0.836111,0.0
7.75646,0.00998338,102.104,0.839522,0.0
7.7611,0.00982501,103.005,0.848391,0.0
7.75444,0.00968987,102.12,0.853167,0.0
7.747,0.00964953,102.805,0.832358,0.0
7.76565,0.00976372,102.187,0.829288,0.0
7.76798,0.00996425,102.287,0.832017,0.0
7.75092,0.00980419,101.302,0.831335,0.0
7.74695,0.00988774,102.821,0.829629,0.0
7.75424,0.00971609,103.573,0.858284,0.0
7.76602,0.00972612,102.07,0.853167,0.0
7.76579,0.00988156,101.302,0.823148,0.0
7.763,0.00989184,103.022,0.821783,0.0
7.76755,0.00968115,102.888,0.830311,0.0
7.76892,0.00968857,104.658,0.828265,0.0
7.7641,0.00956365,102.988,0.837475,0.0
7.75731,0.00956345,102.254,0.820077,0.0
7.75956,0.00996842,101.853,0.825536,0.0
7.75525,0.00963632,101.786,0.839181,0.0
7.75104,0.00987817,102.671,0.847709,0.0
7.75711,0.00980576,100.634,0.848391,0.0
7.76198,0.00976229,103.706,0.807456,0.0
7.77093,0.00980003,102.187,0.850438,0.0
7.77614,0.00949461,103.689,0.824512,0.0
7.76165,0.00997063,101.97,0.829629,0.0
7.75636,0.00975526,103.139,0.813255,0.0
7.76942,0.0098796,101.469,0.846003,0.0
7.75761,0.00986562,102.654,0.825536,0.0
7.75191,0.00977472,102.421,0.855555,0.0
7.77351,0.00961524,103.756,0.840886,0.0
7.76228,0.00969684,101.469,0.820419,0.0
7.74245,0.010013,101.503,0.835087,0.0
7.75429,0.00950958,102.755,0.846345,0.0
7.76263,0.00982365,102.922,0.840886,0.0
7.76053,0.00991845,103.723,0.836452,0.0
7.76004,0.00964999,102.955,0.835769,0.0
7.76388,0.00977446,101.519,0.851461,0.0
7.76399,0.00980315,102.888,0.831335,0.0
7.75133,0.00962507,103.272,0.836452,0.0
7.7413,0.009647,102.22,0.83304,0.0
7.74947,0.00953033,101.653,0.830653,0.0
7.75527,0.00979762,102.721,0.827923,0.0
7.75817,0.00981565,102.821,0.832358,0.0
7.75758,0.00979801,101.619,0.851803,0.0
7.76146,0.00976027,104.457,0.824853,0.0
7.76197,0.00965109,102.237,0.80575,0.0
7.75211,0.00942271,102.938,0.835428,0.0
7.76781,0.00972937,101.786,0.830653,0.0
7.76998,0.00993621,101.202,0.841569,0.0
7.74465,0.00987102,101.052,0.844639,0.0
7.74017,0.00979554,101.82,0.848732,0.0
7.76235,0.00971115,104.157,0.836111,0.0
7.74865,0.00954699,101.402,0.834405,0.0
7.72891,0.00980881,101.369,0.830653,0.0
7.74254,0.0097267,100.885,0.854873,0.0
7.74758,0.00974726,101.269,0.833723,0.0
7.75741,0.00986353,103.489,0.826559,0.0
7.75611,0.00975012,102.554,0.819736,0.0
7.73373,0.00962741,100.851,0.837134,0.0
7.74196,0.0098349,101.386,0.845662,0.0
7.76394,0.00966905,103.506,0.836793,0.0
7.76161,0.0096997,102.12,0.828947,0.0
7.76536,0.00995957,101.419,0.841228,0.0
7.75652,0.00973054,102.287,0.849756,0.0
7.74068,0.00981669,101.219,0.834746,0.0
7.75389,0.00994122,102.504,0.838157,0.0
7.76832,0.0098446,102.003,0.831335,0.0
7.76325,0.00964856,101.519,0.822465,0.0
7.75649,0.00983373,103.372,0.822465,0.0
7.75044,0.00959735,102.037,0.833382,0.0
7.75027,0.00965864,101.937,0.829629,0.0
7.75807,0.00982521,103.072,0.839522,0.0
7.75584,0.0097999,102.003,0.815984,0.0
7.74232,0.00971043,102.104,0.812914,0.0
7.74744,0.00992307,101.486,0.83304,0.0
7.75379,0.0100036,102.387,0.840204,0.0
7.73896,0.00991962,101.152,0.827923,0.0
7.74575,0.00985429,101.72,0.827582,0.0
7.75386,0.00976288,101.937,0.840204,0.0
7.74283,0.00976919,101.736,0.818031,0.0
7.74699,0.00973099,102.638,0.835769,0.0
7.75877,0.00970946,102.437,0.822465,0.0
7.75338,0.00998976,102.354,0.843957,0.0
7.73518,0.00980979,102.02,0.849074,0.0
7.73516,0.00966124,101.92,0.839863,0.0
7.75432,0.00960958,100.835,0.844639,0.0
7.75132,0.0100098,101.803,0.839522,0.0
7.73715,0.00992736,102.104,0.812573,0.0
7.74547,0.00994343,103.706,0.818372,0.0
7.74767,0.00986659,101.77,0.850097,0.0
7.74825,0.0100097,103.255,0.844298,0.0
7.74122,0.00967823,99.5993,0.827923,0.0
7.73362,0.0096619,101.603,0.826559,0.0
7.74591,0.00994851,102.755,0.837816,0.0
7.73855,0.00962949,101.903,0.840886,0.0
7.73501,0.00964394,102.12,0.853849,0.0
7.76662,0.00984356,102.003,0.831335,0.0
7.76097,0.0100997,102.922,0.826559,0.0
7.74665,0.00994922,103.322,0.831335,0.0
7.75415,0.00963867,101.285,0.81769,0.0
7.75241,0.00957119,103.105,0.826559,0.0
7.76248,0.00994786,102.721,0.843615,0.0
7.75395,0.00987147,101.786,0.849074,0.0
7.73293,0.0097537,102.204,0.843615,0.0
7.74531,0.00973496,102.371,0.838499,0.0
7.74708,0.00973178,100.935,0.824512,0.0
7.74067,0.00982664,102.738,0.839863,0.0
7.75834,0.00965142,103.656,0.84805,0.0
7.76363,0.00977068,103.105,0.863401,0.0
7.74694,0.00956612,101.536,0.834405,0.0
7.74965,0.00986412,102.287,0.840204,0.0
7.74979,0.0101766,100.701,0.818713,0.0
7.74476,0.00999412,101.836,0.822465,0.0
7.75014,0.00984044,101.803,0.814278,0.0
7.74667,0.00966704,101.953,0.846345,0.0
7.73846,0.0096591,101.736,0.840204,0.0
7.74757,0.00976626,103.255,0.830994,0.0
7.75619,0.00972117,101.219,0.839863,0.0
7.74762,0.0095278,102.688,0.833723,0.0
7.74684,0.00951231,101.92,0.811208,0.0
7.74293,0.0100013,101.987,0.82076,0.0
7.74293,0.00988995,100.952,0.813937,0.0
7.7454,0.00990361,102.604,0.860331,0.0
7.73038,0.00983068,101.269,0.81769,0.0
7.71998,0.00988461,100.301,0.847027,0.0
7.73669,0.00957542,101.436,0.843274,0.0
7.74874,0.00986249,101.553,0.830994,0.0
7.74684,0.00979873,101.336,0.867495,0.0
7.74471,0.00993641,101.553,0.860331,0.0
7.75037,0.00980361,102.638,0.8269,0.0
7.7507,0.00992957,101.853,0.813255,0.0
7.73574,0.0098716,101.469,0.835428,0.0
7.73039,0.00992443,101.419,0.828265,0.0
7.72963,0.00962292,101.953,0.835087,0.0
7.74546,0.00987017,102.855,0.849756,0.0
7.76059,0.00982879,101.92,0.825877,0.0
7.73423,0.00970276,101.636,0.827241,0.0
7.7221,0.00961238,103.422,0.846003,0.0
7.74262,0.00960243,102.254,0.814619,0.0
7.74402,0.00984772,101.603,0.837134,0.0
7.7356,0.00965773,101.436,0.830311,0.0
7.74028,0.00988676,101.369,0.829629,0.0
7.74608,0.00973587,102.037,0.842592,0.0
7.737,0.0095887,102.12,0.832699,0.0
7.72293,0.0095548,101.386,0.832017,0.0
7.73479,0.00979385,102.354,0.831676,0.0
7.74254,0.00947978,101.97,0.833382,0.0
7.73749,0.00998963,101.369,0.837134,0.0
7.74791,0.00978136,102.721,0.834064,0.0
7.74645,0.010023,100.417,0.826559,0.0
7.73746,0.0094773,102.554,0.818713,0.0
7.73703,0.00957106,101.619,0.817348,0.0
7.73413,0.00983725,100.968,0.837475,0.0
7.73627,0.00969788,101.185,0.80882,0.0
7.74184,0.00980634,102.387,0.848732,0.0
7.7489,0.00970256,102.621,0.836452,0.0
7.7479,0.00964186,102.821,0.839181,0.0
7.73342,0.00982287,101.636,0.824171,0.0
7.73799,0.00983061,101.703,0.841569,0.0
7.75007,0.00963398,101.536,0.830311,0.0
7.73582,0.00962175,100.935,0.83304,0.0
7.73444,0.00972416,102.805,0.827241,0.0
7.74654,0.00984466,102.07,0.835769,0.0
7.73642,0.00956241,101.018,0.830311,0.0
7.73213,0.00963808,101.102,0.83884,0.0
7.74793,0.00973386,103.022,0.831676,0.0
7.73558,0.00985664,100.684,0.834405,0.0
7.72342,0.0098241,102.738,0.84191,0.0
7.74265,0.00995502,100.918,0.814278,0.0
7.75575,0.0096656,102.404,0.831335,0.0
7.74855,0.010031,101.553,0.839863,0.0
7.74958,0.00996295,102.304,0.845662,0.0
7.73858,0.00961947,100.968,0.844639,0.0
7.73261,0.00961674,101.586,0.828947,0.0
7.74368,0.00963157,101.235,0.839181,0.0
7.75153,0.00973444,102.621,0.850438,0.0
7.75295,0.00976001,101.703,0.806432,0.0
7.74431,0.00971857,101.603,0.841228,0.0
7.73157,0.00982039,103.255,0.830311,0.0
7.7364,0.00947255,101.386,0.835428,0.0
7.7459,0.00975871,102.654,0.833723,0.0
7.75633,0.00989333,101.903,0.809844,0.0
7.75208,0.00974993,101.152,0.842933,0.0
7.74104,0.00981129,101.386,0.813937,0.0
7.73524,0.00947698,100.801,0.832699,0.0
7.73441,0.00948433,100.634,0.81189,0.0
7.73559,0.00959709,101.77,0.830311,0.0
7.73894,0.00974778,102.337,0.848391,0.0
7.73157,0.00964029,101.219,0.823489,0.0
7.72092,0.00976489,101.452,0.836452,0.0
7.72832,0.00973971,100.317,0.835428,0.0
7.73292,0.00969501,101.252,0.836452,0.0
7.74096,0.00956124,102.671,0.82076,0.0
7.75334,0.00975728,102.187,0.830653,0.0
7.74143,0.00961199,103.072,0.822807,0.0
7.73061,0.00978084,101.035,0.842592,0.0
7.73568,0.00980523,101.235,0.824512,0.0
7.7329,0.00956176,101.302,0.822807,0.0
7.73544,0.00966652,101.085,0.834405,0.0
7.7519,0.0095697,101.686,0.823148,0.0
7.7542,0.00961193,101.519,0.835769,0.0
7.73789,0.00960672,101.219,0.823148,0.0
7.73219,0.00975227,100.301,0.819054,0.0
7.73492,0.00975455,100.902,0.827582,0.0
7.7262,0.00960249,100.484,0.811549,0.0
7.73148,0.00974947,102.003,0.847027,0.0
7.75896,0.00967276,101.753,0.840886,0.0
7.76283,0.00992489,101.937,0.853167,0.0
7.74688,0.00969313,102.037,0.841228,0.0
7.72945,0.00963554,100.718,0.832358,0.0
7.72905,0.00962201,102.27,0.841569,0.0
7.74702,0.00975357,101.486,0.8269,0.0
7.74848,0.0097306,102.137,0.827582,0.0
7.74545,0.00947516,102.671,0.845662,0.0
7.74295,0.00959982,100.902,0.816666,0.0
7.74008,0.00990335,102.604,0.846003,0.0
7.74782,0.00978578,102.755,0.814961,0.0
7.74431,0.00981207,100.184,0.82383,0.0
7.74378,0.00972878,102.621,0.844298,0.0
7.74236,0.00963587,102.337,0.825536,0.0
7.73968,0.00973028,101.753,0.839863,0.0
7.75,0.00954745,102.204,0.838499,0.0
7.75344,0.00976659,103.139,0.825536,0.0
7.73342,0.00970783,101.786,0.844639,0.0
7.73256,0.00950925,102.504,0.831335,0.0
7.73684,0.00970562,102.204,0.810867,0.0
7.72899,0.00960997,101.77,0.828265,0.0
7.73543,0.00941087,101.319,0.830311,0.0
7.7338,0.00949455,101.486,0.828947,0.0
7.72735,0.0097686,101.452,0.840886,0.0
7.73908,0.0096699,101.569,0.846003,0.0
7.74878,0.00959175,100.985,0.83884,0.0
7.73864,0.0100945,102.604,0.848391,0.0
7.74036,0.0098351,100.284,0.837134,0.0
7.74677,0.00977218,101.92,0.84191,0.0
7.7306,0.00958759,102.17,0.83884,0.0
7.72522,0.00965044,101.269,0.819395,0.0
7.74379,0.00955298,101.519,0.832017,0.0
7.74044,0.00957184,102.02,0.84191,0.0
7.74465,0.00983035,101.653,0.819736,0.0
7.74576,0.00978981,103.005,0.844298,0.0
7.74268,0.00986269,102.638,0.846345,0.0
7.75592,0.00962084,101.419,0.830311,0.0
7.7557,0.00980159,102.404,0.843615,0.0
7.74308,0.00990635,101.519,0.822807,0.0
7.72885,0.0098878,102.454,0.815643,0.0
7.73463,0.00972156,102.07,0.832017,0.0
7.73793,0.00968981,101.636,0.797904,0.0
7.74368,0.00961472,101.669,0.821442,0.0
7.74597,0.00994447,100.902,0.830311,0.0
7.73096,0.00972117,101.119,0.82997,0.0
7.7379,0.00967562,102.321,0.850097,0.0
7.74454,0.0097455,102.805,0.818031,0.0
7.74232,0.00982527,101.569,0.822124,0.0
7.74589,0.00972429,101.219,0.831676,0.0
7.74522,0.00993419,100.317,0.829629,0.0
7.74078,0.00955551,101.386,0.833723,0.0
7.72863,0.00966821,101.052,0.815643,0.0
7.7281,0.00961264,101.285,0.826559,0.0
7.73951,0.0096971,101.553,0.825194,0.0
7.74254,0.0096619,102.27,0.839181,0.0
7.75321,0.00970536,102.437,0.827582,0.0
7.74986,0.0098133,101.302,0.840545,0.0
7.7337,0.00976405,100.684,0.839522,0.0
7.73273,0.00959149,101.953,0.822124,0.0
7.7428,0.00957536,102.204,0.830653,0.0
7.73821,0.00962539,100.584,0.814961,0.0
7.72263,0.00976151,100.701,0.829629,0.0
7.73202,0.00971356,100.384,0.822465,0.0
7.74518,0.00957679,101.653,0.839181,0.0
7.74027,0.00999074,102.037,0.839522,0.0
7.74721,0.00978253,101.786,0.843957,0.0
7.74713,0.00995918,102.27,0.843957,0.0
7.74342,0.00966085,103.122,0.846003,0.0
7.75534,0.00996009,102.104,0.850438,0.0
7.75538,0.00974524,102.972,0.841228,0.0
7.74233,0.00984141,100.851,0.833382,0.0
7.74247,0.00981441,101.219,0.838157,0.0
7.74934,0.00959742,100.334,0.839522,0.0
7.74051,0.00962435,102.905,0.845662,0.0
7.73035,0.00956599,100.851,0.829288,0.0
7.72968,0.00960223,103.105,0.843957,0.0
7.73452,0.00995918,100.818,0.82076,0.0
7.74417,0.00961323,102.838,0.846686,0.0
7.75056,0.00963346,102.003,0.819395,0.0
7.74779,0.00932056,102.755,0.820419,0.0
7.73871,0.00966756,102.17,0.832699,0.0
7.73896,0.00990791,102.437,0.82383,0.0
7.74516,0.00952688,101.603,0.833382,0.0
7.74735,0.00985657,101.436,0.830653,0.0
7.74166,0.00980302,101.669,0.842592,0.0
7.73063,0.00958831,102.22,0.84805,0.0
7.72906,0.00964927,101.402,0.827241,0.0
7.73523,0.00950392,101.753,0.828265,0.0
7.73333,0.00945186,102.204,0.820077,0.0
7.72221,0.00980231,100.284,0.837475,0.0
7.7232,0.00956651,101.352,0.827241,0.0
7.73813,0.00984961,102.07,0.819395,0.0
7.73122,0.00951927,101.102,0.825877,0.0
7.71617,0.0100407,99.5159,0.830311,0.0
7.74052,0.00984649,102.871,0.828606,0.0
7.74723,0.00986945,100.801,0.850438,0.0
7.72635,0.00959611,100.451,0.820419,0.0
7.74857,0.00953814,103.289,0.843274,0.0
7.77247,0.00976014,100.501,0.816325,0.0
7.74153,0.00963613,101.953,0.826218,0.0
7.73002,0.00969267,101.586,0.832699,0.0
7.7396,0.00973952,101.219,0.841228,0.0
7.74118,0.00994285,103.673,0.834405,0.0
7.74799,0.00978851,101.653,0.833382,0.0
7.74328,0.009785,103.589,0.839522,0.0
7.73658,0.00986197,100.701,0.828606,0.0
7.73589,0.00970881,102.855,0.829288,0.0
7.73765,0.00986191,100.801,0.827582,0.0
7.74953,0.00970497,102.187,0.838499,0.0
7.76253,0.00981415,101.72,0.848732,0.0
7.75543,0.00981415,101.586,0.859649,0.0
7.74732,0.00963619,101.503,0.827241,0.0
7.73896,0.00950632,102.187,0.830994,0.0
7.72839,0.0097956,101.569,0.835428,0.0
7.73947,0.00959358,101.836,0.833382,0.0
7.74618,0.00958486,101.436,0.816325,0.0
7.73637,0.00976698,101.119,0.828947,0.0
7.73851,0.00964478,102.588,0.822465,0.0
7.7356,0.00960262,101.235,0.815643,0.0
7.72957,0.00962578,102.654,0.820419,0.0
7.7433,0.00966079,102.654,0.835087,0.0
7.74899,0.00971102,101.319,0.81769,0.0
7.73986,0.00972455,101.302,0.841228,0.0
7.74372,0.00957555,101.619,0.840204,0.0
7.75001,0.0096751,101.319,0.837816,0.0
7.74686,0.00979307,101.052,0.848732,0.0
7.74491,0.00968773,103.706,0.846003,0.0
7.74427,0.00972677,100.367,0.804044,0.0
7.74504,0.00949839,102.237,0.858625,0.0
7.74824,0.00968551,101.486,0.83304,0.0
7.74966,0.00988104,101.336,0.82076,0.0
7.74068,0.00974889,101.803,0.84191,0.0
7.73522,0.00971707,101.185,0.84805,0.0
7.74841,0.0100313,101.085,0.84805,0.0
7.74642,0.00997089,103.189,0.837816,0.0
7.72704,0.00956553,100.785,0.836111,0.0
7.72972,0.00964856,101.886,0.840204,0.0
7.73892,0.00989678,100.434,0.842251,0.0
7.74186,0.00990465,102.487,0.828947,0.0
7.74012,0.00976717,101.035,0.824512,0.0
7.72199,0.00961004,101.603,0.814961,0.0
7.71982,0.00961713,100.918,0.852485,0.0
7.72668,0.00999932,100.301,0.852826,0.0
7.72773,0.00968155,101.085,0.830311,0.0
7.74708,0.00968987,102.187,0.830653,0.0
7.74314,0.00979105,101.753,0.826559,0.0
7.73503,0.00971024,102.287,0.843274,0.0
7.73525,0.00964283,101.703,0.845321,0.0
7.73838,0.00991617,102.554,0.830653,0.0
7.74577,0.00994194,100.785,0.821101,0.0
7.73336,0.00978617,102.654,0.862037,0.0
7.7224,0.00985,101.202,0.824853,0.0
7.73903,0.0100086,101.035,0.839181,0.0
7.75322,0.00980211,101.235,0.831335,0.0
7.73966,0.0095114,101.653,0.806091,0.0
7.73512,0.0100835,100.684,0.845321,0.0
7.74236,0.00974075,102.104,0.864424,0.0
7.73205,0.00981773,101.486,0.822807,0.0
7.73184,0.00954354,102.337,0.821442,0.0
7.7407,0.00968643,102.337,0.845662,0.0
7.74435,0.00957575,102.137,0.832017,0.0
7.75003,0.00947587,101.72,0.828265,0.0
7.7442,0.00964973,102.17,0.850779,0.0
7.73282,0.00964257,101.436,0.842592,0.0
7.7274,0.00970373,99.7329,0.842592,0.0
7.7376,0.00980231,101.202,0.849415,0.0
7.73887,0.00992287,100.851,0.818031,0.0
7.73261,0.00962201,101.77,0.82076,0.0
7.73615,0.00956586,101.119,0.826218,0.0
7.72883,0.00963658,101.135,0.833382,0.0
7.72819,0.009609,102.571,0.837475,0.0
7.73393,0.0095153,101.987,0.801315,0.0
7.73271,0.00973457,102.855,0.826218,0.0
7.73624,0.0096144,102.504,0.856578,0.0
7.72767,0.00969176,101.77,0.836111,0.0
7.72872,0.00974681,101.436,0.846003,0.0
7.73722,0.00976925,101.786,0.82076,0.0
7.7323,0.00983334,101.269,0.814619,0.0
7.73371,0.00955942,100.551,0.837816,0.0
7.7406,0.00961811,101.486,0.827923,0.0
7.73042,0.00958681,101.953,0.846686,0.0
7.72047,0.00948147,101.636,0.848732,0.0
7.72233,0.00965324,102.204,0.828265,0.0
7.73189,0.00960047,99.8164,0.827923,0.0
7.73099,0.00955532,101.736,0.824853,0.0
7.72558,0.00957165,101.185,0.808138,0.0
7.72644,0.0096859,103.055,0.842251,0.0
7.72814,0.00976483,100.935,0.844639,0.0
7.73315,0.00952701,102.705,0.834405,0.0
7.73391,0.00973021,101.703,0.823148,0.0
7.73013,0.00985091,101.619,0.848732,0.0
7.72736,0.00971193,100.534,0.815984,0.0
7.7246,0.00966808,102.12,0.853849,0.0
7.73829,0.00975331,99.9165,0.831335,0.0
7.73339,0.00968538,101.219,0.830653,0.0
7.71564,0.00953053,101.386,0.84191,0.0
7.72087,0.00945583,101.402,0.817007,0.0
7.72541,0.00964348,101.92,0.826218,0.0
7.7268,0.00941901,101.235,0.851803,0.0
7.72596,0.00961791,100.234,0.852826,0.0
7.72587,0.0096183,102.437,0.857261,0.0
7.72609,0.00956319,100.768,0.835769,0.0
7.72034,0.009579,101.469,0.82383,0.0
7.72018,0.00949142,100.067,0.84498,0.0
7.73024,0.00970946,102.07,0.829629,0.0
7.7378,0.00970237,101.152,0.8269,0.0
7.74075,0.00953534,101.068,0.839863,0.0
7.74989,0.00970757,101.653,0.814278,0.0
7.74795,0.00985878,101.386,0.833382,0.0
7.72373,0.00949025,100.668,0.835428,0.0
7.70994,0.00968161,101.469,0.857602,0.0
7.72828,0.00969755,102.02,0.826218,0.0
7.74113,0.00974934,102.671,0.845662,0.0
7.7224,0.00942707,101.92,0.819736,0.0
7.72437,0.00968057,101.87,0.819736,0.0
7.75128,0.00954836,103.222,0.834405,0.0
7.75108,0.00953072,101.553,0.824853,0.0
7.73131,0.00967192,101.018,0.828606,0.0
7.71612,0.00947639,101.319,0.846686,0.0
7.72012,0.00986184,100.417,0.828606,0.0
7.73006,0.00946319,101.619,0.814619,0.0
7.73755,0.00977491,101.92,0.83884,0.0
7.75182,0.00951804,102.154,0.823489,0.0
7.74677,0.00970432,101.669,0.829288,0.0
7.72983,0.00960867,103.172,0.812573,0.0
7.72724,0.00973425,100.835,0.850097,0.0
7.73497,0.00958343,102.037,0.828265,0.0
7.72262,0.00970074,101.836,0.854873,0.0
7.72768,0.00987407,101.987,0.829629,0.0
7.74339,0.00945993,100.868,0.815302,0.0
7.72212,0.00957568,101.72,0.81189,0.0
7.71634,0.00965715,102.671,0.8269,0.0
7.73239,0.00963724,101.052,0.822807,0.0
7.73663,0.00966203,101.369,0.836111,0.0
7.73474,0.00972761,101.402,0.838157,0.0
7.7321,0.00973073,101.836,0.836111,0.0
7.74863,0.0099474,102.721,0.846686,0.0
7.74989,0.00965318,102.337,0.824512,0.0
7.73909,0.00974778,101.736,0.837134,0.0
7.73823,0.00979743,100.985,0.828947,0.0
7.74176,0.00976893,102.521,0.83304,0.0
7.73965,0.00960177,101.452,0.807797,0.0
7.7284,0.00987316,101.937,0.827923,0.0
7.72773,0.00969423,101.219,0.836452,0.0
7.75245,0.00976893,101.987,0.821101,0.0
7.76959,0.0100114,102.237,0.846003,0.0
7.75062,0.00966665,102.705,0.849756,0.0
7.73919,0.00992827,102.22,0.842592,0.0
7.74716,0.00965201,101.953,0.819736,0.0
7.73443,0.00960464,101.636,0.837134,0.0
7.73403,0.00971857,102.404,0.812231,0.0
7.73848,0.00949637,100.484,0.812914,0.0
7.72264,0.00979398,101.77,0.830311,0.0
7.72321,0.0094207,101.586,0.832358,0.0
7.73887,0.00977596,101.219,0.827582,0.0
7.73739,0.0096537,102.187,0.835428,0.0
7.72466,0.00939955,101.202,0.832017,0.0
7.71893,0.0095466,101.736,0.828265,0.0
7.7334,0.00968304,101.586,0.851803,0.0
7.727,0.00949338,100.718,0.82076,0.0
7.71876,0.00969059,100.234,0.841569,0.0
7.73206,0.00964641,100.684,0.811549,0.0
7.72107,0.00977173,101.219,0.83304,0.0
7.721,0.00959527,101.469,0.823148,0.0
7.73107,0.0097077,101.469,0.81189,0.0
7.73339,0.00981727,102.821,0.820419,0.0
7.74445,0.010051,101.553,0.82997,0.0
7.73774,0.0096278,101.135,0.821101,0.0
7.73634,0.00969059,102.337,0.839522,0.0
7.73717,0.00969137,100.768,0.835428,0.0
7.72175,0.00975318,100.601,0.83884,0.0
7.72802,0.00966437,102.22,0.821442,0.0
7.73869,0.00971382,100.05,0.827923,0.0
7.72377,0.00986529,102.003,0.84498,0.0
7.71861,0.00989854,100.0,0.839181,0.0
7.72883,0.00995079,100.384,0.819736,0.0
7.74213,0.00979788,102.387,0.836452,0.0
7.75167,0.00972377,101.686,0.843957,0.0
7.75159,0.010062,103.356,0.846686,0.0
7.75369,0.00974355,103.022,0.813255,0.0
7.73525,0.0095263,102.304,0.837475,0.0
7.7257,0.00959722,100.083,0.830311,0.0
7.73018,0.00966638,102.321,0.84498,0.0
7.72524,0.00959605,100.518,0.819054,0.0
7.73751,0.00957926,100.801,0.839522,0.0
7.75447,0.00941855,102.053,0.817348,0.0
7.74431,0.0096388,102.27,0.846686,0.0
7.74358,0.00945173,101.786,0.840886,0.0
7.7585,0.00970477,101.87,0.832358,0.0
7.73938,0.00983276,100.968,0.834405,0.0
7.73017,0.00951921,100.902,0.836452,0.0
7.73995,0.00966059,101.369,0.813255,0.0
7.71225,0.00964218,100.835,0.835769,0.0
7.71348,0.00982417,101.703,0.843957,0.0
7.74682,0.00990745,102.604,0.837134,0.0
7.74343,0.0099679,101.052,0.829629,0.0
7.746,0.00984753,101.953,0.830653,0.0
7.75767,0.00981994,102.738,0.846345,0.0
7.73385,0.00982892,102.554,0.822465,0.0
7.71395,0.00971961,100.952,0.814961,0.0
7.74084,0.00972221,103.589,0.821783,0.0
7.74826,0.00980283,100.985,0.826218,0.0
7.71884,0.00979762,100.985,0.819054,0.0
7.72771,0.00966105,102.104,0.840545,0.0
7.74497,0.00962878,101.836,0.816666,0.0
7.73241,0.00977674,102.187,0.826559,0.0
7.72009,0.00968981,99.2821,0.835769,0.0
7.73425,0.00991175,100.868,0.830311,0.0
7.74553,0.00978253,102.187,0.826559,0.0
7.74242,0.00977485,101.836,0.818372,0.0
7.7356,0.0095792,101.319,0.838157,0.0
7.72943,0.00978493,100.451,0.82997,0.0
7.73737,0.00980797,102.287,0.829288,0.0
7.73932,0.00995111,101.135,0.832358,0.0
7.73032,0.00975533,100.801,0.86306,0.0
7.72394,0.00964556,102.788,0.831335,0.0
7.71643,0.00959234,100.351,0.853508,0.0
7.71777,0.00961654,102.771,0.828947,0.0
7.73262,0.00993283,102.003,0.818031,0.0
7.73309,0.0096345,102.037,0.822807,0.0
7.72251,0.00958408,101.018,0.839181,0.0
7.72276,0.00968063,102.07,0.817007,0.0
7.73464,0.0096131,102.471,0.857261,0.0
7.73346,0.0098258,100.584,0.820419,0.0
7.73004,0.00950346,102.554,0.82383,0.0
7.73762,0.00981103,102.087,0.825194,0.0
7.72499,0.00954309,101.836,0.861013,0.0
7.72667,0.00960464,101.736,0.834405,0.0
7.73494,0.00967888,101.135,0.828265,0.0
7.72533,0.00994649,100.668,0.807797,0.0
7.73693,0.00985182,101.619,0.822807,0.0
7.74698,0.00969007,101.185,0.834405,0.0
7.72913,0.0096835,101.135,0.850097,0.0
7.71617,0.00973542,101.436,0.849756,0.0
7.71213,0.00967484,99.4992,0.815643,0.0
7.71986,0.00977622,100.2,0.832017,0.0
7.72184,0.00980022,100.184,0.850438,0.0
7.72756,0.00992209,101.603,0.838499,0.0
7.7245,0.00988123,101.553,0.833723,0.0
7.71833,0.00969645,102.053,0.830653,0.0
7.73425,0.00966944,101.035,0.823489,0.0
7.73699,0.00981044,101.703,0.828265,0.0
7.72837,0.00969768,101.553,0.828606,0.0
7.75151,0.00991487,103.205,0.830311,0.0
7.75649,0.00955987,102.22,0.832358,0.0
7.73161,0.00980042,99.9165,0.824853,0.0
7.74353,0.0100023,101.052,0.826218,0.0
7.74342,0.00978129,102.304,0.832699,0.0
7.7207,0.00966469,101.886,0.85692,0.0
7.7184,0.00978682,101.219,0.8269,0.0
7.73501,0.00958291,101.77,0.837816,0.0
7.7502,0.00992801,102.12,0.827582,0.0
7.72772,0.00958766,101.269,0.818713,0.0
7.71619,0.00972612,100.484,0.84191,0.0
7.72529,0.00989249,101.736,0.826218,0.0
7.72162,0.00983686,103.038,0.822807,0.0
7.72618,0.00968786,101.536,0.82997,0.0
7.74226,0.00956723,101.519,0.826559,0.0
7.74446,0.0099474,102.755,0.839522,0.0
7.73146,0.00951335,101.102,0.839522,0.0
7.72303,0.00972312,101.736,0.841228,0.0
7.74173,0.00980901,100.968,0.840204,0.0
7.73476,0.009682,100.083,0.842592,0.0
7.71793,0.00970686,102.387,0.847027,0.0
7.72236,0.009812,100.1,0.836793,0.0
7.72135,0.00970731,100.601,0.83304,0.0
7.72524,0.00980478,101.669,0.817348,0.0
7.73502,0.0098999,101.603,0.836793,0.0
7.72673,0.0097539,102.738,0.829629,0.0
7.72399,0.00975969,103.205,0.839863,0.0
7.7265,0.00963476,100.551,0.808138,0.0
7.72157,0.00970009,101.336,0.839522,0.0
7.72919,0.0097187,101.202,0.83884,0.0
7.74043,0.00965305,101.753,0.84498,0.0
7.7497,0.010299,101.002,0.854532,0.0
7.74053,0.00953313,100.184,0.821442,0.0
7.73904,0.00994382,102.588,0.829288,0.0
7.74866,0.00996393,103.339,0.846686,0.0
7.74257,0.0097254,100.902,0.813255,0.0
7.72085,0.00956391,102.988,0.8269,0.0
7.71675,0.00958694,101.452,0.852485,0.0
7.74553,0.00980146,100.835,0.832017,0.0
7.74574,0.00976919,101.135,0.826559,0.0
7.72935,0.00990238,102.237,0.835087,0.0
7.72984,0.00975292,100.067,0.836452,0.0
7.72451,0.00963717,100.317,0.840204,0.0
7.72539,0.00962253,101.235,0.820077,0.0
7.7298,0.00949526,101.586,0.835087,0.0
7.72513,0.00963717,102.254,0.811549,0.0
7.72045,0.00963665,101.185,0.824171,0.0
7.72649,0.00976346,100.25,0.818031,0.0
7.72843,0.00991734,101.068,0.845321,0.0
7.73989,0.00971701,103.506,0.828947,0.0
7.75871,0.00976938,101.937,0.820077,0.0
7.74521,0.0100011,101.72,0.841228,0.0
7.72745,0.00982482,101.937,0.82383,0.0
7.72373,0.00993543,102.371,0.836111,0.0
7.7324,0.00973659,101.035,0.8269,0.0
7.74999,0.00968278,102.187,0.827241,0.0
7.73837,0.00980296,102.07,0.836793,0.0
7.71906,0.0096643,102.07,0.835769,0.0
7.73637,0.00969599,101.119,0.832699,0.0
7.75539,0.00957731,101.703,0.827923,0.0
7.74476,0.00963925,101.586,0.813937,0.0
7.72727,0.00986978,101.285,0.83884,0.0
7.72875,0.00961206,101.703,0.851803,0.0
7.73744,0.00991695,102.07,0.82383,0.0
7.74853,0.00983126,100.868,0.826559,0.0
7.75435,0.0100465,102.187,0.827241,0.0
7.73139,0.00956586,102.037,0.836111,0.0
7.71684,0.00972859,100.868,0.847027,0.0
7.72915,0.00962722,101.185,0.83304,0.0
7.73045,0.00960529,100.634,0.822807,0.0
7.7294,0.00968825,101.669,0.807797,0.0
7.74319,0.00970419,103.122,0.834405,0.0
7.74132,0.00988318,101.569,0.838499,0.0
7.74006,0.00971935,102.204,0.808138,0.0
7.74486,0.00988188,100.818,0.832017,0.0
7.73931,0.00960444,100.718,0.803021,0.0
7.73748,0.00962591,101.152,0.832699,0.0
7.74569,0.00964882,102.154,0.830994,0.0
7.74771,0.00963125,102.337,0.8269,0.0
7.73453,0.00961895,102.187,0.831676,0.0
7.72881,0.0096509,101.085,0.82997,0.0
7.73777,0.00973659,102.421,0.843957,0.0
7.73737,0.00975774,103.088,0.840545,0.0
7.72725,0.00946956,101.319,0.826218,0.0
7.72858,0.00959533,101.753,0.82383,0.0
7.71961,0.00979821,100.217,0.830653,0.0
7.71383,0.00975299,100.885,0.871247,0.0
7.72997,0.00960184,102.12,0.837475,0.0
7.74156,0.00962813,100.668,0.831335,0.0
7.73424,0.00954185,104.19,0.828606,0.0
7.72687,0.00976633,100.985,0.808138,0.0
7.73124,0.00982,101.803,0.838157,0.0
7.73148,0.00975442,101.753,0.837134,0.0
7.73282,0.00979151,101.72,0.835428,0.0
7.74227,0.00971974,101.953,0.818713,0.0
7.74382,0.00987609,101.853,0.82383,0.0
7.73294,0.00987661,102.838,0.836793,0.0
7.72423,0.00964186,101.219,0.829288,0.0
7.72459,0.00969827,100.735,0.834405,0.0
7.72709,0.00963763,101.937,0.822465,0.0
7.72178,0.00981584,99.6995,0.831676,0.0
7.72203,0.00955929,102.554,0.851803,0.0
7.72961,0.00989067,100.384,0.839522,0.0
7.72274,0.00984844,101.119,0.832358,0.0
7.73668,0.00990036,102.671,0.838157,0.0
7.75511,0.00969332,101.669,0.832358,0.0
7.7432,0.00960191,101.653,0.80882,0.0
7.72696,0.00971473,100.735,0.846003,0.0
7.73248,0.00970549,101.987,0.841569,0.0
7.73641,0.00975546,100.918,0.830994,0.0
7.72844,0.00953007,102.504,0.83304,0.0
7.73517,0.00980881,101.836,0.828265,0.0
7.74746,0.00967706,101.619,0.832699,0.0
7.73933,0.00950086,102.437,0.817348,0.0
7.72395,0.00941328,102.12,0.827241,0.0
7.72761,0.00939727,101.352,0.837134,0.0
7.74158,0.00977413,102.104,0.848391,0.0
7.73416,0.00989216,101.219,0.845321,0.0
7.72264,0.00953398,101.653,0.830653,0.0
7.74091,0.00977745,102.087,0.841569,0.0
7.73994,0.0097865,100.334,0.848391,0.0
7.72538,0.00984466,102.688,0.826218,0.0
7.7375,0.00952051,101.937,0.824853,0.0
7.73791,0.00989327,103.255,0.846003,0.0
7.71897,0.00969189,101.185,0.821101,0.0
7.72531,0.00974518,100.684,0.825536,0.0
7.73599,0.00990687,101.686,0.827923,0.0
7.72814,0.00963587,101.018,0.8269,0.0
7.73759,0.00956241,101.603,0.832699,0.0
7.73639,0.00960841,101.703,0.824512,0.0
7.73055,0.0097403,102.104,0.829288,0.0
7.73573,0.0095762,102.254,0.832358,0.0
7.73898,0.00986562,101.619,0.832699,0.0
7.74235,0.00985547,102.137,0.83304,0.0
7.73063,0.00942974,101.135,0.845662,0.0
7.72538,0.00970015,102.053,0.834405,0.0
7.74005,0.00968265,100.334,0.833382,0.0
7.74034,0.0097619,102.688,0.825194,0.0
7.72552,0.00957419,100.935,0.832017,0.0
7.72167,0.00984278,100.952,0.846003,0.0
7.73694,0.00967933,102.871,0.842933,0.0
7.74127,0.00964322,101.152,0.838157,0.0
7.72282,0.00976119,100.718,0.832358,0.0
7.72568,0.0096738,101.736,0.834746,0.0
7.74377,0.00979209,101.97,0.818713,0.0
7.72871,0.00969013,101.269,0.851803,0.0
7.72398,0.00965279,100.835,0.820077,0.0
7.73398,0.00974154,101.503,0.813937,0.0
7.71788,0.00988091,100.05,0.823489,0.0
7.72106,0.00972852,101.369,0.833382,0.0
7.73604,0.00980452,101.452,0.831335,0.0
7.73347,0.00983243,101.068,0.850097,0.0
7.72857,0.00979534,100.2,0.831676,0.0
7.72716,0.00960457,101.619,0.827582,0.0
7.73459,0.00976646,100.968,0.834405,0.0
7.7433,0.00980582,101.937,0.836793,0.0
7.73711,0.00971252,100.918,0.822807,0.0
7.73492,0.0100679,101.085,0.83304,0.0
7.74186,0.00973522,101.386,0.806091,0.0
7.73485,0.00976808,100.534,0.82076,0.0
7.73918,0.00998208,101.603,0.812231,0.0
7.74578,0.00986041,101.219,0.817348,0.0
7.72796,0.00972267,100.768,0.812914,0.0
7.73087,0.00971395,101.72,0.84191,0.0
7.73796,0.00961576,100.801,0.829629,0.0
7.72678,0.00970152,101.152,0.826218,0.0
7.73222,0.00979645,100.601,0.822807,0.0
7.72749,0.00957855,102.02,0.831676,0.0
7.72628,0.00968538,102.855,0.837816,0.0
7.7296,0.00982417,100.751,0.827582,0.0
7.72092,0.00970783,101.302,0.830653,0.0
7.72058,0.00988884,101.169,0.81189,0.0
7.72533,0.00975728,100.668,0.817348,0.0
7.7374,0.00985436,101.553,0.830653,0.0
7.74185,0.00943768,101.369,0.808138,0.0
7.72611,0.00979378,100.768,0.815302,0.0
7.72183,0.00953625,101.252,0.816325,0.0
7.73591,0.0094533,101.119,0.814278,0.0
7.72977,0.00943905,101.686,0.803362,0.0
7.72418,0.00971297,101.068,0.833723,0.0
7.73936,0.00974095,100.25,0.828606,0.0
7.74704,0.00972319,102.487,0.83884,0.0
7.72951,0.00947477,101.119,0.828265,0.0
7.72459,0.00979899,102.471,0.842933,0.0
7.72241,0.00993634,101.553,0.827923,0.0
7.71602,0.00982475,102.671,0.824853,0.0
7.737,0.00979905,101.102,0.834746,0.0
7.73926,0.00969306,102.254,0.81769,0.0
7.73306,0.00993686,102.12,0.829629,0.0
7.73846,0.00980641,101.002,0.837134,0.0
7.72112,0.00960789,99.399,0.834746,0.0
7.72043,0.00964179,103.389,0.832358,0.0
7.73865,0.00953079,101.686,0.831335,0.0
7.7364,0.00974154,102.387,0.8269,0.0
7.74482,0.00977016,101.72,0.824171,0.0
7.74826,0.0100631,100.651,0.854191,0.0
7.73749,0.00993231,102.554,0.832358,0.0
7.74224,0.00966177,102.087,0.822465,0.0
7.74544,0.00963216,101.119,0.828265,0.0
7.73352,0.00956495,101.97,0.830994,0.0
7.73307,0.00945863,101.569,0.840545,0.0
7.726,0.00976834,100.401,0.829288,0.0
7.72476,0.00969436,101.252,0.830311,0.0
7.74085,0.00983022,103.773,0.820077,0.0
7.72706,0.00939753,101.202,0.845321,0.0
7.7274,0.00946299,101.452,0.828265,0.0
7.74357,0.00947151,101.402,0.813255,0.0
7.72393,0.00968298,101.085,0.834746,0.0
7.72293,0.00978402,100.25,0.828606,0.0
7.73989,0.00987238,102.788,0.856578,0.0
7.73744,0.00987401,100.985,0.825877,0.0
7.73977,0.00993732,101.603,0.834064,0.0
7.7383,0.00967113,100.484,0.825536,0.0
7.72641,0.00967224,102.337,0.845321,0.0
7.73177,0.00980641,102.421,0.857602,0.0
7.72894,0.00978064,100.935,0.840886,0.0
7.71323,0.00991936,100.217,0.833723,0.0
7.71787,0.00959149,102.12,0.822807,0.0
7.71485,0.00969391,100.217,0.832358,0.0
7.70443,0.00984798,101.135,0.854191,0.0
7.73008,0.00967536,102.104,0.826218,0.0
7.74335,0.0098908,101.569,0.816666,0.0
7.72777,0.00986412,102.104,0.838157,0.0
7.73686,0.00992684,102.037,0.830311,0.0
7.74618,0.0097252,102.955,0.806773,0.0
7.72556,0.00970198,100.651,0.813596,0.0
7.71058,0.00962129,101.352,0.843957,0.0
7.73165,0.00979671,102.504,0.82997,0.0
7.74809,0.0097187,101.068,0.847709,0.0
7.72644,0.00967289,101.235,0.824853,0.0
7.71777,0.00963424,101.152,0.831335,0.0
7.72717,0.00988865,102.487,0.844639,0.0
7.73022,0.00979378,100.851,0.824853,0.0
7.74015,0.00966508,101.402,0.81189,0.0
7.73779,0.00956553,100.785,0.836793,0.0
7.72485,0.00961804,101.803,0.822124,0.0
7.73704,0.00998957,100.651,0.836793,0.0
7.74947,0.00978188,102.621,0.819736,0.0
7.73723,0.00954009,102.538,0.847027,0.0
7.72542,0.00980719,100.367,0.824512,0.0
7.71926,0.00974934,101.536,0.837816,0.0
7.72377,0.00981083,101.636,0.841569,0.0
7.7334,0.00996946,101.586,0.854191,0.0
7.72734,0.00972442,101.72,0.827923,0.0
7.73425,0.00959982,102.287,0.805409,0.0
7.7497,0.00974915,101.419,0.851461,0.0
7.73982,0.00979157,101.553,0.839181,0.0
7.72806,0.00983946,100.334,0.828265,0.0
7.72811,0.00958134,101.853,0.827923,0.0
7.73525,0.00989151,103.022,0.830311,0.0
7.74297,0.0099016,100.835,0.820077,0.0
7.72266,0.00988624,101.469,0.846003,0.0
7.70952,0.00974277,100.1,0.828265,0.0
7.73185,0.00937873,100.05,0.828606,0.0
7.74119,0.00977654,103.055,0.846686,0.0
7.73368,0.00974173,102.421,0.844298,0.0
7.74149,0.00984623,102.237,0.839181,0.0
7.74719,0.00972494,101.92,0.842251,0.0
7.73788,0.00960366,100.618,0.832017,0.0
7.74241,0.0100188,103.272,0.853849,0.0
7.73996,0.00980432,102.304,0.82076,0.0
7.72784,0.00988923,102.12,0.846003,0.0
7.73477,0.00992255,101.419,0.842251,0.0
7.72887,0.00974655,101.519,0.826559,0.0
7.7242,0.0096399,100.401,0.846003,0.0
7.73304,0.00978031,102.037,0.813937,0.0
7.7318,0.00967205,102.104,0.843957,0.0
7.72383,0.00965357,101.82,0.856237,0.0
7.73914,0.00980797,102.27,0.840204,0.0
7.74577,0.00981077,101.753,0.836793,0.0
7.71869,0.00954445,100.367,0.834064,0.0
7.71257,0.0093611,100.935,0.821101,0.0
7.73105,0.00977016,101.736,0.833723,0.0
7.74327,0.00975813,101.853,0.842251,0.0
7.74763,0.00988572,101.553,0.838157,0.0
7.75117,0.010043,102.571,0.819736,0.0
7.73372,0.00982534,100.25,0.842933,0.0
7.72413,0.00960952,101.252,0.817348,0.0
7.73849,0.00993992,101.92,0.85112,0.0
7.73867,0.00958284,101.452,0.840545,0.0
7.7277,0.0098813,101.503,0.845321,0.0
7.73333,0.00974616,102.371,0.823148,0.0
7.73189,0.00964049,102.087,0.819395,0.0
7.74032,0.0101339,102.02,0.859307,0.0
7.7509,0.00988754,101.636,0.842933,0.0
7.72334,0.00965474,100.184,0.830994,0.0
7.71284,0.00963021,101.219,0.839522,0.0
7.73847,0.00985117,102.17,0.832017,0.0
7.74317,0.00972,102.02,0.806091,0.0
7.73473,0.00972729,101.503,0.840886,0.0
7.72553,0.00981135,99.8664,0.832699,0.0
7.7209,0.00991077,101.736,0.839863,0.0
7.73015,0.00975461,100.584,0.820077,0.0
7.73735,0.00956371,101.319,0.851461,0.0
7.73035,0.00972963,100.618,0.837475,0.0
7.72333,0.00964094,101.636,0.821442,0.0
7.7346,0.00967341,100.801,0.826559,0.0
7.74289,0.00974212,102.187,0.847027,0.0
7.73121,0.0097254,101.436,0.831676,0.0
7.71843,0.00942376,101.553,0.818031,0.0
7.7223,0.0100155,100.434,0.828265,0.0
7.72998,0.00971694,101.503,0.835087,0.0
7.73757,0.0100067,101.152,0.840886,0.0
7.73809,0.00966912,101.402,0.836111,0.0
7.73005,0.00975956,102.12,0.84805,0.0
7.73288,0.00995671,101.786,0.832017,0.0
7.73823,0.00960763,101.452,0.821101,0.0
7.73773,0.00957627,101.419,0.827923,0.0
7.73591,0.00943104,101.135,0.820419,0.0
7.73695,0.00989073,102.037,0.829288,0.0
7.74336,0.00980237,101.603,0.841569,0.0
7.74842,0.00970002,102.671,0.822465,0.0
7.74055,0.00974368,101.486,0.838157,0.0
7.7259,0.00952148,101.185,0.834405,0.0
7.72635,0.00970406,101.77,0.831335,0.0
7.74076,0.00983198,101.319,0.80575,0.0
7.73964,0.00974485,103.139,0.806773,0.0
7.72591,0.00970315,101.202,0.825536,0.0
7.71818,0.00971466,100.1,0.848391,0.0
7.73157,0.00981213,102.104,0.818031,0.0
7.75423,0.00978428,100.902,0.828947,0.0
7.73723,0.00980283,102.17,0.855214,0.0
7.71949,0.00983126,100.818,0.832017,0.0
7.72742,0.00964114,101.536,0.843274,0.0
7.72457,0.0098418,102.721,0.842933,0.0
7.72438,0.00954699,100.868,0.84191,0.0
7.72421,0.0097699,101.369,0.827582,0.0
7.72525,0.00976743,102.07,0.837475,0.0
7.73338,0.00957406,101.503,0.822807,0.0
7.73879,0.00964804,100.367,0.82383,0.0
7.72607,0.00957588,100.067,0.812914,0.0
7.71163,0.00961824,99.1319,0.831676,0.0
7.7205,0.0095291,100.818,0.836111,0.0
7.734,0.00979814,101.77,0.839522,0.0
7.72666,0.00959676,100.301,0.856578,0.0
7.73211,0.0097455,102.588,0.830653,0.0
7.7402,0.00958941,102.922,0.827582,0.0
7.73648,0.00972716,100.417,0.818372,0.0
7.74367,0.00970224,101.736,0.817348,0.0
7.73952,0.00963288,101.786,0.840886,0.0
7.72002,0.00964407,101.002,0.824853,0.0
7.72755,0.00962416,102.638,0.817007,0.0
7.73816,0.0098539,102.254,0.834746,0.0
7.74172,0.00970822,101.886,0.80882,0.0
7.76222,0.00971844,103.99,0.835087,0.0
7.75565,0.0097092,102.337,0.857602,0.0
7.73235,0.00936845,101.92,0.837134,0.0
7.7408,0.00966118,100.367,0.830311,0.0
7.7523,0.00975468,102.337,0.831676,0.0
7.73572,0.00951628,103.873,0.833382,0.0
7.73986,0.00973477,101.586,0.808479,0.0
7.74576,0.0096509,102.437,0.824853,0.0
7.72441,0.00978539,100.718,0.850438,0.0
7.73651,0.00990992,101.553,0.855896,0.0
7.73723,0.00969443,101.269,0.811208,0.0
7.71744,0.00947229,101.519,0.820077,0.0
7.72658,0.00950697,101.252,0.841228,0.0
7.73618,0.00977212,102.187,0.855214,0.0
7.73174,0.00966151,101.235,0.815643,0.0
7.72553,0.00983751,102.387,0.844639,0.0
7.74162,0.00989028,100.851,0.813255,0.0
7.76044,0.00966554,102.771,0.797222,0.0
7.74262,0.00956762,101.235,0.834405,0.0
7.72057,0.00988396,101.486,0.855214,0.0
7.7229,0.00982957,101.97,0.830311,0.0
7.72446,0.00983009,100.768,0.831335,0.0
7.7302,0.00993758,101.102,0.824512,0.0
7.74528,0.00976418,102.404,0.824171,0.0
7.74493,0.00973653,102.972,0.845321,0.0
7.73402,0.00973783,101.92,0.839181,0.0
7.73335,0.00953235,100.684,0.855555,0.0
7.73503,0.00955903,102.087,0.823489,0.0
7.73322,0.00960483,102.321,0.829629,0.0
7.73926,0.00981974,101.786,0.836111,0.0
7.73883,0.00964791,101.402,0.8269,0.0
7.73785,0.00981239,101.068,0.846003,0.0
7.73369,0.0096697,101.886,0.827241,0.0
7.7361,0.00970308,102.321,0.839181,0.0
7.74152,0.00991539,102.187,0.842933,0.0
7.72522,0.00952213,101.068,0.823489,0.0
7.71448,0.00937385,101.886,0.816666,0.0
7.72513,0.00940625,100.985,0.830653,0.0
7.72451,0.00957809,100.785,0.827241,0.0
7.73378,0.00988663,101.836,0.842251,0.0
7.73907,0.0097781,101.386,0.833382,0.0
7.72616,0.00950392,102.721,0.836111,0.0
7.74345,0.00982332,101.753,0.832017,0.0
7.75026,0.00980419,100.851,0.814278,0.0
7.73296,0.00982209,101.452,0.829288,0.0
7.72987,0.00949136,100.952,0.842933,0.0
7.72054,0.00949142,100.952,0.82383,0.0
7.7154,0.00962084,100.985,0.828947,0.0
7.7305,0.00962839,102.421,0.843957,0.0
7.74203,0.00958889,101.152,0.836111,0.0
7.72925,0.0096468,101.72,0.846686,0.0
7.72214,0.00975273,100.033,0.80268,0.0
7.72839,0.00981103,101.619,0.827241,0.0
7.72843,0.00983536,101.603,0.828606,0.0
7.73353,0.00958278,101.703,0.837134,0.0
7.73081,0.00945746,101.736,0.831676,0.0
7.71067,0.00986496,100.467,0.836793,0.0
7.71589,0.00976158,102.671,0.825877,0.0
7.72733,0.00968421,100.735,0.828606,0.0
7.72802,0.00962299,101.269,0.857602,0.0
7.72891,0.00969566,100.234,0.842251,0.0
7.73465,0.00971219,101.319,0.835769,0.0
7.7355,0.0095075,102.354,0.838499,0.0
7.73039,0.00975852,101.235,0.834405,0.0
7.7361,0.00982313,100.968,0.840886,0.0
7.744,0.00980894,102.755,0.837816,0.0
7.72847,0.00980784,101.152,0.819736,0.0
7.72327,0.00965832,102.471,0.83884,0.0
7.74888,0.00976463,103.172,0.812573,0.0
7.74923,0.00961284,101.903,0.819736,0.0
7.72499,0.0096941,101.987,0.860331,0.0
7.72354,0.00980927,101.82,0.822807,0.0
7.73628,0.00995222,101.452,0.848391,0.0
7.74013,0.0097524,101.068,0.838499,0.0
7.74445,0.0097066,102.287,0.824853,0.0
7.73663,0.00961173,102.104,0.830653,0.0
7.731,0.00947568,101.119,0.815302,0.0
7.73958,0.00949761,103.239,0.82997,0.0
7.73561,0.00963951,100.985,0.836793,0.0
7.72828,0.00973412,100.684,0.829288,0.0
7.7311,0.00985917,101.436,0.836111,0.0
7.7388,0.00976424,102.137,0.83884,0.0
7.74542,0.00980211,102.087,0.82383,0.0
7.73967,0.00985189,101.87,0.835087,0.0
7.72665,0.00959254,101.235,0.858284,0.0
7.73881,0.00979014,103.506,0.832358,0.0
7.74863,0.00956488,103.389,0.833382,0.0
7.73676,0.0096725,101.536,0.838499,0.0
7.72765,0.00975533,101.619,0.821101,0.0
7.72508,0.00974049,100.584,0.824853,0.0
7.72738,0.00962136,100.601,0.818713,0.0
7.72681,0.00984707,101.419,0.825536,0.0
7.72365,0.00987661,102.187,0.846686,0.0
7.74011,0.00980374,101.903,0.844298,0.0
7.74203,0.00991175,102.938,0.813937,0.0
7.72697,0.00986685,102.588,0.832358,0.0
7.72759,0.00959078,101.519,0.846003,0.0
7.72837,0.00955564,100.25,0.836452,0.0
7.73385,0.00947574,101.736,0.81769,0.0
7.73781,0.00970913,102.287,0.846686,0.0
7.73922,0.00952597,101.636,0.824171,0.0
7.73208,0.00958479,101.469,0.83304,0.0
7.72938,0.00981207,101.486,0.839522,0.0
7.73291,0.00966111,100.551,0.832017,0.0
7.72441,0.00964608,101.603,0.843274,0.0
7.72827,0.0096034,101.586,0.828265,0.0
7.73379,0.00963125,100.301,0.828265,0.0
7.71502,0.0094384,100.317,0.812573,0.0
7.70308,0.00956775,99.8331,0.833723,0.0
7.72008,0.00973653,101.803,0.818713,0.0
7.72743,0.0096917,101.569,0.843274,0.0
7.72552,0.00978611,101.603,0.831335,0.0
7.73584,0.00951602,101.452,0.828606,0.0
7.74432,0.00945291,102.554,0.830994,0.0
7.74319,0.00976288,101.853,0.834405,0.0
7.74084,0.0097567,102.454,0.819054,0.0
7.73907,0.00966788,99.9666,0.846686,0.0
7.73063,0.00972813,101.77,0.845321,0.0
7.72132,0.00965942,101.352,0.831676,0.0
7.72476,0.00953625,103.038,0.836452,0.0
7.73574,0.00979632,101.135,0.857602,0.0
7.71687,0.0100594,100.184,0.862378,0.0
7.70568,0.00975702,102.705,0.82997,0.0
7.72921,0.00965975,101.352,0.830994,0.0
7.74044,0.00965923,100.317,0.830311,0.0
7.72578,0.00962162,100.334,0.840204,0.0
7.7333,0.0100153,101.753,0.825536,0.0
7.73626,0.00987017,102.12,0.819054,0.0
7.7234,0.00975676,100.735,0.839181,0.0
7.72349,0.00972696,100.501,0.831335,0.0
7.72829,0.00958811,102.154,0.852144,0.0
7.73646,0.00964329,101.536,0.835087,0.0
7.74756,0.00973522,100.25,0.832699,0.0
7.73535,0.00974537,101.135,0.815302,0.0
7.72149,0.00982105,101.82,0.830311,0.0
7.73583,0.00956397,102.421,0.8269,0.0
7.73464,0.00975201,102.17,0.82383,0.0
7.72525,0.00971714,101.235,0.834405,0.0
7.73813,0.00988897,101.119,0.829629,0.0
7.72841,0.00952903,100.801,0.835428,0.0
7.71722,0.00954914,101.202,0.854873,0.0
7.73527,0.00978454,101.92,0.811549,0.0
7.74188,0.00978487,100.601,0.839863,0.0
7.74385,0.00989555,102.688,0.821101,0.0
7.7362,0.00969729,101.402,0.846686,0.0
7.72881,0.00958896,100.902,0.832017,0.0
7.72859,0.00967979,103.022,0.855555,0.0
7.72256,0.0096632,101.219,0.83884,0.0
7.72448,0.00982814,102.721,0.837475,0.0
7.73296,0.00970412,100.217,0.817007,0.0
7.73113,0.00968571,102.337,0.827582,0.0
7.73418,0.00987596,100.15,0.843615,0.0
7.73818,0.00976385,101.252,0.823148,0.0
7.73893,0.00981818,101.469,0.823489,0.0
7.73433,0.00980868,100.401,0.830311,0.0
7.73278,0.00967439,101.836,0.823148,0.0
7.74407,0.00967146,102.721,0.829629,0.0
7.7301,0.00990901,100.434,0.807797,0.0
7.7093,0.00964804,99.9165,0.824853,0.0
7.71398,0.00960093,100.15,0.835769,0.0
7.72847,0.00954946,102.337,0.837134,0.0
7.74004,0.00963242,102.738,0.843274,0.0
7.73039,0.0099664,100.952,0.845321,0.0
7.71409,0.0096021,100.1,0.819395,0.0
7.73576,0.00986685,103.055,0.821442,0.0
7.74392,0.0100763,101.503,0.832358,0.0
7.71848,0.00959924,100.467,0.83884,0.0
7.72639,0.00962839,102.17,0.829629,0.0
7.73734,0.0096617,101.302,0.827582,0.0
7.73221,0.00952754,101.486,0.836452,0.0
7.73742,0.0095749,102.053,0.832358,0.0
7.74191,0.00968415,102.003,0.841569,0.0
7.72493,0.00974381,99.5993,0.829288,0.0
7.70389,0.00978168,100.2,0.827923,0.0
7.72083,0.00979769,101.119,0.859649,0.0
7.746,0.0097524,99.7663,0.814278,0.0
7.72732,0.00963626,101.987,0.849756,0.0
7.71497,0.00982488,101.102,0.841569,0.0
7.72408,0.00960288,101.319,0.835087,0.0
7.73274,0.00960314,100.618,0.822465,0.0
7.73992,0.009498,102.454,0.808479,0.0
7.73518,0.00928907,100.167,0.839181,0.0
7.72641,0.00983224,101.202,0.847368,0.0
7.74082,0.00967764,102.254,0.832358,0.0
7.74022,0.00987238,102.07,0.850097,0.0
7.72054,0.0097472,101.987,0.831676,0.0
7.72681,0.0095004,101.369,0.829288,0.0
7.7492,0.00977661,101.97,0.842251,0.0
7.75121,0.00965246,102.254,0.835087,0.0
7.73478,0.00974407,101.052,0.821442,0.0
7.73495,0.00963815,102.988,0.846686,0.0
7.74704,0.0097403,102.087,0.827241,0.0
7.74554,0.00984987,99.5326,0.830653,0.0
7.72649,0.00969794,102.053,0.827923,0.0
7.72246,0.00973783,101.135,0.837475,0.0
7.72936,0.00970165,101.235,0.836452,0.0
7.72171,0.00968272,101.486,0.822807,0.0
7.71715,0.00983081,101.102,0.851803,0.0
7.72696,0.00958473,102.621,0.816666,0.0
7.72591,0.00934594,101.469,0.818372,0.0
7.72314,0.00936917,102.354,0.836452,0.0
7.73061,0.0097621,101.836,0.840886,0.0
7.73211,0.0100108,101.586,0.828606,0.0
7.73478,0.00951908,103.005,0.845662,0.0
7.73882,0.00978897,102.22,0.832358,0.0
7.74286,0.00966808,101.703,0.833723,0.0
7.74825,0.00996172,101.586,0.837816,0.0
7.74523,0.00972982,101.937,0.82997,0.0
7.74125,0.00969404,101.653,0.829288,0.0
7.73746,0.00973184,100.851,0.819395,0.0
7.73097,0.00955642,102.003,0.831335,0.0
7.74147,0.00974297,100.25,0.833382,0.0
7.73907,0.00980725,102.738,0.824512,0.0
7.73429,0.00985976,102.371,0.858966,0.0
7.73162,0.00941901,101.202,0.834064,0.0
7.719,0.00970679,102.354,0.835087,0.0
7.7257,0.00947145,100.634,0.839181,0.0
7.73969,0.00967569,102.204,0.874658,0.0
7.73398,0.00968142,100.918,0.835769,0.0
7.73014,0.00981532,101.369,0.827923,0.0
7.74301,0.00950951,102.254,0.822124,0.0
7.7372,0.00984024,99.6327,0.822124,0.0
7.72823,0.00969846,101.753,0.856237,0.0
7.74179,0.00967393,100.835,0.828606,0.0
7.74405,0.00993276,101.853,0.828265,0.0
7.72698,0.00973509,101.185,0.845662,0.0
7.73433,0.00979105,102.604,0.829288,0.0
7.74352,0.00983926,101.185,0.824853,0.0
7.73365,0.00984278,101.052,0.846345,0.0
7.74128,0.00991578,101.219,0.820419,0.0
7.75194,0.00975624,102.02,0.85112,0.0
7.74218,0.00978858,102.321,0.844298,0.0
7.73334,0.00960607,101.836,0.821101,0.0
7.73397,0.00939766,102.037,0.828947,0.0
7.72748,0.00967087,102.087,0.845321,0.0
7.72272,0.0100103,101.569,0.834746,0.0
7.71906,0.00971063,100.968,0.819054,0.0
7.72999,0.00993101,100.668,0.820077,0.0
7.73496,0.00951836,101.486,0.823489,0.0
7.73546,0.00990394,100.184,0.828947,0.0
7.73539,0.00962683,102.588,0.823489,0.0
7.73516,0.00962884,101.185,0.827582,0.0
7.73668,0.00969937,101.018,0.857261,0.0
7.7355,0.00968246,101.352,0.832699,0.0
7.73234,0.0098556,101.97,0.84191,0.0
7.72934,0.00969853,101.87,0.839522,0.0
7.7362,0.00977036,104.19,0.837816,0.0
7.74594,0.00963502,103.272,0.815643,0.0
7.7278,0.00989138,99.2821,0.853508,0.0
7.72012,0.00986932,101.402,0.841569,0.0
7.73906,0.00988553,101.686,0.855214,0.0
7.7386,0.00989489,102.821,0.846003,0.0
7.7275,0.00989496,101.436,0.846003,0.0
7.72559,0.00991598,100.868,0.8269,0.0
7.74081,0.00985104,102.12,0.860331,0.0
7.74642,0.00988455,101.569,0.834405,0.0
7.72613,0.00972117,101.452,0.847027,0.0
7.7256,0.00954985,100.601,0.839181,0.0
7.7261,0.0097401,100.651,0.827241,0.0
7.71127,0.00977517,100.301,0.839863,0.0
7.73095,0.0097418,101.052,0.837134,0.0
7.75288,0.00980413,102.137,0.832358,0.0
7.73705,0.00967803,100.985,0.828606,0.0
7.73093,0.00968161,102.421,0.832699,0.0
7.73089,0.00979417,101.586,0.83884,0.0
7.71456,0.00976646,102.521,0.820077,0.0
7.72136,0.00980608,102.187,0.84498,0.0
7.73609,0.00992326,102.087,0.862037,0.0
7.72672,0.00946286,102.07,0.831676,0.0
7.72811,0.00968324,102.137,0.829629,0.0
7.72476,0.009774,101.503,0.849756,0.0
7.71818,0.00949891,100.434,0.836111,0.0
7.73766,0.00972904,103.122,0.854191,0.0
7.74877,0.00984265,102.838,0.825877,0.0
7.74307,0.00978734,101.97,0.849756,0.0
7.73273,0.00945954,102.571,0.84191,0.0
7.71918,0.00961459,100.518,0.822124,0.0
7.72218,0.00977804,102.654,0.845321,0.0
7.75182,0.00988956,102.104,0.832358,0.0
7.75108,0.00963398,101.336,0.814278,0.0
7.738,0.00964166,102.604,0.829629,0.0
7.73905,0.00978942,101.803,0.843957,0.0
7.73682,0.00963418,100.518,0.828606,0.0
7.75104,0.00949878,102.838,0.832699,0.0
7.75082,0.00994051,101.803,0.821783,0.0
7.72439,0.00972137,102.654,0.822465,0.0
7.72628,0.00985364,101.92,0.830653,0.0
7.7383,0.00988097,102.087,0.829288,0.0
7.72257,0.00960822,101.92,0.813596,0.0
7.73039,0.00971896,103.623,0.82076,0.0
7.74784,0.00983673,102.27,0.824512,0.0
7.73585,0.00980263,101.085,0.827582,0.0
7.72909,0.00984291,101.302,0.835769,0.0
7.73057,0.00949858,103.589,0.818713,0.0
7.72741,0.00967387,100.451,0.850097,0.0
7.72958,0.00994441,99.9499,0.830653,0.0
7.72807,0.00978097,101.519,0.824512,0.0
7.73123,0.00972058,100.751,0.839181,0.0
7.73966,0.00984649,102.638,0.818372,0.0
7.7268,0.00975871,101.285,0.834746,0.0
7.72215,0.00960789,101.235,0.812573,0.0
7.72708,0.00959885,100.518,0.825536,0.0
7.71971,0.00959514,102.738,0.847368,0.0
7.73134,0.00963912,101.202,0.81769,0.0
7.7409,0.00962943,101.636,0.849074,0.0
7.73211,0.0100771,101.619,0.814619,0.0
7.72277,0.00962383,101.352,0.869883,0.0
7.71946,0.00958674,102.688,0.819395,0.0
7.73853,0.00964003,102.588,0.8269,0.0
7.74149,0.00956156,101.336,0.824512,0.0
7.72854,0.00965871,102.053,0.82997,0.0
7.72335,0.00995918,99.0818,0.836793,0.0
7.72592,0.0097539,102.621,0.839863,0.0
7.73547,0.00951472,101.519,0.865448,0.0
7.73179,0.00957054,100.351,0.818372,0.0
7.71992,0.00981506,100.217,0.820419,0.0
7.72348,0.00978474,101.169,0.840204,0.0
7.71782,0.0097455,99.2988,0.827241,0.0
7.71479,0.00991311,102.705,0.845321,0.0
7.73724,0.00959221,100.851,0.809502,0.0
7.73865,0.00967016,101.169,0.846686,0.0
7.73439,0.00964543,101.436,0.820419,0.0
7.73846,0.00953736,100.818,0.851803,0.0
7.72839,0.00961908,102.154,0.813255,0.0
7.72695,0.00995079,101.035,0.838157,0.0
7.73575,0.00986724,101.569,0.81189,0.0
7.74068,0.00980205,102.454,0.830311,0.0
7.74014,0.00960678,100.651,0.852485,0.0
7.73495,0.00976099,102.855,0.8269,0.0
7.73226,0.00971974,100.985,0.847709,0.0
7.73209,0.00961576,101.569,0.833382,0.0
7.74278,0.00962136,102.487,0.809502,0.0
7.74277,0.00971161,102.721,0.839863,0.0
7.73295,0.00951003,101.72,0.843957,0.0
7.73653,0.00972839,100.684,0.816325,0.0
7.73826,0.00965649,101.937,0.835769,0.0
7.74437,0.00984258,102.22,0.847368,0.0
7.74388,0.00973457,103.322,0.832017,0.0
7.74016,0.00963984,102.738,0.823489,0.0
7.75029,0.00960659,102.104,0.835769,0.0
7.74118,0.00975117,102.888,0.822465,0.0
7.73291,0.00975871,102.12,0.829288,0.0
7.74453,0.0097077,102.721,0.847368,0.0
7.73422,0.00964023,103.89,0.838499,0.0
7.73734,0.00975513,101.77,0.82997,0.0
7.75248,0.0100327,102.437,0.827241,0.0
7.73692,0.00995287,101.119,0.815984,0.0
7.72022,0.00974075,101.503,0.834746,0.0
7.72445,0.00977992,101.736,0.839522,0.0
7.72388,0.00956456,101.536,0.828265,0.0
7.73259,0.00976027,101.836,0.822807,0.0
7.74875,0.00997453,101.736,0.841228,0.0
7.7293,0.00968181,101.553,0.845662,0.0
7.70641,0.00985462,100.467,0.835428,0.0
7.72939,0.00958252,101.786,0.845662,0.0
7.74547,0.00965819,101.686,0.818713,0.0
7.72191,0.00982664,100.968,0.823489,0.0
7.7292,0.00965194,102.02,0.837134,0.0
7.731,0.00989886,100.284,0.838157,0.0
7.72164,0.00961147,101.886,0.853508,0.0
7.73313,0.00987206,100.634,0.830311,0.0
7.72635,0.00979359,102.087,0.839522,0.0
7.73425,0.00984818,101.669,0.836452,0.0
7.74876,0.00976802,101.786,0.825536,0.0
7.74425,0.00947555,102.588,0.848391,0.0
7.73109,0.00982124,101.703,0.845321,0.0
7.72831,0.00960249,100.935,0.827241,0.0
7.73666,0.00980946,101.402,0.816666,0.0
7.73661,0.0096738,101.72,0.815643,0.0
7.74083,0.00956482,102.354,0.834746,0.0
7.7332,0.00965838,101.519,0.824171,0.0
7.73624,0.00973366,102.154,0.816666,0.0
7.7589,0.00984083,102.871,0.839863,0.0
7.73424,0.00973152,100.2,0.830311,0.0
7.70633,0.00970269,101.653,0.814619,0.0
7.73219,0.00965402,102.087,0.828265,0.0
7.73382,0.00983653,101.736,0.843615,0.0
7.71839,0.00994584,99.5993,0.843615,0.0
7.73734,0.0096537,102.638,0.83884,0.0
7.75437,0.00959937,102.437,0.829629,0.0
7.73709,0.0097662,103.289,0.84191,0.0
7.73546,0.00976854,101.302,0.837816,0.0
7.73917,0.00986913,101.018,0.836452,0.0
7.73522,0.00970399,100.968,0.825536,0.0
7.73977,0.00994584,102.104,0.820419,0.0
7.72863,0.00974616,102.037,0.833382,0.0
7.71817,0.00965188,100.534,0.846345,0.0
7.73971,0.00984772,101.486,0.834746,0.0
7.73786,0.00987518,101.419,0.822124,0.0
7.72662,0.00963411,102.838,0.856578,0.0
7.74366,0.00968896,101.836,0.84498,0.0
7.74974,0.00967244,101.97,0.818713,0.0
7.72798,0.00967933,100.885,0.800974,0.0
7.72347,0.00971505,102.638,0.823148,0.0
7.73325,0.00971232,101.736,0.860331,0.0
7.73022,0.00970484,101.686,0.816325,0.0
7.73043,0.0096656,99.6995,0.837816,0.0
7.72718,0.00972097,101.152,0.828947,0.0
7.73616,0.00966053,102.354,0.831676,0.0
7.73508,0.00991233,100.551,0.82076,0.0
7.71819,0.00970445,101.402,0.822124,0.0
7.73324,0.00988214,101.336,0.837816,0.0
7.73614,0.00997701,100.217,0.828265,0.0
7.72258,0.00984525,101.352,0.833382,0.0
7.74703,0.00984935,101.636,0.82076,0.0
7.74826,0.0100819,100.768,0.847027,0.0
7.71872,0.00995007,101.369,0.819395,0.0
7.72269,0.00948589,101.853,0.812914,0.0
7.73465,0.00951329,102.371,0.840204,0.0
7.72672,0.0098945,100.1,0.822124,0.0
7.73066,0.00968382,102.321,0.82076,0.0
7.733,0.00961531,101.119,0.857261,0.0
7.72005,0.00993049,102.371,0.827923,0.0
7.71755,0.00981584,100.751,0.824512,0.0
7.72873,0.0093786,102.471,0.819054,0.0
7.7203,0.00981636,100.083,0.794152,0.0
7.71744,0.00984616,101.319,0.830653,0.0
7.7365,0.009582,101.486,0.84191,0.0
7.73378,0.00967328,101.185,0.821442,0.0
7.71961,0.00984655,102.454,0.838157,0.0
7.72606,0.00975234,101.152,0.827241,0.0
7.72485,0.00974785,102.12,0.841569,0.0
7.71883,0.00940847,100.351,0.85692,0.0
7.72858,0.00975754,102.788,0.812231,0.0
7.72912,0.0096224,100.284,0.844639,0.0
7.7227,0.00992014,101.686,0.830653,0.0
7.72673,0.00992997,101.219,0.828606,0.0
7.73911,0.00964218,103.022,0.81769,0.0
7.75211,0.00976964,102.721,0.834405,0.0
7.73982,0.00981467,102.604,0.85112,0.0
7.73129,0.00968187,101.87,0.819736,0.0
7.73811,0.00947626,103.072,0.813255,0.0
7.7412,0.00961303,101.319,0.838499,0.0
7.7442,0.00976119,102.254,0.837134,0.0
7.73216,0.00951582,100.868,0.798927,0.0
7.72199,0.00964244,100.167,0.839863,0.0
7.72632,0.00987271,100.334,0.835428,0.0
7.72543,0.00950684,100.918,0.812573,0.0
7.72693,0.00942519,102.154,0.829629,0.0
7.73768,0.00989743,102.487,0.846686,0.0
7.72883,0.00983764,100.735,0.829629,0.0
7.72275,0.0096686,102.037,0.839181,0.0
7.73784,0.00983002,101.119,0.807797,0.0
7.74766,0.00990173,101.836,0.841228,0.0
7.74153,0.0099867,100.885,0.839181,0.0
7.7449,0.00971297,101.619,0.828947,0.0
7.75403,0.00962051,101.703,0.831676,0.0
7.73381,0.00992717,101.386,0.817007,0.0
7.71151,0.00977348,100.367,0.814278,0.0
7.73522,0.00961466,102.671,0.830653,0.0
7.75269,0.00967836,101.97,0.843957,0.0
7.73302,0.00965539,101.92,0.816325,0.0
7.72825,0.00968259,102.037,0.828947,0.0
7.74881,0.00986718,103.122,0.832358,0.0
7.73959,0.00972612,100.818,0.85112,0.0
7.7232,0.00973809,101.703,0.837475,0.0
7.73477,0.00979534,102.755,0.847368,0.0
7.73145,0.00954549,100.868,0.839522,0.0
7.72033,0.00947249,100.618,0.837816,0.0
7.73076,0.00973126,101.185,0.824853,0.0
7.73262,0.00976548,101.486,0.848391,0.0
7.72953,0.00961609,102.755,0.842251,0.0
7.72381,0.00963737,101.486,0.837816,0.0
7.73414,0.0094993,101.803,0.837475,0.0
7.74056,0.00963294,101.953,0.8269,0.0
7.72498,0.00986692,100.501,0.824171,0.0
7.73303,0.00990979,100.434,0.822465,0.0
7.74594,0.00968168,101.97,0.826559,0.0
7.73468,0.00975565,102.738,0.828606,0.0
7.72185,0.00960145,102.154,0.839863,0.0
7.73965,0.00969313,102.972,0.81769,0.0
7.7519,0.00987681,101.87,0.837134,0.0
7.73077,0.0095058,101.92,0.821101,0.0
7.72932,0.00979365,101.636,0.811549,0.0
7.73268,0.00977342,101.269,0.818372,0.0
7.72439,0.009693,102.204,0.856237,0.0
7.72658,0.00961876,101.903,0.823489,0.0
7.72947,0.00982586,102.104,0.82383,0.0
7.72549,0.00992196,101.052,0.844298,0.0
7.73385,0.0097686,101.386,0.841569,0.0
7.73767,0.0096727,101.085,0.84805,0.0
7.71121,0.00965207,100.367,0.819054,0.0
7.71014,0.00956033,101.269,0.824171,0.0
7.72658,0.00962071,100.267,0.83884,0.0
7.73291,0.0094926,101.853,0.82997,0.0
7.74506,0.0098962,101.87,0.834064,0.0
7.75327,0.00970757,101.202,0.857602,0.0
7.74745,0.00974999,102.988,0.849074,0.0
7.7297,0.00977986,99.616,0.804385,0.0
7.72148,0.00925953,102.771,0.80882,0.0
7.75064,0.00940346,101.836,0.836793,0.0
7.76372,0.00967504,101.953,0.818713,0.0
7.73854,0.00962917,101.97,0.833723,0.0
7.72937,0.00945954,100.684,0.828265,0.0
7.73682,0.0098068,100.768,0.828606,0.0
7.73716,0.00976457,101.269,0.819395,0.0
7.74469,0.00967192,102.12,0.834746,0.0
7.74047,0.00968486,103.005,0.825194,0.0
7.73885,0.00988585,100.301,0.835769,0.0
7.74559,0.00963652,101.82,0.827923,0.0
7.74795,0.00968096,102.237,0.826218,0.0
7.74689,0.00965702,102.771,0.811549,0.0
7.72297,0.00987154,100.401,0.818372,0.0
7.69957,0.0097619,99.8664,0.848391,0.0
7.71141,0.00980888,100.117,0.84191,0.0
7.73488,0.00978897,102.07,0.804044,0.0
7.74435,0.00996575,101.369,0.807797,0.0
7.73696,0.0100263,101.636,0.818713,0.0
7.7198,0.00974843,98.9649,0.836452,0.0
7.72956,0.00976951,101.72,0.825536,0.0
7.73406,0.00999796,100.634,0.838157,0.0
7.72171,0.00962331,102.187,0.842251,0.0
7.73763,0.00972989,101.753,0.829629,0.0
7.74951,0.00993524,102.254,0.82076,0.0
7.73002,0.00989899,101.836,0.844639,0.0
7.72239,0.0097822,102.02,0.843957,0.0
7.72503,0.00982508,100.501,0.827582,0.0
7.72735,0.00988884,102.387,0.836793,0.0
7.73343,0.0097958,100.851,0.828606,0.0
7.72981,0.0097567,100.918,0.833723,0.0
7.73666,0.00981278,102.521,0.839522,0.0
7.73731,0.00967413,101.569,0.821783,0.0
7.73226,0.00984011,101.119,0.839522,0.0
7.73023,0.0098256,101.469,0.831676,0.0
7.71095,0.00973334,100.851,0.815984,0.0
7.71274,0.00989333,100.05,0.831676,0.0
7.73538,0.00980959,102.905,0.860672,0.0
7.72621,0.00985755,100.184,0.829288,0.0
7.71633,0.00948863,102.17,0.83884,0.0
7.72252,0.00978884,100.15,0.824853,0.0
7.73274,0.0095911,101.185,0.837134,0.0
7.74107,0.00965259,100.851,0.843274,0.0
7.71741,0.0100106,99.3322,0.840545,0.0
7.71068,0.00979743,100.417,0.831335,0.0
7.73687,0.00971336,102.671,0.839863,0.0
7.72517,0.00964068,101.068,0.836452,0.0
7.71602,0.00983113,101.419,0.825194,0.0
7.73072,0.00962006,101.786,0.814619,0.0
7.7318,0.00938036,100.751,0.834064,0.0
7.72517,0.0095425,102.821,0.850779,0.0
7.72861,0.00980335,99.8497,0.836452,0.0
7.73573,0.00975663,101.085,0.827582,0.0
7.74111,0.00986074,101.686,0.855214,0.0
7.73744,0.00987668,100.818,0.821442,0.0
7.73919,0.00985156,101.786,0.829629,0.0
7.73424,0.00970555,100.568,0.827582,0.0
7.72833,0.0097645,102.371,0.842251,0.0
7.73068,0.00971434,102.705,0.842592,0.0
7.71709,0.00955395,100.918,0.849415,0.0
7.72499,0.00950704,101.886,0.832017,0.0
7.74869,0.00979606,101.235,0.843615,0.0
7.73422,0.00956098,101.886,0.819395,0.0
7.72353,0.00985547,102.204,0.824171,0.0
7.73104,0.009728,101.135,0.82076,0.0
7.73171,0.00958857,100.301,0.83304,0.0
7.7421,0.00966417,103.489,0.84191,0.0
7.74098,0.00955935,100.735,0.825194,0.0
7.72428,0.00966983,100.568,0.823148,0.0
7.72463,0.00944523,101.336,0.82997,0.0
7.73377,0.00970321,102.187,0.850097,0.0
7.72947,0.0097308,100.117,0.838157,0.0
7.72052,0.00966847,100.651,0.822124,0.0
7.72476,0.00958011,100.985,0.840545,0.0
7.73147,0.00967673,102.404,0.84498,0.0
7.736,0.0097999,101.102,0.803703,0.0
7.74227,0.00983796,101.169,0.844298,0.0
7.73286,0.00978474,102.254,0.843274,0.0
7.72727,0.0096304,101.119,0.809844,0.0
7.72809,0.00958805,101.219,0.824512,0.0
7.73196,0.00973204,101.703,0.82383,0.0
7.73368,0.00976086,100.801,0.815984,0.0
7.72169,0.00945525,101.002,0.825877,0.0
7.72399,0.00944139,99.9833,0.83884,0.0
7.73593,0.00978227,101.636,0.833723,0.0
7.73412,0.0094993,100.985,0.835087,0.0
7.72741,0.00962273,101.803,0.812914,0.0
7.73063,0.0093855,103.289,0.814278,0.0
7.72842,0.00960913,101.903,0.820077,0.0
7.73382,0.00946078,102.471,0.838157,0.0
7.74292,0.00970002,101.152,0.834746,0.0
7.73162,0.00955343,101.937,0.825877,0.0
7.72672,0.0097131,100.25,0.827241,0.0
7.7342,0.00962871,102.821,0.836793,0.0
7.72841,0.00966092,101.786,0.825877,0.0
7.72051,0.00969215,102.354,0.821783,0.0
7.7249,0.00946019,101.519,0.816325,0.0
7.72164,0.0096265,100.618,0.834746,0.0
7.7371,0.00991051,102.07,0.822465,0.0
7.7452,0.00971954,102.087,0.82997,0.0
7.73418,0.00987232,102.688,0.83884,0.0
7.74541,0.00982352,101.853,0.829288,0.0
7.74535,0.00969521,103.589,0.842251,0.0
7.73326,0.00974349,101.102,0.828265,0.0
7.73904,0.00945401,101.669,0.845662,0.0
7.73324,0.00960789,100.0,0.85112,0.0
7.73558,0.00972429,101.686,0.8269,0.0
7.74265,0.0095762,102.654,0.824853,0.0
7.73056,0.0097714,100.301,0.8269,0.0
7.73023,0.00980875,101.419,0.840204,0.0
7.74377,0.00995456,101.302,0.841569,0.0
7.73733,0.00985169,103.573,0.82997,0.0
7.71959,0.00986061,101.669,0.832017,0.0
7.7271,0.00959429,101.636,0.849756,0.0
7.74592,0.00991175,102.788,0.831676,0.0
7.75648,0.00967497,103.139,0.83884,0.0
7.74973,0.00950587,101.285,0.830653,0.0
7.72979,0.00992242,101.836,0.834405,0.0
7.73482,0.00983705,99.8998,0.826559,0.0
7.74036,0.00974407,102.721,0.818031,0.0
7.73004,0.0097943,101.052,0.829629,0.0
7.73363,0.00969807,101.469,0.829288,0.0
7.73008,0.00976093,100.634,0.853508,0.0
7.72246,0.00978337,100.351,0.821783,0.0
7.72862,0.00972267,100.267,0.826218,0.0
7.72882,0.00977641,101.82,0.836793,0.0
7.72322,0.00972397,100.601,0.824512,0.0
7.7345,0.00967588,100.818,0.847027,0.0
7.7409,0.00978838,100.968,0.838499,0.0
7.72521,0.009709,100.751,0.825877,0.0
7.73073,0.00952031,102.554,0.839181,0.0
7.75315,0.00973991,101.987,0.832699,0.0
7.75071,0.00985579,101.569,0.842933,0.0
7.73931,0.00957009,103.923,0.825194,0.0
7.74077,0.0094503,103.389,0.824512,0.0
7.74076,0.00936201,102.755,0.825194,0.0
7.73738,0.00970445,101.653,0.834405,0.0
7.72948,0.00978097,101.085,0.806091,0.0
7.7236,0.0099409,100.818,0.832699,0.0
7.72804,0.00985117,100.785,0.823489,0.0
7.73673,0.00985124,102.237,0.811549,0.0
7.74116,0.00980348,101.285,0.820077,0.0
7.73511,0.00983582,102.421,0.814619,0.0
7.7229,0.00974258,100.668,0.825877,0.0
7.72832,0.00971512,101.386,0.810867,0.0
7.73951,0.00959319,101.252,0.833382,0.0
7.737,0.00982651,101.886,0.836793,0.0
7.73014,0.00959091,101.369,0.807456,0.0
7.73144,0.00977166,102.855,0.827923,0.0
7.7427,0.0096144,100.735,0.843615,0.0
7.73779,0.00935004,102.738,0.844298,0.0
7.72335,0.00948017,101.252,0.850779,0.0
7.72875,0.00974986,100.868,0.837816,0.0
7.72788,0.00983432,101.369,0.820419,0.0
7.7222,0.00964621,102.254,0.827923,0.0
7.73837,0.00938537,100.351,0.828265,0.0
7.73454,0.00973073,101.436,0.824512,0.0
7.72861,0.00962221,101.185,0.82383,0.0
7.74275,0.00998436,101.703,0.84191,0.0
7.72811,0.00990478,101.886,0.832017,0.0
7.728,0.0095952,102.938,0.834405,0.0
7.74745,0.00988722,101.653,0.842592,0.0
7.72732,0.00971427,102.588,0.832358,0.0
7.71079,0.00953827,100.501,0.825877,0.0
7.73125,0.00996634,98.9983,0.800292,0.0
7.73708,0.00990296,100.768,0.806773,0.0
7.71681,0.00964173,101.77,0.847709,0.0
7.72089,0.00950229,102.688,0.83304,0.0
7.73178,0.00960262,101.686,0.845321,0.0
7.73326,0.00984421,103.055,0.831335,0.0
7.74358,0.00979931,100.735,0.82076,0.0
7.7387,0.00971226,101.97,0.837134,0.0
7.72009,0.00989646,100.317,0.822807,0.0
7.72552,0.00948329,101.018,0.811549,0.0
7.74021,0.00953905,101.085,0.843615,0.0
7.72433,0.00983041,100.918,0.838157,0.0
7.7151,0.00975481,100.584,0.827923,0.0
7.72909,0.00964836,102.454,0.821101,0.0
7.71874,0.00963359,100.451,0.837475,0.0
7.70995,0.00984948,101.002,0.837134,0.0
7.73075,0.00958564,101.085,0.841569,0.0
7.7463,0.00990518,102.888,0.838157,0.0
7.75083,0.00987089,101.786,0.835769,0.0
7.73721,0.00962969,101.018,0.814278,0.0
7.73011,0.00982586,100.501,0.827923,0.0
7.73889,0.00959891,102.12,0.830994,0.0
7.73426,0.00992008,99.7496,0.829288,0.0
7.73876,0.00988962,101.886,0.829288,0.0
7.73923,0.0096118,101.503,0.815643,0.0
7.72023,0.00957061,101.703,0.840545,0.0
7.72521,0.00977524,102.337,0.835087,0.0
7.74446,0.00925101,101.386,0.816325,0.0
7.73879,0.00976073,103.222,0.825194,0.0
7.72138,0.00974642,101.586,0.844298,0.0
7.72743,0.00968311,102.922,0.843957,0.0
7.73058,0.00946911,101.586,0.826559,0.0
7.72235,0.00947229,101.319,0.831676,0.0
7.73313,0.00958896,100.968,0.843615,0.0
7.73686,0.00974928,101.953,0.832358,0.0
7.73296,0.00957881,101.603,0.832358,0.0
7.7359,0.00971447,101.285,0.806091,0.0
7.73024,0.00978877,100.317,0.836793,0.0
7.72111,0.00948791,101.72,0.830653,0.0
7.73262,0.00975683,101.569,0.824512,0.0
7.74428,0.00954413,102.571,0.835769,0.0
7.73377,0.00996042,101.903,0.834064,0.0
7.7256,0.00970933,101.119,0.810526,0.0
7.71502,0.00949526,99.7496,0.832017,0.0
7.71532,0.00958323,100.968,0.835428,0.0
7.73387,0.00964836,101.836,0.832017,0.0
7.7263,0.00971531,101.669,0.841228,0.0
7.716,0.00973672,100.05,0.820077,0.0
7.73019,0.00964218,102.538,0.838499,0.0
7.73604,0.00973431,101.452,0.841569,0.0
7.73372,0.00978682,102.17,0.831335,0.0
7.7413,0.00966001,102.371,0.822124,0.0
7.74422,0.00968402,101.586,0.844298,0.0
7.73118,0.00997525,101.269,0.820419,0.0
7.72235,0.00973386,102.27,0.806773,0.0
7.74838,0.00964726,101.903,0.837816,0.0
7.76059,0.0096496,101.803,0.819395,0.0
7.74191,0.00969111,102.204,0.849756,0.0
7.74649,0.0100118,100.918,0.853508,0.0
7.74613,0.00965571,100.718,0.848732,0.0
7.73593,0.00977661,101.553,0.834746,0.0
7.72429,0.00983946,102.304,0.864766,0.0
7.72912,0.00950268,101.553,0.816325,0.0
7.75127,0.00971271,103.84,0.816666,0.0
7.74982,0.00972208,100.768,0.829629,0.0
7.7301,0.00953072,101.219,0.824853,0.0
7.73354,0.00969313,101.886,0.835428,0.0
7.74926,0.00967107,101.903,0.844639,0.0
7.73858,0.00971941,101.937,0.817007,0.0
7.73071,0.00956156,102.07,0.818372,0.0
7.7337,0.00994285,100.835,0.829288,0.0
7.71977,0.00983556,102.287,0.835769,0.0
7.71431,0.00944438,100.451,0.824171,0.0
7.73279,0.0096686,102.337,0.829288,0.0
7.73433,0.00979346,100.25,0.827241,0.0
7.71758,0.00980205,102.337,0.835769,0.0
7.72332,0.0095358,101.753,0.833382,0.0
7.7466,0.00970777,102.053,0.836452,0.0
7.74762,0.00964647,102.437,0.8269,0.0
7.73017,0.00960112,102.22,0.835087,0.0
7.7295,0.00986412,101.152,0.836452,0.0
7.73599,0.00948427,100.801,0.825877,0.0
7.71557,0.0096049,99.3823,0.820419,0.0
7.7085,0.00951628,101.569,0.834064,0.0
7.72827,0.00975845,100.952,0.839181,0.0
7.73356,0.0094831,102.654,0.826218,0.0
7.7255,0.0097567,100.501,0.834746,0.0
7.72053,0.00975422,99.8831,0.831676,0.0
7.72892,0.00976535,101.018,0.815643,0.0
7.73799,0.00968259,102.437,0.845662,0.0
7.73683,0.00994194,102.788,0.837475,0.0
7.73737,0.00968044,101.77,0.837134,0.0
7.71795,0.00941836,101.219,0.815302,0.0
7.70984,0.00970673,102.521,0.833382,0.0
7.72887,0.00997889,101.018,0.829629,0.0
7.73608,0.0100253,99.8831,0.815643,0.0
7.73301,0.00972254,102.487,0.846345,0.0
7.73322,0.00982749,100.284,0.830653,0.0
7.73005,0.00979593,101.185,0.827241,0.0
7.74446,0.0096183,101.97,0.826218,0.0
7.75356,0.00970822,102.237,0.843615,0.0
7.71794,0.00995768,98.6811,0.8269,0.0
7.72244,0.00957204,101.77,0.836452,0.0
7.7431,0.00951224,101.052,0.833382,0.0
7.72746,0.00987219,101.97,0.813255,0.0
7.73031,0.00965767,103.122,0.831335,0.0
7.73745,0.00975956,102.354,0.834064,0.0
7.73127,0.00981909,101.519,0.826559,0.0
7.72439,0.00986653,101.319,0.837134,0.0
7.73014,0.00969235,101.469,0.833723,0.0
7.73333,0.00969007,102.187,0.830653,0.0
7.73229,0.00954289,101.72,0.822465,0.0
7.73231,0.00972052,102.404,0.819395,0.0
7.73112,0.00978123,100.701,0.804044,0.0
7.73051,0.00987752,101.486,0.841228,0.0
7.74299,0.00977765,103.255,0.825877,0.0
7.74212,0.00974095,101.202,0.829288,0.0
7.72949,0.00951251,101.586,0.846686,0.0
7.72807,0.00975878,101.503,0.830994,0.0
7.71734,0.00992619,99.8497,0.810185,0.0
7.72199,0.00958492,101.653,0.828265,0.0
7.74141,0.00980966,100.534,0.809844,0.0
7.73819,0.00995521,100.334,0.819395,0.0
7.72997,0.00956488,101.953,0.835428,0.0
7.73428,0.00992593,101.002,0.829629,0.0
7.72768,0.00982514,101.285,0.850097,0.0
7.72274,0.00973282,101.068,0.825536,0.0
7.72524,0.00983848,102.371,0.819395,0.0
7.72099,0.00986945,99.8331,0.822465,0.0
7.72686,0.0101207,101.402,0.855214,0.0
7.73951,0.00973392,101.953,0.837134,0.0
7.74127,0.00958824,102.654,0.839181,0.0
7.73914,0.00958883,102.321,0.832699,0.0
7.74457,0.00961271,100.968,0.807797,0.0
7.74252,0.00998683,101.553,0.82997,0.0
7.72961,0.0099502,100.751,0.813596,0.0
7.7347,0.00961531,101.569,0.820419,0.0
7.73303,0.00969046,100.885,0.803703,0.0
7.72086,0.00969749,101.603,0.847709,0.0
7.72236,0.00981005,103.222,0.839863,0.0
7.72642,0.00955551,101.753,0.842933,0.0
7.72941,0.00973002,101.052,0.842251,0.0
7.73272,0.00997564,101.068,0.852144,0.0
7.73789,0.00976014,102.538,0.848732,0.0
7.73727,0.00941068,101.619,0.835769,0.0
7.73336,0.00983848,102.604,0.824171,0.0
7.73344,0.00966905,102.104,0.838499,0.0
7.72491,0.00997642,100.851,0.818372,0.0
7.72144,0.00994513,101.553,0.809502,0.0
7.72658,0.00970464,102.187,0.813937,0.0
7.73496,0.00993101,100.568,0.843957,0.0
7.73897,0.00997766,101.753,0.834746,0.0
7.73232,0.00984733,102.404,0.828947,0.0
7.72733,0.00972436,100.601,0.844639,0.0
7.73914,0.00974225,101.77,0.824853,0.0
7.73711,0.00980335,101.052,0.835769,0.0
7.72757,0.00977478,101.319,0.858284,0.0
7.73891,0.00987388,101.369,0.824853,0.0
7.74418,0.00967634,101.987,0.796881,0.0
7.72624,0.00973308,100.534,0.822807,0.0
7.71747,0.00949572,102.387,0.859649,0.0
7.73595,0.009812,100.785,0.840204,0.0
7.75152,0.00948856,102.02,0.85112,0.0
7.73976,0.00992834,100.902,0.809161,0.0
7.72003,0.00977765,101.152,0.844639,0.0
7.7287,0.00974531,102.354,0.851803,0.0
7.74039,0.00963919,101.002,0.831335,0.0
7.72859,0.00968903,101.469,0.853167,0.0
7.7234,0.00962234,101.519,0.833382,0.0
7.73193,0.00961199,102.421,0.82383,0.0
7.73386,0.00958674,102.087,0.82997,0.0
7.72654,0.00958792,102.087,0.836111,0.0
7.73079,0.00966892,101.419,0.834064,0.0
7.73873,0.00951439,102.554,0.833382,0.0
7.74095,0.009701,101.152,0.852144,0.0
7.74251,0.00978454,103.205,0.849756,0.0
7.75,0.00963899,102.638,0.840886,0.0
7.74382,0.00972546,101.469,0.836452,0.0
7.73123,0.00959182,102.805,0.813255,0.0
7.72872,0.00968272,102.087,0.817348,0.0
7.72781,0.00957041,101.469,0.839522,0.0
7.71891,0.00957796,100.417,0.818372,0.0
7.71661,0.00987804,100.902,0.846345,0.0
7.74009,0.00989366,101.235,0.834405,0.0
7.74319,0.00991415,100.584,0.840886,0.0
7.72553,0.00969814,100.902,0.838157,0.0
7.73171,0.00965773,100.15,0.814619,0.0
7.73049,0.00965259,102.254,0.847368,0.0
7.72309,0.00959481,101.553,0.82997,0.0
7.74246,0.0096971,101.386,0.813596,0.0
7.73943,0.00969313,100.785,0.843957,0.0
7.72406,0.00975097,100.885,0.841569,0.0
7.72983,0.00973828,102.304,0.830653,0.0
7.73579,0.00990836,101.703,0.834746,0.0
7.73352,0.00975559,102.154,0.861695,0.0
7.73559,0.00983965,101.87,0.816666,0.0
7.74179,0.00984427,101.503,0.825536,0.0
7.74113,0.00982469,100.668,0.818031,0.0
7.73592,0.00952851,102.437,0.82383,0.0
7.724,0.00967836,101.269,0.835769,0.0
7.72242,0.0096507,101.419,0.841569,0.0
7.74457,0.00987739,100.985,0.809161,0.0
7.73676,0.00942057,101.235,0.839181,0.0
7.72529,0.0097496,102.104,0.840886,0.0
7.73622,0.00976385,101.686,0.832699,0.0
7.74037,0.00966756,101.786,0.828265,0.0
7.74124,0.00993842,102.254,0.847368,0.0
7.7413,0.0096291,102.821,0.835428,0.0
7.74681,0.00953443,100.968,0.828606,0.0
7.74461,0.00964257,102.404,0.83884,0.0
7.73952,0.00974954,102.654,0.834746,0.0
7.7433,0.00986483,102.17,0.852826,0.0
7.74084,0.00967595,100.334,0.839522,0.0
7.73596,0.00970653,101.402,0.839181,0.0
7.73783,0.00968955,101.169,0.849756,0.0
7.73505,0.00974062,101.603,0.830994,0.0
7.73156,0.0100633,101.386,0.836111,0.0
7.7415,0.00962305,103.322,0.816325,0.0
7.73862,0.00990296,100.968,0.838157,0.0
7.72573,0.00948902,100.785,0.832017,0.0
7.73292,0.0096833,101.469,0.827923,0.0
7.74133,0.00987863,101.753,0.842933,0.0
7.72724,0.00970673,99.9833,0.818713,0.0
7.72116,0.00962897,101.703,0.837475,0.0
7.73842,0.00979469,102.421,0.840204,0.0
7.73815,0.00975143,102.104,0.828606,0.0
7.74929,0.00969742,101.486,0.847027,0.0
7.75781,0.00972052,101.669,0.817007,0.0
7.75036,0.00971193,102.654,0.829288,0.0
7.75116,0.00965975,101.72,0.846345,0.0
7.74606,0.00985618,103.222,0.835428,0.0
7.73416,0.00986601,101.586,0.842592,0.0
7.7313,0.00966151,103.289,0.828606,0.0
7.72037,0.00979352,99.9666,0.814278,0.0
7.72464,0.00961459,102.421,0.813255,0.0
7.74002,0.00985039,100.718,0.839181,0.0
7.72557,0.00948505,102.521,0.829288,0.0
7.73432,0.00974407,101.703,0.82997,0.0
7.75318,0.00959696,102.521,0.818372,0.0
7.74915,0.00955825,102.037,0.840886,0.0
7.74101,0.00967953,102.487,0.820419,0.0
7.74215,0.00963418,103.506,0.853508,0.0
7.72634,0.00943313,101.619,0.809161,0.0
7.71671,0.00948928,101.068,0.828606,0.0
7.74096,0.00968519,103.022,0.837134,0.0
7.74902,0.00976216,102.404,0.840204,0.0
7.74171,0.00986958,101.119,0.831676,0.0
7.72744,0.00956182,99.6494,0.806091,0.0
7.73161,0.00971551,102.638,0.84805,0.0
7.75297,0.00968304,103.673,0.84805,0.0
7.74843,0.00969592,102.371,0.84191,0.0
7.73742,0.00979073,100.718,0.835428,0.0
7.73549,0.00981155,101.603,0.846686,0.0
7.73015,0.00991812,100.952,0.817348,0.0
7.72333,0.00966983,100.701,0.803021,0.0
7.72828,0.00990153,103.038,0.834405,0.0
7.72939,0.00978285,101.369,0.821442,0.0
7.71281,0.00963223,100.735,0.839863,0.0
7.71618,0.0096656,100.668,0.822124,0.0
7.73469,0.00979671,103.773,0.827241,0.0
7.74803,0.009839,102.621,0.849074,0.0
7.76154,0.00994467,102.204,0.832699,0.0
7.75611,0.00989021,102.337,0.844639,0.0
7.73863,0.00974778,101.803,0.838499,0.0
7.73711,0.00974876,101.903,0.835087,0.0
7.73261,0.00972553,100.985,0.839181,0.0
7.72262,0.00946566,100.985,0.826559,0.0
7.72349,0.00964869,100.217,0.824512,0.0
7.73877,0.00990433,99.6995,0.828265,0.0
7.73663,0.00971662,101.97,0.832699,0.0
7.72789,0.00964934,101.953,0.830994,0.0
7.73642,0.00969352,100.918,0.832699,0.0
7.72146,0.00956189,100.818,0.845662,0.0
7.71618,0.00946032,101.87,0.818713,0.0
7.7366,0.0101478,102.154,0.828265,0.0
7.73216,0.00993816,100.651,0.823489,0.0
7.72499,0.00974407,100.935,0.828265,0.0
7.72779,0.0094477,101.285,0.822465,0.0
7.71796,0.00982189,102.237,0.819736,0.0
7.73267,0.00950027,102.02,0.81769,0.0
7.73588,0.009861,102.788,0.844639,0.0
7.72521,0.00982085,100.868,0.848391,0.0
7.728,0.00961602,103.155,0.851461,0.0
7.73392,0.00948518,101.586,0.824853,0.0
7.73447,0.00955506,100.684,0.8269,0.0
7.7453,0.00962208,103.506,0.826559,0.0
7.73825,0.00984876,101.135,0.825194,0.0
7.71129,0.00970985,101.536,0.813596,0.0
7.72693,0.00974075,101.553,0.849074,0.0
7.74411,0.00983952,101.937,0.832017,0.0
7.72764,0.00984024,101.486,0.836452,0.0
7.72387,0.00967816,101.486,0.830311,0.0
7.73053,0.0098539,100.851,0.842251,0.0
7.72218,0.00992079,101.653,0.812914,0.0
7.72111,0.00965838,101.536,0.839181,0.0
7.74109,0.0098351,102.12,0.843615,0.0
7.74533,0.00985995,102.07,0.834746,0.0
7.72688,0.00973861,101.937,0.843957,0.0
7.72461,0.00962923,100.467,0.849415,0.0
7.73333,0.00955259,103.088,0.834064,0.0
7.73638,0.00944002,101.836,0.834405,0.0
7.73128,0.00957764,100.484,0.842251,0.0
7.73596,0.00981168,101.636,0.839522,0.0
7.74143,0.00971167,101.386,0.832358,0.0
7.74216,0.00992593,101.519,0.830994,0.0
7.74074,0.00973106,103.105,0.827923,0.0
7.72185,0.00974102,100.467,0.809844,0.0
7.71828,0.00970946,102.07,0.822807,0.0
7.74828,0.00958707,102.538,0.828606,0.0
7.75159,0.00986575,103.205,0.82997,0.0
7.7312,0.00986178,101.152,0.814619,0.0
7.72002,0.00959501,100.935,0.82997,0.0
7.72908,0.00965955,101.736,0.841569,0.0
7.73738,0.0097049,100.918,0.832017,0.0
7.7242,0.00962429,102.955,0.8269,0.0
7.72887,0.00983764,102.604,0.836793,0.0
7.73402,0.0097157,100.134,0.836452,0.0
7.73739,0.00966495,101.653,0.836111,0.0
7.74362,0.00966014,101.369,0.842933,0.0
7.72397,0.00983172,101.903,0.840545,0.0
7.71992,0.00988871,101.736,0.827582,0.0
7.7433,0.00991188,101.452,0.835769,0.0
7.74491,0.00969742,101.87,0.834405,0.0
7.73659,0.0095844,102.27,0.815984,0.0
7.73183,0.00967035,100.618,0.827923,0.0
7.73396,0.00977732,100.417,0.837475,0.0
7.7425,0.00973555,102.104,0.823148,0.0
7.73174,0.00963021,100.651,0.829629,0.0
7.7263,0.00944581,101.302,0.839181,0.0
7.74029,0.00980166,102.187,0.815643,0.0
7.73096,0.00960334,101.068,0.837816,0.0
7.7196,0.0099096,102.154,0.843274,0.0
7.73339,0.00963268,101.486,0.843615,0.0
7.73888,0.00974141,101.152,0.843615,0.0
7.73082,0.00985709,102.471,0.816666,0.0
7.72428,0.00984115,99.616,0.821101,0.0
7.72564,0.0096496,101.886,0.82383,0.0
7.7308,0.00963561,102.154,0.836111,0.0
7.73177,0.00970692,102.037,0.839522,0.0
7.73637,0.00961088,101.302,0.85112,0.0
7.73754,0.00964517,103.372,0.822807,0.0
7.73948,0.00965415,101.553,0.819736,0.0
7.74755,0.00970263,101.085,0.839522,0.0
7.7339,0.00993511,101.369,0.822124,0.0
7.72684,0.00969222,101.235,0.832017,0.0
7.74571,0.00967855,101.102,0.850779,0.0
7.74914,0.00974726,101.853,0.848732,0.0
7.73885,0.00973047,101.953,0.827923,0.0
7.73426,0.00958863,102.588,0.846345,0.0
7.72267,0.00960073,101.319,0.835428,0.0
7.72091,0.0096021,100.267,0.835428,0.0
7.73305,0.0097308,102.087,0.835769,0.0
7.74147,0.00997291,101.953,0.833723,0.0
7.74091,0.00984466,101.252,0.82997,0.0
7.74346,0.00978337,102.471,0.85112,0.0
7.73181,0.00981467,100.801,0.841569,0.0
7.71779,0.0096848,101.619,0.837134,0.0
7.71294,0.00956592,100.25,0.827241,0.0
7.71122,0.00966229,100.234,0.831676,0.0
7.73677,0.00977264,101.553,0.841569,0.0
7.75319,0.00963873,100.134,0.835769,0.0
7.7298,0.00927118,100.851,0.840204,0.0
7.7299,0.00971675,101.169,0.828606,0.0
7.74595,0.00972163,102.22,0.839863,0.0
7.7432,0.0098867,102.905,0.830653,0.0
7.72731,0.00959709,101.169,0.82383,0.0
7.73414,0.00975728,102.104,0.836452,0.0
7.74428,0.00965279,101.653,0.854191,0.0
7.73191,0.00944497,102.104,0.830653,0.0
7.72986,0.00967302,101.185,0.825194,0.0
7.73438,0.00968089,102.12,0.820419,0.0
7.72607,0.010047,101.503,0.81769,0.0
7.7311,0.00996556,100.985,0.839181,0.0
7.74378,0.00983146,101.235,0.84805,0.0
7.73079,0.00968799,100.284,0.836111,0.0
7.72312,0.00983686,100.768,0.822124,0.0
7.74438,0.00968701,101.169,0.819054,0.0
7.74817,0.0097973,102.037,0.831676,0.0
7.73349,0.00952363,101.102,0.824853,0.0
7.73418,0.00958759,102.738,0.834405,0.0
7.7452,0.00938673,102.17,0.815984,0.0
7.7337,0.00988403,99.783,0.80575,0.0
7.73137,0.00982924,101.836,0.828606,0.0
7.74162,0.00973659,102.337,0.842933,0.0
7.7256,0.00975578,102.003,0.838157,0.0
7.72843,0.00966268,100.634,0.847368,0.0
7.73402,0.00977979,102.588,0.844298,0.0
7.72674,0.0098731,101.803,0.845321,0.0
7.72188,0.00976047,101.603,0.855214,0.0
7.72821,0.00982586,102.22,0.827923,0.0
7.73798,0.0097306,101.152,0.827582,0.0
7.72767,0.00963223,101.152,0.82997,0.0
7.72427,0.00950684,102.538,0.835087,0.0
7.72196,0.00974511,100.701,0.844639,0.0
7.72877,0.00988422,102.371,0.819395,0.0
7.74204,0.00977823,101.202,0.840204,0.0
7.7406,0.0099057,101.119,0.828606,0.0
7.72338,0.00949116,102.003,0.823489,0.0
7.7182,0.00949539,103.189,0.834064,0.0
7.72583,0.00976964,102.12,0.847368,0.0
7.73349,0.009644,100.05,0.821783,0.0
7.74075,0.00975422,103.022,0.858284,0.0
7.74827,0.00981402,102.22,0.814278,0.0
7.74397,0.00957666,101.553,0.821783,0.0
7.73489,0.00966528,101.402,0.819395,0.0
7.73078,0.00969866,101.152,0.803362,0.0
7.72974,0.00955766,102.12,0.831676,0.0
7.74688,0.00990849,101.536,0.824853,0.0
7.74553,0.00953131,101.102,0.831335,0.0
7.71807,0.00935036,100.367,0.829288,0.0
7.72517,0.00954458,102.788,0.842251,0.0
7.74263,0.00956736,101.135,0.819054,0.0
7.72909,0.00969996,100.735,0.829629,0.0
7.73167,0.00955057,102.571,0.806091,0.0
7.74951,0.0097997,100.568,0.826218,0.0
7.72745,0.00965233,100.568,0.832699,0.0
7.71459,0.00960405,101.419,0.849415,0.0
7.73499,0.00942707,101.586,0.834746,0.0
7.73356,0.00966912,102.838,0.840204,0.0
7.73047,0.00978136,101.169,0.84191,0.0
7.74256,0.00971492,102.354,0.815643,0.0
7.73773,0.00979196,101.302,0.846003,0.0
7.72536,0.00993283,101.319,0.820077,0.0
7.72102,0.00978266,99.6828,0.819395,0.0
7.72902,0.00983217,101.152,0.825877,0.0
7.73792,0.00973913,102.504,0.834064,0.0
7.72868,0.0102091,101.352,0.838157,0.0
7.71327,0.00970744,100.417,0.84498,0.0
7.72487,0.00975865,102.538,0.840545,0.0
7.73411,0.00978266,101.419,0.842251,0.0
7.7223,0.00980816,100.083,0.833382,0.0
7.72807,0.00974778,101.786,0.831335,0.0
7.72692,0.00964895,100.167,0.813937,0.0
7.7245,0.00972273,101.987,0.831676,0.0
7.74165,0.00959911,101.068,0.835087,0.0
7.7387,0.0098109,101.319,0.828265,0.0
7.72336,0.00972664,99.5993,0.8269,0.0
7.72334,0.00956638,102.087,0.84191,0.0
7.73885,0.00970673,101.519,0.836452,0.0
7.73545,0.00968473,100.918,0.83304,0.0
7.72853,0.0097513,100.484,0.843274,0.0
7.74402,0.00968402,101.803,0.841228,0.0
7.74227,0.00973939,100.551,0.833382,0.0
7.72024,0.00972364,101.536,0.832699,0.0
7.72751,0.00974583,101.736,0.828947,0.0
7.74033,0.00971323,101.92,0.845321,0.0
7.72898,0.00978298,101.269,0.829629,0.0
7.7366,0.00979144,102.972,0.827241,0.0
7.73981,0.00951524,101.786,0.843615,0.0
7.72004,0.00972071,100.851,0.846345,0.0
7.72154,0.0099599,101.903,0.835428,0.0
7.73696,0.00969677,101.686,0.836793,0.0
7.72547,0.00962943,100.401,0.816666,0.0
7.72394,0.00957451,102.538,0.838157,0.0
7.74171,0.00984688,102.588,0.837475,0.0
7.73893,0.009674,100.367,0.847709,0.0
7.72701,0.00968181,100.968,0.815984,0.0
7.73561,0.0096727,101.953,0.828606,0.0
7.73812,0.00960685,101.77,0.838499,0.0
7.72668,0.00985189,102.254,0.838157,0.0
7.72631,0.00968493,101.553,0.861695,0.0
7.73339,0.00988019,101.269,0.820077,0.0
7.73087,0.00971226,101.085,0.842933,0.0
7.73016,0.00947229,101.97,0.82076,0.0
7.73613,0.00989249,101.653,0.827241,0.0
7.72268,0.0095859,99.5826,0.824171,0.0
7.72977,0.00963672,101.669,0.839863,0.0
7.7412,0.00964732,103.456,0.836793,0.0
7.73569,0.00964387,102.604,0.827582,0.0
7.74328,0.00969417,103.022,0.798927,0.0
7.74518,0.00970731,100.868,0.803703,0.0
7.74079,0.00954666,103.189,0.843615,0.0
7.74759,0.00983451,101.169,0.832699,0.0
7.73641,0.0101094,102.387,0.837816,0.0
7.72908,0.00994291,102.654,0.835769,0.0
7.72756,0.00972032,102.538,0.833723,0.0
7.70849,0.00982196,99.8998,0.825536,0.0
7.72989,0.00938342,102.521,0.837816,0.0
7.74858,0.00966105,100.785,0.828606,0.0
7.7119,0.00964765,101.135,0.831676,0.0
7.70272,0.0095805,102.421,0.835428,0.0
7.72494,0.00959572,100.735,0.840886,0.0
7.74134,0.00950424,102.771,0.817348,0.0
7.74351,0.00957978,101.753,0.845662,0.0
7.73383,0.00972943,102.554,0.827923,0.0
7.7308,0.00967458,102.538,0.812573,0.0
7.75026,0.0099528,102.487,0.842251,0.0
7.74877,0.0098135,100.618,0.823489,0.0
7.71772,0.0096727,101.536,0.85112,0.0
7.72266,0.00953385,102.454,0.857602,0.0
7.73465,0.00960301,102.421,0.849074,0.0
7.72018,0.00973731,101.135,0.818372,0.0
7.72076,0.00954725,99.9833,0.814619,0.0
7.72707,0.0094693,101.252,0.835428,0.0
7.72674,0.00978064,100.818,0.810185,0.0
7.73823,0.00983673,102.07,0.833723,0.0
7.73044,0.00966463,101.002,0.833723,0.0
7.72568,0.00980504,101.452,0.847368,0.0
7.74329,0.00973425,102.671,0.806773,0.0
7.72847,0.00980471,101.219,0.818372,0.0
7.71681,0.00990602,101.219,0.817348,0.0
7.74653,0.00954159,102.17,0.829629,0.0
7.75361,0.00959982,102.137,0.816666,0.0
7.72871,0.00964407,101.402,0.825194,0.0
7.72773,0.00952109,101.72,0.815643,0.0
7.73452,0.00983913,101.753,0.813255,0.0
7.72944,0.00969872,102.12,0.852485,0.0
7.73254,0.00993946,102.12,0.828265,0.0
7.7312,0.00980979,101.386,0.847027,0.0
7.71843,0.00961121,100.2,0.840545,0.0
7.71833,0.00961297,101.686,0.837816,0.0
7.73017,0.00961596,100.718,0.814619,0.0
7.7323,0.00971512,100.033,0.834064,0.0
7.74195,0.00968057,102.955,0.846686,0.0
7.7437,0.00989164,101.586,0.829629,0.0
7.73176,0.00971239,101.519,0.819395,0.0
7.72938,0.00992437,101.686,0.846686,0.0
7.72914,0.00987076,102.454,0.830653,0.0
7.72845,0.00974297,102.237,0.823489,0.0
7.74196,0.00984571,101.052,0.837475,0.0
7.73374,0.00979996,99.6494,0.819736,0.0
7.71575,0.00955161,102.421,0.814961,0.0
7.72021,0.00956013,100.351,0.843274,0.0
7.73124,0.00995898,101.119,0.824171,0.0
7.74264,0.0100623,101.97,0.827582,0.0
7.74108,0.00991305,101.252,0.83884,0.0
7.73432,0.00984187,102.304,0.835428,0.0
7.72563,0.00970562,100.518,0.830994,0.0
7.7263,0.00947945,101.97,0.82076,0.0
7.73745,0.00952819,101.386,0.839181,0.0
7.72969,0.00963606,101.402,0.847027,0.0
7.71566,0.0094978,101.82,0.804727,0.0
7.7338,0.00959208,102.387,0.827582,0.0
7.74559,0.00975683,100.467,0.829629,0.0
7.72975,0.00986295,101.052,0.832017,0.0
7.72176,0.00956644,100.584,0.841228,0.0
7.72117,0.00963314,102.02,0.81189,0.0
7.73239,0.00991227,102.337,0.836452,0.0
7.74294,0.00987993,101.469,0.822807,0.0
7.73616,0.00956078,103.339,0.827241,0.0
7.73125,0.00986692,100.935,0.831335,0.0
7.72774,0.00959215,101.553,0.847027,0.0
7.73018,0.00963392,101.92,0.826559,0.0
7.74408,0.00965376,102.671,0.819736,0.0
7.7432,0.00962995,101.352,0.816666,0.0
7.73534,0.00984317,102.037,0.823489,0.0
7.73072,0.00991656,101.235,0.818031,0.0
7.72459,0.00960848,101.185,0.831676,0.0
7.72504,0.00963405,101.402,0.832358,0.0
7.72596,0.0097919,101.252,0.825194,0.0
7.73376,0.00966697,102.22,0.840204,0.0
7.73904,0.00938036,101.72,0.819054,0.0
7.73252,0.00984987,101.386,0.827582,0.0
7.72434,0.00967296,101.786,0.813596,0.0
7.71071,0.00947255,100.768,0.822465,0.0
7.72108,0.00977186,100.584,0.83304,0.0
7.73833,0.00997128,102.538,0.833382,0.0
7.73906,0.00959156,103.022,0.811208,0.0
7.74263,0.00955929,102.337,0.83304,0.0
7.72983,0.00963327,100.367,0.838499,0.0
7.70903,0.00967061,101.018,0.835769,0.0
7.70122,0.00955167,100.751,0.844298,0.0
7.71073,0.00968584,102.104,0.845662,0.0
7.73083,0.00954257,100.1,0.807456,0.0
7.72965,0.00961895,100.634,0.817348,0.0
7.72619,0.00962617,102.187,0.836111,0.0
7.72031,0.00961765,100.584,0.827241,0.0
7.71689,0.00971362,100.885,0.832358,0.0
7.72861,0.0099016,101.169,0.820077,0.0
7.73517,0.00994877,101.068,0.826559,0.0
7.72837,0.00963073,100.751,0.852485,0.0
7.71239,0.0094922,101.72,0.823489,0.0
7.71622,0.00969918,100.434,0.840545,0.0
7.73225,0.00973633,102.354,0.847027,0.0
7.72326,0.00992229,102.204,0.85112,0.0
7.71841,0.00962208,102.938,0.822124,0.0
7.73615,0.00952226,102.938,0.840204,0.0
7.73509,0.0094451,102.654,0.80882,0.0
7.73003,0.00966137,100.768,0.830994,0.0
7.73384,0.0097526,100.868,0.818031,0.0
7.72431,0.00966983,101.786,0.837475,0.0
7.71707,0.00964687,101.953,0.831676,0.0
7.73216,0.00989535,101.82,0.834405,0.0
7.73067,0.00977283,101.669,0.832358,0.0
7.72286,0.00954309,101.569,0.844639,0.0
7.73345,0.00947119,102.087,0.837816,0.0
7.73682,0.00976548,101.452,0.838157,0.0
7.728,0.00957738,101.235,0.823148,0.0
7.73385,0.00967107,101.853,0.828606,0.0
7.73486,0.00970523,100.367,0.825194,0.0
7.72373,0.00974798,101.336,0.815643,0.0
7.73058,0.00978558,101.753,0.818031,0.0
7.74342,0.00965194,101.519,0.823489,0.0
7.7268,0.00978214,101.486,0.836111,0.0
7.71437,0.00972937,100.718,0.836111,0.0
7.7308,0.00958082,101.686,0.839181,0.0
7.73074,0.00961147,98.6311,0.821101,0.0
7.72571,0.00963047,101.636,0.833382,0.0
7.73413,0.00975364,100.918,0.824171,0.0
7.72951,0.0096982,100.568,0.821101,0.0
7.74338,0.0100659,101.052,0.834064,0.0
7.75292,0.0100237,102.287,0.838499,0.0
7.74757,0.00990817,101.836,0.853167,0.0
7.73549,0.00985651,102.17,0.813255,0.0
7.7184,0.00978968,101.486,0.849756,0.0
7.71708,0.00969313,99.783,0.821101,0.0
7.72676,0.00962448,102.037,0.855214,0.0
7.73655,0.00960002,103.122,0.832017,0.0
7.74039,0.00972351,102.137,0.837475,0.0
7.72405,0.00958863,101.252,0.833382,0.0
7.72733,0.00979268,101.669,0.802339,0.0
7.74096,0.0098338,101.669,0.843274,0.0
7.73338,0.00958824,101.002,0.826559,0.0
7.72356,0.00949019,101.119,0.81769,0.0
7.73373,0.00959156,101.603,0.822465,0.0
7.73942,0.00937424,101.486,0.830994,0.0
7.74393,0.00969944,102.821,0.849415,0.0
7.74561,0.00974446,100.501,0.827923,0.0
7.73176,0.00969196,101.419,0.831335,0.0
7.73882,0.00975565,102.237,0.820077,0.0
7.74442,0.00967588,100.751,0.84191,0.0
7.73111,0.00991812,100.584,0.830311,0.0
7.72759,0.00970172,101.72,0.824171,0.0
7.7163,0.00969671,102.154,0.853508,0.0
7.71204,0.00974043,102.003,0.839522,0.0
7.7224,0.00970952,99.7496,0.82997,0.0
7.71801,0.00969931,100.267,0.818713,0.0
7.72375,0.00947366,101.469,0.820419,0.0
7.74379,0.00975936,101.402,0.820419,0.0
7.744,0.00949299,100.918,0.841228,0.0
7.73723,0.0097824,102.17,0.839863,0.0
7.73109,0.00990966,100.868,0.852485,0.0
7.71887,0.00980192,100.584,0.833382,0.0
7.73709,0.00976854,102.721,0.824512,0.0
7.75127,0.00967504,101.219,0.828947,0.0
7.72842,0.00958434,100.935,0.824512,0.0
7.72339,0.00966287,100.768,0.822465,0.0
7.7324,0.00980257,100.534,0.850438,0.0
7.72419,0.00965363,101.703,0.827582,0.0
7.73167,0.00938498,101.402,0.835087,0.0
7.73809,0.00981291,102.22,0.866471,0.0
7.74464,0.00969983,101.736,0.830994,0.0
7.74355,0.00961537,100.167,0.823148,0.0
7.73657,0.00979112,101.953,0.819395,0.0
7.74204,0.00965422,102.12,0.829288,0.0
7.7355,0.009609,101.72,0.82383,0.0
7.72617,0.00976288,101.386,0.835769,0.0
7.73962,0.0100371,102.27,0.839863,0.0
7.74687,0.00957282,100.401,0.824171,0.0
7.73309,0.00972468,100.918,0.825536,0.0
7.73028,0.00990557,100.384,0.825877,0.0
7.72759,0.00960633,101.669,0.834746,0.0
7.71931,0.00958557,100.467,0.822807,0.0
7.72531,0.00942382,101.753,0.834064,0.0
7.75233,0.00980367,102.755,0.851803,0.0
7.75805,0.00973887,101.553,0.859307,0.0
7.72975,0.00939493,101.736,0.852485,0.0
7.71964,0.00962507,102.254,0.810867,0.0
7.72879,0.00961212,100.551,0.844639,0.0
7.73867,0.0097228,100.701,0.824512,0.0
7.72561,0.00979391,100.968,0.823489,0.0
7.7079,0.0095969,101.402,0.817007,0.0
7.73555,0.00967139,102.571,0.831335,0.0
7.7515,0.00973145,100.501,0.853508,0.0
7.72913,0.00954966,101.736,0.837475,0.0
7.73461,0.00959,101.386,0.847027,0.0
7.7446,0.00966404,100.985,0.825536,0.0
7.74135,0.00946885,102.337,0.846686,0.0
7.74162,0.00988566,100.367,0.848391,0.0
7.74447,0.0100726,102.053,0.813937,0.0
7.75179,0.0101569,102.421,0.856237,0.0
7.73587,0.00972494,102.12,0.842251,0.0
7.72617,0.00979827,101.452,0.836452,0.0
7.74085,0.00963776,101.419,0.838499,0.0
7.74332,0.00969521,101.853,0.842933,0.0
7.73371,0.0097103,101.452,0.845321,0.0
7.72603,0.00969117,102.17,0.837134,0.0
7.71244,0.00960262,101.569,0.834405,0.0
7.71657,0.0096995,100.367,0.846003,0.0
7.72881,0.00968115,101.252,0.828947,0.0
7.74091,0.00953612,101.302,0.841569,0.0
7.74992,0.00986217,102.538,0.842933,0.0
7.73825,0.00967257,101.169,0.860331,0.0
7.71398,0.00974329,101.302,0.838499,0.0
7.71605,0.00985338,101.536,0.824853,0.0
7.72677,0.00985696,101.937,0.839863,0.0
7.7339,0.00995092,101.185,0.830994,0.0
7.74502,0.00977251,101.853,0.822124,0.0
7.74463,0.00976001,102.454,0.836111,0.0
7.73409,0.00966092,101.603,0.815984,0.0
7.72527,0.00936559,100.384,0.849074,0.0
7.72546,0.00944165,101.87,0.840204,0.0
7.7224,0.00963567,101.619,0.841228,0.0
7.7212,0.00936494,102.003,0.843957,0.0
7.72946,0.00949695,101.369,0.831676,0.0
7.7254,0.00946201,102.02,0.819736,0.0
7.73161,0.00976346,101.219,0.823489,0.0
7.73979,0.00962058,101.419,0.837816,0.0
7.74111,0.00992411,101.119,0.823148,0.0
7.74578,0.00993172,102.053,0.821783,0.0
7.73425,0.0097971,100.501,0.846003,0.0
7.70322,0.00962533,101.085,0.827582,0.0
7.71761,0.00971479,100.134,0.831335,0.0
7.74113,0.00994623,100.768,0.839522,0.0
7.73863,0.00974759,103.122,0.847368,0.0
7.72702,0.00960119,102.471,0.845662,0.0
7.72332,0.00996094,100.718,0.839522,0.0
7.73082,0.00983679,102.087,0.821442,0.0
7.74051,0.00957054,101.135,0.816666,0.0
7.73677,0.00965109,102.137,0.8269,0.0
7.72554,0.00957458,100.417,0.830653,0.0
7.72404,0.00979203,101.102,0.830653,0.0
7.73371,0.00975728,102.654,0.858284,0.0
7.73455,0.00979411,101.035,0.829288,0.0
7.72904,0.00972273,101.369,0.838499,0.0
7.73664,0.00971343,103.022,0.836452,0.0
7.74013,0.00966567,101.402,0.822807,0.0
7.71367,0.00969013,102.17,0.837134,0.0
7.70396,0.00951817,101.753,0.82383,0.0
7.71832,0.00949565,100.801,0.804727,0.0
7.72324,0.00974128,101.469,0.829629,0.0
7.73546,0.00969326,101.603,0.850779,0.0
7.73759,0.00976808,101.269,0.821101,0.0
7.72979,0.00958564,102.437,0.834405,0.0
7.72617,0.00977303,100.902,0.839181,0.0
7.73582,0.0100084,101.937,0.813255,0.0
7.74514,0.00975032,100.551,0.821783,0.0
7.73916,0.0100046,100.417,0.834064,0.0
7.73718,0.00971453,101.703,0.836452,0.0
7.74014,0.00972065,102.17,0.840886,0.0
7.73665,0.00966944,99.8998,0.826218,0.0
7.72205,0.00952591,103.155,0.835769,0.0
7.73186,0.00962709,100.601,0.823489,0.0
7.74371,0.00978734,101.102,0.827582,0.0
7.73556,0.00942213,100.918,0.825194,0.0
7.73703,0.00960763,101.202,0.840545,0.0
7.73576,0.00964778,100.801,0.851803,0.0
7.72564,0.00960386,101.586,0.846345,0.0
7.72684,0.00964238,102.788,0.82076,0.0
7.73192,0.00964843,103.055,0.826559,0.0
7.73185,0.00959358,101.169,0.8269,0.0
7.73605,0.00971909,101.937,0.833382,0.0
7.74309,0.0095535,102.521,0.850097,0.0
7.74042,0.00977348,101.619,0.827241,0.0
7.72698,0.00955805,102.154,0.834405,0.0
7.72567,0.00957861,101.336,0.837475,0.0
7.7295,0.00967048,100.467,0.831676,0.0
7.73743,0.0097742,102.654,0.828265,0.0
7.748,0.00985436,100.851,0.834064,0.0
7.7306,0.0100023,102.104,0.828265,0.0
7.72569,0.00981109,102.972,0.850097,0.0
7.73802,0.00985735,101.369,0.828265,0.0
7.74524,0.00971824,102.137,0.815984,0.0
7.74549,0.00954465,102.354,0.823148,0.0
7.73115,0.00971525,101.586,0.845662,0.0
7.72165,0.00963912,100.501,0.845662,0.0
7.72417,0.00961173,102.521,0.832358,0.0
7.73167,0.00963613,100.284,0.832358,0.0
7.72806,0.00994337,101.068,0.8269,0.0
7.72249,0.00968168,101.436,0.839181,0.0
7.71652,0.00983243,100.701,0.851461,0.0
7.71446,0.00965968,101.619,0.850097,0.0
7.72144,0.00968493,99.7329,0.815643,0.0
7.73025,0.00983601,101.703,0.838157,0.0
7.75126,0.0100973,100.935,0.827923,0.0
7.75147,0.00966567,103.122,0.835428,0.0
7.73697,0.00961622,100.968,0.830994,0.0
7.73064,0.00948127,102.154,0.819054,0.0
7.71616,0.00969261,100.751,0.819736,0.0
7.70617,0.00968825,98.7479,0.822124,0.0
7.72775,0.00957868,102.638,0.821442,0.0
7.7379,0.00960659,102.07,0.861695,0.0
7.72467,0.0096345,101.536,0.834405,0.0
7.72642,0.00946872,99.8831,0.841228,0.0
7.72156,0.0096794,99.8831,0.84498,0.0
7.71962,0.00983334,100.05,0.840886,0.0
7.73122,0.00970035,101.619,0.819395,0.0
7.73118,0.00964381,101.937,0.838157,0.0
7.72337,0.00974349,102.321,0.834746,0.0
7.72406,0.00954237,101.536,0.829288,0.0
7.73246,0.00972358,100.618,0.828265,0.0
7.73913,0.00985267,102.287,0.850779,0.0
7.73831,0.00978929,102.454,0.828606,0.0
7.73918,0.00972468,101.77,0.843274,0.0
7.74519,0.00982807,101.937,0.828947,0.0
7.74313,0.00978018,101.786,0.816666,0.0
7.72893,0.0095969,101.068,0.837475,0.0
7.72187,0.00967484,101.219,0.819395,0.0
7.72745,0.00960295,103.239,0.826218,0.0
7.72733,0.00969215,101.285,0.829629,0.0
7.72043,0.00969501,100.167,0.826218,0.0
7.73414,0.00974524,101.736,0.834064,0.0
7.73661,0.00974609,100.501,0.815643,0.0
7.73166,0.00976444,101.052,0.846686,0.0
7.73902,0.00975995,101.77,0.853849,0.0
7.73521,0.00971135,101.753,0.833723,0.0
7.73127,0.00953703,101.953,0.834746,0.0
7.73271,0.0094384,102.17,0.828606,0.0
7.73374,0.00967992,100.952,0.814619,0.0
7.73714,0.00954146,102.237,0.838157,0.0
7.7239,0.00949669,100.801,0.815643,0.0
7.70986,0.00977836,100.518,0.833723,0.0
7.72292,0.00964895,102.888,0.854191,0.0
7.73,0.00987492,102.421,0.824512,0.0
7.7326,0.00995423,101.97,0.852144,0.0
7.7355,0.00968499,102.104,0.843615,0.0
7.72982,0.00978012,101.903,0.819395,0.0
7.72314,0.00979515,101.085,0.835428,0.0
7.72781,0.00973431,101.853,0.838499,0.0
7.74036,0.00987466,100.868,0.838157,0.0
7.73457,0.0097634,101.72,0.829288,0.0
7.72456,0.00956391,101.302,0.848732,0.0
7.73007,0.00966046,102.371,0.83304,0.0
7.73446,0.00967601,100.935,0.815302,0.0
7.73172,0.00981408,101.219,0.807797,0.0
7.73093,0.00970295,101.152,0.828265,0.0
7.73481,0.00957777,101.469,0.831335,0.0
7.72433,0.00963593,101.586,0.839522,0.0
7.72173,0.00965741,101.386,0.835087,0.0
7.72565,0.00963854,100.935,0.837816,0.0
7.71373,0.0097593,101.135,0.814619,0.0
7.72115,0.00973633,100.935,0.833723,0.0
7.73483,0.00963437,102.621,0.82383,0.0
7.73137,0.00969378,100.952,0.835087,0.0
7.72449,0.00961739,103.005,0.846686,0.0
7.72221,0.00966281,101.553,0.825536,0.0
7.73193,0.00972794,102.588,0.829288,0.0
7.74877,0.00966137,101.586,0.830311,0.0
7.72984,0.00937509,101.486,0.836111,0.0
7.71286,0.00956332,100.584,0.824853,0.0
7.73426,0.010053,102.321,0.831335,0.0
7.7385,0.00981708,100.317,0.827582,0.0
7.72465,0.00952161,101.469,0.828947,0.0
7.73487,0.00985468,101.536,0.820077,0.0
7.74806,0.0094926,102.17,0.840204,0.0
7.73302,0.00967172,101.553,0.838499,0.0
7.72313,0.00969618,102.538,0.832699,0.0
7.74572,0.00999262,102.454,0.823148,0.0
7.7416,0.00966821,100.868,0.824853,0.0
7.71958,0.00966274,101.269,0.82997,0.0
7.73547,0.00970028,100.134,0.834746,0.0
7.74477,0.0095641,101.736,0.829629,0.0
7.73936,0.00951101,101.452,0.835428,0.0
7.74477,0.0100041,102.254,0.830994,0.0
7.73543,0.00988286,102.12,0.819054,0.0
7.72028,0.0096388,101.686,0.825536,0.0
7.72927,0.00967745,101.018,0.824853,0.0
7.72668,0.00935329,101.953,0.837816,0.0
7.73012,0.00957588,102.404,0.825194,0.0
7.74539,0.00964192,102.22,0.82076,0.0
7.73344,0.00955369,101.836,0.830311,0.0
7.72729,0.0097267,100.401,0.82383,0.0
7.72318,0.00968577,100.751,0.815643,0.0
7.71864,0.00957341,101.285,0.831676,0.0
7.72441,0.00963841,101.72,0.815643,0.0
7.72964,0.00959371,101.068,0.813937,0.0
7.73028,0.00939122,102.237,0.829288,0.0
7.73385,0.00976515,101.119,0.845662,0.0
7.72525,0.0096792,101.569,0.811208,0.0
7.73611,0.00961505,101.72,0.834746,0.0
7.7452,0.00989594,102.471,0.834746,0.0
7.74329,0.00985859,102.538,0.852144,0.0
7.75127,0.00977192,102.454,0.826559,0.0
7.73986,0.00971382,100.718,0.81189,0.0
7.73332,0.00977758,102.003,0.827241,0.0
7.73217,0.00963203,103.172,0.842933,0.0
7.72782,0.00978285,101.352,0.823148,0.0
7.72203,0.00987733,102.604,0.842933,0.0
7.72617,0.00966625,102.287,0.806432,0.0
7.72186,0.00945069,101.369,0.830311,0.0
7.71731,0.00954413,101.252,0.812231,0.0
7.71474,0.00983731,100.451,0.824853,0.0
7.71646,0.00991598,102.371,0.847027,0.0
7.73989,0.00954348,102.521,0.821783,0.0
7.72784,0.00949103,100.785,0.83304,0.0
7.7074,0.00975051,101.603,0.839522,0.0
7.71411,0.00957946,99.399,0.809161,0.0
7.72484,0.00956996,103.422,0.828606,0.0
7.74397,0.00979574,101.252,0.839522,0.0
7.75297,0.00995606,100.501,0.830653,0.0
7.7387,0.00972312,103.005,0.848391,0.0
7.72809,0.00968278,100.334,0.834405,0.0
7.72434,0.00964634,103.339,0.826559,0.0
7.73591,0.00966404,102.053,0.84191,0.0
7.74083,0.00970048,101.669,0.824853,0.0
7.72647,0.00962904,99.6995,0.825877,0.0
7.73135,0.00964257,101.285,0.815643,0.0
7.74291,0.00962702,102.321,0.839181,0.0
7.72186,0.00968708,100.618,0.832699,0.0
7.71509,0.00971616,101.653,0.846003,0.0
7.73335,0.00985794,102.955,0.846686,0.0
7.73823,0.00986893,101.937,0.843274,0.0
7.72794,0.00974121,101.402,0.857943,0.0
7.71706,0.00967972,99.6494,0.813937,0.0
7.72043,0.00977635,101.352,0.8269,0.0
7.7323,0.00987629,101.419,0.829629,0.0
7.73098,0.00977797,101.085,0.825194,0.0
7.73631,0.00971831,102.287,0.840886,0.0
7.72754,0.00959488,101.386,0.8269,0.0
7.72044,0.00949682,100.618,0.835769,0.0
7.72803,0.0097457,101.636,0.82383,0.0
7.73134,0.0097131,100.935,0.837475,0.0
7.72978,0.00985085,100.801,0.833723,0.0
7.73654,0.00961596,100.484,0.848732,0.0
7.74862,0.00969599,102.705,0.825194,0.0
7.71989,0.00961303,99.2321,0.830994,0.0
7.69725,0.00967588,101.068,0.824512,0.0
7.72156,0.00959215,100.217,0.835769,0.0
7.73092,0.0093814,102.22,0.822124,0.0
7.72709,0.00979827,101.302,0.802339,0.0
7.72845,0.009506,102.688,0.818031,0.0
7.74396,0.0097634,102.354,0.829288,0.0
7.73921,0.0098241,101.469,0.822807,0.0
7.7253,0.00992645,101.185,0.830653,0.0
7.7358,0.00956736,102.454,0.82076,0.0
7.73264,0.0102841,102.087,0.832017,0.0
7.72503,0.00995872,102.037,0.853849,0.0
7.74891,0.00959637,100.985,0.823489,0.0
7.74464,0.00968734,102.471,0.830653,0.0
7.72446,0.00967842,101.302,0.822124,0.0
7.73727,0.00961492,101.119,0.841569,0.0
7.7437,0.009571,101.753,0.832699,0.0
7.7279,0.0100131,100.751,0.825877,0.0
7.72223,0.00970647,101.937,0.836111,0.0
7.73623,0.00971193,101.653,0.825536,0.0
7.7358,0.00969163,102.371,0.819736,0.0
7.73127,0.00967315,100.634,0.835087,0.0
7.73142,0.0099409,102.137,0.871247,0.0
7.73977,0.0100319,101.569,0.821442,0.0
7.74195,0.00960047,102.321,0.845321,0.0
7.73818,0.00973679,102.871,0.827582,0.0
7.72943,0.00973861,100.351,0.820419,0.0
7.72491,0.00954705,102.104,0.846686,0.0
7.72933,0.0096846,100.568,0.837816,0.0
7.74293,0.00991467,101.937,0.847368,0.0
7.74026,0.00982066,101.519,0.827923,0.0
7.72572,0.00968363,101.503,0.821783,0.0
7.72483,0.00968792,101.653,0.830994,0.0
7.73632,0.00974049,100.134,0.831335,0.0
7.73583,0.00958648,101.836,0.844298,0.0
7.72551,0.00985644,100.367,0.828606,0.0
7.72613,0.00968974,100.317,0.847027,0.0
7.72097,0.00987056,100.367,0.833723,0.0
7.72164,0.00972638,102.588,0.820419,0.0
7.74276,0.00966346,102.237,0.829288,0.0
7.75259,0.00971896,101.636,0.825877,0.0
7.7353,0.00982775,101.519,0.843615,0.0
7.73672,0.00959611,100.818,0.827923,0.0
7.75161,0.00951875,102.888,0.843957,0.0
7.73243,0.009582,100.351,0.830311,0.0
7.73205,0.0096956,99.783,0.821101,0.0
7.7513,0.0096118,102.871,0.826218,0.0
7.73839,0.00940502,103.022,0.832358,0.0
7.72747,0.00944763,103.072,0.838157,0.0
7.73111,0.00977504,100.618,0.846003,0.0
7.72282,0.00930085,101.686,0.840886,0.0
7.71665,0.00967022,101.119,0.815643,0.0
7.71623,0.00987564,101.219,0.847368,0.0
7.72784,0.00971336,102.321,0.849074,0.0
7.7377,0.00984662,100.935,0.818031,0.0
7.73412,0.00958922,101.886,0.81769,0.0
7.72343,0.00947776,100.234,0.813596,0.0
7.71567,0.0093976,101.686,0.825536,0.0
7.72532,0.00969801,101.185,0.815643,0.0
7.73305,0.00962123,101.603,0.839863,0.0
7.73355,0.00984974,101.402,0.820419,0.0
7.72788,0.00970289,102.07,0.822807,0.0
7.72447,0.00969241,101.619,0.823148,0.0
7.73203,0.00961869,100.818,0.841228,0.0
7.73463,0.00950652,102.187,0.821783,0.0
7.73045,0.00941465,101.452,0.837816,0.0
7.73623,0.00960607,100.851,0.82076,0.0
7.73424,0.00965096,102.671,0.844639,0.0
7.72738,0.00963496,101.102,0.830994,0.0
7.72474,0.00955428,101.285,0.826218,0.0
7.71788,0.00961323,101.436,0.839522,0.0
7.70845,0.00970139,100.701,0.847709,0.0
7.72148,0.0094708,101.402,0.843274,0.0
7.74031,0.00987785,100.735,0.84498,0.0
7.7333,0.00979417,102.07,0.818713,0.0
7.73763,0.00964296,103.038,0.858966,0.0
7.74743,0.00987095,101.92,0.832358,0.0
7.73881,0.00974141,101.987,0.827923,0.0
7.73597,0.00964186,101.619,0.82076,0.0
7.74151,0.00975481,101.653,0.82383,0.0
7.73923,0.00949695,103.172,0.833723,0.0
7.74362,0.00994656,101.553,0.829629,0.0
7.74478,0.00990056,102.003,0.837816,0.0
7.72986,0.00970172,102.371,0.823489,0.0
7.73202,0.00976561,101.937,0.839863,0.0
7.74706,0.00951628,101.536,0.837475,0.0
7.7451,0.00997798,102.053,0.837816,0.0
7.74581,0.00983848,101.836,0.820419,0.0
7.73345,0.00982469,101.402,0.846345,0.0
7.72879,0.00958622,102.371,0.835087,0.0
7.73405,0.00966482,100.334,0.812573,0.0
7.74338,0.00975676,102.621,0.809161,0.0
7.74137,0.00935863,101.987,0.813596,0.0
7.73908,0.00985215,100.451,0.837475,0.0
7.73801,0.00968467,100.935,0.825536,0.0
7.73598,0.00950405,101.72,0.845321,0.0
7.73306,0.00961446,99.783,0.828265,0.0
7.71978,0.00955551,100.501,0.821101,0.0
7.72991,0.00949429,101.77,0.840204,0.0
7.73793,0.00963802,101.82,0.844298,0.0
7.73441,0.00958076,100.284,0.821783,0.0
7.75038,0.00977674,102.671,0.845662,0.0
7.73987,0.00977251,99.1486,0.830311,0.0
7.72678,0.00965311,103.088,0.835428,0.0
7.74244,0.00986152,101.336,0.836793,0.0
7.72884,0.0098295,100.935,0.816325,0.0
7.72356,0.00950697,101.436,0.842592,0.0
7.73169,0.00967712,100.434,0.828606,0.0
7.73723,0.00972202,101.97,0.825194,0.0
7.73246,0.00964257,101.352,0.845662,0.0
7.72416,0.00946546,102.02,0.829629,0.0
7.73715,0.00978253,100.918,0.829629,0.0
7.7295,0.00957315,101.152,0.824512,0.0
7.70296,0.00939643,100.334,0.821101,0.0
7.71194,0.00964979,102.538,0.825877,0.0
7.73612,0.00954536,102.487,0.837475,0.0
7.73688,0.00961401,101.436,0.846003,0.0
7.73844,0.00944067,102.287,0.839863,0.0
7.74594,0.00982397,102.17,0.822465,0.0
7.7306,0.00944959,101.953,0.850097,0.0
7.718,0.00946585,101.803,0.834064,0.0
7.73435,0.00998865,101.903,0.834064,0.0
7.74305,0.00991897,102.487,0.825194,0.0
7.73299,0.0100835,101.219,0.855896,0.0
7.71521,0.00967035,99.616,0.834405,0.0
7.71158,0.00970744,100.651,0.834064,0.0
7.74361,0.0100276,102.07,0.83304,0.0
7.75696,0.00980595,103.139,0.823489,0.0
7.72782,0.00967179,100.467,0.817007,0.0
7.71991,0.00968506,101.018,0.847027,0.0
7.73347,0.00977999,101.853,0.822807,0.0
7.73341,0.0097496,102.938,0.832017,0.0
7.73795,0.00992834,102.154,0.830994,0.0
7.73576,0.00959833,100.534,0.834746,0.0
7.73676,0.00972071,102.187,0.840545,0.0
7.74212,0.00969078,101.72,0.843274,0.0
7.73084,0.00959182,101.419,0.834064,0.0
7.73438,0.00954719,103.255,0.826218,0.0
7.7377,0.0098444,102.371,0.820077,0.0
7.72865,0.00963431,101.836,0.844639,0.0
7.73589,0.00987544,101.319,0.825877,0.0
7.73739,0.00985592,101.135,0.84498,0.0
7.71671,0.00962702,100.551,0.835087,0.0
7.7253,0.00966255,102.821,0.852826,0.0
7.74812,0.00986984,102.788,0.830311,0.0
7.73165,0.00980016,99.6661,0.843957,0.0
7.72201,0.00944952,101.636,0.840886,0.0
7.74349,0.0096075,103.389,0.834064,0.0
7.7392,0.00960809,101.402,0.838157,0.0
7.72359,0.00962559,100.968,0.830311,0.0
7.72554,0.00945356,102.087,0.82997,0.0
7.72499,0.00981018,100.467,0.850779,0.0
7.74051,0.00980432,102.137,0.839522,0.0
7.75976,0.00955454,102.087,0.827582,0.0
7.74437,0.00949787,102.037,0.852144,0.0
7.73887,0.00987999,102.07,0.835769,0.0
7.72366,0.00961687,100.033,0.824512,0.0
7.71618,0.00959364,101.786,0.849415,0.0
7.74652,0.0100129,101.002,0.844639,0.0
7.75197,0.00970692,102.654,0.822465,0.0
7.73704,0.00963997,102.02,0.825877,0.0
7.73551,0.00972429,100.217,0.847027,0.0
7.74042,0.00955369,101.553,0.827241,0.0
7.73446,0.00951211,102.037,0.831676,0.0
7.72369,0.00942701,101.569,0.810867,0.0
7.71534,0.0,100.501,0.0,0.0
7.72723,0.0,101.185,0.0,0.0
7.74325,0.0,100.835,0.0,0.0
7.73361,0.0,101.803,0.0,0.0
7.73127,0.0,101.252,0.0,0.0
7.74211,0.0,101.836,0.0,0.0
7.73266,0.0,100.885,0.0,0.0
7.7258,0.0,102.705,0.0,0.0
7.74178,0.0,100.918,0.0,0.0
7.74229,0.0,102.104,0.0,0.0
7.73189,0.0,101.436,0.0,0.0
7.7235,0.0,100.367,0.0,0.0
7.7232,0.0,100.351,0.0,0.0
7.74627,0.0,102.371,0.0,0.0
7.74949,0.0,99.4825,0.0,0.0
7.73773,0.0,101.319,0.0,0.0
7.74133,0.0,101.285,0.0,0.0
7.72418,0.0,101.519,0.0,0.0
7.71346,0.0,101.119,0.0,0.0
7.73701,0.0,100.301,0.0,0.0
7.74704,0.0,101.636,0.0,0.0
7.72558,0.0,101.302,0.0,0.0
7.73707,0.0,102.621,0.0,0.0
7.74838,0.0,102.671,0.0,0.0
7.73641,0.0,102.02,0.0,0.0
7.73632,0.0,102.053,0.0,0.0
7.72413,0.0,101.803,0.0,0.0
7.71677,0.0,101.386,0.0,0.0
7.73315,0.0,102.087,0.0,0.0
7.72797,0.0,101.252,0.0,0.0
7.70896,0.0,101.018,0.0,0.0
7.72112,0.0,101.519,0.0,0.0
7.73181,0.0,102.721,0.0,0.0
7.7259,0.0,101.102,0.0,0.0
7.74042,0.0,102.621,0.0,0.0
7.74372,0.0,101.77,0.0,0.0
7.72899,0.0,103.189,0.0,0.0
7.73864,0.0,100.918,0.0,0.0
7.74929,0.0,102.604,0.0,0.0
7.73287,0.0,101.336,0.0,0.0
7.71849,0.0,101.686,0.0,0.0
7.71629,0.0,101.202,0.0,0.0
7.72804,0.0,101.436,0.0,0.0
7.73182,0.0,102.454,0.0,0.0
7.72205,0.0,101.386,0.0,0.0
7.72422,0.0,101.803,0.0,0.0
7.73635,0.0,101.252,0.0,0.0
7.74067,0.0,102.988,0.0,0.0
7.73858,0.0,101.119,0.0,0.0
7.73678,0.0,102.387,0.0,0.0
7.73515,0.0,101.82,0.0,0.0
7.75065,0.0,102.087,0.0,0.0
7.7465,0.0,100.217,0.0,0.0
7.72249,0.0,101.102,0.0,0.0
7.73399,0.0,102.354,0.0,0.0
7.74098,0.0,100.902,0.0,0.0
7.72923,0.0,101.77,0.0,0.0
7.72894,0.0,101.97,0.0,0.0
7.72086,0.0,103.055,0.0,0.0
7.73635,0.0,101.052,0.0,0.0
7.73934,0.0,101.269,0.0,0.0
7.72067,0.0,102.638,0.0,0.0
7.73804,0.0,101.97,0.0,0.0
7.74933,0.0,102.321,0.0,0.0
7.73445,0.0,101.452,0.0,0.0
7.7287,0.0,102.404,0.0,0.0
7.7243,0.0,100.684,0.0,0.0
7.72553,0.0,101.169,0.0,0.0
7.72929,0.0,102.003,0.0,0.0
7.7254,0.0,101.92,0.0,0.0
7.7262,0.0,100.718,0.0,0.0
7.72584,0.0,101.736,0.0,0.0
7.73081,0.0,101.436,0.0,0.0
7.73341,0.0,101.336,0.0,0.0
7.72148,0.0,101.285,0.0,0.0
7.71884,0.0,100.868,0.0,0.0
7.73126,0.0,102.104,0.0,0.0
7.73861,0.0,101.753,0.0,0.0
7.74537,0.0,102.955,0.0,0.0
7.72846,0.0,100.618,0.0,0.0
7.70899,0.0,101.97,0.0,0.0
7.71768,0.0,100.434,0.0,0.0
7.72854,0.0,102.254,0.0,0.0
7.72867,0.0,101.703,0.0,0.0
7.7388,0.0,103.356,0.0,0.0
7.74458,0.0,102.003,0.0,0.0
7.73456,0.0,102.07,0.0,0.0
7.7312,0.0,102.053,0.0,0.0
7.7182,0.0,100.618,0.0,0.0
7.72316,0.0,102.571,0.0,0.0
7.73352,0.0,101.469,0.0,0.0
7.71902,0.0,101.653,0.0,0.0
7.72503,0.0,101.469,0.0,0.0
7.73426,0.0,101.135,0.0,0.0
7.73163,0.0,101.486,0.0,0.0
7.73602,0.0,103.406,0.0,0.0
7.72861,0.0,101.87,0.0,0.0
7.71628,0.0,100.818,0.0,0.0
7.7312,0.0,101.72,0.0,0.0
7.74233,0.0,101.336,0.0,0.0
7.72323,0.0,100.234,0.0,0.0
7.72817,0.0,102.487,0.0,0.0
7.73413,0.0,100.701,0.0,0.0
7.72528,0.0,102.487,0.0,0.0
7.73918,0.0,101.336,0.0,0.0
7.74963,0.0,101.352,0.0,0.0
7.73182,0.0,101.786,0.0,0.0
7.72592,0.0,103.005,0.0,0.0
7.73112,0.0,100.568,0.0,0.0
7.74169,0.0,102.07,0.0,0.0
7.74239,0.0,102.137,0.0,0.0
7.72687,0.0,102.337,0.0,0.0
7.73422,0.0,101.686,0.0,0.0
7.74459,0.0,101.97,0.0,0.0
7.74138,0.0,103.606,0.0,0.0
7.73626,0.0,101.252,0.0,0.0
7.73435,0.0,99.4324,0.0,0.0
7.73386,0.0,100.835,0.0,0.0
7.72019,0.0,100.367,0.0,0.0
7.71683,0.0,101.369,0.0,0.0
7.73428,0.0,101.736,0.0,0.0
7.72961,0.0,101.352,0.0,0.0
7.72978,0.0,101.553,0.0,0.0
7.74094,0.0,102.621,0.0,0.0
7.73317,0.0,101.82,0.0,0.0
7.721,0.0,102.17,0.0,0.0
7.72435,0.0,100.818,0.0,0.0
7.72173,0.0,100.818,0.0,0.0
7.7304,0.0,101.92,0.0,0.0
7.73764,0.0,101.87,0.0,0.0
7.72874,0.0,101.352,0.0,0.0
7.72919,0.0,101.202,0.0,0.0
7.73573,0.0,100.601,0.0,0.0
7.73404,0.0,100.15,0.0,0.0
7.73479,0.0,101.419,0.0,0.0
7.74382,0.0,102.688,0.0,0.0
7.74811,0.0,102.02,0.0,0.0
7.7341,0.0,101.686,0.0,0.0
7.73831,0.0,102.437,0.0,0.0
7.73555,0.0,102.487,0.0,0.0
7.71635,0.0,101.052,0.0,0.0
7.7237,0.0,101.736,0.0,0.0
7.73779,0.0,101.436,0.0,0.0
7.74025,0.0,102.805,0.0,0.0
7.72519,0.0,101.252,0.0,0.0
7.71128,0.0,101.92,0.0,0.0
7.72757,0.0,101.402,0.0,0.0
7.73806,0.0,100.234,0.0,0.0
7.72642,0.0,101.686,0.0,0.0
7.71768,0.0,102.154,0.0,0.0
7.72408,0.0,100.584,0.0,0.0
7.73161,0.0,101.135,0.0,0.0
7.73244,0.0,101.503,0.0,0.0
7.73715,0.0,100.801,0.0,0.0
7.72321,0.0,102.187,0.0,0.0
7.70961,0.0,101.235,0.0,0.0
7.73356,0.0,100.618,0.0,0.0
7.74679,0.0,102.671,0.0,0.0
7.73671,0.0,101.77,0.0,0.0
7.73687,0.0,101.285,0.0,0.0
7.73659,0.0,100.851,0.0,0.0
7.71919,0.0,100.751,0.0,0.0
7.71962,0.0,102.053,0.0,0.0
7.74492,0.0,101.703,0.0,0.0
7.75548,0.0,102.421,0.0,0.0
7.73821,0.0,101.319,0.0,0.0
7.7173,0.0,101.72,0.0,0.0
7.72496,0.0,101.836,0.0,0.0
7.73313,0.0,101.97,0.0,0.0
7.73427,0.0,102.187,0.0,0.0
7.72618,0.0,100.267,0.0,0.0
7.71653,0.0,101.803,0.0,0.0
7.72565,0.0,101.102,0.0,0.0
7.73421,0.0,101.503,0.0,0.0
7.73875,0.0,100.868,0.0,0.0
7.7337,0.0,101.436,0.0,0.0
7.724,0.0,101.252,0.0,0.0
7.72428,0.0,101.653,0.0,0.0
7.72457,0.0,101.669,0.0,0.0
7.72031,0.0,101.002,0.0,0.0
7.72082,0.0,102.671,0.0,0.0
7.72637,0.0,102.254,0.0,0.0
7.72993,0.0,101.669,0.0,0.0
7.73535,0.0,103.606,0.0,0.0
7.72264,0.0,100.968,0.0,0.0
7.71454,0.0,100.952,0.0,0.0
7.73847,0.0,102.855,0.0,0.0
7.73715,0.0,101.72,0.0,0.0
7.72868,0.0,102.387,0.0,0.0
7.73005,0.0,101.452,0.0,0.0
7.7238,0.0,102.955,0.0,0.0
7.72952,0.0,102.738,0.0,0.0
7.72984,0.0,100.735,0.0,0.0
7.72658,0.0,101.97,0.0,0.0
7.73459,0.0,100.968,0.0,0.0
7.7289,0.0,100.801,0.0,0.0
7.72887,0.0,101.285,0.0,0.0
7.75011,0.0,102.521,0.0,0.0
7.74318,0.0,100.434,0.0,0.0
7.73142,0.0,102.187,0.0,0.0
7.73852,0.0,101.619,0.0,0.0
7.74652,0.0,102.588,0.0,0.0
7.73529,0.0,101.419,0.0,0.0
7.71822,0.0,101.419,0.0,0.0
7.72447,0.0,101.987,0.0,0.0
7.7357,0.0,100.601,0.0,0.0
7.73404,0.0,101.953,0.0,0.0
7.73571,0.0,101.636,0.0,0.0
7.73299,0.0,101.636,0.0,0.0
7.72316,0.0,102.387,0.0,0.0
7.72213,0.0,101.285,0.0,0.0
7.7301,0.0,101.052,0.0,0.0
7.72172,0.0,101.636,0.0,0.0
7.72113,0.0,101.068,0.0,0.0
7.72842,0.0,101.72,0.0,0.0
7.71767,0.0,100.351,0.0,0.0
7.71573,0.0,101.319,0.0,0.0
7.73481,0.0,101.92,0.0,0.0
7.72555,0.0,99.6661,0.0,0.0
7.7268,0.0,102.22,0.0,0.0
7.74634,0.0,100.835,0.0,0.0
7.73486,0.0,101.018,0.0,0.0
7.72524,0.0,102.538,0.0,0.0
7.73111,0.0,101.503,0.0,0.0
7.7198,0.0,100.05,0.0,0.0
7.71888,0.0,101.92,0.0,0.0
7.73103,0.0,100.668,0.0,0.0
7.72803,0.0,101.536,0.0,0.0
7.72483,0.0,101.886,0.0,0.0
7.73308,0.0,101.97,0.0,0.0
7.72587,0.0,100.918,0.0,0.0
7.74362,0.0,102.554,0.0,0.0
7.74481,0.0,101.703,0.0,0.0
7.7128,0.0,101.219,0.0,0.0
7.71811,0.0,100.851,0.0,0.0
7.72844,0.0,101.836,0.0,0.0
7.72238,0.0,101.002,0.0,0.0
7.72854,0.0,102.304,0.0,0.0
7.73774,0.0,100.467,0.0,0.0
7.73433,0.0,101.419,0.0,0.0
7.748,0.0,101.102,0.0,0.0
7.73933,0.0,100.684,0.0,0.0
7.72434,0.0,102.354,0.0,0.0
7.74598,0.0,100.551,0.0,0.0
7.74681,0.0,101.285,0.0,0.0
7.72697,0.0,100.885,0.0,0.0
7.74151,0.0,100.918,0.0,0.0
7.75311,0.0,102.454,0.0,0.0
7.72774,0.0,101.636,0.0,0.0
7.72072,0.0,99.6995,0.0,0.0
7.7339,0.0,102.304,0.0,0.0
7.73306,0.0,100.918,0.0,0.0
7.73151,0.0,99.7663,0.0,0.0
7.74518,0.0,103.706,0.0,0.0
7.75587,0.0,101.619,0.0,0.0
7.73324,0.0,101.586,0.0,0.0
7.72283,0.0,101.102,0.0,0.0
7.73733,0.0,99.8998,0.0,0.0
7.73366,0.0,100.935,0.0,0.0
7.73645,0.0,101.853,0.0,0.0
7.74048,0.0,100.1,0.0,0.0
7.72349,0.0,101.569,0.0,0.0
7.71944,0.0,102.12,0.0,0.0
7.72922,0.0,101.653,0.0,0.0
7.74102,0.0,102.17,0.0,0.0
7.74711,0.0,102.187,0.0,0.0
7.7316,0.0,100.835,0.0,0.0
7.72416,0.0,101.169,0.0,0.0
7.73234,0.0,102.02,0.0,0.0
7.7305,0.0,102.053,0.0,0.0
7.72682,0.0,101.018,0.0,0.0
7.73047,0.0,101.703,0.0,0.0
7.73136,0.0,103.94,0.0,0.0
7.72884,0.0,101.369,0.0,0.0
7.73646,0.0,101.319,0.0,0.0
7.73833,0.0,101.152,0.0,0.0
7.72274,0.0,99.8164,0.0,0.0
7.72298,0.0,101.319,0.0,0.0
7.73046,0.0,102.087,0.0,0.0
7.73235,0.0,101.92,0.0,0.0
7.72517,0.0,102.654,0.0,0.0
7.71526,0.0,101.085,0.0,0.0
7.71894,0.0,101.119,0.0,0.0
7.73446,0.0,100.267,0.0,0.0
7.72666,0.0,101.285,0.0,0.0
7.71752,0.0,101.553,0.0,0.0
7.73142,0.0,101.92,0.0,0.0
7.73652,0.0,101.219,0.0,0.0
7.73146,0.0,101.786,0.0,0.0
7.72755,0.0,101.553,0.0,0.0
7.73785,0.0,102.437,0.0,0.0
7.75036,0.0,101.419,0.0,0.0
7.74065,0.0,100.952,0.0,0.0
7.73536,0.0,102.053,0.0,0.0
7.72812,0.0,100.818,0.0,0.0
7.7263,0.0,100.384,0.0,0.0
7.73875,0.0,101.018,0.0,0.0
7.72792,0.0,99.3489,0.0,0.0
7.72463,0.0,101.219,0.0,0.0
7.74205,0.0,101.803,0.0,0.0
7.72746,0.0,101.669,0.0,0.0
7.71304,0.0,101.369,0.0,0.0
7.72344,0.0,100.768,0.0,0.0
7.7157,0.0,101.503,0.0,0.0
7.71906,0.0,101.503,0.0,0.0
7.73194,0.0,101.336,0.0,0.0
7.72516,0.0,100.718,0.0,0.0
7.72272,0.0,101.636,0.0,0.0
7.72825,0.0,102.421,0.0,0.0
7.72159,0.0,100.718,0.0,0.0
7.71697,0.0,100.918,0.0,0.0
7.736,0.0,102.838,0.0,0.0
7.74347,0.0,102.053,0.0,0.0
7.73743,0.0,102.521,0.0,0.0
7.73334,0.0,102.12,0.0,0.0
7.73266,0.0,101.252,0.0,0.0
7.73245,0.0,101.619,0.0,0.0
7.73453,0.0,100.684,0.0,0.0
7.73773,0.0,101.035,0.0,0.0
7.74412,0.0,102.538,0.0,0.0
7.73898,0.0,100.033,0.0,0.0
7.73228,0.0,102.137,0.0,0.0
7.73168,0.0,101.402,0.0,0.0
7.72952,0.0,102.421,0.0,0.0
7.72977,0.0,103.306,0.0,0.0
7.73602,0.0,101.553,0.0,0.0
7.73825,0.0,101.386,0.0,0.0
7.73772,0.0,101.302,0.0,0.0
7.73301,0.0,102.337,0.0,0.0
7.73138,0.0,101.252,0.0,0.0
7.73814,0.0,101.519,0.0,0.0
7.73241,0.0,101.786,0.0,0.0
7.72317,0.0,101.603,0.0,0.0
7.73455,0.0,100.952,0.0,0.0
7.74147,0.0,102.387,0.0,0.0
7.73362,0.0,101.386,0.0,0.0
7.72177,0.0,100.868,0.0,0.0
7.71982,0.0,102.07,0.0,0.0
7.73152,0.0,101.937,0.0,0.0
7.73191,0.0,101.135,0.0,0.0
7.7309,0.0,101.169,0.0,0.0
7.73602,0.0,102.053,0.0,0.0
7.73699,0.0,101.285,0.0,0.0
7.71764,0.0,101.653,0.0,0.0
7.7136,0.0,102.037,0.0,0.0
7.73188,0.0,100.835,0.0,0.0
7.73767,0.0,100.15,0.0,0.0
7.73633,0.0,102.671,0.0,0.0
7.73757,0.0,101.603,0.0,0.0
7.73561,0.0,101.82,0.0,0.0
7.74236,0.0,102.421,0.0,0.0
7.74808,0.0,100.1,0.0,0.0
7.72568,0.0,101.903,0.0,0.0
7.71229,0.0,102.137,0.0,0.0
7.71194,0.0,100.801,0.0,0.0
7.71658,0.0,102.22,0.0,0.0
7.72904,0.0,102.454,0.0,0.0
7.74082,0.0,101.569,0.0,0.0
7.73764,0.0,101.002,0.0,0.0
7.73445,0.0,102.237,0.0,0.0
7.74157,0.0,101.436,0.0,0.0
7.73462,0.0,102.254,0.0,0.0
7.72595,0.0,101.486,0.0,0.0
7.72112,0.0,101.419,0.0,0.0
7.72899,0.0,102.871,0.0,0.0
7.74259,0.0,100.668,0.0,0.0
7.73641,0.0,101.503,0.0,0.0
7.72967,0.0,99.399,0.0,0.0
7.73029,0.0,102.604,0.0,0.0
7.72131,0.0,101.018,0.0,0.0
7.72659,0.0,101.553,0.0,0.0
7.74331,0.0,102.087,0.0,0.0
7.73542,0.0,102.471,0.0,0.0
7.72735,0.0,101.753,0.0,0.0
7.74269,0.0,102.02,0.0,0.0
7.74787,0.0,101.636,0.0,0.0
7.73586,0.0,102.254,0.0,0.0
7.74188,0.0,101.018,0.0,0.0
7.7432,0.0,101.669,0.0,0.0
7.72455,0.0,101.269,0.0,0.0
7.72996,0.0,102.087,0.0,0.0
7.73436,0.0,101.786,0.0,0.0
7.72005,0.0,101.285,0.0,0.0
7.72609,0.0,100.317,0.0,0.0
7.7421,0.0,102.972,0.0,0.0
7.73997,0.0,101.185,0.0,0.0
7.73206,0.0,100.735,0.0,0.0
7.73661,0.0,101.987,0.0,0.0
7.72788,0.0,101.569,0.0,0.0
7.72558,0.0,101.102,0.0,0.0
7.73922,0.0,102.02,0.0,0.0
7.73091,0.0,100.083,0.0,0.0
7.73032,0.0,101.436,0.0,0.0
7.74101,0.0,102.688,0.0,0.0
7.73068,0.0,101.319,0.0,0.0
7.73007,0.0,101.452,0.0,0.0
7.72103,0.0,102.688,0.0,0.0
7.71053,0.0,102.571,0.0,0.0
7.7199,0.0,100.801,0.0,0.0
7.7267,0.0,101.002,0.0,0.0
7.72014,0.0,100.818,0.0,0.0
7.71074,0.0,100.701,0.0,0.0
7.72802,0.0,102.27,0.0,0.0
7.73455,0.0,100.768,0.0,0.0
7.71766,0.0,100.651,0.0,0.0
7.73239,0.0,100.851,0.0,0.0
7.75109,0.0,102.304,0.0,0.0
7.72311,0.0,100.851,0.0,0.0
7.72362,0.0,99.4825,0.0,0.0
7.73273,0.0,102.12,0.0,0.0
7.73921,0.0,102.137,0.0,0.0
7.74463,0.0,101.486,0.0,0.0
7.73056,0.0,101.169,0.0,0.0
7.72807,0.0,101.185,0.0,0.0
7.72897,0.0,100.918,0.0,0.0
7.72059,0.0,102.037,0.0,0.0
7.71863,0.0,101.586,0.0,0.0
7.71922,0.0,101.252,0.0,0.0
7.73184,0.0,102.471,0.0,0.0
7.72982,0.0,99.3656,0.0,0.0
7.72245,0.0,101.953,0.0,0.0
7.73883,0.0,101.369,0.0,0.0
7.74795,0.0,101.185,0.0,0.0
7.73857,0.0,102.337,0.0,0.0
7.74561,0.0,101.035,0.0,0.0
7.73668,0.0,102.454,0.0,0.0
7.73169,0.0,100.818,0.0,0.0
7.73659,0.0,100.935,0.0,0.0
7.73407,0.0,102.087,0.0,0.0
7.74941,0.0,101.92,0.0,0.0
7.74626,0.0,100.902,0.0,0.0
7.7365,0.0,101.937,0.0,0.0
7.74197,0.0,103.038,0.0,0.0
7.73771,0.0,101.836,0.0,0.0
7.72284,0.0,103.422,0.0,0.0
7.74779,0.0,102.471,0.0,0.0
7.74676,0.0,101.319,0.0,0.0
7.7258,0.0,103.088,0.0,0.0
7.73849,0.0,100.902,0.0,0.0
7.73455,0.0,101.269,0.0,0.0
7.73268,0.0,101.87,0.0,0.0
7.7433,0.0,100.167,0.0,0.0
7.73,0.0,101.686,0.0,0.0
7.72605,0.0,101.452,0.0,0.0
7.73127,0.0,100.918,0.0,0.0
7.72349,0.0,100.083,0.0,0.0
7.72281,0.0,100.885,0.0,0.0
7.72809,0.0,101.269,0.0,0.0
7.72546,0.0,100.952,0.0,0.0
7.73473,0.0,102.972,0.0,0.0
7.7479,0.0,101.519,0.0,0.0
7.73079,0.0,101.97,0.0,0.0
7.72356,0.0,101.102,0.0,0.0
7.72337,0.0,100.0,0.0,0.0
7.7173,0.0,102.237,0.0,0.0
7.72515,0.0,101.436,0.0,0.0
7.73626,0.0,103.038,0.0,0.0
7.74607,0.0,101.77,0.0,0.0
7.74399,0.0,102.087,0.0,0.0
7.75005,0.0,102.154,0.0,0.0
7.75715,0.0,102.838,0.0,0.0
7.74506,0.0,101.82,0.0,0.0
7.73803,0.0,101.402,0.0,0.0
7.74684,0.0,101.703,0.0,0.0
7.75858,0.0,100.534,0.0,0.0
7.74166,0.0,103.84,0.0,0.0
7.72172,0.0,100.083,0.0,0.0
7.72896,0.0,102.654,0.0,0.0
7.73868,0.0,101.937,0.0,0.0
7.74482,0.0,102.22,0.0,0.0
7.74468,0.0,102.571,0.0,0.0
7.74372,0.0,101.653,0.0,0.0
7.73772,0.0,101.018,0.0,0.0
7.71771,0.0,101.569,0.0,0.0
7.71296,0.0,102.254,0.0,0.0
7.72691,0.0,101.269,0.0,0.0
7.72828,0.0,101.736,0.0,0.0
7.72798,0.0,102.003,0.0,0.0
7.73112,0.0,100.551,0.0,0.0
7.73646,0.0,101.085,0.0,0.0
7.74236,0.0,102.604,0.0,0.0
7.73606,0.0,101.202,0.0,0.0
7.72944,0.0,99.9499,0.0,0.0
7.722,0.0,100.417,0.0,0.0
7.73783,0.0,101.603,0.0,0.0
7.7541,0.0,101.402,0.0,0.0
7.73366,0.0,101.269,0.0,0.0
7.73181,0.0,101.469,0.0,0.0
7.7464,0.0,100.985,0.0,0.0
7.75507,0.0,102.187,0.0,0.0
7.74753,0.0,102.705,0.0,0.0
7.73042,0.0,100.434,0.0,0.0
7.74315,0.0,102.471,0.0,0.0
7.74949,0.0,100.634,0.0,0.0
7.73199,0.0,101.82,0.0,0.0
7.73582,0.0,101.786,0.0,0.0
7.74501,0.0,101.319,0.0,0.0
7.72719,0.0,101.352,0.0,0.0
7.73028,0.0,101.085,0.0,0.0
7.74402,0.0,101.836,0.0,0.0
7.74051,0.0,101.319,0.0,0.0
7.73675,0.0,101.536,0.0,0.0
7.73203,0.0,101.619,0.0,0.0
7.73428,0.0,100.701,0.0,0.0
7.73824,0.0,100.351,0.0,0.0
7.72909,0.0,100.15,0.0,0.0
7.72436,0.0,100.217,0.0,0.0
7.73549,0.0,101.836,0.0,0.0
7.73918,0.0,101.152,0.0,0.0
7.74178,0.0,101.018,0.0,0.0
7.74505,0.0,102.654,0.0,0.0
7.73257,0.0,101.536,0.0,0.0
7.72425,0.0,102.721,0.0,0.0
7.73605,0.0,100.968,0.0,0.0
7.73812,0.0,102.922,0.0,0.0
7.74476,0.0,101.953,0.0,0.0
7.73711,0.0,101.553,0.0,0.0
7.71633,0.0,101.937,0.0,0.0
7.73596,0.0,101.503,0.0,0.0
7.74924,0.0,100.568,0.0,0.0
7.73417,0.0,101.569,0.0,0.0
7.73597,0.0,99.7496,0.0,0.0
7.73424,0.0,102.404,0.0,0.0
7.73002,0.0,101.703,0.0,0.0
7.72828,0.0,100.718,0.0,0.0
7.72771,0.0,103.372,0.0,0.0
7.7357,0.0,101.235,0.0,0.0
7.72927,0.0,101.603,0.0,0.0
7.72308,0.0,102.738,0.0,0.0
7.73008,0.0,100.618,0.0,0.0
7.72933,0.0,101.285,0.0,0.0
7.73013,0.0,102.321,0.0,0.0
7.73941,0.0,101.052,0.0,0.0
7.73055,0.0,101.503,0.0,0.0
7.71852,0.0,101.553,0.0,0.0
7.73398,0.0,102.17,0.0,0.0
7.73516,0.0,102.437,0.0,0.0
7.71853,0.0,101.987,0.0,0.0
7.72781,0.0,101.836,0.0,0.0
7.73736,0.0,100.968,0.0,0.0
7.72018,0.0,101.169,0.0,0.0
7.72139,0.0,101.836,0.0,0.0
7.73718,0.0,100.902,0.0,0.0
7.73312,0.0,101.553,0.0,0.0
7.7264,0.0,101.469,0.0,0.0
7.72358,0.0,100.835,0.0,0.0
7.71597,0.0,101.753,0.0,0.0
7.71296,0.0,99.8497,0.0,0.0
7.72562,0.0,100.033,0.0,0.0
7.73229,0.0,101.886,0.0,0.0
7.73309,0.0,103.272,0.0,0.0
7.7321,0.0,99.8497,0.0,0.0
7.73356,0.0,102.905,0.0,0.0
7.7299,0.0,100.367,0.0,0.0
7.72754,0.0,101.386,0.0,0.0
7.73428,0.0,101.202,0.0,0.0
7.7154,0.0,101.886,0.0,0.0
7.71939,0.0,101.886,0.0,0.0
7.74467,0.0,100.017,0.0,0.0
7.73512,0.0,103.372,0.0,0.0
7.72844,0.0,102.821,0.0,0.0
7.7463,0.0,102.22,0.0,0.0
7.73943,0.0,102.538,0.0,0.0
7.71773,0.0,102.204,0.0,0.0
7.72267,0.0,100.968,0.0,0.0
7.73754,0.0,103.155,0.0,0.0
7.74085,0.0,101.336,0.0,0.0
7.73395,0.0,102.588,0.0,0.0
7.73972,0.0,103.005,0.0,0.0
7.73583,0.0,101.336,0.0,0.0
7.72232,0.0,101.002,0.0,0.0
7.73085,0.0,101.402,0.0,0.0
7.73128,0.0,99.3823,0.0,0.0
7.71114,0.0,100.301,0.0,0.0
7.72135,0.0,100.334,0.0,0.0
7.73882,0.0,101.302,0.0,0.0
7.7325,0.0,102.387,0.0,0.0
7.73991,0.0,102.087,0.0,0.0
7.74167,0.0,101.469,0.0,0.0
7.71729,0.0,101.285,0.0,0.0
7.71108,0.0,101.252,0.0,0.0
7.72982,0.0,103.489,0.0,0.0
7.73041,0.0,99.616,0.0,0.0
7.72057,0.0,101.002,0.0,0.0
7.71969,0.0,100.334,0.0,0.0
7.72186,0.0,101.402,0.0,0.0
7.72818,0.0,102.07,0.0,0.0
7.72368,0.0,101.82,0.0,0.0
7.73224,0.0,102.855,0.0,0.0
7.74688,0.0,101.886,0.0,0.0
7.73149,0.0,100.751,0.0,0.0
7.72228,0.0,102.538,0.0,0.0
7.72904,0.0,101.586,0.0,0.0
7.72904,0.0,102.404,0.0,0.0
7.71961,0.0,100.835,0.0,0.0
7.71349,0.0,102.02,0.0,0.0
7.72971,0.0,101.102,0.0,0.0
7.74419,0.0,102.504,0.0,0.0
7.73406,0.0,100.484,0.0,0.0
7.72735,0.0,101.185,0.0,0.0
7.74806,0.0,102.053,0.0,0.0
7.74511,0.0,101.519,0.0,0.0
7.74182,0.0,102.871,0.0,0.0
7.74475,0.0,101.703,0.0,0.0
7.727,0.0,101.402,0.0,0.0
7.73512,0.0,102.037,0.0,0.0
7.75669,0.0,101.987,0.0,0.0
7.75495,0.0,101.369,0.0,0.0
7.73053,0.0,100.134,0.0,0.0
7.72509,0.0,102.087,0.0,0.0
7.73971,0.0,101.269,0.0,0.0
7.72886,0.0,101.402,0.0,0.0
7.7342,0.0,102.721,0.0,0.0
7.74476,0.0,101.402,0.0,0.0
7.7384,0.0,103.472,0.0,0.0
7.73038,0.0,100.217,0.0,0.0
7.73659,0.0,103.406,0.0,0.0
7.74495,0.0,102.755,0.0,0.0
7.73132,0.0,101.336,0.0,0.0
7.71417,0.0,100.284,0.0,0.0
7.72561,0.0,100.451,0.0,0.0
7.73752,0.0,101.269,0.0,0.0
7.73603,0.0,103.072,0.0,0.0
7.7338,0.0,100.701,0.0,0.0
7.72668,0.0,101.068,0.0,0.0
7.73506,0.0,101.636,0.0,0.0
7.73369,0.0,101.503,0.0,0.0
7.72932,0.0,103.172,0.0,0.0
7.75251,0.0,101.886,0.0,0.0
7.74506,0.0,101.987,0.0,0.0
7.72906,0.0,101.352,0.0,0.0
7.72562,0.0,101.135,0.0,0.0
7.7323,0.0,100.785,0.0,0.0
7.73944,0.0,101.052,0.0,0.0
7.72758,0.0,100.684,0.0,0.0
7.72739,0.0,101.169,0.0,0.0
7.73174,0.0,101.586,0.0,0.0
7.73367,0.0,101.402,0.0,0.0
7.73842,0.0,101.436,0.0,0.0
7.72157,0.0,102.22,0.0,0.0
7.70773,0.0,101.119,0.0,0.0
7.73553,0.0,101.319,0.0,0.0
7.74358,0.0,101.319,0.0,0.0
7.72767,0.0,101.536,0.0,0.0
7.73511,0.0,100.902,0.0,0.0
7.74902,0.0,103.072,0.0,0.0
7.744,0.0,100.217,0.0,0.0
7.72681,0.0,100.15,0.0,0.0
7.72983,0.0,101.753,0.0,0.0
7.73594,0.0,101.569,0.0,0.0
7.74293,0.0,103.172,0.0,0.0
7.7377,0.0,101.452,0.0,0.0
7.73077,0.0,101.937,0.0,0.0
7.7412,0.0,102.354,0.0,0.0
7.73584,0.0,101.252,0.0,0.0
7.72715,0.0,101.97,0.0,0.0
7.73801,0.0,101.068,0.0,0.0
7.73452,0.0,101.018,0.0,0.0
7.73456,0.0,101.336,0.0,0.0
7.73757,0.0,101.319,0.0,0.0
7.73024,0.0,100.601,0.0,0.0
7.73465,0.0,102.254,0.0,0.0
7.74555,0.0,101.903,0.0,0.0
7.73443,0.0,101.786,0.0,0.0
7.73093,0.0,101.386,0.0,0.0
7.74373,0.0,102.237,0.0,0.0
7.73407,0.0,101.603,0.0,0.0
7.72206,0.0,101.786,0.0,0.0
7.72217,0.0,100.067,0.0,0.0
7.73364,0.0,101.636,0.0,0.0
7.74141,0.0,102.337,0.0,0.0
7.72454,0.0,101.235,0.0,0.0
7.73152,0.0,103.506,0.0,0.0
7.75654,0.0,101.586,0.0,0.0
7.74185,0.0,101.686,0.0,0.0
7.73167,0.0,102.454,0.0,0.0
7.73944,0.0,101.336,0.0,0.0
7.72566,0.0,103.072,0.0,0.0
7.72895,0.0,101.135,0.0,0.0
7.73575,0.0,100.301,0.0,0.0
7.72744,0.0,102.521,0.0,0.0
7.73167,0.0,100.618,0.0,0.0
7.73767,0.0,101.486,0.0,0.0
7.72736,0.0,101.486,0.0,0.0
7.72072,0.0,101.285,0.0,0.0
7.73417,0.0,102.938,0.0,0.0
7.718,0.0,101.97,0.0,0.0
7.71212,0.0,102.003,0.0,0.0
7.73969,0.0,101.569,0.0,0.0
7.74213,0.0,101.536,0.0,0.0
7.72639,0.0,100.467,0.0,0.0
7.72613,0.0,102.604,0.0,0.0
7.73599,0.0,101.903,0.0,0.0
7.73797,0.0,101.452,0.0,0.0
7.74224,0.0,102.855,0.0,0.0
7.73861,0.0,101.269,0.0,0.0
7.73518,0.0,101.72,0.0,0.0
7.7398,0.0,100.718,0.0,0.0
7.74126,0.0,102.938,0.0,0.0
7.73975,0.0,101.603,0.0,0.0
7.73241,0.0,102.154,0.0,0.0
7.73878,0.0,100.985,0.0,0.0
7.73753,0.0,102.504,0.0,0.0
7.72905,0.0,102.087,0.0,0.0
7.72767,0.0,99.6661,0.0,0.0
7.73148,0.0,101.87,0.0,0.0
7.73016,0.0,101.252,0.0,0.0
7.72304,0.0,100.634,0.0,0.0
7.73804,0.0,101.987,0.0,0.0
7.74147,0.0,101.519,0.0,0.0
7.72987,0.0,101.536,0.0,0.0
7.74046,0.0,102.337,0.0,0.0
7.74251,0.0,100.351,0.0,0.0
7.7352,0.0,103.99,0.0,0.0
7.74232,0.0,101.72,0.0,0.0
7.73797,0.0,100.651,0.0,0.0
7.73415,0.0,101.285,0.0,0.0
7.73836,0.0,101.619,0.0,0.0
7.74526,0.0,102.187,0.0,0.0
7.74233,0.0,101.703,0.0,0.0
7.73889,0.0,101.402,0.0,0.0
7.7293,0.0,101.436,0.0,0.0
7.72181,0.0,100.518,0.0,0.0
7.72656,0.0,102.638,0.0,0.0
7.72045,0.0,100.968,0.0,0.0
7.7262,0.0,103.556,0.0,0.0
7.73872,0.0,102.12,0.0,0.0
7.7383,0.0,102.688,0.0,0.0
7.73782,0.0,100.384,0.0,0.0
7.72867,0.0,100.902,0.0,0.0
7.72293,0.0,100.785,0.0,0.0
7.72665,0.0,100.384,0.0,0.0
7.71546,0.0,100.902,0.0,0.0
7.71316,0.0,101.753,0.0,0.0
7.73897,0.0,101.77,0.0,0.0
7.73711,0.0,99.9833,0.0,0.0
7.72561,0.0,101.636,0.0,0.0
7.74039,0.0,102.254,0.0,0.0
7.74982,0.0,101.77,0.0,0.0
7.73401,0.0,101.953,0.0,0.0
7.73357,0.0,101.002,0.0,0.0
7.74762,0.0,103.289,0.0,0.0
7.73622,0.0,102.922,0.0,0.0
7.73834,0.0,100.401,0.0,0.0
7.75178,0.0,102.988,0.0,0.0
7.74075,0.0,101.753,0.0,0.0
7.73265,0.0,102.07,0.0,0.0
7.72505,0.0,101.536,0.0,0.0
7.73538,0.0,103.239,0.0,0.0
7.75758,0.0,101.937,0.0,0.0
7.75818,0.0,102.621,0.0,0.0
7.73841,0.0,101.419,0.0,0.0
7.72551,0.0,99.8497,0.0,0.0
7.73274,0.0,102.738,0.0,0.0
7.72817,0.0,101.853,0.0,0.0
7.73019,0.0,102.805,0.0,0.0
7.74025,0.0,102.354,0.0,0.0
7.74082,0.0,102.037,0.0,0.0
7.73749,0.0,101.836,0.0,0.0
7.72127,0.0,100.551,0.0,0.0
7.71928,0.0,101.536,0.0,0.0
7.74381,0.0,101.836,0.0,0.0
7.74603,0.0,101.202,0.0,0.0
7.74364,0.0,100.384,0.0,0.0
7.75613,0.0,102.721,0.0,0.0
7.74042,0.0,100.835,0.0,0.0
7.72943,0.0,101.503,0.0,0.0
7.73792,0.0,101.703,0.0,0.0
7.73747,0.0,102.053,0.0,0.0
7.74312,0.0,101.135,0.0,0.0
7.73812,0.0,100.902,0.0,0.0
7.72131,0.0,102.037,0.0,0.0
7.72072,0.0,100.701,0.0,0.0
7.73011,0.0,102.371,0.0,0.0
7.73763,0.0,102.337,0.0,0.0
7.73426,0.0,101.937,0.0,0.0
7.72642,0.0,100.851,0.0,0.0
7.73403,0.0,101.669,0.0,0.0
7.73221,0.0,100.301,0.0,0.0
7.72052,0.0,101.653,0.0,0.0
7.74372,0.0,103.255,0.0,0.0
7.7326,0.0,100.551,0.0,0.0
7.71149,0.0,102.154,0.0,0.0
7.73493,0.0,99.4658,0.0,0.0
7.74287,0.0,101.77,0.0,0.0
7.74718,0.0,102.821,0.0,0.0
7.72928,0.0,102.07,0.0,0.0
7.72454,0.0,100.117,0.0,0.0
7.73618,0.0,102.855,0.0,0.0
7.72616,0.0,103.222,0.0,0.0
7.72981,0.0,101.836,0.0,0.0
7.73283,0.0,101.903,0.0,0.0
7.73357,0.0,101.786,0.0,0.0
7.74151,0.0,102.855,0.0,0.0
7.72641,0.0,99.5326,0.0,0.0
7.72465,0.0,101.369,0.0,0.0
7.74642,0.0,102.404,0.0,0.0
7.7443,0.0,100.768,0.0,0.0
7.73068,0.0,101.987,0.0,0.0
7.72997,0.0,100.868,0.0,0.0
7.72336,0.0,102.07,0.0,0.0
7.73435,0.0,102.07,0.0,0.0
7.74876,0.0,102.788,0.0,0.0
7.73757,0.0,101.135,0.0,0.0
7.71927,0.0,100.768,0.0,0.0
7.72943,0.0,101.753,0.0,0.0
7.73484,0.0,102.104,0.0,0.0
7.72461,0.0,100.417,0.0,0.0
7.72647,0.0,102.487,0.0,0.0
7.72861,0.0,100.451,0.0,0.0
7.72373,0.0,101.352,0.0,0.0
7.7352,0.0,102.17,0.0,0.0
7.73494,0.0,101.319,0.0,0.0
7.72733,0.0,100.851,0.0,0.0
7.73435,0.0,101.753,0.0,0.0
7.73275,0.0,101.285,0.0,0.0
7.71879,0.0,100.918,0.0,0.0
7.72431,0.0,103.022,0.0,0.0
7.72823,0.0,102.204,0.0,0.0
7.71999,0.0,101.452,0.0,0.0
7.73449,0.0,102.12,0.0,0.0
7.73844,0.0,100.668,0.0,0.0
7.71801,0.0,100.785,0.0,0.0
7.71378,0.0,101.703,0.0,0.0
7.72095,0.0,100.968,0.0,0.0
7.71883,0.0,101.786,0.0,0.0
7.7305,0.0,102.538,0.0,0.0
7.74059,0.0,101.803,0.0,0.0
7.73105,0.0,101.002,0.0,0.0
7.72059,0.0,101.152,0.0,0.0
7.72695,0.0,100.584,0.0,0.0
7.72134,0.0,100.818,0.0,0.0
7.70704,0.0,101.102,0.0,0.0
7.71666,0.0,100.083,0.0,0.0
7.71798,0.0,101.736,0.0,0.0
7.72218,0.0,101.536,0.0,0.0
7.72984,0.0,101.452,0.0,0.0
7.71807,0.0,102.371,0.0,0.0
7.72592,0.0,102.17,0.0,0.0
7.745,0.0,101.569,0.0,0.0
7.7357,0.0,101.703,0.0,0.0
7.70946,0.0,101.219,0.0,0.0
7.72143,0.0,101.636,0.0,0.0
7.74223,0.0,101.703,0.0,0.0
7.73652,0.0,102.087,0.0,0.0
7.73601,0.0,101.87,0.0,0.0
7.73365,0.0,101.302,0.0,0.0
7.72589,0.0,99.8831,0.0,0.0
7.72486,0.0,102.254,0.0,0.0
7.72318,0.0,100.551,0.0,0.0
7.72226,0.0,100.684,0.0,0.0
7.72701,0.0,102.137,0.0,0.0
7.73372,0.0,102.421,0.0,0.0
7.72979,0.0,103.139,0.0,0.0
7.72529,0.0,101.937,0.0,0.0
7.72218,0.0,100.401,0.0,0.0
7.72498,0.0,100.851,0.0,0.0
7.73869,0.0,102.304,0.0,0.0
7.74218,0.0,103.205,0.0,0.0
7.74125,0.0,101.987,0.0,0.0
7.72891,0.0,100.234,0.0,0.0
7.72221,0.0,102.404,0.0,0.0
7.73309,0.0,100.735,0.0,0.0
7.72951,0.0,102.087,0.0,0.0
7.72796,0.0,101.603,0.0,0.0
7.7346,0.0,101.002,0.0,0.0
7.73052,0.0,101.085,0.0,0.0
7.72879,0.0,101.937,0.0,0.0
7.74208,0.0,102.688,0.0,0.0
7.74296,0.0,100.718,0.0,0.0
7.72934,0.0,101.469,0.0,0.0
7.7358,0.0,102.17,0.0,0.0
7.74198,0.0,101.169,0.0,0.0
7.7381,0.0,102.104,0.0,0.0
7.74519,0.0,103.973,0.0,0.0
7.74935,0.0,101.486,0.0,0.0
7.7404,0.0,101.669,0.0,0.0
7.7301,0.0,101.82,0.0,0.0
7.73482,0.0,101.603,0.0,0.0
7.7316,0.0,100.735,0.0,0.0
7.72216,0.0,102.454,0.0,0.0
7.72988,0.0,100.735,0.0,0.0
7.72664,0.0,100.618,0.0,0.0
7.7156,0.0,102.07,0.0,0.0
7.72114,0.0,100.801,0.0,0.0
7.72509,0.0,101.219,0.0,0.0
7.7217,0.0,100.467,0.0,0.0
7.72895,0.0,101.352,0.0,0.0
7.74129,0.0,101.786,0.0,0.0
7.73759,0.0,101.185,0.0,0.0
7.71786,0.0,101.152,0.0,0.0
7.71156,0.0,100.985,0.0,0.0
7.72608,0.0,101.836,0.0,0.0
7.73125,0.0,101.102,0.0,0.0
7.73562,0.0,101.669,0.0,0.0
7.738,0.0,102.905,0.0,0.0
7.73669,0.0,100.851,0.0,0.0
7.74369,0.0,100.968,0.0,0.0
7.73397,0.0,101.536,0.0,0.0
7.72879,0.0,101.252,0.0,0.0
7.74053,0.0,102.22,0.0,0.0
7.73759,0.0,103.022,0.0,0.0
7.73601,0.0,101.152,0.0,0.0
7.73197,0.0,100.15,0.0,0.0
7.72103,0.0,101.302,0.0,0.0
7.7291,0.0,102.003,0.0,0.0
7.72555,0.0,100.584,0.0,0.0
7.71576,0.0,102.137,0.0,0.0
7.73131,0.0,101.82,0.0,0.0
7.72152,0.0,98.5643,0.0,0.0
7.70757,0.0,101.987,0.0,0.0
7.74008,0.0,101.736,0.0,0.0
7.74293,0.0,100.25,0.0,0.0
7.7236,0.0,102.154,0.0,0.0
7.72994,0.0,102.871,0.0,0.0
7.72866,0.0,101.285,0.0,0.0
7.71489,0.0,101.102,0.0,0.0
7.72064,0.0,102.504,0.0,0.0
7.74121,0.0,100.534,0.0,0.0
7.74068,0.0,102.654,0.0,0.0
7.73039,0.0,101.386,0.0,0.0
7.73121,0.0,101.736,0.0,0.0
7.73115,0.0,102.688,0.0,0.0
7.731,0.0,101.068,0.0,0.0
7.73075,0.0,101.586,0.0,0.0
7.72818,0.0,101.169,0.0,0.0
7.74024,0.0,102.988,0.0,0.0
7.74507,0.0,102.404,0.0,0.0
7.7314,0.0,102.571,0.0,0.0
7.7231,0.0,100.05,0.0,0.0
7.72232,0.0,102.187,0.0,0.0
7.7219,0.0,100.701,0.0,0.0
7.72461,0.0,101.486,0.0,0.0
7.73749,0.0,101.953,0.0,0.0
