analog,analog_sterr,photon_counting,pc_sterr,overflow_info
5.65968,0.000690911,0.100083,0.0470171,0.0
5.66061,0.000612345,0.200167,0.0575789,0.0
5.6613,0.000629176,0.200167,0.0623488,0.0
5.65928,0.000640613,0.133445,0.0470171,0.0
5.65904,0.000644057,0.116764,0.0439508,0.0
5.66022,0.000667321,0.150125,0.055194,0.0
5.66052,0.000684412,0.200167,0.0623488,0.0
5.65849,0.000614944,0.100083,0.0408844,0.0
5.65902,0.000642432,0.266889,0.0664372,0.0
5.66124,0.000705922,0.166806,0.0575789,0.0
5.66005,0.000765447,0.133445,0.0470171,0.0
5.65969,0.000684932,0.116764,0.0439508,0.0
5.66013,0.000668036,0.30025,0.0814282,0.0
5.6601,0.00067395,0.116764,0.0439508,0.0
5.66032,0.000666087,0.266889,0.0664372,0.0
5.65962,0.000688571,0.100083,0.0408844,0.0
5.65979,0.000749656,0.216847,0.064393,0.0
5.66161,0.000710471,0.100083,0.0408844,0.0
5.65991,0.000656859,0.233528,0.0664372,0.0
5.65982,0.000690716,0.166806,0.0528091,0.0
5.66044,0.000670376,0.166806,0.0528091,0.0
5.66098,0.000713915,0.28357,0.0763176,0.0
5.66029,0.000656989,0.116764,0.0439508,0.0
5.65961,0.000640353,0.183486,0.055194,0.0
5.66026,0.000660433,0.200167,0.0575789,0.0
5.66053,0.00065153,0.166806,0.0528091,0.0
5.66019,0.000640418,0.0834028,0.0371367,0.0
5.66023,0.000649126,0.200167,0.0575789,0.0
5.66042,0.000614749,0.116764,0.0439508,0.0
5.6609,0.000616374,0.150125,0.0500834,0.0
5.6594,0.000652505,0.133445,0.0470171,0.0
5.66012,0.000648996,0.166806,0.0528091,0.0
5.65979,0.000644967,0.166806,0.0528091,0.0
5.65967,0.000691236,0.150125,0.0500834,0.0
5.65914,0.000681098,0.200167,0.0667779,0.0
5.65932,0.000623262,0.116764,0.0439508,0.0
5.66115,0.000687077,0.350292,0.0759769,0.0
5.66016,0.00067434,0.166806,0.0528091,0.0
5.65861,0.000580503,0.0500417,0.0289598,0.0
5.65988,0.000583557,0.116764,0.0439508,0.0
5.66006,0.000616374,0.133445,0.0470171,0.0
5.66002,0.000668036,0.233528,0.0664372,0.0
5.65956,0.000690456,0.116764,0.0439508,0.0
5.6601,0.000654065,0.216847,0.0599638,0.0
5.65968,0.000593434,0.0500417,0.0289598,0.0
5.66008,0.000622417,0.133445,0.0470171,0.0
5.66002,0.000680383,0.200167,0.0575789,0.0
5.65974,0.000636844,0.0834028,0.0371367,0.0
5.65974,0.000631645,0.0834028,0.0371367,0.0
5.65991,0.000621118,0.183486,0.055194,0.0
5.66026,0.000607276,0.100083,0.0408844,0.0
5.65998,0.00065179,0.183486,0.055194,0.0
5.65999,0.000676224,0.150125,0.0500834,0.0
5.66025,0.000618648,0.183486,0.055194,0.0
5.65896,0.000708716,0.166806,0.0575789,0.0
5.6594,0.000814185,0.150125,0.0500834,0.0
5.66011,0.000636649,0.183486,0.055194,0.0
5.65974,0.000679213,0.183486,0.055194,0.0
5.66031,0.000740688,0.150125,0.055194,0.0
5.66015,0.00067369,0.183486,0.055194,0.0
5.66001,0.000642562,0.116764,0.0500834,0.0
5.66047,0.000648671,0.150125,0.055194,0.0
5.65976,0.000622937,0.0667223,0.0408844,0.0
5.65964,0.00061319,0.116764,0.0439508,0.0
5.66038,0.000628006,0.116764,0.0439508,0.0
5.66002,0.00063054,0.166806,0.0528091,0.0
5.65908,0.000676874,0.116764,0.0439508,0.0
5.65982,0.000679928,0.166806,0.0708664,0.0
5.66056,0.00067278,0.166806,0.0575789,0.0
5.65999,0.00065413,0.166806,0.0528091,0.0
5.66006,0.000696694,0.266889,0.0742734,0.0
5.66052,0.000709951,0.100083,0.0408844,0.0
5.66051,0.000638858,0.183486,0.055194,0.0
5.65988,0.000697409,0.100083,0.0408844,0.0
5.66058,0.000779029,0.183486,0.0688221,0.0
5.6605,0.000694875,0.183486,0.055194,0.0
5.65983,0.000643017,0.133445,0.0667779,0.0
5.65917,0.000686817,0.216847,0.0599638,0.0
5.65974,0.000661018,0.183486,0.055194,0.0
5.6595,0.000620338,0.100083,0.0408844,0.0
5.65925,0.00063028,0.183486,0.055194,0.0
5.66086,0.000663227,0.150125,0.055194,0.0
5.6605,0.000650815,0.183486,0.055194,0.0
5.65931,0.000619818,0.166806,0.0528091,0.0
5.66099,0.000683372,0.166806,0.0528091,0.0
5.66099,0.000713395,0.150125,0.055194,0.0
5.66028,0.000646591,0.233528,0.0623488,0.0
5.66021,0.000617024,0.166806,0.0528091,0.0
5.66037,0.000678109,0.100083,0.0408844,0.0
5.66058,0.000677329,0.216847,0.0725699,0.0
5.65961,0.000645942,0.116764,0.0439508,0.0
5.65939,0.000610785,0.166806,0.0528091,0.0
5.65953,0.000627226,0.116764,0.0500834,0.0
5.66005,0.000686752,0.216847,0.0599638,0.0
5.65987,0.000604222,0.100083,0.0408844,0.0
5.65959,0.00063314,0.116764,0.0439508,0.0
5.6597,0.000654844,0.200167,0.0575789,0.0
5.66033,0.000664267,0.166806,0.0575789,0.0
5.66065,0.000638468,0.150125,0.0500834,0.0
5.66068,0.000635479,0.0834028,0.0371367,0.0
5.66031,0.000672975,0.100083,0.0408844,0.0
5.66115,0.000679538,0.266889,0.0664372,0.0
5.661,0.000793455,0.200167,0.0623488,0.0
5.66105,0.000808922,0.233528,0.0664372,0.0
5.65972,0.000668621,0.166806,0.0623488,0.0
5.65883,0.000600648,0.100083,0.0408844,0.0
5.66086,0.000635739,0.133445,0.0470171,0.0
5.66088,0.000638598,0.150125,0.0500834,0.0
5.66011,0.000622612,0.233528,0.0623488,0.0
5.66056,0.000668231,0.133445,0.0470171,0.0
5.66001,0.000666931,0.183486,0.0599638,0.0
5.65938,0.000651465,0.116764,0.0439508,0.0
5.66033,0.000646137,0.216847,0.0599638,0.0
5.66047,0.000676029,0.166806,0.0528091,0.0
5.65941,0.000698839,0.183486,0.0599638,0.0
5.65949,0.000696109,0.166806,0.0575789,0.0
5.6598,0.000627551,0.166806,0.0575789,0.0
5.65965,0.000609681,0.116764,0.0439508,0.0
5.65894,0.000627356,0.150125,0.055194,0.0
5.66011,0.000666412,0.166806,0.0528091,0.0
5.66033,0.000634439,0.116764,0.0439508,0.0
5.65911,0.000648346,0.0834028,0.0371367,0.0
5.65957,0.000665567,0.233528,0.0623488,0.0
5.66034,0.000662643,0.150125,0.0500834,0.0
5.66012,0.000639053,0.250209,0.064393,0.0
5.65922,0.000623782,0.166806,0.0528091,0.0
5.65994,0.000685517,0.28357,0.0725699,0.0
5.6612,0.000825558,0.216847,0.0797247,0.0
5.66011,0.000803268,0.216847,0.0599638,0.0
5.66072,0.0006913,0.183486,0.0725699,0.0
5.66093,0.00067395,0.116764,0.0439508,0.0
5.65954,0.000616959,0.183486,0.0599638,0.0
5.6596,0.000663877,0.183486,0.0599638,0.0
5.66034,0.000660563,0.200167,0.0575789,0.0
5.65949,0.000655234,0.166806,0.0575789,0.0
5.65998,0.000658289,0.183486,0.055194,0.0
5.65919,0.000663682,0.100083,0.0408844,0.0
5.65901,0.000667711,0.150125,0.055194,0.0
5.65986,0.000609875,0.0834028,0.0371367,0.0
5.66032,0.000610655,0.200167,0.0575789,0.0
5.65884,0.000647501,0.133445,0.0470171,0.0
5.66015,0.0006334,0.183486,0.055194,0.0
5.65968,0.000618258,0.183486,0.055194,0.0
5.65997,0.000654325,0.183486,0.055194,0.0
5.66036,0.000699229,0.233528,0.0664372,0.0
5.66001,0.000657314,0.116764,0.0439508,0.0
5.65988,0.000624822,0.183486,0.055194,0.0
5.66012,0.000604872,0.0667223,0.033389,0.0
5.66004,0.000665892,0.116764,0.0439508,0.0
5.65967,0.000616374,0.0667223,0.033389,0.0
5.65954,0.000626316,0.100083,0.0408844,0.0
5.66016,0.000676419,0.233528,0.0664372,0.0
5.65967,0.000655299,0.133445,0.0470171,0.0
5.66,0.000614034,0.183486,0.055194,0.0
5.66118,0.000663942,0.166806,0.0528091,0.0
5.66078,0.000663227,0.166806,0.0528091,0.0
5.65958,0.000640353,0.133445,0.0470171,0.0
5.65902,0.000629696,0.166806,0.0575789,0.0
5.66046,0.000613645,0.0333611,0.0235086,0.0
5.65985,0.000615919,0.100083,0.0408844,0.0
5.65962,0.00067161,0.216847,0.064393,0.0
5.65911,0.000719049,0.233528,0.0664372,0.0
5.65908,0.00060994,0.150125,0.055194,0.0
5.65841,0.000595839,0.0333611,0.0235086,0.0
5.65934,0.000625277,0.100083,0.0408844,0.0
5.65933,0.000685062,0.166806,0.0528091,0.0
5.65903,0.000643537,0.166806,0.0575789,0.0
5.65854,0.000636454,0.200167,0.0575789,0.0
5.66023,0.000685647,0.233528,0.0623488,0.0
5.66058,0.000710601,0.116764,0.0599638,0.0
5.65963,0.00071528,0.183486,0.0599638,0.0
5.66058,0.000646786,0.166806,0.0528091,0.0
5.65993,0.000682203,0.166806,0.0623488,0.0
5.65988,0.000693705,0.116764,0.0439508,0.0
5.65964,0.00069351,0.150125,0.0500834,0.0
5.65942,0.000632945,0.100083,0.0470171,0.0
5.65971,0.000646137,0.150125,0.0500834,0.0
5.65934,0.000613255,0.100083,0.0408844,0.0
5.65971,0.000593564,0.116764,0.0439508,0.0
5.66008,0.000638273,0.28357,0.0684814,0.0
5.65939,0.000615594,0.133445,0.0470171,0.0
5.65874,0.00058934,0.116764,0.0439508,0.0
5.65936,0.000642692,0.133445,0.0470171,0.0
5.65958,0.000661668,0.166806,0.0575789,0.0
5.65887,0.000663487,0.183486,0.055194,0.0
5.65883,0.000613645,0.100083,0.0408844,0.0
5.66027,0.000663292,0.200167,0.0623488,0.0
5.65861,0.000628591,0.116764,0.0439508,0.0
5.65881,0.000615204,0.200167,0.0575789,0.0
5.65944,0.000622352,0.183486,0.055194,0.0
5.66044,0.000613839,0.116764,0.0439508,0.0
5.65942,0.000681163,0.166806,0.0575789,0.0
5.65986,0.000770906,0.150125,0.055194,0.0
5.66039,0.000642562,0.233528,0.0664372,0.0
5.65931,0.000655169,0.133445,0.0528091,0.0
5.65939,0.000706572,0.233528,0.0705257,0.0
5.66032,0.000764732,0.216847,0.064393,0.0
5.66001,0.000645877,0.183486,0.055194,0.0
5.65905,0.000604872,0.166806,0.0575789,0.0
5.65939,0.000595904,0.133445,0.0470171,0.0
5.65985,0.000651595,0.183486,0.055194,0.0
5.66012,0.000623977,0.150125,0.0500834,0.0
5.66033,0.00065075,0.216847,0.0599638,0.0
5.66024,0.000632165,0.200167,0.0623488,0.0
5.65973,0.000664462,0.28357,0.0684814,0.0
5.65985,0.000614034,0.0667223,0.033389,0.0
5.65945,0.000625927,0.150125,0.0500834,0.0
5.65986,0.000628006,0.133445,0.0470171,0.0
5.66169,0.000658094,0.183486,0.0599638,0.0
5.66034,0.000688896,0.200167,0.0575789,0.0
5.65853,0.000629371,0.216847,0.064393,0.0
5.65885,0.000622612,0.100083,0.0408844,0.0
5.65915,0.000601687,0.100083,0.0408844,0.0
5.65948,0.00063015,0.183486,0.055194,0.0
5.6602,0.000718854,0.150125,0.0599638,0.0
5.66028,0.000661863,0.166806,0.0528091,0.0
5.65957,0.00059168,0.166806,0.0528091,0.0
5.65941,0.000636129,0.100083,0.0408844,0.0
5.66029,0.000707871,0.216847,0.0599638,0.0
5.66107,0.000695784,0.233528,0.0705257,0.0
5.65939,0.000684607,0.116764,0.0439508,0.0
5.66007,0.000686557,0.183486,0.055194,0.0
5.65992,0.000684672,0.216847,0.064393,0.0
5.66093,0.000661863,0.183486,0.055194,0.0
5.66023,0.000628331,0.150125,0.0500834,0.0
5.66026,0.000653935,0.200167,0.0623488,0.0
5.66026,0.000737439,0.183486,0.0599638,0.0
5.66017,0.000654584,0.133445,0.0470171,0.0
5.65886,0.000614944,0.116764,0.0439508,0.0
5.65899,0.000618128,0.216847,0.0599638,0.0
5.65943,0.000654649,0.116764,0.0439508,0.0
5.6597,0.000665242,0.233528,0.0664372,0.0
5.65952,0.000668166,0.0834028,0.0371367,0.0
5.6588,0.000617219,0.0834028,0.0439508,0.0
5.65941,0.000671805,0.266889,0.0705257,0.0
5.66018,0.000687271,0.100083,0.0408844,0.0
5.66012,0.000699488,0.183486,0.055194,0.0
5.66001,0.000718139,0.200167,0.0575789,0.0
5.66022,0.000666087,0.116764,0.0439508,0.0
5.6595,0.000624367,0.183486,0.055194,0.0
5.65932,0.000670376,0.166806,0.0575789,0.0
5.65975,0.000645227,0.233528,0.0664372,0.0
5.65949,0.000608511,0.0166806,0.0166945,0.0
5.65948,0.000648281,0.266889,0.0705257,0.0
5.66073,0.000621183,0.150125,0.0500834,0.0
5.65995,0.000599608,0.116764,0.0439508,0.0
5.66015,0.000659913,0.166806,0.0528091,0.0
5.66008,0.000625927,0.150125,0.0500834,0.0
5.65948,0.000611305,0.133445,0.0470171,0.0
5.65987,0.000593434,0.133445,0.0470171,0.0
5.66084,0.0006321,0.166806,0.0528091,0.0
5.66042,0.000681358,0.166806,0.0528091,0.0
5.65962,0.000768242,0.216847,0.0725699,0.0
5.65927,0.000677524,0.116764,0.0439508,0.0
5.659,0.000643667,0.100083,0.0408844,0.0
5.65951,0.000730486,0.100083,0.0470171,0.0
5.65982,0.000701893,0.233528,0.0664372,0.0
5.65933,0.000695979,0.183486,0.055194,0.0
5.65956,0.000712615,0.233528,0.0746141,0.0
5.66017,0.000684607,0.116764,0.0439508,0.0
5.65923,0.00065075,0.150125,0.055194,0.0
5.6595,0.000700853,0.233528,0.0623488,0.0
5.66034,0.000660628,0.250209,0.0725699,0.0
5.65984,0.000672,0.216847,0.0599638,0.0
5.65938,0.000681943,0.133445,0.0470171,0.0
5.65972,0.000669596,0.0667223,0.033389,0.0
5.66045,0.000640613,0.216847,0.0599638,0.0
5.65988,0.000644057,0.150125,0.055194,0.0
5.66046,0.000622417,0.116764,0.0439508,0.0
5.65975,0.000614099,0.150125,0.0500834,0.0
5.65967,0.000592785,0.0667223,0.033389,0.0
5.65959,0.000593434,0.133445,0.0470171,0.0
5.66107,0.000645812,0.216847,0.0599638,0.0
5.66036,0.000670246,0.200167,0.0575789,0.0
5.65935,0.000654065,0.150125,0.0500834,0.0
5.66045,0.00069351,0.30025,0.0814282,0.0
5.66015,0.000693315,0.200167,0.0623488,0.0
5.65942,0.000630345,0.0500417,0.0289598,0.0
5.65968,0.000618973,0.150125,0.055194,0.0
5.65962,0.000669531,0.183486,0.055194,0.0
5.6598,0.000667451,0.166806,0.0528091,0.0
5.66008,0.000745757,0.266889,0.0780211,0.0
5.65964,0.000655429,0.166806,0.0528091,0.0
5.65907,0.000637364,0.116764,0.0439508,0.0
5.65989,0.0006952,0.100083,0.0408844,0.0
5.66057,0.000698644,0.250209,0.0684814,0.0
5.66017,0.000614684,0.116764,0.0439508,0.0
5.65949,0.000656209,0.166806,0.0528091,0.0
5.65977,0.000651205,0.150125,0.0500834,0.0
5.66057,0.000658224,0.216847,0.0599638,0.0
5.66034,0.000687466,0.183486,0.0599638,0.0
5.65995,0.000635089,0.0500417,0.0289598,0.0
5.65993,0.000631125,0.183486,0.055194,0.0
5.6603,0.000662513,0.216847,0.064393,0.0
5.66137,0.000686557,0.266889,0.0705257,0.0
5.66147,0.000691625,0.150125,0.0500834,0.0
5.66037,0.000707157,0.200167,0.0623488,0.0
5.65903,0.000723338,0.166806,0.0575789,0.0
5.66043,0.000680773,0.200167,0.0623488,0.0
5.66048,0.000689156,0.216847,0.0599638,0.0
5.65949,0.000723858,0.166806,0.0575789,0.0
5.65974,0.00063405,0.133445,0.0528091,0.0
5.65996,0.00063132,0.216847,0.0599638,0.0
5.65945,0.00063262,0.0834028,0.0371367,0.0
5.65976,0.000670701,0.166806,0.0575789,0.0
5.65944,0.000661603,0.100083,0.0408844,0.0
5.65991,0.000687142,0.150125,0.055194,0.0
5.65969,0.000711965,0.183486,0.055194,0.0
5.65921,0.000658289,0.166806,0.0528091,0.0
5.6595,0.000644187,0.100083,0.0470171,0.0
5.65941,0.000678044,0.100083,0.0470171,0.0
5.66034,0.000739519,0.233528,0.0664372,0.0
5.66084,0.000711965,0.350292,0.0797247,0.0
5.65951,0.000663032,0.116764,0.0500834,0.0
5.65937,0.000614034,0.133445,0.0470171,0.0
5.66001,0.000626706,0.100083,0.0408844,0.0
5.65999,0.000675704,0.183486,0.0599638,0.0
5.66073,0.000717879,0.133445,0.0470171,0.0
5.66107,0.000725287,0.333611,0.0814282,0.0
5.66089,0.000699683,0.200167,0.0623488,0.0
5.66077,0.000678564,0.250209,0.0763176,0.0
5.6603,0.000701893,0.0834028,0.0371367,0.0
5.66075,0.000664202,0.183486,0.0599638,0.0
5.66073,0.000651985,0.216847,0.0599638,0.0
5.66037,0.000725872,0.183486,0.0599638,0.0
5.65978,0.000662448,0.133445,0.0470171,0.0
5.65922,0.000636129,0.150125,0.0500834,0.0
5.65905,0.000678044,0.133445,0.0470171,0.0
5.66035,0.000656924,0.266889,0.0705257,0.0
5.66072,0.000657899,0.216847,0.064393,0.0
5.66015,0.000646721,0.150125,0.0500834,0.0
5.66058,0.000620078,0.133445,0.0528091,0.0
5.66117,0.000682008,0.233528,0.0664372,0.0
5.66085,0.000712355,0.183486,0.0599638,0.0
5.66002,0.000667906,0.150125,0.0599638,0.0
5.66,0.00067122,0.250209,0.0684814,0.0
5.66047,0.000654649,0.100083,0.0408844,0.0
5.66014,0.000647501,0.233528,0.0623488,0.0
5.65968,0.000676484,0.150125,0.0500834,0.0
5.65976,0.000717879,0.216847,0.064393,0.0
5.66021,0.000728926,0.166806,0.0575789,0.0
5.65973,0.0006527,0.0500417,0.0289598,0.0
5.65919,0.000627096,0.166806,0.0528091,0.0
5.66023,0.000643212,0.166806,0.0528091,0.0
5.65972,0.000647761,0.150125,0.0500834,0.0
5.66057,0.000627486,0.216847,0.0599638,0.0
5.66064,0.000644382,0.116764,0.0439508,0.0
5.661,0.000689741,0.166806,0.0575789,0.0
5.66057,0.000655624,0.183486,0.055194,0.0
5.66001,0.000674405,0.116764,0.0439508,0.0
5.66053,0.000702608,0.266889,0.0742734,0.0
5.66041,0.000663357,0.183486,0.055194,0.0
5.66015,0.000655039,0.250209,0.0684814,0.0
5.65986,0.000684737,0.216847,0.064393,0.0
5.6604,0.000702998,0.150125,0.0500834,0.0
5.66035,0.000681423,0.116764,0.0439508,0.0
5.65981,0.000620273,0.100083,0.0408844,0.0
5.65948,0.000686687,0.233528,0.0705257,0.0
5.65898,0.000684542,0.133445,0.0470171,0.0
5.65906,0.000590315,0.0834028,0.0371367,0.0
5.65916,0.000617089,0.133445,0.0528091,0.0
5.65981,0.000656079,0.200167,0.0575789,0.0
5.65985,0.000657379,0.150125,0.0500834,0.0
5.65981,0.000624887,0.183486,0.055194,0.0
5.65986,0.000629761,0.116764,0.0439508,0.0
5.65949,0.000621833,0.116764,0.0439508,0.0
5.65956,0.000645032,0.183486,0.0599638,0.0
5.65984,0.000688636,0.166806,0.0575789,0.0
5.65838,0.000639963,0.116764,0.0500834,0.0
5.65906,0.000648411,0.166806,0.0528091,0.0
5.65962,0.000638533,0.133445,0.0470171,0.0
5.66005,0.000615009,0.200167,0.0575789,0.0
5.66036,0.000628461,0.166806,0.0528091,0.0
5.66102,0.000625277,0.28357,0.0725699,0.0
5.66116,0.000656664,0.150125,0.0500834,0.0
5.6604,0.000684477,0.183486,0.0599638,0.0
5.6607,0.000663747,0.166806,0.0575789,0.0
5.66039,0.000600778,0.0834028,0.0371367,0.0
5.66051,0.00067278,0.200167,0.0623488,0.0
5.66075,0.000715929,0.350292,0.0797247,0.0
5.66048,0.000675574,0.216847,0.0684814,0.0
5.66039,0.000620338,0.150125,0.0500834,0.0
5.6599,0.0006926,0.216847,0.064393,0.0
5.65912,0.000705792,0.200167,0.0746141,0.0
5.65924,0.00067395,0.233528,0.0664372,0.0
5.65959,0.000642562,0.116764,0.0439508,0.0
5.65924,0.00065062,0.166806,0.0528091,0.0
5.65965,0.000598308,0.133445,0.0470171,0.0
5.65925,0.000690131,0.233528,0.0705257,0.0
5.66018,0.000797484,0.183486,0.0599638,0.0
5.65931,0.000701503,0.250209,0.064393,0.0
5.65962,0.00063249,0.116764,0.0500834,0.0
5.66038,0.000641068,0.166806,0.0528091,0.0
5.66042,0.000625797,0.116764,0.0439508,0.0
5.65999,0.000668036,0.150125,0.055194,0.0
5.65983,0.000747252,0.0834028,0.0371367,0.0
5.66035,0.000633985,0.200167,0.0623488,0.0
5.66001,0.000634179,0.28357,0.0797247,0.0
5.6602,0.000669531,0.100083,0.0408844,0.0
5.66091,0.000637819,0.250209,0.064393,0.0
5.66028,0.000621768,0.116764,0.0439508,0.0
5.66018,0.000638988,0.150125,0.0500834,0.0
5.66044,0.000635089,0.183486,0.055194,0.0
5.65996,0.000662967,0.216847,0.064393,0.0
5.66036,0.000635609,0.233528,0.0664372,0.0
5.66033,0.000668361,0.233528,0.0623488,0.0
5.65965,0.000656989,0.116764,0.0439508,0.0
5.65854,0.000623262,0.183486,0.0599638,0.0
5.65939,0.000679538,0.150125,0.0500834,0.0
5.6605,0.000696889,0.28357,0.0684814,0.0
5.66003,0.000652895,0.200167,0.0623488,0.0
5.66053,0.000662643,0.166806,0.0528091,0.0
5.66062,0.000650166,0.150125,0.0500834,0.0
5.65974,0.000638079,0.200167,0.0623488,0.0
5.66058,0.000698709,0.200167,0.0575789,0.0
5.66155,0.000737309,0.166806,0.0528091,0.0
5.66076,0.000708456,0.316931,0.0831317,0.0
5.6603,0.000633075,0.200167,0.0575789,0.0
5.65965,0.000605262,0.100083,0.0408844,0.0
5.65991,0.000615464,0.166806,0.0528091,0.0
5.65889,0.000655169,0.0834028,0.0371367,0.0
5.66044,0.000662707,0.133445,0.0528091,0.0
5.66019,0.000715929,0.216847,0.064393,0.0
5.66005,0.000650231,0.133445,0.0470171,0.0
5.65939,0.000622157,0.100083,0.0408844,0.0
5.65986,0.000641458,0.250209,0.0684814,0.0
5.65994,0.000662448,0.0834028,0.0371367,0.0
5.65968,0.000658678,0.116764,0.0439508,0.0
5.65969,0.000663877,0.166806,0.0528091,0.0
5.65956,0.000640223,0.183486,0.055194,0.0
5.65998,0.000673625,0.216847,0.064393,0.0
5.66021,0.000696434,0.150125,0.0599638,0.0
5.66079,0.000683567,0.216847,0.0599638,0.0
5.66086,0.000660498,0.28357,0.0684814,0.0
5.65982,0.000681423,0.166806,0.0528091,0.0
5.65882,0.000603897,0.116764,0.0439508,0.0
5.65949,0.000608641,0.150125,0.0500834,0.0
5.65992,0.000634115,0.116764,0.0439508,0.0
5.659,0.000641718,0.133445,0.0470171,0.0
5.65979,0.000683307,0.166806,0.0575789,0.0
5.66029,0.000690911,0.166806,0.0528091,0.0
5.66022,0.000624757,0.183486,0.055194,0.0
5.66038,0.000669856,0.233528,0.0623488,0.0
5.66035,0.000699099,0.28357,0.0725699,0.0
5.66012,0.000680578,0.166806,0.0528091,0.0
5.65973,0.000641328,0.133445,0.0470171,0.0
5.65969,0.000690716,0.183486,0.0599638,0.0
5.65897,0.000631255,0.100083,0.0408844,0.0
5.65974,0.000616764,0.150125,0.0500834,0.0
5.65981,0.000610525,0.150125,0.055194,0.0
5.65991,0.000639378,0.133445,0.0470171,0.0
5.65988,0.000639313,0.133445,0.0470171,0.0
5.66052,0.000697344,0.250209,0.0725699,0.0
5.65924,0.000670895,0.0667223,0.033389,0.0
5.65851,0.000629696,0.0834028,0.0439508,0.0
5.65947,0.000636519,0.150125,0.055194,0.0
5.6614,0.000644252,0.216847,0.0684814,0.0
5.66086,0.000642432,0.116764,0.0439508,0.0
5.65977,0.00065452,0.150125,0.0500834,0.0
5.66092,0.000680188,0.150125,0.055194,0.0
5.66076,0.00071333,0.150125,0.0500834,0.0
5.65911,0.000619493,0.150125,0.0500834,0.0
5.65972,0.000635089,0.166806,0.0528091,0.0
5.66046,0.000645812,0.200167,0.0575789,0.0
5.66014,0.000655949,0.166806,0.0575789,0.0
5.66041,0.000669596,0.266889,0.0742734,0.0
5.66045,0.000678629,0.200167,0.0623488,0.0
5.66008,0.000707352,0.0834028,0.0371367,0.0
5.65948,0.000622742,0.0834028,0.0371367,0.0
5.65984,0.0006334,0.183486,0.055194,0.0
5.65969,0.000654584,0.133445,0.0470171,0.0
5.65917,0.000627616,0.250209,0.064393,0.0
5.66016,0.000668036,0.200167,0.0667779,0.0
5.66022,0.000699034,0.166806,0.0575789,0.0
5.65985,0.000654909,0.116764,0.0439508,0.0
5.66048,0.000651465,0.233528,0.0623488,0.0
5.66078,0.000668686,0.150125,0.0500834,0.0
5.66035,0.00067291,0.133445,0.0470171,0.0
5.66049,0.000618648,0.166806,0.0528091,0.0
5.66042,0.000637624,0.233528,0.0664372,0.0
5.65911,0.000662383,0.133445,0.0470171,0.0
5.65998,0.00065374,0.166806,0.0667779,0.0
5.66014,0.000695719,0.166806,0.0575789,0.0
5.65957,0.000629111,0.0834028,0.0371367,0.0
5.65949,0.000626966,0.133445,0.0470171,0.0
5.66036,0.0006733,0.233528,0.0664372,0.0
5.66021,0.000634634,0.116764,0.0500834,0.0
5.6593,0.000623262,0.150125,0.0500834,0.0
5.65977,0.000649451,0.133445,0.0470171,0.0
5.66013,0.000708781,0.166806,0.0623488,0.0
5.66074,0.00067213,0.133445,0.0470171,0.0
5.66042,0.000637624,0.233528,0.0664372,0.0
5.66021,0.000717294,0.216847,0.064393,0.0
5.65968,0.000671025,0.150125,0.0500834,0.0
5.65966,0.000603052,0.150125,0.0500834,0.0
5.65921,0.000610005,0.133445,0.0470171,0.0
5.65934,0.000660173,0.200167,0.0623488,0.0
5.66017,0.000730876,0.150125,0.055194,0.0
5.65971,0.00067278,0.133445,0.0528091,0.0
5.65982,0.000603572,0.0834028,0.0371367,0.0
5.66028,0.000663227,0.183486,0.055194,0.0
5.66066,0.000681683,0.183486,0.055194,0.0
5.66108,0.000627291,0.0834028,0.0371367,0.0
5.65982,0.00063015,0.183486,0.055194,0.0
5.6595,0.000676224,0.150125,0.0500834,0.0
5.66044,0.000653155,0.0834028,0.0439508,0.0
5.66046,0.000664657,0.166806,0.0528091,0.0
5.66021,0.000658419,0.150125,0.055194,0.0
5.6594,0.000643602,0.183486,0.0599638,0.0
5.65977,0.000611565,0.0667223,0.033389,0.0
5.65938,0.00063015,0.166806,0.0528091,0.0
5.66058,0.000653805,0.166806,0.0575789,0.0
5.6602,0.000656729,0.150125,0.0500834,0.0
5.66057,0.000673755,0.200167,0.0623488,0.0
5.65985,0.000702803,0.100083,0.0408844,0.0
5.65953,0.000644837,0.133445,0.0470171,0.0
5.65934,0.000612735,0.166806,0.0528091,0.0
5.66015,0.00067343,0.183486,0.0599638,0.0
5.66028,0.000661343,0.233528,0.0623488,0.0
5.66097,0.000648671,0.166806,0.0528091,0.0
5.66044,0.000651855,0.183486,0.055194,0.0
5.65928,0.000629371,0.0834028,0.0371367,0.0
5.65923,0.000634115,0.133445,0.0470171,0.0
5.66045,0.000649061,0.133445,0.0470171,0.0
5.66016,0.000657054,0.100083,0.0408844,0.0
5.66091,0.000690521,0.30025,0.0705257,0.0
5.66033,0.000649841,0.116764,0.0500834,0.0
5.66019,0.000600518,0.100083,0.0408844,0.0
5.6602,0.000648931,0.183486,0.0599638,0.0
5.66,0.000635219,0.133445,0.0528091,0.0
5.66019,0.00067122,0.200167,0.0623488,0.0
5.6591,0.000644577,0.133445,0.0470171,0.0
5.66,0.000647826,0.166806,0.0528091,0.0
5.65997,0.00071489,0.133445,0.0528091,0.0
5.66013,0.000741988,0.266889,0.0705257,0.0
5.65917,0.000785787,0.233528,0.0705257,0.0
5.65987,0.000777924,0.266889,0.0882422,0.0
5.66002,0.000684607,0.100083,0.0408844,0.0
5.65953,0.000657964,0.200167,0.0705257,0.0
5.66048,0.000656404,0.200167,0.0575789,0.0
5.66047,0.00065257,0.216847,0.0599638,0.0
5.66014,0.000664527,0.150125,0.0500834,0.0
5.65896,0.000658808,0.216847,0.0599638,0.0
5.66043,0.000634115,0.200167,0.0575789,0.0
5.661,0.000630085,0.233528,0.0664372,0.0
5.66027,0.000649061,0.150125,0.0500834,0.0
5.6592,0.000629176,0.116764,0.0439508,0.0
5.66055,0.000659198,0.133445,0.0528091,0.0
5.66026,0.000635674,0.183486,0.0599638,0.0
5.6591,0.000611825,0.0500417,0.0289598,0.0
5.6595,0.000596229,0.100083,0.0470171,0.0
5.66022,0.00067278,0.250209,0.0684814,0.0
5.66056,0.000703258,0.250209,0.064393,0.0
5.66,0.000638468,0.150125,0.0500834,0.0
5.6596,0.000637559,0.200167,0.0575789,0.0
5.65966,0.000643602,0.116764,0.0439508,0.0
5.66001,0.000638988,0.183486,0.055194,0.0
5.66023,0.000665047,0.133445,0.0470171,0.0
5.65989,0.000677849,0.216847,0.0599638,0.0
5.66043,0.000639963,0.216847,0.0599638,0.0
5.66027,0.000635219,0.166806,0.0528091,0.0
5.65914,0.000624367,0.116764,0.0439508,0.0
5.65986,0.000639898,0.183486,0.055194,0.0
5.66124,0.000720868,0.200167,0.0575789,0.0
5.66002,0.000730486,0.200167,0.0575789,0.0
5.65927,0.00069286,0.166806,0.0575789,0.0
5.6596,0.000631515,0.166806,0.0528091,0.0
5.65928,0.000627811,0.166806,0.0528091,0.0
5.65954,0.000656404,0.116764,0.0439508,0.0
5.65981,0.000626316,0.150125,0.0500834,0.0
5.66079,0.000640743,0.183486,0.055194,0.0
5.66025,0.000628136,0.183486,0.055194,0.0
5.65973,0.000647696,0.233528,0.0623488,0.0
5.65941,0.000666607,0.100083,0.0408844,0.0
5.65963,0.000620663,0.150125,0.0500834,0.0
5.65948,0.000638468,0.133445,0.0623488,0.0
5.65946,0.000645617,0.116764,0.0439508,0.0
5.66009,0.000640483,0.250209,0.064393,0.0
5.66044,0.000655039,0.133445,0.0470171,0.0
5.65931,0.000648281,0.250209,0.0684814,0.0
5.6598,0.000622222,0.166806,0.0528091,0.0
5.66023,0.00065205,0.116764,0.0439508,0.0
5.66052,0.000751606,0.116764,0.0439508,0.0
5.65955,0.000670311,0.150125,0.0500834,0.0
5.65905,0.00061306,0.150125,0.055194,0.0
5.66049,0.000661473,0.166806,0.0575789,0.0
5.65974,0.000726457,0.166806,0.0575789,0.0
5.65924,0.000655689,0.150125,0.0500834,0.0
5.66007,0.000643212,0.133445,0.0470171,0.0
5.65995,0.000688311,0.116764,0.0439508,0.0
5.65877,0.000638663,0.166806,0.0528091,0.0
5.66016,0.000604482,0.0834028,0.0371367,0.0
5.66072,0.000629696,0.183486,0.055194,0.0
5.66035,0.000663292,0.233528,0.0705257,0.0
5.66072,0.000701958,0.166806,0.0575789,0.0
5.65924,0.000639833,0.100083,0.0470171,0.0
5.65911,0.000655494,0.183486,0.055194,0.0
5.66014,0.000652115,0.200167,0.0575789,0.0
5.65923,0.000685517,0.216847,0.064393,0.0
5.65926,0.000695265,0.150125,0.0500834,0.0
5.65958,0.000677719,0.166806,0.0575789,0.0
5.6591,0.000627096,0.116764,0.0439508,0.0
5.6602,0.000619233,0.183486,0.055194,0.0
5.65998,0.000647631,0.183486,0.055194,0.0
5.65977,0.000657574,0.200167,0.0575789,0.0
5.65996,0.000698319,0.200167,0.0623488,0.0
5.66054,0.000649776,0.183486,0.0599638,0.0
5.65965,0.000689221,0.183486,0.064393,0.0
5.66026,0.000749526,0.30025,0.0742734,0.0
5.66035,0.000698124,0.133445,0.0528091,0.0
5.66022,0.000651985,0.166806,0.0528091,0.0
5.66021,0.000640548,0.150125,0.0500834,0.0
5.66106,0.000658224,0.200167,0.0575789,0.0
5.66086,0.000656534,0.316931,0.0725699,0.0
5.661,0.000659003,0.133445,0.0528091,0.0
5.66033,0.000705727,0.166806,0.0528091,0.0
5.66074,0.00071489,0.166806,0.0528091,0.0
5.66059,0.000649776,0.133445,0.0528091,0.0
5.66015,0.000637624,0.183486,0.055194,0.0
5.65994,0.000688636,0.250209,0.0684814,0.0
5.65974,0.000625667,0.183486,0.055194,0.0
5.65981,0.00065205,0.200167,0.0575789,0.0
5.66096,0.000676484,0.166806,0.0528091,0.0
5.659,0.000608576,0.116764,0.0439508,0.0
5.65932,0.000616829,0.200167,0.0575789,0.0
5.66063,0.000685907,0.233528,0.0664372,0.0
5.65978,0.000636259,0.150125,0.0500834,0.0
5.65917,0.000675639,0.233528,0.0664372,0.0
5.65973,0.000700008,0.166806,0.0575789,0.0
5.66051,0.000719764,0.28357,0.0797247,0.0
5.66087,0.000702348,0.266889,0.0705257,0.0
5.66033,0.000697734,0.166806,0.0708664,0.0
5.65901,0.000683242,0.183486,0.0599638,0.0
5.6594,0.00069156,0.183486,0.0599638,0.0
5.65988,0.000722818,0.200167,0.0667779,0.0
5.65978,0.000656469,0.100083,0.0408844,0.0
5.66021,0.000662902,0.250209,0.064393,0.0
5.65994,0.000631385,0.150125,0.0500834,0.0
5.66002,0.000638858,0.233528,0.0664372,0.0
5.66061,0.000666087,0.0834028,0.0371367,0.0
5.65973,0.000650815,0.200167,0.0575789,0.0
5.65964,0.00065335,0.233528,0.0705257,0.0
5.6609,0.000670636,0.116764,0.0439508,0.0
5.66002,0.000628071,0.150125,0.0500834,0.0
5.6602,0.000676874,0.150125,0.0500834,0.0
5.66049,0.000711056,0.216847,0.064393,0.0
5.65934,0.000625667,0.100083,0.0408844,0.0
5.65963,0.000739909,0.200167,0.0623488,0.0
5.66168,0.000787477,0.183486,0.0599638,0.0
5.66076,0.000716319,0.150125,0.0500834,0.0
5.66041,0.000644382,0.250209,0.0684814,0.0
5.65935,0.000646851,0.133445,0.0575789,0.0
5.65948,0.000663552,0.166806,0.0528091,0.0
5.65856,0.000607666,0.0667223,0.033389,0.0
5.65883,0.00059077,0.100083,0.0408844,0.0
5.65922,0.000613904,0.133445,0.0470171,0.0
5.65938,0.000663097,0.133445,0.0470171,0.0
5.65978,0.000681683,0.150125,0.055194,0.0
5.65999,0.000622677,0.133445,0.0528091,0.0
5.6592,0.000635739,0.0667223,0.033389,0.0
5.66057,0.000691041,0.133445,0.0528091,0.0
5.66089,0.000698579,0.166806,0.0528091,0.0
5.66029,0.000679668,0.216847,0.064393,0.0
5.65997,0.000690976,0.216847,0.0684814,0.0
5.66017,0.000695394,0.216847,0.0599638,0.0
5.66081,0.00063184,0.166806,0.0528091,0.0
5.65971,0.000664787,0.166806,0.0575789,0.0
5.65929,0.000687401,0.233528,0.0746141,0.0
5.66078,0.00065244,0.150125,0.0500834,0.0
5.65927,0.000661798,0.133445,0.0470171,0.0
5.65881,0.000661473,0.116764,0.0439508,0.0
5.66008,0.000606691,0.100083,0.0408844,0.0
5.66116,0.000630735,0.183486,0.055194,0.0
5.66009,0.000657639,0.133445,0.0528091,0.0
5.65941,0.000685192,0.200167,0.0623488,0.0
5.66015,0.000643407,0.150125,0.0500834,0.0
5.6595,0.00065231,0.133445,0.0470171,0.0
5.65911,0.000719764,0.183486,0.064393,0.0
5.65965,0.000666087,0.133445,0.0528091,0.0
5.6599,0.000626511,0.166806,0.0575789,0.0
5.65973,0.000677199,0.266889,0.0780211,0.0
5.66044,0.000652505,0.116764,0.0439508,0.0
5.65956,0.000617739,0.150125,0.0500834,0.0
5.65932,0.00067161,0.116764,0.0439508,0.0
5.65994,0.00069234,0.100083,0.0408844,0.0
5.65991,0.000649191,0.183486,0.055194,0.0
5.65932,0.000666672,0.250209,0.0684814,0.0
5.65995,0.000675769,0.216847,0.0599638,0.0
5.66051,0.000635284,0.233528,0.0623488,0.0
5.66106,0.000675574,0.200167,0.0575789,0.0
5.66033,0.000645552,0.133445,0.0470171,0.0
5.659,0.000620793,0.150125,0.055194,0.0
5.65971,0.000689416,0.150125,0.0500834,0.0
5.6603,0.000724117,0.133445,0.0470171,0.0
5.65984,0.000699618,0.150125,0.0688221,0.0
5.66059,0.000636519,0.133445,0.0470171,0.0
5.66044,0.000657379,0.216847,0.0599638,0.0
5.66008,0.000654649,0.150125,0.0500834,0.0
5.66013,0.000621898,0.166806,0.0528091,0.0
5.65908,0.00063379,0.166806,0.0528091,0.0
5.65944,0.000682658,0.116764,0.055194,0.0
5.66043,0.000697409,0.250209,0.064393,0.0
5.6606,0.000644707,0.133445,0.0528091,0.0
5.6601,0.000670571,0.216847,0.0599638,0.0
5.66027,0.000671415,0.150125,0.0500834,0.0
5.66023,0.000649776,0.216847,0.0599638,0.0
5.6599,0.000700463,0.250209,0.0684814,0.0
5.6595,0.000766422,0.266889,0.0705257,0.0
5.65989,0.0006527,0.233528,0.0623488,0.0
5.65996,0.000626641,0.0834028,0.0371367,0.0
5.6604,0.00069455,0.233528,0.0623488,0.0
5.66065,0.000700528,0.183486,0.0599638,0.0
5.6597,0.000653155,0.100083,0.0408844,0.0
5.65933,0.00063067,0.200167,0.0575789,0.0
5.65918,0.000646267,0.166806,0.0575789,0.0
5.6598,0.000627161,0.200167,0.0575789,0.0
5.65911,0.000639053,0.200167,0.0623488,0.0
5.65926,0.000636129,0.0834028,0.0371367,0.0
5.65942,0.000637949,0.100083,0.0408844,0.0
5.65873,0.00063028,0.0834028,0.0371367,0.0
5.65919,0.000659718,0.116764,0.0500834,0.0
5.6611,0.000637884,0.200167,0.0575789,0.0
5.661,0.000663552,0.166806,0.0528091,0.0
5.66041,0.000665827,0.0667223,0.0408844,0.0
5.65968,0.000695654,0.183486,0.0599638,0.0
5.66058,0.000664982,0.166806,0.0528091,0.0
5.65954,0.000634634,0.166806,0.0575789,0.0
5.65974,0.000659328,0.200167,0.0623488,0.0
5.65945,0.000630475,0.100083,0.0408844,0.0
5.65896,0.000623457,0.166806,0.0528091,0.0
5.65918,0.000609096,0.0834028,0.0371367,0.0
5.66002,0.000638338,0.266889,0.0664372,0.0
5.66011,0.000731526,0.28357,0.0684814,0.0
5.65954,0.000683048,0.150125,0.0500834,0.0
5.65956,0.00065374,0.150125,0.0500834,0.0
5.65984,0.000667841,0.166806,0.0528091,0.0
5.65875,0.000645097,0.166806,0.0528091,0.0
5.65836,0.000624497,0.133445,0.0623488,0.0
5.66051,0.000669011,0.200167,0.0575789,0.0
5.6606,0.000687206,0.183486,0.055194,0.0
5.66027,0.000669596,0.150125,0.0500834,0.0
5.66033,0.000705597,0.100083,0.0408844,0.0
5.6601,0.000754855,0.200167,0.0575789,0.0
5.66042,0.000723273,0.28357,0.0684814,0.0
5.66055,0.000691365,0.216847,0.064393,0.0
5.65972,0.000673235,0.133445,0.0470171,0.0
5.65951,0.000674665,0.28357,0.0725699,0.0
5.65995,0.00069169,0.166806,0.0528091,0.0
5.66033,0.000664462,0.116764,0.0439508,0.0
5.66013,0.000661733,0.216847,0.0599638,0.0
5.6595,0.000633465,0.200167,0.0575789,0.0
5.66085,0.000648606,0.266889,0.0705257,0.0
5.66111,0.000678044,0.233528,0.0623488,0.0
5.65983,0.000649776,0.0834028,0.0371367,0.0
5.66034,0.000657379,0.233528,0.0623488,0.0
5.66025,0.000735035,0.166806,0.0623488,0.0
5.65949,0.000719439,0.166806,0.0528091,0.0
5.65992,0.000638209,0.28357,0.0725699,0.0
5.65923,0.000658354,0.266889,0.0705257,0.0
5.65966,0.000677069,0.166806,0.0528091,0.0
5.66085,0.000687206,0.133445,0.0470171,0.0
5.66089,0.000662643,0.266889,0.0664372,0.0
5.65924,0.000691755,0.133445,0.0575789,0.0
5.6596,0.000730291,0.233528,0.0664372,0.0
5.66011,0.000630605,0.183486,0.055194,0.0
5.65951,0.000649581,0.150125,0.0500834,0.0
5.65981,0.000650296,0.30025,0.0705257,0.0
5.66081,0.000649321,0.233528,0.0623488,0.0
5.66005,0.000638533,0.200167,0.0575789,0.0
5.65934,0.000658808,0.150125,0.0500834,0.0
5.65971,0.000703128,0.183486,0.055194,0.0
5.66039,0.000649451,0.200167,0.0667779,0.0
5.66014,0.000648801,0.133445,0.0528091,0.0
5.6601,0.000646461,0.183486,0.0599638,0.0
5.66078,0.000656924,0.183486,0.055194,0.0
5.65973,0.000680123,0.133445,0.0528091,0.0
5.65909,0.000663422,0.266889,0.0664372,0.0
5.6602,0.000681228,0.183486,0.055194,0.0
5.66065,0.000661798,0.116764,0.0439508,0.0
5.66023,0.000616959,0.183486,0.055194,0.0
5.6592,0.000619103,0.116764,0.0439508,0.0
5.65938,0.000595514,0.0667223,0.033389,0.0
5.65933,0.000624432,0.233528,0.0623488,0.0
5.65977,0.00067447,0.116764,0.055194,0.0
5.65943,0.000598243,0.0834028,0.0371367,0.0
5.65977,0.000595709,0.116764,0.0439508,0.0
5.66045,0.000648476,0.250209,0.0684814,0.0
5.65977,0.000689676,0.216847,0.0599638,0.0
5.65909,0.00065166,0.100083,0.0408844,0.0
5.65858,0.000632685,0.183486,0.055194,0.0
5.65904,0.000656859,0.266889,0.0780211,0.0
5.66021,0.000636259,0.133445,0.0470171,0.0
5.66023,0.000751281,0.150125,0.064393,0.0
5.65998,0.000763303,0.100083,0.0408844,0.0
5.66071,0.000675314,0.266889,0.0742734,0.0
5.66027,0.000681943,0.200167,0.0575789,0.0
5.65888,0.000661993,0.150125,0.0500834,0.0
5.65955,0.000636519,0.250209,0.064393,0.0
5.65947,0.000636909,0.150125,0.0500834,0.0
5.65907,0.000690781,0.116764,0.0500834,0.0
5.65946,0.000664072,0.133445,0.0470171,0.0
5.65925,0.000645292,0.166806,0.0575789,0.0
5.65995,0.000689481,0.233528,0.0664372,0.0
5.65949,0.00065101,0.133445,0.0470171,0.0
5.66011,0.000635739,0.200167,0.0623488,0.0
5.66105,0.000671415,0.250209,0.0684814,0.0
5.66044,0.000634179,0.150125,0.0500834,0.0
5.65989,0.000664267,0.233528,0.0623488,0.0
5.66063,0.000690391,0.183486,0.0599638,0.0
5.65981,0.000646267,0.183486,0.055194,0.0
5.66008,0.000658614,0.133445,0.0528091,0.0
5.66077,0.000743288,0.30025,0.0742734,0.0
5.66043,0.000652245,0.150125,0.0500834,0.0
5.65955,0.00063379,0.150125,0.0500834,0.0
5.6602,0.000700073,0.28357,0.0684814,0.0
5.66076,0.000727302,0.150125,0.0500834,0.0
5.65994,0.00063353,0.150125,0.0500834,0.0
5.65883,0.000635804,0.116764,0.0439508,0.0
5.65946,0.000673885,0.250209,0.064393,0.0
5.66052,0.000649191,0.150125,0.0500834,0.0
5.6612,0.000679213,0.150125,0.0500834,0.0
5.6603,0.000669401,0.250209,0.064393,0.0
5.65986,0.000658354,0.200167,0.0667779,0.0
5.65952,0.000705922,0.183486,0.0688221,0.0
5.65917,0.000673625,0.150125,0.0500834,0.0
5.6598,0.000636129,0.183486,0.055194,0.0
5.66016,0.000708066,0.200167,0.0575789,0.0
5.65926,0.000695524,0.0667223,0.033389,0.0
5.65873,0.000597853,0.116764,0.0439508,0.0
5.6595,0.000603962,0.100083,0.0408844,0.0
5.65978,0.000645292,0.116764,0.0439508,0.0
5.65984,0.000639313,0.150125,0.0500834,0.0
5.65978,0.000643862,0.100083,0.0408844,0.0
5.66028,0.000637559,0.183486,0.055194,0.0
5.6601,0.000640028,0.150125,0.0500834,0.0
5.65983,0.000674795,0.133445,0.0470171,0.0
5.66012,0.000753685,0.200167,0.0623488,0.0
5.65949,0.000644902,0.183486,0.0599638,0.0
5.65878,0.000606496,0.100083,0.0408844,0.0
5.65958,0.0006334,0.183486,0.0599638,0.0
5.66065,0.000675444,0.150125,0.0500834,0.0
5.6605,0.000629501,0.250209,0.064393,0.0
5.65951,0.000607796,0.200167,0.0575789,0.0
5.66051,0.00065257,0.233528,0.0664372,0.0
5.6607,0.000695589,0.183486,0.0688221,0.0
5.66022,0.000665892,0.216847,0.0599638,0.0
5.66138,0.000661993,0.333611,0.0742734,0.0
5.66014,0.000651725,0.116764,0.0439508,0.0
5.65898,0.000617349,0.100083,0.0408844,0.0
5.65999,0.000587456,0.183486,0.055194,0.0
5.65992,0.000629436,0.100083,0.0408844,0.0
5.65877,0.000644447,0.250209,0.064393,0.0
5.65998,0.000727302,0.183486,0.055194,0.0
5.66015,0.000714565,0.150125,0.0500834,0.0
5.659,0.000617998,0.0667223,0.033389,0.0
5.65879,0.000648866,0.166806,0.0528091,0.0
5.65902,0.000667256,0.166806,0.0528091,0.0
5.66024,0.000665372,0.116764,0.0500834,0.0
5.6601,0.000667061,0.200167,0.0623488,0.0
5.66021,0.000703063,0.150125,0.0500834,0.0
5.66048,0.000625992,0.100083,0.0408844,0.0
5.65985,0.000633985,0.166806,0.0528091,0.0
5.65998,0.000663552,0.216847,0.0599638,0.0
5.65963,0.000681098,0.233528,0.0664372,0.0
5.65961,0.000680903,0.166806,0.0575789,0.0
5.65994,0.000649971,0.183486,0.0599638,0.0
5.66004,0.000638014,0.216847,0.0599638,0.0
5.65929,0.000623197,0.183486,0.0599638,0.0
5.65943,0.000622157,0.0333611,0.0235086,0.0
5.65945,0.000658159,0.183486,0.0599638,0.0
5.65929,0.0006926,0.200167,0.0575789,0.0
5.66008,0.000649061,0.116764,0.0439508,0.0
5.65947,0.000593305,0.0667223,0.033389,0.0
5.65913,0.000629826,0.0667223,0.033389,0.0
5.65898,0.000657704,0.183486,0.0599638,0.0
5.65987,0.000660498,0.100083,0.0408844,0.0
5.65997,0.000625732,0.216847,0.064393,0.0
5.65964,0.000663617,0.250209,0.0684814,0.0
5.65958,0.000650101,0.183486,0.055194,0.0
5.65961,0.000660628,0.250209,0.0684814,0.0
5.65977,0.000712225,0.200167,0.0623488,0.0
5.66003,0.000761158,0.133445,0.0470171,0.0
5.65979,0.000739909,0.200167,0.0623488,0.0
5.6598,0.000639508,0.133445,0.0470171,0.0
5.66051,0.000657379,0.233528,0.0664372,0.0
5.65954,0.000713135,0.166806,0.0528091,0.0
5.66044,0.000693835,0.100083,0.0470171,0.0
5.66009,0.000626316,0.116764,0.0439508,0.0
5.6598,0.000635024,0.133445,0.0470171,0.0
5.66033,0.000648996,0.250209,0.064393,0.0
5.66033,0.000637169,0.183486,0.0599638,0.0
5.65989,0.000648151,0.183486,0.0599638,0.0
5.66067,0.000699488,0.150125,0.055194,0.0
5.661,0.000717359,0.216847,0.064393,0.0
5.66004,0.000713265,0.216847,0.0725699,0.0
5.65908,0.000659978,0.150125,0.0500834,0.0
5.65984,0.000628266,0.116764,0.0439508,0.0
5.66009,0.000646721,0.200167,0.0623488,0.0
5.65952,0.000627746,0.150125,0.0500834,0.0
5.65962,0.000623912,0.100083,0.0470171,0.0
5.65975,0.000660108,0.150125,0.0500834,0.0
5.66004,0.000643927,0.150125,0.055194,0.0
5.66011,0.000634504,0.183486,0.055194,0.0
5.66031,0.000613774,0.100083,0.0408844,0.0
5.6603,0.000646851,0.166806,0.0528091,0.0
5.66079,0.000694875,0.250209,0.0763176,0.0
5.66108,0.000727432,0.28357,0.0831317,0.0
5.65968,0.000719893,0.266889,0.0705257,0.0
5.65957,0.000666412,0.166806,0.0528091,0.0
5.65929,0.00063028,0.133445,0.0470171,0.0
5.65973,0.000683048,0.150125,0.0500834,0.0
5.65969,0.000637299,0.100083,0.0470171,0.0
5.65935,0.000603637,0.150125,0.0500834,0.0
5.65941,0.000614099,0.0834028,0.0371367,0.0
5.6595,0.000687336,0.250209,0.064393,0.0
5.65985,0.000640158,0.0834028,0.0371367,0.0
5.66048,0.000634439,0.116764,0.0439508,0.0
5.66102,0.000733995,0.233528,0.0780211,0.0
5.66115,0.00073302,0.150125,0.055194,0.0
5.66085,0.000607341,0.150125,0.0500834,0.0
5.66,0.000608381,0.133445,0.0470171,0.0
5.66031,0.000657769,0.166806,0.0528091,0.0
5.65961,0.000598828,0.100083,0.0470171,0.0
5.66028,0.00061137,0.100083,0.0408844,0.0
5.66115,0.000635024,0.150125,0.0500834,0.0
5.66027,0.000638079,0.266889,0.0705257,0.0
5.66016,0.000650945,0.216847,0.064393,0.0
5.66039,0.000684087,0.200167,0.0575789,0.0
5.65895,0.000642822,0.166806,0.0575789,0.0
5.65863,0.000657444,0.150125,0.055194,0.0
5.65993,0.000671285,0.183486,0.055194,0.0
5.65924,0.000665892,0.133445,0.0470171,0.0
5.65953,0.000724962,0.30025,0.0814282,0.0
5.65941,0.000666801,0.100083,0.0408844,0.0
5.65929,0.000595579,0.133445,0.0470171,0.0
5.66043,0.000664852,0.28357,0.0725699,0.0
5.66021,0.00075401,0.216847,0.0599638,0.0
5.66054,0.000689871,0.200167,0.0623488,0.0
5.66014,0.00061137,0.116764,0.0439508,0.0
5.65893,0.000607211,0.100083,0.0408844,0.0
5.66003,0.000675964,0.133445,0.0528091,0.0
5.66055,0.000711705,0.200167,0.0623488,0.0
5.65997,0.000614359,0.166806,0.0528091,0.0
5.65932,0.000609875,0.166806,0.0528091,0.0
5.66164,0.000676939,0.216847,0.064393,0.0
5.66117,0.000649646,0.250209,0.064393,0.0
5.66014,0.000640743,0.200167,0.0623488,0.0
5.66083,0.000655429,0.250209,0.064393,0.0
5.66014,0.000651985,0.116764,0.0439508,0.0
5.65987,0.00063119,0.233528,0.0664372,0.0
5.65984,0.000627616,0.0667223,0.033389,0.0
5.65999,0.000608901,0.100083,0.0408844,0.0
5.65936,0.000617414,0.183486,0.055194,0.0
5.66083,0.000713135,0.233528,0.0664372,0.0
5.66005,0.000621508,0.166806,0.0528091,0.0
5.65853,0.000620793,0.216847,0.0599638,0.0
5.65998,0.00065335,0.133445,0.0470171,0.0
5.66056,0.000669986,0.166806,0.0528091,0.0
5.66017,0.000647826,0.233528,0.0664372,0.0
5.65976,0.000675119,0.166806,0.0575789,0.0
5.66045,0.000667386,0.150125,0.0500834,0.0
5.66077,0.000646786,0.183486,0.055194,0.0
5.66025,0.000671025,0.100083,0.0408844,0.0
5.65937,0.000702348,0.183486,0.055194,0.0
5.66032,0.000747512,0.200167,0.0705257,0.0
5.65917,0.00065257,0.116764,0.0439508,0.0
5.6596,0.000657639,0.166806,0.0528091,0.0
5.66062,0.000725482,0.183486,0.0599638,0.0
5.65927,0.000744068,0.100083,0.0408844,0.0
5.65938,0.000674405,0.233528,0.0623488,0.0
5.65975,0.000668166,0.233528,0.0664372,0.0
5.65957,0.000631905,0.116764,0.0439508,0.0
5.65908,0.000625407,0.100083,0.0408844,0.0
5.65996,0.000633075,0.233528,0.0623488,0.0
5.66004,0.000677719,0.233528,0.0705257,0.0
5.66002,0.000678174,0.166806,0.0528091,0.0
5.65996,0.000633595,0.216847,0.064393,0.0
5.66038,0.000700463,0.266889,0.0664372,0.0
5.66021,0.000659653,0.116764,0.0500834,0.0
5.65997,0.000638014,0.266889,0.0664372,0.0
5.65977,0.000625017,0.200167,0.0623488,0.0
5.65948,0.000663162,0.166806,0.0528091,0.0
5.65937,0.000645552,0.150125,0.0688221,0.0
5.65963,0.000681748,0.166806,0.0528091,0.0
5.66063,0.000672065,0.116764,0.0439508,0.0
5.65924,0.000584857,0.100083,0.0408844,0.0
5.66005,0.000668426,0.150125,0.0500834,0.0
5.66108,0.000663812,0.183486,0.0599638,0.0
5.66003,0.000676029,0.166806,0.0528091,0.0
5.65973,0.000656534,0.116764,0.0439508,0.0
5.65976,0.000649256,0.166806,0.0575789,0.0
5.66019,0.000687466,0.250209,0.064393,0.0
5.65993,0.000706312,0.116764,0.0500834,0.0
5.65915,0.000622417,0.0500417,0.0289598,0.0
5.65939,0.000607211,0.100083,0.0408844,0.0
5.65952,0.000644642,0.133445,0.0470171,0.0
5.65912,0.000649711,0.150125,0.055194,0.0
5.65941,0.000597788,0.0500417,0.0289598,0.0
5.65932,0.000595124,0.166806,0.0528091,0.0
5.65869,0.000675574,0.166806,0.0575789,0.0
5.65965,0.000723987,0.133445,0.0528091,0.0
5.65949,0.000621768,0.100083,0.0408844,0.0
5.6595,0.000609745,0.100083,0.0408844,0.0
5.66056,0.000690521,0.133445,0.0470171,0.0
5.66084,0.000655559,0.150125,0.055194,0.0
5.66,0.000619168,0.183486,0.055194,0.0
5.65923,0.000623912,0.133445,0.0470171,0.0
5.65935,0.000618648,0.150125,0.055194,0.0
5.66012,0.000598048,0.150125,0.055194,0.0
5.66086,0.000623197,0.150125,0.0500834,0.0
5.66059,0.000635479,0.233528,0.0664372,0.0
5.66047,0.000639053,0.216847,0.0599638,0.0
5.65988,0.000635544,0.150125,0.055194,0.0
5.66054,0.000628656,0.183486,0.055194,0.0
5.66102,0.000696239,0.133445,0.0470171,0.0
5.66024,0.000662123,0.133445,0.0470171,0.0
5.66016,0.000689416,0.30025,0.0879015,0.0
5.66106,0.000700658,0.166806,0.0575789,0.0
5.66112,0.000667711,0.216847,0.0725699,0.0
6.25809,0.0140886,0.200167,0.0623488,0.0
18.2447,0.161812,54.045,0.759769,0.0
61.4427,0.32654,139.033,1.06334,0.0
99.4517,0.141158,192.611,0.919559,0.0
93.1561,0.149953,188.941,0.908657,0.0
80.5199,0.0953541,187.44,0.889237,0.0
78.7777,0.0907103,189.475,0.85687,0.0
71.66,0.0982915,189.491,0.89571,0.0
65.2347,0.0782978,192.877,0.891621,0.0
63.0439,0.0739679,191.843,0.872542,0.0
59.2086,0.0745801,191.076,0.884467,0.0
55.4916,0.0697611,192.594,0.886852,0.0
52.9857,0.0684831,191.56,0.877312,0.0
49.9296,0.0663825,192.143,0.848011,0.0
46.9103,0.0639276,191.226,0.864706,0.0
44.3721,0.0634828,190.676,0.868794,0.0
41.8261,0.0612723,189.008,0.862662,0.0
39.5246,0.0573749,190.259,0.850396,0.0
37.695,0.0550808,190.275,0.855166,0.0
36.0754,0.0549989,188.741,0.867432,0.0
34.6101,0.0538019,188.207,0.840516,0.0
33.381,0.0525339,188.407,0.84256,0.0
32.2381,0.0507165,187.973,0.860958,0.0
31.1252,0.0487123,187.056,0.849374,0.0
30.1069,0.0480809,187.756,0.867432,0.0
29.2171,0.0487067,186.922,0.864365,0.0
28.3438,0.0481232,185.571,0.872201,0.0
27.4153,0.0477847,186.822,0.882082,0.0
26.5049,0.0444813,183.62,0.868454,0.0
25.6427,0.0431303,183.536,0.859255,0.0
24.8399,0.0427077,183.286,0.849374,0.0
23.9669,0.0422149,181.835,0.843242,0.0
23.1071,0.0401565,180.801,0.859595,0.0
22.4114,0.038588,180.601,0.864024,0.0
21.7542,0.0384923,179.349,0.85721,0.0
21.0813,0.0373261,179.066,0.848352,0.0
20.4823,0.0377676,178.766,0.868454,0.0
19.8644,0.0367217,178.982,0.86675,0.0
19.2257,0.0346906,176.53,0.853803,0.0
18.6378,0.0338455,173.761,0.844264,0.0
18.0638,0.034936,175.763,0.86675,0.0
17.5359,0.0334032,172.127,0.846649,0.0
17.0476,0.0327836,171.993,0.862662,0.0
16.5691,0.0323584,172.06,0.834043,0.0
16.1699,0.0316095,170.225,0.848011,0.0
15.7879,0.0302526,168.674,0.848693,0.0
15.3391,0.0288303,166.839,0.849715,0.0
14.93,0.028258,166.939,0.840516,0.0
14.5852,0.02772,166.455,0.839494,0.0
14.2201,0.0268567,165.438,0.867772,0.0
13.8701,0.0260663,163.837,0.835746,0.0
13.5362,0.0257024,161.435,0.827569,0.0
13.2343,0.0250857,162.035,0.860617,0.0
12.9645,0.0251572,161.101,0.856188,0.0
12.6883,0.0243918,158.966,0.838472,0.0
12.391,0.0241654,158.098,0.846989,0.0
12.1415,0.0234443,157.098,0.870498,0.0
11.918,0.0228522,154.962,0.845967,0.0
11.6505,0.0234332,154.095,0.837109,0.0
11.4134,0.0231021,151.943,0.851078,0.0
11.217,0.0215203,147.923,0.874246,0.0
10.9962,0.0212094,149.775,0.863684,0.0
10.8005,0.0211833,149.525,0.852781,0.0
10.6354,0.0206184,147.156,0.861299,0.0
10.4633,0.0203528,144.904,0.831998,0.0
10.2556,0.0198108,141.985,0.852781,0.0
10.0425,0.0194139,141.968,0.850056,0.0
9.88281,0.0194896,139.783,0.849374,0.0
9.70142,0.0188452,137.565,0.841538,0.0
9.51604,0.0182811,135.98,0.866069,0.0
9.38762,0.0178029,134.045,0.858914,0.0
9.23058,0.0174439,130.976,0.852441,0.0
9.07701,0.0170439,129.758,0.843242,0.0
8.97471,0.0166753,129.608,0.860617,0.0
8.84347,0.0169946,127.156,0.854144,0.0
8.68423,0.0164661,123.736,0.853463,0.0
8.55144,0.0160305,122.319,0.86198,0.0
8.44376,0.015727,119.55,0.854144,0.0
8.32907,0.0148685,117.515,0.853803,0.0
8.22615,0.0144777,115.947,0.844604,0.0
8.12622,0.01418,114.512,0.887874,0.0
8.00531,0.0131653,112.143,0.83745,0.0
7.90035,0.013408,108.757,0.845967,0.0
7.8236,0.0128121,107.456,0.85687,0.0
7.74539,0.0120269,105.304,0.855166,0.0
7.67791,0.0123329,103.736,0.871179,0.0
7.61684,0.0119229,101.134,0.852781,0.0
7.53257,0.01119,100.0,0.857551,0.0
7.46736,0.0110826,99.0992,0.841197,0.0
7.41737,0.0110288,96.5638,0.858233,0.0
7.36529,0.0105743,94.3786,0.845626,0.0
7.3087,0.0107455,93.628,0.841538,0.0
7.24762,0.0103735,90.7256,0.850396,0.0
7.19362,0.0102029,89.4245,0.848352,0.0
7.14753,0.00996024,87.3895,0.834724,0.0
7.09822,0.00957404,85.6547,0.824503,0.0
7.04671,0.00947286,85.1543,0.826547,0.0
7.00607,0.0091621,84.8374,0.840516,0.0
6.95928,0.00902388,80.9508,0.834724,0.0
6.90539,0.00924957,78.4654,0.833702,0.0
6.87031,0.00857413,77.648,0.819392,0.0
6.84429,0.00850459,76.347,0.817689,0.0
6.80306,0.00869773,74.2285,0.816326,0.0
6.77031,0.00829353,73.4279,0.824503,0.0
6.74822,0.00842551,71.7765,0.811556,0.0
6.7104,0.00825558,70.0917,0.836427,0.0
6.66076,0.00790505,67.0726,0.800654,0.0
6.62865,0.00772173,66.5221,0.804061,0.0
6.60975,0.00767384,64.6205,0.808149,0.0
6.5805,0.00772804,63.5196,0.819052,0.0
6.55285,0.00765961,64.02,0.804061,0.0
6.52318,0.00727529,60.9508,0.792477,0.0
6.48851,0.00707995,59.5163,0.766583,0.0
6.47417,0.00720296,59.2994,0.777486,0.0
6.46151,0.00722233,59.2327,0.782937,0.0
6.43459,0.00684263,56.2302,0.771012,0.0
6.41371,0.00684133,55.6964,0.798269,0.0
6.39916,0.00656424,56.397,0.781915,0.0
6.38025,0.00650062,52.8107,0.74546,0.0
6.35733,0.00640126,52.1101,0.738305,0.0
6.34509,0.0063006,52.2102,0.775442,0.0
6.33353,0.00623373,50.2752,0.752274,0.0
6.30892,0.00612592,48.0901,0.758747,0.0
6.29578,0.00601434,49.5079,0.750229,0.0
6.29449,0.00607062,47.5897,0.736942,0.0
6.27943,0.00591855,48.1401,0.744097,0.0
6.2603,0.00584135,46.8557,0.737623,0.0
6.24863,0.00574069,46.7223,0.753296,0.0
6.24259,0.00583641,44.2869,0.736601,0.0
6.23544,0.00571333,45.8716,0.742053,0.0
6.22314,0.00560176,43.5696,0.710026,0.0
6.2049,0.00542162,43.2193,0.732513,0.0
6.19735,0.00546685,42.6856,0.728424,0.0
6.19231,0.00538393,41.4345,0.699805,0.0
6.17845,0.00525208,41.2177,0.698102,0.0
6.1743,0.00537626,41.2177,0.693332,0.0
6.16707,0.00534981,40.2502,0.693673,0.0
6.15248,0.00525494,40.0834,0.706619,0.0
6.14689,0.00533623,38.382,0.691628,0.0
6.14273,0.00512295,38.2152,0.690606,0.0
6.12748,0.00509228,38.2986,0.701168,0.0
6.11993,0.00504848,37.4979,0.682089,0.0
6.1154,0.00500696,35.5129,0.666757,0.0
6.10221,0.00496524,35.5463,0.66812,0.0
6.0953,0.00484105,35.4796,0.673912,0.0
6.09949,0.00474098,36.3136,0.678,0.0
6.08637,0.00477133,34.4954,0.661987,0.0
6.07137,0.00481123,34.1785,0.645633,0.0
6.06902,0.00492202,33.7615,0.67323,0.0
6.06234,0.00466982,33.8115,0.65347,0.0
6.05796,0.00464649,33.5446,0.643249,0.0
6.05506,0.00462524,32.5104,0.654832,0.0
6.04665,0.00455486,32.377,0.65381,0.0
6.0393,0.00459405,31.5763,0.644952,0.0
6.02813,0.00454083,30.3753,0.644952,0.0
6.02394,0.00444361,31.8098,0.63439,0.0
6.02905,0.00452965,30.3586,0.635072,0.0
6.01957,0.0042651,31.2093,0.635412,0.0
6.01247,0.00432319,30.2252,0.634731,0.0
6.01187,0.00450184,29.7748,0.62962,0.0
6.00427,0.0042237,29.7081,0.635072,0.0
5.99955,0.00417965,29.5413,0.623488,0.0
5.99963,0.00416047,29.0075,0.615652,0.0
5.98774,0.00416528,27.156,0.610541,0.0
5.98526,0.0043074,27.6897,0.631665,0.0
5.98621,0.00424041,27.9066,0.603727,0.0
5.98101,0.00427589,27.5063,0.612244,0.0
5.96771,0.00414104,24.804,0.593506,0.0
5.96127,0.00390164,26.8057,0.593506,0.0
5.96605,0.00400861,26.7723,0.596231,0.0
5.95985,0.00396604,25.2711,0.596913,0.0
5.9536,0.00398957,25.0709,0.591462,0.0
5.95538,0.00387032,25.7715,0.59555,0.0
5.95072,0.00383133,25.221,0.581922,0.0
5.93418,0.00377408,23.5363,0.571019,0.0
5.93149,0.0036922,23.6697,0.564546,0.0
5.93988,0.00382366,24.4537,0.588395,0.0
5.94138,0.00386532,24.1535,0.582263,0.0
5.93244,0.00385063,24.1201,0.574426,0.0
5.92703,0.00386785,23.9366,0.581922,0.0
5.92679,0.00376017,23.5196,0.565568,0.0
5.9214,0.00367238,23.2027,0.563865,0.0
5.91461,0.00374022,21.4679,0.553303,0.0
5.91022,0.00355508,21.6514,0.548533,0.0
5.90889,0.00360103,22.9024,0.56659,0.0
5.91101,0.00361402,21.4178,0.544444,0.0
5.9082,0.00365977,22.769,0.57613,0.0
5.90247,0.00360298,21.151,0.549214,0.0
5.89917,0.00352857,21.0842,0.546829,0.0
5.89426,0.0035532,20.3003,0.541378,0.0
5.89317,0.0035584,20.9341,0.545126,0.0
5.89303,0.00350524,20.4003,0.538993,0.0
5.8878,0.00350303,19.7832,0.530135,0.0
5.88408,0.00345046,20.5671,0.555688,0.0
5.88438,0.00343447,20.6839,0.53729,0.0
5.87831,0.00333115,18.2485,0.51821,0.0
5.87734,0.00332309,20.1168,0.533883,0.0
5.87866,0.00333388,18.9491,0.524002,0.0
5.86867,0.00332549,19.9833,0.532861,0.0
5.8663,0.00332562,18.0651,0.512078,0.0
5.86686,0.003342,18.9992,0.524343,0.0
5.86279,0.00317831,17.7982,0.515485,0.0
5.86231,0.00330977,18.4987,0.515825,0.0
5.8656,0.00325349,17.5813,0.501175,0.0
5.86225,0.00330509,18.2652,0.520936,0.0
5.85692,0.00335363,17.965,0.514122,0.0
5.85731,0.00333316,18.4821,0.522299,0.0
5.85435,0.00314835,17.1309,0.496405,0.0
5.85301,0.00318513,18.0817,0.5131,0.0
5.84974,0.0031555,16.764,0.504241,0.0
5.847,0.00326727,16.4304,0.495042,0.0
5.84689,0.0032184,16.8807,0.500834,0.0
5.84202,0.00312424,16.8474,0.500153,0.0
5.83497,0.00306224,15.5796,0.479711,0.0
5.83645,0.00302345,16.3136,0.494702,0.0
5.84068,0.00314224,16.4137,0.493339,0.0
5.8375,0.00308382,16.3636,0.495383,0.0
5.83467,0.00306627,16.1301,0.490613,0.0
5.8342,0.00303937,15.7298,0.479711,0.0
5.82734,0.00288906,14.8123,0.462676,0.0
5.82363,0.00299382,14.9625,0.474259,0.0
5.82966,0.00302286,15.3128,0.473237,0.0
5.82942,0.00305575,16.0133,0.487547,0.0
5.82269,0.00297828,14.9124,0.469149,0.0
5.81967,0.00286281,14.5621,0.46983,0.0
5.81895,0.00307134,14.2952,0.475622,0.0
5.81865,0.00303144,14.6455,0.469149,0.0
5.81694,0.00282954,14.7289,0.470171,0.0
5.81521,0.00292604,14.4621,0.480051,0.0
5.81452,0.00291168,14.1118,0.462676,0.0
5.80767,0.00278801,13.4612,0.444959,0.0
5.80422,0.00285222,13.995,0.464038,0.0
5.80723,0.00286671,12.8774,0.443596,0.0
5.80758,0.00277384,14.2285,0.453136,0.0
5.80652,0.00281595,13.2777,0.444618,0.0
5.80322,0.00268631,12.8274,0.427583,0.0
5.80241,0.00274187,13.995,0.46949,0.0
5.80307,0.0027342,12.6606,0.440871,0.0
5.79939,0.00268924,13.2944,0.454499,0.0
5.80093,0.00275461,12.8274,0.440871,0.0
5.80156,0.00281413,13.2611,0.448025,0.0
5.79674,0.00277963,12.794,0.446322,0.0
5.79367,0.00262438,12.4604,0.426902,0.0
5.79613,0.00269404,12.8107,0.441552,0.0
5.79745,0.00265148,12.3436,0.426561,0.0
5.79419,0.00266461,12.4771,0.431331,0.0
5.78901,0.00260736,12.2602,0.427242,0.0
5.78988,0.00265954,12.5104,0.431672,0.0
5.79238,0.00262906,12.5271,0.449388,0.0
5.79024,0.00256375,12.8607,0.446662,0.0
5.78825,0.00262698,11.9933,0.435419,0.0
5.78553,0.00254341,11.8599,0.42145,0.0
5.78412,0.0026134,11.7598,0.42588,0.0
5.78503,0.00265486,11.8432,0.427924,0.0
5.78184,0.00254725,11.1093,0.406459,0.0
5.77968,0.00257194,11.543,0.422132,0.0
5.78017,0.00257103,11.3428,0.424517,0.0
5.7765,0.00246095,10.6922,0.407141,0.0
5.77416,0.00250254,10.9425,0.404756,0.0
5.77807,0.00242936,11.0259,0.408844,0.0
5.77914,0.00252567,11.6264,0.424176,0.0
5.77664,0.00250624,11.3595,0.420088,0.0
5.7744,0.0025349,11.0092,0.417703,0.0
5.7738,0.002526,10.5588,0.413274,0.0
5.77346,0.00246952,10.6922,0.406459,0.0
5.77599,0.00257324,11.2427,0.417703,0.0
5.77606,0.00247576,11.0592,0.413274,0.0
5.77406,0.00252333,11.4429,0.411911,0.0
5.77235,0.00242254,9.72477,0.386017,0.0
5.76902,0.00239434,10.5088,0.409526,0.0
5.77067,0.00247563,10.0417,0.393172,0.0
5.77152,0.00251358,10.6422,0.397601,0.0
5.76702,0.00239973,9.90826,0.39726,0.0
5.76755,0.00240376,10.6756,0.408504,0.0
5.77152,0.00244061,9.92494,0.389765,0.0
5.76712,0.00243203,9.79149,0.393172,0.0
5.76349,0.00241949,10.0917,0.400668,0.0
5.76155,0.00237036,9.92494,0.40169,0.0
5.76224,0.00235008,9.62469,0.383292,0.0
5.76558,0.00236237,10.3086,0.394535,0.0
5.76599,0.00239993,10.4754,0.398964,0.0
5.76249,0.00235483,9.84153,0.388743,0.0
5.76135,0.00241663,9.72477,0.392491,0.0
5.7611,0.00238329,9.4412,0.380566,0.0
5.75879,0.00230615,9.50792,0.376137,0.0
5.76099,0.00235626,10.1585,0.394876,0.0
5.76403,0.00231291,9.75813,0.393513,0.0
5.76136,0.0023469,9.25771,0.379203,0.0
5.75806,0.00235255,8.9241,0.376478,0.0
5.75828,0.00233527,9.85822,0.38738,0.0
5.75786,0.00233696,8.7573,0.372389,0.0
5.75552,0.00226911,8.8407,0.369663,0.0
5.75658,0.00232903,9.49124,0.389084,0.0
5.75547,0.00228705,8.94078,0.373071,0.0
5.75499,0.00236971,9.69141,0.39215,0.0
5.75478,0.00225677,8.74062,0.374433,0.0
5.7524,0.00229166,9.14095,0.384995,0.0
5.75208,0.00222505,8.77398,0.367279,0.0
5.75117,0.00223077,8.72394,0.367279,0.0
5.75146,0.00225033,9.4412,0.381247,0.0
5.75146,0.00224221,8.7573,0.368641,0.0
5.75023,0.00222544,8.70726,0.364212,0.0
5.75137,0.00218827,9.02419,0.372048,0.0
5.75087,0.00220894,8.42369,0.363531,0.0
5.74701,0.00218639,8.17348,0.357739,0.0
5.74849,0.00218996,8.89074,0.367279,0.0
5.74765,0.00215487,8.29024,0.363872,0.0
5.74362,0.00215286,8.12344,0.349221,0.0
5.74728,0.00219042,8.49041,0.371026,0.0
5.75232,0.00225033,8.80734,0.372389,0.0
5.74674,0.0021988,8.22352,0.36319,0.0
5.74384,0.00218814,8.40701,0.36319,0.0
5.74502,0.00218113,8.25688,0.355695,0.0
5.74327,0.00209983,7.82319,0.344111,0.0
5.74168,0.00212147,8.2402,0.365575,0.0
5.74272,0.00212017,7.7231,0.345814,0.0
5.74294,0.00215916,8.10676,0.357739,0.0
5.74473,0.00214831,7.98999,0.351947,0.0
5.74108,0.00214538,7.38949,0.341726,0.0
5.73857,0.0020609,7.88991,0.345814,0.0
5.74064,0.00218671,7.47289,0.34854,0.0
5.73948,0.00204544,7.93995,0.348199,0.0
5.74097,0.00215071,8.07339,0.358761,0.0
5.74369,0.00216254,8.27356,0.360805,0.0
5.73831,0.00208813,7.65638,0.340704,0.0
5.73502,0.00202783,7.57298,0.342748,0.0
5.73672,0.00210041,7.27273,0.341385,0.0
5.73403,0.00198403,7.07256,0.333208,0.0
5.73433,0.00197656,7.37281,0.336275,0.0
5.73909,0.0020854,7.65638,0.348199,0.0
5.7365,0.00201438,7.47289,0.341385,0.0
5.73274,0.00202055,7.07256,0.343089,0.0
5.733,0.00198299,6.93912,0.32435,0.0
5.73429,0.00204843,7.10592,0.331164,0.0
5.73282,0.00199339,6.98916,0.335252,0.0
5.73315,0.00198845,7.07256,0.344111,0.0
5.73802,0.00208599,7.88991,0.341726,0.0
5.7332,0.00196148,6.9558,0.326394,0.0
5.73047,0.0019865,6.92244,0.327416,0.0
5.73566,0.00210061,7.75646,0.355013,0.0
5.7328,0.00199111,6.9558,0.334571,0.0
5.73306,0.00203589,7.90659,0.34854,0.0
5.73274,0.00197922,6.67223,0.324009,0.0
5.72907,0.00200229,6.90575,0.333208,0.0
5.73181,0.00196258,7.08924,0.340022,0.0
5.73162,0.00197272,7.27273,0.331505,0.0
5.72899,0.00187765,6.78899,0.325031,0.0
5.7286,0.00193945,6.77231,0.321624,0.0
5.72996,0.00201262,7.18932,0.335252,0.0
5.72774,0.00200723,6.70559,0.331505,0.0
5.72731,0.00198201,6.9558,0.333208,0.0
5.72893,0.00195453,6.97248,0.330823,0.0
5.72948,0.00199014,6.75563,0.329801,0.0
5.72439,0.00190046,6.33862,0.319239,0.0
5.72351,0.00191352,5.98832,0.315492,0.0
5.72904,0.00195771,7.20601,0.341044,0.0
5.72858,0.00199157,6.25521,0.315832,0.0
5.72436,0.00189578,6.65555,0.325372,0.0
5.72968,0.00194718,6.6055,0.321284,0.0
5.7302,0.00198117,6.85571,0.328779,0.0
5.72529,0.0019373,6.33862,0.325031,0.0
5.72623,0.00191943,6.67223,0.325031,0.0
5.72743,0.00196947,6.23853,0.321624,0.0
5.72762,0.00192255,6.57214,0.316173,0.0
5.72548,0.00196362,6.30525,0.31481,0.0
5.7257,0.00194309,6.88907,0.333549,0.0
5.72854,0.00197831,6.28857,0.315492,0.0
5.72697,0.00193672,6.5221,0.325713,0.0
5.72424,0.00189487,6.83903,0.328438,0.0
5.72607,0.00196193,6.18849,0.318217,0.0
5.72597,0.00193432,6.30525,0.315832,0.0
5.72552,0.0019386,6.3553,0.317536,0.0
5.72731,0.00197876,6.93912,0.331845,0.0
5.72524,0.00191274,6.13845,0.317195,0.0
5.72164,0.00185861,6.42202,0.31958,0.0
5.72349,0.00190111,6.13845,0.311062,0.0
5.72519,0.0019336,6.77231,0.327416,0.0
5.72376,0.00184613,6.10509,0.303908,0.0
5.72161,0.00184015,6.28857,0.312766,0.0
5.72115,0.00188129,6.57214,0.316173,0.0
5.7234,0.00191456,6.4387,0.317536,0.0
5.72213,0.00181007,5.88824,0.302545,0.0
5.72245,0.00188207,6.75563,0.322987,0.0
5.72465,0.0019039,6.18849,0.312766,0.0
5.72261,0.00192184,6.53878,0.331164,0.0
5.72069,0.00190494,5.87156,0.304248,0.0
5.71905,0.00181468,6.07173,0.312425,0.0
5.71681,0.00175191,5.50459,0.296071,0.0
5.72079,0.00185763,6.05505,0.312085,0.0
5.72298,0.0018241,6.005,0.306633,0.0
5.71899,0.00179369,5.85488,0.304589,0.0
5.72359,0.0018575,6.63887,0.322646,0.0
5.72615,0.00196005,6.48874,0.320943,0.0
5.72246,0.00189546,6.5221,0.318899,0.0
5.7212,0.00187271,6.32193,0.309018,0.0
5.72265,0.00191696,6.05505,0.311403,0.0
5.71872,0.00177205,5.77148,0.309359,0.0
5.71965,0.00183937,6.28857,0.311062,0.0
5.72187,0.00182592,6.15513,0.31481,0.0
5.71949,0.00176978,5.45455,0.300501,0.0
5.72017,0.0019143,6.40534,0.319239,0.0
5.72417,0.00194933,6.33862,0.313788,0.0
5.72187,0.00185439,6.20517,0.314129,0.0
5.72091,0.00182963,6.27189,0.312425,0.0
5.72049,0.00184191,5.98832,0.306293,0.0
5.71733,0.00181312,5.55463,0.292324,0.0
5.71676,0.00180773,5.87156,0.307655,0.0
5.71904,0.0018885,5.93828,0.304589,0.0
5.71883,0.00184821,5.97164,0.316854,0.0
5.71568,0.001805,5.62135,0.294368,0.0
5.71487,0.00174651,5.68807,0.298797,0.0
5.71821,0.00179798,5.80484,0.305611,0.0
5.71893,0.00181949,6.03837,0.311744,0.0
5.71836,0.0018371,5.97164,0.305952,0.0
5.71812,0.00184932,5.48791,0.293687,0.0
5.71754,0.00181312,5.93828,0.304589,0.0
5.7152,0.00173806,5.25438,0.288917,0.0
5.71751,0.00177991,5.90492,0.303908,0.0
5.72013,0.00179031,5.88824,0.304589,0.0
5.71816,0.00179168,5.43786,0.294709,0.0
5.72056,0.00191359,5.95496,0.308337,0.0
5.7221,0.00191612,6.005,0.312085,0.0
5.71908,0.00178693,6.10509,0.30493,0.0
5.71762,0.00177478,5.70475,0.301863,0.0
5.71775,0.00181059,5.87156,0.307655,0.0
5.71495,0.00182417,5.68807,0.306974,0.0
5.71435,0.0017638,5.82152,0.30493,0.0
5.7154,0.00178992,5.28774,0.291302,0.0
5.71599,0.00182865,5.60467,0.303567,0.0
5.71729,0.00183898,5.68807,0.298797,0.0
5.71702,0.00178862,5.60467,0.309018,0.0
5.71495,0.00175074,5.77148,0.301182,0.0
5.7161,0.00179603,5.8382,0.306293,0.0
5.71945,0.00182768,6.02168,0.316854,0.0
5.71922,0.00183898,6.15513,0.314129,0.0
5.71581,0.00188538,5.20434,0.293346,0.0
5.71347,0.00182488,5.4045,0.294709,0.0
5.71722,0.0018577,5.80484,0.307315,0.0
5.71906,0.00182878,5.62135,0.299138,0.0
5.71631,0.00182833,5.90492,0.309359,0.0
5.71552,0.00178986,5.52127,0.296412,0.0
5.71567,0.00179837,5.43786,0.294709,0.0
5.71851,0.00183534,5.7548,0.300841,0.0
5.71903,0.00190839,6.25521,0.307655,0.0
5.71623,0.0018241,5.42118,0.298116,0.0
5.71399,0.0017133,5.08757,0.283125,0.0
5.71642,0.00176289,5.78816,0.30527,0.0
5.71877,0.00181299,5.57131,0.291642,0.0
5.71646,0.00182703,5.30442,0.298456,0.0
5.71637,0.00177965,5.77148,0.306633,0.0
5.71704,0.00181436,5.4045,0.299479,0.0
5.71737,0.0017959,5.65471,0.298116,0.0
5.71659,0.00179538,5.97164,0.315151,0.0
5.71706,0.00184009,5.30442,0.287895,0.0
5.7154,0.00176594,5.35446,0.296753,0.0
5.71628,0.00177381,5.53795,0.303908,0.0
5.71802,0.00180194,5.78816,0.303567,0.0
5.71808,0.00178303,5.48791,0.30016,0.0
5.71684,0.00181968,5.62135,0.297434,0.0
5.71517,0.00180155,5.33778,0.303567,0.0
5.71489,0.00181682,5.4045,0.295731,0.0
5.71388,0.00174547,4.804,0.27597,0.0
5.7142,0.00173572,5.7548,0.299138,0.0
5.71566,0.00173092,5.65471,0.303567,0.0
5.71349,0.00174742,5.22102,0.288917,0.0
5.71236,0.00174014,5.8382,0.3097,0.0
5.71512,0.00176321,5.45455,0.294027,0.0
5.71559,0.00178609,5.55463,0.295049,0.0
5.71582,0.00175113,5.9216,0.300501,0.0
5.71315,0.00173852,4.98749,0.281081,0.0
5.71291,0.00175853,5.77148,0.311403,0.0
5.71471,0.00173072,5.05421,0.29028,0.0
5.71259,0.00168621,5.72143,0.305952,0.0
5.70968,0.00170063,4.78732,0.275629,0.0
5.71286,0.00174047,5.57131,0.296412,0.0
5.71547,0.00177394,5.63803,0.300501,0.0
5.71224,0.00173995,5.08757,0.290961,0.0
5.71105,0.00170843,5.47123,0.293346,0.0
5.71147,0.00167301,5.03753,0.285169,0.0
5.70943,0.0016723,5.28774,0.293346,0.0
5.70749,0.00168218,4.87073,0.282443,0.0
5.70881,0.00167399,5.2377,0.286532,0.0
5.71091,0.00170115,5.2377,0.284488,0.0
5.71065,0.00177426,4.70392,0.274607,0.0
5.70924,0.00170388,4.85405,0.28585,0.0
5.70857,0.00172988,5.3211,0.289257,0.0
5.70446,0.00165254,4.32027,0.267452,0.0
5.7042,0.00164871,4.33695,0.268815,0.0
5.70776,0.00169829,5.03753,0.283125,0.0
5.70664,0.00163721,4.7206,0.274948,0.0
5.70675,0.00173878,5.07089,0.29062,0.0
5.70815,0.00171889,4.60384,0.279377,0.0
5.70354,0.00163129,4.17014,0.256209,0.0
5.70202,0.00164098,4.58716,0.272904,0.0
5.70565,0.00164806,4.93745,0.28074,0.0
5.70533,0.0016376,4.38699,0.265067,0.0
5.70304,0.00166619,4.55379,0.272222,0.0
5.70447,0.00161271,4.30359,0.270178,0.0
5.70422,0.00163682,4.60384,0.26609,0.0
5.70177,0.00164111,4.02002,0.252461,0.0
5.70066,0.00160647,4.32027,0.262342,0.0
5.70245,0.00159965,4.1201,0.257231,0.0
5.70277,0.00158977,4.25354,0.259616,0.0
5.69947,0.00155448,3.63636,0.245307,0.0
5.69804,0.00152147,4.02002,0.255528,0.0
5.70057,0.00152355,4.27023,0.25655,0.0
5.70115,0.00151582,4.32027,0.26132,0.0
5.69873,0.0015025,3.70309,0.245988,0.0
5.69854,0.00155643,3.86989,0.253824,0.0
5.69928,0.00155227,3.73645,0.244625,0.0
5.6983,0.00148554,4.10342,0.257913,0.0
5.69618,0.00147897,3.96997,0.258594,0.0
5.69496,0.00151244,3.40284,0.240877,0.0
5.69484,0.00147208,3.68641,0.24224,0.0
5.69451,0.00150653,3.88657,0.253143,0.0
5.69403,0.00146143,3.4362,0.236108,0.0
5.69291,0.00142387,3.25271,0.229294,0.0
5.69345,0.00150256,3.70309,0.243603,0.0
5.69264,0.00144024,3.58632,0.243944,0.0
5.69071,0.00143335,3.16931,0.230656,0.0
5.68952,0.00133425,3.01918,0.223502,0.0
5.68936,0.00134972,3.38616,0.234745,0.0
5.68937,0.00135901,2.81902,0.211918,0.0
5.68856,0.00138436,2.66889,0.21328,0.0
5.68839,0.00143387,3.18599,0.229975,0.0
5.68843,0.00137708,2.75229,0.210896,0.0
5.68596,0.00132574,2.70225,0.209192,0.0
5.68435,0.00128558,2.51877,0.204081,0.0
5.68449,0.00122781,2.51877,0.201356,0.0
5.68379,0.00127031,2.50209,0.204763,0.0
5.6829,0.00125367,2.26856,0.193179,0.0
5.68388,0.00128473,2.4854,0.20817,0.0
5.68365,0.00129078,2.26856,0.196245,0.0
5.68196,0.00126498,2.20183,0.189431,0.0
5.68256,0.00119337,2.13511,0.186706,0.0
5.68404,0.00133373,2.88574,0.224183,0.0
5.68319,0.0013375,2.35196,0.199312,0.0
5.68235,0.00128746,2.63553,0.206807,0.0
5.68343,0.00126414,2.58549,0.207829,0.0
5.68127,0.00120428,2.2352,0.192157,0.0
5.67962,0.00121403,2.28524,0.192498,0.0
5.68012,0.00117829,2.06839,0.182617,0.0
5.68188,0.00125757,2.11843,0.182958,0.0
5.68262,0.00132886,2.60217,0.206807,0.0
5.68082,0.00126992,1.93495,0.181595,0.0
5.67886,0.00116874,2.16847,0.189431,0.0
5.68122,0.00122281,2.41868,0.196245,0.0
5.68133,0.00124919,2.20183,0.187728,0.0
5.68056,0.00126764,2.11843,0.189091,0.0
5.68134,0.00119525,2.55213,0.199652,0.0
5.68107,0.00124321,2.20183,0.189431,0.0
5.6813,0.00121306,2.25188,0.195564,0.0
5.68118,0.00117881,2.15179,0.187387,0.0
5.67965,0.00117342,2.08507,0.189091,0.0
5.67941,0.00120156,2.00167,0.179551,0.0
5.67969,0.00121137,2.25188,0.196927,0.0
5.68033,0.00115041,2.00167,0.181254,0.0
5.67901,0.0011794,2.18515,0.191475,0.0
5.6806,0.0012243,2.28524,0.195564,0.0
5.68076,0.00120675,2.28524,0.196927,0.0
5.67877,0.00122482,2.21852,0.192838,0.0
5.67793,0.00114281,1.65138,0.162516,0.0
5.67711,0.00112286,1.8015,0.16933,0.0
5.67876,0.00118791,2.13511,0.189772,0.0
5.67976,0.00117537,2.18515,0.193179,0.0
5.67733,0.00110115,1.73478,0.167967,0.0
5.67468,0.00105762,1.46789,0.155361,0.0
5.67639,0.0010814,1.70142,0.170011,0.0
5.67741,0.00112942,1.85154,0.176484,0.0
5.67702,0.00114274,1.91827,0.17921,0.0
5.67635,0.00111974,1.91827,0.176144,0.0
5.67709,0.00113638,1.8015,0.17444,0.0
5.67797,0.00114534,1.68474,0.165923,0.0
5.67741,0.00112747,2.2352,0.192157,0.0
5.67796,0.00114456,2.00167,0.181254,0.0
5.6764,0.00115652,1.65138,0.164219,0.0
5.67567,0.00107828,1.76814,0.167967,0.0
5.67645,0.00115932,1.73478,0.167967,0.0
5.67534,0.00113547,1.81818,0.173418,0.0
5.67575,0.0011393,1.70142,0.168308,0.0
5.67567,0.00107802,1.46789,0.160812,0.0
5.67524,0.00108146,1.7181,0.168989,0.0
5.67639,0.00111077,1.75146,0.168989,0.0
5.67764,0.00109901,1.91827,0.17921,0.0
5.67479,0.00111591,1.75146,0.167285,0.0
5.67442,0.00108043,1.75146,0.170352,0.0
5.6756,0.00104813,1.73478,0.167967,0.0
5.67549,0.00108348,1.48457,0.158086,0.0
5.67563,0.0010931,1.7181,0.167285,0.0
5.67807,0.00116302,1.8849,0.177847,0.0
5.67623,0.00110401,1.76814,0.16967,0.0
5.67576,0.00112175,1.8015,0.17444,0.0
5.67671,0.00113085,1.91827,0.176144,0.0
5.67651,0.00109953,1.60133,0.163538,0.0
5.6767,0.00114268,1.96831,0.179892,0.0
5.6766,0.00110304,1.76814,0.16967,0.0
5.67427,0.00110518,1.8015,0.172737,0.0
5.67415,0.00106853,1.48457,0.161494,0.0
5.67519,0.00113287,1.8015,0.172737,0.0
5.6754,0.00107321,1.81818,0.173418,0.0
5.67704,0.001115,1.98499,0.177507,0.0
5.67804,0.00117446,2.01835,0.185002,0.0
5.6756,0.00106015,1.56797,0.165582,0.0
5.67577,0.00107705,1.81818,0.173418,0.0
5.67695,0.00109024,1.76814,0.167967,0.0
5.67526,0.001102,1.70142,0.170011,0.0
5.67492,0.00112546,1.66806,0.163197,0.0
5.67484,0.00114625,1.6347,0.163538,0.0
5.67425,0.00104748,1.50125,0.158768,0.0
5.67488,0.00113969,1.6347,0.168648,0.0
5.67679,0.00111851,1.83486,0.175803,0.0
5.67521,0.00108556,1.68474,0.165923,0.0
5.67322,0.00103559,1.35113,0.151272,0.0
5.67389,0.00109882,1.56797,0.162175,0.0
5.67525,0.00108458,1.78482,0.170352,0.0
5.67573,0.00113605,1.75146,0.167285,0.0
5.6747,0.00113326,1.56797,0.158427,0.0
5.67397,0.00111383,1.70142,0.170011,0.0
5.67496,0.00109739,1.66806,0.166604,0.0
5.67584,0.00113774,1.93495,0.176825,0.0
5.67575,0.00113839,1.40117,0.153998,0.0
5.67559,0.00104982,1.91827,0.176144,0.0
5.67553,0.00106099,1.46789,0.157064,0.0
5.67407,0.00111669,1.48457,0.15979,0.0
5.67436,0.0010866,1.76814,0.176144,0.0
5.67667,0.00115132,1.7181,0.168989,0.0
5.67562,0.00111539,1.6347,0.163538,0.0
5.67361,0.00107874,1.41785,0.152976,0.0
5.67544,0.0010725,1.8015,0.172737,0.0
5.67525,0.00105755,1.55129,0.159449,0.0
5.673,0.0010313,1.65138,0.164219,0.0
5.67361,0.00101642,1.55129,0.159449,0.0
5.67521,0.00102967,1.85154,0.174781,0.0
5.67456,0.00108796,1.50125,0.155361,0.0
5.67168,0.00100439,1.31776,0.149569,0.0
5.67217,0.00102408,1.38449,0.149228,0.0
5.67384,0.00106866,1.70142,0.164901,0.0
5.6736,0.00102317,1.48457,0.156383,0.0
5.67379,0.00112318,1.78482,0.173418,0.0
5.67386,0.00106015,1.56797,0.160471,0.0
5.67295,0.00100764,1.43453,0.151954,0.0
5.6736,0.00103448,1.75146,0.175462,0.0
5.67291,0.00106964,1.46789,0.157064,0.0
5.67227,0.00102883,1.45121,0.152635,0.0
5.6725,0.00103234,1.38449,0.154679,0.0
5.67348,0.00109238,1.31776,0.149569,0.0
5.67316,0.0010157,1.40117,0.15025,0.0
5.67318,0.00105612,1.50125,0.157064,0.0
5.67351,0.00102226,1.43453,0.155702,0.0
5.67271,0.00103156,1.51793,0.157746,0.0
5.67371,0.00104735,1.46789,0.157064,0.0
5.67241,0.00104267,1.40117,0.151954,0.0
5.67031,0.001004,1.06756,0.131512,0.0
5.67046,0.000963194,1.201,0.141392,0.0
5.67176,0.000949612,1.40117,0.15025,0.0
5.67165,0.000995946,1.25104,0.144118,0.0
5.67229,0.000997505,1.38449,0.151272,0.0
5.67258,0.00104982,1.36781,0.152295,0.0
5.67145,0.00102051,1.35113,0.151272,0.0
5.67162,0.0010352,1.26772,0.143096,0.0
5.67296,0.00105541,1.65138,0.164219,0.0
5.6728,0.00101979,1.46789,0.155361,0.0
5.67222,0.00101044,1.41785,0.150932,0.0
5.67074,0.00104741,1.25104,0.146162,0.0
5.67047,0.000983274,1.25104,0.147865,0.0
5.67228,0.000982949,1.56797,0.158427,0.0
5.67152,0.000973526,1.201,0.141392,0.0
5.67053,0.00100816,1.31776,0.147865,0.0
5.67157,0.00104202,1.38449,0.158427,0.0
5.67274,0.00102707,1.35113,0.15502,0.0
5.67123,0.00102701,1.06756,0.137985,0.0
5.66995,0.00100595,1.21768,0.142414,0.0
5.67041,0.000984639,1.26772,0.146843,0.0
5.67019,0.000948312,1.01751,0.132874,0.0
5.66949,0.00091582,1.201,0.141392,0.0
5.67085,0.000961959,1.36781,0.153998,0.0
5.67237,0.00102668,1.35113,0.147525,0.0
5.67171,0.000969042,1.23436,0.143096,0.0
5.67085,0.0010003,1.41785,0.158427,0.0
5.66992,0.000991462,1.08424,0.132534,0.0
5.66963,0.000946233,1.15096,0.142414,0.0
5.67119,0.00102187,1.48457,0.158086,0.0
5.67164,0.00101564,1.2844,0.147865,0.0
5.67044,0.000975476,1.2844,0.147865,0.0
5.67007,0.000946428,1.0342,0.131852,0.0
5.66949,0.00093733,1.1176,0.138666,0.0
5.67017,0.000956565,1.40117,0.153998,0.0
5.67023,0.00102558,1.06756,0.133897,0.0
5.67085,0.00108413,1.41785,0.156383,0.0
5.67158,0.00099991,1.13428,0.1356,0.0
5.67049,0.000945388,1.21768,0.14037,0.0
5.67149,0.000984769,1.23436,0.141392,0.0
5.67107,0.000971512,1.26772,0.14514,0.0
5.66853,0.000934406,1.01751,0.13083,0.0
5.66942,0.000977685,1.30108,0.148887,0.0
5.67008,0.000924463,1.18432,0.14037,0.0
5.67092,0.000966638,1.45121,0.152635,0.0
5.66974,0.000963779,1.01751,0.132874,0.0
5.66786,0.000944413,0.967473,0.129808,0.0
5.66895,0.000922384,0.900751,0.121291,0.0
5.66963,0.000947143,1.01751,0.128786,0.0
5.66961,0.000962024,1.35113,0.149569,0.0
5.66968,0.000926933,0.917431,0.122313,0.0
5.66855,0.000909322,1.1176,0.134578,0.0
5.66818,0.000918225,1.13428,0.137644,0.0
5.6685,0.000950522,0.967473,0.127764,0.0
5.66865,0.000928167,1.16764,0.137644,0.0
5.66978,0.00091881,1.05088,0.13083,0.0
5.66971,0.000931742,1.26772,0.143096,0.0
5.66948,0.000922969,1.01751,0.13083,0.0
5.66903,0.000966443,1.15096,0.136622,0.0
5.66899,0.00098035,1.16764,0.141392,0.0
5.66866,0.000963129,0.917431,0.122313,0.0
5.66803,0.000904123,0.900751,0.121291,0.0
5.66856,0.000893206,0.967473,0.125379,0.0
5.66805,0.000879819,0.934112,0.123335,0.0
5.66886,0.00095806,1.16764,0.139688,0.0
5.6688,0.000968782,1.10092,0.1356,0.0
5.66722,0.000887617,0.900751,0.123335,0.0
5.66765,0.000910882,0.733945,0.109707,0.0
5.66806,0.000910167,1.06756,0.133897,0.0
5.66748,0.000878974,1.01751,0.128786,0.0
5.66739,0.000885538,0.800667,0.114476,0.0
5.66642,0.000846547,0.700584,0.107322,0.0
5.66697,0.000841154,0.750626,0.113454,0.0
5.66816,0.000921669,0.867389,0.12572,0.0
5.66639,0.000906268,0.950792,0.124357,0.0
5.66522,0.000853241,0.650542,0.105959,0.0
5.667,0.000834135,0.984153,0.126401,0.0
5.6678,0.000863118,0.683903,0.108344,0.0
5.6669,0.000851031,1.01751,0.128786,0.0
5.66828,0.000902369,0.900751,0.121291,0.0
5.66708,0.000907697,0.767306,0.112092,0.0
5.6667,0.000942789,1.201,0.143436,0.0
5.66768,0.000918095,0.900751,0.121291,0.0
5.66676,0.000888657,0.967473,0.129808,0.0
5.66667,0.000850511,0.733945,0.109707,0.0
5.66639,0.00085662,0.767306,0.112092,0.0
5.66623,0.000890217,0.900751,0.12572,0.0
5.6671,0.000881704,0.950792,0.124357,0.0
5.66663,0.000901069,0.783987,0.115839,0.0
5.66471,0.000845313,0.667223,0.104596,0.0
5.66538,0.000863898,0.88407,0.124698,0.0
5.66731,0.000894831,0.950792,0.126742,0.0
5.66749,0.000924983,0.800667,0.114476,0.0
5.66481,0.000814315,0.650542,0.108684,0.0
5.66564,0.000849992,0.800667,0.114476,0.0
5.66661,0.000851551,0.867389,0.12572,0.0
5.66487,0.000806842,0.717264,0.108344,0.0
5.66604,0.000845768,0.950792,0.124357,0.0
5.66718,0.000920369,0.783987,0.120268,0.0
5.66535,0.000883263,0.767306,0.114476,0.0
5.666,0.000862858,0.700584,0.109707,0.0
5.66697,0.000812691,0.700584,0.107322,0.0
5.66579,0.000830496,0.783987,0.113114,0.0
5.6659,0.000894766,0.934112,0.12572,0.0
5.66593,0.0008767,0.950792,0.124357,0.0
5.66495,0.000819839,0.700584,0.109707,0.0
5.666,0.000860974,0.917431,0.124698,0.0
5.66707,0.000847262,0.767306,0.112092,0.0
5.66583,0.000849537,0.633862,0.10187,0.0
5.6654,0.00085649,0.800667,0.116861,0.0
5.66653,0.000825363,0.800667,0.114476,0.0
5.66589,0.000842843,0.733945,0.109707,0.0
5.66587,0.000849537,0.683903,0.105959,0.0
5.66641,0.000793131,0.767306,0.112092,0.0
5.66652,0.000833291,0.767306,0.114476,0.0
5.66721,0.000888397,0.850709,0.120268,0.0
5.66767,0.000890217,0.867389,0.12572,0.0
5.66734,0.000871371,0.867389,0.123675,0.0
5.6667,0.000857335,0.667223,0.104596,0.0
5.666,0.000851421,0.733945,0.109707,0.0
5.66607,0.000842908,0.850709,0.117883,0.0
5.66592,0.000780589,0.700584,0.107322,0.0
5.66462,0.000809571,0.567139,0.0967598,0.0
5.66488,0.000817759,0.900751,0.123335,0.0
5.66507,0.00081711,0.683903,0.108344,0.0
5.66587,0.00091621,0.934112,0.12572,0.0
5.66769,0.000907113,0.967473,0.129808,0.0
5.66659,0.000915366,1.00083,0.129808,0.0
5.66641,0.000910687,0.667223,0.107322,0.0
5.6663,0.000817954,0.750626,0.113454,0.0
5.66676,0.000827117,0.817348,0.115499,0.0
5.66714,0.000888982,0.88407,0.122313,0.0
5.66625,0.000868252,0.750626,0.115839,0.0
5.66507,0.000861104,0.750626,0.110729,0.0
5.6652,0.00081529,0.750626,0.113454,0.0
5.66654,0.000876765,0.834028,0.119246,0.0
5.66666,0.000893726,0.917431,0.128786,0.0
5.66672,0.000827312,0.667223,0.107322,0.0
5.66823,0.000848627,0.950792,0.126742,0.0
5.66835,0.000863053,0.850709,0.117883,0.0
5.6687,0.000905098,1.201,0.139348,0.0
5.66705,0.000866173,0.717264,0.108344,0.0
5.66591,0.000870202,0.750626,0.110729,0.0
5.66724,0.000892036,0.733945,0.112092,0.0
5.66805,0.00093681,1.05088,0.132874,0.0
5.66719,0.000886513,0.58382,0.0981227,0.0
5.66569,0.000821724,0.717264,0.111069,0.0
5.6676,0.000869292,0.850709,0.120268,0.0
5.66787,0.000845443,0.817348,0.115499,0.0
5.66745,0.000871436,0.850709,0.117883,0.0
5.66658,0.000894441,0.88407,0.124698,0.0
5.66698,0.000895285,0.950792,0.124357,0.0
5.66694,0.000866173,0.934112,0.12572,0.0
5.66744,0.000932391,0.717264,0.115839,0.0
5.66597,0.000896455,0.800667,0.114476,0.0
5.66464,0.00083693,0.867389,0.118906,0.0
5.66604,0.000893271,0.633862,0.107322,0.0
5.66588,0.000830756,0.817348,0.117883,0.0
5.66508,0.000807167,0.683903,0.105959,0.0
5.66381,0.000791896,0.550459,0.0981227,0.0
5.66443,0.00083719,0.58382,0.0981227,0.0
5.6635,0.000836735,0.58382,0.0981227,0.0
5.66231,0.000812366,0.366972,0.0780211,0.0
5.66271,0.000781888,0.567139,0.0967598,0.0
5.66389,0.000784228,0.533778,0.0936935,0.0
5.66331,0.000812431,0.417014,0.0831317,0.0
5.66401,0.000819319,0.550459,0.0950563,0.0
5.66378,0.000761288,0.383653,0.0831317,0.0
5.66265,0.000748941,0.366972,0.0780211,0.0
5.66356,0.000813081,0.383653,0.0797247,0.0
5.66509,0.000822373,0.533778,0.0967598,0.0
5.66372,0.000740039,0.483736,0.0892644,0.0
5.66188,0.000788192,0.58382,0.103574,0.0
5.66289,0.000783123,0.433695,0.0844945,0.0
5.66306,0.00077292,0.433695,0.0879015,0.0
5.66405,0.000783838,0.567139,0.102211,0.0
5.66326,0.000746407,0.467056,0.0879015,0.0
5.66249,0.000724117,0.417014,0.0831317,0.0
5.66265,0.000722038,0.350292,0.0759769,0.0
5.66209,0.0007531,0.417014,0.0831317,0.0
5.66273,0.000799044,0.6005,0.102211,0.0
5.66349,0.000799369,0.6005,0.102211,0.0
5.66341,0.000780004,0.500417,0.0909679,0.0
5.66135,0.000727432,0.383653,0.0797247,0.0
5.66265,0.000748811,0.433695,0.0844945,0.0
5.66339,0.000813276,0.517098,0.095397,0.0
5.663,0.0007531,0.500417,0.0909679,0.0
5.66222,0.000743028,0.400334,0.0814282,0.0
5.66276,0.000731006,0.266889,0.0664372,0.0
5.66175,0.000731721,0.366972,0.0780211,0.0
5.66204,0.000720088,0.366972,0.0814282,0.0
5.66171,0.000754725,0.400334,0.0814282,0.0
5.66224,0.000778899,0.483736,0.0892644,0.0
5.66258,0.000731656,0.316931,0.0763176,0.0
5.66218,0.000716124,0.400334,0.0848352,0.0
5.66199,0.000699878,0.30025,0.0705257,0.0
5.66237,0.000664657,0.233528,0.0623488,0.0
5.66244,0.000696109,0.30025,0.0705257,0.0
5.66153,0.000687012,0.250209,0.064393,0.0
5.66128,0.000655949,0.30025,0.0705257,0.0
5.66134,0.000663162,0.316931,0.0725699,0.0
5.66174,0.00067291,0.30025,0.0705257,0.0
5.6624,0.000702868,0.28357,0.0684814,0.0
5.6623,0.000756739,0.500417,0.0936935,0.0
5.66082,0.000692535,0.266889,0.0664372,0.0
5.66138,0.000710341,0.333611,0.0742734,0.0
5.66139,0.000737309,0.400334,0.0848352,0.0
5.6623,0.000834395,0.433695,0.0909679,0.0
5.66089,0.000737894,0.250209,0.064393,0.0
5.66089,0.000701373,0.316931,0.0725699,0.0
5.6625,0.000682918,0.30025,0.0705257,0.0
5.66188,0.000714045,0.450375,0.086198,0.0
5.66128,0.000781238,0.500417,0.0909679,0.0
5.66156,0.000747512,0.316931,0.0725699,0.0
5.66146,0.000756609,0.450375,0.0923307,0.0
5.66237,0.00073211,0.366972,0.0780211,0.0
5.66234,0.000700333,0.450375,0.0892644,0.0
5.66297,0.000716384,0.366972,0.0780211,0.0
5.66283,0.000708196,0.383653,0.0831317,0.0
5.66222,0.000696824,0.30025,0.0705257,0.0
5.66062,0.000657249,0.316931,0.0725699,0.0
5.66087,0.000643797,0.266889,0.0664372,0.0
5.66255,0.00069182,0.333611,0.0742734,0.0
5.66173,0.000757519,0.266889,0.0705257,0.0
5.66186,0.000719893,0.350292,0.0759769,0.0
5.66285,0.000701308,0.350292,0.0759769,0.0
5.66191,0.000767527,0.366972,0.0814282,0.0
5.66118,0.000791246,0.333611,0.0780211,0.0
5.66174,0.000721648,0.233528,0.0623488,0.0
5.66255,0.000812301,0.533778,0.102211,0.0
5.66244,0.000772661,0.28357,0.0684814,0.0
5.66193,0.000703517,0.366972,0.0780211,0.0
5.66116,0.000702998,0.333611,0.0780211,0.0
5.66136,0.000718334,0.266889,0.0664372,0.0
5.66134,0.000713785,0.350292,0.0759769,0.0
5.66176,0.000789296,0.383653,0.0831317,0.0
5.66182,0.000772596,0.417014,0.086198,0.0
5.66099,0.000733475,0.250209,0.064393,0.0
5.66232,0.000737439,0.417014,0.0831317,0.0
5.66202,0.000734645,0.383653,0.0797247,0.0
5.66081,0.000709886,0.366972,0.0780211,0.0
5.6614,0.000721063,0.366972,0.0814282,0.0
5.66159,0.000729511,0.30025,0.0705257,0.0
5.66144,0.00069143,0.30025,0.0705257,0.0
5.6616,0.000701698,0.350292,0.0797247,0.0
5.66181,0.000706767,0.30025,0.0742734,0.0
5.66231,0.000687336,0.333611,0.0780211,0.0
5.66239,0.000741013,0.400334,0.0814282,0.0
5.6624,0.000751931,0.30025,0.0705257,0.0
5.66246,0.000762328,0.417014,0.086198,0.0
5.66222,0.000747707,0.316931,0.0725699,0.0
5.66105,0.000735815,0.383653,0.0797247,0.0
5.66096,0.000718139,0.28357,0.0684814,0.0
5.66054,0.000680708,0.200167,0.0575789,0.0
5.66155,0.000750306,0.250209,0.0763176,0.0
5.66185,0.000775,0.316931,0.0797247,0.0
5.66206,0.00069325,0.383653,0.0797247,0.0
5.66106,0.000686557,0.28357,0.0684814,0.0
5.66123,0.000690131,0.333611,0.0742734,0.0
5.66239,0.000711056,0.366972,0.0780211,0.0
5.66198,0.000664722,0.30025,0.0705257,0.0
5.6609,0.000669856,0.250209,0.0684814,0.0
5.66076,0.000627616,0.266889,0.0664372,0.0
5.66011,0.00069234,0.166806,0.0575789,0.0
5.66092,0.000669466,0.333611,0.0742734,0.0
5.66105,0.000693315,0.383653,0.0797247,0.0
5.66169,0.000780914,0.30025,0.0848352,0.0
5.66181,0.000718204,0.266889,0.0664372,0.0
5.66153,0.000692535,0.316931,0.0725699,0.0
5.66134,0.000752515,0.383653,0.0831317,0.0
5.66076,0.000833941,0.350292,0.0797247,0.0
5.66173,0.000740363,0.350292,0.0759769,0.0
5.66107,0.000697604,0.250209,0.064393,0.0
5.66034,0.000690586,0.350292,0.0759769,0.0
5.66115,0.000798264,0.400334,0.0879015,0.0
5.66165,0.000730616,0.216847,0.0599638,0.0
5.66091,0.000683177,0.316931,0.0763176,0.0
5.66061,0.000681553,0.30025,0.0742734,0.0
5.66047,0.0007145,0.28357,0.0684814,0.0
5.66113,0.000745367,0.233528,0.0664372,0.0
5.66197,0.000820229,0.417014,0.0926714,0.0
5.66135,0.000771751,0.30025,0.0705257,0.0
5.66137,0.000664007,0.216847,0.0599638,0.0
5.66176,0.000687531,0.333611,0.0742734,0.0
5.6628,0.000706117,0.316931,0.0797247,0.0
5.66001,0.000709951,0.30025,0.0705257,0.0
5.66017,0.000698579,0.250209,0.064393,0.0
5.66147,0.000724832,0.417014,0.086198,0.0
5.66058,0.0006733,0.250209,0.064393,0.0
5.6609,0.000690001,0.30025,0.0780211,0.0
5.66097,0.000747447,0.400334,0.0814282,0.0
5.66063,0.000718724,0.216847,0.0599638,0.0
5.66003,0.000739974,0.30025,0.0742734,0.0
5.66083,0.000706312,0.183486,0.055194,0.0
5.66142,0.00069312,0.28357,0.0684814,0.0
5.66159,0.000692015,0.316931,0.0763176,0.0
5.66038,0.000675249,0.233528,0.0623488,0.0
5.66086,0.000702998,0.333611,0.0742734,0.0
5.66136,0.000742378,0.333611,0.0742734,0.0
5.66186,0.000756155,0.30025,0.0742734,0.0
5.6615,0.000754335,0.383653,0.0831317,0.0
5.66114,0.000705207,0.28357,0.0684814,0.0
5.66129,0.000690066,0.250209,0.064393,0.0
5.66064,0.000741143,0.30025,0.0814282,0.0
5.66191,0.000706897,0.250209,0.064393,0.0
5.6616,0.000696174,0.383653,0.0797247,0.0
5.66119,0.000719893,0.400334,0.0879015,0.0
5.66071,0.000800734,0.316931,0.0763176,0.0
5.66062,0.000736075,0.316931,0.0725699,0.0
5.66045,0.000678564,0.233528,0.0623488,0.0
5.66006,0.000709756,0.183486,0.0599638,0.0
5.66103,0.000798914,0.316931,0.0831317,0.0
5.66119,0.000713265,0.250209,0.064393,0.0
5.65992,0.000635479,0.216847,0.0599638,0.0
5.66062,0.000662188,0.333611,0.0742734,0.0
5.66102,0.000681033,0.266889,0.0664372,0.0
5.66066,0.000672975,0.266889,0.0705257,0.0
5.66135,0.000701243,0.28357,0.0684814,0.0
5.66093,0.0006926,0.266889,0.0664372,0.0
5.66124,0.000700528,0.333611,0.0742734,0.0
5.66162,0.000726912,0.28357,0.0684814,0.0
5.6614,0.000723793,0.28357,0.0763176,0.0
5.66179,0.000725352,0.400334,0.0879015,0.0
5.6613,0.000678239,0.200167,0.0575789,0.0
5.66143,0.000687531,0.233528,0.0664372,0.0
5.66242,0.000689156,0.266889,0.0664372,0.0
5.66171,0.000717489,0.250209,0.0684814,0.0
5.66115,0.00075492,0.350292,0.0759769,0.0
5.66181,0.000692015,0.30025,0.0814282,0.0
5.66077,0.000785982,0.250209,0.0684814,0.0
5.65982,0.000679603,0.28357,0.0684814,0.0
5.66046,0.000656534,0.183486,0.055194,0.0
5.6609,0.000667646,0.233528,0.0623488,0.0
5.66068,0.000691041,0.333611,0.0780211,0.0
5.66182,0.00073445,0.333611,0.0780211,0.0
5.6601,0.00067252,0.233528,0.0623488,0.0
5.66046,0.000665047,0.266889,0.0705257,0.0
5.66129,0.000629891,0.216847,0.0599638,0.0
5.66167,0.000738869,0.400334,0.0879015,0.0
5.66142,0.000726587,0.30025,0.0705257,0.0
5.65997,0.000661538,0.233528,0.0623488,0.0
5.66081,0.000655104,0.200167,0.0575789,0.0
5.66159,0.00065413,0.216847,0.0599638,0.0
5.66176,0.000657639,0.350292,0.0759769,0.0
5.6613,0.000675834,0.183486,0.055194,0.0
5.66136,0.000667386,0.250209,0.0684814,0.0
5.66125,0.000687077,0.250209,0.064393,0.0
5.66083,0.000661603,0.200167,0.0575789,0.0
5.66228,0.000708976,0.200167,0.0575789,0.0
5.66169,0.000680188,0.28357,0.0725699,0.0
5.65972,0.000660953,0.200167,0.0575789,0.0
5.65966,0.00073445,0.266889,0.0742734,0.0
5.66091,0.000745432,0.266889,0.0664372,0.0
5.66131,0.000751021,0.400334,0.0971005,0.0
5.66093,0.000686817,0.183486,0.055194,0.0
5.66178,0.000711251,0.266889,0.0705257,0.0
5.66058,0.000669596,0.250209,0.064393,0.0
5.66039,0.000714695,0.266889,0.0705257,0.0
5.66073,0.000709431,0.400334,0.0814282,0.0
5.66052,0.000662253,0.200167,0.0575789,0.0
5.66079,0.000668686,0.28357,0.0684814,0.0
5.66114,0.000735295,0.250209,0.064393,0.0
5.66135,0.000744587,0.467056,0.0879015,0.0
5.66012,0.000664007,0.233528,0.0623488,0.0
5.66086,0.000663487,0.30025,0.0705257,0.0
5.66087,0.000706962,0.316931,0.0725699,0.0
5.66013,0.000667581,0.166806,0.0528091,0.0
5.66051,0.000695394,0.250209,0.064393,0.0
5.66068,0.000740818,0.250209,0.064393,0.0
5.66145,0.000699488,0.166806,0.0528091,0.0
5.66233,0.000669141,0.250209,0.064393,0.0
5.66191,0.000709951,0.316931,0.0763176,0.0
5.6619,0.000696889,0.316931,0.0725699,0.0
5.66051,0.000646786,0.150125,0.0500834,0.0
5.66023,0.000684997,0.250209,0.0725699,0.0
5.66,0.000677394,0.183486,0.0599638,0.0
5.65968,0.000664397,0.266889,0.0705257,0.0
5.66142,0.000671545,0.333611,0.0742734,0.0
5.6603,0.00069221,0.233528,0.0623488,0.0
5.66032,0.000739974,0.250209,0.0684814,0.0
5.66064,0.000690976,0.216847,0.0599638,0.0
5.66054,0.000635349,0.28357,0.0684814,0.0
5.66158,0.000710731,0.250209,0.064393,0.0
5.66047,0.000696759,0.233528,0.0623488,0.0
5.66038,0.000704752,0.30025,0.0742734,0.0
5.66143,0.000716904,0.28357,0.0684814,0.0
5.66145,0.000687791,0.200167,0.0575789,0.0
5.66029,0.000641458,0.150125,0.0500834,0.0
5.66142,0.000681748,0.30025,0.0742734,0.0
5.66128,0.000680318,0.216847,0.0599638,0.0
5.66069,0.000646072,0.200167,0.0575789,0.0
5.66171,0.000640288,0.266889,0.0664372,0.0
5.66099,0.000674925,0.28357,0.0684814,0.0
5.66,0.000684412,0.200167,0.0575789,0.0
5.66194,0.000786957,0.433695,0.0909679,0.0
5.66258,0.000740688,0.400334,0.0814282,0.0
5.66165,0.000707417,0.233528,0.0623488,0.0
5.66122,0.000742443,0.30025,0.0742734,0.0
5.65981,0.000675249,0.200167,0.0575789,0.0
5.66045,0.000683957,0.383653,0.0831317,0.0
5.66095,0.000739064,0.216847,0.064393,0.0
5.66023,0.000736464,0.28357,0.0725699,0.0
5.6617,0.000762068,0.333611,0.0814282,0.0
5.66146,0.000714565,0.216847,0.064393,0.0
5.65967,0.00071424,0.200167,0.0623488,0.0
5.66099,0.000705532,0.28357,0.0725699,0.0
5.66168,0.000680058,0.216847,0.064393,0.0
5.6614,0.000657444,0.233528,0.0623488,0.0
5.66162,0.000717619,0.233528,0.0746141,0.0
5.66193,0.000700788,0.350292,0.0759769,0.0
5.66172,0.000678629,0.250209,0.064393,0.0
5.66047,0.000712745,0.266889,0.0705257,0.0
5.66121,0.000678044,0.233528,0.0664372,0.0
5.66126,0.000684087,0.30025,0.0705257,0.0
5.66066,0.00067408,0.183486,0.055194,0.0
5.66039,0.000667841,0.30025,0.0705257,0.0
5.66122,0.000695524,0.250209,0.0684814,0.0
5.66155,0.000725937,0.30025,0.0705257,0.0
5.66114,0.000697409,0.200167,0.0575789,0.0
5.66086,0.000669206,0.316931,0.0725699,0.0
5.66115,0.000686492,0.150125,0.0500834,0.0
5.6613,0.000696369,0.366972,0.0848352,0.0
5.66093,0.00073432,0.200167,0.0575789,0.0
5.66132,0.000667321,0.183486,0.055194,0.0
5.66023,0.000661343,0.250209,0.064393,0.0
5.65987,0.000664917,0.166806,0.0528091,0.0
5.6608,0.000727172,0.250209,0.064393,0.0
5.66113,0.000737309,0.250209,0.0684814,0.0
5.66053,0.000721583,0.216847,0.0599638,0.0
5.66074,0.000728081,0.417014,0.0896051,0.0
5.66044,0.000704297,0.133445,0.0470171,0.0
5.66089,0.000697149,0.366972,0.0780211,0.0
5.66087,0.00071489,0.30025,0.0742734,0.0
5.66075,0.000686037,0.216847,0.064393,0.0
5.66071,0.000706702,0.350292,0.0797247,0.0
5.66092,0.000698579,0.350292,0.0759769,0.0
5.66139,0.000724962,0.250209,0.0684814,0.0
5.66128,0.000726522,0.30025,0.0705257,0.0
5.66002,0.000655559,0.333611,0.0780211,0.0
5.65904,0.00065244,0.216847,0.0599638,0.0
5.66075,0.000680578,0.266889,0.0664372,0.0
5.66186,0.000678304,0.30025,0.0742734,0.0
5.65983,0.000685452,0.183486,0.055194,0.0
5.66038,0.000660433,0.266889,0.0705257,0.0
5.66054,0.000697864,0.233528,0.0623488,0.0
5.66002,0.000693445,0.183486,0.055194,0.0
5.66014,0.000651205,0.233528,0.0623488,0.0
5.66104,0.000639833,0.166806,0.0575789,0.0
5.66063,0.000684022,0.30025,0.0705257,0.0
5.66102,0.000634309,0.183486,0.055194,0.0
5.661,0.000649971,0.250209,0.064393,0.0
5.6611,0.000697669,0.250209,0.064393,0.0
5.66034,0.000668686,0.28357,0.0684814,0.0
5.66067,0.000719114,0.316931,0.0725699,0.0
5.66121,0.000720738,0.250209,0.0684814,0.0
5.66118,0.000683892,0.30025,0.0742734,0.0
5.66081,0.000717164,0.200167,0.0623488,0.0
5.66072,0.000690781,0.28357,0.0684814,0.0
5.66093,0.000695005,0.250209,0.064393,0.0
5.66135,0.000703323,0.166806,0.0528091,0.0
5.66034,0.000680058,0.30025,0.0705257,0.0
5.66184,0.000682983,0.333611,0.0780211,0.0
5.66113,0.000663422,0.250209,0.064393,0.0
5.66029,0.000693445,0.30025,0.0705257,0.0
5.66043,0.000743093,0.200167,0.0623488,0.0
5.66012,0.000705272,0.266889,0.0742734,0.0
5.6601,0.000635024,0.116764,0.0439508,0.0
5.66062,0.00067317,0.28357,0.0725699,0.0
5.6608,0.000677654,0.233528,0.0623488,0.0
5.65955,0.000649971,0.150125,0.0500834,0.0
5.66106,0.000706117,0.333611,0.0780211,0.0
5.66126,0.000754465,0.266889,0.0705257,0.0
5.66095,0.000714695,0.233528,0.0623488,0.0
5.66031,0.000681163,0.30025,0.0742734,0.0
5.66079,0.000667971,0.200167,0.0575789,0.0
5.6598,0.000682268,0.200167,0.0623488,0.0
5.66035,0.000660303,0.266889,0.0664372,0.0
5.66161,0.000674535,0.166806,0.0623488,0.0
5.66132,0.000684022,0.333611,0.0742734,0.0
5.66018,0.000634115,0.200167,0.0623488,0.0
5.65953,0.000602727,0.133445,0.0470171,0.0
5.661,0.000639313,0.150125,0.0500834,0.0
5.66136,0.000672195,0.233528,0.0664372,0.0
5.66057,0.000646591,0.216847,0.0599638,0.0
5.66011,0.000652635,0.200167,0.0623488,0.0
5.66048,0.000675249,0.216847,0.064393,0.0
5.65964,0.000651855,0.200167,0.0575789,0.0
5.66016,0.000725157,0.266889,0.0705257,0.0
5.66039,0.000677069,0.233528,0.0664372,0.0
5.65966,0.000637559,0.166806,0.0528091,0.0
5.66004,0.000631515,0.183486,0.055194,0.0
5.66176,0.000732045,0.366972,0.0780211,0.0
5.66143,0.000715994,0.266889,0.0705257,0.0
5.65998,0.000664137,0.250209,0.064393,0.0
5.6601,0.000635739,0.200167,0.0575789,0.0
5.66011,0.000674405,0.200167,0.0623488,0.0
5.65992,0.000696304,0.30025,0.0814282,0.0
5.65972,0.000636779,0.0667223,0.033389,0.0
5.66046,0.000621508,0.233528,0.0623488,0.0
5.66054,0.000697214,0.233528,0.0623488,0.0
5.65954,0.000676224,0.28357,0.0725699,0.0
5.66009,0.0006514,0.233528,0.0623488,0.0
5.66024,0.000686622,0.200167,0.0575789,0.0
5.65921,0.000803528,0.150125,0.055194,0.0
5.66083,0.000708066,0.366972,0.0780211,0.0
5.66073,0.000653025,0.216847,0.0599638,0.0
5.65874,0.000690716,0.166806,0.0575789,0.0
5.65958,0.000709691,0.200167,0.0575789,0.0
5.66114,0.000709171,0.316931,0.0725699,0.0
5.65992,0.000647826,0.200167,0.0575789,0.0
5.65907,0.000638273,0.166806,0.0528091,0.0
5.66129,0.000699878,0.350292,0.0759769,0.0
5.66129,0.000656469,0.333611,0.0742734,0.0
5.66043,0.000681163,0.333611,0.0780211,0.0
5.66063,0.000707676,0.216847,0.0599638,0.0
5.66031,0.000679278,0.250209,0.064393,0.0
5.66041,0.000637364,0.200167,0.0575789,0.0
5.66001,0.000620403,0.150125,0.0500834,0.0
5.66064,0.000642043,0.233528,0.0623488,0.0
5.66139,0.000681163,0.250209,0.0725699,0.0
5.65985,0.000628461,0.183486,0.055194,0.0
5.66048,0.000656274,0.216847,0.0599638,0.0
5.66078,0.000719179,0.216847,0.064393,0.0
5.66019,0.000616699,0.166806,0.0528091,0.0
5.66066,0.000652115,0.366972,0.0780211,0.0
5.66097,0.000689936,0.216847,0.064393,0.0
5.65976,0.000685582,0.216847,0.0599638,0.0
5.65999,0.000691171,0.233528,0.0664372,0.0
5.66079,0.0007119,0.216847,0.0599638,0.0
5.66076,0.000678759,0.250209,0.064393,0.0
5.66141,0.000755505,0.417014,0.086198,0.0
5.66033,0.000686492,0.233528,0.0623488,0.0
5.6589,0.000648541,0.233528,0.0623488,0.0
5.65904,0.000649321,0.133445,0.0528091,0.0
5.6602,0.000676159,0.200167,0.0623488,0.0
5.66043,0.000635804,0.183486,0.055194,0.0
5.66081,0.000678629,0.30025,0.0848352,0.0
5.66097,0.00067148,0.166806,0.0528091,0.0
5.66038,0.000659653,0.316931,0.0763176,0.0
5.66069,0.000708391,0.266889,0.0664372,0.0
5.6617,0.000656924,0.166806,0.0528091,0.0
5.66084,0.000641003,0.250209,0.0684814,0.0
5.66114,0.000694875,0.183486,0.055194,0.0
5.66083,0.000685127,0.28357,0.0684814,0.0
5.6609,0.000677134,0.216847,0.064393,0.0
5.66074,0.000673235,0.150125,0.055194,0.0
5.66071,0.00065452,0.30025,0.0705257,0.0
5.6597,0.000658678,0.233528,0.0623488,0.0
5.65978,0.000654325,0.200167,0.0575789,0.0
5.66046,0.000683827,0.250209,0.0684814,0.0
5.66089,0.000757259,0.366972,0.0848352,0.0
5.66014,0.000721843,0.233528,0.0664372,0.0
5.66093,0.000686492,0.233528,0.0664372,0.0
5.66071,0.000704557,0.250209,0.0684814,0.0
5.66047,0.000649256,0.166806,0.0528091,0.0
5.6598,0.000642952,0.200167,0.0575789,0.0
5.66047,0.000722558,0.166806,0.0528091,0.0
5.65918,0.000627096,0.216847,0.0599638,0.0
5.65923,0.000641913,0.183486,0.055194,0.0
5.66113,0.000694355,0.233528,0.0623488,0.0
5.65963,0.000674795,0.333611,0.0848352,0.0
5.65928,0.000667516,0.216847,0.0599638,0.0
5.66057,0.000659978,0.250209,0.064393,0.0
5.66171,0.000680188,0.233528,0.0623488,0.0
5.66109,0.000708976,0.266889,0.0705257,0.0
5.65979,0.000708521,0.183486,0.055194,0.0
5.66076,0.00069221,0.250209,0.0684814,0.0
5.66162,0.000686037,0.316931,0.0725699,0.0
5.6605,0.000625537,0.133445,0.0470171,0.0
5.6602,0.000671025,0.233528,0.0746141,0.0
5.66094,0.000721258,0.183486,0.055194,0.0
5.66054,0.000690001,0.266889,0.0664372,0.0
5.66033,0.000705272,0.366972,0.0780211,0.0
5.66046,0.000687466,0.200167,0.0575789,0.0
5.66041,0.000661083,0.250209,0.0684814,0.0
5.66043,0.000669336,0.166806,0.0667779,0.0
5.66127,0.000683242,0.266889,0.0664372,0.0
5.66011,0.000662967,0.250209,0.064393,0.0
5.66062,0.000698904,0.266889,0.0664372,0.0
5.66135,0.000719439,0.233528,0.0664372,0.0
5.6604,0.000700268,0.30025,0.0705257,0.0
5.65927,0.00065257,0.200167,0.0575789,0.0
5.65941,0.000628786,0.183486,0.055194,0.0
5.66012,0.000600518,0.133445,0.0470171,0.0
5.66055,0.000705922,0.28357,0.0684814,0.0
5.66065,0.000746277,0.250209,0.0684814,0.0
5.65965,0.000697734,0.183486,0.0599638,0.0
5.65949,0.000642108,0.30025,0.0742734,0.0
5.66087,0.000691365,0.266889,0.0780211,0.0
5.66114,0.000760574,0.233528,0.0664372,0.0
5.66057,0.000649646,0.133445,0.0470171,0.0
5.65968,0.000643017,0.216847,0.0599638,0.0
5.65927,0.000666152,0.216847,0.0599638,0.0
5.66022,0.000706312,0.233528,0.0623488,0.0
5.66146,0.000660628,0.216847,0.064393,0.0
5.66153,0.000687077,0.233528,0.0664372,0.0
5.66063,0.000700788,0.250209,0.0684814,0.0
5.66086,0.000727562,0.266889,0.0705257,0.0
5.66129,0.000724507,0.316931,0.0797247,0.0
5.65979,0.000628201,0.150125,0.0500834,0.0
5.65991,0.00065114,0.216847,0.0599638,0.0
5.66148,0.000748616,0.216847,0.0684814,0.0
5.66114,0.000720803,0.266889,0.0705257,0.0
5.6599,0.000640873,0.183486,0.0725699,0.0
5.65984,0.000670181,0.0834028,0.0439508,0.0
5.66098,0.000698579,0.266889,0.0780211,0.0
5.66206,0.000803333,0.333611,0.0742734,0.0
5.66204,0.000740753,0.30025,0.0742734,0.0
5.65984,0.000670376,0.116764,0.0439508,0.0
5.6605,0.000655819,0.333611,0.0742734,0.0
5.66128,0.00065179,0.183486,0.055194,0.0
5.6609,0.000679863,0.200167,0.0623488,0.0
5.6611,0.000647241,0.233528,0.0623488,0.0
5.66064,0.000664202,0.250209,0.064393,0.0
5.66124,0.000706507,0.200167,0.0575789,0.0
5.66236,0.000707417,0.30025,0.0705257,0.0
5.66045,0.00067486,0.266889,0.0705257,0.0
5.65955,0.000626771,0.133445,0.0470171,0.0
5.66127,0.000647046,0.166806,0.0528091,0.0
5.6607,0.000655039,0.216847,0.0599638,0.0
5.65997,0.000665242,0.266889,0.0664372,0.0
5.66018,0.000641263,0.250209,0.064393,0.0
5.66047,0.000650555,0.200167,0.0575789,0.0
5.66075,0.000724637,0.366972,0.0780211,0.0
5.66121,0.000675639,0.166806,0.0667779,0.0
5.66053,0.000630215,0.166806,0.0528091,0.0
5.6592,0.000659393,0.133445,0.0470171,0.0
5.66039,0.000666347,0.30025,0.0705257,0.0
5.66027,0.000648281,0.233528,0.0623488,0.0
5.66046,0.000667386,0.216847,0.0599638,0.0
5.66124,0.000652895,0.200167,0.0575789,0.0
5.6609,0.00067278,0.28357,0.0684814,0.0
5.66124,0.000712095,0.183486,0.0599638,0.0
5.66079,0.000727237,0.233528,0.0623488,0.0
5.65985,0.00071216,0.250209,0.0684814,0.0
5.65885,0.000699229,0.216847,0.064393,0.0
5.6594,0.000690066,0.133445,0.0470171,0.0
5.65996,0.0006527,0.250209,0.064393,0.0
5.66068,0.00067486,0.233528,0.0623488,0.0
5.66085,0.000644772,0.183486,0.055194,0.0
5.66061,0.000630605,0.28357,0.0684814,0.0
5.66061,0.000661928,0.183486,0.055194,0.0
5.66094,0.000646072,0.200167,0.0575789,0.0
5.66093,0.000664267,0.200167,0.0575789,0.0
5.66121,0.000661083,0.133445,0.0528091,0.0
5.66009,0.000632685,0.200167,0.0575789,0.0
5.66076,0.000659978,0.200167,0.0575789,0.0
5.66111,0.000719374,0.233528,0.0623488,0.0
5.66051,0.00067109,0.166806,0.0528091,0.0
5.66112,0.000652375,0.28357,0.0684814,0.0
5.66061,0.000664657,0.200167,0.0575789,0.0
5.66062,0.000723208,0.417014,0.0896051,0.0
5.6602,0.000774545,0.30025,0.0705257,0.0
5.66024,0.000718789,0.30025,0.0705257,0.0
5.65967,0.000668491,0.266889,0.0705257,0.0
5.66073,0.000660173,0.166806,0.0575789,0.0
5.66026,0.000660758,0.216847,0.0599638,0.0
5.66027,0.000742703,0.266889,0.0780211,0.0
5.66076,0.000723663,0.250209,0.064393,0.0
5.66051,0.000694745,0.28357,0.0684814,0.0
5.6606,0.000675184,0.233528,0.0623488,0.0
5.66027,0.000685322,0.166806,0.0528091,0.0
5.66006,0.000651465,0.150125,0.0500834,0.0
5.66065,0.000680253,0.233528,0.0623488,0.0
5.66083,0.000698579,0.316931,0.0763176,0.0
5.66005,0.000663032,0.200167,0.0575789,0.0
5.66029,0.000644577,0.216847,0.0599638,0.0
5.66029,0.000662318,0.200167,0.0623488,0.0
5.65996,0.00065179,0.200167,0.0623488,0.0
5.66005,0.000660303,0.200167,0.0575789,0.0
5.65935,0.000673105,0.200167,0.0575789,0.0
5.65978,0.000677784,0.183486,0.055194,0.0
5.65976,0.000671545,0.233528,0.0664372,0.0
5.66044,0.000709496,0.150125,0.055194,0.0
5.66069,0.000701958,0.216847,0.0599638,0.0
5.66034,0.000659133,0.200167,0.0575789,0.0
5.66067,0.000699618,0.200167,0.0623488,0.0
5.66024,0.000682528,0.250209,0.064393,0.0
5.66047,0.000662188,0.250209,0.0684814,0.0
5.66025,0.000655364,0.183486,0.055194,0.0
5.65906,0.000645552,0.150125,0.0500834,0.0
5.66082,0.00069195,0.200167,0.0575789,0.0
5.66088,0.000678889,0.250209,0.0684814,0.0
5.65958,0.000660888,0.166806,0.0528091,0.0
5.66027,0.000639638,0.233528,0.0623488,0.0
5.66079,0.000666477,0.200167,0.0575789,0.0
5.66135,0.000690651,0.233528,0.0623488,0.0
5.66055,0.000671155,0.28357,0.0684814,0.0
5.65953,0.000683697,0.216847,0.0599638,0.0
5.65974,0.000671285,0.200167,0.0575789,0.0
5.66007,0.000670895,0.28357,0.0684814,0.0
5.66016,0.000706767,0.200167,0.0575789,0.0
5.65998,0.000683307,0.250209,0.064393,0.0
5.65935,0.000608251,0.116764,0.0439508,0.0
5.65931,0.000617609,0.150125,0.0500834,0.0
5.66017,0.000676354,0.266889,0.0705257,0.0
5.66112,0.000668621,0.316931,0.0831317,0.0
5.66003,0.000656469,0.216847,0.0599638,0.0
5.66058,0.000663552,0.233528,0.0705257,0.0
5.66173,0.000654844,0.316931,0.0725699,0.0
5.66089,0.000618323,0.216847,0.0599638,0.0
5.6603,0.000667451,0.266889,0.0664372,0.0
5.66098,0.000656274,0.200167,0.0575789,0.0
5.66067,0.00067213,0.250209,0.0684814,0.0
5.66128,0.000697994,0.216847,0.064393,0.0
5.66088,0.000665957,0.333611,0.0848352,0.0
5.66035,0.000685127,0.166806,0.0528091,0.0
5.66149,0.000699748,0.266889,0.0664372,0.0
5.66054,0.000687791,0.166806,0.0528091,0.0
5.65875,0.000626901,0.100083,0.0408844,0.0
5.66004,0.000640223,0.183486,0.055194,0.0
5.66177,0.000696694,0.266889,0.0664372,0.0
5.65992,0.000669141,0.216847,0.0599638,0.0
5.66154,0.000670441,0.183486,0.055194,0.0
5.66174,0.000655559,0.150125,0.0500834,0.0
5.66101,0.000665502,0.233528,0.0664372,0.0
5.65999,0.000697669,0.250209,0.064393,0.0
5.66123,0.000670441,0.183486,0.055194,0.0
5.6605,0.000679993,0.200167,0.0575789,0.0
5.66045,0.000674145,0.116764,0.0439508,0.0
5.66111,0.000728601,0.28357,0.0684814,0.0
5.66067,0.000733995,0.200167,0.0575789,0.0
5.6607,0.000695979,0.200167,0.0575789,0.0
5.66064,0.000750566,0.200167,0.0623488,0.0
5.65971,0.000679863,0.233528,0.0664372,0.0
5.65954,0.000664072,0.183486,0.055194,0.0
5.66058,0.000638728,0.166806,0.0528091,0.0
5.65941,0.000630735,0.183486,0.055194,0.0
5.65964,0.000687401,0.266889,0.0742734,0.0
5.66052,0.000698774,0.28357,0.0725699,0.0
5.65951,0.000750956,0.233528,0.0746141,0.0
5.65916,0.000683827,0.183486,0.055194,0.0
5.66003,0.000634309,0.200167,0.0575789,0.0
5.6606,0.000640353,0.233528,0.0623488,0.0
5.66099,0.000689806,0.350292,0.0831317,0.0
5.66068,0.000671285,0.0834028,0.0371367,0.0
5.66032,0.000639703,0.166806,0.0528091,0.0
5.66097,0.000661603,0.30025,0.0742734,0.0
5.66092,0.000646072,0.150125,0.0500834,0.0
5.66136,0.000707611,0.250209,0.0684814,0.0
5.66129,0.000657769,0.166806,0.0528091,0.0
5.65982,0.000639118,0.183486,0.0599638,0.0
5.65994,0.000720218,0.250209,0.0725699,0.0
5.66006,0.00067343,0.150125,0.0500834,0.0
5.65943,0.000607406,0.0834028,0.0371367,0.0
5.65995,0.000686232,0.266889,0.0664372,0.0
5.65941,0.000681488,0.133445,0.0470171,0.0
5.65833,0.000612215,0.100083,0.0408844,0.0
5.6594,0.000647436,0.250209,0.064393,0.0
5.66068,0.0006746,0.216847,0.0599638,0.0
5.6594,0.000625667,0.183486,0.055194,0.0
5.65969,0.000625212,0.166806,0.0528091,0.0
5.66054,0.000660563,0.333611,0.0780211,0.0
5.65971,0.000695394,0.266889,0.0705257,0.0
5.66025,0.000663942,0.216847,0.0599638,0.0
5.66045,0.000666087,0.166806,0.0667779,0.0
5.65945,0.000723208,0.30025,0.0705257,0.0
5.66077,0.00067174,0.216847,0.0599638,0.0
5.66054,0.000636519,0.116764,0.0439508,0.0
5.65944,0.000602142,0.133445,0.0470171,0.0
5.65989,0.00067356,0.166806,0.0528091,0.0
5.66057,0.000667581,0.266889,0.0664372,0.0
5.66104,0.000678499,0.233528,0.0664372,0.0
5.66147,0.000663422,0.216847,0.064393,0.0
5.66072,0.000635674,0.183486,0.0599638,0.0
5.66029,0.000727367,0.166806,0.0575789,0.0
5.66233,0.0007557,0.28357,0.0763176,0.0
5.66134,0.000707676,0.28357,0.0725699,0.0
5.65999,0.000607211,0.150125,0.0500834,0.0
5.66039,0.000641783,0.183486,0.055194,0.0
5.66071,0.000646786,0.166806,0.0623488,0.0
5.66005,0.000653285,0.133445,0.0470171,0.0
5.66124,0.000663162,0.250209,0.0684814,0.0
5.65998,0.000678174,0.0834028,0.0371367,0.0
5.6605,0.000706377,0.266889,0.0780211,0.0
5.6605,0.000705272,0.216847,0.064393,0.0
5.6592,0.000631255,0.133445,0.0470171,0.0
5.6601,0.000664462,0.333611,0.0780211,0.0
5.66147,0.000678759,0.150125,0.0500834,0.0
5.66113,0.000713915,0.133445,0.0470171,0.0
5.66045,0.000692665,0.183486,0.055194,0.0
5.66065,0.000656859,0.200167,0.0575789,0.0
5.6596,0.000632425,0.216847,0.0599638,0.0
5.66042,0.000674275,0.216847,0.064393,0.0
5.66036,0.000726327,0.250209,0.0684814,0.0
5.66041,0.000662383,0.216847,0.064393,0.0
5.66057,0.000662188,0.183486,0.055194,0.0
5.65956,0.000641393,0.216847,0.0599638,0.0
5.65933,0.000621508,0.150125,0.0500834,0.0
5.66034,0.000645617,0.183486,0.055194,0.0
5.66061,0.000679733,0.266889,0.0705257,0.0
5.66023,0.000704167,0.200167,0.0623488,0.0
5.66065,0.000675249,0.216847,0.0599638,0.0
5.66108,0.00065296,0.233528,0.0623488,0.0
5.66132,0.000690391,0.116764,0.0439508,0.0
5.66068,0.000619168,0.200167,0.0575789,0.0
5.65998,0.000626706,0.166806,0.0528091,0.0
5.65933,0.000692145,0.183486,0.055194,0.0
5.65943,0.000674925,0.350292,0.0759769,0.0
5.6605,0.000641198,0.150125,0.0500834,0.0
5.6605,0.000667646,0.116764,0.0439508,0.0
5.66048,0.000636389,0.150125,0.0500834,0.0
5.65997,0.000660368,0.266889,0.0742734,0.0
5.66002,0.000702283,0.200167,0.0575789,0.0
5.66001,0.000659133,0.183486,0.055194,0.0
5.66081,0.000671675,0.28357,0.0725699,0.0
5.66056,0.000684997,0.233528,0.0623488,0.0
5.65995,0.000628396,0.150125,0.0500834,0.0
5.66036,0.0006746,0.166806,0.0575789,0.0
5.65959,0.000669076,0.100083,0.0408844,0.0
5.6601,0.000644382,0.133445,0.0470171,0.0
5.65994,0.000650815,0.333611,0.0742734,0.0
5.66071,0.000657964,0.100083,0.0408844,0.0
5.66,0.000675054,0.350292,0.0759769,0.0
5.6602,0.000670506,0.133445,0.0528091,0.0
5.65972,0.000637364,0.150125,0.0500834,0.0
5.65925,0.00063392,0.233528,0.0664372,0.0
5.6595,0.000674665,0.0667223,0.033389,0.0
5.65976,0.000624627,0.166806,0.0528091,0.0
5.66025,0.000624237,0.166806,0.0528091,0.0
5.6612,0.00071424,0.166806,0.0575789,0.0
5.66062,0.000644512,0.150125,0.0500834,0.0
5.66015,0.000614034,0.150125,0.0500834,0.0
5.65993,0.000647176,0.316931,0.0725699,0.0
5.66043,0.000681423,0.216847,0.0599638,0.0
5.6603,0.000640873,0.233528,0.0664372,0.0
5.66056,0.000655949,0.316931,0.0725699,0.0
5.66064,0.000655754,0.150125,0.0500834,0.0
5.66035,0.00063028,0.250209,0.064393,0.0
5.65971,0.000610655,0.133445,0.0470171,0.0
5.65978,0.000620533,0.133445,0.0470171,0.0
5.66062,0.00069156,0.266889,0.0664372,0.0
5.66009,0.000659003,0.183486,0.055194,0.0
5.66045,0.000622027,0.150125,0.055194,0.0
5.66047,0.000634569,0.133445,0.0470171,0.0
5.66085,0.000711446,0.166806,0.0623488,0.0
5.66025,0.000686687,0.216847,0.064393,0.0
5.65953,0.000678239,0.183486,0.0599638,0.0
5.66026,0.00069247,0.200167,0.0575789,0.0
5.66166,0.000725547,0.316931,0.0763176,0.0
5.66131,0.000774675,0.266889,0.0780211,0.0
5.65978,0.000734385,0.266889,0.0664372,0.0
5.66112,0.000715085,0.200167,0.0623488,0.0
5.66039,0.000700008,0.216847,0.0599638,0.0
5.65897,0.000700333,0.200167,0.0575789,0.0
5.66008,0.000724962,0.250209,0.0684814,0.0
5.65987,0.000689481,0.166806,0.0575789,0.0
5.66019,0.000725222,0.116764,0.0439508,0.0
5.65967,0.000655624,0.183486,0.055194,0.0
5.65982,0.000649321,0.116764,0.0439508,0.0
5.66066,0.000666931,0.116764,0.0500834,0.0
5.66037,0.00071229,0.216847,0.0599638,0.0
5.66078,0.000676679,0.216847,0.0599638,0.0
5.66086,0.000668231,0.200167,0.0575789,0.0
5.66004,0.00067265,0.166806,0.0528091,0.0
5.66011,0.000689611,0.266889,0.0664372,0.0
5.65933,0.000668881,0.0834028,0.0371367,0.0
5.66073,0.000732565,0.266889,0.0664372,0.0
5.66117,0.000673625,0.216847,0.0599638,0.0
5.66,0.000617739,0.166806,0.0528091,0.0
5.65944,0.000635544,0.150125,0.0500834,0.0
5.66056,0.00069286,0.233528,0.0664372,0.0
5.66122,0.000655104,0.133445,0.0470171,0.0
5.66044,0.00063223,0.183486,0.055194,0.0
5.66029,0.000633855,0.183486,0.055194,0.0
5.66022,0.000690911,0.28357,0.0725699,0.0
5.6604,0.000675379,0.166806,0.0575789,0.0
5.66073,0.000672065,0.166806,0.0575789,0.0
5.66025,0.000668491,0.183486,0.055194,0.0
5.65953,0.000623132,0.183486,0.055194,0.0
5.66018,0.000609745,0.133445,0.0470171,0.0
5.66046,0.000643407,0.166806,0.0528091,0.0
5.66052,0.000656664,0.233528,0.0623488,0.0
5.66005,0.000635609,0.183486,0.055194,0.0
5.65991,0.000640548,0.216847,0.0599638,0.0
5.66039,0.000670181,0.166806,0.0575789,0.0
5.66012,0.000693315,0.200167,0.0575789,0.0
5.66044,0.000645552,0.116764,0.0439508,0.0
5.6609,0.000660238,0.183486,0.0599638,0.0
5.66063,0.000666866,0.216847,0.0599638,0.0
5.66058,0.000675379,0.266889,0.0664372,0.0
5.66089,0.000688376,0.150125,0.055194,0.0
5.66084,0.000634374,0.150125,0.055194,0.0
5.66055,0.00071398,0.28357,0.0684814,0.0
5.6609,0.000726262,0.30025,0.0742734,0.0
5.66052,0.000635934,0.133445,0.0470171,0.0
5.66016,0.000661798,0.250209,0.0684814,0.0
5.66033,0.000695784,0.200167,0.0575789,0.0
5.66016,0.000697214,0.250209,0.064393,0.0
5.66046,0.000703777,0.183486,0.0599638,0.0
5.66013,0.000693575,0.200167,0.0623488,0.0
5.66009,0.000700593,0.116764,0.0500834,0.0
5.66054,0.000730486,0.166806,0.0528091,0.0
5.66101,0.000719374,0.30025,0.0742734,0.0
5.65959,0.000723793,0.150125,0.055194,0.0
5.65985,0.000692405,0.250209,0.064393,0.0
5.66064,0.000626641,0.183486,0.055194,0.0
5.66067,0.000649971,0.183486,0.0599638,0.0
5.66019,0.000635544,0.166806,0.0528091,0.0
5.65917,0.000613904,0.133445,0.0470171,0.0
5.65931,0.000659263,0.150125,0.055194,0.0
5.6599,0.00069468,0.133445,0.0470171,0.0
5.65995,0.00061345,0.150125,0.0500834,0.0
5.66018,0.000632035,0.216847,0.0599638,0.0
5.65991,0.000663162,0.0667223,0.033389,0.0
5.66099,0.00067382,0.200167,0.0575789,0.0
5.66027,0.000705597,0.233528,0.0623488,0.0
5.65993,0.000684347,0.183486,0.0599638,0.0
5.66099,0.00069325,0.183486,0.055194,0.0
5.65999,0.000723013,0.116764,0.0599638,0.0
5.65872,0.000619558,0.133445,0.0470171,0.0
5.66071,0.000578878,0.100083,0.0408844,0.0
5.66098,0.000642562,0.233528,0.0623488,0.0
5.66127,0.000707741,0.266889,0.0664372,0.0
5.66179,0.000662448,0.250209,0.064393,0.0
5.66051,0.000658808,0.250209,0.0725699,0.0
5.66066,0.000710536,0.166806,0.0575789,0.0
5.66089,0.000687206,0.233528,0.0623488,0.0
5.65991,0.00063275,0.200167,0.0575789,0.0
5.65966,0.000669531,0.183486,0.0599638,0.0
5.66018,0.000644772,0.166806,0.0528091,0.0
5.66047,0.000630865,0.166806,0.0528091,0.0
5.66014,0.000674145,0.266889,0.0705257,0.0
5.66007,0.000671415,0.166806,0.0528091,0.0
5.66044,0.000625147,0.166806,0.0528091,0.0
5.6592,0.00067369,0.166806,0.0528091,0.0
5.65983,0.000705597,0.250209,0.0684814,0.0
5.65999,0.000706637,0.200167,0.0623488,0.0
5.66017,0.000683112,0.183486,0.055194,0.0
5.65978,0.000680968,0.200167,0.0575789,0.0
5.66023,0.000676744,0.216847,0.064393,0.0
5.65961,0.000648541,0.100083,0.0408844,0.0
5.65925,0.000678564,0.333611,0.0879015,0.0
5.65969,0.000668751,0.233528,0.0623488,0.0
5.6596,0.000665177,0.216847,0.0599638,0.0
5.66081,0.00069247,0.150125,0.0500834,0.0
5.66168,0.000710991,0.28357,0.0725699,0.0
5.66006,0.000751281,0.28357,0.0763176,0.0
5.66082,0.000723013,0.166806,0.0528091,0.0
5.66177,0.000664527,0.250209,0.064393,0.0
5.66039,0.00065075,0.150125,0.055194,0.0
5.66021,0.000669986,0.183486,0.055194,0.0
5.66078,0.000757584,0.350292,0.0984634,0.0
5.66077,0.000770321,0.166806,0.0575789,0.0
5.6596,0.000646981,0.250209,0.064393,0.0
5.66109,0.000636714,0.366972,0.0814282,0.0
5.6612,0.000689286,0.233528,0.0664372,0.0
5.65984,0.000661148,0.166806,0.0528091,0.0
5.65952,0.00065309,0.200167,0.0623488,0.0
5.66089,0.000661798,0.116764,0.0439508,0.0
5.66059,0.000647566,0.183486,0.055194,0.0
5.6607,0.000628786,0.216847,0.0599638,0.0
5.66039,0.000665827,0.216847,0.0599638,0.0
5.65968,0.000707806,0.200167,0.0575789,0.0
5.65944,0.000694875,0.266889,0.0705257,0.0
5.66003,0.000665372,0.0667223,0.033389,0.0
5.65953,0.000700268,0.233528,0.0664372,0.0
5.65975,0.000720803,0.250209,0.0763176,0.0
5.65969,0.000659588,0.200167,0.0575789,0.0
5.66066,0.000607341,0.150125,0.0500834,0.0
5.66049,0.000659978,0.133445,0.0470171,0.0
5.65985,0.000658484,0.216847,0.0599638,0.0
5.6603,0.000617804,0.183486,0.055194,0.0
5.66109,0.000676939,0.250209,0.0684814,0.0
5.66056,0.000663877,0.216847,0.0599638,0.0
5.65975,0.000641133,0.133445,0.0470171,0.0
5.65993,0.000641978,0.133445,0.0528091,0.0
5.6602,0.000682398,0.233528,0.0623488,0.0
5.66012,0.000606821,0.0834028,0.0371367,0.0
5.65993,0.000625212,0.100083,0.0408844,0.0
5.66009,0.000639248,0.100083,0.0408844,0.0
5.6601,0.000636584,0.150125,0.0500834,0.0
5.66091,0.000696369,0.200167,0.0705257,0.0
5.65966,0.000768891,0.233528,0.0623488,0.0
5.6604,0.000658873,0.133445,0.0470171,0.0
5.65922,0.00063054,0.166806,0.0528091,0.0
5.66152,0.000663617,0.200167,0.0623488,0.0
5.66148,0.000676874,0.216847,0.064393,0.0
5.66011,0.000646591,0.166806,0.0575789,0.0
5.66026,0.000678824,0.216847,0.064393,0.0
5.65986,0.000669011,0.150125,0.0500834,0.0
5.65943,0.00063093,0.166806,0.0575789,0.0
5.66017,0.000689676,0.183486,0.055194,0.0
5.66063,0.00067486,0.183486,0.055194,0.0
5.66083,0.000616699,0.150125,0.0500834,0.0
5.66082,0.000668686,0.250209,0.064393,0.0
5.66058,0.000704817,0.166806,0.0575789,0.0
5.66056,0.000721908,0.216847,0.0599638,0.0
5.65932,0.000637494,0.150125,0.055194,0.0
5.66027,0.00063093,0.150125,0.0500834,0.0
5.66093,0.000716189,0.30025,0.0742734,0.0
5.66088,0.0006913,0.150125,0.0500834,0.0
5.65954,0.000670441,0.200167,0.0623488,0.0
5.66083,0.000685452,0.216847,0.0599638,0.0
5.66077,0.00067265,0.233528,0.0623488,0.0
5.65901,0.000622807,0.216847,0.0599638,0.0
5.65915,0.000666152,0.183486,0.055194,0.0
5.6598,0.000705792,0.28357,0.0684814,0.0
5.66041,0.000765447,0.333611,0.0742734,0.0
5.66049,0.000677784,0.266889,0.0664372,0.0
5.65938,0.000648606,0.150125,0.055194,0.0
5.65977,0.000696564,0.150125,0.055194,0.0
5.66039,0.000680838,0.183486,0.055194,0.0
5.66065,0.000652895,0.200167,0.0575789,0.0
5.66038,0.000670051,0.216847,0.064393,0.0
5.66072,0.000635869,0.166806,0.0528091,0.0
5.66109,0.000659263,0.216847,0.0599638,0.0
5.66068,0.00063184,0.183486,0.0599638,0.0
5.65961,0.000640158,0.200167,0.0575789,0.0
5.66095,0.000677264,0.250209,0.064393,0.0
5.66023,0.000625537,0.100083,0.0408844,0.0
5.6592,0.000643017,0.216847,0.0599638,0.0
5.66049,0.000636844,0.0834028,0.0371367,0.0
5.6607,0.000640938,0.200167,0.0575789,0.0
5.65967,0.000641003,0.133445,0.0470171,0.0
5.66009,0.000653285,0.233528,0.0664372,0.0
5.66101,0.000635739,0.150125,0.0500834,0.0
5.66092,0.000616244,0.200167,0.0575789,0.0
5.65993,0.000626836,0.116764,0.0439508,0.0
5.65917,0.000679603,0.150125,0.0500834,0.0
5.66014,0.000664527,0.183486,0.055194,0.0
5.6612,0.000662318,0.200167,0.0575789,0.0
5.65935,0.000664722,0.166806,0.0528091,0.0
5.65937,0.000646072,0.233528,0.0623488,0.0
5.66062,0.000643602,0.150125,0.0500834,0.0
5.66028,0.000628331,0.200167,0.0623488,0.0
5.66104,0.000704752,0.28357,0.0763176,0.0
5.66047,0.000788647,0.183486,0.0599638,0.0
5.65946,0.000675899,0.250209,0.064393,0.0
5.66046,0.000645682,0.183486,0.055194,0.0
5.65987,0.000683177,0.150125,0.064393,0.0
5.65929,0.000685257,0.150125,0.055194,0.0
5.66097,0.000719439,0.250209,0.0725699,0.0
5.66149,0.000715799,0.233528,0.0623488,0.0
5.66016,0.000605522,0.166806,0.0528091,0.0
5.66082,0.000622742,0.166806,0.0528091,0.0
5.66084,0.000655949,0.166806,0.0528091,0.0
5.66071,0.00067421,0.233528,0.0623488,0.0
5.66039,0.000732565,0.166806,0.0623488,0.0
5.66096,0.000770386,0.266889,0.0780211,0.0
5.66097,0.000690651,0.166806,0.0528091,0.0
5.66059,0.000689481,0.250209,0.064393,0.0
5.6608,0.000666412,0.183486,0.055194,0.0
5.65953,0.000636844,0.266889,0.0664372,0.0
5.65966,0.000630215,0.183486,0.055194,0.0
5.65991,0.000628591,0.150125,0.0500834,0.0
5.65963,0.000679473,0.183486,0.055194,0.0
5.66057,0.000721193,0.150125,0.055194,0.0
5.66087,0.000669661,0.166806,0.0528091,0.0
5.66067,0.000668621,0.266889,0.0664372,0.0
5.66083,0.000688506,0.233528,0.0623488,0.0
5.66068,0.000661733,0.266889,0.0705257,0.0
5.66113,0.000673235,0.266889,0.0705257,0.0
5.6615,0.000700398,0.183486,0.0599638,0.0
5.66049,0.000719569,0.200167,0.0623488,0.0
5.66093,0.000746212,0.216847,0.064393,0.0
5.66086,0.000702218,0.216847,0.0599638,0.0
5.65998,0.000645812,0.166806,0.0528091,0.0
5.65999,0.000678369,0.200167,0.0623488,0.0
5.65975,0.000707417,0.183486,0.055194,0.0
5.65921,0.000642692,0.200167,0.0575789,0.0
5.66081,0.000675574,0.183486,0.055194,0.0
5.66107,0.000679213,0.133445,0.0470171,0.0
5.65989,0.0006128,0.0667223,0.033389,0.0
5.66049,0.000629501,0.250209,0.0684814,0.0
5.6612,0.0006952,0.266889,0.0664372,0.0
5.66077,0.000722038,0.216847,0.0599638,0.0
5.66043,0.000661538,0.233528,0.0623488,0.0
5.66057,0.000631775,0.183486,0.055194,0.0
5.65998,0.000635609,0.216847,0.0599638,0.0
5.66103,0.000657249,0.183486,0.0599638,0.0
5.66143,0.000682463,0.233528,0.0623488,0.0
5.6596,0.00069468,0.183486,0.0599638,0.0
5.65939,0.000691495,0.200167,0.0623488,0.0
5.66026,0.000679863,0.166806,0.0528091,0.0
5.65974,0.000646137,0.150125,0.0500834,0.0
5.66036,0.000661863,0.216847,0.064393,0.0
5.65981,0.000666347,0.116764,0.0439508,0.0
5.65998,0.000638403,0.116764,0.0439508,0.0
5.66075,0.000656079,0.233528,0.0664372,0.0
5.6606,0.000727627,0.266889,0.0664372,0.0
5.65962,0.000640353,0.116764,0.0439508,0.0
5.66043,0.000708261,0.200167,0.0575789,0.0
5.6598,0.000666152,0.0834028,0.0371367,0.0
5.66053,0.000697214,0.28357,0.0725699,0.0
5.66025,0.000705077,0.166806,0.0528091,0.0
5.66073,0.000685647,0.183486,0.055194,0.0
5.66066,0.000778899,0.250209,0.0763176,0.0
5.6611,0.000798914,0.183486,0.064393,0.0
5.66034,0.000685257,0.200167,0.0575789,0.0
5.66039,0.000688441,0.200167,0.0623488,0.0
5.66039,0.000670506,0.183486,0.0599638,0.0
5.66045,0.000701113,0.250209,0.0684814,0.0
5.66005,0.000708911,0.316931,0.0725699,0.0
5.66063,0.000689546,0.100083,0.0470171,0.0
5.65974,0.000703193,0.233528,0.0664372,0.0
5.65975,0.000663292,0.200167,0.0575789,0.0
5.65962,0.000674665,0.116764,0.0500834,0.0
5.65847,0.000626771,0.0834028,0.0371367,0.0
5.65919,0.00057095,0.0333611,0.0235086,0.0
5.65992,0.000621248,0.183486,0.0599638,0.0
5.65989,0.00067135,0.200167,0.0575789,0.0
5.65964,0.000683892,0.233528,0.0705257,0.0
5.66128,0.000664462,0.250209,0.064393,0.0
5.65963,0.00065335,0.0834028,0.0371367,0.0
5.65964,0.00065179,0.233528,0.0623488,0.0
5.66083,0.000687271,0.216847,0.0684814,0.0
5.65994,0.000698384,0.216847,0.0599638,0.0
5.66046,0.000650101,0.166806,0.0528091,0.0
5.66012,0.000622352,0.150125,0.055194,0.0
5.66012,0.000659263,0.133445,0.0470171,0.0
5.66022,0.000661863,0.28357,0.0725699,0.0
5.66072,0.000658678,0.133445,0.0470171,0.0
5.66025,0.000701178,0.266889,0.0664372,0.0
5.66087,0.000662058,0.200167,0.0575789,0.0
5.66085,0.000657834,0.28357,0.0725699,0.0
5.66034,0.000682593,0.166806,0.0575789,0.0
5.65981,0.000620078,0.166806,0.0528091,0.0
5.65967,0.000653285,0.200167,0.0575789,0.0
5.66157,0.000681423,0.200167,0.0575789,0.0
5.66038,0.000677849,0.116764,0.0439508,0.0
5.65889,0.000648996,0.133445,0.0470171,0.0
5.65926,0.000640418,0.183486,0.055194,0.0
5.66011,0.000623652,0.100083,0.0408844,0.0
5.65916,0.000633335,0.200167,0.0575789,0.0
5.65939,0.000654325,0.166806,0.0528091,0.0
5.65995,0.000696109,0.183486,0.055194,0.0
5.66007,0.000628656,0.116764,0.0439508,0.0
5.66006,0.000639638,0.166806,0.0528091,0.0
5.66023,0.000753685,0.200167,0.0623488,0.0
5.66056,0.000643342,0.133445,0.0470171,0.0
5.65976,0.000617998,0.116764,0.0439508,0.0
5.66018,0.000668361,0.250209,0.0763176,0.0
5.66054,0.000670766,0.200167,0.0575789,0.0
5.65988,0.000656729,0.183486,0.055194,0.0
5.65981,0.000667516,0.133445,0.0470171,0.0
5.65968,0.000626056,0.116764,0.0439508,0.0
5.65906,0.000638663,0.150125,0.0500834,0.0
5.66066,0.00063184,0.0834028,0.0371367,0.0
5.66073,0.000626251,0.183486,0.055194,0.0
5.65919,0.00063275,0.150125,0.0500834,0.0
5.66089,0.000743158,0.216847,0.064393,0.0
5.66144,0.000743158,0.250209,0.064393,0.0
5.66009,0.000651855,0.133445,0.0528091,0.0
5.66057,0.000650555,0.316931,0.0763176,0.0
5.66005,0.000624952,0.166806,0.0528091,0.0
5.66038,0.000685842,0.28357,0.0684814,0.0
5.65988,0.000733735,0.166806,0.0667779,0.0
5.65931,0.000628656,0.133445,0.0470171,0.0
5.66009,0.00063015,0.216847,0.0599638,0.0
5.66027,0.000682528,0.250209,0.0684814,0.0
5.65962,0.000648281,0.100083,0.0408844,0.0
5.65974,0.000644642,0.233528,0.0623488,0.0
5.6598,0.000642822,0.183486,0.055194,0.0
5.65902,0.000619558,0.0834028,0.0371367,0.0
5.65918,0.000681553,0.150125,0.064393,0.0
5.66014,0.000687726,0.150125,0.0500834,0.0
5.66045,0.000663877,0.116764,0.0439508,0.0
5.66072,0.000644707,0.183486,0.055194,0.0
5.66063,0.000657834,0.166806,0.0528091,0.0
5.66023,0.000713265,0.28357,0.0684814,0.0
5.66088,0.000675054,0.166806,0.0528091,0.0
5.66099,0.000656599,0.200167,0.0575789,0.0
5.66004,0.000682918,0.216847,0.064393,0.0
5.66047,0.00071567,0.183486,0.0599638,0.0
5.66052,0.000660953,0.166806,0.0528091,0.0
5.65995,0.000621313,0.166806,0.0528091,0.0
5.66092,0.00065101,0.150125,0.0500834,0.0
5.66055,0.000680513,0.200167,0.0667779,0.0
5.65997,0.000677004,0.183486,0.055194,0.0
5.65995,0.000669466,0.166806,0.0575789,0.0
5.6603,0.00067382,0.216847,0.0599638,0.0
5.65976,0.000674795,0.233528,0.0623488,0.0
5.6587,0.000621962,0.166806,0.0528091,0.0
5.66029,0.000639768,0.150125,0.0500834,0.0
5.66112,0.000704752,0.183486,0.0599638,0.0
5.65991,0.00067304,0.116764,0.0439508,0.0
5.66012,0.000629826,0.183486,0.055194,0.0
5.661,0.000641198,0.200167,0.0623488,0.0
5.66059,0.000722688,0.266889,0.0664372,0.0
5.66039,0.000648281,0.150125,0.0500834,0.0
5.6596,0.000656404,0.250209,0.064393,0.0
5.65994,0.00067382,0.0500417,0.0289598,0.0
5.66093,0.000680188,0.200167,0.0623488,0.0
5.66122,0.000688571,0.116764,0.0439508,0.0
5.6604,0.000626446,0.233528,0.0623488,0.0
5.66045,0.000628071,0.233528,0.0664372,0.0
5.66105,0.000639638,0.166806,0.0528091,0.0
5.66041,0.000643082,0.233528,0.0623488,0.0
5.66085,0.000649386,0.216847,0.0599638,0.0
5.66111,0.000718724,0.233528,0.0623488,0.0
5.66085,0.000679863,0.166806,0.0528091,0.0
5.65896,0.000652505,0.150125,0.055194,0.0
5.65956,0.00065283,0.166806,0.0528091,0.0
5.6614,0.000681878,0.133445,0.0470171,0.0
5.66091,0.000661733,0.333611,0.0742734,0.0
5.66033,0.000652375,0.200167,0.0575789,0.0
5.66045,0.00065127,0.100083,0.0408844,0.0
5.66004,0.000681683,0.200167,0.0575789,0.0
5.66043,0.000706702,0.233528,0.0623488,0.0
5.66017,0.000676419,0.166806,0.0575789,0.0
5.66051,0.00065426,0.150125,0.0500834,0.0
5.66045,0.000657119,0.216847,0.064393,0.0
5.66026,0.000647956,0.150125,0.0500834,0.0
5.65994,0.000629436,0.0333611,0.0235086,0.0
5.65962,0.000657314,0.150125,0.0500834,0.0
5.65982,0.000628201,0.200167,0.0575789,0.0
5.65847,0.000629241,0.116764,0.0439508,0.0
5.66,0.000635609,0.133445,0.0528091,0.0
5.66062,0.000677069,0.28357,0.0684814,0.0
5.66017,0.000624627,0.133445,0.0470171,0.0
5.66054,0.000648866,0.266889,0.0705257,0.0
5.65975,0.00067421,0.233528,0.0664372,0.0
5.65871,0.000632945,0.0834028,0.0371367,0.0
5.65921,0.000635024,0.100083,0.0408844,0.0
5.65998,0.000645942,0.216847,0.0599638,0.0
5.66028,0.000628721,0.183486,0.055194,0.0
5.65899,0.000647501,0.183486,0.055194,0.0
5.66033,0.000781368,0.216847,0.064393,0.0
5.66007,0.000714695,0.216847,0.0599638,0.0
5.66069,0.000646526,0.200167,0.0575789,0.0
5.65978,0.000659458,0.150125,0.055194,0.0
5.6592,0.000686557,0.116764,0.0439508,0.0
5.66007,0.000644512,0.166806,0.0575789,0.0
5.66045,0.000729381,0.216847,0.0599638,0.0
5.65985,0.000632165,0.116764,0.0439508,0.0
5.66067,0.000650426,0.30025,0.0705257,0.0
5.66091,0.000685712,0.183486,0.055194,0.0
5.66025,0.000702413,0.150125,0.0500834,0.0
5.66015,0.000680123,0.150125,0.055194,0.0
5.65967,0.000632295,0.250209,0.064393,0.0
5.65898,0.000644317,0.133445,0.0470171,0.0
5.65972,0.000721258,0.166806,0.0575789,0.0
5.6594,0.000665307,0.0667223,0.033389,0.0
5.65984,0.000664397,0.166806,0.0575789,0.0
5.6599,0.000688441,0.216847,0.0599638,0.0
5.66004,0.000668751,0.216847,0.0599638,0.0
5.65962,0.000651335,0.166806,0.0623488,0.0
5.65971,0.000669531,0.150125,0.0500834,0.0
5.66015,0.000679993,0.133445,0.0470171,0.0
5.66063,0.000694095,0.166806,0.0528091,0.0
5.66083,0.000703712,0.316931,0.0725699,0.0
5.6607,0.000649971,0.28357,0.0684814,0.0
5.6611,0.000644447,0.183486,0.055194,0.0
5.66107,0.000679863,0.266889,0.0664372,0.0
5.66013,0.000629111,0.116764,0.0439508,0.0
5.65982,0.000600063,0.183486,0.055194,0.0
5.66061,0.000613904,0.200167,0.0575789,0.0
5.65979,0.00063145,0.133445,0.0470171,0.0
5.66028,0.000650296,0.250209,0.064393,0.0
5.66077,0.000663552,0.166806,0.0575789,0.0
5.65977,0.000661408,0.150125,0.055194,0.0
5.66,0.000636259,0.166806,0.0528091,0.0
5.66142,0.000688636,0.250209,0.064393,0.0
5.66123,0.000738414,0.28357,0.0684814,0.0
5.66118,0.000699943,0.250209,0.064393,0.0
5.66091,0.000743353,0.150125,0.0500834,0.0
5.65972,0.000688571,0.216847,0.0599638,0.0
5.66071,0.000659198,0.233528,0.0623488,0.0
5.66028,0.000663942,0.28357,0.0684814,0.0
5.65993,0.000708521,0.183486,0.055194,0.0
5.66026,0.000679668,0.183486,0.055194,0.0
5.6605,0.000631515,0.183486,0.0599638,0.0
5.65984,0.00065452,0.166806,0.0528091,0.0
5.66071,0.00069442,0.216847,0.0599638,0.0
5.66083,0.00065049,0.28357,0.0725699,0.0
5.66042,0.000641653,0.266889,0.0664372,0.0
5.65939,0.000667126,0.116764,0.0439508,0.0
5.66046,0.000702803,0.183486,0.0599638,0.0
5.66042,0.000669011,0.183486,0.0599638,0.0
5.66033,0.000664007,0.30025,0.0705257,0.0
5.6609,0.00063041,0.166806,0.0528091,0.0
5.65937,0.000670506,0.266889,0.0742734,0.0
5.65876,0.000642692,0.183486,0.0599638,0.0
5.65955,0.000643017,0.166806,0.0528091,0.0
5.65963,0.000640288,0.216847,0.0599638,0.0
5.65938,0.000644642,0.150125,0.0500834,0.0
5.66086,0.000635869,0.250209,0.064393,0.0
5.66063,0.000681878,0.216847,0.0725699,0.0
5.65972,0.000698579,0.200167,0.0623488,0.0
5.6602,0.000673625,0.116764,0.0439508,0.0
5.66038,0.000650555,0.233528,0.0623488,0.0
5.66024,0.000653415,0.166806,0.0528091,0.0
5.65971,0.000670311,0.183486,0.055194,0.0
5.66043,0.000657379,0.116764,0.0439508,0.0
5.66095,0.000654455,0.133445,0.0575789,0.0
5.65973,0.000644837,0.100083,0.0408844,0.0
5.66027,0.000635414,0.200167,0.0575789,0.0
5.66153,0.000677719,0.233528,0.0623488,0.0
5.66091,0.000688896,0.30025,0.0742734,0.0
5.66072,0.000672715,0.166806,0.0528091,0.0
5.65989,0.000626641,0.166806,0.0528091,0.0
5.65974,0.000605197,0.200167,0.0575789,0.0
5.66011,0.000670311,0.166806,0.0528091,0.0
5.66047,0.000690261,0.250209,0.064393,0.0
5.65927,0.000705077,0.233528,0.0664372,0.0
5.65914,0.000655819,0.150125,0.055194,0.0
5.65943,0.000622222,0.116764,0.0439508,0.0
5.65965,0.000628201,0.200167,0.0575789,0.0
5.66011,0.00069494,0.233528,0.0664372,0.0
5.65992,0.000664527,0.200167,0.0575789,0.0
5.65964,0.000607926,0.133445,0.0470171,0.0
5.6597,0.000625472,0.100083,0.0408844,0.0
5.66082,0.000661668,0.233528,0.0664372,0.0
5.66005,0.000634244,0.216847,0.0599638,0.0
5.65985,0.0006334,0.183486,0.055194,0.0
5.66015,0.000663812,0.200167,0.0623488,0.0
5.66004,0.000627941,0.166806,0.0528091,0.0
5.65988,0.00069143,0.233528,0.0746141,0.0
5.66082,0.000746472,0.28357,0.0725699,0.0
5.66047,0.000677914,0.183486,0.055194,0.0
5.65942,0.000611435,0.233528,0.0623488,0.0
5.66066,0.000649581,0.166806,0.0528091,0.0
5.66062,0.000700593,0.250209,0.0725699,0.0
5.66051,0.000753295,0.216847,0.0684814,0.0
5.66027,0.000699813,0.28357,0.0797247,0.0
5.66023,0.00069494,0.233528,0.0664372,0.0
5.65988,0.000682398,0.150125,0.0500834,0.0
5.65956,0.000648606,0.200167,0.0623488,0.0
5.66075,0.000727497,0.266889,0.0814282,0.0
5.66082,0.000705922,0.200167,0.0575789,0.0
5.66013,0.000630865,0.183486,0.0599638,0.0
5.66013,0.000636064,0.233528,0.0623488,0.0
5.65995,0.000646072,0.183486,0.055194,0.0
5.65953,0.000657249,0.166806,0.0575789,0.0
5.65959,0.000678304,0.250209,0.064393,0.0
5.6596,0.000711186,0.166806,0.0575789,0.0
5.65918,0.00063288,0.150125,0.0500834,0.0
5.65976,0.000613255,0.133445,0.0528091,0.0
5.65979,0.000634374,0.100083,0.0408844,0.0
5.65996,0.000649906,0.133445,0.0528091,0.0
5.6598,0.000614099,0.216847,0.0599638,0.0
5.6596,0.000614944,0.266889,0.0664372,0.0
5.66028,0.000638014,0.0834028,0.0371367,0.0
5.65972,0.000707417,0.100083,0.0470171,0.0
5.65967,0.000629176,0.250209,0.0684814,0.0
5.65964,0.000621768,0.150125,0.0500834,0.0
5.66021,0.000660628,0.250209,0.0763176,0.0
5.66037,0.000685647,0.183486,0.0599638,0.0
5.65981,0.000697279,0.100083,0.0408844,0.0
5.66016,0.000719049,0.250209,0.064393,0.0
5.66123,0.000720868,0.250209,0.0763176,0.0
5.66038,0.00069481,0.200167,0.0575789,0.0
5.65995,0.000668036,0.216847,0.0599638,0.0
5.65972,0.000661798,0.183486,0.055194,0.0
5.66031,0.000663682,0.166806,0.0575789,0.0
5.65996,0.000649386,0.150125,0.0500834,0.0
5.65907,0.000645877,0.183486,0.055194,0.0
5.65967,0.000660043,0.216847,0.0599638,0.0
5.65967,0.000636714,0.166806,0.0528091,0.0
5.65948,0.000637429,0.100083,0.0408844,0.0
5.65935,0.000621183,0.116764,0.0439508,0.0
5.6601,0.000656339,0.200167,0.0575789,0.0
5.66073,0.000726522,0.216847,0.0599638,0.0
5.65956,0.000690261,0.183486,0.055194,0.0
5.66002,0.000623132,0.183486,0.055194,0.0
5.65999,0.00063301,0.116764,0.0500834,0.0
5.66029,0.000658484,0.216847,0.0599638,0.0
5.66004,0.000632295,0.150125,0.0500834,0.0
5.66026,0.000669336,0.233528,0.0664372,0.0
5.66119,0.000699423,0.200167,0.0575789,0.0
5.66044,0.00063197,0.28357,0.0684814,0.0
5.66018,0.000628786,0.116764,0.0500834,0.0
5.66005,0.000633465,0.233528,0.0623488,0.0
5.66043,0.000628851,0.183486,0.055194,0.0
5.6603,0.000616374,0.183486,0.055194,0.0
5.65958,0.000636714,0.150125,0.0500834,0.0
5.65941,0.000662448,0.100083,0.0470171,0.0
5.66018,0.000657964,0.150125,0.0500834,0.0
5.65965,0.000672325,0.250209,0.064393,0.0
5.65946,0.000689871,0.200167,0.0623488,0.0
5.66016,0.000653935,0.133445,0.0470171,0.0
5.65999,0.000670701,0.183486,0.055194,0.0
5.66074,0.000621833,0.150125,0.0500834,0.0
5.65929,0.000612215,0.150125,0.0500834,0.0
5.66069,0.000675964,0.183486,0.055194,0.0
5.66012,0.000675509,0.100083,0.0408844,0.0
5.65952,0.000629241,0.166806,0.0528091,0.0
5.66014,0.000625082,0.200167,0.0575789,0.0
5.65995,0.000627681,0.250209,0.0684814,0.0
5.6596,0.000630085,0.133445,0.0470171,0.0
5.66024,0.000614684,0.216847,0.0599638,0.0
5.66016,0.000659068,0.233528,0.0623488,0.0
5.66005,0.000710211,0.150125,0.055194,0.0
5.66005,0.000680058,0.166806,0.0528091,0.0
5.66114,0.000670051,0.116764,0.0439508,0.0
5.66096,0.000626771,0.133445,0.0470171,0.0
5.66009,0.000686882,0.183486,0.0599638,0.0
5.66058,0.000649386,0.100083,0.0408844,0.0
5.66033,0.00061241,0.166806,0.0528091,0.0
5.65975,0.000622092,0.216847,0.0599638,0.0
5.66081,0.000648671,0.216847,0.0599638,0.0
5.66057,0.000641133,0.166806,0.0528091,0.0
5.65997,0.000648021,0.150125,0.064393,0.0
5.66005,0.000665242,0.250209,0.064393,0.0
5.66023,0.000629631,0.166806,0.0528091,0.0
5.65985,0.000687921,0.216847,0.0599638,0.0
5.66042,0.000684477,0.166806,0.0575789,0.0
5.66017,0.000624757,0.133445,0.0470171,0.0
5.66074,0.000684282,0.166806,0.0575789,0.0
5.66015,0.000666152,0.133445,0.0470171,0.0
5.65971,0.000646786,0.150125,0.0500834,0.0
5.66121,0.00077526,0.28357,0.0865387,0.0
5.66163,0.000729771,0.233528,0.0623488,0.0
5.65985,0.000621703,0.150125,0.0500834,0.0
5.65925,0.000612085,0.150125,0.0500834,0.0
5.66063,0.000660303,0.233528,0.0623488,0.0
5.66051,0.000677069,0.28357,0.0725699,0.0
5.65922,0.00067343,0.150125,0.055194,0.0
5.65941,0.000647696,0.150125,0.055194,0.0
5.65971,0.00071281,0.200167,0.0623488,0.0
5.65916,0.000726782,0.250209,0.064393,0.0
5.65985,0.000626446,0.150125,0.0500834,0.0
5.65904,0.000647436,0.150125,0.0500834,0.0
5.66,0.000668426,0.200167,0.0623488,0.0
5.66038,0.00071502,0.200167,0.0623488,0.0
5.6592,0.000637169,0.216847,0.0599638,0.0
5.65982,0.000615724,0.133445,0.0470171,0.0
5.66065,0.000695005,0.183486,0.0599638,0.0
5.66056,0.000735425,0.216847,0.064393,0.0
5.65985,0.000674405,0.233528,0.0664372,0.0
5.6596,0.000649581,0.166806,0.0528091,0.0
5.6596,0.000646332,0.266889,0.0664372,0.0
5.66075,0.000675509,0.216847,0.0599638,0.0
5.6606,0.000681293,0.200167,0.0623488,0.0
5.66023,0.00067174,0.150125,0.0500834,0.0
5.6607,0.000725092,0.183486,0.0688221,0.0
5.66019,0.000697214,0.183486,0.0599638,0.0
5.65997,0.00065244,0.183486,0.055194,0.0
5.65963,0.000668296,0.250209,0.064393,0.0
5.66014,0.000703972,0.250209,0.064393,0.0
5.66071,0.000709366,0.183486,0.055194,0.0
5.66004,0.000696629,0.30025,0.0742734,0.0
5.66015,0.000690131,0.266889,0.0705257,0.0
5.65999,0.00067486,0.150125,0.0500834,0.0
5.6599,0.000651985,0.133445,0.0528091,0.0
5.6604,0.000663877,0.216847,0.0599638,0.0
5.65947,0.000690586,0.100083,0.0470171,0.0
5.66064,0.000683827,0.233528,0.0623488,0.0
5.66066,0.000661018,0.183486,0.055194,0.0
5.66006,0.00069208,0.166806,0.0575789,0.0
5.66051,0.00071476,0.183486,0.055194,0.0
5.66038,0.000664462,0.200167,0.0575789,0.0
5.66092,0.000639703,0.216847,0.0599638,0.0
5.66049,0.000676029,0.150125,0.055194,0.0
5.65995,0.000788842,0.30025,0.0780211,0.0
5.66054,0.000746992,0.183486,0.055194,0.0
5.66097,0.000646851,0.200167,0.0575789,0.0
5.66053,0.000677264,0.166806,0.0575789,0.0
5.65969,0.000720868,0.116764,0.055194,0.0
5.65976,0.000670506,0.183486,0.0599638,0.0
5.65979,0.000684152,0.100083,0.0408844,0.0
5.66001,0.000677524,0.0667223,0.0408844,0.0
5.65914,0.000677914,0.166806,0.0528091,0.0
5.66039,0.000653935,0.200167,0.0575789,0.0
5.65999,0.000635414,0.183486,0.055194,0.0
5.65926,0.000617349,0.216847,0.0599638,0.0
5.65988,0.000712485,0.350292,0.0831317,0.0
5.66047,0.000724377,0.200167,0.0575789,0.0
5.65995,0.000681033,0.150125,0.055194,0.0
5.65994,0.000667646,0.166806,0.0528091,0.0
5.6596,0.000711705,0.200167,0.0623488,0.0
5.66025,0.000687012,0.200167,0.0623488,0.0
5.66087,0.000670831,0.266889,0.0664372,0.0
5.66037,0.000639898,0.183486,0.055194,0.0
5.66,0.000722428,0.200167,0.0705257,0.0
5.66073,0.000711641,0.233528,0.0664372,0.0
5.6603,0.000651855,0.30025,0.0742734,0.0
5.66027,0.000656209,0.100083,0.0408844,0.0
5.66072,0.00067486,0.150125,0.055194,0.0
5.6598,0.000666347,0.166806,0.0575789,0.0
5.65959,0.000640873,0.166806,0.0528091,0.0
5.65992,0.000654649,0.116764,0.0439508,0.0
5.6602,0.000625927,0.266889,0.0664372,0.0
5.65964,0.000659068,0.150125,0.0500834,0.0
5.65979,0.000665697,0.150125,0.055194,0.0
5.65988,0.000675444,0.28357,0.0725699,0.0
5.66014,0.000745497,0.250209,0.0725699,0.0
5.65983,0.000732825,0.166806,0.0528091,0.0
5.66013,0.000698254,0.183486,0.0599638,0.0
5.65965,0.000646396,0.116764,0.0439508,0.0
5.65979,0.000639963,0.216847,0.0599638,0.0
5.66031,0.000665827,0.183486,0.0599638,0.0
5.65915,0.000656079,0.200167,0.0623488,0.0
5.65949,0.000663422,0.150125,0.0500834,0.0
5.65952,0.00063301,0.183486,0.055194,0.0
5.65971,0.000641263,0.166806,0.0528091,0.0
5.65924,0.000625082,0.0667223,0.033389,0.0
5.66033,0.000665372,0.233528,0.0623488,0.0
5.66113,0.000665242,0.116764,0.0500834,0.0
5.6603,0.000660628,0.266889,0.0664372,0.0
5.66025,0.000748616,0.166806,0.0575789,0.0
5.66102,0.000745172,0.150125,0.0500834,0.0
5.66026,0.000622547,0.150125,0.055194,0.0
5.66035,0.000663227,0.233528,0.0664372,0.0
5.66104,0.00073211,0.216847,0.064393,0.0
5.66007,0.000627486,0.166806,0.0528091,0.0
5.65985,0.000625212,0.0834028,0.0371367,0.0
5.66114,0.000657379,0.150125,0.0500834,0.0
5.65985,0.000691495,0.316931,0.0725699,0.0
5.66054,0.000656534,0.150125,0.0500834,0.0
5.66084,0.000657899,0.150125,0.0500834,0.0
5.65995,0.000678499,0.150125,0.0500834,0.0
5.65978,0.000689741,0.233528,0.0664372,0.0
5.66,0.0006308,0.166806,0.0528091,0.0
5.65979,0.000658094,0.183486,0.055194,0.0
5.65997,0.000647176,0.133445,0.0470171,0.0
5.65981,0.000639053,0.133445,0.0528091,0.0
5.66079,0.000661668,0.166806,0.0528091,0.0
5.6598,0.000689806,0.116764,0.0500834,0.0
5.66023,0.000658354,0.216847,0.0599638,0.0
5.66075,0.000666477,0.200167,0.0623488,0.0
5.66013,0.000673755,0.133445,0.0470171,0.0
5.65815,0.000627486,0.150125,0.055194,0.0
5.66032,0.000638014,0.183486,0.055194,0.0
5.65954,0.000666542,0.166806,0.0528091,0.0
5.66008,0.000645227,0.183486,0.0599638,0.0
5.65967,0.000622547,0.116764,0.0500834,0.0
5.65991,0.000625667,0.100083,0.0408844,0.0
5.65982,0.00063392,0.200167,0.0575789,0.0
5.66119,0.000676159,0.216847,0.064393,0.0
5.66122,0.000719179,0.30025,0.0742734,0.0
5.66053,0.000656794,0.233528,0.0664372,0.0
5.6595,0.00065244,0.216847,0.0599638,0.0
5.65988,0.00067304,0.166806,0.0575789,0.0
5.6591,0.000679343,0.133445,0.0470171,0.0
5.65908,0.000623457,0.133445,0.0470171,0.0
5.6601,0.000634439,0.133445,0.0470171,0.0
5.65969,0.000621313,0.30025,0.0705257,0.0
5.6602,0.00061228,0.150125,0.0500834,0.0
5.66013,0.000635804,0.116764,0.0439508,0.0
5.65972,0.000622287,0.100083,0.0408844,0.0
5.65996,0.000627291,0.233528,0.0623488,0.0
5.66014,0.000618843,0.100083,0.0408844,0.0
5.66032,0.000664462,0.166806,0.0575789,0.0
5.6604,0.000726847,0.233528,0.0848352,0.0
5.66002,0.000673105,0.150125,0.0500834,0.0
5.65942,0.000609681,0.150125,0.0500834,0.0
5.65893,0.000608251,0.183486,0.055194,0.0
5.65959,0.000638598,0.183486,0.055194,0.0
5.66037,0.000629631,0.150125,0.0500834,0.0
5.66046,0.000621638,0.233528,0.0623488,0.0
5.65886,0.000646656,0.200167,0.0623488,0.0
5.65853,0.000654325,0.116764,0.0439508,0.0
5.65959,0.000636974,0.250209,0.0684814,0.0
5.66019,0.000680773,0.250209,0.064393,0.0
5.66045,0.000669921,0.183486,0.055194,0.0
5.66037,0.000685062,0.166806,0.0528091,0.0
5.65995,0.000687271,0.166806,0.0575789,0.0
5.65944,0.000604742,0.166806,0.0528091,0.0
5.65967,0.000640938,0.166806,0.0528091,0.0
5.66011,0.000688116,0.30025,0.0814282,0.0
5.66002,0.000776105,0.200167,0.0623488,0.0
5.66051,0.000753295,0.200167,0.0623488,0.0
5.66078,0.00067408,0.166806,0.0528091,0.0
5.65973,0.000603832,0.200167,0.0575789,0.0
5.6596,0.000678239,0.200167,0.0667779,0.0
5.66045,0.00071398,0.133445,0.0470171,0.0
5.66024,0.000681878,0.150125,0.055194,0.0
5.66094,0.000668751,0.316931,0.0797247,0.0
5.66078,0.000637104,0.150125,0.0500834,0.0
5.65918,0.000677784,0.233528,0.0664372,0.0
5.65947,0.000641978,0.100083,0.0408844,0.0
5.65985,0.000627356,0.233528,0.0623488,0.0
5.66106,0.000703907,0.216847,0.0599638,0.0
5.66028,0.000706052,0.200167,0.0667779,0.0
5.65967,0.000689156,0.166806,0.0623488,0.0
5.66066,0.000697084,0.28357,0.0725699,0.0
5.66072,0.000712615,0.216847,0.064393,0.0
5.65971,0.00065335,0.133445,0.0470171,0.0
5.65889,0.000617609,0.150125,0.055194,0.0
5.65945,0.000643602,0.166806,0.0575789,0.0
5.65992,0.000665762,0.100083,0.0408844,0.0
5.66004,0.000646656,0.133445,0.0470171,0.0
5.66012,0.000687856,0.233528,0.0664372,0.0
5.6604,0.00063015,0.133445,0.0470171,0.0
5.65962,0.000641913,0.100083,0.0408844,0.0
5.65934,0.000655494,0.150125,0.0500834,0.0
5.65982,0.000664397,0.150125,0.055194,0.0
5.66,0.000620078,0.200167,0.0575789,0.0
5.65984,0.000603442,0.116764,0.0439508,0.0
5.65965,0.000619363,0.0834028,0.0371367,0.0
5.6607,0.000659003,0.233528,0.0623488,0.0
5.66023,0.000660693,0.166806,0.0528091,0.0
5.65945,0.000660173,0.183486,0.055194,0.0
5.65946,0.000675509,0.200167,0.0705257,0.0
5.66033,0.000670311,0.150125,0.0500834,0.0
5.65983,0.000612475,0.200167,0.0575789,0.0
5.65985,0.000661343,0.200167,0.0623488,0.0
5.66015,0.000648671,0.100083,0.0408844,0.0
5.65981,0.000640808,0.216847,0.0599638,0.0
5.66,0.000616114,0.216847,0.064393,0.0
5.66026,0.000641198,0.116764,0.0439508,0.0
5.66013,0.000650296,0.166806,0.0528091,0.0
5.66029,0.000625602,0.150125,0.055194,0.0
5.66012,0.000659068,0.166806,0.0528091,0.0
5.66074,0.000661668,0.216847,0.0599638,0.0
5.66014,0.000651985,0.200167,0.0623488,0.0
5.6608,0.000670701,0.166806,0.0528091,0.0
5.65998,0.000616049,0.150125,0.0500834,0.0
5.65946,0.000629956,0.133445,0.0528091,0.0
5.66022,0.000645357,0.150125,0.055194,0.0
5.65973,0.000652895,0.100083,0.0408844,0.0
5.65904,0.000684412,0.216847,0.064393,0.0
5.66123,0.000681033,0.216847,0.064393,0.0
5.66058,0.000717229,0.150125,0.055194,0.0
5.65991,0.000671545,0.200167,0.0667779,0.0
5.66009,0.000641133,0.183486,0.055194,0.0
5.66005,0.000604677,0.0834028,0.0371367,0.0
5.66052,0.000687466,0.316931,0.0865387,0.0
5.66027,0.000656079,0.150125,0.0500834,0.0
5.65959,0.000604092,0.133445,0.0470171,0.0
5.65963,0.000607861,0.166806,0.0528091,0.0
5.65982,0.000702218,0.30025,0.0705257,0.0
5.65939,0.000698969,0.166806,0.0528091,0.0
5.65897,0.000693055,0.200167,0.0575789,0.0
5.65972,0.000661278,0.200167,0.0575789,0.0
5.66075,0.000673755,0.30025,0.0742734,0.0
5.66044,0.000684412,0.166806,0.0528091,0.0
5.66043,0.000649906,0.100083,0.0408844,0.0
5.65951,0.000706767,0.250209,0.0684814,0.0
5.66017,0.000703842,0.200167,0.0575789,0.0
5.66015,0.000635739,0.0667223,0.033389,0.0
5.65948,0.000626836,0.233528,0.0623488,0.0
5.65952,0.000656599,0.133445,0.0470171,0.0
5.66015,0.00063184,0.200167,0.0575789,0.0
5.66012,0.000680188,0.200167,0.0623488,0.0
5.65985,0.000732565,0.216847,0.0599638,0.0
5.6608,0.000724832,0.266889,0.0780211,0.0
5.65948,0.000705727,0.133445,0.0470171,0.0
5.65907,0.000655689,0.116764,0.0439508,0.0
5.65968,0.000636974,0.133445,0.0470171,0.0
5.66049,0.0006952,0.183486,0.0800654,0.0
5.66035,0.000674015,0.150125,0.0500834,0.0
5.66034,0.000682463,0.30025,0.0814282,0.0
5.65951,0.000814575,0.200167,0.0575789,0.0
5.65995,0.00067369,0.216847,0.064393,0.0
5.6605,0.000621898,0.150125,0.0500834,0.0
5.65924,0.00063301,0.100083,0.0408844,0.0
5.65999,0.000619103,0.200167,0.0575789,0.0
5.65965,0.000624432,0.166806,0.0528091,0.0
5.65934,0.000649386,0.150125,0.0500834,0.0
5.65961,0.000673365,0.183486,0.0599638,0.0
5.66086,0.000651595,0.233528,0.0623488,0.0
5.66071,0.000607406,0.150125,0.0500834,0.0
5.6601,0.000637884,0.200167,0.0575789,0.0
5.65919,0.000658029,0.0667223,0.0408844,0.0
5.65951,0.0006128,0.0834028,0.0371367,0.0
5.66048,0.000644122,0.250209,0.0684814,0.0
5.66104,0.000669011,0.250209,0.064393,0.0
5.66016,0.000643992,0.200167,0.0575789,0.0
5.65948,0.000615139,0.116764,0.0439508,0.0
5.65982,0.000654455,0.183486,0.055194,0.0
5.66081,0.000692535,0.200167,0.0575789,0.0
5.66022,0.000710146,0.150125,0.0500834,0.0
5.65957,0.00065049,0.133445,0.0470171,0.0
5.65965,0.000626251,0.100083,0.0408844,0.0
5.65891,0.000634374,0.100083,0.0408844,0.0
5.65929,0.000632035,0.150125,0.0500834,0.0
5.65969,0.000621768,0.150125,0.0500834,0.0
5.65916,0.000680838,0.183486,0.055194,0.0
5.65922,0.000681813,0.250209,0.064393,0.0
5.66031,0.00065218,0.150125,0.055194,0.0
5.66048,0.00065179,0.166806,0.0623488,0.0
5.65992,0.000618843,0.200167,0.0575789,0.0
5.66008,0.000676614,0.183486,0.0688221,0.0
5.66043,0.000704492,0.116764,0.0500834,0.0
5.66075,0.000653545,0.150125,0.0500834,0.0
5.66046,0.000647241,0.183486,0.055194,0.0
5.66024,0.000686947,0.200167,0.0575789,0.0
5.66023,0.000705727,0.233528,0.0623488,0.0
5.65931,0.000726002,0.183486,0.0599638,0.0
5.66013,0.000692795,0.150125,0.0500834,0.0
5.65992,0.000645097,0.150125,0.0500834,0.0
5.65955,0.00063145,0.166806,0.0528091,0.0
5.65914,0.000669726,0.183486,0.055194,0.0
5.65932,0.000638144,0.166806,0.0528091,0.0
5.65958,0.000639768,0.133445,0.0470171,0.0
5.65939,0.000652115,0.133445,0.0470171,0.0
5.66054,0.000641848,0.233528,0.0623488,0.0
5.65994,0.000643927,0.216847,0.0599638,0.0
5.65929,0.000675899,0.100083,0.0408844,0.0
5.65987,0.000638923,0.200167,0.0623488,0.0
5.66036,0.00065283,0.183486,0.055194,0.0
5.65976,0.000629111,0.133445,0.0470171,0.0
5.65959,0.000662578,0.216847,0.0599638,0.0
5.66015,0.000708521,0.166806,0.0575789,0.0
5.66027,0.000624042,0.100083,0.0408844,0.0
5.65996,0.000667191,0.166806,0.0575789,0.0
5.66031,0.000700723,0.266889,0.0664372,0.0
5.6613,0.000663682,0.216847,0.0599638,0.0
5.66053,0.000629241,0.183486,0.055194,0.0
5.66091,0.000629371,0.133445,0.0470171,0.0
5.65982,0.000656664,0.116764,0.0439508,0.0
5.65934,0.000607666,0.133445,0.0470171,0.0
5.66035,0.000644707,0.133445,0.0470171,0.0
5.66019,0.00067291,0.150125,0.055194,0.0
5.65999,0.000615724,0.116764,0.0439508,0.0
5.65966,0.00061176,0.183486,0.055194,0.0
5.66018,0.000629046,0.150125,0.0500834,0.0
5.66067,0.000640353,0.133445,0.0470171,0.0
5.66023,0.000659848,0.183486,0.0599638,0.0
5.65959,0.000636519,0.166806,0.0528091,0.0
5.66008,0.000645357,0.183486,0.055194,0.0
5.65999,0.000658549,0.216847,0.0599638,0.0
5.65988,0.000666672,0.133445,0.0470171,0.0
5.66007,0.000643082,0.133445,0.0470171,0.0
5.65999,0.000627616,0.166806,0.0528091,0.0
5.65928,0.000641458,0.183486,0.055194,0.0
5.65999,0.000631905,0.216847,0.0599638,0.0
5.65985,0.000659328,0.150125,0.0500834,0.0
5.65988,0.000669596,0.183486,0.055194,0.0
5.65941,0.000613255,0.200167,0.0575789,0.0
5.6605,0.000676289,0.266889,0.0664372,0.0
5.65947,0.00069442,0.0834028,0.0439508,0.0
5.65872,0.000614164,0.150125,0.0500834,0.0
5.66007,0.000621962,0.133445,0.0470171,0.0
5.66028,0.000680773,0.216847,0.0599638,0.0
5.65965,0.000633335,0.250209,0.064393,0.0
5.65925,0.000618453,0.0667223,0.033389,0.0
5.65875,0.000624497,0.0667223,0.033389,0.0
5.65981,0.000659978,0.250209,0.0684814,0.0
5.66153,0.000738024,0.250209,0.0763176,0.0
5.66059,0.000685387,0.250209,0.0684814,0.0
5.65894,0.000616049,0.0834028,0.0371367,0.0
5.65938,0.00065426,0.216847,0.0599638,0.0
5.65975,0.000717489,0.116764,0.0439508,0.0
5.66002,0.000655429,0.233528,0.0623488,0.0
5.65974,0.000671285,0.183486,0.0599638,0.0
5.66057,0.000685647,0.183486,0.055194,0.0
5.66059,0.000651855,0.150125,0.0500834,0.0
5.65995,0.000669531,0.200167,0.0667779,0.0
5.65969,0.000655299,0.133445,0.0470171,0.0
5.65965,0.000628591,0.150125,0.055194,0.0
5.65877,0.000657639,0.0834028,0.0439508,0.0
5.65961,0.000640938,0.183486,0.0599638,0.0
5.66037,0.000632555,0.100083,0.0408844,0.0
5.65986,0.000650296,0.133445,0.0470171,0.0
5.66017,0.000685257,0.233528,0.0623488,0.0
5.66096,0.000668686,0.166806,0.0575789,0.0
5.65953,0.000647566,0.166806,0.0575789,0.0
5.65921,0.000623717,0.100083,0.0408844,0.0
5.65921,0.000617349,0.133445,0.0470171,0.0
5.65899,0.00065127,0.150125,0.064393,0.0
5.65977,0.000682398,0.166806,0.0528091,0.0
5.6593,0.000644447,0.150125,0.064393,0.0
5.65951,0.000719114,0.216847,0.064393,0.0
5.65997,0.000687271,0.233528,0.0746141,0.0
5.65981,0.000703647,0.28357,0.0684814,0.0
5.65917,0.000721258,0.183486,0.055194,0.0
5.6591,0.000664267,0.116764,0.0439508,0.0
5.65948,0.000646526,0.150125,0.0500834,0.0
5.66072,0.000681748,0.216847,0.0599638,0.0
5.65953,0.000680188,0.200167,0.0575789,0.0
5.65977,0.000624302,0.150125,0.0500834,0.0
5.65979,0.000637949,0.183486,0.055194,0.0
5.66028,0.000709886,0.250209,0.064393,0.0
5.66033,0.000638403,0.150125,0.0500834,0.0
5.66005,0.000685387,0.216847,0.0599638,0.0
5.66041,0.000716189,0.200167,0.0746141,0.0
5.66017,0.000641653,0.183486,0.055194,0.0
5.66005,0.00061189,0.200167,0.0575789,0.0
5.65942,0.000663357,0.166806,0.0528091,0.0
5.66006,0.000660303,0.183486,0.055194,0.0
5.65997,0.000682723,0.183486,0.0688221,0.0
5.66037,0.000645487,0.200167,0.0575789,0.0
5.65977,0.000682333,0.150125,0.0500834,0.0
5.6603,0.000707222,0.183486,0.064393,0.0
5.66069,0.000644187,0.216847,0.064393,0.0
5.66013,0.000635609,0.183486,0.055194,0.0
5.66,0.000659003,0.233528,0.0664372,0.0
5.66075,0.000628851,0.150125,0.0500834,0.0
5.66206,0.000679148,0.30025,0.0742734,0.0
5.66055,0.00069156,0.166806,0.0575789,0.0
5.65935,0.000681683,0.250209,0.064393,0.0
5.66071,0.000622872,0.133445,0.0528091,0.0
5.66069,0.000639703,0.183486,0.055194,0.0
5.66049,0.00073406,0.150125,0.055194,0.0
5.66034,0.000715475,0.116764,0.0500834,0.0
5.65971,0.000625212,0.166806,0.0575789,0.0
5.66011,0.000645617,0.166806,0.0528091,0.0
5.66011,0.000691236,0.233528,0.0623488,0.0
5.65874,0.000657704,0.216847,0.064393,0.0
5.6593,0.000649256,0.0667223,0.033389,0.0
5.66067,0.000618323,0.233528,0.0623488,0.0
5.65946,0.000614619,0.116764,0.0439508,0.0
5.65893,0.000624887,0.166806,0.0528091,0.0
5.65931,0.00063236,0.116764,0.0439508,0.0
5.65958,0.000603182,0.0333611,0.0235086,0.0
5.66031,0.000615009,0.250209,0.0684814,0.0
5.66062,0.000720933,0.233528,0.0623488,0.0
5.66051,0.000676354,0.133445,0.0470171,0.0
5.66124,0.000640808,0.183486,0.0599638,0.0
5.66042,0.000690846,0.233528,0.0705257,0.0
5.65981,0.0006733,0.200167,0.0575789,0.0
5.66023,0.00065348,0.150125,0.055194,0.0
5.66034,0.000764083,0.100083,0.0408844,0.0
5.66123,0.000707157,0.233528,0.0623488,0.0
5.66072,0.00063236,0.133445,0.0470171,0.0
5.65993,0.000609875,0.183486,0.055194,0.0
5.65939,0.000620208,0.133445,0.0470171,0.0
5.65977,0.000604222,0.233528,0.0623488,0.0
5.66038,0.0006115,0.0834028,0.0371367,0.0
5.65942,0.000644317,0.100083,0.0408844,0.0
5.65997,0.000658938,0.166806,0.0528091,0.0
5.65989,0.000623847,0.100083,0.0408844,0.0
5.65951,0.000620338,0.133445,0.0470171,0.0
5.66013,0.000672065,0.28357,0.0725699,0.0
5.66116,0.000661733,0.116764,0.0439508,0.0
5.65968,0.000603507,0.200167,0.0575789,0.0
5.65972,0.000625017,0.166806,0.0528091,0.0
5.66001,0.00065283,0.183486,0.0599638,0.0
5.65894,0.000621898,0.100083,0.0408844,0.0
5.65897,0.000593954,0.166806,0.0528091,0.0
5.66037,0.000624757,0.166806,0.0528091,0.0
5.66124,0.000725222,0.166806,0.0575789,0.0
5.66138,0.00065296,0.216847,0.0599638,0.0
5.65958,0.000657184,0.166806,0.0575789,0.0
5.66025,0.00069247,0.150125,0.0500834,0.0
5.66058,0.000710276,0.233528,0.0664372,0.0
5.6589,0.000653545,0.216847,0.0599638,0.0
5.66017,0.000668946,0.150125,0.055194,0.0
5.66011,0.000675054,0.166806,0.0528091,0.0
5.65995,0.000628981,0.100083,0.0408844,0.0
5.65994,0.000612345,0.116764,0.0439508,0.0
5.66023,0.000637494,0.150125,0.0500834,0.0
5.65962,0.000664787,0.150125,0.055194,0.0
5.6601,0.000680188,0.100083,0.0408844,0.0
5.66016,0.000657444,0.133445,0.0470171,0.0
5.65977,0.000624237,0.150125,0.0500834,0.0
5.66026,0.0006102,0.166806,0.0528091,0.0
5.66115,0.000682788,0.183486,0.0599638,0.0
5.66066,0.000669986,0.216847,0.064393,0.0
5.66044,0.000662318,0.266889,0.0664372,0.0
5.66021,0.000619428,0.250209,0.064393,0.0
5.65967,0.000629891,0.183486,0.0599638,0.0
5.65915,0.000616049,0.100083,0.0408844,0.0
5.65955,0.000612345,0.183486,0.0688221,0.0
5.66053,0.000765187,0.250209,0.0725699,0.0
5.66011,0.000766032,0.166806,0.0528091,0.0
5.65954,0.000655819,0.166806,0.0575789,0.0
5.65989,0.000611045,0.200167,0.0575789,0.0
5.65951,0.000660433,0.183486,0.0688221,0.0
5.66045,0.000683112,0.183486,0.055194,0.0
5.65934,0.000695135,0.150125,0.055194,0.0
5.6582,0.000617674,0.100083,0.0408844,0.0
5.65952,0.000657119,0.133445,0.0470171,0.0
5.65971,0.000640288,0.0834028,0.0371367,0.0
5.65908,0.000632425,0.166806,0.0528091,0.0
5.65947,0.00069195,0.116764,0.0500834,0.0
5.65931,0.000664657,0.183486,0.0599638,0.0
5.65906,0.000616829,0.116764,0.0500834,0.0
5.65873,0.00065309,0.133445,0.0470171,0.0
5.6594,0.000681553,0.116764,0.0439508,0.0
5.66054,0.000657509,0.200167,0.0705257,0.0
5.66086,0.000731331,0.216847,0.0599638,0.0
5.66044,0.000788972,0.166806,0.0623488,0.0
5.66077,0.000731656,0.166806,0.0623488,0.0
5.65978,0.000629891,0.166806,0.0528091,0.0
5.65933,0.000623652,0.100083,0.0408844,0.0
5.66009,0.000657314,0.166806,0.0528091,0.0
5.66018,0.000683242,0.200167,0.0575789,0.0
5.65998,0.000707871,0.28357,0.0725699,0.0
5.65949,0.000647436,0.166806,0.0528091,0.0
5.65996,0.00063093,0.216847,0.0599638,0.0
5.66008,0.000652895,0.0834028,0.0371367,0.0
5.65968,0.000656014,0.233528,0.0623488,0.0
5.65963,0.00063379,0.166806,0.0528091,0.0
5.66024,0.000659523,0.200167,0.0623488,0.0
5.65922,0.000688181,0.200167,0.0575789,0.0
5.65988,0.0006308,0.0667223,0.033389,0.0
5.65926,0.000610655,0.116764,0.0439508,0.0
5.65863,0.000625602,0.233528,0.0664372,0.0
5.65939,0.000681228,0.200167,0.0575789,0.0
5.66041,0.000627486,0.100083,0.0408844,0.0
5.66009,0.000593499,0.250209,0.064393,0.0
5.65974,0.000759339,0.216847,0.064393,0.0
5.65988,0.000751801,0.183486,0.0599638,0.0
5.65999,0.00065205,0.216847,0.064393,0.0
5.65896,0.00061163,0.0333611,0.0235086,0.0
5.65967,0.000618388,0.133445,0.0470171,0.0
5.65955,0.000623132,0.266889,0.0664372,0.0
5.65946,0.000643147,0.133445,0.0470171,0.0
5.65923,0.000647956,0.250209,0.0684814,0.0
5.66058,0.000668296,0.233528,0.0664372,0.0
5.66049,0.000688571,0.200167,0.0575789,0.0
5.65958,0.00067356,0.150125,0.0500834,0.0
5.65948,0.000611045,0.200167,0.0575789,0.0
5.6598,0.000633855,0.183486,0.055194,0.0
5.6608,0.000670181,0.233528,0.0623488,0.0
5.66038,0.000684022,0.216847,0.0725699,0.0
5.65938,0.000727757,0.150125,0.064393,0.0
5.65907,0.000679863,0.166806,0.0528091,0.0
5.65903,0.000644187,0.133445,0.0528091,0.0
5.66016,0.000640353,0.233528,0.0623488,0.0
5.66114,0.000682333,0.266889,0.0664372,0.0
5.66056,0.000643147,0.166806,0.0528091,0.0
5.65992,0.00065322,0.216847,0.0599638,0.0
5.65933,0.000638403,0.116764,0.0439508,0.0
5.65953,0.000692535,0.30025,0.0848352,0.0
5.65986,0.000702543,0.133445,0.0470171,0.0
5.6598,0.000694615,0.183486,0.0599638,0.0
5.65989,0.000697084,0.266889,0.0664372,0.0
5.66025,0.000668686,0.150125,0.0500834,0.0
5.66114,0.000657249,0.166806,0.0528091,0.0
5.66181,0.00071424,0.216847,0.0599638,0.0
5.6605,0.000657119,0.216847,0.0599638,0.0
5.6598,0.000660758,0.233528,0.0623488,0.0
5.65955,0.000637949,0.133445,0.0470171,0.0
5.65878,0.000631905,0.166806,0.0528091,0.0
5.65932,0.000610915,0.116764,0.0439508,0.0
5.66031,0.000648021,0.216847,0.064393,0.0
5.66,0.000638079,0.183486,0.055194,0.0
5.6592,0.000659848,0.183486,0.0599638,0.0
5.66061,0.000717944,0.233528,0.0705257,0.0
5.66006,0.000700723,0.166806,0.0528091,0.0
5.65942,0.000644967,0.183486,0.0599638,0.0
5.65993,0.000674925,0.150125,0.0500834,0.0
5.65939,0.00067486,0.166806,0.0528091,0.0
5.66003,0.000628591,0.133445,0.0528091,0.0
5.66001,0.000648086,0.216847,0.064393,0.0
5.65924,0.000649776,0.116764,0.0439508,0.0
5.6591,0.000643147,0.216847,0.0599638,0.0
5.66001,0.000614034,0.133445,0.0470171,0.0
5.65974,0.000642562,0.150125,0.0500834,0.0
5.66024,0.00071294,0.150125,0.055194,0.0
5.66073,0.000732565,0.200167,0.0623488,0.0
5.65951,0.000655039,0.166806,0.0528091,0.0
5.66024,0.000628136,0.0667223,0.033389,0.0
5.66058,0.000662188,0.233528,0.0664372,0.0
5.65902,0.000691106,0.133445,0.0470171,0.0
5.65946,0.000669921,0.183486,0.055194,0.0
5.65977,0.000598893,0.166806,0.0528091,0.0
5.66029,0.000624042,0.100083,0.0408844,0.0
5.66053,0.000662578,0.216847,0.064393,0.0
5.65975,0.000696434,0.183486,0.0599638,0.0
5.65961,0.00065322,0.216847,0.0599638,0.0
5.66084,0.000683827,0.30025,0.0742734,0.0
5.66057,0.000646137,0.250209,0.064393,0.0
5.66053,0.000649516,0.216847,0.0599638,0.0
5.66023,0.000664592,0.116764,0.0439508,0.0
5.65996,0.000663357,0.150125,0.0500834,0.0
5.66008,0.000649971,0.166806,0.0575789,0.0
5.66035,0.000649841,0.200167,0.0575789,0.0
5.65962,0.000637364,0.166806,0.0575789,0.0
5.66107,0.0007325,0.30025,0.0814282,0.0
5.66084,0.00067226,0.233528,0.0623488,0.0
5.65972,0.000639248,0.133445,0.0470171,0.0
5.66026,0.000665502,0.150125,0.0500834,0.0
5.66038,0.000664657,0.150125,0.0500834,0.0
5.65972,0.000606886,0.116764,0.0439508,0.0
5.66079,0.000637949,0.233528,0.0664372,0.0
5.66022,0.000750176,0.150125,0.0599638,0.0
5.65922,0.000681293,0.100083,0.0408844,0.0
5.65939,0.000605522,0.183486,0.055194,0.0
5.66047,0.000674145,0.200167,0.0575789,0.0
5.65924,0.000666477,0.183486,0.055194,0.0
5.65939,0.000687336,0.183486,0.0599638,0.0
5.65957,0.000672065,0.150125,0.0500834,0.0
5.659,0.000618518,0.100083,0.0408844,0.0
5.65919,0.000625732,0.150125,0.0500834,0.0
5.65989,0.000645097,0.150125,0.055194,0.0
5.66061,0.000658224,0.200167,0.0623488,0.0
5.6604,0.000634179,0.183486,0.0599638,0.0
5.65989,0.000664332,0.133445,0.0470171,0.0
5.65983,0.000695265,0.133445,0.0470171,0.0
5.65926,0.000654779,0.183486,0.0599638,0.0
5.65942,0.000687596,0.200167,0.0623488,0.0
5.6608,0.000661278,0.150125,0.0500834,0.0
5.66049,0.000628396,0.250209,0.064393,0.0
5.65996,0.000640938,0.116764,0.0439508,0.0
5.6603,0.000725092,0.150125,0.0599638,0.0
5.66108,0.000726977,0.233528,0.0623488,0.0
5.65995,0.00069403,0.233528,0.0664372,0.0
5.65992,0.000666801,0.200167,0.0575789,0.0
5.6606,0.000718854,0.183486,0.0599638,0.0
5.66042,0.000706507,0.183486,0.055194,0.0
5.65949,0.000643147,0.100083,0.0408844,0.0
5.65937,0.000644187,0.200167,0.0623488,0.0
5.65989,0.000625342,0.150125,0.0500834,0.0
5.66054,0.000607146,0.183486,0.055194,0.0
5.66046,0.000615659,0.200167,0.0575789,0.0
5.65979,0.000670246,0.166806,0.0528091,0.0
5.65888,0.000634244,0.133445,0.0470171,0.0
5.65932,0.000660823,0.150125,0.0500834,0.0
5.65933,0.000643472,0.166806,0.0528091,0.0
5.66002,0.000674015,0.183486,0.055194,0.0
5.65935,0.000710081,0.166806,0.0528091,0.0
5.65989,0.00067187,0.150125,0.0500834,0.0
5.66086,0.000647566,0.200167,0.0575789,0.0
5.66075,0.000661018,0.233528,0.0623488,0.0
5.66069,0.000711835,0.200167,0.0575789,0.0
5.65985,0.000661018,0.183486,0.055194,0.0
5.65886,0.00061176,0.183486,0.0599638,0.0
5.65951,0.000641913,0.166806,0.0528091,0.0
5.66008,0.00065192,0.150125,0.0500834,0.0
5.65995,0.000630215,0.133445,0.0470171,0.0
5.65981,0.000647826,0.166806,0.0528091,0.0
5.65922,0.000650945,0.133445,0.0470171,0.0
5.65951,0.000656339,0.116764,0.0439508,0.0
5.66019,0.000665697,0.150125,0.0500834,0.0
5.65986,0.000658808,0.250209,0.064393,0.0
5.66015,0.00063028,0.166806,0.0528091,0.0
5.66028,0.000721193,0.166806,0.0575789,0.0
5.66085,0.000724897,0.30025,0.0814282,0.0
5.65975,0.000656664,0.166806,0.0528091,0.0
5.65923,0.000649971,0.166806,0.0528091,0.0
5.66011,0.000683048,0.200167,0.0623488,0.0
5.66007,0.000655299,0.133445,0.0470171,0.0
5.65971,0.000597723,0.116764,0.0439508,0.0
5.66038,0.000641003,0.0834028,0.0371367,0.0
5.65968,0.000738154,0.200167,0.0623488,0.0
5.6601,0.000707352,0.150125,0.0500834,0.0
5.65894,0.000602207,0.0834028,0.0371367,0.0
5.6595,0.000635804,0.216847,0.0599638,0.0
5.66072,0.000678889,0.200167,0.0575789,0.0
5.66071,0.000640288,0.233528,0.0664372,0.0
5.65953,0.000669531,0.133445,0.0528091,0.0
5.65998,0.000658808,0.166806,0.0528091,0.0
5.65993,0.000653805,0.150125,0.0500834,0.0
5.66012,0.000669986,0.200167,0.0575789,0.0
5.66025,0.000669531,0.100083,0.0408844,0.0
5.65991,0.000622872,0.166806,0.0528091,0.0
5.65975,0.000615074,0.133445,0.0470171,0.0
5.66023,0.000670571,0.233528,0.0664372,0.0
5.66012,0.000684282,0.116764,0.0439508,0.0
5.66026,0.000633985,0.200167,0.0575789,0.0
5.6601,0.000607536,0.183486,0.055194,0.0
5.66016,0.00063223,0.116764,0.0439508,0.0
5.65951,0.000683697,0.166806,0.0575789,0.0
5.65959,0.000736334,0.150125,0.055194,0.0
5.66033,0.000677849,0.250209,0.0684814,0.0
5.66033,0.00067421,0.150125,0.055194,0.0
5.66051,0.000716839,0.250209,0.0684814,0.0
5.66139,0.000728276,0.250209,0.064393,0.0
5.66034,0.000636909,0.116764,0.0439508,0.0
5.65936,0.000661928,0.200167,0.0623488,0.0
5.66024,0.000649906,0.133445,0.0470171,0.0
5.6604,0.000627421,0.200167,0.0575789,0.0
5.65979,0.000619298,0.116764,0.0439508,0.0
5.6593,0.000643992,0.150125,0.0500834,0.0
5.66111,0.000644707,0.150125,0.0500834,0.0
5.66067,0.000642887,0.28357,0.0684814,0.0
5.65967,0.000684932,0.183486,0.0599638,0.0
5.65988,0.000648476,0.0834028,0.0439508,0.0
5.65961,0.000638338,0.250209,0.064393,0.0
5.65908,0.000626121,0.133445,0.0528091,0.0
5.65981,0.000676809,0.150125,0.055194,0.0
5.66056,0.000715215,0.166806,0.0528091,0.0
5.65946,0.000679278,0.116764,0.0500834,0.0
5.65958,0.000624627,0.133445,0.0470171,0.0
5.66033,0.000643277,0.233528,0.0623488,0.0
5.66037,0.000657509,0.150125,0.0500834,0.0
5.66029,0.00067187,0.233528,0.0746141,0.0
5.65962,0.000675899,0.166806,0.0528091,0.0
5.65974,0.00065439,0.183486,0.055194,0.0
5.65944,0.000640678,0.183486,0.055194,0.0
5.66009,0.00069299,0.166806,0.0528091,0.0
5.66079,0.000688246,0.200167,0.0575789,0.0
5.66028,0.000635674,0.216847,0.0599638,0.0
5.66003,0.00065127,0.183486,0.064393,0.0
5.65978,0.000633205,0.0834028,0.0371367,0.0
5.65961,0.000678824,0.116764,0.0439508,0.0
5.65995,0.000707741,0.133445,0.0528091,0.0
5.65973,0.000737894,0.166806,0.0667779,0.0
5.66005,0.000653285,0.133445,0.0470171,0.0
5.66002,0.000613645,0.0834028,0.0371367,0.0
5.65931,0.00069195,0.150125,0.055194,0.0
5.65941,0.000721258,0.250209,0.0684814,0.0
5.66023,0.000717099,0.133445,0.0470171,0.0
5.66031,0.000682593,0.200167,0.0623488,0.0
5.65963,0.000617933,0.216847,0.0599638,0.0
5.65975,0.000651595,0.166806,0.0528091,0.0
5.66012,0.000687596,0.200167,0.0623488,0.0
5.65959,0.00069312,0.233528,0.0705257,0.0
5.65942,0.000707027,0.183486,0.0599638,0.0
5.65904,0.000659263,0.166806,0.0623488,0.0
5.6593,0.000654,0.166806,0.0528091,0.0
5.65892,0.000615334,0.116764,0.0439508,0.0
5.65878,0.000626316,0.183486,0.055194,0.0
5.65966,0.000696889,0.116764,0.0500834,0.0
5.65957,0.000686687,0.30025,0.0705257,0.0
5.65914,0.00063015,0.150125,0.055194,0.0
5.65991,0.00063236,0.183486,0.055194,0.0
5.66078,0.000636129,0.183486,0.055194,0.0
5.66064,0.000650166,0.183486,0.0599638,0.0
5.6606,0.000717359,0.250209,0.0684814,0.0
5.66052,0.000682528,0.233528,0.0623488,0.0
5.66032,0.00065348,0.150125,0.0500834,0.0
5.66075,0.000664592,0.100083,0.0408844,0.0
5.65937,0.000673885,0.116764,0.0439508,0.0
5.66031,0.000675639,0.200167,0.0575789,0.0
5.66041,0.000698774,0.150125,0.055194,0.0
5.65907,0.00067304,0.166806,0.0528091,0.0
5.65977,0.000631905,0.0834028,0.0371367,0.0
5.66089,0.000600128,0.116764,0.0439508,0.0
5.66098,0.000671155,0.183486,0.055194,0.0
5.65999,0.000648996,0.216847,0.0599638,0.0
5.65975,0.000625212,0.0834028,0.0371367,0.0
5.65978,0.000661018,0.200167,0.0623488,0.0
5.65986,0.00065153,0.200167,0.0575789,0.0
5.66008,0.000654195,0.200167,0.0575789,0.0
5.65914,0.000631645,0.116764,0.0500834,0.0
5.65963,0.000648736,0.166806,0.0528091,0.0
5.66091,0.000687466,0.30025,0.0705257,0.0
5.66111,0.000700463,0.216847,0.0599638,0.0
5.66073,0.000787867,0.216847,0.0684814,0.0
5.6614,0.000812301,0.216847,0.0599638,0.0
5.66094,0.000760509,0.166806,0.0575789,0.0
5.65984,0.00073562,0.233528,0.0664372,0.0
5.65969,0.000607601,0.100083,0.0408844,0.0
5.66009,0.000619363,0.183486,0.055194,0.0
5.65916,0.00063158,0.116764,0.0439508,0.0
5.65946,0.000618973,0.133445,0.0470171,0.0
5.66035,0.000628526,0.150125,0.0500834,0.0
5.66027,0.000667841,0.233528,0.0664372,0.0
5.65922,0.000639313,0.116764,0.0439508,0.0
5.65932,0.000641328,0.166806,0.0528091,0.0
5.66047,0.000710926,0.28357,0.0684814,0.0
5.65956,0.000682723,0.216847,0.0599638,0.0
5.65821,0.000681683,0.233528,0.0664372,0.0
5.65974,0.000665047,0.150125,0.055194,0.0
5.6601,0.000642562,0.200167,0.0623488,0.0
5.66006,0.000662513,0.233528,0.0664372,0.0
5.66049,0.00069338,0.233528,0.0623488,0.0
5.66004,0.000681943,0.216847,0.0684814,0.0
5.66005,0.000740883,0.133445,0.0470171,0.0
5.66006,0.000736724,0.216847,0.064393,0.0
5.66022,0.000718984,0.28357,0.0725699,0.0
5.65991,0.000670116,0.166806,0.0575789,0.0
5.66057,0.000665112,0.183486,0.064393,0.0
5.65943,0.000687856,0.166806,0.0575789,0.0
5.66037,0.000707936,0.200167,0.0623488,0.0
5.66081,0.00067174,0.200167,0.0623488,0.0
5.6596,0.000623132,0.133445,0.0470171,0.0
5.6594,0.000630215,0.100083,0.0408844,0.0
5.66004,0.000624042,0.166806,0.0528091,0.0
5.65992,0.000623197,0.183486,0.055194,0.0
5.65963,0.000674405,0.150125,0.0500834,0.0
5.6604,0.000658873,0.133445,0.0470171,0.0
5.65988,0.000641523,0.200167,0.0623488,0.0
5.66014,0.000680578,0.150125,0.055194,0.0
5.65899,0.000639183,0.133445,0.0470171,0.0
5.66017,0.000664592,0.200167,0.0623488,0.0
5.66059,0.000684802,0.200167,0.0575789,0.0
5.6605,0.000630215,0.200167,0.0623488,0.0
5.66004,0.000671155,0.183486,0.055194,0.0
5.66054,0.000630605,0.116764,0.0439508,0.0
5.66047,0.000622157,0.133445,0.0470171,0.0
5.6614,0.000686362,0.266889,0.0664372,0.0
5.66111,0.000642173,0.200167,0.0575789,0.0
5.66008,0.000644642,0.166806,0.0528091,0.0
5.65961,0.000633465,0.100083,0.0408844,0.0
5.66047,0.000638858,0.233528,0.0623488,0.0
5.66007,0.000630475,0.183486,0.0599638,0.0
5.65984,0.000628006,0.200167,0.0575789,0.0
5.66004,0.000623587,0.166806,0.0528091,0.0
5.65987,0.000628591,0.133445,0.0470171,0.0
5.66015,0.00063171,0.150125,0.0500834,0.0
5.66052,0.000650231,0.183486,0.0688221,0.0
5.66092,0.000688116,0.183486,0.055194,0.0
5.6597,0.000679343,0.133445,0.0470171,0.0
5.66016,0.000646851,0.166806,0.0528091,0.0
5.66065,0.000657704,0.233528,0.0705257,0.0
5.66012,0.000642432,0.0834028,0.0371367,0.0
5.65938,0.000658938,0.233528,0.0664372,0.0
5.65976,0.000678499,0.166806,0.0528091,0.0
5.66022,0.000658354,0.183486,0.055194,0.0
5.6596,0.000612345,0.166806,0.0575789,0.0
5.65939,0.000677979,0.166806,0.0528091,0.0
5.66029,0.00067473,0.166806,0.0528091,0.0
5.66058,0.000705077,0.250209,0.0684814,0.0
5.66033,0.000717294,0.166806,0.0528091,0.0
5.65934,0.000730161,0.166806,0.0575789,0.0
5.6583,0.000667971,0.150125,0.0500834,0.0
5.66018,0.00071372,0.28357,0.0763176,0.0
5.66047,0.000647696,0.116764,0.0439508,0.0
5.65967,0.00061007,0.150125,0.0500834,0.0
5.66013,0.00063288,0.200167,0.0623488,0.0
5.6599,0.000703582,0.216847,0.064393,0.0
5.65957,0.000638923,0.183486,0.0599638,0.0
5.65976,0.000618843,0.0834028,0.0371367,0.0
5.65918,0.000654195,0.216847,0.0599638,0.0
5.65994,0.000681033,0.183486,0.055194,0.0
5.65984,0.000648151,0.133445,0.0528091,0.0
5.65958,0.000662123,0.183486,0.055194,0.0
5.65912,0.000605197,0.100083,0.0408844,0.0
5.65923,0.000601817,0.0667223,0.033389,0.0
5.66055,0.000710991,0.233528,0.0664372,0.0
5.66098,0.000749136,0.200167,0.0575789,0.0
5.66024,0.000655429,0.133445,0.0528091,0.0
5.65937,0.000635024,0.116764,0.0439508,0.0
5.65946,0.000689481,0.200167,0.0575789,0.0
5.66009,0.000609421,0.0834028,0.0371367,0.0
5.65965,0.000641718,0.150125,0.055194,0.0
5.65983,0.000655884,0.0667223,0.033389,0.0
5.65982,0.000681098,0.216847,0.0725699,0.0
5.65951,0.000743678,0.200167,0.0746141,0.0
5.65921,0.000625017,0.116764,0.0439508,0.0
5.65931,0.000608966,0.133445,0.0470171,0.0
5.66064,0.000706897,0.150125,0.0500834,0.0
5.66081,0.000703193,0.233528,0.0623488,0.0
5.65988,0.000702283,0.166806,0.0528091,0.0
5.6593,0.000667191,0.0834028,0.0439508,0.0
5.65969,0.000670506,0.200167,0.0623488,0.0
5.65979,0.00073224,0.28357,0.0763176,0.0
5.66035,0.000683827,0.216847,0.0599638,0.0
5.65941,0.000611955,0.150125,0.0500834,0.0
5.66046,0.000643992,0.166806,0.0528091,0.0
5.6603,0.000640678,0.250209,0.064393,0.0
5.65976,0.000624822,0.116764,0.0439508,0.0
5.65916,0.000698254,0.166806,0.0528091,0.0
5.65884,0.000710211,0.116764,0.0439508,0.0
5.65901,0.000647826,0.150125,0.055194,0.0
5.65989,0.000669466,0.183486,0.064393,0.0
5.65958,0.000644187,0.0834028,0.0371367,0.0
5.65971,0.000625147,0.150125,0.0500834,0.0
5.65923,0.000645292,0.0667223,0.033389,0.0
5.65931,0.000682853,0.216847,0.0684814,0.0
5.65954,0.000707417,0.233528,0.0664372,0.0
5.66011,0.000650815,0.100083,0.0408844,0.0
5.65913,0.000654649,0.233528,0.0623488,0.0
5.65998,0.000683307,0.183486,0.0599638,0.0
5.66034,0.000688701,0.183486,0.055194,0.0
5.66024,0.000661213,0.166806,0.0575789,0.0
5.65978,0.000622092,0.216847,0.0599638,0.0
5.66017,0.000623457,0.133445,0.0470171,0.0
5.66029,0.000691106,0.250209,0.0763176,0.0
5.66027,0.000664787,0.0834028,0.0371367,0.0
5.65956,0.000647891,0.200167,0.0575789,0.0
5.66137,0.000750501,0.250209,0.0684814,0.0
5.66122,0.000827962,0.28357,0.0684814,0.0
5.66014,0.000664462,0.133445,0.0623488,0.0
5.65944,0.000614814,0.100083,0.0408844,0.0
5.65981,0.00063223,0.116764,0.0439508,0.0
5.66011,0.000624562,0.166806,0.0528091,0.0
5.66074,0.000638014,0.116764,0.0439508,0.0
5.66149,0.000655559,0.116764,0.0500834,0.0
5.66014,0.000636324,0.100083,0.0408844,0.0
5.6598,0.000619948,0.183486,0.0599638,0.0
5.65976,0.000662448,0.250209,0.064393,0.0
5.65969,0.000625212,0.116764,0.0439508,0.0
5.65974,0.000608446,0.100083,0.0408844,0.0
5.66038,0.000696109,0.250209,0.064393,0.0
5.66117,0.000755635,0.133445,0.0470171,0.0
5.66029,0.000657964,0.166806,0.0528091,0.0
5.65936,0.000679863,0.233528,0.0623488,0.0
5.65995,0.00071424,0.28357,0.0725699,0.0
5.65951,0.000626251,0.100083,0.0408844,0.0
5.6595,0.000660368,0.233528,0.0664372,0.0
5.65941,0.000668816,0.150125,0.0500834,0.0
5.65904,0.000623002,0.133445,0.0470171,0.0
5.65918,0.000627356,0.166806,0.0528091,0.0
5.66036,0.00065218,0.183486,0.055194,0.0
5.65993,0.000686817,0.116764,0.0439508,0.0
5.65925,0.000663097,0.200167,0.0575789,0.0
5.6588,0.000635349,0.116764,0.0439508,0.0
5.65921,0.000646072,0.233528,0.0664372,0.0
5.65972,0.000657964,0.183486,0.0599638,0.0
5.66011,0.000604352,0.166806,0.0528091,0.0
5.65989,0.000647241,0.150125,0.055194,0.0
5.66026,0.000646851,0.216847,0.0599638,0.0
5.65987,0.000656404,0.233528,0.0623488,0.0
5.66079,0.000686557,0.200167,0.0623488,0.0
5.66113,0.000729901,0.183486,0.055194,0.0
5.65885,0.000643472,0.200167,0.0575789,0.0
5.65973,0.00063275,0.133445,0.0470171,0.0
5.66006,0.00065322,0.0834028,0.0371367,0.0
5.66018,0.000687401,0.216847,0.064393,0.0
5.66096,0.000696304,0.233528,0.0664372,0.0
5.66011,0.000705467,0.200167,0.0623488,0.0
5.65954,0.000622352,0.183486,0.055194,0.0
5.65947,0.000623522,0.116764,0.0439508,0.0
5.65945,0.000698579,0.233528,0.0623488,0.0
5.65937,0.000723728,0.133445,0.0623488,0.0
5.65971,0.000636779,0.216847,0.064393,0.0
5.65891,0.000637559,0.0500417,0.0289598,0.0
5.66033,0.000681293,0.266889,0.0664372,0.0
5.66009,0.000727172,0.233528,0.0705257,0.0
5.65927,0.00069208,0.183486,0.0688221,0.0
5.65993,0.000637364,0.116764,0.055194,0.0
5.66028,0.000637429,0.133445,0.0470171,0.0
5.66041,0.00067135,0.216847,0.0599638,0.0
5.66095,0.000639443,0.0333611,0.0235086,0.0
5.65924,0.000610135,0.150125,0.0500834,0.0
5.66011,0.000627941,0.166806,0.0528091,0.0
5.66055,0.000671155,0.183486,0.0599638,0.0
5.65904,0.000643602,0.100083,0.0408844,0.0
5.66046,0.000658549,0.116764,0.0439508,0.0
5.66034,0.00063366,0.133445,0.0470171,0.0
5.65985,0.000670571,0.166806,0.0575789,0.0
5.66052,0.000739389,0.266889,0.0705257,0.0
5.66076,0.000647696,0.250209,0.064393,0.0
5.65982,0.000645552,0.133445,0.0528091,0.0
5.66005,0.000659133,0.150125,0.0500834,0.0
5.65955,0.000700203,0.166806,0.0528091,0.0
5.65954,0.000652895,0.133445,0.0470171,0.0
5.66003,0.000658549,0.100083,0.0408844,0.0
5.65997,0.000655819,0.183486,0.055194,0.0
5.65894,0.000628656,0.133445,0.0470171,0.0
5.65918,0.000646591,0.183486,0.0599638,0.0
5.65984,0.000650815,0.166806,0.0528091,0.0
5.65941,0.000613385,0.0333611,0.0235086,0.0
5.6595,0.000618778,0.100083,0.0408844,0.0
5.6598,0.000606886,0.0333611,0.0235086,0.0
5.65943,0.000624107,0.200167,0.0575789,0.0
5.66044,0.000661343,0.150125,0.055194,0.0
5.65967,0.00067265,0.166806,0.0528091,0.0
5.65908,0.000648931,0.116764,0.0439508,0.0
5.65972,0.000676159,0.133445,0.0470171,0.0
5.65981,0.000739779,0.233528,0.0664372,0.0
5.65938,0.000702348,0.116764,0.0439508,0.0
5.65884,0.000621962,0.133445,0.0470171,0.0
5.65984,0.000642562,0.216847,0.0599638,0.0
5.65979,0.00071216,0.0500417,0.0371367,0.0
5.65968,0.000703972,0.166806,0.0528091,0.0
5.66008,0.000619818,0.100083,0.0408844,0.0
5.65933,0.000603052,0.116764,0.0439508,0.0
5.65958,0.000626381,0.150125,0.0500834,0.0
5.6592,0.000640548,0.0834028,0.0371367,0.0
5.65986,0.000639248,0.150125,0.0500834,0.0
5.65935,0.000623002,0.100083,0.0470171,0.0
5.65927,0.000640418,0.133445,0.0470171,0.0
5.65959,0.000645682,0.216847,0.0599638,0.0
5.66009,0.00063041,0.150125,0.0500834,0.0
5.65988,0.000648476,0.166806,0.0528091,0.0
5.65966,0.000629176,0.166806,0.0528091,0.0
5.65925,0.0006527,0.183486,0.055194,0.0
5.65986,0.000690586,0.166806,0.0575789,0.0
5.66005,0.000634115,0.116764,0.0439508,0.0
5.6593,0.000677914,0.183486,0.055194,0.0
5.65905,0.000678629,0.183486,0.055194,0.0
5.65915,0.000668426,0.200167,0.0623488,0.0
5.65995,0.000640483,0.166806,0.0528091,0.0
5.66002,0.000640808,0.233528,0.0623488,0.0
5.66137,0.000646721,0.30025,0.0814282,0.0
5.66099,0.000677719,0.233528,0.0623488,0.0
5.66128,0.000667646,0.200167,0.0575789,0.0
5.66057,0.000632815,0.183486,0.064393,0.0
5.66027,0.000644512,0.200167,0.0575789,0.0
5.66033,0.000603572,0.116764,0.0439508,0.0
5.65955,0.000628851,0.166806,0.0575789,0.0
5.66009,0.000716384,0.183486,0.055194,0.0
5.65999,0.000670051,0.183486,0.0599638,0.0
5.66083,0.000643407,0.266889,0.0705257,0.0
5.66086,0.000678434,0.250209,0.064393,0.0
5.6603,0.000658224,0.216847,0.0599638,0.0
5.65894,0.000629826,0.150125,0.0500834,0.0
5.65951,0.00061293,0.0834028,0.0371367,0.0
5.65966,0.000642627,0.100083,0.0408844,0.0
5.65974,0.000683697,0.116764,0.0500834,0.0
5.65973,0.000761938,0.216847,0.064393,0.0
5.66003,0.000657119,0.0667223,0.033389,0.0
5.66,0.000703972,0.216847,0.064393,0.0
5.66074,0.000646981,0.166806,0.0528091,0.0
5.65935,0.000620273,0.100083,0.0408844,0.0
5.65759,0.000623457,0.133445,0.0470171,0.0
5.65991,0.000642303,0.200167,0.0575789,0.0
5.66034,0.000633985,0.200167,0.0575789,0.0
5.66006,0.000672065,0.0834028,0.0371367,0.0
5.65949,0.000648931,0.233528,0.0623488,0.0
5.66085,0.000655689,0.233528,0.0664372,0.0
5.66052,0.000635544,0.133445,0.0470171,0.0
5.66069,0.000627096,0.183486,0.055194,0.0
5.66055,0.000677589,0.250209,0.064393,0.0
5.65987,0.000751216,0.200167,0.0705257,0.0
5.66016,0.000809377,0.216847,0.0599638,0.0
5.66065,0.000706442,0.266889,0.0664372,0.0
5.65987,0.000619493,0.133445,0.0470171,0.0
5.65979,0.000639508,0.183486,0.055194,0.0
5.66018,0.0006733,0.166806,0.0528091,0.0
5.65987,0.000689351,0.183486,0.055194,0.0
5.66082,0.000722558,0.233528,0.0623488,0.0
5.6601,0.000674275,0.166806,0.0575789,0.0
5.66003,0.00063379,0.150125,0.055194,0.0
5.65988,0.000634634,0.200167,0.0575789,0.0
5.65944,0.000639833,0.133445,0.0470171,0.0
5.65896,0.000626901,0.133445,0.0470171,0.0
5.65947,0.00067122,0.183486,0.055194,0.0
5.65987,0.000665567,0.233528,0.0623488,0.0
5.65993,0.000621248,0.116764,0.0439508,0.0
5.65947,0.000616764,0.0500417,0.0289598,0.0
5.65945,0.000666801,0.250209,0.0684814,0.0
5.65983,0.000642367,0.183486,0.055194,0.0
5.66063,0.000678629,0.216847,0.0599638,0.0
5.66014,0.000635804,0.166806,0.0528091,0.0
5.65897,0.000654909,0.216847,0.0599638,0.0
5.65878,0.000643082,0.250209,0.0684814,0.0
5.65958,0.000704752,0.183486,0.0599638,0.0
5.65943,0.000673105,0.133445,0.0470171,0.0
5.65968,0.000631385,0.233528,0.0664372,0.0
5.66046,0.000685517,0.266889,0.0664372,0.0
5.65966,0.000702543,0.200167,0.0575789,0.0
5.65989,0.000739259,0.200167,0.0705257,0.0
5.6596,0.000664722,0.116764,0.0439508,0.0
5.65902,0.000672455,0.166806,0.0528091,0.0
5.65997,0.000673235,0.116764,0.0439508,0.0
5.65941,0.00065439,0.166806,0.0528091,0.0
5.65925,0.000675704,0.233528,0.0623488,0.0
5.65986,0.000642822,0.166806,0.0528091,0.0
5.65902,0.000625407,0.133445,0.0470171,0.0
5.66012,0.000629046,0.150125,0.0500834,0.0
5.66001,0.000639183,0.216847,0.064393,0.0
5.65977,0.00065387,0.216847,0.064393,0.0
5.65933,0.000667776,0.116764,0.0439508,0.0
5.66016,0.000723208,0.216847,0.0599638,0.0
5.66076,0.00069156,0.150125,0.0500834,0.0
5.66084,0.000623847,0.183486,0.0599638,0.0
5.66028,0.00069507,0.28357,0.0725699,0.0
5.65946,0.000634309,0.133445,0.0470171,0.0
5.65926,0.000679019,0.216847,0.0599638,0.0
5.66004,0.000696954,0.200167,0.0575789,0.0
5.65963,0.000677719,0.200167,0.0623488,0.0
5.65946,0.000638923,0.216847,0.064393,0.0
5.65991,0.000613839,0.166806,0.0528091,0.0
5.65973,0.000640938,0.250209,0.064393,0.0
5.66028,0.000657639,0.183486,0.0599638,0.0
5.65999,0.000625277,0.133445,0.0470171,0.0
5.6606,0.000678759,0.150125,0.0500834,0.0
5.65952,0.0,0.216847,0.0,0.0
5.65914,0.0,0.0834028,0.0,0.0
5.65906,0.0,0.150125,0.0,0.0
5.65924,0.0,0.183486,0.0,0.0
5.65916,0.0,0.133445,0.0,0.0
5.65993,0.0,0.250209,0.0,0.0
5.66003,0.0,0.133445,0.0,0.0
5.65925,0.0,0.233528,0.0,0.0
5.6592,0.0,0.200167,0.0,0.0
5.65997,0.0,0.200167,0.0,0.0
5.65969,0.0,0.166806,0.0,0.0
5.65973,0.0,0.233528,0.0,0.0
5.66027,0.0,0.166806,0.0,0.0
5.65997,0.0,0.0667223,0.0,0.0
5.66016,0.0,0.216847,0.0,0.0
5.65991,0.0,0.200167,0.0,0.0
5.66001,0.0,0.116764,0.0,0.0
5.6606,0.0,0.28357,0.0,0.0
5.66058,0.0,0.133445,0.0,0.0
5.66017,0.0,0.0333611,0.0,0.0
5.65981,0.0,0.216847,0.0,0.0
5.65906,0.0,0.0667223,0.0,0.0
5.65931,0.0,0.166806,0.0,0.0
5.65965,0.0,0.216847,0.0,0.0
5.6604,0.0,0.100083,0.0,0.0
5.65986,0.0,0.183486,0.0,0.0
5.65997,0.0,0.233528,0.0,0.0
5.65982,0.0,0.133445,0.0,0.0
5.65919,0.0,0.233528,0.0,0.0
5.6595,0.0,0.150125,0.0,0.0
5.65995,0.0,0.150125,0.0,0.0
5.65975,0.0,0.28357,0.0,0.0
5.6594,0.0,0.150125,0.0,0.0
5.65853,0.0,0.166806,0.0,0.0
5.65903,0.0,0.0834028,0.0,0.0
5.65986,0.0,0.166806,0.0,0.0
5.66008,0.0,0.233528,0.0,0.0
5.66047,0.0,0.350292,0.0,0.0
5.65974,0.0,0.183486,0.0,0.0
5.65941,0.0,0.133445,0.0,0.0
5.65941,0.0,0.133445,0.0,0.0
5.66004,0.0,0.183486,0.0,0.0
5.66139,0.0,0.133445,0.0,0.0
5.65985,0.0,0.216847,0.0,0.0
5.65925,0.0,0.183486,0.0,0.0
5.65993,0.0,0.150125,0.0,0.0
5.66033,0.0,0.100083,0.0,0.0
5.66003,0.0,0.183486,0.0,0.0
5.66067,0.0,0.200167,0.0,0.0
5.65918,0.0,0.216847,0.0,0.0
5.65978,0.0,0.133445,0.0,0.0
5.65973,0.0,0.166806,0.0,0.0
5.65964,0.0,0.166806,0.0,0.0
5.6599,0.0,0.150125,0.0,0.0
5.66042,0.0,0.250209,0.0,0.0
5.65971,0.0,0.0834028,0.0,0.0
5.65982,0.0,0.166806,0.0,0.0
5.66056,0.0,0.166806,0.0,0.0
5.66071,0.0,0.166806,0.0,0.0
5.6595,0.0,0.100083,0.0,0.0
5.65995,0.0,0.150125,0.0,0.0
5.66078,0.0,0.150125,0.0,0.0
5.65999,0.0,0.183486,0.0,0.0
5.66079,0.0,0.233528,0.0,0.0
5.6589,0.0,0.183486,0.0,0.0
5.659,0.0,0.30025,0.0,0.0
5.661,0.0,0.200167,0.0,0.0
5.65997,0.0,0.133445,0.0,0.0
5.66012,0.0,0.166806,0.0,0.0
5.66111,0.0,0.183486,0.0,0.0
5.6606,0.0,0.133445,0.0,0.0
5.66084,0.0,0.166806,0.0,0.0
5.6596,0.0,0.166806,0.0,0.0
5.65914,0.0,0.200167,0.0,0.0
5.65963,0.0,0.133445,0.0,0.0
5.6594,0.0,0.266889,0.0,0.0
5.66085,0.0,0.183486,0.0,0.0
5.65991,0.0,0.116764,0.0,0.0
5.65905,0.0,0.233528,0.0,0.0
5.65981,0.0,0.250209,0.0,0.0
5.66019,0.0,0.200167,0.0,0.0
5.6598,0.0,0.133445,0.0,0.0
5.65959,0.0,0.116764,0.0,0.0
5.66031,0.0,0.183486,0.0,0.0
5.65986,0.0,0.133445,0.0,0.0
5.65957,0.0,0.150125,0.0,0.0
5.66021,0.0,0.233528,0.0,0.0
5.65984,0.0,0.30025,0.0,0.0
5.6599,0.0,0.100083,0.0,0.0
5.65973,0.0,0.0834028,0.0,0.0
5.65989,0.0,0.166806,0.0,0.0
5.66026,0.0,0.0667223,0.0,0.0
5.65973,0.0,0.116764,0.0,0.0
5.65921,0.0,0.233528,0.0,0.0
5.66047,0.0,0.100083,0.0,0.0
5.65989,0.0,0.100083,0.0,0.0
5.65977,0.0,0.183486,0.0,0.0
5.66072,0.0,0.150125,0.0,0.0
5.65968,0.0,0.100083,0.0,0.0
5.65978,0.0,0.116764,0.0,0.0
5.66001,0.0,0.150125,0.0,0.0
5.65912,0.0,0.150125,0.0,0.0
5.65906,0.0,0.200167,0.0,0.0
5.66083,0.0,0.150125,0.0,0.0
5.66003,0.0,0.183486,0.0,0.0
5.66087,0.0,0.30025,0.0,0.0
5.65909,0.0,0.166806,0.0,0.0
5.65807,0.0,0.183486,0.0,0.0
5.66018,0.0,0.166806,0.0,0.0
5.66055,0.0,0.183486,0.0,0.0
5.66059,0.0,0.166806,0.0,0.0
5.65947,0.0,0.183486,0.0,0.0
5.6593,0.0,0.200167,0.0,0.0
5.66037,0.0,0.200167,0.0,0.0
5.66081,0.0,0.200167,0.0,0.0
5.65996,0.0,0.150125,0.0,0.0
5.6606,0.0,0.216847,0.0,0.0
5.66033,0.0,0.150125,0.0,0.0
5.65937,0.0,0.150125,0.0,0.0
5.65991,0.0,0.133445,0.0,0.0
5.65983,0.0,0.183486,0.0,0.0
5.6601,0.0,0.200167,0.0,0.0
5.6597,0.0,0.183486,0.0,0.0
5.66031,0.0,0.166806,0.0,0.0
5.66026,0.0,0.0834028,0.0,0.0
5.65945,0.0,0.183486,0.0,0.0
5.65955,0.0,0.233528,0.0,0.0
5.66054,0.0,0.166806,0.0,0.0
5.65921,0.0,0.200167,0.0,0.0
5.66049,0.0,0.133445,0.0,0.0
5.65993,0.0,0.150125,0.0,0.0
5.66,0.0,0.216847,0.0,0.0
5.65984,0.0,0.233528,0.0,0.0
5.66055,0.0,0.216847,0.0,0.0
5.66059,0.0,0.150125,0.0,0.0
5.66072,0.0,0.233528,0.0,0.0
5.66011,0.0,0.200167,0.0,0.0
5.65916,0.0,0.150125,0.0,0.0
5.65978,0.0,0.183486,0.0,0.0
5.65976,0.0,0.166806,0.0,0.0
5.65964,0.0,0.200167,0.0,0.0
5.6602,0.0,0.28357,0.0,0.0
5.66003,0.0,0.150125,0.0,0.0
5.66029,0.0,0.100083,0.0,0.0
5.6598,0.0,0.183486,0.0,0.0
5.6596,0.0,0.100083,0.0,0.0
5.66003,0.0,0.100083,0.0,0.0
5.6613,0.0,0.233528,0.0,0.0
5.66127,0.0,0.216847,0.0,0.0
5.66026,0.0,0.150125,0.0,0.0
5.66015,0.0,0.166806,0.0,0.0
5.65984,0.0,0.133445,0.0,0.0
5.65945,0.0,0.183486,0.0,0.0
5.65944,0.0,0.183486,0.0,0.0
5.65997,0.0,0.100083,0.0,0.0
5.6605,0.0,0.183486,0.0,0.0
5.66074,0.0,0.250209,0.0,0.0
5.65992,0.0,0.216847,0.0,0.0
5.66059,0.0,0.166806,0.0,0.0
5.65985,0.0,0.166806,0.0,0.0
5.6601,0.0,0.266889,0.0,0.0
5.66058,0.0,0.133445,0.0,0.0
5.66084,0.0,0.233528,0.0,0.0
5.66067,0.0,0.266889,0.0,0.0
5.66033,0.0,0.216847,0.0,0.0
5.65974,0.0,0.216847,0.0,0.0
5.66001,0.0,0.150125,0.0,0.0
5.66042,0.0,0.200167,0.0,0.0
5.65915,0.0,0.166806,0.0,0.0
5.66043,0.0,0.250209,0.0,0.0
5.6605,0.0,0.216847,0.0,0.0
5.65968,0.0,0.183486,0.0,0.0
5.65945,0.0,0.116764,0.0,0.0
5.66009,0.0,0.183486,0.0,0.0
5.66034,0.0,0.266889,0.0,0.0
5.66009,0.0,0.200167,0.0,0.0
5.66032,0.0,0.183486,0.0,0.0
5.66018,0.0,0.183486,0.0,0.0
5.66016,0.0,0.233528,0.0,0.0
5.66049,0.0,0.200167,0.0,0.0
5.66028,0.0,0.183486,0.0,0.0
5.65993,0.0,0.200167,0.0,0.0
5.65947,0.0,0.150125,0.0,0.0
5.65939,0.0,0.116764,0.0,0.0
5.66018,0.0,0.216847,0.0,0.0
5.65937,0.0,0.116764,0.0,0.0
5.65897,0.0,0.166806,0.0,0.0
5.66009,0.0,0.200167,0.0,0.0
5.65968,0.0,0.183486,0.0,0.0
5.66001,0.0,0.166806,0.0,0.0
5.65916,0.0,0.183486,0.0,0.0
5.65995,0.0,0.133445,0.0,0.0
5.66009,0.0,0.150125,0.0,0.0
5.6606,0.0,0.233528,0.0,0.0
5.66023,0.0,0.333611,0.0,0.0
5.65973,0.0,0.250209,0.0,0.0
5.66015,0.0,0.166806,0.0,0.0
5.65988,0.0,0.166806,0.0,0.0
5.65924,0.0,0.150125,0.0,0.0
5.66019,0.0,0.166806,0.0,0.0
5.6596,0.0,0.183486,0.0,0.0
5.65981,0.0,0.200167,0.0,0.0
5.65967,0.0,0.150125,0.0,0.0
5.66038,0.0,0.116764,0.0,0.0
5.66015,0.0,0.183486,0.0,0.0
5.65976,0.0,0.200167,0.0,0.0
5.6597,0.0,0.100083,0.0,0.0
5.6598,0.0,0.216847,0.0,0.0
5.6602,0.0,0.216847,0.0,0.0
5.66096,0.0,0.150125,0.0,0.0
5.65981,0.0,0.116764,0.0,0.0
5.65852,0.0,0.166806,0.0,0.0
5.65893,0.0,0.133445,0.0,0.0
5.6599,0.0,0.183486,0.0,0.0
5.66123,0.0,0.166806,0.0,0.0
5.6605,0.0,0.28357,0.0,0.0
5.6606,0.0,0.166806,0.0,0.0
5.66068,0.0,0.183486,0.0,0.0
5.66009,0.0,0.150125,0.0,0.0
5.6608,0.0,0.250209,0.0,0.0
5.66062,0.0,0.30025,0.0,0.0
5.65937,0.0,0.233528,0.0,0.0
5.65906,0.0,0.216847,0.0,0.0
5.65897,0.0,0.216847,0.0,0.0
5.65942,0.0,0.133445,0.0,0.0
5.65973,0.0,0.150125,0.0,0.0
5.65941,0.0,0.133445,0.0,0.0
5.65907,0.0,0.30025,0.0,0.0
5.65893,0.0,0.133445,0.0,0.0
5.65994,0.0,0.266889,0.0,0.0
5.66027,0.0,0.166806,0.0,0.0
5.65994,0.0,0.216847,0.0,0.0
5.66008,0.0,0.183486,0.0,0.0
5.66002,0.0,0.100083,0.0,0.0
5.66071,0.0,0.250209,0.0,0.0
5.66049,0.0,0.233528,0.0,0.0
5.65996,0.0,0.133445,0.0,0.0
5.65941,0.0,0.150125,0.0,0.0
5.65991,0.0,0.166806,0.0,0.0
5.66058,0.0,0.116764,0.0,0.0
5.65925,0.0,0.183486,0.0,0.0
5.65874,0.0,0.100083,0.0,0.0
5.65907,0.0,0.133445,0.0,0.0
5.65975,0.0,0.233528,0.0,0.0
5.66001,0.0,0.183486,0.0,0.0
5.65859,0.0,0.216847,0.0,0.0
5.65955,0.0,0.150125,0.0,0.0
5.6602,0.0,0.166806,0.0,0.0
5.66025,0.0,0.216847,0.0,0.0
5.65985,0.0,0.133445,0.0,0.0
5.65943,0.0,0.216847,0.0,0.0
5.65946,0.0,0.133445,0.0,0.0
5.65934,0.0,0.233528,0.0,0.0
5.65992,0.0,0.133445,0.0,0.0
5.66062,0.0,0.0667223,0.0,0.0
5.6601,0.0,0.0834028,0.0,0.0
5.65962,0.0,0.183486,0.0,0.0
5.6597,0.0,0.150125,0.0,0.0
5.6603,0.0,0.183486,0.0,0.0
5.65943,0.0,0.166806,0.0,0.0
5.6605,0.0,0.200167,0.0,0.0
5.66039,0.0,0.133445,0.0,0.0
5.65974,0.0,0.116764,0.0,0.0
5.65944,0.0,0.133445,0.0,0.0
5.66007,0.0,0.166806,0.0,0.0
5.65964,0.0,0.183486,0.0,0.0
5.66029,0.0,0.183486,0.0,0.0
5.65977,0.0,0.116764,0.0,0.0
5.65921,0.0,0.133445,0.0,0.0
5.6596,0.0,0.0834028,0.0,0.0
5.6604,0.0,0.216847,0.0,0.0
5.6591,0.0,0.150125,0.0,0.0
5.65885,0.0,0.183486,0.0,0.0
5.65986,0.0,0.100083,0.0,0.0
5.65976,0.0,0.183486,0.0,0.0
5.6598,0.0,0.133445,0.0,0.0
5.65943,0.0,0.100083,0.0,0.0
5.65914,0.0,0.183486,0.0,0.0
5.66022,0.0,0.166806,0.0,0.0
5.66036,0.0,0.250209,0.0,0.0
5.6607,0.0,0.183486,0.0,0.0
5.66037,0.0,0.233528,0.0,0.0
5.66004,0.0,0.166806,0.0,0.0
5.65909,0.0,0.150125,0.0,0.0
5.65888,0.0,0.200167,0.0,0.0
5.6601,0.0,0.166806,0.0,0.0
5.66064,0.0,0.200167,0.0,0.0
5.65935,0.0,0.183486,0.0,0.0
5.65967,0.0,0.100083,0.0,0.0
5.65963,0.0,0.166806,0.0,0.0
5.66024,0.0,0.200167,0.0,0.0
5.65949,0.0,0.200167,0.0,0.0
5.65963,0.0,0.100083,0.0,0.0
5.6602,0.0,0.183486,0.0,0.0
5.66055,0.0,0.116764,0.0,0.0
5.66023,0.0,0.100083,0.0,0.0
5.66011,0.0,0.233528,0.0,0.0
5.65986,0.0,0.30025,0.0,0.0
5.66054,0.0,0.116764,0.0,0.0
5.65977,0.0,0.216847,0.0,0.0
5.65922,0.0,0.150125,0.0,0.0
5.65981,0.0,0.100083,0.0,0.0
5.65935,0.0,0.200167,0.0,0.0
5.65903,0.0,0.116764,0.0,0.0
5.65961,0.0,0.150125,0.0,0.0
5.66074,0.0,0.28357,0.0,0.0
5.66015,0.0,0.150125,0.0,0.0
5.65832,0.0,0.133445,0.0,0.0
5.65912,0.0,0.116764,0.0,0.0
5.65926,0.0,0.183486,0.0,0.0
5.65892,0.0,0.183486,0.0,0.0
5.65897,0.0,0.183486,0.0,0.0
5.65934,0.0,0.166806,0.0,0.0
5.65949,0.0,0.166806,0.0,0.0
5.65937,0.0,0.216847,0.0,0.0
5.65986,0.0,0.133445,0.0,0.0
5.65963,0.0,0.183486,0.0,0.0
5.66037,0.0,0.116764,0.0,0.0
5.66089,0.0,0.183486,0.0,0.0
5.66041,0.0,0.183486,0.0,0.0
5.6607,0.0,0.183486,0.0,0.0
5.66074,0.0,0.216847,0.0,0.0
5.66101,0.0,0.28357,0.0,0.0
5.66072,0.0,0.250209,0.0,0.0
5.66031,0.0,0.183486,0.0,0.0
5.66,0.0,0.133445,0.0,0.0
5.65964,0.0,0.0667223,0.0,0.0
5.65934,0.0,0.150125,0.0,0.0
5.66006,0.0,0.166806,0.0,0.0
5.66062,0.0,0.183486,0.0,0.0
5.66015,0.0,0.233528,0.0,0.0
5.65927,0.0,0.183486,0.0,0.0
5.65918,0.0,0.200167,0.0,0.0
5.65924,0.0,0.100083,0.0,0.0
5.65955,0.0,0.183486,0.0,0.0
5.66019,0.0,0.250209,0.0,0.0
5.65963,0.0,0.183486,0.0,0.0
5.65909,0.0,0.266889,0.0,0.0
5.65969,0.0,0.116764,0.0,0.0
5.66035,0.0,0.116764,0.0,0.0
5.66055,0.0,0.250209,0.0,0.0
5.66027,0.0,0.150125,0.0,0.0
5.6592,0.0,0.166806,0.0,0.0
5.65964,0.0,0.150125,0.0,0.0
5.65982,0.0,0.200167,0.0,0.0
5.66069,0.0,0.133445,0.0,0.0
5.66015,0.0,0.216847,0.0,0.0
5.65896,0.0,0.100083,0.0,0.0
5.65928,0.0,0.133445,0.0,0.0
5.65958,0.0,0.0834028,0.0,0.0
5.65908,0.0,0.133445,0.0,0.0
5.66038,0.0,0.166806,0.0,0.0
5.65928,0.0,0.150125,0.0,0.0
5.65882,0.0,0.116764,0.0,0.0
5.6592,0.0,0.0667223,0.0,0.0
5.65986,0.0,0.150125,0.0,0.0
5.66042,0.0,0.200167,0.0,0.0
5.66034,0.0,0.183486,0.0,0.0
5.66017,0.0,0.266889,0.0,0.0
5.65984,0.0,0.166806,0.0,0.0
5.66064,0.0,0.166806,0.0,0.0
5.66014,0.0,0.250209,0.0,0.0
5.65887,0.0,0.133445,0.0,0.0
5.65973,0.0,0.116764,0.0,0.0
5.6612,0.0,0.266889,0.0,0.0
5.66063,0.0,0.28357,0.0,0.0
5.65978,0.0,0.183486,0.0,0.0
5.65951,0.0,0.150125,0.0,0.0
5.65992,0.0,0.133445,0.0,0.0
5.66006,0.0,0.233528,0.0,0.0
5.66054,0.0,0.216847,0.0,0.0
5.66073,0.0,0.166806,0.0,0.0
5.65968,0.0,0.183486,0.0,0.0
5.65983,0.0,0.116764,0.0,0.0
5.66049,0.0,0.100083,0.0,0.0
5.65978,0.0,0.150125,0.0,0.0
5.65911,0.0,0.133445,0.0,0.0
5.65954,0.0,0.0834028,0.0,0.0
5.66003,0.0,0.150125,0.0,0.0
5.65916,0.0,0.116764,0.0,0.0
5.65954,0.0,0.133445,0.0,0.0
5.66025,0.0,0.233528,0.0,0.0
5.6596,0.0,0.183486,0.0,0.0
5.65924,0.0,0.150125,0.0,0.0
5.66001,0.0,0.266889,0.0,0.0
5.6601,0.0,0.150125,0.0,0.0
5.65945,0.0,0.116764,0.0,0.0
5.66,0.0,0.100083,0.0,0.0
5.65961,0.0,0.150125,0.0,0.0
5.6598,0.0,0.200167,0.0,0.0
5.65979,0.0,0.166806,0.0,0.0
5.66026,0.0,0.233528,0.0,0.0
5.66025,0.0,0.166806,0.0,0.0
5.65993,0.0,0.0834028,0.0,0.0
5.65975,0.0,0.133445,0.0,0.0
5.65983,0.0,0.0667223,0.0,0.0
5.65964,0.0,0.183486,0.0,0.0
5.66002,0.0,0.166806,0.0,0.0
5.66031,0.0,0.200167,0.0,0.0
5.66016,0.0,0.150125,0.0,0.0
5.65883,0.0,0.100083,0.0,0.0
5.65957,0.0,0.233528,0.0,0.0
5.66036,0.0,0.166806,0.0,0.0
5.65918,0.0,0.0834028,0.0,0.0
5.65918,0.0,0.0834028,0.0,0.0
5.66006,0.0,0.166806,0.0,0.0
5.65974,0.0,0.0667223,0.0,0.0
5.65941,0.0,0.166806,0.0,0.0
5.65995,0.0,0.150125,0.0,0.0
5.66004,0.0,0.250209,0.0,0.0
5.66025,0.0,0.266889,0.0,0.0
5.65998,0.0,0.150125,0.0,0.0
5.65923,0.0,0.166806,0.0,0.0
5.65974,0.0,0.116764,0.0,0.0
5.66002,0.0,0.183486,0.0,0.0
5.6603,0.0,0.133445,0.0,0.0
5.66004,0.0,0.233528,0.0,0.0
5.66024,0.0,0.166806,0.0,0.0
5.65927,0.0,0.150125,0.0,0.0
5.6595,0.0,0.166806,0.0,0.0
5.65918,0.0,0.150125,0.0,0.0
5.66015,0.0,0.116764,0.0,0.0
5.6601,0.0,0.150125,0.0,0.0
5.66049,0.0,0.150125,0.0,0.0
5.65981,0.0,0.133445,0.0,0.0
5.66009,0.0,0.166806,0.0,0.0
5.66003,0.0,0.183486,0.0,0.0
5.66045,0.0,0.216847,0.0,0.0
5.65834,0.0,0.200167,0.0,0.0
5.65907,0.0,0.133445,0.0,0.0
5.65948,0.0,0.183486,0.0,0.0
5.65853,0.0,0.200167,0.0,0.0
5.65967,0.0,0.133445,0.0,0.0
5.66104,0.0,0.166806,0.0,0.0
5.65957,0.0,0.216847,0.0,0.0
5.66022,0.0,0.166806,0.0,0.0
5.65976,0.0,0.183486,0.0,0.0
5.65961,0.0,0.233528,0.0,0.0
5.65982,0.0,0.166806,0.0,0.0
5.6603,0.0,0.183486,0.0,0.0
5.66,0.0,0.233528,0.0,0.0
5.66067,0.0,0.28357,0.0,0.0
5.66047,0.0,0.100083,0.0,0.0
5.65953,0.0,0.116764,0.0,0.0
5.66008,0.0,0.116764,0.0,0.0
5.66062,0.0,0.100083,0.0,0.0
5.65882,0.0,0.133445,0.0,0.0
5.65895,0.0,0.150125,0.0,0.0
5.65975,0.0,0.116764,0.0,0.0
5.65946,0.0,0.200167,0.0,0.0
5.65933,0.0,0.200167,0.0,0.0
5.65979,0.0,0.166806,0.0,0.0
5.65979,0.0,0.0834028,0.0,0.0
5.65927,0.0,0.200167,0.0,0.0
5.66015,0.0,0.166806,0.0,0.0
5.66044,0.0,0.216847,0.0,0.0
5.6604,0.0,0.200167,0.0,0.0
5.66006,0.0,0.250209,0.0,0.0
5.66046,0.0,0.150125,0.0,0.0
5.65997,0.0,0.166806,0.0,0.0
5.66074,0.0,0.133445,0.0,0.0
5.66039,0.0,0.183486,0.0,0.0
5.66004,0.0,0.183486,0.0,0.0
5.65972,0.0,0.183486,0.0,0.0
5.66015,0.0,0.0834028,0.0,0.0
5.66032,0.0,0.133445,0.0,0.0
5.66063,0.0,0.233528,0.0,0.0
5.66136,0.0,0.200167,0.0,0.0
5.65966,0.0,0.166806,0.0,0.0
5.66028,0.0,0.200167,0.0,0.0
5.66104,0.0,0.183486,0.0,0.0
5.66093,0.0,0.233528,0.0,0.0
5.66079,0.0,0.200167,0.0,0.0
5.65959,0.0,0.150125,0.0,0.0
5.65905,0.0,0.183486,0.0,0.0
5.65936,0.0,0.100083,0.0,0.0
5.65942,0.0,0.166806,0.0,0.0
5.6593,0.0,0.166806,0.0,0.0
5.65961,0.0,0.183486,0.0,0.0
5.65996,0.0,0.200167,0.0,0.0
5.65975,0.0,0.233528,0.0,0.0
5.65901,0.0,0.133445,0.0,0.0
5.6597,0.0,0.150125,0.0,0.0
5.65942,0.0,0.150125,0.0,0.0
5.6596,0.0,0.183486,0.0,0.0
5.66044,0.0,0.200167,0.0,0.0
5.66017,0.0,0.150125,0.0,0.0
5.66038,0.0,0.166806,0.0,0.0
5.66003,0.0,0.133445,0.0,0.0
5.65919,0.0,0.200167,0.0,0.0
5.65992,0.0,0.233528,0.0,0.0
5.65976,0.0,0.133445,0.0,0.0
5.65927,0.0,0.150125,0.0,0.0
5.65951,0.0,0.133445,0.0,0.0
5.65946,0.0,0.266889,0.0,0.0
5.66054,0.0,0.133445,0.0,0.0
5.66012,0.0,0.133445,0.0,0.0
5.65928,0.0,0.150125,0.0,0.0
5.6588,0.0,0.0667223,0.0,0.0
5.6594,0.0,0.166806,0.0,0.0
5.6595,0.0,0.166806,0.0,0.0
5.65966,0.0,0.200167,0.0,0.0
5.65997,0.0,0.200167,0.0,0.0
5.65972,0.0,0.166806,0.0,0.0
5.6599,0.0,0.183486,0.0,0.0
5.65915,0.0,0.116764,0.0,0.0
5.65898,0.0,0.166806,0.0,0.0
5.65929,0.0,0.0834028,0.0,0.0
5.659,0.0,0.166806,0.0,0.0
5.65911,0.0,0.150125,0.0,0.0
5.6609,0.0,0.150125,0.0,0.0
5.66023,0.0,0.133445,0.0,0.0
5.65918,0.0,0.150125,0.0,0.0
5.65988,0.0,0.166806,0.0,0.0
5.66022,0.0,0.116764,0.0,0.0
5.65994,0.0,0.100083,0.0,0.0
5.6598,0.0,0.116764,0.0,0.0
5.65871,0.0,0.116764,0.0,0.0
5.65929,0.0,0.150125,0.0,0.0
5.66041,0.0,0.133445,0.0,0.0
5.6592,0.0,0.200167,0.0,0.0
5.66018,0.0,0.333611,0.0,0.0
5.65951,0.0,0.0834028,0.0,0.0
5.65831,0.0,0.0667223,0.0,0.0
5.65875,0.0,0.166806,0.0,0.0
5.65983,0.0,0.166806,0.0,0.0
5.65972,0.0,0.133445,0.0,0.0
5.65994,0.0,0.216847,0.0,0.0
5.65935,0.0,0.166806,0.0,0.0
5.65926,0.0,0.133445,0.0,0.0
5.65909,0.0,0.216847,0.0,0.0
5.65947,0.0,0.166806,0.0,0.0
5.66075,0.0,0.216847,0.0,0.0
5.65996,0.0,0.216847,0.0,0.0
5.65976,0.0,0.200167,0.0,0.0
5.65928,0.0,0.133445,0.0,0.0
5.66004,0.0,0.200167,0.0,0.0
5.66047,0.0,0.166806,0.0,0.0
5.66027,0.0,0.183486,0.0,0.0
5.65934,0.0,0.133445,0.0,0.0
5.66014,0.0,0.150125,0.0,0.0
5.65987,0.0,0.183486,0.0,0.0
5.65896,0.0,0.183486,0.0,0.0
5.65995,0.0,0.200167,0.0,0.0
5.66049,0.0,0.150125,0.0,0.0
5.65943,0.0,0.166806,0.0,0.0
5.65878,0.0,0.133445,0.0,0.0
5.65988,0.0,0.100083,0.0,0.0
5.65989,0.0,0.150125,0.0,0.0
5.65948,0.0,0.183486,0.0,0.0
5.65987,0.0,0.250209,0.0,0.0
5.66008,0.0,0.133445,0.0,0.0
5.6598,0.0,0.216847,0.0,0.0
5.65963,0.0,0.116764,0.0,0.0
5.65999,0.0,0.166806,0.0,0.0
5.65966,0.0,0.133445,0.0,0.0
5.6598,0.0,0.183486,0.0,0.0
5.65911,0.0,0.100083,0.0,0.0
5.65982,0.0,0.150125,0.0,0.0
5.65975,0.0,0.116764,0.0,0.0
5.65989,0.0,0.183486,0.0,0.0
5.65968,0.0,0.183486,0.0,0.0
5.66048,0.0,0.150125,0.0,0.0
5.66048,0.0,0.183486,0.0,0.0
5.66023,0.0,0.200167,0.0,0.0
5.65942,0.0,0.216847,0.0,0.0
5.65932,0.0,0.233528,0.0,0.0
5.65934,0.0,0.166806,0.0,0.0
5.65862,0.0,0.150125,0.0,0.0
5.65873,0.0,0.166806,0.0,0.0
5.66002,0.0,0.183486,0.0,0.0
5.66007,0.0,0.166806,0.0,0.0
5.65967,0.0,0.166806,0.0,0.0
5.65992,0.0,0.166806,0.0,0.0
5.65951,0.0,0.133445,0.0,0.0
5.65999,0.0,0.150125,0.0,0.0
5.65914,0.0,0.150125,0.0,0.0
5.65924,0.0,0.150125,0.0,0.0
5.66021,0.0,0.166806,0.0,0.0
5.66003,0.0,0.233528,0.0,0.0
5.66031,0.0,0.150125,0.0,0.0
5.65938,0.0,0.200167,0.0,0.0
5.65924,0.0,0.0834028,0.0,0.0
5.6593,0.0,0.116764,0.0,0.0
5.65834,0.0,0.150125,0.0,0.0
5.65956,0.0,0.166806,0.0,0.0
5.66081,0.0,0.316931,0.0,0.0
5.66023,0.0,0.266889,0.0,0.0
5.66041,0.0,0.166806,0.0,0.0
5.65994,0.0,0.150125,0.0,0.0
5.66023,0.0,0.183486,0.0,0.0
5.6605,0.0,0.266889,0.0,0.0
5.66034,0.0,0.183486,0.0,0.0
5.66002,0.0,0.216847,0.0,0.0
5.65981,0.0,0.133445,0.0,0.0
5.65981,0.0,0.233528,0.0,0.0
5.65985,0.0,0.28357,0.0,0.0
5.65985,0.0,0.266889,0.0,0.0
5.65988,0.0,0.116764,0.0,0.0
5.66044,0.0,0.183486,0.0,0.0
5.6607,0.0,0.216847,0.0,0.0
5.65945,0.0,0.200167,0.0,0.0
5.65953,0.0,0.133445,0.0,0.0
5.65976,0.0,0.0834028,0.0,0.0
5.66008,0.0,0.150125,0.0,0.0
5.6602,0.0,0.133445,0.0,0.0
5.65967,0.0,0.150125,0.0,0.0
5.66081,0.0,0.250209,0.0,0.0
5.66093,0.0,0.100083,0.0,0.0
5.66005,0.0,0.150125,0.0,0.0
5.6606,0.0,0.266889,0.0,0.0
5.66006,0.0,0.116764,0.0,0.0
5.66027,0.0,0.233528,0.0,0.0
5.66056,0.0,0.250209,0.0,0.0
5.66004,0.0,0.166806,0.0,0.0
5.65951,0.0,0.133445,0.0,0.0
5.65925,0.0,0.183486,0.0,0.0
5.65995,0.0,0.166806,0.0,0.0
5.65944,0.0,0.216847,0.0,0.0
5.65941,0.0,0.133445,0.0,0.0
5.65914,0.0,0.166806,0.0,0.0
5.65927,0.0,0.116764,0.0,0.0
5.65937,0.0,0.116764,0.0,0.0
5.66078,0.0,0.216847,0.0,0.0
5.65949,0.0,0.116764,0.0,0.0
5.65942,0.0,0.150125,0.0,0.0
5.65967,0.0,0.116764,0.0,0.0
5.65898,0.0,0.116764,0.0,0.0
5.65906,0.0,0.216847,0.0,0.0
5.66017,0.0,0.166806,0.0,0.0
5.65932,0.0,0.150125,0.0,0.0
5.65907,0.0,0.183486,0.0,0.0
5.65998,0.0,0.166806,0.0,0.0
5.66084,0.0,0.166806,0.0,0.0
5.66079,0.0,0.233528,0.0,0.0
5.65866,0.0,0.133445,0.0,0.0
5.66002,0.0,0.133445,0.0,0.0
5.66104,0.0,0.350292,0.0,0.0
5.66014,0.0,0.133445,0.0,0.0
5.65908,0.0,0.200167,0.0,0.0
5.66076,0.0,0.28357,0.0,0.0
5.65999,0.0,0.150125,0.0,0.0
5.65883,0.0,0.216847,0.0,0.0
5.65999,0.0,0.183486,0.0,0.0
5.6605,0.0,0.116764,0.0,0.0
5.65859,0.0,0.150125,0.0,0.0
5.65921,0.0,0.200167,0.0,0.0
5.66028,0.0,0.166806,0.0,0.0
5.65938,0.0,0.183486,0.0,0.0
5.65934,0.0,0.0834028,0.0,0.0
5.65981,0.0,0.166806,0.0,0.0
5.66005,0.0,0.133445,0.0,0.0
5.65969,0.0,0.233528,0.0,0.0
5.6592,0.0,0.116764,0.0,0.0
5.66016,0.0,0.183486,0.0,0.0
5.66019,0.0,0.166806,0.0,0.0
5.65925,0.0,0.200167,0.0,0.0
5.65968,0.0,0.183486,0.0,0.0
5.66026,0.0,0.133445,0.0,0.0
5.66028,0.0,0.166806,0.0,0.0
5.65925,0.0,0.0834028,0.0,0.0
5.65921,0.0,0.150125,0.0,0.0
5.66034,0.0,0.233528,0.0,0.0
5.66099,0.0,0.183486,0.0,0.0
5.65976,0.0,0.166806,0.0,0.0
5.66086,0.0,0.200167,0.0,0.0
5.65931,0.0,0.133445,0.0,0.0
5.65979,0.0,0.216847,0.0,0.0
5.65953,0.0,0.133445,0.0,0.0
5.65964,0.0,0.166806,0.0,0.0
5.66015,0.0,0.133445,0.0,0.0
5.65993,0.0,0.0834028,0.0,0.0
5.65892,0.0,0.166806,0.0,0.0
5.65923,0.0,0.0667223,0.0,0.0
5.65921,0.0,0.166806,0.0,0.0
5.65942,0.0,0.250209,0.0,0.0
5.6595,0.0,0.216847,0.0,0.0
5.65969,0.0,0.150125,0.0,0.0
5.65992,0.0,0.216847,0.0,0.0
5.65947,0.0,0.150125,0.0,0.0
5.65939,0.0,0.133445,0.0,0.0
5.66074,0.0,0.150125,0.0,0.0
5.66037,0.0,0.150125,0.0,0.0
5.66022,0.0,0.200167,0.0,0.0
5.65975,0.0,0.150125,0.0,0.0
5.65956,0.0,0.166806,0.0,0.0
5.66101,0.0,0.100083,0.0,0.0
5.65986,0.0,0.250209,0.0,0.0
5.65837,0.0,0.150125,0.0,0.0
5.65894,0.0,0.0834028,0.0,0.0
5.65937,0.0,0.166806,0.0,0.0
5.66028,0.0,0.216847,0.0,0.0
5.66036,0.0,0.166806,0.0,0.0
5.65989,0.0,0.116764,0.0,0.0
5.65951,0.0,0.233528,0.0,0.0
5.65939,0.0,0.0834028,0.0,0.0
5.65872,0.0,0.183486,0.0,0.0
5.65979,0.0,0.116764,0.0,0.0
5.66076,0.0,0.150125,0.0,0.0
5.66042,0.0,0.166806,0.0,0.0
5.66007,0.0,0.166806,0.0,0.0
5.65992,0.0,0.166806,0.0,0.0
5.65982,0.0,0.150125,0.0,0.0
5.65939,0.0,0.0834028,0.0,0.0
5.65976,0.0,0.200167,0.0,0.0
5.65981,0.0,0.100083,0.0,0.0
5.66003,0.0,0.183486,0.0,0.0
5.66014,0.0,0.166806,0.0,0.0
5.65963,0.0,0.166806,0.0,0.0
5.65941,0.0,0.166806,0.0,0.0
5.6604,0.0,0.150125,0.0,0.0
5.66005,0.0,0.183486,0.0,0.0
5.65932,0.0,0.200167,0.0,0.0
5.65931,0.0,0.183486,0.0,0.0
5.65841,0.0,0.150125,0.0,0.0
5.65904,0.0,0.183486,0.0,0.0
5.66036,0.0,0.116764,0.0,0.0
5.66169,0.0,0.250209,0.0,0.0
5.66089,0.0,0.166806,0.0,0.0
5.65938,0.0,0.183486,0.0,0.0
5.66039,0.0,0.28357,0.0,0.0
5.66028,0.0,0.28357,0.0,0.0
5.66106,0.0,0.250209,0.0,0.0
5.66023,0.0,0.200167,0.0,0.0
5.65998,0.0,0.200167,0.0,0.0
5.66052,0.0,0.133445,0.0,0.0
5.6592,0.0,0.216847,0.0,0.0
5.66074,0.0,0.200167,0.0,0.0
5.66149,0.0,0.200167,0.0,0.0
5.65966,0.0,0.183486,0.0,0.0
5.65959,0.0,0.0667223,0.0,0.0
5.65941,0.0,0.116764,0.0,0.0
5.65993,0.0,0.233528,0.0,0.0
5.6599,0.0,0.316931,0.0,0.0
5.66015,0.0,0.166806,0.0,0.0
5.66014,0.0,0.0667223,0.0,0.0
5.65951,0.0,0.133445,0.0,0.0
5.65888,0.0,0.0667223,0.0,0.0
5.6597,0.0,0.0834028,0.0,0.0
5.66029,0.0,0.30025,0.0,0.0
5.66009,0.0,0.183486,0.0,0.0
5.65918,0.0,0.166806,0.0,0.0
5.65956,0.0,0.166806,0.0,0.0
5.65978,0.0,0.200167,0.0,0.0
5.65949,0.0,0.166806,0.0,0.0
5.65936,0.0,0.216847,0.0,0.0
5.65921,0.0,0.250209,0.0,0.0
5.65955,0.0,0.216847,0.0,0.0
5.65939,0.0,0.150125,0.0,0.0
5.65906,0.0,0.266889,0.0,0.0
5.6609,0.0,0.183486,0.0,0.0
5.66084,0.0,0.216847,0.0,0.0
5.65963,0.0,0.0834028,0.0,0.0
5.65903,0.0,0.150125,0.0,0.0
5.65981,0.0,0.166806,0.0,0.0
5.65959,0.0,0.183486,0.0,0.0
5.65843,0.0,0.100083,0.0,0.0
5.65908,0.0,0.166806,0.0,0.0
5.6587,0.0,0.166806,0.0,0.0
5.65968,0.0,0.166806,0.0,0.0
5.66021,0.0,0.183486,0.0,0.0
5.66031,0.0,0.100083,0.0,0.0
5.65996,0.0,0.216847,0.0,0.0
5.66051,0.0,0.183486,0.0,0.0
5.6605,0.0,0.133445,0.0,0.0
5.66013,0.0,0.116764,0.0,0.0
5.65984,0.0,0.266889,0.0,0.0
5.66055,0.0,0.216847,0.0,0.0
5.65953,0.0,0.133445,0.0,0.0
5.65972,0.0,0.216847,0.0,0.0
5.65931,0.0,0.166806,0.0,0.0
5.65894,0.0,0.116764,0.0,0.0
5.65919,0.0,0.166806,0.0,0.0
5.65926,0.0,0.116764,0.0,0.0
5.65902,0.0,0.0500417,0.0,0.0
5.65945,0.0,0.150125,0.0,0.0
5.65939,0.0,0.166806,0.0,0.0
5.65895,0.0,0.133445,0.0,0.0
5.65961,0.0,0.150125,0.0,0.0
5.65897,0.0,0.216847,0.0,0.0
5.65946,0.0,0.250209,0.0,0.0
5.66043,0.0,0.133445,0.0,0.0
5.66029,0.0,0.100083,0.0,0.0
5.65978,0.0,0.116764,0.0,0.0
5.659,0.0,0.100083,0.0,0.0
5.65935,0.0,0.150125,0.0,0.0
5.6597,0.0,0.200167,0.0,0.0
5.65981,0.0,0.116764,0.0,0.0
5.65966,0.0,0.116764,0.0,0.0
5.65944,0.0,0.133445,0.0,0.0
5.66046,0.0,0.183486,0.0,0.0
5.66116,0.0,0.216847,0.0,0.0
5.65981,0.0,0.100083,0.0,0.0
5.66018,0.0,0.166806,0.0,0.0
5.66088,0.0,0.28357,0.0,0.0
5.65982,0.0,0.216847,0.0,0.0
5.65983,0.0,0.183486,0.0,0.0
5.65981,0.0,0.0834028,0.0,0.0
5.66004,0.0,0.150125,0.0,0.0
5.66002,0.0,0.116764,0.0,0.0
5.65856,0.0,0.133445,0.0,0.0
5.65898,0.0,0.150125,0.0,0.0
5.65972,0.0,0.116764,0.0,0.0
5.65964,0.0,0.116764,0.0,0.0
5.65878,0.0,0.100083,0.0,0.0
5.66064,0.0,0.166806,0.0,0.0
5.66097,0.0,0.183486,0.0,0.0
5.66014,0.0,0.200167,0.0,0.0
5.66047,0.0,0.183486,0.0,0.0
5.65985,0.0,0.166806,0.0,0.0
5.65912,0.0,0.166806,0.0,0.0
5.65939,0.0,0.133445,0.0,0.0
5.65897,0.0,0.266889,0.0,0.0
5.66046,0.0,0.30025,0.0,0.0
5.6607,0.0,0.166806,0.0,0.0
5.66013,0.0,0.250209,0.0,0.0
5.65923,0.0,0.100083,0.0,0.0
5.66002,0.0,0.166806,0.0,0.0
5.66016,0.0,0.200167,0.0,0.0
5.6589,0.0,0.133445,0.0,0.0
5.6599,0.0,0.116764,0.0,0.0
5.65972,0.0,0.133445,0.0,0.0
5.65894,0.0,0.150125,0.0,0.0
5.65918,0.0,0.150125,0.0,0.0
5.65962,0.0,0.166806,0.0,0.0
5.65941,0.0,0.133445,0.0,0.0
5.65941,0.0,0.233528,0.0,0.0
5.65904,0.0,0.200167,0.0,0.0
5.66049,0.0,0.166806,0.0,0.0
5.6593,0.0,0.150125,0.0,0.0
5.65927,0.0,0.100083,0.0,0.0
5.65949,0.0,0.116764,0.0,0.0
5.65926,0.0,0.28357,0.0,0.0
5.65968,0.0,0.150125,0.0,0.0
5.65968,0.0,0.0834028,0.0,0.0
5.65917,0.0,0.183486,0.0,0.0
5.65963,0.0,0.150125,0.0,0.0
5.6601,0.0,0.133445,0.0,0.0
5.65947,0.0,0.150125,0.0,0.0
5.65945,0.0,0.183486,0.0,0.0
5.65862,0.0,0.133445,0.0,0.0
5.65891,0.0,0.216847,0.0,0.0
5.66007,0.0,0.200167,0.0,0.0
5.65976,0.0,0.200167,0.0,0.0
5.65903,0.0,0.200167,0.0,0.0
5.66018,0.0,0.200167,0.0,0.0
5.65978,0.0,0.116764,0.0,0.0
5.65919,0.0,0.0834028,0.0,0.0
5.65969,0.0,0.166806,0.0,0.0
5.66082,0.0,0.200167,0.0,0.0
5.65982,0.0,0.166806,0.0,0.0
5.65911,0.0,0.133445,0.0,0.0
5.6591,0.0,0.100083,0.0,0.0
5.65905,0.0,0.183486,0.0,0.0
5.65942,0.0,0.150125,0.0,0.0
5.66024,0.0,0.200167,0.0,0.0
5.66079,0.0,0.200167,0.0,0.0
5.6597,0.0,0.150125,0.0,0.0
5.6597,0.0,0.266889,0.0,0.0
5.66037,0.0,0.133445,0.0,0.0
5.66063,0.0,0.28357,0.0,0.0
5.65959,0.0,0.133445,0.0,0.0
5.65931,0.0,0.150125,0.0,0.0
5.65958,0.0,0.200167,0.0,0.0
5.65932,0.0,0.133445,0.0,0.0
5.66067,0.0,0.116764,0.0,0.0
5.66062,0.0,0.316931,0.0,0.0
5.6607,0.0,0.250209,0.0,0.0
5.66009,0.0,0.100083,0.0,0.0
5.65967,0.0,0.216847,0.0,0.0
5.66002,0.0,0.150125,0.0,0.0
5.65967,0.0,0.183486,0.0,0.0
5.66002,0.0,0.166806,0.0,0.0
5.65922,0.0,0.216847,0.0,0.0
5.65945,0.0,0.183486,0.0,0.0
5.65922,0.0,0.116764,0.0,0.0
5.66039,0.0,0.150125,0.0,0.0
5.66002,0.0,0.250209,0.0,0.0
5.65946,0.0,0.100083,0.0,0.0
5.65917,0.0,0.183486,0.0,0.0
5.65877,0.0,0.183486,0.0,0.0
5.65954,0.0,0.200167,0.0,0.0
5.65971,0.0,0.133445,0.0,0.0
5.65913,0.0,0.133445,0.0,0.0
5.66039,0.0,0.150125,0.0,0.0
5.66046,0.0,0.133445,0.0,0.0
5.65889,0.0,0.150125,0.0,0.0
5.65882,0.0,0.100083,0.0,0.0
5.65933,0.0,0.233528,0.0,0.0
5.6599,0.0,0.166806,0.0,0.0
5.65988,0.0,0.183486,0.0,0.0
5.65973,0.0,0.133445,0.0,0.0
5.659,0.0,0.183486,0.0,0.0
5.65877,0.0,0.183486,0.0,0.0
5.65895,0.0,0.0834028,0.0,0.0
5.6597,0.0,0.133445,0.0,0.0
5.66057,0.0,0.100083,0.0,0.0
5.66052,0.0,0.233528,0.0,0.0
5.65997,0.0,0.100083,0.0,0.0
5.65999,0.0,0.216847,0.0,0.0
5.65976,0.0,0.116764,0.0,0.0
5.65986,0.0,0.200167,0.0,0.0
5.65991,0.0,0.0834028,0.0,0.0
5.65964,0.0,0.183486,0.0,0.0
5.66021,0.0,0.216847,0.0,0.0
5.66046,0.0,0.183486,0.0,0.0
5.66065,0.0,0.200167,0.0,0.0
5.66083,0.0,0.200167,0.0,0.0
5.66005,0.0,0.183486,0.0,0.0
5.65888,0.0,0.166806,0.0,0.0
5.65849,0.0,0.116764,0.0,0.0
5.65952,0.0,0.150125,0.0,0.0
5.6598,0.0,0.166806,0.0,0.0
5.66009,0.0,0.116764,0.0,0.0
5.65933,0.0,0.0834028,0.0,0.0
5.65927,0.0,0.183486,0.0,0.0
5.65969,0.0,0.116764,0.0,0.0
5.6588,0.0,0.150125,0.0,0.0
5.65922,0.0,0.133445,0.0,0.0
5.65863,0.0,0.116764,0.0,0.0
5.65898,0.0,0.166806,0.0,0.0
5.66051,0.0,0.216847,0.0,0.0
5.66001,0.0,0.200167,0.0,0.0
5.65903,0.0,0.183486,0.0,0.0
5.6593,0.0,0.216847,0.0,0.0
5.65954,0.0,0.200167,0.0,0.0
5.65914,0.0,0.133445,0.0,0.0
5.65905,0.0,0.183486,0.0,0.0
5.65999,0.0,0.200167,0.0,0.0
5.66058,0.0,0.133445,0.0,0.0
5.65959,0.0,0.0834028,0.0,0.0
5.66014,0.0,0.166806,0.0,0.0
5.66072,0.0,0.150125,0.0,0.0
5.65931,0.0,0.166806,0.0,0.0
