analog,analog_sterr,photon_counting,pc_sterr,overflow_info
5.66033,0.000600214,0.11691,0.0440334,0.0
5.66041,0.000553663,0.0334029,0.0235527,0.0
5.6601,0.000571893,0.0668058,0.0334517,0.0
5.65989,0.000569224,0.0668058,0.0334517,0.0
5.66011,0.00056063,0.0501044,0.0290142,0.0
5.66012,0.000586933,0.0835073,0.0372065,0.0
5.66072,0.000590579,0.0501044,0.0290142,0.0
5.65993,0.000555226,0.0334029,0.0235527,0.0
5.6598,0.000581985,0.133612,0.0471055,0.0
5.66004,0.000557439,0.0334029,0.0235527,0.0
5.65948,0.000589342,0.100209,0.0409613,0.0
5.66055,0.000584328,0.0501044,0.0290142,0.0
5.65995,0.000581138,0.11691,0.0440334,0.0
5.66099,0.000571047,0.0668058,0.0334517,0.0
5.66003,0.000603665,0.133612,0.0471055,0.0
5.65966,0.000589472,0.133612,0.0471055,0.0
5.66023,0.00060041,0.11691,0.0440334,0.0
5.66106,0.000598196,0.167015,0.052567,0.0
5.66129,0.000594355,0.183716,0.0552977,0.0
5.66031,0.000584133,0.0501044,0.0290142,0.0
5.6611,0.000597805,0.100209,0.0409613,0.0
5.6608,0.000586542,0.167015,0.052567,0.0
5.66028,0.000570916,0.11691,0.0440334,0.0
5.65916,0.000568898,0.100209,0.0409613,0.0
5.66101,0.00059468,0.11691,0.0440334,0.0
5.66133,0.000589732,0.0668058,0.0334517,0.0
5.66112,0.000583026,0.150313,0.0501776,0.0
5.66127,0.000581333,0.0668058,0.0334517,0.0
5.66056,0.000575213,0.0835073,0.0372065,0.0
5.65941,0.000577883,0.183716,0.0552977,0.0
5.66053,0.000586347,0.0835073,0.0372065,0.0
5.66043,0.000588104,0.100209,0.0409613,0.0
5.65947,0.00058856,0.0668058,0.0334517,0.0
5.66054,0.000575474,0.0835073,0.0372065,0.0
5.65999,0.000567661,0.100209,0.0409613,0.0
5.65954,0.000562648,0.100209,0.0409613,0.0
5.66006,0.00060093,0.133612,0.0471055,0.0
5.66054,0.000564015,0.0501044,0.0290142,0.0
5.65962,0.000568247,0.0835073,0.0372065,0.0
5.65945,0.000570396,0.0501044,0.0290142,0.0
5.65997,0.000580162,0.100209,0.0409613,0.0
5.65927,0.000558807,0.0334029,0.0235527,0.0
5.65997,0.000583612,0.0501044,0.0290142,0.0
5.66112,0.000580162,0.11691,0.0440334,0.0
5.66043,0.000557179,0.0501044,0.0290142,0.0
5.65995,0.000560825,0.150313,0.0501776,0.0
5.66053,0.000598196,0.11691,0.0440334,0.0
5.66054,0.000585044,0.133612,0.0471055,0.0
5.65987,0.000595722,0.0334029,0.0235527,0.0
5.66035,0.000577753,0.0668058,0.0334517,0.0
5.65984,0.00059175,0.11691,0.0440334,0.0
5.65962,0.000602818,0.150313,0.0501776,0.0
5.66118,0.000589927,0.0668058,0.0334517,0.0
5.66133,0.000571437,0.150313,0.0501776,0.0
5.66044,0.000614147,0.150313,0.0501776,0.0
5.66082,0.00060093,0.100209,0.0409613,0.0
5.66109,0.000593834,0.150313,0.0501776,0.0
5.66008,0.00057313,0.0501044,0.0290142,0.0
5.66027,0.0005855,0.0835073,0.0372065,0.0
5.6602,0.000568442,0.100209,0.0409613,0.0
5.66036,0.000570851,0.0334029,0.0235527,0.0
5.66061,0.000585891,0.11691,0.0440334,0.0
5.66093,0.000593183,0.150313,0.0501776,0.0
5.6606,0.000562388,0.100209,0.0409613,0.0
5.65995,0.000581464,0.0668058,0.0334517,0.0
5.65949,0.000584589,0.11691,0.0440334,0.0
5.66007,0.000576516,0.100209,0.0409613,0.0
5.66056,0.000570526,0.100209,0.0409613,0.0
5.6599,0.000572414,0.0835073,0.0372065,0.0
5.65967,0.000591555,0.0668058,0.0334517,0.0
5.66044,0.000593378,0.167015,0.052567,0.0
5.66033,0.000572805,0.0167015,0.0167259,0.0
5.66025,0.000579706,0.0835073,0.0372065,0.0
5.661,0.000587974,0.133612,0.0471055,0.0
5.66134,0.000608808,0.167015,0.052567,0.0
5.66114,0.000577297,0.133612,0.0471055,0.0
5.66037,0.000573,0.0334029,0.0235527,0.0
5.66015,0.000574237,0.0501044,0.0290142,0.0
5.66031,0.000560825,0.0334029,0.0235527,0.0
5.66033,0.000585565,0.133612,0.0471055,0.0
5.65981,0.000614928,0.133612,0.0529083,0.0
5.65961,0.000589862,0.100209,0.0409613,0.0
5.66007,0.00058537,0.11691,0.0440334,0.0
5.65975,0.00058537,0.133612,0.0471055,0.0
5.65873,0.00058218,0.100209,0.0409613,0.0
5.66006,0.000578534,0.11691,0.0440334,0.0
5.66,0.000585044,0.11691,0.0440334,0.0
5.65975,0.000576581,0.11691,0.0440334,0.0
5.66076,0.000570135,0.0668058,0.0334517,0.0
5.66061,0.000564276,0.0835073,0.0372065,0.0
5.66012,0.000573521,0.0668058,0.0334517,0.0
5.66024,0.000569159,0.0668058,0.0334517,0.0
5.66125,0.000586412,0.183716,0.0552977,0.0
5.66075,0.000570461,0.11691,0.0440334,0.0
5.65984,0.000577948,0.0835073,0.0372065,0.0
5.66072,0.000585175,0.133612,0.0471055,0.0
5.66071,0.000601712,0.217119,0.0600766,0.0
5.65958,0.000608678,0.0835073,0.0372065,0.0
5.65975,0.000587584,0.100209,0.0409613,0.0
5.6614,0.000579576,0.0668058,0.0334517,0.0
5.66077,0.000572674,0.0668058,0.0334517,0.0
5.6607,0.000568768,0.167015,0.052567,0.0
5.66023,0.000588886,0.133612,0.0471055,0.0
5.66053,0.00057326,0.100209,0.0409613,0.0
5.66068,0.000573846,0.11691,0.0440334,0.0
5.66017,0.000587974,0.133612,0.0471055,0.0
5.66065,0.000578143,0.0668058,0.0334517,0.0
5.66123,0.000586021,0.133612,0.0471055,0.0
5.66027,0.000584654,0.150313,0.0501776,0.0
5.66068,0.000565838,0.100209,0.0409613,0.0
5.66024,0.000579836,0.11691,0.0440334,0.0
5.66023,0.000599173,0.133612,0.0471055,0.0
5.66121,0.000582766,0.100209,0.0409613,0.0
5.6607,0.000602623,0.100209,0.0409613,0.0
5.65885,0.000566685,0.0501044,0.0290142,0.0
5.66039,0.000588951,0.11691,0.0440334,0.0
5.66064,0.000600475,0.150313,0.0501776,0.0
5.65989,0.000579185,0.150313,0.0501776,0.0
5.65961,0.000585891,0.150313,0.0501776,0.0
5.66014,0.00057313,0.100209,0.0409613,0.0
5.66001,0.000563494,0.0835073,0.0372065,0.0
5.65941,0.000584524,0.0668058,0.0334517,0.0
5.65999,0.000574953,0.0835073,0.0372065,0.0
5.66061,0.000613626,0.217119,0.0600766,0.0
5.66057,0.00059748,0.0501044,0.0290142,0.0
5.66078,0.000572479,0.100209,0.0409613,0.0
5.66064,0.000579055,0.11691,0.0440334,0.0
5.66091,0.000601712,0.133612,0.0471055,0.0
5.66029,0.000592206,0.100209,0.0409613,0.0
5.66019,0.000581789,0.0835073,0.0372065,0.0
5.6606,0.000570656,0.11691,0.0440334,0.0
5.65985,0.000574042,0.0835073,0.0372065,0.0
5.65991,0.000583807,0.150313,0.0501776,0.0
5.66,0.000573,0.0668058,0.0334517,0.0
5.65983,0.000572153,0.0835073,0.0372065,0.0
5.66033,0.000584263,0.11691,0.0440334,0.0
5.66059,0.000579641,0.100209,0.0409613,0.0
5.65969,0.000575799,0.100209,0.0409613,0.0
5.66009,0.000569875,0.0334029,0.0235527,0.0
5.66007,0.000557635,0.0501044,0.0290142,0.0
5.65964,0.000599563,0.167015,0.052567,0.0
5.66131,0.000595787,0.0668058,0.0334517,0.0
5.66064,0.000595852,0.133612,0.0471055,0.0
5.65935,0.000602298,0.167015,0.052567,0.0
5.66053,0.000571568,0.0501044,0.0290142,0.0
5.66078,0.000588365,0.167015,0.052567,0.0
5.66112,0.000593183,0.133612,0.0471055,0.0
5.66042,0.000578013,0.11691,0.0501776,0.0
5.6607,0.000580096,0.150313,0.0501776,0.0
5.66023,0.000584393,0.133612,0.0471055,0.0
5.66058,0.000583417,0.100209,0.0409613,0.0
5.65958,0.000572935,0.0668058,0.0334517,0.0
5.65915,0.000587193,0.0835073,0.0372065,0.0
5.66066,0.00057645,0.0835073,0.0372065,0.0
5.66087,0.000593769,0.11691,0.0440334,0.0
5.66023,0.000583156,0.0835073,0.0372065,0.0
5.65967,0.000578208,0.0668058,0.0334517,0.0
5.65974,0.000568703,0.11691,0.0440334,0.0
5.66075,0.000575018,0.100209,0.0409613,0.0
5.66082,0.000563625,0.0334029,0.0235527,0.0
5.66091,0.0005577,0.100209,0.0409613,0.0
5.66052,0.000581399,0.100209,0.0409613,0.0
5.6607,0.000588951,0.150313,0.0501776,0.0
5.65939,0.000568898,0.0668058,0.0334517,0.0
5.65987,0.000590513,0.133612,0.0471055,0.0
5.65996,0.000566945,0.0334029,0.0235527,0.0
5.65965,0.000568442,0.11691,0.0440334,0.0
5.65982,0.000589081,0.133612,0.0471055,0.0
5.66009,0.000583156,0.167015,0.052567,0.0
5.66,0.000578143,0.0334029,0.0235527,0.0
5.66016,0.000575148,0.100209,0.0409613,0.0
5.66003,0.00057632,0.0668058,0.0334517,0.0
5.65935,0.000568898,0.100209,0.0409613,0.0
5.65961,0.000572414,0.100209,0.0409613,0.0
5.66052,0.000571633,0.0835073,0.0372065,0.0
5.66178,0.000581268,0.150313,0.0501776,0.0
5.66146,0.000588365,0.167015,0.052567,0.0
5.65976,0.000572349,0.11691,0.0440334,0.0
5.66036,0.000585826,0.0167015,0.0167259,0.0
5.66135,0.000606985,0.150313,0.0501776,0.0
5.6601,0.00059761,0.133612,0.0471055,0.0
5.66057,0.000559002,0.0501044,0.0290142,0.0
5.66172,0.000580357,0.11691,0.0440334,0.0
5.6612,0.000591295,0.100209,0.0409613,0.0
5.66024,0.000570005,0.0668058,0.0334517,0.0
5.66005,0.000573781,0.11691,0.0440334,0.0
5.66007,0.000576516,0.0334029,0.0235527,0.0
5.6604,0.000553208,0.0501044,0.0290142,0.0
5.66147,0.000608418,0.217119,0.0600766,0.0
5.66034,0.000572479,0.0501044,0.0290142,0.0
5.65974,0.000563234,0.0334029,0.0235527,0.0
5.65979,0.000567466,0.150313,0.0501776,0.0
5.66149,0.00057938,0.0835073,0.0372065,0.0
5.66128,0.000571437,0.0835073,0.0372065,0.0
5.66055,0.000570526,0.0668058,0.0334517,0.0
5.66053,0.000598131,0.0668058,0.0334517,0.0
5.65982,0.000569093,0.0668058,0.0334517,0.0
5.66046,0.000563755,0.0835073,0.0372065,0.0
5.66007,0.000595787,0.100209,0.0409613,0.0
5.66012,0.000578013,0.183716,0.0552977,0.0
5.66042,0.000567336,0.0668058,0.0334517,0.0
5.66006,0.000559718,0.100209,0.0409613,0.0
5.66037,0.000584328,0.11691,0.0440334,0.0
5.66019,0.000587974,0.11691,0.0440334,0.0
5.66006,0.000593769,0.133612,0.0471055,0.0
5.65998,0.000564015,0.0835073,0.0372065,0.0
5.65973,0.000555682,0.0668058,0.0334517,0.0
5.66028,0.000578599,0.133612,0.0471055,0.0
5.66109,0.000581138,0.11691,0.0440334,0.0
5.66001,0.00056369,0.0668058,0.0334517,0.0
5.66071,0.000562648,0.100209,0.0409613,0.0
5.66152,0.000566424,0.11691,0.0440334,0.0
5.66035,0.000569679,0.11691,0.0440334,0.0
5.65986,0.000588039,0.0501044,0.0290142,0.0
5.65973,0.000546306,0.0668058,0.0334517,0.0
5.66018,0.000558611,0.0501044,0.0290142,0.0
5.66021,0.000571828,0.0668058,0.0334517,0.0
5.65985,0.000577427,0.100209,0.0409613,0.0
5.66061,0.000598001,0.100209,0.0409613,0.0
5.65946,0.000584068,0.11691,0.0440334,0.0
5.66014,0.000574693,0.167015,0.052567,0.0
5.66019,0.00057313,0.0668058,0.0334517,0.0
5.66016,0.000559197,0.0501044,0.0290142,0.0
5.66105,0.00056382,0.100209,0.0409613,0.0
5.66084,0.000574107,0.0835073,0.0372065,0.0
5.6608,0.00057925,0.0668058,0.0334517,0.0
5.66014,0.000571828,0.0334029,0.0235527,0.0
5.66038,0.000561867,0.0334029,0.0235527,0.0
5.66054,0.000538884,0.0501044,0.0290142,0.0
5.65979,0.000575148,0.0835073,0.0372065,0.0
5.66004,0.00059429,0.0668058,0.0334517,0.0
5.66186,0.00058537,0.100209,0.0409613,0.0
5.66114,0.000581138,0.0334029,0.0235527,0.0
5.66072,0.000601777,0.133612,0.0471055,0.0
5.66167,0.000603795,0.11691,0.0440334,0.0
5.66078,0.000577102,0.0668058,0.0334517,0.0
5.6596,0.000556072,0.0835073,0.0372065,0.0
5.66025,0.000584524,0.11691,0.0440334,0.0
5.66153,0.00058856,0.11691,0.0440334,0.0
5.66025,0.000589276,0.100209,0.0409613,0.0
5.66017,0.000574693,0.100209,0.0409613,0.0
5.66129,0.000590579,0.11691,0.0440334,0.0
5.66026,0.000606139,0.183716,0.0552977,0.0
5.66051,0.00057632,0.11691,0.0440334,0.0
5.66082,0.000596243,0.167015,0.052567,0.0
5.66069,0.000582961,0.0835073,0.0372065,0.0
5.65969,0.00057287,0.11691,0.0440334,0.0
5.66037,0.000580943,0.100209,0.0409613,0.0
5.65996,0.000563039,0.0668058,0.0334517,0.0
5.66072,0.000573325,0.0835073,0.0372065,0.0
5.66116,0.000571437,0.0334029,0.0235527,0.0
5.66116,0.0005702,0.100209,0.0409613,0.0
5.66099,0.000592076,0.0835073,0.0372065,0.0
5.66052,0.000561151,0.0835073,0.0372065,0.0
5.66085,0.000580943,0.100209,0.0409613,0.0
5.66021,0.000569614,0.0835073,0.0372065,0.0
5.6602,0.00058524,0.100209,0.0409613,0.0
5.65986,0.000586998,0.0501044,0.0290142,0.0
5.66156,0.000584459,0.100209,0.0409613,0.0
5.66084,0.000568312,0.0835073,0.0372065,0.0
5.66021,0.000568768,0.133612,0.0471055,0.0
5.66007,0.000589472,0.133612,0.0471055,0.0
5.66039,0.000598587,0.100209,0.0409613,0.0
5.65908,0.000581138,0.0501044,0.0290142,0.0
5.65906,0.000572219,0.0835073,0.0372065,0.0
5.65999,0.000581008,0.11691,0.0440334,0.0
5.65968,0.000590513,0.11691,0.0440334,0.0
5.65929,0.000571633,0.0501044,0.0290142,0.0
5.66,0.000568508,0.0835073,0.0372065,0.0
5.66014,0.000557895,0.0334029,0.0235527,0.0
5.65993,0.000576776,0.133612,0.0471055,0.0
5.66027,0.000563755,0.0668058,0.0334517,0.0
5.66062,0.000582831,0.11691,0.0440334,0.0
5.66022,0.000587323,0.100209,0.0409613,0.0
5.6607,0.000590058,0.0668058,0.0334517,0.0
5.66091,0.000585891,0.100209,0.0409613,0.0
5.66064,0.000601256,0.133612,0.0471055,0.0
5.66066,0.000578339,0.100209,0.0409613,0.0
5.66099,0.00057632,0.0835073,0.0372065,0.0
5.66085,0.000601712,0.23382,0.062466,0.0
5.66047,0.000597089,0.0668058,0.0334517,0.0
5.66014,0.000566294,0.0835073,0.0372065,0.0
5.66013,0.000565513,0.0835073,0.0372065,0.0
5.65995,0.000570461,0.11691,0.0440334,0.0
5.65949,0.000583547,0.11691,0.0440334,0.0
5.65995,0.000573,0.0668058,0.0334517,0.0
5.66064,0.000586021,0.100209,0.0409613,0.0
5.66087,0.000582766,0.150313,0.0501776,0.0
5.66075,0.000570526,0.11691,0.0440334,0.0
5.65997,0.000573521,0.0835073,0.0372065,0.0
5.65968,0.000591555,0.133612,0.0471055,0.0
5.65982,0.000588821,0.0668058,0.0334517,0.0
5.66002,0.000553663,0.0334029,0.0235527,0.0
5.66041,0.000557374,0.0334029,0.0235527,0.0
5.66037,0.000563234,0.0668058,0.0334517,0.0
5.66029,0.000589732,0.133612,0.0471055,0.0
5.66032,0.000574888,0.0668058,0.0334517,0.0
5.65982,0.000587584,0.150313,0.0501776,0.0
5.66105,0.000565903,0.0668058,0.0334517,0.0
5.6606,0.000565317,0.0668058,0.0334517,0.0
5.65978,0.000584914,0.11691,0.0440334,0.0
5.66019,0.000571242,0.0167015,0.0167259,0.0
5.65924,0.000556268,0.11691,0.0440334,0.0
5.6596,0.00056714,0.100209,0.0409613,0.0
5.66021,0.000554575,0.0668058,0.0334517,0.0
5.66037,0.000577232,0.0668058,0.0334517,0.0
5.66017,0.000562322,0.0835073,0.0372065,0.0
5.65956,0.000590774,0.0668058,0.0334517,0.0
5.66033,0.00056714,0.0501044,0.0290142,0.0
5.66072,0.000566359,0.100209,0.0409613,0.0
5.66046,0.000573586,0.0835073,0.0372065,0.0
5.66057,0.000600279,0.183716,0.0552977,0.0
5.65985,0.000567726,0.0668058,0.0334517,0.0
5.66058,0.000565708,0.100209,0.0409613,0.0
5.66032,0.000577818,0.0835073,0.0372065,0.0
5.66019,0.000574042,0.133612,0.0471055,0.0
5.65972,0.000580487,0.0835073,0.0372065,0.0
5.65943,0.000580292,0.0668058,0.0334517,0.0
5.65996,0.000577492,0.0668058,0.0334517,0.0
5.6605,0.000575539,0.100209,0.0409613,0.0
5.66052,0.000584198,0.150313,0.0501776,0.0
5.66027,0.000584849,0.150313,0.0501776,0.0
5.65989,0.000572414,0.0668058,0.0334517,0.0
5.6602,0.000579966,0.100209,0.0409613,0.0
5.66181,0.000585826,0.100209,0.0409613,0.0
5.66081,0.000578143,0.0835073,0.0372065,0.0
5.66084,0.000574172,0.100209,0.0409613,0.0
5.66182,0.000571763,0.0668058,0.0334517,0.0
5.66085,0.000578339,0.100209,0.0409613,0.0
5.65992,0.000565122,0.0167015,0.0167259,0.0
5.66166,0.000579771,0.100209,0.0409613,0.0
5.66102,0.000594485,0.150313,0.0501776,0.0
5.66044,0.000593769,0.11691,0.0440334,0.0
5.65961,0.000573195,0.100209,0.0409613,0.0
5.66025,0.000559067,0.0334029,0.0235527,0.0
5.66021,0.000581203,0.100209,0.0409613,0.0
5.66009,0.000576711,0.167015,0.0576872,0.0
5.66042,0.000583807,0.11691,0.0440334,0.0
5.66058,0.000581268,0.167015,0.052567,0.0
5.66063,0.000582636,0.0501044,0.0290142,0.0
5.66005,0.000566619,0.0668058,0.0334517,0.0
5.65948,0.00056714,0.11691,0.0440334,0.0
5.66038,0.000576711,0.133612,0.0471055,0.0
5.66069,0.00058563,0.11691,0.0440334,0.0
5.65934,0.000569028,0.0167015,0.0167259,0.0
5.66064,0.000565057,0.0501044,0.0290142,0.0
5.66133,0.000604837,0.0668058,0.0334517,0.0
5.66024,0.00058563,0.0668058,0.0334517,0.0
5.66081,0.000593573,0.0835073,0.0372065,0.0
5.66131,0.000567987,0.0334029,0.0235527,0.0
5.66064,0.000572414,0.0501044,0.0290142,0.0
5.66059,0.000592467,0.0835073,0.0372065,0.0
5.66043,0.000611217,0.150313,0.0552977,0.0
5.66055,0.000588104,0.100209,0.0409613,0.0
5.66076,0.000610761,0.100209,0.0409613,0.0
5.66017,0.000574562,0.0501044,0.0290142,0.0
5.65995,0.000594615,0.150313,0.0501776,0.0
5.66067,0.00060067,0.133612,0.0471055,0.0
5.66008,0.000580682,0.11691,0.0440334,0.0
5.65981,0.000608092,0.150313,0.0501776,0.0
5.6602,0.000591295,0.167015,0.052567,0.0
5.66052,0.000574953,0.100209,0.0409613,0.0
5.6605,0.000572219,0.133612,0.0471055,0.0
5.66013,0.000586021,0.150313,0.0501776,0.0
5.65938,0.000586021,0.11691,0.0440334,0.0
5.65918,0.000574953,0.0501044,0.0290142,0.0
5.66002,0.000558742,0.0501044,0.0290142,0.0
5.65974,0.000575344,0.0668058,0.0334517,0.0
5.66042,0.00057007,0.0501044,0.0290142,0.0
5.66055,0.000555747,0.0334029,0.0235527,0.0
5.65992,0.000558286,0.100209,0.0409613,0.0
5.66008,0.000579055,0.0668058,0.0334517,0.0
5.66038,0.000577297,0.0668058,0.0334517,0.0
5.66024,0.000582636,0.133612,0.0471055,0.0
5.66084,0.000587258,0.100209,0.0409613,0.0
5.66068,0.00058537,0.133612,0.0471055,0.0
5.66063,0.000581789,0.0835073,0.0372065,0.0
5.66091,0.000587193,0.0835073,0.0372065,0.0
5.65988,0.000584524,0.100209,0.0409613,0.0
5.66006,0.000578469,0.0835073,0.0372065,0.0
5.66095,0.000589342,0.167015,0.052567,0.0
5.66144,0.000606009,0.11691,0.0440334,0.0
5.66058,0.000574758,0.0835073,0.0372065,0.0
5.66179,0.000593313,0.200418,0.0576872,0.0
5.66103,0.000562388,0.0167015,0.0167259,0.0
5.66023,0.000584654,0.100209,0.0409613,0.0
5.66089,0.000578078,0.133612,0.0471055,0.0
5.66016,0.000592532,0.133612,0.0471055,0.0
5.66026,0.000600019,0.100209,0.0409613,0.0
5.6609,0.000587974,0.133612,0.0471055,0.0
5.65996,0.000549627,0.0501044,0.0290142,0.0
5.66091,0.000568442,0.0668058,0.0334517,0.0
5.66168,0.000576125,0.100209,0.0409613,0.0
5.66112,0.000577818,0.183716,0.0552977,0.0
5.65987,0.000561346,0.0501044,0.0290142,0.0
5.66011,0.000558742,0.100209,0.0409613,0.0
5.65967,0.00054266,0.0334029,0.0235527,0.0
5.65959,0.000577362,0.11691,0.0440334,0.0
5.66033,0.000574042,0.0668058,0.0334517,0.0
5.66067,0.00057593,0.0835073,0.0372065,0.0
5.6609,0.000589602,0.183716,0.0552977,0.0
5.6599,0.000578273,0.133612,0.0471055,0.0
5.66062,0.000574562,0.0668058,0.0334517,0.0
5.66078,0.000585565,0.0668058,0.0334517,0.0
5.66005,0.00058511,0.0835073,0.0372065,0.0
5.66107,0.000593899,0.0835073,0.0372065,0.0
5.66034,0.000561411,0.100209,0.0409613,0.0
5.6605,0.000595461,0.150313,0.0501776,0.0
5.66027,0.000591946,0.0668058,0.0334517,0.0
5.66062,0.000596047,0.11691,0.0440334,0.0
5.66183,0.000593834,0.133612,0.0471055,0.0
5.6605,0.000583091,0.133612,0.0471055,0.0
5.65922,0.000562257,0.0334029,0.0235527,0.0
5.65982,0.000580813,0.100209,0.0409613,0.0
5.66102,0.000590644,0.150313,0.0501776,0.0
5.66006,0.000583352,0.0835073,0.0372065,0.0
5.65927,0.000553208,0.0167015,0.0167259,0.0
5.65999,0.000584589,0.100209,0.0409613,0.0
5.66006,0.000571242,0.0668058,0.0334517,0.0
5.65888,0.000574497,0.11691,0.0440334,0.0
5.65995,0.000584849,0.0334029,0.0235527,0.0
5.6614,0.000600149,0.100209,0.0409613,0.0
5.6612,0.000591555,0.133612,0.0471055,0.0
5.66152,0.000592011,0.11691,0.0440334,0.0
5.66001,0.000585435,0.0668058,0.0334517,0.0
5.65998,0.000596373,0.100209,0.0409613,0.0
5.66128,0.000575669,0.0334029,0.0235527,0.0
5.66106,0.000584328,0.0835073,0.0372065,0.0
5.66016,0.000568703,0.100209,0.0409613,0.0
5.66069,0.000566164,0.0501044,0.0290142,0.0
5.66092,0.00059162,0.11691,0.0440334,0.0
5.65953,0.000561736,0.0668058,0.0334517,0.0
5.65964,0.000573065,0.0167015,0.0167259,0.0
5.66112,0.000581659,0.133612,0.0471055,0.0
5.66061,0.000562518,0.0334029,0.0235527,0.0
5.65906,0.000561867,0.0,0.0,0.0
5.65997,0.000589927,0.100209,0.0409613,0.0
5.66028,0.000581659,0.133612,0.0471055,0.0
5.65986,0.000575734,0.100209,0.0409613,0.0
5.66064,0.000598456,0.100209,0.0409613,0.0
5.66005,0.000586412,0.150313,0.0501776,0.0
5.6596,0.000595917,0.100209,0.0409613,0.0
5.66026,0.000571242,0.0501044,0.0290142,0.0
5.65947,0.000592857,0.100209,0.0409613,0.0
5.65991,0.000592662,0.100209,0.0409613,0.0
5.66044,0.000571958,0.0835073,0.0372065,0.0
5.66061,0.000587909,0.100209,0.0409613,0.0
5.65983,0.000587519,0.0501044,0.0290142,0.0
5.65976,0.000576255,0.100209,0.0409613,0.0
5.6606,0.000560044,0.0334029,0.0235527,0.0
5.66044,0.000591881,0.100209,0.0409613,0.0
5.65983,0.000595136,0.0501044,0.0290142,0.0
5.66067,0.000577232,0.0835073,0.0372065,0.0
5.6606,0.00058524,0.11691,0.0440334,0.0
5.66013,0.000570526,0.0668058,0.0334517,0.0
5.6597,0.000588104,0.0835073,0.0372065,0.0
5.66027,0.000566489,0.0668058,0.0334517,0.0
5.66052,0.000557114,0.0835073,0.0372065,0.0
5.6595,0.000561476,0.0334029,0.0235527,0.0
5.65986,0.000587649,0.133612,0.0471055,0.0
5.65947,0.000564536,0.100209,0.0409613,0.0
5.65939,0.00057339,0.133612,0.0471055,0.0
5.65996,0.000570526,0.0501044,0.0290142,0.0
5.65953,0.000567205,0.0501044,0.0290142,0.0
5.66019,0.000598391,0.167015,0.052567,0.0
5.66096,0.00057287,0.0501044,0.0290142,0.0
5.66063,0.000563559,0.0835073,0.0372065,0.0
5.66021,0.000566945,0.11691,0.0440334,0.0
5.65963,0.000587909,0.0668058,0.0334517,0.0
5.66072,0.000574758,0.0835073,0.0372065,0.0
5.66028,0.000587779,0.150313,0.0501776,0.0
5.65983,0.000583222,0.0835073,0.0372065,0.0
5.66012,0.000575018,0.133612,0.0471055,0.0
5.6611,0.000604186,0.183716,0.0600766,0.0
5.66138,0.000625866,0.167015,0.052567,0.0
5.66129,0.000601126,0.167015,0.052567,0.0
5.66087,0.00058524,0.11691,0.0440334,0.0
5.66047,0.000596113,0.11691,0.0440334,0.0
5.66081,0.00059123,0.150313,0.0501776,0.0
5.66039,0.000587128,0.11691,0.0440334,0.0
5.65954,0.000567596,0.100209,0.0409613,0.0
5.66056,0.000567922,0.0501044,0.0290142,0.0
5.66073,0.000568377,0.100209,0.0409613,0.0
5.65963,0.000568898,0.0835073,0.0372065,0.0
5.65969,0.000588104,0.100209,0.0409613,0.0
5.65946,0.000560955,0.0334029,0.0235527,0.0
5.66053,0.000556723,0.100209,0.0409613,0.0
5.66066,0.000577102,0.11691,0.0440334,0.0
5.6598,0.000584263,0.100209,0.0409613,0.0
5.6593,0.000561867,0.0501044,0.0290142,0.0
5.66048,0.000552817,0.0334029,0.0235527,0.0
5.66002,0.000574758,0.0501044,0.0290142,0.0
5.65984,0.000583612,0.0668058,0.0334517,0.0
5.65946,0.000566685,0.0501044,0.0290142,0.0
5.66056,0.000588886,0.133612,0.0471055,0.0
5.66108,0.000601126,0.11691,0.0440334,0.0
5.66006,0.000592206,0.0501044,0.0290142,0.0
5.65942,0.000574432,0.100209,0.0409613,0.0
5.65961,0.000566033,0.0835073,0.0372065,0.0
5.66041,0.000568898,0.0334029,0.0235527,0.0
5.66059,0.000598326,0.133612,0.0471055,0.0
5.66053,0.000597545,0.0668058,0.0334517,0.0
5.65995,0.000573325,0.100209,0.0409613,0.0
5.66002,0.000581268,0.133612,0.0471055,0.0
5.66126,0.000572609,0.0501044,0.0290142,0.0
5.66087,0.000559588,0.0668058,0.0334517,0.0
5.66059,0.000554705,0.167015,0.052567,0.0
5.6604,0.000587974,0.0835073,0.0372065,0.0
5.6607,0.000606204,0.150313,0.0501776,0.0
5.66047,0.000577362,0.0835073,0.0372065,0.0
5.66138,0.00059787,0.133612,0.0471055,0.0
5.66064,0.000597284,0.11691,0.0440334,0.0
5.65978,0.000580943,0.100209,0.0409613,0.0
5.66025,0.000590513,0.133612,0.0471055,0.0
5.66068,0.000578664,0.11691,0.0440334,0.0
5.65954,0.000578534,0.0835073,0.0372065,0.0
5.6601,0.000585435,0.11691,0.0440334,0.0
5.66031,0.000576906,0.100209,0.0409613,0.0
5.66006,0.000591034,0.133612,0.0471055,0.0
5.66011,0.00058205,0.11691,0.0440334,0.0
5.66046,0.000575734,0.0501044,0.0290142,0.0
5.65982,0.000593964,0.100209,0.0409613,0.0
5.66024,0.000581464,0.0334029,0.0235527,0.0
5.66029,0.00057287,0.133612,0.0471055,0.0
5.66028,0.000563885,0.0668058,0.0334517,0.0
5.66046,0.000561216,0.0668058,0.0334517,0.0
5.66082,0.000571112,0.0835073,0.0440334,0.0
5.6606,0.000575539,0.11691,0.0440334,0.0
5.66053,0.000575409,0.0835073,0.0372065,0.0
5.6606,0.000576776,0.0668058,0.0334517,0.0
5.66017,0.000561541,0.0668058,0.0334517,0.0
5.66056,0.000551971,0.0334029,0.0235527,0.0
5.65999,0.0005702,0.0334029,0.0235527,0.0
5.66093,0.000586347,0.167015,0.052567,0.0
5.66016,0.000580617,0.100209,0.0409613,0.0
5.65942,0.00059175,0.167015,0.052567,0.0
5.65935,0.000575865,0.0668058,0.0334517,0.0
5.6593,0.000578339,0.0668058,0.0334517,0.0
5.65991,0.000586802,0.150313,0.0501776,0.0
5.65941,0.000575279,0.0334029,0.0235527,0.0
5.65989,0.00055158,0.0835073,0.0372065,0.0
5.6604,0.000570461,0.133612,0.0471055,0.0
5.66026,0.000577492,0.0668058,0.0334517,0.0
5.65984,0.000570721,0.0501044,0.0290142,0.0
5.6598,0.00057645,0.0501044,0.0290142,0.0
5.66085,0.000568638,0.0668058,0.0334517,0.0
5.66042,0.000590253,0.0835073,0.0372065,0.0
5.66042,0.000592857,0.100209,0.0409613,0.0
5.66182,0.000567661,0.0835073,0.0372065,0.0
5.66138,0.000576776,0.11691,0.0440334,0.0
5.66005,0.000576776,0.0501044,0.0290142,0.0
5.65969,0.000569745,0.0835073,0.0372065,0.0
5.66043,0.000595396,0.100209,0.0409613,0.0
5.6603,0.00059761,0.150313,0.0501776,0.0
5.6615,0.0006036,0.167015,0.052567,0.0
5.66121,0.000605488,0.167015,0.052567,0.0
5.65999,0.000589927,0.11691,0.0440334,0.0
5.66092,0.000569875,0.0668058,0.0334517,0.0
5.66038,0.000568312,0.0668058,0.0334517,0.0
5.65926,0.000559002,0.0501044,0.0290142,0.0
5.66024,0.000584914,0.0668058,0.0334517,0.0
5.66156,0.000577102,0.11691,0.0440334,0.0
5.6599,0.000586216,0.100209,0.0409613,0.0
5.66011,0.000560434,0.0501044,0.0290142,0.0
5.65955,0.000573456,0.133612,0.0471055,0.0
5.66014,0.000610045,0.167015,0.052567,0.0
5.66108,0.000601972,0.133612,0.0471055,0.0
5.66082,0.00060067,0.133612,0.0471055,0.0
5.66132,0.000578664,0.167015,0.052567,0.0
5.66079,0.000577753,0.0835073,0.0372065,0.0
5.65935,0.000579641,0.0668058,0.0334517,0.0
5.66003,0.000589927,0.133612,0.0471055,0.0
5.66031,0.000577622,0.0501044,0.0290142,0.0
5.65976,0.000591099,0.0668058,0.0334517,0.0
5.65927,0.000571958,0.0167015,0.0167259,0.0
5.6612,0.000574302,0.133612,0.0471055,0.0
5.66096,0.000613691,0.167015,0.052567,0.0
5.66072,0.0006008,0.100209,0.0409613,0.0
5.66014,0.00057007,0.0501044,0.0290142,0.0
5.66057,0.000595722,0.11691,0.0440334,0.0
5.66073,0.000580617,0.0668058,0.0334517,0.0
5.66054,0.000577297,0.0668058,0.0334517,0.0
5.66059,0.000575083,0.0835073,0.0372065,0.0
5.66011,0.000565773,0.11691,0.0440334,0.0
5.65992,0.000583873,0.11691,0.0440334,0.0
5.6606,0.00059162,0.133612,0.0529083,0.0
5.66078,0.000603795,0.183716,0.0552977,0.0
5.66146,0.000601451,0.0835073,0.0372065,0.0
5.66016,0.000568377,0.0668058,0.0334517,0.0
5.65991,0.000568377,0.133612,0.0471055,0.0
5.66062,0.000580096,0.0501044,0.0290142,0.0
5.66057,0.000591881,0.11691,0.0440334,0.0
5.66012,0.000596764,0.11691,0.0440334,0.0
5.65966,0.00059175,0.133612,0.0471055,0.0
5.66006,0.00057339,0.0668058,0.0334517,0.0
5.66079,0.00056675,0.0501044,0.0290142,0.0
5.65962,0.000579706,0.133612,0.0471055,0.0
5.66105,0.00056382,0.0334029,0.0235527,0.0
5.66069,0.000554379,0.0167015,0.0167259,0.0
5.65918,0.000584328,0.150313,0.0501776,0.0
5.66015,0.000596699,0.200418,0.0576872,0.0
5.66052,0.000578469,0.0334029,0.0235527,0.0
5.66038,0.00056382,0.0668058,0.0334517,0.0
5.65993,0.000568833,0.0835073,0.0372065,0.0
5.65987,0.000572349,0.100209,0.0409613,0.0
5.66007,0.000572544,0.0835073,0.0372065,0.0
5.66013,0.000559783,0.0668058,0.0334517,0.0
5.65941,0.000575474,0.133612,0.0471055,0.0
5.65969,0.000572805,0.0835073,0.0372065,0.0
5.66038,0.000567791,0.100209,0.0409613,0.0
5.66037,0.000572479,0.0334029,0.0235527,0.0
5.66042,0.000560499,0.0167015,0.0167259,0.0
5.65973,0.000576581,0.200418,0.0576872,0.0
5.65927,0.000611217,0.133612,0.0471055,0.0
5.6612,0.00060959,0.200418,0.0576872,0.0
5.6609,0.000568768,0.0835073,0.0372065,0.0
5.66063,0.000576841,0.0835073,0.0372065,0.0
5.66056,0.000570135,0.100209,0.0409613,0.0
5.66052,0.000582245,0.0835073,0.0372065,0.0
5.66021,0.0005855,0.0835073,0.0372065,0.0
5.66065,0.000574302,0.0167015,0.0167259,0.0
5.6604,0.000578469,0.100209,0.0409613,0.0
5.66159,0.000573846,0.0668058,0.0334517,0.0
5.66109,0.000579185,0.100209,0.0409613,0.0
5.66123,0.000606855,0.11691,0.0440334,0.0
5.66044,0.000582115,0.133612,0.0471055,0.0
5.65936,0.000561932,0.0334029,0.0235527,0.0
5.66031,0.000586672,0.167015,0.052567,0.0
5.66085,0.000575083,0.0835073,0.0372065,0.0
5.66093,0.00057645,0.23382,0.062466,0.0
5.66117,0.000596764,0.150313,0.0501776,0.0
5.66175,0.000581789,0.11691,0.0440334,0.0
5.6613,0.000594094,0.11691,0.0440334,0.0
5.66018,0.00059468,0.183716,0.0552977,0.0
5.65987,0.000578794,0.0501044,0.0290142,0.0
5.66077,0.00061278,0.183716,0.0552977,0.0
5.66085,0.000613301,0.11691,0.0440334,0.0
5.66012,0.000595852,0.133612,0.0471055,0.0
5.66066,0.000593378,0.133612,0.0471055,0.0
5.66011,0.000560304,0.0835073,0.0372065,0.0
5.6599,0.000568703,0.0334029,0.0235527,0.0
5.66001,0.000579966,0.0668058,0.0334517,0.0
5.66054,0.000580617,0.0501044,0.0290142,0.0
5.66048,0.000592727,0.133612,0.0471055,0.0
5.66056,0.000575474,0.0835073,0.0372065,0.0
5.66139,0.000580031,0.133612,0.0471055,0.0
5.66088,0.000590774,0.100209,0.0409613,0.0
5.66128,0.000606204,0.11691,0.0501776,0.0
5.66155,0.000610241,0.167015,0.0576872,0.0
5.66048,0.000601321,0.0501044,0.0290142,0.0
5.65962,0.000564211,0.0501044,0.0290142,0.0
5.66097,0.000564601,0.0334029,0.0235527,0.0
5.66028,0.000559197,0.0668058,0.0334517,0.0
5.65983,0.000580878,0.167015,0.052567,0.0
5.66018,0.00056981,0.0668058,0.0334517,0.0
5.66021,0.000591555,0.0501044,0.0290142,0.0
5.65991,0.000584849,0.150313,0.0501776,0.0
5.6602,0.000591425,0.0835073,0.0372065,0.0
5.65985,0.000574497,0.100209,0.0409613,0.0
5.65962,0.000580162,0.0835073,0.0372065,0.0
5.66031,0.000573586,0.200418,0.0576872,0.0
5.65953,0.000591555,0.0668058,0.0334517,0.0
5.65984,0.000592467,0.11691,0.0440334,0.0
5.6598,0.000583677,0.11691,0.0440334,0.0
5.65972,0.000573195,0.0668058,0.0334517,0.0
5.66045,0.000590318,0.100209,0.0409613,0.0
5.65972,0.000572414,0.150313,0.0501776,0.0
5.66051,0.000602037,0.0835073,0.0372065,0.0
5.66086,0.000586216,0.100209,0.0409613,0.0
5.66027,0.000592792,0.183716,0.0552977,0.0
5.66037,0.000604446,0.100209,0.0409613,0.0
5.66112,0.000598131,0.150313,0.0501776,0.0
5.66088,0.000583156,0.100209,0.0409613,0.0
5.66021,0.000559523,0.0167015,0.0167259,0.0
5.66043,0.000595982,0.100209,0.0409613,0.0
5.6604,0.000600149,0.0835073,0.0372065,0.0
5.66069,0.000576125,0.150313,0.0501776,0.0
5.66069,0.000590448,0.0835073,0.0372065,0.0
5.66088,0.000561932,0.11691,0.0440334,0.0
5.66066,0.00059468,0.100209,0.0409613,0.0
5.65986,0.000593639,0.150313,0.0501776,0.0
5.66051,0.000573586,0.0668058,0.0334517,0.0
5.66095,0.000589472,0.183716,0.0552977,0.0
5.66039,0.000615058,0.100209,0.0409613,0.0
5.66111,0.000583026,0.100209,0.0409613,0.0
5.66068,0.000570526,0.0668058,0.0334517,0.0
5.66013,0.00056102,0.0167015,0.0167259,0.0
5.66089,0.000583938,0.0668058,0.0334517,0.0
5.66094,0.000601972,0.183716,0.0552977,0.0
5.66038,0.000613431,0.11691,0.0440334,0.0
5.65967,0.000577167,0.0835073,0.0372065,0.0
5.66048,0.000587584,0.183716,0.0552977,0.0
5.66077,0.000579576,0.0835073,0.0372065,0.0
5.66004,0.000563429,0.0501044,0.0290142,0.0
5.66071,0.000584914,0.150313,0.0501776,0.0
5.66066,0.00060692,0.133612,0.0471055,0.0
5.66107,0.000605618,0.133612,0.0471055,0.0
5.66052,0.000574432,0.11691,0.0440334,0.0
5.66118,0.000574888,0.11691,0.0440334,0.0
5.66162,0.000599628,0.150313,0.0501776,0.0
5.66062,0.000587649,0.150313,0.0501776,0.0
5.65985,0.0005883,0.11691,0.0440334,0.0
5.66061,0.000620202,0.133612,0.0471055,0.0
5.66088,0.000577492,0.0167015,0.0167259,0.0
5.66006,0.000587323,0.11691,0.0440334,0.0
5.66071,0.000579445,0.11691,0.0440334,0.0
5.6594,0.000575344,0.100209,0.0409613,0.0
5.65949,0.000567922,0.0501044,0.0290142,0.0
5.65941,0.000579836,0.100209,0.0409613,0.0
5.66041,0.000595071,0.200418,0.0576872,0.0
5.66172,0.000593053,0.133612,0.0471055,0.0
5.66132,0.000584654,0.0668058,0.0334517,0.0
5.66035,0.000585044,0.0835073,0.0440334,0.0
5.65949,0.000588495,0.11691,0.0440334,0.0
5.65996,0.00056714,0.0668058,0.0334517,0.0
5.65961,0.000559132,0.0501044,0.0290142,0.0
5.65978,0.00057912,0.0835073,0.0372065,0.0
5.66078,0.000588495,0.167015,0.052567,0.0
5.66037,0.000569289,0.0501044,0.0290142,0.0
5.66047,0.000562257,0.167015,0.052567,0.0
5.6602,0.000559328,0.0167015,0.0167259,0.0
5.65985,0.000573716,0.150313,0.0501776,0.0
5.66011,0.000589732,0.0835073,0.0372065,0.0
5.66024,0.000575734,0.133612,0.0471055,0.0
5.65948,0.000571568,0.0668058,0.0334517,0.0
5.65993,0.000559718,0.100209,0.0409613,0.0
5.66052,0.000571177,0.100209,0.0409613,0.0
5.66006,0.000553142,0.0668058,0.0334517,0.0
5.66086,0.000576255,0.11691,0.0440334,0.0
5.66085,0.00057938,0.0501044,0.0290142,0.0
5.66043,0.00055796,0.0835073,0.0372065,0.0
5.66091,0.000585435,0.167015,0.052567,0.0
5.66108,0.000596113,0.0835073,0.0372065,0.0
5.66001,0.000584328,0.11691,0.0440334,0.0
5.65996,0.000605618,0.11691,0.0440334,0.0
5.66114,0.000604967,0.133612,0.0471055,0.0
5.6601,0.000572674,0.0501044,0.0290142,0.0
5.65935,0.000563559,0.133612,0.0471055,0.0
5.66032,0.000586347,0.11691,0.0440334,0.0
5.65931,0.000585044,0.0334029,0.0235527,0.0
5.65925,0.000572219,0.183716,0.0552977,0.0
5.66074,0.000579706,0.167015,0.052567,0.0
5.66099,0.000579315,0.0668058,0.0334517,0.0
5.66097,0.000588886,0.150313,0.0501776,0.0
5.66077,0.000613887,0.183716,0.0552977,0.0
5.65991,0.000589211,0.0835073,0.0372065,0.0
5.65991,0.00058257,0.100209,0.0409613,0.0
5.66087,0.000571958,0.11691,0.0440334,0.0
5.66165,0.00058231,0.0668058,0.0334517,0.0
5.6598,0.000582375,0.0835073,0.0372065,0.0
5.66047,0.000585826,0.100209,0.0409613,0.0
5.66013,0.000574237,0.100209,0.0409613,0.0
5.66044,0.000573586,0.150313,0.0501776,0.0
5.66119,0.00062235,0.217119,0.0600766,0.0
5.66056,0.000583873,0.100209,0.0409613,0.0
5.66102,0.000578208,0.0835073,0.0372065,0.0
5.66078,0.00056408,0.100209,0.0409613,0.0
5.66012,0.000555226,0.0501044,0.0290142,0.0
5.66052,0.000573521,0.0668058,0.0334517,0.0
5.6612,0.000566033,0.0668058,0.0334517,0.0
5.65917,0.000590709,0.100209,0.0409613,0.0
5.65901,0.00056981,0.0668058,0.0334517,0.0
5.65965,0.000577818,0.11691,0.0440334,0.0
5.66045,0.000580422,0.100209,0.0409613,0.0
5.66093,0.000586282,0.133612,0.0471055,0.0
5.66084,0.00058205,0.0668058,0.0334517,0.0
5.65985,0.000581138,0.0835073,0.0372065,0.0
5.66055,0.000575604,0.0835073,0.0372065,0.0
5.66056,0.000573325,0.0668058,0.0334517,0.0
5.66027,0.000593053,0.133612,0.0471055,0.0
5.65982,0.000583091,0.11691,0.0440334,0.0
5.66065,0.000583547,0.0501044,0.0290142,0.0
5.66082,0.000558937,0.0668058,0.0334517,0.0
5.66102,0.000598587,0.11691,0.0440334,0.0
5.66061,0.000582896,0.0668058,0.0334517,0.0
5.6603,0.000559783,0.11691,0.0440334,0.0
5.66054,0.000563234,0.100209,0.0409613,0.0
5.66028,0.000577427,0.0668058,0.0334517,0.0
5.66011,0.000592011,0.0668058,0.0334517,0.0
5.6606,0.000582766,0.100209,0.0409613,0.0
5.66007,0.000570591,0.100209,0.0409613,0.0
5.66005,0.000589732,0.133612,0.0471055,0.0
5.66077,0.0005702,0.100209,0.0409613,0.0
5.66078,0.000574758,0.133612,0.0471055,0.0
5.66103,0.000579641,0.0668058,0.0334517,0.0
5.66072,0.000587193,0.150313,0.0501776,0.0
5.66075,0.000571112,0.0835073,0.0372065,0.0
5.65979,0.00056382,0.0835073,0.0372065,0.0
5.6603,0.000558351,0.0501044,0.0290142,0.0
5.66118,0.000583482,0.150313,0.0501776,0.0
5.66014,0.000567661,0.0668058,0.0334517,0.0
5.65977,0.000565968,0.0835073,0.0372065,0.0
5.65997,0.000578273,0.0668058,0.0334517,0.0
5.65954,0.00056408,0.0501044,0.0290142,0.0
5.66001,0.000574172,0.0334029,0.0235527,0.0
5.65945,0.000574042,0.100209,0.0409613,0.0
5.66027,0.000583222,0.0501044,0.0290142,0.0
5.66031,0.000588495,0.133612,0.0471055,0.0
5.65984,0.000564536,0.0501044,0.0290142,0.0
5.65942,0.000575865,0.0835073,0.0372065,0.0
5.6598,0.000573065,0.150313,0.0501776,0.0
5.66031,0.000564015,0.0668058,0.0334517,0.0
5.66092,0.000585305,0.100209,0.0409613,0.0
5.66057,0.000574758,0.11691,0.0440334,0.0
5.66016,0.000556007,0.0668058,0.0334517,0.0
5.66058,0.000581268,0.11691,0.0440334,0.0
5.66037,0.000573065,0.133612,0.0471055,0.0
5.66073,0.000587453,0.133612,0.0471055,0.0
5.66022,0.000611673,0.167015,0.052567,0.0
5.66011,0.000590579,0.167015,0.052567,0.0
5.66034,0.000598196,0.150313,0.0501776,0.0
5.66031,0.000580943,0.0501044,0.0290142,0.0
5.66004,0.000562648,0.0501044,0.0290142,0.0
5.65942,0.000572414,0.0668058,0.0334517,0.0
5.66056,0.000584784,0.100209,0.0409613,0.0
5.6607,0.000575148,0.100209,0.0409613,0.0
5.65966,0.00060666,0.11691,0.0440334,0.0
5.66117,0.0006189,0.183716,0.0552977,0.0
5.66069,0.000596308,0.0668058,0.0334517,0.0
5.65949,0.000584459,0.0501044,0.0290142,0.0
5.66024,0.000572219,0.0501044,0.0290142,0.0
5.66107,0.000558611,0.0668058,0.0334517,0.0
5.66096,0.000584654,0.133612,0.0471055,0.0
5.66021,0.00057645,0.0835073,0.0372065,0.0
5.66019,0.000584914,0.150313,0.0501776,0.0
5.66159,0.000570786,0.0334029,0.0235527,0.0
5.66147,0.000569745,0.100209,0.0409613,0.0
5.66109,0.000597675,0.200418,0.0576872,0.0
5.66039,0.00058231,0.0501044,0.0290142,0.0
5.66025,0.000565122,0.0668058,0.0334517,0.0
5.66075,0.000579576,0.100209,0.0409613,0.0
5.6596,0.000567726,0.0668058,0.0334517,0.0
5.65967,0.00059136,0.183716,0.0552977,0.0
5.66058,0.000607311,0.133612,0.0471055,0.0
5.66062,0.000606334,0.150313,0.0501776,0.0
5.65927,0.000590709,0.11691,0.0440334,0.0
5.6597,0.000579901,0.0835073,0.0372065,0.0
5.66001,0.000577948,0.11691,0.0440334,0.0
5.65979,0.000586542,0.11691,0.0440334,0.0
5.66035,0.000597284,0.0835073,0.0372065,0.0
5.6609,0.000577167,0.11691,0.0440334,0.0
5.66131,0.000602298,0.167015,0.052567,0.0
5.66051,0.000610761,0.100209,0.0409613,0.0
5.6597,0.000575213,0.0835073,0.0372065,0.0
5.65994,0.000577883,0.0501044,0.0290142,0.0
5.66062,0.000583873,0.11691,0.0440334,0.0
5.66117,0.000575539,0.0835073,0.0372065,0.0
5.66028,0.00057619,0.100209,0.0409613,0.0
5.66003,0.00057326,0.0334029,0.0235527,0.0
5.6607,0.000567205,0.100209,0.0409613,0.0
5.65992,0.000569419,0.0668058,0.0334517,0.0
5.65949,0.000565838,0.0334029,0.0235527,0.0
5.65988,0.000575409,0.0334029,0.0235527,0.0
5.66083,0.000588756,0.133612,0.0471055,0.0
5.66063,0.000585044,0.0835073,0.0372065,0.0
5.66026,0.000571307,0.100209,0.0409613,0.0
5.66016,0.000593899,0.167015,0.052567,0.0
5.6593,0.000575279,0.0835073,0.0372065,0.0
5.65999,0.000592076,0.167015,0.052567,0.0
5.66032,0.000595201,0.0668058,0.0334517,0.0
5.66021,0.000578469,0.0668058,0.0334517,0.0
5.65993,0.000561151,0.0835073,0.0372065,0.0
5.66,0.00057339,0.0668058,0.0334517,0.0
5.65988,0.000582505,0.0835073,0.0372065,0.0
5.65977,0.000567726,0.100209,0.0409613,0.0
5.65998,0.00056727,0.0,0.0,0.0
5.66007,0.000571437,0.0835073,0.0372065,0.0
5.65995,0.000564731,0.0835073,0.0372065,0.0
5.66037,0.000570591,0.100209,0.0409613,0.0
5.66006,0.000582505,0.133612,0.0471055,0.0
5.65972,0.000586412,0.150313,0.0501776,0.0
5.66111,0.000583612,0.150313,0.0501776,0.0
5.66079,0.000580162,0.100209,0.0409613,0.0
5.66006,0.000565643,0.0334029,0.0235527,0.0
5.66023,0.000571177,0.0835073,0.0372065,0.0
5.66194,0.000610566,0.250522,0.064514,0.0
5.66196,0.000613301,0.11691,0.0440334,0.0
5.6612,0.00059468,0.133612,0.0471055,0.0
5.66068,0.000591881,0.100209,0.0409613,0.0
5.66037,0.000574823,0.0501044,0.0290142,0.0
5.66033,0.000577232,0.11691,0.0440334,0.0
5.66077,0.000571437,0.0835073,0.0372065,0.0
5.66026,0.000586412,0.11691,0.0440334,0.0
5.65988,0.000571112,0.0668058,0.0334517,0.0
5.6604,0.000573325,0.167015,0.052567,0.0
5.6607,0.000564992,0.0668058,0.0334517,0.0
5.66058,0.000605488,0.0668058,0.0334517,0.0
5.66062,0.000589276,0.0668058,0.0334517,0.0
5.66031,0.000562583,0.0501044,0.0290142,0.0
5.65973,0.000587323,0.11691,0.0440334,0.0
5.65986,0.000596568,0.0835073,0.0372065,0.0
5.66032,0.000572023,0.0835073,0.0372065,0.0
5.66016,0.000572023,0.11691,0.0440334,0.0
5.66092,0.000594094,0.150313,0.0501776,0.0
5.65987,0.000582831,0.0835073,0.0372065,0.0
5.66025,0.000575083,0.100209,0.0409613,0.0
5.66089,0.000587128,0.100209,0.0409613,0.0
5.6608,0.000571047,0.0668058,0.0334517,0.0
5.66036,0.000578208,0.133612,0.0471055,0.0
5.66078,0.000589667,0.133612,0.0471055,0.0
5.66049,0.000602623,0.11691,0.0440334,0.0
5.66062,0.00060679,0.167015,0.052567,0.0
5.66043,0.000593834,0.100209,0.0409613,0.0
5.65976,0.000568638,0.0501044,0.0290142,0.0
5.65991,0.000574497,0.100209,0.0409613,0.0
5.65962,0.000570526,0.0668058,0.0334517,0.0
5.65997,0.000578599,0.0835073,0.0372065,0.0
5.65987,0.000577883,0.100209,0.0471055,0.0
5.65989,0.000578469,0.0501044,0.0290142,0.0
5.66086,0.000572479,0.0835073,0.0372065,0.0
5.66117,0.00058524,0.167015,0.052567,0.0
5.65996,0.000591164,0.0668058,0.0334517,0.0
5.65874,0.000566033,0.0835073,0.0372065,0.0
5.65992,0.000617663,0.200418,0.0576872,0.0
5.65928,0.000587388,0.133612,0.0471055,0.0
5.65878,0.000590709,0.0835073,0.0372065,0.0
5.65959,0.000578013,0.100209,0.0409613,0.0
5.66056,0.000605293,0.150313,0.0501776,0.0
5.66026,0.000585305,0.11691,0.0440334,0.0
5.65987,0.000573846,0.100209,0.0409613,0.0
5.66096,0.000561932,0.0835073,0.0372065,0.0
5.66047,0.000564536,0.0668058,0.0334517,0.0
5.66009,0.000558091,0.0501044,0.0290142,0.0
5.66054,0.000569549,0.0835073,0.0372065,0.0
5.66062,0.0005702,0.0668058,0.0334517,0.0
5.66051,0.000550668,0.0501044,0.0290142,0.0
5.66067,0.00055796,0.100209,0.0409613,0.0
5.66097,0.000584459,0.150313,0.0501776,0.0
5.65978,0.000580747,0.0167015,0.0167259,0.0
5.6601,0.000598521,0.183716,0.0552977,0.0
5.6605,0.000588625,0.0167015,0.0167259,0.0
5.65999,0.000552036,0.0668058,0.0334517,0.0
5.65996,0.00057313,0.100209,0.0409613,0.0
5.66013,0.000587258,0.0835073,0.0372065,0.0
5.65971,0.000578729,0.0501044,0.0290142,0.0
5.65925,0.000571698,0.133612,0.0471055,0.0
5.66024,0.000585435,0.0668058,0.0334517,0.0
5.65991,0.000569289,0.11691,0.0440334,0.0
5.66079,0.000613626,0.183716,0.0552977,0.0
5.66058,0.00060041,0.183716,0.0552977,0.0
5.6604,0.000619421,0.183716,0.0552977,0.0
5.66003,0.000578273,0.0167015,0.0167259,0.0
5.65975,0.000575344,0.11691,0.0440334,0.0
5.65995,0.000581008,0.100209,0.0409613,0.0
5.65986,0.000577427,0.11691,0.0440334,0.0
5.66023,0.000584003,0.200418,0.0576872,0.0
5.66108,0.000587844,0.100209,0.0409613,0.0
5.65964,0.000599824,0.100209,0.0409613,0.0
5.66007,0.00057912,0.133612,0.0471055,0.0
5.66029,0.000607636,0.133612,0.0471055,0.0
5.65979,0.000572284,0.0668058,0.0334517,0.0
5.65983,0.00057951,0.100209,0.0409613,0.0
5.65913,0.000575279,0.0668058,0.0334517,0.0
5.6602,0.000573586,0.150313,0.0501776,0.0
5.66002,0.000592857,0.100209,0.0409613,0.0
5.65979,0.000581268,0.100209,0.0409613,0.0
5.65963,0.000579771,0.11691,0.0440334,0.0
5.66045,0.000613301,0.200418,0.0576872,0.0
5.66063,0.000572739,0.0668058,0.0334517,0.0
5.6611,0.000573065,0.0668058,0.0334517,0.0
5.6592,0.000565838,0.0668058,0.0334517,0.0
5.65916,0.000560565,0.100209,0.0409613,0.0
5.66086,0.000581399,0.0668058,0.0334517,0.0
5.66057,0.000592271,0.150313,0.0552977,0.0
5.66036,0.000581529,0.133612,0.0471055,0.0
5.66069,0.000586021,0.11691,0.0440334,0.0
5.65982,0.000601061,0.167015,0.0576872,0.0
5.66061,0.000603014,0.150313,0.0501776,0.0
5.66028,0.000586086,0.133612,0.0471055,0.0
5.65984,0.00058817,0.100209,0.0409613,0.0
5.65964,0.000575539,0.0835073,0.0372065,0.0
5.65903,0.000563559,0.100209,0.0409613,0.0
5.66057,0.000595331,0.11691,0.0440334,0.0
5.66068,0.000587584,0.0835073,0.0372065,0.0
5.6602,0.000575604,0.0334029,0.0235527,0.0
5.66153,0.000568508,0.0835073,0.0372065,0.0
5.66092,0.000575409,0.0835073,0.0372065,0.0
5.65955,0.000565773,0.100209,0.0409613,0.0
5.66069,0.000576971,0.133612,0.0471055,0.0
5.6602,0.000587844,0.100209,0.0409613,0.0
5.66027,0.000551254,0.0668058,0.0334517,0.0
5.66026,0.000551971,0.0501044,0.0290142,0.0
5.66125,0.000552882,0.0668058,0.0334517,0.0
5.65997,0.000572609,0.100209,0.0409613,0.0
5.66028,0.000568508,0.100209,0.0409613,0.0
5.65971,0.000557179,0.0501044,0.0290142,0.0
5.65935,0.00056102,0.0668058,0.0334517,0.0
5.65955,0.000577427,0.100209,0.0409613,0.0
5.65977,0.000584719,0.0835073,0.0372065,0.0
5.66008,0.000575865,0.0668058,0.0334517,0.0
5.6602,0.00057287,0.0501044,0.0290142,0.0
5.66039,0.000562843,0.0668058,0.0334517,0.0
5.6599,0.000587649,0.11691,0.0440334,0.0
5.66044,0.000563364,0.11691,0.0440334,0.0
5.66141,0.000575669,0.133612,0.0471055,0.0
5.66064,0.000589993,0.0835073,0.0372065,0.0
5.66002,0.00058218,0.100209,0.0409613,0.0
5.6607,0.000574497,0.133612,0.0471055,0.0
5.66,0.000570526,0.100209,0.0409613,0.0
5.65972,0.000594094,0.0835073,0.0372065,0.0
5.66089,0.000582505,0.0501044,0.0290142,0.0
5.66072,0.000562518,0.0501044,0.0290142,0.0
5.65999,0.000557635,0.100209,0.0409613,0.0
5.6603,0.000575018,0.11691,0.0440334,0.0
5.66027,0.000590383,0.0501044,0.0290142,0.0
5.65951,0.00057925,0.0835073,0.0372065,0.0
5.66051,0.00059162,0.100209,0.0409613,0.0
5.6602,0.000584263,0.0835073,0.0372065,0.0
5.65969,0.000579901,0.0835073,0.0372065,0.0
5.66031,0.00055184,0.100209,0.0409613,0.0
5.66049,0.000590123,0.150313,0.0501776,0.0
5.66047,0.000584719,0.0501044,0.0290142,0.0
5.65975,0.000592336,0.0835073,0.0372065,0.0
5.66049,0.000593769,0.0835073,0.0372065,0.0
5.66066,0.000619616,0.100209,0.0409613,0.0
5.66019,0.000591816,0.0668058,0.0334517,0.0
5.66047,0.000575799,0.0835073,0.0372065,0.0
5.66015,0.000577102,0.0668058,0.0334517,0.0
5.66206,0.000598261,0.0501044,0.0290142,0.0
6.28202,0.0146752,0.0334029,0.0235527,0.0
18.4944,0.167898,58.6221,0.809668,0.0
63.8187,0.358136,130.355,1.07728,0.0
106.277,0.222559,193.871,0.92436,0.0
101.43,0.230555,188.81,0.920264,1.0
86.4607,0.105282,188.092,0.88135,1.0
82.8162,0.0984033,188.526,0.88374,0.0
74.5711,0.114499,190.664,0.884423,0.0
67.0394,0.0779694,191.916,0.863601,0.0
63.9509,0.0727977,192.1,0.880326,0.0
59.1614,0.077269,193.653,0.862918,0.0
54.5328,0.0684639,192.601,0.869745,0.0
51.3224,0.0654879,192.284,0.865649,0.0
47.6836,0.0638852,190.814,0.877254,0.0
44.2856,0.060567,189.912,0.866673,0.0
41.4324,0.0589657,189.445,0.868379,0.0
38.6203,0.0567692,189.445,0.879644,0.0
36.1488,0.0541854,187.992,0.854384,0.0
33.9309,0.052542,187.708,0.87111,0.0
31.9732,0.0503885,187.507,0.87862,0.0
30.2758,0.049369,187.39,0.875206,0.0
28.7111,0.048892,185.82,0.837658,0.0
27.3362,0.0470792,186.288,0.86599,0.0
26.1423,0.0461903,184.1,0.859846,0.0
25.0256,0.0450849,183.182,0.860528,0.0
23.9481,0.0433573,183.015,0.866331,0.0
23.0033,0.0421423,182.463,0.873841,0.0
22.1686,0.0410093,180.192,0.861553,0.0
21.389,0.0410438,178.689,0.845851,0.0
20.6665,0.0398931,180.326,0.852336,0.0
20.0092,0.0383601,176.284,0.847216,0.0
19.3505,0.0382652,176.217,0.847899,0.0
18.716,0.0376905,176.418,0.85848,0.0
18.1534,0.0362363,172.142,0.868038,0.0
17.616,0.0348844,174.129,0.857115,0.0
17.0971,0.0342724,172.142,0.845851,0.0
16.6055,0.0333197,170.522,0.862235,0.0
16.1189,0.0322476,171.023,0.84824,0.0
15.655,0.0314513,168.534,0.851312,0.0
15.2313,0.030884,168.651,0.856091,0.0
14.8662,0.0301114,167.733,0.881692,0.0
14.4694,0.0291406,165.111,0.851995,0.0
14.0594,0.0294936,164.727,0.847899,0.0
13.6642,0.0284171,162.639,0.875206,0.0
13.3044,0.0274235,161.871,0.850288,0.0
13.0026,0.0264863,158.43,0.841072,0.0
12.68,0.0262522,158.263,0.85336,0.0
12.3623,0.026067,156.459,0.840048,0.0
12.0914,0.0256819,157.311,0.850629,0.0
11.7982,0.0248566,151.816,0.863259,0.0
11.4868,0.0240928,151.165,0.845509,0.0
11.2283,0.0237299,149.962,0.859846,0.0
11.0198,0.0225977,147.724,0.85575,0.0
10.7771,0.0213303,148.125,0.870086,0.0
10.5529,0.0204497,145.804,0.841755,0.0
10.3724,0.0203282,143.415,0.862235,0.0
10.1843,0.0198735,141.511,0.830149,0.0
10.0011,0.0193392,138.288,0.81786,0.0
9.81457,0.0187852,138.605,0.829808,0.0
9.63228,0.0181668,135.599,0.847557,0.0
9.49208,0.0180166,135.198,0.846192,0.0
9.35484,0.0172877,134.013,0.836293,0.0
9.20021,0.0164454,131.674,0.864283,0.0
9.05285,0.0163285,130.656,0.857456,0.0
8.91671,0.0161815,126.33,0.846192,0.0
8.79978,0.0157932,127.165,0.836976,0.0
8.69314,0.0148038,123.357,0.829125,0.0
8.57644,0.0147337,122.722,0.85575,0.0
8.46803,0.0141085,118.447,0.867355,0.0
8.38439,0.0143556,120.484,0.879644,0.0
8.30487,0.0137854,117.378,0.853702,0.0
8.21141,0.013868,114.255,0.857456,0.0
8.12524,0.0136715,113.319,0.867697,0.0
8.03398,0.0132011,111.95,0.857115,0.0
7.95571,0.0127173,109.879,0.838341,0.0
7.88765,0.0125522,107.608,0.844485,0.0
7.79875,0.0122237,105.336,0.838341,0.0
7.72718,0.0121325,105.236,0.838682,0.0
7.66869,0.011741,102.163,0.859163,0.0
7.60006,0.0118266,103.015,0.85575,0.0
7.5396,0.0118719,99.1232,0.824005,0.0
7.47375,0.0114618,96.3173,0.845851,0.0
7.41601,0.0109579,95.5491,0.851312,0.0
7.37642,0.010822,94.8643,0.845509,0.0
7.32256,0.0111963,92.9269,0.85848,0.0
7.27464,0.0112058,92.7766,0.841413,0.0
7.24916,0.0111359,90.6221,0.848923,0.0
7.21323,0.011253,88.0334,0.833904,0.0
7.17957,0.0108038,88.4843,0.841755,0.0
7.1542,0.0107875,86.7975,0.857115,0.0
7.11786,0.0107013,86.2296,0.844827,0.0
7.07333,0.0104806,84.0752,0.826053,0.0
7.03568,0.0103489,83.1065,0.846192,0.0
7.01922,0.0102264,81.4029,0.861894,0.0
6.9967,0.0102676,80.4843,0.827418,0.0
6.95136,0.00966346,79.5825,0.82025,0.0
6.92601,0.00940596,79.6994,0.814788,0.0
6.9099,0.00934925,76.8935,0.835952,0.0
6.8865,0.0093294,77.2276,0.836293,0.0
6.86526,0.00931904,76.8434,0.830832,0.0
6.84294,0.00919996,74.1044,0.81786,0.0
6.81793,0.00885523,73.62,0.837317,0.0
6.80175,0.00909599,73.5198,0.83288,0.0
6.77647,0.00893075,72.8685,0.813764,0.0
6.74685,0.00833073,71.7161,0.816495,0.0
6.72944,0.00857156,68.643,0.77963,0.0
6.71773,0.00881838,69.9457,0.842437,0.0
6.71517,0.00874442,69.9624,0.811375,0.0
6.70132,0.00812037,69.2443,0.812058,0.0
6.67339,0.00814915,68.0251,0.825029,0.0
6.65777,0.00805702,68.0919,0.791918,0.0
6.63837,0.00783306,65.8873,0.812058,0.0
6.61489,0.00769927,65.62,0.791577,0.0
6.60551,0.00768481,64.9353,0.800111,0.0
6.58708,0.00747758,63.9833,0.784067,0.0
6.56142,0.0070902,62.881,0.807279,0.0
6.55634,0.00729684,62.2129,0.799428,0.0
6.54214,0.00737471,60.7933,0.780654,0.0
6.51229,0.00706865,61.0438,0.785774,0.0
6.49267,0.00684494,58.8894,0.784067,0.0
6.4687,0.00685562,57.6033,0.776558,0.0
6.43888,0.00668732,56.0167,0.785774,0.0
6.42316,0.00661948,55.2818,0.768707,0.0
6.40926,0.00645111,54.6806,0.752322,0.0
6.39113,0.00648797,54.9645,0.771096,0.0
6.37653,0.00644447,53.0605,0.747544,0.0
6.36551,0.00623047,51.7578,0.766318,0.0
6.35053,0.00613704,50.4885,0.773144,0.0
6.33229,0.00618288,50.0042,0.75164,0.0
6.31085,0.00600377,49.6033,0.752322,0.0
6.29401,0.00604602,47.4154,0.737303,0.0
6.28119,0.00568039,47.4489,0.72638,0.0
6.26624,0.00576379,46.7975,0.725698,0.0
6.24509,0.00557648,45.2443,0.719895,0.0
6.23365,0.00563501,44.5929,0.734231,0.0
6.22887,0.00564751,44.3925,0.738327,0.0
6.21494,0.00551625,42.5553,0.694977,0.0
6.19456,0.00541527,42.7557,0.718871,0.0
6.17907,0.00537947,41.1858,0.718529,0.0
6.16828,0.00523174,39.6159,0.673472,0.0
6.15738,0.00511136,38.7641,0.682347,0.0
6.14723,0.00525114,38.6806,0.699414,0.0
6.13483,0.00524912,38.4134,0.68815,0.0
6.12158,0.00509665,36.7766,0.693611,0.0
6.11703,0.00495165,36.309,0.670741,0.0
6.11562,0.00491598,37.1441,0.684395,0.0
6.10222,0.0048497,35.5574,0.684395,0.0
6.08618,0.00483114,34.9562,0.663573,0.0
6.08516,0.00472411,35.4739,0.661525,0.0
6.08837,0.00471258,34.5052,0.649578,0.0
6.08234,0.00471454,34.7557,0.673813,0.0
6.07926,0.00466434,34.3048,0.655722,0.0
6.07738,0.00466473,33.4029,0.656746,0.0
6.0618,0.00457768,31.7829,0.640362,0.0
6.04527,0.00445138,33.0188,0.642068,0.0
6.04101,0.00454357,30.7307,0.647188,0.0
6.03695,0.0044534,31.9833,0.644799,0.0
6.03033,0.00445177,31.0146,0.631487,0.0
6.02372,0.00436251,31.499,0.650261,0.0
6.01868,0.0044045,29.0104,0.631487,0.0
6.01342,0.0042877,30.2797,0.617491,0.0
6.01039,0.00428751,28.8267,0.623636,0.0
6.01094,0.00439819,28.6597,0.636607,0.0
6.00901,0.00436811,29.5115,0.621929,0.0
6.00299,0.00431732,29.1106,0.622953,0.0
5.99677,0.00421621,28.2756,0.620222,0.0
5.99528,0.00413867,28.977,0.615102,0.0
5.98649,0.00408789,26.7557,0.592915,0.0
5.9759,0.00406328,26.8058,0.598035,0.0
5.97543,0.00400045,27.4071,0.621929,0.0
5.96855,0.00412005,25.904,0.597352,0.0
5.95939,0.00403138,25.3862,0.581992,0.0
5.95899,0.00394413,25.5031,0.60452,0.0
5.9548,0.00394674,24.5177,0.578578,0.0
5.94442,0.0038746,24.4175,0.570386,0.0
5.93937,0.00382069,24.1336,0.583698,0.0
5.93806,0.00373117,24.4342,0.576189,0.0
5.92804,0.00372648,21.9123,0.567314,0.0
5.92381,0.00389693,23.1816,0.577554,0.0
5.92619,0.00376347,22.7474,0.574823,0.0
5.92069,0.00371783,23.3152,0.569362,0.0
5.91554,0.00365858,22.1962,0.559804,0.0
5.91062,0.00367993,21.8789,0.562535,0.0
5.90344,0.00367381,21.2276,0.557756,0.0
5.90521,0.00351971,21.1441,0.543078,0.0
5.91046,0.00360083,21.8622,0.547175,0.0
5.90748,0.00348546,21.9123,0.557756,0.0
5.89408,0.0034854,19.8413,0.532497,0.0
5.88901,0.00345857,20.2255,0.534204,0.0
5.89312,0.00352466,20.9269,0.557074,0.0
5.88785,0.00336078,19.3403,0.529425,0.0
5.88026,0.00335961,19.9248,0.538982,0.0
5.88014,0.00332634,18.8727,0.525329,0.0
5.88076,0.00332309,19.4906,0.526353,0.0
5.87858,0.00334822,19.023,0.532838,0.0
5.87387,0.00330505,18.9395,0.528059,0.0
5.87028,0.00332367,18.8058,0.529083,0.0
5.8701,0.00328604,18.405,0.519526,0.0
5.86464,0.00325486,18.6221,0.529425,0.0
5.86043,0.00322484,17.4363,0.499728,0.0
5.86473,0.00322797,17.904,0.508944,0.0
5.86257,0.00322185,17.8539,0.501093,0.0
5.85509,0.0030973,18.0209,0.513382,0.0
5.85523,0.00312712,17.62,0.520891,0.0
5.85494,0.00322862,18.1044,0.513723,0.0
5.84471,0.00306631,15.9165,0.481637,0.0
5.84143,0.00295647,16.0167,0.481637,0.0
5.84604,0.00308734,16.4342,0.486415,0.0
5.84242,0.00314066,15.8831,0.485733,0.0
5.83182,0.00292529,15.6159,0.477882,0.0
5.82942,0.00287991,15.5992,0.475492,0.0
5.83358,0.00297464,14.8643,0.476858,0.0
5.83361,0.0030305,16.2839,0.501776,0.0
5.83216,0.00295335,15.2985,0.478223,0.0
5.82986,0.00303193,14.6973,0.461839,0.0
5.82696,0.00289039,15.0814,0.479588,0.0
5.82661,0.00291331,14.714,0.465593,0.0
5.82438,0.00281024,15.0313,0.47481,0.0
5.82391,0.00294326,14.6305,0.467641,0.0
5.8277,0.00294254,15.5324,0.473444,0.0
5.82331,0.00287255,14.9645,0.471396,0.0
5.81773,0.00284892,14.4969,0.458084,0.0
5.81914,0.00283375,14.7474,0.476858,0.0
5.81745,0.00281005,14.3633,0.464569,0.0
5.81151,0.00284885,13.4447,0.453988,0.0
5.80919,0.00275569,14.2129,0.469007,0.0
5.8152,0.00284482,14.1628,0.448185,0.0
5.81514,0.00277606,13.9791,0.460132,0.0
5.80865,0.00273902,13.5783,0.444089,0.0
5.80692,0.00281565,13.4614,0.446478,0.0
5.81147,0.00289247,13.4781,0.455353,0.0
5.80588,0.00272111,13.595,0.448526,0.0
5.80298,0.00266922,13.6451,0.45194,0.0
5.80729,0.00277678,13.4781,0.45706,0.0
5.80373,0.00268498,13.2109,0.457401,0.0
5.79843,0.00269937,13.0438,0.44443,0.0
5.79796,0.00265998,12.3591,0.436579,0.0
5.79838,0.00271975,12.8267,0.443747,0.0
5.79569,0.00258862,12.81,0.435896,0.0
5.79304,0.00261297,12.1921,0.432142,0.0
5.79332,0.00262938,11.8914,0.428046,0.0
5.79445,0.00263784,12.0084,0.436579,0.0
5.79458,0.00262378,12.9937,0.440334,0.0
5.79337,0.00260073,11.7745,0.418488,0.0
5.79237,0.00260158,12.7766,0.436579,0.0
5.79073,0.00257964,12.309,0.436238,0.0
5.78585,0.0024769,11.3069,0.413709,0.0
5.7881,0.00260887,12.309,0.43692,0.0
5.7934,0.00256486,12.476,0.42907,0.0
5.79015,0.00262599,11.8914,0.442041,0.0
5.78902,0.00264852,12.0585,0.435214,0.0
5.79108,0.0026633,12.977,0.435214,0.0
5.78543,0.00256004,11.2234,0.409613,0.0
5.78128,0.00252384,11.524,0.408248,0.0
5.78756,0.00262111,11.5407,0.419171,0.0
5.78915,0.00256623,12.5428,0.437944,0.0
5.78401,0.00251831,11.0397,0.407224,0.0
5.78355,0.00253979,11.4906,0.418829,0.0
5.78182,0.00249129,11.3403,0.407906,0.0
5.77968,0.00250561,11.2234,0.41644,0.0
5.78049,0.00248927,11.2234,0.412344,0.0
5.77887,0.00254774,10.3048,0.404493,0.0
5.77717,0.00245789,10.9562,0.41132,0.0
5.77926,0.00252319,10.405,0.404834,0.0
5.77576,0.00239246,11.0397,0.412002,0.0
5.77586,0.00255255,11.1733,0.412685,0.0
5.77815,0.00250021,11.1566,0.407565,0.0
5.77577,0.00249168,10.6054,0.405858,0.0
5.77315,0.00240066,10.4384,0.392546,0.0
5.77451,0.00242924,10.6388,0.397325,0.0
5.77433,0.00243028,10.5386,0.399714,0.0
5.77268,0.00239064,10.2213,0.392204,0.0
5.77343,0.00239903,11.2234,0.407565,0.0
5.77127,0.00237195,10.2046,0.402103,0.0
5.77401,0.00248426,11.5574,0.419171,0.0
5.77688,0.00240795,11.4405,0.417805,0.0
5.77064,0.00244252,10.3549,0.401421,0.0
5.76761,0.00237201,10.4885,0.401421,0.0
5.77206,0.00245294,10.7891,0.402103,0.0
5.77112,0.00241036,10.3215,0.40381,0.0
5.76764,0.00240418,10.6555,0.402445,0.0
5.76648,0.00231134,9.82046,0.393228,0.0
5.76749,0.00236505,10.5386,0.403127,0.0
5.77012,0.00240795,10.7557,0.407565,0.0
5.76391,0.0023644,9.78706,0.384012,0.0
5.75984,0.00232774,9.40292,0.378209,0.0
5.76292,0.00236407,9.80376,0.390156,0.0
5.76167,0.00234643,9.88727,0.400055,0.0
5.75849,0.00227462,8.83507,0.375137,0.0
5.75594,0.00222383,9.35282,0.376844,0.0
5.75606,0.0023325,8.36743,0.366945,0.0
5.7541,0.00223653,9.23591,0.384353,0.0
5.75135,0.00212598,8.25052,0.357387,0.0
5.75355,0.00223093,9.43633,0.38094,0.0
5.75417,0.00225404,9.05219,0.376844,0.0
5.74824,0.00219076,8.63466,0.368652,0.0
5.74605,0.00208503,8.06681,0.356705,0.0
5.74698,0.00212904,7.83299,0.350902,0.0
5.74635,0.00213002,7.81628,0.346464,0.0
5.74946,0.00213848,8.55115,0.356022,0.0
5.74921,0.00211048,8.28392,0.355681,0.0
5.74662,0.00221185,8.23382,0.359777,0.0
5.74604,0.0021112,8.53445,0.364555,0.0
5.74407,0.00212722,7.86639,0.360801,0.0
5.73972,0.00206322,6.98121,0.339637,0.0
5.73976,0.00203594,7.88309,0.349878,0.0
5.74058,0.00200475,7.53236,0.35295,0.0
5.73881,0.00204759,7.81628,0.337589,0.0
5.73616,0.00207461,7.31524,0.350219,0.0
5.73489,0.00202838,6.73069,0.331104,0.0
5.73517,0.00199635,6.98121,0.329397,0.0
5.7363,0.00206341,7.84969,0.35807,0.0
5.73572,0.00206016,7.03132,0.34032,0.0
5.73006,0.00198724,6.58038,0.320863,0.0
5.72978,0.00200306,7.39875,0.345099,0.0
5.73189,0.00197148,6.56367,0.326666,0.0
5.73002,0.00191972,6.8977,0.333152,0.0
5.7309,0.00196315,6.8309,0.331104,0.0
5.72948,0.00192024,6.41336,0.324277,0.0
5.72721,0.00191451,6.27975,0.311989,0.0
5.72879,0.00194505,6.8309,0.325301,0.0
5.72658,0.00189225,6.76409,0.331104,0.0
5.72374,0.0019125,6.24635,0.317791,0.0
5.72532,0.0019235,6.07933,0.316426,0.0
5.72379,0.0018412,5.96242,0.31233,0.0
5.72155,0.00187232,5.89562,0.309258,0.0
5.72446,0.00184036,6.63048,0.318474,0.0
5.72396,0.00182629,6.46347,0.318133,0.0
5.71988,0.00183222,5.6952,0.299017,0.0
5.71813,0.00175904,5.42797,0.295604,0.0
5.71743,0.00176106,5.06054,0.289801,0.0
5.71786,0.00171047,5.7119,0.299359,0.0
5.71863,0.00175917,5.49478,0.293215,0.0
5.72012,0.00177252,5.6952,0.297993,0.0
5.718,0.00175631,5.49478,0.296969,0.0
5.7157,0.00177792,5.32777,0.293556,0.0
5.71729,0.00176177,5.61169,0.296287,0.0
5.7169,0.00174895,5.21086,0.28707,0.0
5.71529,0.00174504,5.64509,0.296969,0.0
5.71445,0.00169537,5.07724,0.283316,0.0
5.71159,0.00169263,5.57829,0.297652,0.0
5.71099,0.00168326,4.89353,0.28195,0.0
5.71347,0.00172186,5.39457,0.291849,0.0
5.71519,0.00177401,5.46138,0.300041,0.0
5.71361,0.0017341,5.52818,0.297652,0.0
5.71206,0.00167857,5.01044,0.285705,0.0
5.71003,0.00171327,4.65971,0.274782,0.0
5.7121,0.00168593,4.72651,0.270003,0.0
5.7117,0.00168313,4.99374,0.286388,0.0
5.71209,0.00173547,5.21086,0.286046,0.0
5.71315,0.00170448,5.26096,0.288094,0.0
5.71344,0.00176431,5.41127,0.290484,0.0
5.71353,0.00175624,4.96033,0.283657,0.0
5.71119,0.00169973,5.14405,0.282633,0.0
5.70768,0.00164003,4.99374,0.288094,0.0
5.70891,0.00161795,4.77662,0.276489,0.0
5.71029,0.00167421,4.70981,0.27683,0.0
5.70981,0.00164901,4.96033,0.282633,0.0
5.70922,0.00168215,4.6096,0.273417,0.0
5.70845,0.00167017,4.70981,0.277854,0.0
5.70763,0.00163892,4.5428,0.271027,0.0
5.70633,0.0015854,4.34238,0.263859,0.0
5.70591,0.00157687,4.45929,0.267955,0.0
5.70608,0.00156704,4.12526,0.257373,0.0
5.7072,0.00158748,5.07724,0.282292,0.0
5.70618,0.00162095,4.64301,0.26932,0.0
5.70318,0.00161971,4.17537,0.257715,0.0
5.70412,0.0016147,4.6096,0.275465,0.0
5.70507,0.00157961,4.12526,0.252936,0.0
5.70448,0.00157147,4.50939,0.271027,0.0
5.70505,0.00156353,4.65971,0.269662,0.0
5.70399,0.00159308,4.27557,0.261128,0.0
5.70206,0.00161307,3.69102,0.244744,0.0
5.70124,0.0015283,4.17537,0.258739,0.0
5.70146,0.0015242,4.10856,0.253619,0.0
5.703,0.00149914,4.07516,0.254984,0.0
5.70324,0.0015481,3.90814,0.25396,0.0
5.70029,0.00149406,4.32568,0.271027,0.0
5.69884,0.00148227,3.29019,0.226994,0.0
5.69914,0.00151391,3.85804,0.253619,0.0
5.69945,0.00144477,3.67432,0.242013,0.0
5.69851,0.00142791,3.67432,0.240648,0.0
5.69917,0.00150923,3.84134,0.251229,0.0
5.69988,0.00152661,4.05846,0.252595,0.0
5.69956,0.00155604,4.10856,0.25908,0.0
5.6984,0.00149738,4.14196,0.255667,0.0
5.69684,0.00150044,3.59081,0.240648,0.0
5.69583,0.00148429,3.69102,0.24372,0.0
5.69601,0.00148703,3.67432,0.242013,0.0
5.6945,0.00143006,3.59081,0.240648,0.0
5.69291,0.00143116,3.10647,0.226311,0.0
5.69438,0.00139939,3.3904,0.233821,0.0
5.69555,0.00139308,3.52401,0.242354,0.0
5.69406,0.0014324,3.25678,0.23109,0.0
5.69189,0.00138885,3.03967,0.226652,0.0
5.69506,0.00139119,3.4071,0.234162,0.0
5.6956,0.00137778,3.05637,0.22358,0.0
5.69185,0.0013574,3.24008,0.230407,0.0
5.6921,0.00139034,3.00626,0.220508,0.0
5.69313,0.00136931,3.4238,0.237234,0.0
5.69156,0.00137804,3.07307,0.231431,0.0
5.6898,0.00135219,2.98956,0.217436,0.0
5.68939,0.00135408,2.88935,0.224263,0.0
5.68965,0.00131156,2.82255,0.214705,0.0
5.69126,0.00135766,3.03967,0.222898,0.0
5.68976,0.0013324,2.82255,0.214705,0.0
5.68793,0.00129952,2.80585,0.211292,0.0
5.68952,0.0013395,2.80585,0.217778,0.0
5.68844,0.00135128,2.82255,0.214705,0.0
5.68684,0.00130551,2.75574,0.213681,0.0
5.6878,0.00130173,2.67223,0.20822,0.0
5.68922,0.00127804,2.73904,0.211975,0.0
5.68833,0.00128435,2.75574,0.212316,0.0
5.68717,0.00128194,2.57203,0.203441,0.0
5.6864,0.00127908,2.57203,0.211292,0.0
5.68699,0.00129047,2.52192,0.202758,0.0
5.68529,0.00122159,2.48852,0.201734,0.0
5.68594,0.00129906,2.62213,0.202417,0.0
5.68624,0.00126391,2.3382,0.193201,0.0
5.68456,0.00123292,2.50522,0.199345,0.0
5.68702,0.0012587,2.82255,0.21334,0.0
5.68704,0.00128136,2.50522,0.208903,0.0
5.68416,0.00124105,2.58873,0.203782,0.0
5.68374,0.00121527,2.2881,0.189787,0.0
5.68597,0.00122868,2.60543,0.20583,0.0
5.68362,0.00122608,2.22129,0.190129,0.0
5.68332,0.00121514,2.62213,0.210609,0.0
5.68521,0.00123012,2.52192,0.205489,0.0
5.68315,0.00122354,2.37161,0.195932,0.0
5.68037,0.00117094,2.22129,0.197297,0.0
5.68353,0.00117829,2.2881,0.191153,0.0
5.68491,0.0012018,2.60543,0.204465,0.0
5.68297,0.0011906,2.3048,0.193542,0.0
5.68094,0.00111175,1.98747,0.180912,0.0
5.68139,0.00116097,2.38831,0.195249,0.0
5.68288,0.00119366,2.40501,0.205489,0.0
5.68148,0.00118702,2.10438,0.185691,0.0
5.68069,0.00115498,2.15449,0.187398,0.0
5.67933,0.0011611,1.97077,0.178523,0.0
5.68,0.00113396,2.18789,0.186033,0.0
5.6815,0.00118018,2.3382,0.193201,0.0
5.68317,0.00123526,2.17119,0.188081,0.0
5.68167,0.00117432,2.3382,0.194566,0.0
5.68105,0.00117875,2.40501,0.202758,0.0
5.68187,0.00117933,2.05428,0.181936,0.0
5.68001,0.00113682,2.07098,0.187057,0.0
5.68141,0.00114372,2.17119,0.189787,0.0
5.68273,0.00117002,2.08768,0.189446,0.0
5.6817,0.00116716,1.82046,0.170331,0.0
5.68257,0.0012143,2.12109,0.183302,0.0
5.68221,0.00118155,2.15449,0.187398,0.0
5.68076,0.00114008,1.97077,0.176816,0.0
5.6826,0.00120954,2.53862,0.204806,0.0
5.68221,0.00115245,1.88727,0.174768,0.0
5.67838,0.00109704,2.15449,0.187398,0.0
5.68108,0.00113754,2.17119,0.188081,0.0
5.68156,0.00113356,2.08768,0.181936,0.0
5.67907,0.00115524,2.3382,0.197638,0.0
5.67854,0.00111345,1.88727,0.174768,0.0
5.67917,0.00110856,1.88727,0.178182,0.0
5.67934,0.00110316,1.75365,0.172379,0.0
5.6797,0.00109737,2.08768,0.181936,0.0
5.67962,0.00113382,1.87056,0.175792,0.0
5.67833,0.00110544,1.93737,0.178523,0.0
5.67932,0.00111377,2.07098,0.187057,0.0
5.67816,0.00111494,1.56994,0.160432,0.0
5.67551,0.00102979,1.38622,0.149509,0.0
5.67706,0.0010848,1.83716,0.17272,0.0
5.67861,0.00113617,1.98747,0.180912,0.0
5.67807,0.00110739,1.97077,0.181595,0.0
5.67807,0.00112302,1.95407,0.179206,0.0
5.67745,0.00107699,1.45303,0.156677,0.0
5.67639,0.00105205,1.72025,0.169307,0.0
5.67776,0.00109489,1.80376,0.173061,0.0
5.67691,0.00108636,1.92067,0.179547,0.0
5.67636,0.00107881,1.68685,0.165893,0.0
5.6791,0.00111195,1.90397,0.175792,0.0
5.67963,0.00109216,1.97077,0.18023,0.0
5.67914,0.00111234,1.80376,0.171355,0.0
5.67736,0.00111468,1.75365,0.172379,0.0
5.6772,0.00110095,1.73695,0.169989,0.0
5.67646,0.00104899,1.60334,0.165552,0.0
5.67739,0.00108779,1.97077,0.183302,0.0
5.67915,0.00114808,1.93737,0.178523,0.0
5.67712,0.0010891,1.83716,0.17272,0.0
5.67627,0.0010792,1.80376,0.171355,0.0
5.67653,0.00104886,1.62004,0.162821,0.0
5.67665,0.00108825,1.67015,0.165211,0.0
5.67643,0.00102087,1.62004,0.161114,0.0
5.67734,0.00104678,1.83716,0.17272,0.0
5.67724,0.00107536,1.65344,0.166235,0.0
5.67757,0.00108708,1.77035,0.169648,0.0
5.67885,0.00112803,2.18789,0.188763,0.0
5.67832,0.00107842,1.67015,0.163504,0.0
5.67516,0.00106989,1.63674,0.161797,0.0
5.67677,0.00108122,1.77035,0.171355,0.0
5.67717,0.0010749,1.75365,0.172379,0.0
5.67683,0.00110876,1.92067,0.176475,0.0
5.67791,0.00110882,2.02088,0.179206,0.0
5.67806,0.00111221,1.73695,0.166576,0.0
5.67613,0.00108988,1.97077,0.18023,0.0
5.6755,0.00101364,1.48643,0.158042,0.0
5.67447,0.000977375,1.46973,0.153946,0.0
5.6732,0.000968846,1.55324,0.161456,0.0
5.67505,0.0010626,1.82046,0.17511,0.0
5.67448,0.00102835,1.48643,0.158042,0.0
5.67408,0.00103786,1.50313,0.155312,0.0
5.67473,0.00103174,1.62004,0.166235,0.0
5.67424,0.00102314,1.38622,0.149509,0.0
5.67347,0.000988508,1.45303,0.152922,0.0
5.67349,0.000931344,1.21921,0.14234,0.0
5.67445,0.00104216,1.55324,0.158042,0.0
5.67624,0.00104704,1.62004,0.162821,0.0
5.67491,0.00102451,1.65344,0.162821,0.0
5.67443,0.00104229,1.50313,0.15736,0.0
5.67494,0.00102458,1.63674,0.163504,0.0
5.6739,0.00102347,1.38622,0.149509,0.0
5.67412,0.000996581,1.43633,0.159408,0.0
5.67502,0.00101422,1.53653,0.158725,0.0
5.67452,0.00102262,1.45303,0.158384,0.0
5.67565,0.00106364,1.63674,0.165211,0.0
5.67647,0.00105713,1.73695,0.173061,0.0
5.6752,0.00103604,1.48643,0.154629,0.0
5.67292,0.000985773,1.36952,0.152239,0.0
5.67421,0.000977635,1.1691,0.137562,0.0
5.67626,0.00101761,1.60334,0.162138,0.0
5.67527,0.000987792,1.40292,0.153946,0.0
5.67438,0.00103545,1.67015,0.165211,0.0
5.67468,0.000984732,1.23591,0.141316,0.0
5.67222,0.000994107,1.25261,0.14234,0.0
5.6735,0.000975552,1.48643,0.154629,0.0
5.6733,0.0010014,1.36952,0.152239,0.0
5.67165,0.000921839,1.20251,0.141658,0.0
5.67394,0.000982909,1.41962,0.152922,0.0
5.67472,0.0010083,1.58664,0.161456,0.0
5.67295,0.000972947,1.26931,0.143365,0.0
5.67309,0.000990656,1.26931,0.147119,0.0
5.6725,0.000960577,1.21921,0.14234,0.0
5.67275,0.000978221,1.45303,0.156677,0.0
5.67286,0.000987466,1.1524,0.136879,0.0
5.67235,0.000963507,1.40292,0.153946,0.0
5.67336,0.00101409,1.46973,0.155653,0.0
5.67284,0.000955499,1.46973,0.155653,0.0
5.67235,0.000966046,1.36952,0.152239,0.0
5.67359,0.000983039,1.50313,0.15736,0.0
5.67352,0.000999966,1.38622,0.153264,0.0
5.67394,0.000988898,1.48643,0.154629,0.0
5.6752,0.000987206,1.48643,0.154629,0.0
5.67371,0.000978351,1.25261,0.14234,0.0
5.67274,0.000932451,1.38622,0.149509,0.0
5.67351,0.000942738,1.31942,0.146095,0.0
5.67341,0.00103434,1.28601,0.146095,0.0
5.67298,0.00102373,1.43633,0.155653,0.0
5.67281,0.000994563,1.23591,0.141316,0.0
5.6716,0.000970669,1.35282,0.147802,0.0
5.67205,0.000978481,1.33612,0.150533,0.0
5.67376,0.000994432,1.53653,0.158725,0.0
5.67298,0.000995735,1.51983,0.158042,0.0
5.67138,0.000946644,1.31942,0.146095,0.0
5.67155,0.00094404,1.25261,0.14234,0.0
5.67217,0.000961358,1.06889,0.131759,0.0
5.67168,0.000958298,1.119,0.134831,0.0
5.67343,0.00100192,1.53653,0.160773,0.0
5.67161,0.000942087,1.1357,0.135855,0.0
5.67086,0.000971775,1.43633,0.152239,0.0
5.67288,0.000967999,1.30271,0.147119,0.0
5.67054,0.000940134,1.00209,0.127663,0.0
5.67002,0.000945863,1.30271,0.145071,0.0
5.67297,0.00101924,1.26931,0.147119,0.0
5.67052,0.000930238,1.1524,0.136879,0.0
5.67012,0.000905953,1.1524,0.136879,0.0
5.67182,0.000903284,1.1023,0.133807,0.0
5.67087,0.000908102,0.868476,0.119129,0.0
5.67056,0.000922034,1.1524,0.138927,0.0
5.67142,0.000931019,1.23591,0.141316,0.0
5.67173,0.000939092,1.1524,0.138927,0.0
5.67139,0.000948402,1.1524,0.140634,0.0
5.67047,0.000933753,0.985386,0.129028,0.0
5.67059,0.000909013,1.05219,0.130735,0.0
5.67085,0.00087939,0.835073,0.11674,0.0
5.67138,0.000915979,1.35282,0.151557,0.0
5.67119,0.000916891,1.1691,0.137562,0.0
5.67028,0.000882124,0.985386,0.129028,0.0
5.67001,0.000942022,1.25261,0.14234,0.0
5.67155,0.000959015,1.40292,0.153946,0.0
5.67038,0.000965851,1.1023,0.135855,0.0
5.66908,0.000907516,0.91858,0.124591,0.0
5.67047,0.000931214,1.20251,0.141658,0.0
5.67041,0.000936423,0.985386,0.129028,0.0
5.66905,0.00086435,0.935282,0.125615,0.0
5.66941,0.000856798,1.03549,0.129711,0.0
5.67041,0.000873335,1.1524,0.138927,0.0
5.66996,0.000912985,1.26931,0.145071,0.0
5.66969,0.000926071,1.1023,0.133807,0.0
5.67,0.000938832,1.03549,0.1321,0.0
5.66992,0.000907776,0.901879,0.123567,0.0
5.67044,0.000883622,1.25261,0.144389,0.0
5.67068,0.000899377,0.968685,0.128004,0.0
5.67045,0.000949118,1.00209,0.130052,0.0
5.67032,0.000897034,1.05219,0.130735,0.0
5.66973,0.000876851,0.784969,0.113326,0.0
5.66856,0.000856993,0.968685,0.130052,0.0
5.67064,0.000903219,1.1691,0.137562,0.0
5.67174,0.000887984,1.25261,0.14234,0.0
5.66953,0.000922685,1.00209,0.130052,0.0
5.67017,0.000896968,0.951983,0.124591,0.0
5.67051,0.000901982,1.06889,0.133807,0.0
5.66966,0.000900224,1.1691,0.137562,0.0
5.67059,0.000900028,1.03549,0.129711,0.0
5.67149,0.000910055,1.1524,0.136879,0.0
5.6709,0.000886877,0.901879,0.125956,0.0
5.67023,0.000895276,1.31942,0.14985,0.0
5.67035,0.000900419,1.06889,0.131759,0.0
5.66851,0.000867605,0.91858,0.122543,0.0
5.66907,0.000907841,1.1357,0.135855,0.0
5.66957,0.000885575,0.901879,0.121518,0.0
5.66992,0.000893518,0.951983,0.124591,0.0
5.66934,0.000859663,0.985386,0.126639,0.0
5.66905,0.00090107,1.1691,0.137562,0.0
5.66904,0.000869428,0.968685,0.125615,0.0
5.66919,0.00094365,1.1357,0.137903,0.0
5.66943,0.000890718,1.05219,0.130735,0.0
5.66911,0.000862462,0.751566,0.110937,0.0
5.67003,0.000907385,0.91858,0.12698,0.0
5.6701,0.000917802,1.06889,0.135855,0.0
5.66828,0.000875028,0.818372,0.118105,0.0
5.6688,0.000877827,0.835073,0.119129,0.0
5.6698,0.000888374,0.985386,0.126639,0.0
5.66959,0.000886096,0.91858,0.122543,0.0
5.66907,0.000908688,1.119,0.136879,0.0
5.66999,0.000884468,0.901879,0.121518,0.0
5.66897,0.000896513,0.885177,0.120153,0.0
5.66904,0.000887593,1.1357,0.135855,0.0
5.66931,0.000881668,1.08559,0.136879,0.0
5.66928,0.000866303,0.901879,0.121518,0.0
5.66898,0.000902112,1.1023,0.133807,0.0
5.66862,0.000887528,1.30271,0.147119,0.0
5.66889,0.000890262,1.00209,0.136196,0.0
5.66885,0.000881734,1.1357,0.135855,0.0
5.66833,0.000879194,0.901879,0.121518,0.0
5.667,0.00084586,0.56785,0.0966004,0.0
5.66756,0.000808098,0.80167,0.114692,0.0
5.66761,0.000895015,0.951983,0.12698,0.0
5.66872,0.000887788,0.91858,0.122543,0.0
5.66871,0.000844558,0.951983,0.124591,0.0
5.6681,0.000837722,0.734864,0.109913,0.0
5.66798,0.000836875,0.80167,0.117081,0.0
5.66825,0.000841303,1.119,0.134831,0.0
5.66924,0.000859793,0.851775,0.118105,0.0
5.66975,0.000899573,1.08559,0.132783,0.0
5.66821,0.000831211,0.768267,0.112302,0.0
5.66802,0.000851394,0.868476,0.123908,0.0
5.66907,0.000876134,1.01879,0.131076,0.0
5.6696,0.000872358,0.851775,0.118105,0.0
5.66848,0.000885445,0.968685,0.125615,0.0
5.66809,0.000838438,0.80167,0.114692,0.0
5.66773,0.000839154,0.851775,0.120494,0.0
5.66815,0.000851134,0.951983,0.12698,0.0
5.66795,0.000863699,0.668058,0.104793,0.0
5.66834,0.000819948,0.818372,0.115716,0.0
5.67001,0.000913115,1.08559,0.134831,0.0
5.67011,0.000859011,0.885177,0.122543,0.0
5.66755,0.00087978,0.985386,0.129028,0.0
5.66763,0.000816627,0.80167,0.117081,0.0
5.66789,0.000843842,0.885177,0.120153,0.0
5.66789,0.000838047,0.868476,0.119129,0.0
5.66822,0.000822292,0.951983,0.124591,0.0
5.66797,0.000848204,0.885177,0.122543,0.0
5.66826,0.000863699,0.885177,0.120153,0.0
5.66792,0.000829779,0.734864,0.109913,0.0
5.66704,0.000805429,0.818372,0.118105,0.0
5.66713,0.000840782,0.951983,0.124591,0.0
5.66794,0.000835117,0.80167,0.114692,0.0
5.66699,0.000806536,0.718163,0.108547,0.0
5.66784,0.000817669,0.768267,0.112302,0.0
5.66805,0.000858035,0.91858,0.122543,0.0
5.66879,0.000859988,0.851775,0.120494,0.0
5.66794,0.000841368,0.935282,0.123567,0.0
5.66727,0.000842735,0.901879,0.123567,0.0
5.66732,0.000866499,0.885177,0.120153,0.0
5.66908,0.000853868,0.885177,0.122543,0.0
5.66852,0.000856407,0.784969,0.115716,0.0
5.66785,0.000867345,0.91858,0.122543,0.0
5.66823,0.000849441,0.91858,0.124591,0.0
5.66827,0.000858556,0.818372,0.118105,0.0
5.66781,0.000840456,0.968685,0.128004,0.0
5.66829,0.000853087,0.885177,0.120153,0.0
5.66824,0.000877241,0.885177,0.120153,0.0
5.66705,0.000831406,0.818372,0.118105,0.0
5.66713,0.000856147,0.818372,0.115716,0.0
5.66852,0.000817539,0.868476,0.119129,0.0
5.66862,0.000862006,1.00209,0.127663,0.0
5.66822,0.000875548,0.951983,0.131076,0.0
5.66735,0.000839154,0.80167,0.114692,0.0
5.66715,0.000841954,0.718163,0.110937,0.0
5.66806,0.000833295,0.851775,0.120494,0.0
5.66837,0.0008887,0.91858,0.122543,0.0
5.66776,0.000839284,0.818372,0.115716,0.0
5.6672,0.000822487,0.718163,0.108547,0.0
5.66845,0.000825091,0.68476,0.106158,0.0
5.66648,0.000808619,0.668058,0.104793,0.0
5.66725,0.000858491,0.851775,0.118105,0.0
5.66798,0.000832383,0.835073,0.11674,0.0
5.66738,0.000824375,0.868476,0.119129,0.0
5.66793,0.000830625,0.818372,0.115716,0.0
5.6682,0.000820208,1.03549,0.129711,0.0
5.66801,0.000802499,0.734864,0.109913,0.0
5.66707,0.00080888,0.784969,0.113326,0.0
5.668,0.000856342,0.784969,0.115716,0.0
5.66835,0.000865848,0.701461,0.107182,0.0
5.66862,0.000856082,0.935282,0.125615,0.0
5.6682,0.000858295,0.901879,0.123567,0.0
5.66776,0.000897164,1.20251,0.141658,0.0
5.66792,0.000822812,0.617954,0.106158,0.0
5.66691,0.000817604,0.784969,0.118105,0.0
5.66846,0.000820794,0.651357,0.103427,0.0
5.66778,0.000847748,0.851775,0.120494,0.0
5.66592,0.0007997,0.584551,0.0979658,0.0
5.66758,0.000770662,0.835073,0.11674,0.0
5.66915,0.000834792,0.818372,0.115716,0.0
5.66709,0.000823984,0.868476,0.119129,0.0
5.66652,0.000833229,0.68476,0.108547,0.0
5.66752,0.000819622,0.851775,0.118105,0.0
5.66826,0.00085797,0.935282,0.123567,0.0
5.66939,0.000872619,0.935282,0.123567,0.0
5.66776,0.000811484,0.851775,0.118105,0.0
5.66764,0.000841628,0.885177,0.120153,0.0
5.66821,0.000851003,0.784969,0.113326,0.0
5.6672,0.000822943,0.80167,0.117081,0.0
5.66889,0.000880822,0.851775,0.120494,0.0
5.66832,0.000838177,0.80167,0.114692,0.0
5.66569,0.000798007,0.734864,0.109913,0.0
5.66657,0.000822226,0.851775,0.118105,0.0
5.66843,0.000863178,0.751566,0.113326,0.0
5.66696,0.000795858,0.80167,0.117081,0.0
5.66758,0.000831276,0.851775,0.122543,0.0
5.66861,0.000837526,0.80167,0.117081,0.0
5.66725,0.000806731,0.56785,0.0966004,0.0
5.66661,0.000807447,0.935282,0.123567,0.0
5.66783,0.000852761,0.80167,0.117081,0.0
5.66748,0.000811289,0.751566,0.113326,0.0
5.66666,0.000814153,0.701461,0.109913,0.0
5.66764,0.000833034,0.835073,0.11674,0.0
5.66819,0.000831472,0.901879,0.121518,0.0
5.66777,0.000855886,0.951983,0.124591,0.0
5.66772,0.000819232,0.80167,0.114692,0.0
5.66787,0.000812981,0.885177,0.120153,0.0
5.66766,0.000826589,0.68476,0.108547,0.0
5.66779,0.000804127,0.734864,0.109913,0.0
5.66791,0.000827565,0.835073,0.119129,0.0
5.66768,0.000832383,0.784969,0.118105,0.0
5.66711,0.000831211,0.751566,0.110937,0.0
5.66651,0.00080927,0.617954,0.100697,0.0
5.66622,0.000766886,0.467641,0.0877254,0.0
5.66683,0.000813632,0.80167,0.114692,0.0
5.66778,0.000810182,0.668058,0.112302,0.0
5.66796,0.000854975,0.985386,0.126639,0.0
5.6675,0.000856472,0.634656,0.104793,0.0
5.66648,0.000764803,0.734864,0.112302,0.0
5.66685,0.000801002,0.784969,0.113326,0.0
5.66609,0.000811289,0.668058,0.107523,0.0
5.66627,0.000798658,0.818372,0.115716,0.0
5.6676,0.000819883,0.851775,0.120494,0.0
5.66696,0.000823789,0.935282,0.123567,0.0
5.66685,0.000807187,0.668058,0.104793,0.0
5.66702,0.000800155,0.768267,0.112302,0.0
5.66763,0.000815065,0.851775,0.120494,0.0
5.6681,0.000820469,0.718163,0.110937,0.0
5.66717,0.000794166,0.668058,0.104793,0.0
5.66756,0.000828021,0.835073,0.11674,0.0
5.66658,0.000780884,0.768267,0.114692,0.0
5.66621,0.000797486,0.617954,0.100697,0.0
5.66656,0.000788306,0.80167,0.114692,0.0
5.66673,0.000825286,0.80167,0.114692,0.0
5.66724,0.000806275,0.768267,0.114692,0.0
5.66949,0.000841823,0.851775,0.118105,0.0
5.6684,0.000830951,0.751566,0.113326,0.0
5.66617,0.000787395,0.784969,0.113326,0.0
5.66698,0.000800741,0.601253,0.0993311,0.0
5.66714,0.000793775,0.868476,0.119129,0.0
5.66728,0.000834532,0.851775,0.118105,0.0
5.66611,0.000804192,0.68476,0.106158,0.0
5.66702,0.000800351,0.734864,0.109913,0.0
5.66667,0.000808554,0.885177,0.120153,0.0
5.66693,0.000820013,0.718163,0.108547,0.0
5.66657,0.000839219,0.734864,0.109913,0.0
5.66704,0.000831667,0.885177,0.120153,0.0
5.66649,0.000787525,0.634656,0.102062,0.0
5.6667,0.000772225,0.768267,0.112302,0.0
5.66737,0.000818711,0.534447,0.0938696,0.0
5.66632,0.000795989,0.835073,0.11674,0.0
5.6674,0.000838112,0.885177,0.122543,0.0
5.66696,0.000814935,0.668058,0.104793,0.0
5.66582,0.000801718,0.68476,0.106158,0.0
5.6667,0.000794296,0.668058,0.107523,0.0
5.66754,0.000806601,0.768267,0.112302,0.0
5.6674,0.000812721,0.784969,0.113326,0.0
5.66652,0.000798007,0.851775,0.118105,0.0
5.66563,0.000754256,0.450939,0.0863601,0.0
5.6656,0.000750284,0.784969,0.113326,0.0
5.66673,0.000795272,0.601253,0.102403,0.0
5.66749,0.000796314,0.818372,0.115716,0.0
5.66588,0.000820013,0.634656,0.102062,0.0
5.66464,0.000721377,0.56785,0.0966004,0.0
5.66586,0.000769556,0.634656,0.102062,0.0
5.66564,0.000737198,0.484342,0.0894322,0.0
5.66522,0.000759334,0.450939,0.0894322,0.0
5.6662,0.000775415,0.68476,0.106158,0.0
5.66624,0.000792929,0.617954,0.100697,0.0
5.66352,0.000756013,0.501044,0.0907975,0.0
5.66267,0.000686936,0.434238,0.0846533,0.0
5.66407,0.000694488,0.450939,0.0863601,0.0
5.66498,0.000723656,0.417537,0.0829466,0.0
5.66358,0.000746508,0.634656,0.102062,0.0
5.66423,0.000770272,0.601253,0.0993311,0.0
5.66442,0.000702366,0.417537,0.0829466,0.0
5.6633,0.000714671,0.417537,0.0829466,0.0
5.66245,0.000694618,0.417537,0.0829466,0.0
5.66319,0.000707444,0.417537,0.0829466,0.0
5.66427,0.000719814,0.400835,0.0815812,0.0
5.66391,0.000704189,0.317328,0.0723649,0.0
5.66438,0.000692014,0.400835,0.0815812,0.0
5.66411,0.000719033,0.56785,0.0966004,0.0
5.6641,0.000679058,0.350731,0.0761197,0.0
5.66388,0.000685634,0.400835,0.0815812,0.0
5.66395,0.000710765,0.450939,0.0863601,0.0
5.66354,0.000678993,0.400835,0.0815812,0.0
5.66347,0.000700673,0.450939,0.0863601,0.0
5.66343,0.000678732,0.400835,0.0815812,0.0
5.66392,0.000710895,0.417537,0.0829466,0.0
5.66397,0.000742406,0.517745,0.0925043,0.0
5.66457,0.000716299,0.517745,0.0925043,0.0
5.6635,0.000689735,0.350731,0.0761197,0.0
5.66344,0.000699501,0.501044,0.0907975,0.0
5.66332,0.000703212,0.384134,0.083288,0.0
5.66321,0.000699306,0.434238,0.0846533,0.0
5.66282,0.000703342,0.450939,0.0863601,0.0
5.66304,0.000684136,0.400835,0.0815812,0.0
5.66252,0.000685438,0.350731,0.0761197,0.0
5.66213,0.00067144,0.300626,0.0706582,0.0
5.66332,0.00070191,0.501044,0.0938696,0.0
5.66241,0.000696116,0.417537,0.0829466,0.0
5.66287,0.000647612,0.300626,0.0706582,0.0
5.66397,0.000691884,0.501044,0.0907975,0.0
5.66361,0.000718577,0.384134,0.0798745,0.0
5.66323,0.00070165,0.384134,0.0798745,0.0
5.66423,0.00070816,0.517745,0.0925043,0.0
5.66428,0.000711155,0.417537,0.0829466,0.0
5.66385,0.000682378,0.417537,0.0829466,0.0
5.66351,0.000695009,0.56785,0.0966004,0.0
5.66412,0.00071083,0.367432,0.0778265,0.0
5.66262,0.0006745,0.250522,0.064514,0.0
5.66282,0.00067118,0.517745,0.0925043,0.0
5.66416,0.000684331,0.450939,0.0863601,0.0
5.66314,0.000673394,0.23382,0.062466,0.0
5.66304,0.000671766,0.434238,0.0846533,0.0
5.6641,0.000663888,0.350731,0.0761197,0.0
5.66416,0.00071415,0.350731,0.0761197,0.0
5.66327,0.000675672,0.450939,0.0863601,0.0
5.66292,0.000697743,0.384134,0.0798745,0.0
5.66303,0.000671506,0.23382,0.062466,0.0
5.66337,0.000672677,0.434238,0.0846533,0.0
5.66383,0.0007079,0.384134,0.0798745,0.0
5.6633,0.000707184,0.450939,0.0863601,0.0
5.66315,0.000684136,0.350731,0.0761197,0.0
5.66322,0.000689931,0.384134,0.0798745,0.0
5.66227,0.000659786,0.283925,0.0686102,0.0
5.66145,0.000684722,0.217119,0.0600766,0.0
5.66314,0.000720465,0.384134,0.0798745,0.0
5.6635,0.000695204,0.467641,0.0877254,0.0
5.66321,0.000696311,0.450939,0.0863601,0.0
5.66318,0.000734854,0.384134,0.0798745,0.0
5.66262,0.000683355,0.350731,0.0798745,0.0
5.66234,0.000645593,0.183716,0.0552977,0.0
5.66157,0.000662521,0.283925,0.0727063,0.0
5.66241,0.000655685,0.300626,0.0706582,0.0
5.6633,0.000684462,0.367432,0.0778265,0.0
5.6632,0.00066838,0.183716,0.0552977,0.0
5.66249,0.000658159,0.250522,0.0686102,0.0
5.6617,0.000636869,0.267223,0.0665621,0.0
5.66201,0.000650737,0.250522,0.064514,0.0
5.66256,0.000643966,0.334029,0.074413,0.0
5.66274,0.000635697,0.350731,0.0761197,0.0
5.66277,0.000658875,0.250522,0.064514,0.0
5.66154,0.000670464,0.300626,0.0706582,0.0
5.66172,0.000650086,0.217119,0.0600766,0.0
5.66158,0.000646895,0.283925,0.0686102,0.0
5.66206,0.000648002,0.23382,0.062466,0.0
5.66155,0.000666753,0.334029,0.074413,0.0
5.66138,0.000660893,0.183716,0.0552977,0.0
5.66294,0.000680881,0.283925,0.0686102,0.0
5.66272,0.000647416,0.300626,0.0706582,0.0
5.66295,0.000659135,0.350731,0.0761197,0.0
5.66258,0.000650997,0.267223,0.0665621,0.0
5.66182,0.000656922,0.283925,0.0686102,0.0
5.66177,0.000634525,0.217119,0.0600766,0.0
5.66116,0.000614342,0.183716,0.0552977,0.0
5.66135,0.000616165,0.217119,0.0600766,0.0
5.66178,0.000637325,0.217119,0.0600766,0.0
5.66219,0.000640255,0.23382,0.062466,0.0
5.66248,0.000659721,0.317328,0.0723649,0.0
5.66305,0.000675672,0.300626,0.0706582,0.0
5.66217,0.000654708,0.300626,0.0706582,0.0
5.66086,0.000640255,0.217119,0.0600766,0.0
5.66056,0.000620462,0.200418,0.0576872,0.0
5.66168,0.000633939,0.300626,0.0706582,0.0
5.66259,0.000634395,0.23382,0.062466,0.0
5.6629,0.000635632,0.283925,0.0686102,0.0
5.66223,0.000640124,0.200418,0.062466,0.0
5.66067,0.000617012,0.200418,0.0576872,0.0
5.6618,0.000654122,0.250522,0.0686102,0.0
5.66154,0.000682183,0.200418,0.0576872,0.0
5.66133,0.000636218,0.250522,0.064514,0.0
5.66157,0.000642012,0.300626,0.0706582,0.0
5.66179,0.000628015,0.200418,0.0576872,0.0
5.66224,0.000645398,0.400835,0.0815812,0.0
5.66142,0.000615189,0.183716,0.0552977,0.0
5.66072,0.000614798,0.133612,0.0471055,0.0
5.66146,0.000619095,0.267223,0.0665621,0.0
5.66271,0.000631205,0.150313,0.0501776,0.0
5.66173,0.000635697,0.317328,0.0723649,0.0
5.66158,0.000658419,0.317328,0.0723649,0.0
5.66249,0.000660242,0.300626,0.0706582,0.0
5.66183,0.000623327,0.23382,0.062466,0.0
5.66118,0.000610045,0.133612,0.0471055,0.0
5.66169,0.000611022,0.167015,0.052567,0.0
5.66189,0.000589602,0.217119,0.0600766,0.0
5.66227,0.000647481,0.384134,0.0798745,0.0
5.66274,0.000639604,0.267223,0.0665621,0.0
5.66032,0.000620527,0.200418,0.0576872,0.0
5.66044,0.000621895,0.217119,0.0600766,0.0
5.66238,0.000638627,0.300626,0.0706582,0.0
5.66079,0.000640906,0.11691,0.0440334,0.0
5.66097,0.000630033,0.200418,0.0576872,0.0
5.66191,0.000641817,0.217119,0.0600766,0.0
5.66107,0.00062183,0.23382,0.062466,0.0
5.66105,0.000628145,0.250522,0.064514,0.0
5.66147,0.000614928,0.133612,0.0471055,0.0
5.66082,0.000620983,0.283925,0.0686102,0.0
5.66203,0.000651062,0.200418,0.0576872,0.0
5.66142,0.000638887,0.317328,0.0723649,0.0
5.6618,0.00064377,0.300626,0.0706582,0.0
5.66237,0.000646114,0.167015,0.052567,0.0
5.66211,0.000685113,0.400835,0.0815812,0.0
5.66232,0.000644356,0.283925,0.0686102,0.0
5.66173,0.000628601,0.250522,0.064514,0.0
5.66174,0.000643315,0.200418,0.0576872,0.0
5.66197,0.000640124,0.267223,0.0665621,0.0
5.66256,0.000644031,0.317328,0.0723649,0.0
5.66228,0.000650021,0.150313,0.0501776,0.0
5.662,0.000628926,0.300626,0.0706582,0.0
5.66244,0.000635111,0.150313,0.0501776,0.0
5.66204,0.000612194,0.250522,0.064514,0.0
5.66187,0.000651974,0.183716,0.0552977,0.0
5.66026,0.000627233,0.183716,0.0552977,0.0
5.66071,0.000620332,0.100209,0.0409613,0.0
5.66155,0.000638236,0.250522,0.064514,0.0
5.66087,0.000633223,0.167015,0.052567,0.0
5.66155,0.000653211,0.334029,0.074413,0.0
5.66254,0.000656661,0.300626,0.074413,0.0
5.66133,0.000639538,0.133612,0.0471055,0.0
5.66136,0.000623392,0.200418,0.0576872,0.0
5.6613,0.000633093,0.250522,0.064514,0.0
5.66139,0.000619746,0.217119,0.0600766,0.0
5.66218,0.000636153,0.23382,0.062466,0.0
5.66159,0.000649044,0.267223,0.0665621,0.0
5.66137,0.000596178,0.133612,0.0471055,0.0
5.66143,0.000616426,0.167015,0.052567,0.0
5.66071,0.000617532,0.100209,0.0409613,0.0
5.66117,0.000638041,0.283925,0.0686102,0.0
5.66192,0.000634525,0.217119,0.0600766,0.0
5.66108,0.000602428,0.167015,0.052567,0.0
5.66112,0.000602233,0.167015,0.052567,0.0
5.66107,0.000618639,0.150313,0.0501776,0.0
5.66075,0.000601712,0.267223,0.0665621,0.0
5.66115,0.000619811,0.200418,0.0576872,0.0
5.66193,0.00062502,0.23382,0.062466,0.0
5.66186,0.000624434,0.150313,0.0501776,0.0
5.66126,0.000625866,0.200418,0.0576872,0.0
5.66132,0.000659526,0.283925,0.0686102,0.0
5.6622,0.000626322,0.250522,0.064514,0.0
5.66116,0.000620072,0.200418,0.0576872,0.0
5.66128,0.000620397,0.183716,0.0552977,0.0
5.66086,0.000619941,0.217119,0.0600766,0.0
5.66224,0.000638497,0.217119,0.0600766,0.0
5.6619,0.00062196,0.200418,0.0576872,0.0
5.66109,0.000639213,0.23382,0.062466,0.0
5.6611,0.000624108,0.167015,0.052567,0.0
5.66138,0.000621895,0.167015,0.052567,0.0
5.66094,0.000647156,0.23382,0.062466,0.0
5.66144,0.000616426,0.217119,0.0600766,0.0
5.66119,0.000626973,0.267223,0.0665621,0.0
5.66165,0.000649304,0.217119,0.0600766,0.0
5.66121,0.000625866,0.183716,0.0552977,0.0
5.66163,0.000629642,0.267223,0.0665621,0.0
5.66212,0.000638562,0.283925,0.0686102,0.0
5.66168,0.000629968,0.23382,0.062466,0.0
5.66134,0.000629187,0.200418,0.0576872,0.0
5.66264,0.00066838,0.334029,0.074413,0.0
5.66215,0.00063114,0.200418,0.0576872,0.0
5.66182,0.00061929,0.167015,0.052567,0.0
5.66179,0.000630554,0.200418,0.0576872,0.0
5.66124,0.000607441,0.183716,0.0552977,0.0
5.66092,0.000616816,0.183716,0.0552977,0.0
5.66169,0.000611282,0.150313,0.0501776,0.0
5.66129,0.000620983,0.200418,0.0576872,0.0
5.66142,0.000655099,0.317328,0.0723649,0.0
5.66172,0.000608353,0.0835073,0.0372065,0.0
5.66101,0.000612064,0.167015,0.052567,0.0
5.66122,0.000612259,0.167015,0.052567,0.0
5.66147,0.000621374,0.300626,0.0706582,0.0
5.66115,0.000600865,0.167015,0.052567,0.0
5.66157,0.000606595,0.183716,0.0552977,0.0
5.66158,0.000623652,0.150313,0.0501776,0.0
5.66072,0.000629772,0.250522,0.064514,0.0
5.66078,0.000630879,0.283925,0.0686102,0.0
5.66078,0.000619811,0.183716,0.0552977,0.0
5.66094,0.000627429,0.317328,0.0723649,0.0
5.66143,0.000675868,0.250522,0.064514,0.0
5.66044,0.000632832,0.183716,0.0552977,0.0
5.65969,0.000601712,0.200418,0.0576872,0.0
5.66097,0.000623913,0.317328,0.0723649,0.0
5.66147,0.000627233,0.200418,0.0576872,0.0
5.6612,0.000626257,0.217119,0.0600766,0.0
5.66053,0.000585435,0.0835073,0.0372065,0.0
5.66206,0.000632963,0.217119,0.0600766,0.0
5.66179,0.000609394,0.200418,0.0576872,0.0
5.66111,0.000642859,0.267223,0.0665621,0.0
5.66116,0.000629447,0.167015,0.052567,0.0
5.66082,0.000599433,0.133612,0.0471055,0.0
5.66088,0.000595852,0.167015,0.052567,0.0
5.66217,0.00062489,0.267223,0.0665621,0.0
5.66177,0.000641947,0.150313,0.0501776,0.0
5.6611,0.000619811,0.183716,0.0552977,0.0
5.66156,0.000611738,0.217119,0.0600766,0.0
5.66219,0.000618444,0.183716,0.0552977,0.0
5.66086,0.000621764,0.250522,0.064514,0.0
5.6615,0.000614668,0.133612,0.0471055,0.0
5.66105,0.000616947,0.267223,0.0665621,0.0
5.66117,0.000625215,0.183716,0.0552977,0.0
5.66151,0.000592727,0.150313,0.0501776,0.0
5.66057,0.000626517,0.267223,0.0665621,0.0
5.66146,0.000611543,0.133612,0.0471055,0.0
5.66078,0.000599238,0.167015,0.052567,0.0
5.66117,0.00060041,0.11691,0.0440334,0.0
5.66068,0.000591685,0.0835073,0.0372065,0.0
5.66085,0.0006161,0.167015,0.052567,0.0
5.66179,0.000623587,0.23382,0.062466,0.0
5.66134,0.000644942,0.217119,0.0600766,0.0
5.66031,0.000637715,0.23382,0.062466,0.0
5.66083,0.000599563,0.100209,0.0409613,0.0
5.6614,0.000620788,0.200418,0.0576872,0.0
5.66136,0.000645203,0.350731,0.0761197,0.0
5.66127,0.000624499,0.150313,0.0501776,0.0
5.66149,0.000617272,0.267223,0.0665621,0.0
5.6609,0.000627168,0.200418,0.0576872,0.0
5.66066,0.000625215,0.133612,0.0471055,0.0
5.65975,0.000615579,0.167015,0.052567,0.0
5.66035,0.000605683,0.200418,0.0576872,0.0
5.66048,0.000609069,0.200418,0.0576872,0.0
5.66049,0.000604967,0.150313,0.0501776,0.0
5.66093,0.000611282,0.217119,0.0600766,0.0
5.6614,0.000642338,0.283925,0.0686102,0.0
5.66186,0.000627298,0.217119,0.0600766,0.0
5.66237,0.000634395,0.200418,0.0576872,0.0
5.6615,0.000648263,0.250522,0.064514,0.0
5.66072,0.000611673,0.11691,0.0440334,0.0
5.66083,0.000607897,0.150313,0.0501776,0.0
5.66108,0.000622546,0.200418,0.0576872,0.0
5.66228,0.000656726,0.250522,0.064514,0.0
5.66229,0.00061623,0.217119,0.0600766,0.0
5.66141,0.000623783,0.183716,0.0552977,0.0
5.66117,0.000607571,0.167015,0.052567,0.0
5.66176,0.000611543,0.200418,0.0576872,0.0
5.66173,0.000617988,0.150313,0.0501776,0.0
5.66202,0.000608157,0.150313,0.0501776,0.0
5.66137,0.000619551,0.283925,0.0686102,0.0
5.66136,0.00061877,0.100209,0.0409613,0.0
5.66145,0.000627298,0.23382,0.062466,0.0
5.66117,0.000614407,0.100209,0.0409613,0.0
5.66096,0.000614863,0.250522,0.064514,0.0
5.66054,0.000606204,0.217119,0.0600766,0.0
5.6606,0.000621178,0.167015,0.052567,0.0
5.66144,0.000623392,0.183716,0.0552977,0.0
5.66066,0.000625085,0.250522,0.064514,0.0
5.6616,0.000637781,0.267223,0.0665621,0.0
5.66169,0.000633614,0.23382,0.062466,0.0
5.6606,0.00059136,0.100209,0.0409613,0.0
5.66128,0.000608287,0.283925,0.0686102,0.0
5.6614,0.000593704,0.11691,0.0440334,0.0
5.66061,0.00058511,0.11691,0.0440334,0.0
5.66128,0.000614733,0.283925,0.0686102,0.0
5.66131,0.000602688,0.133612,0.0471055,0.0
5.66121,0.000609459,0.0835073,0.0372065,0.0
5.66178,0.000619941,0.23382,0.0665621,0.0
5.66131,0.000620397,0.150313,0.0501776,0.0
5.66102,0.000621895,0.11691,0.0440334,0.0
5.66163,0.000621634,0.200418,0.0576872,0.0
5.662,0.000627884,0.23382,0.062466,0.0
5.66195,0.000647221,0.200418,0.0576872,0.0
5.6617,0.000612129,0.250522,0.064514,0.0
5.66127,0.000599628,0.167015,0.052567,0.0
5.66111,0.000614212,0.11691,0.0440334,0.0
5.66116,0.000619746,0.250522,0.064514,0.0
5.66149,0.000615384,0.133612,0.0471055,0.0
5.66132,0.000629838,0.217119,0.0600766,0.0
5.66097,0.000611282,0.217119,0.0600766,0.0
5.66104,0.000593573,0.0835073,0.0372065,0.0
5.66123,0.000606334,0.200418,0.0576872,0.0
5.66144,0.000654643,0.183716,0.0552977,0.0
5.66053,0.00061571,0.200418,0.0576872,0.0
5.66088,0.000584068,0.0668058,0.0334517,0.0
5.66111,0.000631595,0.283925,0.0686102,0.0
5.66116,0.000616035,0.100209,0.0409613,0.0
5.6609,0.000607767,0.150313,0.0501776,0.0
5.66177,0.000619876,0.23382,0.062466,0.0
5.66047,0.000586933,0.133612,0.0471055,0.0
5.66057,0.000576581,0.0501044,0.0290142,0.0
5.66161,0.000639018,0.23382,0.062466,0.0
5.66096,0.000629707,0.200418,0.0576872,0.0
5.66151,0.000619811,0.217119,0.0600766,0.0
5.66198,0.000639473,0.200418,0.0576872,0.0
5.66121,0.000623718,0.200418,0.0576872,0.0
5.66141,0.000636413,0.200418,0.0576872,0.0
5.66121,0.000605878,0.183716,0.0552977,0.0
5.66136,0.000598131,0.217119,0.0600766,0.0
5.66062,0.000609199,0.133612,0.0471055,0.0
5.66064,0.000611152,0.150313,0.0501776,0.0
5.6607,0.000619486,0.167015,0.052567,0.0
5.66025,0.000595787,0.11691,0.0440334,0.0
5.66115,0.000650867,0.250522,0.064514,0.0
5.66067,0.00060692,0.150313,0.0501776,0.0
5.66017,0.000586412,0.133612,0.0471055,0.0
5.66088,0.000593508,0.150313,0.0501776,0.0
5.66137,0.000599498,0.200418,0.0576872,0.0
5.66143,0.000633353,0.217119,0.0600766,0.0
5.66122,0.000604902,0.0835073,0.0372065,0.0
5.66075,0.000609394,0.133612,0.0471055,0.0
5.66195,0.000581138,0.167015,0.052567,0.0
5.66282,0.000600996,0.183716,0.0552977,0.0
5.66196,0.000618574,0.23382,0.062466,0.0
5.66154,0.000633549,0.217119,0.0600766,0.0
5.66085,0.00060373,0.11691,0.0440334,0.0
5.66096,0.00060041,0.167015,0.052567,0.0
5.66124,0.000626387,0.217119,0.0600766,0.0
5.66252,0.000621374,0.167015,0.052567,0.0
5.66127,0.000617793,0.250522,0.064514,0.0
5.66106,0.000593639,0.0835073,0.0372065,0.0
5.66029,0.000605618,0.133612,0.0471055,0.0
5.66018,0.000596373,0.167015,0.052567,0.0
5.66153,0.000619681,0.250522,0.064514,0.0
5.66185,0.000604511,0.11691,0.0440334,0.0
5.66062,0.000595982,0.150313,0.0501776,0.0
5.66008,0.000617598,0.100209,0.0409613,0.0
5.66118,0.000609199,0.217119,0.0600766,0.0
5.66118,0.000608353,0.11691,0.0440334,0.0
5.66033,0.000602037,0.150313,0.0501776,0.0
5.66053,0.000629187,0.183716,0.0552977,0.0
5.66169,0.000627103,0.267223,0.0665621,0.0
5.66088,0.000609524,0.0835073,0.0372065,0.0
5.66082,0.000579706,0.183716,0.0552977,0.0
5.66177,0.00062196,0.267223,0.0665621,0.0
5.66194,0.00060399,0.200418,0.0576872,0.0
5.66117,0.000619681,0.317328,0.0723649,0.0
5.66118,0.00062528,0.167015,0.052567,0.0
5.66138,0.000606725,0.200418,0.0576872,0.0
5.66139,0.000587714,0.133612,0.0471055,0.0
5.66068,0.000597936,0.200418,0.0576872,0.0
5.66145,0.000617923,0.183716,0.0552977,0.0
5.66169,0.000638041,0.200418,0.0576872,0.0
5.661,0.000624043,0.250522,0.064514,0.0
5.66075,0.000595527,0.167015,0.052567,0.0
5.66197,0.00060386,0.23382,0.062466,0.0
5.66215,0.000629838,0.167015,0.052567,0.0
5.66071,0.000602102,0.167015,0.052567,0.0
5.66152,0.000614668,0.167015,0.052567,0.0
5.66143,0.000626127,0.11691,0.0440334,0.0
5.66095,0.000609915,0.0668058,0.0334517,0.0
5.66121,0.00060705,0.183716,0.0552977,0.0
5.66057,0.000616426,0.183716,0.0552977,0.0
5.66072,0.000610045,0.133612,0.0471055,0.0
5.66017,0.000595461,0.100209,0.0409613,0.0
5.66018,0.000574953,0.11691,0.0440334,0.0
5.66148,0.000582375,0.183716,0.0552977,0.0
5.66161,0.000590058,0.100209,0.0409613,0.0
5.66134,0.000585826,0.11691,0.0440334,0.0
5.66086,0.000599498,0.150313,0.0501776,0.0
5.66197,0.0006008,0.167015,0.052567,0.0
5.66104,0.00061903,0.133612,0.0471055,0.0
5.66048,0.000618118,0.183716,0.0552977,0.0
5.66062,0.000604121,0.0334029,0.0235527,0.0
5.66037,0.000590513,0.200418,0.0576872,0.0
5.66024,0.000602558,0.183716,0.0552977,0.0
5.6599,0.000600735,0.150313,0.0501776,0.0
5.66098,0.000595461,0.150313,0.0501776,0.0
5.66071,0.000597154,0.183716,0.0552977,0.0
5.66089,0.000625541,0.200418,0.0576872,0.0
5.66168,0.000627298,0.200418,0.0576872,0.0
5.66122,0.000608613,0.167015,0.052567,0.0
5.66124,0.000615189,0.150313,0.0501776,0.0
5.66092,0.000609004,0.183716,0.0552977,0.0
5.66034,0.000609329,0.100209,0.0409613,0.0
5.66163,0.000605813,0.267223,0.0665621,0.0
5.66277,0.000612454,0.200418,0.0576872,0.0
5.66184,0.000615514,0.217119,0.0600766,0.0
5.66094,0.000624629,0.200418,0.0576872,0.0
5.66089,0.000606399,0.167015,0.052567,0.0
5.66101,0.000596503,0.11691,0.0440334,0.0
5.66096,0.000627364,0.23382,0.062466,0.0
5.66129,0.00059761,0.100209,0.0409613,0.0
5.66115,0.000595396,0.167015,0.052567,0.0
5.66123,0.000606139,0.200418,0.0576872,0.0
5.66133,0.000602102,0.133612,0.0471055,0.0
5.66066,0.0006036,0.133612,0.0471055,0.0
5.66051,0.000589407,0.183716,0.0552977,0.0
5.66074,0.000601126,0.200418,0.0576872,0.0
5.66061,0.000609459,0.300626,0.0706582,0.0
5.66143,0.000604511,0.217119,0.0600766,0.0
5.66075,0.000593573,0.167015,0.052567,0.0
5.66082,0.000611673,0.23382,0.062466,0.0
5.66122,0.000601972,0.150313,0.0501776,0.0
5.66079,0.000600019,0.167015,0.052567,0.0
5.66078,0.000614668,0.217119,0.0600766,0.0
5.66103,0.00060985,0.200418,0.0576872,0.0
5.66134,0.000599107,0.11691,0.0440334,0.0
5.66072,0.000608743,0.150313,0.0501776,0.0
5.66086,0.000588104,0.100209,0.0409613,0.0
5.66053,0.000605227,0.183716,0.0552977,0.0
5.66154,0.00063433,0.267223,0.0665621,0.0
5.66192,0.000602233,0.11691,0.0440334,0.0
5.66172,0.000609134,0.167015,0.052567,0.0
5.6609,0.000599042,0.150313,0.0501776,0.0
5.66038,0.000610892,0.100209,0.0409613,0.0
5.66138,0.000618314,0.217119,0.0600766,0.0
5.66153,0.000614147,0.183716,0.0552977,0.0
5.6624,0.000616165,0.183716,0.0552977,0.0
5.66063,0.000572935,0.150313,0.0501776,0.0
5.66063,0.000589537,0.133612,0.0471055,0.0
5.6608,0.000613496,0.23382,0.062466,0.0
5.66098,0.00061597,0.150313,0.0501776,0.0
5.66137,0.000603339,0.100209,0.0409613,0.0
5.6613,0.000611803,0.283925,0.0686102,0.0
5.66015,0.000568442,0.0334029,0.0235527,0.0
5.66033,0.000577362,0.0668058,0.0334517,0.0
5.66132,0.00060972,0.200418,0.0576872,0.0
5.66123,0.000609134,0.167015,0.052567,0.0
5.66095,0.000580617,0.100209,0.0409613,0.0
5.66079,0.000569745,0.0501044,0.0290142,0.0
5.65987,0.000576646,0.133612,0.0471055,0.0
5.66017,0.000602363,0.11691,0.0440334,0.0
5.66074,0.000589407,0.150313,0.0501776,0.0
5.66118,0.000601256,0.183716,0.0552977,0.0
5.66143,0.000610371,0.200418,0.0576872,0.0
5.66154,0.000619421,0.317328,0.0723649,0.0
5.66035,0.000619811,0.133612,0.0471055,0.0
5.66105,0.000599107,0.11691,0.0440334,0.0
5.66089,0.000590774,0.167015,0.052567,0.0
5.6615,0.000595527,0.11691,0.0440334,0.0
5.66085,0.000611673,0.167015,0.052567,0.0
5.66131,0.000601907,0.11691,0.0440334,0.0
5.66071,0.000605358,0.133612,0.0471055,0.0
5.66047,0.000607636,0.23382,0.062466,0.0
5.66174,0.000586282,0.133612,0.0471055,0.0
5.66114,0.000597415,0.167015,0.052567,0.0
5.66141,0.00060679,0.11691,0.0440334,0.0
5.66152,0.000619876,0.200418,0.0576872,0.0
5.66091,0.000616621,0.150313,0.0501776,0.0
5.66153,0.00062489,0.250522,0.064514,0.0
5.66166,0.000589276,0.0668058,0.0334517,0.0
5.66199,0.000602884,0.11691,0.0440334,0.0
5.66121,0.00060653,0.200418,0.0576872,0.0
5.66085,0.000609329,0.167015,0.052567,0.0
5.66066,0.000604772,0.133612,0.0471055,0.0
5.66128,0.000582831,0.133612,0.0471055,0.0
5.66049,0.000593248,0.133612,0.0471055,0.0
5.66092,0.000595527,0.133612,0.0471055,0.0
5.66137,0.000617923,0.133612,0.0471055,0.0
5.6613,0.000600149,0.200418,0.0576872,0.0
5.66093,0.000598782,0.167015,0.052567,0.0
5.66115,0.000604576,0.167015,0.052567,0.0
5.66148,0.000612845,0.167015,0.052567,0.0
5.66029,0.000598391,0.167015,0.052567,0.0
5.66055,0.000605618,0.133612,0.0471055,0.0
5.66122,0.000620592,0.133612,0.0471055,0.0
5.6618,0.000641687,0.217119,0.0600766,0.0
5.66178,0.000614212,0.150313,0.0501776,0.0
5.66041,0.000612194,0.200418,0.0576872,0.0
5.65999,0.000597219,0.11691,0.0440334,0.0
5.66079,0.000590904,0.11691,0.0440334,0.0
5.66163,0.000616361,0.200418,0.0576872,0.0
5.66147,0.000608353,0.183716,0.0552977,0.0
5.65974,0.000609785,0.133612,0.0471055,0.0
5.66119,0.00061597,0.133612,0.0471055,0.0
5.66208,0.000624043,0.267223,0.0665621,0.0
5.66149,0.000617272,0.100209,0.0409613,0.0
5.66018,0.000602233,0.11691,0.0440334,0.0
5.66148,0.000603079,0.150313,0.0501776,0.0
5.66227,0.000604967,0.11691,0.0440334,0.0
5.66112,0.000599238,0.133612,0.0471055,0.0
5.66172,0.000607441,0.150313,0.0501776,0.0
5.66239,0.000619876,0.283925,0.0686102,0.0
5.66157,0.000615058,0.183716,0.0552977,0.0
5.66067,0.000618184,0.217119,0.0600766,0.0
5.66075,0.000618509,0.183716,0.0552977,0.0
5.66058,0.000609915,0.150313,0.0501776,0.0
5.66055,0.000604902,0.11691,0.0440334,0.0
5.66087,0.000605813,0.11691,0.0440334,0.0
5.66019,0.000577362,0.0835073,0.0372065,0.0
5.66097,0.000582831,0.167015,0.052567,0.0
5.66232,0.000603339,0.183716,0.0552977,0.0
5.6608,0.000616621,0.200418,0.0576872,0.0
5.66031,0.00062541,0.150313,0.0501776,0.0
5.66057,0.000608548,0.167015,0.0576872,0.0
5.66121,0.000607571,0.200418,0.0576872,0.0
5.66024,0.000593378,0.150313,0.0501776,0.0
5.66068,0.00059175,0.100209,0.0409613,0.0
5.66158,0.000597545,0.0835073,0.0372065,0.0
5.66123,0.000596373,0.167015,0.052567,0.0
5.66069,0.000584198,0.0668058,0.0334517,0.0
5.66194,0.000608743,0.167015,0.052567,0.0
5.66192,0.000612194,0.200418,0.0576872,0.0
5.66136,0.000618835,0.11691,0.0440334,0.0
5.66174,0.000596438,0.150313,0.0501776,0.0
5.6619,0.000599173,0.133612,0.0471055,0.0
5.66138,0.000606464,0.167015,0.052567,0.0
5.66026,0.000601712,0.133612,0.0471055,0.0
5.6607,0.00059774,0.133612,0.0471055,0.0
5.66052,0.000616165,0.183716,0.0552977,0.0
5.66138,0.000618249,0.183716,0.0552977,0.0
5.66068,0.000611673,0.133612,0.0471055,0.0
5.66021,0.00062489,0.200418,0.0576872,0.0
5.66048,0.00060679,0.150313,0.0501776,0.0
5.66106,0.000609329,0.150313,0.0501776,0.0
5.66058,0.000593573,0.133612,0.0471055,0.0
5.66133,0.000602298,0.23382,0.062466,0.0
5.66072,0.000602818,0.11691,0.0440334,0.0
5.66006,0.00061265,0.23382,0.062466,0.0
5.66126,0.000608353,0.100209,0.0409613,0.0
5.66142,0.000583417,0.150313,0.0501776,0.0
5.66097,0.000585305,0.0668058,0.0334517,0.0
5.66081,0.000578013,0.167015,0.052567,0.0
5.66136,0.000599889,0.200418,0.0576872,0.0
5.66148,0.000617272,0.150313,0.0501776,0.0
5.66125,0.000595657,0.150313,0.0501776,0.0
5.66198,0.000626387,0.133612,0.0471055,0.0
5.66061,0.000613561,0.11691,0.0440334,0.0
5.66224,0.000610306,0.167015,0.052567,0.0
5.66211,0.000616751,0.250522,0.064514,0.0
5.66056,0.000634916,0.23382,0.0665621,0.0
5.66113,0.000608092,0.150313,0.0501776,0.0
5.66215,0.000598001,0.133612,0.0471055,0.0
5.66027,0.00058537,0.11691,0.0440334,0.0
5.6609,0.000602688,0.183716,0.0552977,0.0
5.66158,0.000583222,0.200418,0.0576872,0.0
5.66001,0.000590774,0.0835073,0.0372065,0.0
5.65952,0.000578534,0.133612,0.0471055,0.0
5.66134,0.000595006,0.100209,0.0409613,0.0
5.66131,0.00060054,0.133612,0.0471055,0.0
5.66134,0.000599889,0.150313,0.0501776,0.0
5.66043,0.000611282,0.183716,0.0552977,0.0
5.6598,0.00058511,0.11691,0.0440334,0.0
5.66071,0.000605162,0.11691,0.0440334,0.0
5.66113,0.000601777,0.11691,0.0440334,0.0
5.66075,0.000608483,0.167015,0.052567,0.0
5.66016,0.000619551,0.23382,0.062466,0.0
5.6608,0.000593834,0.217119,0.0600766,0.0
5.661,0.00058511,0.183716,0.0552977,0.0
5.66168,0.000597089,0.150313,0.0501776,0.0
5.66205,0.000604511,0.200418,0.0576872,0.0
5.6619,0.000604837,0.133612,0.0471055,0.0
5.66189,0.000634004,0.11691,0.0440334,0.0
5.66122,0.000599824,0.150313,0.0501776,0.0
5.66045,0.000592727,0.133612,0.0471055,0.0
5.66071,0.000591034,0.0334029,0.0235527,0.0
5.66107,0.000586347,0.133612,0.0471055,0.0
5.66109,0.000575539,0.0668058,0.0334517,0.0
5.66059,0.000596178,0.150313,0.0501776,0.0
5.66098,0.000586933,0.100209,0.0409613,0.0
5.66103,0.000591164,0.150313,0.0501776,0.0
5.66067,0.000588951,0.133612,0.0471055,0.0
5.66018,0.000595787,0.200418,0.0576872,0.0
5.65969,0.000612194,0.167015,0.052567,0.0
5.66052,0.000580552,0.11691,0.0440334,0.0
5.66101,0.000616165,0.167015,0.052567,0.0
5.6611,0.000598652,0.183716,0.0552977,0.0
5.66063,0.000613691,0.0835073,0.0372065,0.0
5.65931,0.000566033,0.0668058,0.0334517,0.0
5.65978,0.000577948,0.167015,0.052567,0.0
5.66088,0.000585044,0.167015,0.052567,0.0
5.66154,0.000589342,0.11691,0.0440334,0.0
5.66153,0.00060067,0.0835073,0.0372065,0.0
5.66136,0.000598587,0.150313,0.0501776,0.0
5.66071,0.000596438,0.11691,0.0440334,0.0
5.66014,0.000596633,0.133612,0.0471055,0.0
5.66099,0.000591555,0.150313,0.0501776,0.0
5.66188,0.000604707,0.217119,0.0600766,0.0
5.66103,0.000614147,0.133612,0.0471055,0.0
5.66084,0.00059761,0.150313,0.0501776,0.0
5.66144,0.000613821,0.217119,0.0600766,0.0
5.66142,0.000617598,0.23382,0.062466,0.0
5.661,0.000617077,0.11691,0.0440334,0.0
5.66021,0.000574042,0.167015,0.052567,0.0
5.66135,0.000606725,0.0501044,0.0290142,0.0
5.66157,0.000590774,0.167015,0.052567,0.0
5.66029,0.000576125,0.0835073,0.0372065,0.0
5.66048,0.000612845,0.217119,0.0600766,0.0
5.66185,0.000623067,0.183716,0.0600766,0.0
5.66054,0.000600475,0.100209,0.0409613,0.0
5.66064,0.000597089,0.150313,0.0501776,0.0
5.66152,0.000598326,0.0835073,0.0372065,0.0
5.66069,0.000581594,0.100209,0.0409613,0.0
5.66033,0.000584654,0.150313,0.0501776,0.0
5.66086,0.000614668,0.183716,0.0552977,0.0
5.66116,0.000616947,0.183716,0.0552977,0.0
5.66076,0.000624173,0.167015,0.052567,0.0
5.66043,0.000622936,0.167015,0.052567,0.0
5.66111,0.000598912,0.11691,0.0440334,0.0
5.66083,0.000607506,0.150313,0.0501776,0.0
5.66112,0.000588039,0.100209,0.0409613,0.0
5.66027,0.000597154,0.200418,0.0576872,0.0
5.66119,0.000598717,0.0835073,0.0372065,0.0
5.66054,0.000607571,0.11691,0.0440334,0.0
5.66052,0.000591946,0.100209,0.0409613,0.0
5.66069,0.000563364,0.150313,0.0501776,0.0
5.66093,0.000571502,0.133612,0.0471055,0.0
5.66092,0.000590188,0.100209,0.0409613,0.0
5.66017,0.00059429,0.133612,0.0471055,0.0
5.66078,0.000573521,0.0501044,0.0290142,0.0
5.65932,0.000588365,0.150313,0.0501776,0.0
5.66047,0.000588039,0.150313,0.0501776,0.0
5.66147,0.000589081,0.217119,0.0600766,0.0
5.65998,0.000608938,0.133612,0.0471055,0.0
5.66036,0.000579901,0.133612,0.0471055,0.0
5.66131,0.000611022,0.183716,0.0552977,0.0
5.66225,0.000601842,0.0668058,0.0334517,0.0
5.66118,0.000602363,0.150313,0.0501776,0.0
5.66168,0.000612259,0.217119,0.0600766,0.0
5.66123,0.000629772,0.217119,0.0600766,0.0
5.66103,0.000605488,0.133612,0.0471055,0.0
5.66078,0.000581073,0.0835073,0.0372065,0.0
5.66118,0.000564927,0.0334029,0.0235527,0.0
5.66129,0.000608092,0.200418,0.062466,0.0
5.66111,0.000611933,0.217119,0.0600766,0.0
5.66087,0.000588951,0.167015,0.052567,0.0
5.66118,0.000581529,0.11691,0.0440334,0.0
5.66179,0.000573911,0.0334029,0.0235527,0.0
5.66035,0.000594745,0.150313,0.0501776,0.0
5.6605,0.000581138,0.100209,0.0409613,0.0
5.66131,0.000591034,0.183716,0.0552977,0.0
5.66188,0.00061623,0.133612,0.0471055,0.0
5.66084,0.000604056,0.183716,0.0552977,0.0
5.66092,0.000584914,0.150313,0.0501776,0.0
5.66022,0.000609394,0.0835073,0.0372065,0.0
5.66102,0.000618314,0.200418,0.0576872,0.0
5.6615,0.000602428,0.150313,0.0501776,0.0
5.66018,0.00057033,0.100209,0.0409613,0.0
5.65972,0.000582831,0.0668058,0.0334517,0.0
5.66036,0.00060399,0.0835073,0.0372065,0.0
5.66058,0.000605553,0.200418,0.0576872,0.0
5.66015,0.000585044,0.100209,0.0409613,0.0
5.66029,0.000585435,0.0501044,0.0290142,0.0
5.65994,0.000561867,0.100209,0.0409613,0.0
5.66034,0.000590969,0.150313,0.0501776,0.0
5.66049,0.000580747,0.11691,0.0440334,0.0
5.66131,0.000594876,0.150313,0.0501776,0.0
5.66193,0.00059136,0.167015,0.052567,0.0
5.6619,0.000603144,0.0668058,0.0334517,0.0
5.66086,0.000585891,0.150313,0.0501776,0.0
5.66059,0.000586347,0.100209,0.0409613,0.0
5.66133,0.000605423,0.200418,0.0576872,0.0
5.66186,0.000594615,0.133612,0.0471055,0.0
5.66047,0.000602753,0.100209,0.0409613,0.0
5.66169,0.000583547,0.100209,0.0409613,0.0
5.6623,0.000596243,0.183716,0.0552977,0.0
5.66122,0.000597219,0.0835073,0.0372065,0.0
5.66046,0.000578404,0.133612,0.0471055,0.0
5.66104,0.000579185,0.133612,0.0471055,0.0
5.66028,0.000572349,0.0501044,0.0290142,0.0
5.66005,0.00060705,0.11691,0.0440334,0.0
5.66051,0.000597805,0.11691,0.0440334,0.0
5.66024,0.000579185,0.0668058,0.0334517,0.0
5.66036,0.000605553,0.183716,0.0552977,0.0
5.66137,0.000613496,0.150313,0.0501776,0.0
5.6609,0.000591099,0.133612,0.0471055,0.0
5.66053,0.000622936,0.167015,0.052567,0.0
5.6605,0.000592857,0.11691,0.0440334,0.0
5.65944,0.000605683,0.0668058,0.0334517,0.0
5.66021,0.000592271,0.0835073,0.0372065,0.0
5.66077,0.000583807,0.167015,0.052567,0.0
5.66098,0.00060692,0.167015,0.052567,0.0
5.66065,0.000594615,0.11691,0.0440334,0.0
5.66199,0.000626452,0.200418,0.0576872,0.0
5.6613,0.000599303,0.0835073,0.0372065,0.0
5.66038,0.000593508,0.133612,0.0529083,0.0
5.66045,0.000586542,0.100209,0.0409613,0.0
5.66112,0.000608678,0.250522,0.064514,0.0
5.66103,0.000617858,0.183716,0.0552977,0.0
5.66249,0.000592922,0.150313,0.0501776,0.0
5.66132,0.000599824,0.133612,0.0471055,0.0
5.6609,0.000613821,0.183716,0.0552977,0.0
5.66124,0.000599498,0.250522,0.064514,0.0
5.66056,0.000599173,0.133612,0.0471055,0.0
5.65935,0.000583547,0.0668058,0.0334517,0.0
5.65872,0.000557765,0.0668058,0.0334517,0.0
5.65985,0.000590058,0.11691,0.0440334,0.0
5.65958,0.00058218,0.0501044,0.0290142,0.0
5.65864,0.000574888,0.0501044,0.0290142,0.0
5.66073,0.000631205,0.217119,0.0600766,0.0
5.66156,0.000641817,0.267223,0.0665621,0.0
5.66052,0.000608157,0.167015,0.052567,0.0
5.65977,0.000617077,0.200418,0.0576872,0.0
5.66035,0.000609069,0.183716,0.0552977,0.0
5.66087,0.000620397,0.23382,0.0665621,0.0
5.66167,0.000624694,0.0501044,0.0290142,0.0
5.66197,0.000585435,0.100209,0.0409613,0.0
5.66171,0.00058869,0.183716,0.0552977,0.0
5.661,0.000610631,0.150313,0.0501776,0.0
5.66066,0.000621309,0.167015,0.052567,0.0
5.65981,0.000574237,0.0167015,0.0167259,0.0
5.66005,0.000576516,0.183716,0.0552977,0.0
5.66111,0.000590123,0.0668058,0.0334517,0.0
5.66034,0.000567726,0.11691,0.0440334,0.0
5.66011,0.000578599,0.133612,0.0471055,0.0
5.66102,0.000618509,0.11691,0.0440334,0.0
5.66103,0.000581073,0.0668058,0.0334517,0.0
5.66027,0.000590904,0.167015,0.052567,0.0
5.66005,0.000615514,0.133612,0.0471055,0.0
5.66031,0.000621178,0.150313,0.0501776,0.0
5.66029,0.000590123,0.0835073,0.0372065,0.0
5.65999,0.000577232,0.0501044,0.0290142,0.0
5.65983,0.000595657,0.150313,0.0501776,0.0
5.66058,0.000601777,0.150313,0.0501776,0.0
5.66079,0.000602102,0.183716,0.0552977,0.0
5.65966,0.000594224,0.0835073,0.0372065,0.0
5.66024,0.000603144,0.133612,0.0471055,0.0
5.66111,0.000597675,0.150313,0.0501776,0.0
5.66072,0.000578729,0.11691,0.0440334,0.0
5.66093,0.000590709,0.150313,0.0501776,0.0
5.66146,0.00059442,0.150313,0.0501776,0.0
5.66146,0.000581399,0.100209,0.0409613,0.0
5.66167,0.000600996,0.200418,0.0576872,0.0
5.66126,0.000577948,0.0668058,0.0334517,0.0
5.66036,0.000574693,0.0835073,0.0372065,0.0
5.66198,0.000590123,0.11691,0.0440334,0.0
5.66174,0.000570851,0.100209,0.0409613,0.0
5.66147,0.000572609,0.0668058,0.0334517,0.0
5.66115,0.000587779,0.133612,0.0471055,0.0
5.66008,0.000599824,0.133612,0.0471055,0.0
5.66033,0.000592141,0.150313,0.0501776,0.0
5.66097,0.000591881,0.100209,0.0409613,0.0
5.6614,0.000614212,0.11691,0.0440334,0.0
5.66097,0.000598717,0.11691,0.0440334,0.0
5.66103,0.000637195,0.200418,0.0576872,0.0
5.66084,0.000633549,0.200418,0.0576872,0.0
5.66193,0.000642403,0.200418,0.0576872,0.0
5.66098,0.000613821,0.217119,0.0600766,0.0
5.66017,0.000599173,0.0668058,0.0334517,0.0
5.65996,0.00059735,0.150313,0.0501776,0.0
5.6602,0.000595396,0.0835073,0.0372065,0.0
5.65993,0.000585175,0.183716,0.0552977,0.0
5.65983,0.000567596,0.0668058,0.0334517,0.0
5.66086,0.00057938,0.100209,0.0409613,0.0
5.66067,0.000587193,0.11691,0.0440334,0.0
5.66039,0.000595787,0.150313,0.0501776,0.0
5.66028,0.0006008,0.133612,0.0471055,0.0
5.66124,0.000580422,0.150313,0.0501776,0.0
5.6607,0.00058257,0.11691,0.0440334,0.0
5.65992,0.000589342,0.133612,0.0471055,0.0
5.66076,0.000601321,0.11691,0.0440334,0.0
5.66076,0.000608873,0.11691,0.0440334,0.0
5.66063,0.000598782,0.150313,0.0501776,0.0
5.66041,0.000579771,0.100209,0.0409613,0.0
5.66123,0.00059175,0.150313,0.0501776,0.0
5.66112,0.00062541,0.200418,0.0576872,0.0
5.66063,0.00058231,0.100209,0.0409613,0.0
5.66151,0.00059774,0.200418,0.0576872,0.0
5.66096,0.000594224,0.11691,0.0440334,0.0
5.65999,0.000589081,0.100209,0.0409613,0.0
5.66065,0.000601777,0.167015,0.052567,0.0
5.66081,0.000591816,0.150313,0.0501776,0.0
5.66123,0.000603014,0.150313,0.0501776,0.0
5.66115,0.000605878,0.200418,0.0576872,0.0
5.66124,0.000587584,0.11691,0.0440334,0.0
5.6597,0.000581008,0.0501044,0.0290142,0.0
5.65951,0.000574562,0.11691,0.0440334,0.0
5.66028,0.000585826,0.100209,0.0409613,0.0
5.66144,0.0005855,0.150313,0.0501776,0.0
5.66127,0.000617467,0.167015,0.052567,0.0
5.66139,0.000599954,0.167015,0.052567,0.0
5.66041,0.00058817,0.100209,0.0409613,0.0
5.65944,0.000589732,0.0835073,0.0372065,0.0
5.66089,0.000548976,0.0668058,0.0334517,0.0
5.66112,0.000594615,0.183716,0.0552977,0.0
5.66149,0.000593183,0.167015,0.052567,0.0
5.66116,0.000596829,0.100209,0.0409613,0.0
5.66058,0.000600344,0.183716,0.0600766,0.0
5.66102,0.000597154,0.0835073,0.0372065,0.0
5.6608,0.000619421,0.200418,0.0576872,0.0
5.66126,0.000632702,0.133612,0.0471055,0.0
5.6596,0.000598847,0.0668058,0.0334517,0.0
5.66091,0.000574432,0.11691,0.0440334,0.0
5.6612,0.000574432,0.11691,0.0440334,0.0
5.65994,0.000590383,0.100209,0.0409613,0.0
5.66024,0.000590448,0.217119,0.0600766,0.0
5.66046,0.000596633,0.100209,0.0409613,0.0
5.6605,0.000601451,0.150313,0.0501776,0.0
5.66163,0.000593118,0.11691,0.0440334,0.0
5.6618,0.000595917,0.183716,0.0552977,0.0
5.66047,0.000610501,0.11691,0.0440334,0.0
5.66033,0.000588495,0.183716,0.0552977,0.0
5.65984,0.000577818,0.100209,0.0409613,0.0
5.66082,0.000596178,0.150313,0.0501776,0.0
5.6597,0.000590253,0.0501044,0.0290142,0.0
5.65974,0.000595722,0.100209,0.0409613,0.0
5.65973,0.000568508,0.183716,0.0552977,0.0
5.66001,0.000597675,0.150313,0.0501776,0.0
5.66129,0.000600865,0.217119,0.0600766,0.0
5.66073,0.000605293,0.133612,0.0471055,0.0
5.66058,0.000567531,0.0167015,0.0167259,0.0
5.65974,0.000585565,0.150313,0.0501776,0.0
5.66015,0.000583938,0.11691,0.0440334,0.0
5.66107,0.000575083,0.100209,0.0409613,0.0
5.66046,0.000577102,0.0501044,0.0290142,0.0
5.66145,0.000606399,0.200418,0.062466,0.0
5.66107,0.000646505,0.167015,0.052567,0.0
5.6607,0.000587649,0.100209,0.0409613,0.0
5.66108,0.000581919,0.167015,0.052567,0.0
5.6617,0.000589797,0.150313,0.0501776,0.0
5.66004,0.000590644,0.150313,0.0501776,0.0
5.66064,0.000586542,0.0835073,0.0372065,0.0
5.66041,0.00060067,0.150313,0.0501776,0.0
5.66014,0.000583287,0.0668058,0.0334517,0.0
5.66043,0.000595917,0.23382,0.062466,0.0
5.66073,0.000597545,0.133612,0.0471055,0.0
5.6609,0.000578925,0.100209,0.0409613,0.0
5.66063,0.000593704,0.183716,0.0552977,0.0
5.66078,0.000586412,0.133612,0.0471055,0.0
5.66018,0.000592792,0.167015,0.052567,0.0
5.66073,0.000601386,0.183716,0.0552977,0.0
5.66131,0.000602884,0.150313,0.0501776,0.0
5.66029,0.000582766,0.250522,0.064514,0.0
5.66011,0.000588951,0.11691,0.0440334,0.0
5.66009,0.000565187,0.0501044,0.0290142,0.0
5.66025,0.000593508,0.167015,0.052567,0.0
5.66106,0.000584393,0.0835073,0.0372065,0.0
5.66044,0.000601907,0.200418,0.0576872,0.0
5.6602,0.000595982,0.100209,0.0409613,0.0
5.66066,0.000599433,0.200418,0.0576872,0.0
5.65955,0.00057951,0.0668058,0.0334517,0.0
5.66065,0.000602753,0.183716,0.0552977,0.0
5.66083,0.000592467,0.11691,0.0440334,0.0
5.66048,0.000600019,0.150313,0.0501776,0.0
5.66048,0.000613235,0.133612,0.0471055,0.0
5.65997,0.000572088,0.0835073,0.0372065,0.0
5.66038,0.00059748,0.200418,0.0576872,0.0
5.66017,0.000587649,0.0668058,0.0334517,0.0
5.6603,0.000598912,0.200418,0.062466,0.0
5.66143,0.000591425,0.0835073,0.0372065,0.0
5.66041,0.000595982,0.167015,0.052567,0.0
5.66104,0.00059481,0.200418,0.0576872,0.0
5.66085,0.000601907,0.167015,0.052567,0.0
5.6604,0.000604707,0.133612,0.0471055,0.0
5.6619,0.000601516,0.167015,0.052567,0.0
5.66142,0.000604186,0.150313,0.0501776,0.0
5.66149,0.000627819,0.133612,0.0471055,0.0
5.66203,0.000577297,0.0835073,0.0372065,0.0
5.66137,0.000601516,0.100209,0.0409613,0.0
5.6603,0.000590969,0.150313,0.0501776,0.0
5.66137,0.000589081,0.167015,0.052567,0.0
5.66111,0.000563559,0.0501044,0.0290142,0.0
5.66011,0.000577883,0.11691,0.0440334,0.0
5.66081,0.000578469,0.11691,0.0501776,0.0
5.66,0.000589407,0.11691,0.0440334,0.0
5.66016,0.000599173,0.150313,0.0501776,0.0
5.66153,0.000561085,0.133612,0.0471055,0.0
5.66053,0.000593183,0.11691,0.0440334,0.0
5.66048,0.00061597,0.200418,0.0576872,0.0
5.66037,0.00059748,0.100209,0.0409613,0.0
5.6601,0.000593899,0.100209,0.0409613,0.0
5.65975,0.000615124,0.11691,0.0440334,0.0
5.65999,0.00059442,0.0835073,0.0372065,0.0
5.66002,0.000612064,0.11691,0.0440334,0.0
5.66045,0.000598652,0.100209,0.0409613,0.0
5.6601,0.000588951,0.0835073,0.0372065,0.0
5.66098,0.000580227,0.100209,0.0409613,0.0
5.66066,0.000564015,0.0501044,0.0290142,0.0
5.66043,0.000604576,0.150313,0.0501776,0.0
5.66079,0.000592987,0.11691,0.0440334,0.0
5.66002,0.000605488,0.23382,0.062466,0.0
5.6602,0.000643445,0.200418,0.0576872,0.0
5.66046,0.000586216,0.0668058,0.0334517,0.0
5.66082,0.000572023,0.0835073,0.0372065,0.0
5.66187,0.00059442,0.11691,0.0440334,0.0
5.66117,0.000621374,0.11691,0.0440334,0.0
5.66192,0.00059761,0.150313,0.0501776,0.0
5.66097,0.000594615,0.11691,0.0440334,0.0
5.66151,0.000606074,0.183716,0.0552977,0.0
5.6609,0.00060041,0.150313,0.0501776,0.0
5.66057,0.000592206,0.150313,0.0501776,0.0
5.65953,0.000582636,0.11691,0.0440334,0.0
5.65917,0.000588365,0.0835073,0.0372065,0.0
5.66053,0.00060093,0.0668058,0.0334517,0.0
5.66039,0.000581203,0.0668058,0.0334517,0.0
5.65995,0.000580096,0.133612,0.0471055,0.0
5.66014,0.000591685,0.100209,0.0409613,0.0
5.66049,0.000583742,0.100209,0.0409613,0.0
5.66113,0.000599433,0.167015,0.052567,0.0
5.66114,0.000589862,0.100209,0.0409613,0.0
5.66105,0.000611608,0.11691,0.0440334,0.0
5.66071,0.000593053,0.23382,0.062466,0.0
5.6605,0.000601842,0.150313,0.0501776,0.0
5.65985,0.000567596,0.167015,0.052567,0.0
5.66038,0.000580031,0.0835073,0.0372065,0.0
5.66061,0.000582766,0.11691,0.0440334,0.0
5.66008,0.000581333,0.11691,0.0440334,0.0
5.66067,0.000583677,0.0835073,0.0372065,0.0
5.6608,0.00057007,0.0835073,0.0372065,0.0
5.66112,0.000596178,0.133612,0.0471055,0.0
5.66149,0.000605618,0.11691,0.0440334,0.0
5.66162,0.000617012,0.200418,0.0576872,0.0
5.66094,0.000592727,0.150313,0.0501776,0.0
5.66045,0.000575669,0.0501044,0.0290142,0.0
5.66033,0.000613952,0.11691,0.0440334,0.0
5.66109,0.00062209,0.133612,0.0471055,0.0
5.66039,0.000582961,0.11691,0.0440334,0.0
5.65982,0.000580813,0.0668058,0.0334517,0.0
5.66045,0.000580422,0.100209,0.0409613,0.0
5.66053,0.000583026,0.11691,0.0440334,0.0
5.66048,0.000599954,0.183716,0.0552977,0.0
5.66076,0.000602949,0.11691,0.0440334,0.0
5.66061,0.000600344,0.217119,0.0600766,0.0
5.66021,0.000610371,0.183716,0.0552977,0.0
5.65937,0.000589537,0.0501044,0.0290142,0.0
5.66,0.000578273,0.133612,0.0471055,0.0
5.66025,0.000593053,0.11691,0.0440334,0.0
5.66101,0.000573586,0.100209,0.0409613,0.0
5.66044,0.000575604,0.0668058,0.0334517,0.0
5.66083,0.000589927,0.133612,0.0471055,0.0
5.66069,0.000583873,0.100209,0.0409613,0.0
5.65984,0.000585305,0.183716,0.0552977,0.0
5.66047,0.000611347,0.133612,0.0471055,0.0
5.66074,0.000604316,0.217119,0.0600766,0.0
5.66048,0.000579836,0.11691,0.0440334,0.0
5.66013,0.000571828,0.0668058,0.0334517,0.0
5.6602,0.00057326,0.150313,0.0501776,0.0
5.66098,0.000599368,0.0668058,0.0334517,0.0
5.6612,0.000593378,0.183716,0.0552977,0.0
5.66084,0.000583287,0.133612,0.0471055,0.0
5.66082,0.000601581,0.133612,0.0471055,0.0
5.66114,0.000620267,0.200418,0.0576872,0.0
5.66134,0.000597675,0.150313,0.0501776,0.0
5.66043,0.000593118,0.0668058,0.0334517,0.0
5.66035,0.000593508,0.133612,0.0471055,0.0
5.65995,0.000609004,0.11691,0.0440334,0.0
5.65972,0.000594224,0.11691,0.0440334,0.0
5.66082,0.000603014,0.100209,0.0409613,0.0
5.66098,0.000599107,0.167015,0.052567,0.0
5.66072,0.000610631,0.133612,0.0471055,0.0
5.66059,0.000593899,0.11691,0.0440334,0.0
5.66034,0.000590058,0.183716,0.0552977,0.0
5.66014,0.000591295,0.0668058,0.0334517,0.0
5.65975,0.000590448,0.0501044,0.0290142,0.0
5.65987,0.000599238,0.183716,0.0552977,0.0
5.65999,0.000592792,0.0835073,0.0372065,0.0
5.66013,0.000578534,0.11691,0.0440334,0.0
5.65993,0.000591099,0.11691,0.0440334,0.0
5.66046,0.000607962,0.150313,0.0501776,0.0
5.6601,0.000567987,0.150313,0.0501776,0.0
5.66042,0.000579771,0.0501044,0.0290142,0.0
5.66099,0.000616295,0.183716,0.0552977,0.0
5.66131,0.000586477,0.150313,0.0501776,0.0
5.66102,0.000599628,0.200418,0.0576872,0.0
5.66087,0.000562062,0.0835073,0.0372065,0.0
5.66005,0.0005855,0.0501044,0.0290142,0.0
5.66017,0.000595657,0.133612,0.0471055,0.0
5.66065,0.00059735,0.150313,0.0501776,0.0
5.66096,0.000586021,0.0167015,0.0167259,0.0
5.66083,0.000591555,0.183716,0.0552977,0.0
5.66047,0.000591425,0.100209,0.0409613,0.0
5.66111,0.000567596,0.150313,0.0501776,0.0
5.66053,0.000581073,0.11691,0.0440334,0.0
5.66042,0.000572414,0.0835073,0.0372065,0.0
5.66027,0.000572414,0.0668058,0.0334517,0.0
5.65956,0.000573716,0.0835073,0.0372065,0.0
5.66028,0.000577818,0.11691,0.0440334,0.0
5.65983,0.000568182,0.0334029,0.0235527,0.0
5.66046,0.000586412,0.150313,0.0501776,0.0
5.66071,0.000585565,0.133612,0.0471055,0.0
5.66093,0.00059429,0.150313,0.0501776,0.0
5.66094,0.000595787,0.133612,0.0471055,0.0
5.66134,0.000599433,0.133612,0.0471055,0.0
5.66112,0.000582115,0.0668058,0.0334517,0.0
5.65995,0.000578273,0.0668058,0.0334517,0.0
5.65992,0.00058563,0.0835073,0.0372065,0.0
5.6606,0.000590448,0.100209,0.0409613,0.0
5.66092,0.000582636,0.100209,0.0409613,0.0
5.66068,0.000591099,0.133612,0.0471055,0.0
5.65998,0.000575539,0.0835073,0.0372065,0.0
5.6605,0.000599563,0.167015,0.052567,0.0
5.66076,0.000591946,0.0835073,0.0372065,0.0
5.65941,0.000556072,0.100209,0.0409613,0.0
5.66002,0.000583742,0.133612,0.0471055,0.0
5.66019,0.000582505,0.100209,0.0409613,0.0
5.65978,0.000572805,0.11691,0.0440334,0.0
5.66061,0.000574432,0.0835073,0.0372065,0.0
5.66172,0.000591946,0.0835073,0.0372065,0.0
5.66059,0.000601907,0.133612,0.0471055,0.0
5.66021,0.000594876,0.100209,0.0409613,0.0
5.66064,0.000595201,0.150313,0.0501776,0.0
5.65962,0.000585305,0.0501044,0.0290142,0.0
5.6602,0.000582961,0.11691,0.0440334,0.0
5.6603,0.000581854,0.0835073,0.0372065,0.0
5.66078,0.000584393,0.0835073,0.0372065,0.0
5.66111,0.000594355,0.133612,0.0471055,0.0
5.66044,0.000577232,0.0668058,0.0334517,0.0
5.66061,0.000611478,0.150313,0.0501776,0.0
5.66076,0.000586282,0.11691,0.0440334,0.0
5.66121,0.000587193,0.11691,0.0440334,0.0
5.66051,0.000581008,0.150313,0.0501776,0.0
5.65964,0.000607701,0.133612,0.0471055,0.0
5.66076,0.000582766,0.133612,0.0471055,0.0
5.66041,0.000559979,0.0835073,0.0372065,0.0
5.66039,0.000597545,0.167015,0.052567,0.0
5.6612,0.000601907,0.133612,0.0471055,0.0
5.66104,0.000584198,0.100209,0.0409613,0.0
5.66173,0.000617077,0.200418,0.0576872,0.0
5.66154,0.000583612,0.150313,0.0501776,0.0
5.66083,0.00059123,0.0668058,0.0334517,0.0
5.66114,0.000614212,0.167015,0.052567,0.0
5.66147,0.000595982,0.11691,0.0440334,0.0
5.66079,0.000581529,0.0668058,0.0334517,0.0
5.66033,0.000580682,0.0668058,0.0334517,0.0
5.66056,0.00057899,0.100209,0.0409613,0.0
5.66079,0.000582505,0.133612,0.0471055,0.0
5.6606,0.000598131,0.100209,0.0409613,0.0
5.66031,0.000615775,0.167015,0.052567,0.0
5.66064,0.000593704,0.0501044,0.0290142,0.0
5.66029,0.000591685,0.11691,0.0501776,0.0
5.66068,0.000608678,0.167015,0.052567,0.0
5.66161,0.000595982,0.0835073,0.0372065,0.0
5.66131,0.000593899,0.11691,0.0440334,0.0
5.66089,0.000574693,0.0501044,0.0290142,0.0
5.66008,0.000578859,0.133612,0.0471055,0.0
5.66095,0.000586151,0.11691,0.0440334,0.0
5.66141,0.000599433,0.200418,0.0576872,0.0
5.65985,0.000571437,0.0668058,0.0334517,0.0
5.65949,0.000576971,0.133612,0.0471055,0.0
5.66031,0.000593378,0.167015,0.0576872,0.0
5.66113,0.000625345,0.100209,0.0409613,0.0
5.66024,0.000579901,0.183716,0.0552977,0.0
5.66077,0.000614017,0.0668058,0.0334517,0.0
5.66093,0.000581919,0.150313,0.0501776,0.0
5.65965,0.000568638,0.11691,0.0440334,0.0
5.65984,0.000589146,0.150313,0.0501776,0.0
5.66037,0.000579706,0.11691,0.0440334,0.0
5.66023,0.000583612,0.0668058,0.0334517,0.0
5.65957,0.000576711,0.0501044,0.0290142,0.0
5.6605,0.000598391,0.200418,0.0576872,0.0
5.66115,0.000623001,0.11691,0.0440334,0.0
5.6608,0.000588039,0.100209,0.0409613,0.0
5.66072,0.000612064,0.150313,0.0552977,0.0
5.66112,0.000630684,0.0835073,0.0372065,0.0
5.66093,0.000574172,0.167015,0.052567,0.0
5.66131,0.000555291,0.0334029,0.0235527,0.0
5.66097,0.00058205,0.0835073,0.0372065,0.0
5.66064,0.000577297,0.133612,0.0471055,0.0
5.66057,0.000591034,0.133612,0.0471055,0.0
5.66134,0.000579055,0.133612,0.0471055,0.0
5.66053,0.000594745,0.133612,0.0471055,0.0
5.65934,0.000598261,0.133612,0.0471055,0.0
5.66047,0.00058563,0.0835073,0.0372065,0.0
5.65986,0.000577687,0.183716,0.0552977,0.0
5.66018,0.00059123,0.0835073,0.0372065,0.0
5.66037,0.000558546,0.0835073,0.0372065,0.0
5.65958,0.000618965,0.217119,0.0600766,0.0
5.66116,0.000593248,0.200418,0.0576872,0.0
5.66076,0.000581203,0.0835073,0.0372065,0.0
5.65943,0.000565122,0.0501044,0.0290142,0.0
5.66038,0.00058257,0.0835073,0.0372065,0.0
5.66044,0.000584003,0.11691,0.0440334,0.0
5.65977,0.000577948,0.133612,0.0471055,0.0
5.66021,0.000583352,0.150313,0.0501776,0.0
5.66034,0.000578078,0.0835073,0.0372065,0.0
5.66098,0.000583156,0.100209,0.0409613,0.0
5.66163,0.000573846,0.11691,0.0440334,0.0
5.66095,0.000590383,0.100209,0.0409613,0.0
5.66132,0.000586216,0.0835073,0.0372065,0.0
5.66044,0.000603535,0.150313,0.0501776,0.0
5.66122,0.000584198,0.0668058,0.0334517,0.0
5.66075,0.00059774,0.133612,0.0471055,0.0
5.66194,0.000615384,0.200418,0.0576872,0.0
5.66109,0.000593443,0.167015,0.052567,0.0
5.66026,0.000592662,0.167015,0.052567,0.0
5.66097,0.000604186,0.150313,0.0501776,0.0
5.65997,0.000580813,0.0668058,0.0334517,0.0
5.65927,0.000574823,0.167015,0.052567,0.0
5.66049,0.00059748,0.0835073,0.0372065,0.0
5.65991,0.000589146,0.0501044,0.0290142,0.0
5.65971,0.000603665,0.200418,0.0576872,0.0
5.66126,0.000597805,0.133612,0.0471055,0.0
5.66064,0.000578078,0.133612,0.0471055,0.0
5.65976,0.000580162,0.133612,0.0471055,0.0
5.65984,0.000605683,0.0835073,0.0372065,0.0
5.66023,0.00057899,0.167015,0.052567,0.0
5.66092,0.000592271,0.183716,0.0552977,0.0
5.65994,0.000584393,0.100209,0.0409613,0.0
5.66044,0.000602428,0.0835073,0.0372065,0.0
5.66025,0.000568182,0.0501044,0.0290142,0.0
5.65937,0.000574107,0.100209,0.0409613,0.0
5.66129,0.000563559,0.0668058,0.0334517,0.0
5.66093,0.000567791,0.0835073,0.0372065,0.0
5.65998,0.000582636,0.100209,0.0409613,0.0
5.66099,0.000593834,0.0668058,0.0334517,0.0
5.66069,0.000577557,0.11691,0.0440334,0.0
5.66053,0.000566554,0.0501044,0.0290142,0.0
5.66022,0.000600084,0.100209,0.0409613,0.0
5.65968,0.000583547,0.0668058,0.0334517,0.0
5.66026,0.000587388,0.100209,0.0409613,0.0
5.66148,0.000617793,0.200418,0.0576872,0.0
5.66123,0.000623522,0.133612,0.0471055,0.0
5.65993,0.000568052,0.133612,0.0471055,0.0
5.66003,0.000596503,0.150313,0.0501776,0.0
5.66077,0.000584979,0.0668058,0.0334517,0.0
5.65978,0.00058524,0.11691,0.0440334,0.0
5.66027,0.000580162,0.100209,0.0409613,0.0
5.66118,0.000585435,0.133612,0.0471055,0.0
5.66074,0.000570786,0.0334029,0.0235527,0.0
5.66107,0.000588235,0.100209,0.0409613,0.0
5.66073,0.00058537,0.11691,0.0440334,0.0
5.65954,0.000579315,0.0501044,0.0290142,0.0
5.66017,0.000580682,0.100209,0.0409613,0.0
5.66038,0.000574237,0.0835073,0.0372065,0.0
5.6607,0.000567205,0.11691,0.0440334,0.0
5.6614,0.000577036,0.0835073,0.0372065,0.0
5.65973,0.000558937,0.0167015,0.0167259,0.0
5.65963,0.000569028,0.11691,0.0440334,0.0
5.66039,0.000578729,0.167015,0.052567,0.0
5.65957,0.000569549,0.0501044,0.0290142,0.0
5.65971,0.000590123,0.0835073,0.0372065,0.0
5.66018,0.000592401,0.150313,0.0501776,0.0
5.66073,0.000595006,0.167015,0.052567,0.0
5.66095,0.000605227,0.133612,0.0471055,0.0
5.66075,0.000606399,0.167015,0.052567,0.0
5.66074,0.000602753,0.133612,0.0471055,0.0
5.66083,0.000589081,0.0668058,0.0334517,0.0
5.66083,0.000611868,0.23382,0.062466,0.0
5.66045,0.000590513,0.0835073,0.0372065,0.0
5.6603,0.000605162,0.0835073,0.0372065,0.0
5.66046,0.000585175,0.100209,0.0409613,0.0
5.66032,0.000579576,0.0835073,0.0372065,0.0
5.66116,0.000592857,0.0668058,0.0334517,0.0
5.66007,0.000575083,0.11691,0.0440334,0.0
5.66073,0.000571047,0.0835073,0.0372065,0.0
5.66064,0.000567531,0.11691,0.0501776,0.0
5.65967,0.000568573,0.11691,0.0440334,0.0
5.65981,0.000572544,0.133612,0.0471055,0.0
5.65995,0.000574693,0.100209,0.0409613,0.0
5.6605,0.00058843,0.150313,0.0501776,0.0
5.66125,0.000599238,0.167015,0.052567,0.0
5.66143,0.000606855,0.167015,0.052567,0.0
5.66038,0.000568638,0.0835073,0.0372065,0.0
5.66006,0.000561671,0.100209,0.0409613,0.0
5.66072,0.000605618,0.133612,0.0471055,0.0
5.66097,0.000618835,0.133612,0.0471055,0.0
5.66053,0.000601712,0.200418,0.0576872,0.0
5.66115,0.000599433,0.11691,0.0440334,0.0
5.66141,0.000601061,0.0835073,0.0372065,0.0
5.6597,0.000576581,0.0668058,0.0334517,0.0
5.65995,0.000585956,0.133612,0.0471055,0.0
5.66145,0.000589993,0.11691,0.0440334,0.0
5.66064,0.000595657,0.11691,0.0440334,0.0
5.65986,0.000579706,0.11691,0.0440334,0.0
5.66071,0.000572935,0.0668058,0.0334517,0.0
5.6603,0.000571502,0.0668058,0.0334517,0.0
5.66113,0.000587974,0.100209,0.0409613,0.0
5.66134,0.000592727,0.0668058,0.0334517,0.0
5.66062,0.000562388,0.0835073,0.0372065,0.0
5.66112,0.000585565,0.133612,0.0471055,0.0
5.66073,0.00060067,0.100209,0.0409613,0.0
5.66069,0.000598326,0.11691,0.0440334,0.0
5.66087,0.000596308,0.11691,0.0440334,0.0
5.65984,0.000572153,0.0835073,0.0372065,0.0
5.65999,0.000572284,0.0501044,0.0290142,0.0
5.66122,0.000570005,0.11691,0.0440334,0.0
5.66065,0.000574627,0.217119,0.0600766,0.0
5.66045,0.000611413,0.0835073,0.0372065,0.0
5.66042,0.000592987,0.167015,0.052567,0.0
5.66004,0.00057606,0.0668058,0.0334517,0.0
5.66022,0.000583612,0.100209,0.0409613,0.0
5.66,0.00059748,0.133612,0.0471055,0.0
5.65971,0.000578143,0.0668058,0.0334517,0.0
5.66086,0.000591295,0.150313,0.0501776,0.0
5.66104,0.000584459,0.0835073,0.0372065,0.0
5.66048,0.000559262,0.0501044,0.0290142,0.0
5.66073,0.000570135,0.100209,0.0409613,0.0
5.66174,0.000599759,0.183716,0.0552977,0.0
5.66076,0.000576776,0.167015,0.052567,0.0
5.66188,0.000604121,0.150313,0.0501776,0.0
5.66127,0.000599368,0.133612,0.0471055,0.0
5.66091,0.000602102,0.183716,0.0552977,0.0
5.66045,0.000585435,0.11691,0.0440334,0.0
5.66063,0.000577818,0.183716,0.0552977,0.0
5.66168,0.000609069,0.183716,0.0552977,0.0
5.6612,0.00058244,0.133612,0.0471055,0.0
5.66082,0.000593183,0.11691,0.0440334,0.0
5.66151,0.000599693,0.133612,0.0471055,0.0
5.66035,0.000597545,0.11691,0.0440334,0.0
5.66021,0.000596829,0.150313,0.0501776,0.0
5.65979,0.000586151,0.150313,0.0501776,0.0
5.65953,0.000587974,0.11691,0.0440334,0.0
5.66096,0.000583612,0.100209,0.0409613,0.0
5.66125,0.00058563,0.133612,0.0471055,0.0
5.66107,0.000611152,0.150313,0.0501776,0.0
5.66063,0.000601321,0.0835073,0.0372065,0.0
5.66154,0.00061597,0.150313,0.0501776,0.0
5.66087,0.000610241,0.167015,0.052567,0.0
5.65986,0.000587258,0.0668058,0.0334517,0.0
5.66139,0.000582245,0.167015,0.052567,0.0
5.66149,0.000593704,0.133612,0.0471055,0.0
5.6604,0.000570526,0.0835073,0.0372065,0.0
5.65991,0.000570135,0.100209,0.0409613,0.0
5.6613,0.000578664,0.150313,0.0501776,0.0
5.66174,0.00058524,0.133612,0.0471055,0.0
5.66104,0.000601451,0.167015,0.052567,0.0
5.6609,0.000632051,0.11691,0.0440334,0.0
5.66119,0.000564471,0.0835073,0.0372065,0.0
5.6605,0.00058817,0.183716,0.0552977,0.0
5.66065,0.000599563,0.100209,0.0409613,0.0
5.66032,0.000596829,0.183716,0.0552977,0.0
5.66069,0.000605683,0.133612,0.0471055,0.0
5.66041,0.000587974,0.183716,0.0552977,0.0
5.66078,0.000600019,0.167015,0.052567,0.0
5.66081,0.000572479,0.0668058,0.0334517,0.0
5.66079,0.000612259,0.200418,0.0576872,0.0
5.66176,0.000626843,0.200418,0.0576872,0.0
5.66006,0.000589211,0.100209,0.0409613,0.0
5.6609,0.000586347,0.217119,0.0600766,0.0
5.66063,0.000571112,0.0167015,0.0167259,0.0
5.66022,0.000587584,0.100209,0.0409613,0.0
5.66233,0.000603339,0.167015,0.052567,0.0
5.66091,0.000627168,0.200418,0.0576872,0.0
5.66042,0.000587519,0.100209,0.0409613,0.0
5.66081,0.000607506,0.100209,0.0409613,0.0
5.66071,0.000586737,0.11691,0.0440334,0.0
5.66061,0.000598847,0.0835073,0.0372065,0.0
5.66102,0.000593118,0.11691,0.0440334,0.0
5.66067,0.000574172,0.0835073,0.0372065,0.0
5.66017,0.000608027,0.133612,0.0471055,0.0
5.66031,0.00056395,0.0334029,0.0235527,0.0
5.6602,0.000572935,0.0668058,0.0334517,0.0
5.66021,0.000578599,0.11691,0.0440334,0.0
5.66009,0.0005577,0.0501044,0.0290142,0.0
5.66012,0.000573065,0.0334029,0.0235527,0.0
5.65989,0.000581464,0.11691,0.0440334,0.0
5.66097,0.000590513,0.100209,0.0409613,0.0
5.65986,0.000594745,0.0835073,0.0372065,0.0
5.66037,0.000567791,0.0835073,0.0372065,0.0
5.66125,0.00060399,0.183716,0.0552977,0.0
5.66152,0.000602949,0.11691,0.0440334,0.0
5.66079,0.000581919,0.100209,0.0409613,0.0
5.66048,0.000610631,0.200418,0.062466,0.0
5.66083,0.000602753,0.100209,0.0409613,0.0
5.66058,0.000628275,0.167015,0.052567,0.0
5.66053,0.000591881,0.150313,0.0501776,0.0
5.66161,0.000600279,0.133612,0.0471055,0.0
5.66209,0.000599628,0.150313,0.0501776,0.0
5.66084,0.000584263,0.133612,0.0471055,0.0
5.66038,0.000576841,0.0835073,0.0372065,0.0
5.66167,0.000580422,0.11691,0.0440334,0.0
5.6614,0.000602428,0.150313,0.0501776,0.0
5.66108,0.00059175,0.0835073,0.0372065,0.0
5.66017,0.000587844,0.167015,0.052567,0.0
5.65992,0.000579445,0.0668058,0.0334517,0.0
5.65981,0.000574237,0.0501044,0.0290142,0.0
5.65919,0.000590839,0.100209,0.0409613,0.0
5.6606,0.000566945,0.11691,0.0440334,0.0
5.66049,0.000598521,0.217119,0.0600766,0.0
5.65974,0.000575865,0.0334029,0.0235527,0.0
5.65997,0.000564276,0.11691,0.0440334,0.0
5.66092,0.000588495,0.133612,0.0471055,0.0
5.66064,0.000596894,0.183716,0.0552977,0.0
5.66071,0.000568963,0.0501044,0.0290142,0.0
5.66029,0.000569224,0.200418,0.0576872,0.0
5.66124,0.000551905,0.0668058,0.0334517,0.0
5.66086,0.000566945,0.100209,0.0409613,0.0
5.66067,0.000578794,0.0835073,0.0372065,0.0
5.65986,0.000567466,0.150313,0.0501776,0.0
5.66051,0.000586282,0.133612,0.0471055,0.0
5.66171,0.000602558,0.183716,0.0552977,0.0
5.66063,0.000595136,0.0668058,0.0334517,0.0
5.661,0.00058257,0.0835073,0.0372065,0.0
5.66143,0.000590448,0.0668058,0.0334517,0.0
5.66098,0.000577948,0.100209,0.0409613,0.0
5.66105,0.000591555,0.0835073,0.0372065,0.0
5.66088,0.000605683,0.167015,0.052567,0.0
5.66038,0.000578664,0.100209,0.0409613,0.0
5.66003,0.00057632,0.100209,0.0409613,0.0
5.6603,0.00059175,0.133612,0.0471055,0.0
5.66064,0.000608938,0.267223,0.0665621,0.0
5.66061,0.000594745,0.133612,0.0471055,0.0
5.66027,0.000582505,0.133612,0.0471055,0.0
5.66088,0.000569745,0.0334029,0.0235527,0.0
5.66002,0.000583287,0.0668058,0.0334517,0.0
5.65982,0.000572935,0.167015,0.052567,0.0
5.66204,0.000573521,0.150313,0.0501776,0.0
5.66144,0.000582831,0.133612,0.0471055,0.0
5.66006,0.00058257,0.0501044,0.0290142,0.0
5.66106,0.000599628,0.23382,0.062466,0.0
5.66109,0.00060679,0.167015,0.052567,0.0
5.66073,0.000592532,0.167015,0.052567,0.0
5.66031,0.000581854,0.11691,0.0440334,0.0
5.65957,0.000574042,0.0668058,0.0334517,0.0
5.65999,0.000583742,0.150313,0.0501776,0.0
5.66048,0.000571177,0.0501044,0.0290142,0.0
5.6604,0.000582245,0.0668058,0.0334517,0.0
5.66133,0.000562322,0.0501044,0.0290142,0.0
5.66071,0.000577622,0.133612,0.0471055,0.0
5.66108,0.000604772,0.150313,0.0501776,0.0
5.66054,0.000580682,0.0668058,0.0334517,0.0
5.66067,0.000586477,0.150313,0.0501776,0.0
5.66195,0.000583352,0.183716,0.0552977,0.0
5.66152,0.000605293,0.133612,0.0471055,0.0
5.66117,0.000603665,0.0668058,0.0334517,0.0
5.66006,0.000569614,0.0668058,0.0334517,0.0
5.65998,0.000574367,0.133612,0.0471055,0.0
5.66078,0.00058205,0.167015,0.052567,0.0
5.66114,0.000614798,0.183716,0.0552977,0.0
5.6613,0.000599303,0.150313,0.0501776,0.0
5.66096,0.000598847,0.11691,0.0440334,0.0
5.66116,0.000579315,0.11691,0.0440334,0.0
5.66096,0.00060373,0.133612,0.0471055,0.0
5.66016,0.000595266,0.133612,0.0471055,0.0
5.65999,0.000569614,0.0668058,0.0334517,0.0
5.65987,0.000569875,0.100209,0.0409613,0.0
5.6594,0.000578208,0.150313,0.0501776,0.0
5.66028,0.000563039,0.0835073,0.0372065,0.0
5.66062,0.000588039,0.150313,0.0501776,0.0
5.66019,0.000583091,0.133612,0.0471055,0.0
5.65999,0.000559067,0.0334029,0.0235527,0.0
5.66018,0.000595201,0.167015,0.052567,0.0
5.66057,0.000576125,0.0835073,0.0372065,0.0
5.66048,0.000576385,0.0501044,0.0290142,0.0
5.66107,0.000586151,0.100209,0.0409613,0.0
5.66118,0.000604576,0.133612,0.0471055,0.0
5.66046,0.000594159,0.150313,0.0501776,0.0
5.66073,0.000606464,0.100209,0.0409613,0.0
5.66055,0.000579576,0.0501044,0.0290142,0.0
5.66064,0.000599433,0.200418,0.0576872,0.0
5.65994,0.000594876,0.11691,0.0440334,0.0
5.65942,0.00056981,0.100209,0.0409613,0.0
5.65917,0.000546241,0.0835073,0.0372065,0.0
5.66091,0.000589016,0.0668058,0.0334517,0.0
5.66078,0.000585305,0.100209,0.0409613,0.0
5.66113,0.000593899,0.0501044,0.0290142,0.0
5.66035,0.000578404,0.11691,0.0440334,0.0
5.66044,0.000586672,0.100209,0.0409613,0.0
5.66116,0.000583091,0.133612,0.0471055,0.0
5.65964,0.000570786,0.0668058,0.0334517,0.0
5.65981,0.000557179,0.0334029,0.0235527,0.0
5.66066,0.000562127,0.0835073,0.0372065,0.0
5.6615,0.000603014,0.167015,0.052567,0.0
5.66035,0.00058843,0.0835073,0.0372065,0.0
5.66009,0.00059787,0.11691,0.0440334,0.0
5.66072,0.000582505,0.11691,0.0440334,0.0
5.6606,0.000599628,0.0835073,0.0372065,0.0
5.65978,0.000589342,0.133612,0.0471055,0.0
5.65952,0.000603339,0.100209,0.0409613,0.0
5.66141,0.000595136,0.133612,0.0529083,0.0
5.66129,0.000590644,0.183716,0.0600766,0.0
5.66004,0.000599954,0.0668058,0.0334517,0.0
5.6605,0.000573,0.0167015,0.0167259,0.0
5.6605,0.000573325,0.0501044,0.0290142,0.0
5.66015,0.00059481,0.0835073,0.0372065,0.0
5.66038,0.000591946,0.183716,0.0552977,0.0
5.66138,0.000572153,0.0501044,0.0290142,0.0
5.66081,0.000573716,0.0835073,0.0372065,0.0
5.66035,0.000572935,0.0835073,0.0372065,0.0
5.6603,0.000611282,0.200418,0.0576872,0.0
5.66111,0.000602818,0.183716,0.0552977,0.0
5.66137,0.000599238,0.0668058,0.0334517,0.0
5.66116,0.000617012,0.200418,0.0576872,0.0
5.66075,0.000598847,0.0668058,0.0334517,0.0
5.65999,0.000584459,0.11691,0.0440334,0.0
5.66066,0.000583873,0.0835073,0.0372065,0.0
5.66072,0.000588235,0.150313,0.0501776,0.0
5.66074,0.000573781,0.100209,0.0409613,0.0
5.66036,0.000587519,0.133612,0.0471055,0.0
5.66086,0.000577362,0.0334029,0.0235527,0.0
5.66106,0.000544548,0.0501044,0.0290142,0.0
5.66059,0.000575213,0.100209,0.0409613,0.0
5.65995,0.000580031,0.150313,0.0501776,0.0
5.6609,0.000593508,0.11691,0.0440334,0.0
5.66117,0.000604772,0.150313,0.0501776,0.0
5.66093,0.000583222,0.150313,0.0501776,0.0
5.66179,0.000594941,0.217119,0.0600766,0.0
5.66092,0.00057899,0.0668058,0.0334517,0.0
5.65989,0.00060373,0.150313,0.0501776,0.0
5.661,0.000570916,0.11691,0.0440334,0.0
5.66018,0.00057287,0.0668058,0.0334517,0.0
5.65952,0.000571763,0.11691,0.0440334,0.0
5.65936,0.00058205,0.0668058,0.0334517,0.0
5.65898,0.000561541,0.0668058,0.0334517,0.0
5.66033,0.000564601,0.11691,0.0440334,0.0
5.66093,0.000589146,0.200418,0.062466,0.0
5.65923,0.000579771,0.0501044,0.0290142,0.0
5.65915,0.000572414,0.0501044,0.0290142,0.0
5.66112,0.00057938,0.167015,0.052567,0.0
5.66139,0.000597545,0.11691,0.0440334,0.0
5.66073,0.000590123,0.100209,0.0409613,0.0
5.66037,0.000581333,0.133612,0.0471055,0.0
5.66027,0.000575995,0.100209,0.0409613,0.0
5.66123,0.000613496,0.100209,0.0409613,0.0
5.66048,0.000576516,0.0334029,0.0235527,0.0
5.65976,0.00060093,0.150313,0.0501776,0.0
5.6609,0.000585175,0.11691,0.0440334,0.0
5.66114,0.000568182,0.133612,0.0471055,0.0
5.66027,0.00059442,0.11691,0.0440334,0.0
5.65978,0.000578078,0.100209,0.0409613,0.0
5.66045,0.000564731,0.100209,0.0409613,0.0
5.66022,0.00058257,0.11691,0.0440334,0.0
5.65937,0.000565317,0.150313,0.0501776,0.0
5.66134,0.000584719,0.200418,0.0576872,0.0
5.6609,0.000591099,0.183716,0.0552977,0.0
5.66009,0.000583547,0.11691,0.0440334,0.0
5.66099,0.000568182,0.0167015,0.0167259,0.0
5.66034,0.000578013,0.11691,0.0440334,0.0
5.65932,0.000599628,0.0668058,0.0334517,0.0
5.65911,0.000561085,0.0835073,0.0372065,0.0
5.66004,0.000586151,0.11691,0.0440334,0.0
5.66021,0.000605097,0.150313,0.0501776,0.0
5.65977,0.000581659,0.11691,0.0440334,0.0
5.66009,0.000580422,0.0835073,0.0372065,0.0
5.66037,0.000571502,0.0668058,0.0334517,0.0
5.66043,0.000589927,0.11691,0.0440334,0.0
5.66121,0.000611282,0.167015,0.052567,0.0
5.66038,0.000573456,0.0334029,0.0235527,0.0
5.65936,0.000580357,0.0835073,0.0372065,0.0
5.66069,0.00058231,0.100209,0.0409613,0.0
5.6616,0.000606595,0.11691,0.0440334,0.0
5.66069,0.000590839,0.150313,0.0501776,0.0
5.66028,0.000581399,0.100209,0.0409613,0.0
5.66026,0.000580487,0.0501044,0.0290142,0.0
5.66064,0.000582115,0.133612,0.0471055,0.0
5.66038,0.000611347,0.167015,0.052567,0.0
5.66124,0.000599042,0.11691,0.0440334,0.0
5.66079,0.000589732,0.100209,0.0409613,0.0
5.66105,0.000578339,0.217119,0.0600766,0.0
5.66173,0.000590383,0.0835073,0.0372065,0.0
5.66028,0.000598847,0.100209,0.0471055,0.0
5.65984,0.000589602,0.0668058,0.0334517,0.0
5.66004,0.000599628,0.23382,0.062466,0.0
5.65957,0.000591816,0.0835073,0.0372065,0.0
5.65972,0.000578143,0.217119,0.0600766,0.0
5.661,0.000592662,0.11691,0.0440334,0.0
5.6601,0.000563364,0.0835073,0.0372065,0.0
5.65917,0.000570786,0.11691,0.0440334,0.0
5.66078,0.000578078,0.150313,0.0501776,0.0
5.66021,0.000601256,0.133612,0.0471055,0.0
5.6608,0.000586867,0.133612,0.0471055,0.0
5.66108,0.000610175,0.0501044,0.0290142,0.0
5.66086,0.000596243,0.11691,0.0440334,0.0
5.65999,0.000586282,0.100209,0.0409613,0.0
5.66172,0.000593899,0.0668058,0.0334517,0.0
5.66048,0.000585891,0.133612,0.0471055,0.0
5.66007,0.000563559,0.0501044,0.0290142,0.0
5.66034,0.000569159,0.100209,0.0409613,0.0
5.65998,0.000570265,0.0835073,0.0372065,0.0
5.66025,0.000589472,0.183716,0.0552977,0.0
5.65999,0.000592141,0.0501044,0.0290142,0.0
5.65959,0.000580292,0.133612,0.0471055,0.0
5.66022,0.000569679,0.0501044,0.0290142,0.0
5.66044,0.000567661,0.0668058,0.0334517,0.0
5.66059,0.000590774,0.100209,0.0409613,0.0
5.65968,0.000576581,0.150313,0.0501776,0.0
5.66024,0.00059481,0.0835073,0.0372065,0.0
5.66119,0.00057645,0.0334029,0.0235527,0.0
5.66005,0.000590188,0.183716,0.0552977,0.0
5.6607,0.00058817,0.0835073,0.0372065,0.0
5.66085,0.000592857,0.150313,0.0501776,0.0
5.6607,0.000624108,0.133612,0.0471055,0.0
5.66172,0.000597219,0.11691,0.0440334,0.0
5.66069,0.000620853,0.150313,0.0501776,0.0
5.66049,0.000574302,0.11691,0.0440334,0.0
5.66092,0.000586347,0.150313,0.0501776,0.0
5.65985,0.000574367,0.11691,0.0440334,0.0
5.66076,0.000592922,0.133612,0.0471055,0.0
5.66135,0.000588625,0.133612,0.0471055,0.0
5.66133,0.000588821,0.0668058,0.0334517,0.0
5.66012,0.000574107,0.167015,0.052567,0.0
5.66113,0.000585761,0.133612,0.0471055,0.0
5.66069,0.000622155,0.217119,0.0600766,0.0
5.66112,0.000603535,0.150313,0.0501776,0.0
5.66067,0.000576971,0.11691,0.0440334,0.0
5.66029,0.000578534,0.0668058,0.0334517,0.0
5.66015,0.000578859,0.0501044,0.0290142,0.0
5.66016,0.000566033,0.133612,0.0471055,0.0
5.66036,0.000588756,0.150313,0.0501776,0.0
5.6607,0.000584784,0.0835073,0.0372065,0.0
5.65946,0.000596829,0.150313,0.0501776,0.0
5.66054,0.000593573,0.150313,0.0501776,0.0
5.66138,0.000575474,0.133612,0.0471055,0.0
5.66054,0.000596047,0.200418,0.0576872,0.0
5.65932,0.000594355,0.100209,0.0409613,0.0
5.65943,0.000586412,0.11691,0.0440334,0.0
5.66001,0.000559783,0.100209,0.0409613,0.0
5.65883,0.00055158,0.0334029,0.0235527,0.0
5.66028,0.000573846,0.150313,0.0501776,0.0
5.66098,0.000580487,0.11691,0.0440334,0.0
5.66026,0.000595136,0.0668058,0.0334517,0.0
5.66035,0.000591164,0.133612,0.0471055,0.0
5.66063,0.000580813,0.100209,0.0409613,0.0
5.66021,0.00058218,0.133612,0.0471055,0.0
5.66054,0.000584393,0.150313,0.0501776,0.0
5.66098,0.000603144,0.0668058,0.0334517,0.0
5.6603,0.000603535,0.133612,0.0471055,0.0
5.6612,0.000603795,0.0835073,0.0372065,0.0
5.66089,0.000580813,0.150313,0.0501776,0.0
5.66042,0.000574432,0.0835073,0.0372065,0.0
5.65971,0.000592011,0.100209,0.0409613,0.0
5.66017,0.000569614,0.100209,0.0409613,0.0
5.6597,0.000576385,0.0501044,0.0372065,0.0
5.66053,0.000589797,0.11691,0.0440334,0.0
5.66071,0.000593183,0.183716,0.0552977,0.0
5.66147,0.000580617,0.100209,0.0409613,0.0
5.66089,0.000598782,0.133612,0.0471055,0.0
5.66014,0.000595071,0.183716,0.0552977,0.0
5.65971,0.00058537,0.0835073,0.0372065,0.0
5.65977,0.000588886,0.0668058,0.0334517,0.0
5.65985,0.000600735,0.167015,0.052567,0.0
5.66114,0.000559262,0.0501044,0.0290142,0.0
5.65956,0.000552426,0.0501044,0.0290142,0.0
5.65951,0.000573521,0.0835073,0.0372065,0.0
5.66032,0.00057951,0.0835073,0.0372065,0.0
5.66041,0.000604381,0.133612,0.0471055,0.0
5.65963,0.000575148,0.133612,0.0471055,0.0
5.65974,0.000589993,0.167015,0.052567,0.0
5.66096,0.000588756,0.0835073,0.0372065,0.0
5.66082,0.000581203,0.100209,0.0409613,0.0
5.65992,0.000595852,0.167015,0.052567,0.0
5.65996,0.000596764,0.0835073,0.0372065,0.0
5.66032,0.000594615,0.11691,0.0440334,0.0
5.66004,0.000595917,0.133612,0.0471055,0.0
5.66061,0.000577557,0.100209,0.0409613,0.0
5.66155,0.000568703,0.0668058,0.0334517,0.0
5.66077,0.000581138,0.0668058,0.0334517,0.0
5.66011,0.000583742,0.150313,0.0501776,0.0
5.66057,0.000591034,0.150313,0.0501776,0.0
5.66103,0.000579185,0.100209,0.0409613,0.0
5.66065,0.000573195,0.133612,0.0471055,0.0
5.66084,0.000579771,0.0334029,0.0235527,0.0
5.66094,0.000584784,0.183716,0.0552977,0.0
5.65969,0.000575344,0.0501044,0.0290142,0.0
5.66007,0.000593508,0.167015,0.052567,0.0
5.66175,0.00060692,0.11691,0.0440334,0.0
5.66142,0.000579445,0.150313,0.0501776,0.0
5.66065,0.000562973,0.0334029,0.0235527,0.0
5.6596,0.000577232,0.11691,0.0440334,0.0
5.6601,0.000590188,0.150313,0.0501776,0.0
5.66043,0.00058524,0.150313,0.0501776,0.0
5.66027,0.000565708,0.0668058,0.0334517,0.0
5.66003,0.000579055,0.100209,0.0409613,0.0
5.66039,0.000599107,0.0835073,0.0372065,0.0
5.65966,0.000575539,0.0835073,0.0372065,0.0
5.65986,0.00056063,0.0167015,0.0167259,0.0
5.66043,0.00055783,0.100209,0.0409613,0.0
5.65999,0.000599498,0.167015,0.052567,0.0
5.66043,0.000575865,0.100209,0.0409613,0.0
5.66055,0.000586021,0.150313,0.0501776,0.0
5.66055,0.000597284,0.0835073,0.0372065,0.0
5.65989,0.000582701,0.150313,0.0501776,0.0
5.66006,0.000589276,0.0334029,0.0235527,0.0
5.66039,0.000572153,0.0835073,0.0372065,0.0
5.6603,0.000584589,0.11691,0.0440334,0.0
5.65907,0.000564341,0.11691,0.0440334,0.0
5.65933,0.000587974,0.0668058,0.0334517,0.0
5.6607,0.00057645,0.0668058,0.0334517,0.0
5.6601,0.000571698,0.100209,0.0409613,0.0
5.65993,0.000578794,0.150313,0.0501776,0.0
5.66023,0.000571502,0.0835073,0.0372065,0.0
5.66011,0.000583482,0.11691,0.0440334,0.0
5.66039,0.000558481,0.0835073,0.0372065,0.0
5.66031,0.000587714,0.100209,0.0409613,0.0
5.66061,0.000599498,0.11691,0.0440334,0.0
5.65973,0.000572739,0.150313,0.0501776,0.0
5.65988,0.000592467,0.100209,0.0409613,0.0
5.66058,0.000577167,0.133612,0.0471055,0.0
5.6602,0.000570916,0.0501044,0.0290142,0.0
5.6609,0.000578729,0.150313,0.0501776,0.0
5.66149,0.000598391,0.167015,0.052567,0.0
5.66043,0.000590579,0.11691,0.0440334,0.0
5.66028,0.000584849,0.0668058,0.0334517,0.0
5.66112,0.000594094,0.150313,0.0501776,0.0
5.66039,0.000589537,0.11691,0.0440334,0.0
5.6602,0.000588951,0.133612,0.0471055,0.0
5.66021,0.000575474,0.100209,0.0409613,0.0
5.66048,0.00058205,0.0668058,0.0334517,0.0
5.65956,0.000563885,0.0835073,0.0372065,0.0
5.65953,0.000592662,0.100209,0.0409613,0.0
5.65978,0.000563234,0.0668058,0.0334517,0.0
5.65991,0.000594224,0.150313,0.0501776,0.0
5.66099,0.000590253,0.11691,0.0440334,0.0
5.65975,0.000589862,0.11691,0.0440334,0.0
5.66007,0.000591555,0.0835073,0.0372065,0.0
5.66051,0.000579771,0.0668058,0.0334517,0.0
5.65968,0.000595657,0.0835073,0.0372065,0.0
5.66007,0.000585435,0.0668058,0.0334517,0.0
5.66027,0.000574497,0.133612,0.0471055,0.0
5.66065,0.000563429,0.0334029,0.0235527,0.0
5.65977,0.000582505,0.0835073,0.0372065,0.0
5.66008,0.000545069,0.0501044,0.0290142,0.0
5.66071,0.00056994,0.100209,0.0409613,0.0
5.66064,0.000588625,0.100209,0.0409613,0.0
5.66049,0.00054878,0.0668058,0.0334517,0.0
5.6606,0.000573781,0.100209,0.0409613,0.0
5.66069,0.000571372,0.0501044,0.0290142,0.0
5.66016,0.000578339,0.11691,0.0440334,0.0
5.66047,0.000597024,0.0835073,0.0372065,0.0
5.66086,0.000570916,0.11691,0.0440334,0.0
5.66071,0.000575409,0.0501044,0.0290142,0.0
5.6608,0.000581203,0.0835073,0.0372065,0.0
5.66026,0.000595527,0.150313,0.0501776,0.0
5.66038,0.000577036,0.167015,0.052567,0.0
5.65992,0.000592532,0.100209,0.0409613,0.0
5.66023,0.000589732,0.11691,0.0440334,0.0
5.66066,0.000578078,0.100209,0.0409613,0.0
5.66056,0.000596699,0.150313,0.0501776,0.0
5.66001,0.000580422,0.0167015,0.0167259,0.0
5.66079,0.000604251,0.150313,0.0501776,0.0
5.66104,0.000609004,0.183716,0.0552977,0.0
5.6604,0.000591099,0.0835073,0.0372065,0.0
5.66035,0.000599173,0.133612,0.0471055,0.0
5.6604,0.000584068,0.100209,0.0409613,0.0
5.66072,0.000583026,0.100209,0.0409613,0.0
5.66136,0.000582961,0.167015,0.052567,0.0
5.66179,0.000576516,0.100209,0.0409613,0.0
5.66036,0.000585891,0.133612,0.0471055,0.0
5.65972,0.000589732,0.0668058,0.0334517,0.0
5.66059,0.000586607,0.133612,0.0471055,0.0
5.66111,0.000577427,0.100209,0.0409613,0.0
5.6609,0.000585891,0.11691,0.0440334,0.0
5.66021,0.000570526,0.100209,0.0409613,0.0
5.66007,0.000589993,0.0501044,0.0290142,0.0
5.66034,0.000619681,0.150313,0.0501776,0.0
5.65994,0.000589407,0.133612,0.0471055,0.0
5.65887,0.000591816,0.0668058,0.0334517,0.0
5.66004,0.000576711,0.0835073,0.0372065,0.0
5.66092,0.000592336,0.100209,0.0471055,0.0
5.66079,0.000603925,0.133612,0.0471055,0.0
5.65952,0.000574562,0.0501044,0.0290142,0.0
5.65985,0.000592532,0.100209,0.0409613,0.0
5.66074,0.000591555,0.150313,0.0501776,0.0
5.66065,0.000608938,0.100209,0.0409613,0.0
5.66057,0.000571307,0.0835073,0.0372065,0.0
5.65955,0.000568833,0.0835073,0.0372065,0.0
5.66034,0.000569093,0.0835073,0.0372065,0.0
5.66058,0.000569484,0.0501044,0.0290142,0.0
5.66103,0.00059429,0.0835073,0.0372065,0.0
5.66006,0.000556984,0.0334029,0.0235527,0.0
5.66021,0.000582831,0.11691,0.0440334,0.0
5.65991,0.000571568,0.0167015,0.0167259,0.0
5.65935,0.000572349,0.0835073,0.0372065,0.0
5.66104,0.000601126,0.133612,0.0471055,0.0
5.66091,0.000602037,0.100209,0.0409613,0.0
5.6597,0.000574627,0.0835073,0.0372065,0.0
5.65965,0.000571307,0.150313,0.0501776,0.0
5.66072,0.000561541,0.0334029,0.0235527,0.0
5.66035,0.000585891,0.0334029,0.0235527,0.0
5.66074,0.000591099,0.11691,0.0440334,0.0
5.6614,0.000601191,0.11691,0.0440334,0.0
5.66028,0.000583807,0.0835073,0.0372065,0.0
5.66042,0.000610892,0.167015,0.052567,0.0
5.66012,0.000601321,0.0501044,0.0290142,0.0
5.65954,0.000554379,0.0167015,0.0167259,0.0
5.65987,0.000586086,0.100209,0.0409613,0.0
5.65914,0.000580292,0.0668058,0.0334517,0.0
5.65965,0.000569289,0.0668058,0.0334517,0.0
5.66022,0.00056994,0.11691,0.0440334,0.0
5.66126,0.00059149,0.133612,0.0471055,0.0
5.66093,0.000572544,0.100209,0.0409613,0.0
5.66062,0.000579055,0.0501044,0.0290142,0.0
5.66118,0.000590839,0.150313,0.0501776,0.0
5.661,0.000606595,0.167015,0.052567,0.0
5.66064,0.00057287,0.0668058,0.0334517,0.0
5.66053,0.000554705,0.0668058,0.0334517,0.0
5.66017,0.000571177,0.0835073,0.0372065,0.0
5.65891,0.000587453,0.0668058,0.0334517,0.0
5.6605,0.000581919,0.11691,0.0440334,0.0
5.66143,0.000614928,0.183716,0.0552977,0.0
5.66183,0.000610241,0.133612,0.0529083,0.0
5.66064,0.000583807,0.0835073,0.0372065,0.0
5.65968,0.000574042,0.0835073,0.0372065,0.0
5.6606,0.000579576,0.11691,0.0440334,0.0
5.66056,0.000616426,0.100209,0.0409613,0.0
5.66068,0.000589407,0.100209,0.0409613,0.0
5.66166,0.000575409,0.100209,0.0409613,0.0
5.66078,0.000576646,0.0668058,0.0334517,0.0
5.66055,0.000556528,0.0334029,0.0235527,0.0
5.66091,0.000548845,0.0835073,0.0372065,0.0
5.661,0.000570591,0.0835073,0.0372065,0.0
5.66055,0.000593248,0.150313,0.0501776,0.0
5.65981,0.000575409,0.0835073,0.0372065,0.0
5.65997,0.000568638,0.0334029,0.0235527,0.0
5.65971,0.000579055,0.0668058,0.0334517,0.0
5.65993,0.00057632,0.150313,0.0501776,0.0
5.66039,0.00057951,0.0501044,0.0290142,0.0
5.66091,0.000614993,0.200418,0.0576872,0.0
5.66015,0.000575344,0.0334029,0.0235527,0.0
5.65982,0.000588625,0.100209,0.0409613,0.0
5.65915,0.000599433,0.0835073,0.0372065,0.0
5.66077,0.000615644,0.167015,0.052567,0.0
5.66078,0.000580422,0.0501044,0.0290142,0.0
5.66008,0.000575279,0.0668058,0.0334517,0.0
5.66065,0.000573651,0.100209,0.0409613,0.0
5.66148,0.000579576,0.217119,0.0600766,0.0
5.66116,0.000577167,0.0835073,0.0372065,0.0
5.66096,0.000575865,0.133612,0.0471055,0.0
5.6618,0.000602493,0.11691,0.0440334,0.0
5.66043,0.000573065,0.0501044,0.0290142,0.0
5.66024,0.000592336,0.11691,0.0440334,0.0
5.66013,0.000581985,0.133612,0.0471055,0.0
5.66016,0.000573976,0.100209,0.0409613,0.0
5.66056,0.000588756,0.183716,0.0552977,0.0
5.66035,0.000580422,0.11691,0.0440334,0.0
5.6608,0.000615319,0.100209,0.0409613,0.0
5.66017,0.000574888,0.0835073,0.0372065,0.0
5.65962,0.000571633,0.0668058,0.0334517,0.0
5.66113,0.000590058,0.250522,0.064514,0.0
5.66202,0.000596113,0.167015,0.052567,0.0
5.66068,0.000570916,0.0668058,0.0334517,0.0
5.65992,0.000577492,0.0835073,0.0372065,0.0
5.66026,0.000572153,0.133612,0.0471055,0.0
5.65951,0.000589797,0.11691,0.0440334,0.0
5.65996,0.000569745,0.0501044,0.0290142,0.0
5.66093,0.000583612,0.133612,0.0471055,0.0
5.66093,0.000579185,0.133612,0.0471055,0.0
5.65978,0.000607376,0.100209,0.0409613,0.0
5.6595,0.000572544,0.0668058,0.0334517,0.0
5.66018,0.000573911,0.0668058,0.0334517,0.0
5.66001,0.000561671,0.133612,0.0471055,0.0
5.66025,0.000586998,0.167015,0.052567,0.0
5.66075,0.000582375,0.133612,0.0471055,0.0
5.66025,0.00058218,0.0835073,0.0372065,0.0
5.66041,0.000593639,0.0835073,0.0372065,0.0
5.66078,0.000579185,0.167015,0.052567,0.0
5.66053,0.00057899,0.0835073,0.0372065,0.0
5.66086,0.000587519,0.11691,0.0440334,0.0
5.65995,0.00055796,0.0334029,0.0235527,0.0
5.66017,0.000567075,0.0501044,0.0290142,0.0
5.6606,0.000576646,0.11691,0.0440334,0.0
5.65953,0.000578859,0.100209,0.0409613,0.0
5.66027,0.000603014,0.167015,0.052567,0.0
5.66085,0.000574562,0.167015,0.052567,0.0
5.65967,0.000583482,0.0835073,0.0372065,0.0
5.66025,0.000572219,0.0668058,0.0334517,0.0
5.66152,0.00056701,0.0835073,0.0372065,0.0
5.6601,0.000588886,0.150313,0.0501776,0.0
5.65869,0.000607181,0.0501044,0.0290142,0.0
5.66005,0.000572935,0.0668058,0.0334517,0.0
5.66086,0.000565578,0.0835073,0.0372065,0.0
5.66076,0.000589927,0.0334029,0.0235527,0.0
5.66036,0.000586867,0.133612,0.0471055,0.0
5.66069,0.000584784,0.133612,0.0471055,0.0
5.66071,0.000570461,0.11691,0.0440334,0.0
5.6616,0.00058218,0.11691,0.0440334,0.0
5.66074,0.000584849,0.0501044,0.0290142,0.0
5.66063,0.000594876,0.167015,0.052567,0.0
5.66127,0.000587649,0.133612,0.0471055,0.0
5.66042,0.000586086,0.183716,0.0552977,0.0
5.66072,0.000555551,0.0167015,0.0167259,0.0
5.66035,0.000554249,0.0668058,0.0334517,0.0
5.6609,0.000574497,0.133612,0.0471055,0.0
5.66023,0.000563559,0.0501044,0.0290142,0.0
5.65992,0.000599693,0.11691,0.0440334,0.0
5.66036,0.000579706,0.0668058,0.0334517,0.0
5.66051,0.000600735,0.100209,0.0409613,0.0
5.6603,0.000566945,0.11691,0.0440334,0.0
5.66046,0.000607311,0.0835073,0.0372065,0.0
5.66037,0.000587844,0.133612,0.0471055,0.0
5.66026,0.000591425,0.100209,0.0409613,0.0
5.66056,0.000593704,0.0835073,0.0372065,0.0
5.66054,0.000548259,0.0167015,0.0167259,0.0
5.65945,0.000555551,0.0501044,0.0290142,0.0
5.6601,0.000571307,0.0835073,0.0372065,0.0
5.6604,0.00059735,0.133612,0.0471055,0.0
5.6597,0.000586802,0.11691,0.0440334,0.0
5.66071,0.000586802,0.11691,0.0440334,0.0
5.66153,0.000583938,0.133612,0.0471055,0.0
5.66112,0.000590513,0.133612,0.0471055,0.0
5.66091,0.000581529,0.167015,0.052567,0.0
5.66067,0.000577622,0.0501044,0.0290142,0.0
5.6605,0.000572023,0.150313,0.0501776,0.0
5.65994,0.000577167,0.0835073,0.0372065,0.0
5.65905,0.000583873,0.11691,0.0440334,0.0
5.65917,0.000584589,0.11691,0.0440334,0.0
5.66059,0.0005855,0.100209,0.0409613,0.0
5.65993,0.000593508,0.11691,0.0440334,0.0
5.65888,0.000566554,0.0167015,0.0167259,0.0
5.65941,0.000574367,0.183716,0.0552977,0.0
5.66041,0.000609785,0.11691,0.0440334,0.0
5.66079,0.000587844,0.100209,0.0409613,0.0
5.66062,0.000600279,0.167015,0.052567,0.0
5.66124,0.000588039,0.133612,0.0471055,0.0
5.66064,0.000587453,0.0835073,0.0372065,0.0
5.65983,0.000558091,0.0501044,0.0290142,0.0
5.65948,0.000593899,0.11691,0.0440334,0.0
5.66,0.000575995,0.0835073,0.0372065,0.0
5.6605,0.000581399,0.100209,0.0409613,0.0
5.66153,0.000565773,0.167015,0.052567,0.0
5.66161,0.000575213,0.11691,0.0440334,0.0
5.66069,0.000579836,0.0835073,0.0372065,0.0
5.66096,0.000593183,0.167015,0.052567,0.0
5.66094,0.000590318,0.100209,0.0409613,0.0
5.66074,0.00058563,0.0501044,0.0290142,0.0
5.66081,0.000580813,0.133612,0.0471055,0.0
5.66085,0.000597024,0.150313,0.0501776,0.0
5.6597,0.00057925,0.100209,0.0409613,0.0
5.65939,0.000586672,0.0668058,0.0334517,0.0
5.66032,0.000583742,0.0334029,0.0235527,0.0
5.66099,0.000558156,0.0835073,0.0372065,0.0
5.66084,0.000567987,0.100209,0.0409613,0.0
5.66056,0.00056727,0.0668058,0.0334517,0.0
5.65988,0.000586216,0.150313,0.0552977,0.0
5.6606,0.000599954,0.133612,0.0529083,0.0
5.66054,0.000569745,0.0167015,0.0167259,0.0
5.65965,0.000586412,0.167015,0.052567,0.0
5.65988,0.00058218,0.0501044,0.0290142,0.0
5.65967,0.000593248,0.100209,0.0409613,0.0
5.66005,0.000571893,0.167015,0.052567,0.0
5.66042,0.000586151,0.0835073,0.0372065,0.0
5.65998,0.000600279,0.167015,0.052567,0.0
5.66018,0.000610306,0.167015,0.052567,0.0
5.6606,0.000603014,0.100209,0.0409613,0.0
5.66035,0.000573716,0.11691,0.0440334,0.0
5.65963,0.000571502,0.0668058,0.0334517,0.0
5.66025,0.000579315,0.133612,0.0471055,0.0
5.66033,0.000593573,0.100209,0.0409613,0.0
5.66002,0.000547088,0.0334029,0.0235527,0.0
5.66037,0.000581138,0.0835073,0.0372065,0.0
5.66107,0.000576516,0.150313,0.0501776,0.0
5.66038,0.000578143,0.100209,0.0409613,0.0
5.66072,0.000573456,0.133612,0.0471055,0.0
5.66082,0.000589016,0.0835073,0.0372065,0.0
5.66014,0.000566229,0.0501044,0.0290142,0.0
5.66085,0.000600019,0.11691,0.0440334,0.0
5.65998,0.000565643,0.0668058,0.0334517,0.0
5.65978,0.00058524,0.150313,0.0501776,0.0
5.65997,0.000571828,0.0835073,0.0372065,0.0
5.66078,0.00057287,0.0835073,0.0372065,0.0
5.66098,0.000585435,0.100209,0.0409613,0.0
5.66012,0.000594355,0.150313,0.0501776,0.0
5.65998,0.00061929,0.11691,0.0440334,0.0
5.66192,0.000605944,0.183716,0.0552977,0.0
5.66141,0.000606269,0.23382,0.062466,0.0
5.6606,0.000611998,0.133612,0.0471055,0.0
5.66098,0.000584133,0.100209,0.0409613,0.0
5.66039,0.000580422,0.167015,0.052567,0.0
5.6607,0.000607701,0.11691,0.0440334,0.0
5.66132,0.000578078,0.11691,0.0440334,0.0
5.66168,0.000571437,0.0334029,0.0235527,0.0
5.6617,0.000573911,0.11691,0.0440334,0.0
5.66117,0.000595006,0.150313,0.0501776,0.0
5.66056,0.000575539,0.0668058,0.0334517,0.0
5.66031,0.000581919,0.0835073,0.0372065,0.0
5.66049,0.000592076,0.11691,0.0440334,0.0
5.6599,0.000597936,0.11691,0.0440334,0.0
5.65941,0.000568638,0.0668058,0.0334517,0.0
5.66014,0.000580096,0.11691,0.0440334,0.0
5.66099,0.000589602,0.150313,0.0501776,0.0
5.65963,0.000601386,0.150313,0.0501776,0.0
5.66015,0.0006036,0.100209,0.0409613,0.0
5.66084,0.000569289,0.0835073,0.0372065,0.0
5.65905,0.000588365,0.0835073,0.0372065,0.0
5.66003,0.00058524,0.150313,0.0501776,0.0
5.6603,0.000575669,0.100209,0.0409613,0.0
5.66095,0.000587258,0.0835073,0.0372065,0.0
5.66126,0.000595071,0.0835073,0.0372065,0.0
5.66146,0.000614538,0.100209,0.0409613,0.0
5.66116,0.000601972,0.0835073,0.0372065,0.0
5.66001,0.00056395,0.0835073,0.0372065,0.0
5.66079,0.000573976,0.167015,0.052567,0.0
5.66136,0.00057912,0.0501044,0.0290142,0.0
5.65994,0.000594745,0.167015,0.052567,0.0
5.66082,0.000584589,0.0501044,0.0290142,0.0
5.66018,0.000580357,0.11691,0.0440334,0.0
5.66105,0.000605293,0.167015,0.052567,0.0
5.65999,0.00059149,0.0501044,0.0290142,0.0
5.65973,0.000582896,0.0835073,0.0372065,0.0
5.66114,0.000576711,0.0835073,0.0372065,0.0
5.66133,0.000576516,0.133612,0.0471055,0.0
5.66084,0.000586867,0.100209,0.0409613,0.0
5.66088,0.000580682,0.11691,0.0440334,0.0
5.66041,0.000593313,0.100209,0.0409613,0.0
5.66031,0.000578794,0.0835073,0.0372065,0.0
5.66127,0.000592076,0.0835073,0.0372065,0.0
5.66093,0.000583026,0.133612,0.0471055,0.0
5.66064,0.000607376,0.167015,0.052567,0.0
5.6604,0.000564536,0.0167015,0.0167259,0.0
5.65994,0.000581138,0.100209,0.0409613,0.0
5.66052,0.000557244,0.0167015,0.0167259,0.0
5.66008,0.000567596,0.100209,0.0409613,0.0
5.66005,0.000577687,0.11691,0.0440334,0.0
5.66059,0.000610827,0.11691,0.0440334,0.0
5.66033,0.000596894,0.133612,0.0471055,0.0
5.6605,0.000573456,0.0668058,0.0334517,0.0
5.6601,0.000577687,0.100209,0.0409613,0.0
5.65904,0.000564211,0.0668058,0.0334517,0.0
5.65968,0.000565317,0.11691,0.0440334,0.0
5.66014,0.000586542,0.0501044,0.0290142,0.0
5.65928,0.000547674,0.0334029,0.0235527,0.0
5.65971,0.000567336,0.0501044,0.0290142,0.0
5.65997,0.000591034,0.133612,0.0471055,0.0
5.65971,0.000571437,0.0835073,0.0372065,0.0
5.66013,0.000567856,0.11691,0.0440334,0.0
5.66026,0.000575148,0.150313,0.0501776,0.0
5.65976,0.000574758,0.133612,0.0471055,0.0
5.66094,0.00058856,0.133612,0.0471055,0.0
5.66199,0.000593573,0.167015,0.052567,0.0
5.66004,0.000598717,0.11691,0.0440334,0.0
5.6592,0.000561411,0.0668058,0.0334517,0.0
5.66026,0.000578859,0.11691,0.0440334,0.0
5.6605,0.000608873,0.11691,0.0440334,0.0
5.66019,0.000581138,0.100209,0.0409613,0.0
5.65976,0.00057606,0.0501044,0.0290142,0.0
5.66077,0.000581333,0.100209,0.0409613,0.0
5.66077,0.000594224,0.11691,0.0440334,0.0
5.66047,0.000577036,0.133612,0.0471055,0.0
5.66127,0.000580031,0.150313,0.0501776,0.0
5.66042,0.00056675,0.11691,0.0440334,0.0
5.66114,0.000577557,0.0835073,0.0372065,0.0
5.66059,0.000569875,0.150313,0.0501776,0.0
5.65974,0.000560109,0.0501044,0.0290142,0.0
5.66007,0.000581203,0.133612,0.0471055,0.0
5.66108,0.000587128,0.0835073,0.0372065,0.0
5.66011,0.000585305,0.0668058,0.0334517,0.0
5.65957,0.000559523,0.133612,0.0471055,0.0
5.66032,0.000570982,0.133612,0.0471055,0.0
5.66046,0.000620397,0.200418,0.0576872,0.0
5.66003,0.000601256,0.133612,0.0471055,0.0
5.65965,0.000578013,0.150313,0.0501776,0.0
5.66032,0.000576906,0.150313,0.0501776,0.0
5.66094,0.000599498,0.0835073,0.0372065,0.0
5.66046,0.000592141,0.0835073,0.0372065,0.0
5.66003,0.000579901,0.0835073,0.0372065,0.0
5.6601,0.000581464,0.11691,0.0440334,0.0
5.66044,0.000578339,0.100209,0.0409613,0.0
5.66108,0.000584459,0.200418,0.0576872,0.0
5.66042,0.000582961,0.133612,0.0471055,0.0
5.65997,0.000577492,0.0501044,0.0290142,0.0
5.65999,0.000583417,0.11691,0.0440334,0.0
5.66058,0.000586802,0.133612,0.0471055,0.0
5.66157,0.000586802,0.133612,0.0471055,0.0
5.66006,0.000596503,0.150313,0.0501776,0.0
5.66006,0.000567466,0.0334029,0.0235527,0.0
5.66057,0.000565317,0.150313,0.0501776,0.0
5.66064,0.000570916,0.0334029,0.0235527,0.0
5.66052,0.000578534,0.167015,0.052567,0.0
5.66009,0.000591881,0.0668058,0.0334517,0.0
5.66088,0.000585826,0.100209,0.0409613,0.0
5.66044,0.000578208,0.100209,0.0409613,0.0
5.66016,0.000561346,0.100209,0.0409613,0.0
5.66033,0.000586933,0.0835073,0.0372065,0.0
5.66059,0.000571502,0.11691,0.0440334,0.0
5.66096,0.000572349,0.100209,0.0409613,0.0
5.66062,0.00056714,0.11691,0.0440334,0.0
5.66082,0.000572284,0.11691,0.0440334,0.0
5.66088,0.000564341,0.0334029,0.0235527,0.0
5.66071,0.000564015,0.0501044,0.0290142,0.0
5.66054,0.000579706,0.0668058,0.0334517,0.0
5.66021,0.000566554,0.100209,0.0409613,0.0
5.66035,0.000565448,0.0835073,0.0372065,0.0
5.66018,0.000576125,0.0668058,0.0334517,0.0
5.65967,0.000569875,0.11691,0.0440334,0.0
5.65983,0.000577557,0.0501044,0.0290142,0.0
5.66007,0.000584003,0.100209,0.0409613,0.0
5.66097,0.00061304,0.23382,0.062466,0.0
5.66071,0.000605227,0.133612,0.0471055,0.0
5.66023,0.000580357,0.0501044,0.0290142,0.0
5.66099,0.000569679,0.0501044,0.0290142,0.0
5.66076,0.000561151,0.0501044,0.0290142,0.0
5.66016,0.000574042,0.11691,0.0440334,0.0
5.66035,0.000569224,0.0334029,0.0235527,0.0
5.66129,0.000554249,0.0835073,0.0372065,0.0
5.66112,0.000577622,0.133612,0.0471055,0.0
5.66145,0.000603795,0.11691,0.0440334,0.0
5.66126,0.000582896,0.0501044,0.0290142,0.0
5.66174,0.000582636,0.133612,0.0471055,0.0
5.66127,0.000583873,0.100209,0.0409613,0.0
5.66129,0.000571307,0.11691,0.0440334,0.0
5.66146,0.000589276,0.0501044,0.0290142,0.0
5.66067,0.000561736,0.11691,0.0440334,0.0
5.66003,0.000593443,0.100209,0.0409613,0.0
5.66015,0.000586802,0.11691,0.0440334,0.0
5.66049,0.000576516,0.100209,0.0409613,0.0
5.65991,0.000570005,0.0835073,0.0372065,0.0
5.65984,0.000570656,0.0835073,0.0372065,0.0
5.66031,0.000574888,0.11691,0.0440334,0.0
5.66022,0.000572153,0.133612,0.0471055,0.0
5.66011,0.000591099,0.183716,0.0552977,0.0
5.66016,0.000592597,0.0668058,0.0334517,0.0
5.66044,0.000572414,0.0835073,0.0372065,0.0
5.65976,0.000566619,0.11691,0.0440334,0.0
5.65937,0.000569549,0.11691,0.0440334,0.0
5.65954,0.000607767,0.150313,0.0501776,0.0
5.66031,0.000599238,0.217119,0.0600766,0.0
5.66101,0.000585565,0.133612,0.0471055,0.0
5.66031,0.000590709,0.150313,0.0501776,0.0
5.661,0.000593313,0.150313,0.0501776,0.0
5.66024,0.000577948,0.150313,0.0501776,0.0
5.66045,0.000586867,0.11691,0.0440334,0.0
5.66131,0.000597219,0.0668058,0.0334517,0.0
5.66101,0.000586933,0.150313,0.0501776,0.0
5.66121,0.00059748,0.0668058,0.0334517,0.0
5.66223,0.000602753,0.183716,0.0552977,0.0
5.66048,0.000592857,0.0835073,0.0372065,0.0
5.66104,0.000584654,0.11691,0.0440334,0.0
5.6614,0.000581594,0.133612,0.0471055,0.0
5.6606,0.000578859,0.0835073,0.0372065,0.0
5.66048,0.00058218,0.133612,0.0471055,0.0
5.66057,0.000576516,0.100209,0.0409613,0.0
5.66052,0.000573065,0.0668058,0.0334517,0.0
5.65965,0.000566033,0.0334029,0.0235527,0.0
5.65976,0.000567726,0.133612,0.0471055,0.0
5.66067,0.000584784,0.0668058,0.0334517,0.0
5.66071,0.000616881,0.217119,0.0600766,0.0
5.66095,0.00059481,0.167015,0.052567,0.0
5.65968,0.000581724,0.0835073,0.0372065,0.0
5.65959,0.000582505,0.0668058,0.0334517,0.0
5.65997,0.00057313,0.0501044,0.0290142,0.0
5.66084,0.00056994,0.167015,0.052567,0.0
5.66057,0.000577492,0.0835073,0.0372065,0.0
5.66095,0.000586672,0.100209,0.0409613,0.0
5.66075,0.000586542,0.0835073,0.0372065,0.0
5.66047,0.000583547,0.0835073,0.0372065,0.0
5.66037,0.000571633,0.133612,0.0471055,0.0
5.66094,0.00059442,0.100209,0.0409613,0.0
5.66113,0.000589732,0.167015,0.052567,0.0
5.66122,0.000566099,0.11691,0.0440334,0.0
5.66064,0.000594941,0.0835073,0.0372065,0.0
5.66057,0.000592076,0.11691,0.0440334,0.0
5.66062,0.000562388,0.0501044,0.0290142,0.0
5.65938,0.000569745,0.100209,0.0409613,0.0
5.65958,0.000567336,0.0501044,0.0290142,0.0
5.66109,0.000590839,0.133612,0.0471055,0.0
5.66115,0.000559132,0.0668058,0.0334517,0.0
5.65956,0.000573065,0.100209,0.0409613,0.0
5.65921,0.000561932,0.0835073,0.0372065,0.0
5.66032,0.000580552,0.150313,0.0501776,0.0
5.66011,0.000597675,0.11691,0.0440334,0.0
5.65949,0.000590774,0.133612,0.0471055,0.0
5.66028,0.000587128,0.0501044,0.0290142,0.0
5.66026,0.000584133,0.0334029,0.0235527,0.0
5.66142,0.000573716,0.11691,0.0440334,0.0
5.66082,0.000592076,0.133612,0.0471055,0.0
5.65943,0.000607897,0.0501044,0.0290142,0.0
5.66042,0.000576906,0.11691,0.0440334,0.0
5.6598,0.000562648,0.0334029,0.0235527,0.0
5.65982,0.000561476,0.0835073,0.0372065,0.0
5.66004,0.000581333,0.100209,0.0409613,0.0
5.66088,0.00057326,0.150313,0.0501776,0.0
5.65998,0.000563364,0.0835073,0.0372065,0.0
5.65924,0.000557244,0.133612,0.0471055,0.0
5.66007,0.000584849,0.133612,0.0471055,0.0
5.66076,0.000602233,0.100209,0.0409613,0.0
5.66049,0.000590188,0.150313,0.0501776,0.0
5.66038,0.000599889,0.100209,0.0409613,0.0
5.66095,0.000592597,0.0668058,0.0334517,0.0
5.66036,0.000593964,0.100209,0.0409613,0.0
5.6598,0.000565317,0.0668058,0.0334517,0.0
5.65984,0.000572805,0.183716,0.0552977,0.0
5.66107,0.000591099,0.167015,0.052567,0.0
5.66008,0.000595201,0.0668058,0.0334517,0.0
5.6603,0.000569028,0.0668058,0.0334517,0.0
5.66103,0.000546762,0.0334029,0.0235527,0.0
5.66017,0.000566359,0.11691,0.0440334,0.0
5.66004,0.000574758,0.0835073,0.0372065,0.0
5.65983,0.000585565,0.0501044,0.0290142,0.0
5.65952,0.000574758,0.100209,0.0409613,0.0
5.66041,0.000600605,0.150313,0.0501776,0.0
5.66064,0.000593573,0.100209,0.0409613,0.0
5.65971,0.000567791,0.0835073,0.0372065,0.0
5.65992,0.000561867,0.0334029,0.0235527,0.0
5.66102,0.00058244,0.11691,0.0440334,0.0
5.65996,0.000569224,0.0334029,0.0235527,0.0
5.66079,0.000591034,0.11691,0.0440334,0.0
5.66043,0.000581854,0.100209,0.0409613,0.0
5.66018,0.000564471,0.11691,0.0440334,0.0
5.66102,0.000596764,0.133612,0.0471055,0.0
5.66019,0.000578339,0.0835073,0.0372065,0.0
5.65972,0.000569354,0.100209,0.0409613,0.0
5.6599,0.000556984,0.0668058,0.0334517,0.0
5.66062,0.000589472,0.167015,0.052567,0.0
5.66032,0.000577167,0.0835073,0.0372065,0.0
5.66001,0.000558351,0.0334029,0.0235527,0.0
5.66012,0.000584914,0.133612,0.0471055,0.0
5.66119,0.000610957,0.200418,0.0576872,0.0
5.66116,0.00061278,0.100209,0.0409613,0.0
5.66024,0.00059162,0.0668058,0.0334517,0.0
5.65981,0.00058524,0.150313,0.0501776,0.0
5.6603,0.000568898,0.0334029,0.0235527,0.0
5.66078,0.000592792,0.100209,0.0409613,0.0
5.66137,0.000588756,0.150313,0.0501776,0.0
5.66029,0.000612259,0.183716,0.0552977,0.0
5.66089,0.000611413,0.11691,0.0440334,0.0
5.66115,0.00057606,0.100209,0.0409613,0.0
5.65988,0.00057326,0.0167015,0.0167259,0.0
5.66128,0.000587519,0.100209,0.0409613,0.0
5.66033,0.00059455,0.183716,0.0552977,0.0
5.6606,0.000601386,0.133612,0.0471055,0.0
5.66042,0.000572609,0.0501044,0.0290142,0.0
5.66007,0.000574888,0.0835073,0.0372065,0.0
5.65986,0.000583156,0.100209,0.0409613,0.0
5.66012,0.000581594,0.0668058,0.0334517,0.0
5.66006,0.000589732,0.0501044,0.0290142,0.0
5.65954,0.000579185,0.0334029,0.0235527,0.0
5.66017,0.000567401,0.0668058,0.0334517,0.0
5.66099,0.000574367,0.0835073,0.0372065,0.0
5.66006,0.000583807,0.167015,0.052567,0.0
5.65895,0.000570135,0.100209,0.0409613,0.0
5.66016,0.000556398,0.11691,0.0440334,0.0
5.66122,0.000570851,0.100209,0.0409613,0.0
5.66129,0.000598261,0.0835073,0.0372065,0.0
5.66005,0.000591164,0.133612,0.0471055,0.0
5.66026,0.000566489,0.100209,0.0409613,0.0
5.66038,0.000565187,0.0835073,0.0372065,0.0
5.66008,0.000572023,0.0501044,0.0290142,0.0
5.6603,0.000599563,0.183716,0.0552977,0.0
5.66107,0.000576906,0.100209,0.0409613,0.0
5.66033,0.000586933,0.0835073,0.0372065,0.0
5.66002,0.00058205,0.0835073,0.0372065,0.0
5.66008,0.000593118,0.100209,0.0409613,0.0
5.66015,0.000585044,0.133612,0.0471055,0.0
5.66073,0.000595201,0.167015,0.052567,0.0
5.6615,0.000591425,0.0501044,0.0290142,0.0
5.66033,0.000577297,0.0835073,0.0372065,0.0
5.66078,0.00058537,0.100209,0.0409613,0.0
5.66144,0.000580096,0.200418,0.0576872,0.0
5.66002,0.000587323,0.0835073,0.0372065,0.0
5.66083,0.000580422,0.0835073,0.0372065,0.0
5.66157,0.000580292,0.183716,0.0552977,0.0
5.66071,0.000566099,0.0835073,0.0372065,0.0
5.65985,0.000574953,0.0668058,0.0334517,0.0
5.65992,0.000587844,0.0668058,0.0334517,0.0
5.661,0.000575799,0.0835073,0.0372065,0.0
5.66037,0.00056675,0.133612,0.0471055,0.0
5.66039,0.000591555,0.100209,0.0409613,0.0
5.65988,0.000564145,0.0668058,0.0334517,0.0
5.66015,0.00055757,0.0668058,0.0334517,0.0
5.66018,0.00056714,0.0501044,0.0290142,0.0
5.65998,0.000591099,0.150313,0.0501776,0.0
5.66004,0.000564601,0.0501044,0.0290142,0.0
5.65987,0.000559132,0.0668058,0.0334517,0.0
5.65941,0.000586542,0.11691,0.0440334,0.0
5.66021,0.000563234,0.0334029,0.0235527,0.0
5.65965,0.000580292,0.11691,0.0440334,0.0
5.65978,0.000582831,0.0835073,0.0372065,0.0
5.65905,0.000586737,0.11691,0.0440334,0.0
5.65981,0.000569159,0.0835073,0.0372065,0.0
5.66097,0.000560499,0.0501044,0.0290142,0.0
5.66113,0.000580227,0.100209,0.0409613,0.0
5.6605,0.000569093,0.0668058,0.0334517,0.0
5.66143,0.000584719,0.0668058,0.0334517,0.0
5.66111,0.000575539,0.167015,0.052567,0.0
5.66116,0.000584524,0.0501044,0.0290142,0.0
5.66117,0.000571502,0.100209,0.0409613,0.0
5.6596,0.000576841,0.100209,0.0409613,0.0
5.65958,0.000571763,0.0668058,0.0334517,0.0
5.6597,0.00057007,0.0501044,0.0290142,0.0
5.65894,0.000556919,0.0835073,0.0372065,0.0
5.66025,0.000580552,0.150313,0.0501776,0.0
5.65984,0.000599759,0.0668058,0.0334517,0.0
5.65934,0.000565903,0.100209,0.0409613,0.0
5.66025,0.000556788,0.0501044,0.0290142,0.0
5.66014,0.000571958,0.0835073,0.0372065,0.0
5.66026,0.0005855,0.100209,0.0409613,0.0
5.66028,0.000595006,0.150313,0.0501776,0.0
5.6606,0.000602623,0.0835073,0.0372065,0.0
5.6608,0.000579901,0.133612,0.0471055,0.0
5.66075,0.000570916,0.11691,0.0440334,0.0
5.6611,0.000590058,0.150313,0.0501776,0.0
5.66044,0.000585696,0.0835073,0.0372065,0.0
5.66065,0.000567791,0.100209,0.0409613,0.0
5.661,0.000611022,0.11691,0.0440334,0.0
5.66093,0.000575734,0.100209,0.0409613,0.0
5.66158,0.000570461,0.100209,0.0409613,0.0
5.66136,0.00057912,0.0668058,0.0334517,0.0
5.66053,0.000553273,0.11691,0.0440334,0.0
5.66035,0.00057899,0.100209,0.0409613,0.0
5.66059,0.000554184,0.100209,0.0409613,0.0
5.6605,0.000571307,0.100209,0.0409613,0.0
5.66023,0.000573976,0.0835073,0.0372065,0.0
5.66067,0.000582115,0.0668058,0.0334517,0.0
5.66073,0.000598001,0.100209,0.0409613,0.0
5.65953,0.00057287,0.0334029,0.0235527,0.0
5.65966,0.000564601,0.0668058,0.0334517,0.0
5.66016,0.000578794,0.0835073,0.0372065,0.0
5.65927,0.000558025,0.0835073,0.0372065,0.0
5.66038,0.000595396,0.11691,0.0440334,0.0
5.66023,0.000582701,0.0501044,0.0290142,0.0
5.65984,0.000570982,0.0501044,0.0290142,0.0
5.65993,0.000581464,0.11691,0.0440334,0.0
5.66088,0.000618704,0.150313,0.0501776,0.0
5.65989,0.000570396,0.0668058,0.0334517,0.0
5.6593,0.000568442,0.100209,0.0409613,0.0
5.65979,0.000591295,0.183716,0.0552977,0.0
5.66091,0.000583026,0.100209,0.0409613,0.0
5.65973,0.000587584,0.11691,0.0440334,0.0
5.65983,0.000592922,0.100209,0.0409613,0.0
5.66146,0.000602298,0.133612,0.0471055,0.0
5.66033,0.000584719,0.100209,0.0409613,0.0
5.66099,0.000572805,0.100209,0.0409613,0.0
5.66049,0.000575474,0.11691,0.0440334,0.0
5.66051,0.000557309,0.100209,0.0409613,0.0
5.661,0.000576906,0.100209,0.0409613,0.0
5.66036,0.000577883,0.0501044,0.0290142,0.0
5.66032,0.000583417,0.0668058,0.0334517,0.0
5.66063,0.000574302,0.11691,0.0440334,0.0
5.65934,0.000558546,0.0,0.0,0.0
5.6596,0.000577427,0.0835073,0.0372065,0.0
5.66063,0.000595136,0.150313,0.0501776,0.0
5.66076,0.00062502,0.133612,0.0471055,0.0
5.66079,0.000607571,0.133612,0.0471055,0.0
5.6592,0.000585435,0.100209,0.0409613,0.0
5.66083,0.000575539,0.100209,0.0409613,0.0
5.6604,0.000587519,0.150313,0.0501776,0.0
5.66096,0.000579966,0.0668058,0.0334517,0.0
5.66105,0.000564666,0.0835073,0.0372065,0.0
5.65997,0.000570461,0.0501044,0.0290142,0.0
5.66085,0.000573651,0.0835073,0.0372065,0.0
5.66059,0.000556658,0.0668058,0.0334517,0.0
5.6607,0.000581659,0.0835073,0.0372065,0.0
5.66024,0.00056395,0.0668058,0.0334517,0.0
5.66048,0.000580617,0.133612,0.0471055,0.0
5.66123,0.000589276,0.0835073,0.0372065,0.0
5.66081,0.000578404,0.11691,0.0440334,0.0
5.66036,0.000580878,0.100209,0.0409613,0.0
5.66012,0.000567596,0.0668058,0.0334517,0.0
5.65982,0.000572414,0.133612,0.0471055,0.0
5.66049,0.000600475,0.11691,0.0440334,0.0
5.66107,0.000589407,0.133612,0.0471055,0.0
5.66035,0.000596178,0.133612,0.0471055,0.0
5.66087,0.000590513,0.11691,0.0440334,0.0
5.6611,0.000605293,0.11691,0.0440334,0.0
5.65982,0.000566489,0.0501044,0.0290142,0.0
5.65998,0.000595917,0.150313,0.0501776,0.0
5.66153,0.000590188,0.11691,0.0440334,0.0
5.6597,0.000581724,0.0835073,0.0372065,0.0
5.6588,0.000564796,0.0835073,0.0372065,0.0
5.66059,0.000592727,0.133612,0.0471055,0.0
5.65964,0.000572544,0.0668058,0.0334517,0.0
5.66031,0.0005549,0.0501044,0.0290142,0.0
5.66095,0.000592727,0.100209,0.0409613,0.0
5.66069,0.00057326,0.11691,0.0440334,0.0
5.66102,0.000579966,0.133612,0.0471055,0.0
5.66122,0.000568377,0.11691,0.0440334,0.0
5.65958,0.000586216,0.11691,0.0440334,0.0
5.65953,0.000563625,0.0501044,0.0290142,0.0
5.66006,0.000569614,0.0501044,0.0290142,0.0
5.66041,0.000563169,0.0835073,0.0372065,0.0
5.6608,0.000596243,0.100209,0.0409613,0.0
5.66146,0.000587649,0.0835073,0.0372065,0.0
5.66013,0.000568768,0.0668058,0.0334517,0.0
5.6604,0.000568833,0.11691,0.0440334,0.0
5.66087,0.000584979,0.0668058,0.0334517,0.0
5.66041,0.000593899,0.167015,0.052567,0.0
5.65973,0.00057645,0.0835073,0.0372065,0.0
5.6607,0.000583938,0.0167015,0.0167259,0.0
5.66149,0.000586933,0.150313,0.0501776,0.0
5.66116,0.000577557,0.11691,0.0440334,0.0
5.66146,0.000587453,0.100209,0.0409613,0.0
5.66133,0.000604121,0.167015,0.052567,0.0
5.66033,0.000584979,0.100209,0.0409613,0.0
5.66022,0.0,0.133612,0.0,0.0
5.66053,0.0,0.0668058,0.0,0.0
5.6601,0.0,0.11691,0.0,0.0
5.66029,0.0,0.0835073,0.0,0.0
5.66033,0.0,0.0835073,0.0,0.0
5.66066,0.0,0.0835073,0.0,0.0
5.66121,0.0,0.217119,0.0,0.0
5.66052,0.0,0.11691,0.0,0.0
5.66039,0.0,0.0334029,0.0,0.0
5.66092,0.0,0.183716,0.0,0.0
5.66045,0.0,0.100209,0.0,0.0
5.66082,0.0,0.167015,0.0,0.0
5.66019,0.0,0.133612,0.0,0.0
5.66025,0.0,0.100209,0.0,0.0
5.66059,0.0,0.0668058,0.0,0.0
5.66021,0.0,0.0501044,0.0,0.0
5.66004,0.0,0.133612,0.0,0.0
5.66017,0.0,0.0167015,0.0,0.0
5.65948,0.0,0.133612,0.0,0.0
5.66064,0.0,0.167015,0.0,0.0
5.66029,0.0,0.150313,0.0,0.0
5.65966,0.0,0.0501044,0.0,0.0
5.66007,0.0,0.0668058,0.0,0.0
5.66064,0.0,0.11691,0.0,0.0
5.66046,0.0,0.11691,0.0,0.0
5.66073,0.0,0.0835073,0.0,0.0
5.66106,0.0,0.0835073,0.0,0.0
5.6606,0.0,0.11691,0.0,0.0
5.66044,0.0,0.0835073,0.0,0.0
5.66024,0.0,0.133612,0.0,0.0
5.66036,0.0,0.133612,0.0,0.0
5.66039,0.0,0.100209,0.0,0.0
5.65927,0.0,0.11691,0.0,0.0
5.6595,0.0,0.100209,0.0,0.0
5.66064,0.0,0.150313,0.0,0.0
5.66008,0.0,0.0668058,0.0,0.0
5.65992,0.0,0.133612,0.0,0.0
5.66056,0.0,0.100209,0.0,0.0
5.66044,0.0,0.150313,0.0,0.0
5.66082,0.0,0.100209,0.0,0.0
5.66174,0.0,0.11691,0.0,0.0
5.66078,0.0,0.150313,0.0,0.0
5.66047,0.0,0.100209,0.0,0.0
5.66043,0.0,0.0835073,0.0,0.0
5.6598,0.0,0.0835073,0.0,0.0
5.65915,0.0,0.100209,0.0,0.0
5.65993,0.0,0.133612,0.0,0.0
5.66088,0.0,0.0501044,0.0,0.0
5.66022,0.0,0.0835073,0.0,0.0
5.66024,0.0,0.0334029,0.0,0.0
5.6598,0.0,0.100209,0.0,0.0
5.66035,0.0,0.100209,0.0,0.0
5.66048,0.0,0.100209,0.0,0.0
5.66078,0.0,0.0334029,0.0,0.0
5.66022,0.0,0.0835073,0.0,0.0
5.66095,0.0,0.100209,0.0,0.0
5.65995,0.0,0.0501044,0.0,0.0
5.65944,0.0,0.0835073,0.0,0.0
5.66033,0.0,0.11691,0.0,0.0
5.66084,0.0,0.0835073,0.0,0.0
5.6603,0.0,0.100209,0.0,0.0
5.66121,0.0,0.11691,0.0,0.0
5.6615,0.0,0.0835073,0.0,0.0
5.65964,0.0,0.0167015,0.0,0.0
5.65926,0.0,0.11691,0.0,0.0
5.66011,0.0,0.0668058,0.0,0.0
5.6599,0.0,0.150313,0.0,0.0
5.66001,0.0,0.0835073,0.0,0.0
5.66053,0.0,0.0835073,0.0,0.0
5.66009,0.0,0.0835073,0.0,0.0
5.66035,0.0,0.11691,0.0,0.0
5.6603,0.0,0.11691,0.0,0.0
5.66014,0.0,0.0668058,0.0,0.0
5.66046,0.0,0.0334029,0.0,0.0
5.65971,0.0,0.100209,0.0,0.0
5.65984,0.0,0.0668058,0.0,0.0
5.66042,0.0,0.11691,0.0,0.0
5.66039,0.0,0.11691,0.0,0.0
5.66063,0.0,0.150313,0.0,0.0
5.65984,0.0,0.0668058,0.0,0.0
5.65894,0.0,0.0835073,0.0,0.0
5.66087,0.0,0.167015,0.0,0.0
5.66145,0.0,0.150313,0.0,0.0
5.66009,0.0,0.0167015,0.0,0.0
5.66051,0.0,0.133612,0.0,0.0
5.66068,0.0,0.0835073,0.0,0.0
5.66081,0.0,0.11691,0.0,0.0
5.66139,0.0,0.100209,0.0,0.0
5.66064,0.0,0.0835073,0.0,0.0
5.66015,0.0,0.0668058,0.0,0.0
5.66011,0.0,0.0835073,0.0,0.0
5.66007,0.0,0.150313,0.0,0.0
5.66061,0.0,0.0835073,0.0,0.0
5.65993,0.0,0.0668058,0.0,0.0
5.66003,0.0,0.133612,0.0,0.0
5.66107,0.0,0.0835073,0.0,0.0
5.6594,0.0,0.150313,0.0,0.0
5.65875,0.0,0.0334029,0.0,0.0
5.65899,0.0,0.133612,0.0,0.0
5.6592,0.0,0.0334029,0.0,0.0
5.65983,0.0,0.11691,0.0,0.0
5.65931,0.0,0.133612,0.0,0.0
5.65995,0.0,0.133612,0.0,0.0
5.66105,0.0,0.150313,0.0,0.0
5.65958,0.0,0.0501044,0.0,0.0
5.65923,0.0,0.100209,0.0,0.0
5.66035,0.0,0.100209,0.0,0.0
5.65998,0.0,0.0835073,0.0,0.0
5.66031,0.0,0.100209,0.0,0.0
5.66089,0.0,0.150313,0.0,0.0
5.66187,0.0,0.133612,0.0,0.0
5.66102,0.0,0.0835073,0.0,0.0
5.66003,0.0,0.150313,0.0,0.0
5.6613,0.0,0.0668058,0.0,0.0
5.6612,0.0,0.0835073,0.0,0.0
5.66108,0.0,0.100209,0.0,0.0
5.66038,0.0,0.0501044,0.0,0.0
5.66011,0.0,0.11691,0.0,0.0
5.66029,0.0,0.11691,0.0,0.0
5.6605,0.0,0.100209,0.0,0.0
5.66034,0.0,0.11691,0.0,0.0
5.6599,0.0,0.100209,0.0,0.0
5.66001,0.0,0.100209,0.0,0.0
5.66006,0.0,0.150313,0.0,0.0
5.66048,0.0,0.150313,0.0,0.0
5.6602,0.0,0.133612,0.0,0.0
5.65956,0.0,0.100209,0.0,0.0
5.65962,0.0,0.0668058,0.0,0.0
5.66004,0.0,0.11691,0.0,0.0
5.66043,0.0,0.183716,0.0,0.0
5.65993,0.0,0.11691,0.0,0.0
5.6603,0.0,0.11691,0.0,0.0
5.66097,0.0,0.167015,0.0,0.0
5.66087,0.0,0.100209,0.0,0.0
5.65991,0.0,0.0501044,0.0,0.0
5.65924,0.0,0.100209,0.0,0.0
5.66045,0.0,0.0501044,0.0,0.0
5.66067,0.0,0.0668058,0.0,0.0
5.66068,0.0,0.150313,0.0,0.0
5.66041,0.0,0.11691,0.0,0.0
5.66023,0.0,0.0835073,0.0,0.0
5.66038,0.0,0.0835073,0.0,0.0
5.66,0.0,0.100209,0.0,0.0
5.65982,0.0,0.100209,0.0,0.0
5.65937,0.0,0.11691,0.0,0.0
5.66017,0.0,0.0835073,0.0,0.0
5.66005,0.0,0.100209,0.0,0.0
5.65991,0.0,0.0501044,0.0,0.0
5.66073,0.0,0.133612,0.0,0.0
5.66131,0.0,0.0668058,0.0,0.0
5.66014,0.0,0.183716,0.0,0.0
5.66035,0.0,0.11691,0.0,0.0
5.66065,0.0,0.100209,0.0,0.0
5.66072,0.0,0.11691,0.0,0.0
5.66117,0.0,0.150313,0.0,0.0
5.66026,0.0,0.0668058,0.0,0.0
5.66027,0.0,0.0668058,0.0,0.0
5.66103,0.0,0.11691,0.0,0.0
5.65958,0.0,0.0501044,0.0,0.0
5.6596,0.0,0.0668058,0.0,0.0
5.6603,0.0,0.11691,0.0,0.0
5.66128,0.0,0.100209,0.0,0.0
5.66055,0.0,0.150313,0.0,0.0
5.66042,0.0,0.150313,0.0,0.0
5.66028,0.0,0.0501044,0.0,0.0
5.66066,0.0,0.0668058,0.0,0.0
5.66042,0.0,0.183716,0.0,0.0
5.66107,0.0,0.100209,0.0,0.0
5.66131,0.0,0.0835073,0.0,0.0
5.6612,0.0,0.11691,0.0,0.0
5.66141,0.0,0.0668058,0.0,0.0
5.66068,0.0,0.100209,0.0,0.0
5.66065,0.0,0.11691,0.0,0.0
5.66051,0.0,0.11691,0.0,0.0
5.66054,0.0,0.0668058,0.0,0.0
5.66118,0.0,0.0835073,0.0,0.0
5.66006,0.0,0.100209,0.0,0.0
5.6598,0.0,0.100209,0.0,0.0
5.66027,0.0,0.0668058,0.0,0.0
5.66054,0.0,0.0835073,0.0,0.0
5.65996,0.0,0.0668058,0.0,0.0
5.66029,0.0,0.0668058,0.0,0.0
5.66051,0.0,0.133612,0.0,0.0
5.66124,0.0,0.133612,0.0,0.0
5.6607,0.0,0.200418,0.0,0.0
5.66103,0.0,0.133612,0.0,0.0
5.66111,0.0,0.183716,0.0,0.0
5.66029,0.0,0.0835073,0.0,0.0
5.65985,0.0,0.11691,0.0,0.0
5.65984,0.0,0.0334029,0.0,0.0
5.66086,0.0,0.167015,0.0,0.0
5.66153,0.0,0.11691,0.0,0.0
5.66023,0.0,0.0835073,0.0,0.0
5.65954,0.0,0.11691,0.0,0.0
5.6599,0.0,0.0835073,0.0,0.0
5.66012,0.0,0.183716,0.0,0.0
5.66125,0.0,0.150313,0.0,0.0
5.65962,0.0,0.0501044,0.0,0.0
5.6592,0.0,0.0668058,0.0,0.0
5.66088,0.0,0.167015,0.0,0.0
5.66061,0.0,0.11691,0.0,0.0
5.65994,0.0,0.0835073,0.0,0.0
5.65944,0.0,0.133612,0.0,0.0
5.66079,0.0,0.0501044,0.0,0.0
5.65972,0.0,0.0835073,0.0,0.0
5.65892,0.0,0.0501044,0.0,0.0
5.66082,0.0,0.100209,0.0,0.0
5.65967,0.0,0.0835073,0.0,0.0
5.65944,0.0,0.0835073,0.0,0.0
5.66032,0.0,0.0835073,0.0,0.0
5.66071,0.0,0.11691,0.0,0.0
5.66043,0.0,0.0835073,0.0,0.0
5.65999,0.0,0.0334029,0.0,0.0
5.65998,0.0,0.100209,0.0,0.0
5.65994,0.0,0.0835073,0.0,0.0
5.66069,0.0,0.183716,0.0,0.0
5.66077,0.0,0.0501044,0.0,0.0
5.6604,0.0,0.183716,0.0,0.0
5.65987,0.0,0.0668058,0.0,0.0
5.66079,0.0,0.150313,0.0,0.0
5.66042,0.0,0.0668058,0.0,0.0
5.66028,0.0,0.11691,0.0,0.0
5.6599,0.0,0.100209,0.0,0.0
5.65971,0.0,0.0668058,0.0,0.0
5.66003,0.0,0.0668058,0.0,0.0
5.65981,0.0,0.11691,0.0,0.0
5.66019,0.0,0.100209,0.0,0.0
5.65987,0.0,0.0668058,0.0,0.0
5.66101,0.0,0.100209,0.0,0.0
5.66186,0.0,0.11691,0.0,0.0
5.66064,0.0,0.100209,0.0,0.0
5.66006,0.0,0.11691,0.0,0.0
5.66085,0.0,0.0668058,0.0,0.0
5.66014,0.0,0.100209,0.0,0.0
5.66043,0.0,0.11691,0.0,0.0
5.6608,0.0,0.133612,0.0,0.0
5.6602,0.0,0.0501044,0.0,0.0
5.66082,0.0,0.11691,0.0,0.0
5.66078,0.0,0.133612,0.0,0.0
5.66116,0.0,0.0334029,0.0,0.0
5.66011,0.0,0.150313,0.0,0.0
5.66073,0.0,0.0835073,0.0,0.0
5.6597,0.0,0.0668058,0.0,0.0
5.66001,0.0,0.133612,0.0,0.0
5.66014,0.0,0.11691,0.0,0.0
5.65953,0.0,0.11691,0.0,0.0
5.66039,0.0,0.133612,0.0,0.0
5.66084,0.0,0.11691,0.0,0.0
5.66002,0.0,0.133612,0.0,0.0
5.65999,0.0,0.11691,0.0,0.0
5.6603,0.0,0.0668058,0.0,0.0
5.65977,0.0,0.0835073,0.0,0.0
5.66024,0.0,0.100209,0.0,0.0
5.66052,0.0,0.0835073,0.0,0.0
5.66066,0.0,0.167015,0.0,0.0
5.66027,0.0,0.0835073,0.0,0.0
5.6607,0.0,0.0668058,0.0,0.0
5.65988,0.0,0.100209,0.0,0.0
5.65989,0.0,0.0668058,0.0,0.0
5.66068,0.0,0.100209,0.0,0.0
5.66012,0.0,0.11691,0.0,0.0
5.6599,0.0,0.133612,0.0,0.0
5.66024,0.0,0.0501044,0.0,0.0
5.66078,0.0,0.150313,0.0,0.0
5.66092,0.0,0.100209,0.0,0.0
5.66007,0.0,0.150313,0.0,0.0
5.65997,0.0,0.183716,0.0,0.0
5.66081,0.0,0.150313,0.0,0.0
5.65987,0.0,0.0334029,0.0,0.0
5.65899,0.0,0.0334029,0.0,0.0
5.65992,0.0,0.0835073,0.0,0.0
5.65971,0.0,0.11691,0.0,0.0
5.65968,0.0,0.0501044,0.0,0.0
5.66011,0.0,0.100209,0.0,0.0
5.65938,0.0,0.100209,0.0,0.0
5.65972,0.0,0.0501044,0.0,0.0
5.66053,0.0,0.11691,0.0,0.0
5.66004,0.0,0.100209,0.0,0.0
5.66067,0.0,0.0835073,0.0,0.0
5.66073,0.0,0.133612,0.0,0.0
5.66055,0.0,0.0501044,0.0,0.0
5.66013,0.0,0.11691,0.0,0.0
5.66062,0.0,0.0668058,0.0,0.0
5.66113,0.0,0.11691,0.0,0.0
5.66111,0.0,0.200418,0.0,0.0
5.66048,0.0,0.0334029,0.0,0.0
5.65964,0.0,0.11691,0.0,0.0
5.66075,0.0,0.0835073,0.0,0.0
5.66087,0.0,0.100209,0.0,0.0
5.66054,0.0,0.0668058,0.0,0.0
5.65996,0.0,0.100209,0.0,0.0
5.65985,0.0,0.167015,0.0,0.0
5.66146,0.0,0.183716,0.0,0.0
5.66074,0.0,0.133612,0.0,0.0
5.66097,0.0,0.167015,0.0,0.0
5.66123,0.0,0.167015,0.0,0.0
5.66075,0.0,0.183716,0.0,0.0
5.65978,0.0,0.133612,0.0,0.0
5.66011,0.0,0.150313,0.0,0.0
5.66014,0.0,0.11691,0.0,0.0
5.65976,0.0,0.11691,0.0,0.0
5.66055,0.0,0.100209,0.0,0.0
5.66033,0.0,0.133612,0.0,0.0
5.66047,0.0,0.100209,0.0,0.0
5.65893,0.0,0.0501044,0.0,0.0
5.66079,0.0,0.150313,0.0,0.0
5.66173,0.0,0.100209,0.0,0.0
5.66028,0.0,0.100209,0.0,0.0
5.66007,0.0,0.0501044,0.0,0.0
5.65996,0.0,0.100209,0.0,0.0
5.66081,0.0,0.100209,0.0,0.0
5.65993,0.0,0.100209,0.0,0.0
5.65996,0.0,0.0501044,0.0,0.0
5.6606,0.0,0.133612,0.0,0.0
5.66048,0.0,0.0501044,0.0,0.0
5.66036,0.0,0.0334029,0.0,0.0
5.66083,0.0,0.133612,0.0,0.0
5.65936,0.0,0.0668058,0.0,0.0
5.65885,0.0,0.0835073,0.0,0.0
5.65929,0.0,0.0668058,0.0,0.0
5.6587,0.0,0.0334029,0.0,0.0
5.66039,0.0,0.0501044,0.0,0.0
5.6601,0.0,0.0835073,0.0,0.0
5.65997,0.0,0.0668058,0.0,0.0
5.66054,0.0,0.0835073,0.0,0.0
5.66016,0.0,0.0668058,0.0,0.0
5.66035,0.0,0.0835073,0.0,0.0
5.66047,0.0,0.167015,0.0,0.0
5.66087,0.0,0.167015,0.0,0.0
5.66102,0.0,0.100209,0.0,0.0
5.66071,0.0,0.11691,0.0,0.0
5.66092,0.0,0.0501044,0.0,0.0
5.66015,0.0,0.167015,0.0,0.0
5.6602,0.0,0.150313,0.0,0.0
5.66128,0.0,0.11691,0.0,0.0
5.66095,0.0,0.0835073,0.0,0.0
5.66003,0.0,0.100209,0.0,0.0
5.66111,0.0,0.0501044,0.0,0.0
5.6614,0.0,0.100209,0.0,0.0
5.66086,0.0,0.0835073,0.0,0.0
5.6605,0.0,0.150313,0.0,0.0
5.66049,0.0,0.0668058,0.0,0.0
5.66016,0.0,0.11691,0.0,0.0
5.65977,0.0,0.0334029,0.0,0.0
5.65962,0.0,0.100209,0.0,0.0
5.65965,0.0,0.0334029,0.0,0.0
5.66114,0.0,0.0501044,0.0,0.0
5.66074,0.0,0.183716,0.0,0.0
5.66131,0.0,0.0668058,0.0,0.0
5.66057,0.0,0.11691,0.0,0.0
5.66056,0.0,0.0835073,0.0,0.0
5.66108,0.0,0.11691,0.0,0.0
5.66051,0.0,0.0835073,0.0,0.0
5.6596,0.0,0.0501044,0.0,0.0
5.65942,0.0,0.11691,0.0,0.0
5.66067,0.0,0.133612,0.0,0.0
5.6607,0.0,0.150313,0.0,0.0
5.66012,0.0,0.11691,0.0,0.0
5.66081,0.0,0.11691,0.0,0.0
5.66129,0.0,0.0668058,0.0,0.0
5.66113,0.0,0.100209,0.0,0.0
5.66152,0.0,0.167015,0.0,0.0
5.66064,0.0,0.150313,0.0,0.0
5.65982,0.0,0.100209,0.0,0.0
5.66074,0.0,0.150313,0.0,0.0
5.66089,0.0,0.11691,0.0,0.0
5.66026,0.0,0.150313,0.0,0.0
5.65979,0.0,0.0835073,0.0,0.0
5.6594,0.0,0.100209,0.0,0.0
5.6606,0.0,0.11691,0.0,0.0
5.66066,0.0,0.133612,0.0,0.0
5.65971,0.0,0.0835073,0.0,0.0
5.66081,0.0,0.100209,0.0,0.0
5.66095,0.0,0.167015,0.0,0.0
5.66046,0.0,0.0334029,0.0,0.0
5.65956,0.0,0.0334029,0.0,0.0
5.66016,0.0,0.23382,0.0,0.0
5.66116,0.0,0.150313,0.0,0.0
5.66006,0.0,0.11691,0.0,0.0
5.65904,0.0,0.11691,0.0,0.0
5.65927,0.0,0.0835073,0.0,0.0
5.65983,0.0,0.0835073,0.0,0.0
5.6605,0.0,0.133612,0.0,0.0
5.66052,0.0,0.0501044,0.0,0.0
5.66027,0.0,0.133612,0.0,0.0
5.65956,0.0,0.0501044,0.0,0.0
5.66049,0.0,0.100209,0.0,0.0
5.65978,0.0,0.0668058,0.0,0.0
5.66006,0.0,0.11691,0.0,0.0
5.65948,0.0,0.133612,0.0,0.0
5.6605,0.0,0.133612,0.0,0.0
5.66035,0.0,0.0835073,0.0,0.0
5.66017,0.0,0.167015,0.0,0.0
5.66036,0.0,0.133612,0.0,0.0
5.66164,0.0,0.183716,0.0,0.0
5.66106,0.0,0.150313,0.0,0.0
5.66075,0.0,0.100209,0.0,0.0
5.66016,0.0,0.0668058,0.0,0.0
5.65963,0.0,0.11691,0.0,0.0
5.66002,0.0,0.100209,0.0,0.0
5.66024,0.0,0.100209,0.0,0.0
5.66014,0.0,0.0835073,0.0,0.0
5.66005,0.0,0.11691,0.0,0.0
5.66036,0.0,0.200418,0.0,0.0
5.6607,0.0,0.0501044,0.0,0.0
5.66119,0.0,0.0835073,0.0,0.0
5.65973,0.0,0.100209,0.0,0.0
5.66016,0.0,0.0501044,0.0,0.0
5.66043,0.0,0.0668058,0.0,0.0
5.66006,0.0,0.100209,0.0,0.0
5.66019,0.0,0.100209,0.0,0.0
5.66095,0.0,0.0167015,0.0,0.0
5.66145,0.0,0.0501044,0.0,0.0
5.66132,0.0,0.200418,0.0,0.0
5.66011,0.0,0.0835073,0.0,0.0
5.66031,0.0,0.0835073,0.0,0.0
5.66075,0.0,0.100209,0.0,0.0
5.66064,0.0,0.100209,0.0,0.0
5.65948,0.0,0.133612,0.0,0.0
5.66016,0.0,0.11691,0.0,0.0
5.66059,0.0,0.0334029,0.0,0.0
5.66036,0.0,0.0334029,0.0,0.0
5.65995,0.0,0.0668058,0.0,0.0
5.65933,0.0,0.0668058,0.0,0.0
5.66036,0.0,0.0668058,0.0,0.0
5.66102,0.0,0.133612,0.0,0.0
5.66077,0.0,0.150313,0.0,0.0
5.65988,0.0,0.0334029,0.0,0.0
5.66062,0.0,0.133612,0.0,0.0
5.65985,0.0,0.11691,0.0,0.0
5.65954,0.0,0.0668058,0.0,0.0
5.66019,0.0,0.100209,0.0,0.0
5.66049,0.0,0.11691,0.0,0.0
5.66096,0.0,0.0835073,0.0,0.0
5.66136,0.0,0.167015,0.0,0.0
5.66118,0.0,0.0835073,0.0,0.0
5.66046,0.0,0.0501044,0.0,0.0
5.66029,0.0,0.0835073,0.0,0.0
5.66082,0.0,0.11691,0.0,0.0
5.66124,0.0,0.150313,0.0,0.0
5.6601,0.0,0.133612,0.0,0.0
5.66087,0.0,0.11691,0.0,0.0
5.66098,0.0,0.183716,0.0,0.0
5.66065,0.0,0.150313,0.0,0.0
5.66068,0.0,0.11691,0.0,0.0
5.66023,0.0,0.0501044,0.0,0.0
5.66004,0.0,0.200418,0.0,0.0
5.66008,0.0,0.150313,0.0,0.0
5.65987,0.0,0.133612,0.0,0.0
5.66019,0.0,0.150313,0.0,0.0
5.66038,0.0,0.100209,0.0,0.0
5.66057,0.0,0.200418,0.0,0.0
5.66112,0.0,0.100209,0.0,0.0
5.66008,0.0,0.133612,0.0,0.0
5.65989,0.0,0.0835073,0.0,0.0
5.65989,0.0,0.0501044,0.0,0.0
5.66,0.0,0.0167015,0.0,0.0
5.66036,0.0,0.100209,0.0,0.0
5.66073,0.0,0.100209,0.0,0.0
5.66139,0.0,0.100209,0.0,0.0
5.66091,0.0,0.100209,0.0,0.0
5.66097,0.0,0.11691,0.0,0.0
5.66021,0.0,0.0167015,0.0,0.0
5.66062,0.0,0.0835073,0.0,0.0
5.66165,0.0,0.150313,0.0,0.0
5.66068,0.0,0.0835073,0.0,0.0
5.66068,0.0,0.11691,0.0,0.0
5.66065,0.0,0.133612,0.0,0.0
5.6606,0.0,0.100209,0.0,0.0
5.65993,0.0,0.100209,0.0,0.0
5.66035,0.0,0.0835073,0.0,0.0
5.6608,0.0,0.0835073,0.0,0.0
5.66105,0.0,0.150313,0.0,0.0
5.66017,0.0,0.150313,0.0,0.0
5.66015,0.0,0.0668058,0.0,0.0
5.66045,0.0,0.0668058,0.0,0.0
5.66083,0.0,0.150313,0.0,0.0
5.66044,0.0,0.0668058,0.0,0.0
5.66028,0.0,0.133612,0.0,0.0
5.6594,0.0,0.0501044,0.0,0.0
5.65997,0.0,0.100209,0.0,0.0
5.66163,0.0,0.133612,0.0,0.0
5.66059,0.0,0.0501044,0.0,0.0
5.66031,0.0,0.11691,0.0,0.0
5.66095,0.0,0.133612,0.0,0.0
5.66052,0.0,0.100209,0.0,0.0
5.66105,0.0,0.11691,0.0,0.0
5.66165,0.0,0.133612,0.0,0.0
5.66094,0.0,0.100209,0.0,0.0
5.66156,0.0,0.183716,0.0,0.0
5.66217,0.0,0.133612,0.0,0.0
5.65966,0.0,0.0334029,0.0,0.0
5.66064,0.0,0.11691,0.0,0.0
5.66092,0.0,0.0668058,0.0,0.0
5.66068,0.0,0.150313,0.0,0.0
5.66066,0.0,0.11691,0.0,0.0
5.66031,0.0,0.0835073,0.0,0.0
5.66063,0.0,0.0835073,0.0,0.0
5.6611,0.0,0.100209,0.0,0.0
5.66073,0.0,0.11691,0.0,0.0
5.66121,0.0,0.100209,0.0,0.0
5.66048,0.0,0.100209,0.0,0.0
5.66062,0.0,0.11691,0.0,0.0
5.66132,0.0,0.100209,0.0,0.0
5.66052,0.0,0.150313,0.0,0.0
5.66051,0.0,0.133612,0.0,0.0
5.66047,0.0,0.0668058,0.0,0.0
5.66046,0.0,0.11691,0.0,0.0
5.66095,0.0,0.150313,0.0,0.0
5.66065,0.0,0.100209,0.0,0.0
5.66032,0.0,0.0334029,0.0,0.0
5.66078,0.0,0.167015,0.0,0.0
5.66021,0.0,0.167015,0.0,0.0
5.66106,0.0,0.150313,0.0,0.0
5.66087,0.0,0.0501044,0.0,0.0
5.6595,0.0,0.100209,0.0,0.0
5.66058,0.0,0.133612,0.0,0.0
5.66034,0.0,0.0501044,0.0,0.0
5.65958,0.0,0.150313,0.0,0.0
5.66047,0.0,0.100209,0.0,0.0
5.66008,0.0,0.100209,0.0,0.0
5.66061,0.0,0.11691,0.0,0.0
5.65958,0.0,0.0668058,0.0,0.0
5.65996,0.0,0.0334029,0.0,0.0
5.66043,0.0,0.11691,0.0,0.0
5.66083,0.0,0.133612,0.0,0.0
5.65962,0.0,0.100209,0.0,0.0
5.66012,0.0,0.100209,0.0,0.0
5.66062,0.0,0.167015,0.0,0.0
5.66076,0.0,0.167015,0.0,0.0
5.66072,0.0,0.11691,0.0,0.0
5.66146,0.0,0.133612,0.0,0.0
5.66086,0.0,0.133612,0.0,0.0
5.66027,0.0,0.200418,0.0,0.0
5.66019,0.0,0.133612,0.0,0.0
5.66128,0.0,0.0501044,0.0,0.0
5.66048,0.0,0.133612,0.0,0.0
5.66114,0.0,0.0835073,0.0,0.0
5.66142,0.0,0.167015,0.0,0.0
5.66061,0.0,0.0668058,0.0,0.0
5.66061,0.0,0.11691,0.0,0.0
5.66073,0.0,0.100209,0.0,0.0
5.65989,0.0,0.11691,0.0,0.0
5.66052,0.0,0.133612,0.0,0.0
5.66001,0.0,0.0668058,0.0,0.0
5.65994,0.0,0.0501044,0.0,0.0
5.66016,0.0,0.0668058,0.0,0.0
5.65982,0.0,0.0835073,0.0,0.0
5.66019,0.0,0.133612,0.0,0.0
5.66031,0.0,0.0668058,0.0,0.0
5.65977,0.0,0.133612,0.0,0.0
5.66,0.0,0.133612,0.0,0.0
5.66121,0.0,0.0835073,0.0,0.0
5.66031,0.0,0.0835073,0.0,0.0
5.65956,0.0,0.100209,0.0,0.0
5.65829,0.0,0.11691,0.0,0.0
5.65948,0.0,0.150313,0.0,0.0
5.65999,0.0,0.0501044,0.0,0.0
5.6604,0.0,0.100209,0.0,0.0
5.66035,0.0,0.0501044,0.0,0.0
5.66011,0.0,0.0334029,0.0,0.0
5.66079,0.0,0.133612,0.0,0.0
5.66055,0.0,0.150313,0.0,0.0
5.65922,0.0,0.0668058,0.0,0.0
5.6596,0.0,0.0501044,0.0,0.0
5.66071,0.0,0.11691,0.0,0.0
5.66032,0.0,0.0835073,0.0,0.0
5.65992,0.0,0.167015,0.0,0.0
5.66014,0.0,0.11691,0.0,0.0
5.66028,0.0,0.100209,0.0,0.0
5.661,0.0,0.0501044,0.0,0.0
5.66093,0.0,0.11691,0.0,0.0
5.66151,0.0,0.167015,0.0,0.0
5.66083,0.0,0.0334029,0.0,0.0
5.6601,0.0,0.0501044,0.0,0.0
5.66031,0.0,0.133612,0.0,0.0
5.66045,0.0,0.0668058,0.0,0.0
5.6605,0.0,0.0835073,0.0,0.0
5.66049,0.0,0.100209,0.0,0.0
5.66142,0.0,0.183716,0.0,0.0
5.66073,0.0,0.183716,0.0,0.0
5.66026,0.0,0.0501044,0.0,0.0
5.66046,0.0,0.133612,0.0,0.0
5.66014,0.0,0.0835073,0.0,0.0
5.65978,0.0,0.100209,0.0,0.0
5.66019,0.0,0.0835073,0.0,0.0
5.66029,0.0,0.183716,0.0,0.0
5.65983,0.0,0.100209,0.0,0.0
5.66078,0.0,0.100209,0.0,0.0
5.66014,0.0,0.0501044,0.0,0.0
5.65945,0.0,0.150313,0.0,0.0
5.66058,0.0,0.0835073,0.0,0.0
5.6605,0.0,0.167015,0.0,0.0
5.66035,0.0,0.0668058,0.0,0.0
5.65971,0.0,0.100209,0.0,0.0
5.66022,0.0,0.0835073,0.0,0.0
5.66112,0.0,0.0835073,0.0,0.0
5.66085,0.0,0.133612,0.0,0.0
5.66118,0.0,0.11691,0.0,0.0
5.66097,0.0,0.100209,0.0,0.0
5.66224,0.0,0.150313,0.0,0.0
5.66142,0.0,0.0835073,0.0,0.0
5.66092,0.0,0.11691,0.0,0.0
5.6605,0.0,0.0835073,0.0,0.0
5.65981,0.0,0.100209,0.0,0.0
5.66097,0.0,0.11691,0.0,0.0
5.66166,0.0,0.0501044,0.0,0.0
5.66119,0.0,0.100209,0.0,0.0
5.66096,0.0,0.100209,0.0,0.0
5.66134,0.0,0.100209,0.0,0.0
5.65959,0.0,0.0835073,0.0,0.0
5.65984,0.0,0.100209,0.0,0.0
5.66045,0.0,0.0501044,0.0,0.0
5.65991,0.0,0.0835073,0.0,0.0
5.66079,0.0,0.11691,0.0,0.0
5.66097,0.0,0.0668058,0.0,0.0
5.65957,0.0,0.100209,0.0,0.0
5.65985,0.0,0.0835073,0.0,0.0
5.66057,0.0,0.100209,0.0,0.0
5.66035,0.0,0.0668058,0.0,0.0
5.66006,0.0,0.167015,0.0,0.0
5.66009,0.0,0.0167015,0.0,0.0
5.66126,0.0,0.217119,0.0,0.0
5.66066,0.0,0.0668058,0.0,0.0
5.6599,0.0,0.0501044,0.0,0.0
5.66067,0.0,0.0668058,0.0,0.0
5.66079,0.0,0.167015,0.0,0.0
5.66047,0.0,0.0668058,0.0,0.0
5.66106,0.0,0.100209,0.0,0.0
5.66174,0.0,0.150313,0.0,0.0
5.6615,0.0,0.133612,0.0,0.0
5.66081,0.0,0.200418,0.0,0.0
5.66033,0.0,0.0835073,0.0,0.0
5.66059,0.0,0.150313,0.0,0.0
5.66048,0.0,0.11691,0.0,0.0
5.66073,0.0,0.100209,0.0,0.0
5.66149,0.0,0.0334029,0.0,0.0
5.66087,0.0,0.11691,0.0,0.0
5.65989,0.0,0.183716,0.0,0.0
5.65938,0.0,0.0334029,0.0,0.0
5.66035,0.0,0.0668058,0.0,0.0
5.66056,0.0,0.11691,0.0,0.0
5.66063,0.0,0.0501044,0.0,0.0
5.65869,0.0,0.100209,0.0,0.0
5.65942,0.0,0.0334029,0.0,0.0
5.66039,0.0,0.11691,0.0,0.0
5.66096,0.0,0.167015,0.0,0.0
5.65997,0.0,0.11691,0.0,0.0
5.65918,0.0,0.0668058,0.0,0.0
5.65993,0.0,0.11691,0.0,0.0
5.66078,0.0,0.167015,0.0,0.0
5.66064,0.0,0.0501044,0.0,0.0
5.65947,0.0,0.100209,0.0,0.0
5.65997,0.0,0.0334029,0.0,0.0
5.65993,0.0,0.0835073,0.0,0.0
5.66054,0.0,0.100209,0.0,0.0
5.66076,0.0,0.183716,0.0,0.0
5.66045,0.0,0.0501044,0.0,0.0
5.66016,0.0,0.150313,0.0,0.0
5.66168,0.0,0.100209,0.0,0.0
5.66111,0.0,0.167015,0.0,0.0
5.65944,0.0,0.0501044,0.0,0.0
5.66,0.0,0.100209,0.0,0.0
5.66053,0.0,0.0835073,0.0,0.0
5.65999,0.0,0.0668058,0.0,0.0
5.66032,0.0,0.0835073,0.0,0.0
5.6611,0.0,0.150313,0.0,0.0
5.66099,0.0,0.150313,0.0,0.0
5.66078,0.0,0.11691,0.0,0.0
5.66095,0.0,0.11691,0.0,0.0
5.66035,0.0,0.0668058,0.0,0.0
5.65986,0.0,0.0668058,0.0,0.0
5.65985,0.0,0.0167015,0.0,0.0
5.65992,0.0,0.100209,0.0,0.0
5.65913,0.0,0.100209,0.0,0.0
5.65923,0.0,0.133612,0.0,0.0
5.65939,0.0,0.11691,0.0,0.0
5.66043,0.0,0.0668058,0.0,0.0
5.66024,0.0,0.200418,0.0,0.0
5.66058,0.0,0.0835073,0.0,0.0
5.66043,0.0,0.100209,0.0,0.0
5.66034,0.0,0.0835073,0.0,0.0
5.6601,0.0,0.0334029,0.0,0.0
5.6609,0.0,0.183716,0.0,0.0
5.66122,0.0,0.167015,0.0,0.0
5.66048,0.0,0.100209,0.0,0.0
5.66102,0.0,0.133612,0.0,0.0
5.65989,0.0,0.167015,0.0,0.0
5.65997,0.0,0.11691,0.0,0.0
5.66008,0.0,0.100209,0.0,0.0
5.65942,0.0,0.100209,0.0,0.0
5.65966,0.0,0.11691,0.0,0.0
5.6612,0.0,0.0501044,0.0,0.0
5.66017,0.0,0.167015,0.0,0.0
5.6597,0.0,0.100209,0.0,0.0
5.66012,0.0,0.150313,0.0,0.0
5.66004,0.0,0.0501044,0.0,0.0
5.65954,0.0,0.100209,0.0,0.0
5.66041,0.0,0.133612,0.0,0.0
5.65983,0.0,0.0668058,0.0,0.0
5.66055,0.0,0.0668058,0.0,0.0
5.66081,0.0,0.100209,0.0,0.0
5.6607,0.0,0.133612,0.0,0.0
5.65988,0.0,0.100209,0.0,0.0
5.66063,0.0,0.133612,0.0,0.0
5.66008,0.0,0.0167015,0.0,0.0
5.65987,0.0,0.100209,0.0,0.0
5.66077,0.0,0.0167015,0.0,0.0
5.66132,0.0,0.217119,0.0,0.0
5.66133,0.0,0.100209,0.0,0.0
5.66155,0.0,0.217119,0.0,0.0
5.66069,0.0,0.0835073,0.0,0.0
5.66066,0.0,0.100209,0.0,0.0
5.66104,0.0,0.150313,0.0,0.0
5.66025,0.0,0.100209,0.0,0.0
5.65926,0.0,0.150313,0.0,0.0
5.66022,0.0,0.0835073,0.0,0.0
5.66024,0.0,0.133612,0.0,0.0
5.66043,0.0,0.0835073,0.0,0.0
5.66105,0.0,0.167015,0.0,0.0
5.66086,0.0,0.0835073,0.0,0.0
5.66041,0.0,0.100209,0.0,0.0
5.6604,0.0,0.0668058,0.0,0.0
5.6613,0.0,0.11691,0.0,0.0
5.66133,0.0,0.133612,0.0,0.0
5.6608,0.0,0.133612,0.0,0.0
5.66093,0.0,0.150313,0.0,0.0
5.66084,0.0,0.133612,0.0,0.0
5.66118,0.0,0.11691,0.0,0.0
5.66101,0.0,0.0501044,0.0,0.0
5.66016,0.0,0.183716,0.0,0.0
5.66067,0.0,0.0668058,0.0,0.0
5.66018,0.0,0.133612,0.0,0.0
5.65914,0.0,0.0334029,0.0,0.0
5.65989,0.0,0.0835073,0.0,0.0
5.66001,0.0,0.0668058,0.0,0.0
5.6594,0.0,0.0668058,0.0,0.0
5.66,0.0,0.0835073,0.0,0.0
5.66114,0.0,0.150313,0.0,0.0
5.65986,0.0,0.11691,0.0,0.0
5.65952,0.0,0.100209,0.0,0.0
5.66055,0.0,0.23382,0.0,0.0
5.66064,0.0,0.11691,0.0,0.0
5.66061,0.0,0.0835073,0.0,0.0
5.65992,0.0,0.0835073,0.0,0.0
5.66041,0.0,0.0668058,0.0,0.0
5.65956,0.0,0.100209,0.0,0.0
5.66015,0.0,0.150313,0.0,0.0
5.66109,0.0,0.11691,0.0,0.0
5.66013,0.0,0.200418,0.0,0.0
5.66138,0.0,0.167015,0.0,0.0
5.66117,0.0,0.100209,0.0,0.0
5.66,0.0,0.167015,0.0,0.0
5.6604,0.0,0.0501044,0.0,0.0
5.66058,0.0,0.100209,0.0,0.0
5.66056,0.0,0.0835073,0.0,0.0
5.66065,0.0,0.0835073,0.0,0.0
5.66087,0.0,0.183716,0.0,0.0
5.66018,0.0,0.0835073,0.0,0.0
5.65982,0.0,0.11691,0.0,0.0
5.66015,0.0,0.0835073,0.0,0.0
5.66029,0.0,0.0835073,0.0,0.0
5.66104,0.0,0.150313,0.0,0.0
5.66052,0.0,0.133612,0.0,0.0
5.6602,0.0,0.100209,0.0,0.0
5.66078,0.0,0.183716,0.0,0.0
5.66004,0.0,0.11691,0.0,0.0
5.6602,0.0,0.0668058,0.0,0.0
5.66058,0.0,0.0668058,0.0,0.0
5.66072,0.0,0.100209,0.0,0.0
5.66082,0.0,0.100209,0.0,0.0
5.66076,0.0,0.133612,0.0,0.0
5.66026,0.0,0.0668058,0.0,0.0
5.66079,0.0,0.0668058,0.0,0.0
5.66156,0.0,0.133612,0.0,0.0
5.66079,0.0,0.0835073,0.0,0.0
5.65955,0.0,0.167015,0.0,0.0
5.66076,0.0,0.0668058,0.0,0.0
5.66107,0.0,0.100209,0.0,0.0
5.6604,0.0,0.150313,0.0,0.0
5.66067,0.0,0.150313,0.0,0.0
5.66062,0.0,0.133612,0.0,0.0
5.65984,0.0,0.0835073,0.0,0.0
5.66048,0.0,0.100209,0.0,0.0
5.65985,0.0,0.150313,0.0,0.0
5.66091,0.0,0.0668058,0.0,0.0
5.66125,0.0,0.11691,0.0,0.0
5.66013,0.0,0.167015,0.0,0.0
5.66082,0.0,0.183716,0.0,0.0
5.66057,0.0,0.100209,0.0,0.0
5.65976,0.0,0.0835073,0.0,0.0
5.66087,0.0,0.133612,0.0,0.0
5.6599,0.0,0.133612,0.0,0.0
5.66055,0.0,0.133612,0.0,0.0
5.66165,0.0,0.11691,0.0,0.0
5.66034,0.0,0.167015,0.0,0.0
5.65993,0.0,0.11691,0.0,0.0
5.66037,0.0,0.0501044,0.0,0.0
5.66048,0.0,0.0501044,0.0,0.0
5.66107,0.0,0.133612,0.0,0.0
5.66108,0.0,0.167015,0.0,0.0
5.66151,0.0,0.0501044,0.0,0.0
5.66044,0.0,0.0167015,0.0,0.0
5.66093,0.0,0.0501044,0.0,0.0
5.66022,0.0,0.0835073,0.0,0.0
5.65929,0.0,0.167015,0.0,0.0
5.65927,0.0,0.0835073,0.0,0.0
5.6601,0.0,0.0835073,0.0,0.0
5.66052,0.0,0.11691,0.0,0.0
5.66078,0.0,0.0835073,0.0,0.0
5.6611,0.0,0.133612,0.0,0.0
5.6608,0.0,0.0835073,0.0,0.0
5.66055,0.0,0.133612,0.0,0.0
5.66016,0.0,0.133612,0.0,0.0
5.65946,0.0,0.100209,0.0,0.0
5.66055,0.0,0.0835073,0.0,0.0
5.66082,0.0,0.0835073,0.0,0.0
5.65911,0.0,0.0501044,0.0,0.0
5.66015,0.0,0.167015,0.0,0.0
5.66079,0.0,0.133612,0.0,0.0
5.6607,0.0,0.200418,0.0,0.0
5.66039,0.0,0.100209,0.0,0.0
5.65935,0.0,0.0501044,0.0,0.0
5.66035,0.0,0.11691,0.0,0.0
5.66018,0.0,0.0668058,0.0,0.0
5.66086,0.0,0.11691,0.0,0.0
5.66141,0.0,0.0668058,0.0,0.0
5.66031,0.0,0.0835073,0.0,0.0
5.66009,0.0,0.0835073,0.0,0.0
5.66097,0.0,0.11691,0.0,0.0
5.6607,0.0,0.167015,0.0,0.0
5.66078,0.0,0.167015,0.0,0.0
5.66186,0.0,0.0334029,0.0,0.0
5.66115,0.0,0.0668058,0.0,0.0
5.65957,0.0,0.0334029,0.0,0.0
5.65921,0.0,0.0334029,0.0,0.0
5.66126,0.0,0.11691,0.0,0.0
5.66072,0.0,0.100209,0.0,0.0
5.66033,0.0,0.133612,0.0,0.0
5.66095,0.0,0.11691,0.0,0.0
5.66105,0.0,0.0835073,0.0,0.0
5.65955,0.0,0.0501044,0.0,0.0
5.65943,0.0,0.0334029,0.0,0.0
5.6602,0.0,0.133612,0.0,0.0
5.66017,0.0,0.133612,0.0,0.0
5.66004,0.0,0.0167015,0.0,0.0
5.65857,0.0,0.0668058,0.0,0.0
5.65931,0.0,0.0501044,0.0,0.0
5.66011,0.0,0.0501044,0.0,0.0
5.65989,0.0,0.100209,0.0,0.0
5.6596,0.0,0.11691,0.0,0.0
5.65976,0.0,0.0668058,0.0,0.0
5.66066,0.0,0.100209,0.0,0.0
5.66084,0.0,0.11691,0.0,0.0
5.6606,0.0,0.0835073,0.0,0.0
5.66064,0.0,0.0835073,0.0,0.0
5.66034,0.0,0.100209,0.0,0.0
5.65935,0.0,0.0835073,0.0,0.0
5.66017,0.0,0.0501044,0.0,0.0
5.66107,0.0,0.150313,0.0,0.0
5.65998,0.0,0.100209,0.0,0.0
5.65928,0.0,0.100209,0.0,0.0
5.66043,0.0,0.0835073,0.0,0.0
5.6616,0.0,0.0835073,0.0,0.0
5.66066,0.0,0.0668058,0.0,0.0
5.66073,0.0,0.0835073,0.0,0.0
5.66064,0.0,0.133612,0.0,0.0
5.66078,0.0,0.11691,0.0,0.0
5.66083,0.0,0.100209,0.0,0.0
5.66052,0.0,0.150313,0.0,0.0
5.66087,0.0,0.11691,0.0,0.0
5.65998,0.0,0.11691,0.0,0.0
5.6595,0.0,0.0668058,0.0,0.0
5.66066,0.0,0.167015,0.0,0.0
5.66113,0.0,0.100209,0.0,0.0
5.66141,0.0,0.23382,0.0,0.0
5.66096,0.0,0.133612,0.0,0.0
5.66047,0.0,0.0835073,0.0,0.0
5.66086,0.0,0.100209,0.0,0.0
5.6597,0.0,0.0668058,0.0,0.0
5.65956,0.0,0.0501044,0.0,0.0
5.65994,0.0,0.0835073,0.0,0.0
5.66063,0.0,0.150313,0.0,0.0
5.66043,0.0,0.133612,0.0,0.0
5.6599,0.0,0.133612,0.0,0.0
5.66017,0.0,0.200418,0.0,0.0
5.66053,0.0,0.0167015,0.0,0.0
5.65948,0.0,0.100209,0.0,0.0
5.66063,0.0,0.100209,0.0,0.0
5.66093,0.0,0.0835073,0.0,0.0
5.66036,0.0,0.11691,0.0,0.0
5.65992,0.0,0.11691,0.0,0.0
5.65992,0.0,0.11691,0.0,0.0
5.66077,0.0,0.150313,0.0,0.0
5.66012,0.0,0.0668058,0.0,0.0
5.65894,0.0,0.0668058,0.0,0.0
5.66009,0.0,0.0668058,0.0,0.0
5.66042,0.0,0.0501044,0.0,0.0
5.65938,0.0,0.150313,0.0,0.0
5.66003,0.0,0.133612,0.0,0.0
5.66054,0.0,0.183716,0.0,0.0
5.65998,0.0,0.11691,0.0,0.0
5.65999,0.0,0.100209,0.0,0.0
5.66046,0.0,0.0835073,0.0,0.0
5.6592,0.0,0.0835073,0.0,0.0
5.65942,0.0,0.0334029,0.0,0.0
5.65976,0.0,0.0835073,0.0,0.0
5.66035,0.0,0.100209,0.0,0.0
5.66087,0.0,0.0668058,0.0,0.0
5.66021,0.0,0.0668058,0.0,0.0
5.66107,0.0,0.0501044,0.0,0.0
5.66105,0.0,0.0501044,0.0,0.0
5.65983,0.0,0.100209,0.0,0.0
5.66045,0.0,0.100209,0.0,0.0
5.66061,0.0,0.0668058,0.0,0.0
5.66004,0.0,0.133612,0.0,0.0
5.661,0.0,0.0835073,0.0,0.0
5.6605,0.0,0.100209,0.0,0.0
5.66036,0.0,0.0501044,0.0,0.0
5.66063,0.0,0.150313,0.0,0.0
5.66084,0.0,0.0668058,0.0,0.0
5.66057,0.0,0.100209,0.0,0.0
5.66035,0.0,0.183716,0.0,0.0
5.65999,0.0,0.0501044,0.0,0.0
5.66077,0.0,0.167015,0.0,0.0
5.65977,0.0,0.133612,0.0,0.0
5.66013,0.0,0.0501044,0.0,0.0
5.66105,0.0,0.0334029,0.0,0.0
5.66025,0.0,0.0835073,0.0,0.0
5.66033,0.0,0.100209,0.0,0.0
5.66022,0.0,0.0835073,0.0,0.0
5.65979,0.0,0.0668058,0.0,0.0
5.65979,0.0,0.0501044,0.0,0.0
5.66013,0.0,0.0501044,0.0,0.0
