analog,analog_sterr,photon_counting,pc_sterr,overflow_info
5.66284,0.000584863,0.0832986,0.0370671,0.0
5.66294,0.00058402,0.0166597,0.0166632,0.0
5.66208,0.000567805,0.0999584,0.0408078,0.0
5.66211,0.000576107,0.0666389,0.0333264,0.0
5.66382,0.00057481,0.0499792,0.0289055,0.0
5.66347,0.000582204,0.133278,0.046929,0.0
5.66169,0.000595371,0.149938,0.0499896,0.0
5.66214,0.000582399,0.0999584,0.0408078,0.0
5.66282,0.000569556,0.0166597,0.0166632,0.0
5.66232,0.000560735,0.0999584,0.0408078,0.0
5.66287,0.000585382,0.0666389,0.0333264,0.0
5.6636,0.000592776,0.183257,0.0598515,0.0
5.6642,0.000616905,0.233236,0.0622319,0.0
5.66265,0.000594268,0.0333195,0.0234645,0.0
5.66168,0.000582982,0.149938,0.0499896,0.0
5.6629,0.000569621,0.0333195,0.0234645,0.0
5.66316,0.000579415,0.0832986,0.0370671,0.0
5.66349,0.000589209,0.0999584,0.0408078,0.0
5.66325,0.000583177,0.0832986,0.0370671,0.0
5.66288,0.000559113,0.0832986,0.0370671,0.0
5.6627,0.000578701,0.0666389,0.0333264,0.0
5.6629,0.000586809,0.0499792,0.0289055,0.0
5.66224,0.000589209,0.116618,0.0438684,0.0
5.66305,0.000584604,0.0832986,0.0370671,0.0
5.66215,0.000560864,0.0499792,0.0289055,0.0
5.66247,0.000566507,0.133278,0.046929,0.0
5.66296,0.000572345,0.0666389,0.0333264,0.0
5.66272,0.000581231,0.0999584,0.0408078,0.0
5.66337,0.000602182,0.149938,0.0499896,0.0
5.66303,0.00056988,0.0999584,0.0408078,0.0
5.66306,0.000588496,0.0832986,0.0370671,0.0
5.66368,0.000596863,0.183257,0.0550906,0.0
5.66344,0.000599587,0.149938,0.0499896,0.0
5.6637,0.000587198,0.0999584,0.0408078,0.0
5.6614,0.000591609,0.116618,0.0438684,0.0
5.66267,0.000574031,0.0666389,0.0333264,0.0
5.66346,0.000582723,0.183257,0.0550906,0.0
5.66258,0.000589144,0.0666389,0.0333264,0.0
5.66311,0.000567999,0.0999584,0.0408078,0.0
5.66194,0.000560021,0.0832986,0.0370671,0.0
5.662,0.000572085,0.0999584,0.0408078,0.0
5.66253,0.000583436,0.116618,0.0438684,0.0
5.66355,0.000592582,0.0999584,0.0408078,0.0
5.6635,0.000594593,0.166597,0.0527101,0.0
5.66309,0.000607306,0.0999584,0.0408078,0.0
5.66279,0.000574226,0.0499792,0.0289055,0.0
5.66221,0.000573512,0.0832986,0.0370671,0.0
5.66291,0.000584604,0.149938,0.0499896,0.0
5.66365,0.000608019,0.116618,0.0438684,0.0
5.66282,0.000608538,0.0666389,0.0333264,0.0
5.66234,0.000562356,0.0499792,0.0289055,0.0
5.66358,0.000562486,0.0666389,0.0333264,0.0
5.66325,0.000579674,0.0832986,0.0370671,0.0
5.66259,0.00058162,0.0832986,0.0370671,0.0
5.66341,0.000604517,0.116618,0.0438684,0.0
5.66307,0.00058895,0.0832986,0.0370671,0.0
5.66264,0.000578507,0.166597,0.0527101,0.0
5.66362,0.000568453,0.0499792,0.0289055,0.0
5.66304,0.000591285,0.166597,0.0527101,0.0
5.66225,0.000578247,0.116618,0.0438684,0.0
5.66198,0.000574226,0.0832986,0.0370671,0.0
5.66267,0.000564432,0.0666389,0.0333264,0.0
5.6623,0.000556194,0.0832986,0.0370671,0.0
5.66121,0.00057228,0.0499792,0.0289055,0.0
5.66289,0.000589858,0.0999584,0.0408078,0.0
5.66401,0.000609316,0.266556,0.0663127,0.0
5.66328,0.000611716,0.149938,0.0499896,0.0
5.66182,0.000574161,0.0999584,0.0408078,0.0
5.66232,0.000588885,0.0832986,0.0370671,0.0
5.66306,0.000573837,0.0499792,0.0289055,0.0
5.66241,0.000585382,0.0666389,0.0333264,0.0
5.66281,0.000559437,0.0666389,0.0333264,0.0
5.66257,0.000569102,0.0666389,0.0333264,0.0
5.66305,0.000547762,0.0166597,0.0166632,0.0
5.66341,0.000564302,0.149938,0.0499896,0.0
5.66272,0.000574615,0.133278,0.046929,0.0
5.66219,0.000581555,0.116618,0.0438684,0.0
5.66334,0.000568259,0.166597,0.0527101,0.0
5.66271,0.000566313,0.0166597,0.0166632,0.0
5.6624,0.000572085,0.116618,0.0438684,0.0
5.66349,0.000579091,0.133278,0.046929,0.0
5.66283,0.000598679,0.199917,0.057471,0.0
5.66266,0.000587198,0.0832986,0.0370671,0.0
5.66299,0.000574291,0.0832986,0.0370671,0.0
5.66226,0.000575523,0.149938,0.0499896,0.0
5.6621,0.000571307,0.0832986,0.0370671,0.0
5.66229,0.00055561,0.116618,0.0438684,0.0
5.66295,0.000589014,0.0999584,0.0408078,0.0
5.66282,0.000560735,0.149938,0.0499896,0.0
5.66285,0.000573318,0.0666389,0.0333264,0.0
5.66206,0.000588431,0.0832986,0.0370671,0.0
5.6617,0.000565275,0.0832986,0.0370671,0.0
5.66332,0.000582788,0.149938,0.0499896,0.0
5.66355,0.000596993,0.0499792,0.0289055,0.0
5.66217,0.000580972,0.0499792,0.0289055,0.0
5.66212,0.000583761,0.149938,0.0499896,0.0
5.66362,0.000570853,0.0832986,0.0370671,0.0
5.66215,0.000584344,0.133278,0.046929,0.0
5.66246,0.000551719,0.0166597,0.0166632,0.0
5.66381,0.000548994,0.0666389,0.0333264,0.0
5.66234,0.000561253,0.0666389,0.0333264,0.0
5.66284,0.000582788,0.0999584,0.0408078,0.0
5.66221,0.000572799,0.0999584,0.0408078,0.0
5.66293,0.000570983,0.0666389,0.0333264,0.0
5.66356,0.000559372,0.166597,0.0527101,0.0
5.66288,0.000589793,0.133278,0.046929,0.0
5.66243,0.000559502,0.0499792,0.0289055,0.0
5.66337,0.00056988,0.116618,0.0438684,0.0
5.6633,0.000559308,0.0999584,0.0408078,0.0
5.66228,0.000570399,0.149938,0.0499896,0.0
5.66229,0.000599717,0.0999584,0.0408078,0.0
5.66296,0.000586031,0.183257,0.0550906,0.0
5.6636,0.000603803,0.116618,0.0438684,0.0
5.66289,0.000586744,0.0999584,0.0408078,0.0
5.66374,0.000606333,0.116618,0.0438684,0.0
5.66278,0.000589793,0.0832986,0.0370671,0.0
5.66245,0.000569556,0.0666389,0.0333264,0.0
5.66187,0.000559178,0.0499792,0.0289055,0.0
5.66227,0.000589987,0.116618,0.0438684,0.0
5.6635,0.000577988,0.116618,0.0438684,0.0
5.6622,0.00058402,0.149938,0.0499896,0.0
5.66172,0.000567999,0.0333195,0.0234645,0.0
5.66215,0.000563913,0.0499792,0.0289055,0.0
5.66381,0.000582009,0.183257,0.0550906,0.0
5.66396,0.000608343,0.149938,0.0499896,0.0
5.66284,0.000600041,0.133278,0.046929,0.0
5.66293,0.000590506,0.0999584,0.0408078,0.0
5.66334,0.000575653,0.0666389,0.0333264,0.0
5.66317,0.000582917,0.116618,0.0438684,0.0
5.662,0.000560216,0.0499792,0.0289055,0.0
5.66215,0.00057695,0.0499792,0.0289055,0.0
5.66302,0.000575264,0.0666389,0.0333264,0.0
5.6625,0.00057228,0.133278,0.046929,0.0
5.66232,0.000566507,0.133278,0.046929,0.0
5.66292,0.000577404,0.0999584,0.0408078,0.0
5.66336,0.000585447,0.116618,0.0438684,0.0
5.66294,0.000599328,0.0666389,0.0333264,0.0
5.66372,0.000604841,0.166597,0.0527101,0.0
5.66348,0.000577534,0.0999584,0.0408078,0.0
5.66202,0.00057455,0.0666389,0.0333264,0.0
5.66196,0.000580323,0.0832986,0.0370671,0.0
5.66362,0.0006027,0.183257,0.0550906,0.0
5.66268,0.000586161,0.0166597,0.0166632,0.0
5.66277,0.000569361,0.149938,0.0499896,0.0
5.66179,0.000580323,0.0666389,0.0333264,0.0
5.66223,0.000556908,0.0832986,0.0370671,0.0
5.6624,0.000590117,0.133278,0.046929,0.0
5.66258,0.000584928,0.116618,0.0438684,0.0
5.66178,0.000577664,0.0666389,0.0333264,0.0
5.66272,0.000569686,0.116618,0.0438684,0.0
5.66263,0.000571307,0.0999584,0.0408078,0.0
5.66227,0.000589404,0.0999584,0.0408078,0.0
5.66314,0.000584539,0.133278,0.046929,0.0
5.66282,0.000578701,0.116618,0.0438684,0.0
5.66311,0.000590312,0.0999584,0.0408078,0.0
5.66291,0.000568648,0.116618,0.0438684,0.0
5.66196,0.000567286,0.133278,0.046929,0.0
5.66162,0.000569361,0.0832986,0.0370671,0.0
5.6625,0.000576561,0.133278,0.046929,0.0
5.66331,0.000600755,0.133278,0.046929,0.0
5.66277,0.000605425,0.183257,0.0550906,0.0
5.6626,0.000582009,0.0999584,0.0408078,0.0
5.6623,0.000597187,0.0499792,0.0289055,0.0
5.66306,0.000574291,0.149938,0.0499896,0.0
5.66256,0.000597382,0.116618,0.0438684,0.0
5.66258,0.000558399,0.0499792,0.0289055,0.0
5.66257,0.000565015,0.0999584,0.0408078,0.0
5.66352,0.000566767,0.0832986,0.0370671,0.0
5.6638,0.000591998,0.199917,0.057471,0.0
5.66304,0.000581685,0.133278,0.046929,0.0
5.66313,0.000575588,0.0832986,0.0370671,0.0
5.66254,0.000594593,0.0832986,0.0370671,0.0
5.66262,0.000589987,0.116618,0.0438684,0.0
5.66328,0.000579999,0.0999584,0.0408078,0.0
5.66309,0.00059349,0.166597,0.0527101,0.0
5.66356,0.000562421,0.0666389,0.0333264,0.0
5.66336,0.000574939,0.116618,0.0438684,0.0
5.66395,0.000586355,0.0666389,0.0333264,0.0
5.66321,0.000573058,0.0832986,0.0370671,0.0
5.66259,0.000566053,0.0666389,0.0333264,0.0
5.66357,0.00058869,0.0999584,0.0408078,0.0
5.66329,0.000578312,0.116618,0.0438684,0.0
5.66367,0.000609252,0.166597,0.0527101,0.0
5.66348,0.000576691,0.0666389,0.0333264,0.0
5.66213,0.000582269,0.116618,0.0438684,0.0
5.66217,0.000563653,0.0832986,0.0370671,0.0
5.66294,0.000556908,0.0666389,0.0333264,0.0
5.66318,0.000601468,0.199917,0.057471,0.0
5.66366,0.000607889,0.116618,0.0438684,0.0
5.66269,0.000579285,0.0832986,0.0370671,0.0
5.66269,0.00057455,0.0999584,0.0408078,0.0
5.66357,0.000578312,0.0999584,0.0408078,0.0
5.6617,0.00055321,0.0166597,0.0166632,0.0
5.66189,0.000576107,0.0832986,0.0370671,0.0
5.66263,0.000585577,0.0166597,0.0166632,0.0
5.66145,0.000569686,0.133278,0.046929,0.0
5.66202,0.000561513,0.0832986,0.0370671,0.0
5.66209,0.000568259,0.0499792,0.0289055,0.0
5.66259,0.000579545,0.149938,0.0499896,0.0
5.66296,0.000575523,0.149938,0.0499896,0.0
5.66348,0.000592906,0.0666389,0.0333264,0.0
5.66265,0.000594074,0.149938,0.0499896,0.0
5.66163,0.000560086,0.0166597,0.0166632,0.0
5.66305,0.000564107,0.0999584,0.0408078,0.0
5.66339,0.000569296,0.0999584,0.0408078,0.0
5.66289,0.000557945,0.0666389,0.0333264,0.0
5.66284,0.000593944,0.0832986,0.0370671,0.0
5.66239,0.000575329,0.0999584,0.0408078,0.0
5.66184,0.000561448,0.0666389,0.0333264,0.0
5.66311,0.000570075,0.0832986,0.0370671,0.0
5.66299,0.000585123,0.0666389,0.0333264,0.0
5.66236,0.00057708,0.116618,0.0438684,0.0
5.66188,0.000579285,0.116618,0.0438684,0.0
5.66197,0.000577923,0.0999584,0.0408078,0.0
5.66257,0.000572345,0.116618,0.0438684,0.0
5.66253,0.000579415,0.0999584,0.0408078,0.0
5.66266,0.000577145,0.116618,0.0438684,0.0
5.66289,0.000565145,0.116618,0.0438684,0.0
5.66275,0.000563394,0.0832986,0.0370671,0.0
5.66279,0.000593944,0.183257,0.0550906,0.0
5.66295,0.000584409,0.0832986,0.0370671,0.0
5.66255,0.000578961,0.0666389,0.0333264,0.0
5.66277,0.000583436,0.133278,0.046929,0.0
5.66268,0.000592322,0.133278,0.046929,0.0
5.66253,0.00056774,0.0166597,0.0166632,0.0
5.66234,0.000550811,0.0499792,0.0289055,0.0
5.6623,0.00056521,0.183257,0.0550906,0.0
5.66322,0.000578247,0.0832986,0.0370671,0.0
5.66209,0.000575069,0.0832986,0.0370671,0.0
5.66231,0.000578896,0.0999584,0.0408078,0.0
5.66268,0.000560929,0.0832986,0.0370671,0.0
5.66226,0.00054627,0.0166597,0.0166632,0.0
5.66259,0.000554962,0.0832986,0.0370671,0.0
5.66253,0.000582074,0.0333195,0.0234645,0.0
5.66229,0.000564367,0.0666389,0.0333264,0.0
5.66237,0.000585901,0.149938,0.0499896,0.0
5.66275,0.000580582,0.0832986,0.0370671,0.0
5.66247,0.000597187,0.0832986,0.0370671,0.0
5.66235,0.000590247,0.0999584,0.0408078,0.0
5.66232,0.000585123,0.0666389,0.0333264,0.0
5.66187,0.000570075,0.0999584,0.0408078,0.0
5.6625,0.000585058,0.0999584,0.0408078,0.0
5.66256,0.000572929,0.0499792,0.0289055,0.0
5.66266,0.000587717,0.0832986,0.0370671,0.0
5.66302,0.00059135,0.116618,0.0438684,0.0
5.66253,0.000563459,0.0166597,0.0166632,0.0
5.66157,0.000550097,0.0333195,0.0234645,0.0
5.66265,0.000564951,0.149938,0.0499896,0.0
5.66324,0.000593295,0.0832986,0.0370671,0.0
5.66293,0.000582334,0.0999584,0.0408078,0.0
5.66342,0.000582269,0.0499792,0.0289055,0.0
5.66302,0.000587004,0.166597,0.0527101,0.0
5.66292,0.000588171,0.0832986,0.0370671,0.0
5.66317,0.000582723,0.133278,0.046929,0.0
5.66322,0.00056307,0.0333195,0.0234645,0.0
5.66307,0.000578118,0.199917,0.057471,0.0
5.66309,0.000573512,0.133278,0.046929,0.0
5.66255,0.00057241,0.149938,0.0499896,0.0
5.66235,0.000579155,0.0999584,0.0408078,0.0
5.66248,0.000561253,0.0166597,0.0166632,0.0
5.66212,0.000569621,0.0832986,0.0370671,0.0
5.66197,0.000587847,0.149938,0.0499896,0.0
5.66193,0.000573707,0.0832986,0.0370671,0.0
5.66152,0.000578118,0.0999584,0.0408078,0.0
5.66219,0.000583501,0.0832986,0.0370671,0.0
5.66235,0.000579609,0.0832986,0.0370671,0.0
5.66264,0.000572929,0.116618,0.0438684,0.0
5.6624,0.000557427,0.0666389,0.0333264,0.0
5.66178,0.000569231,0.0499792,0.0289055,0.0
5.66274,0.000576042,0.0832986,0.0370671,0.0
5.66316,0.000580323,0.149938,0.0499896,0.0
5.66314,0.000557686,0.0832986,0.0370671,0.0
5.66288,0.000587523,0.183257,0.0550906,0.0
5.66358,0.000573448,0.0666389,0.0333264,0.0
5.66298,0.000577404,0.149938,0.0499896,0.0
5.66269,0.000584928,0.0999584,0.0408078,0.0
5.6642,0.000579026,0.166597,0.0527101,0.0
5.66382,0.000602246,0.0832986,0.0370671,0.0
5.66251,0.000591285,0.133278,0.046929,0.0
5.66341,0.000585447,0.0832986,0.0370671,0.0
5.66298,0.000585966,0.0333195,0.0234645,0.0
5.66295,0.000559826,0.133278,0.046929,0.0
5.66278,0.000589404,0.149938,0.0550906,0.0
5.66335,0.000602182,0.133278,0.046929,0.0
5.66221,0.000566378,0.0166597,0.0166632,0.0
5.66167,0.000563653,0.0666389,0.0333264,0.0
5.66239,0.000594074,0.133278,0.046929,0.0
5.66298,0.000593101,0.133278,0.046929,0.0
5.66213,0.000559567,0.0832986,0.0370671,0.0
5.66268,0.000563913,0.0999584,0.0408078,0.0
5.66314,0.000596084,0.133278,0.046929,0.0
5.66254,0.000608668,0.116618,0.0438684,0.0
5.66357,0.000611587,0.133278,0.046929,0.0
5.66315,0.000582723,0.0666389,0.0333264,0.0
5.66183,0.000568323,0.0999584,0.0408078,0.0
5.66318,0.000581944,0.0832986,0.0370671,0.0
5.66308,0.000602506,0.116618,0.0438684,0.0
5.66303,0.000586161,0.0832986,0.0370671,0.0
5.66332,0.000583177,0.0999584,0.0408078,0.0
5.66244,0.000583631,0.0999584,0.0408078,0.0
5.66229,0.000592128,0.0333195,0.0234645,0.0
5.66243,0.000562356,0.0666389,0.0333264,0.0
5.66236,0.000580777,0.166597,0.0527101,0.0
5.66316,0.000568907,0.0666389,0.0333264,0.0
5.66312,0.000587328,0.0999584,0.0408078,0.0
5.66323,0.000577274,0.116618,0.0499896,0.0
5.66294,0.000576107,0.0832986,0.0370671,0.0
5.66266,0.000582334,0.116618,0.0438684,0.0
5.66285,0.000589793,0.133278,0.046929,0.0
5.66213,0.000577858,0.0832986,0.0370671,0.0
5.66235,0.000580972,0.0333195,0.0234645,0.0
5.66302,0.000590377,0.116618,0.0438684,0.0
5.66372,0.00059135,0.0999584,0.0408078,0.0
5.66325,0.000575847,0.0333195,0.0234645,0.0
5.6637,0.000606527,0.199917,0.0622319,0.0
5.663,0.000587069,0.0832986,0.0370671,0.0
5.6623,0.000577404,0.149938,0.0499896,0.0
5.66317,0.00056508,0.0832986,0.0370671,0.0
5.66374,0.000569426,0.0666389,0.0333264,0.0
5.66353,0.00059336,0.166597,0.0527101,0.0
5.6634,0.000587004,0.0832986,0.0370671,0.0
5.66374,0.000594657,0.116618,0.0438684,0.0
5.66295,0.000575393,0.0999584,0.0408078,0.0
5.66251,0.000579545,0.183257,0.0550906,0.0
5.66277,0.000560216,0.0499792,0.0289055,0.0
5.66281,0.000566183,0.0832986,0.0370671,0.0
5.6625,0.000581296,0.116618,0.0438684,0.0
5.66275,0.000566637,0.0832986,0.0370671,0.0
5.66155,0.000576496,0.0999584,0.0408078,0.0
5.66216,0.000572085,0.0333195,0.0234645,0.0
5.66225,0.000602311,0.166597,0.0527101,0.0
5.66354,0.000572669,0.116618,0.0438684,0.0
5.66201,0.000573188,0.0499792,0.0289055,0.0
5.66143,0.000590766,0.0999584,0.0408078,0.0
5.66303,0.000581685,0.116618,0.0438684,0.0
5.66322,0.000570529,0.0999584,0.0408078,0.0
5.66217,0.000572085,0.0499792,0.0289055,0.0
5.66196,0.000585642,0.199917,0.057471,0.0
5.66274,0.000591155,0.116618,0.0438684,0.0
5.66317,0.000585901,0.199917,0.057471,0.0
5.66244,0.000613986,0.166597,0.0527101,0.0
5.6627,0.000589209,0.0832986,0.0370671,0.0
5.66341,0.000592193,0.0999584,0.0408078,0.0
5.6625,0.000587912,0.0499792,0.0289055,0.0
5.66216,0.000576172,0.166597,0.0527101,0.0
5.66281,0.00059816,0.0666389,0.0333264,0.0
5.66284,0.000585382,0.149938,0.0499896,0.0
5.66263,0.000587004,0.0666389,0.0333264,0.0
5.66258,0.000570204,0.149938,0.0499896,0.0
5.66338,0.000557427,0.0333195,0.0234645,0.0
5.66257,0.000569037,0.0832986,0.0370671,0.0
5.66265,0.000574291,0.0666389,0.0333264,0.0
5.6631,0.000568518,0.0832986,0.0370671,0.0
5.66262,0.000570594,0.0666389,0.0333264,0.0
5.66299,0.000562032,0.0832986,0.0370671,0.0
5.66243,0.000584344,0.199917,0.057471,0.0
5.66345,0.000597836,0.116618,0.0438684,0.0
5.66171,0.000565599,0.0999584,0.0408078,0.0
5.6625,0.000588366,0.0666389,0.0333264,0.0
5.66255,0.000566767,0.0999584,0.0408078,0.0
5.66232,0.000570853,0.0666389,0.0333264,0.0
5.66308,0.000584928,0.0999584,0.0408078,0.0
5.66199,0.000578831,0.0999584,0.0408078,0.0
5.66268,0.000576431,0.0832986,0.0370671,0.0
5.66307,0.000555416,0.0999584,0.0408078,0.0
5.66324,0.000582528,0.133278,0.046929,0.0
5.66333,0.000575718,0.0666389,0.0333264,0.0
5.66267,0.000595955,0.0832986,0.0370671,0.0
5.66204,0.000577404,0.0499792,0.0289055,0.0
5.66261,0.000573707,0.0999584,0.0408078,0.0
5.66313,0.000570658,0.0832986,0.0370671,0.0
5.66263,0.000562356,0.0999584,0.0408078,0.0
5.66277,0.000574291,0.0832986,0.0370671,0.0
5.66264,0.000561059,0.116618,0.0438684,0.0
5.66305,0.000582788,0.0832986,0.0370671,0.0
5.66328,0.00056281,0.0333195,0.0234645,0.0
5.66226,0.000560735,0.0333195,0.0234645,0.0
5.66216,0.00056735,0.0832986,0.0370671,0.0
5.66272,0.000604517,0.133278,0.046929,0.0
5.66331,0.00057721,0.216576,0.0598515,0.0
5.66359,0.000574291,0.0666389,0.0333264,0.0
5.66299,0.000556064,0.0666389,0.0333264,0.0
5.66202,0.000589533,0.149938,0.0499896,0.0
5.6629,0.000576756,0.0832986,0.0370671,0.0
5.66309,0.000594982,0.149938,0.0499896,0.0
5.66285,0.000600625,0.0832986,0.0370671,0.0
5.66315,0.000602506,0.133278,0.046929,0.0
5.66298,0.00059816,0.133278,0.046929,0.0
5.66264,0.000585577,0.0666389,0.0333264,0.0
5.66252,0.000567286,0.0832986,0.0370671,0.0
5.66283,0.000568648,0.0333195,0.0234645,0.0
5.66343,0.000554637,0.0166597,0.0166632,0.0
5.6637,0.000576691,0.0999584,0.0408078,0.0
5.6646,0.000594722,0.166597,0.0527101,0.0
5.66291,0.000564107,0.0999584,0.0408078,0.0
5.66325,0.000591674,0.0666389,0.0333264,0.0
5.66366,0.000590766,0.133278,0.046929,0.0
5.66331,0.000583955,0.0666389,0.0333264,0.0
5.66329,0.000592387,0.133278,0.046929,0.0
5.66317,0.000561902,0.116618,0.0438684,0.0
5.66202,0.000555351,0.0333195,0.0234645,0.0
5.66188,0.000571631,0.0832986,0.0370671,0.0
5.66254,0.000571631,0.0832986,0.0370671,0.0
5.66264,0.000584085,0.133278,0.046929,0.0
5.6628,0.000596603,0.0666389,0.0333264,0.0
5.66292,0.000594398,0.183257,0.0550906,0.0
5.66318,0.000573253,0.0832986,0.0370671,0.0
5.66293,0.000592193,0.133278,0.046929,0.0
5.66289,0.000589858,0.149938,0.0499896,0.0
5.66364,0.000600106,0.0832986,0.0370671,0.0
5.66259,0.000551589,0.0499792,0.0289055,0.0
5.66196,0.000585512,0.133278,0.046929,0.0
5.66252,0.000585252,0.0333195,0.0234645,0.0
5.66277,0.000562097,0.0832986,0.0370671,0.0
5.66229,0.00057014,0.0333195,0.0234645,0.0
5.66273,0.000581426,0.149938,0.0499896,0.0
5.66191,0.000570269,0.0999584,0.0408078,0.0
5.66187,0.00057948,0.0499792,0.0289055,0.0
5.66284,0.000569361,0.0999584,0.0408078,0.0
5.66328,0.000564626,0.0333195,0.0234645,0.0
5.66341,0.000561837,0.0999584,0.0408078,0.0
5.66338,0.000562097,0.116618,0.0438684,0.0
5.66381,0.000597576,0.0999584,0.0408078,0.0
5.66314,0.000593101,0.183257,0.0550906,0.0
5.66241,0.000574291,0.0999584,0.0408078,0.0
5.66301,0.000589144,0.0999584,0.0408078,0.0
5.66311,0.000583436,0.199917,0.057471,0.0
5.66328,0.00056774,0.0999584,0.0408078,0.0
5.663,0.000585836,0.0999584,0.0408078,0.0
5.66253,0.000601014,0.0499792,0.0289055,0.0
5.66303,0.000580323,0.149938,0.0499896,0.0
5.66266,0.000591544,0.149938,0.0499896,0.0
5.66194,0.000588496,0.0499792,0.0289055,0.0
5.66234,0.00056508,0.0499792,0.0289055,0.0
5.66252,0.000563264,0.149938,0.0499896,0.0
5.66287,0.000563459,0.0333195,0.0234645,0.0
5.6621,0.000574161,0.183257,0.0550906,0.0
5.66305,0.000589728,0.133278,0.046929,0.0
5.66222,0.000591998,0.0999584,0.0408078,0.0
5.66246,0.000586031,0.0666389,0.0333264,0.0
5.66276,0.000578247,0.0999584,0.0408078,0.0
5.66237,0.00060296,0.0999584,0.0408078,0.0
5.66298,0.000554054,0.0666389,0.0333264,0.0
5.66326,0.000564886,0.0499792,0.0289055,0.0
5.66293,0.000561578,0.0999584,0.0408078,0.0
5.6626,0.000574161,0.116618,0.0438684,0.0
5.66243,0.000563524,0.0499792,0.0289055,0.0
5.66286,0.00055561,0.0666389,0.0333264,0.0
5.66288,0.000578377,0.133278,0.046929,0.0
5.66371,0.000587263,0.0832986,0.0370671,0.0
5.66241,0.000541146,0.0166597,0.0166632,0.0
5.66226,0.000564756,0.133278,0.046929,0.0
5.66286,0.000586744,0.116618,0.0438684,0.0
5.66374,0.000602765,0.116618,0.0438684,0.0
5.66386,0.000568907,0.0999584,0.0408078,0.0
5.66265,0.000599846,0.0999584,0.0408078,0.0
5.66233,0.000577599,0.0666389,0.0333264,0.0
5.66218,0.000616646,0.0499792,0.0289055,0.0
5.6625,0.000570983,0.0999584,0.0408078,0.0
5.66242,0.000589014,0.0666389,0.0333264,0.0
5.66229,0.000580582,0.0666389,0.0333264,0.0
5.663,0.000571437,0.0499792,0.0289055,0.0
5.66268,0.000579609,0.0832986,0.0370671,0.0
5.66176,0.000567286,0.0999584,0.0408078,0.0
5.66137,0.000574485,0.166597,0.0527101,0.0
5.66295,0.000578507,0.0333195,0.0234645,0.0
5.66334,0.000581036,0.0999584,0.0408078,0.0
5.66238,0.000595112,0.133278,0.046929,0.0
5.66205,0.000582788,0.0999584,0.0408078,0.0
5.66246,0.000554702,0.0333195,0.0234645,0.0
5.66282,0.000577988,0.116618,0.0438684,0.0
5.66303,0.000572345,0.0666389,0.0333264,0.0
5.66323,0.000594074,0.116618,0.0438684,0.0
5.6628,0.00056735,0.183257,0.0550906,0.0
5.66344,0.000588106,0.116618,0.0438684,0.0
5.66344,0.000568388,0.0832986,0.0370671,0.0
5.66263,0.000559697,0.0999584,0.0408078,0.0
5.66315,0.000575134,0.0832986,0.0370671,0.0
5.66268,0.000575134,0.166597,0.0527101,0.0
5.66315,0.000585966,0.0832986,0.0370671,0.0
5.66284,0.000589144,0.149938,0.0499896,0.0
5.66298,0.000585123,0.0832986,0.0370671,0.0
5.66273,0.00056774,0.116618,0.0438684,0.0
5.66311,0.000570464,0.0999584,0.0408078,0.0
5.66237,0.000582334,0.0832986,0.0370671,0.0
5.66204,0.000564561,0.0666389,0.0333264,0.0
5.66182,0.000564886,0.116618,0.0438684,0.0
5.6622,0.000554702,0.0999584,0.0408078,0.0
5.66293,0.000594463,0.183257,0.0550906,0.0
5.66179,0.000580388,0.0666389,0.0333264,0.0
5.66093,0.000560994,0.0999584,0.0408078,0.0
5.66302,0.000602311,0.166597,0.0527101,0.0
5.66344,0.000590247,0.0999584,0.0408078,0.0
5.66263,0.000563783,0.0499792,0.0289055,0.0
5.66306,0.000578896,0.0499792,0.0289055,0.0
5.66295,0.000618916,0.183257,0.0550906,0.0
5.66238,0.000581361,0.116618,0.0438684,0.0
5.66219,0.000592582,0.133278,0.046929,0.0
5.66301,0.000577858,0.0999584,0.0408078,0.0
5.66325,0.000596214,0.133278,0.046929,0.0
5.66337,0.000584798,0.116618,0.0438684,0.0
5.66249,0.00057001,0.149938,0.0499896,0.0
5.66316,0.000590312,0.116618,0.0438684,0.0
5.66391,0.000590766,0.0499792,0.0289055,0.0
5.66227,0.000574291,0.0832986,0.0370671,0.0
5.66161,0.000544,0.0333195,0.0234645,0.0
5.66159,0.000565405,0.0666389,0.0333264,0.0
5.66241,0.000571891,0.0832986,0.0370671,0.0
5.66321,0.000594852,0.149938,0.0499896,0.0
5.66347,0.000591479,0.149938,0.0499896,0.0
5.66259,0.000601727,0.133278,0.046929,0.0
5.66312,0.000601403,0.133278,0.046929,0.0
5.66274,0.000569037,0.0666389,0.0333264,0.0
5.66251,0.000563588,0.0333195,0.0234645,0.0
5.66187,0.000572993,0.133278,0.046929,0.0
5.66275,0.000559502,0.0666389,0.0333264,0.0
5.66224,0.000571048,0.0333195,0.0234645,0.0
5.66255,0.000571891,0.0666389,0.0333264,0.0
5.66294,0.000552756,0.0,0.0,0.0
5.66252,0.000557232,0.0333195,0.0234645,0.0
5.66234,0.000576691,0.133278,0.046929,0.0
5.66318,0.000592322,0.0999584,0.0408078,0.0
5.66237,0.0005464,0.0499792,0.0289055,0.0
5.66302,0.00056067,0.0499792,0.0289055,0.0
5.66209,0.000557232,0.133278,0.046929,0.0
5.66248,0.000557362,0.0666389,0.0333264,0.0
5.66167,0.00058175,0.0666389,0.0333264,0.0
5.66057,0.000569102,0.0832986,0.0370671,0.0
5.66155,0.000563913,0.0333195,0.0234645,0.0
5.66282,0.000559048,0.116618,0.0438684,0.0
5.66194,0.000586679,0.0999584,0.0408078,0.0
5.66206,0.000581036,0.0499792,0.0289055,0.0
5.66279,0.000578507,0.116618,0.0438684,0.0
5.66249,0.000561059,0.0999584,0.0408078,0.0
5.66188,0.000595436,0.133278,0.046929,0.0
5.66196,0.000575458,0.0832986,0.0370671,0.0
5.66243,0.000558918,0.0333195,0.0234645,0.0
5.66297,0.000565988,0.133278,0.046929,0.0
5.66291,0.000597576,0.133278,0.046929,0.0
5.66269,0.000605684,0.149938,0.0499896,0.0
5.66225,0.000594333,0.0666389,0.0333264,0.0
5.66287,0.000612559,0.183257,0.0550906,0.0
5.66309,0.000571177,0.0333195,0.0234645,0.0
5.66181,0.000572864,0.116618,0.0438684,0.0
5.66289,0.000576237,0.0499792,0.0289055,0.0
5.66277,0.000572993,0.199917,0.057471,0.0
5.66394,0.000579999,0.0666389,0.0333264,0.0
5.66401,0.000596863,0.233236,0.0622319,0.0
5.66241,0.000562226,0.0999584,0.0408078,0.0
5.66353,0.000589469,0.133278,0.046929,0.0
5.66306,0.000561837,0.0999584,0.0408078,0.0
5.66303,0.000563199,0.0999584,0.0408078,0.0
5.66346,0.000573253,0.0999584,0.0408078,0.0
5.66275,0.000588755,0.116618,0.0438684,0.0
5.66212,0.000574226,0.0999584,0.0408078,0.0
5.66217,0.000579739,0.0832986,0.0370671,0.0
5.66199,0.000569037,0.0832986,0.0370671,0.0
5.66173,0.000570918,0.0499792,0.0289055,0.0
5.66199,0.000589404,0.133278,0.046929,0.0
5.66291,0.000577339,0.0999584,0.0408078,0.0
5.66256,0.000602765,0.133278,0.046929,0.0
5.66207,0.000572734,0.0832986,0.0370671,0.0
5.66292,0.000574356,0.0666389,0.0333264,0.0
5.66277,0.00057695,0.0666389,0.0333264,0.0
5.66198,0.000569556,0.0832986,0.0370671,0.0
5.66221,0.000581426,0.0666389,0.0333264,0.0
5.66272,0.000565469,0.0499792,0.0289055,0.0
5.66325,0.000568907,0.0999584,0.0408078,0.0
5.66418,0.000577858,0.116618,0.0438684,0.0
5.66391,0.000589858,0.133278,0.046929,0.0
5.66385,0.00057442,0.116618,0.0438684,0.0
5.66327,0.000582204,0.133278,0.046929,0.0
5.66229,0.000594593,0.116618,0.0438684,0.0
5.66259,0.000573448,0.0832986,0.0370671,0.0
5.66258,0.000577664,0.0999584,0.0408078,0.0
5.66324,0.000592063,0.0832986,0.0370671,0.0
5.66318,0.00057455,0.0666389,0.0333264,0.0
5.6635,0.000561902,0.116618,0.0438684,0.0
5.66317,0.00057228,0.0999584,0.0408078,0.0
5.66272,0.000563394,0.0666389,0.0333264,0.0
5.6622,0.000559632,0.0832986,0.0370671,0.0
5.66289,0.000579091,0.0832986,0.0370671,0.0
5.66392,0.000583177,0.133278,0.046929,0.0
5.66298,0.000587069,0.0999584,0.0408078,0.0
5.6622,0.000597317,0.133278,0.046929,0.0
5.66193,0.00059576,0.0999584,0.0408078,0.0
5.66271,0.000603544,0.116618,0.0438684,0.0
5.66317,0.000601338,0.116618,0.0438684,0.0
5.663,0.000584409,0.0499792,0.0289055,0.0
5.6617,0.000567545,0.116618,0.0438684,0.0
5.66299,0.000578377,0.116618,0.0438684,0.0
5.6631,0.000587069,0.0499792,0.0289055,0.0
5.66241,0.000581944,0.133278,0.046929,0.0
5.6629,0.000582723,0.116618,0.0438684,0.0
5.66361,0.000562551,0.0666389,0.0333264,0.0
5.66263,0.000567869,0.0666389,0.0333264,0.0
5.66315,0.000563524,0.116618,0.0438684,0.0
5.6631,0.000567026,0.0666389,0.0333264,0.0
5.66262,0.000563718,0.0499792,0.0289055,0.0
5.6633,0.000564432,0.133278,0.046929,0.0
5.66356,0.000574874,0.116618,0.0438684,0.0
5.66241,0.00058162,0.133278,0.046929,0.0
5.66199,0.000585966,0.0832986,0.0370671,0.0
5.66257,0.000567026,0.0832986,0.0370671,0.0
5.66324,0.000584474,0.166597,0.0527101,0.0
5.66238,0.000578312,0.0333195,0.0234645,0.0
5.6625,0.000581944,0.0499792,0.0289055,0.0
5.66272,0.000588885,0.0666389,0.0333264,0.0
5.66215,0.000570464,0.0499792,0.0289055,0.0
5.66149,0.000561189,0.0499792,0.0289055,0.0
5.6612,0.000552756,0.0166597,0.0166632,0.0
5.66172,0.000547049,0.0832986,0.0370671,0.0
5.66222,0.000554897,0.0666389,0.0333264,0.0
5.66224,0.00058895,0.149938,0.0499896,0.0
5.66224,0.000570204,0.0499792,0.0289055,0.0
5.66155,0.000567545,0.0832986,0.0370671,0.0
5.66261,0.000586679,0.133278,0.046929,0.0
5.66343,0.000595176,0.166597,0.0527101,0.0
5.66306,0.00059576,0.0832986,0.0370671,0.0
5.66237,0.000574226,0.0499792,0.0289055,0.0
5.66229,0.000587458,0.0666389,0.0333264,0.0
5.66338,0.000569815,0.0832986,0.0370671,0.0
5.66287,0.000573253,0.0832986,0.0370671,0.0
5.66319,0.00054627,0.116618,0.0438684,0.0
5.66243,0.000572864,0.0832986,0.0370671,0.0
5.66328,0.000588366,0.116618,0.0438684,0.0
5.66362,0.000575653,0.0166597,0.0166632,0.0
5.66232,0.000585447,0.0999584,0.0408078,0.0
5.66213,0.000575329,0.0832986,0.0370671,0.0
5.66258,0.000585188,0.0999584,0.0408078,0.0
5.66279,0.000567545,0.0832986,0.0370671,0.0
5.66158,0.000565469,0.0666389,0.0333264,0.0
5.66208,0.000581101,0.0666389,0.0333264,0.0
5.66268,0.000589987,0.0832986,0.0370671,0.0
5.66268,0.000564821,0.116618,0.0438684,0.0
5.66328,0.00057442,0.0666389,0.0333264,0.0
5.66332,0.000566896,0.0666389,0.0333264,0.0
5.66221,0.000567026,0.0499792,0.0289055,0.0
5.66288,0.000574226,0.116618,0.0438684,0.0
5.66332,0.000586161,0.0999584,0.0408078,0.0
5.66205,0.000559632,0.0666389,0.0333264,0.0
5.66187,0.000565729,0.0832986,0.0370671,0.0
5.6625,0.000557167,0.0166597,0.0166632,0.0
5.66245,0.000571437,0.0333195,0.0234645,0.0
5.66248,0.000564886,0.0999584,0.0408078,0.0
5.66237,0.000572799,0.0333195,0.0234645,0.0
5.66228,0.000561448,0.0832986,0.0370671,0.0
5.66306,0.000556259,0.0499792,0.0289055,0.0
5.66255,0.000587847,0.116618,0.0438684,0.0
5.66324,0.000570464,0.0666389,0.0333264,0.0
5.66312,0.00058882,0.133278,0.046929,0.0
5.66231,0.000583371,0.0832986,0.0370671,0.0
5.6619,0.000585123,0.0832986,0.0370671,0.0
5.66321,0.000571826,0.0333195,0.0234645,0.0
5.66276,0.000553081,0.133278,0.046929,0.0
5.66182,0.000568194,0.0832986,0.0370671,0.0
5.66093,0.000548865,0.0499792,0.0289055,0.0
5.66166,0.000561253,0.0666389,0.0333264,0.0
5.66332,0.000576172,0.0499792,0.0289055,0.0
5.66241,0.000550681,0.0499792,0.0289055,0.0
5.66158,0.000554183,0.0832986,0.0370671,0.0
5.66231,0.000583307,0.116618,0.0438684,0.0
5.66197,0.000570918,0.0333195,0.0234645,0.0
5.6627,0.000571567,0.133278,0.046929,0.0
5.66274,0.000561578,0.0832986,0.0370671,0.0
5.66281,0.000599198,0.149938,0.0499896,0.0
5.66312,0.000587458,0.0999584,0.0408078,0.0
5.66327,0.00057708,0.133278,0.046929,0.0
5.66261,0.000578507,0.133278,0.046929,0.0
5.66223,0.000589339,0.116618,0.0438684,0.0
5.66347,0.000582269,0.116618,0.0438684,0.0
5.66325,0.000592128,0.133278,0.046929,0.0
5.66277,0.000576756,0.116618,0.0438684,0.0
5.66339,0.000585188,0.133278,0.046929,0.0
5.66401,0.000587393,0.0832986,0.0370671,0.0
5.66281,0.000588625,0.133278,0.046929,0.0
5.66205,0.000571696,0.0832986,0.0370671,0.0
5.66191,0.000583436,0.116618,0.0438684,0.0
5.66181,0.000581361,0.133278,0.046929,0.0
5.66311,0.000565469,0.149938,0.0499896,0.0
5.66322,0.000569556,0.0666389,0.0333264,0.0
5.66254,0.000580907,0.0666389,0.0333264,0.0
5.66221,0.000575134,0.0666389,0.0333264,0.0
5.66179,0.000576237,0.149938,0.0499896,0.0
5.66324,0.000603414,0.149938,0.0499896,0.0
5.66327,0.000587263,0.0832986,0.0370671,0.0
5.66258,0.000585577,0.0499792,0.0289055,0.0
5.66323,0.000580647,0.116618,0.0438684,0.0
5.66223,0.000586096,0.133278,0.046929,0.0
5.66224,0.000571956,0.0499792,0.0289055,0.0
5.66221,0.000574874,0.116618,0.0438684,0.0
5.66228,0.000592193,0.133278,0.046929,0.0
5.66305,0.000568194,0.166597,0.0527101,0.0
5.66342,0.000599782,0.133278,0.046929,0.0
5.66269,0.000595501,0.116618,0.0438684,0.0
5.66196,0.00056307,0.0666389,0.0333264,0.0
5.66168,0.000594009,0.116618,0.0438684,0.0
5.66306,0.000584798,0.0999584,0.0408078,0.0
5.66287,0.000580063,0.116618,0.0438684,0.0
5.66303,0.000595825,0.0832986,0.0370671,0.0
5.66212,0.000579545,0.116618,0.0438684,0.0
5.66209,0.000577664,0.0666389,0.0333264,0.0
5.66252,0.000573318,0.0999584,0.0408078,0.0
5.6624,0.000584539,0.0499792,0.0289055,0.0
5.66253,0.000585901,0.149938,0.0499896,0.0
5.66277,0.000574291,0.0499792,0.0289055,0.0
5.66189,0.000550486,0.0999584,0.0408078,0.0
5.66274,0.000593944,0.0999584,0.0408078,0.0
5.6638,0.000594009,0.116618,0.0438684,0.0
5.66315,0.000573188,0.116618,0.0438684,0.0
5.66229,0.000577858,0.133278,0.046929,0.0
5.66244,0.00057922,0.0999584,0.0408078,0.0
5.66329,0.000564432,0.0666389,0.0333264,0.0
5.66335,0.000605489,0.199917,0.057471,0.0
5.66243,0.000589014,0.149938,0.0499896,0.0
5.66176,0.000575069,0.116618,0.0438684,0.0
5.66245,0.000558918,0.0832986,0.0370671,0.0
5.66265,0.000586355,0.149938,0.0499896,0.0
5.66256,0.000594268,0.0499792,0.0289055,0.0
5.66286,0.000594074,0.133278,0.046929,0.0
5.66301,0.000580323,0.0999584,0.0408078,0.0
5.66223,0.000582334,0.133278,0.046929,0.0
5.66247,0.000570204,0.0999584,0.0408078,0.0
5.66319,0.000587198,0.0832986,0.0370671,0.0
5.66335,0.000570658,0.0499792,0.0289055,0.0
5.66173,0.000553729,0.0499792,0.0289055,0.0
5.66238,0.000572669,0.0832986,0.0370671,0.0
5.66171,0.00055334,0.0666389,0.0333264,0.0
5.66138,0.000569361,0.0666389,0.0333264,0.0
5.66191,0.00056054,0.0499792,0.0289055,0.0
5.66152,0.000565924,0.0832986,0.0370671,0.0
5.66217,0.000584993,0.133278,0.046929,0.0
5.66264,0.000572864,0.116618,0.0438684,0.0
5.66195,0.000574615,0.116618,0.0438684,0.0
5.66202,0.000589339,0.116618,0.0438684,0.0
5.66297,0.000582658,0.149938,0.0499896,0.0
5.66265,0.000598549,0.149938,0.0499896,0.0
5.6621,0.000606333,0.133278,0.046929,0.0
5.66273,0.000587782,0.166597,0.0527101,0.0
5.66219,0.000566053,0.0666389,0.0333264,0.0
5.66238,0.000584604,0.0999584,0.0408078,0.0
5.66372,0.000582658,0.116618,0.0438684,0.0
5.66269,0.000555935,0.0333195,0.0234645,0.0
5.66216,0.000581815,0.149938,0.0499896,0.0
5.6624,0.000592128,0.0832986,0.0370671,0.0
5.66222,0.000572539,0.0832986,0.0370671,0.0
5.66183,0.000572215,0.133278,0.046929,0.0
5.66281,0.000581231,0.149938,0.0499896,0.0
5.66264,0.000571956,0.0832986,0.0370671,0.0
5.66285,0.000561318,0.0832986,0.0370671,0.0
5.66163,0.00057481,0.0499792,0.0289055,0.0
5.66233,0.000582074,0.133278,0.046929,0.0
5.66265,0.000570853,0.0499792,0.0289055,0.0
5.66259,0.000555351,0.0166597,0.0166632,0.0
5.66216,0.0005536,0.0499792,0.0289055,0.0
5.66234,0.00055827,0.0999584,0.0408078,0.0
5.66311,0.00058882,0.166597,0.0527101,0.0
5.66359,0.00057682,0.0999584,0.0408078,0.0
5.66265,0.000571826,0.0666389,0.0333264,0.0
5.66233,0.000574161,0.0499792,0.0289055,0.0
5.66218,0.000587717,0.0666389,0.0333264,0.0
5.66287,0.000569167,0.0666389,0.0333264,0.0
5.66208,0.000578118,0.133278,0.046929,0.0
5.66275,0.000570464,0.0499792,0.0289055,0.0
5.66271,0.00058389,0.116618,0.0438684,0.0
5.66206,0.000580193,0.0832986,0.0370671,0.0
5.66318,0.000582658,0.0666389,0.0333264,0.0
5.6642,0.000604257,0.149938,0.0499896,0.0
5.66405,0.00058655,0.0999584,0.0408078,0.0
5.66353,0.000574745,0.0999584,0.0408078,0.0
5.66263,0.000578961,0.116618,0.0438684,0.0
5.66314,0.000584734,0.166597,0.0527101,0.0
5.6631,0.000565599,0.0999584,0.0408078,0.0
5.66331,0.000584993,0.0499792,0.0289055,0.0
5.66298,0.000568453,0.0832986,0.0370671,0.0
5.66298,0.000577728,0.0832986,0.0370671,0.0
5.66312,0.000598355,0.149938,0.0499896,0.0
5.66342,0.000568194,0.0166597,0.0166632,0.0
5.66189,0.00055814,0.0333195,0.0234645,0.0
5.66212,0.000561643,0.0999584,0.0408078,0.0
5.66186,0.000575458,0.133278,0.046929,0.0
5.66189,0.000575783,0.0832986,0.0370671,0.0
5.66197,0.000569491,0.0666389,0.0333264,0.0
5.66212,0.000569686,0.116618,0.0438684,0.0
5.66288,0.00056761,0.0666389,0.0333264,0.0
5.66264,0.000571696,0.116618,0.0438684,0.0
5.66217,0.000578507,0.0999584,0.0408078,0.0
5.66134,0.000568064,0.0666389,0.0333264,0.0
5.66209,0.00057935,0.133278,0.046929,0.0
5.6634,0.000571826,0.0666389,0.0333264,0.0
5.66281,0.000588042,0.0832986,0.0370671,0.0
5.66188,0.000577599,0.116618,0.0438684,0.0
5.66222,0.000573448,0.0999584,0.0408078,0.0
5.66286,0.000567869,0.0999584,0.0408078,0.0
5.66302,0.000571372,0.0499792,0.0289055,0.0
5.66331,0.000590766,0.0832986,0.0370671,0.0
5.66339,0.000585901,0.149938,0.0499896,0.0
5.66277,0.000599652,0.166597,0.0527101,0.0
5.66374,0.000592322,0.0999584,0.0408078,0.0
5.66236,0.000572021,0.116618,0.0438684,0.0
5.6631,0.000571307,0.0666389,0.0333264,0.0
5.66283,0.000544584,0.0499792,0.0289055,0.0
5.66255,0.000557816,0.0499792,0.0289055,0.0
5.66331,0.000569426,0.0999584,0.0408078,0.0
5.66358,0.000557427,0.0666389,0.0333264,0.0
5.66269,0.000568064,0.133278,0.046929,0.0
5.66296,0.000594268,0.116618,0.0438684,0.0
5.66233,0.000589144,0.0999584,0.0408078,0.0
5.66256,0.000580518,0.116618,0.0438684,0.0
5.66303,0.000588236,0.116618,0.0438684,0.0
5.66242,0.000588171,0.116618,0.0438684,0.0
5.66167,0.000580972,0.0666389,0.0333264,0.0
5.66257,0.000570269,0.0832986,0.0370671,0.0
5.66301,0.000580063,0.0999584,0.0408078,0.0
5.66243,0.000568713,0.0999584,0.0408078,0.0
5.66288,0.000576561,0.0999584,0.0408078,0.0
5.66327,0.000598874,0.116618,0.0438684,0.0
5.6631,0.00059563,0.149938,0.0499896,0.0
5.66301,0.00057442,0.0499792,0.0289055,0.0
5.6633,0.000582009,0.0999584,0.0408078,0.0
5.66276,0.000570204,0.0999584,0.0408078,0.0
5.66393,0.000582269,0.0832986,0.0370671,0.0
5.66298,0.000582853,0.0832986,0.0370671,0.0
5.66254,0.00057481,0.133278,0.046929,0.0
5.66285,0.00058389,0.116618,0.0438684,0.0
5.66302,0.000568583,0.166597,0.0527101,0.0
5.6627,0.000571761,0.0333195,0.0234645,0.0
5.66172,0.000560605,0.0666389,0.0333264,0.0
5.66158,0.000558659,0.0499792,0.0289055,0.0
5.66264,0.000561707,0.0,0.0,0.0
5.66253,0.000557491,0.0832986,0.0370671,0.0
5.66321,0.000580712,0.116618,0.0438684,0.0
5.66237,0.000581555,0.116618,0.0438684,0.0
5.66175,0.000580712,0.116618,0.0438684,0.0
5.66251,0.00057442,0.0666389,0.0333264,0.0
5.66256,0.000568972,0.0666389,0.0333264,0.0
5.66206,0.00059362,0.166597,0.0527101,0.0
5.66235,0.000572864,0.0832986,0.0370671,0.0
5.66202,0.000546724,0.0166597,0.0166632,0.0
5.66189,0.000571242,0.116618,0.0438684,0.0
5.66249,0.000597382,0.133278,0.046929,0.0
5.6618,0.000590182,0.0499792,0.0289055,0.0
5.66184,0.000556713,0.0166597,0.0166632,0.0
5.66246,0.000571567,0.0666389,0.0333264,0.0
5.66249,0.000552173,0.0499792,0.0289055,0.0
5.66165,0.000587263,0.0999584,0.0408078,0.0
5.66246,0.00059135,0.0999584,0.0408078,0.0
5.66292,0.000579934,0.0499792,0.0289055,0.0
5.66203,0.000582463,0.0999584,0.0408078,0.0
5.66287,0.000585188,0.116618,0.0438684,0.0
5.66282,0.000601144,0.149938,0.0499896,0.0
5.66302,0.00059829,0.0999584,0.0408078,0.0
5.66269,0.000597122,0.183257,0.0550906,0.0
5.66186,0.000588885,0.0499792,0.0289055,0.0
5.66267,0.000596409,0.199917,0.057471,0.0
5.66317,0.000589598,0.116618,0.0438684,0.0
5.66264,0.000558075,0.0499792,0.0289055,0.0
5.66278,0.000569556,0.0999584,0.0408078,0.0
5.66279,0.000589274,0.183257,0.0550906,0.0
5.6623,0.00058895,0.0666389,0.0333264,0.0
5.6625,0.000576172,0.0832986,0.0370671,0.0
5.66215,0.000579155,0.0832986,0.0370671,0.0
5.66251,0.00058856,0.0999584,0.0408078,0.0
5.66284,0.000596344,0.199917,0.057471,0.0
5.66347,0.000602376,0.0999584,0.0408078,0.0
5.66313,0.000583047,0.0999584,0.0408078,0.0
5.66253,0.000582593,0.166597,0.0527101,0.0
5.66336,0.000578247,0.0999584,0.0408078,0.0
5.66276,0.000564756,0.0333195,0.0234645,0.0
5.66154,0.000563848,0.0333195,0.0234645,0.0
5.66203,0.000565859,0.0499792,0.0289055,0.0
5.66353,0.000558659,0.116618,0.0438684,0.0
5.66282,0.000572864,0.166597,0.0527101,0.0
5.66268,0.000592452,0.0999584,0.0408078,0.0
5.66272,0.000550616,0.0333195,0.0234645,0.0
5.66291,0.000572539,0.0999584,0.0408078,0.0
5.66257,0.000574291,0.0499792,0.0289055,0.0
5.66214,0.000564821,0.0666389,0.0333264,0.0
5.66198,0.000554767,0.0499792,0.0289055,0.0
5.66212,0.000576042,0.0999584,0.0408078,0.0
5.66257,0.00057014,0.149938,0.0499896,0.0
5.66244,0.000577793,0.0999584,0.0408078,0.0
5.66183,0.000581036,0.0499792,0.0289055,0.0
5.66215,0.00057708,0.0999584,0.0408078,0.0
5.66254,0.000575069,0.133278,0.046929,0.0
5.6629,0.000572993,0.116618,0.0438684,0.0
5.66287,0.000591025,0.133278,0.046929,0.0
5.663,0.000570723,0.0999584,0.0408078,0.0
5.66228,0.000571891,0.0832986,0.0370671,0.0
5.66229,0.000589533,0.116618,0.0438684,0.0
5.66246,0.000588885,0.0832986,0.0370671,0.0
5.66266,0.000603673,0.149938,0.0499896,0.0
5.66207,0.000569167,0.0333195,0.0234645,0.0
5.66276,0.000571177,0.116618,0.0438684,0.0
5.6626,0.000585577,0.0666389,0.0333264,0.0
5.66291,0.000612884,0.149938,0.0499896,0.0
5.66291,0.000590571,0.133278,0.046929,0.0
5.66223,0.000584928,0.0999584,0.0408078,0.0
5.6622,0.000563913,0.0666389,0.0333264,0.0
5.66197,0.00059576,0.116618,0.0438684,0.0
5.66281,0.000571372,0.0832986,0.0370671,0.0
5.66305,0.000565859,0.0999584,0.0408078,0.0
5.6623,0.000587717,0.149938,0.0499896,0.0
5.66208,0.00057442,0.166597,0.0527101,0.0
5.6623,0.000579739,0.0999584,0.0408078,0.0
5.66293,0.000584215,0.0832986,0.0370671,0.0
5.66264,0.000554054,0.0999584,0.0408078,0.0
5.66325,0.000592582,0.149938,0.0499896,0.0
5.6624,0.000601338,0.116618,0.0438684,0.0
5.66237,0.000565729,0.0499792,0.0289055,0.0
5.66225,0.00057721,0.133278,0.046929,0.0
5.66171,0.000580972,0.0832986,0.0370671,0.0
5.66197,0.000573123,0.0999584,0.0408078,0.0
5.66188,0.000597576,0.0999584,0.0408078,0.0
5.66257,0.00056761,0.149938,0.0499896,0.0
5.6623,0.000571826,0.0832986,0.0370671,0.0
5.66264,0.000569686,0.0666389,0.0333264,0.0
5.66217,0.000572734,0.0832986,0.0370671,0.0
5.66194,0.000562226,0.0832986,0.0370671,0.0
5.66218,0.000557037,0.0666389,0.0333264,0.0
5.66189,0.00057001,0.0666389,0.0333264,0.0
5.66371,0.000577793,0.149938,0.0499896,0.0
5.66316,0.000564107,0.133278,0.046929,0.0
5.66244,0.000565794,0.0499792,0.0289055,0.0
5.66304,0.000566183,0.0832986,0.0370671,0.0
5.66255,0.000580128,0.0999584,0.0408078,0.0
5.66214,0.000565729,0.0666389,0.0333264,0.0
5.66231,0.00055587,0.0166597,0.0166632,0.0
5.66242,0.000566053,0.0832986,0.0370671,0.0
5.66221,0.000554962,0.116618,0.0438684,0.0
5.66196,0.000578182,0.0999584,0.0408078,0.0
5.66158,0.000572021,0.0832986,0.0370671,0.0
5.66127,0.000567026,0.149938,0.0499896,0.0
5.6623,0.000597447,0.133278,0.046929,0.0
5.66257,0.000603025,0.149938,0.0499896,0.0
5.66286,0.000582528,0.149938,0.0499896,0.0
5.66175,0.000568129,0.0499792,0.0289055,0.0
5.66229,0.000590831,0.149938,0.0499896,0.0
5.66313,0.000579155,0.116618,0.0438684,0.0
5.66318,0.000603673,0.116618,0.0438684,0.0
5.66333,0.000584734,0.116618,0.0438684,0.0
5.66296,0.000590377,0.0999584,0.0408078,0.0
5.66329,0.000594852,0.133278,0.046929,0.0
5.66396,0.000579739,0.116618,0.0438684,0.0
5.66333,0.000584734,0.133278,0.046929,0.0
5.6629,0.000566832,0.0999584,0.0408078,0.0
5.66242,0.000589079,0.116618,0.0438684,0.0
5.66318,0.000581166,0.0832986,0.0370671,0.0
5.66245,0.000572215,0.116618,0.0438684,0.0
5.66212,0.000569037,0.0166597,0.0166632,0.0
5.662,0.000547049,0.0999584,0.0408078,0.0
5.66209,0.000561059,0.0832986,0.0370671,0.0
5.66195,0.000569167,0.0666389,0.0333264,0.0
5.66162,0.000564367,0.0666389,0.0333264,0.0
5.66164,0.000567415,0.149938,0.0499896,0.0
5.66264,0.000585317,0.183257,0.0550906,0.0
5.66174,0.000587912,0.116618,0.0438684,0.0
5.66175,0.000601922,0.199917,0.057471,0.0
5.66271,0.000580063,0.0999584,0.0408078,0.0
5.6628,0.000579026,0.0832986,0.0370671,0.0
5.66219,0.000580453,0.149938,0.0499896,0.0
5.66221,0.000589144,0.0832986,0.0370671,0.0
5.66145,0.000575588,0.0832986,0.0370671,0.0
5.66261,0.000573512,0.0832986,0.0370671,0.0
5.66334,0.000595176,0.166597,0.0527101,0.0
5.66278,0.000563459,0.0499792,0.0289055,0.0
5.66274,0.000563264,0.0999584,0.0408078,0.0
5.66347,0.000567869,0.0499792,0.0289055,0.0
5.66279,0.000575199,0.116618,0.0438684,0.0
5.66286,0.000558724,0.0666389,0.0333264,0.0
5.66235,0.000569426,0.0999584,0.0408078,0.0
5.6631,0.000586679,0.0999584,0.0408078,0.0
5.6634,0.000590312,0.133278,0.046929,0.0
5.66335,0.000563588,0.133278,0.046929,0.0
5.66307,0.000576237,0.0333195,0.0234645,0.0
5.66277,0.000608149,0.149938,0.0499896,0.0
5.66241,0.000585901,0.116618,0.0438684,0.0
5.66279,0.000597576,0.166597,0.0527101,0.0
5.66246,0.000584798,0.0666389,0.0333264,0.0
5.66262,0.000554767,0.0999584,0.0408078,0.0
5.66316,0.000576172,0.0999584,0.0408078,0.0
5.66223,0.00058629,0.0666389,0.0333264,0.0
5.66227,0.000594463,0.116618,0.0438684,0.0
5.66239,0.000575653,0.133278,0.046929,0.0
5.66313,0.000567545,0.0666389,0.0333264,0.0
5.66382,0.000603219,0.116618,0.0438684,0.0
5.66271,0.000589469,0.149938,0.0499896,0.0
5.66165,0.000579739,0.133278,0.046929,0.0
5.66279,0.000565794,0.116618,0.0438684,0.0
5.66339,0.000570918,0.0832986,0.0370671,0.0
5.66318,0.000575977,0.166597,0.0527101,0.0
5.66373,0.000580193,0.116618,0.0438684,0.0
5.66288,0.000578182,0.149938,0.0499896,0.0
5.66323,0.000583501,0.0832986,0.0370671,0.0
5.66298,0.000556518,0.0999584,0.0408078,0.0
5.66288,0.00058188,0.0999584,0.0408078,0.0
5.66289,0.000604646,0.116618,0.0438684,0.0
5.66261,0.000596474,0.0832986,0.0370671,0.0
5.66297,0.000573837,0.0666389,0.0333264,0.0
5.66257,0.000577274,0.116618,0.0438684,0.0
5.66286,0.000575588,0.0832986,0.0370671,0.0
5.66231,0.000591285,0.216576,0.0598515,0.0
5.66144,0.000586355,0.0499792,0.0289055,0.0
5.66269,0.000596863,0.133278,0.046929,0.0
5.66284,0.000566896,0.0832986,0.0370671,0.0
5.66285,0.000588625,0.149938,0.0499896,0.0
5.66277,0.000585512,0.149938,0.0499896,0.0
5.66195,0.000594074,0.149938,0.0499896,0.0
5.66203,0.000563329,0.0832986,0.0370671,0.0
5.66239,0.000570529,0.0666389,0.0333264,0.0
5.66212,0.000579999,0.0666389,0.0333264,0.0
5.66314,0.000610614,0.149938,0.0499896,0.0
5.66211,0.000601338,0.0666389,0.0333264,0.0
5.66209,0.000550681,0.0499792,0.0289055,0.0
5.66235,0.000552886,0.0666389,0.0333264,0.0
5.66249,0.00057721,0.0832986,0.0370671,0.0
5.66288,0.000579415,0.149938,0.0499896,0.0
5.6621,0.000568064,0.0832986,0.0370671,0.0
5.66374,0.000590052,0.0832986,0.0370671,0.0
6.21983,0.0137673,0.183257,0.0550906,0.0
18.7694,0.183029,55.96,0.789971,0.0
69.3902,0.431997,122.566,1.05794,0.0
121.183,0.240549,193.686,0.909334,0.0
119.962,0.203449,191.92,0.858325,0.0
105.439,0.14259,190.904,0.859345,0.0
103.529,0.136252,189.254,0.874648,0.0
95.0038,0.139131,191.154,0.881109,0.0
85.8605,0.109852,193.336,0.878388,0.0
82.0388,0.0968653,194.102,0.875328,0.0
76.5255,0.0912103,194.019,0.876008,0.0
70.9158,0.0821696,194.652,0.873287,0.0
66.9016,0.0809435,193.336,0.865126,0.0
62.555,0.0778316,192.42,0.880429,0.0
58.4295,0.0764062,193.386,0.878729,0.0
54.9024,0.0805374,193.02,0.866146,0.0
51.3341,0.0857161,192.387,0.88621,0.0
48.0112,0.074542,191.653,0.871927,0.0
45.3416,0.0718059,191.304,0.850503,0.0
43.0547,0.0728888,190.671,0.859005,0.0
41.028,0.0724343,192.087,0.88791,0.0
39.3213,0.0707722,190.021,0.862065,0.0
37.7988,0.0699498,190.454,0.863086,0.0
36.3864,0.0716242,187.522,0.869547,0.0
35.1474,0.0714828,188.372,0.875668,0.0
34.0146,0.0700262,189.638,0.866486,0.0
32.979,0.0718627,187.688,0.864446,0.0
32.0458,0.0725678,188.588,0.864446,0.0
31.1268,0.0709564,187.555,0.870567,0.0
30.2256,0.0693823,186.322,0.868527,0.0
29.3271,0.0666828,186.306,0.855264,0.0
28.4398,0.0638975,186.189,0.872607,0.0
27.5947,0.0634123,184.69,0.866486,0.0
26.8027,0.0630519,186.056,0.873628,0.0
26.1067,0.0627829,184.323,0.871247,0.0
25.4265,0.0627178,182.741,0.871587,0.0
24.722,0.0614863,182.641,0.870907,0.0
24.0277,0.0599382,181.941,0.8369,0.0
23.3227,0.0593253,181.058,0.855264,0.0
22.6365,0.0589878,180.325,0.844722,0.0
21.9569,0.0582753,178.925,0.876688,0.0
21.1297,0.0590023,178.909,0.862745,0.0
20.1752,0.0575666,175.727,0.862405,0.0
19.3038,0.0539466,176.543,0.851863,0.0
18.4904,0.0508708,175.71,0.843022,0.0
17.7178,0.0488086,172.228,0.864106,0.0
17.1244,0.0480425,171.079,0.882809,0.0
16.668,0.0479413,171.628,0.871247,0.0
16.1576,0.0463699,170.895,0.867846,0.0
15.6382,0.0441317,167.547,0.843702,0.0
15.2045,0.0425283,167.763,0.846422,0.0
14.8035,0.0417561,165.131,0.847102,0.0
14.4166,0.0407012,165.798,0.827379,0.0
14.0623,0.03967,163.182,0.838941,0.0
13.6856,0.0379232,160.516,0.840301,0.0
13.3528,0.0366693,161.766,0.846422,0.0
13.1141,0.0362481,160.9,0.855944,0.0
12.8074,0.0356956,159.484,0.868867,0.0
12.5135,0.0352857,156.885,0.852884,0.0
12.259,0.0345972,155.652,0.871927,0.0
11.9512,0.0332485,153.569,0.864106,0.0
11.6956,0.032311,153.303,0.849483,0.0
11.5045,0.0319529,149.971,0.869207,0.0
11.2804,0.0312994,149.938,0.83418,0.0
11.0725,0.0305743,148.421,0.872947,0.0
10.8806,0.0295242,145.889,0.856284,0.0
10.702,0.0290948,146.955,0.875668,0.0
10.5434,0.0284775,142.89,0.857304,0.0
10.3458,0.0275722,142.541,0.848803,0.0
10.1653,0.0266601,141.158,0.853224,0.0
10.0199,0.0257802,138.559,0.831459,0.0
9.85872,0.0254927,138.226,0.871587,0.0
9.70327,0.0249744,134.977,0.879749,0.0
9.55989,0.0235789,135.877,0.855944,0.0
9.38279,0.0223118,132.378,0.847443,0.0
9.22207,0.0217998,130.429,0.870907,0.0
9.09748,0.0213772,128.43,0.879749,0.0
8.95952,0.0208076,127.564,0.872267,0.0
8.82106,0.0199594,124.215,0.856284,0.0
8.70324,0.0195532,123.515,0.874988,0.0
8.59366,0.0191176,122.066,0.853564,0.0
8.46232,0.0184964,117.584,0.855264,0.0
8.33995,0.0176837,117.201,0.872947,0.0
8.26634,0.0175701,115.918,0.867506,0.0
8.20209,0.0172754,114.619,0.839621,0.0
8.12475,0.0169622,113.036,0.868867,0.0
8.04923,0.0164339,110.421,0.868867,0.0
7.98881,0.0164058,109.504,0.861045,0.0
7.92039,0.016,108.471,0.849483,0.0
7.86327,0.0155452,106.006,0.848803,0.0
7.82371,0.0156214,106.072,0.869547,0.0
7.75009,0.0148762,104.157,0.854584,0.0
7.68006,0.0144392,102.424,0.845402,0.0
7.64057,0.014557,102.524,0.873287,0.0
7.59221,0.0140882,100.441,0.874988,0.0
7.5281,0.0133893,98.6589,0.856964,0.0
7.47807,0.0132167,96.1933,0.864446,0.0
7.43211,0.0132862,96.5098,0.860365,0.0
7.39291,0.0128911,94.8105,0.837921,0.0
7.34793,0.0123532,93.4944,0.857304,0.0
7.28518,0.0121417,90.2957,0.853904,0.0
7.23665,0.0121225,90.0458,0.840981,0.0
7.19322,0.0117406,87.2137,0.844042,0.0
7.14954,0.0112681,86.7472,0.860025,0.0
7.11877,0.0114516,85.6476,0.877028,0.0
7.08168,0.0114076,83.6152,0.849823,0.0
7.05023,0.0110036,83.3986,0.8318,0.0
7.01684,0.0108042,81.2661,0.852203,0.0
6.97161,0.0106694,78.2674,0.829759,0.0
6.94678,0.0105451,78.7339,0.839621,0.0
6.93065,0.0102166,77.5177,0.83622,0.0
6.89817,0.00991699,76.4848,0.847783,0.0
6.8665,0.00996927,76.5181,0.816497,0.0
6.83771,0.00991466,73.6027,0.8318,0.0
6.81056,0.00954533,74.8022,0.837581,0.0
6.79632,0.00948533,72.5031,0.83214,0.0
6.78168,0.00955499,74.1691,0.818537,0.0
6.76446,0.00958042,70.8038,0.83282,0.0
6.74039,0.00929593,70.3873,0.837581,0.0
6.715,0.00915609,70.0541,0.827039,0.0
6.68529,0.00903311,67.5052,0.811056,0.0
6.66229,0.00892804,68.055,0.816837,0.0
6.65029,0.00860269,65.2728,0.796093,0.0
6.62964,0.0083553,65.5727,0.803574,0.0
6.60781,0.00854159,65.0062,0.819217,0.0
6.58875,0.00846401,63.7901,0.804594,0.0
6.56972,0.00828272,61.7909,0.805274,0.0
6.54785,0.00812588,60.6081,0.784871,0.0
6.52505,0.00783952,61.7243,0.803914,0.0
6.52323,0.00784646,59.9917,0.790992,0.0
6.50352,0.00767353,58.4756,0.794052,0.0
6.47857,0.00750976,58.2924,0.771948,0.0
6.48537,0.00763118,58.8088,0.790312,0.0
6.474,0.00742855,55.7434,0.78317,0.0
6.45671,0.00734624,58.5756,0.796093,0.0
6.45017,0.00735525,57.2428,0.806635,0.0
6.43225,0.00732269,55.5102,0.767187,0.0
6.40543,0.00702407,54.294,0.78147,0.0
6.39322,0.00699274,52.3615,0.773988,0.0
6.38471,0.00697503,52.2616,0.759706,0.0
6.37301,0.00692554,52.6281,0.769568,0.0
6.36335,0.0067772,51.0787,0.775349,0.0
6.36516,0.00665617,51.6951,0.78317,0.0
6.35914,0.00665941,51.1953,0.759366,0.0
6.32987,0.0066382,49.8792,0.760726,0.0
6.31935,0.00648675,49.7459,0.758685,0.0
6.32348,0.00637486,49.8292,0.755285,0.0
6.31035,0.00641916,49.3794,0.751204,0.0
6.28638,0.00629359,46.5473,0.717198,0.0
6.27143,0.00594242,46.8138,0.705975,0.0
6.26818,0.0061793,46.5639,0.737601,0.0
6.25698,0.0060414,46.0142,0.742702,0.0
6.25301,0.00604757,46.1141,0.72978,0.0
6.25191,0.00593775,45.0312,0.715157,0.0
6.23534,0.00592958,43.7484,0.705635,0.0
6.22483,0.00607967,43.4652,0.720938,0.0
6.22462,0.00602927,44.0317,0.715157,0.0
6.20677,0.00567098,42.0825,0.716857,0.0
6.1896,0.00566293,41.516,0.722299,0.0
6.18564,0.00563537,41.3828,0.708016,0.0
6.17534,0.00555396,40.0666,0.696113,0.0
6.16776,0.00559561,40.1666,0.700194,0.0
6.16453,0.00554183,39.9833,0.698154,0.0
6.14736,0.00544415,38.3507,0.706996,0.0
6.13771,0.00534225,38.334,0.681831,0.0
6.13903,0.00535581,37.7843,0.67605,0.0
6.12748,0.00546964,36.4848,0.689652,0.0
6.1199,0.0052506,36.1183,0.668228,0.0
6.11219,0.00513742,37.551,0.693393,0.0
6.10184,0.00505718,35.202,0.673329,0.0
6.10017,0.00514397,36.3015,0.67741,0.0
6.09653,0.00518846,35.1853,0.68047,0.0
6.08132,0.00501373,34.7855,0.688292,0.0
6.07499,0.00506095,33.8692,0.663467,0.0
6.07227,0.00492986,34.0525,0.670609,0.0
6.0587,0.00473501,31.8534,0.636602,0.0
6.04407,0.00470329,31.7701,0.639323,0.0
6.0387,0.00471374,30.8372,0.647144,0.0
6.03234,0.00462176,29.9542,0.632521,0.0
6.01829,0.00454399,29.8209,0.639663,0.0
6.00663,0.00445695,29.4877,0.622319,0.0
6.00511,0.00442426,28.8213,0.622999,0.0
6.00187,0.00434149,28.7713,0.640003,0.0
5.99402,0.0042575,27.9883,0.604296,0.0
5.99671,0.00426975,28.1549,0.611097,0.0
5.99165,0.00424589,27.1054,0.604976,0.0
5.9852,0.00438073,27.7218,0.607016,0.0
5.97999,0.00443671,26.8555,0.62334,0.0
5.96669,0.00417026,25.2561,0.588993,0.0
5.9598,0.00406388,25.8226,0.602596,0.0
5.95778,0.00405993,25.556,0.588313,0.0
5.95093,0.00396646,24.5398,0.582872,0.0
5.94581,0.00393604,24.9729,0.600215,0.0
5.93884,0.0038702,23.0237,0.570969,0.0
5.92888,0.00393623,23.2903,0.57199,0.0
5.92362,0.00383693,22.2574,0.560768,0.0
5.91931,0.00373652,22.6739,0.555667,0.0
5.92262,0.00379885,22.7405,0.566889,0.0
5.91935,0.00374988,22.0575,0.561108,0.0
5.90815,0.00375643,21.5743,0.554306,0.0
5.9037,0.00369637,21.0412,0.553966,0.0
5.90067,0.00372407,20.3082,0.554646,0.0
5.8913,0.00354459,19.9917,0.545125,0.0
5.88402,0.0033777,18.7255,0.52268,0.0
5.88736,0.00344685,19.6085,0.535943,0.0
5.88582,0.00344633,19.3419,0.532202,0.0
5.87702,0.00335332,18.9421,0.52302,0.0
5.87204,0.00320329,18.5923,0.51928,0.0
5.87445,0.00333639,18.4756,0.515539,0.0
5.86958,0.00323034,18.0591,0.510438,0.0
5.86466,0.00319395,18.5756,0.51996,0.0
5.86339,0.00321535,17.526,0.499216,0.0
5.85936,0.00322541,18.2757,0.518259,0.0
5.8563,0.00314861,17.8092,0.508057,0.0
5.85564,0.00316392,17.2595,0.493435,0.0
5.84856,0.00313071,16.4431,0.495815,0.0
5.84306,0.00307441,16.4931,0.483573,0.0
5.84249,0.00302232,15.6768,0.477111,0.0
5.84124,0.00309692,16.3765,0.493775,0.0
5.83963,0.00307259,16.5764,0.497175,0.0
5.83982,0.00309471,16.4931,0.498196,0.0
5.8354,0.00302803,15.91,0.479152,0.0
5.83114,0.00299184,14.8771,0.479152,0.0
5.83,0.00293502,15.3936,0.480172,0.0
5.82644,0.00292068,15.4269,0.47167,0.0
5.82111,0.00286049,14.4107,0.477452,0.0
5.82208,0.00289733,14.0108,0.464189,0.0
5.82488,0.00295143,15.0937,0.473031,0.0
5.81904,0.00286925,14.6606,0.472351,0.0
5.81549,0.00284505,13.6277,0.459088,0.0
5.81739,0.00287074,14.2274,0.459428,0.0
5.81592,0.00288559,13.8109,0.453647,0.0
5.8181,0.00284661,14.3607,0.462489,0.0
5.81871,0.00288644,14.3773,0.449226,0.0
5.80903,0.00281502,12.3449,0.441065,0.0
5.8045,0.00285744,13.3944,0.451607,0.0
5.80772,0.00270644,12.2449,0.427462,0.0
5.80553,0.00273686,12.9279,0.443785,0.0
5.80252,0.0027643,13.3111,0.443785,0.0
5.80096,0.002751,12.4948,0.435624,0.0
5.80015,0.00277494,12.6281,0.451607,0.0
5.80245,0.00279381,12.8613,0.450926,0.0
5.79976,0.00274977,13.0279,0.443105,0.0
5.79739,0.00275516,12.5948,0.440384,0.0
5.7966,0.00269516,12.0283,0.427122,0.0
5.79072,0.00263237,11.7618,0.423721,0.0
5.78891,0.00256485,12.6281,0.435283,0.0
5.78579,0.00255006,10.9621,0.408078,0.0
5.77976,0.00248598,11.9117,0.425422,0.0
5.78162,0.00257231,10.6622,0.398216,0.0
5.78296,0.00255934,11.4452,0.421681,0.0
5.78298,0.00251432,10.8955,0.413519,0.0
5.78048,0.00245705,10.9454,0.409098,0.0
5.77632,0.00255097,11.1287,0.41964,0.0
5.77291,0.00245102,10.0125,0.396516,0.0
5.77059,0.00244615,10.479,0.396516,0.0
5.77025,0.00239841,10.1291,0.394476,0.0
5.7644,0.00236332,9.44606,0.382573,0.0
5.76099,0.00231669,9.596,0.386314,0.0
5.76474,0.00236845,9.91254,0.395496,0.0
5.76709,0.00238901,9.77926,0.393455,0.0
5.76486,0.00235742,9.12953,0.379513,0.0
5.76298,0.00228581,9.81258,0.380193,0.0
5.76476,0.00230151,9.6793,0.386654,0.0
5.76256,0.00234101,8.77968,0.376792,0.0
5.75763,0.00220305,9.39608,0.378493,0.0
5.76105,0.00235573,9.57934,0.396856,0.0
5.76142,0.00231688,9.44606,0.376112,0.0
5.75697,0.00225812,8.87963,0.373732,0.0
5.7572,0.00224696,9.17951,0.374412,0.0
5.7585,0.00222906,9.66264,0.381553,0.0
5.75551,0.00224916,8.4798,0.358429,0.0
5.75604,0.0022528,8.59642,0.383253,0.0
5.75876,0.00228685,9.41274,0.380873,0.0
5.75889,0.00223541,9.07955,0.371691,0.0
5.75797,0.0022624,8.41316,0.36387,0.0
5.75437,0.00223477,8.3965,0.359789,0.0
5.75102,0.00224501,8.44648,0.359789,0.0
5.75045,0.00221667,8.34652,0.36455,0.0
5.74967,0.00217341,7.74677,0.358429,0.0
5.747,0.00210575,8.07997,0.354688,0.0
5.74801,0.00215129,7.96335,0.352308,0.0
5.74835,0.00214221,8.2299,0.359789,0.0
5.7455,0.00217289,7.98001,0.353328,0.0
5.74817,0.00223528,8.54644,0.368631,0.0
5.74841,0.00214856,8.21324,0.358769,0.0
5.74692,0.00214636,7.69679,0.343466,0.0
5.74744,0.00211354,8.34652,0.368291,0.0
5.74761,0.00221472,8.06331,0.359789,0.0
5.74502,0.00214363,8.14661,0.355708,0.0
5.7429,0.00210251,7.91337,0.350607,0.0
5.74257,0.00210738,7.74677,0.350607,0.0
5.74122,0.00210245,7.99667,0.356728,0.0
5.73976,0.00203694,7.08038,0.337345,0.0
5.73934,0.00206398,7.81341,0.344486,0.0
5.73722,0.00200437,7.04706,0.335984,0.0
5.73513,0.00200807,7.08038,0.342106,0.0
5.73969,0.00203233,7.1137,0.333604,0.0
5.74164,0.0020909,7.68013,0.347207,0.0
5.73785,0.00201962,7.63015,0.340065,0.0
5.73761,0.00203447,7.18034,0.343126,0.0
5.73698,0.00202954,7.04706,0.335984,0.0
5.73126,0.00195949,6.61391,0.325442,0.0
5.73225,0.00200917,7.16368,0.334624,0.0
5.73264,0.00195475,6.44731,0.321702,0.0
5.72952,0.00197635,6.71387,0.327143,0.0
5.72969,0.0018871,6.19742,0.315581,0.0
5.73137,0.00195677,6.46397,0.320341,0.0
5.73301,0.00197817,6.78051,0.328163,0.0
5.73249,0.0018897,7.1137,0.325442,0.0
5.73176,0.00198291,6.66389,0.328843,0.0
5.72997,0.00192148,6.51395,0.323742,0.0
5.72716,0.00187056,5.9975,0.31082,0.0
5.72681,0.00186531,6.31404,0.318301,0.0
5.72895,0.00187283,6.63057,0.320681,0.0
5.72826,0.00189599,6.83049,0.325782,0.0
5.72409,0.00189229,6.03082,0.309799,0.0
5.72526,0.00187452,6.23074,0.31082,0.0
5.7301,0.00191363,6.06414,0.31388,0.0
5.73014,0.00192537,6.06414,0.304018,0.0
5.7299,0.00190312,6.89713,0.334284,0.0
5.72624,0.00185493,5.94752,0.301638,0.0
5.72352,0.00188808,5.78092,0.305719,0.0
5.72196,0.00180557,5.84756,0.303338,0.0
5.72108,0.00181277,5.51437,0.291096,0.0
5.72179,0.00182808,5.9142,0.31388,0.0
5.72358,0.00183722,5.74761,0.304358,0.0
5.72405,0.00181705,6.01416,0.305719,0.0
5.72297,0.00179714,5.54769,0.296537,0.0
5.72005,0.00178319,5.48105,0.296197,0.0
5.71906,0.00171924,5.18117,0.281234,0.0
5.72251,0.00183469,5.88088,0.308779,0.0
5.7232,0.00183087,5.88088,0.308779,0.0
5.71978,0.0018358,5.94752,0.304358,0.0
5.72204,0.00183917,5.9975,0.31082,0.0
5.72203,0.00188282,6.01416,0.308439,0.0
5.71802,0.00173526,5.74761,0.294837,0.0
5.71713,0.00173312,5.16451,0.281914,0.0
5.71814,0.00170075,5.73095,0.302998,0.0
5.71678,0.00172196,5.38109,0.295857,0.0
5.71409,0.00169946,5.08122,0.292456,0.0
5.71325,0.00167676,4.9646,0.281234,0.0
5.71449,0.00167812,4.86464,0.281914,0.0
5.71478,0.00173643,5.51437,0.300618,0.0
5.71593,0.00174278,4.84798,0.277833,0.0
5.714,0.00171198,5.29779,0.295177,0.0
5.71277,0.00170024,4.83132,0.280214,0.0
5.71329,0.0017075,5.23115,0.283274,0.0
5.7121,0.00169141,4.74802,0.271372,0.0
5.70779,0.00163369,4.36485,0.26321,0.0
5.70892,0.00162071,4.49813,0.270692,0.0
5.71174,0.00164692,5.09788,0.287015,0.0
5.712,0.00167306,4.98126,0.283614,0.0
5.70969,0.00164238,4.36485,0.266271,0.0
5.70806,0.00162389,4.69804,0.278173,0.0
5.70933,0.00159659,4.53145,0.269332,0.0
5.70951,0.00163278,5.06456,0.284635,0.0
5.71016,0.00163946,4.99792,0.283954,0.0
5.71181,0.00173487,4.61474,0.277493,0.0
5.70688,0.00160281,4.43149,0.271032,0.0
5.70451,0.00159963,4.48147,0.26185,0.0
5.70667,0.00158835,4.24823,0.265591,0.0
5.7044,0.00152906,4.01499,0.257429,0.0
5.70555,0.00154048,4.53145,0.271372,0.0
5.707,0.0015722,4.18159,0.26287,0.0
5.70576,0.00153004,4.34819,0.25947,0.0
5.7072,0.00155572,4.73136,0.275113,0.0
5.70792,0.0016008,4.58142,0.271372,0.0
5.70357,0.0015336,4.09829,0.257429,0.0
5.70288,0.00154385,4.29821,0.25845,0.0
5.70473,0.00157168,3.99833,0.256069,0.0
5.70516,0.00158413,4.43149,0.264911,0.0
5.70484,0.00160216,4.24823,0.25913,0.0
5.70368,0.00157985,4.11495,0.26015,0.0
5.70287,0.00153328,3.94835,0.255729,0.0
5.70329,0.00153983,3.73178,0.245527,0.0
5.70386,0.0015733,4.33153,0.264571,0.0
5.70347,0.00159204,3.86506,0.253689,0.0
5.70247,0.00150273,4.09829,0.251988,0.0
5.70165,0.00155079,3.54852,0.243827,0.0
5.69968,0.00150831,3.74844,0.251648,0.0
5.70021,0.00149949,4.21491,0.264571,0.0
5.70182,0.00145713,3.49854,0.236685,0.0
5.70182,0.00149799,4.18159,0.263891,0.0
5.70275,0.00148301,3.98167,0.253349,0.0
5.70369,0.0015696,4.33153,0.269672,0.0
5.70451,0.00157109,4.31487,0.263891,0.0
5.70274,0.00154087,3.96501,0.26151,0.0
5.70158,0.00158835,3.98167,0.257769,0.0
5.7016,0.0014991,3.81508,0.242126,0.0
5.69865,0.00148139,3.73178,0.245527,0.0
5.69884,0.00149261,3.7651,0.250968,0.0
5.70007,0.00144234,3.56518,0.242126,0.0
5.70013,0.00148191,3.83174,0.248248,0.0
5.69918,0.00149456,3.4319,0.233625,0.0
5.70086,0.00149054,4.04831,0.256069,0.0
5.70291,0.001553,3.81508,0.248928,0.0
5.69954,0.00146874,3.91504,0.252668,0.0
5.69665,0.00140576,3.38192,0.234305,0.0
5.69824,0.00143482,3.5985,0.245187,0.0
5.69894,0.00137865,3.54852,0.235665,0.0
5.69654,0.00138967,3.18201,0.229544,0.0
5.69503,0.00135484,3.24865,0.226823,0.0
5.69819,0.00145389,3.63182,0.242807,0.0
5.69787,0.00140784,3.78176,0.247908,0.0
5.6958,0.00142139,3.5152,0.239406,0.0
5.69607,0.00143514,3.4319,0.241786,0.0
5.69633,0.00143164,3.58184,0.243487,0.0
5.69429,0.00136898,3.13203,0.229204,0.0
5.69493,0.00138053,3.44856,0.237366,0.0
5.69724,0.00144066,3.89838,0.249948,0.0
5.69653,0.00147393,3.28197,0.228864,0.0
5.69426,0.00137923,3.24865,0.226823,0.0
5.69634,0.0014018,3.48188,0.240766,0.0
5.69752,0.00145707,3.23199,0.231244,0.0
5.69511,0.00141776,3.3486,0.232265,0.0
5.69551,0.0014247,3.31529,0.233625,0.0
5.69544,0.00141354,3.04873,0.221723,0.0
5.69454,0.00155916,3.56518,0.244167,0.0
5.69469,0.00138306,3.29863,0.231924,0.0
5.69369,0.00136139,2.96543,0.217642,0.0
5.69131,0.00132008,2.93211,0.219342,0.0
5.69039,0.00129627,2.73219,0.2088,0.0
5.69135,0.0013097,2.99875,0.223763,0.0
5.69137,0.00128447,2.83215,0.214581,0.0
5.68992,0.00133551,2.68222,0.20812,0.0
5.68864,0.00127409,2.71554,0.212201,0.0
5.68903,0.00130075,2.96543,0.217642,0.0
5.68954,0.00128447,2.61558,0.21118,0.0
5.68917,0.00130496,2.84881,0.215261,0.0
5.68796,0.00124464,2.53228,0.201659,0.0
5.68836,0.00126151,2.74885,0.215601,0.0
5.68995,0.00131768,2.66556,0.212881,0.0
5.68949,0.00128388,2.79883,0.213561,0.0
5.68856,0.00131093,2.71554,0.215941,0.0
5.68868,0.00129608,2.18242,0.187036,0.0
5.68869,0.00125852,2.5656,0.20676,0.0
5.69001,0.00124665,2.6489,0.204379,0.0
5.68865,0.00130367,2.71554,0.213221,0.0
5.68866,0.00132747,2.68222,0.20676,0.0
5.68845,0.00126631,2.4823,0.201319,0.0
5.68931,0.00130957,2.86547,0.216962,0.0
5.68964,0.0012185,2.69888,0.212881,0.0
5.68724,0.00125029,2.61558,0.20744,0.0
5.68682,0.00123517,2.26572,0.191797,0.0
5.68693,0.00126462,2.68222,0.21084,0.0
5.68732,0.00125301,2.5656,0.202679,0.0
5.68577,0.00118413,2.3157,0.193497,0.0
5.68555,0.00120287,2.2324,0.194857,0.0
5.68584,0.00117907,2.44898,0.199958,0.0
5.68589,0.0012246,2.53228,0.201659,0.0
5.68672,0.00126021,2.43232,0.200638,0.0
5.6871,0.00125839,2.59892,0.204039,0.0
5.68578,0.00126196,2.13244,0.186356,0.0
5.68455,0.00119431,2.13244,0.186356,0.0
5.68456,0.00119035,2.51562,0.205059,0.0
5.68573,0.00123413,2.3157,0.199278,0.0
5.68585,0.00123037,2.36568,0.196898,0.0
5.68734,0.00129018,2.6489,0.213561,0.0
5.68759,0.0012582,2.399,0.199618,0.0
5.68426,0.00119671,2.3157,0.192137,0.0
5.68403,0.00113885,1.93253,0.175134,0.0
5.68715,0.00123705,2.61558,0.20846,0.0
5.68581,0.00121325,2.16576,0.190777,0.0
5.68349,0.00120352,2.43232,0.197918,0.0
5.68508,0.00118484,2.26572,0.195878,0.0
5.68585,0.00124808,2.59892,0.211861,0.0
5.68505,0.00118653,2.09913,0.184995,0.0
5.68505,0.0011478,1.98251,0.178874,0.0
5.6852,0.00119314,2.09913,0.188056,0.0
5.68579,0.00123031,2.6489,0.2071,0.0
5.68538,0.00120157,2.11579,0.185676,0.0
5.68385,0.00115669,2.28238,0.193837,0.0
5.6833,0.00117012,2.2324,0.191797,0.0
5.68398,0.00117031,2.18242,0.189756,0.0
5.68378,0.00117193,2.3157,0.194857,0.0
5.68331,0.00115448,2.1491,0.191457,0.0
5.68322,0.0011779,2.13244,0.186356,0.0
5.68324,0.00110843,1.89921,0.173773,0.0
5.68368,0.00117745,2.28238,0.192137,0.0
5.68416,0.00118906,2.1491,0.187036,0.0
5.6829,0.00120825,2.08247,0.184315,0.0
5.6824,0.00113295,2.16576,0.189076,0.0
5.68327,0.00115377,2.19908,0.190437,0.0
5.68276,0.00111375,1.93253,0.176494,0.0
5.68266,0.00116901,2.16576,0.193497,0.0
5.68264,0.00113743,2.08247,0.190437,0.0
5.68164,0.00115111,1.99917,0.182615,0.0
5.68243,0.00113535,2.03249,0.183975,0.0
5.68309,0.00114164,2.2324,0.190437,0.0
5.68352,0.00114988,1.81591,0.170033,0.0
5.68437,0.00120216,2.3157,0.197918,0.0
5.68454,0.00117582,2.06581,0.180575,0.0
5.6822,0.00113833,2.09913,0.184995,0.0
5.68125,0.00112121,2.18242,0.188396,0.0
5.68371,0.00115215,2.18242,0.188396,0.0
5.6831,0.00115358,2.04915,0.186016,0.0
5.68279,0.00114839,2.09913,0.186696,0.0
5.68392,0.00114981,1.99917,0.179554,0.0
5.68241,0.00114917,2.06581,0.185336,0.0
5.68028,0.00110188,2.04915,0.184655,0.0
5.67956,0.00110655,1.86589,0.176834,0.0
5.68112,0.00113548,2.03249,0.183975,0.0
5.6806,0.00115513,1.66597,0.166632,0.0
5.67845,0.00109617,1.86589,0.176834,0.0
5.67943,0.00107503,1.63265,0.163231,0.0
5.68181,0.00111051,2.08247,0.184315,0.0
5.68108,0.00109072,1.71595,0.168672,0.0
5.67811,0.00102087,1.56601,0.160171,0.0
5.67935,0.00107101,1.88255,0.180915,0.0
5.68,0.00106004,1.59933,0.161531,0.0
5.67806,0.00103656,1.69929,0.167992,0.0
5.67987,0.00110169,1.96585,0.178194,0.0
5.6801,0.00108443,1.76593,0.169352,0.0
5.67915,0.00106413,1.73261,0.166292,0.0
5.67813,0.00105862,1.71595,0.168672,0.0
5.67959,0.00107801,1.89921,0.178534,0.0
5.67921,0.00103734,1.68263,0.163911,0.0
5.67801,0.00105051,1.54935,0.162891,0.0
5.67805,0.00105797,1.69929,0.169693,0.0
5.68046,0.00111433,1.81591,0.173093,0.0
5.68074,0.00111129,1.66597,0.166632,0.0
5.67831,0.00109046,1.53269,0.160171,0.0
5.67816,0.00104811,1.83257,0.170713,0.0
5.67856,0.00100997,1.43274,0.151669,0.0
5.67735,0.0010378,1.46606,0.153369,0.0
5.67907,0.00104759,1.81591,0.173093,0.0
5.67874,0.0010738,1.46606,0.15507,0.0
5.67821,0.00106549,1.73261,0.166292,0.0
5.67894,0.00106848,2.06581,0.183635,0.0
5.6789,0.00109779,1.88255,0.174453,0.0
5.67706,0.00105012,1.58267,0.160851,0.0
5.6785,0.00107101,1.83257,0.170713,0.0
5.67983,0.00107224,1.89921,0.178534,0.0
5.67743,0.00107107,1.48272,0.15609,0.0
5.67713,0.00103501,1.64931,0.165612,0.0
5.67762,0.00103708,1.63265,0.161531,0.0
5.67729,0.00102229,1.46606,0.15507,0.0
5.67757,0.00104603,1.61599,0.165952,0.0
5.67806,0.00102742,1.66597,0.163231,0.0
5.67804,0.00103228,1.58267,0.159151,0.0
5.67746,0.00104565,1.53269,0.15847,0.0
5.67657,0.000997971,1.48272,0.159491,0.0
5.67746,0.00105953,1.39942,0.149969,0.0
5.67809,0.00102995,1.58267,0.162551,0.0
5.67556,0.00099369,1.34944,0.149289,0.0
5.67577,0.00100958,1.39942,0.149969,0.0
5.67888,0.0010125,1.61599,0.164251,0.0
5.67819,0.00106043,1.81591,0.174794,0.0
5.67615,0.00100945,1.43274,0.153709,0.0
5.6773,0.00101834,1.61599,0.165952,0.0
5.67896,0.00104474,1.59933,0.159831,0.0
5.67741,0.00101626,1.48272,0.15609,0.0
5.67575,0.00103151,1.34944,0.149289,0.0
5.67716,0.00102353,1.81591,0.170033,0.0
5.6769,0.00100848,1.39942,0.152009,0.0
5.67567,0.00100718,1.61599,0.164251,0.0
5.67771,0.00104623,1.69929,0.169693,0.0
5.67878,0.00105187,1.61599,0.164251,0.0
5.67694,0.00101976,1.61599,0.165952,0.0
5.67701,0.0010363,1.39942,0.153709,0.0
5.67684,0.00103371,1.41608,0.150989,0.0
5.67581,0.00097715,1.29946,0.144868,0.0
5.67512,0.000987204,1.43274,0.151669,0.0
5.67653,0.00100537,1.43274,0.153709,0.0
5.67749,0.00100731,1.74927,0.166972,0.0
5.67656,0.000988826,1.48272,0.15609,0.0
5.67504,0.00094686,1.29946,0.148608,0.0
5.67599,0.000967486,1.48272,0.15609,0.0
5.67721,0.001004,1.69929,0.167992,0.0
5.67635,0.000976891,1.29946,0.144868,0.0
5.67553,0.000976502,1.56601,0.15847,0.0
5.67761,0.000998814,1.31612,0.147588,0.0
5.67655,0.00101996,1.59933,0.159831,0.0
5.67631,0.00100219,1.51603,0.15575,0.0
5.67561,0.00104234,1.1162,0.138407,0.0
5.67573,0.000988177,1.41608,0.150989,0.0
5.67539,0.000995506,1.29946,0.146568,0.0
5.6753,0.000989863,1.29946,0.146568,0.0
5.67591,0.000977864,1.48272,0.162891,0.0
5.67598,0.00100089,1.24948,0.145888,0.0
5.67649,0.00100005,1.46606,0.15881,0.0
5.676,0.000955876,1.2828,0.145888,0.0
5.67627,0.00100147,1.54935,0.15745,0.0
5.67668,0.000996739,1.61599,0.164251,0.0
5.67513,0.00100712,1.53269,0.15847,0.0
5.67513,0.000973324,1.34944,0.150989,0.0
5.67623,0.00098448,1.43274,0.151669,0.0
5.67472,0.000935574,1.14952,0.136366,0.0
5.67428,0.000972415,1.29946,0.144868,0.0
5.67456,0.000958535,1.31612,0.149289,0.0
5.67508,0.000988761,1.61599,0.164251,0.0
5.67485,0.00101542,1.3661,0.150309,0.0
5.67416,0.000944719,1.09954,0.135686,0.0
5.6746,0.000930385,1.41608,0.152689,0.0
5.67445,0.000929217,1.33278,0.146568,0.0
5.67332,0.000928309,1.29946,0.146568,0.0
5.67426,0.000949584,1.31612,0.147588,0.0
5.67537,0.000999009,1.31612,0.149289,0.0
5.67374,0.000973453,1.16618,0.137386,0.0
5.67468,0.000994339,1.29946,0.148608,0.0
5.67659,0.00101782,1.29946,0.144868,0.0
5.67581,0.00100284,1.56601,0.163571,0.0
5.67509,0.000976242,1.43274,0.151669,0.0
5.6745,0.000951011,1.2828,0.143848,0.0
5.67399,0.00093045,1.14952,0.140447,0.0
5.6726,0.000915142,1.06622,0.131605,0.0
5.67312,0.000905607,1.29946,0.148608,0.0
5.67526,0.000988696,1.21616,0.142147,0.0
5.67611,0.000997712,1.39942,0.153709,0.0
5.67482,0.00099155,1.26614,0.142827,0.0
5.67568,0.00102171,1.54935,0.161191,0.0
5.6759,0.00103176,1.4494,0.161531,0.0
5.67512,0.000978577,1.33278,0.146568,0.0
5.67473,0.000930968,1.29946,0.146568,0.0
5.67345,0.000937779,1.04956,0.132625,0.0
5.67285,0.000946535,1.08288,0.134666,0.0
5.67468,0.000993625,1.23282,0.143167,0.0
5.67438,0.000961778,1.18284,0.142147,0.0
5.67216,0.000925455,1.26614,0.142827,0.0
5.6729,0.000938233,1.08288,0.138747,0.0
5.67245,0.000918904,0.999584,0.129565,0.0
5.67211,0.000890559,1.08288,0.134666,0.0
5.67288,0.000916893,1.1162,0.134326,0.0
5.6729,0.000855274,0.932945,0.123104,0.0
5.67113,0.000879468,1.06622,0.131605,0.0
5.672,0.000890624,1.18284,0.138407,0.0
5.67171,0.000872398,0.899625,0.121063,0.0
5.67147,0.000910796,1.06622,0.133646,0.0
5.6714,0.000918385,1.0329,0.131605,0.0
5.6718,0.000899575,0.999584,0.129565,0.0
5.6704,0.000860139,0.949604,0.124464,0.0
5.67155,0.000870971,1.0329,0.129565,0.0
5.67288,0.000917866,1.29946,0.144868,0.0
5.67205,0.000893802,0.966264,0.125484,0.0
5.67212,0.000878106,0.999584,0.129565,0.0
5.67297,0.000896721,1.26614,0.146908,0.0
5.6726,0.000887965,1.09954,0.141467,0.0
5.67278,0.000920591,1.01624,0.128545,0.0
5.67131,0.000886278,0.966264,0.125484,0.0
5.67188,0.000894646,1.08288,0.132625,0.0
5.67223,0.00088057,1.0329,0.129565,0.0
5.67102,0.000868701,0.966264,0.125484,0.0
5.67015,0.000872463,0.966264,0.125484,0.0
5.67101,0.000856961,1.04956,0.130585,0.0
5.67044,0.00085015,0.832986,0.116642,0.0
5.67062,0.00086202,1.04956,0.132625,0.0
5.6709,0.000899186,1.13286,0.139427,0.0
5.67169,0.000874992,0.932945,0.123104,0.0
5.67034,0.000843404,0.982924,0.126504,0.0
5.67145,0.000896721,0.982924,0.126504,0.0
5.67071,0.000804228,0.949604,0.124464,0.0
5.67067,0.000846193,1.06622,0.133646,0.0
5.67052,0.000832897,0.882965,0.120043,0.0
5.67,0.000832183,0.982924,0.128545,0.0
5.67087,0.000866625,0.932945,0.123104,0.0
5.67169,0.000896462,1.1162,0.134326,0.0
5.67019,0.000870063,0.699708,0.107121,0.0
5.66899,0.000806433,0.63307,0.10202,0.0
5.66934,0.000829524,0.832986,0.119023,0.0
5.67076,0.000856831,0.832986,0.116642,0.0
5.67025,0.000834259,0.866306,0.118683,0.0
5.66947,0.00082174,0.832986,0.116642,0.0
5.6692,0.000849177,0.882965,0.120043,0.0
5.67075,0.000895424,0.816327,0.115282,0.0
5.66911,0.00078918,0.683049,0.10576,0.0
5.66828,0.000779645,0.533111,0.0935179,0.0
5.66781,0.000806563,0.716368,0.108141,0.0
5.66877,0.000787882,0.683049,0.108481,0.0
5.66834,0.00079119,0.716368,0.108141,0.0
5.6694,0.000825308,0.666389,0.1044,0.0
5.66889,0.000796314,0.683049,0.10576,0.0
5.66899,0.000788985,0.649729,0.10338,0.0
5.67033,0.000825308,0.866306,0.118683,0.0
5.67007,0.000822259,0.716368,0.108141,0.0
5.66871,0.00076531,0.716368,0.108141,0.0
5.6698,0.000791385,0.899625,0.123444,0.0
5.66991,0.000820313,0.866306,0.121063,0.0
5.66921,0.000805979,0.799667,0.114262,0.0
5.66847,0.000788596,0.716368,0.108141,0.0
5.66823,0.000794563,0.683049,0.10576,0.0
5.66844,0.000777115,0.666389,0.1044,0.0
5.66915,0.000818432,0.882965,0.120043,0.0
5.66888,0.000780618,0.649729,0.10576,0.0
5.66892,0.00079145,0.666389,0.1044,0.0
5.66879,0.000787753,0.849646,0.117663,0.0
5.66939,0.000801438,0.683049,0.108481,0.0
5.6698,0.000825438,0.949604,0.124464,0.0
5.6687,0.00082414,0.666389,0.1044,0.0
5.6678,0.000753765,0.483132,0.0890971,0.0
5.66813,0.000758175,0.61641,0.10338,0.0
5.66965,0.000814087,0.733028,0.111881,0.0
5.66908,0.000782045,0.749688,0.110861,0.0
5.66884,0.000795731,0.783007,0.113242,0.0
5.66849,0.000765829,0.549771,0.0979388,0.0
5.66908,0.000810454,0.61641,0.10338,0.0
5.66863,0.000826929,0.63307,0.10202,0.0
5.66831,0.00077718,0.58309,0.0979388,0.0
5.66799,0.000743711,0.58309,0.0979388,0.0
5.6681,0.000774196,0.649729,0.10576,0.0
5.66858,0.00075344,0.533111,0.0935179,0.0
5.66748,0.00078198,0.61641,0.100659,0.0
5.66781,0.000749484,0.499792,0.0907974,0.0
5.66805,0.000766672,0.816327,0.115282,0.0
5.66803,0.000768424,0.63307,0.10202,0.0
5.66811,0.000794239,0.666389,0.1044,0.0
5.66723,0.000782888,0.499792,0.0907974,0.0
5.66673,0.000754802,0.649729,0.10338,0.0
5.66811,0.000770499,0.59975,0.099299,0.0
5.66873,0.000806498,0.766347,0.111881,0.0
5.66806,0.000771342,0.683049,0.10576,0.0
5.66689,0.000743711,0.483132,0.0890971,0.0
5.6672,0.0008076,0.766347,0.111881,0.0
5.66775,0.000770434,0.63307,0.10202,0.0
5.66796,0.000768424,0.699708,0.107121,0.0
5.66864,0.000782953,0.549771,0.0952183,0.0
5.66833,0.00074183,0.59975,0.099299,0.0
5.66779,0.000787753,0.683049,0.10576,0.0
5.66695,0.0007489,0.433153,0.0843362,0.0
5.66739,0.000780942,0.649729,0.10338,0.0
5.6686,0.000753246,0.58309,0.0979388,0.0
5.66846,0.000764337,0.666389,0.1044,0.0
5.66782,0.000758175,0.566431,0.0965785,0.0
5.66841,0.000750327,0.59975,0.099299,0.0
5.66891,0.000780683,0.61641,0.100659,0.0
5.66888,0.000766478,0.683049,0.10576,0.0
5.66826,0.00077465,0.649729,0.10338,0.0
5.66849,0.000763559,0.849646,0.117663,0.0
5.66908,0.00079612,0.799667,0.114262,0.0
5.66868,0.00081707,0.716368,0.108141,0.0
5.66699,0.000754932,0.516451,0.0921577,0.0
5.6683,0.000792942,0.716368,0.108141,0.0
5.66833,0.000756424,0.516451,0.0921577,0.0
5.667,0.000771537,0.699708,0.109501,0.0
5.66751,0.000743257,0.483132,0.0890971,0.0
5.66688,0.000764143,0.483132,0.0890971,0.0
5.66664,0.0007609,0.533111,0.0935179,0.0
5.66755,0.000773223,0.63307,0.10202,0.0
5.66754,0.000769461,0.58309,0.100659,0.0
5.66712,0.000731322,0.63307,0.10202,0.0
5.66665,0.000781396,0.566431,0.0965785,0.0
5.66729,0.000768359,0.63307,0.10202,0.0
5.66751,0.000760121,0.58309,0.0979388,0.0
5.6673,0.000763299,0.59975,0.099299,0.0
5.66742,0.000766932,0.666389,0.107121,0.0
5.66728,0.000757008,0.59975,0.099299,0.0
5.66754,0.000706675,0.466472,0.0877368,0.0
5.66794,0.000742998,0.549771,0.0979388,0.0
5.66819,0.000752338,0.666389,0.1044,0.0
5.66775,0.000765245,0.516451,0.0921577,0.0
5.66764,0.000761289,0.63307,0.10202,0.0
5.66823,0.000773353,0.63307,0.10202,0.0
5.66756,0.000719453,0.499792,0.0907974,0.0
5.66653,0.000762845,0.699708,0.109501,0.0
5.66748,0.000732684,0.383174,0.0795753,0.0
5.66802,0.0007417,0.483132,0.0890971,0.0
5.66756,0.000756943,0.549771,0.0952183,0.0
5.66764,0.000763235,0.716368,0.108141,0.0
5.66666,0.000735409,0.516451,0.0921577,0.0
5.66648,0.000759537,0.516451,0.0921577,0.0
5.66816,0.00075383,0.549771,0.0952183,0.0
5.66756,0.000777829,0.63307,0.10202,0.0
5.66732,0.000785872,0.683049,0.10576,0.0
5.66754,0.000775494,0.549771,0.0952183,0.0
5.66735,0.000750586,0.566431,0.0965785,0.0
5.66828,0.000773807,0.649729,0.10338,0.0
5.66835,0.000783601,0.766347,0.111881,0.0
5.66833,0.000780488,0.59975,0.099299,0.0
5.66739,0.000771602,0.58309,0.0979388,0.0
5.6673,0.000755905,0.516451,0.0921577,0.0
5.66609,0.000713096,0.383174,0.0795753,0.0
5.66652,0.000718609,0.58309,0.0979388,0.0
5.66824,0.000731128,0.516451,0.0921577,0.0
5.66779,0.000742219,0.533111,0.0935179,0.0
5.66704,0.000739495,0.499792,0.0907974,0.0
5.66656,0.000703432,0.499792,0.0907974,0.0
5.66699,0.000743581,0.466472,0.0877368,0.0
5.66706,0.000739041,0.566431,0.0965785,0.0
5.66694,0.000749095,0.533111,0.0935179,0.0
5.66718,0.000735149,0.516451,0.0921577,0.0
5.66692,0.000722696,0.549771,0.0952183,0.0
5.66757,0.000755516,0.749688,0.110861,0.0
5.66791,0.000744619,0.516451,0.0921577,0.0
5.66649,0.000723798,0.399833,0.0846762,0.0
5.66622,0.000709918,0.58309,0.0979388,0.0
5.66684,0.000732944,0.399833,0.0812756,0.0
5.66713,0.000729441,0.433153,0.0843362,0.0
5.66775,0.000724123,0.533111,0.0965785,0.0
5.6681,0.000766413,0.549771,0.0979388,0.0
5.66699,0.000747408,0.433153,0.0843362,0.0
5.66742,0.000741181,0.499792,0.0907974,0.0
5.66675,0.000694999,0.349854,0.0761746,0.0
5.66589,0.000721139,0.549771,0.0979388,0.0
5.66595,0.000720296,0.433153,0.0843362,0.0
5.66653,0.000721723,0.649729,0.10338,0.0
5.66701,0.000743581,0.433153,0.0843362,0.0
5.66788,0.000725031,0.466472,0.0877368,0.0
5.66699,0.000755451,0.59975,0.099299,0.0
5.66692,0.000745787,0.483132,0.0890971,0.0
5.66688,0.000736382,0.59975,0.099299,0.0
5.66593,0.000700772,0.299875,0.0703935,0.0
5.66537,0.00069714,0.516451,0.0921577,0.0
5.66692,0.000726133,0.549771,0.0952183,0.0
5.66774,0.000724901,0.399833,0.0812756,0.0
5.66616,0.000744295,0.516451,0.0921577,0.0
5.66528,0.000714977,0.349854,0.0761746,0.0
5.66603,0.000739041,0.699708,0.107121,0.0
5.66628,0.000720815,0.349854,0.0761746,0.0
5.66468,0.000718934,0.59975,0.099299,0.0
5.66545,0.000699086,0.366514,0.0778749,0.0
5.66561,0.000700642,0.449813,0.0860365,0.0
5.66565,0.000705053,0.333195,0.0741342,0.0
5.66634,0.000727171,0.499792,0.093858,0.0
5.6658,0.000710956,0.449813,0.0860365,0.0
5.66543,0.000688773,0.283215,0.0683531,0.0
5.66515,0.000690913,0.399833,0.0846762,0.0
5.66539,0.000699734,0.283215,0.0683531,0.0
5.66536,0.000678784,0.383174,0.0795753,0.0
5.66534,0.00066166,0.416493,0.0829759,0.0
5.66554,0.000690848,0.449813,0.0860365,0.0
5.66529,0.000694999,0.283215,0.0683531,0.0
5.66534,0.000686178,0.399833,0.0812756,0.0
5.66563,0.000669768,0.333195,0.0741342,0.0
5.66421,0.000665552,0.299875,0.0703935,0.0
5.66489,0.000641099,0.383174,0.0795753,0.0
5.66463,0.000634159,0.183257,0.0550906,0.0
5.6644,0.000682222,0.333195,0.0741342,0.0
5.66595,0.00066406,0.366514,0.0778749,0.0
5.66505,0.00068994,0.383174,0.0795753,0.0
5.66418,0.000674373,0.416493,0.0860365,0.0
5.66455,0.000666201,0.366514,0.0778749,0.0
5.66543,0.000668341,0.333195,0.0741342,0.0
5.66487,0.000675087,0.383174,0.0795753,0.0
5.66569,0.000704275,0.333195,0.0741342,0.0
5.66503,0.000659974,0.333195,0.0741342,0.0
5.6644,0.000645834,0.349854,0.0761746,0.0
5.66598,0.000676254,0.366514,0.0778749,0.0
5.66504,0.000667238,0.399833,0.0812756,0.0
5.66417,0.000671649,0.283215,0.0683531,0.0
5.6658,0.000656212,0.333195,0.0741342,0.0
5.66567,0.000636623,0.183257,0.0550906,0.0
5.66413,0.000633575,0.266556,0.0663127,0.0
5.66478,0.000664644,0.316535,0.0724339,0.0
5.66516,0.000659066,0.299875,0.0703935,0.0
5.66434,0.000652644,0.316535,0.0761746,0.0
5.66469,0.000665682,0.216576,0.0598515,0.0
5.66476,0.000641099,0.249896,0.0642723,0.0
5.66429,0.000640839,0.249896,0.0642723,0.0
5.66429,0.000637661,0.216576,0.0598515,0.0
5.66354,0.000650699,0.433153,0.0843362,0.0
5.66432,0.000642915,0.199917,0.057471,0.0
5.66494,0.000653942,0.199917,0.057471,0.0
5.66556,0.000714588,0.333195,0.0778749,0.0
5.66434,0.000632991,0.283215,0.0683531,0.0
5.66388,0.000689097,0.416493,0.0829759,0.0
5.66462,0.000680146,0.383174,0.0795753,0.0
5.66452,0.000678589,0.316535,0.0724339,0.0
5.66401,0.000647715,0.366514,0.0778749,0.0
5.66432,0.000681314,0.249896,0.0642723,0.0
5.66537,0.00064512,0.383174,0.0795753,0.0
5.6652,0.000681378,0.333195,0.0741342,0.0
5.66443,0.000667044,0.299875,0.0741342,0.0
5.66326,0.00065485,0.133278,0.046929,0.0
5.66317,0.000623781,0.266556,0.0663127,0.0
5.66513,0.000640061,0.333195,0.0741342,0.0
5.66522,0.000631953,0.249896,0.0642723,0.0
5.6655,0.000672752,0.383174,0.0795753,0.0
5.66514,0.00066659,0.283215,0.0683531,0.0
5.66455,0.000657963,0.316535,0.0724339,0.0
5.66384,0.000624689,0.266556,0.0663127,0.0
5.66458,0.00064992,0.216576,0.0598515,0.0
5.66503,0.00064538,0.299875,0.0703935,0.0
5.66345,0.000631175,0.249896,0.0642723,0.0
5.66494,0.000662633,0.416493,0.0829759,0.0
5.66419,0.000657769,0.249896,0.0642723,0.0
5.6636,0.000613014,0.0999584,0.0408078,0.0
5.6641,0.000637596,0.383174,0.0795753,0.0
5.66376,0.000615413,0.183257,0.0550906,0.0
5.66429,0.000646677,0.283215,0.0683531,0.0
5.66492,0.000648882,0.266556,0.0663127,0.0
5.66456,0.000644796,0.183257,0.0550906,0.0
5.66405,0.000623002,0.266556,0.0663127,0.0
5.66409,0.000616322,0.183257,0.0550906,0.0
5.66319,0.000604581,0.133278,0.046929,0.0
5.66371,0.000630591,0.299875,0.0741342,0.0
5.6633,0.000644018,0.166597,0.0527101,0.0
5.6637,0.000648947,0.283215,0.0683531,0.0
5.66389,0.000612754,0.149938,0.0499896,0.0
5.66411,0.000627478,0.249896,0.0642723,0.0
5.6642,0.000635261,0.216576,0.0598515,0.0
5.66409,0.000623975,0.233236,0.0622319,0.0
5.66431,0.000625597,0.249896,0.0642723,0.0
5.66471,0.000628645,0.283215,0.0683531,0.0
5.66451,0.000660233,0.199917,0.057471,0.0
5.66396,0.000640385,0.216576,0.0598515,0.0
5.66407,0.000649336,0.266556,0.0663127,0.0
5.66382,0.000640191,0.249896,0.0642723,0.0
5.66421,0.000647909,0.249896,0.0642723,0.0
5.66402,0.000649726,0.316535,0.0724339,0.0
5.6641,0.000644083,0.116618,0.0438684,0.0
5.66441,0.00062897,0.266556,0.0663127,0.0
5.66458,0.000630397,0.149938,0.0499896,0.0
5.66443,0.000632537,0.299875,0.0703935,0.0
5.66453,0.000651153,0.216576,0.0598515,0.0
5.6638,0.000620343,0.116618,0.0438684,0.0
5.66349,0.000645055,0.183257,0.0550906,0.0
5.66373,0.000658093,0.283215,0.0683531,0.0
5.66324,0.000653552,0.299875,0.0703935,0.0
5.66263,0.000615543,0.166597,0.0527101,0.0
5.66278,0.000609381,0.183257,0.0550906,0.0
5.66372,0.000635391,0.216576,0.0598515,0.0
5.66384,0.000623002,0.216576,0.0598515,0.0
5.66274,0.000609965,0.316535,0.0795753,0.0
5.6648,0.000683,0.349854,0.0761746,0.0
5.66512,0.00067833,0.249896,0.0642723,0.0
5.66296,0.000641423,0.266556,0.0663127,0.0
5.6641,0.000654525,0.283215,0.0683531,0.0
5.66463,0.000636234,0.283215,0.0683531,0.0
5.66429,0.000633251,0.183257,0.0550906,0.0
5.66397,0.000625143,0.266556,0.0663127,0.0
5.66445,0.000644991,0.249896,0.0642723,0.0
5.6636,0.000628191,0.149938,0.0499896,0.0
5.66334,0.00060536,0.166597,0.0527101,0.0
5.66519,0.000632732,0.283215,0.0683531,0.0
5.66474,0.000618786,0.266556,0.0663127,0.0
5.66435,0.000618203,0.233236,0.0622319,0.0
5.66431,0.000622548,0.133278,0.046929,0.0
5.66416,0.000620862,0.183257,0.0550906,0.0
5.66428,0.000625208,0.266556,0.0663127,0.0
5.66399,0.000632991,0.266556,0.0663127,0.0
5.66516,0.00063364,0.199917,0.057471,0.0
5.66471,0.000605295,0.183257,0.0550906,0.0
5.6643,0.000641618,0.249896,0.0642723,0.0
5.66326,0.000613143,0.299875,0.0703935,0.0
5.66327,0.000618332,0.233236,0.0622319,0.0
5.6639,0.000598484,0.133278,0.046929,0.0
5.66345,0.00063604,0.249896,0.0642723,0.0
5.6639,0.000635521,0.216576,0.0598515,0.0
5.66392,0.000616127,0.183257,0.0550906,0.0
5.66322,0.000622678,0.166597,0.0527101,0.0
5.66324,0.00062417,0.166597,0.0527101,0.0
5.66383,0.000626245,0.299875,0.0703935,0.0
5.66451,0.000673984,0.333195,0.0741342,0.0
5.66382,0.000615349,0.0999584,0.0408078,0.0
5.66391,0.00060536,0.183257,0.0550906,0.0
5.66448,0.000609641,0.216576,0.0598515,0.0
5.66479,0.000631434,0.199917,0.057471,0.0
5.66414,0.000637726,0.299875,0.0703935,0.0
5.66406,0.00060523,0.183257,0.0550906,0.0
5.66535,0.000646158,0.266556,0.0663127,0.0
5.66359,0.000609122,0.133278,0.046929,0.0
5.66395,0.000626764,0.299875,0.0703935,0.0
5.66563,0.000652061,0.266556,0.0663127,0.0
5.66339,0.000624754,0.216576,0.0598515,0.0
5.66346,0.000637207,0.183257,0.0550906,0.0
5.66477,0.000638115,0.216576,0.0598515,0.0
5.66442,0.000615932,0.183257,0.0550906,0.0
5.6637,0.000594268,0.249896,0.0642723,0.0
5.66512,0.000674179,0.233236,0.0622319,0.0
5.66402,0.000667692,0.233236,0.0622319,0.0
5.66317,0.000622937,0.149938,0.0499896,0.0
5.66345,0.000629424,0.249896,0.0642723,0.0
5.66371,0.000603608,0.133278,0.046929,0.0
5.66427,0.000645574,0.233236,0.0622319,0.0
5.66468,0.000632732,0.233236,0.0622319,0.0
5.66505,0.000618786,0.199917,0.057471,0.0
5.66425,0.000640061,0.266556,0.0663127,0.0
5.66459,0.000645055,0.333195,0.0741342,0.0
5.66418,0.000618267,0.116618,0.0438684,0.0
5.66424,0.000608149,0.216576,0.0598515,0.0
5.66362,0.000626245,0.249896,0.0642723,0.0
5.66395,0.000627283,0.249896,0.0642723,0.0
5.66441,0.00063364,0.249896,0.0642723,0.0
5.66467,0.000658223,0.366514,0.0778749,0.0
5.66438,0.000628516,0.199917,0.057471,0.0
5.66386,0.000609316,0.199917,0.057471,0.0
5.66356,0.000594268,0.0666389,0.0333264,0.0
5.66415,0.000593036,0.116618,0.0438684,0.0
5.66456,0.000614311,0.216576,0.0598515,0.0
5.66386,0.000616581,0.249896,0.0642723,0.0
5.66423,0.000608927,0.183257,0.0550906,0.0
5.66437,0.000597706,0.199917,0.057471,0.0
5.66352,0.000617359,0.199917,0.057471,0.0
5.66233,0.000632278,0.233236,0.0622319,0.0
5.66356,0.000633834,0.249896,0.0642723,0.0
5.6644,0.00060977,0.199917,0.057471,0.0
5.66384,0.000601468,0.199917,0.057471,0.0
5.66374,0.000592258,0.133278,0.046929,0.0
5.66229,0.000594593,0.116618,0.0438684,0.0
5.66387,0.000630137,0.349854,0.0761746,0.0
5.66389,0.000645899,0.216576,0.0598515,0.0
5.66325,0.000648818,0.266556,0.0663127,0.0
5.66322,0.000621965,0.149938,0.0499896,0.0
5.66333,0.000643174,0.233236,0.0622319,0.0
5.66416,0.000652839,0.266556,0.0663127,0.0
5.66462,0.000654396,0.233236,0.0622319,0.0
5.66384,0.000642266,0.199917,0.057471,0.0
5.66354,0.000619565,0.199917,0.057471,0.0
5.66422,0.000619111,0.249896,0.0642723,0.0
5.66373,0.000616711,0.133278,0.046929,0.0
5.66343,0.000585252,0.0832986,0.0370671,0.0
5.66435,0.000601144,0.199917,0.057471,0.0
5.66382,0.000577404,0.199917,0.057471,0.0
5.66317,0.000609511,0.216576,0.0598515,0.0
5.66443,0.000623327,0.249896,0.0642723,0.0
5.66399,0.000623975,0.216576,0.0598515,0.0
5.66435,0.00062858,0.183257,0.0550906,0.0
5.663,0.000615738,0.266556,0.0663127,0.0
5.66397,0.000628126,0.183257,0.0550906,0.0
5.66357,0.000610743,0.116618,0.0438684,0.0
5.6633,0.00061444,0.233236,0.0622319,0.0
5.66289,0.000599976,0.116618,0.0438684,0.0
5.66394,0.00059829,0.116618,0.0438684,0.0
5.66375,0.000605684,0.149938,0.0499896,0.0
5.66413,0.000607954,0.133278,0.046929,0.0
5.663,0.000599328,0.133278,0.046929,0.0
5.6644,0.000630591,0.233236,0.0622319,0.0
5.66498,0.000656796,0.299875,0.0703935,0.0
5.66507,0.000641748,0.216576,0.0598515,0.0
5.66421,0.000613857,0.183257,0.0598515,0.0
5.664,0.000620538,0.116618,0.0438684,0.0
5.66294,0.000601663,0.199917,0.057471,0.0
5.66278,0.00059349,0.133278,0.046929,0.0
5.66302,0.000608668,0.199917,0.057471,0.0
5.66415,0.00063338,0.283215,0.0683531,0.0
5.66481,0.000631045,0.233236,0.0622319,0.0
5.6641,0.00062644,0.266556,0.0663127,0.0
5.66382,0.000598874,0.133278,0.046929,0.0
5.66383,0.000611327,0.133278,0.046929,0.0
5.66324,0.000629359,0.233236,0.0622319,0.0
5.66281,0.000611781,0.133278,0.046929,0.0
5.66235,0.000609965,0.133278,0.046929,0.0
5.66341,0.000607889,0.266556,0.0663127,0.0
5.66361,0.000601533,0.0999584,0.0408078,0.0
5.66331,0.000591674,0.149938,0.0499896,0.0
5.66272,0.000595241,0.166597,0.0527101,0.0
5.66386,0.000603933,0.0999584,0.0408078,0.0
5.66468,0.000643369,0.316535,0.0724339,0.0
5.66423,0.000640256,0.233236,0.0622319,0.0
5.66371,0.000597187,0.149938,0.0499896,0.0
5.66364,0.000637921,0.283215,0.0683531,0.0
5.66414,0.00064298,0.166597,0.0527101,0.0
5.66364,0.00061697,0.183257,0.0550906,0.0
5.66257,0.000598225,0.216576,0.0598515,0.0
5.66332,0.000610354,0.166597,0.0527101,0.0
5.66405,0.000595695,0.183257,0.0550906,0.0
5.66341,0.000645055,0.249896,0.0642723,0.0
5.66301,0.000614051,0.216576,0.0598515,0.0
5.66326,0.000595306,0.116618,0.0438684,0.0
5.66271,0.000613597,0.166597,0.0527101,0.0
5.66331,0.00061444,0.266556,0.0663127,0.0
5.66406,0.00066393,0.183257,0.0550906,0.0
5.66373,0.000628775,0.249896,0.0642723,0.0
5.66386,0.000634223,0.316535,0.0724339,0.0
5.66295,0.00060977,0.233236,0.0622319,0.0
5.66257,0.000609641,0.116618,0.0438684,0.0
5.66285,0.000603219,0.233236,0.0622319,0.0
5.66399,0.000601987,0.116618,0.0438684,0.0
5.66377,0.000606527,0.233236,0.0622319,0.0
5.66347,0.000619694,0.199917,0.057471,0.0
5.66286,0.000604322,0.183257,0.0550906,0.0
5.66279,0.000609446,0.149938,0.0499896,0.0
5.66241,0.000594528,0.149938,0.0499896,0.0
5.6636,0.000613922,0.116618,0.0438684,0.0
5.66327,0.000591868,0.133278,0.046929,0.0
5.66329,0.000648882,0.183257,0.0550906,0.0
5.66452,0.000629164,0.249896,0.0642723,0.0
5.66379,0.000618267,0.183257,0.0550906,0.0
5.66346,0.000640321,0.183257,0.0550906,0.0
5.66306,0.000646158,0.216576,0.0598515,0.0
5.66384,0.000616192,0.199917,0.057471,0.0
5.66292,0.000591739,0.116618,0.0438684,0.0
5.66325,0.000588042,0.166597,0.0527101,0.0
5.66343,0.000619759,0.183257,0.0550906,0.0
5.66334,0.000614505,0.166597,0.0527101,0.0
5.66345,0.000599717,0.183257,0.0550906,0.0
5.66307,0.000605879,0.166597,0.0527101,0.0
5.66357,0.000632342,0.183257,0.0550906,0.0
5.66328,0.000607371,0.133278,0.046929,0.0
5.66297,0.00059842,0.0832986,0.0370671,0.0
5.66407,0.000630656,0.299875,0.0703935,0.0
5.66442,0.000655693,0.299875,0.0703935,0.0
5.66286,0.000636559,0.233236,0.0622319,0.0
5.66187,0.000609316,0.0999584,0.0408078,0.0
5.66309,0.000631434,0.199917,0.057471,0.0
5.6631,0.000595047,0.149938,0.0499896,0.0
5.66297,0.000605879,0.166597,0.0527101,0.0
5.66404,0.000611781,0.216576,0.0598515,0.0
5.66342,0.000629618,0.199917,0.057471,0.0
5.66359,0.000620213,0.183257,0.0550906,0.0
5.66352,0.000636753,0.166597,0.0527101,0.0
5.66323,0.000612754,0.183257,0.0550906,0.0
5.66299,0.000618916,0.116618,0.0438684,0.0
5.66379,0.000618527,0.166597,0.0527101,0.0
5.66378,0.000610289,0.199917,0.057471,0.0
5.66299,0.000611846,0.183257,0.0550906,0.0
5.66327,0.000603673,0.116618,0.0438684,0.0
5.66258,0.000604452,0.183257,0.0550906,0.0
5.66285,0.000613208,0.133278,0.046929,0.0
5.6636,0.000634872,0.166597,0.0527101,0.0
5.6635,0.000620862,0.183257,0.0550906,0.0
5.66282,0.000590117,0.0999584,0.0408078,0.0
5.66306,0.000601338,0.149938,0.0499896,0.0
5.66263,0.000596539,0.149938,0.0499896,0.0
5.66369,0.000592128,0.166597,0.0527101,0.0
5.66357,0.000609381,0.199917,0.0622319,0.0
5.66345,0.000641164,0.249896,0.0642723,0.0
5.66427,0.00061483,0.199917,0.057471,0.0
5.66399,0.000644666,0.249896,0.0642723,0.0
5.66406,0.000623327,0.199917,0.057471,0.0
5.66429,0.000635521,0.183257,0.0550906,0.0
5.66423,0.000632602,0.249896,0.0642723,0.0
5.66422,0.000637272,0.183257,0.0550906,0.0
5.66319,0.000604776,0.199917,0.0622319,0.0
5.66244,0.00062391,0.149938,0.0499896,0.0
5.66329,0.000577404,0.0999584,0.0408078,0.0
5.66348,0.000585382,0.116618,0.0438684,0.0
5.66319,0.000593749,0.116618,0.0438684,0.0
5.66424,0.000592776,0.183257,0.0550906,0.0
5.66397,0.000645704,0.166597,0.0527101,0.0
5.66308,0.000628905,0.233236,0.0622319,0.0
5.66382,0.000604517,0.149938,0.0499896,0.0
5.66409,0.000589079,0.0832986,0.0370671,0.0
5.66394,0.000579609,0.0999584,0.0408078,0.0
5.66398,0.00059135,0.166597,0.0527101,0.0
5.66373,0.00059816,0.199917,0.057471,0.0
5.66448,0.000592258,0.133278,0.046929,0.0
5.66409,0.000612949,0.199917,0.057471,0.0
5.66426,0.000607435,0.233236,0.0622319,0.0
5.66365,0.000596798,0.133278,0.046929,0.0
5.66331,0.00063124,0.166597,0.0527101,0.0
5.6627,0.000589923,0.0999584,0.0408078,0.0
5.66266,0.000623132,0.116618,0.0438684,0.0
5.66338,0.000609381,0.166597,0.0527101,0.0
5.66302,0.000587717,0.149938,0.0499896,0.0
5.66309,0.000606981,0.183257,0.0598515,0.0
5.66346,0.000620148,0.166597,0.0527101,0.0
5.6635,0.000602311,0.149938,0.0499896,0.0
5.66348,0.000608473,0.216576,0.0598515,0.0
5.66286,0.000604841,0.0999584,0.0408078,0.0
5.66304,0.000593814,0.149938,0.0499896,0.0
5.66416,0.000601533,0.216576,0.0598515,0.0
5.66476,0.000611197,0.133278,0.046929,0.0
5.66355,0.000625597,0.199917,0.057471,0.0
5.66296,0.000597965,0.266556,0.0663127,0.0
5.66287,0.000590441,0.0499792,0.0289055,0.0
5.66222,0.000585512,0.116618,0.0438684,0.0
5.66355,0.00061684,0.233236,0.0622319,0.0
5.66355,0.000618786,0.199917,0.057471,0.0
5.66195,0.00060977,0.183257,0.0550906,0.0
5.66362,0.000583177,0.166597,0.0527101,0.0
5.66438,0.000596539,0.116618,0.0438684,0.0
5.66337,0.000605619,0.183257,0.0550906,0.0
5.66336,0.000597252,0.183257,0.0550906,0.0
5.66386,0.000578312,0.116618,0.0438684,0.0
5.66216,0.000602765,0.0999584,0.0408078,0.0
5.66379,0.000593555,0.183257,0.0550906,0.0
5.664,0.000621381,0.133278,0.046929,0.0
5.66376,0.000629489,0.233236,0.0622319,0.0
5.66479,0.000629359,0.233236,0.0622319,0.0
5.66372,0.000596928,0.166597,0.0527101,0.0
5.66331,0.000608797,0.166597,0.0527101,0.0
5.66275,0.000624235,0.183257,0.0550906,0.0
5.66354,0.000591804,0.199917,0.057471,0.0
5.6629,0.000635196,0.166597,0.0527101,0.0
5.66314,0.000609835,0.166597,0.0527101,0.0
5.66379,0.000589987,0.0832986,0.0370671,0.0
5.66318,0.000582788,0.116618,0.0438684,0.0
5.66265,0.000602052,0.183257,0.0550906,0.0
5.66327,0.000590247,0.166597,0.0527101,0.0
5.66384,0.000605944,0.149938,0.0499896,0.0
5.66346,0.000594074,0.133278,0.046929,0.0
5.66334,0.000608149,0.133278,0.046929,0.0
5.6634,0.000585966,0.0666389,0.0333264,0.0
5.66373,0.000603544,0.183257,0.0598515,0.0
5.66419,0.000606333,0.249896,0.0642723,0.0
5.66298,0.000623456,0.166597,0.0527101,0.0
5.66232,0.000593685,0.183257,0.0550906,0.0
5.66373,0.000604971,0.133278,0.046929,0.0
5.6631,0.000600819,0.166597,0.0527101,0.0
5.66336,0.000608797,0.166597,0.0527101,0.0
5.66385,0.000615867,0.149938,0.0499896,0.0
5.66349,0.000600495,0.199917,0.057471,0.0
5.66285,0.000598549,0.133278,0.046929,0.0
5.66336,0.0006051,0.266556,0.0663127,0.0
5.66362,0.000617424,0.166597,0.0527101,0.0
5.66323,0.000597771,0.149938,0.0499896,0.0
5.66319,0.000602376,0.149938,0.0499896,0.0
5.66349,0.000612819,0.199917,0.057471,0.0
5.66322,0.000608538,0.149938,0.0499896,0.0
5.66337,0.00060523,0.216576,0.0598515,0.0
5.66277,0.000594917,0.216576,0.0598515,0.0
5.6636,0.000604711,0.0999584,0.0408078,0.0
5.66293,0.000587977,0.0499792,0.0289055,0.0
5.66263,0.00058882,0.149938,0.0499896,0.0
5.66236,0.000583761,0.0832986,0.0370671,0.0
5.66184,0.00059096,0.166597,0.0527101,0.0
5.66245,0.000586679,0.166597,0.0527101,0.0
5.66421,0.000589793,0.183257,0.0550906,0.0
5.6637,0.00059122,0.216576,0.0598515,0.0
5.66344,0.000620797,0.166597,0.0527101,0.0
5.66349,0.000616646,0.183257,0.0550906,0.0
5.66221,0.000597447,0.166597,0.0527101,0.0
5.6628,0.000576561,0.116618,0.0438684,0.0
5.6625,0.000596733,0.149938,0.0499896,0.0
5.66287,0.000633056,0.183257,0.0550906,0.0
5.66318,0.00060776,0.183257,0.0550906,0.0
5.66338,0.00061723,0.183257,0.0550906,0.0
5.66343,0.000618203,0.116618,0.0438684,0.0
5.66364,0.000605295,0.166597,0.0527101,0.0
5.66385,0.000657444,0.316535,0.0724339,0.0
5.66322,0.000620667,0.149938,0.0499896,0.0
5.66361,0.000614051,0.249896,0.0642723,0.0
5.66379,0.000620148,0.183257,0.0550906,0.0
5.66341,0.00058428,0.133278,0.046929,0.0
5.663,0.00060283,0.116618,0.0438684,0.0
5.66263,0.000614635,0.166597,0.0527101,0.0
5.66279,0.000592387,0.0832986,0.0370671,0.0
5.66305,0.000591609,0.116618,0.0438684,0.0
5.66415,0.000641164,0.233236,0.0622319,0.0
5.66463,0.000639477,0.266556,0.0663127,0.0
5.66358,0.000608473,0.116618,0.0438684,0.0
5.66359,0.000600041,0.216576,0.0598515,0.0
5.66392,0.000632926,0.233236,0.0622319,0.0
5.66294,0.000620602,0.166597,0.0527101,0.0
5.66166,0.000584215,0.0666389,0.0333264,0.0
5.66324,0.000613662,0.116618,0.0438684,0.0
5.66371,0.000614635,0.149938,0.0499896,0.0
5.66309,0.000614505,0.183257,0.0550906,0.0
5.66348,0.000589144,0.116618,0.0438684,0.0
5.66318,0.000581361,0.133278,0.046929,0.0
5.66218,0.000594074,0.166597,0.0527101,0.0
5.66366,0.000606657,0.116618,0.0438684,0.0
5.66367,0.000585188,0.0999584,0.0408078,0.0
5.66242,0.000600949,0.149938,0.0499896,0.0
5.6622,0.000600949,0.133278,0.046929,0.0
5.66257,0.000610549,0.166597,0.0527101,0.0
5.66288,0.000590312,0.166597,0.0527101,0.0
5.6625,0.000595955,0.0666389,0.0333264,0.0
5.66293,0.000589728,0.166597,0.0527101,0.0
5.66301,0.000603414,0.0499792,0.0289055,0.0
5.66308,0.00058415,0.0832986,0.0370671,0.0
5.66303,0.000582723,0.133278,0.046929,0.0
5.66278,0.000578118,0.133278,0.046929,0.0
5.66227,0.000571826,0.116618,0.0438684,0.0
5.66291,0.000592258,0.149938,0.0499896,0.0
5.66376,0.000590766,0.166597,0.0527101,0.0
5.66198,0.000580193,0.0832986,0.0370671,0.0
5.66199,0.000600171,0.133278,0.046929,0.0
5.66299,0.000597252,0.149938,0.0499896,0.0
5.66387,0.000598549,0.216576,0.0598515,0.0
5.66399,0.000613014,0.0832986,0.0370671,0.0
5.66348,0.000599911,0.199917,0.057471,0.0
5.66347,0.000599522,0.166597,0.0527101,0.0
5.66298,0.000599003,0.0666389,0.0333264,0.0
5.66366,0.000600041,0.199917,0.057471,0.0
5.66336,0.000634807,0.199917,0.057471,0.0
5.66249,0.000614505,0.199917,0.0622319,0.0
5.66297,0.000606203,0.149938,0.0499896,0.0
5.66328,0.00058882,0.116618,0.0438684,0.0
5.66281,0.000595695,0.216576,0.0598515,0.0
5.66241,0.000602441,0.116618,0.0438684,0.0
5.663,0.000599068,0.183257,0.0550906,0.0
5.66392,0.000622678,0.199917,0.057471,0.0
5.66252,0.00059589,0.116618,0.0438684,0.0
5.66271,0.000588042,0.149938,0.0499896,0.0
5.66243,0.000569621,0.0999584,0.0408078,0.0
5.66312,0.00058882,0.166597,0.0527101,0.0
5.6637,0.00057948,0.0999584,0.0408078,0.0
5.66327,0.000593555,0.149938,0.0499896,0.0
5.66365,0.00059602,0.133278,0.046929,0.0
5.66355,0.000626375,0.199917,0.057471,0.0
5.66342,0.0006147,0.249896,0.0642723,0.0
5.66359,0.000585123,0.116618,0.0438684,0.0
5.663,0.00057935,0.0666389,0.0333264,0.0
5.66274,0.000582788,0.0999584,0.0408078,0.0
5.66318,0.000601273,0.166597,0.0527101,0.0
5.66297,0.00059336,0.133278,0.046929,0.0
5.66247,0.000591414,0.116618,0.0438684,0.0
5.6623,0.000601468,0.133278,0.046929,0.0
5.66327,0.000621965,0.266556,0.0663127,0.0
5.66273,0.000609057,0.149938,0.0499896,0.0
5.66198,0.000599198,0.149938,0.0499896,0.0
5.662,0.000613727,0.0999584,0.0408078,0.0
5.66289,0.000590895,0.133278,0.046929,0.0
5.66181,0.000596539,0.166597,0.0527101,0.0
5.66328,0.000625856,0.199917,0.057471,0.0
5.66329,0.000609641,0.149938,0.0499896,0.0
5.66258,0.000593166,0.0999584,0.0408078,0.0
5.66356,0.000586355,0.166597,0.0527101,0.0
5.66322,0.000585058,0.0666389,0.0333264,0.0
5.66302,0.000572021,0.149938,0.0499896,0.0
5.66235,0.000588171,0.216576,0.0598515,0.0
5.66337,0.000612689,0.216576,0.0598515,0.0
5.66345,0.000660687,0.216576,0.0598515,0.0
5.66361,0.000604841,0.149938,0.0499896,0.0
5.66387,0.000627348,0.166597,0.0527101,0.0
5.66347,0.000606462,0.166597,0.0527101,0.0
5.66298,0.000585642,0.0832986,0.0370671,0.0
5.66283,0.000615738,0.133278,0.046929,0.0
5.66312,0.000611392,0.183257,0.0550906,0.0
5.66353,0.000608408,0.0832986,0.0370671,0.0
5.66245,0.000592063,0.116618,0.0438684,0.0
5.66238,0.000585577,0.0832986,0.0370671,0.0
5.66301,0.00059576,0.166597,0.0527101,0.0
5.66348,0.000607435,0.199917,0.057471,0.0
5.6631,0.000599522,0.133278,0.046929,0.0
5.66269,0.000599392,0.0499792,0.0289055,0.0
5.663,0.00058402,0.0999584,0.0408078,0.0
5.66398,0.000601079,0.0832986,0.0370671,0.0
5.66332,0.00058629,0.166597,0.0527101,0.0
5.663,0.00062177,0.183257,0.0550906,0.0
5.6639,0.000623132,0.183257,0.0550906,0.0
5.66304,0.000584604,0.0999584,0.0408078,0.0
5.66389,0.000607371,0.199917,0.057471,0.0
5.66364,0.000595436,0.133278,0.046929,0.0
5.66333,0.000607825,0.149938,0.0499896,0.0
5.66402,0.000625856,0.233236,0.0622319,0.0
5.66308,0.000597706,0.149938,0.0499896,0.0
5.66182,0.00060043,0.133278,0.046929,0.0
5.66347,0.000600625,0.0999584,0.0408078,0.0
5.66356,0.000580582,0.183257,0.0550906,0.0
5.66295,0.000619565,0.199917,0.057471,0.0
5.66334,0.000597836,0.133278,0.046929,0.0
5.66275,0.000609122,0.166597,0.0527101,0.0
5.6642,0.000624494,0.233236,0.0622319,0.0
5.66441,0.000589469,0.133278,0.046929,0.0
5.66351,0.000594009,0.166597,0.0527101,0.0
5.66353,0.000602765,0.166597,0.0527101,0.0
5.66303,0.000583177,0.0666389,0.0333264,0.0
5.66249,0.000573642,0.116618,0.0438684,0.0
5.66264,0.000576885,0.0999584,0.0408078,0.0
5.66299,0.000587523,0.149938,0.0499896,0.0
5.66312,0.000596863,0.249896,0.0642723,0.0
5.66423,0.000621446,0.199917,0.057471,0.0
5.66364,0.000602246,0.183257,0.0550906,0.0
5.66189,0.00060283,0.116618,0.0438684,0.0
5.6625,0.000588106,0.116618,0.0438684,0.0
5.66295,0.000589728,0.166597,0.057471,0.0
5.66241,0.000618592,0.166597,0.0527101,0.0
5.66336,0.000606333,0.133278,0.046929,0.0
5.66268,0.000612624,0.149938,0.0499896,0.0
5.66215,0.000570204,0.116618,0.0438684,0.0
5.66194,0.000579415,0.0999584,0.0408078,0.0
5.6623,0.000601468,0.0999584,0.0408078,0.0
5.66371,0.000587133,0.166597,0.0527101,0.0
5.66256,0.000608733,0.216576,0.0598515,0.0
5.66226,0.00057468,0.183257,0.0550906,0.0
5.66289,0.00059589,0.149938,0.0499896,0.0
5.6637,0.0006219,0.183257,0.0550906,0.0
5.66355,0.000630851,0.183257,0.0550906,0.0
5.66303,0.000610095,0.149938,0.0499896,0.0
5.66381,0.000593166,0.183257,0.0550906,0.0
5.66387,0.000607825,0.199917,0.057471,0.0
5.66374,0.000591933,0.0999584,0.0408078,0.0
5.66325,0.000613403,0.183257,0.0598515,0.0
5.66266,0.000611587,0.166597,0.0527101,0.0
5.66411,0.000638245,0.183257,0.0550906,0.0
5.66371,0.000609576,0.0832986,0.0370671,0.0
5.66297,0.000587393,0.0832986,0.0370671,0.0
5.66335,0.000587198,0.149938,0.0499896,0.0
5.66356,0.000632861,0.249896,0.0642723,0.0
5.66272,0.000582463,0.149938,0.0499896,0.0
5.66231,0.000579999,0.133278,0.046929,0.0
5.66284,0.000591739,0.0832986,0.0370671,0.0
5.66373,0.000574356,0.116618,0.0438684,0.0
5.66396,0.000594528,0.199917,0.057471,0.0
5.66381,0.000602441,0.116618,0.0438684,0.0
5.66256,0.000606138,0.149938,0.0499896,0.0
5.66299,0.000590117,0.0999584,0.046929,0.0
5.66378,0.000591414,0.166597,0.0527101,0.0
5.6632,0.000620992,0.116618,0.0438684,0.0
5.6637,0.000596149,0.133278,0.046929,0.0
5.66359,0.000591155,0.149938,0.0499896,0.0
5.66363,0.000600301,0.0499792,0.0289055,0.0
5.6628,0.000600755,0.116618,0.0438684,0.0
5.66215,0.000573512,0.0499792,0.0289055,0.0
5.66294,0.000601144,0.216576,0.0598515,0.0
5.66402,0.000609187,0.133278,0.046929,0.0
5.6634,0.000594333,0.149938,0.0550906,0.0
5.66359,0.000613273,0.216576,0.0598515,0.0
5.66461,0.000600495,0.233236,0.0622319,0.0
5.66402,0.000603673,0.149938,0.0499896,0.0
5.66244,0.000598549,0.133278,0.046929,0.0
5.66346,0.000576172,0.0499792,0.0289055,0.0
5.66366,0.000615932,0.166597,0.0527101,0.0
5.66286,0.000618267,0.133278,0.046929,0.0
5.66351,0.000591025,0.149938,0.0499896,0.0
5.66317,0.000600949,0.149938,0.0499896,0.0
5.66338,0.000572799,0.116618,0.0438684,0.0
5.66294,0.000605749,0.149938,0.0499896,0.0
5.66355,0.000569361,0.0999584,0.0408078,0.0
5.66406,0.000585058,0.149938,0.0499896,0.0
5.66327,0.000591025,0.133278,0.046929,0.0
5.66261,0.000622094,0.249896,0.0683531,0.0
5.66371,0.00060056,0.133278,0.046929,0.0
5.66252,0.000571437,0.0832986,0.0370671,0.0
5.66138,0.000575847,0.116618,0.0438684,0.0
5.66233,0.000574745,0.0666389,0.0333264,0.0
5.66257,0.000584215,0.133278,0.046929,0.0
5.66156,0.00057948,0.116618,0.0438684,0.0
5.66234,0.000579545,0.116618,0.0438684,0.0
5.66312,0.00058149,0.0999584,0.0408078,0.0
5.66392,0.000590895,0.133278,0.046929,0.0
5.66304,0.000624235,0.183257,0.0550906,0.0
5.66268,0.000573448,0.0499792,0.0289055,0.0
5.6636,0.000597965,0.149938,0.0499896,0.0
5.6635,0.000621575,0.199917,0.057471,0.0
5.66325,0.000623975,0.199917,0.057471,0.0
5.6631,0.000624494,0.266556,0.0663127,0.0
5.66326,0.000627802,0.216576,0.0598515,0.0
5.6623,0.000591609,0.116618,0.0438684,0.0
5.66193,0.000582399,0.0832986,0.0370671,0.0
5.66332,0.000571891,0.0999584,0.0408078,0.0
5.66366,0.000585058,0.116618,0.0438684,0.0
5.66323,0.000594657,0.199917,0.057471,0.0
5.6633,0.000589274,0.116618,0.0438684,0.0
5.6633,0.000607046,0.0999584,0.0408078,0.0
5.66367,0.000575199,0.0499792,0.0289055,0.0
5.66323,0.00059816,0.216576,0.0598515,0.0
5.66346,0.000590701,0.133278,0.046929,0.0
5.66356,0.000607954,0.183257,0.0550906,0.0
5.66441,0.000594852,0.0999584,0.0408078,0.0
5.66376,0.000591933,0.149938,0.0499896,0.0
5.66236,0.000578442,0.0832986,0.0370671,0.0
5.66275,0.000602571,0.183257,0.0550906,0.0
5.66333,0.000589469,0.0832986,0.0370671,0.0
5.66204,0.000597447,0.183257,0.0550906,0.0
5.66261,0.000589923,0.116618,0.0438684,0.0
5.66346,0.000610549,0.249896,0.0642723,0.0
5.66283,0.00058629,0.133278,0.046929,0.0
5.66272,0.00059816,0.183257,0.0550906,0.0
5.66333,0.00063565,0.199917,0.057471,0.0
5.66318,0.000623262,0.0999584,0.0408078,0.0
5.66206,0.000572734,0.166597,0.0527101,0.0
5.66298,0.000577599,0.0999584,0.0408078,0.0
5.66286,0.000597901,0.116618,0.0438684,0.0
5.66157,0.000584604,0.133278,0.046929,0.0
5.66257,0.000580258,0.0832986,0.0370671,0.0
5.6634,0.000595955,0.183257,0.0550906,0.0
5.66391,0.000612559,0.216576,0.0598515,0.0
5.6645,0.000618008,0.216576,0.0598515,0.0
5.6644,0.000602376,0.0999584,0.0408078,0.0
5.66337,0.000594593,0.183257,0.0550906,0.0
5.66276,0.000578507,0.149938,0.0499896,0.0
5.66314,0.000588366,0.0999584,0.0408078,0.0
5.66389,0.00057922,0.116618,0.0438684,0.0
5.66388,0.000591025,0.133278,0.046929,0.0
5.66323,0.000594139,0.183257,0.0550906,0.0
5.66344,0.00058428,0.133278,0.046929,0.0
5.66309,0.000572993,0.0999584,0.0408078,0.0
5.66349,0.000576042,0.166597,0.0527101,0.0
5.66281,0.000597317,0.149938,0.0499896,0.0
5.66337,0.000601209,0.166597,0.0527101,0.0
5.66315,0.000618203,0.199917,0.057471,0.0
5.66234,0.000611587,0.0999584,0.0408078,0.0
5.66292,0.000610095,0.133278,0.046929,0.0
5.66328,0.000596344,0.116618,0.0438684,0.0
5.66347,0.000593036,0.149938,0.0499896,0.0
5.66214,0.000606203,0.116618,0.0438684,0.0
5.66196,0.000599782,0.116618,0.0438684,0.0
5.66353,0.00059096,0.183257,0.0550906,0.0
5.66469,0.000623521,0.283215,0.0683531,0.0
5.66441,0.000599911,0.183257,0.0550906,0.0
5.66384,0.000584344,0.199917,0.057471,0.0
5.66315,0.000594852,0.133278,0.046929,0.0
5.66305,0.000578442,0.149938,0.0499896,0.0
5.66332,0.000611846,0.183257,0.0550906,0.0
5.66309,0.000593814,0.0832986,0.0370671,0.0
5.66301,0.000597122,0.116618,0.0438684,0.0
5.66353,0.000576431,0.0999584,0.0408078,0.0
5.66345,0.000579674,0.116618,0.0438684,0.0
5.66197,0.000569296,0.0832986,0.0370671,0.0
5.66278,0.000585901,0.149938,0.0499896,0.0
5.66318,0.000589858,0.116618,0.0438684,0.0
5.66305,0.000589209,0.183257,0.0550906,0.0
5.66341,0.000598874,0.133278,0.0527101,0.0
5.663,0.000598614,0.133278,0.046929,0.0
5.66273,0.00057001,0.116618,0.0438684,0.0
5.66292,0.000557556,0.0666389,0.0333264,0.0
5.66329,0.000575004,0.0999584,0.0408078,0.0
5.6634,0.00059362,0.216576,0.0598515,0.0
5.66308,0.00060056,0.199917,0.057471,0.0
5.66264,0.000578442,0.0832986,0.0370671,0.0
5.66304,0.000586225,0.149938,0.0499896,0.0
5.66287,0.000621186,0.133278,0.046929,0.0
5.66309,0.000617748,0.149938,0.0499896,0.0
5.66331,0.000613338,0.116618,0.0438684,0.0
5.66221,0.000578961,0.149938,0.0499896,0.0
5.66239,0.000583566,0.0832986,0.0370671,0.0
5.66306,0.000584604,0.0999584,0.0408078,0.0
5.66326,0.000594657,0.166597,0.0527101,0.0
5.66271,0.000598809,0.116618,0.0438684,0.0
5.66324,0.000610743,0.166597,0.0527101,0.0
5.66314,0.000583177,0.116618,0.0438684,0.0
5.66292,0.000599198,0.183257,0.0550906,0.0
5.66314,0.000593555,0.166597,0.0527101,0.0
5.66281,0.000598809,0.149938,0.0499896,0.0
5.66301,0.000597836,0.0832986,0.0370671,0.0
5.66281,0.000608927,0.116618,0.0438684,0.0
5.66263,0.000601857,0.116618,0.0438684,0.0
5.66183,0.000579804,0.0999584,0.0408078,0.0
5.66258,0.000569037,0.0832986,0.0370671,0.0
5.6636,0.000585252,0.249896,0.0642723,0.0
5.6633,0.000595371,0.133278,0.046929,0.0
5.66322,0.000589079,0.199917,0.057471,0.0
5.66317,0.000608797,0.166597,0.0527101,0.0
5.66304,0.000594657,0.0666389,0.0333264,0.0
5.66314,0.000571956,0.0832986,0.0370671,0.0
5.66291,0.000583177,0.0999584,0.0408078,0.0
5.66193,0.00059336,0.0666389,0.0333264,0.0
5.66245,0.000588171,0.183257,0.0550906,0.0
5.66381,0.000610678,0.183257,0.0550906,0.0
5.6623,0.000612754,0.0999584,0.0408078,0.0
5.66197,0.000603154,0.166597,0.0527101,0.0
5.66263,0.000571437,0.0666389,0.0333264,0.0
5.66384,0.000601209,0.216576,0.0598515,0.0
5.66401,0.00058856,0.133278,0.046929,0.0
5.66385,0.000571761,0.0999584,0.0408078,0.0
5.66249,0.000571502,0.116618,0.0438684,0.0
5.66197,0.00058402,0.116618,0.0438684,0.0
5.66212,0.000577728,0.0666389,0.0333264,0.0
5.66224,0.00057215,0.149938,0.0499896,0.0
5.66229,0.000576042,0.166597,0.0527101,0.0
5.6641,0.000581231,0.133278,0.046929,0.0
5.66356,0.000604581,0.166597,0.0527101,0.0
5.66257,0.000583631,0.166597,0.0527101,0.0
5.66309,0.000570594,0.0666389,0.0333264,0.0
5.66324,0.000594009,0.149938,0.0499896,0.0
5.66416,0.000604776,0.116618,0.0438684,0.0
5.6633,0.000585123,0.0999584,0.0408078,0.0
5.66332,0.000601273,0.149938,0.0499896,0.0
5.66305,0.000575588,0.0666389,0.0333264,0.0
5.66293,0.000567805,0.0666389,0.0333264,0.0
5.66344,0.000579285,0.133278,0.046929,0.0
5.66322,0.000588625,0.199917,0.057471,0.0
5.66384,0.000585966,0.183257,0.0550906,0.0
5.66313,0.000596928,0.116618,0.0438684,0.0
5.66317,0.000602441,0.116618,0.0438684,0.0
5.66318,0.000616516,0.183257,0.0550906,0.0
5.66279,0.000590571,0.0832986,0.0370671,0.0
5.66272,0.000570269,0.0666389,0.0333264,0.0
5.6625,0.000587393,0.133278,0.046929,0.0
5.66358,0.000601727,0.233236,0.0622319,0.0
5.6633,0.000585317,0.0666389,0.0333264,0.0
5.66272,0.000572345,0.0999584,0.0408078,0.0
5.663,0.000601727,0.166597,0.0527101,0.0
5.66277,0.000598744,0.133278,0.046929,0.0
5.66252,0.000572993,0.0499792,0.0289055,0.0
5.66285,0.000574031,0.149938,0.0499896,0.0
5.66335,0.000576756,0.133278,0.0527101,0.0
5.66325,0.000599652,0.216576,0.0598515,0.0
5.66315,0.000577599,0.116618,0.0438684,0.0
5.66325,0.000587004,0.0832986,0.0370671,0.0
5.6628,0.000577274,0.0166597,0.0166632,0.0
5.66253,0.000560151,0.0832986,0.0370671,0.0
5.66292,0.000571437,0.0999584,0.0408078,0.0
5.66335,0.000572215,0.0666389,0.0333264,0.0
5.66332,0.000588301,0.133278,0.046929,0.0
5.66352,0.000589793,0.116618,0.0438684,0.0
5.66376,0.000597057,0.0666389,0.0333264,0.0
5.66374,0.00057468,0.116618,0.0438684,0.0
5.66296,0.000573123,0.116618,0.0438684,0.0
5.66257,0.000594009,0.133278,0.046929,0.0
5.66266,0.000579285,0.0666389,0.0333264,0.0
5.66296,0.000599976,0.133278,0.046929,0.0
5.66454,0.000625467,0.199917,0.057471,0.0
5.66399,0.000601663,0.149938,0.0499896,0.0
5.6632,0.000581685,0.0499792,0.0289055,0.0
5.66317,0.000596084,0.116618,0.0438684,0.0
5.66308,0.000600949,0.0499792,0.0289055,0.0
5.66294,0.000582269,0.0832986,0.0370671,0.0
5.66256,0.000572475,0.0832986,0.0370671,0.0
5.66264,0.000578442,0.0832986,0.0370671,0.0
5.6623,0.000597057,0.116618,0.0438684,0.0
5.66257,0.000583371,0.199917,0.057471,0.0
5.66254,0.000579739,0.0666389,0.0333264,0.0
5.66191,0.000576561,0.133278,0.046929,0.0
5.66232,0.000597122,0.0999584,0.0408078,0.0
5.6625,0.000611651,0.183257,0.0550906,0.0
5.66331,0.000613662,0.216576,0.0598515,0.0
5.66307,0.000591739,0.116618,0.0438684,0.0
5.66283,0.000586615,0.0999584,0.0408078,0.0
5.6623,0.000590701,0.183257,0.0550906,0.0
5.66275,0.000602052,0.199917,0.057471,0.0
5.66278,0.000593749,0.166597,0.0527101,0.0
5.66342,0.000604581,0.0666389,0.0333264,0.0
5.66374,0.000601338,0.166597,0.0527101,0.0
5.66353,0.000601792,0.0999584,0.0408078,0.0
5.66331,0.0006027,0.133278,0.046929,0.0
5.66293,0.000589339,0.0832986,0.0370671,0.0
5.66256,0.000576301,0.133278,0.046929,0.0
5.66371,0.000580193,0.133278,0.046929,0.0
5.66352,0.000589014,0.0999584,0.0408078,0.0
5.66294,0.000597706,0.149938,0.0499896,0.0
5.66287,0.000571112,0.133278,0.046929,0.0
5.66404,0.000584539,0.0832986,0.0370671,0.0
5.66326,0.000609381,0.199917,0.057471,0.0
5.66249,0.000592387,0.0832986,0.0370671,0.0
5.66237,0.00062391,0.249896,0.0642723,0.0
5.66258,0.000581036,0.0499792,0.0289055,0.0
5.66226,0.000594852,0.0999584,0.0408078,0.0
5.66224,0.000586161,0.149938,0.0499896,0.0
5.66305,0.000578312,0.166597,0.0527101,0.0
5.66326,0.000591739,0.0666389,0.0333264,0.0
5.66193,0.000557427,0.133278,0.046929,0.0
5.66295,0.000582528,0.0832986,0.0370671,0.0
5.66284,0.000575199,0.166597,0.0527101,0.0
5.66365,0.000627089,0.233236,0.0622319,0.0
5.66373,0.000613662,0.199917,0.057471,0.0
5.66294,0.00059576,0.216576,0.0598515,0.0
5.66287,0.000598809,0.116618,0.0438684,0.0
5.66355,0.000599846,0.199917,0.057471,0.0
5.66357,0.000604711,0.133278,0.046929,0.0
5.66393,0.000578766,0.0999584,0.0408078,0.0
5.66278,0.000569945,0.166597,0.0527101,0.0
5.66311,0.000595371,0.0499792,0.0289055,0.0
5.66285,0.000591868,0.149938,0.0499896,0.0
5.66262,0.000571372,0.0999584,0.0408078,0.0
5.66285,0.00061003,0.166597,0.0527101,0.0
5.66263,0.000589533,0.116618,0.0438684,0.0
5.66208,0.000593879,0.0666389,0.0333264,0.0
5.66245,0.000595047,0.0999584,0.0408078,0.0
5.66304,0.000572345,0.0832986,0.0370671,0.0
5.66384,0.000602765,0.233236,0.0622319,0.0
5.66374,0.000627348,0.216576,0.0598515,0.0
5.66166,0.000582463,0.0333195,0.0234645,0.0
5.66172,0.000597317,0.133278,0.046929,0.0
5.66259,0.000601598,0.0832986,0.0370671,0.0
5.66252,0.000592841,0.0999584,0.0408078,0.0
5.6624,0.000583761,0.149938,0.0499896,0.0
5.66195,0.00057468,0.116618,0.0438684,0.0
5.6629,0.00059589,0.166597,0.0527101,0.0
5.66309,0.000580972,0.0832986,0.0370671,0.0
5.66205,0.000573642,0.133278,0.046929,0.0
5.66331,0.00057215,0.0666389,0.0333264,0.0
5.66279,0.000587912,0.0999584,0.0408078,0.0
5.66207,0.000575264,0.0499792,0.0289055,0.0
5.66298,0.000582074,0.0999584,0.0408078,0.0
5.66309,0.000574615,0.0832986,0.0370671,0.0
5.66262,0.00057215,0.0832986,0.0370671,0.0
5.6623,0.000578377,0.166597,0.0527101,0.0
5.66271,0.000600041,0.0666389,0.0333264,0.0
5.66193,0.000585382,0.116618,0.0438684,0.0
5.66406,0.000568064,0.133278,0.046929,0.0
5.66392,0.000602311,0.116618,0.0438684,0.0
5.66365,0.000599652,0.166597,0.0527101,0.0
5.66441,0.000628775,0.233236,0.0622319,0.0
5.66329,0.00060523,0.116618,0.0438684,0.0
5.66328,0.000618203,0.166597,0.0527101,0.0
5.66343,0.000582658,0.166597,0.0527101,0.0
5.66292,0.000580063,0.0999584,0.0408078,0.0
5.66258,0.000599846,0.199917,0.057471,0.0
5.66345,0.000598095,0.0999584,0.0408078,0.0
5.66207,0.00059362,0.149938,0.0550906,0.0
5.66215,0.000593879,0.133278,0.046929,0.0
5.66213,0.000597901,0.133278,0.046929,0.0
5.66242,0.000579999,0.0999584,0.0408078,0.0
5.66343,0.000597057,0.0999584,0.0408078,0.0
5.66339,0.000574356,0.116618,0.0438684,0.0
5.66285,0.000578572,0.116618,0.0438684,0.0
5.66254,0.000585512,0.116618,0.0438684,0.0
5.66269,0.000599652,0.166597,0.0527101,0.0
5.6629,0.000608538,0.166597,0.0527101,0.0
5.6632,0.000577534,0.0666389,0.0333264,0.0
5.66345,0.000598874,0.116618,0.0438684,0.0
5.66372,0.000591674,0.149938,0.0499896,0.0
5.66241,0.000586031,0.0333195,0.0234645,0.0
5.66311,0.00058162,0.133278,0.046929,0.0
5.66393,0.000570723,0.0333195,0.0234645,0.0
5.66356,0.000552627,0.116618,0.0438684,0.0
5.66202,0.000578896,0.116618,0.0438684,0.0
5.66289,0.000585123,0.0666389,0.0333264,0.0
5.66301,0.000577988,0.116618,0.0438684,0.0
5.66292,0.000571177,0.0832986,0.0370671,0.0
5.66399,0.00060523,0.199917,0.057471,0.0
5.66353,0.00057948,0.0999584,0.0408078,0.0
5.66207,0.000579739,0.0999584,0.0408078,0.0
5.66338,0.000611587,0.149938,0.0499896,0.0
5.66374,0.000611068,0.116618,0.0438684,0.0
5.66357,0.000632537,0.133278,0.046929,0.0
5.66267,0.000598614,0.133278,0.046929,0.0
5.66238,0.000579026,0.0666389,0.0333264,0.0
5.66213,0.000587717,0.149938,0.0499896,0.0
5.66269,0.000604322,0.149938,0.0499896,0.0
5.66278,0.00060056,0.149938,0.0499896,0.0
5.6627,0.000636688,0.216576,0.0598515,0.0
5.66228,0.000587847,0.133278,0.046929,0.0
5.66251,0.000581815,0.133278,0.046929,0.0
5.66309,0.000583436,0.116618,0.0438684,0.0
5.66294,0.000575977,0.116618,0.0438684,0.0
5.6623,0.000599846,0.0999584,0.0408078,0.0
5.66221,0.00056508,0.116618,0.0438684,0.0
5.66209,0.000572604,0.0333195,0.0234645,0.0
5.66299,0.000585123,0.133278,0.046929,0.0
5.66291,0.000594009,0.166597,0.0527101,0.0
5.66292,0.000588042,0.149938,0.0499896,0.0
5.66436,0.000601338,0.199917,0.057471,0.0
5.66351,0.000589079,0.0999584,0.0408078,0.0
5.66256,0.000582917,0.0999584,0.0408078,0.0
5.6629,0.000597901,0.183257,0.0550906,0.0
5.6628,0.000611976,0.216576,0.0598515,0.0
5.66266,0.00060309,0.183257,0.0550906,0.0
5.66284,0.000588366,0.0666389,0.0333264,0.0
5.66348,0.000569167,0.0832986,0.0370671,0.0
5.66318,0.000600106,0.149938,0.0499896,0.0
5.66254,0.000582399,0.0832986,0.0370671,0.0
5.66234,0.000584928,0.166597,0.0527101,0.0
5.66246,0.000589014,0.133278,0.046929,0.0
5.66181,0.000572864,0.0666389,0.0333264,0.0
5.66221,0.000573383,0.0832986,0.0370671,0.0
5.66273,0.000575523,0.0999584,0.0408078,0.0
5.66356,0.000590701,0.233236,0.0622319,0.0
5.66366,0.000597382,0.199917,0.057471,0.0
5.66298,0.000566961,0.0666389,0.0333264,0.0
5.66274,0.000584993,0.133278,0.046929,0.0
5.66317,0.000595695,0.133278,0.046929,0.0
5.66257,0.000587652,0.0999584,0.0408078,0.0
5.66275,0.000598225,0.166597,0.0527101,0.0
5.66409,0.000590182,0.216576,0.0598515,0.0
5.66297,0.00056041,0.0166597,0.0166632,0.0
5.66296,0.000587198,0.166597,0.0527101,0.0
5.66296,0.000574291,0.0999584,0.0408078,0.0
5.66366,0.000582009,0.133278,0.046929,0.0
5.66304,0.000590506,0.0999584,0.0408078,0.0
5.66281,0.000596668,0.183257,0.0598515,0.0
5.66358,0.000616905,0.133278,0.046929,0.0
5.6635,0.000586096,0.133278,0.046929,0.0
5.66294,0.000582334,0.0999584,0.0408078,0.0
5.66226,0.000582788,0.133278,0.046929,0.0
5.66221,0.000589014,0.133278,0.046929,0.0
5.66247,0.000590441,0.0999584,0.0408078,0.0
5.66332,0.000608603,0.116618,0.0438684,0.0
5.66351,0.000591998,0.0999584,0.0408078,0.0
5.66239,0.000577923,0.0832986,0.0370671,0.0
5.66255,0.000582593,0.166597,0.0527101,0.0
5.66318,0.000597576,0.0499792,0.0289055,0.0
5.66262,0.000567286,0.166597,0.0527101,0.0
5.66275,0.000602765,0.116618,0.0438684,0.0
5.66228,0.00056774,0.0333195,0.0234645,0.0
5.66256,0.000550227,0.0832986,0.0370671,0.0
5.66264,0.000573188,0.0832986,0.0370671,0.0
5.66323,0.000575069,0.166597,0.0527101,0.0
5.66295,0.00058188,0.133278,0.046929,0.0
5.66252,0.000552367,0.0999584,0.0408078,0.0
5.66313,0.000570594,0.0832986,0.0370671,0.0
5.66328,0.000573577,0.0333195,0.0234645,0.0
5.66281,0.000571761,0.183257,0.0550906,0.0
5.66355,0.000570399,0.133278,0.046929,0.0
5.66371,0.000590636,0.199917,0.057471,0.0
5.66353,0.000624429,0.183257,0.0550906,0.0
5.66331,0.000599328,0.0999584,0.0408078,0.0
5.66275,0.000601468,0.249896,0.0683531,0.0
5.66216,0.000582723,0.0666389,0.0333264,0.0
5.66256,0.000589209,0.149938,0.0499896,0.0
5.66288,0.000602182,0.133278,0.046929,0.0
5.66264,0.000597576,0.133278,0.046929,0.0
5.66276,0.000580518,0.0499792,0.0289055,0.0
5.66266,0.000578572,0.0999584,0.0408078,0.0
5.66354,0.000566832,0.0666389,0.0333264,0.0
5.6634,0.000575653,0.133278,0.046929,0.0
5.66327,0.000573383,0.116618,0.0438684,0.0
5.66271,0.000583371,0.133278,0.046929,0.0
5.66323,0.000613532,0.0999584,0.0408078,0.0
5.66309,0.000579155,0.0499792,0.0289055,0.0
5.66325,0.000560216,0.0832986,0.0370671,0.0
5.66255,0.000571372,0.0999584,0.0408078,0.0
5.66311,0.00060523,0.149938,0.0499896,0.0
5.66354,0.000571826,0.0999584,0.0408078,0.0
5.66233,0.000596409,0.0999584,0.0408078,0.0
5.66311,0.000587782,0.0666389,0.0333264,0.0
5.66308,0.00060977,0.166597,0.057471,0.0
5.66198,0.000605489,0.0999584,0.0408078,0.0
5.6613,0.000558918,0.0666389,0.0333264,0.0
5.66293,0.000565794,0.0832986,0.0370671,0.0
5.66278,0.000588106,0.133278,0.046929,0.0
5.66254,0.000587458,0.149938,0.0499896,0.0
5.66339,0.000587393,0.133278,0.046929,0.0
5.66334,0.000603025,0.233236,0.0622319,0.0
5.66295,0.000593814,0.0499792,0.0289055,0.0
5.66291,0.000576496,0.116618,0.0438684,0.0
5.6643,0.000584928,0.149938,0.0499896,0.0
5.6632,0.000585058,0.0832986,0.0370671,0.0
5.66179,0.000568518,0.0999584,0.0408078,0.0
5.66205,0.000597576,0.0666389,0.0333264,0.0
5.66292,0.000605295,0.183257,0.0550906,0.0
5.6634,0.000586096,0.0832986,0.0370671,0.0
5.66361,0.000613338,0.216576,0.0598515,0.0
5.66332,0.000581036,0.0999584,0.0408078,0.0
5.66335,0.00059563,0.183257,0.0550906,0.0
5.663,0.000593879,0.0999584,0.0408078,0.0
5.66284,0.000578572,0.0333195,0.0234645,0.0
5.66274,0.000579739,0.0666389,0.0333264,0.0
5.66263,0.00057468,0.133278,0.046929,0.0
5.66243,0.000578896,0.0832986,0.0370671,0.0
5.66185,0.000566637,0.0999584,0.0408078,0.0
5.6626,0.000578831,0.183257,0.0550906,0.0
5.66283,0.000589663,0.133278,0.046929,0.0
5.6633,0.000583371,0.116618,0.0438684,0.0
5.66366,0.000574161,0.0832986,0.0370671,0.0
5.6642,0.000612689,0.216576,0.0598515,0.0
5.66346,0.000615024,0.149938,0.0499896,0.0
5.6628,0.000580128,0.0832986,0.0370671,0.0
5.66215,0.000578701,0.0333195,0.0234645,0.0
5.66315,0.000605554,0.149938,0.0499896,0.0
5.66283,0.000584798,0.116618,0.0438684,0.0
5.66251,0.000591609,0.116618,0.0438684,0.0
5.66322,0.000579999,0.0832986,0.0370671,0.0
5.66399,0.000597122,0.199917,0.057471,0.0
5.66291,0.000614376,0.116618,0.0438684,0.0
5.66313,0.000582723,0.199917,0.057471,0.0
5.66323,0.000601857,0.133278,0.046929,0.0
5.66313,0.0006171,0.166597,0.0527101,0.0
5.66235,0.000580972,0.0666389,0.0333264,0.0
5.66205,0.000572734,0.0999584,0.0408078,0.0
5.66369,0.000577599,0.133278,0.046929,0.0
5.66423,0.000587523,0.0999584,0.0408078,0.0
5.6628,0.000594593,0.216576,0.0598515,0.0
5.6628,0.000601922,0.149938,0.0550906,0.0
5.66374,0.000608473,0.149938,0.0499896,0.0
5.66257,0.000580193,0.0832986,0.0370671,0.0
5.66334,0.000581944,0.166597,0.0527101,0.0
5.66339,0.00057241,0.116618,0.0438684,0.0
5.6625,0.000600884,0.116618,0.0438684,0.0
5.66201,0.000584928,0.0999584,0.0408078,0.0
5.66281,0.000572929,0.0832986,0.0370671,0.0
5.66244,0.000572539,0.0832986,0.0370671,0.0
5.66169,0.000585382,0.0999584,0.0408078,0.0
5.66194,0.000601209,0.133278,0.046929,0.0
5.66248,0.000591414,0.0832986,0.0370671,0.0
5.6626,0.000596863,0.149938,0.0499896,0.0
5.66242,0.000593814,0.0832986,0.0370671,0.0
5.66227,0.000587198,0.116618,0.0438684,0.0
5.6621,0.000570983,0.0999584,0.0408078,0.0
5.66318,0.000575653,0.149938,0.0499896,0.0
5.66284,0.000572604,0.0832986,0.0370671,0.0
5.66386,0.00060069,0.116618,0.0438684,0.0
5.6628,0.000591868,0.166597,0.0527101,0.0
5.66271,0.000599328,0.149938,0.0499896,0.0
5.66243,0.000591609,0.116618,0.0438684,0.0
5.66286,0.00058642,0.116618,0.0438684,0.0
5.66363,0.000618916,0.133278,0.046929,0.0
5.66266,0.000589663,0.133278,0.046929,0.0
5.66306,0.000596928,0.0666389,0.0333264,0.0
5.6633,0.000601209,0.183257,0.0550906,0.0
5.66228,0.000582723,0.0666389,0.0333264,0.0
5.66264,0.000585577,0.133278,0.046929,0.0
5.66244,0.000590701,0.0999584,0.0408078,0.0
5.66299,0.000578247,0.116618,0.0438684,0.0
5.66316,0.000599846,0.183257,0.0550906,0.0
5.66336,0.000589728,0.0832986,0.0370671,0.0
5.6624,0.000568518,0.0666389,0.0333264,0.0
5.66229,0.000580193,0.0666389,0.0333264,0.0
5.66301,0.000619175,0.0666389,0.0333264,0.0
5.66355,0.000596539,0.266556,0.0663127,0.0
5.66316,0.00061483,0.183257,0.0550906,0.0
5.66287,0.000587263,0.116618,0.0438684,0.0
5.6638,0.000589209,0.149938,0.0499896,0.0
5.6636,0.000574291,0.0499792,0.0289055,0.0
5.66265,0.000568907,0.133278,0.046929,0.0
5.66287,0.00060776,0.0999584,0.0408078,0.0
5.66281,0.000574745,0.0666389,0.0333264,0.0
5.66291,0.000567156,0.149938,0.0499896,0.0
5.66203,0.00059135,0.166597,0.0527101,0.0
5.66285,0.000568648,0.133278,0.046929,0.0
5.66291,0.000577728,0.0666389,0.0333264,0.0
5.66378,0.000572215,0.0999584,0.0408078,0.0
5.66323,0.000579609,0.0832986,0.0370671,0.0
5.66239,0.000595047,0.0832986,0.0370671,0.0
5.66205,0.000577339,0.0999584,0.0408078,0.0
5.6633,0.000613597,0.149938,0.0499896,0.0
5.66205,0.000580518,0.116618,0.0438684,0.0
5.66224,0.000587069,0.116618,0.0438684,0.0
5.66245,0.000603479,0.133278,0.046929,0.0
5.66204,0.000571502,0.0999584,0.0408078,0.0
5.6623,0.000570658,0.0666389,0.0333264,0.0
5.66265,0.00058389,0.149938,0.0499896,0.0
5.66318,0.000590117,0.133278,0.046929,0.0
5.66292,0.000574161,0.0832986,0.0370671,0.0
5.66329,0.000579739,0.216576,0.0598515,0.0
5.6641,0.000604257,0.149938,0.0499896,0.0
5.66265,0.000579674,0.0666389,0.0333264,0.0
5.6623,0.000586744,0.133278,0.046929,0.0
5.66314,0.000590506,0.183257,0.0550906,0.0
5.66271,0.000614959,0.149938,0.0499896,0.0
5.66182,0.000575977,0.0832986,0.0370671,0.0
5.66165,0.000590441,0.0999584,0.0408078,0.0
5.66165,0.000575977,0.0832986,0.0370671,0.0
5.66343,0.000572993,0.0666389,0.0333264,0.0
5.66355,0.00058869,0.133278,0.046929,0.0
5.66356,0.000580388,0.0999584,0.0408078,0.0
5.66373,0.000582788,0.149938,0.0499896,0.0
5.66334,0.000582593,0.0666389,0.0333264,0.0
5.66316,0.000571307,0.183257,0.0550906,0.0
5.66274,0.00058895,0.0499792,0.0289055,0.0
5.66314,0.000596928,0.0832986,0.0370671,0.0
5.66371,0.000591285,0.0666389,0.0333264,0.0
5.66339,0.000605035,0.116618,0.0438684,0.0
5.66258,0.00057481,0.0999584,0.0408078,0.0
5.66305,0.000574356,0.133278,0.046929,0.0
5.66294,0.000547762,0.0499792,0.0289055,0.0
5.66294,0.000581166,0.183257,0.0550906,0.0
5.66504,0.000623651,0.166597,0.0527101,0.0
5.66322,0.000591804,0.133278,0.046929,0.0
5.6626,0.000618786,0.199917,0.057471,0.0
5.66381,0.000600106,0.116618,0.0438684,0.0
5.66333,0.0006027,0.166597,0.0527101,0.0
5.66238,0.00061243,0.166597,0.0527101,0.0
5.66339,0.000601209,0.116618,0.0438684,0.0
5.66366,0.000579285,0.133278,0.046929,0.0
5.66239,0.00058856,0.0999584,0.0408078,0.0
5.66311,0.000569556,0.0999584,0.0408078,0.0
5.6631,0.000574226,0.0666389,0.0333264,0.0
5.66214,0.000556908,0.0832986,0.0370671,0.0
5.66325,0.000582269,0.0999584,0.0408078,0.0
5.66329,0.000581231,0.0832986,0.0370671,0.0
5.66253,0.000595695,0.149938,0.0499896,0.0
5.6616,0.000582723,0.133278,0.046929,0.0
5.66314,0.000570334,0.116618,0.0438684,0.0
5.66297,0.000584474,0.166597,0.0527101,0.0
5.66287,0.000603933,0.133278,0.046929,0.0
5.66275,0.000572929,0.116618,0.0438684,0.0
5.66245,0.000612559,0.166597,0.0527101,0.0
5.66137,0.000604711,0.183257,0.0550906,0.0
5.66191,0.000578377,0.149938,0.0499896,0.0
5.66183,0.000601273,0.0832986,0.0370671,0.0
5.66178,0.000581036,0.0666389,0.0333264,0.0
5.6631,0.000580907,0.133278,0.046929,0.0
5.66314,0.000580193,0.0666389,0.0333264,0.0
5.66352,0.00057922,0.149938,0.0499896,0.0
5.66291,0.000593101,0.0499792,0.0289055,0.0
5.66234,0.000585966,0.166597,0.0527101,0.0
5.66227,0.000608733,0.166597,0.0527101,0.0
5.66236,0.00058415,0.0999584,0.0408078,0.0
5.66296,0.000566767,0.0166597,0.0166632,0.0
5.663,0.00058402,0.133278,0.046929,0.0
5.66325,0.000597836,0.166597,0.0527101,0.0
5.66353,0.000604192,0.133278,0.046929,0.0
5.66229,0.000573383,0.0499792,0.0289055,0.0
5.66287,0.000578118,0.0999584,0.0408078,0.0
5.66332,0.000572799,0.0499792,0.0289055,0.0
5.6623,0.000585836,0.0832986,0.0370671,0.0
5.66177,0.000585577,0.166597,0.0527101,0.0
5.66348,0.000591414,0.0999584,0.0408078,0.0
5.66347,0.000589858,0.149938,0.0499896,0.0
5.66272,0.000583955,0.0999584,0.046929,0.0
5.66344,0.000597771,0.149938,0.0499896,0.0
5.66332,0.00057682,0.0666389,0.0333264,0.0
5.66216,0.00056748,0.133278,0.046929,0.0
5.66288,0.000557621,0.0333195,0.0234645,0.0
5.66416,0.00058389,0.0832986,0.0370671,0.0
5.66381,0.000588755,0.199917,0.057471,0.0
5.66298,0.000555221,0.0499792,0.0289055,0.0
5.6631,0.00058402,0.116618,0.0438684,0.0
5.66358,0.000600755,0.183257,0.0550906,0.0
5.66308,0.000610354,0.149938,0.0499896,0.0
5.66323,0.000603868,0.0999584,0.0408078,0.0
5.66344,0.000596279,0.149938,0.0499896,0.0
5.66296,0.000603025,0.116618,0.0438684,0.0
5.66311,0.000568583,0.0832986,0.0370671,0.0
5.66241,0.000568842,0.0666389,0.0333264,0.0
5.66271,0.00058149,0.0499792,0.0289055,0.0
5.66301,0.000600495,0.0499792,0.0289055,0.0
5.66247,0.000568777,0.0666389,0.0333264,0.0
5.66328,0.000583436,0.133278,0.046929,0.0
5.66305,0.000586939,0.0999584,0.0408078,0.0
5.66268,0.000574291,0.0499792,0.0289055,0.0
5.66334,0.000587652,0.116618,0.0438684,0.0
5.66304,0.000595176,0.0999584,0.0408078,0.0
5.66187,0.000579026,0.116618,0.0438684,0.0
5.66219,0.000574031,0.133278,0.046929,0.0
5.66301,0.000575588,0.0499792,0.0289055,0.0
5.66272,0.000575458,0.0832986,0.0370671,0.0
5.66263,0.000581361,0.0832986,0.0370671,0.0
5.66247,0.000582788,0.0499792,0.0289055,0.0
5.66213,0.000569426,0.0499792,0.0289055,0.0
5.6633,0.000585577,0.0999584,0.0408078,0.0
5.66332,0.000595176,0.0999584,0.0408078,0.0
5.66257,0.000571112,0.0832986,0.0370671,0.0
5.66309,0.000571761,0.0999584,0.0408078,0.0
5.66296,0.000568842,0.0333195,0.0234645,0.0
5.66233,0.000568777,0.116618,0.0438684,0.0
5.66327,0.000592452,0.116618,0.0438684,0.0
5.66243,0.000562226,0.0832986,0.0370671,0.0
5.66259,0.000595501,0.166597,0.0527101,0.0
5.66318,0.000588236,0.116618,0.0438684,0.0
5.66373,0.000575134,0.0666389,0.0333264,0.0
5.66275,0.000589793,0.0999584,0.0408078,0.0
5.66409,0.00061723,0.183257,0.0550906,0.0
5.66452,0.000599198,0.183257,0.0550906,0.0
5.66294,0.00057455,0.0666389,0.0333264,0.0
5.66156,0.000580063,0.0832986,0.0442085,0.0
5.66243,0.000557427,0.0999584,0.0408078,0.0
5.66332,0.000570269,0.0499792,0.0289055,0.0
5.66226,0.000557621,0.0333195,0.0234645,0.0
5.66225,0.000567934,0.0999584,0.0408078,0.0
5.66291,0.000589144,0.166597,0.0527101,0.0
5.66327,0.000587652,0.0499792,0.0289055,0.0
5.66344,0.000584863,0.183257,0.0550906,0.0
5.6631,0.000590895,0.149938,0.0499896,0.0
5.66317,0.000606138,0.166597,0.0527101,0.0
5.66322,0.000592193,0.133278,0.046929,0.0
5.66299,0.000592517,0.0999584,0.0408078,0.0
5.66274,0.000587652,0.0999584,0.0408078,0.0
5.66327,0.000585901,0.133278,0.046929,0.0
5.66381,0.000613208,0.166597,0.0527101,0.0
5.66327,0.000585577,0.133278,0.046929,0.0
5.66242,0.000587977,0.116618,0.0438684,0.0
5.66259,0.000566637,0.0,0.0,0.0
5.66305,0.000586161,0.166597,0.0527101,0.0
5.6634,0.000608343,0.183257,0.0550906,0.0
5.66264,0.000571112,0.0499792,0.0289055,0.0
5.66172,0.000567805,0.0999584,0.0408078,0.0
5.66281,0.000559243,0.0832986,0.0370671,0.0
5.66345,0.000578572,0.0999584,0.0408078,0.0
5.66317,0.000580777,0.133278,0.046929,0.0
5.66356,0.000595955,0.183257,0.0550906,0.0
5.66298,0.000602376,0.166597,0.0527101,0.0
5.66113,0.000578182,0.0499792,0.0289055,0.0
5.66169,0.000566961,0.0832986,0.0370671,0.0
5.66257,0.000569621,0.0832986,0.0370671,0.0
5.66279,0.000589663,0.0666389,0.0333264,0.0
5.66189,0.000583371,0.166597,0.0527101,0.0
5.66206,0.000584993,0.0499792,0.0289055,0.0
5.66273,0.00058149,0.0499792,0.0289055,0.0
5.66263,0.000591674,0.116618,0.0438684,0.0
5.66242,0.000593036,0.116618,0.0438684,0.0
5.66268,0.000597187,0.116618,0.0438684,0.0
5.66237,0.000576561,0.0666389,0.0333264,0.0
5.66241,0.000585382,0.0666389,0.0333264,0.0
5.66237,0.000570594,0.0499792,0.0289055,0.0
5.66156,0.000574874,0.0666389,0.0333264,0.0
5.66224,0.000580323,0.0999584,0.0408078,0.0
5.66339,0.000613143,0.183257,0.0550906,0.0
5.66285,0.000601079,0.149938,0.0499896,0.0
5.66227,0.000551978,0.0166597,0.0166632,0.0
5.66276,0.000573902,0.116618,0.0438684,0.0
5.66317,0.000572085,0.149938,0.0499896,0.0
5.66316,0.000587782,0.116618,0.0438684,0.0
5.66171,0.000586744,0.0666389,0.0333264,0.0
5.66208,0.000580128,0.149938,0.0550906,0.0
5.66237,0.000573837,0.0832986,0.0370671,0.0
5.66294,0.000595306,0.0166597,0.0166632,0.0
5.66282,0.000593295,0.133278,0.046929,0.0
5.66339,0.000620538,0.183257,0.0550906,0.0
5.6633,0.000601598,0.166597,0.0527101,0.0
5.66304,0.000612624,0.183257,0.0550906,0.0
5.66239,0.00057948,0.0999584,0.0408078,0.0
5.66234,0.000596603,0.0999584,0.0408078,0.0
5.66347,0.000589014,0.0333195,0.0234645,0.0
5.66315,0.000568972,0.116618,0.0438684,0.0
5.66297,0.000569815,0.0999584,0.0408078,0.0
5.66323,0.000588755,0.0666389,0.0333264,0.0
5.66197,0.000565599,0.0666389,0.0333264,0.0
5.6621,0.00057001,0.0499792,0.0289055,0.0
5.66305,0.000577145,0.116618,0.0438684,0.0
5.663,0.000599782,0.0999584,0.0408078,0.0
5.66213,0.00055587,0.0999584,0.0408078,0.0
5.66224,0.000562291,0.0666389,0.0333264,0.0
5.6622,0.000570918,0.116618,0.0438684,0.0
5.66205,0.000589014,0.0832986,0.0370671,0.0
5.66298,0.000558464,0.0999584,0.0408078,0.0
5.66319,0.000575134,0.0832986,0.0370671,0.0
5.6624,0.000592193,0.149938,0.0499896,0.0
5.66326,0.000573837,0.116618,0.0438684,0.0
5.66355,0.000594852,0.183257,0.0550906,0.0
5.6636,0.000574226,0.199917,0.057471,0.0
5.66338,0.000565794,0.0832986,0.0370671,0.0
5.66286,0.000557491,0.149938,0.0499896,0.0
5.66311,0.000582074,0.149938,0.0499896,0.0
5.6633,0.000574939,0.0999584,0.0408078,0.0
5.66346,0.000567869,0.0999584,0.0408078,0.0
5.66377,0.000567805,0.116618,0.0438684,0.0
5.66354,0.000574291,0.0832986,0.0370671,0.0
5.66344,0.000588106,0.133278,0.046929,0.0
5.66334,0.000598484,0.116618,0.0438684,0.0
5.66325,0.000572799,0.0832986,0.0370671,0.0
5.66287,0.000585512,0.133278,0.046929,0.0
5.66254,0.000582788,0.183257,0.0550906,0.0
5.66265,0.000578182,0.0166597,0.0166632,0.0
5.66244,0.000579999,0.0832986,0.0370671,0.0
5.66252,0.00058642,0.0666389,0.0333264,0.0
5.66303,0.000570075,0.0999584,0.0408078,0.0
5.66234,0.000594787,0.199917,0.057471,0.0
5.6629,0.000583566,0.0832986,0.0370671,0.0
5.66357,0.000589663,0.166597,0.0527101,0.0
5.66336,0.000549189,0.0333195,0.0234645,0.0
5.66187,0.000587588,0.149938,0.0499896,0.0
5.66262,0.000608668,0.149938,0.0499896,0.0
5.66375,0.000573383,0.0832986,0.0370671,0.0
5.66332,0.00058895,0.133278,0.046929,0.0
5.66305,0.000592841,0.0666389,0.0333264,0.0
5.66316,0.000581815,0.149938,0.0499896,0.0
5.66293,0.000596214,0.183257,0.0550906,0.0
5.66324,0.000581101,0.0832986,0.0370671,0.0
5.66336,0.000573188,0.0999584,0.0408078,0.0
5.66342,0.000592906,0.266556,0.0663127,0.0
5.66264,0.000592776,0.0666389,0.0333264,0.0
5.66304,0.000581685,0.0999584,0.0408078,0.0
5.6633,0.000588171,0.133278,0.046929,0.0
5.66347,0.000598484,0.133278,0.046929,0.0
5.66325,0.00061444,0.133278,0.046929,0.0
5.66315,0.000588106,0.133278,0.046929,0.0
5.66304,0.000587393,0.0666389,0.0333264,0.0
5.66233,0.000574031,0.0499792,0.0289055,0.0
5.66232,0.00057001,0.149938,0.0499896,0.0
5.6627,0.000587912,0.0999584,0.0408078,0.0
5.66248,0.000578182,0.0999584,0.0408078,0.0
5.66305,0.000577599,0.149938,0.0499896,0.0
5.66274,0.000600365,0.133278,0.046929,0.0
5.66256,0.000571177,0.0499792,0.0289055,0.0
5.66247,0.000578896,0.116618,0.0438684,0.0
5.66247,0.000584409,0.116618,0.0438684,0.0
5.66259,0.000569945,0.0499792,0.0289055,0.0
5.66258,0.000573837,0.133278,0.046929,0.0
5.66318,0.000592387,0.116618,0.0438684,0.0
5.66353,0.000587393,0.0999584,0.0408078,0.0
5.66256,0.000584798,0.133278,0.046929,0.0
5.66372,0.000616257,0.133278,0.046929,0.0
5.66346,0.000598549,0.133278,0.046929,0.0
5.66257,0.000569686,0.0832986,0.0370671,0.0
5.66209,0.000585577,0.116618,0.0438684,0.0
5.66294,0.000589923,0.133278,0.046929,0.0
5.66315,0.000590831,0.149938,0.0499896,0.0
5.66313,0.000604971,0.149938,0.0499896,0.0
5.66338,0.000597965,0.149938,0.0499896,0.0
5.66338,0.000587263,0.0999584,0.0408078,0.0
5.66269,0.000585382,0.0999584,0.0408078,0.0
5.66248,0.000561578,0.116618,0.0438684,0.0
5.66292,0.00057481,0.0666389,0.0333264,0.0
5.66285,0.000573512,0.0999584,0.0408078,0.0
5.66288,0.000573642,0.116618,0.0438684,0.0
5.66299,0.000604776,0.149938,0.0499896,0.0
5.6637,0.000588171,0.116618,0.0438684,0.0
5.66373,0.000615543,0.183257,0.0550906,0.0
5.66296,0.000586225,0.116618,0.0438684,0.0
5.6625,0.000569167,0.116618,0.0438684,0.0
5.66241,0.000568583,0.166597,0.0527101,0.0
5.66305,0.000594528,0.116618,0.0438684,0.0
5.66344,0.000589079,0.166597,0.0527101,0.0
5.66237,0.000591804,0.0666389,0.0333264,0.0
5.66245,0.000572345,0.149938,0.0499896,0.0
5.6625,0.000574356,0.133278,0.046929,0.0
5.66233,0.000602182,0.0999584,0.0408078,0.0
5.6626,0.000601209,0.0999584,0.0408078,0.0
5.6627,0.000574096,0.116618,0.0438684,0.0
5.66284,0.000592776,0.166597,0.0527101,0.0
5.66259,0.000611392,0.199917,0.057471,0.0
5.66167,0.000583955,0.166597,0.0527101,0.0
5.66149,0.000584215,0.133278,0.046929,0.0
5.66279,0.000585901,0.0666389,0.0333264,0.0
5.66298,0.000592193,0.116618,0.0438684,0.0
5.66213,0.000558918,0.0999584,0.0408078,0.0
5.66245,0.000578961,0.0999584,0.0408078,0.0
5.66249,0.000578637,0.0999584,0.0408078,0.0
5.66174,0.000575653,0.0999584,0.0408078,0.0
5.66244,0.000561967,0.0666389,0.0333264,0.0
5.66327,0.000583242,0.0666389,0.0333264,0.0
5.66292,0.000576301,0.116618,0.0438684,0.0
5.66312,0.000563978,0.0832986,0.0370671,0.0
5.66312,0.000562032,0.0666389,0.0333264,0.0
5.66308,0.000566248,0.0999584,0.0408078,0.0
5.66205,0.000564756,0.133278,0.046929,0.0
5.66173,0.000572993,0.0666389,0.0333264,0.0
5.66328,0.000591868,0.149938,0.0499896,0.0
5.66365,0.00057442,0.0999584,0.0408078,0.0
5.66314,0.00058402,0.166597,0.0527101,0.0
5.66312,0.00056307,0.133278,0.046929,0.0
5.66232,0.000575134,0.0666389,0.0333264,0.0
5.66219,0.000576301,0.0999584,0.0408078,0.0
5.66293,0.000580647,0.0832986,0.0370671,0.0
5.6635,0.000613468,0.166597,0.0527101,0.0
5.66265,0.000601079,0.0999584,0.0408078,0.0
5.66182,0.00057455,0.0666389,0.0333264,0.0
5.66205,0.000580128,0.0832986,0.0370671,0.0
5.66321,0.000580518,0.116618,0.0438684,0.0
5.66243,0.000564821,0.0499792,0.0289055,0.0
5.6617,0.000577728,0.0666389,0.0333264,0.0
5.66349,0.000579609,0.0666389,0.0333264,0.0
5.66258,0.00057241,0.0832986,0.0370671,0.0
5.66321,0.000587328,0.0832986,0.0370671,0.0
5.66407,0.000587263,0.116618,0.0438684,0.0
5.66401,0.000621381,0.249896,0.0642723,0.0
5.66304,0.000579934,0.0832986,0.0370671,0.0
5.66318,0.00056761,0.0999584,0.0408078,0.0
5.66342,0.000589404,0.149938,0.0499896,0.0
5.66304,0.000576172,0.0499792,0.0289055,0.0
5.66371,0.000565275,0.0832986,0.0370671,0.0
5.66358,0.000595047,0.133278,0.046929,0.0
5.66296,0.000578572,0.116618,0.0438684,0.0
5.6632,0.000578247,0.166597,0.0527101,0.0
5.66329,0.000605944,0.183257,0.0598515,0.0
5.66237,0.000590182,0.133278,0.046929,0.0
5.66173,0.000573253,0.0666389,0.0333264,0.0
5.66204,0.000562745,0.0666389,0.0333264,0.0
5.66288,0.000601533,0.149938,0.0499896,0.0
5.66328,0.000590377,0.0999584,0.0408078,0.0
5.6638,0.000586485,0.116618,0.0438684,0.0
5.66316,0.000591609,0.116618,0.0438684,0.0
5.66243,0.000560864,0.0333195,0.0234645,0.0
5.66148,0.000558335,0.0333195,0.0234645,0.0
5.66265,0.000603868,0.216576,0.0598515,0.0
5.66354,0.000602246,0.183257,0.0550906,0.0
5.66223,0.000583112,0.0499792,0.0289055,0.0
5.66167,0.000570918,0.0999584,0.0408078,0.0
5.66292,0.000568777,0.116618,0.0438684,0.0
5.66294,0.000562421,0.0499792,0.0289055,0.0
5.66155,0.000590312,0.133278,0.046929,0.0
5.66354,0.000595241,0.149938,0.0499896,0.0
5.66326,0.000567286,0.0666389,0.0333264,0.0
5.66321,0.000581426,0.166597,0.0527101,0.0
5.6633,0.00057935,0.0832986,0.0370671,0.0
5.66318,0.000581296,0.149938,0.0499896,0.0
5.66319,0.000577339,0.116618,0.0438684,0.0
5.66216,0.000574161,0.0666389,0.0333264,0.0
5.66202,0.000580193,0.0499792,0.0289055,0.0
5.66281,0.000580712,0.149938,0.0499896,0.0
5.66301,0.000590506,0.199917,0.057471,0.0
5.66345,0.000596279,0.116618,0.0438684,0.0
5.6622,0.000558983,0.0166597,0.0166632,0.0
5.66234,0.000584993,0.199917,0.057471,0.0
5.66259,0.000605619,0.116618,0.0438684,0.0
5.66336,0.000594722,0.133278,0.046929,0.0
5.66314,0.000583112,0.166597,0.0527101,0.0
5.66206,0.000571567,0.0333195,0.0234645,0.0
5.66264,0.000602636,0.149938,0.0499896,0.0
5.6633,0.000577858,0.0832986,0.0370671,0.0
5.66188,0.000578637,0.0832986,0.0370671,0.0
5.6629,0.000582009,0.116618,0.0438684,0.0
5.66351,0.000575653,0.0832986,0.0370671,0.0
5.66204,0.000572993,0.0832986,0.0370671,0.0
5.66281,0.00057014,0.0499792,0.0289055,0.0
5.66231,0.00058188,0.116618,0.0438684,0.0
5.66257,0.000598874,0.133278,0.046929,0.0
5.66313,0.000608797,0.149938,0.0499896,0.0
5.66332,0.000597901,0.183257,0.0550906,0.0
5.66283,0.000575393,0.0999584,0.0408078,0.0
5.66255,0.000575134,0.116618,0.0438684,0.0
5.66255,0.000563524,0.133278,0.046929,0.0
5.66194,0.000577988,0.116618,0.0438684,0.0
5.66285,0.000582982,0.116618,0.0438684,0.0
5.66267,0.000572929,0.0999584,0.0408078,0.0
5.66277,0.000565988,0.0832986,0.0370671,0.0
5.66342,0.000587977,0.133278,0.046929,0.0
5.66304,0.000585123,0.0832986,0.0370671,0.0
5.66268,0.00058149,0.166597,0.0527101,0.0
5.66339,0.000583112,0.116618,0.0438684,0.0
5.66243,0.000567286,0.0666389,0.0333264,0.0
5.66201,0.000578312,0.0999584,0.0408078,0.0
5.66348,0.000577015,0.116618,0.0499896,0.0
5.66342,0.000586485,0.116618,0.0438684,0.0
5.66249,0.000595176,0.149938,0.0499896,0.0
5.66182,0.00056041,0.0499792,0.0289055,0.0
5.66268,0.000571502,0.116618,0.0438684,0.0
5.66284,0.000583825,0.0999584,0.0408078,0.0
5.66317,0.000581944,0.166597,0.0527101,0.0
5.66302,0.000587393,0.133278,0.046929,0.0
5.66278,0.000599782,0.116618,0.0438684,0.0
5.66311,0.000580712,0.149938,0.0499896,0.0
5.66239,0.000593749,0.116618,0.0438684,0.0
5.66232,0.000577728,0.0999584,0.0408078,0.0
5.66242,0.000573642,0.116618,0.0438684,0.0
5.66233,0.000585058,0.0499792,0.0289055,0.0
5.66239,0.000582853,0.133278,0.046929,0.0
5.66361,0.000580972,0.0999584,0.0408078,0.0
5.66383,0.000610743,0.183257,0.0550906,0.0
5.66278,0.000587588,0.166597,0.0527101,0.0
5.66244,0.000578896,0.0832986,0.0370671,0.0
5.66307,0.000578312,0.149938,0.0499896,0.0
5.6629,0.000585317,0.0666389,0.0333264,0.0
5.6634,0.000566053,0.0666389,0.0333264,0.0
5.66238,0.000568388,0.0666389,0.0333264,0.0
5.66294,0.000578637,0.116618,0.0438684,0.0
5.66324,0.000594787,0.0832986,0.0370671,0.0
5.66288,0.000576107,0.149938,0.0499896,0.0
5.66316,0.000586355,0.0832986,0.0370671,0.0
5.66325,0.000588042,0.0999584,0.0408078,0.0
5.6628,0.000574161,0.0666389,0.0333264,0.0
5.66303,0.000579545,0.0666389,0.0333264,0.0
5.66251,0.000587912,0.0999584,0.0408078,0.0
5.66207,0.000594982,0.0999584,0.0408078,0.0
5.66323,0.000594333,0.116618,0.0438684,0.0
5.66327,0.000574291,0.0832986,0.0370671,0.0
5.66193,0.000601857,0.233236,0.0622319,0.0
5.66279,0.000590441,0.116618,0.0438684,0.0
5.66265,0.000587977,0.0832986,0.0370671,0.0
5.66265,0.000590701,0.199917,0.057471,0.0
5.66269,0.000585577,0.0499792,0.0289055,0.0
5.66224,0.000575264,0.116618,0.0438684,0.0
5.66195,0.000578377,0.133278,0.046929,0.0
5.66264,0.000582009,0.116618,0.0438684,0.0
5.66313,0.000563524,0.116618,0.0438684,0.0
5.66379,0.000588301,0.166597,0.0527101,0.0
5.66379,0.000576301,0.0999584,0.0408078,0.0
5.66189,0.000569945,0.0499792,0.0289055,0.0
5.66113,0.000592517,0.0999584,0.0408078,0.0
5.66176,0.000575458,0.0666389,0.0333264,0.0
5.66224,0.00056975,0.149938,0.0499896,0.0
5.66277,0.000582074,0.0832986,0.0370671,0.0
5.66257,0.000566896,0.0999584,0.0408078,0.0
5.66204,0.000589987,0.116618,0.0438684,0.0
5.66244,0.000569037,0.0666389,0.0333264,0.0
5.66299,0.000572929,0.0999584,0.0408078,0.0
5.66361,0.000560475,0.0999584,0.0408078,0.0
5.6628,0.000582463,0.133278,0.046929,0.0
5.66296,0.000613208,0.0832986,0.0370671,0.0
5.66299,0.000606527,0.149938,0.0499896,0.0
5.66307,0.000597317,0.0666389,0.0333264,0.0
5.66258,0.000576042,0.133278,0.046929,0.0
5.66251,0.000577534,0.0333195,0.0234645,0.0
5.66267,0.000583501,0.0832986,0.0370671,0.0
5.66296,0.00057014,0.0499792,0.0289055,0.0
5.66318,0.00060296,0.116618,0.0438684,0.0
5.66341,0.000583177,0.116618,0.0438684,0.0
5.66298,0.000585577,0.0666389,0.0333264,0.0
5.663,0.000588042,0.149938,0.0499896,0.0
5.6633,0.000558399,0.0666389,0.0333264,0.0
5.66306,0.000565275,0.133278,0.046929,0.0
5.662,0.000584215,0.0999584,0.0408078,0.0
5.66238,0.000582334,0.116618,0.0438684,0.0
5.66265,0.000574031,0.0832986,0.0370671,0.0
5.66256,0.000582463,0.133278,0.0527101,0.0
5.66223,0.000581166,0.0666389,0.0333264,0.0
5.6621,0.000580128,0.0999584,0.0408078,0.0
5.66315,0.000599003,0.149938,0.0499896,0.0
5.66235,0.000598549,0.0832986,0.0370671,0.0
5.66286,0.000587523,0.0832986,0.0370671,0.0
5.66333,0.000600106,0.0999584,0.0408078,0.0
5.66292,0.000574291,0.0999584,0.0408078,0.0
5.6625,0.000575718,0.0999584,0.0408078,0.0
5.6623,0.000584539,0.166597,0.0527101,0.0
5.66233,0.000597965,0.149938,0.0499896,0.0
5.66277,0.000585512,0.149938,0.0499896,0.0
5.66259,0.000587977,0.0832986,0.0370671,0.0
5.66297,0.000580128,0.0832986,0.0370671,0.0
5.66205,0.000585382,0.0999584,0.0408078,0.0
5.66231,0.000599522,0.0999584,0.0408078,0.0
5.66267,0.000583631,0.0999584,0.0408078,0.0
5.66318,0.000568129,0.0832986,0.0370671,0.0
5.66351,0.000584734,0.133278,0.046929,0.0
5.66336,0.000593555,0.166597,0.0527101,0.0
5.66257,0.000600236,0.149938,0.0499896,0.0
5.6625,0.000571761,0.116618,0.0438684,0.0
5.66246,0.000580842,0.116618,0.0438684,0.0
5.66243,0.000585966,0.133278,0.046929,0.0
5.66246,0.000589728,0.0832986,0.0370671,0.0
5.66239,0.000583761,0.149938,0.0499896,0.0
5.66231,0.000577534,0.116618,0.0438684,0.0
5.66285,0.000587328,0.133278,0.046929,0.0
5.66307,0.000593749,0.0832986,0.0370671,0.0
5.66309,0.000584215,0.133278,0.046929,0.0
5.66312,0.000597901,0.133278,0.046929,0.0
5.66242,0.000580388,0.133278,0.046929,0.0
5.66306,0.000575199,0.0666389,0.0333264,0.0
5.66177,0.000570658,0.0499792,0.0289055,0.0
5.66233,0.000581361,0.0832986,0.0370671,0.0
5.66346,0.000584215,0.0832986,0.0370671,0.0
5.66273,0.000578572,0.166597,0.0527101,0.0
5.66265,0.00058895,0.0666389,0.0333264,0.0
5.66363,0.000562551,0.133278,0.046929,0.0
5.66317,0.000586939,0.0832986,0.0370671,0.0
5.66229,0.000587588,0.116618,0.0438684,0.0
5.66272,0.000562745,0.0333195,0.0234645,0.0
5.66341,0.000587523,0.133278,0.046929,0.0
5.66354,0.000595955,0.133278,0.046929,0.0
5.66374,0.000578831,0.133278,0.046929,0.0
5.66307,0.00058149,0.116618,0.0438684,0.0
5.66372,0.000570788,0.116618,0.0438684,0.0
5.66393,0.000594463,0.199917,0.057471,0.0
5.66313,0.000593555,0.149938,0.0499896,0.0
5.66284,0.000593749,0.149938,0.0499896,0.0
5.66254,0.000583955,0.199917,0.057471,0.0
5.66294,0.000596798,0.149938,0.0499896,0.0
5.6631,0.000587328,0.0999584,0.0408078,0.0
5.66265,0.000569102,0.0499792,0.0289055,0.0
5.66281,0.000587004,0.133278,0.046929,0.0
5.6636,0.000575912,0.116618,0.0438684,0.0
5.66235,0.000596409,0.0832986,0.0370671,0.0
5.6625,0.000590831,0.133278,0.046929,0.0
5.66338,0.000576756,0.116618,0.0438684,0.0
5.66237,0.000576756,0.0999584,0.0408078,0.0
5.66351,0.000594268,0.116618,0.0438684,0.0
5.66313,0.000582009,0.149938,0.0499896,0.0
5.66291,0.00057682,0.0666389,0.0333264,0.0
5.66358,0.000570334,0.133278,0.046929,0.0
5.66329,0.000571891,0.0333195,0.0234645,0.0
5.66256,0.000574031,0.116618,0.0438684,0.0
5.66224,0.000573707,0.0333195,0.0234645,0.0
5.66334,0.00057708,0.149938,0.0499896,0.0
5.66241,0.000587263,0.0832986,0.0370671,0.0
5.662,0.000583177,0.116618,0.0499896,0.0
5.66317,0.000583696,0.0832986,0.0370671,0.0
5.66338,0.000583047,0.0666389,0.0333264,0.0
5.66321,0.000576237,0.133278,0.046929,0.0
5.66223,0.000582139,0.0666389,0.0333264,0.0
5.66318,0.000575069,0.0666389,0.0333264,0.0
5.66239,0.000554573,0.0999584,0.0408078,0.0
5.66169,0.00058856,0.0832986,0.0370671,0.0
5.66236,0.000608279,0.216576,0.0598515,0.0
5.66323,0.000607954,0.0999584,0.0408078,0.0
5.66315,0.000575847,0.149938,0.0499896,0.0
5.66201,0.00058895,0.0832986,0.0370671,0.0
5.66317,0.000563978,0.0666389,0.0333264,0.0
5.66367,0.000596863,0.199917,0.057471,0.0
5.66321,0.000592517,0.149938,0.0499896,0.0
5.6639,0.000600365,0.0832986,0.0370671,0.0
5.66302,0.000573188,0.0832986,0.0370671,0.0
5.66271,0.000582658,0.116618,0.0438684,0.0
5.66285,0.000594398,0.0999584,0.0408078,0.0
5.66244,0.000576366,0.0166597,0.0166632,0.0
5.66237,0.000561448,0.166597,0.0527101,0.0
5.66284,0.000584409,0.149938,0.0499896,0.0
5.66325,0.000583631,0.116618,0.0438684,0.0
5.66278,0.000592452,0.149938,0.0499896,0.0
5.66222,0.000591933,0.0832986,0.0370671,0.0
5.66197,0.000576626,0.0832986,0.0370671,0.0
5.66308,0.00059829,0.133278,0.046929,0.0
5.66338,0.000568129,0.0333195,0.0234645,0.0
5.66184,0.000561643,0.116618,0.0438684,0.0
5.66198,0.000571696,0.116618,0.0438684,0.0
5.66226,0.000570658,0.0832986,0.0370671,0.0
5.66323,0.000567286,0.0666389,0.0333264,0.0
5.66242,0.000583371,0.0832986,0.0370671,0.0
5.66188,0.000583242,0.133278,0.046929,0.0
5.66245,0.000603544,0.216576,0.0598515,0.0
5.66354,0.00060056,0.0832986,0.0370671,0.0
5.66284,0.000582399,0.116618,0.0438684,0.0
5.66337,0.000583825,0.0666389,0.0333264,0.0
5.66294,0.000575588,0.0666389,0.0333264,0.0
5.66233,0.000572734,0.0832986,0.0370671,0.0
5.66183,0.000606203,0.166597,0.0527101,0.0
5.66155,0.000578442,0.0333195,0.0234645,0.0
5.66209,0.000574356,0.0832986,0.0370671,0.0
5.6633,0.000572669,0.116618,0.0438684,0.0
5.66311,0.000597447,0.116618,0.0438684,0.0
5.66414,0.000570334,0.0832986,0.0370671,0.0
5.66343,0.000589469,0.0832986,0.0370671,0.0
5.66226,0.000580128,0.116618,0.0438684,0.0
5.66283,0.000592517,0.116618,0.0438684,0.0
5.66292,0.000566832,0.0499792,0.0289055,0.0
5.66341,0.000555416,0.133278,0.046929,0.0
5.66347,0.000559372,0.133278,0.046929,0.0
5.66345,0.00059576,0.133278,0.046929,0.0
5.66369,0.000624624,0.166597,0.0527101,0.0
5.66294,0.000575264,0.116618,0.0438684,0.0
5.66283,0.000588301,0.0666389,0.0333264,0.0
5.66305,0.000584085,0.133278,0.046929,0.0
5.66227,0.000587652,0.199917,0.057471,0.0
5.66328,0.000574291,0.0333195,0.0234645,0.0
5.66308,0.000589598,0.0999584,0.0408078,0.0
5.66216,0.000555935,0.0333195,0.0234645,0.0
5.6624,0.000561448,0.0499792,0.0289055,0.0
5.66312,0.000563653,0.0666389,0.0333264,0.0
5.663,0.000574356,0.0666389,0.0333264,0.0
5.66309,0.000578312,0.166597,0.0527101,0.0
5.66328,0.000582593,0.199917,0.057471,0.0
5.6627,0.0006027,0.116618,0.0438684,0.0
5.66235,0.000547827,0.0832986,0.0370671,0.0
5.66279,0.000585966,0.116618,0.0438684,0.0
5.66287,0.000608473,0.149938,0.0499896,0.0
5.66253,0.000583761,0.133278,0.046929,0.0
5.66169,0.000567156,0.0832986,0.0370671,0.0
5.66223,0.000572799,0.0999584,0.0408078,0.0
5.66287,0.000560475,0.0832986,0.0370671,0.0
5.66344,0.000585901,0.0999584,0.0408078,0.0
5.6633,0.000577145,0.0832986,0.0370671,0.0
5.66284,0.00057948,0.0832986,0.0370671,0.0
5.66239,0.000591285,0.0832986,0.0370671,0.0
5.66246,0.000583501,0.0999584,0.0408078,0.0
5.66366,0.000565405,0.116618,0.0438684,0.0
5.66347,0.000618916,0.149938,0.0499896,0.0
5.66291,0.0006051,0.116618,0.0438684,0.0
5.66174,0.000614895,0.0832986,0.0370671,0.0
5.66236,0.000597901,0.166597,0.0527101,0.0
5.66236,0.000585512,0.133278,0.046929,0.0
5.66195,0.000552497,0.0,0.0,0.0
5.66169,0.000569556,0.0166597,0.0166632,0.0
5.66299,0.00057948,0.183257,0.0550906,0.0
5.66299,0.000590766,0.0832986,0.0370671,0.0
5.66264,0.000587717,0.0832986,0.0370671,0.0
5.66304,0.000588885,0.149938,0.0499896,0.0
5.66283,0.000586874,0.166597,0.0527101,0.0
5.66238,0.000582658,0.0499792,0.0289055,0.0
5.66207,0.000575523,0.166597,0.0527101,0.0
5.66238,0.000557037,0.0666389,0.0333264,0.0
5.66241,0.000577664,0.166597,0.0527101,0.0
5.66309,0.000577858,0.116618,0.0438684,0.0
5.6627,0.000578182,0.133278,0.046929,0.0
5.6623,0.000577793,0.149938,0.0499896,0.0
5.66262,0.000584928,0.0832986,0.0370671,0.0
5.66203,0.000563524,0.0499792,0.0289055,0.0
5.66261,0.000576107,0.0499792,0.0289055,0.0
5.6623,0.000578961,0.0999584,0.0408078,0.0
5.66256,0.000601857,0.166597,0.0527101,0.0
5.66275,0.000608279,0.0999584,0.0408078,0.0
5.66243,0.000567026,0.0832986,0.0370671,0.0
5.66271,0.000580972,0.0832986,0.0370671,0.0
5.66266,0.00056534,0.133278,0.046929,0.0
5.66268,0.00057695,0.0499792,0.0289055,0.0
5.66337,0.000573577,0.116618,0.0438684,0.0
5.66308,0.000572021,0.0999584,0.0408078,0.0
5.66284,0.000574291,0.0832986,0.0370671,0.0
5.66288,0.000563913,0.0999584,0.0408078,0.0
5.66252,0.000562291,0.116618,0.0438684,0.0
5.66324,0.000595566,0.0666389,0.0333264,0.0
5.66336,0.000585836,0.133278,0.046929,0.0
5.6633,0.000587133,0.0832986,0.0370671,0.0
5.66291,0.000597447,0.0832986,0.0370671,0.0
5.66341,0.00057682,0.0832986,0.0370671,0.0
5.66352,0.000604646,0.149938,0.0499896,0.0
5.66394,0.000601403,0.116618,0.0438684,0.0
5.66264,0.000577404,0.0666389,0.0333264,0.0
5.6625,0.000590377,0.133278,0.046929,0.0
5.66302,0.000578507,0.116618,0.0438684,0.0
5.66288,0.000551784,0.0499792,0.0289055,0.0
5.66239,0.000576366,0.133278,0.046929,0.0
5.66195,0.000561253,0.0499792,0.0289055,0.0
5.66182,0.000582917,0.0666389,0.0333264,0.0
5.66181,0.000554832,0.0333195,0.0234645,0.0
5.66222,0.000587198,0.0999584,0.0408078,0.0
5.66212,0.000569102,0.0999584,0.0408078,0.0
5.66201,0.000559697,0.0666389,0.0333264,0.0
5.66221,0.000597965,0.166597,0.0527101,0.0
5.66282,0.000611781,0.133278,0.046929,0.0
5.6625,0.000581555,0.166597,0.0527101,0.0
5.66245,0.000596214,0.0999584,0.0408078,0.0
5.66324,0.000596409,0.199917,0.057471,0.0
5.66281,0.000594917,0.149938,0.0499896,0.0
5.66345,0.000587523,0.116618,0.0438684,0.0
5.66381,0.000584928,0.116618,0.0438684,0.0
5.66389,0.000575718,0.0499792,0.0289055,0.0
5.66236,0.000584474,0.166597,0.0527101,0.0
5.66255,0.000577728,0.0166597,0.0166632,0.0
5.66256,0.000557686,0.116618,0.0438684,0.0
5.66223,0.000565794,0.0666389,0.0333264,0.0
5.66209,0.000571242,0.0499792,0.0289055,0.0
5.66243,0.000593555,0.116618,0.0438684,0.0
5.66295,0.000573448,0.133278,0.046929,0.0
5.66318,0.000590636,0.149938,0.0499896,0.0
5.66332,0.000575069,0.133278,0.046929,0.0
5.66253,0.000589663,0.166597,0.0527101,0.0
5.66256,0.000579155,0.0999584,0.0408078,0.0
5.66264,0.000573902,0.149938,0.0499896,0.0
5.66276,0.000589598,0.133278,0.046929,0.0
5.66225,0.000573058,0.116618,0.0438684,0.0
5.66226,0.000593425,0.183257,0.0550906,0.0
5.66251,0.000585966,0.0666389,0.0333264,0.0
5.66255,0.000566442,0.116618,0.0438684,0.0
5.66272,0.000589079,0.149938,0.0499896,0.0
5.66279,0.000594203,0.0666389,0.0333264,0.0
5.66256,0.000590895,0.0999584,0.0408078,0.0
5.66248,0.000557037,0.0666389,0.0333264,0.0
5.66318,0.000573383,0.133278,0.046929,0.0
5.66189,0.000560929,0.0499792,0.0289055,0.0
5.66199,0.000565729,0.0999584,0.0408078,0.0
5.66254,0.000596344,0.0832986,0.0370671,0.0
5.66331,0.00057948,0.0999584,0.0408078,0.0
5.66299,0.000575393,0.0666389,0.0333264,0.0
5.66286,0.000571372,0.0666389,0.0333264,0.0
5.66185,0.00056975,0.0999584,0.0408078,0.0
5.66245,0.000575977,0.0999584,0.0408078,0.0
5.66301,0.000565664,0.133278,0.046929,0.0
5.66282,0.000577534,0.0499792,0.0289055,0.0
5.66334,0.00058175,0.0832986,0.0370671,0.0
5.66355,0.000584669,0.0499792,0.0289055,0.0
5.66306,0.00057935,0.133278,0.046929,0.0
5.66301,0.000576756,0.166597,0.0527101,0.0
5.66228,0.000589404,0.0999584,0.0408078,0.0
5.66276,0.000583955,0.166597,0.0527101,0.0
5.6631,0.000576107,0.0499792,0.0289055,0.0
5.66333,0.00059122,0.166597,0.0527101,0.0
5.66379,0.000597187,0.0999584,0.0408078,0.0
5.66284,0.000569945,0.0832986,0.0370671,0.0
5.66237,0.000581426,0.166597,0.0527101,0.0
5.66279,0.000592647,0.0999584,0.0408078,0.0
5.66168,0.00056294,0.0499792,0.0289055,0.0
5.66184,0.000583631,0.0666389,0.0333264,0.0
5.66289,0.000557232,0.0999584,0.0408078,0.0
5.66289,0.000578507,0.116618,0.0438684,0.0
5.66284,0.000564561,0.0666389,0.0333264,0.0
5.66314,0.000570853,0.0499792,0.0289055,0.0
5.66281,0.000579934,0.0832986,0.0370671,0.0
5.6632,0.000577728,0.133278,0.046929,0.0
5.66318,0.000581296,0.166597,0.0527101,0.0
5.66326,0.000592776,0.116618,0.0438684,0.0
5.66315,0.000596474,0.216576,0.0598515,0.0
5.66332,0.000609187,0.133278,0.046929,0.0
5.6628,0.00059829,0.149938,0.0499896,0.0
5.66298,0.000568129,0.0666389,0.0333264,0.0
5.66297,0.000588301,0.216576,0.0598515,0.0
5.66182,0.000590701,0.0999584,0.0408078,0.0
5.66147,0.000561059,0.0999584,0.0408078,0.0
5.6628,0.000579999,0.0499792,0.0289055,0.0
5.66329,0.00059576,0.133278,0.046929,0.0
5.66321,0.000600819,0.149938,0.0499896,0.0
5.6629,0.000575134,0.133278,0.046929,0.0
5.66243,0.000587912,0.183257,0.0550906,0.0
5.66282,0.000578118,0.0999584,0.0408078,0.0
5.66249,0.000561513,0.0499792,0.0289055,0.0
5.66216,0.000558659,0.0832986,0.0370671,0.0
5.66389,0.000602246,0.116618,0.0438684,0.0
5.66336,0.000614116,0.249896,0.0642723,0.0
5.6628,0.00060056,0.0832986,0.0370671,0.0
5.66309,0.000618851,0.0999584,0.0408078,0.0
5.66316,0.000578961,0.0666389,0.0333264,0.0
5.66283,0.000617943,0.166597,0.0527101,0.0
5.66237,0.000592322,0.0999584,0.0408078,0.0
5.66289,0.000576756,0.0666389,0.0333264,0.0
5.66281,0.000578831,0.0666389,0.0333264,0.0
5.66196,0.000571891,0.0832986,0.0370671,0.0
5.66267,0.000573253,0.149938,0.0499896,0.0
5.6637,0.000564107,0.0333195,0.0234645,0.0
5.66354,0.000556064,0.0832986,0.0370671,0.0
5.66302,0.000564367,0.0666389,0.0333264,0.0
5.66326,0.000575329,0.149938,0.0499896,0.0
5.66344,0.000576885,0.0832986,0.0370671,0.0
5.66186,0.000595436,0.233236,0.0622319,0.0
5.66301,0.000582853,0.0666389,0.0333264,0.0
5.66364,0.000584863,0.0999584,0.0408078,0.0
5.66294,0.000568518,0.116618,0.0438684,0.0
5.66332,0.00057468,0.0832986,0.0370671,0.0
5.66256,0.000579804,0.116618,0.0438684,0.0
5.66244,0.000577534,0.0666389,0.0333264,0.0
5.66277,0.000590377,0.149938,0.0499896,0.0
5.66264,0.000567869,0.0666389,0.0333264,0.0
5.66249,0.000583825,0.116618,0.0438684,0.0
5.66271,0.000577664,0.0999584,0.0408078,0.0
5.66235,0.000585252,0.0999584,0.0408078,0.0
5.66297,0.000605489,0.183257,0.0550906,0.0
5.66315,0.000579026,0.116618,0.0438684,0.0
5.66318,0.000569296,0.116618,0.0438684,0.0
5.66367,0.000564237,0.0499792,0.0374072,0.0
5.66201,0.000567091,0.0333195,0.0234645,0.0
5.66207,0.000579674,0.166597,0.0527101,0.0
5.66259,0.000596214,0.166597,0.0527101,0.0
5.66298,0.000603608,0.183257,0.0550906,0.0
5.66286,0.000576366,0.0999584,0.0408078,0.0
5.66226,0.000581815,0.0666389,0.0333264,0.0
5.66205,0.000555091,0.0333195,0.0234645,0.0
5.66282,0.000564497,0.0499792,0.0289055,0.0
5.66238,0.000557232,0.0666389,0.0333264,0.0
5.66193,0.000570075,0.0166597,0.0166632,0.0
5.66302,0.000569686,0.116618,0.0438684,0.0
5.66323,0.000583955,0.116618,0.0438684,0.0
5.66261,0.000583501,0.116618,0.0438684,0.0
5.66263,0.000564497,0.0166597,0.0166632,0.0
5.66397,0.000591155,0.166597,0.0527101,0.0
5.66241,0.000585706,0.0666389,0.0333264,0.0
5.66315,0.000585642,0.133278,0.046929,0.0
5.66312,0.000600495,0.116618,0.0438684,0.0
5.66219,0.000589598,0.0999584,0.0408078,0.0
5.66231,0.00058642,0.0999584,0.0408078,0.0
5.66262,0.00057241,0.0832986,0.0370671,0.0
5.66273,0.000561967,0.0666389,0.0333264,0.0
5.66271,0.000554573,0.0499792,0.0289055,0.0
5.66285,0.00056281,0.0832986,0.0370671,0.0
5.66273,0.000552497,0.133278,0.046929,0.0
5.66305,0.000595371,0.166597,0.0527101,0.0
5.66237,0.00058882,0.0999584,0.0408078,0.0
5.66243,0.000567869,0.0832986,0.0370671,0.0
5.66305,0.000566767,0.166597,0.0527101,0.0
5.66243,0.000580193,0.166597,0.0527101,0.0
5.66263,0.000575329,0.0499792,0.0289055,0.0
5.66304,0.000571112,0.116618,0.0438684,0.0
5.66198,0.000568972,0.0499792,0.0289055,0.0
5.66169,0.000581815,0.133278,0.046929,0.0
5.66285,0.000595501,0.116618,0.0438684,0.0
5.66269,0.000573123,0.0333195,0.0234645,0.0
5.662,0.000607111,0.166597,0.0527101,0.0
5.66178,0.000609057,0.166597,0.0527101,0.0
5.66354,0.000580063,0.116618,0.0438684,0.0
5.66407,0.000579934,0.149938,0.0499896,0.0
5.66362,0.000607176,0.199917,0.057471,0.0
5.66284,0.000601209,0.0832986,0.0370671,0.0
5.66237,0.000583242,0.116618,0.0438684,0.0
5.66148,0.000578896,0.0832986,0.0370671,0.0
5.66281,0.000601533,0.116618,0.0438684,0.0
5.66299,0.00058149,0.0666389,0.0333264,0.0
5.66209,0.000555675,0.0832986,0.0370671,0.0
5.66188,0.000583631,0.133278,0.046929,0.0
5.6635,0.000578572,0.0666389,0.0333264,0.0
5.66286,0.000559243,0.0333195,0.0234645,0.0
5.6622,0.000567415,0.116618,0.0438684,0.0
5.66264,0.000574096,0.0832986,0.0370671,0.0
5.66195,0.000557686,0.0499792,0.0289055,0.0
5.66199,0.000569491,0.149938,0.0499896,0.0
5.66272,0.00056521,0.149938,0.0499896,0.0
5.66334,0.000572539,0.0832986,0.0370671,0.0
5.66266,0.000571242,0.116618,0.0438684,0.0
5.66224,0.000567545,0.0666389,0.0333264,0.0
5.66244,0.000563005,0.0999584,0.0408078,0.0
5.66176,0.00057442,0.133278,0.046929,0.0
5.66235,0.000584734,0.0999584,0.0408078,0.0
5.66261,0.000580647,0.133278,0.046929,0.0
5.66288,0.000584669,0.0999584,0.0408078,0.0
5.66274,0.000580972,0.116618,0.0438684,0.0
5.66329,0.000573253,0.0832986,0.0370671,0.0
5.66305,0.000583371,0.116618,0.0438684,0.0
5.66196,0.000576691,0.0666389,0.0333264,0.0
5.66232,0.000570658,0.0666389,0.0333264,0.0
5.6625,0.000586874,0.116618,0.0438684,0.0
5.66281,0.000591804,0.0999584,0.0408078,0.0
5.66229,0.000587847,0.133278,0.046929,0.0
5.66282,0.000585577,0.0999584,0.0408078,0.0
5.66305,0.000581296,0.0666389,0.0333264,0.0
5.66238,0.000587523,0.0999584,0.0408078,0.0
5.6636,0.000586615,0.149938,0.0499896,0.0
5.66347,0.000609965,0.149938,0.0499896,0.0
5.66323,0.000603414,0.133278,0.046929,0.0
5.66221,0.000566118,0.0499792,0.0289055,0.0
5.66284,0.000572799,0.116618,0.0438684,0.0
5.6637,0.00060069,0.133278,0.046929,0.0
5.66305,0.00057001,0.0499792,0.0289055,0.0
5.66235,0.000564237,0.0832986,0.0370671,0.0
5.66267,0.000569296,0.133278,0.046929,0.0
5.66209,0.000603414,0.133278,0.046929,0.0
5.66173,0.000583631,0.0666389,0.0333264,0.0
5.66259,0.000601338,0.149938,0.0550906,0.0
5.66366,0.000593425,0.0999584,0.0408078,0.0
5.66251,0.000589987,0.0999584,0.0408078,0.0
5.66361,0.000587588,0.116618,0.0438684,0.0
5.66312,0.000574745,0.0333195,0.0234645,0.0
5.66193,0.000554962,0.0499792,0.0289055,0.0
5.6624,0.000562291,0.0666389,0.0333264,0.0
5.66354,0.000572539,0.149938,0.0499896,0.0
5.66271,0.000574615,0.133278,0.046929,0.0
5.66307,0.000570204,0.0999584,0.0408078,0.0
5.66253,0.000571761,0.0666389,0.0333264,0.0
5.66257,0.000576042,0.166597,0.0527101,0.0
5.66322,0.00058175,0.149938,0.0499896,0.0
5.66285,0.000601014,0.216576,0.0598515,0.0
5.66289,0.000599328,0.149938,0.0499896,0.0
5.66241,0.000598549,0.0499792,0.0289055,0.0
5.66231,0.000574291,0.133278,0.046929,0.0
5.66174,0.000578377,0.116618,0.0438684,0.0
5.66237,0.000564497,0.116618,0.0438684,0.0
5.66304,0.000574161,0.133278,0.046929,0.0
5.66284,0.000570918,0.116618,0.0438684,0.0
5.66276,0.000569102,0.0999584,0.0408078,0.0
5.66306,0.000583436,0.166597,0.0527101,0.0
5.66247,0.000570204,0.133278,0.046929,0.0
5.66201,0.000569686,0.0166597,0.0166632,0.0
5.66218,0.000557751,0.0832986,0.0370671,0.0
5.66214,0.000554637,0.0499792,0.0289055,0.0
5.66234,0.00056988,0.0499792,0.0289055,0.0
5.6627,0.000561448,0.0832986,0.0370671,0.0
5.66262,0.000564626,0.0999584,0.0408078,0.0
5.66332,0.000579091,0.116618,0.0438684,0.0
5.66286,0.000580388,0.183257,0.0550906,0.0
5.66231,0.000596344,0.149938,0.0499896,0.0
5.6634,0.00061684,0.183257,0.0550906,0.0
5.66322,0.000577534,0.116618,0.0438684,0.0
5.6625,0.000584669,0.0666389,0.0333264,0.0
5.66328,0.000583371,0.0999584,0.0408078,0.0
5.66344,0.000567999,0.0999584,0.0408078,0.0
5.66253,0.000567026,0.133278,0.046929,0.0
5.66339,0.000590247,0.183257,0.0598515,0.0
5.66333,0.00056294,0.0499792,0.0289055,0.0
5.66401,0.000590831,0.149938,0.0499896,0.0
5.66361,0.000565015,0.0999584,0.0408078,0.0
5.66236,0.000589469,0.149938,0.0499896,0.0
5.6627,0.000609316,0.0999584,0.0408078,0.0
5.66328,0.000570788,0.133278,0.046929,0.0
5.66232,0.000576496,0.149938,0.0499896,0.0
5.66366,0.000592193,0.166597,0.0527101,0.0
5.66269,0.00057935,0.0832986,0.0370671,0.0
5.66242,0.000580258,0.0499792,0.0289055,0.0
5.66278,0.000581685,0.0666389,0.0333264,0.0
5.66385,0.000608084,0.149938,0.0499896,0.0
5.6633,0.000592387,0.0666389,0.0333264,0.0
5.66196,0.000586031,0.0666389,0.0333264,0.0
5.66216,0.000585706,0.0832986,0.0370671,0.0
5.66254,0.00060296,0.133278,0.046929,0.0
5.66247,0.000584993,0.116618,0.0438684,0.0
5.66244,0.000592387,0.0999584,0.0408078,0.0
5.66264,0.000604127,0.216576,0.0598515,0.0
5.66388,0.000590247,0.116618,0.0438684,0.0
5.66362,0.00059803,0.149938,0.0499896,0.0
5.6621,0.000590831,0.0999584,0.0408078,0.0
5.66277,0.000572539,0.0666389,0.0333264,0.0
5.6621,0.000579545,0.133278,0.046929,0.0
5.66124,0.000569361,0.0832986,0.0370671,0.0
5.66134,0.000564107,0.0333195,0.0234645,0.0
5.66223,0.000547567,0.0333195,0.0234645,0.0
5.66293,0.00056761,0.0999584,0.0408078,0.0
5.66175,0.000571242,0.133278,0.046929,0.0
5.66277,0.000576366,0.0666389,0.0333264,0.0
5.66282,0.000570918,0.116618,0.0438684,0.0
5.66216,0.000578766,0.0666389,0.0333264,0.0
5.66293,0.000562161,0.0666389,0.0333264,0.0
5.66247,0.000576431,0.183257,0.0550906,0.0
5.66283,0.000585252,0.0999584,0.0408078,0.0
5.6631,0.000595371,0.166597,0.0527101,0.0
5.663,0.000591998,0.149938,0.0499896,0.0
5.66232,0.000608992,0.116618,0.0438684,0.0
5.66152,0.000584798,0.133278,0.046929,0.0
5.66243,0.000589404,0.149938,0.0499896,0.0
5.66242,0.000577793,0.0999584,0.0408078,0.0
5.6619,0.000557686,0.0666389,0.0333264,0.0
5.66276,0.000596344,0.183257,0.0550906,0.0
5.66284,0.000614635,0.199917,0.057471,0.0
5.66203,0.000582658,0.0832986,0.0370671,0.0
5.6619,0.000575329,0.0499792,0.0289055,0.0
5.6626,0.000602441,0.0832986,0.0370671,0.0
5.66196,0.000572864,0.116618,0.0438684,0.0
5.66173,0.000579609,0.0666389,0.0333264,0.0
5.6629,0.000585058,0.166597,0.0527101,0.0
5.66245,0.000576496,0.0999584,0.0408078,0.0
5.66282,0.000575847,0.116618,0.0438684,0.0
5.66293,0.000582593,0.116618,0.0438684,0.0
5.66328,0.000569426,0.116618,0.0438684,0.0
5.66305,0.000595825,0.116618,0.0438684,0.0
5.66356,0.000598938,0.133278,0.046929,0.0
5.66309,0.000610873,0.116618,0.0438684,0.0
5.66223,0.000567286,0.0832986,0.0370671,0.0
5.6615,0.000575393,0.0999584,0.0408078,0.0
5.66236,0.000577015,0.0832986,0.0370671,0.0
5.66343,0.000575199,0.116618,0.0438684,0.0
5.66469,0.000574096,0.183257,0.0550906,0.0
5.66425,0.000593425,0.166597,0.0527101,0.0
5.66318,0.000581036,0.0666389,0.0333264,0.0
5.66246,0.000589728,0.0999584,0.0408078,0.0
5.66251,0.000575783,0.166597,0.0527101,0.0
5.66265,0.000571567,0.0832986,0.0370671,0.0
5.66266,0.000576756,0.0832986,0.0370671,0.0
5.66352,0.00057468,0.0333195,0.0234645,0.0
5.6629,0.00058415,0.166597,0.0527101,0.0
5.66238,0.00056534,0.133278,0.046929,0.0
5.66286,0.000582917,0.0666389,0.0333264,0.0
5.66218,0.00058149,0.0999584,0.0408078,0.0
5.66299,0.000584344,0.116618,0.0438684,0.0
5.66378,0.000609641,0.149938,0.0499896,0.0
5.66253,0.000583761,0.0499792,0.0289055,0.0
5.66242,0.000570723,0.0832986,0.0370671,0.0
5.66269,0.000583696,0.0999584,0.0408078,0.0
5.66328,0.000587588,0.0999584,0.0408078,0.0
5.66332,0.000592258,0.199917,0.057471,0.0
5.66337,0.000583047,0.149938,0.0499896,0.0
5.66372,0.000600495,0.133278,0.046929,0.0
5.66277,0.000597641,0.216576,0.0598515,0.0
5.66179,0.000594139,0.0666389,0.0333264,0.0
5.66221,0.000568323,0.0999584,0.0408078,0.0
5.66301,0.00056774,0.0666389,0.0333264,0.0
5.66323,0.000562745,0.149938,0.0499896,0.0
5.66237,0.000584669,0.116618,0.0438684,0.0
5.66308,0.000605489,0.149938,0.0499896,0.0
5.66323,0.000596733,0.116618,0.0438684,0.0
5.66222,0.000570918,0.0499792,0.0289055,0.0
5.66213,0.000577923,0.0832986,0.0370671,0.0
5.66252,0.000594074,0.116618,0.0438684,0.0
5.66298,0.000599133,0.0832986,0.0370671,0.0
5.66277,0.00057948,0.0999584,0.0408078,0.0
5.66266,0.000581944,0.133278,0.046929,0.0
5.66267,0.000585317,0.0999584,0.0408078,0.0
5.66221,0.000579415,0.0666389,0.0333264,0.0
5.66161,0.000577339,0.0832986,0.0370671,0.0
5.6622,0.000581426,0.133278,0.046929,0.0
5.66281,0.000591998,0.0999584,0.0408078,0.0
5.66238,0.000582917,0.116618,0.0438684,0.0
5.66242,0.000592776,0.133278,0.046929,0.0
5.66355,0.000595306,0.0999584,0.0408078,0.0
5.66344,0.000570983,0.116618,0.0438684,0.0
5.66282,0.000564497,0.116618,0.0438684,0.0
5.66289,0.000571891,0.0832986,0.0370671,0.0
5.66321,0.000597122,0.133278,0.046929,0.0
5.66352,0.000582723,0.133278,0.046929,0.0
5.66335,0.000581231,0.166597,0.0527101,0.0
5.6624,0.000583047,0.0999584,0.0408078,0.0
5.66133,0.000548216,0.0166597,0.0166632,0.0
5.66106,0.000559826,0.0666389,0.0333264,0.0
5.6626,0.00057708,0.0999584,0.0408078,0.0
5.66202,0.000592906,0.116618,0.0438684,0.0
5.66207,0.000584863,0.116618,0.0438684,0.0
5.66193,0.000562161,0.0499792,0.0289055,0.0
5.66236,0.000566378,0.0832986,0.0370671,0.0
5.66362,0.00058895,0.149938,0.0499896,0.0
5.66287,0.00058402,0.0499792,0.0289055,0.0
5.66164,0.000569361,0.0666389,0.0333264,0.0
5.66264,0.00055321,0.0499792,0.0289055,0.0
5.66264,0.000558854,0.133278,0.046929,0.0
5.66209,0.000566053,0.116618,0.0438684,0.0
5.66271,0.00054653,0.0666389,0.0333264,0.0
5.66235,0.000571437,0.116618,0.0438684,0.0
5.66286,0.000618008,0.133278,0.046929,0.0
5.66288,0.000573772,0.116618,0.0438684,0.0
5.66236,0.000571891,0.0999584,0.0408078,0.0
5.66367,0.000577145,0.116618,0.0438684,0.0
5.66318,0.000569167,0.0499792,0.0289055,0.0
5.66239,0.000564626,0.0999584,0.0408078,0.0
5.66276,0.000571956,0.0499792,0.0289055,0.0
5.66191,0.000589728,0.166597,0.0527101,0.0
5.66157,0.000589663,0.166597,0.0527101,0.0
5.66219,0.000594203,0.0666389,0.0333264,0.0
5.66231,0.000567999,0.0832986,0.0370671,0.0
5.66271,0.000592841,0.199917,0.057471,0.0
5.66325,0.000607241,0.0999584,0.0408078,0.0
5.66267,0.000572604,0.133278,0.046929,0.0
5.66302,0.000579026,0.0832986,0.0370671,0.0
5.66287,0.00058162,0.149938,0.0499896,0.0
5.66201,0.000570075,0.0333195,0.0234645,0.0
5.66197,0.000558659,0.0832986,0.0370671,0.0
5.66262,0.000594203,0.166597,0.0527101,0.0
5.66362,0.000589923,0.0999584,0.0408078,0.0
5.66296,0.000588106,0.149938,0.0499896,0.0
5.66337,0.000600819,0.133278,0.046929,0.0
5.66373,0.000589209,0.0832986,0.0370671,0.0
5.66231,0.00059842,0.149938,0.0499896,0.0
5.6623,0.000576301,0.166597,0.0527101,0.0
5.66262,0.000588431,0.133278,0.046929,0.0
5.66299,0.000587004,0.0999584,0.0408078,0.0
5.66317,0.000575912,0.0666389,0.0333264,0.0
5.66162,0.000563329,0.0666389,0.0333264,0.0
5.66192,0.000567286,0.116618,0.0438684,0.0
5.66335,0.000570334,0.0999584,0.0408078,0.0
5.66322,0.000582723,0.0999584,0.0408078,0.0
5.66305,0.000584734,0.0999584,0.0408078,0.0
5.66225,0.000587782,0.199917,0.057471,0.0
5.66209,0.000582723,0.0166597,0.0166632,0.0
5.66196,0.000580777,0.133278,0.046929,0.0
5.6626,0.000597641,0.0999584,0.0408078,0.0
5.66252,0.000554119,0.0666389,0.0333264,0.0
5.66133,0.00058882,0.0832986,0.0370671,0.0
5.66209,0.000561189,0.0499792,0.0289055,0.0
5.66367,0.000573448,0.149938,0.0499896,0.0
5.66336,0.000602117,0.0999584,0.0408078,0.0
5.6625,0.00060043,0.116618,0.0438684,0.0
5.663,0.000589728,0.149938,0.0499896,0.0
5.66286,0.000560929,0.0666389,0.0333264,0.0
5.6626,0.000575393,0.116618,0.0438684,0.0
5.66286,0.00057695,0.0832986,0.0370671,0.0
5.66379,0.000574226,0.116618,0.0438684,0.0
5.66325,0.000573123,0.0666389,0.0333264,0.0
5.66228,0.000568648,0.116618,0.0438684,0.0
5.66304,0.000588431,0.0499792,0.0289055,0.0
5.66356,0.000602311,0.133278,0.046929,0.0
5.66222,0.000563588,0.0666389,0.0333264,0.0
5.66265,0.000574291,0.133278,0.046929,0.0
5.663,0.000553924,0.0832986,0.0370671,0.0
5.66293,0.000574485,0.0832986,0.0370671,0.0
5.66241,0.000575458,0.0832986,0.0370671,0.0
5.66255,0.000566896,0.0499792,0.0289055,0.0
5.6627,0.000575523,0.166597,0.0527101,0.0
5.66182,0.000596409,0.0333195,0.0234645,0.0
5.66202,0.000565794,0.0,0.0,0.0
5.66301,0.000592452,0.183257,0.0550906,0.0
5.66307,0.000600949,0.0999584,0.0408078,0.0
5.66265,0.000585447,0.0832986,0.0370671,0.0
5.66272,0.000568453,0.0999584,0.0408078,0.0
5.66337,0.000566832,0.0832986,0.0370671,0.0
5.66332,0.000582334,0.133278,0.046929,0.0
5.66233,0.000587652,0.0832986,0.0370671,0.0
5.66321,0.000594852,0.149938,0.0499896,0.0
5.66326,0.000567805,0.116618,0.0438684,0.0
5.6616,0.000564756,0.149938,0.0499896,0.0
5.66129,0.000576107,0.0499792,0.0289055,0.0
5.66162,0.000552108,0.0499792,0.0289055,0.0
5.66227,0.000557491,0.0666389,0.0333264,0.0
5.66257,0.000582074,0.0999584,0.0408078,0.0
5.6638,0.000585901,0.116618,0.0438684,0.0
5.66325,0.000606787,0.183257,0.0550906,0.0
5.6634,0.000577015,0.116618,0.0438684,0.0
5.66298,0.000574226,0.183257,0.0550906,0.0
5.66258,0.000575653,0.0832986,0.0370671,0.0
5.66347,0.000558464,0.0832986,0.0370671,0.0
5.66278,0.000583631,0.116618,0.0438684,0.0
5.66243,0.000575458,0.0999584,0.0408078,0.0
5.66274,0.000571307,0.0999584,0.0408078,0.0
5.6633,0.00059602,0.133278,0.046929,0.0
5.66271,0.000589987,0.0832986,0.0370671,0.0
5.66284,0.000569621,0.0666389,0.0333264,0.0
5.66204,0.000568323,0.0999584,0.0408078,0.0
5.66222,0.00055334,0.0832986,0.0370671,0.0
5.66262,0.000566572,0.0499792,0.0289055,0.0
5.66181,0.000581426,0.0832986,0.0370671,0.0
5.66218,0.000605944,0.216576,0.0598515,0.0
5.66231,0.000578377,0.0499792,0.0289055,0.0
5.66239,0.000579155,0.0666389,0.0333264,0.0
5.66251,0.000587004,0.133278,0.046929,0.0
5.66389,0.00058415,0.0999584,0.0408078,0.0
5.66337,0.000603868,0.166597,0.0527101,0.0
5.66308,0.000571502,0.0832986,0.0370671,0.0
5.66237,0.000579091,0.116618,0.0438684,0.0
5.66244,0.000587588,0.0999584,0.0408078,0.0
5.66264,0.000564561,0.0666389,0.0333264,0.0
5.66279,0.000554054,0.0499792,0.0289055,0.0
5.66237,0.000564756,0.0999584,0.0408078,0.0
5.66246,0.000565534,0.0666389,0.0333264,0.0
5.66232,0.000580777,0.0666389,0.0333264,0.0
5.66204,0.00056028,0.0166597,0.0166632,0.0
5.66225,0.000579609,0.133278,0.046929,0.0
5.66347,0.000579415,0.0832986,0.0370671,0.0
5.66244,0.000571631,0.0832986,0.0370671,0.0
5.66261,0.000575718,0.0666389,0.0333264,0.0
5.66366,0.00059109,0.0999584,0.0408078,0.0
5.66262,0.000580582,0.116618,0.0438684,0.0
5.66269,0.000603414,0.116618,0.0438684,0.0
5.66343,0.000584215,0.0832986,0.0370671,0.0
5.66273,0.000589793,0.149938,0.0499896,0.0
5.66253,0.000588755,0.0999584,0.0408078,0.0
5.6621,0.000579609,0.116618,0.0438684,0.0
5.6625,0.00059109,0.0832986,0.0370671,0.0
5.66273,0.000568907,0.0832986,0.0370671,0.0
5.66305,0.000571112,0.0832986,0.0370671,0.0
5.66225,0.000571567,0.0499792,0.0289055,0.0
5.66183,0.000565469,0.0999584,0.0408078,0.0
5.6624,0.000573448,0.133278,0.046929,0.0
5.66313,0.000586096,0.149938,0.0550906,0.0
5.66271,0.00056028,0.0499792,0.0289055,0.0
5.66313,0.000572021,0.116618,0.0438684,0.0
5.66296,0.000592128,0.0832986,0.0370671,0.0
5.66297,0.000582334,0.0832986,0.0370671,0.0
5.66336,0.000581815,0.166597,0.0527101,0.0
5.66241,0.000574161,0.0333195,0.0234645,0.0
5.66274,0.000602441,0.183257,0.0550906,0.0
5.66294,0.000592322,0.149938,0.0499896,0.0
5.66203,0.000579869,0.0666389,0.0333264,0.0
5.66161,0.000575653,0.133278,0.046929,0.0
5.66271,0.000599911,0.0333195,0.0234645,0.0
5.66145,0.000566248,0.0499792,0.0289055,0.0
5.66205,0.000564367,0.0333195,0.0234645,0.0
5.66222,0.000584863,0.0333195,0.0234645,0.0
5.66294,0.000566248,0.0999584,0.0408078,0.0
5.66184,0.000594333,0.133278,0.046929,0.0
5.66163,0.000585252,0.0832986,0.0370671,0.0
5.66325,0.000585577,0.0832986,0.0370671,0.0
5.66274,0.000581944,0.133278,0.046929,0.0
5.66246,0.000580582,0.0999584,0.0408078,0.0
5.66276,0.000573123,0.116618,0.0438684,0.0
5.66312,0.000556064,0.0499792,0.0289055,0.0
5.66295,0.000575977,0.0832986,0.0370671,0.0
5.66303,0.000577988,0.0999584,0.0408078,0.0
5.66295,0.000594593,0.216576,0.0598515,0.0
5.66237,0.000578442,0.0999584,0.0408078,0.0
5.66241,0.00057682,0.0333195,0.0234645,0.0
5.66223,0.000570594,0.0499792,0.0289055,0.0
5.66295,0.000580193,0.133278,0.046929,0.0
5.66269,0.000572085,0.0666389,0.0333264,0.0
5.66219,0.000565794,0.0666389,0.0333264,0.0
5.66326,0.000578182,0.133278,0.046929,0.0
5.66322,0.000606203,0.116618,0.0438684,0.0
5.66217,0.000585771,0.149938,0.0499896,0.0
5.66227,0.000574939,0.0832986,0.0370671,0.0
5.66278,0.000580582,0.0999584,0.0408078,0.0
5.66233,0.000570334,0.0666389,0.0333264,0.0
5.66259,0.000555221,0.0666389,0.0333264,0.0
5.66257,0.000568518,0.166597,0.0527101,0.0
5.66287,0.00058149,0.116618,0.0438684,0.0
5.66257,0.000580712,0.0832986,0.0370671,0.0
5.66299,0.000591868,0.149938,0.0499896,0.0
5.66278,0.000581231,0.0832986,0.0370671,0.0
5.66231,0.00056294,0.116618,0.0438684,0.0
5.66264,0.000586809,0.0832986,0.0370671,0.0
5.66234,0.000570269,0.0499792,0.0289055,0.0
5.66231,0.000587652,0.183257,0.0550906,0.0
5.66279,0.000586031,0.0666389,0.0333264,0.0
5.66269,0.000570918,0.116618,0.0438684,0.0
5.66281,0.000570529,0.0666389,0.0333264,0.0
5.66278,0.000566248,0.0832986,0.0370671,0.0
5.66257,0.000557556,0.0999584,0.0408078,0.0
5.66203,0.000566118,0.0499792,0.0289055,0.0
5.66291,0.000564561,0.133278,0.046929,0.0
5.66258,0.00057442,0.116618,0.0438684,0.0
5.66266,0.00057014,0.0832986,0.0370671,0.0
5.66307,0.000597447,0.116618,0.0438684,0.0
5.66329,0.000623002,0.149938,0.0499896,0.0
5.66292,0.000588755,0.133278,0.046929,0.0
5.6619,0.00058188,0.149938,0.0499896,0.0
5.66126,0.000558854,0.0499792,0.0289055,0.0
5.66227,0.000578507,0.0832986,0.0370671,0.0
5.66249,0.000570334,0.0832986,0.0370671,0.0
5.66235,0.000569102,0.133278,0.046929,0.0
5.66249,0.0,0.133278,0.0,0.0
5.66151,0.0,0.133278,0.0,0.0
5.6622,0.0,0.0333195,0.0,0.0
5.66343,0.0,0.133278,0.0,0.0
5.66313,0.0,0.116618,0.0,0.0
5.66242,0.0,0.0333195,0.0,0.0
5.66292,0.0,0.0666389,0.0,0.0
5.66337,0.0,0.183257,0.0,0.0
5.66331,0.0,0.0166597,0.0,0.0
5.66311,0.0,0.149938,0.0,0.0
5.66283,0.0,0.133278,0.0,0.0
5.66219,0.0,0.0999584,0.0,0.0
5.66331,0.0,0.0832986,0.0,0.0
5.66336,0.0,0.0666389,0.0,0.0
5.66209,0.0,0.116618,0.0,0.0
5.66226,0.0,0.0832986,0.0,0.0
5.66247,0.0,0.0832986,0.0,0.0
5.66386,0.0,0.149938,0.0,0.0
5.66321,0.0,0.149938,0.0,0.0
5.66256,0.0,0.183257,0.0,0.0
5.66297,0.0,0.0999584,0.0,0.0
5.66299,0.0,0.0999584,0.0,0.0
5.66248,0.0,0.0333195,0.0,0.0
5.66395,0.0,0.0832986,0.0,0.0
5.6622,0.0,0.0499792,0.0,0.0
5.66212,0.0,0.166597,0.0,0.0
5.6632,0.0,0.133278,0.0,0.0
5.66277,0.0,0.166597,0.0,0.0
5.66169,0.0,0.0499792,0.0,0.0
5.66241,0.0,0.116618,0.0,0.0
5.66281,0.0,0.0832986,0.0,0.0
5.6639,0.0,0.116618,0.0,0.0
5.66271,0.0,0.0666389,0.0,0.0
5.66208,0.0,0.0999584,0.0,0.0
5.66238,0.0,0.0999584,0.0,0.0
5.66334,0.0,0.133278,0.0,0.0
5.6626,0.0,0.0832986,0.0,0.0
5.66284,0.0,0.149938,0.0,0.0
5.66325,0.0,0.116618,0.0,0.0
5.66339,0.0,0.0666389,0.0,0.0
5.66354,0.0,0.116618,0.0,0.0
5.66245,0.0,0.0499792,0.0,0.0
5.66196,0.0,0.116618,0.0,0.0
5.66258,0.0,0.0999584,0.0,0.0
5.66326,0.0,0.0832986,0.0,0.0
5.66263,0.0,0.116618,0.0,0.0
5.66215,0.0,0.166597,0.0,0.0
5.66291,0.0,0.116618,0.0,0.0
5.662,0.0,0.0999584,0.0,0.0
5.66181,0.0,0.0666389,0.0,0.0
5.6627,0.0,0.133278,0.0,0.0
5.66269,0.0,0.116618,0.0,0.0
5.66193,0.0,0.116618,0.0,0.0
5.66249,0.0,0.0499792,0.0,0.0
5.66251,0.0,0.116618,0.0,0.0
5.66333,0.0,0.0499792,0.0,0.0
5.66331,0.0,0.0832986,0.0,0.0
5.66345,0.0,0.116618,0.0,0.0
5.66326,0.0,0.149938,0.0,0.0
5.66308,0.0,0.0832986,0.0,0.0
5.66255,0.0,0.0666389,0.0,0.0
5.66183,0.0,0.166597,0.0,0.0
5.66283,0.0,0.116618,0.0,0.0
5.66352,0.0,0.0999584,0.0,0.0
5.66252,0.0,0.116618,0.0,0.0
5.6626,0.0,0.0999584,0.0,0.0
5.66241,0.0,0.0999584,0.0,0.0
5.66261,0.0,0.133278,0.0,0.0
5.6622,0.0,0.0666389,0.0,0.0
5.66288,0.0,0.133278,0.0,0.0
5.6624,0.0,0.116618,0.0,0.0
5.66233,0.0,0.0832986,0.0,0.0
5.66274,0.0,0.149938,0.0,0.0
5.66288,0.0,0.116618,0.0,0.0
5.66164,0.0,0.0832986,0.0,0.0
5.66265,0.0,0.0999584,0.0,0.0
5.66332,0.0,0.133278,0.0,0.0
5.66365,0.0,0.116618,0.0,0.0
5.66243,0.0,0.0832986,0.0,0.0
5.66181,0.0,0.0832986,0.0,0.0
5.66193,0.0,0.0999584,0.0,0.0
5.66264,0.0,0.133278,0.0,0.0
5.66224,0.0,0.0499792,0.0,0.0
5.66293,0.0,0.133278,0.0,0.0
5.66241,0.0,0.149938,0.0,0.0
5.66277,0.0,0.133278,0.0,0.0
5.66368,0.0,0.0666389,0.0,0.0
5.66204,0.0,0.0499792,0.0,0.0
5.66234,0.0,0.0832986,0.0,0.0
5.66253,0.0,0.149938,0.0,0.0
5.66182,0.0,0.0999584,0.0,0.0
5.66131,0.0,0.0999584,0.0,0.0
5.66179,0.0,0.0333195,0.0,0.0
5.66295,0.0,0.149938,0.0,0.0
5.66355,0.0,0.133278,0.0,0.0
5.66304,0.0,0.0832986,0.0,0.0
5.66255,0.0,0.0666389,0.0,0.0
5.66288,0.0,0.133278,0.0,0.0
5.6624,0.0,0.133278,0.0,0.0
5.66211,0.0,0.0666389,0.0,0.0
5.66214,0.0,0.0499792,0.0,0.0
5.66357,0.0,0.0832986,0.0,0.0
5.66243,0.0,0.133278,0.0,0.0
5.66306,0.0,0.149938,0.0,0.0
5.66325,0.0,0.0832986,0.0,0.0
5.66245,0.0,0.0999584,0.0,0.0
5.66289,0.0,0.116618,0.0,0.0
5.66293,0.0,0.116618,0.0,0.0
5.66228,0.0,0.149938,0.0,0.0
5.66302,0.0,0.0666389,0.0,0.0
5.6618,0.0,0.116618,0.0,0.0
5.66389,0.0,0.116618,0.0,0.0
5.66375,0.0,0.166597,0.0,0.0
5.66244,0.0,0.149938,0.0,0.0
5.66274,0.0,0.133278,0.0,0.0
5.66386,0.0,0.216576,0.0,0.0
5.66366,0.0,0.149938,0.0,0.0
5.66353,0.0,0.133278,0.0,0.0
5.66323,0.0,0.133278,0.0,0.0
5.66277,0.0,0.133278,0.0,0.0
5.66228,0.0,0.0666389,0.0,0.0
5.66222,0.0,0.0499792,0.0,0.0
5.66246,0.0,0.0832986,0.0,0.0
5.66259,0.0,0.133278,0.0,0.0
5.66291,0.0,0.0999584,0.0,0.0
5.6626,0.0,0.149938,0.0,0.0
5.66325,0.0,0.116618,0.0,0.0
5.66419,0.0,0.183257,0.0,0.0
5.66277,0.0,0.0333195,0.0,0.0
5.66235,0.0,0.116618,0.0,0.0
5.6628,0.0,0.0666389,0.0,0.0
5.66224,0.0,0.0499792,0.0,0.0
5.66236,0.0,0.133278,0.0,0.0
5.66227,0.0,0.0166597,0.0,0.0
5.662,0.0,0.0,0.0,0.0
5.66133,0.0,0.0999584,0.0,0.0
5.66157,0.0,0.0666389,0.0,0.0
5.6631,0.0,0.149938,0.0,0.0
5.66323,0.0,0.0999584,0.0,0.0
5.66297,0.0,0.133278,0.0,0.0
5.66284,0.0,0.0333195,0.0,0.0
5.66285,0.0,0.116618,0.0,0.0
5.66303,0.0,0.0499792,0.0,0.0
5.6626,0.0,0.0999584,0.0,0.0
5.66197,0.0,0.133278,0.0,0.0
5.6617,0.0,0.0499792,0.0,0.0
5.66192,0.0,0.183257,0.0,0.0
5.66324,0.0,0.0333195,0.0,0.0
5.66269,0.0,0.0333195,0.0,0.0
5.66234,0.0,0.0666389,0.0,0.0
5.66302,0.0,0.183257,0.0,0.0
5.66261,0.0,0.133278,0.0,0.0
5.66249,0.0,0.0499792,0.0,0.0
5.66264,0.0,0.0666389,0.0,0.0
5.66195,0.0,0.0832986,0.0,0.0
5.66285,0.0,0.0832986,0.0,0.0
5.66213,0.0,0.0333195,0.0,0.0
5.66245,0.0,0.0832986,0.0,0.0
5.66271,0.0,0.199917,0.0,0.0
5.66325,0.0,0.0832986,0.0,0.0
5.66296,0.0,0.116618,0.0,0.0
5.66291,0.0,0.116618,0.0,0.0
5.66267,0.0,0.133278,0.0,0.0
5.66241,0.0,0.0999584,0.0,0.0
5.66291,0.0,0.116618,0.0,0.0
5.66198,0.0,0.0499792,0.0,0.0
5.66315,0.0,0.133278,0.0,0.0
5.66312,0.0,0.0499792,0.0,0.0
5.66267,0.0,0.0666389,0.0,0.0
5.66294,0.0,0.149938,0.0,0.0
5.663,0.0,0.133278,0.0,0.0
5.66288,0.0,0.216576,0.0,0.0
5.66268,0.0,0.133278,0.0,0.0
5.66312,0.0,0.149938,0.0,0.0
5.66252,0.0,0.133278,0.0,0.0
5.66189,0.0,0.116618,0.0,0.0
5.66132,0.0,0.0832986,0.0,0.0
5.66323,0.0,0.133278,0.0,0.0
5.66314,0.0,0.166597,0.0,0.0
5.66216,0.0,0.0499792,0.0,0.0
5.66204,0.0,0.0333195,0.0,0.0
5.66271,0.0,0.166597,0.0,0.0
5.66289,0.0,0.0666389,0.0,0.0
5.66353,0.0,0.183257,0.0,0.0
5.66206,0.0,0.0999584,0.0,0.0
5.66253,0.0,0.0999584,0.0,0.0
5.66338,0.0,0.0832986,0.0,0.0
5.66279,0.0,0.0832986,0.0,0.0
5.66212,0.0,0.166597,0.0,0.0
5.66205,0.0,0.116618,0.0,0.0
5.66249,0.0,0.0666389,0.0,0.0
5.66263,0.0,0.0499792,0.0,0.0
5.6624,0.0,0.166597,0.0,0.0
5.6623,0.0,0.0832986,0.0,0.0
5.66294,0.0,0.216576,0.0,0.0
5.66206,0.0,0.149938,0.0,0.0
5.66138,0.0,0.0499792,0.0,0.0
5.66207,0.0,0.0832986,0.0,0.0
5.66269,0.0,0.0499792,0.0,0.0
5.6631,0.0,0.166597,0.0,0.0
5.66268,0.0,0.0999584,0.0,0.0
5.66242,0.0,0.0832986,0.0,0.0
5.66169,0.0,0.0666389,0.0,0.0
5.66329,0.0,0.0999584,0.0,0.0
5.6624,0.0,0.0666389,0.0,0.0
5.66295,0.0,0.149938,0.0,0.0
5.66161,0.0,0.0832986,0.0,0.0
5.66242,0.0,0.0166597,0.0,0.0
5.66304,0.0,0.166597,0.0,0.0
5.66219,0.0,0.0832986,0.0,0.0
5.66198,0.0,0.0333195,0.0,0.0
5.66216,0.0,0.0666389,0.0,0.0
5.66261,0.0,0.149938,0.0,0.0
5.66312,0.0,0.149938,0.0,0.0
5.66299,0.0,0.116618,0.0,0.0
5.66274,0.0,0.133278,0.0,0.0
5.66245,0.0,0.0333195,0.0,0.0
5.66361,0.0,0.149938,0.0,0.0
5.66237,0.0,0.0999584,0.0,0.0
5.66168,0.0,0.0832986,0.0,0.0
5.66236,0.0,0.0499792,0.0,0.0
5.6633,0.0,0.116618,0.0,0.0
5.66298,0.0,0.116618,0.0,0.0
5.66217,0.0,0.0166597,0.0,0.0
5.66162,0.0,0.166597,0.0,0.0
5.66263,0.0,0.133278,0.0,0.0
5.66194,0.0,0.0499792,0.0,0.0
5.66205,0.0,0.0999584,0.0,0.0
5.66301,0.0,0.116618,0.0,0.0
5.66355,0.0,0.149938,0.0,0.0
5.6633,0.0,0.0832986,0.0,0.0
5.66245,0.0,0.0499792,0.0,0.0
5.66195,0.0,0.183257,0.0,0.0
5.66342,0.0,0.0832986,0.0,0.0
5.66389,0.0,0.0999584,0.0,0.0
5.66287,0.0,0.0999584,0.0,0.0
5.6625,0.0,0.133278,0.0,0.0
5.66338,0.0,0.116618,0.0,0.0
5.66294,0.0,0.0832986,0.0,0.0
5.66281,0.0,0.0999584,0.0,0.0
5.66286,0.0,0.0832986,0.0,0.0
5.66328,0.0,0.0832986,0.0,0.0
5.66257,0.0,0.0832986,0.0,0.0
5.66237,0.0,0.149938,0.0,0.0
5.66238,0.0,0.133278,0.0,0.0
5.66189,0.0,0.0666389,0.0,0.0
5.66204,0.0,0.0999584,0.0,0.0
5.6629,0.0,0.116618,0.0,0.0
5.6626,0.0,0.0666389,0.0,0.0
5.66223,0.0,0.0832986,0.0,0.0
5.66296,0.0,0.0832986,0.0,0.0
5.66335,0.0,0.166597,0.0,0.0
5.66301,0.0,0.116618,0.0,0.0
5.66317,0.0,0.0832986,0.0,0.0
5.66345,0.0,0.0666389,0.0,0.0
5.66289,0.0,0.166597,0.0,0.0
5.66303,0.0,0.133278,0.0,0.0
5.6631,0.0,0.116618,0.0,0.0
5.6626,0.0,0.0832986,0.0,0.0
5.66281,0.0,0.0832986,0.0,0.0
5.66347,0.0,0.116618,0.0,0.0
5.66308,0.0,0.116618,0.0,0.0
5.6623,0.0,0.183257,0.0,0.0
5.66325,0.0,0.0832986,0.0,0.0
5.66338,0.0,0.166597,0.0,0.0
5.663,0.0,0.0832986,0.0,0.0
5.6623,0.0,0.0666389,0.0,0.0
5.66315,0.0,0.166597,0.0,0.0
5.66354,0.0,0.0832986,0.0,0.0
5.66303,0.0,0.0999584,0.0,0.0
5.66275,0.0,0.0832986,0.0,0.0
5.66275,0.0,0.0666389,0.0,0.0
5.66322,0.0,0.0999584,0.0,0.0
5.66357,0.0,0.0832986,0.0,0.0
5.66285,0.0,0.116618,0.0,0.0
5.66117,0.0,0.0999584,0.0,0.0
5.66173,0.0,0.149938,0.0,0.0
5.66238,0.0,0.183257,0.0,0.0
5.66224,0.0,0.0666389,0.0,0.0
5.66121,0.0,0.0999584,0.0,0.0
5.66233,0.0,0.0832986,0.0,0.0
5.66345,0.0,0.0499792,0.0,0.0
5.66299,0.0,0.133278,0.0,0.0
5.66302,0.0,0.166597,0.0,0.0
5.66322,0.0,0.133278,0.0,0.0
5.66311,0.0,0.133278,0.0,0.0
5.66303,0.0,0.0666389,0.0,0.0
5.66318,0.0,0.133278,0.0,0.0
5.66247,0.0,0.149938,0.0,0.0
5.66299,0.0,0.183257,0.0,0.0
5.6629,0.0,0.133278,0.0,0.0
5.66239,0.0,0.133278,0.0,0.0
5.66299,0.0,0.0832986,0.0,0.0
5.66309,0.0,0.0999584,0.0,0.0
5.66171,0.0,0.0499792,0.0,0.0
5.66178,0.0,0.133278,0.0,0.0
5.66244,0.0,0.0666389,0.0,0.0
5.6617,0.0,0.0499792,0.0,0.0
5.66154,0.0,0.0666389,0.0,0.0
5.66342,0.0,0.0666389,0.0,0.0
5.66346,0.0,0.149938,0.0,0.0
5.66312,0.0,0.133278,0.0,0.0
5.66256,0.0,0.116618,0.0,0.0
5.66261,0.0,0.0499792,0.0,0.0
5.66346,0.0,0.266556,0.0,0.0
5.66277,0.0,0.0666389,0.0,0.0
5.66178,0.0,0.0832986,0.0,0.0
5.6626,0.0,0.149938,0.0,0.0
5.6638,0.0,0.0333195,0.0,0.0
5.66207,0.0,0.0666389,0.0,0.0
5.6623,0.0,0.0666389,0.0,0.0
5.6633,0.0,0.166597,0.0,0.0
5.66292,0.0,0.0832986,0.0,0.0
5.66264,0.0,0.0999584,0.0,0.0
5.66243,0.0,0.149938,0.0,0.0
5.66365,0.0,0.166597,0.0,0.0
5.66328,0.0,0.0999584,0.0,0.0
5.66224,0.0,0.166597,0.0,0.0
5.66362,0.0,0.0999584,0.0,0.0
5.66346,0.0,0.0832986,0.0,0.0
5.66215,0.0,0.133278,0.0,0.0
5.66274,0.0,0.0333195,0.0,0.0
5.66237,0.0,0.116618,0.0,0.0
5.66206,0.0,0.0999584,0.0,0.0
5.66352,0.0,0.0999584,0.0,0.0
5.66383,0.0,0.0999584,0.0,0.0
5.66406,0.0,0.0999584,0.0,0.0
5.66386,0.0,0.116618,0.0,0.0
5.66284,0.0,0.0666389,0.0,0.0
5.66206,0.0,0.133278,0.0,0.0
5.66227,0.0,0.0333195,0.0,0.0
5.66235,0.0,0.0333195,0.0,0.0
5.66245,0.0,0.166597,0.0,0.0
5.6637,0.0,0.149938,0.0,0.0
5.66296,0.0,0.0832986,0.0,0.0
5.66197,0.0,0.149938,0.0,0.0
5.66167,0.0,0.133278,0.0,0.0
5.66219,0.0,0.0999584,0.0,0.0
5.66267,0.0,0.0666389,0.0,0.0
5.66271,0.0,0.0666389,0.0,0.0
5.66264,0.0,0.116618,0.0,0.0
5.66284,0.0,0.116618,0.0,0.0
5.66187,0.0,0.0832986,0.0,0.0
5.66234,0.0,0.0333195,0.0,0.0
5.66275,0.0,0.183257,0.0,0.0
5.6627,0.0,0.116618,0.0,0.0
5.66268,0.0,0.116618,0.0,0.0
5.66282,0.0,0.149938,0.0,0.0
5.66315,0.0,0.0999584,0.0,0.0
5.66232,0.0,0.166597,0.0,0.0
5.66225,0.0,0.0999584,0.0,0.0
5.66373,0.0,0.116618,0.0,0.0
5.66264,0.0,0.0999584,0.0,0.0
5.66321,0.0,0.149938,0.0,0.0
5.66422,0.0,0.0832986,0.0,0.0
5.6632,0.0,0.166597,0.0,0.0
5.66221,0.0,0.0499792,0.0,0.0
5.66305,0.0,0.0499792,0.0,0.0
5.66262,0.0,0.0666389,0.0,0.0
5.66216,0.0,0.0999584,0.0,0.0
5.66291,0.0,0.0832986,0.0,0.0
5.66251,0.0,0.0832986,0.0,0.0
5.66218,0.0,0.133278,0.0,0.0
5.66172,0.0,0.0999584,0.0,0.0
5.66182,0.0,0.0666389,0.0,0.0
5.66308,0.0,0.0832986,0.0,0.0
5.66287,0.0,0.0999584,0.0,0.0
5.66235,0.0,0.0499792,0.0,0.0
5.6628,0.0,0.0666389,0.0,0.0
5.6628,0.0,0.133278,0.0,0.0
5.66229,0.0,0.0999584,0.0,0.0
5.66375,0.0,0.183257,0.0,0.0
5.66325,0.0,0.149938,0.0,0.0
5.66233,0.0,0.0832986,0.0,0.0
5.66242,0.0,0.0832986,0.0,0.0
5.66201,0.0,0.116618,0.0,0.0
5.66239,0.0,0.0499792,0.0,0.0
5.66246,0.0,0.0666389,0.0,0.0
5.66262,0.0,0.116618,0.0,0.0
5.66348,0.0,0.116618,0.0,0.0
5.66334,0.0,0.0999584,0.0,0.0
5.66257,0.0,0.116618,0.0,0.0
5.66264,0.0,0.133278,0.0,0.0
5.66191,0.0,0.0499792,0.0,0.0
5.66248,0.0,0.0999584,0.0,0.0
5.66261,0.0,0.133278,0.0,0.0
5.66268,0.0,0.133278,0.0,0.0
5.66306,0.0,0.116618,0.0,0.0
5.66279,0.0,0.149938,0.0,0.0
5.66289,0.0,0.0999584,0.0,0.0
5.66284,0.0,0.0499792,0.0,0.0
5.66219,0.0,0.0999584,0.0,0.0
5.66258,0.0,0.0666389,0.0,0.0
5.66261,0.0,0.199917,0.0,0.0
5.66288,0.0,0.0832986,0.0,0.0
5.66218,0.0,0.0166597,0.0,0.0
5.66268,0.0,0.0999584,0.0,0.0
5.66362,0.0,0.133278,0.0,0.0
5.66212,0.0,0.0499792,0.0,0.0
5.66148,0.0,0.0832986,0.0,0.0
5.66287,0.0,0.0666389,0.0,0.0
5.66276,0.0,0.0666389,0.0,0.0
5.66221,0.0,0.233236,0.0,0.0
5.66344,0.0,0.216576,0.0,0.0
5.66276,0.0,0.0832986,0.0,0.0
5.66309,0.0,0.0499792,0.0,0.0
5.66253,0.0,0.0999584,0.0,0.0
5.66255,0.0,0.0832986,0.0,0.0
5.66338,0.0,0.166597,0.0,0.0
5.66342,0.0,0.199917,0.0,0.0
5.66303,0.0,0.133278,0.0,0.0
5.66261,0.0,0.133278,0.0,0.0
5.66316,0.0,0.0499792,0.0,0.0
5.66226,0.0,0.116618,0.0,0.0
5.66281,0.0,0.166597,0.0,0.0
5.66252,0.0,0.133278,0.0,0.0
5.66287,0.0,0.116618,0.0,0.0
5.66223,0.0,0.0666389,0.0,0.0
5.66202,0.0,0.149938,0.0,0.0
5.66328,0.0,0.0832986,0.0,0.0
5.66216,0.0,0.0999584,0.0,0.0
5.66241,0.0,0.0666389,0.0,0.0
5.6624,0.0,0.0499792,0.0,0.0
5.66187,0.0,0.0333195,0.0,0.0
5.66245,0.0,0.0832986,0.0,0.0
5.66216,0.0,0.0832986,0.0,0.0
5.66243,0.0,0.0666389,0.0,0.0
5.66239,0.0,0.0832986,0.0,0.0
5.66243,0.0,0.0166597,0.0,0.0
5.66213,0.0,0.0999584,0.0,0.0
5.66272,0.0,0.0666389,0.0,0.0
5.66241,0.0,0.0832986,0.0,0.0
5.66302,0.0,0.133278,0.0,0.0
5.66292,0.0,0.0999584,0.0,0.0
5.66249,0.0,0.149938,0.0,0.0
5.66355,0.0,0.0666389,0.0,0.0
5.6628,0.0,0.183257,0.0,0.0
5.66321,0.0,0.116618,0.0,0.0
5.66243,0.0,0.0499792,0.0,0.0
5.6623,0.0,0.149938,0.0,0.0
5.66265,0.0,0.0832986,0.0,0.0
5.66138,0.0,0.116618,0.0,0.0
5.6621,0.0,0.0666389,0.0,0.0
5.66267,0.0,0.0666389,0.0,0.0
5.66249,0.0,0.149938,0.0,0.0
5.66211,0.0,0.133278,0.0,0.0
5.66191,0.0,0.149938,0.0,0.0
5.66231,0.0,0.133278,0.0,0.0
5.66257,0.0,0.133278,0.0,0.0
5.66196,0.0,0.0832986,0.0,0.0
5.66144,0.0,0.0666389,0.0,0.0
5.66237,0.0,0.149938,0.0,0.0
5.66284,0.0,0.0999584,0.0,0.0
5.66299,0.0,0.0166597,0.0,0.0
5.66299,0.0,0.0832986,0.0,0.0
5.6628,0.0,0.166597,0.0,0.0
5.66283,0.0,0.149938,0.0,0.0
5.66387,0.0,0.133278,0.0,0.0
5.66348,0.0,0.249896,0.0,0.0
5.66241,0.0,0.149938,0.0,0.0
5.66201,0.0,0.0832986,0.0,0.0
5.66273,0.0,0.0832986,0.0,0.0
5.6628,0.0,0.149938,0.0,0.0
5.66372,0.0,0.0832986,0.0,0.0
5.66238,0.0,0.0333195,0.0,0.0
5.66236,0.0,0.0666389,0.0,0.0
5.66363,0.0,0.0333195,0.0,0.0
5.66331,0.0,0.0832986,0.0,0.0
5.66317,0.0,0.0999584,0.0,0.0
5.66303,0.0,0.133278,0.0,0.0
5.66247,0.0,0.0666389,0.0,0.0
5.66289,0.0,0.0999584,0.0,0.0
5.66264,0.0,0.116618,0.0,0.0
5.66288,0.0,0.0999584,0.0,0.0
5.6623,0.0,0.0999584,0.0,0.0
5.6625,0.0,0.116618,0.0,0.0
5.66186,0.0,0.116618,0.0,0.0
5.66246,0.0,0.0832986,0.0,0.0
5.66341,0.0,0.116618,0.0,0.0
5.66293,0.0,0.166597,0.0,0.0
5.66265,0.0,0.149938,0.0,0.0
5.66296,0.0,0.133278,0.0,0.0
5.66296,0.0,0.0499792,0.0,0.0
5.66307,0.0,0.0333195,0.0,0.0
5.66251,0.0,0.0999584,0.0,0.0
5.66225,0.0,0.0499792,0.0,0.0
5.66268,0.0,0.0999584,0.0,0.0
5.66266,0.0,0.0666389,0.0,0.0
5.66323,0.0,0.166597,0.0,0.0
5.66334,0.0,0.0666389,0.0,0.0
5.66254,0.0,0.116618,0.0,0.0
5.66276,0.0,0.133278,0.0,0.0
5.66281,0.0,0.116618,0.0,0.0
5.6634,0.0,0.0832986,0.0,0.0
5.66314,0.0,0.166597,0.0,0.0
5.6637,0.0,0.0666389,0.0,0.0
5.66306,0.0,0.116618,0.0,0.0
5.66237,0.0,0.0499792,0.0,0.0
5.66204,0.0,0.0499792,0.0,0.0
5.6625,0.0,0.166597,0.0,0.0
5.66275,0.0,0.149938,0.0,0.0
5.66222,0.0,0.0832986,0.0,0.0
5.66245,0.0,0.0666389,0.0,0.0
5.66286,0.0,0.0499792,0.0,0.0
5.66296,0.0,0.0499792,0.0,0.0
5.66325,0.0,0.183257,0.0,0.0
5.66211,0.0,0.0832986,0.0,0.0
5.66283,0.0,0.116618,0.0,0.0
5.66274,0.0,0.0666389,0.0,0.0
5.6624,0.0,0.0999584,0.0,0.0
5.66244,0.0,0.149938,0.0,0.0
5.66331,0.0,0.0999584,0.0,0.0
5.66254,0.0,0.0999584,0.0,0.0
5.66219,0.0,0.0499792,0.0,0.0
5.66259,0.0,0.149938,0.0,0.0
5.66223,0.0,0.116618,0.0,0.0
5.66291,0.0,0.216576,0.0,0.0
5.66315,0.0,0.116618,0.0,0.0
5.6622,0.0,0.0832986,0.0,0.0
5.66243,0.0,0.0499792,0.0,0.0
5.66297,0.0,0.0666389,0.0,0.0
5.66263,0.0,0.0999584,0.0,0.0
5.66113,0.0,0.0333195,0.0,0.0
5.66205,0.0,0.166597,0.0,0.0
5.66289,0.0,0.116618,0.0,0.0
5.66216,0.0,0.0666389,0.0,0.0
5.6625,0.0,0.0832986,0.0,0.0
5.66374,0.0,0.183257,0.0,0.0
5.66293,0.0,0.133278,0.0,0.0
5.66227,0.0,0.0999584,0.0,0.0
5.66316,0.0,0.166597,0.0,0.0
5.66383,0.0,0.0666389,0.0,0.0
5.66256,0.0,0.116618,0.0,0.0
5.66171,0.0,0.0999584,0.0,0.0
5.66158,0.0,0.0999584,0.0,0.0
5.66272,0.0,0.0999584,0.0,0.0
5.66314,0.0,0.0499792,0.0,0.0
5.66221,0.0,0.133278,0.0,0.0
5.66263,0.0,0.116618,0.0,0.0
5.66233,0.0,0.116618,0.0,0.0
5.66187,0.0,0.116618,0.0,0.0
5.66246,0.0,0.133278,0.0,0.0
5.66372,0.0,0.133278,0.0,0.0
5.66286,0.0,0.166597,0.0,0.0
5.66226,0.0,0.0666389,0.0,0.0
5.66231,0.0,0.183257,0.0,0.0
5.66309,0.0,0.133278,0.0,0.0
5.66297,0.0,0.116618,0.0,0.0
5.66278,0.0,0.0832986,0.0,0.0
5.66254,0.0,0.149938,0.0,0.0
5.66201,0.0,0.0499792,0.0,0.0
5.66256,0.0,0.116618,0.0,0.0
5.66297,0.0,0.0499792,0.0,0.0
5.66228,0.0,0.149938,0.0,0.0
5.66271,0.0,0.0999584,0.0,0.0
5.66278,0.0,0.0666389,0.0,0.0
5.66237,0.0,0.0333195,0.0,0.0
5.66274,0.0,0.149938,0.0,0.0
5.66305,0.0,0.0999584,0.0,0.0
5.66286,0.0,0.0999584,0.0,0.0
5.66259,0.0,0.0333195,0.0,0.0
5.6623,0.0,0.0666389,0.0,0.0
5.66291,0.0,0.0499792,0.0,0.0
5.66234,0.0,0.116618,0.0,0.0
5.66235,0.0,0.0999584,0.0,0.0
5.66272,0.0,0.166597,0.0,0.0
5.6631,0.0,0.0666389,0.0,0.0
5.66114,0.0,0.0999584,0.0,0.0
5.66168,0.0,0.116618,0.0,0.0
5.66299,0.0,0.0832986,0.0,0.0
5.66284,0.0,0.0832986,0.0,0.0
5.66175,0.0,0.0832986,0.0,0.0
5.66296,0.0,0.0999584,0.0,0.0
5.66306,0.0,0.116618,0.0,0.0
5.66213,0.0,0.133278,0.0,0.0
5.66226,0.0,0.133278,0.0,0.0
5.66221,0.0,0.0666389,0.0,0.0
5.66117,0.0,0.0499792,0.0,0.0
5.66225,0.0,0.0166597,0.0,0.0
5.66306,0.0,0.133278,0.0,0.0
5.66306,0.0,0.0666389,0.0,0.0
5.66294,0.0,0.116618,0.0,0.0
5.66254,0.0,0.0499792,0.0,0.0
5.66236,0.0,0.0832986,0.0,0.0
5.66256,0.0,0.116618,0.0,0.0
5.66344,0.0,0.0832986,0.0,0.0
5.66185,0.0,0.0999584,0.0,0.0
5.66148,0.0,0.0999584,0.0,0.0
5.6622,0.0,0.0166597,0.0,0.0
5.66236,0.0,0.149938,0.0,0.0
5.66197,0.0,0.0999584,0.0,0.0
5.66244,0.0,0.0999584,0.0,0.0
5.6618,0.0,0.133278,0.0,0.0
5.66234,0.0,0.0666389,0.0,0.0
5.66139,0.0,0.116618,0.0,0.0
5.66312,0.0,0.0999584,0.0,0.0
5.66289,0.0,0.0832986,0.0,0.0
5.66276,0.0,0.116618,0.0,0.0
5.66201,0.0,0.149938,0.0,0.0
5.6632,0.0,0.0832986,0.0,0.0
5.66359,0.0,0.149938,0.0,0.0
5.66256,0.0,0.116618,0.0,0.0
5.66207,0.0,0.0666389,0.0,0.0
5.6625,0.0,0.116618,0.0,0.0
5.66231,0.0,0.0666389,0.0,0.0
5.66258,0.0,0.0999584,0.0,0.0
5.66297,0.0,0.0999584,0.0,0.0
5.66339,0.0,0.0832986,0.0,0.0
5.66339,0.0,0.0999584,0.0,0.0
5.66447,0.0,0.299875,0.0,0.0
5.66258,0.0,0.0832986,0.0,0.0
5.66231,0.0,0.0333195,0.0,0.0
5.66385,0.0,0.116618,0.0,0.0
5.66342,0.0,0.0666389,0.0,0.0
5.66081,0.0,0.0832986,0.0,0.0
5.66196,0.0,0.116618,0.0,0.0
5.66325,0.0,0.149938,0.0,0.0
5.66297,0.0,0.133278,0.0,0.0
5.66218,0.0,0.0832986,0.0,0.0
5.6622,0.0,0.0999584,0.0,0.0
5.66348,0.0,0.133278,0.0,0.0
5.66243,0.0,0.0832986,0.0,0.0
5.66158,0.0,0.0499792,0.0,0.0
5.66204,0.0,0.0166597,0.0,0.0
5.66239,0.0,0.0333195,0.0,0.0
5.66285,0.0,0.0999584,0.0,0.0
5.66239,0.0,0.0499792,0.0,0.0
5.66196,0.0,0.0832986,0.0,0.0
5.66259,0.0,0.166597,0.0,0.0
5.66292,0.0,0.0499792,0.0,0.0
5.66221,0.0,0.149938,0.0,0.0
5.66303,0.0,0.149938,0.0,0.0
5.66321,0.0,0.0999584,0.0,0.0
5.66306,0.0,0.0333195,0.0,0.0
5.66305,0.0,0.149938,0.0,0.0
5.66362,0.0,0.149938,0.0,0.0
5.6635,0.0,0.116618,0.0,0.0
5.66282,0.0,0.0666389,0.0,0.0
5.66277,0.0,0.0666389,0.0,0.0
5.66322,0.0,0.0832986,0.0,0.0
5.66279,0.0,0.116618,0.0,0.0
5.66261,0.0,0.0832986,0.0,0.0
5.66219,0.0,0.0499792,0.0,0.0
5.66185,0.0,0.116618,0.0,0.0
5.66209,0.0,0.0999584,0.0,0.0
5.66218,0.0,0.183257,0.0,0.0
5.66161,0.0,0.0999584,0.0,0.0
5.6616,0.0,0.0666389,0.0,0.0
5.66174,0.0,0.149938,0.0,0.0
5.66262,0.0,0.0499792,0.0,0.0
5.66246,0.0,0.133278,0.0,0.0
5.6621,0.0,0.166597,0.0,0.0
5.66242,0.0,0.0499792,0.0,0.0
5.6635,0.0,0.0832986,0.0,0.0
5.6627,0.0,0.0999584,0.0,0.0
5.66298,0.0,0.183257,0.0,0.0
5.66368,0.0,0.0666389,0.0,0.0
5.6623,0.0,0.0999584,0.0,0.0
5.66258,0.0,0.116618,0.0,0.0
5.66275,0.0,0.149938,0.0,0.0
5.66324,0.0,0.116618,0.0,0.0
5.66253,0.0,0.116618,0.0,0.0
5.66334,0.0,0.0999584,0.0,0.0
5.66365,0.0,0.149938,0.0,0.0
5.66278,0.0,0.133278,0.0,0.0
5.662,0.0,0.0666389,0.0,0.0
5.66171,0.0,0.0832986,0.0,0.0
5.66193,0.0,0.0999584,0.0,0.0
5.66285,0.0,0.149938,0.0,0.0
5.66199,0.0,0.0832986,0.0,0.0
5.6619,0.0,0.116618,0.0,0.0
5.6627,0.0,0.0999584,0.0,0.0
5.66268,0.0,0.133278,0.0,0.0
5.66236,0.0,0.0666389,0.0,0.0
5.66257,0.0,0.0499792,0.0,0.0
5.66271,0.0,0.0999584,0.0,0.0
5.66326,0.0,0.133278,0.0,0.0
5.66237,0.0,0.0499792,0.0,0.0
5.66162,0.0,0.0666389,0.0,0.0
5.6624,0.0,0.0832986,0.0,0.0
5.66269,0.0,0.133278,0.0,0.0
5.66153,0.0,0.0999584,0.0,0.0
5.66199,0.0,0.116618,0.0,0.0
5.6623,0.0,0.0666389,0.0,0.0
5.66184,0.0,0.0666389,0.0,0.0
5.66366,0.0,0.0666389,0.0,0.0
5.66417,0.0,0.116618,0.0,0.0
5.66314,0.0,0.0333195,0.0,0.0
5.66277,0.0,0.149938,0.0,0.0
5.66263,0.0,0.116618,0.0,0.0
5.66253,0.0,0.0666389,0.0,0.0
5.66282,0.0,0.0999584,0.0,0.0
5.66353,0.0,0.133278,0.0,0.0
5.66368,0.0,0.183257,0.0,0.0
5.66292,0.0,0.0499792,0.0,0.0
5.6629,0.0,0.116618,0.0,0.0
5.66317,0.0,0.0832986,0.0,0.0
5.66268,0.0,0.0499792,0.0,0.0
5.66181,0.0,0.216576,0.0,0.0
5.66311,0.0,0.183257,0.0,0.0
5.66268,0.0,0.166597,0.0,0.0
5.66259,0.0,0.0666389,0.0,0.0
5.66305,0.0,0.149938,0.0,0.0
5.66375,0.0,0.133278,0.0,0.0
5.66357,0.0,0.183257,0.0,0.0
5.66264,0.0,0.0499792,0.0,0.0
5.66276,0.0,0.0999584,0.0,0.0
5.66211,0.0,0.0666389,0.0,0.0
5.66125,0.0,0.0999584,0.0,0.0
5.66169,0.0,0.0832986,0.0,0.0
5.66218,0.0,0.0333195,0.0,0.0
5.66221,0.0,0.0832986,0.0,0.0
5.66308,0.0,0.0832986,0.0,0.0
5.66199,0.0,0.0666389,0.0,0.0
5.66134,0.0,0.116618,0.0,0.0
5.66183,0.0,0.116618,0.0,0.0
5.66271,0.0,0.0999584,0.0,0.0
5.66294,0.0,0.149938,0.0,0.0
5.66289,0.0,0.0499792,0.0,0.0
5.66321,0.0,0.166597,0.0,0.0
5.66228,0.0,0.116618,0.0,0.0
5.66264,0.0,0.0499792,0.0,0.0
5.66317,0.0,0.0832986,0.0,0.0
5.6633,0.0,0.0333195,0.0,0.0
5.66271,0.0,0.199917,0.0,0.0
5.66252,0.0,0.0999584,0.0,0.0
5.66229,0.0,0.0499792,0.0,0.0
5.6625,0.0,0.0666389,0.0,0.0
5.66244,0.0,0.0666389,0.0,0.0
5.6625,0.0,0.0832986,0.0,0.0
5.66272,0.0,0.0499792,0.0,0.0
5.66312,0.0,0.0666389,0.0,0.0
5.66325,0.0,0.0666389,0.0,0.0
5.66272,0.0,0.149938,0.0,0.0
5.66277,0.0,0.133278,0.0,0.0
5.66178,0.0,0.0499792,0.0,0.0
5.6612,0.0,0.0999584,0.0,0.0
5.66301,0.0,0.116618,0.0,0.0
5.66277,0.0,0.0666389,0.0,0.0
5.662,0.0,0.116618,0.0,0.0
5.66185,0.0,0.0666389,0.0,0.0
5.66277,0.0,0.0832986,0.0,0.0
5.66179,0.0,0.0499792,0.0,0.0
5.66173,0.0,0.133278,0.0,0.0
5.66268,0.0,0.133278,0.0,0.0
5.66317,0.0,0.199917,0.0,0.0
5.66285,0.0,0.0832986,0.0,0.0
5.66272,0.0,0.166597,0.0,0.0
5.66299,0.0,0.133278,0.0,0.0
5.66264,0.0,0.116618,0.0,0.0
5.66199,0.0,0.0333195,0.0,0.0
5.66374,0.0,0.183257,0.0,0.0
5.66341,0.0,0.133278,0.0,0.0
5.66238,0.0,0.133278,0.0,0.0
5.6634,0.0,0.0832986,0.0,0.0
5.66221,0.0,0.0666389,0.0,0.0
5.66217,0.0,0.0999584,0.0,0.0
5.66234,0.0,0.0499792,0.0,0.0
5.6619,0.0,0.0832986,0.0,0.0
5.66241,0.0,0.133278,0.0,0.0
5.66183,0.0,0.0333195,0.0,0.0
5.66202,0.0,0.149938,0.0,0.0
5.66318,0.0,0.133278,0.0,0.0
5.66237,0.0,0.0499792,0.0,0.0
5.66246,0.0,0.0999584,0.0,0.0
5.66191,0.0,0.0832986,0.0,0.0
5.66168,0.0,0.0832986,0.0,0.0
5.66236,0.0,0.0666389,0.0,0.0
5.66208,0.0,0.0666389,0.0,0.0
5.66255,0.0,0.0499792,0.0,0.0
5.6627,0.0,0.0166597,0.0,0.0
5.66208,0.0,0.0499792,0.0,0.0
5.66256,0.0,0.133278,0.0,0.0
5.66394,0.0,0.0999584,0.0,0.0
5.66249,0.0,0.133278,0.0,0.0
5.66243,0.0,0.116618,0.0,0.0
5.663,0.0,0.0832986,0.0,0.0
5.66282,0.0,0.183257,0.0,0.0
5.66244,0.0,0.116618,0.0,0.0
5.66333,0.0,0.0832986,0.0,0.0
5.66243,0.0,0.116618,0.0,0.0
5.6623,0.0,0.0832986,0.0,0.0
5.66244,0.0,0.116618,0.0,0.0
5.66306,0.0,0.0999584,0.0,0.0
5.66146,0.0,0.0832986,0.0,0.0
5.66209,0.0,0.0499792,0.0,0.0
5.66276,0.0,0.0333195,0.0,0.0
5.66291,0.0,0.166597,0.0,0.0
5.66232,0.0,0.116618,0.0,0.0
5.66256,0.0,0.0499792,0.0,0.0
5.66294,0.0,0.0999584,0.0,0.0
5.66221,0.0,0.0666389,0.0,0.0
5.66116,0.0,0.0333195,0.0,0.0
5.66165,0.0,0.0666389,0.0,0.0
5.66297,0.0,0.0999584,0.0,0.0
5.66232,0.0,0.0666389,0.0,0.0
5.66157,0.0,0.0999584,0.0,0.0
5.662,0.0,0.149938,0.0,0.0
5.66271,0.0,0.133278,0.0,0.0
5.66332,0.0,0.149938,0.0,0.0
5.66323,0.0,0.0666389,0.0,0.0
5.66191,0.0,0.116618,0.0,0.0
5.66289,0.0,0.149938,0.0,0.0
5.66289,0.0,0.0666389,0.0,0.0
5.66297,0.0,0.0999584,0.0,0.0
5.66275,0.0,0.0999584,0.0,0.0
5.66332,0.0,0.116618,0.0,0.0
5.66335,0.0,0.0999584,0.0,0.0
5.66293,0.0,0.0832986,0.0,0.0
5.66227,0.0,0.149938,0.0,0.0
5.66306,0.0,0.0999584,0.0,0.0
5.66345,0.0,0.149938,0.0,0.0
5.66295,0.0,0.0666389,0.0,0.0
5.66266,0.0,0.0999584,0.0,0.0
5.66229,0.0,0.116618,0.0,0.0
5.66149,0.0,0.0666389,0.0,0.0
5.66191,0.0,0.0666389,0.0,0.0
5.6623,0.0,0.0666389,0.0,0.0
5.66251,0.0,0.133278,0.0,0.0
5.66198,0.0,0.0999584,0.0,0.0
5.66162,0.0,0.116618,0.0,0.0
5.66214,0.0,0.116618,0.0,0.0
5.66313,0.0,0.183257,0.0,0.0
5.66188,0.0,0.0666389,0.0,0.0
5.66195,0.0,0.0666389,0.0,0.0
5.66286,0.0,0.116618,0.0,0.0
5.66271,0.0,0.116618,0.0,0.0
5.66228,0.0,0.0832986,0.0,0.0
5.66277,0.0,0.133278,0.0,0.0
5.66211,0.0,0.0999584,0.0,0.0
5.66266,0.0,0.133278,0.0,0.0
5.6626,0.0,0.116618,0.0,0.0
5.66273,0.0,0.0333195,0.0,0.0
5.66187,0.0,0.0499792,0.0,0.0
5.66289,0.0,0.133278,0.0,0.0
5.6634,0.0,0.0499792,0.0,0.0
5.66207,0.0,0.183257,0.0,0.0
5.66287,0.0,0.0666389,0.0,0.0
5.66319,0.0,0.0832986,0.0,0.0
5.66342,0.0,0.133278,0.0,0.0
5.66237,0.0,0.0166597,0.0,0.0
5.6624,0.0,0.0499792,0.0,0.0
5.6623,0.0,0.166597,0.0,0.0
5.66216,0.0,0.0832986,0.0,0.0
5.66185,0.0,0.0832986,0.0,0.0
5.66237,0.0,0.0333195,0.0,0.0
5.66309,0.0,0.133278,0.0,0.0
5.66332,0.0,0.0999584,0.0,0.0
5.66186,0.0,0.0832986,0.0,0.0
5.66243,0.0,0.183257,0.0,0.0
5.66173,0.0,0.116618,0.0,0.0
5.66243,0.0,0.0999584,0.0,0.0
5.66344,0.0,0.149938,0.0,0.0
5.66222,0.0,0.116618,0.0,0.0
5.66226,0.0,0.166597,0.0,0.0
5.66299,0.0,0.116618,0.0,0.0
5.66155,0.0,0.166597,0.0,0.0
5.6619,0.0,0.0832986,0.0,0.0
5.6618,0.0,0.133278,0.0,0.0
5.66167,0.0,0.116618,0.0,0.0
5.66236,0.0,0.0832986,0.0,0.0
5.6634,0.0,0.133278,0.0,0.0
5.66319,0.0,0.133278,0.0,0.0
5.66273,0.0,0.0832986,0.0,0.0
5.66165,0.0,0.0999584,0.0,0.0
5.66293,0.0,0.149938,0.0,0.0
5.66327,0.0,0.166597,0.0,0.0
5.66253,0.0,0.166597,0.0,0.0
5.66324,0.0,0.133278,0.0,0.0
5.66256,0.0,0.0999584,0.0,0.0
5.66208,0.0,0.0999584,0.0,0.0
5.66328,0.0,0.166597,0.0,0.0
5.66279,0.0,0.0832986,0.0,0.0
5.6612,0.0,0.116618,0.0,0.0
5.66209,0.0,0.133278,0.0,0.0
5.66262,0.0,0.149938,0.0,0.0
5.66266,0.0,0.0666389,0.0,0.0
5.66262,0.0,0.0999584,0.0,0.0
5.66278,0.0,0.116618,0.0,0.0
5.66261,0.0,0.0832986,0.0,0.0
5.66201,0.0,0.116618,0.0,0.0
5.66243,0.0,0.0666389,0.0,0.0
5.66189,0.0,0.116618,0.0,0.0
5.66241,0.0,0.116618,0.0,0.0
5.6619,0.0,0.0166597,0.0,0.0
5.66159,0.0,0.0499792,0.0,0.0
5.66257,0.0,0.0999584,0.0,0.0
5.66235,0.0,0.0832986,0.0,0.0
5.6621,0.0,0.149938,0.0,0.0
5.66285,0.0,0.0333195,0.0,0.0
5.66217,0.0,0.0499792,0.0,0.0
5.66275,0.0,0.0999584,0.0,0.0
5.66349,0.0,0.216576,0.0,0.0
5.66305,0.0,0.149938,0.0,0.0
5.66316,0.0,0.0999584,0.0,0.0
5.66284,0.0,0.0832986,0.0,0.0
5.66224,0.0,0.133278,0.0,0.0
5.66329,0.0,0.183257,0.0,0.0
5.66321,0.0,0.0499792,0.0,0.0
5.66256,0.0,0.0666389,0.0,0.0
5.66334,0.0,0.149938,0.0,0.0
5.66235,0.0,0.0832986,0.0,0.0
5.66236,0.0,0.0999584,0.0,0.0
5.66301,0.0,0.0832986,0.0,0.0
5.66267,0.0,0.0999584,0.0,0.0
5.66306,0.0,0.0999584,0.0,0.0
5.66227,0.0,0.0333195,0.0,0.0
5.66205,0.0,0.0666389,0.0,0.0
5.66274,0.0,0.0999584,0.0,0.0
5.6629,0.0,0.0832986,0.0,0.0
5.66265,0.0,0.133278,0.0,0.0
5.6622,0.0,0.0,0.0,0.0
5.6623,0.0,0.166597,0.0,0.0
5.6629,0.0,0.0999584,0.0,0.0
5.6626,0.0,0.199917,0.0,0.0
5.66168,0.0,0.0999584,0.0,0.0
5.66174,0.0,0.183257,0.0,0.0
5.66242,0.0,0.0333195,0.0,0.0
5.6623,0.0,0.0999584,0.0,0.0
5.6629,0.0,0.0999584,0.0,0.0
5.66289,0.0,0.133278,0.0,0.0
5.6621,0.0,0.0999584,0.0,0.0
5.66213,0.0,0.0999584,0.0,0.0
5.66313,0.0,0.0666389,0.0,0.0
5.66277,0.0,0.116618,0.0,0.0
5.66293,0.0,0.0499792,0.0,0.0
5.66196,0.0,0.133278,0.0,0.0
5.66225,0.0,0.0999584,0.0,0.0
5.66245,0.0,0.116618,0.0,0.0
5.66253,0.0,0.0832986,0.0,0.0
5.66211,0.0,0.0832986,0.0,0.0
5.66295,0.0,0.0832986,0.0,0.0
5.66237,0.0,0.0832986,0.0,0.0
5.66257,0.0,0.0999584,0.0,0.0
