analog,analog_sterr,photon_counting,pc_sterr,overflow_info
5.6775,0.000570527,0.100125,0.04091,0.0
5.67794,0.00057833,0.100125,0.04091,0.0
5.67862,0.000587889,0.100125,0.04091,0.0
5.67873,0.000580021,0.150188,0.0501148,0.0
5.6785,0.000564675,0.100125,0.04091,0.0
5.6785,0.00056461,0.100125,0.04091,0.0
5.67898,0.000577615,0.116813,0.0439783,0.0
5.67786,0.00056448,0.0667501,0.0334099,0.0
5.67811,0.000580346,0.166875,0.0525012,0.0
5.67849,0.000600569,0.116813,0.0439783,0.0
5.67778,0.00057937,0.0834376,0.0371599,0.0
5.67829,0.000558432,0.0834376,0.0371599,0.0
5.67831,0.000583077,0.116813,0.0439783,0.0
5.67779,0.000588799,0.0834376,0.0371599,0.0
5.67722,0.000583792,0.1335,0.0470465,0.0
5.67853,0.000571372,0.0834376,0.0371599,0.0
5.67834,0.000571307,0.0166875,0.0167049,0.0
5.67799,0.000563114,0.0834376,0.0371599,0.0
5.67812,0.000570657,0.0667501,0.0334099,0.0
5.67836,0.000592635,0.20025,0.057615,0.0
5.67836,0.000585093,0.100125,0.04091,0.0
5.67847,0.000589189,0.0834376,0.0371599,0.0
5.67768,0.000602974,0.0834376,0.0371599,0.0
5.67645,0.000569747,0.0500626,0.0289779,0.0
5.67818,0.00059088,0.150188,0.0501148,0.0
5.67883,0.000576769,0.0166875,0.0167049,0.0
5.67775,0.000583142,0.150188,0.0501148,0.0
5.67776,0.000574884,0.0667501,0.0334099,0.0
5.67847,0.000570592,0.0834376,0.0371599,0.0
5.67943,0.000587889,0.1335,0.0470465,0.0
5.67873,0.000593286,0.183563,0.0552285,0.0
5.67825,0.000594521,0.100125,0.04091,0.0
5.67873,0.000584247,0.116813,0.0439783,0.0
5.67844,0.000572803,0.116813,0.0439783,0.0
5.67716,0.000554661,0.100125,0.04091,0.0
5.67861,0.000602194,0.100125,0.04091,0.0
5.67904,0.000622937,0.250313,0.0644333,0.0
5.67904,0.000602714,0.116813,0.0439783,0.0
5.67916,0.000592701,0.1335,0.0470465,0.0
5.67929,0.000594326,0.150188,0.0501148,0.0
5.67761,0.000564935,0.0500626,0.0289779,0.0
5.67734,0.000584312,0.0834376,0.0371599,0.0
5.67849,0.000576769,0.116813,0.0439783,0.0
5.67998,0.000610192,0.183563,0.0552285,0.0
5.67926,0.0005914,0.0667501,0.0334099,0.0
5.67865,0.000575079,0.100125,0.04091,0.0
5.67764,0.000570852,0.100125,0.04091,0.0
5.67857,0.000588994,0.100125,0.0470465,0.0
5.67766,0.000585613,0.116813,0.0439783,0.0
5.67795,0.000576184,0.100125,0.04091,0.0
5.67843,0.000603104,0.166875,0.0525012,0.0
5.67802,0.000588864,0.166875,0.0525012,0.0
5.67758,0.000601154,0.166875,0.0525012,0.0
5.67858,0.000602259,0.116813,0.0439783,0.0
5.67911,0.000585938,0.1335,0.0470465,0.0
5.67777,0.000578005,0.0166875,0.0167049,0.0
5.67877,0.000586588,0.1335,0.0470465,0.0
5.67886,0.000606746,0.183563,0.0552285,0.0
5.67872,0.000593741,0.20025,0.057615,0.0
5.67869,0.000595041,0.100125,0.04091,0.0
5.67896,0.000599983,0.150188,0.0501148,0.0
5.67893,0.000582232,0.0667501,0.0334099,0.0
5.6783,0.000583077,0.1335,0.0470465,0.0
5.67854,0.000580931,0.0500626,0.0289779,0.0
5.67763,0.000582622,0.1335,0.0470465,0.0
5.67801,0.000583142,0.0667501,0.0334099,0.0
5.67918,0.000588539,0.100125,0.04091,0.0
5.67941,0.000602584,0.0834376,0.0371599,0.0
5.67859,0.000577225,0.1335,0.0470465,0.0
5.67811,0.000575079,0.100125,0.04091,0.0
5.67843,0.00060382,0.150188,0.0501148,0.0
5.67801,0.000583532,0.100125,0.04091,0.0
5.67818,0.000583012,0.116813,0.0439783,0.0
5.67797,0.000575079,0.0834376,0.0371599,0.0
5.67845,0.000580476,0.100125,0.04091,0.0
5.67887,0.0005795,0.1335,0.0470465,0.0
5.67913,0.000607266,0.166875,0.0525012,0.0
5.67874,0.000568186,0.0667501,0.0334099,0.0
5.67883,0.000580476,0.0667501,0.0334099,0.0
5.67965,0.000573193,0.100125,0.04091,0.0
5.6779,0.00057937,0.0500626,0.0289779,0.0
5.67881,0.000575469,0.116813,0.0439783,0.0
5.67877,0.000561879,0.0333751,0.0235233,0.0
5.67857,0.000571567,0.0834376,0.0371599,0.0
5.67814,0.000572023,0.1335,0.0470465,0.0
5.67844,0.000567536,0.0834376,0.0371599,0.0
5.67751,0.000581516,0.116813,0.0439783,0.0
5.67788,0.000571958,0.0667501,0.0334099,0.0
5.67849,0.000556612,0.0667501,0.0334099,0.0
5.67903,0.000602714,0.20025,0.057615,0.0
5.67849,0.000587499,0.0834376,0.0371599,0.0
5.67741,0.000592766,0.116813,0.0439783,0.0
5.67782,0.000577355,0.0667501,0.0334099,0.0
5.67874,0.000594911,0.150188,0.0501148,0.0
5.67818,0.000580021,0.100125,0.04091,0.0
5.67906,0.000627294,0.183563,0.0552285,0.0
5.67863,0.000583727,0.20025,0.057615,0.0
5.67809,0.00056487,0.0333751,0.0235233,0.0
5.67902,0.000580021,0.100125,0.04091,0.0
5.67791,0.000574038,0.0667501,0.0334099,0.0
5.67816,0.000571177,0.0166875,0.0167049,0.0
5.67819,0.000571177,0.0834376,0.0371599,0.0
5.67711,0.000581646,0.100125,0.04091,0.0
5.67767,0.000609737,0.166875,0.0525012,0.0
5.67963,0.000592961,0.0834376,0.0371599,0.0
5.67837,0.000575534,0.100125,0.04091,0.0
5.67782,0.000559798,0.0166875,0.0167049,0.0
5.67953,0.000578265,0.150188,0.0501148,0.0
5.67916,0.000587499,0.0834376,0.0371599,0.0
5.67772,0.000587108,0.0500626,0.0289779,0.0
5.67758,0.000570332,0.116813,0.0439783,0.0
5.67954,0.000586588,0.100125,0.04091,0.0
5.679,0.000594781,0.166875,0.0525012,0.0
5.67779,0.000578525,0.0333751,0.0235233,0.0
5.67757,0.000588669,0.150188,0.0501148,0.0
5.67732,0.000570137,0.0667501,0.0334099,0.0
5.67875,0.00059075,0.183563,0.0600014,0.0
5.67939,0.000567861,0.116813,0.0439783,0.0
5.67845,0.000583922,0.0834376,0.0371599,0.0
5.67746,0.00056591,0.0834376,0.0371599,0.0
5.67839,0.000587499,0.0667501,0.0334099,0.0
5.67803,0.000592245,0.150188,0.0501148,0.0
5.67794,0.000584117,0.0500626,0.0289779,0.0
5.67803,0.000593546,0.20025,0.057615,0.0
5.67814,0.000558107,0.0333751,0.0235233,0.0
5.67723,0.000572998,0.0667501,0.0334099,0.0
5.67752,0.000562334,0.0667501,0.0334099,0.0
5.67812,0.000558758,0.0333751,0.0235233,0.0
5.67888,0.000572933,0.0667501,0.0334099,0.0
5.67858,0.000585873,0.0834376,0.0371599,0.0
5.679,0.000583987,0.100125,0.04091,0.0
5.67892,0.000584312,0.150188,0.0501148,0.0
5.67906,0.000574168,0.0500626,0.0289779,0.0
5.67817,0.000571177,0.0667501,0.0334099,0.0
5.67918,0.000567016,0.116813,0.0439783,0.0
5.67852,0.00059023,0.1335,0.0470465,0.0
5.67718,0.000596537,0.100125,0.04091,0.0
5.679,0.000589384,0.100125,0.04091,0.0
5.68033,0.000586198,0.166875,0.0525012,0.0
5.67846,0.000606226,0.0667501,0.0334099,0.0
5.67835,0.000569227,0.0500626,0.0289779,0.0
5.67818,0.000587434,0.1335,0.0470465,0.0
5.67891,0.000592505,0.150188,0.0501148,0.0
5.6785,0.000594521,0.0500626,0.0289779,0.0
5.67777,0.000559733,0.0667501,0.0334099,0.0
5.6773,0.000562854,0.0166875,0.0167049,0.0
5.67801,0.000581451,0.116813,0.0439783,0.0
5.67791,0.000592375,0.166875,0.0525012,0.0
5.67808,0.00056422,0.0834376,0.0371599,0.0
5.6784,0.000601024,0.116813,0.0439783,0.0
5.67871,0.000596732,0.1335,0.0470465,0.0
5.67804,0.000596862,0.0834376,0.0371599,0.0
5.67742,0.000605836,0.150188,0.0501148,0.0
5.67919,0.000613769,0.116813,0.0439783,0.0
5.67841,0.000604405,0.166875,0.0525012,0.0
5.67738,0.000596212,0.166875,0.0525012,0.0
5.67901,0.000594651,0.116813,0.0439783,0.0
5.67913,0.000589059,0.0500626,0.0289779,0.0
5.67696,0.00056513,0.0667501,0.0334099,0.0
5.67841,0.000578005,0.1335,0.0470465,0.0
5.67943,0.000580281,0.100125,0.04091,0.0
5.67897,0.00057937,0.0834376,0.0371599,0.0
5.67897,0.000571177,0.100125,0.04091,0.0
5.67865,0.000580541,0.116813,0.0439783,0.0
5.67874,0.000576249,0.0667501,0.0334099,0.0
5.67895,0.000554076,0.0500626,0.0289779,0.0
5.67918,0.00059101,0.1335,0.0470465,0.0
5.67852,0.000602454,0.116813,0.0439783,0.0
5.67807,0.000587238,0.100125,0.04091,0.0
5.67807,0.000572153,0.100125,0.04091,0.0
5.67802,0.000581191,0.0834376,0.0371599,0.0
5.67826,0.000587173,0.166875,0.0525012,0.0
5.67811,0.000557652,0.0333751,0.0235233,0.0
5.67806,0.000549979,0.0333751,0.0235233,0.0
5.67859,0.000563569,0.100125,0.04091,0.0
5.67859,0.000598228,0.166875,0.0525012,0.0
5.6773,0.000569032,0.0166875,0.0167049,0.0
5.67792,0.000591075,0.100125,0.04091,0.0
5.67867,0.000582557,0.1335,0.0470465,0.0
5.67835,0.000572088,0.0500626,0.0289779,0.0
5.67805,0.000580346,0.100125,0.04091,0.0
5.67877,0.000571633,0.0834376,0.0371599,0.0
5.67888,0.000576509,0.0667501,0.0334099,0.0
5.67811,0.00057898,0.0166875,0.0167049,0.0
5.67812,0.00057794,0.100125,0.04091,0.0
5.67896,0.00059023,0.0834376,0.0371599,0.0
5.67814,0.000582622,0.0500626,0.0289779,0.0
5.67844,0.000563634,0.0166875,0.0167049,0.0
5.67891,0.000560773,0.0667501,0.0334099,0.0
5.67813,0.000574299,0.150188,0.0501148,0.0
5.67842,0.000595302,0.183563,0.0552285,0.0
5.67941,0.000575209,0.116813,0.0439783,0.0
5.67914,0.000587303,0.100125,0.04091,0.0
5.67801,0.000561944,0.116813,0.0439783,0.0
5.67785,0.000574624,0.0834376,0.0371599,0.0
5.67858,0.000578265,0.0667501,0.0334099,0.0
5.67836,0.000591335,0.116813,0.0439783,0.0
5.67852,0.00057911,0.150188,0.0501148,0.0
5.67863,0.0005901,0.150188,0.0501148,0.0
5.67772,0.000574494,0.100125,0.04091,0.0
5.67751,0.000569487,0.0834376,0.0371599,0.0
5.67795,0.000559083,0.0667501,0.0334099,0.0
5.67905,0.000581191,0.100125,0.04091,0.0
5.67903,0.000583662,0.116813,0.0439783,0.0
5.67925,0.00059075,0.116813,0.0439783,0.0
5.67937,0.000592961,0.0834376,0.0371599,0.0
5.67836,0.000587759,0.0667501,0.0334099,0.0
5.67945,0.000596147,0.116813,0.0439783,0.0
5.67965,0.000591595,0.0667501,0.0334099,0.0
5.67875,0.000611233,0.116813,0.0439783,0.0
5.67914,0.000582362,0.0500626,0.0289779,0.0
5.67915,0.00056565,0.100125,0.04091,0.0
5.67929,0.00057859,0.0667501,0.0334099,0.0
5.67818,0.00056591,0.1335,0.0470465,0.0
5.67802,0.000566691,0.0834376,0.0371599,0.0
5.67843,0.000600048,0.166875,0.0525012,0.0
5.67817,0.000587499,0.0834376,0.0371599,0.0
5.67849,0.000567926,0.0834376,0.0371599,0.0
5.67863,0.000580866,0.183563,0.0552285,0.0
5.67831,0.000574429,0.0834376,0.0371599,0.0
5.67809,0.000568641,0.0500626,0.0289779,0.0
5.67859,0.000584702,0.116813,0.0439783,0.0
5.67864,0.000609477,0.216938,0.0600014,0.0
5.67786,0.000575664,0.0500626,0.0289779,0.0
5.67886,0.000597447,0.1335,0.0470465,0.0
5.67888,0.000571698,0.0500626,0.0289779,0.0
5.67817,0.000576444,0.1335,0.0470465,0.0
5.67885,0.000594261,0.1335,0.0470465,0.0
5.67873,0.000613573,0.116813,0.0439783,0.0
5.67879,0.000588669,0.1335,0.0470465,0.0
5.67873,0.000588084,0.0834376,0.0371599,0.0
5.67882,0.000572608,0.100125,0.04091,0.0
5.67906,0.00057898,0.100125,0.04091,0.0
5.67904,0.000590945,0.150188,0.0501148,0.0
5.67928,0.0005901,0.1335,0.0470465,0.0
5.67871,0.000594781,0.150188,0.0501148,0.0
5.67866,0.000580541,0.0500626,0.0289779,0.0
5.67787,0.000573778,0.116813,0.0439783,0.0
5.67824,0.000616304,0.216938,0.0600014,0.0
5.67862,0.000602584,0.1335,0.0470465,0.0
5.677,0.000586263,0.116813,0.0439783,0.0
5.67851,0.000593676,0.100125,0.04091,0.0
5.67901,0.000584572,0.0333751,0.0235233,0.0
5.67854,0.000570852,0.0667501,0.0334099,0.0
5.67845,0.000584637,0.0834376,0.0371599,0.0
5.67794,0.000600438,0.150188,0.0501148,0.0
5.67859,0.000575859,0.116813,0.0439783,0.0
5.67971,0.000582427,0.0667501,0.0334099,0.0
5.67855,0.000589384,0.0667501,0.0334099,0.0
5.67857,0.000581711,0.100125,0.04091,0.0
5.678,0.00060486,0.0834376,0.0371599,0.0
5.67826,0.000602974,0.116813,0.0439783,0.0
5.67818,0.000593611,0.116813,0.0439783,0.0
5.67861,0.000587499,0.0667501,0.0334099,0.0
5.67878,0.00057885,0.150188,0.0501148,0.0
5.6788,0.000602454,0.0834376,0.0371599,0.0
5.67886,0.000596277,0.1335,0.0470465,0.0
5.67838,0.000586588,0.100125,0.04091,0.0
5.67902,0.000580346,0.150188,0.0501148,0.0
5.67923,0.000626123,0.216938,0.0600014,0.0
5.67985,0.000618971,0.100125,0.04091,0.0
5.67874,0.000604795,0.0834376,0.0371599,0.0
5.67807,0.000571177,0.0500626,0.0289779,0.0
5.67721,0.000560318,0.0667501,0.0334099,0.0
5.67864,0.000595692,0.1335,0.0470465,0.0
5.67829,0.000593611,0.116813,0.0439783,0.0
5.6772,0.000567991,0.1335,0.0470465,0.0
5.67792,0.000580281,0.100125,0.04091,0.0
5.678,0.00057898,0.0667501,0.0334099,0.0
5.67816,0.000589189,0.1335,0.0470465,0.0
5.67882,0.000582817,0.183563,0.0552285,0.0
5.67795,0.000584637,0.0834376,0.0371599,0.0
5.67901,0.000575404,0.100125,0.04091,0.0
5.67879,0.000580346,0.183563,0.0552285,0.0
5.67808,0.000605055,0.116813,0.0439783,0.0
5.67912,0.000581321,0.0667501,0.0334099,0.0
5.67815,0.000576379,0.0500626,0.0289779,0.0
5.67814,0.000569032,0.0667501,0.0334099,0.0
5.67915,0.000575404,0.100125,0.04091,0.0
5.6791,0.000573583,0.0500626,0.0289779,0.0
5.6786,0.000582817,0.0667501,0.0334099,0.0
5.67928,0.000564025,0.100125,0.04091,0.0
5.67921,0.000574103,0.0834376,0.0371599,0.0
5.6796,0.000595041,0.100125,0.04091,0.0
5.67938,0.000586458,0.116813,0.0439783,0.0
5.67905,0.000575469,0.100125,0.04091,0.0
5.67942,0.00060369,0.183563,0.0552285,0.0
5.67874,0.000573843,0.0667501,0.0334099,0.0
5.67843,0.000592375,0.1335,0.0470465,0.0
5.67853,0.000576965,0.0834376,0.0371599,0.0
5.6781,0.000557262,0.0834376,0.0371599,0.0
5.67903,0.000578525,0.1335,0.0470465,0.0
5.67883,0.000567666,0.0667501,0.0334099,0.0
5.67785,0.000560968,0.0667501,0.0334099,0.0
5.67793,0.00056422,0.0667501,0.0334099,0.0
5.67901,0.000598748,0.166875,0.0525012,0.0
5.67803,0.000584377,0.0667501,0.0334099,0.0
5.67738,0.000572478,0.0834376,0.0371599,0.0
5.67808,0.000585418,0.116813,0.0439783,0.0
5.67843,0.000577095,0.20025,0.057615,0.0
5.6787,0.000579826,0.0500626,0.0289779,0.0
5.67843,0.000575924,0.0667501,0.0334099,0.0
5.67904,0.000583727,0.20025,0.057615,0.0
5.67903,0.000596732,0.100125,0.04091,0.0
5.67949,0.000592701,0.1335,0.0470465,0.0
5.67914,0.000601284,0.1335,0.0470465,0.0
5.67885,0.000575469,0.1335,0.0470465,0.0
5.67819,0.000578915,0.1335,0.0470465,0.0
5.67946,0.000612208,0.166875,0.0525012,0.0
5.67876,0.000603755,0.150188,0.0501148,0.0
5.67846,0.000580476,0.116813,0.0439783,0.0
5.67897,0.0005769,0.0500626,0.0289779,0.0
5.67843,0.000570072,0.1335,0.0470465,0.0
5.67886,0.000602714,0.116813,0.0439783,0.0
5.67839,0.000582752,0.116813,0.0439783,0.0
5.67824,0.000574038,0.100125,0.04091,0.0
5.67843,0.000582752,0.150188,0.0501148,0.0
5.67896,0.000593611,0.0834376,0.0371599,0.0
5.67823,0.000576119,0.0667501,0.0334099,0.0
5.67794,0.000583207,0.0500626,0.0289779,0.0
5.67902,0.0005769,0.116813,0.0439783,0.0
5.67912,0.000581841,0.0667501,0.0334099,0.0
5.67804,0.000587564,0.0500626,0.0289779,0.0
5.67836,0.000555116,0.0834376,0.0371599,0.0
5.67768,0.000578655,0.0834376,0.0371599,0.0
5.67714,0.000585613,0.1335,0.0470465,0.0
5.6781,0.000595757,0.0500626,0.0289779,0.0
5.67853,0.000592245,0.0834376,0.0371599,0.0
5.6786,0.000581451,0.100125,0.04091,0.0
5.67814,0.000574233,0.0500626,0.0289779,0.0
5.67841,0.000567731,0.0333751,0.0235233,0.0
5.67863,0.000610322,0.100125,0.04091,0.0
5.67828,0.000580346,0.116813,0.0439783,0.0
5.67749,0.000599528,0.100125,0.04091,0.0
5.67784,0.000582557,0.0500626,0.0289779,0.0
5.67802,0.00057924,0.0333751,0.0235233,0.0
5.67871,0.000581711,0.100125,0.04091,0.0
5.6788,0.000575274,0.116813,0.0439783,0.0
5.67812,0.000590555,0.0667501,0.0334099,0.0
5.67826,0.000592245,0.1335,0.0470465,0.0
5.6787,0.000591075,0.0667501,0.0334099,0.0
5.67868,0.000587303,0.1335,0.0470465,0.0
5.6783,0.000583402,0.0834376,0.0371599,0.0
5.67814,0.00059101,0.0834376,0.0371599,0.0
5.67841,0.00059075,0.166875,0.0525012,0.0
5.67794,0.000593156,0.1335,0.0470465,0.0
5.67819,0.000581191,0.0834376,0.0371599,0.0
5.67824,0.000564025,0.0667501,0.0334099,0.0
5.67893,0.000589254,0.150188,0.0501148,0.0
5.67983,0.000602909,0.150188,0.0501148,0.0
5.67872,0.000579305,0.116813,0.0439783,0.0
5.67872,0.000572478,0.0834376,0.0371599,0.0
5.67799,0.000576444,0.0667501,0.0334099,0.0
5.67876,0.000572348,0.0834376,0.0371599,0.0
5.67925,0.000570267,0.0667501,0.0334099,0.0
5.67775,0.000571177,0.0834376,0.0371599,0.0
5.67864,0.000572933,0.116813,0.0439783,0.0
5.67927,0.0005901,0.1335,0.0470465,0.0
5.67955,0.000583337,0.116813,0.0439783,0.0
5.6791,0.000586978,0.0834376,0.0371599,0.0
5.67895,0.00057742,0.0333751,0.0235233,0.0
5.67876,0.00057703,0.0834376,0.0371599,0.0
5.67888,0.00057846,0.0166875,0.0167049,0.0
5.67853,0.000582622,0.100125,0.04091,0.0
5.6793,0.000564025,0.0667501,0.0334099,0.0
5.67941,0.000594716,0.100125,0.04091,0.0
5.67946,0.000574233,0.0834376,0.0371599,0.0
5.67799,0.000555831,0.0667501,0.0334099,0.0
5.67793,0.000576509,0.0834376,0.0371599,0.0
5.67869,0.000576769,0.0834376,0.0371599,0.0
5.67905,0.000581451,0.0834376,0.0371599,0.0
5.67791,0.000581256,0.0333751,0.0235233,0.0
5.67665,0.000551735,0.100125,0.04091,0.0
5.6782,0.000594976,0.183563,0.0552285,0.0
5.67842,0.000569487,0.0166875,0.0167049,0.0
5.67723,0.000549394,0.0500626,0.0289779,0.0
5.6787,0.000566756,0.150188,0.0501148,0.0
5.67934,0.000572543,0.100125,0.04091,0.0
5.67833,0.000579175,0.116813,0.0439783,0.0
5.67904,0.000591075,0.166875,0.0525012,0.0
5.67855,0.000592831,0.100125,0.04091,0.0
5.67849,0.000584963,0.183563,0.0552285,0.0
5.67842,0.000597057,0.100125,0.04091,0.0
5.67904,0.000560123,0.0834376,0.0371599,0.0
5.67904,0.000571307,0.0834376,0.0371599,0.0
5.6785,0.000554011,0.0500626,0.0289779,0.0
5.67947,0.00057833,0.0667501,0.0334099,0.0
5.67915,0.000593221,0.166875,0.0525012,0.0
5.67808,0.000554661,0.0500626,0.0289779,0.0
5.67793,0.000572933,0.0333751,0.0235233,0.0
5.67798,0.0005663,0.0500626,0.0289779,0.0
5.67797,0.000580476,0.0834376,0.0371599,0.0
5.67882,0.00057781,0.116813,0.0439783,0.0
5.6783,0.000570332,0.150188,0.0501148,0.0
5.67797,0.000579175,0.150188,0.0501148,0.0
5.67821,0.000593611,0.116813,0.0439783,0.0
5.67921,0.000588799,0.116813,0.0439783,0.0
5.67884,0.00059049,0.1335,0.0470465,0.0
5.67815,0.000580151,0.0667501,0.0334099,0.0
5.67824,0.000580476,0.116813,0.0439783,0.0
5.67781,0.000584117,0.0500626,0.0289779,0.0
5.67795,0.000583142,0.0834376,0.0371599,0.0
5.6791,0.000592766,0.20025,0.057615,0.0
5.6782,0.000583142,0.0834376,0.0371599,0.0
5.67706,0.000598943,0.0834376,0.0371599,0.0
5.67869,0.000580216,0.116813,0.0439783,0.0
5.67787,0.00059179,0.100125,0.04091,0.0
5.6779,0.000569617,0.0500626,0.0289779,0.0
5.679,0.000571828,0.0667501,0.0334099,0.0
5.67765,0.000568251,0.0834376,0.0371599,0.0
5.6782,0.000590945,0.1335,0.0470465,0.0
5.6785,0.000580931,0.100125,0.04091,0.0
5.67843,0.000570592,0.100125,0.04091,0.0
5.67919,0.00057924,0.0667501,0.0334099,0.0
5.67894,0.000578005,0.0834376,0.0371599,0.0
5.6782,0.00056539,0.0667501,0.0334099,0.0
5.67765,0.000565195,0.0500626,0.0289779,0.0
5.67825,0.000576054,0.0667501,0.0334099,0.0
5.67867,0.00056526,0.0834376,0.0371599,0.0
5.67889,0.000573778,0.0667501,0.0334099,0.0
5.67861,0.0005769,0.0834376,0.0371599,0.0
5.67828,0.000574754,0.0333751,0.0235233,0.0
5.67837,0.000563569,0.0667501,0.0334099,0.0
5.67855,0.000568381,0.150188,0.0501148,0.0
5.67868,0.000580346,0.0333751,0.0235233,0.0
5.67811,0.000599333,0.1335,0.0470465,0.0
5.67892,0.000582622,0.166875,0.0525012,0.0
5.67904,0.000570267,0.116813,0.0439783,0.0
5.67796,0.000546728,0.100125,0.04091,0.0
5.67878,0.000584442,0.216938,0.0600014,0.0
5.67925,0.000593741,0.0667501,0.0334099,0.0
5.67779,0.000580801,0.100125,0.04091,0.0
5.67879,0.000590035,0.0834376,0.0371599,0.0
5.67889,0.000579761,0.100125,0.04091,0.0
5.67892,0.000597057,0.1335,0.0470465,0.0
5.6781,0.000556612,0.0667501,0.0334099,0.0
5.67789,0.00056565,0.0166875,0.0167049,0.0
5.67895,0.000586458,0.116813,0.0439783,0.0
5.67838,0.000585093,0.1335,0.0470465,0.0
5.6788,0.000584247,0.0834376,0.0371599,0.0
5.67833,0.000588539,0.116813,0.0439783,0.0
5.67897,0.000589969,0.100125,0.04091,0.0
5.6795,0.000579891,0.0667501,0.0334099,0.0
5.67836,0.000585028,0.116813,0.0439783,0.0
5.67802,0.000577225,0.1335,0.0470465,0.0
5.6796,0.000580346,0.0500626,0.0289779,0.0
5.67844,0.000594391,0.166875,0.0525012,0.0
5.67867,0.000585483,0.0834376,0.0371599,0.0
5.67884,0.000567601,0.0834376,0.0371599,0.0
5.67945,0.000572738,0.0834376,0.0371599,0.0
5.6792,0.000570332,0.0500626,0.0289779,0.0
5.67852,0.000587629,0.0834376,0.0371599,0.0
5.67872,0.00059062,0.100125,0.04091,0.0
5.6783,0.00057807,0.0500626,0.0289779,0.0
5.67839,0.000562984,0.0333751,0.0235233,0.0
5.67848,0.000567861,0.0834376,0.0371599,0.0
5.67875,0.000569422,0.0500626,0.0289779,0.0
5.67862,0.00057937,0.100125,0.04091,0.0
5.67846,0.000578005,0.0667501,0.0334099,0.0
5.67872,0.000586653,0.116813,0.0439783,0.0
5.67867,0.000582622,0.0834376,0.0371599,0.0
5.67859,0.000593026,0.100125,0.04091,0.0
5.6789,0.000604795,0.150188,0.0501148,0.0
5.6786,0.000577745,0.116813,0.0439783,0.0
5.67884,0.000570787,0.0667501,0.0334099,0.0
5.67881,0.000584247,0.166875,0.0525012,0.0
5.67747,0.000568121,0.0500626,0.0289779,0.0
5.67708,0.000570657,0.0834376,0.0371599,0.0
5.67865,0.000569292,0.100125,0.04091,0.0
5.67912,0.000576054,0.150188,0.0501148,0.0
5.67914,0.000587173,0.150188,0.0501148,0.0
5.67873,0.000597642,0.183563,0.0552285,0.0
5.67772,0.00056526,0.116813,0.0439783,0.0
5.6777,0.000573323,0.100125,0.04091,0.0
5.6784,0.000586003,0.116813,0.0439783,0.0
5.67801,0.000581906,0.0834376,0.0371599,0.0
5.6777,0.000564415,0.0500626,0.0289779,0.0
5.67907,0.00057937,0.150188,0.0501148,0.0
5.67871,0.000581256,0.0834376,0.0371599,0.0
5.67834,0.000574429,0.1335,0.0470465,0.0
5.6785,0.000593416,0.0834376,0.0371599,0.0
5.67914,0.000563049,0.100125,0.04091,0.0
5.67843,0.000581906,0.116813,0.0439783,0.0
5.67879,0.000571047,0.0834376,0.0371599,0.0
5.67814,0.000565,0.0834376,0.0371599,0.0
5.67857,0.000576574,0.0667501,0.0334099,0.0
5.67912,0.000586978,0.0834376,0.0371599,0.0
5.67899,0.000609087,0.150188,0.0501148,0.0
5.67793,0.000605185,0.166875,0.0525012,0.0
5.67817,0.000594066,0.0834376,0.0371599,0.0
5.67783,0.000567276,0.1335,0.0470465,0.0
5.67843,0.000583597,0.1335,0.0470465,0.0
5.67821,0.000574884,0.0333751,0.0235233,0.0
5.67816,0.000573648,0.0667501,0.0334099,0.0
5.67855,0.00057833,0.0834376,0.0371599,0.0
5.67866,0.000590555,0.116813,0.0439783,0.0
5.67775,0.000584702,0.0333751,0.0235233,0.0
5.67835,0.00060369,0.250313,0.0644333,0.0
5.67957,0.000608241,0.166875,0.0525012,0.0
5.67867,0.00061728,0.166875,0.0525012,0.0
5.67863,0.000594586,0.0834376,0.0371599,0.0
5.67775,0.000610712,0.116813,0.0439783,0.0
5.67779,0.000583727,0.0500626,0.0289779,0.0
5.67898,0.000580021,0.1335,0.0470465,0.0
5.67864,0.000566365,0.0333751,0.0235233,0.0
5.67889,0.00059036,0.166875,0.0525012,0.0
5.67899,0.000600699,0.116813,0.0439783,0.0
5.67917,0.000571893,0.0500626,0.0289779,0.0
5.67961,0.000601999,0.1335,0.0470465,0.0
5.67912,0.000591725,0.100125,0.04091,0.0
5.67848,0.000572283,0.100125,0.04091,0.0
5.67794,0.000610517,0.1335,0.0470465,0.0
5.67867,0.000588669,0.0500626,0.0289779,0.0
5.67844,0.000595171,0.0667501,0.0334099,0.0
5.67885,0.000576184,0.1335,0.0470465,0.0
5.67913,0.000607526,0.1335,0.0470465,0.0
5.6779,0.000589384,0.100125,0.04091,0.0
5.67687,0.000567081,0.0500626,0.0289779,0.0
5.6771,0.000572543,0.100125,0.04091,0.0
5.67766,0.000587694,0.116813,0.0439783,0.0
5.67787,0.000585873,0.116813,0.0439783,0.0
5.67748,0.000583402,0.150188,0.0501148,0.0
5.67933,0.00060447,0.116813,0.0439783,0.0
5.67911,0.000581256,0.1335,0.0470465,0.0
5.67875,0.00059244,0.166875,0.0525012,0.0
5.67832,0.000599138,0.116813,0.0501148,0.0
5.67867,0.000608827,0.166875,0.0525012,0.0
5.67762,0.000584637,0.0166875,0.0167049,0.0
5.67823,0.000585743,0.166875,0.0525012,0.0
5.67865,0.000598618,0.116813,0.0439783,0.0
5.67804,0.000594976,0.100125,0.04091,0.0
5.6786,0.000571828,0.0500626,0.0289779,0.0
5.67948,0.000573713,0.100125,0.04091,0.0
5.67929,0.000578265,0.166875,0.0525012,0.0
5.67954,0.000594066,0.20025,0.057615,0.0
5.67938,0.000583532,0.0834376,0.0371599,0.0
5.67852,0.000583012,0.116813,0.0439783,0.0
5.67838,0.000584637,0.0667501,0.0334099,0.0
5.67912,0.000588084,0.1335,0.0470465,0.0
5.67853,0.000584572,0.150188,0.0501148,0.0
5.67878,0.000601869,0.1335,0.0470465,0.0
5.67811,0.000581451,0.0834376,0.0371599,0.0
5.67822,0.00057755,0.0500626,0.0289779,0.0
5.67761,0.000572088,0.100125,0.04091,0.0
5.67695,0.000582167,0.0834376,0.0371599,0.0
5.67751,0.000595041,0.116813,0.0439783,0.0
5.67875,0.000598683,0.116813,0.0439783,0.0
5.67851,0.000599463,0.116813,0.0439783,0.0
5.67856,0.000570527,0.0834376,0.0371599,0.0
5.67804,0.00056604,0.100125,0.04091,0.0
5.67854,0.000584963,0.150188,0.0501148,0.0
5.67924,0.000605966,0.150188,0.0501148,0.0
5.67852,0.000573388,0.0667501,0.0334099,0.0
5.67944,0.000588474,0.166875,0.0525012,0.0
5.67801,0.000586133,0.0667501,0.0334099,0.0
5.67758,0.000575989,0.0667501,0.0334099,0.0
5.67925,0.000592115,0.1335,0.0470465,0.0
5.67901,0.000576249,0.100125,0.04091,0.0
5.67766,0.000608567,0.0834376,0.0371599,0.0
5.6783,0.000569097,0.100125,0.04091,0.0
5.67818,0.000556612,0.0667501,0.0334099,0.0
5.6783,0.000571828,0.1335,0.0470465,0.0
5.67892,0.000583597,0.100125,0.04091,0.0
5.67846,0.000574624,0.1335,0.0470465,0.0
5.67888,0.000591985,0.166875,0.0525012,0.0
5.6781,0.000579826,0.0834376,0.0371599,0.0
5.67754,0.000558042,0.0166875,0.0167049,0.0
5.67807,0.000574559,0.116813,0.0439783,0.0
5.6783,0.000568056,0.0667501,0.0334099,0.0
5.67786,0.000576119,0.0667501,0.0334099,0.0
5.6784,0.000589254,0.20025,0.057615,0.0
5.67893,0.000598033,0.0834376,0.0371599,0.0
5.67821,0.000586523,0.100125,0.04091,0.0
5.67862,0.000594196,0.0834376,0.0371599,0.0
5.67828,0.00057859,0.1335,0.0470465,0.0
5.67804,0.0006046,0.0834376,0.0371599,0.0
5.67803,0.000588409,0.0834376,0.0371599,0.0
5.67778,0.000581126,0.1335,0.0470465,0.0
5.67875,0.00059244,0.100125,0.04091,0.0
5.67809,0.00057703,0.0500626,0.0289779,0.0
5.67823,0.000573063,0.0333751,0.0235233,0.0
5.67791,0.000571047,0.0667501,0.0334099,0.0
5.67842,0.000590685,0.1335,0.0470465,0.0
5.67836,0.00060343,0.0667501,0.0334099,0.0
5.67794,0.000575144,0.100125,0.04091,0.0
5.67774,0.000589189,0.116813,0.0439783,0.0
5.67956,0.000601804,0.267,0.0664788,0.0
5.68003,0.00059231,0.100125,0.04091,0.0
5.67803,0.000580606,0.0667501,0.0334099,0.0
5.67812,0.000576509,0.100125,0.04091,0.0
5.67851,0.000593611,0.150188,0.0501148,0.0
5.67787,0.000590165,0.0333751,0.0235233,0.0
5.67777,0.000595302,0.233625,0.0623878,0.0
5.67857,0.000575599,0.100125,0.04091,0.0
5.67815,0.000580216,0.0333751,0.0235233,0.0
5.67791,0.000582752,0.116813,0.0439783,0.0
5.67849,0.000584117,0.0834376,0.0371599,0.0
5.67885,0.000553816,0.0834376,0.0371599,0.0
5.67796,0.000576834,0.0667501,0.0334099,0.0
5.67882,0.000579305,0.100125,0.04091,0.0
5.67888,0.000582817,0.100125,0.04091,0.0
5.67798,0.000572673,0.0834376,0.0371599,0.0
5.67858,0.000567211,0.0667501,0.0334099,0.0
5.67802,0.000562334,0.0500626,0.0289779,0.0
5.67812,0.000581581,0.0834376,0.0371599,0.0
5.67883,0.000592896,0.150188,0.0501148,0.0
5.67814,0.000610127,0.1335,0.0470465,0.0
5.67751,0.0005769,0.0333751,0.0235233,0.0
5.67841,0.000574884,0.0667501,0.0334099,0.0
5.67867,0.000576834,0.150188,0.0501148,0.0
5.6787,0.000578005,0.0834376,0.0371599,0.0
5.67827,0.000562984,0.1335,0.0470465,0.0
5.67799,0.000557067,0.0500626,0.0289779,0.0
5.67873,0.000554271,0.116813,0.0439783,0.0
5.67836,0.000575924,0.100125,0.04091,0.0
5.67828,0.000563895,0.0667501,0.0334099,0.0
5.67793,0.000574819,0.1335,0.0470465,0.0
5.67825,0.000568186,0.0667501,0.0334099,0.0
5.67762,0.000579826,0.1335,0.0470465,0.0
5.67786,0.000592701,0.0834376,0.0371599,0.0
5.67811,0.000616304,0.1335,0.0470465,0.0
5.67891,0.000582362,0.0667501,0.0334099,0.0
5.67905,0.000606486,0.150188,0.0501148,0.0
5.67901,0.000614289,0.1335,0.0470465,0.0
5.67881,0.000586458,0.1335,0.0470465,0.0
5.67811,0.000592831,0.116813,0.0439783,0.0
5.67821,0.000590945,0.100125,0.04091,0.0
5.67861,0.000597122,0.0667501,0.0334099,0.0
5.67843,0.000575924,0.0667501,0.0334099,0.0
5.67861,0.000580931,0.0834376,0.0371599,0.0
5.67892,0.000577745,0.150188,0.0501148,0.0
5.6784,0.00059049,0.1335,0.0470465,0.0
5.67837,0.0005795,0.1335,0.0470465,0.0
5.67812,0.00057911,0.100125,0.04091,0.0
5.67789,0.000567731,0.116813,0.0439783,0.0
5.678,0.000562919,0.1335,0.0470465,0.0
5.67853,0.000592635,0.150188,0.0501148,0.0
5.67814,0.000592766,0.0500626,0.0289779,0.0
5.67756,0.00057768,0.100125,0.04091,0.0
5.67798,0.00057859,0.100125,0.04091,0.0
5.67829,0.000561814,0.0500626,0.0289779,0.0
5.67708,0.00057768,0.116813,0.0439783,0.0
5.67763,0.000566626,0.0834376,0.0371599,0.0
5.67761,0.000570397,0.1335,0.0470465,0.0
5.67771,0.000571893,0.0500626,0.0289779,0.0
5.67757,0.000586588,0.166875,0.0525012,0.0
5.6784,0.000593676,0.0834376,0.0371599,0.0
5.67897,0.00057833,0.0667501,0.0334099,0.0
5.678,0.000573258,0.0667501,0.0334099,0.0
5.67958,0.000572478,0.100125,0.04091,0.0
5.67883,0.000598293,0.100125,0.04091,0.0
5.67865,0.000597642,0.116813,0.0439783,0.0
5.67902,0.000563439,0.0667501,0.0334099,0.0
5.67958,0.000587303,0.166875,0.0525012,0.0
5.67853,0.000589774,0.0834376,0.0371599,0.0
5.67802,0.000560123,0.0667501,0.0334099,0.0
5.67974,0.000572348,0.0667501,0.0334099,0.0
5.67919,0.000545818,0.0500626,0.0289779,0.0
5.67849,0.000566431,0.0333751,0.0235233,0.0
5.67756,0.00057755,0.0667501,0.0334099,0.0
5.67869,0.000587499,0.0834376,0.0371599,0.0
5.67815,0.00059205,0.116813,0.0439783,0.0
5.67812,0.000576119,0.0834376,0.0371599,0.0
5.67777,0.000572413,0.0166875,0.0167049,0.0
5.6785,0.00057872,0.166875,0.0525012,0.0
5.67872,0.000584117,0.0667501,0.0334099,0.0
5.67814,0.000553556,0.1335,0.0470465,0.0
5.67876,0.000596342,0.166875,0.0525012,0.0
5.67802,0.000582947,0.0333751,0.0235233,0.0
5.67785,0.000574038,0.116813,0.0439783,0.0
5.67887,0.000607396,0.116813,0.0439783,0.0
5.67788,0.000586523,0.150188,0.0501148,0.0
5.67831,0.00060486,0.100125,0.04091,0.0
5.67875,0.000567991,0.0834376,0.0371599,0.0
5.6788,0.000588084,0.100125,0.04091,0.0
5.67947,0.000596342,0.166875,0.0525012,0.0
5.67912,0.000599983,0.183563,0.0552285,0.0
5.67872,0.000583012,0.0834376,0.0371599,0.0
5.67879,0.00059062,0.0834376,0.0371599,0.0
5.67816,0.000581451,0.0333751,0.0235233,0.0
5.6785,0.000563049,0.0834376,0.0371599,0.0
5.679,0.000581126,0.100125,0.04091,0.0
5.67829,0.000584247,0.0667501,0.0334099,0.0
5.67824,0.000594001,0.0834376,0.0371599,0.0
5.67717,0.000583207,0.166875,0.0525012,0.0
5.67829,0.000621572,0.166875,0.0525012,0.0
5.67778,0.000583597,0.116813,0.0439783,0.0
5.67819,0.000579435,0.116813,0.0439783,0.0
5.67773,0.000596472,0.100125,0.04091,0.0
5.67692,0.000575599,0.0333751,0.0235233,0.0
5.67763,0.000595952,0.1335,0.0470465,0.0
5.67803,0.000553296,0.0667501,0.0334099,0.0
5.67702,0.000566626,0.0834376,0.0371599,0.0
5.67771,0.000592831,0.1335,0.0470465,0.0
5.67761,0.000573063,0.0667501,0.0334099,0.0
5.67761,0.000576184,0.100125,0.04091,0.0
5.67784,0.000574364,0.0500626,0.0289779,0.0
5.67697,0.000580086,0.100125,0.04091,0.0
5.67783,0.000564415,0.0166875,0.0167049,0.0
5.67741,0.000568771,0.0667501,0.0334099,0.0
5.67772,0.000575404,0.100125,0.04091,0.0
5.67878,0.000588799,0.100125,0.04091,0.0
5.67806,0.000576704,0.0667501,0.0334099,0.0
5.67897,0.000573908,0.20025,0.057615,0.0
5.67975,0.000580736,0.0834376,0.0371599,0.0
5.67819,0.000574949,0.0500626,0.0289779,0.0
5.67856,0.000577485,0.116813,0.0439783,0.0
5.67902,0.000581126,0.116813,0.0439783,0.0
5.67899,0.000568186,0.0333751,0.0235233,0.0
5.67782,0.000566431,0.0500626,0.0289779,0.0
5.67803,0.000588409,0.150188,0.0501148,0.0
5.6786,0.000597577,0.100125,0.04091,0.0
5.6785,0.00060369,0.166875,0.0525012,0.0
5.67786,0.000564545,0.0667501,0.0334099,0.0
5.67785,0.000595952,0.100125,0.04091,0.0
5.67862,0.000591595,0.1335,0.0470465,0.0
5.67843,0.000575274,0.0333751,0.0235233,0.0
5.67779,0.000575079,0.116813,0.0439783,0.0
5.67779,0.000584833,0.0500626,0.0289779,0.0
5.67892,0.000588149,0.100125,0.04091,0.0
5.67876,0.000588279,0.116813,0.0439783,0.0
5.67749,0.000561879,0.0834376,0.0371599,0.0
5.67737,0.000558172,0.0333751,0.0235233,0.0
5.67863,0.000554531,0.0667501,0.0334099,0.0
5.67868,0.000582362,0.0834376,0.0371599,0.0
5.67934,0.00057755,0.100125,0.04091,0.0
5.67918,0.000582427,0.100125,0.04091,0.0
5.67807,0.000583662,0.100125,0.04091,0.0
5.67889,0.000573323,0.116813,0.0439783,0.0
5.67899,0.000595041,0.150188,0.0501148,0.0
5.67967,0.000573518,0.1335,0.0470465,0.0
5.67819,0.000596927,0.183563,0.0552285,0.0
5.67905,0.00061793,0.100125,0.04091,0.0
5.67896,0.00059023,0.100125,0.04091,0.0
5.67869,0.000575014,0.0667501,0.0334099,0.0
5.67932,0.000586393,0.0667501,0.0334099,0.0
5.67917,0.000581386,0.1335,0.0470465,0.0
5.67822,0.000574624,0.150188,0.0501148,0.0
5.67828,0.000594456,0.0500626,0.0289779,0.0
5.6787,0.00059114,0.116813,0.0439783,0.0
5.67815,0.000579305,0.150188,0.0501148,0.0
5.67801,0.000607851,0.1335,0.0470465,0.0
5.67793,0.00060499,0.1335,0.0470465,0.0
5.67776,0.00059257,0.0667501,0.0334099,0.0
5.67822,0.000572998,0.0667501,0.0334099,0.0
5.67815,0.000572023,0.0500626,0.0289779,0.0
5.67831,0.000568316,0.116813,0.0439783,0.0
5.67788,0.00056513,0.0667501,0.0334099,0.0
5.67724,0.000560383,0.0333751,0.0235233,0.0
5.67786,0.000581971,0.100125,0.04091,0.0
5.67906,0.000570787,0.0500626,0.0289779,0.0
5.67842,0.000560578,0.0166875,0.0167049,0.0
5.6781,0.000572998,0.100125,0.04091,0.0
5.67863,0.00059244,0.0667501,0.0334099,0.0
5.67837,0.000598813,0.150188,0.0501148,0.0
5.6796,0.000588799,0.116813,0.0439783,0.0
5.67973,0.000574689,0.0500626,0.0289779,0.0
5.67845,0.000591465,0.166875,0.0525012,0.0
5.67786,0.000558172,0.100125,0.04091,0.0
5.67823,0.000568576,0.0667501,0.0334099,0.0
5.67887,0.000561684,0.100125,0.04091,0.0
5.67852,0.000569292,0.0667501,0.0334099,0.0
5.67856,0.000568186,0.0834376,0.0371599,0.0
5.67867,0.000580931,0.1335,0.0470465,0.0
5.6779,0.000563049,0.0166875,0.0167049,0.0
5.67814,0.000578265,0.100125,0.04091,0.0
5.67916,0.000588604,0.116813,0.0439783,0.0
5.67864,0.000580671,0.0500626,0.0289779,0.0
5.67875,0.000581321,0.0834376,0.0371599,0.0
5.67864,0.000566561,0.0667501,0.0334099,0.0
5.67833,0.000600959,0.150188,0.0501148,0.0
5.67881,0.000599983,0.1335,0.0470465,0.0
5.67769,0.000575859,0.0500626,0.0289779,0.0
5.67717,0.000572868,0.116813,0.0439783,0.0
5.67849,0.000576444,0.0667501,0.0334099,0.0
5.67821,0.000570982,0.100125,0.04091,0.0
5.6779,0.000572478,0.0667501,0.0334099,0.0
5.67762,0.000579956,0.100125,0.04091,0.0
5.67851,0.000572803,0.0500626,0.0289779,0.0
5.67883,0.000581776,0.116813,0.0439783,0.0
5.67993,0.000610517,0.116813,0.0439783,0.0
5.6782,0.000569617,0.0834376,0.0371599,0.0
5.67836,0.000605836,0.166875,0.0525012,0.0
5.67894,0.000586198,0.0667501,0.0334099,0.0
5.67893,0.000597577,0.0333751,0.0235233,0.0
5.6786,0.00057833,0.1335,0.0470465,0.0
5.67791,0.000559798,0.0667501,0.0334099,0.0
5.67788,0.000560838,0.0667501,0.0334099,0.0
5.67904,0.000568576,0.0667501,0.0334099,0.0
5.67891,0.000577225,0.100125,0.04091,0.0
5.6786,0.000578525,0.0834376,0.0371599,0.0
5.67916,0.000591075,0.100125,0.04091,0.0
5.6789,0.000584572,0.1335,0.0470465,0.0
5.67905,0.000590815,0.100125,0.04091,0.0
5.67894,0.000596472,0.100125,0.04091,0.0
5.67817,0.00059127,0.100125,0.04091,0.0
5.67774,0.000575079,0.100125,0.04091,0.0
5.67883,0.000583597,0.166875,0.0525012,0.0
5.67809,0.00057781,0.0834376,0.0371599,0.0
5.67807,0.000559538,0.116813,0.0439783,0.0
5.67913,0.000598358,0.116813,0.0439783,0.0
5.67861,0.000579631,0.0667501,0.0334099,0.0
5.67843,0.000585483,0.150188,0.0501148,0.0
5.67934,0.000571307,0.0834376,0.0371599,0.0
5.67768,0.00056526,0.0834376,0.0371599,0.0
5.67786,0.000562919,0.0500626,0.0289779,0.0
5.67891,0.00059257,0.100125,0.04091,0.0
5.67889,0.000591465,0.166875,0.0525012,0.0
5.67845,0.000582817,0.0834376,0.0371599,0.0
5.67703,0.00057937,0.116813,0.0439783,0.0
5.67827,0.000594521,0.116813,0.0439783,0.0
5.67807,0.000610842,0.166875,0.0525012,0.0
5.67733,0.000575274,0.0166875,0.0167049,0.0
5.67827,0.000564155,0.0500626,0.0289779,0.0
5.67873,0.000548679,0.0333751,0.0235233,0.0
5.67784,0.000579175,0.0834376,0.0371599,0.0
5.67896,0.000579891,0.116813,0.0439783,0.0
5.67777,0.000587043,0.0166875,0.0167049,0.0
5.6781,0.000589319,0.100125,0.04091,0.0
5.679,0.000609737,0.1335,0.0470465,0.0
5.67844,0.00060564,0.1335,0.0470465,0.0
5.67804,0.000597447,0.100125,0.04091,0.0
5.67844,0.000578525,0.116813,0.0439783,0.0
5.6787,0.00057742,0.0834376,0.0371599,0.0
5.67756,0.000593156,0.0333751,0.0235233,0.0
5.6781,0.000599658,0.100125,0.04091,0.0
5.67818,0.000571567,0.0500626,0.0289779,0.0
5.67839,0.000572478,0.1335,0.0470465,0.0
5.67903,0.000586068,0.100125,0.04091,0.0
5.67841,0.000584312,0.100125,0.04091,0.0
5.67897,0.000616239,0.183563,0.0552285,0.0
5.67982,0.000595497,0.100125,0.04091,0.0
5.67823,0.000608371,0.116813,0.0439783,0.0
5.67804,0.000600959,0.100125,0.04091,0.0
5.67893,0.000570852,0.0667501,0.0334099,0.0
5.67901,0.000586653,0.0667501,0.0334099,0.0
5.67807,0.000550825,0.0500626,0.0289779,0.0
5.67745,0.000558953,0.0166875,0.0167049,0.0
5.67889,0.000563309,0.100125,0.04091,0.0
5.67866,0.000583857,0.116813,0.0439783,0.0
5.67848,0.000581451,0.1335,0.0470465,0.0
5.67767,0.000589709,0.0834376,0.0371599,0.0
5.67753,0.000585743,0.0667501,0.0334099,0.0
5.67843,0.000563895,0.0667501,0.0334099,0.0
5.67871,0.000584247,0.0667501,0.0334099,0.0
5.67726,0.000588864,0.0834376,0.0371599,0.0
5.6776,0.0005901,0.100125,0.04091,0.0
5.67819,0.000563895,0.0166875,0.0167049,0.0
5.6785,0.000576769,0.150188,0.0501148,0.0
5.67895,0.00057833,0.100125,0.04091,0.0
5.67818,0.000585353,0.1335,0.0470465,0.0
5.67734,0.000590815,0.0834376,0.0371599,0.0
5.67795,0.0005795,0.150188,0.0501148,0.0
5.67822,0.000583207,0.0500626,0.0289779,0.0
5.67803,0.000571633,0.0667501,0.0334099,0.0
5.67758,0.000583467,0.0834376,0.0371599,0.0
5.67795,0.000570202,0.0834376,0.0371599,0.0
5.67816,0.000583467,0.0500626,0.0289779,0.0
5.67878,0.000599073,0.1335,0.0470465,0.0
5.67935,0.00059179,0.166875,0.0525012,0.0
5.67838,0.000586133,0.0667501,0.0334099,0.0
5.6779,0.000580606,0.0667501,0.0334099,0.0
5.67757,0.000577485,0.100125,0.04091,0.0
5.67834,0.000581906,0.0834376,0.0371599,0.0
5.67829,0.000580216,0.183563,0.0552285,0.0
5.67819,0.00057872,0.0333751,0.0235233,0.0
5.67808,0.000586718,0.1335,0.0470465,0.0
5.67831,0.000576639,0.1335,0.0470465,0.0
5.67777,0.0005531,0.0166875,0.0167049,0.0
5.67827,0.00059257,0.166875,0.0525012,0.0
5.6787,0.000573128,0.0834376,0.0371599,0.0
5.6781,0.000568641,0.0500626,0.0289779,0.0
5.67983,0.000579305,0.1335,0.0470465,0.0
5.67847,0.000562464,0.0333751,0.0235233,0.0
5.67851,0.000568706,0.0500626,0.0289779,0.0
5.67836,0.000566886,0.0834376,0.0371599,0.0
5.67878,0.000577875,0.0500626,0.0289779,0.0
5.67895,0.000582817,0.166875,0.0525012,0.0
5.67818,0.000596082,0.100125,0.04091,0.0
5.67885,0.000587238,0.150188,0.0501148,0.0
5.67998,0.00060486,0.1335,0.0470465,0.0
5.6795,0.000584247,0.116813,0.0439783,0.0
5.67803,0.000573453,0.100125,0.04091,0.0
5.67847,0.000560968,0.100125,0.04091,0.0
5.67911,0.000602909,0.183563,0.0552285,0.0
5.67833,0.000599853,0.0500626,0.0289779,0.0
5.67898,0.000574689,0.0500626,0.0289779,0.0
5.67873,0.000569617,0.0500626,0.0289779,0.0
5.67886,0.000561164,0.0667501,0.0334099,0.0
5.6781,0.000566626,0.0667501,0.0334099,0.0
5.67886,0.000579826,0.0500626,0.0289779,0.0
5.67942,0.000571828,0.100125,0.04091,0.0
5.67697,0.000585548,0.100125,0.04091,0.0
5.67846,0.000579761,0.1335,0.0470465,0.0
5.67912,0.00059127,0.100125,0.04091,0.0
5.67772,0.000560513,0.0834376,0.0371599,0.0
5.67854,0.00059036,0.100125,0.04091,0.0
5.67881,0.000571958,0.0333751,0.0235233,0.0
5.67821,0.000579175,0.0834376,0.0371599,0.0
5.67839,0.00056422,0.0667501,0.0334099,0.0
5.67827,0.000584442,0.150188,0.0501148,0.0
5.67893,0.000589319,0.0834376,0.0371599,0.0
5.67946,0.000592245,0.116813,0.0439783,0.0
5.67912,0.000570852,0.0834376,0.0371599,0.0
5.67857,0.000558758,0.0667501,0.0334099,0.0
5.67836,0.000567861,0.0667501,0.0334099,0.0
5.67868,0.000569032,0.0333751,0.0235233,0.0
5.67836,0.000577355,0.0500626,0.0289779,0.0
5.67839,0.000566105,0.0500626,0.0289779,0.0
5.67875,0.000571633,0.100125,0.04091,0.0
5.67912,0.000578395,0.116813,0.0439783,0.0
5.679,0.00057716,0.0667501,0.0334099,0.0
5.67862,0.000607721,0.20025,0.057615,0.0
5.67836,0.000594521,0.166875,0.0525012,0.0
5.67814,0.000573323,0.0500626,0.0289779,0.0
5.67739,0.000569357,0.0333751,0.0235233,0.0
5.67797,0.000586588,0.100125,0.04091,0.0
5.67814,0.000570397,0.0667501,0.0334099,0.0
5.6777,0.000552125,0.0834376,0.0371599,0.0
5.67813,0.000559928,0.0667501,0.0334099,0.0
5.67878,0.000571698,0.0667501,0.0334099,0.0
5.6784,0.000583272,0.150188,0.0501148,0.0
5.67842,0.000585223,0.0500626,0.0289779,0.0
5.67781,0.000593026,0.100125,0.04091,0.0
5.67867,0.000587564,0.0667501,0.0334099,0.0
5.67868,0.000570852,0.0667501,0.0334099,0.0
5.67828,0.000580151,0.0834376,0.0371599,0.0
5.6785,0.000594001,0.166875,0.0525012,0.0
5.67869,0.000592115,0.150188,0.0501148,0.0
5.67877,0.000586523,0.100125,0.04091,0.0
5.67897,0.00057859,0.0500626,0.0289779,0.0
5.67949,0.00060356,0.20025,0.057615,0.0
5.6799,0.000575404,0.0500626,0.0289779,0.0
5.67892,0.000584507,0.1335,0.0470465,0.0
5.67863,0.000562659,0.0333751,0.0235233,0.0
5.67859,0.000574559,0.0667501,0.0334099,0.0
5.67905,0.000604145,0.1335,0.0470465,0.0
5.67822,0.00059049,0.0667501,0.0334099,0.0
5.67876,0.000604925,0.250313,0.0644333,0.0
5.67917,0.000609932,0.0834376,0.0371599,0.0
5.67848,0.00057807,0.0500626,0.0289779,0.0
5.6784,0.000581971,0.0166875,0.0167049,0.0
5.67898,0.00057781,0.150188,0.0501148,0.0
5.67889,0.000586588,0.100125,0.04091,0.0
5.67827,0.00057846,0.0834376,0.0371599,0.0
5.67766,0.000585938,0.1335,0.0470465,0.0
5.67769,0.000580346,0.116813,0.0439783,0.0
5.67795,0.000569032,0.0166875,0.0167049,0.0
5.67751,0.00056396,0.0500626,0.0289779,0.0
5.67775,0.00055102,0.0333751,0.0235233,0.0
5.6783,0.000594326,0.150188,0.0501148,0.0
5.67859,0.000573518,0.0834376,0.0371599,0.0
5.67734,0.000580671,0.116813,0.0439783,0.0
5.67705,0.000556027,0.0166875,0.0167049,0.0
5.67749,0.000567536,0.116813,0.0439783,0.0
5.67841,0.000580281,0.0500626,0.0289779,0.0
5.6786,0.000566365,0.150188,0.0501148,0.0
5.67881,0.000572283,0.100125,0.04091,0.0
5.67884,0.000594326,0.166875,0.0525012,0.0
5.67853,0.000584312,0.0834376,0.0371599,0.0
5.67811,0.000569162,0.0834376,0.0371599,0.0
5.67891,0.000588214,0.150188,0.0501148,0.0
5.6784,0.000594651,0.116813,0.0439783,0.0
5.67821,0.0005663,0.0333751,0.0235233,0.0
5.67883,0.000587303,0.116813,0.0439783,0.0
5.67905,0.000596472,0.0667501,0.0334099,0.0
5.67843,0.000580866,0.0834376,0.0371599,0.0
5.67733,0.000572088,0.100125,0.04091,0.0
5.67786,0.000575014,0.100125,0.04091,0.0
5.6782,0.000576054,0.116813,0.0439783,0.0
5.67828,0.000581061,0.0667501,0.0334099,0.0
5.67867,0.000589969,0.100125,0.04091,0.0
5.67875,0.0005782,0.0166875,0.0167049,0.0
5.67733,0.000565195,0.116813,0.0439783,0.0
5.67765,0.00059114,0.150188,0.0501148,0.0
5.67834,0.000578655,0.116813,0.0439783,0.0
5.67955,0.000589904,0.0500626,0.0289779,0.0
5.6787,0.000604015,0.166875,0.0525012,0.0
5.67918,0.000602844,0.100125,0.04091,0.0
5.67909,0.000587889,0.150188,0.0501148,0.0
5.67882,0.000580801,0.0333751,0.0235233,0.0
5.67773,0.000550825,0.100125,0.04091,0.0
5.67858,0.000600308,0.0834376,0.0371599,0.0
5.67887,0.000593741,0.100125,0.04091,0.0
5.67778,0.000561489,0.100125,0.04091,0.0
5.67826,0.000573648,0.0333751,0.0235233,0.0
5.67814,0.000573193,0.0500626,0.0289779,0.0
5.67746,0.000565195,0.1335,0.0470465,0.0
5.67827,0.00059179,0.100125,0.04091,0.0
5.67892,0.000586588,0.1335,0.0470465,0.0
5.67857,0.000586718,0.100125,0.04091,0.0
5.67855,0.000589124,0.116813,0.0439783,0.0
5.67799,0.00057937,0.0834376,0.0371599,0.0
5.67863,0.000596602,0.100125,0.04091,0.0
5.6788,0.000567861,0.150188,0.0501148,0.0
5.67805,0.000568641,0.0500626,0.0289779,0.0
5.67856,0.000572088,0.0834376,0.0371599,0.0
5.67945,0.000599788,0.150188,0.0501148,0.0
5.67778,0.000604405,0.0667501,0.0334099,0.0
5.67769,0.000598033,0.116813,0.0439783,0.0
5.67858,0.000581321,0.0667501,0.0334099,0.0
5.67856,0.000589644,0.166875,0.0525012,0.0
5.67864,0.000617475,0.1335,0.0470465,0.0
5.67862,0.000596667,0.150188,0.0501148,0.0
5.6788,0.000587043,0.0834376,0.0371599,0.0
5.67811,0.000584898,0.116813,0.0439783,0.0
5.67859,0.000574299,0.116813,0.0439783,0.0
5.67889,0.000598423,0.150188,0.0501148,0.0
5.67831,0.000562399,0.100125,0.04091,0.0
5.67789,0.000593091,0.0667501,0.0334099,0.0
5.67883,0.000583142,0.100125,0.04091,0.0
5.67812,0.000587889,0.0667501,0.0334099,0.0
5.67772,0.000590555,0.1335,0.0470465,0.0
5.678,0.000573843,0.100125,0.04091,0.0
5.67877,0.000598033,0.116813,0.0439783,0.0
5.67879,0.000598358,0.116813,0.0439783,0.0
5.67818,0.000580086,0.116813,0.0439783,0.0
5.67831,0.000595497,0.1335,0.0470465,0.0
5.6808,0.000592245,0.0667501,0.0334099,0.0
6.19173,0.012426,0.166875,0.0525012,0.0
18.2467,0.166843,55.8698,0.818201,0.0
67.5784,0.386569,123.488,1.02343,0.0
118.199,0.21471,193.942,0.895248,0.0
116.338,0.200771,191.556,0.899339,0.0
101.744,0.140452,191.022,0.842406,0.0
100.332,0.127963,191.623,0.872747,0.0
92.5024,0.128244,192.958,0.85502,0.0
84.4845,0.0971528,193.041,0.887066,0.0
82.1762,0.0898438,194.009,0.889111,0.0
78.0197,0.0880621,194.326,0.897634,0.0
73.6559,0.0778562,195.361,0.894907,0.0
71.1044,0.0775704,194.36,0.873429,0.0
68.1251,0.0801149,196.279,0.876156,0.0
64.7911,0.0776152,192.174,0.881611,0.0
61.4322,0.0795532,194.56,0.867974,0.0
57.8548,0.0818202,193.375,0.857747,0.0
54.4302,0.0838112,193.025,0.893202,0.0
51.1985,0.0870932,192.724,0.87377,0.0
48.1431,0.0897494,191.973,0.861156,0.0
45.3745,0.0904116,193.475,0.880929,0.0
42.8826,0.0865405,190.088,0.853315,0.0
40.7201,0.0850035,190.839,0.876838,0.0
38.8291,0.0847769,190.588,0.889111,0.0
36.9639,0.0805463,189.337,0.842747,0.0
35.2145,0.0789911,188.552,0.879907,0.0
33.7336,0.0788883,190.171,0.867634,0.0
32.3772,0.0752757,189.003,0.876838,0.0
31.1111,0.0732515,188.819,0.866952,0.0
29.9286,0.072012,185.482,0.842747,0.0
28.6932,0.0707032,185.065,0.876156,0.0
27.5754,0.0682802,184.698,0.866952,0.0
26.5509,0.0666195,183.463,0.861838,0.0
25.4121,0.0649303,182.495,0.860815,0.0
24.2468,0.063704,183.429,0.87002,0.0
23.1849,0.0598354,180.359,0.862179,0.0
22.3355,0.057329,179.641,0.876497,0.0
21.6514,0.0570735,179.741,0.853315,0.0
21.0306,0.0550624,179.508,0.853656,0.0
20.4825,0.0532228,177.739,0.849565,0.0
19.9295,0.0531225,175.67,0.85127,0.0
19.3674,0.0518077,175.62,0.84411,0.0
18.8541,0.0511282,175.403,0.877179,0.0
18.3721,0.0506331,175.002,0.864906,0.0
17.8971,0.0489316,173.584,0.857406,0.0
17.4315,0.0483845,172.315,0.847179,0.0
17.0565,0.0485177,170.997,0.85161,0.0
16.6549,0.0471996,170.814,0.853656,0.0
16.2433,0.0465868,169.312,0.85877,0.0
15.9424,0.0466385,170.58,0.873088,0.0
15.6517,0.0459476,168.577,0.85877,0.0
15.2971,0.0459231,167.409,0.858429,0.0
14.9743,0.0454925,167.142,0.861497,0.0
14.6753,0.0443092,166.875,0.852292,0.0
14.3795,0.0439691,164.522,0.850588,0.0
14.0935,0.0443481,163.237,0.852633,0.0
13.81,0.0427702,162.804,0.844451,0.0
13.5552,0.0410025,160.234,0.86627,0.0
13.3092,0.0413344,161.569,0.858429,0.0
13.0448,0.0400113,160.1,0.853656,0.0
12.8025,0.0388349,158.531,0.864224,0.0
12.5719,0.0387029,156.879,0.853997,0.0
12.3508,0.0376539,156.095,0.878543,0.0
12.1806,0.0354335,155.327,0.85502,0.0
11.989,0.0347104,153.826,0.855361,0.0
11.7683,0.0336553,153.091,0.864906,0.0
11.5752,0.032375,151.907,0.85502,0.0
11.3938,0.0324152,150.238,0.868656,0.0
11.2238,0.0322939,147.885,0.863883,0.0
11.0857,0.0320403,149.186,0.849565,0.0
10.9212,0.0312302,149.153,0.861497,0.0
10.7668,0.0301093,145.766,0.880588,0.0
10.6413,0.029645,145.165,0.845474,0.0
10.5121,0.0285381,143.63,0.853656,0.0
10.3833,0.02792,144.314,0.856383,0.0
10.2333,0.0279223,141.293,0.87377,0.0
10.0833,0.0269658,139.691,0.851951,0.0
9.95375,0.0258162,138.49,0.875816,0.0
9.84467,0.0259258,137.455,0.853656,0.0
9.72676,0.0250983,136.17,0.862861,0.0
9.61523,0.0242927,134.101,0.863883,0.0
9.50452,0.0239445,133.55,0.890134,0.0
9.38909,0.0234456,131.598,0.861156,0.0
9.26329,0.0228361,131.865,0.852974,0.0
9.13638,0.022206,128.778,0.876497,0.0
9.01077,0.0215485,126.592,0.86627,0.0
8.88903,0.020897,123.855,0.881952,0.0
8.8114,0.0206548,124.973,0.848542,0.0
8.75259,0.0205846,123.121,0.853315,0.0
8.65055,0.0203181,123.338,0.88502,0.0
8.54417,0.0195423,120.217,0.869679,0.0
8.46189,0.0191939,118.665,0.868656,0.0
8.38251,0.0185427,117.33,0.852633,0.0
8.30015,0.0182084,114.56,0.86252,0.0
8.238,0.0179992,113.642,0.865588,0.0
8.17228,0.017687,111.806,0.849565,0.0
8.08301,0.0169281,110.121,0.867974,0.0
8.01332,0.0169377,111.122,0.867634,0.0
7.96524,0.0170284,109.07,0.890816,0.0
7.90174,0.0163032,107.351,0.882293,0.0
7.82642,0.015699,105.816,0.882293,0.0
7.75977,0.0153568,104.097,0.877861,0.0
7.7059,0.0150777,103.713,0.864565,0.0
7.65323,0.0146321,100.492,0.873088,0.0
7.60657,0.0144077,98.64,0.862861,0.0
7.56705,0.0139446,99.6579,0.865588,0.0
7.5226,0.0135625,97.2215,0.837292,0.0
7.4747,0.0135907,96.3371,0.865247,0.0
7.42537,0.0133015,95.3191,0.868315,0.0
7.3766,0.0130496,94.151,0.867293,0.0
7.33222,0.0124641,91.5811,0.857406,0.0
7.29298,0.012416,90.1794,0.838656,0.0
7.25914,0.0122815,91.0972,0.859111,0.0
7.23403,0.0123111,88.3771,0.875134,0.0
7.20128,0.012132,88.7943,0.864906,0.0
7.16561,0.0119659,87.1423,0.856724,0.0
7.12555,0.0114641,84.6725,0.857065,0.0
7.09559,0.0111266,84.7559,0.839337,0.0
7.08246,0.0112396,83.9049,0.853997,0.0
7.05561,0.0113329,82.7201,0.864565,0.0
7.01626,0.0110486,80.4339,0.862861,0.0
6.99145,0.0109749,80.1669,0.832519,0.0
6.95681,0.0105229,78.8819,0.85127,0.0
6.91798,0.0103655,77.8473,0.841042,0.0
6.89956,0.0100532,75.4109,0.854338,0.0
6.87842,0.00987583,75.5444,0.849906,0.0
6.85342,0.0100122,75.9783,0.802859,0.0
6.83234,0.010108,73.4418,0.846838,0.0
6.79524,0.00963732,71.0054,0.814791,0.0
6.76093,0.00937579,71.3725,0.835587,0.0
6.74892,0.00926323,70.6383,0.839337,0.0
6.72077,0.00905762,68.5524,0.819564,0.0
6.67925,0.00851681,67.0338,0.829451,0.0
6.66732,0.0087639,67.2174,0.812064,0.0
6.6577,0.00887555,65.8657,0.828769,0.0
6.62072,0.00833682,64.9145,0.811041,0.0
6.59392,0.00818857,62.6617,0.786836,0.0
6.58168,0.00839079,62.9787,0.819905,0.0
6.56704,0.00817172,61.7605,0.804905,0.0
6.55572,0.00791111,61.36,0.81786,0.0
6.53784,0.00781025,60.6091,0.804223,0.0
6.50548,0.00789303,59.1072,0.796041,0.0
6.48143,0.00765003,56.4205,0.7732,0.0
6.47243,0.00738785,57.7889,0.774222,0.0
6.45663,0.00733876,56.8711,0.783086,0.0
6.43592,0.0071141,54.5682,0.774904,0.0
6.42176,0.00700765,54.8686,0.7957,0.0
6.40615,0.00701825,53.033,0.767063,0.0
6.39019,0.00690374,53.6671,0.7882,0.0
6.373,0.00691915,50.7301,0.772177,0.0
6.35039,0.00669618,50.2962,0.744563,0.0
6.33789,0.00643771,49.6454,0.755813,0.0
6.32769,0.00631943,49.1281,0.73604,0.0
6.31542,0.00628321,49.2449,0.75854,0.0
6.30271,0.00648518,46.7418,0.756154,0.0
6.28881,0.00637431,46.5081,0.739108,0.0
6.28194,0.00615485,46.2078,0.73263,0.0
6.27689,0.00625928,45.7405,0.739108,0.0
6.26698,0.00620258,45.0563,0.735017,0.0
6.2581,0.00626611,46.1243,0.750358,0.0
6.24886,0.00602253,43.3876,0.726494,0.0
6.24052,0.0060815,43.8381,0.748313,0.0
6.23731,0.00589449,42.5532,0.716948,0.0
6.23289,0.0058294,43.3041,0.713539,0.0
6.22286,0.00581224,42.5866,0.741835,0.0
6.2074,0.00580749,40.8511,0.683197,0.0
6.19235,0.00567373,40.0167,0.70638,0.0
6.19112,0.00568381,41.7188,0.707744,0.0
6.18765,0.00553634,40.8678,0.70263,0.0
6.17896,0.00564265,39.7163,0.716266,0.0
6.16787,0.00552886,38.2311,0.69138,0.0
6.15307,0.00534783,38.3312,0.690016,0.0
6.14628,0.00543613,37.6137,0.688311,0.0
6.14043,0.00546715,36.0451,0.677061,0.0
6.12713,0.00530485,36.5123,0.685584,0.0
6.12403,0.00520855,36.4789,0.670584,0.0
6.12653,0.00529106,35.7947,0.685925,0.0
6.11883,0.00504826,35.9282,0.677743,0.0
6.10405,0.00504963,35.3942,0.684561,0.0
6.1003,0.00490404,35.1272,0.656947,0.0
6.10058,0.00498668,34.8769,0.66547,0.0
6.09186,0.00493707,34.0092,0.677402,0.0
6.08735,0.00493317,33.1414,0.664447,0.0
6.08064,0.00487328,33.0914,0.660697,0.0
6.07165,0.00487803,32.6575,0.66547,0.0
6.06961,0.00477561,32.0734,0.657629,0.0
6.0641,0.00467547,32.3071,0.651833,0.0
6.05814,0.00476696,31.5227,0.650469,0.0
6.05719,0.00476397,31.4727,0.638537,0.0
6.04969,0.00477496,30.2211,0.648424,0.0
6.04186,0.00458912,31.239,0.630014,0.0
6.04563,0.00450699,30.8385,0.639219,0.0
6.03968,0.00457534,30.3045,0.630355,0.0
6.03197,0.00456409,30.1043,0.630696,0.0
6.03176,0.00441538,29.7872,0.635128,0.0
6.0209,0.00438527,28.3521,0.631037,0.0
6.0154,0.00429514,27.9182,0.615696,0.0
6.01543,0.00431043,28.3521,0.621151,0.0
6.00483,0.00429768,28.0517,0.626264,0.0
5.99821,0.00417797,27.3008,0.612287,0.0
6.00176,0.00427421,27.4677,0.616719,0.0
6.00024,0.00429866,28.0517,0.603082,0.0
5.99644,0.00434274,26.8169,0.614673,0.0
5.99351,0.00425255,27.4844,0.601718,0.0
5.99005,0.00417413,26.5499,0.602059,0.0
5.98326,0.00411912,26.0159,0.610241,0.0
5.97737,0.00409155,26.1327,0.598309,0.0
5.97612,0.00412738,25.632,0.59865,0.0
5.97534,0.00417556,25.6654,0.596605,0.0
5.97114,0.00400253,24.9812,0.588082,0.0
5.96072,0.00393965,24.3805,0.590809,0.0
5.95871,0.00396898,24.5307,0.582968,0.0
5.96535,0.00408707,25.0647,0.593195,0.0
5.96122,0.00395155,24.781,0.588423,0.0
5.94818,0.00380999,22.5615,0.563877,0.0
5.94494,0.00375433,23.1122,0.574104,0.0
5.9505,0.00387853,24.3304,0.592855,0.0
5.94882,0.00387424,23.0455,0.58365,0.0
5.94232,0.00392034,22.8452,0.584673,0.0
5.94147,0.00387307,23.496,0.586718,0.0
5.9391,0.00391618,22.6283,0.57274,0.0
5.93191,0.00381136,22.1443,0.562172,0.0
5.92591,0.00359944,21.5436,0.54649,0.0
5.92272,0.00355081,21.6103,0.542399,0.0
5.92056,0.00355997,21.1932,0.542058,0.0
5.91991,0.00374152,21.1264,0.559445,0.0
5.9221,0.00371987,21.2098,0.550922,0.0
5.91905,0.00360822,20.9428,0.539331,0.0
5.91189,0.00349957,20.7259,0.542058,0.0
5.91059,0.00355003,20.3755,0.544785,0.0
5.90996,0.00354476,20.1752,0.546149,0.0
5.90182,0.00349768,20.1919,0.534558,0.0
5.8978,0.00349124,19.441,0.52433,0.0
5.90197,0.00355529,20.5257,0.558763,0.0
5.89906,0.00351901,19.1573,0.527398,0.0
5.89254,0.00349501,19.0238,0.527739,0.0
5.8913,0.00338467,19.441,0.530808,0.0
5.89034,0.00332159,18.7902,0.528762,0.0
5.88804,0.00327952,18.5899,0.52058,0.0
5.88667,0.00332693,19.1406,0.524671,0.0
5.88365,0.00336802,18.6733,0.53524,0.0
5.87895,0.00334968,17.5887,0.508989,0.0
5.87523,0.0032171,18.0726,0.502171,0.0
5.87391,0.00320683,17.088,0.500466,0.0
5.87323,0.00325163,17.4218,0.507625,0.0
5.87126,0.00324961,17.1715,0.514103,0.0
5.86521,0.00317113,16.6208,0.493989,0.0
5.86176,0.00310545,16.4038,0.48717,0.0
5.86498,0.0031431,16.7042,0.514103,0.0
5.86467,0.00320962,16.821,0.507966,0.0
5.86012,0.00314531,16.0868,0.497398,0.0
5.85909,0.0030654,16.5707,0.501148,0.0
5.85614,0.00305727,15.9032,0.474897,0.0
5.85109,0.00302241,16.1702,0.496034,0.0
5.84958,0.00295713,15.9366,0.479329,0.0
5.84926,0.00307203,15.5027,0.480011,0.0
5.85169,0.00308458,15.8698,0.490579,0.0
5.85243,0.00304895,15.5194,0.476602,0.0
5.8476,0.00300427,16.6875,0.488534,0.0
5.84555,0.00300083,15.7697,0.490239,0.0
5.84443,0.00294133,15.0688,0.474215,0.0
5.84009,0.00292761,14.2511,0.461942,0.0
5.83516,0.00298392,14.8185,0.470465,0.0
5.83438,0.00290979,14.902,0.475238,0.0
5.83328,0.00283261,14.635,0.466033,0.0
5.83218,0.00286616,14.0509,0.461261,0.0
5.83093,0.00288242,14.101,0.463988,0.0
5.82694,0.00284717,13.0997,0.447965,0.0
5.82411,0.00284945,14.1343,0.456488,0.0
5.82334,0.00282949,13.1998,0.444215,0.0
5.82148,0.00277506,13.0496,0.449328,0.0
5.81798,0.00281999,12.9829,0.443192,0.0
5.81421,0.0026681,12.6658,0.44251,0.0
5.81353,0.00273962,13.1164,0.447965,0.0
5.81106,0.0027075,12.3154,0.436033,0.0
5.81007,0.00269924,12.015,0.430578,0.0
5.81215,0.00270678,12.3821,0.428192,0.0
5.81018,0.00268871,12.3988,0.429555,0.0
5.80793,0.00264508,12.3988,0.433646,0.0
5.80481,0.00264534,11.6813,0.422055,0.0
5.79908,0.00260567,11.2975,0.41626,0.0
5.79643,0.00257056,10.3129,0.396486,0.0
5.79695,0.00251886,10.9804,0.414214,0.0
5.79409,0.00256503,10.947,0.418305,0.0
5.78715,0.00239473,9.66208,0.381827,0.0
5.78663,0.00247614,10.1961,0.407055,0.0
5.78676,0.00244961,9.34501,0.381827,0.0
5.78339,0.00240689,9.99583,0.399555,0.0
5.78669,0.00234882,10.2295,0.39785,0.0
5.78487,0.00238446,9.59533,0.383872,0.0
5.78133,0.0023658,10.1794,0.398873,0.0
5.78615,0.00247166,10.1126,0.395805,0.0
5.78255,0.00244825,9.19483,0.38285,0.0
5.77596,0.00240039,10.1627,0.395123,0.0
5.77635,0.00230409,8.76095,0.380463,0.0
5.77802,0.00233237,10.1794,0.398873,0.0
5.77659,0.00224869,8.86108,0.363758,0.0
5.77406,0.00229934,9.57864,0.3866,0.0
5.77204,0.00226839,8.51064,0.370918,0.0
5.76885,0.00222749,8.87776,0.372281,0.0
5.76686,0.00214191,8.44389,0.369213,0.0
5.76981,0.00224264,8.81101,0.370918,0.0
5.76839,0.00222658,8.76095,0.373304,0.0
5.76365,0.0022442,8.5607,0.369895,0.0
5.76375,0.00219595,8.09345,0.363077,0.0
5.76661,0.00221838,8.99458,0.372281,0.0
5.76321,0.00209932,7.97664,0.355235,0.0
5.75819,0.00205322,7.64289,0.342281,0.0
5.76147,0.00210966,8.24364,0.358986,0.0
5.76266,0.00215674,8.37714,0.366145,0.0
5.75867,0.00208664,7.60951,0.339212,0.0
5.75944,0.00211519,7.94326,0.348417,0.0
5.75945,0.00216376,7.44264,0.348758,0.0
5.75477,0.0020923,7.24239,0.344326,0.0
5.75342,0.00209646,7.42595,0.342281,0.0
5.75312,0.00200172,6.97539,0.328303,0.0
5.7514,0.00204379,7.30914,0.347053,0.0
5.75264,0.0020354,6.97539,0.324894,0.0
5.75344,0.00201518,7.30914,0.339553,0.0
5.74909,0.00190789,6.59157,0.321144,0.0
5.7469,0.00189541,6.67501,0.331712,0.0
5.74845,0.0019932,6.30788,0.320462,0.0
5.75066,0.00196882,7.20901,0.342281,0.0
5.7496,0.0019763,6.92532,0.332735,0.0
5.74513,0.00191036,6.40801,0.317735,0.0
5.74694,0.00187661,7.29245,0.336144,0.0
5.74779,0.00192688,6.59157,0.318416,0.0
5.74353,0.00191244,6.74176,0.326939,0.0
5.74127,0.0019049,5.80726,0.30478,0.0
5.74284,0.00192194,6.35795,0.320462,0.0
5.74477,0.00185164,6.80851,0.32728,0.0
5.74587,0.00191732,6.6917,0.321144,0.0
5.74204,0.00187317,6.27451,0.318075,0.0
5.73874,0.00182661,5.90738,0.312962,0.0
5.74043,0.00188325,6.34126,0.318416,0.0
5.74125,0.00190379,6.27451,0.317053,0.0
5.73878,0.0018324,6.05757,0.31228,0.0
5.73815,0.00177322,5.45682,0.295916,0.0
5.7341,0.00175996,5.40676,0.289098,0.0
5.73255,0.00177791,5.25657,0.299325,0.0
5.73421,0.00173304,5.74051,0.301711,0.0
5.73521,0.00179891,5.72382,0.302393,0.0
5.73265,0.00180892,4.8227,0.277506,0.0
5.72856,0.00170664,5.07301,0.282961,0.0
5.73168,0.00172199,5.47351,0.292507,0.0
5.73283,0.00172875,5.05632,0.284666,0.0
5.73183,0.00177153,5.25657,0.286029,0.0
5.7331,0.00173037,5.64038,0.303416,0.0
5.73102,0.0016948,4.88945,0.276825,0.0
5.72678,0.00167608,4.78932,0.278529,0.0
5.73062,0.00163362,5.05632,0.285688,0.0
5.72933,0.00169188,4.67251,0.272734,0.0
5.72579,0.00170456,4.92282,0.279552,0.0
5.72636,0.00163544,4.30538,0.269324,0.0
5.72707,0.00168037,4.78932,0.274438,0.0
5.72699,0.00170033,4.65582,0.274438,0.0
5.72874,0.00168726,5.23988,0.292507,0.0
5.72758,0.00165891,4.70588,0.269665,0.0
5.72794,0.00168304,5.0897,0.284325,0.0
5.72848,0.00162588,4.87276,0.276484,0.0
5.72362,0.00162321,4.33876,0.265915,0.0
5.72275,0.00157776,4.73926,0.275461,0.0
5.72382,0.00163193,4.33876,0.266938,0.0
5.722,0.00158621,4.17188,0.264892,0.0
5.72399,0.0016513,4.78932,0.276484,0.0
5.72598,0.00165878,4.55569,0.270006,0.0
5.72173,0.00163284,4.60576,0.274438,0.0
5.72152,0.00156131,4.07176,0.255006,0.0
5.72177,0.00151365,4.35544,0.262165,0.0
5.7212,0.0015669,4.03838,0.251938,0.0
5.72142,0.00160936,4.43888,0.272393,0.0
5.721,0.00161964,4.12182,0.258415,0.0
5.72094,0.00159831,4.65582,0.275461,0.0
5.72111,0.00161131,4.50563,0.268983,0.0
5.71865,0.00158556,4.10513,0.257733,0.0
5.71683,0.00152938,4.13851,0.260801,0.0
5.7188,0.00153751,3.87151,0.256029,0.0
5.71963,0.00151065,4.27201,0.261142,0.0
5.71916,0.00153758,3.90488,0.244778,0.0
5.72107,0.00153712,4.27201,0.264211,0.0
5.71981,0.00154057,3.78807,0.249551,0.0
5.7165,0.00148458,4.15519,0.257051,0.0
5.71572,0.00150155,3.47101,0.239665,0.0
5.71732,0.00150493,3.87151,0.250574,0.0
5.71697,0.00147606,3.78807,0.253983,0.0
5.71691,0.00154629,3.87151,0.249551,0.0
5.71869,0.00155383,3.85482,0.250233,0.0
5.7174,0.00149921,4.05507,0.255688,0.0
5.716,0.00147925,3.80476,0.247847,0.0
5.71644,0.00149876,3.65457,0.240006,0.0
5.7164,0.00152854,3.62119,0.244778,0.0
5.71646,0.00149024,3.93826,0.251256,0.0
5.71703,0.00152841,3.82144,0.245801,0.0
5.71421,0.00144186,3.48769,0.238983,0.0
5.71271,0.00147164,3.50438,0.240346,0.0
5.71369,0.00142573,3.40426,0.240006,0.0
5.71375,0.00142307,3.67126,0.239324,0.0
5.71388,0.00142229,3.73801,0.245801,0.0
5.71253,0.0013624,3.62119,0.240346,0.0
5.71411,0.00145044,3.33751,0.240346,0.0
5.71607,0.00147658,3.75469,0.246483,0.0
5.71406,0.00145714,3.73801,0.243756,0.0
5.71445,0.00144381,3.53776,0.241369,0.0
5.71588,0.00146494,3.93826,0.251256,0.0
5.71391,0.00141162,3.30413,0.232164,0.0
5.71132,0.00143269,3.27076,0.233528,0.0
5.71315,0.00141708,3.53776,0.242733,0.0
5.71513,0.00146949,3.90488,0.255006,0.0
5.71331,0.00140993,3.43763,0.232505,0.0
5.71216,0.0014191,3.32082,0.229096,0.0
5.7128,0.00143835,3.60451,0.244437,0.0
5.71108,0.00143412,3.15394,0.223982,0.0
5.71039,0.00143067,3.20401,0.232846,0.0
5.71055,0.00137332,3.33751,0.233187,0.0
5.71186,0.00143321,3.72132,0.244437,0.0
5.71261,0.00146865,3.47101,0.235915,0.0
5.70949,0.00138048,2.83688,0.217505,0.0
5.70892,0.00138698,3.20401,0.229096,0.0
5.70887,0.00139654,3.25407,0.230801,0.0
5.7096,0.00138282,3.17063,0.227051,0.0
5.70999,0.00138574,3.13725,0.227051,0.0
5.70867,0.00133288,2.87025,0.213414,0.0
5.70889,0.00132143,3.03713,0.221596,0.0
5.71054,0.00136838,3.25407,0.224664,0.0
5.70805,0.00132885,3.22069,0.230801,0.0
5.70694,0.00133008,3.12057,0.221596,0.0
5.70841,0.00136578,3.35419,0.233869,0.0
5.70716,0.00131038,2.87025,0.213414,0.0
5.70594,0.00130336,2.937,0.223301,0.0
5.70799,0.00135642,3.10388,0.228755,0.0
5.70769,0.00133041,2.60325,0.204209,0.0
5.70654,0.00131649,2.70338,0.213073,0.0
5.70647,0.00131656,2.92032,0.216482,0.0
5.70501,0.00130342,2.58657,0.206596,0.0
5.70585,0.00129198,2.88694,0.220573,0.0
5.70869,0.00133411,3.10388,0.226028,0.0
5.7065,0.00130797,2.51982,0.199777,0.0
5.7052,0.00133905,2.77013,0.210005,0.0
5.7062,0.00131916,2.63663,0.209664,0.0
5.70498,0.00129445,2.98707,0.222619,0.0
5.70404,0.0012685,2.8035,0.213755,0.0
5.70391,0.00122806,2.5365,0.201823,0.0
5.70563,0.00126233,2.58657,0.206596,0.0
5.70551,0.00130323,2.90363,0.214778,0.0
5.70477,0.00131272,2.95369,0.218869,0.0
5.70476,0.00129802,2.95369,0.221255,0.0
5.7045,0.00129224,2.70338,0.211709,0.0
5.70421,0.00128268,2.5365,0.200459,0.0
5.70451,0.00124795,2.65332,0.210005,0.0
5.70316,0.00124724,2.55319,0.203868,0.0
5.70226,0.00122968,2.38632,0.199095,0.0
5.70205,0.00123781,2.51982,0.201482,0.0
5.70384,0.00131324,2.50313,0.199436,0.0
5.70404,0.00126967,2.60325,0.206937,0.0
5.70454,0.0012912,2.85357,0.214437,0.0
5.70485,0.00130862,2.55319,0.209323,0.0
5.70242,0.00125699,2.31957,0.196709,0.0
5.70325,0.00128034,2.58657,0.205232,0.0
5.70531,0.00132273,2.82019,0.213073,0.0
5.70469,0.00130947,2.20275,0.190913,0.0
5.70194,0.00121213,2.31957,0.193982,0.0
5.70359,0.00124327,2.55319,0.203868,0.0
5.70415,0.0012555,2.56988,0.20455,0.0
5.70091,0.00121954,2.41969,0.197732,0.0
5.70233,0.00123072,2.78682,0.214778,0.0
5.70319,0.00123436,2.31957,0.192277,0.0
5.69945,0.00119385,2.136,0.185118,0.0
5.70077,0.00118313,2.78682,0.213414,0.0
5.70339,0.00121889,2.61994,0.208982,0.0
5.70081,0.00117844,2.18607,0.188868,0.0
5.69878,0.00116726,2.08594,0.183072,0.0
5.7006,0.00119561,2.36963,0.195686,0.0
5.70281,0.00122038,2.70338,0.207959,0.0
5.70194,0.00120452,2.5365,0.203186,0.0
5.69987,0.00118176,1.90238,0.17864,0.0
5.69953,0.0011711,2.05257,0.184777,0.0
5.69938,0.00114014,2.10263,0.191254,0.0
5.70072,0.00123085,2.2695,0.191936,0.0
5.701,0.0012094,2.15269,0.188868,0.0
5.69947,0.00117409,2.11932,0.188868,0.0
5.70058,0.00117116,2.30288,0.191936,0.0
5.70147,0.00119971,2.21944,0.188527,0.0
5.70042,0.00118443,2.21944,0.191595,0.0
5.70092,0.00118417,2.403,0.202505,0.0
5.70136,0.00121388,2.46975,0.203527,0.0
5.70058,0.00128248,2.16938,0.188186,0.0
5.69975,0.00121369,2.33625,0.192959,0.0
5.6993,0.00115529,1.91907,0.179322,0.0
5.69797,0.00114554,2.05257,0.187845,0.0
5.69686,0.00114008,1.869,0.177277,0.0
5.69825,0.00114379,2.136,0.185118,0.0
5.69849,0.00112038,1.88569,0.17489,0.0
5.69715,0.00114164,2.10263,0.183754,0.0
5.69691,0.00112792,1.96913,0.180004,0.0
5.69588,0.00108357,2.01919,0.18205,0.0
5.69669,0.00107668,1.71882,0.165686,0.0
5.69767,0.00110074,1.90238,0.17864,0.0
5.69706,0.00112551,1.85232,0.177959,0.0
5.69719,0.00113117,1.93575,0.176936,0.0
5.69701,0.00107109,2.06925,0.182391,0.0
5.69592,0.00108825,1.90238,0.176936,0.0
5.69599,0.00113299,2.21944,0.194323,0.0
5.69689,0.00112356,1.66875,0.168413,0.0
5.69717,0.00113618,2.0025,0.181368,0.0
5.69797,0.00119567,2.20275,0.190913,0.0
5.6978,0.0011274,1.96913,0.1783,0.0
5.69484,0.00109385,1.7355,0.171481,0.0
5.69553,0.00110015,1.83563,0.174209,0.0
5.69561,0.00108273,1.90238,0.175572,0.0
5.69556,0.00106062,1.91907,0.179322,0.0
5.69588,0.00106042,1.71882,0.16739,0.0
5.69488,0.00107577,1.45181,0.15989,0.0
5.69555,0.00107356,1.95244,0.179322,0.0
5.69613,0.0011101,1.65207,0.164322,0.0
5.69606,0.00108299,1.88569,0.176254,0.0
5.69691,0.00114502,2.06925,0.185459,0.0
5.69805,0.00114177,2.16938,0.186482,0.0
5.69739,0.00109879,2.136,0.188186,0.0
5.69726,0.00109638,1.68544,0.169095,0.0
5.6942,0.00106927,1.869,0.174209,0.0
5.69356,0.00102329,1.61869,0.162617,0.0
5.69566,0.00111277,1.78557,0.172163,0.0
5.69585,0.00109027,1.71882,0.16739,0.0
5.69366,0.00107304,1.65207,0.162617,0.0
5.69452,0.00107271,1.66875,0.168413,0.0
5.69423,0.00104625,1.602,0.160231,0.0
5.69356,0.00104586,1.61869,0.162617,0.0
5.69571,0.00108442,1.90238,0.175572,0.0
5.69595,0.00107818,1.81894,0.173527,0.0
5.69233,0.00104839,1.55194,0.159549,0.0
5.69284,0.00106738,1.80225,0.17114,0.0
5.69359,0.00102264,1.68544,0.166027,0.0
5.69117,0.00101764,1.41844,0.153072,0.0
5.69236,0.00105672,1.68544,0.166027,0.0
5.69402,0.00103584,1.50188,0.157163,0.0
5.69239,0.0010298,1.65207,0.166027,0.0
5.69281,0.00106641,1.78557,0.172163,0.0
5.69347,0.00105678,1.50188,0.158867,0.0
5.69215,0.00102668,1.43513,0.153754,0.0
5.69255,0.00102375,1.43513,0.153754,0.0
5.69256,0.00106946,1.78557,0.172163,0.0
5.69252,0.00107343,1.7355,0.168072,0.0
5.69243,0.00105997,1.48519,0.15614,0.0
5.69328,0.00108299,1.61869,0.166027,0.0
5.69295,0.00109833,1.7355,0.168072,0.0
5.69367,0.00107011,1.68544,0.166027,0.0
5.69479,0.00110679,1.90238,0.181709,0.0
5.69191,0.00103409,1.58531,0.161254,0.0
5.69239,0.00105542,1.63538,0.161936,0.0
5.69243,0.00102882,1.30163,0.14864,0.0
5.69313,0.00105106,1.4685,0.157163,0.0
5.69464,0.00102856,1.75219,0.168754,0.0
5.69579,0.00109586,1.83563,0.177277,0.0
5.69312,0.0010179,1.43513,0.152049,0.0
5.69291,0.00105106,1.66875,0.166708,0.0
5.69469,0.0010495,1.71882,0.169095,0.0
5.69342,0.00104319,1.71882,0.169095,0.0
5.6917,0.00102004,1.68544,0.16739,0.0
5.69269,0.00102024,1.55194,0.157845,0.0
5.69405,0.00103962,1.41844,0.153072,0.0
5.69164,0.00101315,1.41844,0.156481,0.0
5.69079,0.000993058,1.35169,0.155117,0.0
5.69277,0.00107473,1.65207,0.164322,0.0
5.69096,0.000961131,1.068,0.131594,0.0
5.68924,0.000951572,1.41844,0.154776,0.0
5.69387,0.00102297,1.602,0.161936,0.0
5.69324,0.00105086,1.40175,0.152049,0.0
5.69,0.00097121,1.43513,0.153754,0.0
5.69266,0.00101913,1.55194,0.157845,0.0
5.69262,0.000989481,1.43513,0.157504,0.0
5.69025,0.00098545,1.31831,0.149663,0.0
5.69069,0.000989547,1.4685,0.157163,0.0
5.69161,0.000996114,1.31831,0.145912,0.0
5.69119,0.0010099,1.335,0.150685,0.0
5.69122,0.00094598,1.21819,0.142503,0.0
5.6921,0.000992148,1.48519,0.154435,0.0
5.69284,0.00100008,1.58531,0.162958,0.0
5.6934,0.00101185,1.56863,0.16364,0.0
5.69215,0.00104872,1.602,0.16364,0.0
5.69171,0.00101764,1.23488,0.143185,0.0
5.69154,0.001006,1.43513,0.152049,0.0
5.69319,0.00106094,1.51856,0.157845,0.0
5.69511,0.00108832,1.68544,0.16739,0.0
5.69379,0.00104807,1.48519,0.154435,0.0
5.69144,0.00098441,1.58531,0.164663,0.0
5.69396,0.00103305,1.602,0.16364,0.0
5.69512,0.00107642,1.91907,0.177959,0.0
5.69306,0.00103038,1.63538,0.167049,0.0
5.69259,0.00103071,1.68544,0.166027,0.0
5.69289,0.00102791,1.50188,0.155458,0.0
5.69367,0.00102277,1.55194,0.157845,0.0
5.69404,0.00104189,1.75219,0.170458,0.0
5.69408,0.00108799,1.83563,0.174209,0.0
5.69397,0.00108702,1.56863,0.161936,0.0
5.6946,0.00110113,1.55194,0.161254,0.0
5.69639,0.00107531,1.80225,0.169436,0.0
5.69657,0.00113137,1.98582,0.178981,0.0
5.6972,0.00110789,1.80225,0.175913,0.0
5.69727,0.00111823,1.98582,0.183754,0.0
5.69744,0.00109443,1.90238,0.175572,0.0
5.69675,0.00114294,1.85232,0.17489,0.0
5.69362,0.00105041,1.602,0.160231,0.0
5.69289,0.00107005,1.55194,0.159549,0.0
5.69536,0.00102655,1.51856,0.157845,0.0
5.6939,0.00103214,1.80225,0.17114,0.0
5.69293,0.0010311,1.7355,0.166367,0.0
5.69496,0.00106673,1.75219,0.170458,0.0
5.69391,0.00106667,1.602,0.161936,0.0
5.69198,0.00102238,1.41844,0.153072,0.0
5.69259,0.00102564,1.4685,0.157163,0.0
5.69305,0.00103975,1.63538,0.161936,0.0
5.69188,0.000993448,1.38506,0.153072,0.0
5.69028,0.000976086,1.41844,0.154776,0.0
5.69086,0.000973225,1.11806,0.138753,0.0
5.69067,0.000977517,1.35169,0.149663,0.0
5.6888,0.000932455,0.951189,0.126821,0.0
5.6903,0.000955474,1.05131,0.132958,0.0
5.69131,0.000955278,1.38506,0.151367,0.0
5.69051,0.000944744,1.16813,0.139435,0.0
5.68889,0.000907355,1.36838,0.14864,0.0
5.69127,0.00097316,1.28494,0.144208,0.0
5.69106,0.000952808,1.15144,0.136708,0.0
5.68988,0.000943834,1.38506,0.153072,0.0
5.68926,0.000960611,1.26825,0.145231,0.0
5.68809,0.000930764,0.851064,0.117957,0.0
5.68698,0.000886482,1.15144,0.140799,0.0
5.68849,0.00091932,1.01794,0.128526,0.0
5.68908,0.000951637,1.36838,0.14864,0.0
5.68959,0.000964772,1.40175,0.152049,0.0
5.68959,0.000961196,0.884439,0.120003,0.0
5.68889,0.000930569,1.18481,0.140458,0.0
5.69041,0.000955409,1.2015,0.139435,0.0
5.6905,0.000907615,1.03463,0.131935,0.0
5.68846,0.000928098,1.16813,0.13773,0.0
5.69002,0.000962431,1.21819,0.140458,0.0
5.68993,0.000922246,1.335,0.150685,0.0
5.6885,0.000941753,1.2015,0.139435,0.0
5.68871,0.000926668,0.967877,0.129889,0.0
5.68873,0.00091867,1.13475,0.141821,0.0
5.68937,0.000928943,1.13475,0.135685,0.0
5.69075,0.000963537,1.25156,0.144208,0.0
5.68922,0.000934991,1.2015,0.141481,0.0
5.69022,0.000978102,1.43513,0.153754,0.0
5.69122,0.00101139,1.15144,0.136708,0.0
5.69089,0.000960415,1.38506,0.149322,0.0
5.69038,0.000976997,1.21819,0.142503,0.0
5.69113,0.00102973,1.21819,0.140458,0.0
5.69141,0.000954758,1.31831,0.145912,0.0
5.6907,0.000959895,1.25156,0.142162,0.0
5.69127,0.00101126,1.23488,0.145231,0.0
5.69092,0.000933755,1.2015,0.139435,0.0
5.68907,0.000931674,1.25156,0.144208,0.0
5.68892,0.000900788,1.18481,0.138412,0.0
5.69032,0.000940323,1.36838,0.14864,0.0
5.69178,0.000998975,1.23488,0.143185,0.0
5.69125,0.000980898,1.18481,0.142503,0.0
5.69009,0.00098532,1.36838,0.14864,0.0
5.6926,0.000992408,1.50188,0.155458,0.0
5.69176,0.000983564,1.26825,0.146935,0.0
5.69112,0.000965097,1.28494,0.145912,0.0
5.6924,0.000978362,1.26825,0.143185,0.0
5.69168,0.00100879,1.40175,0.155799,0.0
5.68925,0.000952873,1.16813,0.13773,0.0
5.6901,0.000979533,1.36838,0.150344,0.0
5.68882,0.000903844,1.08469,0.136708,0.0
5.68936,0.000928228,1.26825,0.143185,0.0
5.69071,0.000954628,1.15144,0.140799,0.0
5.68925,0.000939412,1.11806,0.136708,0.0
5.6895,0.000943184,1.25156,0.144208,0.0
5.68977,0.000939738,1.10138,0.135685,0.0
5.69049,0.000965487,1.55194,0.157845,0.0
5.69092,0.00104215,1.41844,0.156481,0.0
5.6892,0.000937657,1.23488,0.141481,0.0
5.68921,0.000937917,1.11806,0.136708,0.0
5.69076,0.000947931,1.40175,0.154094,0.0
5.69082,0.000964577,1.30163,0.154435,0.0
5.69082,0.001019,1.55194,0.161254,0.0
5.69075,0.00101289,1.30163,0.14864,0.0
5.69063,0.000974461,1.38506,0.149322,0.0
5.68938,0.000963537,1.15144,0.138753,0.0
5.68906,0.000945265,1.08469,0.134662,0.0
5.6898,0.000931349,1.2015,0.141481,0.0
5.68919,0.000919385,1.01794,0.128526,0.0
5.68938,0.000938372,1.40175,0.150344,0.0
5.69009,0.00093382,1.21819,0.140458,0.0
5.68994,0.000950076,1.28494,0.144208,0.0
5.68928,0.000963211,1.30163,0.146935,0.0
5.68963,0.000932455,1.13475,0.13773,0.0
5.6896,0.000922181,0.917814,0.122389,0.0
5.68706,0.000877899,1.16813,0.13773,0.0
5.68748,0.000861838,0.917814,0.122389,0.0
5.68662,0.000897602,1.2015,0.143526,0.0
5.68865,0.000911907,1.08469,0.134662,0.0
5.68899,0.000947931,1.10138,0.13773,0.0
5.68824,0.000905144,1.00125,0.129889,0.0
5.68895,0.000909436,1.2015,0.139435,0.0
5.68894,0.000944094,1.25156,0.142162,0.0
5.68729,0.000900137,1.03463,0.129548,0.0
5.68682,0.000900398,0.951189,0.124435,0.0
5.68787,0.000892269,1.068,0.13398,0.0
5.68818,0.000923156,1.08469,0.134662,0.0
5.68925,0.000963537,1.068,0.13398,0.0
5.68968,0.000922051,1.23488,0.143185,0.0
5.68932,0.000927318,1.2015,0.139435,0.0
5.68854,0.000881735,1.15144,0.136708,0.0
5.6885,0.000914898,1.05131,0.130571,0.0
5.68768,0.000932195,1.23488,0.141481,0.0
5.68697,0.000865804,0.767626,0.112162,0.0
5.68817,0.000912492,1.18481,0.138412,0.0
5.68894,0.000949881,1.05131,0.132958,0.0
5.68782,0.000900723,1.03463,0.129548,0.0
5.68811,0.000870356,0.934501,0.123412,0.0
5.68868,0.000895066,1.21819,0.142503,0.0
5.68693,0.000897927,0.967877,0.127844,0.0
5.68589,0.000883881,1.10138,0.133639,0.0
5.68768,0.000925042,1.03463,0.131935,0.0
5.68672,0.000846817,0.750939,0.110798,0.0
5.68643,0.000849938,1.05131,0.130571,0.0
5.68782,0.000881475,1.05131,0.135003,0.0
5.68715,0.00086704,1.00125,0.127503,0.0
5.68548,0.000838234,0.684189,0.106025,0.0
5.68548,0.000850264,1.10138,0.13773,0.0
5.6868,0.000875688,0.884439,0.120003,0.0
5.68621,0.000864049,0.917814,0.122389,0.0
5.6856,0.000832967,0.634126,0.101934,0.0
5.68625,0.000826009,0.934501,0.125798,0.0
5.68666,0.000799479,0.750939,0.110798,0.0
5.68666,0.000835893,0.917814,0.122389,0.0
5.68659,0.000847858,0.917814,0.122389,0.0
5.6863,0.000822563,0.750939,0.115912,0.0
5.68513,0.000792326,0.784314,0.113184,0.0
5.68636,0.000797984,0.750939,0.110798,0.0
5.68485,0.000768072,0.600751,0.0995477,0.0
5.68435,0.000789465,0.667501,0.107389,0.0
5.68518,0.00082705,0.917814,0.122389,0.0
5.68553,0.000827115,0.884439,0.120003,0.0
5.684,0.000823278,0.784314,0.115571,0.0
5.68422,0.000789465,0.567376,0.0964795,0.0
5.68487,0.000784393,0.600751,0.0995477,0.0
5.68444,0.000819182,0.867751,0.11898,0.0
5.68407,0.000808973,0.801001,0.114548,0.0
5.68427,0.000781597,0.600751,0.0995477,0.0
5.68297,0.000745574,0.550688,0.0951158,0.0
5.68272,0.00078732,0.634126,0.101934,0.0
5.68355,0.000772754,0.650814,0.106025,0.0
5.6833,0.000794082,0.667501,0.109775,0.0
5.68358,0.000791806,0.650814,0.103298,0.0
5.68276,0.000784524,0.417188,0.0831837,0.0
5.68366,0.000793107,0.634126,0.101934,0.0
5.68489,0.000784458,0.700876,0.107048,0.0
5.6856,0.000829976,0.817689,0.117957,0.0
5.6857,0.00084077,0.784314,0.113184,0.0
5.6839,0.000811639,0.467251,0.0910248,0.0
5.68284,0.000769048,0.600751,0.102275,0.0
5.68418,0.000771519,0.700876,0.107048,0.0
5.68434,0.000772234,0.567376,0.0964795,0.0
5.68543,0.000809363,0.884439,0.120003,0.0
5.68574,0.000780232,0.567376,0.0964795,0.0
5.68359,0.000744598,0.417188,0.0831837,0.0
5.68353,0.000799024,0.717564,0.108412,0.0
5.68431,0.000771258,0.534001,0.0968204,0.0
5.68394,0.000785629,0.517313,0.0954567,0.0
5.6836,0.000734715,0.634126,0.101934,0.0
5.68313,0.000708575,0.450563,0.086252,0.0
5.68333,0.000739526,0.734251,0.112162,0.0
5.68374,0.000790246,0.550688,0.100911,0.0
5.6838,0.000757668,0.600751,0.0995477,0.0
5.68388,0.000784524,0.483938,0.0893202,0.0
5.68365,0.000795903,0.517313,0.0923885,0.0
5.68224,0.00073465,0.617438,0.10057,0.0
5.68197,0.000720344,0.450563,0.086252,0.0
5.6821,0.000741217,0.584063,0.100911,0.0
5.68357,0.000766187,0.550688,0.0951158,0.0
5.68318,0.00072405,0.534001,0.0937522,0.0
5.68321,0.000769178,0.600751,0.102275,0.0
5.68228,0.000725221,0.450563,0.086252,0.0
5.68219,0.000691733,0.500626,0.0906839,0.0
5.68388,0.000772884,0.650814,0.103298,0.0
5.68324,0.000762675,0.567376,0.0995477,0.0
5.68081,0.000706559,0.300375,0.0705698,0.0
5.68139,0.000687246,0.383813,0.0797746,0.0
5.68219,0.00069635,0.417188,0.0831837,0.0
5.68185,0.000689457,0.383813,0.0797746,0.0
5.68181,0.000692904,0.433876,0.0845474,0.0
5.68279,0.000728212,0.433876,0.0845474,0.0
5.6819,0.000715337,0.400501,0.0814791,0.0
5.68141,0.000708575,0.417188,0.0831837,0.0
5.68093,0.000685751,0.367126,0.07807,0.0
5.6804,0.000665463,0.300375,0.0705698,0.0
5.68139,0.000708054,0.517313,0.0923885,0.0
5.68194,0.00070981,0.417188,0.0831837,0.0
5.68124,0.000693684,0.367126,0.0814791,0.0
5.68055,0.000657985,0.350438,0.0760245,0.0
5.6811,0.000686661,0.367126,0.07807,0.0
5.6803,0.000681069,0.317063,0.0726153,0.0
5.6807,0.00068302,0.317063,0.0726153,0.0
5.68115,0.000683865,0.367126,0.07807,0.0
5.68088,0.000649662,0.283688,0.0685243,0.0
5.68009,0.000666829,0.267,0.0664788,0.0
5.6797,0.000644525,0.250313,0.0644333,0.0
5.68171,0.000625603,0.300375,0.0705698,0.0
5.68188,0.000685231,0.400501,0.0814791,0.0
5.68115,0.000685816,0.367126,0.0814791,0.0
5.67953,0.00069648,0.233625,0.0623878,0.0
5.68046,0.000652588,0.267,0.0664788,0.0
5.68082,0.000677038,0.283688,0.0685243,0.0
5.68114,0.000731853,0.417188,0.0831837,0.0
5.68024,0.000659416,0.233625,0.0623878,0.0
5.6803,0.000679574,0.400501,0.0814791,0.0
5.68071,0.000638218,0.233625,0.0623878,0.0
5.68107,0.000652653,0.233625,0.0623878,0.0
5.68066,0.000667999,0.300375,0.0705698,0.0
5.68024,0.000673916,0.267,0.0664788,0.0
5.67993,0.000623977,0.20025,0.057615,0.0
5.68111,0.000658766,0.383813,0.0797746,0.0
5.68027,0.000646021,0.350438,0.0797746,0.0
5.67929,0.000663903,0.267,0.0664788,0.0
5.68045,0.000673786,0.400501,0.0814791,0.0
5.68183,0.000675802,0.400501,0.0814791,0.0
5.6818,0.000685946,0.400501,0.0814791,0.0
5.68001,0.000679313,0.283688,0.0685243,0.0
5.6793,0.000679183,0.283688,0.0685243,0.0
5.67981,0.000638348,0.250313,0.0644333,0.0
5.67971,0.000614354,0.100125,0.04091,0.0
5.68027,0.000632366,0.267,0.0664788,0.0
5.67956,0.000665788,0.367126,0.07807,0.0
5.67887,0.000646021,0.150188,0.0501148,0.0
5.67873,0.000607656,0.20025,0.057615,0.0
5.68129,0.000652263,0.317063,0.0726153,0.0
5.67973,0.000639778,0.166875,0.0525012,0.0
5.67978,0.000615719,0.166875,0.0525012,0.0
5.68047,0.000668714,0.267,0.0664788,0.0
5.68148,0.000645631,0.283688,0.0685243,0.0
5.68132,0.000663838,0.300375,0.0705698,0.0
5.68019,0.000651678,0.216938,0.0600014,0.0
5.67977,0.000623912,0.216938,0.0600014,0.0
5.68016,0.000645371,0.20025,0.057615,0.0
5.68026,0.000638088,0.150188,0.0501148,0.0
5.67889,0.000622157,0.183563,0.0552285,0.0
5.6795,0.000670275,0.350438,0.0760245,0.0
5.68052,0.000638413,0.1335,0.0470465,0.0
5.67989,0.000616695,0.333751,0.07807,0.0
5.68006,0.000647841,0.267,0.0664788,0.0
5.68053,0.000637763,0.20025,0.057615,0.0
5.67883,0.00062996,0.233625,0.0623878,0.0
5.67857,0.00061845,0.1335,0.0470465,0.0
5.67894,0.00060564,0.250313,0.0644333,0.0
5.67933,0.000622612,0.20025,0.057615,0.0
5.67943,0.000613053,0.166875,0.0525012,0.0
5.67921,0.000612858,0.166875,0.0525012,0.0
5.67998,0.000638088,0.333751,0.0743199,0.0
5.68111,0.000635877,0.216938,0.0600014,0.0
5.67922,0.000635877,0.233625,0.0623878,0.0
5.68034,0.000622482,0.20025,0.0623878,0.0
5.6808,0.000652653,0.267,0.0664788,0.0
5.68084,0.000643355,0.20025,0.057615,0.0
5.67964,0.000622482,0.283688,0.0685243,0.0
5.68021,0.00064342,0.283688,0.0685243,0.0
5.68,0.000639453,0.20025,0.057615,0.0
5.68021,0.000634576,0.317063,0.0726153,0.0
5.67989,0.00060512,0.150188,0.0501148,0.0
5.6793,0.000612988,0.183563,0.0552285,0.0
5.68032,0.00064277,0.250313,0.0644333,0.0
5.67938,0.000596407,0.1335,0.0470465,0.0
5.67827,0.000616239,0.216938,0.0600014,0.0
5.67983,0.000613638,0.183563,0.0552285,0.0
5.67952,0.000654344,0.267,0.0664788,0.0
5.67892,0.00063204,0.166875,0.0525012,0.0
5.67932,0.000628399,0.250313,0.0644333,0.0
5.68028,0.000645045,0.1335,0.0470465,0.0
5.67974,0.000625863,0.233625,0.0623878,0.0
5.67909,0.000600243,0.100125,0.04091,0.0
5.67916,0.000621181,0.166875,0.0525012,0.0
5.6801,0.000622742,0.267,0.0664788,0.0
5.67926,0.00061715,0.283688,0.0685243,0.0
5.67949,0.000672616,0.233625,0.0623878,0.0
5.67884,0.000632366,0.267,0.0664788,0.0
5.67885,0.000629114,0.216938,0.0600014,0.0
5.6803,0.000623132,0.1335,0.0470465,0.0
5.6804,0.000632691,0.216938,0.0600014,0.0
5.67948,0.00060395,0.166875,0.0525012,0.0
5.67896,0.000588669,0.166875,0.0525012,0.0
5.6796,0.000601479,0.150188,0.0501148,0.0
5.67987,0.000620076,0.333751,0.0743199,0.0
5.67973,0.000632886,0.166875,0.0525012,0.0
5.68017,0.000635162,0.283688,0.0685243,0.0
5.68045,0.000655254,0.216938,0.0600014,0.0
5.68017,0.000618255,0.283688,0.0685243,0.0
5.67956,0.000602194,0.267,0.0664788,0.0
5.67976,0.000618905,0.20025,0.057615,0.0
5.68007,0.000635162,0.216938,0.0600014,0.0
5.67992,0.000658701,0.233625,0.0623878,0.0
5.67983,0.000642705,0.283688,0.0685243,0.0
5.68045,0.000652458,0.20025,0.057615,0.0
5.67892,0.000613704,0.183563,0.0552285,0.0
5.67883,0.000620466,0.150188,0.0501148,0.0
5.67976,0.000615459,0.150188,0.0552285,0.0
5.67968,0.00061806,0.166875,0.0525012,0.0
5.68028,0.000634837,0.250313,0.0644333,0.0
5.67978,0.000636592,0.20025,0.057615,0.0
5.67914,0.000631585,0.166875,0.0525012,0.0
5.67928,0.000608241,0.183563,0.0552285,0.0
5.6796,0.000638023,0.216938,0.0600014,0.0
5.68015,0.000646346,0.367126,0.07807,0.0
5.68047,0.000682565,0.216938,0.0600014,0.0
5.68012,0.000658441,0.20025,0.057615,0.0
5.68031,0.000605575,0.183563,0.0552285,0.0
5.67971,0.000631845,0.216938,0.0600014,0.0
5.67961,0.000630155,0.183563,0.0552285,0.0
5.6785,0.000629505,0.20025,0.057615,0.0
5.67813,0.000588474,0.166875,0.0525012,0.0
5.67896,0.00063204,0.250313,0.0644333,0.0
5.6794,0.000617475,0.20025,0.057615,0.0
5.6784,0.000635162,0.20025,0.057615,0.0
5.6796,0.000639063,0.20025,0.057615,0.0
5.6797,0.000599983,0.166875,0.0525012,0.0
5.67844,0.000615914,0.20025,0.057615,0.0
5.67916,0.000639518,0.283688,0.0685243,0.0
5.67985,0.000633341,0.250313,0.0685243,0.0
5.67939,0.000661237,0.233625,0.0623878,0.0
5.67935,0.000642119,0.250313,0.0644333,0.0
5.67832,0.00061715,0.166875,0.0525012,0.0
5.67897,0.00060421,0.150188,0.0501148,0.0
5.67929,0.000627944,0.216938,0.0600014,0.0
5.68025,0.000633991,0.250313,0.0644333,0.0
5.67986,0.000628594,0.150188,0.0501148,0.0
5.67922,0.000597057,0.116813,0.0439783,0.0
5.68025,0.000633081,0.166875,0.0525012,0.0
5.68038,0.000661822,0.383813,0.0797746,0.0
5.6792,0.000628529,0.166875,0.0525012,0.0
5.67872,0.000622612,0.183563,0.0552285,0.0
5.67894,0.000624888,0.166875,0.0525012,0.0
5.67977,0.000622157,0.283688,0.0685243,0.0
5.67936,0.000611623,0.150188,0.0501148,0.0
5.67886,0.000623847,0.216938,0.0600014,0.0
5.67982,0.000644915,0.317063,0.0726153,0.0
5.67913,0.000618515,0.20025,0.057615,0.0
5.67938,0.000619816,0.233625,0.0623878,0.0
5.6797,0.000600569,0.150188,0.0501148,0.0
5.67871,0.000620531,0.250313,0.0644333,0.0
5.67827,0.000620791,0.20025,0.057615,0.0
5.67984,0.000599528,0.20025,0.057615,0.0
5.67953,0.000620466,0.150188,0.0501148,0.0
5.6776,0.000620076,0.166875,0.0525012,0.0
5.67849,0.000615979,0.150188,0.0501148,0.0
5.67922,0.000631455,0.233625,0.0623878,0.0
5.67921,0.000601154,0.166875,0.0525012,0.0
5.67899,0.000608892,0.250313,0.0644333,0.0
5.6794,0.000661172,0.367126,0.07807,0.0
5.67979,0.000623652,0.233625,0.0623878,0.0
5.68009,0.000647061,0.350438,0.0760245,0.0
5.67969,0.000646346,0.250313,0.0644333,0.0
5.67793,0.000594976,0.166875,0.0525012,0.0
5.67848,0.000615914,0.183563,0.0552285,0.0
5.67938,0.000589384,0.20025,0.057615,0.0
5.67988,0.000606746,0.166875,0.0525012,0.0
5.67872,0.000607981,0.166875,0.0525012,0.0
5.67904,0.000610647,0.116813,0.0439783,0.0
5.67924,0.000652458,0.250313,0.0644333,0.0
5.67853,0.000610257,0.20025,0.057615,0.0
5.67908,0.00061845,0.166875,0.0525012,0.0
5.68005,0.00064407,0.300375,0.0705698,0.0
5.67971,0.000643485,0.283688,0.0685243,0.0
5.68018,0.000627879,0.183563,0.0552285,0.0
5.67957,0.000621506,0.166875,0.0525012,0.0
5.67884,0.000618645,0.100125,0.04091,0.0
5.6786,0.000580736,0.0834376,0.0371599,0.0
5.679,0.000596732,0.1335,0.0470465,0.0
5.67938,0.000610972,0.183563,0.0552285,0.0
5.679,0.000594586,0.1335,0.0470465,0.0
5.67867,0.000607981,0.183563,0.0552285,0.0
5.67972,0.000599983,0.216938,0.0600014,0.0
5.67953,0.000638608,0.267,0.0664788,0.0
5.67871,0.000636202,0.20025,0.057615,0.0
5.67882,0.000654084,0.250313,0.0644333,0.0
5.67887,0.000621311,0.233625,0.0623878,0.0
5.67939,0.000603169,0.0834376,0.0371599,0.0
5.68026,0.000630545,0.317063,0.0726153,0.0
5.67935,0.00061806,0.150188,0.0501148,0.0
5.67885,0.000629765,0.250313,0.0644333,0.0
5.67934,0.000608762,0.1335,0.0470465,0.0
5.67887,0.000615069,0.183563,0.0552285,0.0
5.67949,0.000627684,0.267,0.0664788,0.0
5.68052,0.00064264,0.183563,0.0552285,0.0
5.67993,0.000617605,0.166875,0.0525012,0.0
5.67975,0.000660326,0.300375,0.0705698,0.0
5.67891,0.000632561,0.1335,0.0470465,0.0
5.67827,0.000595171,0.1335,0.0470465,0.0
5.67922,0.000616304,0.183563,0.0552285,0.0
5.67831,0.000608241,0.20025,0.057615,0.0
5.67802,0.000608502,0.116813,0.0439783,0.0
5.67926,0.000593091,0.166875,0.0525012,0.0
5.68025,0.000616825,0.20025,0.057615,0.0
5.67982,0.000645501,0.250313,0.0644333,0.0
5.67904,0.000620596,0.233625,0.0623878,0.0
5.67839,0.000661627,0.233625,0.0623878,0.0
5.67845,0.000615979,0.1335,0.0470465,0.0
5.67917,0.00060525,0.1335,0.0470465,0.0
5.67885,0.000625863,0.267,0.0664788,0.0
5.67843,0.000631975,0.166875,0.0525012,0.0
5.67822,0.000626123,0.300375,0.0705698,0.0
5.67806,0.000637177,0.283688,0.0685243,0.0
5.6793,0.000620791,0.150188,0.0501148,0.0
5.67965,0.000621116,0.267,0.0664788,0.0
5.67944,0.00061806,0.250313,0.0644333,0.0
5.67933,0.000617605,0.116813,0.0439783,0.0
5.67835,0.000600048,0.100125,0.04091,0.0
5.67851,0.000611363,0.150188,0.0501148,0.0
5.67896,0.000587954,0.150188,0.0501148,0.0
5.67943,0.000602714,0.150188,0.0501148,0.0
5.67922,0.000630155,0.216938,0.0600014,0.0
5.67927,0.000626904,0.150188,0.0501148,0.0
5.67944,0.00064342,0.20025,0.057615,0.0
5.6793,0.000623977,0.283688,0.0685243,0.0
5.67884,0.000621181,0.1335,0.0470465,0.0
5.67853,0.000621897,0.233625,0.0623878,0.0
5.67868,0.00064316,0.300375,0.0705698,0.0
5.6788,0.000639778,0.20025,0.057615,0.0
5.67852,0.000615654,0.116813,0.0439783,0.0
5.6785,0.000622287,0.1335,0.0470465,0.0
5.6786,0.00061767,0.20025,0.057615,0.0
5.67863,0.000602584,0.0834376,0.0371599,0.0
5.67986,0.000627749,0.283688,0.0685243,0.0
5.67973,0.000619101,0.216938,0.0600014,0.0
5.67916,0.000612273,0.233625,0.0623878,0.0
5.67836,0.000621506,0.116813,0.0439783,0.0
5.67878,0.000612338,0.150188,0.0501148,0.0
5.67973,0.000593546,0.150188,0.0501148,0.0
5.6782,0.000617605,0.183563,0.0552285,0.0
5.67909,0.000605575,0.0667501,0.0334099,0.0
5.68087,0.000626123,0.267,0.0664788,0.0
5.68006,0.000627099,0.183563,0.0552285,0.0
5.6787,0.000606096,0.116813,0.0439783,0.0
5.67934,0.000611818,0.150188,0.0501148,0.0
5.6796,0.000614874,0.216938,0.0600014,0.0
5.6789,0.000592505,0.20025,0.057615,0.0
5.67831,0.000586653,0.166875,0.0525012,0.0
5.6787,0.000599138,0.100125,0.04091,0.0
5.67925,0.000591855,0.116813,0.0439783,0.0
5.6792,0.000601349,0.216938,0.0600014,0.0
5.67904,0.000605185,0.166875,0.0525012,0.0
5.67958,0.000599333,0.100125,0.04091,0.0
5.67962,0.000597772,0.1335,0.0470465,0.0
5.67895,0.000611818,0.216938,0.0600014,0.0
5.67889,0.000604535,0.100125,0.04091,0.0
5.6788,0.000603039,0.183563,0.0552285,0.0
5.67892,0.000610907,0.183563,0.0552285,0.0
5.67935,0.000652523,0.317063,0.0726153,0.0
5.67976,0.000633536,0.216938,0.0600014,0.0
5.67978,0.000607331,0.166875,0.0525012,0.0
5.67914,0.0006165,0.116813,0.0439783,0.0
5.67947,0.000601024,0.250313,0.0644333,0.0
5.68051,0.00061715,0.250313,0.0644333,0.0
5.67977,0.000617345,0.116813,0.0439783,0.0
5.67841,0.00059049,0.1335,0.0470465,0.0
5.6789,0.000581971,0.150188,0.0501148,0.0
5.6792,0.000607591,0.150188,0.0501148,0.0
5.67991,0.000626188,0.150188,0.0501148,0.0
5.67982,0.000599008,0.116813,0.0439783,0.0
5.67962,0.000605705,0.166875,0.0525012,0.0
5.67975,0.000620336,0.150188,0.0501148,0.0
5.67873,0.00061676,0.20025,0.057615,0.0
5.67821,0.000615264,0.233625,0.0623878,0.0
5.67869,0.000611818,0.116813,0.0439783,0.0
5.67851,0.000615784,0.216938,0.0600014,0.0
5.6782,0.000624563,0.150188,0.0501148,0.0
5.67941,0.000625408,0.183563,0.0552285,0.0
5.67913,0.000608371,0.1335,0.0470465,0.0
5.67861,0.000608957,0.166875,0.0525012,0.0
5.67891,0.000626448,0.183563,0.0552285,0.0
5.67869,0.000610452,0.0667501,0.0334099,0.0
5.67868,0.000610842,0.20025,0.057615,0.0
5.67837,0.000585548,0.0500626,0.0289779,0.0
5.67931,0.000586458,0.183563,0.0552285,0.0
5.67965,0.000627879,0.166875,0.0525012,0.0
5.68017,0.000638998,0.317063,0.0726153,0.0
5.67932,0.000637503,0.233625,0.0623878,0.0
5.67926,0.000607721,0.183563,0.0552285,0.0
5.67935,0.000626253,0.183563,0.0552285,0.0
5.67915,0.000620791,0.183563,0.0552285,0.0
5.67875,0.000625278,0.216938,0.0600014,0.0
5.68025,0.000636397,0.166875,0.0525012,0.0
5.67887,0.000594651,0.100125,0.04091,0.0
5.67909,0.000625018,0.216938,0.0644333,0.0
5.6788,0.000602064,0.0834376,0.0371599,0.0
5.6786,0.000581776,0.116813,0.0439783,0.0
5.67956,0.000583532,0.150188,0.0501148,0.0
5.67941,0.000592505,0.267,0.0664788,0.0
5.67895,0.000597122,0.166875,0.0525012,0.0
5.67939,0.000617995,0.20025,0.057615,0.0
5.67981,0.000621181,0.166875,0.0525012,0.0
5.67978,0.000607071,0.1335,0.0470465,0.0
5.67835,0.000594131,0.100125,0.04091,0.0
5.67792,0.000586328,0.0667501,0.0334099,0.0
5.67875,0.000596862,0.116813,0.0439783,0.0
5.67913,0.000587238,0.1335,0.0470465,0.0
5.67994,0.000597837,0.150188,0.0501148,0.0
5.68067,0.000607786,0.20025,0.057615,0.0
5.68037,0.000606746,0.166875,0.0525012,0.0
5.67917,0.000621897,0.1335,0.0470465,0.0
5.6792,0.000618905,0.216938,0.0600014,0.0
5.67924,0.00061832,0.20025,0.057615,0.0
5.67851,0.000627879,0.216938,0.0600014,0.0
5.67795,0.000600373,0.1335,0.0470465,0.0
5.67882,0.00063204,0.183563,0.0600014,0.0
5.67857,0.000620791,0.250313,0.0644333,0.0
5.67908,0.000615849,0.20025,0.057615,0.0
5.67875,0.000621181,0.166875,0.0525012,0.0
5.67863,0.000613769,0.233625,0.0623878,0.0
5.67854,0.000610582,0.116813,0.0439783,0.0
5.67834,0.000605055,0.20025,0.057615,0.0
5.67822,0.000608502,0.183563,0.0552285,0.0
5.67898,0.000606161,0.250313,0.0644333,0.0
5.67913,0.000609087,0.100125,0.04091,0.0
5.67866,0.0006033,0.116813,0.0439783,0.0
5.67818,0.000587564,0.1335,0.0470465,0.0
5.67968,0.000608046,0.183563,0.0552285,0.0
5.67972,0.000599723,0.100125,0.04091,0.0
5.67759,0.000598423,0.116813,0.0439783,0.0
5.67812,0.000584117,0.166875,0.0525012,0.0
5.67963,0.000586003,0.0500626,0.0289779,0.0
5.67948,0.000598683,0.183563,0.0600014,0.0
5.67925,0.000628204,0.1335,0.0470465,0.0
5.6789,0.000595432,0.216938,0.0600014,0.0
5.67913,0.000601349,0.116813,0.0439783,0.0
5.67949,0.000617865,0.20025,0.057615,0.0
5.67975,0.000615329,0.100125,0.04091,0.0
5.6798,0.000627749,0.20025,0.057615,0.0
5.67968,0.000610907,0.116813,0.0439783,0.0
5.67956,0.000620336,0.116813,0.0439783,0.0
5.6786,0.000581386,0.116813,0.0439783,0.0
5.67984,0.000620791,0.233625,0.0664788,0.0
5.68012,0.000641989,0.233625,0.0623878,0.0
5.67922,0.000598618,0.116813,0.0439783,0.0
5.67892,0.000600699,0.150188,0.0501148,0.0
5.67864,0.000593221,0.100125,0.04091,0.0
5.67801,0.000613118,0.1335,0.0470465,0.0
5.67931,0.000598683,0.166875,0.0525012,0.0
5.67876,0.000601804,0.183563,0.0552285,0.0
5.67837,0.000578915,0.0500626,0.0289779,0.0
5.67874,0.000588474,0.116813,0.0439783,0.0
5.67981,0.000597512,0.116813,0.0439783,0.0
5.67991,0.000628789,0.267,0.0664788,0.0
5.67921,0.000629895,0.183563,0.0552285,0.0
5.6785,0.000608697,0.150188,0.0501148,0.0
5.67867,0.000604795,0.183563,0.0552285,0.0
5.67881,0.000590035,0.1335,0.0470465,0.0
5.67868,0.000596602,0.20025,0.057615,0.0
5.67858,0.000602064,0.150188,0.0501148,0.0
5.67847,0.000587759,0.100125,0.04091,0.0
5.67861,0.000600048,0.150188,0.0501148,0.0
5.67968,0.000602974,0.100125,0.04091,0.0
5.67948,0.000613053,0.150188,0.0501148,0.0
5.67992,0.00059153,0.100125,0.04091,0.0
5.67938,0.000599723,0.20025,0.057615,0.0
5.67961,0.000593286,0.116813,0.0501148,0.0
5.67889,0.000597382,0.100125,0.04091,0.0
5.67894,0.000594196,0.1335,0.0470465,0.0
5.67878,0.000588929,0.116813,0.0439783,0.0
5.67863,0.000594911,0.100125,0.04091,0.0
5.67904,0.000586588,0.1335,0.0470465,0.0
5.67864,0.000610062,0.166875,0.0525012,0.0
5.67928,0.00061845,0.150188,0.0501148,0.0
5.67927,0.000576249,0.116813,0.0439783,0.0
5.6784,0.000595952,0.183563,0.0552285,0.0
5.67807,0.000589189,0.100125,0.04091,0.0
5.67873,0.000615524,0.166875,0.0525012,0.0
5.67922,0.000598163,0.150188,0.0501148,0.0
5.67849,0.000601999,0.166875,0.0525012,0.0
5.67862,0.000604795,0.150188,0.0501148,0.0
5.67863,0.000618775,0.166875,0.0525012,0.0
5.67834,0.000585483,0.0834376,0.0371599,0.0
5.67922,0.000598358,0.1335,0.0470465,0.0
5.67913,0.000606096,0.150188,0.0501148,0.0
5.67896,0.00059192,0.116813,0.0439783,0.0
5.67927,0.0005901,0.150188,0.0501148,0.0
5.67913,0.000589189,0.183563,0.0552285,0.0
5.67952,0.000623457,0.20025,0.057615,0.0
5.67928,0.000623132,0.150188,0.0501148,0.0
5.6792,0.000608176,0.216938,0.0600014,0.0
5.67932,0.000613899,0.20025,0.057615,0.0
5.68036,0.000647516,0.317063,0.0726153,0.0
5.67974,0.000614939,0.100125,0.04091,0.0
5.67856,0.000630545,0.1335,0.0470465,0.0
5.67877,0.000596082,0.1335,0.0470465,0.0
5.67954,0.000585613,0.0500626,0.0289779,0.0
5.67988,0.000592375,0.233625,0.0623878,0.0
5.68006,0.000602584,0.150188,0.0501148,0.0
5.68003,0.000603365,0.100125,0.04091,0.0
5.67939,0.000626448,0.283688,0.0685243,0.0
5.67939,0.0006046,0.183563,0.0552285,0.0
5.67888,0.000595106,0.166875,0.0525012,0.0
5.67874,0.000628334,0.20025,0.057615,0.0
5.67849,0.000586718,0.1335,0.0470465,0.0
5.6772,0.000601154,0.1335,0.0470465,0.0
5.6785,0.000599853,0.116813,0.0439783,0.0
5.67934,0.000624563,0.267,0.0664788,0.0
5.67904,0.000640624,0.150188,0.0501148,0.0
5.67946,0.000638803,0.20025,0.057615,0.0
5.67983,0.000627554,0.20025,0.057615,0.0
5.67848,0.000588409,0.1335,0.0470465,0.0
5.67838,0.000586393,0.100125,0.04091,0.0
5.67883,0.000589384,0.0667501,0.0334099,0.0
5.6784,0.000637763,0.267,0.0664788,0.0
5.6787,0.000588344,0.0834376,0.0371599,0.0
5.67865,0.000576444,0.0667501,0.0334099,0.0
5.6786,0.000583727,0.116813,0.0439783,0.0
5.67892,0.000599008,0.1335,0.0470465,0.0
5.67898,0.000586978,0.1335,0.0470465,0.0
5.67896,0.000603169,0.150188,0.0501148,0.0
5.67841,0.000602324,0.0667501,0.0334099,0.0
5.67986,0.000597252,0.20025,0.057615,0.0
5.67919,0.000586263,0.1335,0.0470465,0.0
5.67835,0.000596862,0.183563,0.0552285,0.0
5.67998,0.000622872,0.183563,0.0552285,0.0
5.67857,0.000602454,0.183563,0.0552285,0.0
5.67752,0.000583922,0.0834376,0.0371599,0.0
5.67857,0.000601024,0.183563,0.0552285,0.0
5.67947,0.000599268,0.150188,0.0501148,0.0
5.67844,0.000589254,0.100125,0.04091,0.0
5.67866,0.00063139,0.216938,0.0600014,0.0
5.67882,0.000597707,0.216938,0.0600014,0.0
5.67907,0.000622027,0.283688,0.0685243,0.0
5.67916,0.000599463,0.183563,0.0552285,0.0
5.67796,0.000597122,0.20025,0.057615,0.0
5.67871,0.000608567,0.1335,0.0470465,0.0
5.67893,0.000601154,0.166875,0.0525012,0.0
5.67853,0.000613704,0.1335,0.0470465,0.0
5.67878,0.000573258,0.116813,0.0439783,0.0
5.6791,0.00061819,0.183563,0.0552285,0.0
5.67907,0.000619556,0.0667501,0.0334099,0.0
5.68004,0.000612143,0.216938,0.0600014,0.0
5.67949,0.000585483,0.183563,0.0552285,0.0
5.67933,0.000604535,0.233625,0.0664788,0.0
5.6792,0.000613769,0.183563,0.0552285,0.0
5.679,0.000618255,0.1335,0.0470465,0.0
5.67807,0.000582492,0.0500626,0.0289779,0.0
5.67899,0.000606941,0.1335,0.0470465,0.0
5.67873,0.000596862,0.150188,0.0501148,0.0
5.67802,0.000607526,0.166875,0.0525012,0.0
5.68033,0.000602649,0.166875,0.0525012,0.0
5.67935,0.000630155,0.317063,0.0726153,0.0
5.67808,0.000606941,0.0834376,0.0371599,0.0
5.67851,0.000589709,0.116813,0.0439783,0.0
5.67828,0.0005914,0.0834376,0.0371599,0.0
5.67811,0.000588994,0.1335,0.0470465,0.0
5.67926,0.000597968,0.150188,0.0501148,0.0
5.67867,0.000602389,0.150188,0.0501148,0.0
5.67849,0.000600308,0.100125,0.04091,0.0
5.67932,0.000599463,0.183563,0.0552285,0.0
5.6788,0.000587173,0.0834376,0.0371599,0.0
5.67871,0.000613899,0.166875,0.0525012,0.0
5.67899,0.000609867,0.20025,0.057615,0.0
5.67875,0.000616955,0.216938,0.0600014,0.0
5.67977,0.000617475,0.183563,0.0552285,0.0
5.68021,0.000622612,0.183563,0.0552285,0.0
5.67984,0.000602584,0.100125,0.04091,0.0
5.67928,0.00060486,0.1335,0.0470465,0.0
5.67926,0.000612728,0.183563,0.0552285,0.0
5.67989,0.000608697,0.116813,0.0439783,0.0
5.67896,0.00060499,0.150188,0.0501148,0.0
5.67923,0.000627554,0.20025,0.057615,0.0
5.67949,0.000613313,0.150188,0.0501148,0.0
5.67845,0.000579175,0.0834376,0.0371599,0.0
5.67909,0.000596407,0.150188,0.0501148,0.0
5.67931,0.000619946,0.116813,0.0439783,0.0
5.67849,0.000573128,0.0667501,0.0334099,0.0
5.67821,0.000583142,0.1335,0.0470465,0.0
5.67854,0.000610582,0.183563,0.0552285,0.0
5.67906,0.000623002,0.1335,0.0470465,0.0
5.67917,0.000588149,0.100125,0.04091,0.0
5.67823,0.000591335,0.150188,0.0501148,0.0
5.67828,0.000576639,0.0834376,0.0371599,0.0
5.67819,0.000595887,0.116813,0.0439783,0.0
5.67939,0.000609152,0.183563,0.0552285,0.0
5.67967,0.000612468,0.183563,0.0552285,0.0
5.67894,0.000597447,0.183563,0.0552285,0.0
5.67906,0.000602779,0.150188,0.0501148,0.0
5.67908,0.000601089,0.183563,0.0552285,0.0
5.67939,0.000594846,0.166875,0.0525012,0.0
5.67849,0.000587499,0.150188,0.0501148,0.0
5.67877,0.000595171,0.116813,0.0439783,0.0
5.67919,0.000608632,0.216938,0.0600014,0.0
5.67848,0.000611103,0.20025,0.057615,0.0
5.67799,0.000608957,0.0834376,0.0371599,0.0
5.67897,0.000602584,0.0834376,0.0371599,0.0
5.67984,0.000633666,0.233625,0.0623878,0.0
5.67962,0.000613508,0.166875,0.0525012,0.0
5.67846,0.000573323,0.0834376,0.0371599,0.0
5.67842,0.000583662,0.1335,0.0470465,0.0
5.68004,0.000616825,0.183563,0.0552285,0.0
5.67956,0.000613704,0.183563,0.0552285,0.0
5.67878,0.000583532,0.183563,0.0552285,0.0
5.67881,0.000606356,0.250313,0.0644333,0.0
5.67993,0.000620856,0.233625,0.0623878,0.0
5.67927,0.000602649,0.1335,0.0470465,0.0
5.67934,0.00063074,0.283688,0.0685243,0.0
5.67899,0.000613443,0.116813,0.0439783,0.0
5.67855,0.000597902,0.166875,0.0525012,0.0
5.67918,0.000600569,0.0667501,0.0334099,0.0
5.67896,0.000601804,0.166875,0.0525012,0.0
5.67936,0.00059205,0.1335,0.0470465,0.0
5.67908,0.000594131,0.1335,0.0470465,0.0
5.67927,0.000602779,0.20025,0.057615,0.0
5.67981,0.000658896,0.317063,0.0726153,0.0
5.67851,0.000595952,0.0667501,0.0334099,0.0
5.67738,0.000579761,0.1335,0.0470465,0.0
5.67769,0.000569357,0.0500626,0.0289779,0.0
5.67854,0.000560188,0.0667501,0.0334099,0.0
5.67927,0.000591595,0.1335,0.0470465,0.0
5.67923,0.000605055,0.1335,0.0470465,0.0
5.67878,0.000594586,0.0834376,0.0371599,0.0
5.67829,0.000613378,0.166875,0.0525012,0.0
5.6782,0.000610907,0.100125,0.04091,0.0
5.67864,0.000581191,0.166875,0.0525012,0.0
5.67909,0.000616825,0.166875,0.0525012,0.0
5.67837,0.000624628,0.20025,0.057615,0.0
5.67763,0.000602714,0.216938,0.0600014,0.0
5.6789,0.000618645,0.216938,0.0600014,0.0
5.67882,0.000571763,0.0667501,0.0334099,0.0
5.67832,0.000595562,0.166875,0.0525012,0.0
5.67845,0.000607526,0.116813,0.0439783,0.0
5.6794,0.000631585,0.216938,0.0644333,0.0
5.67971,0.000622742,0.150188,0.0501148,0.0
5.67829,0.000581841,0.100125,0.04091,0.0
5.67863,0.000597187,0.183563,0.0552285,0.0
5.67814,0.000598683,0.183563,0.0552285,0.0
5.67794,0.000606551,0.116813,0.0439783,0.0
5.67814,0.000583662,0.150188,0.0501148,0.0
5.67897,0.000602389,0.0834376,0.0371599,0.0
5.6788,0.000611818,0.166875,0.0525012,0.0
5.67894,0.000594521,0.116813,0.0439783,0.0
5.67879,0.000615849,0.150188,0.0501148,0.0
5.67843,0.000598878,0.1335,0.0470465,0.0
5.6783,0.000603235,0.20025,0.057615,0.0
5.67885,0.000599853,0.166875,0.0525012,0.0
5.67838,0.000590035,0.100125,0.04091,0.0
5.67833,0.000613053,0.216938,0.0600014,0.0
5.67861,0.000608046,0.100125,0.04091,0.0
5.67944,0.000608306,0.116813,0.0439783,0.0
5.6788,0.000602194,0.0667501,0.0334099,0.0
5.67857,0.000600894,0.116813,0.0439783,0.0
5.67868,0.000597902,0.116813,0.0439783,0.0
5.67867,0.000589514,0.150188,0.0501148,0.0
5.67854,0.000599788,0.166875,0.0525012,0.0
5.67935,0.000604535,0.150188,0.0501148,0.0
5.67864,0.000586198,0.100125,0.04091,0.0
5.6786,0.000579761,0.116813,0.0439783,0.0
5.68038,0.000602779,0.1335,0.0470465,0.0
5.6793,0.000608176,0.150188,0.0501148,0.0
5.67839,0.000591595,0.0667501,0.0334099,0.0
5.67856,0.000610517,0.1335,0.0470465,0.0
5.67936,0.000605445,0.1335,0.0470465,0.0
5.67888,0.00061637,0.116813,0.0439783,0.0
5.67856,0.000576639,0.116813,0.0439783,0.0
5.67894,0.000611363,0.1335,0.0470465,0.0
5.67898,0.000568901,0.0333751,0.0235233,0.0
5.67875,0.000607461,0.166875,0.0525012,0.0
5.67894,0.000608371,0.100125,0.04091,0.0
5.67838,0.000632561,0.166875,0.0525012,0.0
5.67874,0.000605966,0.166875,0.0525012,0.0
5.67807,0.000596602,0.1335,0.0470465,0.0
5.67772,0.000596082,0.1335,0.0470465,0.0
5.67869,0.000619101,0.216938,0.0600014,0.0
5.67895,0.000618971,0.1335,0.0470465,0.0
5.67898,0.000623067,0.150188,0.0501148,0.0
5.67801,0.000592896,0.0834376,0.0371599,0.0
5.6777,0.000602779,0.166875,0.0525012,0.0
5.67926,0.000597837,0.116813,0.0439783,0.0
5.67878,0.000593806,0.0667501,0.0334099,0.0
5.67771,0.000556547,0.100125,0.04091,0.0
5.67837,0.000587889,0.150188,0.0501148,0.0
5.67918,0.000601414,0.20025,0.057615,0.0
5.67858,0.000596992,0.100125,0.04091,0.0
5.6789,0.000605705,0.20025,0.057615,0.0
5.67892,0.00060369,0.1335,0.0470465,0.0
5.67837,0.000592831,0.0834376,0.0371599,0.0
5.67878,0.000592635,0.100125,0.04091,0.0
5.6793,0.000581256,0.116813,0.0439783,0.0
5.67971,0.000570917,0.100125,0.04091,0.0
5.67894,0.000620206,0.166875,0.0525012,0.0
5.6784,0.000586198,0.0667501,0.0334099,0.0
5.67796,0.000595822,0.1335,0.0470465,0.0
5.67831,0.000572738,0.0333751,0.0235233,0.0
5.67877,0.000560838,0.116813,0.0439783,0.0
5.67928,0.00059049,0.150188,0.0501148,0.0
5.679,0.000579305,0.0834376,0.0371599,0.0
5.67839,0.00059166,0.0834376,0.0371599,0.0
5.67842,0.000593221,0.150188,0.0501148,0.0
5.67873,0.000594716,0.183563,0.0552285,0.0
5.67693,0.000591075,0.1335,0.0470465,0.0
5.67867,0.00061715,0.216938,0.0600014,0.0
5.67885,0.000593416,0.0834376,0.0371599,0.0
5.67881,0.000580281,0.250313,0.0644333,0.0
5.67916,0.000606421,0.166875,0.0525012,0.0
5.67903,0.000573973,0.116813,0.0439783,0.0
5.6785,0.00059153,0.116813,0.0439783,0.0
5.67836,0.000581906,0.150188,0.0501148,0.0
5.67854,0.000592766,0.166875,0.0525012,0.0
5.67869,0.000606291,0.100125,0.04091,0.0
5.67952,0.000591205,0.1335,0.0470465,0.0
5.67933,0.00060421,0.100125,0.04091,0.0
5.67966,0.000609672,0.20025,0.057615,0.0
5.67891,0.000583012,0.183563,0.0552285,0.0
5.67951,0.00063165,0.20025,0.057615,0.0
5.6789,0.000599138,0.0834376,0.0371599,0.0
5.67865,0.000586588,0.0667501,0.0334099,0.0
5.67881,0.000595041,0.0834376,0.0371599,0.0
5.67891,0.000596732,0.1335,0.0470465,0.0
5.67905,0.000599853,0.1335,0.0470465,0.0
5.67853,0.000593026,0.166875,0.0525012,0.0
5.6797,0.000578135,0.0834376,0.0371599,0.0
5.67888,0.000583727,0.150188,0.0501148,0.0
5.67901,0.000623392,0.166875,0.0525012,0.0
5.67984,0.000598943,0.150188,0.0501148,0.0
5.67856,0.000607201,0.116813,0.0439783,0.0
5.67828,0.00060408,0.233625,0.0623878,0.0
5.67767,0.000606811,0.116813,0.0439783,0.0
5.67849,0.000624888,0.100125,0.04091,0.0
5.67897,0.000587434,0.116813,0.0439783,0.0
5.67858,0.000578265,0.100125,0.04091,0.0
5.67823,0.000612403,0.150188,0.0501148,0.0
5.67938,0.000613573,0.166875,0.0525012,0.0
5.67794,0.000581191,0.0166875,0.0167049,0.0
5.679,0.000584052,0.116813,0.0439783,0.0
5.6799,0.000602259,0.20025,0.057615,0.0
5.6792,0.00060577,0.20025,0.057615,0.0
5.67844,0.000586068,0.0500626,0.0289779,0.0
5.67891,0.000597642,0.116813,0.0439783,0.0
5.67868,0.000607071,0.183563,0.0552285,0.0
5.67827,0.000592831,0.100125,0.04091,0.0
5.67813,0.000574624,0.0333751,0.0235233,0.0
5.67814,0.000592115,0.116813,0.0439783,0.0
5.67826,0.000597772,0.116813,0.0439783,0.0
5.67792,0.00061637,0.150188,0.0501148,0.0
5.67833,0.000619426,0.1335,0.0470465,0.0
5.67936,0.000613769,0.100125,0.04091,0.0
5.67925,0.000619296,0.183563,0.0600014,0.0
5.67888,0.000590035,0.0834376,0.0371599,0.0
5.67899,0.000579956,0.116813,0.0439783,0.0
5.67853,0.000575469,0.116813,0.0439783,0.0
5.67905,0.000577615,0.1335,0.0470465,0.0
5.67963,0.000592896,0.20025,0.057615,0.0
5.67996,0.000592896,0.0834376,0.0371599,0.0
5.67902,0.000599658,0.150188,0.0501148,0.0
5.67937,0.000573518,0.0834376,0.0371599,0.0
5.67885,0.000594911,0.100125,0.04091,0.0
5.67778,0.000593676,0.116813,0.0439783,0.0
5.67803,0.000593091,0.0667501,0.0334099,0.0
5.67905,0.000599788,0.150188,0.0501148,0.0
5.67899,0.000636917,0.150188,0.0501148,0.0
5.67932,0.000614939,0.233625,0.0623878,0.0
5.67875,0.000600699,0.0667501,0.0334099,0.0
5.67839,0.000583337,0.166875,0.0525012,0.0
5.67985,0.000586978,0.166875,0.0525012,0.0
5.67928,0.000581516,0.0834376,0.0371599,0.0
5.67794,0.000576054,0.100125,0.04091,0.0
5.67897,0.000568511,0.1335,0.0470465,0.0
5.67946,0.000576054,0.116813,0.0439783,0.0
5.67878,0.000603235,0.216938,0.0600014,0.0
5.67933,0.00060408,0.183563,0.0552285,0.0
5.67945,0.000613378,0.166875,0.0525012,0.0
5.67868,0.000625993,0.250313,0.0644333,0.0
5.67911,0.000615459,0.1335,0.0470465,0.0
5.67895,0.000619296,0.216938,0.0600014,0.0
5.67759,0.000607071,0.0667501,0.0334099,0.0
5.67827,0.000582492,0.1335,0.0470465,0.0
5.67802,0.000598293,0.150188,0.0501148,0.0
5.67896,0.000589904,0.0834376,0.0371599,0.0
5.67913,0.000596992,0.166875,0.0525012,0.0
5.67761,0.0005914,0.100125,0.04091,0.0
5.67852,0.000586198,0.150188,0.0501148,0.0
5.6791,0.000587238,0.0667501,0.0334099,0.0
5.67982,0.000582817,0.1335,0.0470465,0.0
5.6799,0.000596862,0.166875,0.0525012,0.0
5.67974,0.000600048,0.1335,0.0470465,0.0
5.6795,0.000605315,0.116813,0.0439783,0.0
5.67915,0.000619361,0.20025,0.057615,0.0
5.67891,0.000602324,0.1335,0.0470465,0.0
5.67845,0.000606161,0.116813,0.0439783,0.0
5.67824,0.000575469,0.116813,0.0439783,0.0
5.67905,0.000600569,0.100125,0.04091,0.0
5.67796,0.000593351,0.1335,0.0470465,0.0
5.67777,0.000593611,0.100125,0.04091,0.0
5.67869,0.000588539,0.166875,0.0525012,0.0
5.67842,0.00060343,0.150188,0.0501148,0.0
5.67851,0.000589774,0.150188,0.0501148,0.0
5.67832,0.000609022,0.0667501,0.0334099,0.0
5.67815,0.000594196,0.166875,0.0525012,0.0
5.67927,0.000581841,0.100125,0.04091,0.0
5.67933,0.000599528,0.183563,0.0552285,0.0
5.67881,0.000622222,0.1335,0.0470465,0.0
5.67916,0.000613118,0.183563,0.0552285,0.0
5.67806,0.000614354,0.150188,0.0501148,0.0
5.67823,0.000594196,0.116813,0.0439783,0.0
5.67962,0.000627554,0.0834376,0.0371599,0.0
5.6795,0.000596472,0.116813,0.0439783,0.0
5.67907,0.00059192,0.100125,0.04091,0.0
5.6785,0.00060551,0.1335,0.0470465,0.0
5.67952,0.000582687,0.116813,0.0439783,0.0
5.67955,0.000588799,0.116813,0.0439783,0.0
5.67832,0.000587238,0.116813,0.0439783,0.0
5.67857,0.000584247,0.116813,0.0439783,0.0
5.67798,0.000593481,0.166875,0.0525012,0.0
5.67817,0.000585158,0.0667501,0.0334099,0.0
5.67905,0.000574689,0.1335,0.0470465,0.0
5.67885,0.000594131,0.150188,0.0501148,0.0
5.67864,0.000639648,0.233625,0.0664788,0.0
5.67808,0.000612338,0.100125,0.04091,0.0
5.67936,0.000628009,0.183563,0.0552285,0.0
5.67981,0.000627164,0.183563,0.0552285,0.0
5.67809,0.000594651,0.1335,0.0470465,0.0
5.67786,0.000605185,0.116813,0.0439783,0.0
5.67823,0.000595302,0.0834376,0.0371599,0.0
5.67942,0.000610387,0.116813,0.0439783,0.0
5.67855,0.000593026,0.150188,0.0501148,0.0
5.67878,0.000599073,0.150188,0.0501148,0.0
5.67835,0.000602064,0.116813,0.0439783,0.0
5.67978,0.000620791,0.216938,0.0600014,0.0
5.67914,0.00059153,0.1335,0.0470465,0.0
5.67863,0.000620661,0.233625,0.0623878,0.0
5.67927,0.000595692,0.0667501,0.0334099,0.0
5.67928,0.000613899,0.116813,0.0439783,0.0
5.67917,0.000604145,0.116813,0.0439783,0.0
5.6793,0.000606356,0.1335,0.0470465,0.0
5.67897,0.000624823,0.20025,0.057615,0.0
5.67884,0.00061728,0.116813,0.0439783,0.0
5.67885,0.000610647,0.150188,0.0501148,0.0
5.67912,0.0006178,0.216938,0.0600014,0.0
5.67933,0.000607266,0.166875,0.0525012,0.0
5.67904,0.000595627,0.166875,0.0525012,0.0
5.67815,0.000581906,0.1335,0.0470465,0.0
5.67814,0.00061858,0.216938,0.0600014,0.0
5.67882,0.000609412,0.116813,0.0439783,0.0
5.67818,0.000607396,0.183563,0.0552285,0.0
5.67814,0.000612793,0.0834376,0.0371599,0.0
5.67851,0.000607266,0.166875,0.0525012,0.0
5.67821,0.000601609,0.116813,0.0439783,0.0
5.67868,0.000588149,0.100125,0.04091,0.0
5.67872,0.00057716,0.166875,0.0525012,0.0
5.67924,0.000598683,0.100125,0.04091,0.0
5.67919,0.000605705,0.116813,0.0439783,0.0
5.67866,0.000602324,0.1335,0.0470465,0.0
5.6785,0.000598033,0.0834376,0.0371599,0.0
5.67864,0.000586263,0.1335,0.0470465,0.0
5.67961,0.000625278,0.283688,0.0685243,0.0
5.68003,0.000617995,0.116813,0.0439783,0.0
5.67988,0.000596407,0.183563,0.0552285,0.0
5.67888,0.000578525,0.150188,0.0501148,0.0
5.67934,0.000582036,0.116813,0.0439783,0.0
5.67998,0.00057924,0.0667501,0.0334099,0.0
5.67918,0.00056487,0.0834376,0.0371599,0.0
5.67896,0.000583792,0.116813,0.0439783,0.0
5.67926,0.000588929,0.150188,0.0501148,0.0
5.67957,0.000586458,0.150188,0.0501148,0.0
5.67939,0.00061663,0.20025,0.057615,0.0
5.67877,0.000595952,0.0667501,0.0334099,0.0
5.6785,0.000600438,0.183563,0.0552285,0.0
5.67823,0.000611168,0.183563,0.0552285,0.0
5.67895,0.000611428,0.250313,0.0644333,0.0
5.67919,0.000596992,0.100125,0.04091,0.0
5.67781,0.000595171,0.183563,0.0552285,0.0
5.6778,0.000589254,0.0500626,0.0289779,0.0
5.67918,0.000573518,0.116813,0.0439783,0.0
5.67876,0.000580736,0.166875,0.0525012,0.0
5.67806,0.000582167,0.150188,0.0501148,0.0
5.67882,0.000584767,0.0500626,0.0289779,0.0
5.67789,0.00057885,0.0333751,0.0235233,0.0
5.67793,0.000582427,0.150188,0.0501148,0.0
5.67939,0.000608957,0.150188,0.0501148,0.0
5.6779,0.000584963,0.0667501,0.0334099,0.0
5.67816,0.000605705,0.20025,0.057615,0.0
5.67978,0.000596732,0.100125,0.04091,0.0
5.67863,0.000596082,0.150188,0.0501148,0.0
5.67885,0.000588994,0.1335,0.0470465,0.0
5.67866,0.000591335,0.116813,0.0439783,0.0
5.67855,0.000584637,0.0834376,0.0371599,0.0
5.67943,0.000579435,0.0667501,0.0334099,0.0
5.67928,0.000581386,0.100125,0.04091,0.0
5.67891,0.000598488,0.0834376,0.0371599,0.0
5.67796,0.000590165,0.1335,0.0470465,0.0
5.67842,0.000585808,0.150188,0.0501148,0.0
5.67818,0.00059127,0.0500626,0.0289779,0.0
5.67793,0.000581451,0.0667501,0.0334099,0.0
5.67876,0.000598098,0.166875,0.0525012,0.0
5.67892,0.000601219,0.100125,0.04091,0.0
5.6789,0.000589774,0.150188,0.0501148,0.0
5.67818,0.000593416,0.183563,0.0552285,0.0
5.67847,0.00060499,0.183563,0.0552285,0.0
5.67851,0.000587954,0.150188,0.0501148,0.0
5.67821,0.000605445,0.233625,0.0623878,0.0
5.67955,0.000639518,0.150188,0.0501148,0.0
5.67852,0.000591985,0.1335,0.0470465,0.0
5.67795,0.000609672,0.100125,0.04091,0.0
5.67852,0.00057898,0.100125,0.04091,0.0
5.67889,0.000600829,0.216938,0.0600014,0.0
5.67864,0.000606941,0.150188,0.0501148,0.0
5.67864,0.000588084,0.116813,0.0439783,0.0
5.67929,0.000592505,0.166875,0.0525012,0.0
5.67916,0.000580476,0.166875,0.0525012,0.0
5.67867,0.000567991,0.0667501,0.0334099,0.0
5.67855,0.000597122,0.1335,0.0470465,0.0
5.67901,0.000587694,0.0667501,0.0334099,0.0
5.67808,0.000592635,0.150188,0.0501148,0.0
5.6791,0.000577355,0.150188,0.0501148,0.0
5.67981,0.000584833,0.166875,0.0525012,0.0
5.67971,0.000601739,0.183563,0.0552285,0.0
5.6793,0.000581256,0.0500626,0.0289779,0.0
5.67913,0.000579826,0.1335,0.0470465,0.0
5.6784,0.000620466,0.166875,0.0525012,0.0
5.67845,0.000602714,0.1335,0.0470465,0.0
5.67916,0.000617215,0.150188,0.0501148,0.0
5.67837,0.000607396,0.100125,0.04091,0.0
5.6776,0.000581321,0.116813,0.0439783,0.0
5.67903,0.000589839,0.183563,0.0552285,0.0
5.67907,0.000560253,0.0333751,0.0235233,0.0
5.67782,0.000571177,0.100125,0.04091,0.0
5.67847,0.000595106,0.1335,0.0470465,0.0
5.67971,0.000598098,0.1335,0.0470465,0.0
5.67912,0.000585223,0.116813,0.0439783,0.0
5.6788,0.000583402,0.0667501,0.0334099,0.0
5.67884,0.0006033,0.1335,0.0470465,0.0
5.67935,0.000601739,0.183563,0.0552285,0.0
5.67862,0.000592245,0.116813,0.0439783,0.0
5.67846,0.000577355,0.0667501,0.0334099,0.0
5.67859,0.000571958,0.0834376,0.0371599,0.0
5.67863,0.000580996,0.150188,0.0501148,0.0
5.67836,0.000575989,0.0834376,0.0371599,0.0
5.67906,0.000590945,0.150188,0.0501148,0.0
5.67931,0.000564545,0.100125,0.04091,0.0
5.67915,0.000588474,0.1335,0.0470465,0.0
5.67859,0.0005914,0.100125,0.04091,0.0
5.67868,0.000588344,0.0834376,0.0371599,0.0
5.67823,0.000575079,0.116813,0.0439783,0.0
5.67803,0.000586328,0.0500626,0.0289779,0.0
5.67883,0.000590555,0.183563,0.0552285,0.0
5.67819,0.000596277,0.0834376,0.0371599,0.0
5.67765,0.000581321,0.116813,0.0439783,0.0
5.67845,0.00059049,0.0500626,0.0289779,0.0
5.67861,0.000590295,0.166875,0.0525012,0.0
5.67889,0.000619686,0.100125,0.04091,0.0
5.6787,0.000603169,0.166875,0.0525012,0.0
5.67788,0.000597122,0.100125,0.04091,0.0
5.67763,0.000616565,0.166875,0.0525012,0.0
5.67874,0.000598163,0.1335,0.0470465,0.0
5.67866,0.000596147,0.100125,0.04091,0.0
5.67957,0.000608762,0.183563,0.0552285,0.0
5.67889,0.000591725,0.166875,0.0525012,0.0
5.67859,0.000596992,0.100125,0.04091,0.0
5.6789,0.000611623,0.166875,0.0525012,0.0
5.67966,0.000621832,0.1335,0.0470465,0.0
5.67992,0.000599528,0.150188,0.0501148,0.0
5.67909,0.000596342,0.116813,0.0439783,0.0
5.67871,0.000612013,0.116813,0.0439783,0.0
5.67884,0.000621637,0.100125,0.04091,0.0
5.67882,0.000606291,0.1335,0.0470465,0.0
5.67865,0.000586588,0.116813,0.0439783,0.0
5.67956,0.000594521,0.150188,0.0501148,0.0
5.67833,0.000589969,0.0500626,0.0289779,0.0
5.67882,0.000566365,0.0667501,0.0334099,0.0
5.67894,0.000580736,0.1335,0.0470465,0.0
5.67949,0.000597317,0.166875,0.0525012,0.0
5.67908,0.000605705,0.166875,0.0525012,0.0
5.67849,0.000599853,0.100125,0.04091,0.0
5.67843,0.00059088,0.0500626,0.0289779,0.0
5.67808,0.000580476,0.150188,0.0501148,0.0
5.67855,0.000591205,0.100125,0.04091,0.0
5.6787,0.000574299,0.0834376,0.0371599,0.0
5.67859,0.000583077,0.0667501,0.0334099,0.0
5.67871,0.000566756,0.0667501,0.0334099,0.0
5.67992,0.000582947,0.116813,0.0439783,0.0
5.67851,0.000580541,0.116813,0.0439783,0.0
5.67873,0.000612143,0.150188,0.0501148,0.0
5.67948,0.000588019,0.150188,0.0501148,0.0
5.67858,0.000594261,0.100125,0.04091,0.0
5.67913,0.000602844,0.100125,0.04091,0.0
5.6794,0.000594846,0.150188,0.0501148,0.0
5.67882,0.000576314,0.116813,0.0439783,0.0
5.67817,0.000575599,0.100125,0.04091,0.0
5.67776,0.000588149,0.100125,0.04091,0.0
5.67951,0.000580216,0.183563,0.0552285,0.0
5.67953,0.000592831,0.116813,0.0439783,0.0
5.67829,0.000567146,0.100125,0.04091,0.0
5.67849,0.000577875,0.0667501,0.0334099,0.0
5.67835,0.000599723,0.20025,0.057615,0.0
5.67916,0.000607786,0.183563,0.0552285,0.0
5.6789,0.000610647,0.150188,0.0501148,0.0
5.6776,0.000583987,0.1335,0.0470465,0.0
5.67828,0.000619231,0.233625,0.0623878,0.0
5.67899,0.000605575,0.100125,0.04091,0.0
5.67763,0.000589449,0.0667501,0.0334099,0.0
5.67837,0.000587759,0.0500626,0.0289779,0.0
5.67744,0.000570072,0.0667501,0.0334099,0.0
5.67809,0.00059127,0.20025,0.057615,0.0
5.67918,0.000613769,0.250313,0.0644333,0.0
5.678,0.000593026,0.0834376,0.0371599,0.0
5.67771,0.000575534,0.0500626,0.0289779,0.0
5.67873,0.00057859,0.150188,0.0501148,0.0
5.67933,0.000616695,0.267,0.0664788,0.0
5.67943,0.000584377,0.0667501,0.0334099,0.0
5.67844,0.000575794,0.150188,0.0501148,0.0
5.67837,0.000614159,0.1335,0.0470465,0.0
5.67961,0.000631975,0.0834376,0.0371599,0.0
5.67875,0.000594651,0.100125,0.04091,0.0
5.67804,0.000584507,0.0500626,0.0289779,0.0
5.67888,0.000584442,0.166875,0.0525012,0.0
5.67893,0.000582622,0.1335,0.0470465,0.0
5.67851,0.000590295,0.1335,0.0470465,0.0
5.67843,0.000584572,0.0834376,0.0371599,0.0
5.67874,0.000571763,0.100125,0.04091,0.0
5.67836,0.000594781,0.216938,0.0600014,0.0
5.67888,0.000586783,0.20025,0.057615,0.0
5.67878,0.000622872,0.0834376,0.0371599,0.0
5.679,0.000603495,0.116813,0.0439783,0.0
5.67796,0.000574364,0.100125,0.04091,0.0
5.67851,0.000588734,0.100125,0.04091,0.0
5.67938,0.000619946,0.166875,0.0525012,0.0
5.67894,0.000581971,0.116813,0.0439783,0.0
5.67857,0.000584442,0.0667501,0.0334099,0.0
5.67852,0.000586068,0.116813,0.0439783,0.0
5.67862,0.000585288,0.100125,0.04091,0.0
5.67831,0.000585093,0.1335,0.0470465,0.0
5.67898,0.000615264,0.20025,0.057615,0.0
5.67876,0.00059062,0.150188,0.0501148,0.0
5.67811,0.000589579,0.100125,0.04091,0.0
5.67878,0.000586393,0.1335,0.0470465,0.0
5.67907,0.000615719,0.150188,0.0501148,0.0
5.67817,0.000600699,0.1335,0.0470465,0.0
5.67863,0.000607461,0.0834376,0.0371599,0.0
5.6795,0.000587759,0.0834376,0.0371599,0.0
5.67843,0.00057742,0.150188,0.0501148,0.0
5.67758,0.000595887,0.116813,0.0439783,0.0
5.67765,0.000580476,0.116813,0.0439783,0.0
5.67792,0.000582427,0.166875,0.0525012,0.0
5.67854,0.000604275,0.1335,0.0470465,0.0
5.67888,0.000582101,0.100125,0.04091,0.0
5.67717,0.00057742,0.1335,0.0470465,0.0
5.6773,0.000596602,0.100125,0.04091,0.0
5.67849,0.000600308,0.1335,0.0470465,0.0
5.67737,0.000579175,0.100125,0.04091,0.0
5.67791,0.000583987,0.116813,0.0439783,0.0
5.67841,0.000585938,0.0834376,0.0371599,0.0
5.67838,0.000601934,0.150188,0.0501148,0.0
5.67923,0.000594326,0.1335,0.0470465,0.0
5.67905,0.000586588,0.150188,0.0501148,0.0
5.67921,0.000583987,0.0500626,0.0289779,0.0
5.679,0.000594521,0.0834376,0.0371599,0.0
5.67918,0.000586913,0.150188,0.0501148,0.0
5.67963,0.000613248,0.166875,0.0525012,0.0
5.67893,0.000613443,0.100125,0.04091,0.0
5.67862,0.000573908,0.0834376,0.0371599,0.0
5.67859,0.000598618,0.150188,0.0501148,0.0
5.67934,0.000589709,0.0500626,0.0289779,0.0
5.67924,0.00059049,0.183563,0.0552285,0.0
5.67913,0.000609932,0.166875,0.0525012,0.0
5.67872,0.000597122,0.183563,0.0552285,0.0
5.67884,0.000597772,0.0667501,0.0334099,0.0
5.67892,0.000610452,0.183563,0.0552285,0.0
5.67747,0.000601284,0.1335,0.0470465,0.0
5.67722,0.000595432,0.100125,0.04091,0.0
5.67729,0.000562984,0.0500626,0.0289779,0.0
5.67772,0.000568056,0.1335,0.0470465,0.0
5.67863,0.000591985,0.100125,0.04091,0.0
5.67768,0.000587824,0.0500626,0.0289779,0.0
5.67799,0.000587629,0.116813,0.0439783,0.0
5.67787,0.0005795,0.150188,0.0501148,0.0
5.67867,0.000580151,0.0667501,0.0334099,0.0
5.67906,0.000594326,0.20025,0.057615,0.0
5.67921,0.000612403,0.166875,0.0525012,0.0
5.67847,0.00060408,0.183563,0.0552285,0.0
5.67781,0.00060564,0.150188,0.0501148,0.0
5.67915,0.000609737,0.166875,0.0525012,0.0
5.67909,0.000600634,0.183563,0.0552285,0.0
5.67865,0.000584377,0.0834376,0.0371599,0.0
5.67816,0.000569422,0.0834376,0.0371599,0.0
5.67887,0.000573453,0.0500626,0.0289779,0.0
5.67805,0.000575014,0.116813,0.0439783,0.0
5.67873,0.000616044,0.150188,0.0501148,0.0
5.67873,0.000580281,0.1335,0.0470465,0.0
5.67839,0.000584117,0.100125,0.04091,0.0
5.67872,0.000573648,0.116813,0.0439783,0.0
5.67901,0.000598683,0.150188,0.0501148,0.0
5.67904,0.000586978,0.1335,0.0470465,0.0
5.67915,0.000579956,0.116813,0.0439783,0.0
5.67946,0.000606941,0.116813,0.0439783,0.0
5.67905,0.000620011,0.1335,0.0470465,0.0
5.67848,0.000609477,0.116813,0.0439783,0.0
5.67841,0.000584377,0.0834376,0.0371599,0.0
5.6777,0.000587303,0.166875,0.0525012,0.0
5.67831,0.000608176,0.1335,0.0528421,0.0
5.67937,0.000582557,0.100125,0.04091,0.0
5.67837,0.000587303,0.1335,0.0470465,0.0
5.67879,0.000573388,0.0500626,0.0289779,0.0
5.67942,0.000589969,0.1335,0.0470465,0.0
5.67788,0.000576314,0.0500626,0.0289779,0.0
5.68003,0.000583987,0.150188,0.0501148,0.0
5.67989,0.000574559,0.0834376,0.0371599,0.0
5.67769,0.000572738,0.116813,0.0439783,0.0
5.67864,0.000598098,0.1335,0.0470465,0.0
5.67916,0.0005914,0.1335,0.0470465,0.0
5.67924,0.000584898,0.116813,0.0439783,0.0
5.67901,0.000598293,0.1335,0.0470465,0.0
5.67946,0.00060512,0.150188,0.0501148,0.0
5.6795,0.000602779,0.20025,0.057615,0.0
5.67875,0.000564415,0.0333751,0.0235233,0.0
5.67809,0.000587824,0.1335,0.0470465,0.0
5.67859,0.000592961,0.116813,0.0439783,0.0
5.67868,0.000595432,0.0834376,0.0371599,0.0
5.67875,0.000585873,0.20025,0.057615,0.0
5.67863,0.000584833,0.116813,0.0439783,0.0
5.67804,0.000620466,0.216938,0.0600014,0.0
5.67871,0.000598878,0.166875,0.0525012,0.0
5.67874,0.000602779,0.166875,0.0525012,0.0
5.67724,0.000605966,0.166875,0.057615,0.0
5.67814,0.000587889,0.116813,0.0439783,0.0
5.67843,0.000589969,0.0834376,0.0371599,0.0
5.67916,0.000611753,0.233625,0.0623878,0.0
5.67899,0.000596732,0.1335,0.0470465,0.0
5.67798,0.000585223,0.0834376,0.0371599,0.0
5.67895,0.000632886,0.100125,0.04091,0.0
5.67973,0.000597642,0.0667501,0.0334099,0.0
5.67953,0.000594066,0.0834376,0.0371599,0.0
5.6794,0.000580541,0.1335,0.0470465,0.0
5.67853,0.000582687,0.166875,0.0525012,0.0
5.67908,0.00057898,0.0834376,0.0371599,0.0
5.67888,0.0005914,0.166875,0.0525012,0.0
5.67862,0.000611363,0.166875,0.0525012,0.0
5.67882,0.000576704,0.0667501,0.0334099,0.0
5.67871,0.000583857,0.0667501,0.0334099,0.0
5.67823,0.000582752,0.116813,0.0439783,0.0
5.67792,0.000565455,0.0667501,0.0334099,0.0
5.67854,0.000593416,0.233625,0.0623878,0.0
5.67959,0.000580606,0.0834376,0.0371599,0.0
5.67863,0.000579566,0.100125,0.04091,0.0
5.67912,0.000611623,0.150188,0.0501148,0.0
5.68025,0.000627944,0.150188,0.0501148,0.0
5.67821,0.000611233,0.150188,0.0501148,0.0
5.67767,0.000584702,0.0500626,0.0289779,0.0
5.67939,0.00057794,0.0500626,0.0289779,0.0
5.6796,0.000584377,0.1335,0.0470465,0.0
5.67937,0.000600959,0.166875,0.0525012,0.0
5.67922,0.000620856,0.150188,0.0501148,0.0
5.6781,0.00057794,0.0834376,0.0371599,0.0
5.679,0.000580541,0.100125,0.04091,0.0
5.67881,0.00059244,0.0166875,0.0167049,0.0
5.67893,0.00057768,0.183563,0.0600014,0.0
5.67855,0.000584767,0.100125,0.04091,0.0
5.67923,0.000614094,0.216938,0.0600014,0.0
5.67871,0.000592245,0.0834376,0.0371599,0.0
5.67843,0.000598423,0.183563,0.0552285,0.0
5.67956,0.000593221,0.0667501,0.0334099,0.0
5.67906,0.000580541,0.150188,0.0501148,0.0
5.67873,0.000576834,0.0667501,0.0334099,0.0
5.67937,0.000573258,0.116813,0.0439783,0.0
5.67938,0.000593936,0.116813,0.0439783,0.0
5.67911,0.00059244,0.0500626,0.0289779,0.0
5.67904,0.000606941,0.183563,0.0552285,0.0
5.67819,0.0005769,0.0667501,0.0334099,0.0
5.67803,0.000575989,0.0834376,0.0371599,0.0
5.67877,0.000598813,0.166875,0.0525012,0.0
5.67804,0.000596082,0.116813,0.0439783,0.0
5.67786,0.000589189,0.1335,0.0470465,0.0
5.67802,0.000568511,0.116813,0.0439783,0.0
5.67824,0.000574559,0.166875,0.0525012,0.0
5.67848,0.000588344,0.0667501,0.0334099,0.0
5.67767,0.000579891,0.150188,0.0501148,0.0
5.67851,0.000584182,0.116813,0.0439783,0.0
5.67907,0.000582947,0.0834376,0.0371599,0.0
5.67922,0.000575274,0.0834376,0.0371599,0.0
5.67932,0.000571372,0.150188,0.0501148,0.0
5.67913,0.000584052,0.0834376,0.0371599,0.0
5.67853,0.000557457,0.0667501,0.0334099,0.0
5.67853,0.000602779,0.166875,0.0525012,0.0
5.67905,0.000605966,0.116813,0.0439783,0.0
5.67892,0.000575664,0.0667501,0.0334099,0.0
5.67841,0.000592375,0.100125,0.04091,0.0
5.67826,0.000605185,0.0500626,0.0289779,0.0
5.67872,0.000585548,0.100125,0.04091,0.0
5.67961,0.000602519,0.183563,0.0552285,0.0
5.67843,0.000584637,0.100125,0.04091,0.0
5.67871,0.000575079,0.0834376,0.0371599,0.0
5.67885,0.000578655,0.1335,0.0470465,0.0
5.67888,0.000583337,0.150188,0.0501148,0.0
5.67905,0.000592245,0.116813,0.0439783,0.0
5.67858,0.000598098,0.116813,0.0439783,0.0
5.67901,0.000601804,0.183563,0.0552285,0.0
5.68013,0.00059101,0.100125,0.04091,0.0
5.67872,0.000581841,0.183563,0.0552285,0.0
5.67871,0.000593026,0.1335,0.0470465,0.0
5.67991,0.000625343,0.1335,0.0470465,0.0
5.67915,0.000596732,0.183563,0.0552285,0.0
5.67909,0.000604795,0.116813,0.0439783,0.0
5.67933,0.000611753,0.150188,0.0501148,0.0
5.6799,0.00059153,0.150188,0.0501148,0.0
5.67849,0.000603755,0.166875,0.0525012,0.0
5.67899,0.000576119,0.0834376,0.0371599,0.0
5.67949,0.000587434,0.166875,0.057615,0.0
5.67954,0.000586133,0.1335,0.0470465,0.0
5.67845,0.000614679,0.100125,0.04091,0.0
5.67842,0.000612988,0.150188,0.0501148,0.0
5.6791,0.000589709,0.116813,0.0439783,0.0
5.67896,0.000600634,0.166875,0.0525012,0.0
5.67796,0.000589124,0.0834376,0.0371599,0.0
5.67916,0.000573908,0.116813,0.0439783,0.0
5.67829,0.000578655,0.0834376,0.0371599,0.0
5.67845,0.000586458,0.0667501,0.0334099,0.0
5.67843,0.00060369,0.116813,0.0439783,0.0
5.67836,0.000587043,0.0834376,0.0371599,0.0
5.67919,0.000586848,0.1335,0.0470465,0.0
5.67848,0.000601219,0.100125,0.04091,0.0
5.67893,0.000589319,0.0834376,0.0371599,0.0
5.67942,0.000603885,0.116813,0.0439783,0.0
5.67822,0.000589579,0.0667501,0.0334099,0.0
5.67729,0.000602584,0.150188,0.0501148,0.0
5.67821,0.000598163,0.0834376,0.0371599,0.0
5.67829,0.000597707,0.0667501,0.0334099,0.0
5.67885,0.000574754,0.0500626,0.0289779,0.0
5.67913,0.000583727,0.116813,0.0439783,0.0
5.67947,0.000617865,0.183563,0.0552285,0.0
5.67945,0.000590555,0.116813,0.0439783,0.0
5.67919,0.000584442,0.0834376,0.0371599,0.0
5.67956,0.000583012,0.100125,0.04091,0.0
5.6801,0.000613313,0.100125,0.04091,0.0
5.67966,0.000586978,0.1335,0.0470465,0.0
5.67865,0.000589774,0.116813,0.0439783,0.0
5.67884,0.000602129,0.100125,0.04091,0.0
5.67929,0.000599333,0.166875,0.0525012,0.0
5.67955,0.000630155,0.183563,0.0552285,0.0
5.67927,0.000601609,0.0667501,0.0334099,0.0
5.67904,0.00060343,0.183563,0.0600014,0.0
5.67843,0.000593741,0.116813,0.0439783,0.0
5.67824,0.00057755,0.0500626,0.0289779,0.0
5.67854,0.000564025,0.0834376,0.0371599,0.0
5.67845,0.000596017,0.1335,0.0470465,0.0
5.67814,0.000597252,0.0834376,0.0371599,0.0
5.67757,0.000568121,0.0333751,0.0235233,0.0
5.67833,0.000586848,0.150188,0.0501148,0.0
5.67898,0.000597447,0.116813,0.0439783,0.0
5.67809,0.000593546,0.0667501,0.0334099,0.0
5.6789,0.00059231,0.166875,0.0525012,0.0
5.67831,0.000584117,0.100125,0.04091,0.0
5.67941,0.000612858,0.150188,0.0501148,0.0
5.67876,0.000580086,0.0834376,0.0371599,0.0
5.67832,0.000609932,0.100125,0.04091,0.0
5.67865,0.000605055,0.20025,0.057615,0.0
5.6791,0.000597577,0.0834376,0.0371599,0.0
5.67804,0.000591465,0.0333751,0.0235233,0.0
5.67913,0.000602324,0.166875,0.0525012,0.0
5.67955,0.000598553,0.116813,0.0439783,0.0
5.67831,0.000566105,0.0834376,0.0371599,0.0
5.67813,0.000569617,0.0834376,0.0371599,0.0
5.6792,0.000571242,0.100125,0.04091,0.0
5.67927,0.000612663,0.183563,0.0552285,0.0
5.67913,0.000615329,0.150188,0.0501148,0.0
5.67905,0.000591725,0.150188,0.0501148,0.0
5.67957,0.000613769,0.183563,0.0552285,0.0
5.67899,0.000580671,0.1335,0.0470465,0.0
5.67894,0.000601349,0.0834376,0.0371599,0.0
5.67779,0.000567796,0.0500626,0.0289779,0.0
5.67733,0.000589384,0.150188,0.0501148,0.0
5.67829,0.000595171,0.150188,0.0501148,0.0
5.67884,0.000575144,0.116813,0.0439783,0.0
5.67793,0.000595952,0.100125,0.04091,0.0
5.67899,0.000606356,0.150188,0.0501148,0.0
5.67836,0.000570592,0.116813,0.0439783,0.0
5.67856,0.000596667,0.0834376,0.0371599,0.0
5.67915,0.000598878,0.100125,0.04091,0.0
5.6792,0.000597968,0.116813,0.0439783,0.0
5.67932,0.000591985,0.166875,0.0525012,0.0
5.68007,0.000628334,0.150188,0.0501148,0.0
5.67809,0.000602064,0.100125,0.04091,0.0
5.67807,0.000593156,0.100125,0.04091,0.0
5.67882,0.000584702,0.0834376,0.0371599,0.0
5.67834,0.000574754,0.0667501,0.0334099,0.0
5.67813,0.000570982,0.0834376,0.0371599,0.0
5.67889,0.000603495,0.20025,0.057615,0.0
5.67925,0.000581191,0.0667501,0.0334099,0.0
5.678,0.000572738,0.100125,0.04091,0.0
5.67832,0.0005914,0.116813,0.0439783,0.0
5.6791,0.000620726,0.216938,0.0600014,0.0
5.67828,0.000595106,0.100125,0.04091,0.0
5.67816,0.000576314,0.100125,0.04091,0.0
5.678,0.000576965,0.116813,0.0439783,0.0
5.67853,0.000573323,0.0834376,0.0371599,0.0
5.67814,0.000585743,0.0834376,0.0371599,0.0
5.67852,0.000595106,0.1335,0.0470465,0.0
5.67829,0.000584117,0.116813,0.0439783,0.0
5.67868,0.00059114,0.20025,0.057615,0.0
5.67858,0.000586783,0.0500626,0.0289779,0.0
5.6782,0.000572218,0.0834376,0.0371599,0.0
5.67859,0.000573778,0.100125,0.04091,0.0
5.67862,0.000570592,0.0500626,0.0289779,0.0
5.67875,0.000573453,0.116813,0.0439783,0.0
5.67848,0.000576574,0.100125,0.04091,0.0
5.67796,0.000596797,0.100125,0.04091,0.0
5.67847,0.000582167,0.100125,0.04091,0.0
5.67898,0.000589969,0.116813,0.0439783,0.0
5.6793,0.000574819,0.0834376,0.0371599,0.0
5.67911,0.000592505,0.100125,0.04091,0.0
5.67951,0.00057768,0.183563,0.0552285,0.0
5.67807,0.00057937,0.1335,0.0470465,0.0
5.67815,0.000594586,0.150188,0.0501148,0.0
5.67909,0.000594261,0.116813,0.0439783,0.0
5.67931,0.000596732,0.166875,0.0525012,0.0
5.67982,0.000588734,0.166875,0.0525012,0.0
5.67893,0.000569292,0.0500626,0.0289779,0.0
5.67843,0.000588994,0.233625,0.0623878,0.0
5.67943,0.000603885,0.0834376,0.0371599,0.0
5.67863,0.000609477,0.20025,0.057615,0.0
5.67823,0.000597122,0.0667501,0.0334099,0.0
5.67815,0.000588149,0.100125,0.04091,0.0
5.67762,0.000559018,0.0333751,0.0235233,0.0
5.67774,0.000579566,0.0834376,0.0371599,0.0
5.67943,0.000613443,0.150188,0.0501148,0.0
5.67867,0.000592115,0.1335,0.0470465,0.0
5.67741,0.000582427,0.100125,0.04091,0.0
5.67846,0.000576574,0.150188,0.0501148,0.0
5.67895,0.000593936,0.100125,0.04091,0.0
5.67839,0.000584247,0.100125,0.04091,0.0
5.67872,0.000593546,0.116813,0.0439783,0.0
5.67833,0.000564155,0.1335,0.0470465,0.0
5.67909,0.000580606,0.116813,0.0439783,0.0
5.67818,0.000602389,0.166875,0.0525012,0.0
5.67858,0.000598228,0.0333751,0.0235233,0.0
5.67924,0.000571307,0.0667501,0.0334099,0.0
5.67926,0.00057729,0.0834376,0.0371599,0.0
5.67862,0.00057924,0.0333751,0.0235233,0.0
5.6792,0.000596537,0.150188,0.0501148,0.0
5.6777,0.000601934,0.1335,0.0470465,0.0
5.67788,0.000592961,0.0500626,0.0289779,0.0
5.67819,0.000573583,0.0667501,0.0334099,0.0
5.67753,0.000560773,0.0500626,0.0289779,0.0
5.67829,0.000572933,0.0834376,0.0371599,0.0
5.67892,0.000562854,0.0500626,0.0289779,0.0
5.679,0.000569682,0.100125,0.04091,0.0
5.67907,0.000597577,0.116813,0.0439783,0.0
5.67777,0.000594196,0.1335,0.0470465,0.0
5.67824,0.000580281,0.100125,0.04091,0.0
5.6783,0.000567341,0.0166875,0.0167049,0.0
5.67817,0.00057755,0.150188,0.0501148,0.0
5.67912,0.00059218,0.0834376,0.0371599,0.0
5.67818,0.00059101,0.116813,0.0439783,0.0
5.67839,0.000602389,0.150188,0.0501148,0.0
5.67857,0.00060538,0.116813,0.0439783,0.0
5.67929,0.000601739,0.150188,0.0501148,0.0
5.6784,0.000594781,0.150188,0.0501148,0.0
5.67809,0.000606161,0.166875,0.0525012,0.0
5.67855,0.000596082,0.1335,0.0470465,0.0
5.67895,0.000576639,0.0834376,0.0371599,0.0
5.67901,0.000596927,0.1335,0.0470465,0.0
5.67942,0.000601739,0.1335,0.0470465,0.0
5.67864,0.000585483,0.100125,0.04091,0.0
5.6777,0.00056552,0.0166875,0.0167049,0.0
5.67806,0.000547183,0.0667501,0.0334099,0.0
5.6791,0.000590815,0.1335,0.0470465,0.0
5.67936,0.000579175,0.116813,0.0439783,0.0
5.67849,0.000579956,0.1335,0.0470465,0.0
5.67855,0.000575989,0.0500626,0.0289779,0.0
5.67895,0.000579891,0.166875,0.0525012,0.0
5.67969,0.000599463,0.150188,0.0501148,0.0
5.67861,0.000594196,0.166875,0.0525012,0.0
5.67819,0.000576054,0.0834376,0.0371599,0.0
5.67816,0.000571893,0.0500626,0.0289779,0.0
5.67825,0.000593676,0.150188,0.0501148,0.0
5.67879,0.000574624,0.1335,0.0470465,0.0
5.67906,0.000589254,0.116813,0.0439783,0.0
5.67892,0.000608567,0.150188,0.0501148,0.0
5.67871,0.000598943,0.183563,0.0552285,0.0
5.67774,0.000598488,0.100125,0.04091,0.0
5.67803,0.000585288,0.0834376,0.0371599,0.0
5.67871,0.000574364,0.100125,0.04091,0.0
5.67826,0.000573713,0.0667501,0.0334099,0.0
5.67856,0.000571307,0.150188,0.0501148,0.0
5.67827,0.000586653,0.116813,0.0439783,0.0
5.67821,0.000600243,0.150188,0.0501148,0.0
5.67923,0.000598163,0.100125,0.04091,0.0
5.67899,0.000586393,0.100125,0.04091,0.0
5.67793,0.000601999,0.100125,0.04091,0.0
5.67959,0.0006033,0.1335,0.0470465,0.0
5.67928,0.000588279,0.0834376,0.0371599,0.0
5.67861,0.000589579,0.116813,0.0439783,0.0
5.67922,0.000568251,0.0834376,0.0371599,0.0
5.67875,0.00059023,0.150188,0.0501148,0.0
5.67947,0.000595757,0.150188,0.0501148,0.0
5.67911,0.000603495,0.0834376,0.0371599,0.0
5.67836,0.000575859,0.116813,0.0439783,0.0
5.67893,0.000590945,0.1335,0.0470465,0.0
5.67912,0.000595757,0.216938,0.0600014,0.0
5.67827,0.000570072,0.116813,0.0439783,0.0
5.67835,0.0006033,0.183563,0.0552285,0.0
5.67869,0.000575469,0.0834376,0.0371599,0.0
5.6798,0.000602129,0.150188,0.0501148,0.0
5.67922,0.000585028,0.1335,0.0470465,0.0
5.67813,0.000583597,0.1335,0.0470465,0.0
5.67724,0.000598423,0.0667501,0.0334099,0.0
5.67871,0.000598683,0.0834376,0.0371599,0.0
5.67871,0.000568251,0.0667501,0.0334099,0.0
5.67805,0.000569942,0.166875,0.0525012,0.0
5.67859,0.000571047,0.100125,0.04091,0.0
5.67931,0.000576379,0.0667501,0.0334099,0.0
5.67934,0.000596017,0.183563,0.0552285,0.0
5.67923,0.000608176,0.166875,0.057615,0.0
5.67831,0.00060538,0.116813,0.0439783,0.0
5.67825,0.000583142,0.100125,0.04091,0.0
5.67818,0.000582622,0.0667501,0.0334099,0.0
5.67921,0.000588084,0.150188,0.0501148,0.0
5.67877,0.000579435,0.0667501,0.0334099,0.0
5.67922,0.000589969,0.100125,0.04091,0.0
5.67912,0.000587564,0.0500626,0.0289779,0.0
5.6783,0.000601414,0.1335,0.0470465,0.0
5.67832,0.0005782,0.0667501,0.0334099,0.0
5.6791,0.000563699,0.0667501,0.0334099,0.0
5.67925,0.000583987,0.166875,0.0525012,0.0
5.67854,0.000586913,0.0834376,0.0371599,0.0
5.67775,0.000576769,0.0667501,0.0334099,0.0
5.67834,0.000578525,0.116813,0.0439783,0.0
5.67871,0.000588864,0.1335,0.0470465,0.0
5.67892,0.000596277,0.100125,0.04091,0.0
5.67961,0.000589189,0.100125,0.04091,0.0
5.67823,0.000579696,0.1335,0.0470465,0.0
5.67775,0.000571633,0.166875,0.0525012,0.0
5.67843,0.00057716,0.1335,0.0470465,0.0
5.67852,0.000573258,0.116813,0.0439783,0.0
5.67828,0.000582622,0.0834376,0.0371599,0.0
5.67857,0.0005782,0.0834376,0.0371599,0.0
5.67872,0.000571372,0.0667501,0.0334099,0.0
5.67844,0.000588474,0.100125,0.04091,0.0
5.67794,0.0005914,0.166875,0.0525012,0.0
5.67783,0.000561294,0.0500626,0.0289779,0.0
5.67822,0.00059218,0.150188,0.0501148,0.0
5.67859,0.000579696,0.0834376,0.0371599,0.0
5.67844,0.000596797,0.116813,0.0439783,0.0
5.67842,0.000584442,0.0834376,0.0371599,0.0
5.67755,0.000567276,0.0667501,0.0334099,0.0
5.67784,0.000566886,0.100125,0.04091,0.0
5.67741,0.000585028,0.0834376,0.0371599,0.0
5.67835,0.000595236,0.183563,0.0552285,0.0
5.67794,0.000635357,0.166875,0.0525012,0.0
5.67911,0.000576249,0.100125,0.04091,0.0
5.67878,0.000596407,0.116813,0.0439783,0.0
5.67913,0.00063048,0.250313,0.0644333,0.0
5.6785,0.000597317,0.0834376,0.0371599,0.0
5.67756,0.000581126,0.0834376,0.0371599,0.0
5.67792,0.000579826,0.1335,0.0470465,0.0
5.67869,0.000577095,0.0333751,0.0235233,0.0
5.67799,0.00056526,0.0834376,0.0371599,0.0
5.67871,0.00059088,0.100125,0.04091,0.0
5.6785,0.000590035,0.116813,0.0439783,0.0
5.67743,0.000580996,0.116813,0.0439783,0.0
5.67752,0.000579891,0.100125,0.04091,0.0
5.67866,0.000582622,0.116813,0.0439783,0.0
5.67827,0.000582101,0.0333751,0.0235233,0.0
5.67788,0.00057742,0.100125,0.04091,0.0
5.6789,0.000579435,0.116813,0.0439783,0.0
5.67905,0.000566431,0.0834376,0.0371599,0.0
5.67784,0.000593546,0.1335,0.0470465,0.0
5.67827,0.000593156,0.0834376,0.0371599,0.0
5.67846,0.000580476,0.0500626,0.0289779,0.0
5.67798,0.000557132,0.0500626,0.0289779,0.0
5.67877,0.000591205,0.1335,0.0470465,0.0
5.68006,0.000602389,0.0834376,0.0371599,0.0
5.67891,0.000606356,0.166875,0.0525012,0.0
5.67829,0.000589514,0.1335,0.0470465,0.0
5.67793,0.000579566,0.0333751,0.0235233,0.0
5.67906,0.00057898,0.0500626,0.0289779,0.0
5.67928,0.000607006,0.1335,0.0470465,0.0
5.67901,0.000593156,0.20025,0.057615,0.0
5.6781,0.0006033,0.116813,0.0439783,0.0
5.67844,0.000589644,0.166875,0.0525012,0.0
5.67893,0.000575534,0.150188,0.0501148,0.0
5.67912,0.000588344,0.150188,0.0501148,0.0
5.67786,0.000586848,0.0834376,0.0371599,0.0
5.67814,0.000588214,0.0500626,0.0289779,0.0
5.67877,0.00057898,0.100125,0.04091,0.0
5.679,0.000598943,0.166875,0.0525012,0.0
5.67864,0.000584377,0.0500626,0.0289779,0.0
5.67804,0.000584507,0.100125,0.0470465,0.0
5.67864,0.00060551,0.100125,0.04091,0.0
5.67885,0.000585418,0.0834376,0.0371599,0.0
5.6781,0.000583467,0.0834376,0.0371599,0.0
5.67815,0.000585808,0.166875,0.0525012,0.0
5.67883,0.000594781,0.116813,0.0439783,0.0
5.67811,0.000588149,0.116813,0.0439783,0.0
5.67884,0.0006165,0.166875,0.0525012,0.0
5.67956,0.000656685,0.150188,0.0501148,0.0
5.67919,0.000601739,0.1335,0.0470465,0.0
5.67821,0.000602259,0.166875,0.0525012,0.0
5.67755,0.00059192,0.1335,0.0470465,0.0
5.67745,0.000577485,0.0667501,0.0334099,0.0
5.67763,0.000574689,0.0333751,0.0235233,0.0
5.67907,0.000602324,0.183563,0.0552285,0.0
5.67896,0.000587303,0.116813,0.0439783,0.0
5.67834,0.000587238,0.0500626,0.0289779,0.0
5.67899,0.000602584,0.150188,0.0501148,0.0
5.6789,0.000584247,0.0500626,0.0289779,0.0
5.67864,0.000632821,0.166875,0.0525012,0.0
5.67894,0.00063009,0.0834376,0.0371599,0.0
5.67923,0.000572933,0.0667501,0.0334099,0.0
5.67876,0.00057937,0.100125,0.04091,0.0
5.67873,0.000559278,0.0834376,0.0371599,0.0
5.67813,0.000568186,0.0834376,0.0371599,0.0
5.67877,0.000582297,0.1335,0.0470465,0.0
5.67856,0.000584442,0.0834376,0.0371599,0.0
5.6778,0.000576444,0.116813,0.0439783,0.0
5.67761,0.00056591,0.0500626,0.0289779,0.0
5.67865,0.000571437,0.0333751,0.0235233,0.0
5.67877,0.000578005,0.0834376,0.0371599,0.0
5.67763,0.00056591,0.0834376,0.0371599,0.0
5.67772,0.000573973,0.0834376,0.0371599,0.0
5.67695,0.000565975,0.0166875,0.0167049,0.0
5.67774,0.00055232,0.0500626,0.0289779,0.0
5.67855,0.000572218,0.100125,0.04091,0.0
5.67857,0.000588409,0.183563,0.0552285,0.0
5.67871,0.000608111,0.116813,0.0439783,0.0
5.67937,0.000574689,0.1335,0.0470465,0.0
5.68009,0.000624563,0.250313,0.0644333,0.0
5.67996,0.000594521,0.100125,0.04091,0.0
5.67892,0.000601934,0.150188,0.0501148,0.0
5.67848,0.000611883,0.0834376,0.0371599,0.0
5.67864,0.000583987,0.100125,0.04091,0.0
5.67819,0.000561944,0.0667501,0.0334099,0.0
5.67857,0.000574103,0.150188,0.0501148,0.0
5.67954,0.000574624,0.0834376,0.0371599,0.0
5.67827,0.000586913,0.1335,0.0470465,0.0
5.67767,0.000582297,0.116813,0.0439783,0.0
5.67794,0.000584637,0.0667501,0.0334099,0.0
5.67816,0.000578135,0.0667501,0.0334099,0.0
5.67859,0.00056474,0.150188,0.0501148,0.0
5.67937,0.000593806,0.0834376,0.0371599,0.0
5.67814,0.000592896,0.150188,0.0501148,0.0
5.67847,0.000561424,0.0834376,0.0371599,0.0
5.67767,0.000576769,0.150188,0.0501148,0.0
5.67838,0.000598488,0.1335,0.0470465,0.0
5.67783,0.000573843,0.0667501,0.0334099,0.0
5.67737,0.000568446,0.116813,0.0439783,0.0
5.67881,0.000569292,0.0834376,0.0371599,0.0
5.67892,0.000569747,0.233625,0.0623878,0.0
5.67898,0.000580996,0.0834376,0.0371599,0.0
5.67861,0.000585093,0.0667501,0.0334099,0.0
5.67865,0.000570787,0.0333751,0.0235233,0.0
5.67878,0.000596212,0.1335,0.0470465,0.0
5.67796,0.000584767,0.0834376,0.0371599,0.0
5.67817,0.000572023,0.116813,0.0439783,0.0
5.6782,0.000569032,0.0333751,0.0235233,0.0
5.67851,0.000576509,0.116813,0.0439783,0.0
5.67909,0.00057807,0.183563,0.0552285,0.0
5.67861,0.000582817,0.0834376,0.0371599,0.0
5.67914,0.000556872,0.100125,0.04091,0.0
5.67928,0.000571242,0.150188,0.0501148,0.0
5.67847,0.000578915,0.0500626,0.0289779,0.0
5.67745,0.000595627,0.166875,0.0525012,0.0
5.67776,0.000575729,0.0834376,0.0371599,0.0
5.67782,0.000570917,0.0667501,0.0334099,0.0
5.67858,0.00059075,0.1335,0.0470465,0.0
5.67892,0.000609737,0.1335,0.0470465,0.0
5.67884,0.00059244,0.0500626,0.0289779,0.0
5.67793,0.000566431,0.0667501,0.0334099,0.0
5.67768,0.000597382,0.166875,0.0525012,0.0
5.67883,0.000622352,0.183563,0.0600014,0.0
5.67791,0.000594326,0.116813,0.0439783,0.0
5.67706,0.000582036,0.100125,0.04091,0.0
5.6774,0.000598098,0.100125,0.04091,0.0
5.67914,0.000582752,0.150188,0.0501148,0.0
5.67799,0.000582492,0.100125,0.04091,0.0
5.6788,0.000567471,0.116813,0.0439783,0.0
5.67833,0.000581126,0.0667501,0.0334099,0.0
5.67814,0.000567731,0.116813,0.0439783,0.0
5.67859,0.000595497,0.0834376,0.0371599,0.0
5.67889,0.000588084,0.150188,0.0501148,0.0
5.67884,0.000580281,0.116813,0.0439783,0.0
5.67819,0.000569682,0.0667501,0.0334099,0.0
5.67813,0.00057911,0.0834376,0.0371599,0.0
5.67934,0.000614159,0.166875,0.0525012,0.0
5.67861,0.0005914,0.116813,0.0439783,0.0
5.67928,0.000599853,0.150188,0.0501148,0.0
5.67862,0.000599203,0.100125,0.04091,0.0
5.67869,0.000571307,0.116813,0.0439783,0.0
5.67907,0.000581906,0.100125,0.04091,0.0
5.67893,0.0005795,0.0667501,0.0334099,0.0
5.67845,0.000585808,0.166875,0.0525012,0.0
5.67937,0.000571437,0.0667501,0.0334099,0.0
5.6786,0.000601739,0.166875,0.0525012,0.0
5.6782,0.000593806,0.150188,0.0501148,0.0
5.67909,0.000582232,0.0667501,0.0334099,0.0
5.67874,0.000585938,0.100125,0.04091,0.0
5.67922,0.000583077,0.0834376,0.0371599,0.0
5.67906,0.000601674,0.0834376,0.0371599,0.0
5.67864,0.0005795,0.100125,0.04091,0.0
5.67849,0.000596017,0.0834376,0.0371599,0.0
5.67808,0.000578525,0.0834376,0.0371599,0.0
5.67853,0.000590815,0.116813,0.0439783,0.0
5.67852,0.000596407,0.1335,0.0470465,0.0
5.67858,0.000595041,0.116813,0.0439783,0.0
5.67907,0.000577745,0.0834376,0.0371599,0.0
5.67808,0.00057833,0.0834376,0.0371599,0.0
5.67811,0.000582752,0.183563,0.0552285,0.0
5.67872,0.000588019,0.0667501,0.0334099,0.0
5.67782,0.00059218,0.1335,0.0470465,0.0
5.67817,0.00059023,0.0834376,0.0371599,0.0
5.67824,0.00057846,0.0834376,0.0371599,0.0
5.67882,0.000583402,0.116813,0.0439783,0.0
5.67888,0.000589774,0.1335,0.0470465,0.0
5.67911,0.000588799,0.116813,0.0439783,0.0
5.67885,0.000560968,0.0500626,0.0289779,0.0
5.67862,0.000576704,0.100125,0.04091,0.0
5.6777,0.000576379,0.100125,0.04091,0.0
5.67819,0.000570007,0.150188,0.0501148,0.0
5.67913,0.00057846,0.100125,0.04091,0.0
5.67897,0.000580281,0.0834376,0.0371599,0.0
5.67847,0.00059192,0.150188,0.0501148,0.0
5.67857,0.000572088,0.0834376,0.0371599,0.0
5.67787,0.000585483,0.100125,0.04091,0.0
5.6781,0.000586588,0.0834376,0.0371599,0.0
5.67891,0.000573128,0.0500626,0.0289779,0.0
5.67905,0.000576379,0.183563,0.0552285,0.0
5.67935,0.0006046,0.1335,0.0470465,0.0
5.67899,0.000600048,0.100125,0.04091,0.0
5.67883,0.000609282,0.150188,0.0501148,0.0
5.67862,0.000608892,0.1335,0.0470465,0.0
5.67875,0.000594001,0.0834376,0.0371599,0.0
5.67799,0.000575729,0.0834376,0.0371599,0.0
5.67891,0.000582297,0.0667501,0.0334099,0.0
5.67874,0.000593806,0.116813,0.0439783,0.0
5.67859,0.000600308,0.166875,0.0525012,0.0
5.67955,0.000578525,0.116813,0.0439783,0.0
5.67915,0.000601284,0.150188,0.0501148,0.0
5.67878,0.000594131,0.150188,0.0501148,0.0
5.6786,0.000610127,0.166875,0.0525012,0.0
5.67887,0.000607201,0.0667501,0.0334099,0.0
5.67815,0.000593156,0.116813,0.0439783,0.0
5.6784,0.000596212,0.1335,0.0470465,0.0
5.67889,0.000584833,0.1335,0.0470465,0.0
5.6784,0.00059192,0.1335,0.0470465,0.0
5.67883,0.000581711,0.1335,0.0470465,0.0
5.67871,0.000597968,0.1335,0.0470465,0.0
5.67801,0.000590295,0.0500626,0.0289779,0.0
5.67802,0.000600829,0.1335,0.0470465,0.0
5.67836,0.00059179,0.0667501,0.0334099,0.0
5.67799,0.000569162,0.183563,0.0552285,0.0
5.6781,0.000587043,0.0834376,0.0371599,0.0
5.67842,0.000566235,0.0333751,0.0235233,0.0
5.67828,0.000562009,0.0667501,0.0334099,0.0
5.67801,0.000578135,0.100125,0.04091,0.0
5.67682,0.000566105,0.0667501,0.0334099,0.0
5.67771,0.000577485,0.150188,0.0501148,0.0
5.67946,0.000585678,0.116813,0.0439783,0.0
5.67814,0.00060382,0.116813,0.0439783,0.0
5.67823,0.000584247,0.150188,0.0501148,0.0
5.67903,0.000593481,0.150188,0.0501148,0.0
5.67869,0.000576965,0.116813,0.0439783,0.0
5.67854,0.000596602,0.100125,0.04091,0.0
5.67831,0.000605445,0.100125,0.04091,0.0
5.67801,0.000601284,0.0667501,0.0334099,0.0
5.67813,0.000588214,0.0333751,0.0235233,0.0
5.67831,0.000554076,0.100125,0.04091,0.0
5.67857,0.000563374,0.100125,0.04091,0.0
5.67852,0.000572933,0.0667501,0.0334099,0.0
5.67789,0.000573323,0.0667501,0.0334099,0.0
5.67727,0.000556807,0.0,0.0,0.0
5.67746,0.000575404,0.116813,0.0439783,0.0
5.6771,0.000581711,0.0834376,0.0371599,0.0
5.67768,0.000583272,0.1335,0.0470465,0.0
5.67809,0.000572608,0.150188,0.0501148,0.0
5.6772,0.000584637,0.116813,0.0439783,0.0
5.67771,0.000584833,0.0667501,0.0334099,0.0
5.67799,0.000561229,0.0500626,0.0289779,0.0
5.67795,0.000575404,0.166875,0.0525012,0.0
5.67896,0.000572348,0.100125,0.04091,0.0
5.67828,0.000592896,0.100125,0.04091,0.0
5.67776,0.000595497,0.0667501,0.0334099,0.0
5.67882,0.000580021,0.166875,0.0525012,0.0
5.67881,0.000580086,0.116813,0.0439783,0.0
5.67854,0.000577095,0.116813,0.0439783,0.0
5.67866,0.000569877,0.0834376,0.0371599,0.0
5.67802,0.000578915,0.0500626,0.0289779,0.0
5.67882,0.000571112,0.116813,0.0439783,0.0
5.67941,0.000589644,0.116813,0.0439783,0.0
5.67933,0.000576509,0.116813,0.0439783,0.0
5.67887,0.000589254,0.0667501,0.0334099,0.0
5.67886,0.000587954,0.100125,0.04091,0.0
5.67857,0.00057703,0.0834376,0.0371599,0.0
5.67889,0.000571437,0.1335,0.0470465,0.0
5.679,0.00059257,0.0500626,0.0289779,0.0
5.67857,0.000573778,0.100125,0.04091,0.0
5.67831,0.000570072,0.0500626,0.0289779,0.0
5.67911,0.000572933,0.116813,0.0439783,0.0
5.67804,0.00060421,0.20025,0.057615,0.0
5.6778,0.000585743,0.0834376,0.0371599,0.0
5.67763,0.000597837,0.150188,0.0501148,0.0
5.67933,0.000569747,0.0834376,0.0371599,0.0
5.67836,0.000575989,0.0834376,0.0371599,0.0
5.67766,0.000584182,0.1335,0.0470465,0.0
5.67807,0.000573193,0.1335,0.0470465,0.0
5.67863,0.00059244,0.116813,0.0439783,0.0
5.67846,0.000574884,0.0834376,0.0371599,0.0
5.67799,0.000608762,0.150188,0.0501148,0.0
5.67992,0.000608567,0.116813,0.0439783,0.0
5.67908,0.000604145,0.116813,0.0439783,0.0
5.67823,0.000598228,0.183563,0.0552285,0.0
5.67895,0.00059153,0.0834376,0.0371599,0.0
5.67908,0.000591335,0.150188,0.0501148,0.0
5.67803,0.000586783,0.116813,0.0439783,0.0
5.67836,0.000588474,0.116813,0.0439783,0.0
5.67886,0.00059218,0.166875,0.0525012,0.0
5.67887,0.000607071,0.183563,0.0552285,0.0
5.67861,0.000599918,0.166875,0.0525012,0.0
5.67771,0.000606811,0.0667501,0.0334099,0.0
5.67675,0.000582752,0.0667501,0.0334099,0.0
5.67842,0.000583272,0.116813,0.0439783,0.0
5.67929,0.000590295,0.0834376,0.0371599,0.0
5.67865,0.000581646,0.1335,0.0470465,0.0
5.6776,0.000589969,0.100125,0.04091,0.0
5.67838,0.000612663,0.166875,0.0525012,0.0
5.67959,0.00056513,0.0667501,0.0334099,0.0
5.67913,0.000588669,0.100125,0.04091,0.0
5.67855,0.000603885,0.216938,0.0600014,0.0
5.67869,0.000625408,0.100125,0.04091,0.0
5.67916,0.000571437,0.0834376,0.0371599,0.0
5.67927,0.000589254,0.1335,0.0470465,0.0
5.67841,0.000575599,0.0667501,0.0334099,0.0
5.67878,0.000580086,0.116813,0.0439783,0.0
5.67917,0.000575079,0.0333751,0.0235233,0.0
5.67922,0.000565065,0.0667501,0.0334099,0.0
5.67788,0.000567146,0.0500626,0.0289779,0.0
5.67853,0.000568316,0.150188,0.0501148,0.0
5.67892,0.000592375,0.216938,0.0600014,0.0
5.67832,0.000578785,0.0834376,0.0371599,0.0
5.6785,0.000569877,0.0,0.0,0.0
5.67826,0.000574494,0.0834376,0.0371599,0.0
5.67875,0.000595627,0.150188,0.0501148,0.0
5.67854,0.000579696,0.0834376,0.0371599,0.0
5.67855,0.000573713,0.100125,0.04091,0.0
5.67941,0.000578915,0.150188,0.0501148,0.0
5.67839,0.000566626,0.0834376,0.0371599,0.0
5.67744,0.00057846,0.150188,0.0501148,0.0
5.678,0.000562659,0.0834376,0.0371599,0.0
5.67902,0.000594131,0.233625,0.0623878,0.0
5.67904,0.000623587,0.166875,0.0525012,0.0
5.67916,0.000589189,0.100125,0.04091,0.0
5.67847,0.000585678,0.150188,0.0501148,0.0
5.67826,0.000604665,0.150188,0.0501148,0.0
5.67876,0.000596082,0.183563,0.0552285,0.0
5.67872,0.000555051,0.0333751,0.0235233,0.0
5.67887,0.000579956,0.1335,0.0470465,0.0
5.67913,0.00059036,0.0834376,0.0371599,0.0
5.67832,0.000567731,0.0500626,0.0289779,0.0
5.67781,0.000589969,0.100125,0.04091,0.0
5.67818,0.000589644,0.0834376,0.0371599,0.0
5.67864,0.000586718,0.0834376,0.0371599,0.0
5.67881,0.000582947,0.166875,0.0525012,0.0
5.67896,0.000583272,0.0333751,0.0235233,0.0
5.67906,0.000581191,0.0834376,0.0371599,0.0
5.6794,0.000602389,0.166875,0.0525012,0.0
5.67907,0.000573193,0.100125,0.04091,0.0
5.67819,0.000556612,0.0500626,0.0289779,0.0
5.67857,0.000549134,0.100125,0.04091,0.0
5.67903,0.000574884,0.116813,0.0439783,0.0
5.67888,0.000582297,0.150188,0.0501148,0.0
5.6778,0.000623522,0.20025,0.057615,0.0
5.67785,0.00060356,0.116813,0.0439783,0.0
5.67831,0.000559018,0.116813,0.0439783,0.0
5.67746,0.000574624,0.0333751,0.0235233,0.0
5.67927,0.000599138,0.166875,0.0525012,0.0
5.679,0.000597252,0.116813,0.0439783,0.0
5.67797,0.000589839,0.116813,0.0439783,0.0
5.67854,0.000574949,0.0667501,0.0334099,0.0
5.67816,0.000584052,0.0667501,0.0334099,0.0
5.67769,0.000582882,0.100125,0.04091,0.0
5.67869,0.000624303,0.100125,0.04091,0.0
5.67886,0.000574819,0.0333751,0.0235233,0.0
5.67911,0.00060343,0.1335,0.0470465,0.0
5.67998,0.000604795,0.183563,0.0552285,0.0
5.67845,0.000586198,0.150188,0.0501148,0.0
5.67859,0.000576249,0.0834376,0.0371599,0.0
5.67789,0.000592896,0.100125,0.04091,0.0
5.67808,0.000605836,0.116813,0.0439783,0.0
5.67919,0.000582362,0.0834376,0.0371599,0.0
5.67866,0.000608241,0.166875,0.0525012,0.0
5.67765,0.000609932,0.100125,0.04091,0.0
5.67808,0.000589644,0.100125,0.04091,0.0
5.67858,0.000574884,0.116813,0.0439783,0.0
5.67884,0.000589514,0.100125,0.04091,0.0
5.67802,0.000568706,0.0834376,0.0371599,0.0
5.67768,0.000558107,0.0333751,0.0235233,0.0
5.67751,0.000555181,0.0667501,0.0334099,0.0
5.67741,0.000563895,0.100125,0.04091,0.0
5.67824,0.000589709,0.100125,0.04091,0.0
5.67869,0.000573778,0.116813,0.0439783,0.0
5.67836,0.00059231,0.0667501,0.0334099,0.0
5.67778,0.000579435,0.0834376,0.0371599,0.0
5.67839,0.000577225,0.1335,0.0470465,0.0
5.67847,0.000570592,0.0834376,0.0371599,0.0
5.67792,0.000610387,0.1335,0.0470465,0.0
5.67883,0.000565845,0.0834376,0.0371599,0.0
5.678,0.000599008,0.150188,0.0501148,0.0
5.67801,0.000572738,0.0834376,0.0371599,0.0
5.67786,0.000567731,0.116813,0.0439783,0.0
5.6789,0.000577355,0.0667501,0.0334099,0.0
5.67843,0.000572608,0.100125,0.04091,0.0
5.67779,0.000577095,0.0834376,0.0371599,0.0
5.67867,0.000594326,0.150188,0.0501148,0.0
5.67948,0.000587173,0.100125,0.04091,0.0
5.67838,0.000581646,0.100125,0.04091,0.0
5.67806,0.000612078,0.150188,0.0501148,0.0
5.67854,0.000589449,0.0333751,0.0235233,0.0
5.67819,0.000608502,0.183563,0.0552285,0.0
5.6785,0.000600829,0.0834376,0.0371599,0.0
5.67907,0.00059192,0.100125,0.04091,0.0
5.67886,0.00057898,0.0834376,0.0371599,0.0
5.67809,0.000572478,0.0834376,0.0371599,0.0
5.67786,0.00060356,0.100125,0.04091,0.0
5.6778,0.000588214,0.0333751,0.0235233,0.0
5.67778,0.000579826,0.166875,0.0525012,0.0
5.67846,0.000603755,0.116813,0.0439783,0.0
5.67896,0.000610777,0.150188,0.0501148,0.0
5.67888,0.000608502,0.1335,0.0470465,0.0
5.67776,0.000585028,0.0667501,0.0334099,0.0
5.67775,0.000554076,0.0500626,0.0289779,0.0
5.6783,0.000567536,0.100125,0.04091,0.0
5.6781,0.000569357,0.0333751,0.0235233,0.0
5.67863,0.000574559,0.0667501,0.0334099,0.0
5.678,0.000587824,0.0834376,0.0371599,0.0
5.67854,0.000586263,0.1335,0.0528421,0.0
5.6795,0.000608567,0.150188,0.0501148,0.0
5.67828,0.000589969,0.0667501,0.0334099,0.0
5.67768,0.000578135,0.100125,0.04091,0.0
5.67894,0.000581711,0.0333751,0.0235233,0.0
5.67845,0.000580086,0.100125,0.04091,0.0
5.67757,0.000563895,0.100125,0.04091,0.0
5.67843,0.000594326,0.0667501,0.0334099,0.0
5.67838,0.000600113,0.100125,0.04091,0.0
5.67781,0.000596342,0.166875,0.0525012,0.0
5.67857,0.000599853,0.1335,0.0470465,0.0
5.67901,0.000613638,0.166875,0.0525012,0.0
5.67837,0.000620271,0.183563,0.0552285,0.0
5.67754,0.000575794,0.0667501,0.0334099,0.0
5.67806,0.000574884,0.150188,0.0501148,0.0
5.67871,0.000597837,0.116813,0.0439783,0.0
5.6788,0.000586653,0.100125,0.04091,0.0
5.67843,0.000589969,0.100125,0.04091,0.0
5.67695,0.000568186,0.0667501,0.0334099,0.0
5.67803,0.000586783,0.166875,0.0525012,0.0
5.67852,0.000595952,0.116813,0.0439783,0.0
5.67836,0.00060434,0.100125,0.04091,0.0
5.67827,0.000576314,0.0834376,0.0371599,0.0
5.6783,0.000579761,0.150188,0.0501148,0.0
5.67797,0.000568641,0.100125,0.04091,0.0
5.67844,0.00059114,0.150188,0.0501148,0.0
5.67882,0.000609867,0.1335,0.0470465,0.0
5.67891,0.00059231,0.100125,0.04091,0.0
5.67945,0.000570462,0.150188,0.0501148,0.0
5.67929,0.000560253,0.166875,0.0525012,0.0
5.67871,0.000575989,0.116813,0.0439783,0.0
5.67747,0.00059062,0.0667501,0.0334099,0.0
5.67848,0.000572478,0.0500626,0.0289779,0.0
5.67836,0.000580541,0.166875,0.0525012,0.0
5.6781,0.000586978,0.100125,0.04091,0.0
5.67771,0.000580866,0.150188,0.0501148,0.0
5.67904,0.000583337,0.100125,0.04091,0.0
5.67797,0.000575664,0.100125,0.04091,0.0
5.67846,0.00057794,0.0834376,0.0371599,0.0
5.67887,0.00059023,0.116813,0.0439783,0.0
5.67871,0.000576054,0.166875,0.0525012,0.0
5.67855,0.000565195,0.116813,0.0439783,0.0
5.67821,0.000601024,0.100125,0.04091,0.0
5.67772,0.000595367,0.116813,0.0439783,0.0
5.67804,0.00059075,0.0667501,0.0334099,0.0
5.67852,0.000587564,0.100125,0.04091,0.0
5.67886,0.000586978,0.0667501,0.0334099,0.0
5.67926,0.000572088,0.100125,0.04091,0.0
5.67835,0.000572023,0.100125,0.04091,0.0
5.67741,0.000589774,0.150188,0.0501148,0.0
5.6781,0.000573518,0.0500626,0.0289779,0.0
5.67823,0.000558042,0.0667501,0.0334099,0.0
5.67825,0.000583597,0.150188,0.0501148,0.0
5.67883,0.00057768,0.0834376,0.0371599,0.0
5.67898,0.000591205,0.116813,0.0439783,0.0
5.67781,0.000578135,0.0834376,0.0371599,0.0
5.6778,0.000570462,0.0667501,0.0334099,0.0
5.67728,0.000586328,0.0500626,0.0289779,0.0
5.67736,0.000563049,0.0500626,0.0289779,0.0
5.67871,0.000551605,0.0667501,0.0334099,0.0
5.67866,0.000566626,0.0667501,0.0334099,0.0
5.6776,0.000574949,0.116813,0.0439783,0.0
5.67916,0.000589644,0.0667501,0.0334099,0.0
5.67879,0.000580996,0.0667501,0.0334099,0.0
5.67835,0.000594196,0.116813,0.0439783,0.0
5.67842,0.000574494,0.0500626,0.0289779,0.0
5.67778,0.000576249,0.0834376,0.0371599,0.0
5.67889,0.000592766,0.166875,0.0525012,0.0
5.67893,0.000597187,0.150188,0.0501148,0.0
5.67787,0.000604795,0.1335,0.0470465,0.0
5.67764,0.000611428,0.0667501,0.0334099,0.0
5.67812,0.000574103,0.100125,0.04091,0.0
5.67824,0.000608502,0.166875,0.0525012,0.0
5.67905,0.000608632,0.0667501,0.0334099,0.0
5.67868,0.000586263,0.1335,0.0470465,0.0
5.67809,0.000587889,0.183563,0.0552285,0.0
5.67816,0.000586523,0.0667501,0.0334099,0.0
5.67709,0.000582752,0.166875,0.0525012,0.0
5.67758,0.000580866,0.0834376,0.0371599,0.0
5.67752,0.000569682,0.116813,0.0439783,0.0
5.67782,0.000579566,0.1335,0.0470465,0.0
5.67821,0.000583922,0.150188,0.0501148,0.0
5.67835,0.000592635,0.100125,0.04091,0.0
5.67832,0.000596212,0.100125,0.04091,0.0
5.67864,0.000601479,0.150188,0.0501148,0.0
5.67852,0.000594651,0.166875,0.0525012,0.0
5.67869,0.000588409,0.0834376,0.0371599,0.0
5.67885,0.0005782,0.0667501,0.0334099,0.0
5.67792,0.000579891,0.0834376,0.0371599,0.0
5.67891,0.000621181,0.20025,0.057615,0.0
5.67829,0.000578525,0.0667501,0.0334099,0.0
5.67905,0.000564415,0.150188,0.0501148,0.0
5.6794,0.000580346,0.0667501,0.0334099,0.0
5.67867,0.000576444,0.116813,0.0439783,0.0
5.67879,0.000574168,0.100125,0.04091,0.0
5.67934,0.000582492,0.116813,0.0439783,0.0
5.67875,0.000580866,0.0667501,0.0334099,0.0
5.67865,0.000583532,0.0333751,0.0235233,0.0
5.67956,0.000577355,0.0500626,0.0289779,0.0
5.67824,0.00057807,0.0834376,0.0371599,0.0
5.67789,0.000583012,0.150188,0.0501148,0.0
5.67807,0.000575144,0.0333751,0.0235233,0.0
5.67773,0.000573388,0.116813,0.0439783,0.0
5.67737,0.000584833,0.150188,0.0501148,0.0
5.67888,0.000578785,0.0834376,0.0371599,0.0
5.67903,0.00057937,0.166875,0.0525012,0.0
5.6773,0.000562074,0.0834376,0.0371599,0.0
5.67743,0.000571372,0.0500626,0.0289779,0.0
5.67832,0.00059036,0.0667501,0.0334099,0.0
5.67791,0.000588409,0.116813,0.0439783,0.0
5.67781,0.000582622,0.116813,0.0439783,0.0
5.67885,0.000587368,0.116813,0.0439783,0.0
5.67845,0.000597122,0.116813,0.0439783,0.0
5.67828,0.000594911,0.0834376,0.0371599,0.0
5.67899,0.000605185,0.100125,0.04091,0.0
5.67876,0.000598943,0.116813,0.0439783,0.0
5.67798,0.000579305,0.0834376,0.0371599,0.0
5.67816,0.000584442,0.0834376,0.0371599,0.0
5.67936,0.000604795,0.0834376,0.0371599,0.0
5.67897,0.000593741,0.116813,0.0439783,0.0
5.67801,0.000600894,0.216938,0.0644333,0.0
5.67869,0.000598813,0.100125,0.04091,0.0
5.67833,0.000592961,0.0834376,0.0371599,0.0
5.67787,0.00057911,0.0667501,0.0334099,0.0
5.67743,0.000583987,0.0834376,0.0371599,0.0
5.67834,0.000581451,0.150188,0.0501148,0.0
5.67885,0.000586003,0.0834376,0.0371599,0.0
5.67843,0.000607526,0.0667501,0.0334099,0.0
5.67763,0.000584377,0.0667501,0.0334099,0.0
5.67776,0.000560383,0.0834376,0.0371599,0.0
5.67828,0.000609022,0.1335,0.0470465,0.0
5.67878,0.000592635,0.1335,0.0470465,0.0
5.67851,0.000588474,0.0667501,0.0334099,0.0
5.67875,0.00057716,0.0834376,0.0371599,0.0
5.67819,0.000576379,0.100125,0.04091,0.0
5.67831,0.000571177,0.116813,0.0439783,0.0
5.67813,0.000576054,0.1335,0.0470465,0.0
5.67865,0.000613704,0.1335,0.0470465,0.0
5.67785,0.000593286,0.0834376,0.0371599,0.0
5.67809,0.000607201,0.166875,0.0525012,0.0
5.67824,0.000579631,0.0500626,0.0289779,0.0
5.67854,0.000594716,0.1335,0.0470465,0.0
5.67769,0.000586783,0.116813,0.0439783,0.0
5.67738,0.000540746,0.0166875,0.0167049,0.0
5.67812,0.000582167,0.100125,0.04091,0.0
5.67885,0.000592766,0.100125,0.04091,0.0
5.67884,0.000589254,0.100125,0.04091,0.0
5.67867,0.000612403,0.150188,0.0501148,0.0
5.67887,0.000604535,0.1335,0.0470465,0.0
5.6788,0.000581776,0.0667501,0.0334099,0.0
5.67824,0.00057833,0.100125,0.04091,0.0
5.67838,0.000595757,0.150188,0.0501148,0.0
5.67881,0.000610647,0.1335,0.0470465,0.0
5.67736,0.000560448,0.0500626,0.0289779,0.0
5.67772,0.000570137,0.0667501,0.0334099,0.0
5.67907,0.000584312,0.1335,0.0470465,0.0
5.67768,0.000581256,0.150188,0.0552285,0.0
5.67752,0.000595757,0.166875,0.0525012,0.0
5.67931,0.000575599,0.0834376,0.0371599,0.0
5.67913,0.000580801,0.0834376,0.0371599,0.0
5.67747,0.000585223,0.0500626,0.0289779,0.0
5.67825,0.000591985,0.100125,0.04091,0.0
5.67833,0.00057872,0.0834376,0.0371599,0.0
5.67772,0.000559343,0.0,0.0,0.0
5.67851,0.000574168,0.0333751,0.0235233,0.0
5.67882,0.000576834,0.183563,0.0552285,0.0
5.6781,0.000599853,0.116813,0.0439783,0.0
5.67905,0.000600243,0.166875,0.0525012,0.0
5.67867,0.000595236,0.0667501,0.0334099,0.0
5.6779,0.000571567,0.116813,0.0439783,0.0
5.67805,0.000558172,0.0834376,0.0371599,0.0
5.67829,0.000567406,0.0834376,0.0371599,0.0
5.67837,0.000588864,0.100125,0.04091,0.0
5.67814,0.000582036,0.0834376,0.0371599,0.0
5.67848,0.000563049,0.0333751,0.0235233,0.0
5.67868,0.00057781,0.150188,0.0501148,0.0
5.67913,0.000586653,0.116813,0.0439783,0.0
5.67881,0.000599008,0.150188,0.0501148,0.0
5.67922,0.000582167,0.1335,0.0470465,0.0
5.67882,0.000589124,0.0834376,0.0371599,0.0
5.67903,0.000593741,0.0834376,0.0371599,0.0
5.67904,0.000563309,0.0500626,0.0289779,0.0
5.67903,0.000594066,0.150188,0.0501148,0.0
5.67873,0.000591855,0.116813,0.0439783,0.0
5.67847,0.00059075,0.0500626,0.0289779,0.0
5.67779,0.000570007,0.0667501,0.0334099,0.0
5.67778,0.000592766,0.0500626,0.0289779,0.0
5.67902,0.000577485,0.100125,0.04091,0.0
5.67871,0.000576314,0.116813,0.0439783,0.0
5.67793,0.00057924,0.100125,0.04091,0.0
5.67898,0.000583662,0.100125,0.04091,0.0
5.67929,0.000595692,0.0667501,0.0334099,0.0
5.67812,0.000606811,0.166875,0.0525012,0.0
5.67851,0.000587759,0.116813,0.0439783,0.0
5.67852,0.000606551,0.0834376,0.0371599,0.0
5.67804,0.000595887,0.20025,0.057615,0.0
5.67948,0.000586718,0.100125,0.04091,0.0
5.67953,0.000589774,0.183563,0.0552285,0.0
5.67883,0.000594651,0.0667501,0.0334099,0.0
5.67841,0.000583662,0.100125,0.04091,0.0
5.67771,0.000585418,0.166875,0.0525012,0.0
5.67889,0.00060356,0.1335,0.0470465,0.0
5.67803,0.000581061,0.116813,0.0439783,0.0
5.67814,0.00057768,0.150188,0.0501148,0.0
5.67861,0.000562919,0.0667501,0.0334099,0.0
5.67883,0.000600373,0.1335,0.0470465,0.0
5.6787,0.00059049,0.116813,0.0439783,0.0
5.67846,0.000570072,0.0834376,0.0371599,0.0
5.67857,0.000580216,0.0667501,0.0334099,0.0
5.678,0.000584898,0.0667501,0.0334099,0.0
5.67836,0.000555962,0.0834376,0.0371599,0.0
5.67816,0.000601934,0.1335,0.0470465,0.0
5.67782,0.000568901,0.0500626,0.0289779,0.0
5.67778,0.00057794,0.1335,0.0470465,0.0
5.67829,0.000565975,0.0834376,0.0371599,0.0
5.67809,0.000560968,0.0166875,0.0167049,0.0
5.67834,0.000559343,0.0667501,0.0334099,0.0
5.67903,0.0005531,0.0834376,0.0371599,0.0
5.67813,0.000583597,0.116813,0.0439783,0.0
5.67766,0.000590165,0.116813,0.0439783,0.0
5.67867,0.00059075,0.1335,0.0470465,0.0
5.67958,0.000601414,0.166875,0.0525012,0.0
5.67908,0.000597642,0.116813,0.0439783,0.0
5.67902,0.000612793,0.183563,0.0552285,0.0
5.67947,0.000605575,0.183563,0.0552285,0.0
5.67921,0.000599528,0.0667501,0.0334099,0.0
5.67882,0.00057898,0.0667501,0.0334099,0.0
5.679,0.000586588,0.116813,0.0439783,0.0
5.67917,0.000565065,0.0667501,0.0334099,0.0
5.67857,0.000587434,0.100125,0.04091,0.0
5.67851,0.000589839,0.116813,0.0439783,0.0
5.67871,0.000580151,0.0667501,0.0334099,0.0
5.67913,0.000576834,0.116813,0.0439783,0.0
5.67901,0.000576184,0.0834376,0.0371599,0.0
5.67899,0.000580606,0.100125,0.04091,0.0
5.6787,0.00059127,0.100125,0.04091,0.0
5.67906,0.00057924,0.116813,0.0439783,0.0
5.67772,0.000576249,0.0667501,0.0334099,0.0
5.67814,0.000570787,0.0333751,0.0235233,0.0
5.67791,0.00056461,0.0500626,0.0289779,0.0
5.67876,0.000593611,0.1335,0.0470465,0.0
5.67834,0.000586263,0.150188,0.0501148,0.0
5.67849,0.000589059,0.116813,0.0439783,0.0
5.6782,0.000573323,0.0500626,0.0289779,0.0
5.67824,0.000561424,0.0166875,0.0167049,0.0
5.6784,0.000594781,0.166875,0.0525012,0.0
5.67789,0.000582947,0.0667501,0.0334099,0.0
5.67785,0.000600308,0.166875,0.0525012,0.0
5.67882,0.000582557,0.0834376,0.0371599,0.0
5.67785,0.000586848,0.0834376,0.0371599,0.0
5.67797,0.000556612,0.0667501,0.0334099,0.0
5.67918,0.0005782,0.116813,0.0439783,0.0
5.67828,0.000586978,0.1335,0.0470465,0.0
5.67735,0.000611168,0.20025,0.057615,0.0
5.67798,0.000603755,0.150188,0.0501148,0.0
5.67758,0.000603104,0.0333751,0.0235233,0.0
5.67777,0.000569292,0.100125,0.04091,0.0
5.67864,0.000593741,0.100125,0.04091,0.0
5.67824,0.000579631,0.0667501,0.0334099,0.0
5.67857,0.0006165,0.150188,0.0501148,0.0
5.67881,0.000588344,0.0667501,0.0334099,0.0
5.67806,0.000576379,0.100125,0.04091,0.0
5.67793,0.000577095,0.100125,0.04091,0.0
5.67855,0.000566561,0.0500626,0.0289779,0.0
5.67829,0.000562724,0.100125,0.04091,0.0
5.67845,0.0005914,0.0834376,0.0371599,0.0
5.67824,0.000573518,0.0500626,0.0289779,0.0
5.67808,0.000567926,0.0500626,0.0289779,0.0
5.67888,0.000564155,0.0667501,0.0334099,0.0
5.67877,0.000570072,0.0667501,0.0334099,0.0
5.67902,0.000583792,0.150188,0.0501148,0.0
5.67884,0.000596927,0.1335,0.0470465,0.0
5.67911,0.000581386,0.1335,0.0470465,0.0
5.67966,0.000610127,0.150188,0.0501148,0.0
5.67821,0.000584442,0.0834376,0.0371599,0.0
5.67781,0.000583467,0.100125,0.04091,0.0
5.67843,0.000575859,0.0667501,0.0334099,0.0
5.67859,0.000582817,0.0834376,0.0371599,0.0
5.67854,0.000572348,0.0667501,0.0334099,0.0
5.67825,0.00057768,0.100125,0.04091,0.0
5.67768,0.000580671,0.0834376,0.0371599,0.0
5.6778,0.000571502,0.0834376,0.0371599,0.0
5.6781,0.000579696,0.116813,0.0439783,0.0
5.67878,0.000566691,0.0667501,0.0334099,0.0
5.67895,0.000557977,0.0834376,0.0371599,0.0
5.67772,0.000566821,0.0500626,0.0289779,0.0
5.67822,0.000578265,0.100125,0.04091,0.0
5.67775,0.000578785,0.1335,0.0470465,0.0
5.67863,0.000576184,0.116813,0.0439783,0.0
5.6793,0.000582687,0.100125,0.04091,0.0
5.67864,0.000597837,0.1335,0.0470465,0.0
5.67924,0.00061741,0.116813,0.0439783,0.0
5.67931,0.000586458,0.100125,0.04091,0.0
5.67849,0.000598943,0.100125,0.04091,0.0
5.67866,0.000579761,0.100125,0.04091,0.0
5.6786,0.000579305,0.100125,0.04091,0.0
5.67769,0.000572218,0.100125,0.04091,0.0
5.67799,0.000572998,0.0834376,0.0371599,0.0
5.67927,0.000599788,0.183563,0.0552285,0.0
5.67824,0.000559213,0.0500626,0.0289779,0.0
5.67838,0.000584637,0.166875,0.0525012,0.0
5.67908,0.00059218,0.116813,0.0439783,0.0
5.67956,0.000602194,0.233625,0.0623878,0.0
5.67847,0.00059192,0.0500626,0.0289779,0.0
5.67849,0.000588994,0.0834376,0.0371599,0.0
5.67786,0.000573258,0.100125,0.04091,0.0
5.6772,0.000582687,0.0500626,0.0289779,0.0
5.67787,0.000581126,0.100125,0.04091,0.0
5.67799,0.000592831,0.1335,0.0470465,0.0
5.67882,0.000580996,0.116813,0.0439783,0.0
5.67884,0.000587108,0.0834376,0.0371599,0.0
5.67918,0.000581776,0.150188,0.0501148,0.0
5.67891,0.000583402,0.0667501,0.0334099,0.0
5.67813,0.000606811,0.1335,0.0470465,0.0
5.67765,0.000602389,0.166875,0.0525012,0.0
5.67765,0.000593806,0.0667501,0.0334099,0.0
5.67844,0.000594066,0.150188,0.0501148,0.0
5.67787,0.00057755,0.116813,0.0439783,0.0
5.67845,0.000583662,0.0834376,0.0371599,0.0
5.67746,0.000586523,0.116813,0.0439783,0.0
5.67687,0.000571763,0.0834376,0.0371599,0.0
5.67814,0.000573323,0.0500626,0.0289779,0.0
5.67782,0.000580476,0.100125,0.04091,0.0
5.67872,0.00056461,0.0500626,0.0289779,0.0
5.67912,0.000572673,0.0667501,0.0334099,0.0
5.67892,0.00056461,0.0834376,0.0371599,0.0
5.67791,0.000582167,0.0667501,0.0334099,0.0
5.67866,0.000588149,0.150188,0.0501148,0.0
5.6782,0.00057924,0.0333751,0.0235233,0.0
5.67834,0.000574754,0.0834376,0.0371599,0.0
5.6778,0.000588604,0.166875,0.0525012,0.0
5.67933,0.000609997,0.116813,0.0439783,0.0
5.67847,0.000572998,0.0834376,0.0371599,0.0
5.67675,0.000572998,0.0500626,0.0289779,0.0
5.67781,0.000576444,0.116813,0.0439783,0.0
5.67938,0.000580216,0.0667501,0.0334099,0.0
5.67868,0.000600178,0.20025,0.057615,0.0
5.67877,0.000581321,0.0834376,0.0371599,0.0
5.67926,0.000586653,0.0667501,0.0334099,0.0
5.67899,0.000583467,0.1335,0.0470465,0.0
5.6783,0.000583077,0.1335,0.0470465,0.0
5.67918,0.000602844,0.166875,0.0525012,0.0
5.67872,0.000597057,0.0834376,0.0371599,0.0
5.67737,0.000614744,0.116813,0.0439783,0.0
5.67846,0.000582687,0.100125,0.04091,0.0
5.67879,0.000580021,0.0834376,0.0371599,0.0
5.67908,0.000589384,0.1335,0.0470465,0.0
5.67932,0.000576769,0.0500626,0.0289779,0.0
5.67911,0.000577745,0.0834376,0.0371599,0.0
5.67931,0.000577745,0.100125,0.04091,0.0
5.67856,0.000551735,0.0667501,0.0334099,0.0
5.67795,0.000568251,0.0500626,0.0289779,0.0
5.67874,0.000570267,0.0667501,0.0334099,0.0
5.67952,0.000579435,0.150188,0.0501148,0.0
5.6785,0.000597902,0.0834376,0.0371599,0.0
5.67803,0.000588474,0.116813,0.0439783,0.0
5.67753,0.000584833,0.0500626,0.0289779,0.0
5.67833,0.000571763,0.0667501,0.0334099,0.0
5.67876,0.000594911,0.0667501,0.0334099,0.0
5.67888,0.00057872,0.150188,0.0501148,0.0
5.67824,0.000583272,0.0834376,0.0371599,0.0
5.67824,0.000586198,0.150188,0.0501148,0.0
5.67852,0.000574168,0.0834376,0.0371599,0.0
5.67906,0.000588864,0.1335,0.0470465,0.0
5.6778,0.000597187,0.166875,0.0525012,0.0
5.67808,0.000588864,0.116813,0.0439783,0.0
5.67923,0.000586848,0.116813,0.0439783,0.0
5.67875,0.0006046,0.100125,0.04091,0.0
5.67762,0.000589514,0.116813,0.0439783,0.0
5.67824,0.000582882,0.0667501,0.0334099,0.0
5.67777,0.0005663,0.0333751,0.0235233,0.0
5.6785,0.000559213,0.100125,0.04091,0.0
5.67819,0.000556482,0.0834376,0.0371599,0.0
5.67763,0.000562789,0.0500626,0.0289779,0.0
5.67816,0.00055076,0.0834376,0.0371599,0.0
5.67849,0.000555506,0.0333751,0.0235233,0.0
5.67871,0.000556872,0.116813,0.0439783,0.0
5.6786,0.000580151,0.0834376,0.0371599,0.0
5.67826,0.000570332,0.0333751,0.0235233,0.0
5.67787,0.000559538,0.0834376,0.0439783,0.0
5.67876,0.000601999,0.166875,0.0525012,0.0
5.67834,0.000592375,0.1335,0.0470465,0.0
5.67812,0.000562334,0.100125,0.04091,0.0
5.67808,0.000581711,0.0667501,0.0334099,0.0
5.67869,0.000566886,0.100125,0.04091,0.0
5.67902,0.000580996,0.150188,0.0501148,0.0
5.67863,0.000602194,0.1335,0.0470465,0.0
5.67829,0.000600178,0.0834376,0.0371599,0.0
5.67941,0.000594066,0.116813,0.0439783,0.0
5.67885,0.000569097,0.0500626,0.0289779,0.0
5.67793,0.000586198,0.0500626,0.0289779,0.0
5.67889,0.00057768,0.1335,0.0470465,0.0
5.67909,0.000585873,0.100125,0.04091,0.0
5.68,0.000593416,0.183563,0.0552285,0.0
5.67821,0.000590945,0.1335,0.0470465,0.0
5.67886,0.000587564,0.0834376,0.0371599,0.0
5.67904,0.000612663,0.166875,0.0525012,0.0
5.67918,0.000586588,0.1335,0.0470465,0.0
5.67858,0.000564805,0.100125,0.04091,0.0
5.67927,0.000572868,0.0834376,0.0371599,0.0
5.67844,0.000575599,0.0667501,0.0334099,0.0
5.6782,0.000572153,0.0834376,0.0371599,0.0
5.67898,0.000600503,0.166875,0.0525012,0.0
5.67936,0.000563114,0.100125,0.04091,0.0
5.67841,0.00059192,0.100125,0.04091,0.0
5.67743,0.000587368,0.100125,0.04091,0.0
5.67867,0.000587694,0.1335,0.0470465,0.0
5.67865,0.000575729,0.100125,0.04091,0.0
5.67766,0.000574819,0.0667501,0.0334099,0.0
5.67792,0.00057768,0.150188,0.0501148,0.0
5.67862,0.000599723,0.116813,0.0439783,0.0
5.67812,0.000582557,0.216938,0.0600014,0.0
5.67842,0.00059218,0.166875,0.0525012,0.0
5.6779,0.000572283,0.150188,0.0501148,0.0
5.67861,0.000584182,0.1335,0.0470465,0.0
5.68012,0.000604405,0.216938,0.0600014,0.0
5.67881,0.000597382,0.100125,0.04091,0.0
5.67765,0.000593156,0.100125,0.04091,0.0
5.67748,0.000576444,0.166875,0.0525012,0.0
5.67834,0.000588474,0.0667501,0.0334099,0.0
5.67855,0.00057924,0.0834376,0.0371599,0.0
5.67873,0.000598098,0.1335,0.0470465,0.0
5.67956,0.000583402,0.166875,0.0525012,0.0
5.67926,0.000583597,0.1335,0.0470465,0.0
5.67935,0.000585483,0.100125,0.04091,0.0
5.67873,0.000595367,0.0834376,0.0371599,0.0
5.67786,0.000583662,0.1335,0.0470465,0.0
5.6771,0.00056422,0.0333751,0.0235233,0.0
5.67863,0.000553946,0.0500626,0.0289779,0.0
5.67921,0.000570202,0.100125,0.04091,0.0
5.67857,0.000568316,0.0500626,0.0289779,0.0
5.67805,0.000566105,0.0667501,0.0334099,0.0
5.6792,0.000585938,0.0500626,0.0289779,0.0
5.67905,0.000567341,0.0500626,0.0289779,0.0
5.6793,0.000569162,0.0834376,0.0371599,0.0
5.67937,0.00057716,0.1335,0.0470465,0.0
5.67873,0.000589189,0.116813,0.0439783,0.0
5.6787,0.000588474,0.0834376,0.0371599,0.0
5.67991,0.000591075,0.150188,0.0501148,0.0
5.67917,0.000575534,0.0834376,0.0371599,0.0
5.67897,0.000577745,0.150188,0.0501148,0.0
5.67836,0.00057911,0.0166875,0.0167049,0.0
5.6784,0.000595952,0.150188,0.0501148,0.0
5.67871,0.00060369,0.0667501,0.0334099,0.0
5.67883,0.000568316,0.0834376,0.0371599,0.0
5.67893,0.000580281,0.116813,0.0439783,0.0
5.67947,0.000599918,0.100125,0.04091,0.0
5.67852,0.000582167,0.0500626,0.0289779,0.0
5.67777,0.000573778,0.0834376,0.0371599,0.0
5.67818,0.000576184,0.116813,0.0439783,0.0
5.67803,0.000561294,0.100125,0.04091,0.0
5.67853,0.000581386,0.150188,0.0501148,0.0
5.67854,0.000589449,0.1335,0.0470465,0.0
5.67938,0.000588149,0.0834376,0.0371599,0.0
5.67862,0.000607006,0.0834376,0.0371599,0.0
5.678,0.000581516,0.166875,0.0525012,0.0
5.67816,0.000569812,0.0667501,0.0334099,0.0
5.67862,0.000596992,0.1335,0.0470465,0.0
5.67778,0.000601219,0.1335,0.0470465,0.0
5.67852,0.000603495,0.116813,0.0439783,0.0
5.67849,0.000572478,0.100125,0.04091,0.0
5.67814,0.000588149,0.0500626,0.0289779,0.0
5.67831,0.000582362,0.116813,0.0439783,0.0
5.67959,0.000593286,0.1335,0.0470465,0.0
5.67871,0.000605315,0.150188,0.0501148,0.0
5.67829,0.000594456,0.116813,0.0439783,0.0
5.67879,0.000591595,0.0667501,0.0334099,0.0
5.67848,0.000581516,0.0667501,0.0334099,0.0
5.67927,0.000570202,0.0834376,0.0371599,0.0
5.67943,0.000585678,0.166875,0.0525012,0.0
5.67958,0.000593026,0.166875,0.0525012,0.0
5.67906,0.000572803,0.0834376,0.0371599,0.0
5.67845,0.000573258,0.0667501,0.0334099,0.0
5.67806,0.000596732,0.20025,0.057615,0.0
5.67877,0.000584377,0.100125,0.04091,0.0
5.67895,0.0005769,0.116813,0.0439783,0.0
5.67927,0.000580866,0.0834376,0.0371599,0.0
5.67905,0.000575924,0.183563,0.0552285,0.0
5.67925,0.000581516,0.0500626,0.0289779,0.0
5.67787,0.000585288,0.166875,0.0525012,0.0
5.67758,0.000599138,0.0500626,0.0289779,0.0
5.67844,0.000575469,0.0667501,0.0334099,0.0
5.67804,0.000574168,0.166875,0.0525012,0.0
5.67855,0.00056409,0.0834376,0.0371599,0.0
5.67892,0.000559538,0.0500626,0.0289779,0.0
5.67887,0.000570007,0.0500626,0.0289779,0.0
5.67796,0.000566235,0.0500626,0.0289779,0.0
5.67871,0.000589189,0.100125,0.04091,0.0
5.67918,0.000593156,0.0834376,0.0371599,0.0
5.6787,0.000583012,0.0500626,0.0289779,0.0
5.6792,0.000573778,0.100125,0.04091,0.0
5.67913,0.000616109,0.1335,0.0470465,0.0
5.67928,0.000583727,0.100125,0.04091,0.0
5.67881,0.000599918,0.1335,0.0470465,0.0
5.67872,0.000582297,0.0834376,0.0371599,0.0
5.67819,0.000596992,0.100125,0.04091,0.0
5.67794,0.000571372,0.0667501,0.0334099,0.0
5.67854,0.000564025,0.0667501,0.0334099,0.0
5.67864,0.000572088,0.0834376,0.0371599,0.0
5.67809,0.000580996,0.150188,0.0501148,0.0
5.67814,0.000579566,0.0667501,0.0334099,0.0
5.67884,0.000582297,0.100125,0.04091,0.0
5.67909,0.000603885,0.166875,0.0525012,0.0
5.67821,0.000581516,0.0834376,0.0371599,0.0
5.67829,0.000581061,0.0834376,0.0371599,0.0
5.67923,0.000597317,0.116813,0.0439783,0.0
5.6786,0.000578135,0.0834376,0.0371599,0.0
5.67806,0.000609347,0.150188,0.0501148,0.0
5.67904,0.000592115,0.100125,0.04091,0.0
5.67884,0.000570787,0.0834376,0.0371599,0.0
5.67916,0.000589254,0.166875,0.0525012,0.0
5.67941,0.000574168,0.0500626,0.0289779,0.0
5.67867,0.000567796,0.0667501,0.0334099,0.0
5.67805,0.000590425,0.0834376,0.0371599,0.0
5.67768,0.000583077,0.0667501,0.0334099,0.0
5.67864,0.000580541,0.100125,0.04091,0.0
5.67944,0.00059062,0.116813,0.0439783,0.0
5.67869,0.000569422,0.116813,0.0439783,0.0
5.67837,0.000581646,0.0500626,0.0289779,0.0
5.67905,0.000550109,0.0333751,0.0235233,0.0
5.67853,0.000574884,0.0834376,0.0371599,0.0
5.67826,0.000587694,0.0667501,0.0334099,0.0
5.67817,0.000595432,0.1335,0.0470465,0.0
5.67866,0.000596992,0.1335,0.0470465,0.0
5.67807,0.000568381,0.100125,0.04091,0.0
5.67852,0.000595952,0.216938,0.0600014,0.0
5.67948,0.000609347,0.0667501,0.0334099,0.0
5.67965,0.000580801,0.150188,0.0501148,0.0
5.67797,0.000590295,0.150188,0.0501148,0.0
5.67806,0.000609477,0.166875,0.0525012,0.0
5.67799,0.000581321,0.0500626,0.0289779,0.0
5.6781,0.000599203,0.116813,0.0501148,0.0
5.67852,0.000591205,0.0667501,0.0334099,0.0
5.67845,0.000567601,0.100125,0.04091,0.0
5.67903,0.000578135,0.116813,0.0439783,0.0
5.67824,0.000585873,0.150188,0.0501148,0.0
5.6779,0.000578005,0.116813,0.0439783,0.0
5.67836,0.000563699,0.0333751,0.0235233,0.0
5.67831,0.000576509,0.1335,0.0470465,0.0
5.67837,0.000576769,0.0834376,0.0371599,0.0
5.67846,0.000581776,0.100125,0.04091,0.0
5.67899,0.000612793,0.100125,0.04091,0.0
5.67949,0.000580671,0.0667501,0.0334099,0.0
5.67876,0.000592635,0.116813,0.0439783,0.0
5.67796,0.000583207,0.0500626,0.0289779,0.0
5.67878,0.000575859,0.0667501,0.0334099,0.0
5.67863,0.000572738,0.0667501,0.0334099,0.0
5.67967,0.000587303,0.116813,0.0439783,0.0
5.67936,0.000576704,0.0834376,0.0371599,0.0
5.67825,0.0,0.0834376,0.0,0.0
5.67955,0.0,0.100125,0.0,0.0
5.67914,0.0,0.0834376,0.0,0.0
5.67799,0.0,0.100125,0.0,0.0
5.67822,0.0,0.0834376,0.0,0.0
5.67847,0.0,0.0500626,0.0,0.0
5.67905,0.0,0.100125,0.0,0.0
5.67835,0.0,0.0500626,0.0,0.0
5.67748,0.0,0.116813,0.0,0.0
5.67892,0.0,0.0667501,0.0,0.0
5.67837,0.0,0.0667501,0.0,0.0
5.67841,0.0,0.150188,0.0,0.0
5.67872,0.0,0.183563,0.0,0.0
5.67882,0.0,0.150188,0.0,0.0
5.6774,0.0,0.0333751,0.0,0.0
5.6787,0.0,0.0834376,0.0,0.0
5.67821,0.0,0.0667501,0.0,0.0
5.67825,0.0,0.1335,0.0,0.0
5.67856,0.0,0.166875,0.0,0.0
5.67895,0.0,0.116813,0.0,0.0
5.67799,0.0,0.100125,0.0,0.0
5.67776,0.0,0.0834376,0.0,0.0
5.67857,0.0,0.116813,0.0,0.0
5.67907,0.0,0.0834376,0.0,0.0
5.67895,0.0,0.116813,0.0,0.0
5.6789,0.0,0.150188,0.0,0.0
5.67858,0.0,0.100125,0.0,0.0
5.67765,0.0,0.0667501,0.0,0.0
5.67758,0.0,0.1335,0.0,0.0
5.67862,0.0,0.0500626,0.0,0.0
5.67868,0.0,0.100125,0.0,0.0
5.6792,0.0,0.100125,0.0,0.0
5.67913,0.0,0.116813,0.0,0.0
5.67933,0.0,0.100125,0.0,0.0
5.67846,0.0,0.100125,0.0,0.0
5.67751,0.0,0.116813,0.0,0.0
5.67837,0.0,0.0500626,0.0,0.0
5.6787,0.0,0.0834376,0.0,0.0
5.67749,0.0,0.0500626,0.0,0.0
5.67774,0.0,0.116813,0.0,0.0
5.67817,0.0,0.150188,0.0,0.0
5.67832,0.0,0.150188,0.0,0.0
5.67779,0.0,0.116813,0.0,0.0
5.67927,0.0,0.0500626,0.0,0.0
5.67972,0.0,0.100125,0.0,0.0
5.67806,0.0,0.0500626,0.0,0.0
5.67919,0.0,0.0834376,0.0,0.0
5.67966,0.0,0.0667501,0.0,0.0
5.67848,0.0,0.0667501,0.0,0.0
5.6791,0.0,0.100125,0.0,0.0
5.68029,0.0,0.116813,0.0,0.0
5.6783,0.0,0.0667501,0.0,0.0
5.67714,0.0,0.100125,0.0,0.0
5.67804,0.0,0.0667501,0.0,0.0
5.67824,0.0,0.0834376,0.0,0.0
5.67833,0.0,0.150188,0.0,0.0
5.67871,0.0,0.116813,0.0,0.0
5.67829,0.0,0.1335,0.0,0.0
5.67705,0.0,0.0333751,0.0,0.0
5.67778,0.0,0.0500626,0.0,0.0
5.67839,0.0,0.100125,0.0,0.0
5.67835,0.0,0.1335,0.0,0.0
5.67818,0.0,0.1335,0.0,0.0
5.67897,0.0,0.0667501,0.0,0.0
5.67927,0.0,0.1335,0.0,0.0
5.67895,0.0,0.1335,0.0,0.0
5.67828,0.0,0.0667501,0.0,0.0
5.67811,0.0,0.1335,0.0,0.0
5.68021,0.0,0.116813,0.0,0.0
5.67924,0.0,0.1335,0.0,0.0
5.6782,0.0,0.116813,0.0,0.0
5.67802,0.0,0.0667501,0.0,0.0
5.67785,0.0,0.100125,0.0,0.0
5.67782,0.0,0.0834376,0.0,0.0
5.67851,0.0,0.116813,0.0,0.0
5.67859,0.0,0.1335,0.0,0.0
5.67868,0.0,0.100125,0.0,0.0
5.67898,0.0,0.150188,0.0,0.0
5.67933,0.0,0.166875,0.0,0.0
5.67912,0.0,0.166875,0.0,0.0
5.67928,0.0,0.150188,0.0,0.0
5.67803,0.0,0.150188,0.0,0.0
5.67863,0.0,0.0667501,0.0,0.0
5.6778,0.0,0.100125,0.0,0.0
5.67789,0.0,0.100125,0.0,0.0
5.67888,0.0,0.100125,0.0,0.0
5.6797,0.0,0.183563,0.0,0.0
5.6794,0.0,0.1335,0.0,0.0
5.67782,0.0,0.100125,0.0,0.0
5.67902,0.0,0.0500626,0.0,0.0
5.67889,0.0,0.166875,0.0,0.0
5.67913,0.0,0.116813,0.0,0.0
5.67847,0.0,0.100125,0.0,0.0
5.67757,0.0,0.150188,0.0,0.0
5.67802,0.0,0.0500626,0.0,0.0
5.6785,0.0,0.100125,0.0,0.0
5.67881,0.0,0.116813,0.0,0.0
5.6782,0.0,0.116813,0.0,0.0
5.67725,0.0,0.166875,0.0,0.0
5.67779,0.0,0.166875,0.0,0.0
5.67849,0.0,0.116813,0.0,0.0
5.67795,0.0,0.150188,0.0,0.0
5.67813,0.0,0.0500626,0.0,0.0
5.67858,0.0,0.0667501,0.0,0.0
5.67869,0.0,0.0667501,0.0,0.0
5.67813,0.0,0.150188,0.0,0.0
5.67857,0.0,0.0667501,0.0,0.0
5.67916,0.0,0.100125,0.0,0.0
5.67854,0.0,0.1335,0.0,0.0
5.67821,0.0,0.0834376,0.0,0.0
5.67913,0.0,0.100125,0.0,0.0
5.67894,0.0,0.0667501,0.0,0.0
5.67887,0.0,0.0500626,0.0,0.0
5.67836,0.0,0.0667501,0.0,0.0
5.67742,0.0,0.0667501,0.0,0.0
5.67863,0.0,0.0500626,0.0,0.0
5.67857,0.0,0.0333751,0.0,0.0
5.6786,0.0,0.116813,0.0,0.0
5.67798,0.0,0.1335,0.0,0.0
5.67759,0.0,0.0500626,0.0,0.0
5.67892,0.0,0.100125,0.0,0.0
5.67874,0.0,0.0834376,0.0,0.0
5.67745,0.0,0.100125,0.0,0.0
5.67865,0.0,0.116813,0.0,0.0
5.67856,0.0,0.0667501,0.0,0.0
5.67873,0.0,0.116813,0.0,0.0
5.67908,0.0,0.1335,0.0,0.0
5.67958,0.0,0.1335,0.0,0.0
5.67782,0.0,0.166875,0.0,0.0
5.67789,0.0,0.0333751,0.0,0.0
5.67935,0.0,0.0500626,0.0,0.0
5.67835,0.0,0.0667501,0.0,0.0
5.67801,0.0,0.100125,0.0,0.0
5.6785,0.0,0.166875,0.0,0.0
5.67907,0.0,0.150188,0.0,0.0
5.67922,0.0,0.0500626,0.0,0.0
5.67928,0.0,0.100125,0.0,0.0
5.6781,0.0,0.0500626,0.0,0.0
5.67797,0.0,0.0667501,0.0,0.0
5.6784,0.0,0.0667501,0.0,0.0
5.67827,0.0,0.0667501,0.0,0.0
5.67775,0.0,0.100125,0.0,0.0
5.67878,0.0,0.0834376,0.0,0.0
5.67896,0.0,0.100125,0.0,0.0
5.6784,0.0,0.100125,0.0,0.0
5.67799,0.0,0.0500626,0.0,0.0
5.67956,0.0,0.183563,0.0,0.0
5.67917,0.0,0.1335,0.0,0.0
5.67824,0.0,0.166875,0.0,0.0
5.67883,0.0,0.20025,0.0,0.0
5.67873,0.0,0.116813,0.0,0.0
5.67867,0.0,0.183563,0.0,0.0
5.67909,0.0,0.116813,0.0,0.0
5.67858,0.0,0.0667501,0.0,0.0
5.67857,0.0,0.0667501,0.0,0.0
5.67919,0.0,0.150188,0.0,0.0
5.67928,0.0,0.100125,0.0,0.0
5.67868,0.0,0.116813,0.0,0.0
5.67827,0.0,0.116813,0.0,0.0
5.6788,0.0,0.100125,0.0,0.0
5.67942,0.0,0.183563,0.0,0.0
5.67975,0.0,0.1335,0.0,0.0
5.67901,0.0,0.1335,0.0,0.0
5.67868,0.0,0.0667501,0.0,0.0
5.6787,0.0,0.150188,0.0,0.0
5.67777,0.0,0.0500626,0.0,0.0
5.67817,0.0,0.100125,0.0,0.0
5.67859,0.0,0.116813,0.0,0.0
5.67902,0.0,0.0667501,0.0,0.0
5.67877,0.0,0.100125,0.0,0.0
5.67786,0.0,0.0166875,0.0,0.0
5.67785,0.0,0.1335,0.0,0.0
5.67864,0.0,0.0834376,0.0,0.0
5.67923,0.0,0.100125,0.0,0.0
5.67853,0.0,0.116813,0.0,0.0
5.67892,0.0,0.1335,0.0,0.0
5.67857,0.0,0.100125,0.0,0.0
5.67791,0.0,0.150188,0.0,0.0
5.67731,0.0,0.0667501,0.0,0.0
5.67752,0.0,0.0667501,0.0,0.0
5.6775,0.0,0.150188,0.0,0.0
5.67876,0.0,0.166875,0.0,0.0
5.67879,0.0,0.150188,0.0,0.0
5.67831,0.0,0.0500626,0.0,0.0
5.67807,0.0,0.0500626,0.0,0.0
5.67747,0.0,0.0834376,0.0,0.0
5.67852,0.0,0.1335,0.0,0.0
5.67806,0.0,0.100125,0.0,0.0
5.67857,0.0,0.0834376,0.0,0.0
5.67993,0.0,0.150188,0.0,0.0
5.67899,0.0,0.250313,0.0,0.0
5.67763,0.0,0.0834376,0.0,0.0
5.67793,0.0,0.100125,0.0,0.0
5.67976,0.0,0.116813,0.0,0.0
5.67886,0.0,0.0333751,0.0,0.0
5.67826,0.0,0.1335,0.0,0.0
5.67778,0.0,0.0834376,0.0,0.0
5.67861,0.0,0.100125,0.0,0.0
5.67866,0.0,0.116813,0.0,0.0
5.6779,0.0,0.0667501,0.0,0.0
5.67787,0.0,0.116813,0.0,0.0
5.67873,0.0,0.0834376,0.0,0.0
5.67804,0.0,0.0667501,0.0,0.0
5.67843,0.0,0.100125,0.0,0.0
5.67871,0.0,0.100125,0.0,0.0
5.67807,0.0,0.116813,0.0,0.0
5.67827,0.0,0.100125,0.0,0.0
5.67892,0.0,0.1335,0.0,0.0
5.67883,0.0,0.100125,0.0,0.0
5.67852,0.0,0.150188,0.0,0.0
5.67747,0.0,0.100125,0.0,0.0
5.67826,0.0,0.0500626,0.0,0.0
5.67793,0.0,0.0834376,0.0,0.0
5.67863,0.0,0.0667501,0.0,0.0
5.67852,0.0,0.100125,0.0,0.0
5.67747,0.0,0.100125,0.0,0.0
5.67763,0.0,0.116813,0.0,0.0
5.67833,0.0,0.0500626,0.0,0.0
5.67821,0.0,0.0333751,0.0,0.0
5.67858,0.0,0.0667501,0.0,0.0
5.6784,0.0,0.1335,0.0,0.0
5.67913,0.0,0.1335,0.0,0.0
5.67916,0.0,0.150188,0.0,0.0
5.67857,0.0,0.0667501,0.0,0.0
5.67794,0.0,0.100125,0.0,0.0
5.67895,0.0,0.116813,0.0,0.0
5.67901,0.0,0.216938,0.0,0.0
5.67786,0.0,0.0834376,0.0,0.0
5.67751,0.0,0.0834376,0.0,0.0
5.67779,0.0,0.0500626,0.0,0.0
5.67841,0.0,0.116813,0.0,0.0
5.67773,0.0,0.150188,0.0,0.0
5.6771,0.0,0.100125,0.0,0.0
5.6772,0.0,0.0333751,0.0,0.0
5.67814,0.0,0.0834376,0.0,0.0
5.67784,0.0,0.116813,0.0,0.0
5.67752,0.0,0.0667501,0.0,0.0
5.67711,0.0,0.100125,0.0,0.0
5.6782,0.0,0.0500626,0.0,0.0
5.67882,0.0,0.183563,0.0,0.0
5.67944,0.0,0.116813,0.0,0.0
5.6793,0.0,0.0500626,0.0,0.0
5.67851,0.0,0.150188,0.0,0.0
5.678,0.0,0.0834376,0.0,0.0
5.67827,0.0,0.0500626,0.0,0.0
5.67859,0.0,0.100125,0.0,0.0
5.67863,0.0,0.1335,0.0,0.0
5.67849,0.0,0.0667501,0.0,0.0
5.67833,0.0,0.0667501,0.0,0.0
5.6785,0.0,0.116813,0.0,0.0
5.67878,0.0,0.100125,0.0,0.0
5.67847,0.0,0.100125,0.0,0.0
5.67834,0.0,0.116813,0.0,0.0
5.67885,0.0,0.1335,0.0,0.0
5.67861,0.0,0.216938,0.0,0.0
5.67746,0.0,0.0500626,0.0,0.0
5.6776,0.0,0.116813,0.0,0.0
5.67768,0.0,0.0500626,0.0,0.0
5.67692,0.0,0.0500626,0.0,0.0
5.67766,0.0,0.0500626,0.0,0.0
5.67918,0.0,0.116813,0.0,0.0
5.67896,0.0,0.233625,0.0,0.0
5.67871,0.0,0.0333751,0.0,0.0
5.67915,0.0,0.116813,0.0,0.0
5.67865,0.0,0.166875,0.0,0.0
5.67863,0.0,0.150188,0.0,0.0
5.67941,0.0,0.0166875,0.0,0.0
5.67944,0.0,0.1335,0.0,0.0
5.67882,0.0,0.100125,0.0,0.0
5.67826,0.0,0.1335,0.0,0.0
5.67866,0.0,0.183563,0.0,0.0
5.67858,0.0,0.100125,0.0,0.0
5.67852,0.0,0.0500626,0.0,0.0
5.67833,0.0,0.1335,0.0,0.0
5.67783,0.0,0.183563,0.0,0.0
5.67816,0.0,0.116813,0.0,0.0
5.6783,0.0,0.0834376,0.0,0.0
5.67869,0.0,0.0834376,0.0,0.0
5.67883,0.0,0.116813,0.0,0.0
5.67805,0.0,0.0667501,0.0,0.0
5.67798,0.0,0.1335,0.0,0.0
5.67865,0.0,0.0166875,0.0,0.0
5.67822,0.0,0.0834376,0.0,0.0
5.67796,0.0,0.0667501,0.0,0.0
5.67853,0.0,0.0667501,0.0,0.0
5.67816,0.0,0.0667501,0.0,0.0
5.67736,0.0,0.1335,0.0,0.0
5.67805,0.0,0.0500626,0.0,0.0
5.67767,0.0,0.183563,0.0,0.0
5.67805,0.0,0.0500626,0.0,0.0
5.67865,0.0,0.100125,0.0,0.0
5.67868,0.0,0.0166875,0.0,0.0
5.67862,0.0,0.0667501,0.0,0.0
5.67871,0.0,0.116813,0.0,0.0
5.67801,0.0,0.0667501,0.0,0.0
5.67797,0.0,0.100125,0.0,0.0
5.67848,0.0,0.183563,0.0,0.0
5.67864,0.0,0.0500626,0.0,0.0
5.67817,0.0,0.0667501,0.0,0.0
5.67834,0.0,0.0333751,0.0,0.0
5.67824,0.0,0.0667501,0.0,0.0
5.67793,0.0,0.0834376,0.0,0.0
5.67903,0.0,0.1335,0.0,0.0
5.67891,0.0,0.116813,0.0,0.0
5.67827,0.0,0.0166875,0.0,0.0
5.6785,0.0,0.100125,0.0,0.0
5.67821,0.0,0.0166875,0.0,0.0
5.67797,0.0,0.0667501,0.0,0.0
5.67832,0.0,0.0333751,0.0,0.0
5.67864,0.0,0.116813,0.0,0.0
5.67865,0.0,0.166875,0.0,0.0
5.67859,0.0,0.0333751,0.0,0.0
5.6786,0.0,0.0667501,0.0,0.0
5.67818,0.0,0.116813,0.0,0.0
5.67809,0.0,0.0667501,0.0,0.0
5.67809,0.0,0.116813,0.0,0.0
5.67805,0.0,0.116813,0.0,0.0
5.678,0.0,0.0667501,0.0,0.0
5.67856,0.0,0.150188,0.0,0.0
5.67938,0.0,0.0834376,0.0,0.0
5.6787,0.0,0.150188,0.0,0.0
5.6778,0.0,0.116813,0.0,0.0
5.67792,0.0,0.0667501,0.0,0.0
5.67849,0.0,0.0667501,0.0,0.0
5.67859,0.0,0.0834376,0.0,0.0
5.67798,0.0,0.0834376,0.0,0.0
5.67826,0.0,0.0667501,0.0,0.0
5.67813,0.0,0.1335,0.0,0.0
5.67788,0.0,0.100125,0.0,0.0
5.67874,0.0,0.116813,0.0,0.0
5.67843,0.0,0.1335,0.0,0.0
5.67806,0.0,0.100125,0.0,0.0
5.67813,0.0,0.0166875,0.0,0.0
5.67809,0.0,0.116813,0.0,0.0
5.67735,0.0,0.0333751,0.0,0.0
5.67841,0.0,0.0667501,0.0,0.0
5.67872,0.0,0.166875,0.0,0.0
5.67886,0.0,0.0166875,0.0,0.0
5.67813,0.0,0.100125,0.0,0.0
5.67805,0.0,0.0667501,0.0,0.0
5.67827,0.0,0.0667501,0.0,0.0
5.67841,0.0,0.116813,0.0,0.0
5.67873,0.0,0.116813,0.0,0.0
5.67794,0.0,0.116813,0.0,0.0
5.67811,0.0,0.150188,0.0,0.0
5.67931,0.0,0.100125,0.0,0.0
5.67867,0.0,0.100125,0.0,0.0
5.67894,0.0,0.20025,0.0,0.0
5.67827,0.0,0.1335,0.0,0.0
5.67783,0.0,0.0166875,0.0,0.0
5.67857,0.0,0.100125,0.0,0.0
5.67873,0.0,0.0500626,0.0,0.0
5.67862,0.0,0.116813,0.0,0.0
5.67833,0.0,0.1335,0.0,0.0
5.67829,0.0,0.116813,0.0,0.0
5.67818,0.0,0.0834376,0.0,0.0
5.67806,0.0,0.0667501,0.0,0.0
5.67788,0.0,0.100125,0.0,0.0
5.67798,0.0,0.0834376,0.0,0.0
5.67837,0.0,0.0333751,0.0,0.0
5.67737,0.0,0.100125,0.0,0.0
5.67815,0.0,0.116813,0.0,0.0
5.67851,0.0,0.0667501,0.0,0.0
5.67942,0.0,0.100125,0.0,0.0
5.6791,0.0,0.0667501,0.0,0.0
5.6786,0.0,0.100125,0.0,0.0
5.67867,0.0,0.0333751,0.0,0.0
5.67856,0.0,0.0834376,0.0,0.0
5.67943,0.0,0.183563,0.0,0.0
5.67935,0.0,0.166875,0.0,0.0
5.67905,0.0,0.100125,0.0,0.0
5.67888,0.0,0.100125,0.0,0.0
5.67887,0.0,0.0834376,0.0,0.0
5.67918,0.0,0.150188,0.0,0.0
5.67936,0.0,0.1335,0.0,0.0
5.67936,0.0,0.283688,0.0,0.0
5.679,0.0,0.116813,0.0,0.0
5.6787,0.0,0.0500626,0.0,0.0
5.67821,0.0,0.166875,0.0,0.0
5.67863,0.0,0.0333751,0.0,0.0
5.67791,0.0,0.0667501,0.0,0.0
5.6788,0.0,0.116813,0.0,0.0
5.67837,0.0,0.0333751,0.0,0.0
5.67764,0.0,0.0500626,0.0,0.0
5.67812,0.0,0.116813,0.0,0.0
5.67873,0.0,0.0834376,0.0,0.0
5.67881,0.0,0.0834376,0.0,0.0
5.67837,0.0,0.100125,0.0,0.0
5.67832,0.0,0.0166875,0.0,0.0
5.67858,0.0,0.216938,0.0,0.0
5.67999,0.0,0.1335,0.0,0.0
5.67857,0.0,0.216938,0.0,0.0
5.67821,0.0,0.0667501,0.0,0.0
5.67802,0.0,0.116813,0.0,0.0
5.67839,0.0,0.183563,0.0,0.0
5.67858,0.0,0.0500626,0.0,0.0
5.67784,0.0,0.0834376,0.0,0.0
5.67811,0.0,0.116813,0.0,0.0
5.67833,0.0,0.100125,0.0,0.0
5.67808,0.0,0.0333751,0.0,0.0
5.67834,0.0,0.116813,0.0,0.0
5.67917,0.0,0.116813,0.0,0.0
5.67949,0.0,0.1335,0.0,0.0
5.67881,0.0,0.0834376,0.0,0.0
5.67896,0.0,0.0667501,0.0,0.0
5.67821,0.0,0.0834376,0.0,0.0
5.67807,0.0,0.1335,0.0,0.0
5.67857,0.0,0.100125,0.0,0.0
5.6777,0.0,0.100125,0.0,0.0
5.67867,0.0,0.150188,0.0,0.0
5.67842,0.0,0.116813,0.0,0.0
5.677,0.0,0.100125,0.0,0.0
5.67856,0.0,0.0667501,0.0,0.0
5.67905,0.0,0.100125,0.0,0.0
5.67814,0.0,0.0667501,0.0,0.0
5.67899,0.0,0.100125,0.0,0.0
5.67935,0.0,0.1335,0.0,0.0
5.6789,0.0,0.116813,0.0,0.0
5.67815,0.0,0.1335,0.0,0.0
5.67855,0.0,0.100125,0.0,0.0
5.67845,0.0,0.0834376,0.0,0.0
5.67805,0.0,0.116813,0.0,0.0
5.67798,0.0,0.0834376,0.0,0.0
5.67859,0.0,0.100125,0.0,0.0
5.67759,0.0,0.100125,0.0,0.0
5.67856,0.0,0.100125,0.0,0.0
5.67847,0.0,0.116813,0.0,0.0
5.67894,0.0,0.100125,0.0,0.0
5.679,0.0,0.0834376,0.0,0.0
5.67863,0.0,0.1335,0.0,0.0
5.679,0.0,0.0500626,0.0,0.0
5.67925,0.0,0.116813,0.0,0.0
5.67798,0.0,0.116813,0.0,0.0
5.67867,0.0,0.1335,0.0,0.0
5.67795,0.0,0.0834376,0.0,0.0
5.67815,0.0,0.100125,0.0,0.0
5.67727,0.0,0.0500626,0.0,0.0
5.67744,0.0,0.0834376,0.0,0.0
5.67838,0.0,0.116813,0.0,0.0
5.67853,0.0,0.100125,0.0,0.0
5.67854,0.0,0.116813,0.0,0.0
5.67795,0.0,0.0834376,0.0,0.0
5.67711,0.0,0.0500626,0.0,0.0
5.67837,0.0,0.0834376,0.0,0.0
5.67903,0.0,0.1335,0.0,0.0
5.67893,0.0,0.0834376,0.0,0.0
5.67822,0.0,0.100125,0.0,0.0
5.67905,0.0,0.166875,0.0,0.0
5.67954,0.0,0.0500626,0.0,0.0
5.67869,0.0,0.0834376,0.0,0.0
5.67853,0.0,0.150188,0.0,0.0
5.67759,0.0,0.0667501,0.0,0.0
5.67793,0.0,0.0667501,0.0,0.0
5.67805,0.0,0.0834376,0.0,0.0
5.67713,0.0,0.100125,0.0,0.0
5.67851,0.0,0.150188,0.0,0.0
5.67827,0.0,0.0834376,0.0,0.0
5.67831,0.0,0.150188,0.0,0.0
5.67848,0.0,0.100125,0.0,0.0
5.67842,0.0,0.0834376,0.0,0.0
5.6782,0.0,0.116813,0.0,0.0
5.67838,0.0,0.0667501,0.0,0.0
5.67837,0.0,0.0500626,0.0,0.0
5.67844,0.0,0.0333751,0.0,0.0
5.67931,0.0,0.0500626,0.0,0.0
5.67867,0.0,0.0834376,0.0,0.0
5.67846,0.0,0.0834376,0.0,0.0
5.67909,0.0,0.0667501,0.0,0.0
5.67836,0.0,0.0667501,0.0,0.0
5.67856,0.0,0.0667501,0.0,0.0
5.67812,0.0,0.150188,0.0,0.0
5.67768,0.0,0.1335,0.0,0.0
5.67762,0.0,0.0667501,0.0,0.0
5.67902,0.0,0.0667501,0.0,0.0
5.67895,0.0,0.0667501,0.0,0.0
5.67889,0.0,0.116813,0.0,0.0
5.67911,0.0,0.1335,0.0,0.0
5.67869,0.0,0.0500626,0.0,0.0
5.67834,0.0,0.0834376,0.0,0.0
5.67839,0.0,0.100125,0.0,0.0
5.67792,0.0,0.116813,0.0,0.0
5.67793,0.0,0.1335,0.0,0.0
5.67849,0.0,0.0667501,0.0,0.0
5.67783,0.0,0.1335,0.0,0.0
5.6789,0.0,0.116813,0.0,0.0
5.67843,0.0,0.0667501,0.0,0.0
5.67799,0.0,0.166875,0.0,0.0
5.67803,0.0,0.0667501,0.0,0.0
5.67857,0.0,0.183563,0.0,0.0
5.67829,0.0,0.100125,0.0,0.0
5.6778,0.0,0.0667501,0.0,0.0
5.67862,0.0,0.116813,0.0,0.0
5.67801,0.0,0.116813,0.0,0.0
5.67802,0.0,0.100125,0.0,0.0
5.67857,0.0,0.116813,0.0,0.0
5.67907,0.0,0.116813,0.0,0.0
5.67849,0.0,0.0834376,0.0,0.0
5.67813,0.0,0.116813,0.0,0.0
5.67811,0.0,0.100125,0.0,0.0
5.67827,0.0,0.150188,0.0,0.0
5.67804,0.0,0.100125,0.0,0.0
5.67931,0.0,0.1335,0.0,0.0
5.67853,0.0,0.0667501,0.0,0.0
5.67781,0.0,0.116813,0.0,0.0
5.67792,0.0,0.0834376,0.0,0.0
5.67794,0.0,0.116813,0.0,0.0
5.67799,0.0,0.0500626,0.0,0.0
5.67818,0.0,0.100125,0.0,0.0
5.67838,0.0,0.0834376,0.0,0.0
5.6782,0.0,0.100125,0.0,0.0
5.67839,0.0,0.0834376,0.0,0.0
5.67797,0.0,0.100125,0.0,0.0
5.67779,0.0,0.0667501,0.0,0.0
5.67855,0.0,0.0667501,0.0,0.0
5.67974,0.0,0.116813,0.0,0.0
5.67909,0.0,0.0667501,0.0,0.0
5.67749,0.0,0.0667501,0.0,0.0
5.67803,0.0,0.150188,0.0,0.0
5.67851,0.0,0.0667501,0.0,0.0
5.67849,0.0,0.116813,0.0,0.0
5.6787,0.0,0.1335,0.0,0.0
5.679,0.0,0.0834376,0.0,0.0
5.67818,0.0,0.0667501,0.0,0.0
5.67832,0.0,0.100125,0.0,0.0
5.67919,0.0,0.0500626,0.0,0.0
5.67856,0.0,0.100125,0.0,0.0
5.67814,0.0,0.0667501,0.0,0.0
5.67922,0.0,0.1335,0.0,0.0
5.6792,0.0,0.0667501,0.0,0.0
5.67846,0.0,0.0667501,0.0,0.0
5.67799,0.0,0.183563,0.0,0.0
5.67762,0.0,0.150188,0.0,0.0
5.67821,0.0,0.166875,0.0,0.0
5.67936,0.0,0.100125,0.0,0.0
5.67858,0.0,0.116813,0.0,0.0
5.6776,0.0,0.0834376,0.0,0.0
5.67791,0.0,0.116813,0.0,0.0
5.67848,0.0,0.0500626,0.0,0.0
5.67751,0.0,0.0333751,0.0,0.0
5.67808,0.0,0.20025,0.0,0.0
5.67871,0.0,0.100125,0.0,0.0
5.67816,0.0,0.0667501,0.0,0.0
5.67782,0.0,0.0834376,0.0,0.0
5.67943,0.0,0.116813,0.0,0.0
5.67896,0.0,0.183563,0.0,0.0
5.67829,0.0,0.150188,0.0,0.0
5.67863,0.0,0.116813,0.0,0.0
5.67817,0.0,0.0500626,0.0,0.0
5.67799,0.0,0.100125,0.0,0.0
5.67838,0.0,0.0834376,0.0,0.0
5.67861,0.0,0.0500626,0.0,0.0
5.67863,0.0,0.1335,0.0,0.0
5.67857,0.0,0.0500626,0.0,0.0
5.67776,0.0,0.1335,0.0,0.0
5.67797,0.0,0.116813,0.0,0.0
5.67815,0.0,0.0834376,0.0,0.0
5.67819,0.0,0.0667501,0.0,0.0
5.67809,0.0,0.100125,0.0,0.0
5.67803,0.0,0.116813,0.0,0.0
5.67759,0.0,0.0500626,0.0,0.0
5.67733,0.0,0.150188,0.0,0.0
5.6788,0.0,0.1335,0.0,0.0
5.67789,0.0,0.0333751,0.0,0.0
5.67754,0.0,0.0333751,0.0,0.0
5.67856,0.0,0.100125,0.0,0.0
5.6788,0.0,0.0667501,0.0,0.0
5.67814,0.0,0.1335,0.0,0.0
5.67808,0.0,0.0667501,0.0,0.0
5.67814,0.0,0.0667501,0.0,0.0
5.6783,0.0,0.1335,0.0,0.0
5.67864,0.0,0.116813,0.0,0.0
5.67877,0.0,0.116813,0.0,0.0
5.67881,0.0,0.100125,0.0,0.0
5.67867,0.0,0.116813,0.0,0.0
5.6788,0.0,0.150188,0.0,0.0
5.67891,0.0,0.116813,0.0,0.0
5.67781,0.0,0.0166875,0.0,0.0
5.67821,0.0,0.100125,0.0,0.0
5.67898,0.0,0.0667501,0.0,0.0
5.67792,0.0,0.0667501,0.0,0.0
5.67775,0.0,0.116813,0.0,0.0
5.67939,0.0,0.150188,0.0,0.0
5.67853,0.0,0.0667501,0.0,0.0
5.67808,0.0,0.0834376,0.0,0.0
5.67803,0.0,0.0667501,0.0,0.0
5.67785,0.0,0.0667501,0.0,0.0
5.67747,0.0,0.0667501,0.0,0.0
5.6771,0.0,0.116813,0.0,0.0
5.67795,0.0,0.0667501,0.0,0.0
5.67834,0.0,0.100125,0.0,0.0
5.67793,0.0,0.150188,0.0,0.0
5.67757,0.0,0.0834376,0.0,0.0
5.67913,0.0,0.1335,0.0,0.0
5.67888,0.0,0.1335,0.0,0.0
5.67956,0.0,0.0667501,0.0,0.0
5.67938,0.0,0.150188,0.0,0.0
5.67813,0.0,0.116813,0.0,0.0
5.67751,0.0,0.100125,0.0,0.0
5.67815,0.0,0.0667501,0.0,0.0
5.67821,0.0,0.0500626,0.0,0.0
5.67726,0.0,0.100125,0.0,0.0
5.6783,0.0,0.0500626,0.0,0.0
5.6789,0.0,0.183563,0.0,0.0
5.67904,0.0,0.150188,0.0,0.0
5.67794,0.0,0.1335,0.0,0.0
5.67758,0.0,0.0667501,0.0,0.0
5.6773,0.0,0.0166875,0.0,0.0
5.67753,0.0,0.100125,0.0,0.0
5.67839,0.0,0.0500626,0.0,0.0
5.67781,0.0,0.0667501,0.0,0.0
5.67754,0.0,0.0,0.0,0.0
5.67785,0.0,0.0834376,0.0,0.0
5.67755,0.0,0.0166875,0.0,0.0
5.67791,0.0,0.116813,0.0,0.0
5.67811,0.0,0.0667501,0.0,0.0
5.67897,0.0,0.0667501,0.0,0.0
5.67879,0.0,0.100125,0.0,0.0
5.67856,0.0,0.0667501,0.0,0.0
5.67805,0.0,0.0667501,0.0,0.0
5.67815,0.0,0.116813,0.0,0.0
5.67835,0.0,0.100125,0.0,0.0
5.67868,0.0,0.1335,0.0,0.0
5.67919,0.0,0.0834376,0.0,0.0
5.67852,0.0,0.100125,0.0,0.0
5.67838,0.0,0.0667501,0.0,0.0
5.67786,0.0,0.0834376,0.0,0.0
5.67769,0.0,0.0667501,0.0,0.0
5.67804,0.0,0.100125,0.0,0.0
5.67819,0.0,0.1335,0.0,0.0
5.6781,0.0,0.0667501,0.0,0.0
5.67799,0.0,0.166875,0.0,0.0
5.6787,0.0,0.150188,0.0,0.0
5.6782,0.0,0.1335,0.0,0.0
5.67757,0.0,0.0667501,0.0,0.0
5.67757,0.0,0.0834376,0.0,0.0
5.67784,0.0,0.0333751,0.0,0.0
5.67902,0.0,0.100125,0.0,0.0
5.67952,0.0,0.116813,0.0,0.0
5.6792,0.0,0.116813,0.0,0.0
5.67935,0.0,0.183563,0.0,0.0
5.67846,0.0,0.116813,0.0,0.0
5.67871,0.0,0.100125,0.0,0.0
5.67834,0.0,0.100125,0.0,0.0
5.67863,0.0,0.1335,0.0,0.0
5.67857,0.0,0.0667501,0.0,0.0
5.67771,0.0,0.0834376,0.0,0.0
5.67749,0.0,0.0667501,0.0,0.0
5.67723,0.0,0.150188,0.0,0.0
5.67757,0.0,0.0667501,0.0,0.0
5.67808,0.0,0.116813,0.0,0.0
5.67752,0.0,0.0667501,0.0,0.0
5.67748,0.0,0.0834376,0.0,0.0
5.67768,0.0,0.116813,0.0,0.0
5.67781,0.0,0.0667501,0.0,0.0
5.67782,0.0,0.100125,0.0,0.0
5.67784,0.0,0.0834376,0.0,0.0
5.67763,0.0,0.0834376,0.0,0.0
5.67783,0.0,0.116813,0.0,0.0
5.67806,0.0,0.0667501,0.0,0.0
5.67867,0.0,0.116813,0.0,0.0
5.67913,0.0,0.150188,0.0,0.0
5.67896,0.0,0.1335,0.0,0.0
5.67869,0.0,0.1335,0.0,0.0
5.67907,0.0,0.1335,0.0,0.0
5.67869,0.0,0.100125,0.0,0.0
5.67852,0.0,0.0834376,0.0,0.0
5.67807,0.0,0.150188,0.0,0.0
5.67906,0.0,0.0500626,0.0,0.0
5.67931,0.0,0.0166875,0.0,0.0
5.67788,0.0,0.100125,0.0,0.0
5.67841,0.0,0.0667501,0.0,0.0
5.67915,0.0,0.0834376,0.0,0.0
5.67904,0.0,0.100125,0.0,0.0
5.67895,0.0,0.1335,0.0,0.0
5.67853,0.0,0.183563,0.0,0.0
5.678,0.0,0.0500626,0.0,0.0
5.6781,0.0,0.0667501,0.0,0.0
5.67746,0.0,0.0667501,0.0,0.0
5.67766,0.0,0.0667501,0.0,0.0
5.67828,0.0,0.100125,0.0,0.0
5.67786,0.0,0.0333751,0.0,0.0
5.67843,0.0,0.116813,0.0,0.0
5.67845,0.0,0.0500626,0.0,0.0
5.678,0.0,0.166875,0.0,0.0
5.67736,0.0,0.0166875,0.0,0.0
5.67807,0.0,0.100125,0.0,0.0
5.67836,0.0,0.0667501,0.0,0.0
5.67883,0.0,0.116813,0.0,0.0
5.67863,0.0,0.0667501,0.0,0.0
5.67766,0.0,0.0,0.0,0.0
5.67868,0.0,0.0834376,0.0,0.0
5.67841,0.0,0.150188,0.0,0.0
5.67713,0.0,0.0834376,0.0,0.0
5.67802,0.0,0.0834376,0.0,0.0
5.67909,0.0,0.183563,0.0,0.0
5.6786,0.0,0.0834376,0.0,0.0
5.67813,0.0,0.0667501,0.0,0.0
5.67863,0.0,0.0834376,0.0,0.0
5.67879,0.0,0.116813,0.0,0.0
5.67859,0.0,0.183563,0.0,0.0
5.67924,0.0,0.150188,0.0,0.0
5.67924,0.0,0.1335,0.0,0.0
5.67942,0.0,0.100125,0.0,0.0
5.6783,0.0,0.0834376,0.0,0.0
5.67857,0.0,0.0667501,0.0,0.0
5.67872,0.0,0.0834376,0.0,0.0
5.67799,0.0,0.0667501,0.0,0.0
5.67898,0.0,0.0834376,0.0,0.0
5.67981,0.0,0.116813,0.0,0.0
5.6788,0.0,0.1335,0.0,0.0
5.67827,0.0,0.116813,0.0,0.0
5.67857,0.0,0.100125,0.0,0.0
5.67968,0.0,0.1335,0.0,0.0
5.67918,0.0,0.150188,0.0,0.0
5.67852,0.0,0.116813,0.0,0.0
5.67764,0.0,0.100125,0.0,0.0
5.67805,0.0,0.100125,0.0,0.0
5.67751,0.0,0.100125,0.0,0.0
5.67885,0.0,0.267,0.0,0.0
5.67975,0.0,0.150188,0.0,0.0
5.67846,0.0,0.1335,0.0,0.0
5.67799,0.0,0.0333751,0.0,0.0
5.67885,0.0,0.1335,0.0,0.0
5.67777,0.0,0.0667501,0.0,0.0
5.67809,0.0,0.0667501,0.0,0.0
5.67839,0.0,0.100125,0.0,0.0
5.67887,0.0,0.116813,0.0,0.0
5.67894,0.0,0.1335,0.0,0.0
5.67903,0.0,0.0500626,0.0,0.0
5.67968,0.0,0.166875,0.0,0.0
5.67847,0.0,0.0667501,0.0,0.0
5.6773,0.0,0.100125,0.0,0.0
5.67928,0.0,0.0834376,0.0,0.0
5.67953,0.0,0.100125,0.0,0.0
5.67914,0.0,0.183563,0.0,0.0
5.67869,0.0,0.100125,0.0,0.0
5.67797,0.0,0.0667501,0.0,0.0
5.67819,0.0,0.1335,0.0,0.0
5.67858,0.0,0.0166875,0.0,0.0
5.67776,0.0,0.0667501,0.0,0.0
5.67798,0.0,0.0834376,0.0,0.0
5.67738,0.0,0.0834376,0.0,0.0
5.67811,0.0,0.1335,0.0,0.0
5.67787,0.0,0.0333751,0.0,0.0
5.67835,0.0,0.1335,0.0,0.0
5.67881,0.0,0.150188,0.0,0.0
5.67878,0.0,0.116813,0.0,0.0
5.67809,0.0,0.100125,0.0,0.0
5.67783,0.0,0.0,0.0,0.0
5.67724,0.0,0.116813,0.0,0.0
5.67867,0.0,0.0166875,0.0,0.0
5.67869,0.0,0.116813,0.0,0.0
5.67829,0.0,0.116813,0.0,0.0
5.67869,0.0,0.116813,0.0,0.0
5.6777,0.0,0.0667501,0.0,0.0
5.67759,0.0,0.0500626,0.0,0.0
5.6792,0.0,0.0834376,0.0,0.0
5.67861,0.0,0.100125,0.0,0.0
5.67765,0.0,0.100125,0.0,0.0
5.67725,0.0,0.100125,0.0,0.0
5.67727,0.0,0.0667501,0.0,0.0
5.67737,0.0,0.1335,0.0,0.0
5.67765,0.0,0.0834376,0.0,0.0
5.67786,0.0,0.0500626,0.0,0.0
5.67747,0.0,0.116813,0.0,0.0
5.67787,0.0,0.1335,0.0,0.0
5.67807,0.0,0.0667501,0.0,0.0
5.67884,0.0,0.0333751,0.0,0.0
5.67824,0.0,0.0667501,0.0,0.0
5.67785,0.0,0.100125,0.0,0.0
5.67826,0.0,0.100125,0.0,0.0
5.67792,0.0,0.0500626,0.0,0.0
5.67846,0.0,0.0667501,0.0,0.0
5.67853,0.0,0.0667501,0.0,0.0
5.67807,0.0,0.166875,0.0,0.0
5.67872,0.0,0.0667501,0.0,0.0
5.67946,0.0,0.166875,0.0,0.0
5.67847,0.0,0.150188,0.0,0.0
5.67823,0.0,0.150188,0.0,0.0
5.67846,0.0,0.0834376,0.0,0.0
5.67827,0.0,0.1335,0.0,0.0
5.67929,0.0,0.0834376,0.0,0.0
5.67885,0.0,0.0834376,0.0,0.0
5.67862,0.0,0.0834376,0.0,0.0
5.67938,0.0,0.0500626,0.0,0.0
5.6788,0.0,0.0500626,0.0,0.0
5.67722,0.0,0.0667501,0.0,0.0
5.67772,0.0,0.0667501,0.0,0.0
5.67836,0.0,0.166875,0.0,0.0
5.67869,0.0,0.0834376,0.0,0.0
5.67847,0.0,0.100125,0.0,0.0
5.67864,0.0,0.0834376,0.0,0.0
5.67806,0.0,0.0500626,0.0,0.0
5.67894,0.0,0.166875,0.0,0.0
5.67862,0.0,0.100125,0.0,0.0
5.6772,0.0,0.1335,0.0,0.0
5.67886,0.0,0.100125,0.0,0.0
5.67858,0.0,0.100125,0.0,0.0
5.67841,0.0,0.0834376,0.0,0.0
5.67786,0.0,0.233625,0.0,0.0
5.67829,0.0,0.0834376,0.0,0.0
5.67725,0.0,0.100125,0.0,0.0
5.67744,0.0,0.0834376,0.0,0.0
5.67859,0.0,0.100125,0.0,0.0
5.67829,0.0,0.0834376,0.0,0.0
5.67753,0.0,0.1335,0.0,0.0
5.67752,0.0,0.0834376,0.0,0.0
5.67858,0.0,0.116813,0.0,0.0
5.67733,0.0,0.0834376,0.0,0.0
5.67745,0.0,0.166875,0.0,0.0
5.67885,0.0,0.150188,0.0,0.0
5.67807,0.0,0.0834376,0.0,0.0
5.67784,0.0,0.0834376,0.0,0.0
5.67806,0.0,0.116813,0.0,0.0
5.67791,0.0,0.100125,0.0,0.0
5.67848,0.0,0.100125,0.0,0.0
5.67809,0.0,0.0834376,0.0,0.0
5.67854,0.0,0.0667501,0.0,0.0
5.67806,0.0,0.116813,0.0,0.0
5.67884,0.0,0.0166875,0.0,0.0
5.67878,0.0,0.0834376,0.0,0.0
5.67848,0.0,0.0834376,0.0,0.0
5.67803,0.0,0.1335,0.0,0.0
5.67825,0.0,0.1335,0.0,0.0
5.67818,0.0,0.100125,0.0,0.0
5.67816,0.0,0.0500626,0.0,0.0
5.67833,0.0,0.116813,0.0,0.0
5.67765,0.0,0.0834376,0.0,0.0
5.677,0.0,0.166875,0.0,0.0
5.67911,0.0,0.0667501,0.0,0.0
5.67879,0.0,0.100125,0.0,0.0
5.67801,0.0,0.116813,0.0,0.0
5.67908,0.0,0.116813,0.0,0.0
5.67837,0.0,0.0834376,0.0,0.0
5.67875,0.0,0.0834376,0.0,0.0
5.67927,0.0,0.20025,0.0,0.0
5.67923,0.0,0.0834376,0.0,0.0
5.67778,0.0,0.0834376,0.0,0.0
5.67814,0.0,0.0834376,0.0,0.0
5.67908,0.0,0.0667501,0.0,0.0
5.6775,0.0,0.0333751,0.0,0.0
5.67915,0.0,0.100125,0.0,0.0
5.67941,0.0,0.166875,0.0,0.0
5.67771,0.0,0.100125,0.0,0.0
5.67849,0.0,0.116813,0.0,0.0
5.67937,0.0,0.150188,0.0,0.0
5.67871,0.0,0.150188,0.0,0.0
5.67806,0.0,0.0667501,0.0,0.0
5.67799,0.0,0.100125,0.0,0.0
5.67849,0.0,0.116813,0.0,0.0
5.67793,0.0,0.1335,0.0,0.0
5.67751,0.0,0.0500626,0.0,0.0
5.67774,0.0,0.0834376,0.0,0.0
5.67801,0.0,0.116813,0.0,0.0
5.67973,0.0,0.100125,0.0,0.0
5.67932,0.0,0.1335,0.0,0.0
5.67775,0.0,0.1335,0.0,0.0
5.67829,0.0,0.0667501,0.0,0.0
5.67886,0.0,0.150188,0.0,0.0
5.67816,0.0,0.0667501,0.0,0.0
5.67867,0.0,0.116813,0.0,0.0
5.67889,0.0,0.100125,0.0,0.0
5.67806,0.0,0.1335,0.0,0.0
5.6789,0.0,0.166875,0.0,0.0
5.67822,0.0,0.116813,0.0,0.0
5.67832,0.0,0.100125,0.0,0.0
5.67792,0.0,0.0667501,0.0,0.0
5.67814,0.0,0.100125,0.0,0.0
5.6787,0.0,0.0834376,0.0,0.0
5.67886,0.0,0.100125,0.0,0.0
5.67898,0.0,0.100125,0.0,0.0
5.67827,0.0,0.150188,0.0,0.0
5.67835,0.0,0.100125,0.0,0.0
5.67889,0.0,0.150188,0.0,0.0
5.67833,0.0,0.0667501,0.0,0.0
5.67747,0.0,0.116813,0.0,0.0
5.67768,0.0,0.0500626,0.0,0.0
5.67811,0.0,0.0834376,0.0,0.0
5.67952,0.0,0.0500626,0.0,0.0
5.67843,0.0,0.100125,0.0,0.0
5.67765,0.0,0.0834376,0.0,0.0
5.67832,0.0,0.100125,0.0,0.0
5.6783,0.0,0.1335,0.0,0.0
5.67827,0.0,0.0500626,0.0,0.0
5.67822,0.0,0.0834376,0.0,0.0
5.67797,0.0,0.166875,0.0,0.0
5.6791,0.0,0.0500626,0.0,0.0
5.67923,0.0,0.1335,0.0,0.0
5.67807,0.0,0.100125,0.0,0.0
5.67807,0.0,0.0834376,0.0,0.0
5.67839,0.0,0.0667501,0.0,0.0
5.67914,0.0,0.1335,0.0,0.0
5.67807,0.0,0.0667501,0.0,0.0
5.67794,0.0,0.0834376,0.0,0.0
5.67833,0.0,0.1335,0.0,0.0
5.67797,0.0,0.0834376,0.0,0.0
5.67849,0.0,0.0667501,0.0,0.0
5.67892,0.0,0.0834376,0.0,0.0
5.67869,0.0,0.150188,0.0,0.0
5.67883,0.0,0.100125,0.0,0.0
5.67812,0.0,0.116813,0.0,0.0
5.67917,0.0,0.1335,0.0,0.0
5.67837,0.0,0.0166875,0.0,0.0
5.67752,0.0,0.0667501,0.0,0.0
5.67779,0.0,0.100125,0.0,0.0
5.67709,0.0,0.0333751,0.0,0.0
5.67747,0.0,0.0500626,0.0,0.0
5.67821,0.0,0.0667501,0.0,0.0
5.6783,0.0,0.20025,0.0,0.0
5.67928,0.0,0.100125,0.0,0.0
5.6779,0.0,0.0500626,0.0,0.0
5.67682,0.0,0.0500626,0.0,0.0
5.67799,0.0,0.0333751,0.0,0.0
5.67821,0.0,0.0500626,0.0,0.0
5.67813,0.0,0.100125,0.0,0.0
5.67862,0.0,0.100125,0.0,0.0
5.67803,0.0,0.0667501,0.0,0.0
5.6777,0.0,0.0667501,0.0,0.0
5.67895,0.0,0.0834376,0.0,0.0
5.6787,0.0,0.1335,0.0,0.0
5.6792,0.0,0.0667501,0.0,0.0
5.67945,0.0,0.0500626,0.0,0.0
5.67808,0.0,0.116813,0.0,0.0
5.67814,0.0,0.0500626,0.0,0.0
5.67853,0.0,0.166875,0.0,0.0
5.67831,0.0,0.150188,0.0,0.0
5.67946,0.0,0.1335,0.0,0.0
5.67845,0.0,0.0667501,0.0,0.0
5.67793,0.0,0.0500626,0.0,0.0
5.67817,0.0,0.0667501,0.0,0.0
5.67814,0.0,0.183563,0.0,0.0
5.67822,0.0,0.0667501,0.0,0.0
5.67836,0.0,0.1335,0.0,0.0
5.67862,0.0,0.1335,0.0,0.0
