analog,analog_sterr,photon_counting,pc_sterr,overflow_info
6.81896,0.00615962,58.3612,0.765708,0.0
6.82199,0.00620782,58.8629,0.758184,0.0
6.8234,0.0060456,58.1605,0.774258,0.0
6.81943,0.00629079,58.2776,0.776309,0.0
6.81677,0.00628407,56.8562,0.766734,0.0
6.81946,0.00613953,58.2107,0.77118,0.0
6.8228,0.00629223,59.2475,0.760578,0.0
6.82577,0.00623626,59.5987,0.788621,0.0
6.82562,0.00628473,58.8127,0.761604,0.0
6.82562,0.00622028,58.3445,0.772548,0.0
6.82176,0.00629007,58.194,0.767418,0.0
6.81925,0.0064266,59.4147,0.768102,0.0
6.81592,0.00629816,57.0903,0.756816,0.0
6.81158,0.00632693,58.6957,0.787937,0.0
6.81396,0.00611709,57.7425,0.775625,0.0
6.81415,0.00632425,58.1104,0.776651,0.0
6.82352,0.00611702,58.796,0.741085,0.0
6.83327,0.00615583,57.8428,0.758868,0.0
6.82952,0.00633854,58.612,0.771522,0.0
6.81745,0.00630866,57.5418,0.772206,0.0
6.8092,0.00635139,57.6087,0.749293,0.0
6.81243,0.00620234,57.7926,0.75408,0.0
6.81287,0.00622582,57.6589,0.778703,0.0
6.81569,0.00621343,57.8595,0.774258,0.0
6.82444,0.00629353,58.5117,0.772548,0.0
6.81611,0.006224,56.7726,0.781097,0.0
6.81179,0.0062752,58.194,0.771864,0.0
6.82135,0.00613222,58.4615,0.774258,0.0
6.82503,0.00626542,56.8562,0.774942,0.0
6.81592,0.00633254,57.3077,0.76263,0.0
6.81902,0.0062165,57.6087,0.751344,0.0
6.81852,0.00635961,58.194,0.756816,0.0
6.8059,0.00612485,58.1605,0.778361,0.0
6.81876,0.00614272,57.8763,0.7746,0.0
6.82764,0.00620691,58.8629,0.76434,0.0
6.81556,0.006245,57.5251,0.755106,0.0
6.81423,0.00621252,57.9766,0.76947,0.0
6.81049,0.00615896,56.4883,0.762972,0.0
6.80665,0.00648341,57.7258,0.77118,0.0
6.81614,0.00622576,58.3946,0.75921,0.0
6.81775,0.00626698,58.5786,0.759894,0.0
6.81742,0.00625759,58.3445,0.762288,0.0
6.82037,0.0062754,58.6288,0.76092,0.0
6.81485,0.00619217,58.3612,0.769812,0.0
6.81137,0.00613372,58.1271,0.760236,0.0
6.81489,0.00618349,58.0435,0.748951,0.0
6.81596,0.00622785,57.4916,0.761262,0.0
6.81259,0.00642777,56.8227,0.76434,0.0
6.8094,0.00627925,56.7893,0.760578,0.0
6.81495,0.00621845,58.9799,0.781439,0.0
6.81891,0.00619282,58.2943,0.765024,0.0
6.81636,0.00621826,58.3445,0.76434,0.0
6.8093,0.0061889,57.7926,0.76947,0.0
6.80539,0.00613855,56.9398,0.774942,0.0
6.81691,0.00629653,58.7458,0.770838,0.0
6.81728,0.00618166,57.0401,0.748951,0.0
6.80559,0.00607612,56.689,0.761262,0.0
6.8176,0.00625257,58.194,0.776993,0.0
6.82732,0.0063977,57.2241,0.736297,0.0
6.81405,0.00613385,57.2408,0.795119,0.0
6.81099,0.00629151,57.4749,0.780413,0.0
6.81966,0.00641434,58.3779,0.76947,0.0
6.81939,0.00626972,57.4582,0.75921,0.0
6.81533,0.00628884,57.5585,0.775284,0.0
6.81629,0.0062754,58.2107,0.776993,0.0
6.81366,0.00614233,58.5284,0.761946,0.0
6.81387,0.00621852,57.7425,0.761946,0.0
6.81689,0.00630266,57.9431,0.776993,0.0
6.81655,0.00636385,57.8261,0.76434,0.0
6.80956,0.0061878,57.7425,0.763314,0.0
6.8075,0.00624657,57.1405,0.758526,0.0
6.81264,0.00603973,58.2441,0.756816,0.0
6.82349,0.00610515,57.9933,0.758868,0.0
6.81918,0.00624331,56.99,0.749635,0.0
6.8135,0.00646104,58.8127,0.775625,0.0
6.81834,0.00636196,56.8227,0.792725,0.0
6.81607,0.00628518,57.9766,0.770838,0.0
6.81383,0.00631988,58.1104,0.760578,0.0
6.80823,0.00614572,57.6756,0.754422,0.0
6.80254,0.00621963,57.6254,0.775625,0.0
6.80352,0.00624115,57.291,0.773232,0.0
6.81398,0.00645452,58.0769,0.773232,0.0
6.82082,0.00629581,58.3612,0.759894,0.0
6.81423,0.00625935,57.291,0.762972,0.0
6.81789,0.00633149,57.9766,0.778361,0.0
6.82144,0.00631323,58.01,0.76947,0.0
6.81229,0.00611461,57.6756,0.754422,0.0
6.80874,0.00619575,57.592,0.749977,0.0
6.8069,0.0062103,57.3244,0.763998,0.0
6.81285,0.00619562,59.0301,0.784175,0.0
6.82719,0.00609967,57.8763,0.774942,0.0
6.82187,0.00626379,58.194,0.787253,0.0
6.81281,0.006245,58.4615,0.743479,0.0
6.80659,0.0060891,57.5753,0.770838,0.0
6.80352,0.00609765,56.8729,0.76434,0.0
6.822,0.00615499,59.0803,0.781781,0.0
6.83333,0.00631878,59.4147,0.774258,0.0
6.81414,0.00631486,55.7358,0.742111,0.0
6.80487,0.00620847,58.2776,0.780755,0.0
6.81987,0.00629895,57.5585,0.76263,0.0
6.81921,0.00632034,58.0602,0.77118,0.0
6.79935,0.00633469,56.087,0.762972,0.0
6.81083,0.0062345,58.3946,0.791015,0.0
6.82267,0.00623039,57.8428,0.772548,0.0
6.80968,0.0060561,58.3612,0.76605,0.0
6.81186,0.00617566,56.6722,0.754764,0.0
6.81989,0.00638909,57.893,0.773916,0.0
6.81335,0.00617847,58.0936,0.756132,0.0
6.80552,0.00619204,57.9599,0.7575,0.0
6.81127,0.00592819,57.1906,0.749293,0.0
6.82036,0.00615577,58.2943,0.764682,0.0
6.82461,0.00629908,57.7258,0.777677,0.0
6.81874,0.00638205,59.0301,0.782123,0.0
6.81321,0.00641753,58.2274,0.76092,0.0
6.81872,0.0064613,58.2609,0.769812,0.0
6.81821,0.00631864,58.5452,0.768444,0.0
6.80897,0.00616477,57.9264,0.776651,0.0
6.8108,0.00619406,58.0602,0.771864,0.0
6.82269,0.0061135,59.3645,0.759894,0.0
6.81646,0.00614957,57.7592,0.754764,0.0
6.80944,0.00613868,57.0736,0.754764,0.0
6.81573,0.00629803,56.6388,0.76263,0.0
6.81157,0.00625192,58.9465,0.788279,0.0
6.81144,0.00620678,57.2241,0.757158,0.0
6.82171,0.00629392,58.3612,0.781439,0.0
6.81897,0.00617736,57.9766,0.781439,0.0
6.81906,0.00633163,58.8294,0.776309,0.0
6.82226,0.00630077,58.3946,0.761604,0.0
6.81636,0.00618747,57.7425,0.784859,0.0
6.8137,0.0063495,58.0602,0.76434,0.0
6.81447,0.0062268,56.4883,0.738349,0.0
6.81498,0.00606171,58.0769,0.776309,0.0
6.82195,0.00609739,59.3813,0.75237,0.0
6.8213,0.00621389,58.4615,0.764682,0.0
6.81564,0.00626868,57.2742,0.76092,0.0
6.81043,0.00609093,57.3411,0.760236,0.0
6.81018,0.00628401,58.4114,0.765366,0.0
6.82469,0.0062679,58.5619,0.762288,0.0
6.83202,0.00646352,58.3445,0.766734,0.0
6.81494,0.00628277,57.4916,0.775284,0.0
6.81237,0.00639196,58.3612,0.769128,0.0
6.81646,0.00622211,57.893,0.773232,0.0
6.80674,0.00609765,56.689,0.738007,0.0
6.81113,0.00647245,58.5786,0.776651,0.0
6.82688,0.00634324,58.3445,0.75921,0.0
6.81742,0.00608219,57.3579,0.763314,0.0
6.8094,0.00630566,57.6421,0.758868,0.0
6.81389,0.00630997,57.3077,0.751686,0.0
6.81189,0.00623052,57.8595,0.756132,0.0
6.81103,0.00621213,57.8094,0.756132,0.0
6.81145,0.00626255,58.1605,0.771522,0.0
6.80969,0.00624846,58.0602,0.776993,0.0
6.81384,0.00625335,59.097,0.773916,0.0
6.81929,0.00636215,59.0301,0.751002,0.0
6.82373,0.00612263,58.5117,0.76434,0.0
6.81117,0.00627364,57.291,0.775625,0.0
6.8079,0.00608173,57.592,0.762288,0.0
6.81502,0.00631825,57.709,0.760578,0.0
6.80591,0.00615094,57.5585,0.762288,0.0
6.81373,0.00624565,59.1137,0.773916,0.0
6.82365,0.00606627,57.6756,0.75066,0.0
6.82397,0.00615857,58.5953,0.75237,0.0
6.8234,0.00623659,57.6087,0.768786,0.0
6.81738,0.00637096,58.0602,0.781097,0.0
6.81614,0.00622348,58.4448,0.76605,0.0
6.81248,0.00629608,57.2742,0.76263,0.0
6.80913,0.00599244,57.8094,0.754422,0.0
6.81415,0.00628036,58.5619,0.763998,0.0
6.8155,0.00617684,57.5418,0.761604,0.0
6.82144,0.00619393,56.8896,0.748951,0.0
6.81352,0.00611056,58.5117,0.773232,0.0
6.8104,0.00610528,56.7391,0.742795,0.0
6.82093,0.00624115,58.8294,0.751002,0.0
6.81671,0.00619817,58.0435,0.746899,0.0
6.8113,0.00621284,57.6254,0.765024,0.0
6.81632,0.00630886,57.9264,0.772206,0.0
6.80579,0.00624918,57.0903,0.773574,0.0
6.8054,0.00616803,56.4716,0.770496,0.0
6.81911,0.00619008,58.1271,0.770496,0.0
6.81191,0.0060664,56.9231,0.753054,0.0
6.80888,0.00619001,59.1639,0.770154,0.0
6.81502,0.00618036,56.5552,0.779045,0.0
6.80969,0.00626607,58.2274,0.765708,0.0
6.81049,0.00608924,57.9097,0.778361,0.0
6.81585,0.00632288,57.5753,0.762288,0.0
6.81497,0.00637442,57.7258,0.76776,0.0
6.81437,0.00623822,56.2207,0.766734,0.0
6.80889,0.00617514,56.8729,0.770154,0.0
6.80983,0.00621917,57.1405,0.755106,0.0
6.81859,0.00632615,58.2107,0.768786,0.0
6.81474,0.006345,59.1806,0.754422,0.0
6.80481,0.00621826,57.592,0.772548,0.0
6.80424,0.00620795,57.3077,0.76092,0.0
6.8154,0.00622935,57.408,0.762972,0.0
6.81992,0.00622113,58.7793,0.768786,0.0
6.81365,0.00629001,57.1405,0.751002,0.0
6.80848,0.00616007,56.6221,0.758526,0.0
6.8167,0.00616203,58.1104,0.755106,0.0
6.82521,0.00625805,58.1438,0.75921,0.0
6.81519,0.00621487,57.6756,0.756816,0.0
6.80315,0.00630462,56.7057,0.763314,0.0
6.80391,0.00615609,57.291,0.775625,0.0
6.81094,0.00641447,58.495,0.777335,0.0
6.81601,0.00636646,57.8428,0.763998,0.0
6.81031,0.00625863,57.3579,0.781097,0.0
6.81307,0.00634591,57.2241,0.749635,0.0
6.82165,0.00606908,58.4783,0.760578,0.0
6.82318,0.00637983,58.01,0.776993,0.0
6.8239,0.00621526,57.893,0.75579,0.0
6.81348,0.00622132,57.2241,0.782123,0.0
6.80247,0.00607632,57.4247,0.783833,0.0
6.80972,0.00626177,57.5418,0.76263,0.0
6.81746,0.00614448,57.9097,0.76263,0.0
6.81204,0.00625589,57.8595,0.756816,0.0
6.8039,0.00619217,56.087,0.751686,0.0
6.80336,0.00622093,57.3411,0.75237,0.0
6.81486,0.00630123,58.6455,0.774258,0.0
6.82317,0.00631793,57.7759,0.761262,0.0
6.81006,0.00616203,57.7592,0.757842,0.0
6.80416,0.00611415,57.0401,0.772548,0.0
6.81829,0.00621258,57.6087,0.76092,0.0
6.81637,0.00631571,59.1639,0.786227,0.0
6.8105,0.00633332,57.5418,0.763314,0.0
6.81785,0.00616079,56.9565,0.775967,0.0
6.81915,0.00608695,58.01,0.761946,0.0
6.81541,0.00619249,57.709,0.789989,0.0
6.82237,0.00630084,58.2776,0.776309,0.0
6.82261,0.00635811,57.1237,0.754764,0.0
6.81779,0.00625863,58.01,0.758184,0.0
6.82138,0.00642321,57.2241,0.759552,0.0
6.82153,0.00634343,59.0635,0.775625,0.0
6.81533,0.00628329,57.4749,0.7575,0.0
6.8047,0.00616764,57.6421,0.765366,0.0
6.80698,0.00618434,58.5117,0.76776,0.0
6.81745,0.0061617,57.7425,0.760236,0.0
6.81923,0.00637833,58.5117,0.76947,0.0
6.81214,0.00635159,57.3579,0.758526,0.0
6.80885,0.00627194,57.6589,0.783491,0.0
6.81651,0.006236,58.5786,0.783149,0.0
6.81854,0.00642099,57.0569,0.772206,0.0
6.81599,0.00646176,57.7926,0.775284,0.0
6.81989,0.0062013,58.612,0.751686,0.0
6.81397,0.00634141,58.7291,0.765708,0.0
6.79829,0.00613796,56.5217,0.742111,0.0
6.79841,0.00611056,57.4415,0.760578,0.0
6.81889,0.00613907,59.5652,0.775284,0.0
6.82642,0.00622517,57.4916,0.760578,0.0
6.81435,0.00618688,56.9064,0.75066,0.0
6.81143,0.00612576,57.8094,0.75066,0.0
6.81409,0.00630586,56.8395,0.766734,0.0
6.81117,0.0063328,56.1706,0.754764,0.0
6.80658,0.00628016,58.6622,0.768102,0.0
6.81228,0.0064962,58.1104,0.761262,0.0
6.82104,0.00622915,57.5251,0.744847,0.0
6.81469,0.00621839,57.9097,0.747925,0.0
6.8052,0.00626457,57.0401,0.768102,0.0
6.81796,0.0061197,56.8729,0.747241,0.0
6.81354,0.00621337,56.6722,0.762972,0.0
6.80252,0.00617077,56.4381,0.758526,0.0
6.81537,0.0062587,58.0936,0.753738,0.0
6.82066,0.00627129,57.9599,0.784517,0.0
6.81767,0.00635185,58.9967,0.785885,0.0
6.82049,0.00618616,58.612,0.761946,0.0
6.81137,0.00621043,57.6087,0.765024,0.0
6.80438,0.00616953,58.0268,0.75921,0.0
6.8086,0.00632028,56.9064,0.787937,0.0
6.81649,0.00632712,58.0268,0.768444,0.0
6.81981,0.00638205,57.408,0.790331,0.0
6.81714,0.00643821,58.4281,0.769812,0.0
6.81712,0.00628277,56.3043,0.767076,0.0
6.81311,0.00620091,58.8629,0.782465,0.0
6.82051,0.00616353,57.893,0.776993,0.0
6.82686,0.00624402,58.2274,0.76092,0.0
6.8211,0.00622967,58.8127,0.75579,0.0
6.82199,0.00629855,58.2107,0.786569,0.0
6.82568,0.00645334,58.6957,0.787253,0.0
6.81956,0.00638094,57.6589,0.75408,0.0
6.81415,0.00613196,57.4749,0.748951,0.0
6.81959,0.00621976,57.7258,0.777677,0.0
6.82375,0.00627188,58.5619,0.772548,0.0
6.82283,0.00632797,57.9766,0.761262,0.0
6.81286,0.00623606,56.6722,0.768102,0.0
6.81012,0.00638903,59.1472,0.762288,0.0
6.81385,0.00618988,56.3211,0.762288,0.0
6.8128,0.00613372,58.495,0.772548,0.0
6.81094,0.0061572,56.4716,0.76263,0.0
6.81437,0.00623867,58.6622,0.776309,0.0
6.81589,0.00637305,58.3612,0.766734,0.0
6.80629,0.00630227,58.1104,0.762288,0.0
6.80403,0.00614148,56.2207,0.744847,0.0
6.81164,0.00628857,57.8595,0.773574,0.0
6.81292,0.00628916,58.1605,0.76776,0.0
6.81097,0.00616203,58.01,0.75237,0.0
6.81674,0.00616386,58.2107,0.752712,0.0
6.81464,0.00622869,56.6388,0.758868,0.0
6.80738,0.00622217,58.1438,0.758526,0.0
6.80818,0.00621571,57.6421,0.76947,0.0
6.81384,0.00615218,59.4147,0.783149,0.0
6.81892,0.00622674,58.5452,0.761262,0.0
6.8176,0.00625602,57.5251,0.757842,0.0
6.81952,0.00621232,58.5953,0.771522,0.0
6.81952,0.00623156,59.1137,0.7746,0.0
6.81452,0.00619451,58.2776,0.758526,0.0
6.81008,0.00631186,57.9431,0.76776,0.0
6.80886,0.0062028,57.7258,0.75579,0.0
6.81619,0.00626209,57.8428,0.76605,0.0
6.82123,0.00621761,58.5452,0.767418,0.0
6.8113,0.00622406,57.3913,0.772206,0.0
6.80887,0.00620443,57.3746,0.749977,0.0
6.8167,0.00628988,57.5418,0.76776,0.0
6.8129,0.00625648,58.4448,0.769812,0.0
6.80235,0.00619582,57.291,0.76434,0.0
6.80007,0.00637298,57.7425,0.767418,0.0
6.80261,0.00619941,56.8562,0.763656,0.0
6.81142,0.0063356,57.2408,0.757842,0.0
6.824,0.00627409,59.0468,0.773916,0.0
6.82589,0.00622048,58.9298,0.759894,0.0
6.80845,0.00621323,57.3913,0.758526,0.0
6.80516,0.00629914,58.0936,0.768444,0.0
6.82581,0.00623424,58.6789,0.768444,0.0
6.8319,0.00619047,59.3813,0.762288,0.0
6.81784,0.00624989,57.5753,0.777677,0.0
6.80986,0.00643162,58.1773,0.751344,0.0
6.80971,0.00620169,57.1739,0.751002,0.0
6.81561,0.00633991,58.5619,0.770154,0.0
6.82133,0.00609778,59.9498,0.762972,0.0
6.81612,0.00620339,56.6555,0.785885,0.0
6.8102,0.00626359,57.291,0.77118,0.0
6.81935,0.00617136,59.4649,0.764682,0.0
6.81603,0.00611898,58.0602,0.766392,0.0
6.81164,0.00631506,57.2408,0.759552,0.0
6.82037,0.00636333,56.9064,0.7575,0.0
6.81451,0.00630084,57.0401,0.751002,0.0
6.80933,0.00619869,58.0268,0.759552,0.0
6.82115,0.00624474,58.01,0.756474,0.0
6.82081,0.0062435,59.5987,0.779387,0.0
6.80505,0.006115,57.5084,0.764682,0.0
6.80896,0.00627396,57.3077,0.780071,0.0
6.82088,0.00617377,59.1806,0.755106,0.0
6.81673,0.00622119,57.6087,0.780413,0.0
6.80642,0.00624741,58.6455,0.780755,0.0
6.80986,0.00620397,56.4716,0.739375,0.0
6.81046,0.00615616,58.2609,0.759894,0.0
6.81421,0.00635145,59.214,0.76947,0.0
6.82112,0.00626966,57.107,0.76263,0.0
6.81854,0.00620763,59.0635,0.76434,0.0
6.81879,0.00613366,58.3445,0.760578,0.0
6.81298,0.00633273,57.107,0.769812,0.0
6.80875,0.00618564,57.6421,0.753396,0.0
6.82059,0.00629875,58.2274,0.758184,0.0
6.82204,0.00637402,57.1572,0.763998,0.0
6.81083,0.00631088,58.2776,0.770838,0.0
6.81181,0.00621898,58.2274,0.775284,0.0
6.81025,0.00624063,57.9933,0.758526,0.0
6.81151,0.00631062,57.7425,0.785201,0.0
6.81608,0.00619771,56.9398,0.76434,0.0
6.81509,0.00625909,57.291,0.767076,0.0
6.81897,0.00619667,57.8428,0.770838,0.0
6.81194,0.00627677,57.8595,0.765708,0.0
6.80916,0.0062146,57.7592,0.771864,0.0
6.81627,0.00642562,57.3077,0.765708,0.0
6.80924,0.0062844,57.0903,0.752028,0.0
6.80682,0.00599439,58.0769,0.773916,0.0
6.8147,0.00620521,57.9933,0.768444,0.0
6.81418,0.00614657,58.6288,0.767418,0.0
6.81856,0.00618525,57.6589,0.750318,0.0
6.81397,0.00612094,58.0769,0.740743,0.0
6.8028,0.00613666,57.6421,0.756816,0.0
6.81065,0.00628733,57.2074,0.765708,0.0
6.8228,0.00623137,58.5953,0.768444,0.0
6.82223,0.00615238,57.2241,0.763656,0.0
6.82013,0.00609674,58.5786,0.753396,0.0
6.81004,0.0062377,58.5953,0.766392,0.0
6.8036,0.00622008,56.505,0.767418,0.0
6.82001,0.00626555,58.5619,0.748609,0.0
6.81678,0.00607762,57.0401,0.762972,0.0
6.79813,0.00626072,56.4716,0.777335,0.0
6.80767,0.00627729,58.7291,0.779387,0.0
6.8176,0.00612615,57.709,0.749293,0.0
6.81656,0.0062497,58.0769,0.76605,0.0
6.81562,0.00633926,57.8094,0.779045,0.0
6.81494,0.00627853,57.1906,0.784859,0.0
6.80945,0.00632412,57.6254,0.767418,0.0
6.81872,0.00632145,58.311,0.760578,0.0
6.81998,0.00612987,57.1906,0.76092,0.0
6.81393,0.00632315,59.6154,0.767076,0.0
6.80382,0.00627305,57.3244,0.773916,0.0
6.79776,0.00618179,56.4214,0.755106,0.0
6.81327,0.00630508,57.7425,0.76605,0.0
6.82068,0.00614103,58.4281,0.762288,0.0
6.80986,0.00622361,57.3579,0.765024,0.0
6.80708,0.00615955,57.7425,0.751002,0.0
6.81622,0.0063401,58.495,0.767418,0.0
6.82215,0.00632504,58.9465,0.75408,0.0
6.81665,0.00628505,57.9933,0.765708,0.0
6.81663,0.00634852,57.893,0.76947,0.0
6.81406,0.00621056,57.4582,0.777677,0.0
6.8088,0.00618819,57.893,0.757158,0.0
6.81174,0.00612811,57.9097,0.759894,0.0
6.8153,0.00622726,58.1438,0.759552,0.0
6.81554,0.00608989,58.796,0.771522,0.0
6.82161,0.00631988,59.2475,0.775967,0.0
6.8207,0.00614885,57.8261,0.769812,0.0
6.81868,0.00630873,58.5452,0.778361,0.0
6.81278,0.00620038,57.4749,0.749293,0.0
6.80106,0.00614109,57.8094,0.76605,0.0
6.80149,0.00631506,56.7224,0.765708,0.0
6.8064,0.00612576,57.7926,0.741769,0.0
6.80649,0.00617129,57.2575,0.786911,0.0
6.81155,0.00623117,57.7258,0.751686,0.0
6.818,0.00623783,57.291,0.749977,0.0
6.81103,0.00640018,58.7793,0.786911,0.0
6.80464,0.0062709,57.4415,0.747241,0.0
6.81167,0.00626653,57.8428,0.76434,0.0
6.81892,0.00623385,58.3612,0.768102,0.0
6.80874,0.00619047,57.0569,0.76092,0.0
6.8025,0.00617964,56.1873,0.773574,0.0
6.80863,0.00618016,56.806,0.750318,0.0
6.81595,0.00618545,57.6421,0.757842,0.0
6.81553,0.00632028,57.8763,0.771864,0.0
6.81859,0.00623985,59.5652,0.756816,0.0
6.82424,0.00623685,57.107,0.755106,0.0
6.81385,0.00597235,57.9599,0.759552,0.0
6.80667,0.00634213,57.5418,0.756816,0.0
6.81909,0.00644043,57.9766,0.791015,0.0
6.8299,0.0064765,58.7291,0.752028,0.0
6.82151,0.00632106,58.6789,0.787253,0.0
6.8157,0.0063904,57.5753,0.758526,0.0
6.8187,0.00637239,58.3278,0.747241,0.0
6.82862,0.00629229,59.2977,0.778019,0.0
6.82963,0.00628009,58.7124,0.744163,0.0
6.8239,0.00622745,58.8963,0.765024,0.0
6.82209,0.0063328,58.6957,0.770838,0.0
6.813,0.0063088,58.6957,0.76776,0.0
6.81033,0.00620456,59.3144,0.771522,0.0
6.81299,0.00627429,57.8428,0.744847,0.0
6.82146,0.00645536,58.4281,0.76605,0.0
6.81988,0.00626607,58.1104,0.771522,0.0
6.80795,0.00631923,56.3211,0.762972,0.0
6.81622,0.00633678,58.2943,0.769812,0.0
6.82101,0.00615805,58.495,0.763314,0.0
6.80835,0.00626203,56.8562,0.751686,0.0
6.81205,0.00612492,57.6923,0.746899,0.0
6.81803,0.00610378,57.2742,0.756474,0.0
6.80908,0.00620717,58.3278,0.771864,0.0
6.81088,0.00617044,57.1739,0.747925,0.0
6.81921,0.00628127,58.5619,0.758868,0.0
6.81462,0.00628923,57.0569,0.757158,0.0
6.811,0.00614827,57.9431,0.760236,0.0
6.82831,0.00620612,58.8294,0.782465,0.0
6.82655,0.00633156,58.5953,0.782807,0.0
6.80336,0.00626059,57.2742,0.769128,0.0
6.80733,0.00620821,57.8094,0.745189,0.0
6.81719,0.00632008,57.2742,0.759552,0.0
6.81117,0.00624239,56.4548,0.745873,0.0
6.81625,0.00634167,58.612,0.774258,0.0
6.81541,0.00621121,56.8562,0.778703,0.0
6.80645,0.00631884,57.8595,0.765708,0.0
6.81196,0.00626268,57.8428,0.763314,0.0
6.81936,0.00602838,58.01,0.756132,0.0
6.80772,0.00615329,57.9766,0.773574,0.0
6.7999,0.00623835,57.4916,0.773574,0.0
6.80997,0.00624976,57.0067,0.755106,0.0
6.80982,0.00618845,57.0401,0.779729,0.0
6.80735,0.0062634,58.5452,0.766734,0.0
6.81147,0.00627077,57.2742,0.76263,0.0
6.81003,0.00632862,57.9933,0.769128,0.0
6.81902,0.00649515,58.7625,0.756132,0.0
6.82539,0.00618049,58.5953,0.760578,0.0
6.81894,0.00620978,57.9933,0.748267,0.0
6.81637,0.00627644,58.2943,0.770496,0.0
6.81767,0.00623711,58.495,0.760236,0.0
6.80987,0.006118,56.6722,0.748609,0.0
6.80666,0.00606738,56.99,0.762288,0.0
6.81852,0.00623202,57.8763,0.773574,0.0
6.82089,0.00630964,57.9431,0.773574,0.0
6.81445,0.00643501,58.0435,0.755448,0.0
6.81398,0.00627005,58.8796,0.766734,0.0
6.81703,0.00622928,58.0435,0.741085,0.0
6.8138,0.00620671,57.3913,0.765024,0.0
6.81267,0.00619725,56.4381,0.761946,0.0
6.81568,0.00603666,56.6054,0.770496,0.0
6.81884,0.00631838,59.1137,0.772548,0.0
6.82249,0.00635563,59.2977,0.76776,0.0
6.81052,0.00636757,58.4281,0.771864,0.0
6.79816,0.00619171,57.1739,0.772548,0.0
6.8125,0.00626979,58.194,0.766734,0.0
6.81882,0.00612341,57.6923,0.76605,0.0
6.81586,0.00618616,58.2943,0.770838,0.0
6.82032,0.00608128,57.9097,0.773574,0.0
6.81581,0.00616327,57.2575,0.761604,0.0
6.81049,0.00618179,57.8261,0.76092,0.0
6.81462,0.00631401,57.4582,0.758868,0.0
6.81527,0.00628994,58.9967,0.779387,0.0
6.81397,0.00630521,57.7258,0.7575,0.0
6.80903,0.0059882,58.8796,0.765708,0.0
6.80683,0.00630553,56.8227,0.758184,0.0
6.82172,0.00619523,58.6288,0.769812,0.0
6.82936,0.00637168,57.7592,0.775284,0.0
6.81691,0.00629118,57.6254,0.767418,0.0
6.81471,0.00618917,57.7926,0.754764,0.0
6.81781,0.0060094,58.8462,0.780413,0.0
6.82103,0.00632073,57.7592,0.769128,0.0
6.81129,0.00635915,56.4381,0.76776,0.0
6.80603,0.00623072,56.7224,0.764682,0.0
6.81529,0.006375,57.2241,0.768444,0.0
6.81564,0.00622954,57.9097,0.75408,0.0
6.80849,0.0062964,58.01,0.771522,0.0
6.8092,0.0063386,57.0401,0.769812,0.0
6.81553,0.006251,57.9766,0.772548,0.0
6.81303,0.00623352,58.7458,0.776309,0.0
6.81803,0.00628186,57.8261,0.765024,0.0
6.82086,0.00635739,59.2475,0.781781,0.0
6.81153,0.00621343,56.806,0.761604,0.0
6.80466,0.00618656,57.3579,0.762288,0.0
6.80377,0.00624761,56.204,0.748609,0.0
6.80628,0.00632086,56.7057,0.773232,0.0
6.8168,0.00605453,58.3278,0.762288,0.0
6.82122,0.00621389,57.9097,0.759894,0.0
6.811,0.00620554,58.7291,0.771864,0.0
6.81786,0.006224,57.4749,0.768102,0.0
6.81886,0.00627285,57.6421,0.767076,0.0
6.80922,0.00619106,56.8729,0.759552,0.0
6.82108,0.00628068,57.7425,0.755106,0.0
6.82445,0.006242,58.7458,0.756816,0.0
6.81686,0.00625224,57.5251,0.752712,0.0
6.82363,0.00612126,58.3779,0.76092,0.0
6.82761,0.00618401,57.4749,0.76263,0.0
6.81972,0.00626542,58.2107,0.76434,0.0
6.81003,0.00614898,57.3579,0.75237,0.0
6.81091,0.00614331,57.9599,0.763998,0.0
6.81698,0.00619908,57.0569,0.752028,0.0
6.82074,0.00621532,58.0936,0.782465,0.0
6.82034,0.00628733,57.8763,0.763314,0.0
6.81356,0.00619712,57.9933,0.752712,0.0
6.81156,0.00616738,56.99,0.759894,0.0
6.81226,0.0062844,58.6957,0.768444,0.0
6.81229,0.00622367,58.4783,0.7746,0.0
6.80728,0.00630097,57.6254,0.761604,0.0
6.80638,0.00619641,57.408,0.760236,0.0
6.81956,0.00629242,57.3077,0.748267,0.0
6.81894,0.00613946,58.4114,0.775625,0.0
6.81299,0.00632602,57.3411,0.768102,0.0
6.8169,0.00647924,57.9766,0.75921,0.0
6.82496,0.00631506,58.4448,0.771864,0.0
6.82022,0.00639046,58.6288,0.77289,0.0
6.80842,0.00621982,58.495,0.770838,0.0
6.81064,0.00631891,57.3244,0.747925,0.0
6.81334,0.00618969,57.6589,0.7575,0.0
6.80333,0.00622752,56.3378,0.745873,0.0
6.79957,0.00616973,55.6689,0.760578,0.0
6.80671,0.00607247,57.3077,0.758868,0.0
6.81729,0.00626692,57.9264,0.770154,0.0
6.82322,0.00624852,58.3946,0.753738,0.0
6.8156,0.00623515,57.3244,0.763656,0.0
6.80862,0.00624259,57.8428,0.762288,0.0
6.81235,0.00624252,57.9431,0.774258,0.0
6.80717,0.00620984,55.8528,0.745873,0.0
6.81073,0.00606967,58.5953,0.752712,0.0
6.82379,0.00621513,58.01,0.75066,0.0
6.81882,0.00622008,57.4916,0.781097,0.0
6.81281,0.00612511,57.408,0.750318,0.0
6.81958,0.00620854,58.4448,0.775284,0.0
6.82165,0.00635687,58.0769,0.783149,0.0
6.81492,0.00632301,57.0569,0.77289,0.0
6.80771,0.00626261,56.1706,0.752712,0.0
6.81674,0.00631336,58.2274,0.779729,0.0
6.82739,0.00634395,58.8796,0.779729,0.0
6.81952,0.00625589,57.9431,0.75066,0.0
6.81097,0.0062388,57.107,0.762972,0.0
6.80208,0.00608545,56.7057,0.765024,0.0
6.80681,0.00625831,57.9097,0.7746,0.0
6.82582,0.00648889,59.3645,0.763314,0.0
6.8206,0.00631336,56.6221,0.771864,0.0
6.80788,0.0062934,57.8261,0.764682,0.0
6.81206,0.00617279,58.6455,0.766392,0.0
6.80988,0.00622915,58.5786,0.76263,0.0
6.81328,0.00647461,57.9097,0.765024,0.0
6.8188,0.00611604,58.2441,0.763656,0.0
6.81552,0.00632445,58.7291,0.756474,0.0
6.8116,0.00604755,57.5084,0.781781,0.0
6.80931,0.00628505,58.1605,0.7746,0.0
6.80901,0.00619569,57.6254,0.77118,0.0
6.81675,0.00627429,58.5619,0.758184,0.0
6.81593,0.00607149,56.99,0.770496,0.0
6.80854,0.00629914,57.6756,0.766734,0.0
6.81906,0.00629594,58.0769,0.765366,0.0
6.82651,0.00609106,58.5452,0.777335,0.0
6.81643,0.00626385,58.3779,0.759894,0.0
6.81486,0.00627546,58.4281,0.764682,0.0
6.81502,0.00616477,56.7559,0.755448,0.0
6.80873,0.00611246,58.4281,0.754764,0.0
6.80636,0.00601011,57.6589,0.75579,0.0
6.80813,0.00617058,58.8127,0.746557,0.0
6.81358,0.00609367,57.1906,0.758868,0.0
6.81576,0.00625433,58.0769,0.761604,0.0
6.8174,0.0061195,58.8963,0.76776,0.0
6.8185,0.00654277,59.1806,0.771522,0.0
6.81401,0.00627272,57.107,0.777335,0.0
6.81783,0.00633417,58.5953,0.781097,0.0
6.82276,0.00640853,57.0401,0.768102,0.0
6.81647,0.00599485,57.7759,0.776651,0.0
6.82188,0.00624748,58.0268,0.748267,0.0
6.82621,0.00629249,59.398,0.774942,0.0
6.81544,0.00616555,57.7759,0.767418,0.0
6.81861,0.00631343,57.9933,0.75921,0.0
6.82758,0.00633867,59.3478,0.763314,0.0
6.82333,0.00626424,58.796,0.773232,0.0
6.81973,0.00619067,58.6957,0.77289,0.0
6.81256,0.00619902,56.99,0.774258,0.0
6.80924,0.00627357,57.8595,0.760578,0.0
6.81349,0.00629438,57.6756,0.780071,0.0
6.81314,0.00621982,57.0401,0.753054,0.0
6.80918,0.00610789,57.3077,0.738007,0.0
6.81497,0.00632347,59.4147,0.777677,0.0
6.82437,0.00638785,57.6087,0.759552,0.0
6.807,0.00623261,56.5719,0.768102,0.0
6.80252,0.00623828,58.194,0.760578,0.0
6.81943,0.00606771,57.9599,0.769128,0.0
6.82331,0.00617605,59.1472,0.767076,0.0
6.81766,0.00623789,57.8094,0.768444,0.0
6.82168,0.00632106,57.7592,0.77118,0.0
6.82411,0.0062589,57.6923,0.776993,0.0
6.81086,0.00629692,56.5385,0.75921,0.0
6.80871,0.00629125,57.5753,0.778019,0.0
6.82523,0.00652307,58.7124,0.767076,0.0
6.8193,0.00641786,57.291,0.768786,0.0
6.81122,0.00634748,56.9732,0.75921,0.0
6.81876,0.00629542,57.3746,0.770154,0.0
6.81677,0.00604416,57.7926,0.76263,0.0
6.81638,0.00633319,59.7826,0.76434,0.0
6.81443,0.00629745,56.7391,0.761604,0.0
6.81135,0.00618271,58.913,0.773916,0.0
6.82862,0.00644127,59.5987,0.775967,0.0
6.82916,0.0063859,57.9431,0.771864,0.0
6.80927,0.00614559,57.4916,0.758184,0.0
6.81275,0.0061709,58.2107,0.75579,0.0
6.82841,0.00631408,58.311,0.773574,0.0
6.81935,0.00625081,58.2441,0.76776,0.0
6.80792,0.00627148,57.6421,0.765708,0.0
6.81741,0.00636672,58.0602,0.742795,0.0
6.8241,0.00626959,58.2776,0.755448,0.0
6.81771,0.00615525,56.99,0.7575,0.0
6.82236,0.0062028,58.5619,0.77118,0.0
6.82573,0.00630371,58.8796,0.789989,0.0
6.81246,0.00616255,57.8261,0.763998,0.0
6.81501,0.00629301,58.2776,0.762972,0.0
6.81949,0.00634161,57.9097,0.761262,0.0
6.80948,0.00634682,57.7425,0.773916,0.0
6.80718,0.00628199,58.1773,0.763656,0.0
6.80634,0.00612472,57.0234,0.766392,0.0
6.81166,0.0061636,58.3779,0.763656,0.0
6.81415,0.00613685,56.505,0.765708,0.0
6.81234,0.00623032,59.0301,0.773916,0.0
6.81534,0.00616875,57.8763,0.75579,0.0
6.81341,0.00640925,57.9097,0.762972,0.0
6.81586,0.00630208,58.0268,0.778019,0.0
6.80874,0.00614657,57.3411,0.758184,0.0
6.80663,0.00623183,57.9933,0.77289,0.0
6.81837,0.00638837,57.4749,0.758868,0.0
6.81488,0.00628688,57.4247,0.76092,0.0
6.80941,0.00631088,58.4114,0.751686,0.0
6.81449,0.00625994,57.7926,0.780755,0.0
6.81656,0.00628681,58.2441,0.771864,0.0
6.82224,0.00642725,58.1438,0.761604,0.0
6.82521,0.00622093,58.3278,0.770496,0.0
6.8184,0.00627964,57.7258,0.758526,0.0
6.81475,0.0061636,59.4983,0.759894,0.0
6.81384,0.00618767,57.2742,0.757842,0.0
6.81101,0.00631277,58.8294,0.777335,0.0
6.80403,0.00610848,57.1572,0.749977,0.0
6.79833,0.0063555,57.4749,0.780413,0.0
6.8044,0.00632993,56.0033,0.75921,0.0
6.80426,0.00634265,56.7893,0.771522,0.0
6.80245,0.00614148,57.8595,0.7746,0.0
6.8127,0.00626379,57.0569,0.749977,0.0
6.8111,0.00626751,57.6087,0.756816,0.0
6.80694,0.00618284,57.3579,0.76605,0.0
6.81338,0.00623867,57.5418,0.76776,0.0
6.81637,0.00624794,58.5117,0.766734,0.0
6.81399,0.00628747,57.893,0.762972,0.0
6.80906,0.00627775,57.6254,0.777335,0.0
6.80881,0.00617664,57.8094,0.76434,0.0
6.81149,0.00621526,56.5217,0.756816,0.0
6.81267,0.0063146,57.4749,0.758868,0.0
6.8175,0.00621969,59.4983,0.768102,0.0
6.81659,0.00633469,57.9933,0.765708,0.0
6.80697,0.00635165,55.9532,0.75579,0.0
6.81644,0.00643808,58.7124,0.77118,0.0
6.82141,0.00625616,57.6421,0.763656,0.0
6.81549,0.00618532,58.913,0.771864,0.0
6.82438,0.00642927,57.592,0.768786,0.0
6.8196,0.00622752,58.0268,0.773574,0.0
6.81267,0.00619641,58.8629,0.751344,0.0
6.80234,0.00611167,56.7726,0.753396,0.0
6.80439,0.00618864,58.1438,0.770154,0.0
6.81468,0.00612544,57.5585,0.770838,0.0
6.80832,0.00609922,57.709,0.759552,0.0
6.80953,0.00615675,57.4415,0.754422,0.0
6.82072,0.00627272,58.2274,0.758184,0.0
6.81868,0.00619882,59.0468,0.764682,0.0
6.81369,0.00617162,57.9599,0.767418,0.0
6.80686,0.00606882,57.107,0.76092,0.0
6.80307,0.00628649,58.2107,0.785201,0.0
6.81549,0.00629836,57.0569,0.757158,0.0
6.8094,0.00613594,57.3244,0.776309,0.0
6.80222,0.00627272,57.3579,0.779387,0.0
6.81189,0.00619941,56.8395,0.75921,0.0
6.81152,0.00635035,57.1405,0.770838,0.0
6.81491,0.00621884,58.4615,0.757842,0.0
6.82459,0.00629921,58.9967,0.763656,0.0
6.81712,0.00624578,57.5084,0.762288,0.0
6.81386,0.00629549,59.9164,0.793409,0.0
6.81741,0.00620769,57.4916,0.784517,0.0
6.80103,0.00621428,57.8094,0.755106,0.0
6.80289,0.00613092,57.0401,0.753054,0.0
6.81346,0.00615264,56.6555,0.743821,0.0
6.80841,0.00605068,57.2408,0.762288,0.0
6.80715,0.00605114,57.3579,0.742795,0.0
6.80896,0.00627462,57.9431,0.775284,0.0
6.80729,0.00623867,56.6221,0.754764,0.0
6.81718,0.0062028,57.709,0.774258,0.0
6.82243,0.00622993,58.0936,0.779729,0.0
6.81715,0.00620763,58.4281,0.76947,0.0
6.82025,0.00622472,58.5619,0.756132,0.0
6.81814,0.00613248,58.0268,0.764682,0.0
6.80081,0.00600033,57.6087,0.763314,0.0
6.80197,0.0062238,57.1739,0.763656,0.0
6.82545,0.00628453,58.6622,0.764682,0.0
6.82488,0.00619497,58.8127,0.776651,0.0
6.80567,0.00640194,56.5217,0.770496,0.0
6.80293,0.00618825,56.3211,0.779387,0.0
6.811,0.00612922,57.8428,0.746557,0.0
6.81594,0.00610372,57.291,0.764682,0.0
6.82005,0.00619543,58.5117,0.759894,0.0
6.81938,0.00635719,58.0602,0.758526,0.0
6.81229,0.00639366,58.3946,0.774258,0.0
6.81774,0.00618767,58.9632,0.770154,0.0
6.81981,0.00612368,57.9599,0.767076,0.0
6.81589,0.00625466,59.0468,0.779387,0.0
6.81965,0.0062904,59.0134,0.769812,0.0
6.81604,0.00618434,57.6087,0.77289,0.0
6.80744,0.00614514,57.3746,0.760578,0.0
6.80596,0.00625916,57.7926,0.775967,0.0
6.81054,0.00624892,58.3445,0.760236,0.0
6.81936,0.00627996,58.1438,0.773232,0.0
6.81813,0.00610548,58.3946,0.760578,0.0
6.81159,0.00623437,57.4582,0.76776,0.0
6.81617,0.00626653,56.7726,0.759552,0.0
6.81264,0.00617677,57.9264,0.75921,0.0
6.80347,0.00608663,58.5953,0.765708,0.0
6.80611,0.00606184,57.5251,0.764682,0.0
6.81155,0.00613476,57.7425,0.770154,0.0
6.813,0.00626424,58.7124,0.779045,0.0
6.80608,0.00628231,56.6722,0.760236,0.0
6.80529,0.00626542,57.3579,0.76947,0.0
6.81577,0.00625107,57.893,0.765708,0.0
6.81927,0.00626033,57.6421,0.76776,0.0
6.81564,0.00626568,58.01,0.758526,0.0
6.8104,0.00621036,57.6756,0.763998,0.0
6.80816,0.00610978,56.8395,0.766392,0.0
6.81591,0.00629686,58.6455,0.766734,0.0
6.81199,0.00613822,57.9264,0.770496,0.0
6.80712,0.00630932,58.194,0.756132,0.0
6.81279,0.00616014,57.0903,0.776993,0.0
6.81256,0.00609276,57.0234,0.754422,0.0
6.81116,0.00634761,57.2074,0.747583,0.0
6.80992,0.00620189,55.2174,0.773916,0.0
6.81172,0.00625955,58.6455,0.763998,0.0
6.81403,0.00605558,57.4582,0.749635,0.0
6.80463,0.00620339,57.6421,0.746557,0.0
6.81152,0.00627507,58.194,0.741769,0.0
6.81562,0.0062435,58.3779,0.748267,0.0
6.80541,0.0062163,57.2074,0.751002,0.0
6.81611,0.00623091,58.6622,0.755448,0.0
6.82551,0.00631147,57.7258,0.761604,0.0
6.80926,0.00629882,56.6221,0.778019,0.0
6.79809,0.00624089,57.6421,0.749293,0.0
6.80719,0.00617716,57.3579,0.762972,0.0
6.81502,0.00606875,57.709,0.748951,0.0
6.81771,0.00604631,58.6288,0.766392,0.0
6.81856,0.00610482,57.7926,0.770154,0.0
6.81749,0.0063887,57.1572,0.768786,0.0
6.81958,0.00620939,57.5251,0.770838,0.0
6.82457,0.00616516,59.2308,0.776993,0.0
6.81453,0.00611115,56.6054,0.746215,0.0
6.8081,0.00610104,57.9097,0.7746,0.0
6.81637,0.00618493,57.7258,0.756816,0.0
6.80806,0.00610443,57.408,0.763998,0.0
6.81145,0.00622804,58.7291,0.772548,0.0
6.82204,0.00610926,56.7391,0.756474,0.0
6.80853,0.00627494,56.6555,0.786569,0.0
6.81184,0.00613561,58.8294,0.752028,0.0
6.81902,0.00595865,57.4916,0.760236,0.0
6.81534,0.00642288,58.9799,0.77118,0.0
6.82441,0.0063084,57.893,0.775284,0.0
6.82787,0.0062056,58.4615,0.77289,0.0
6.81795,0.00621063,58.6622,0.765366,0.0
6.81002,0.00624298,56.8896,0.752712,0.0
6.8164,0.00618649,57.592,0.757158,0.0
6.81691,0.00613039,58.0602,0.756474,0.0
6.80998,0.00627011,57.9097,0.766734,0.0
6.817,0.00629829,58.5117,0.772206,0.0
6.81624,0.00623196,56.5217,0.743137,0.0
6.81473,0.00639124,59.2475,0.794093,0.0
6.81893,0.00627116,57.6589,0.765708,0.0
6.81066,0.00617253,57.6923,0.753396,0.0
6.80869,0.00622804,57.5585,0.742111,0.0
6.8224,0.00611056,59.6321,0.764682,0.0
6.82623,0.00614709,59.3311,0.772206,0.0
6.81133,0.00619758,57.6421,0.759894,0.0
6.80443,0.00615603,57.8428,0.778703,0.0
6.80908,0.00611931,55.903,0.766392,0.0
6.81852,0.00631806,58.5117,0.766392,0.0
6.82157,0.00628394,57.9431,0.765024,0.0
6.81075,0.00621408,56.4381,0.752712,0.0
6.8073,0.00615538,57.9264,0.770154,0.0
6.81236,0.00611833,56.806,0.776651,0.0
6.81623,0.00610202,56.2207,0.749977,0.0
6.82408,0.006218,58.6622,0.777335,0.0
6.81904,0.00624931,58.5117,0.77289,0.0
6.81145,0.0061484,57.5418,0.766734,0.0
6.81508,0.00616914,58.0602,0.758184,0.0
6.81766,0.00638896,58.6288,0.775967,0.0
6.81621,0.00626379,57.3579,0.776993,0.0
6.81401,0.00616836,58.0268,0.763998,0.0
6.81914,0.00634826,58.6789,0.771864,0.0
6.82066,0.0064157,58.3278,0.765024,0.0
6.81627,0.00638296,58.0435,0.738007,0.0
6.81391,0.00620958,56.6054,0.75408,0.0
6.81322,0.00626398,58.2609,0.768102,0.0
6.81271,0.00634721,57.2742,0.763656,0.0
6.81034,0.0060833,58.3278,0.785543,0.0
6.81159,0.00614846,59.0301,0.772206,0.0
6.8086,0.00621891,56.505,0.7575,0.0
6.81178,0.00618564,57.5753,0.763998,0.0
6.82174,0.00627364,57.4749,0.744847,0.0
6.81379,0.00623078,57.7258,0.749977,0.0
6.80719,0.00631793,58.5786,0.76263,0.0
6.81634,0.00617879,58.2274,0.774942,0.0
6.82264,0.0061906,58.6789,0.76434,0.0
6.81023,0.00609543,57.0903,0.747925,0.0
6.80264,0.00621213,56.6221,0.7746,0.0
6.81698,0.0061938,58.01,0.754764,0.0
6.81743,0.00613581,57.9431,0.766392,0.0
6.81352,0.00615166,57.8094,0.773574,0.0
6.82145,0.00619314,58.5284,0.776993,0.0
6.8122,0.00610111,57.592,0.773916,0.0
6.81047,0.00627279,57.8595,0.75408,0.0
6.8189,0.006224,59.0468,0.766734,0.0
6.81553,0.00619327,58.4783,0.759552,0.0
6.81184,0.00634695,59.3311,0.76776,0.0
6.81701,0.00630423,58.311,0.782123,0.0
6.82073,0.00628942,58.6957,0.766734,0.0
6.81481,0.00614024,57.0067,0.76947,0.0
6.80768,0.00616268,57.1405,0.772548,0.0
6.81547,0.00631604,58.9799,0.75408,0.0
6.81563,0.00603053,57.0736,0.752028,0.0
6.80649,0.00619341,58.4615,0.763656,0.0
6.80539,0.00608773,57.1237,0.763998,0.0
6.81135,0.00628603,58.1438,0.759894,0.0
6.81743,0.00626835,57.1405,0.751002,0.0
6.8144,0.00612733,58.612,0.756474,0.0
6.81152,0.00621708,57.2241,0.76092,0.0
6.81139,0.00622367,57.8261,0.772206,0.0
6.8085,0.00631414,58.4783,0.77289,0.0
6.81135,0.00624924,57.4916,0.780413,0.0
6.82168,0.00616183,57.5084,0.758184,0.0
6.82417,0.00636594,59.4816,0.774258,0.0
6.81136,0.00613711,57.0234,0.76092,0.0
6.80984,0.00627755,59.2308,0.768786,0.0
6.82196,0.00618095,58.4448,0.760578,0.0
6.81108,0.00603868,58.0602,0.789305,0.0
6.81115,0.00618212,58.1773,0.763998,0.0
6.82292,0.00625622,57.5251,0.76605,0.0
6.81196,0.00625368,56.7391,0.762972,0.0
6.80435,0.00627618,57.107,0.781781,0.0
6.81397,0.00624076,58.3779,0.772548,0.0
6.82014,0.00621356,60.2174,0.758868,0.0
6.80974,0.00620436,57.7759,0.765366,0.0
6.80464,0.00632784,56.2876,0.784859,0.0
6.81044,0.00636254,57.4415,0.793067,0.0
6.8175,0.00630266,57.9766,0.754422,0.0
6.82324,0.00634193,58.5953,0.77118,0.0
6.81927,0.00600829,59.7324,0.772548,0.0
6.81211,0.00622869,58.4114,0.760578,0.0
6.81495,0.00612844,57.9097,0.757842,0.0
6.8118,0.00626503,57.8094,0.786227,0.0
6.80571,0.00620397,57.408,0.778703,0.0
6.81117,0.00634356,58.2274,0.777335,0.0
6.8177,0.0063251,58.4448,0.774258,0.0
6.81539,0.00629562,58.3278,0.761262,0.0
6.81214,0.00626411,58.7625,0.751686,0.0
6.81261,0.00606145,58.0435,0.756816,0.0
6.81479,0.00622785,57.1237,0.755106,0.0
6.81617,0.00609087,58.8462,0.771522,0.0
6.81229,0.00617403,57.8595,0.769128,0.0
6.81038,0.00627325,58.1438,0.775625,0.0
6.81157,0.00631114,58.194,0.761262,0.0
6.81624,0.00610698,58.6288,0.75579,0.0
6.81819,0.00635178,57.9766,0.77289,0.0
6.81367,0.00605773,59.0803,0.783833,0.0
6.81776,0.00617097,57.5418,0.756816,0.0
6.81623,0.00606327,56.9398,0.739717,0.0
6.81061,0.00624513,57.9766,0.761946,0.0
6.81351,0.00614468,57.592,0.766392,0.0
6.81872,0.00623848,58.0769,0.764682,0.0
6.82004,0.00628681,58.1773,0.774942,0.0
6.80532,0.00629288,58.1438,0.756474,0.0
6.80767,0.00639796,57.6421,0.783491,0.0
6.82062,0.00615101,57.6421,0.75237,0.0
6.81253,0.00616673,56.8729,0.768102,0.0
6.81515,0.00617488,57.9599,0.761262,0.0
6.82551,0.00630253,57.5084,0.762972,0.0
6.822,0.0062859,58.5117,0.76947,0.0
6.82284,0.00625146,58.01,0.753738,0.0
6.8227,0.0062542,59.1806,0.765708,0.0
6.81241,0.00629536,58.194,0.765024,0.0
6.80942,0.00629288,57.5418,0.773232,0.0
6.81339,0.00632758,58.3946,0.779387,0.0
6.81347,0.0062662,57.7425,0.758868,0.0
6.81566,0.00623796,58.1438,0.755106,0.0
6.81797,0.00610195,57.0569,0.761946,0.0
6.82299,0.00626346,58.4783,0.769812,0.0
6.82571,0.00622478,59.097,0.763314,0.0
6.80937,0.00606686,57.1405,0.770496,0.0
6.8101,0.00613581,57.2074,0.763998,0.0
6.81432,0.0061349,57.709,0.769812,0.0
6.8033,0.00614801,57.1739,0.784175,0.0
6.80507,0.00613079,56.4883,0.755106,0.0
6.80939,0.00612798,57.4749,0.737665,0.0
6.81215,0.00611676,58.6288,0.771864,0.0
6.81918,0.00617547,59.1304,0.758868,0.0
6.81492,0.00617671,57.6756,0.770496,0.0
6.81174,0.00623261,58.0936,0.76776,0.0
6.80883,0.00600033,57.0903,0.751344,0.0
6.80918,0.00607893,56.8562,0.760578,0.0
6.81459,0.00610685,58.5619,0.771522,0.0
6.81297,0.00619504,57.408,0.766392,0.0
6.8106,0.00617879,56.9231,0.759552,0.0
6.81481,0.00614592,57.7926,0.75579,0.0
6.81747,0.00618701,57.5753,0.753396,0.0
6.821,0.00630064,59.2809,0.784517,0.0
6.81449,0.00626294,57.0067,0.761604,0.0
6.80813,0.00618545,57.7592,0.760578,0.0
6.81209,0.00620365,57.8428,0.748951,0.0
6.80714,0.00610809,57.5418,0.768444,0.0
6.80544,0.00620195,57.592,0.779045,0.0
6.82084,0.00629908,59.8829,0.77289,0.0
6.81845,0.00622563,57.592,0.767076,0.0
6.80827,0.00622837,58.1605,0.770496,0.0
6.80787,0.0061951,56.7391,0.766392,0.0
6.80562,0.00613261,57.7258,0.764682,0.0
6.81372,0.00623209,58.9799,0.793409,0.0
6.81484,0.00645008,58.6957,0.778703,0.0
6.80669,0.00636998,57.7258,0.756474,0.0
6.81454,0.00637748,57.2241,0.769128,0.0
6.81979,0.00637311,58.2274,0.749293,0.0
6.81769,0.00624905,57.3579,0.753738,0.0
6.81877,0.00610548,58.3779,0.759552,0.0
6.81834,0.00614964,57.8428,0.763314,0.0
6.82287,0.0062615,58.7458,0.773916,0.0
6.81903,0.00631167,58.3612,0.788963,0.0
6.80545,0.00629829,57.9431,0.761946,0.0
6.81069,0.0060758,57.8763,0.780755,0.0
6.82486,0.0063917,59.0803,0.762972,0.0
6.81528,0.00634806,57.0401,0.7575,0.0
6.81481,0.00640103,58.2609,0.762288,0.0
6.81864,0.00622941,57.291,0.751344,0.0
6.80784,0.00622726,56.99,0.758526,0.0
6.81183,0.00616738,58.8963,0.758184,0.0
6.82258,0.00621558,58.5452,0.785885,0.0
6.81079,0.00627455,57.2742,0.766734,0.0
6.80695,0.00630945,58.0268,0.76092,0.0
6.81733,0.00610822,57.6087,0.744505,0.0
6.8138,0.00620136,58.1104,0.749635,0.0
6.80461,0.00615733,56.806,0.753054,0.0
6.81188,0.00637024,58.01,0.769128,0.0
6.81737,0.00615486,57.6589,0.770154,0.0
6.80425,0.00617338,58.194,0.767418,0.0
6.80632,0.00623443,57.4582,0.757842,0.0
6.82002,0.00633821,58.1271,0.75579,0.0
6.81326,0.00620469,57.893,0.768102,0.0
6.79742,0.00636946,57.4582,0.781097,0.0
6.80034,0.00618493,57.1405,0.769812,0.0
6.81949,0.0062632,58.5452,0.766734,0.0
6.81644,0.00623215,57.6087,0.748267,0.0
6.80685,0.0063103,56.8395,0.742111,0.0
6.81378,0.00627872,57.2742,0.773232,0.0
6.81917,0.00613098,58.4281,0.781097,0.0
6.81708,0.00628962,57.3411,0.761262,0.0
6.81837,0.00623809,57.2408,0.765366,0.0
6.83162,0.00639079,59.4147,0.778361,0.0
6.82433,0.00629647,58.8629,0.774942,0.0
6.80424,0.00633586,57.3077,0.740401,0.0
6.80024,0.00633697,57.1237,0.77118,0.0
6.80763,0.00623254,57.9766,0.775284,0.0
6.81627,0.00625531,57.9431,0.782123,0.0
6.81799,0.00607371,57.8261,0.76263,0.0
6.82008,0.006088,58.6455,0.761262,0.0
6.81494,0.0061285,56.3211,0.76092,0.0
6.80464,0.00619875,57.893,0.774942,0.0
6.81622,0.00624937,58.0602,0.754764,0.0
6.81737,0.00616523,57.3244,0.770838,0.0
6.81079,0.00625009,57.1906,0.753054,0.0
6.81705,0.00625413,58.3278,0.773232,0.0
6.82267,0.00643058,58.7458,0.771864,0.0
6.81622,0.00621689,57.8595,0.7575,0.0
6.80914,0.00629555,56.3712,0.758526,0.0
6.81701,0.0064009,58.7793,0.765366,0.0
6.82044,0.00618362,57.0903,0.777677,0.0
6.80754,0.00631551,57.7425,0.765708,0.0
6.81618,0.0061846,58.1104,0.766392,0.0
6.82645,0.00618343,59.1137,0.76092,0.0
6.81787,0.00633678,58.1773,0.768786,0.0
6.81627,0.0063692,56.9064,0.786227,0.0
6.82171,0.00642856,57.0903,0.778361,0.0
6.81251,0.00624422,57.709,0.753396,0.0
6.80566,0.00634043,58.7124,0.781781,0.0
7.34439,0.0190828,60.2676,0.771864,0.0
23.3109,0.303517,78.1271,0.804352,0.0
104.496,0.961665,74.8328,0.834447,0.0
199.855,1.06218,169.649,0.978082,0.0
177.319,0.996637,165.351,0.896689,0.0
115.134,0.789294,174.749,0.901477,0.0
107.216,0.800533,184.716,0.893269,0.0
99.0462,0.74787,190.234,0.868988,0.0
84.0328,0.68808,194.181,0.888481,0.0
90.6612,0.788865,196.94,0.899425,0.0
115.004,1.06931,191.722,0.888481,0.0
162.728,1.52721,186.07,0.907632,0.0
224.621,1.92008,189.933,0.911052,0.0
274.466,2.1596,197.542,0.916182,1.0
309.904,2.33879,200.217,0.868988,1.0
336.71,2.44141,201.054,0.889507,1.0
353.384,2.45067,200.502,0.887455,1.0
362.78,2.42766,199.214,0.884035,1.0
368.849,2.3982,200.368,0.881641,1.0
372.006,2.37699,199.365,0.893611,1.0
373.014,2.36408,198.495,0.905922,1.0
373.986,2.34405,198.579,0.893269,1.0
375.176,2.32239,198.913,0.887113,1.0
376.247,2.30328,200.87,0.879589,1.0
377.329,2.28643,200.368,0.865226,1.0
378.173,2.2691,201.087,0.891901,1.0
378.91,2.24727,200.05,0.873776,1.0
379.439,2.22724,200.502,0.867278,1.0
379.39,2.21691,199.866,0.904896,1.0
378.832,2.20921,199.415,0.874802,1.0
377.832,2.20408,199.013,0.892585,1.0
376.131,2.20164,200.719,0.896689,1.0
373.577,2.19773,200.318,0.881983,1.0
370.243,2.19478,201.037,0.884719,1.0
365.893,2.18886,198.645,0.883693,1.0
360.685,2.17518,201.572,0.875144,1.0
355.289,2.16007,199.783,0.879931,1.0
349.569,2.14362,201.07,0.871382,1.0
343.774,2.12645,201.923,0.902161,1.0
338.071,2.10632,200.619,0.866594,1.0
331.778,2.07827,200.05,0.878221,1.0
324.859,2.04968,202.609,0.891217,1.0
318.058,2.02115,200.702,0.895663,1.0
311.396,1.99081,200.819,0.897031,1.0
304.676,1.95939,200.268,0.868988,1.0
297.914,1.92457,199.732,0.888139,0.0
290.912,1.88803,201.221,0.862832,0.0
283.845,1.85074,197.559,0.870356,0.0
277.035,1.80933,202.793,0.888823,0.0
270.466,1.77157,200.485,0.901135,0.0
264.157,1.73815,200.084,0.875144,0.0
258.215,1.70527,200.268,0.886771,0.0
252.58,1.67598,200.284,0.888823,0.0
246.968,1.64481,200.351,0.875486,0.0
241.397,1.61132,200.635,0.886429,0.0
236.065,1.5825,199.833,0.867962,0.0
230.869,1.55611,200.518,0.891901,0.0
225.818,1.5313,199.365,0.889849,0.0
220.958,1.50817,199.231,0.862148,0.0
216.296,1.48605,201.656,0.90729,0.0
211.725,1.46182,200.117,0.889849,0.0
207.23,1.43584,199.415,0.863858,0.0
202.854,1.41196,199.398,0.900793,0.0
198.465,1.38996,199.632,0.855992,0.0
194.268,1.36807,198.294,0.901477,0.0
190.169,1.34737,199.247,0.898057,0.0
185.943,1.32312,198.896,0.883693,0.0
181.832,1.29654,199.147,0.891217,0.0
177.912,1.272,200.0,0.876512,0.0
173.951,1.24546,198.712,0.862148,0.0
170.132,1.22169,199.532,0.863858,0.0
166.508,1.1976,199.331,0.888139,0.0
162.814,1.16915,198.946,0.875144,0.0
159.241,1.14594,200.535,0.884719,0.0
155.924,1.12512,200.167,0.904896,0.0
152.632,1.10343,197.759,0.884377,0.0
149.466,1.08309,197.993,0.877537,0.0
146.42,1.06317,198.579,0.863516,0.0
143.463,1.04503,197.458,0.864542,0.0
140.764,1.02713,197.876,0.886087,0.0
138.096,1.00906,199.833,0.904896,0.0
135.345,0.994423,198.127,0.882325,0.0
132.783,0.978428,199.515,0.896005,0.0
130.421,0.960308,197.926,0.877196,0.0
128.063,0.943678,198.729,0.8642,0.0
125.848,0.929527,197.809,0.858386,0.0
123.75,0.917092,197.726,0.877879,0.0
121.733,0.903122,197.843,0.86933,0.0
119.732,0.888081,198.01,0.878905,0.0
117.674,0.875544,198.428,0.878563,0.0
115.729,0.861525,196.505,0.853598,0.0
113.808,0.846309,196.555,0.883009,0.0
111.848,0.833877,196.856,0.86078,0.0
110.167,0.82675,196.171,0.86933,0.0
108.772,0.821671,198.177,0.864542,0.0
107.407,0.810793,196.957,0.882667,0.0
105.993,0.7975,197.926,0.87617,0.0
104.568,0.788863,197.625,0.866936,0.0
103.137,0.780046,196.221,0.863858,0.0
101.643,0.770835,197.074,0.896005,0.0
100.25,0.763522,197.759,0.895321,0.0
98.9083,0.753063,196.773,0.87617,0.0
97.4271,0.742258,197.324,0.887797,0.0
96.1216,0.730812,197.023,0.879589,0.0
94.9197,0.719002,196.973,0.862832,0.0
93.4704,0.710533,197.609,0.872408,0.0
92.027,0.702549,196.472,0.870014,0.0
90.7773,0.693865,197.14,0.874118,0.0
89.5522,0.687315,196.421,0.879589,0.0
88.3284,0.679795,196.003,0.881983,0.0
87.1434,0.670644,196.455,0.878563,0.0
85.812,0.661031,197.609,0.888481,0.0
84.4631,0.651115,195.602,0.856676,0.0
83.1639,0.638253,197.625,0.903528,0.0
81.8537,0.628693,196.137,0.890191,0.0
80.5257,0.621283,195.92,0.85907,0.0
79.4147,0.612277,195.853,0.865568,0.0
78.4334,0.606024,195.87,0.844023,0.0
77.4988,0.604445,197.508,0.898399,0.0
76.6249,0.600456,196.054,0.858044,0.0
75.6284,0.589974,196.99,0.858386,0.0
74.4995,0.581286,195.635,0.878221,0.0
73.3968,0.57261,196.756,0.894295,0.0
72.3423,0.5638,194.766,0.866594,0.0
71.375,0.556054,196.221,0.870698,0.0
70.5338,0.548885,195.284,0.864884,0.0
69.6478,0.542595,195.92,0.892243,0.0
68.673,0.536295,195.97,0.878221,0.0
67.7875,0.529072,195.803,0.878563,0.0
67.0183,0.522394,194.431,0.878905,0.0
66.1588,0.514029,195.585,0.871724,0.0
65.2807,0.506442,195.067,0.87104,0.0
64.4518,0.498978,194.03,0.898057,0.0
63.6354,0.493008,193.746,0.873434,0.0
62.7653,0.488423,194.164,0.896005,0.0
61.9442,0.481277,194.682,0.86933,0.0
61.1952,0.472328,194.548,0.892585,0.0
60.3981,0.466652,193.963,0.888139,0.0
59.6801,0.461793,195.184,0.861464,0.0
58.9074,0.454283,194.749,0.900793,0.0
58.1012,0.446706,193.679,0.868988,0.0
57.4085,0.440829,193.261,0.861464,0.0
56.711,0.436273,193.796,0.889507,0.0
55.9812,0.430632,193.829,0.842997,0.0
55.2823,0.425182,194.08,0.887113,0.0
54.6547,0.420022,194.114,0.880615,0.0
54.0553,0.413402,192.14,0.890533,0.0
53.4442,0.407544,193.278,0.865568,0.0
52.7399,0.401806,191.388,0.858386,0.0
51.9908,0.396386,191.906,0.868988,0.0
51.3708,0.391591,192.391,0.864884,0.0
50.8458,0.387298,191.856,0.881641,0.0
50.3163,0.382369,192.04,0.873092,0.0
49.7784,0.378812,191.054,0.883693,0.0
49.13,0.37367,192.14,0.878221,0.0
48.4679,0.366592,191.756,0.865226,0.0
47.8966,0.361763,192.475,0.881299,0.0
47.3842,0.358644,192.776,0.873776,0.0
46.8289,0.354178,191.171,0.881641,0.0
46.3156,0.349525,192.86,0.878221,0.0
45.8423,0.344343,192.441,0.882325,0.0
45.2893,0.339766,190.585,0.880615,0.0
44.8186,0.336904,191.89,0.877879,0.0
44.3804,0.333298,189.465,0.865226,0.0
43.8443,0.328477,189.866,0.876512,0.0
43.4064,0.324975,190.736,0.86762,0.0
42.9934,0.321028,189.599,0.883351,0.0
42.4744,0.316876,190.151,0.863516,0.0
42.1147,0.314593,190.635,0.865568,0.0
41.8389,0.312185,189.582,0.848811,0.0
41.4172,0.307388,190.803,0.873092,0.0
41.0021,0.303611,190.468,0.854966,0.0
40.655,0.302032,191.187,0.856334,0.0
40.2978,0.299282,190.167,0.864884,0.0
39.9198,0.295756,188.829,0.87104,0.0
39.5409,0.291945,189.181,0.874802,0.0
39.1889,0.288886,189.181,0.87446,0.0
38.7956,0.285675,189.398,0.86591,0.0
38.4014,0.281855,188.094,0.874118,0.0
38.1249,0.27861,187.876,0.870356,0.0
37.8282,0.275877,188.763,0.887113,0.0
37.456,0.273324,187.642,0.8642,0.0
37.1076,0.270485,188.896,0.869672,0.0
36.7674,0.266903,189.967,0.885745,0.0
36.4683,0.264579,189.415,0.888139,0.0
36.1754,0.263102,189.114,0.887455,0.0
35.8481,0.259997,188.161,0.849153,0.0
35.5568,0.256331,188.629,0.878905,0.0
35.302,0.253057,187.358,0.85907,0.0
35.0061,0.251105,188.428,0.876854,0.0
34.7176,0.248886,188.946,0.871724,0.0
34.4547,0.246142,188.395,0.881641,0.0
34.2858,0.244794,186.12,0.873776,0.0
34.0195,0.242139,186.94,0.845049,0.0
33.59,0.239317,187.207,0.876512,0.0
33.291,0.237867,187.308,0.862832,0.0
33.0854,0.23437,186.89,0.864542,0.0
32.7796,0.2319,187.124,0.858728,0.0
32.4774,0.230446,187.191,0.894295,0.0
32.245,0.228133,185.936,0.865226,0.0
31.9333,0.225468,185.635,0.87275,0.0
31.6258,0.223886,186.02,0.877879,0.0
31.3977,0.222261,185.769,0.875144,0.0
31.1255,0.220266,185.0,0.880273,0.0
30.8486,0.21616,185.585,0.880957,0.0
30.6443,0.214086,186.137,0.873434,0.0
30.4456,0.212858,187.876,0.881299,0.0
30.1813,0.209873,184.298,0.876512,0.0
29.8286,0.207103,185.518,0.86249,0.0
29.5522,0.205386,185.134,0.873776,0.0
29.3927,0.203677,185.385,0.896347,0.0
29.1504,0.20165,184.147,0.864884,0.0
28.825,0.197728,183.746,0.870014,0.0
28.6502,0.195077,183.545,0.86933,0.0
28.4813,0.194414,185.251,0.862148,0.0
28.2295,0.19364,184.548,0.889165,0.0
28.0447,0.191454,182.926,0.851547,0.0
27.8619,0.18918,184.967,0.87104,0.0
27.6251,0.187311,183.127,0.857702,0.0
27.3874,0.18421,182.642,0.880957,0.0
27.223,0.182835,182.86,0.877879,0.0
27.0762,0.182869,183.829,0.86249,0.0
26.9217,0.181893,183.963,0.870698,0.0
26.7764,0.180423,183.562,0.926784,0.0
26.5687,0.179489,184.13,0.873092,0.0
26.3267,0.177534,182.441,0.898057,0.0
26.1419,0.175336,183.278,0.899767,0.0
25.9445,0.172765,181.405,0.856676,0.0
25.7798,0.171245,181.823,0.884035,0.0
25.6626,0.171332,181.906,0.872066,0.0
25.493,0.169887,183.328,0.85394,0.0
25.3094,0.167609,181.973,0.867278,0.0
25.1357,0.166581,181.789,0.861464,0.0
24.9618,0.164923,180.886,0.890875,0.0
24.7732,0.163296,181.555,0.868988,0.0
24.586,0.161842,181.187,0.868988,0.0
24.4567,0.161569,180.569,0.86762,0.0
24.2815,0.159272,180.268,0.86591,0.0
24.0551,0.156329,179.9,0.881641,0.0
23.9468,0.157122,180.803,0.885061,0.0
23.7931,0.156264,181.12,0.896005,0.0
23.5906,0.152954,179.482,0.887113,0.0
23.4679,0.150864,179.916,0.86249,0.0
23.2842,0.149772,181.455,0.862148,0.0
23.1107,0.149004,180.585,0.877879,0.0
22.9858,0.14768,180.786,0.868988,0.0
22.8294,0.145524,180.635,0.889849,0.0
22.695,0.144176,177.258,0.884035,0.0
22.5154,0.143356,179.716,0.883009,0.0
22.3378,0.142405,179.281,0.861122,0.0
22.2218,0.139882,179.732,0.887113,0.0
22.0605,0.137347,178.378,0.868304,0.0
21.8997,0.137308,177.809,0.875486,0.0
21.7541,0.136683,177.575,0.852914,0.0
21.6093,0.135326,178.88,0.875144,0.0
21.4945,0.134527,177.625,0.889507,0.0
21.3742,0.133633,178.963,0.852572,0.0
21.2265,0.132084,178.796,0.873434,0.0
21.1184,0.131428,179.08,0.86762,0.0
21.0223,0.130634,177.977,0.866936,0.0
20.8648,0.128956,177.525,0.863858,0.0
20.7351,0.128673,178.612,0.871382,0.0
20.6163,0.128412,177.324,0.889507,0.0
20.4933,0.126408,176.739,0.875828,0.0
20.3783,0.124986,176.622,0.887113,0.0
20.2261,0.124468,176.02,0.878563,0.0
20.1158,0.123575,175.134,0.873434,0.0
20.0254,0.121732,175.485,0.859754,0.0
19.8682,0.120404,175.452,0.861122,0.0
19.7144,0.118779,174.264,0.893953,0.0
19.6281,0.117955,176.321,0.876854,0.0
19.5211,0.116733,175.368,0.884377,0.0
19.3608,0.115168,175.619,0.884377,0.0
19.2335,0.114323,175.1,0.859754,0.0
19.1548,0.113727,174.197,0.863858,0.0
19.0525,0.112425,173.863,0.879931,0.0
18.9531,0.111111,176.254,0.897373,0.0
18.8247,0.110229,174.114,0.906948,0.0
18.6451,0.109147,174.465,0.878905,0.0
18.5755,0.107948,174.833,0.868646,0.0
18.5505,0.108058,172.692,0.897031,0.0
18.3642,0.107218,172.375,0.873776,0.0
18.1995,0.105201,173.746,0.864884,0.0
18.1546,0.10535,172.977,0.86249,0.0
18.0664,0.104819,174.381,0.863174,0.0
17.9566,0.103621,171.672,0.86078,0.0
17.8488,0.102792,172.107,0.883009,0.0
17.7323,0.101811,171.522,0.86078,0.0
17.6244,0.100402,171.656,0.871382,0.0
17.5451,0.0992836,171.856,0.87446,0.0
17.4691,0.0987998,172.86,0.861464,0.0
17.376,0.0984862,171.572,0.881299,0.0
17.2601,0.0974173,171.405,0.875828,0.0
17.1958,0.0961622,172.157,0.855308,0.0
17.1333,0.0957291,171.304,0.901819,0.0
16.995,0.0948901,169.799,0.897031,0.0
16.9068,0.0942738,172.207,0.871382,0.0
16.8423,0.0932068,170.585,0.858386,0.0
16.708,0.0921427,170.418,0.878221,0.0
16.619,0.0910138,169.532,0.877879,0.0
16.5681,0.0903235,169.298,0.881299,0.0
16.4834,0.0900148,169.097,0.887455,0.0
16.3825,0.0888126,168.06,0.87617,0.0
16.2901,0.0878808,168.896,0.902844,0.0
16.1742,0.0869684,169.799,0.881641,0.0
16.1183,0.086074,169.716,0.898399,0.0
16.0637,0.0857709,168.946,0.885061,0.0
15.9392,0.0848656,168.863,0.886087,0.0
15.8812,0.0845174,169.114,0.890191,0.0
15.8575,0.0843069,166.555,0.881299,0.0
15.7212,0.0836027,168.077,0.860096,0.0
15.6031,0.0824934,168.094,0.868988,0.0
15.5837,0.0821907,167.659,0.892243,0.0
15.5157,0.0816134,168.545,0.872408,0.0
15.4545,0.0806443,166.154,0.881299,0.0
15.4007,0.0806608,165.886,0.868988,0.0
15.284,0.0797123,167.592,0.885745,0.0
15.2119,0.0790074,166.505,0.878221,0.0
15.1494,0.0787113,167.508,0.914814,0.0
15.0612,0.0770603,166.037,0.896347,0.0
15.018,0.0767217,165.452,0.893269,0.0
14.9415,0.0762585,166.087,0.873092,0.0
14.8164,0.075462,164.214,0.894979,0.0
14.7662,0.0743128,163.93,0.892243,0.0
14.7236,0.0741359,166.137,0.917892,0.0
14.6418,0.073759,164.732,0.877879,0.0
14.6194,0.0726038,164.214,0.892585,0.0
14.599,0.0726667,164.197,0.86591,0.0
14.4662,0.0724427,164.281,0.891217,0.0
14.3587,0.0710498,164.097,0.900793,0.0
14.3415,0.0708416,163.813,0.887797,0.0
14.2863,0.0704426,162.826,0.863858,0.0
14.2122,0.0694397,162.475,0.857702,0.0
14.1639,0.0693757,163.227,0.867962,0.0
14.1242,0.0689157,162.742,0.87275,0.0
14.0722,0.0685046,162.007,0.892243,0.0
14.0017,0.0679466,163.746,0.882667,0.0
13.9298,0.0670232,161.204,0.892243,0.0
13.8641,0.0668982,161.237,0.890533,0.0
13.7916,0.0664943,161.672,0.897373,0.0
13.7265,0.0650205,164.013,0.890191,0.0
13.6816,0.0645054,160.686,0.881641,0.0
13.6523,0.0651234,161.756,0.91413,0.0
13.6227,0.0652286,160.853,0.881641,0.0
13.548,0.0644012,162.14,0.875828,0.0
13.5146,0.0635296,159.783,0.866252,0.0
13.4826,0.0634491,160.669,0.887455,0.0
13.4447,0.0638247,161.773,0.909684,0.0
13.439,0.0641041,160.334,0.87446,0.0
13.3868,0.062858,159.298,0.885061,0.0
13.3323,0.0626445,160.702,0.87104,0.0
13.3009,0.0622491,159.565,0.861806,0.0
13.2372,0.0615795,158.462,0.890533,0.0
13.166,0.0615735,159.615,0.906264,0.0
13.1269,0.0607817,158.896,0.895321,0.0
13.0603,0.0597649,158.88,0.882667,0.0
12.9885,0.0590782,158.746,0.893953,0.0
12.9679,0.058676,158.395,0.889849,0.0
12.9272,0.0580438,157.391,0.863174,0.0
12.8898,0.0580938,157.525,0.889507,0.0
12.8636,0.058415,158.562,0.891559,0.0
12.7949,0.0573867,158.328,0.873092,0.0
12.759,0.0568275,156.003,0.907974,0.0
12.7601,0.0569915,157.14,0.895663,0.0
12.7081,0.0565769,158.094,0.899767,0.0
12.6486,0.0557159,157.575,0.898399,0.0
12.6222,0.0558524,158.645,0.887455,0.0
12.5665,0.0552632,157.358,0.86078,0.0
12.4957,0.0542227,155.619,0.887797,0.0
12.4539,0.0542932,155.769,0.896005,0.0
12.4333,0.0537113,155.017,0.906264,0.0
12.4003,0.0530719,155.368,0.889849,0.0
12.3601,0.0527461,154.465,0.890191,0.0
12.3401,0.0529235,154.465,0.897031,0.0
12.2518,0.0522009,155.819,0.895321,0.0
12.1649,0.0513021,153.813,0.91242,0.0
12.1687,0.0517639,154.465,0.875144,0.0
12.1383,0.0513036,153.194,0.885403,0.0
12.0838,0.0511705,152.625,0.91755,0.0
12.0761,0.0509909,153.913,0.891901,0.0
12.0525,0.0501962,153.662,0.911394,0.0
11.9835,0.0496714,153.779,0.902844,0.0
11.9608,0.0496977,153.93,0.887797,0.0
11.9405,0.0493528,152.876,0.8642,0.0
11.88,0.0486058,154.314,0.885061,0.0
11.8559,0.0483915,153.227,0.891217,0.0
11.8175,0.0484532,152.391,0.870014,0.0
11.7902,0.0480467,152.659,0.904554,0.0
11.7991,0.048168,151.003,0.890533,0.0
11.7361,0.0477756,151.421,0.892243,0.0
11.6595,0.0472022,151.789,0.884035,0.0
11.6468,0.0462595,150.936,0.903186,0.0
11.6374,0.046093,151.923,0.907632,0.0
11.6118,0.0463836,149.967,0.90387,0.0
11.5773,0.0459488,150.435,0.911394,0.0
11.5443,0.0454264,151.371,0.917892,0.0
11.532,0.045409,151.003,0.92439,0.0
11.4841,0.0444724,149.766,0.888139,0.0
11.4256,0.0442483,149.9,0.887113,0.0
11.4215,0.0444185,150.301,0.911736,0.0
11.3605,0.0435788,149.849,0.896689,0.0
11.3186,0.043276,149.716,0.90558,0.0
11.3311,0.0431856,149.515,0.886771,0.0
11.292,0.0428869,149.933,0.891559,0.0
11.2524,0.0430544,149.548,0.898399,0.0
11.2165,0.0423117,149.181,0.882325,0.0
11.17,0.0418698,148.679,0.909,0.0
11.171,0.0426789,147.074,0.926442,0.0
11.1649,0.0421996,147.191,0.909342,0.0
11.1195,0.0412486,149.615,0.904554,0.0
11.0901,0.041513,147.124,0.92268,0.0
11.0566,0.0417305,147.258,0.897031,0.0
11.0048,0.0403971,147.809,0.890875,0.0
11.0016,0.0405303,146.773,0.907974,0.0
10.9838,0.0412741,146.505,0.918576,0.0
10.9126,0.0401155,146.438,0.891901,0.0
10.8475,0.039412,145.803,0.902844,0.0
10.8172,0.0391789,145.284,0.887797,0.0
10.7935,0.0384196,145.619,0.893953,0.0
10.7469,0.03787,143.913,0.898399,0.0
10.6972,0.0376645,144.13,0.886087,0.0
10.6911,0.03772,144.649,0.886087,0.0
10.6712,0.0376884,143.629,0.893611,0.0
10.6098,0.0370921,144.431,0.887113,0.0
10.5591,0.0363271,144.365,0.893269,0.0
10.5094,0.036278,143.177,0.899425,0.0
10.4848,0.0362841,142.793,0.911736,0.0
10.4893,0.0358583,143.428,0.878221,0.0
10.4421,0.0350516,142.274,0.901135,0.0
10.3838,0.0352661,141.137,0.878563,0.0
10.3736,0.0354808,141.639,0.884719,0.0
10.3444,0.0352205,142.525,0.873776,0.0
10.2952,0.034208,140.385,0.905922,0.0
10.2695,0.0336937,142.09,0.897031,0.0
10.2703,0.0339758,141.488,0.91584,0.0
10.2343,0.0336106,140.736,0.897373,0.0
10.175,0.0327777,140.151,0.884377,0.0
10.1375,0.0331543,138.796,0.899083,0.0
10.1134,0.0336719,139.515,0.916182,0.0
10.0864,0.0330995,138.378,0.901819,0.0
10.0509,0.0324574,138.679,0.909684,0.0
10.0169,0.0323111,137.525,0.91071,0.0
10.0104,0.0324589,137.876,0.900451,0.0
9.98945,0.0321892,138.913,0.915156,0.0
9.95033,0.0316457,137.96,0.887113,0.0
9.91372,0.0309634,137.308,0.916182,0.0
9.87578,0.0310106,136.321,0.897715,0.0
9.85087,0.0311303,135.769,0.899767,0.0
9.82443,0.0311377,135.134,0.886771,0.0
9.77375,0.0304732,135.786,0.921654,0.0
9.7334,0.0302575,134.264,0.90387,0.0
9.71509,0.0305165,134.599,0.92097,0.0
9.68251,0.0303753,133.244,0.896347,0.0
9.62963,0.0296495,133.227,0.92268,0.0
9.60301,0.0300234,132.91,0.917208,0.0
9.60744,0.0298933,133.11,0.92097,0.0
9.59063,0.029318,134.482,0.91071,0.0
9.55184,0.0291642,132.676,0.909342,0.0
9.53464,0.0287968,132.258,0.90558,0.0
9.5165,0.0284497,131.371,0.881983,0.0
9.49514,0.028233,132.291,0.885403,0.0
9.47729,0.0277628,132.659,0.914472,0.0
9.45739,0.0277109,131.087,0.90558,0.0
9.4476,0.0272397,133.261,0.894979,0.0
9.42924,0.0270228,131.037,0.896005,0.0
9.38599,0.0268837,133.077,0.898741,0.0
9.34324,0.0262565,130.435,0.892585,0.0
9.31986,0.0259847,130.552,0.884377,0.0
9.32488,0.0260314,133.06,0.899767,0.0
9.31118,0.0260007,131.054,0.890533,0.0
9.26941,0.0256036,128.93,0.925416,0.0
9.26418,0.0256768,130.669,0.900109,0.0
9.25039,0.0256881,130.786,0.921312,0.0
9.21003,0.0254138,129.047,0.909,0.0
9.20799,0.0249864,129.03,0.908316,0.0
9.20879,0.0249352,129.064,0.897373,0.0
9.18866,0.0250203,128.378,0.896689,0.0
9.182,0.0248757,130.736,0.911052,0.0
9.16167,0.024344,128.395,0.91584,0.0
9.09898,0.0239268,126.923,0.898057,0.0
9.10218,0.0240355,127.625,0.904554,0.0
9.12357,0.0242723,126.806,0.895321,0.0
9.07209,0.0241678,126.622,0.903528,0.0
9.05257,0.024208,126.137,0.90558,0.0
9.04818,0.024204,128.027,0.888481,0.0
9.03366,0.0238645,127.09,0.894979,0.0
9.0303,0.0237891,126.689,0.881299,0.0
9.01304,0.0237758,126.639,0.892927,0.0
9.00979,0.0238262,126.722,0.90729,0.0
9.00821,0.0234275,125.334,0.902503,0.0
8.96608,0.023392,124.064,0.908316,0.0
8.93194,0.0231423,125.418,0.883009,0.0
8.9251,0.0231078,125.334,0.902161,0.0
8.91434,0.0226834,124.9,0.878905,0.0
8.8996,0.0225127,124.114,0.911736,0.0
8.88233,0.02235,124.749,0.901819,0.0
8.87433,0.0224808,123.863,0.913446,0.0
8.85928,0.0225528,123.896,0.908316,0.0
8.81221,0.0222005,121.789,0.92097,0.0
8.79411,0.0218828,122.726,0.904896,0.0
8.79984,0.0217778,121.154,0.908658,0.0
8.78891,0.0220338,123.495,0.926442,0.0
8.78987,0.0220118,121.037,0.890191,0.0
8.79515,0.0223719,122.977,0.90387,0.0
8.76636,0.0220996,120.769,0.890191,0.0
8.72444,0.0213388,120.719,0.905922,0.0
8.71725,0.0214127,121.355,0.885745,0.0
8.70421,0.0215059,120.719,0.920628,0.0
8.67275,0.0212628,121.488,0.931571,0.0
8.66097,0.0209131,118.679,0.899767,0.0
8.65356,0.0210831,118.813,0.888823,0.0
8.65029,0.0210174,120.0,0.888139,0.0
8.64766,0.0209069,120.886,0.916182,0.0
8.63827,0.0210636,119.147,0.901135,0.0
8.62687,0.0201211,120.234,0.91584,0.0
8.59364,0.0202218,119.181,0.906948,0.0
8.5747,0.0204439,118.829,0.897715,0.0
8.58604,0.0202468,119.482,0.902161,0.0
8.58583,0.0198464,117.258,0.893611,0.0
8.55131,0.0196551,118.244,0.904554,0.0
8.51119,0.0196441,118.043,0.909684,0.0
8.49177,0.0193165,116.622,0.899767,0.0
8.48033,0.0187058,116.12,0.891559,0.0
8.4546,0.0182813,116.321,0.897373,0.0
8.42757,0.0182451,115.201,0.907974,0.0
8.4057,0.0183671,115.368,0.896347,0.0
8.39539,0.0179381,115.669,0.881983,0.0
8.39572,0.0180153,114.749,0.875486,0.0
8.39933,0.0175685,115.886,0.884377,0.0
8.40264,0.0174971,114.649,0.895321,0.0
8.40378,0.0178223,114.849,0.887455,0.0
8.38076,0.0176818,114.164,0.895321,0.0
8.35713,0.0172058,115.585,0.899425,0.0
8.35747,0.0170179,114.983,0.916182,0.0
8.35553,0.0168589,114.047,0.877537,0.0
8.33239,0.0169164,113.763,0.849495,0.0
8.30997,0.0166227,114.532,0.886771,0.0
8.26395,0.0160628,113.01,0.894979,0.0
8.25973,0.016265,114.732,0.864884,0.0
8.27537,0.0161926,112.258,0.903186,0.0
8.23774,0.0157835,113.662,0.860096,0.0
8.21854,0.0156666,112.057,0.886087,0.0
8.21448,0.0159439,111.187,0.885061,0.0
8.19242,0.0154954,109.298,0.891559,0.0
8.17332,0.015496,111.572,0.913788,0.0
8.16909,0.0156111,110.201,0.887797,0.0
8.1608,0.0155487,110.652,0.861122,0.0
8.14918,0.0149297,111.94,0.890875,0.0
8.15098,0.0147761,109.482,0.87275,0.0
8.13722,0.0154046,108.829,0.900793,0.0
8.11156,0.0151192,108.763,0.879589,0.0
8.09261,0.0148577,109.314,0.885061,0.0
8.0925,0.0147268,108.478,0.876512,0.0
8.09663,0.0145791,109.565,0.874802,0.0
8.11142,0.0148687,110.836,0.890191,0.0
8.09868,0.0147255,107.91,0.878563,0.0
8.05543,0.0144822,107.776,0.887113,0.0
8.05712,0.0143907,107.625,0.870356,0.0
8.06495,0.0145055,107.625,0.870356,0.0
8.03337,0.0143963,106.321,0.884035,0.0
8.02288,0.0146474,107.776,0.879589,0.0
8.01481,0.0140843,107.458,0.877879,0.0
7.99426,0.0141977,105.853,0.863516,0.0
8.00422,0.0141905,106.488,0.885745,0.0
7.99266,0.0141967,106.973,0.872408,0.0
7.96778,0.013976,105.853,0.87104,0.0
7.97519,0.0141035,106.12,0.874118,0.0
7.97157,0.0142752,104.682,0.868988,0.0
7.96348,0.0146615,105.886,0.873434,0.0
7.96169,0.0141571,105.318,0.889165,0.0
7.94021,0.0137914,105.184,0.878563,0.0
7.9384,0.013889,104.883,0.879247,0.0
7.93247,0.0141005,103.495,0.891217,0.0
7.90784,0.013347,104.548,0.866594,0.0
7.90764,0.0137427,104.064,0.866252,0.0
7.8992,0.0137877,102.876,0.862832,0.0
7.87336,0.013854,101.806,0.885061,0.0
7.87949,0.01421,102.391,0.900451,0.0
7.86739,0.014133,100.819,0.889165,0.0
7.84413,0.0137074,102.659,0.897373,0.0
7.86877,0.0137277,101.94,0.893611,0.0
7.86454,0.0138581,101.639,0.851888,0.0
7.84447,0.0137592,102.291,0.894979,0.0
7.85433,0.0134748,102.809,0.875486,0.0
7.85783,0.0134868,103.579,0.881299,0.0
7.832,0.0136772,100.234,0.902503,0.0
7.81433,0.0136039,102.843,0.894295,0.0
7.83399,0.0133531,101.957,0.855992,0.0
7.82669,0.0134523,100.351,0.879589,0.0
7.80959,0.0134668,100.318,0.901135,0.0
7.81383,0.0132231,100.602,0.897031,0.0
7.80325,0.013226,100.167,0.878563,0.0
7.79336,0.0134686,100.535,0.871382,0.0
7.78912,0.0129646,101.104,0.892585,0.0
7.76877,0.0128741,99.8161,0.892927,0.0
7.761,0.0129183,99.1472,0.884719,0.0
7.76929,0.0126509,100.702,0.884035,0.0
7.76365,0.0124525,99.3144,0.863516,0.0
7.7481,0.0123941,99.3645,0.85907,0.0
7.74433,0.0123032,99.1472,0.890191,0.0
7.73676,0.0122826,97.5418,0.859754,0.0
7.71904,0.0119559,97.1237,0.871724,0.0
7.71552,0.0124839,98.7625,0.865226,0.0
7.71056,0.012087,97.5084,0.850521,0.0
7.70135,0.0123907,97.0234,0.886771,0.0
7.71632,0.0123517,98.1438,0.879589,0.0
7.72641,0.0121189,98.612,0.882325,0.0
7.71418,0.0120177,98.9799,0.857702,0.0
7.70231,0.0119562,97.893,0.871724,0.0
7.70197,0.0121626,95.3512,0.867962,0.0
7.69769,0.0117208,97.8094,0.863174,0.0
7.69444,0.011806,96.2207,0.867962,0.0
7.68088,0.0116386,96.7559,0.864542,0.0
7.67448,0.011762,96.0033,0.875828,0.0
7.6719,0.0117296,98.4281,0.884035,0.0
7.66052,0.0118069,96.1706,0.886771,0.0
7.65434,0.0116879,95.786,0.862832,0.0
7.65335,0.0117769,95.2843,0.865568,0.0
7.65759,0.0113619,95.2676,0.879931,0.0
7.66438,0.0114899,96.689,0.863174,0.0
7.65995,0.0113398,97.1572,0.833763,0.0
7.65073,0.0114281,94.0134,0.85565,0.0
7.65024,0.0115541,97.1237,0.880615,0.0
7.64231,0.0116138,94.9331,0.867278,0.0
7.63663,0.0114896,95.8528,0.851547,0.0
7.64092,0.0112492,95.7191,0.866252,0.0
7.6339,0.0113039,94.3813,0.858728,0.0
7.62404,0.0113512,96.2207,0.854624,0.0
7.61758,0.0111141,94.6488,0.881299,0.0
7.61145,0.0111696,95.7023,0.841287,0.0
7.62399,0.0109023,96.4214,0.87104,0.0
7.62162,0.0112209,95.1839,0.884719,0.0
7.60587,0.0112995,93.6288,0.880615,0.0
7.60523,0.0112668,94.699,0.858044,0.0
7.59437,0.0109397,93.6622,0.854966,0.0
7.58481,0.0111402,93.6288,0.850863,0.0
7.58835,0.0108511,94.3645,0.875144,0.0
7.59308,0.0109756,95.0836,0.867278,0.0
7.58536,0.0108281,94.398,0.85907,0.0
7.57693,0.0107145,93.7458,0.87104,0.0
7.58123,0.0108856,93.311,0.853256,0.0
7.59212,0.010793,96.4047,0.87275,0.0
7.59107,0.0109665,93.6455,0.86591,0.0
7.58602,0.0111177,95.0334,0.867962,0.0
7.58378,0.0109856,94.097,0.868988,0.0
7.56961,0.0110004,92.2742,0.836499,0.0
7.57757,0.0111164,93.8127,0.892243,0.0
7.60172,0.0114178,93.7458,0.855992,0.0
7.59889,0.0112582,94.0468,0.863174,0.0
7.5878,0.01126,93.3946,0.860438,0.0
7.57876,0.010947,94.3813,0.85565,0.0
7.57777,0.0110056,93.2943,0.852572,0.0
7.59383,0.0112529,94.2977,0.868646,0.0
7.59963,0.0110385,94.6823,0.868988,0.0
7.59673,0.0109662,95.3177,0.891901,0.0
7.58185,0.0109247,93.495,0.86078,0.0
7.56339,0.0109447,95.0167,0.862148,0.0
7.57129,0.0110235,93.495,0.877196,0.0
7.57593,0.0109354,93.3946,0.864542,0.0
7.57408,0.0110382,93.913,0.879589,0.0
7.58607,0.0112251,94.1639,0.86762,0.0
7.58058,0.0110015,93.796,0.874118,0.0
7.56788,0.0109867,94.4983,0.886087,0.0
7.56969,0.0111482,92.6589,0.87275,0.0
7.55839,0.0109741,92.8763,0.846759,0.0
7.56263,0.0111889,92.592,0.859412,0.0
7.57134,0.0111739,92.5418,0.86762,0.0
7.56351,0.0110972,92.9599,0.850179,0.0
7.56398,0.010986,93.0602,0.866936,0.0
7.56785,0.011145,94.1137,0.866594,0.0
7.56685,0.0109248,94.0468,0.875144,0.0
7.57088,0.0111227,92.8261,0.87104,0.0
7.5547,0.0108288,93.4281,0.872066,0.0
7.55187,0.0110861,94.6488,0.848811,0.0
7.56973,0.0107281,94.6321,0.880273,0.0
7.54757,0.0106275,92.4415,0.861122,0.0
7.5302,0.0106313,92.0569,0.842655,0.0
7.53995,0.0105937,92.8261,0.871724,0.0
7.53414,0.0106777,92.6756,0.876512,0.0
7.53533,0.0105936,93.7625,0.858044,0.0
7.54183,0.0107455,91.1873,0.854282,0.0
7.5457,0.0105486,93.7793,0.858728,0.0
7.55979,0.0106069,94.3144,0.858728,0.0
7.56553,0.0108117,92.7926,0.853256,0.0
7.55219,0.0107914,92.8428,0.847785,0.0
7.54709,0.0108085,92.6756,0.842997,0.0
7.55726,0.0107645,92.9097,0.882325,0.0
7.56356,0.0110013,93.1605,0.85394,0.0
7.54554,0.0105716,91.3378,0.863174,0.0
7.52764,0.0106065,91.388,0.859754,0.0
7.53877,0.0107918,94.6823,0.848469,0.0
7.53788,0.0107106,91.7224,0.862832,0.0
7.52733,0.0106568,91.806,0.849153,0.0
7.53708,0.0107537,93.2107,0.852914,0.0
7.53213,0.0106997,92.1906,0.859754,0.0
7.52072,0.0110187,92.291,0.870356,0.0
7.52711,0.0108216,92.2742,0.857018,0.0
7.52594,0.0104534,92.0736,0.834447,0.0
7.52413,0.0106013,91.7057,0.851205,0.0
7.52662,0.0110428,90.8863,0.850179,0.0
7.52962,0.0111805,91.388,0.854624,0.0
7.52701,0.0108082,91.9565,0.857018,0.0
7.51119,0.0107457,92.4916,0.872408,0.0
7.49723,0.0108462,90.6856,0.872408,0.0
7.51179,0.0109034,91.2375,0.861464,0.0
7.52203,0.0108696,90.786,0.876512,0.0
7.51027,0.0110946,90.4682,0.861806,0.0
7.50087,0.0106954,90.8528,0.840945,0.0
7.50723,0.0105252,91.0033,0.878221,0.0
7.51951,0.0109592,91.6388,0.847101,0.0
7.52069,0.0107869,90.4682,0.847785,0.0
7.51155,0.0107768,91.204,0.883351,0.0
7.51215,0.0109284,90.9866,0.870356,0.0
7.52081,0.0107016,90.8528,0.858728,0.0
7.51951,0.0107958,91.0201,0.864542,0.0
7.50771,0.0107303,90.1338,0.861122,0.0
7.5024,0.0108073,91.8729,0.878563,0.0
7.49639,0.0107186,90.8863,0.859754,0.0
7.4981,0.0106813,91.6722,0.85736,0.0
7.50812,0.0104663,89.2977,0.851547,0.0
7.52137,0.0104223,91.5217,0.854282,0.0
7.51573,0.0102323,91.689,0.86249,0.0
7.51392,0.0105799,92.8428,0.863516,0.0
7.52896,0.0104109,91.7391,0.843681,0.0
7.51983,0.0103986,91.8395,0.825214,0.0
7.51414,0.0103395,92.0234,0.831711,0.0
7.52056,0.0100017,92.3244,0.846075,0.0
7.50138,0.0101306,91.8227,0.87104,0.0
7.48547,0.0100444,90.9365,0.836841,0.0
7.49459,0.00994941,90.8027,0.844365,0.0
7.48679,0.00981027,91.0201,0.842997,0.0
7.47143,0.0101042,89.9833,0.854282,0.0
7.47111,0.0099194,90.1672,0.858044,0.0
7.47813,0.00976996,90.6689,0.860438,0.0
7.47404,0.00996343,90.2007,0.848811,0.0
7.46972,0.0102504,91.2375,0.86933,0.0
7.47667,0.0103523,90.4682,0.845733,0.0
7.47172,0.00990505,88.6789,0.838893,0.0
7.45174,0.00960878,88.7625,0.848811,0.0
7.43326,0.00990453,88.2107,0.841287,0.0
7.42681,0.00990414,87.9766,0.853598,0.0
7.43329,0.010161,87.7926,0.848811,0.0
7.42347,0.0103875,87.9264,0.862148,0.0
7.39808,0.0100182,86.8227,0.847785,0.0
7.37962,0.00975894,86.8227,0.871382,0.0
7.37262,0.00986024,86.1873,0.850521,0.0
7.3587,0.00966103,85.8361,0.849495,0.0
7.34061,0.0096202,85.2508,0.859754,0.0
7.32471,0.00921506,84.0134,0.838209,0.0
7.30745,0.0087687,82.592,0.839919,0.0
7.30017,0.00889003,83.4615,0.835473,0.0
7.29406,0.00881241,82.893,0.853598,0.0
7.27905,0.00889029,83.5619,0.847101,0.0
7.26851,0.00884032,81.2207,0.843339,0.0
7.25894,0.0084907,82.3244,0.835131,0.0
7.26427,0.00860328,80.7525,0.828291,0.0
7.26839,0.00855586,81.4047,0.82624,0.0
7.26114,0.00885487,82.8763,0.833421,0.0
7.24678,0.00846637,80.4515,0.828633,0.0
7.23496,0.0084802,80.1839,0.838209,0.0
7.23496,0.00831406,80.7358,0.823504,0.0
7.23182,0.00845789,81.0033,0.825214,0.0
7.21833,0.00857165,79.9666,0.830685,0.0
7.23055,0.00862748,80.4181,0.806746,0.0
7.23544,0.00838281,81.2709,0.849837,0.0
7.21816,0.00840394,78.8127,0.82111,0.0
7.213,0.0083498,78.7625,0.838209,0.0
7.22199,0.00832652,79.4482,0.812218,0.0
7.22822,0.00834413,80.4348,0.817006,0.0
7.22047,0.00845945,78.3779,0.816322,0.0
7.20397,0.00838705,78.4114,0.835131,0.0
7.20844,0.00840316,79.6154,0.829317,0.0
7.20717,0.00842077,78.4281,0.825214,0.0
7.19234,0.00838,78.6789,0.839235,0.0
7.18226,0.00825405,78.1271,0.825556,0.0
7.18237,0.00812379,77.6923,0.807088,0.0
7.19899,0.00812594,79.3645,0.815296,0.0
7.19418,0.00813331,78.3946,0.838893,0.0
7.1737,0.00817995,77.6756,0.804352,0.0
7.16448,0.00795282,77.4582,0.80743,0.0
7.14215,0.00799085,75.301,0.8194,0.0
7.12052,0.00776516,75.4849,0.799565,0.0
7.13008,0.00793638,75.9197,0.818032,0.0
7.12267,0.00787363,74.7993,0.8023,0.0
7.10166,0.00765205,74.3813,0.798881,0.0
7.0982,0.00766327,73.194,0.820426,0.0
7.08985,0.0075741,73.6288,0.800591,0.0
7.06771,0.00748487,71.8227,0.794435,0.0
7.04876,0.00723563,71.9565,0.800933,0.0
7.05107,0.00739446,71.3043,0.799907,0.0
7.03768,0.00725239,71.1371,0.789647,0.0
7.02014,0.00711828,69.5987,0.797171,0.0
7.0294,0.00723863,69.4314,0.780755,0.0
7.02494,0.00729884,70.3512,0.823504,0.0
7.00123,0.00721469,68.0936,0.801616,0.0
6.98957,0.00709585,69.1304,0.780071,0.0
6.99382,0.00710883,67.3579,0.798539,0.0
6.98819,0.0070419,66.7391,0.791357,0.0
6.97997,0.0070509,68.0936,0.778019,0.0
6.97828,0.00700433,67.9097,0.801616,0.0
6.9806,0.00711333,67.5251,0.785885,0.0
6.98023,0.00695795,66.7726,0.793409,0.0
6.97337,0.00685554,66.8562,0.793751,0.0
6.96515,0.00701281,66.6722,0.806062,0.0
6.96286,0.00713537,66.1538,0.794093,0.0
6.96219,0.00679599,66.2709,0.76947,0.0
6.95722,0.00690081,67.8261,0.800249,0.0
6.94687,0.0069408,64.9666,0.790331,0.0
6.95168,0.00685489,66.8896,0.7746,0.0
6.95787,0.00704144,66.8227,0.801958,0.0
6.94854,0.00682567,65.6856,0.788963,0.0
6.95095,0.00703368,66.5385,0.796145,0.0
6.95047,0.00691784,65.1839,0.767076,0.0
6.92898,0.00674204,64.6154,0.782465,0.0
6.91626,0.00671328,63.6789,0.780071,0.0
6.91567,0.00665777,64.6154,0.795461,0.0
6.91959,0.00659189,64.6154,0.783149,0.0
6.91802,0.00679116,63.796,0.802642,0.0
6.90922,0.00671093,63.5619,0.768102,0.0
6.91261,0.0067637,62.9933,0.787937,0.0
6.91985,0.00670676,64.6488,0.784859,0.0
6.92154,0.00671752,64.9331,0.800249,0.0
6.91715,0.00680042,64.0803,0.801958,0.0
6.91412,0.00676377,63.7291,0.787253,0.0
6.91238,0.00673448,63.7124,0.790331,0.0
6.90049,0.00652522,63.6957,0.776993,0.0
6.89936,0.00646619,64.5151,0.792041,0.0
6.90537,0.00660356,63.2441,0.794093,0.0
6.91276,0.00656488,64.3144,0.784517,0.0
6.90981,0.00663285,63.5619,0.786227,0.0
6.89987,0.00659221,63.4114,0.768444,0.0
6.89875,0.00659861,63.7793,0.776309,0.0
6.90324,0.00654434,62.1906,0.789305,0.0
6.90031,0.00662796,63.0769,0.792383,0.0
6.9035,0.00668073,64.1472,0.778361,0.0
6.90711,0.00663168,63.6288,0.799223,0.0
6.89461,0.00658263,63.4281,0.779387,0.0
6.893,0.00675013,62.7759,0.789989,0.0
6.8975,0.00665796,62.4749,0.776651,0.0
6.89097,0.00651511,62.0569,0.782807,0.0
6.89842,0.00666357,64.4314,0.793409,0.0
6.91065,0.00669201,63.5619,0.778019,0.0
6.9042,0.00645739,63.1605,0.778361,0.0
6.89441,0.00659554,62.2074,0.773916,0.0
6.90143,0.00656508,63.913,0.780755,0.0
6.90225,0.00628107,61.505,0.77289,0.0
6.90161,0.00677042,63.8963,0.797171,0.0
6.90634,0.00669475,63.6288,0.771864,0.0
6.89858,0.00665496,63.4448,0.805036,0.0
6.90324,0.00656593,64.0301,0.756816,0.0
6.90802,0.00651218,62.107,0.772548,0.0
6.90469,0.00675248,64.4147,0.779045,0.0
6.91482,0.00674172,64.0803,0.794777,0.0
6.91716,0.00665412,64.6823,0.765024,0.0
6.91423,0.00664342,63.8294,0.791015,0.0
6.91009,0.00661576,63.0769,0.794777,0.0
6.90956,0.00663207,63.7291,0.777335,0.0
6.91342,0.00646782,64.5652,0.782465,0.0
6.91537,0.00656619,64.1472,0.787253,0.0
6.9056,0.00681171,62.291,0.784859,0.0
6.89936,0.00678686,63.7625,0.790673,0.0
6.90506,0.00659508,63.4448,0.775967,0.0
6.90911,0.00668047,63.5117,0.784175,0.0
6.90518,0.00660435,62.8094,0.790673,0.0
6.90197,0.00670708,62.9599,0.791015,0.0
6.9134,0.0067682,64.8829,0.793751,0.0
6.91489,0.00663579,64.0301,0.770496,0.0
6.91327,0.00662626,65.0836,0.768444,0.0
6.91179,0.00665829,63.1271,0.794093,0.0
6.90662,0.00667806,63.3779,0.793409,0.0
6.91002,0.00660663,62.9933,0.800249,0.0
6.91508,0.00670636,63.7625,0.796487,0.0
6.91303,0.00669391,65.0334,0.795461,0.0
6.91004,0.00669925,63.6957,0.780071,0.0
6.91867,0.0067637,64.9498,0.778703,0.0
6.9196,0.00677629,63.8462,0.80914,0.0
6.91888,0.0066791,64.8829,0.790331,0.0
6.92653,0.00667382,65.1338,0.780755,0.0
6.92629,0.00662378,64.5987,0.792041,0.0
6.9188,0.00667708,63.6455,0.760578,0.0
6.91446,0.00655862,65.0334,0.803326,0.0
6.91297,0.00670591,63.8462,0.782123,0.0
6.90654,0.00670571,62.5251,0.784175,0.0
6.90809,0.00680382,63.6288,0.776651,0.0
6.92363,0.00669769,65.9197,0.794093,0.0
6.93747,0.00672802,65.7191,0.81598,0.0
6.92145,0.00666644,64.2475,0.783833,0.0
6.9144,0.00684928,65.2508,0.776993,0.0
6.92714,0.00689866,65.7692,0.792041,0.0
6.92271,0.00681158,63.913,0.781781,0.0
6.91311,0.00689618,63.796,0.774942,0.0
6.91241,0.00670428,63.913,0.77289,0.0
6.90365,0.00677192,63.0435,0.76092,0.0
6.89394,0.00675366,63.1104,0.787253,0.0
6.90166,0.00676364,63.8294,0.786569,0.0
6.89971,0.00667297,63.0435,0.785885,0.0
6.89188,0.00656704,61.505,0.793409,0.0
6.89367,0.00663618,62.709,0.776309,0.0
6.88962,0.0064675,62.5251,0.751344,0.0
6.88268,0.00648537,63.2441,0.782465,0.0
6.88651,0.00663096,62.8261,0.771522,0.0
6.8901,0.00652692,62.8261,0.763314,0.0
6.88421,0.00672078,61.6722,0.793751,0.0
6.88427,0.00669867,61.99,0.763314,0.0
6.88608,0.00670134,62.1739,0.783149,0.0
6.87308,0.00658869,60.3846,0.766392,0.0
6.86343,0.00635028,61.2375,0.76092,0.0
6.86902,0.0063386,60.6522,0.76605,0.0
6.87135,0.00643795,60.9365,0.785201,0.0
6.87568,0.00645804,61.806,0.779045,0.0
6.88175,0.00643925,61.7726,0.759552,0.0
6.87558,0.00629686,62.4582,0.791357,0.0
6.87011,0.0062737,61.204,0.760578,0.0
6.86571,0.00649483,59.9666,0.783149,0.0
6.85868,0.00657936,60.3344,0.775625,0.0
6.85985,0.00641525,62.3746,0.773574,0.0
6.86642,0.00640559,61.204,0.792041,0.0
6.86597,0.00643247,60.7525,0.791357,0.0
6.87204,0.00655425,61.388,0.796145,0.0
6.87547,0.00645921,60.7023,0.770838,0.0
6.87147,0.0064735,61.3211,0.798539,0.0
6.86086,0.00644617,60.8696,0.767076,0.0
6.85594,0.00647917,61.2542,0.796829,0.0
6.86504,0.00644825,60.9532,0.763656,0.0
6.86085,0.00646652,61.3545,0.774258,0.0
6.85225,0.00653775,59.9833,0.769128,0.0
6.86173,0.00636157,61.689,0.76092,0.0
6.8705,0.00637533,59.9164,0.772206,0.0
6.86804,0.00642777,61.5385,0.77118,0.0
6.86886,0.00659111,60.9532,0.771522,0.0
6.86575,0.00641062,62.3411,0.769128,0.0
6.85898,0.00641988,61.5552,0.768102,0.0
6.8592,0.00635746,61.9565,0.774258,0.0
6.85637,0.00647304,60.786,0.783491,0.0
6.85229,0.00622608,62.1237,0.768786,0.0
6.85806,0.00627044,60.4849,0.761262,0.0
6.85757,0.00623841,59.7324,0.766734,0.0
6.84874,0.00637826,58.8127,0.774942,0.0
6.84967,0.00627116,60.602,0.784859,0.0
6.8636,0.00642255,62.5084,0.774258,0.0
6.87035,0.00620984,60.7525,0.76605,0.0
6.85902,0.00643599,60.9197,0.790331,0.0
6.85486,0.00637318,60.9197,0.781781,0.0
6.86719,0.00636933,61.806,0.765708,0.0
6.86766,0.00640586,61.7224,0.7746,0.0
6.84939,0.00635465,59.214,0.783833,0.0
6.85081,0.00647174,60.5518,0.76434,0.0
6.87311,0.00649098,62.2074,0.75237,0.0
6.87038,0.00655216,61.8562,0.791699,0.0
6.85328,0.00647311,60.6689,0.773916,0.0
6.87216,0.00655575,61.2207,0.77118,0.0
6.876,0.00647435,61.7057,0.787937,0.0
6.85459,0.0064358,60.5686,0.779045,0.0
6.85431,0.00637683,61.2542,0.747925,0.0
6.86435,0.00643534,60.7692,0.7746,0.0
6.86263,0.00637024,60.3679,0.761262,0.0
6.86148,0.00647298,60.8528,0.783833,0.0
6.85558,0.00639274,61.2207,0.788963,0.0
6.85213,0.00646776,60.4682,0.76947,0.0
6.8624,0.00653507,61.6054,0.789647,0.0
6.86998,0.0065626,59.9498,0.768102,0.0
6.86801,0.00649033,61.2876,0.776993,0.0
6.865,0.00638961,61.7559,0.794093,0.0
6.87151,0.00638433,62.1739,0.774258,0.0
6.87096,0.00646645,61.0535,0.776651,0.0
6.87016,0.00647056,61.2375,0.792041,0.0
6.87111,0.00632712,60.5017,0.752712,0.0
6.86563,0.0063086,59.1806,0.770154,0.0
6.87071,0.00648994,63.1104,0.782807,0.0
6.86551,0.00637715,59.8662,0.773574,0.0
6.8589,0.00632732,61.5385,0.775625,0.0
6.87417,0.00637311,60.0,0.765024,0.0
6.88011,0.00644656,62.5585,0.783833,0.0
6.87162,0.00661609,60.786,0.772548,0.0
6.87113,0.00640325,61.9231,0.76605,0.0
6.86793,0.00656534,60.3846,0.779045,0.0
6.85562,0.00656332,60.3344,0.780413,0.0
6.85961,0.00635204,60.6522,0.760236,0.0
6.87249,0.00636072,62.5251,0.764682,0.0
6.87185,0.00626894,62.4916,0.783149,0.0
6.86672,0.00640292,61.5385,0.766392,0.0
6.86888,0.00651792,61.0201,0.765366,0.0
6.86665,0.00639633,60.6522,0.773574,0.0
6.86092,0.0063375,61.1873,0.783149,0.0
6.86415,0.00635713,61.204,0.778361,0.0
6.86437,0.00625596,61.2709,0.783491,0.0
6.86049,0.00644591,61.0368,0.774942,0.0
6.87185,0.00633521,62.1405,0.796829,0.0
6.8704,0.0064675,61.204,0.779387,0.0
6.86151,0.00655282,61.3211,0.783833,0.0
6.87511,0.00654903,61.505,0.773574,0.0
6.87868,0.00669775,61.3043,0.768444,0.0
6.85364,0.00652294,60.0669,0.769128,0.0
6.84982,0.00645047,59.7659,0.775967,0.0
6.859,0.00645595,61.1371,0.782807,0.0
6.86226,0.00651016,60.0334,0.766392,0.0
6.86803,0.00630788,61.5552,0.76947,0.0
6.86516,0.00651661,60.2843,0.794777,0.0
6.86062,0.00643358,61.0702,0.76263,0.0
6.86213,0.00645067,61.1037,0.770154,0.0
6.85609,0.00634089,60.0836,0.772206,0.0
6.86058,0.00639261,62.1572,0.798881,0.0
6.88043,0.00653651,61.6722,0.77118,0.0
6.8664,0.00646626,60.1672,0.785885,0.0
6.85826,0.00645171,62.4749,0.773574,0.0
6.87873,0.00641786,60.8863,0.767418,0.0
6.86615,0.00634121,59.8662,0.773574,0.0
6.85472,0.00630606,60.8027,0.783149,0.0
6.86931,0.00651811,60.2174,0.760236,0.0
6.87012,0.00640866,61.6221,0.787937,0.0
6.8622,0.0064523,60.1003,0.75921,0.0
6.86018,0.00639698,60.3177,0.781781,0.0
6.86509,0.00654531,60.3344,0.780071,0.0
6.87269,0.00650396,61.1538,0.77118,0.0
6.86814,0.00639692,60.6856,0.76947,0.0
6.86319,0.00641231,62.2241,0.765708,0.0
6.87095,0.00634174,62.1739,0.783833,0.0
6.86562,0.00647128,60.3344,0.753396,0.0
6.85531,0.00633984,61.2709,0.778019,0.0
6.8627,0.00643684,60.8863,0.751686,0.0
6.86584,0.00634898,60.4348,0.773574,0.0
6.85539,0.00632119,60.2341,0.791699,0.0
6.85761,0.00643514,61.3378,0.780755,0.0
6.86771,0.00623059,61.8729,0.776993,0.0
6.86595,0.00653168,60.8027,0.768444,0.0
6.86368,0.00645771,61.1204,0.783491,0.0
6.86844,0.0067275,62.8595,0.774258,0.0
6.86474,0.00643893,60.4515,0.76947,0.0
6.8576,0.00635967,60.6856,0.762288,0.0
6.8636,0.00640723,61.4883,0.769812,0.0
6.86725,0.00648348,59.7826,0.770154,0.0
6.86887,0.0064596,61.7391,0.778019,0.0
6.86343,0.00651851,60.5017,0.756474,0.0
6.85652,0.00652731,61.1037,0.776993,0.0
6.8623,0.00631088,60.1171,0.770838,0.0
6.86916,0.00641766,61.505,0.770496,0.0
6.87249,0.00649587,61.7224,0.783833,0.0
6.86679,0.00646332,61.3378,0.776309,0.0
6.86117,0.00639066,61.0368,0.793409,0.0
6.86911,0.00649222,60.5017,0.77289,0.0
6.86695,0.00656554,61.0033,0.763314,0.0
6.86383,0.00642784,61.0702,0.768786,0.0
6.86541,0.00639509,59.9164,0.765366,0.0
6.85846,0.00626026,61.2709,0.782807,0.0
6.85743,0.00636411,59.699,0.760578,0.0
6.86392,0.00657278,61.1371,0.788279,0.0
6.86394,0.00648596,60.903,0.774942,0.0
6.86213,0.00647996,59.2977,0.773574,0.0
6.86502,0.00652138,62.5753,0.792383,0.0
6.86477,0.00645354,59.6823,0.772548,0.0
6.86558,0.00643129,61.7391,0.799907,0.0
6.87318,0.00639972,61.3211,0.780071,0.0
6.87656,0.00640194,62.7425,0.754764,0.0
6.88119,0.00642719,62.9264,0.768786,0.0
6.8763,0.00619327,60.7525,0.759894,0.0
6.86216,0.0064009,61.3378,0.784175,0.0
6.87011,0.00630045,62.4247,0.769128,0.0
6.87244,0.00629966,62.3244,0.800933,0.0
6.86244,0.00653899,60.4682,0.764682,0.0
6.87458,0.00644643,62.3077,0.776651,0.0
6.8782,0.00646887,61.4047,0.788279,0.0
6.86874,0.00656488,62.6923,0.798197,0.0
6.87522,0.00658439,62.7425,0.776651,0.0
6.87807,0.00655334,61.2207,0.781097,0.0
6.86776,0.0064506,61.3043,0.781097,0.0
6.87006,0.00650833,61.4047,0.796145,0.0
6.88424,0.00649281,61.4548,0.766392,0.0
6.87681,0.00667688,61.3211,0.768102,0.0
6.86208,0.00645008,61.9231,0.776993,0.0
6.86812,0.00649626,61.3378,0.784859,0.0
6.87278,0.00638994,61.2876,0.780413,0.0
6.86469,0.00614631,60.1839,0.787937,0.0
6.86825,0.00652229,61.3545,0.774258,0.0
6.88051,0.00662594,61.7559,0.783833,0.0
6.87033,0.00641094,61.2876,0.783149,0.0
6.86811,0.00647056,62.0234,0.790331,0.0
6.87734,0.00662496,61.5719,0.771864,0.0
6.87563,0.00643632,61.0535,0.793409,0.0
6.87115,0.00653246,62.9933,0.768786,0.0
6.86807,0.00649196,60.5853,0.783149,0.0
6.8641,0.0063495,60.8361,0.775625,0.0
6.86541,0.00668647,61.6388,0.773574,0.0
6.86237,0.00646567,60.786,0.779387,0.0
6.8623,0.00638537,60.8696,0.771864,0.0
6.86418,0.006469,61.6221,0.760236,0.0
6.86922,0.00656443,61.1873,0.765708,0.0
6.87509,0.00648393,61.7559,0.76434,0.0
6.86679,0.00661537,61.505,0.778703,0.0
6.85964,0.00649359,61.4716,0.776309,0.0
6.86548,0.00633091,61.7224,0.784517,0.0
6.86655,0.00636202,60.2843,0.777677,0.0
6.85964,0.00647709,61.9064,0.779729,0.0
6.85809,0.00637044,61.0368,0.775967,0.0
6.86208,0.00644754,62.0903,0.781781,0.0
6.86855,0.00635843,61.9565,0.784175,0.0
6.8689,0.0063401,62.4749,0.773574,0.0
6.86899,0.00646724,60.6689,0.788279,0.0
6.8697,0.00640214,62.0736,0.767076,0.0
6.86236,0.0065566,60.903,0.783149,0.0
6.85298,0.00636959,59.4816,0.752712,0.0
6.86202,0.00648348,61.204,0.779045,0.0
6.87508,0.00638237,61.4047,0.769812,0.0
6.87123,0.00640788,62.2241,0.790331,0.0
6.86037,0.00641923,61.2375,0.784517,0.0
6.85943,0.00623039,61.087,0.76263,0.0
6.86347,0.00624839,60.5853,0.765366,0.0
6.86283,0.00629412,60.6856,0.794093,0.0
6.86581,0.00639738,62.0736,0.771864,0.0
6.87176,0.00634989,60.5351,0.787253,0.0
6.87318,0.00630345,60.4682,0.773232,0.0
6.88461,0.00662829,62.2241,0.798197,0.0
6.88171,0.00656847,61.1706,0.765024,0.0
6.86739,0.00655288,61.3043,0.771522,0.0
6.87355,0.00652066,62.2575,0.774258,0.0
6.87125,0.00647872,61.9231,0.788963,0.0
6.87445,0.00647069,62.0569,0.767076,0.0
6.88405,0.00657134,61.4716,0.767076,0.0
6.8726,0.00650174,62.1405,0.778019,0.0
6.86856,0.00635035,61.3545,0.788279,0.0
6.87703,0.00635896,61.9398,0.7746,0.0
6.8803,0.00639366,62.1906,0.792383,0.0
6.87877,0.00650846,61.3545,0.780755,0.0
6.87384,0.00643221,61.8896,0.758184,0.0
6.87541,0.00660676,61.2876,0.778703,0.0
6.88757,0.00661152,62.893,0.797513,0.0
6.88073,0.00653494,61.99,0.801616,0.0
6.86844,0.00638479,60.8361,0.772548,0.0
6.88035,0.00648674,61.7224,0.798881,0.0
6.87858,0.00640083,60.4849,0.747583,0.0
6.86959,0.00629673,62.8094,0.75921,0.0
6.87869,0.00634911,61.8729,0.77289,0.0
6.87196,0.00644682,61.4214,0.768102,0.0
6.87124,0.00629608,62.3244,0.789989,0.0
6.87354,0.00643984,61.1706,0.764682,0.0
6.86997,0.00650905,59.9498,0.782465,0.0
6.8732,0.00636874,62.291,0.77118,0.0
6.87249,0.00647493,61.8729,0.774258,0.0
6.86299,0.00643723,60.2341,0.765024,0.0
6.85836,0.00647754,60.6856,0.783149,0.0
6.86917,0.00654531,61.5552,0.776309,0.0
6.8717,0.00662483,61.0535,0.773916,0.0
6.86343,0.00636672,60.9866,0.780413,0.0
6.8659,0.00635739,62.893,0.769812,0.0
6.87318,0.00637357,61.1538,0.779729,0.0
6.87584,0.00646593,60.7023,0.779045,0.0
6.87252,0.00658569,61.0201,0.784859,0.0
6.86619,0.00636757,60.9532,0.763656,0.0
6.86711,0.00628192,61.7224,0.775625,0.0
6.8685,0.00640377,61.3545,0.780413,0.0
6.87204,0.00647226,62.5753,0.767418,0.0
6.88102,0.00648159,60.7525,0.799223,0.0
6.87625,0.00646456,60.8528,0.781781,0.0
6.8692,0.00647689,61.689,0.774942,0.0
6.86883,0.00641466,60.2676,0.750318,0.0
6.86776,0.00636691,61.5886,0.780413,0.0
6.87042,0.00630345,61.3712,0.773574,0.0
6.86907,0.00642927,61.4883,0.77289,0.0
6.87123,0.00646841,60.5518,0.75579,0.0
6.87556,0.00654845,62.0401,0.791699,0.0
6.86933,0.00658002,60.602,0.767418,0.0
6.87929,0.00630071,61.9398,0.792041,0.0
6.8819,0.00653273,62.0903,0.783491,0.0
6.86438,0.00634128,61.3211,0.780755,0.0
6.87839,0.00655125,63.3612,0.77118,0.0
6.87376,0.00631773,60.0167,0.776309,0.0
6.85804,0.00634787,61.5886,0.785201,0.0
6.87665,0.00650018,61.7391,0.782465,0.0
6.88285,0.00646769,62.4415,0.786569,0.0
6.87043,0.00665536,60.8361,0.782807,0.0
6.86283,0.00643925,60.8194,0.778019,0.0
6.86519,0.0063675,61.0033,0.774942,0.0
6.86322,0.00659228,60.4515,0.776309,0.0
6.8638,0.0063934,62.0067,0.782123,0.0
6.8736,0.00642047,61.8395,0.788279,0.0
6.86255,0.00642575,59.6154,0.765708,0.0
6.85266,0.00625655,62.0569,0.788621,0.0
6.86534,0.00645217,60.9197,0.766734,0.0
6.87289,0.00642568,61.5217,0.775284,0.0
6.8726,0.00637207,62.7759,0.786569,0.0
6.87152,0.00644956,60.7023,0.768102,0.0
6.87349,0.00650063,61.6221,0.789989,0.0
6.86524,0.00649007,61.1037,0.786911,0.0
6.85261,0.00643997,60.4181,0.754764,0.0
6.85377,0.00635948,60.5853,0.769812,0.0
6.86019,0.0064703,61.0368,0.770154,0.0
6.85905,0.00641316,62.107,0.781439,0.0
6.85483,0.00662072,60.8528,0.774258,0.0
6.85995,0.00669227,61.0201,0.775967,0.0
6.86821,0.00654199,61.6722,0.773916,0.0
6.8627,0.00614644,60.6355,0.768444,0.0
6.8621,0.00633887,61.4716,0.780755,0.0
6.86663,0.0064399,60.4849,0.765708,0.0
6.8619,0.00638505,61.7057,0.781781,0.0
6.85836,0.0063617,60.4849,0.754422,0.0
6.85256,0.00633573,58.4114,0.75408,0.0
6.85088,0.00650866,60.9197,0.788963,0.0
6.86059,0.00653697,61.0368,0.773232,0.0
6.86539,0.00637252,61.5552,0.776309,0.0
6.86054,0.00633091,60.301,0.76947,0.0
6.85145,0.00637513,59.9833,0.779387,0.0
6.85894,0.00645073,60.9699,0.776993,0.0
6.86196,0.00646867,59.2475,0.752712,0.0
6.86115,0.0064688,60.8528,0.764682,0.0
6.8752,0.00656097,62.4916,0.76434,0.0
6.86422,0.00632178,59.1304,0.763314,0.0
6.83787,0.00638433,60.5853,0.778019,0.0
6.8457,0.00639183,59.8997,0.777677,0.0
6.86329,0.00630716,61.4214,0.76776,0.0
6.8605,0.00642595,59.9331,0.781097,0.0
6.8611,0.00647232,61.6555,0.783491,0.0
6.86915,0.00642588,61.0201,0.758868,0.0
6.86037,0.00642751,61.4883,0.762288,0.0
6.85388,0.00617749,60.7358,0.790331,0.0
6.85794,0.00636587,60.7692,0.763998,0.0
6.86104,0.00636828,61.0201,0.762288,0.0
6.85794,0.00639151,59.8997,0.768444,0.0
6.85329,0.00638642,59.5485,0.784175,0.0
6.85964,0.00647428,61.1706,0.770154,0.0
6.86133,0.00638002,60.0669,0.778703,0.0
6.85348,0.00649078,60.4849,0.76092,0.0
6.85913,0.00635693,59.5318,0.7746,0.0
6.85057,0.00632112,59.2642,0.780413,0.0
6.84683,0.00625629,60.4682,0.772548,0.0
6.86585,0.00622054,61.2207,0.786911,0.0
6.864,0.00646137,59.5485,0.76947,0.0
6.84648,0.00639705,59.8495,0.768444,0.0
6.8522,0.00626711,61.4548,0.780413,0.0
6.85618,0.00628283,58.8629,0.756816,0.0
6.84735,0.0063994,60.3344,0.765708,0.0
6.84926,0.00640109,60.0502,0.75921,0.0
6.86001,0.00638029,61.8729,0.788279,0.0
6.85546,0.00652327,60.8194,0.786227,0.0
6.84959,0.00651674,60.1003,0.769812,0.0
6.85076,0.00640996,60.4013,0.766734,0.0
6.84973,0.00628929,59.6656,0.760236,0.0
6.84558,0.00629849,59.6154,0.782807,0.0
6.84732,0.0063266,59.4649,0.778703,0.0
6.84943,0.00643084,60.9365,0.775967,0.0
6.85079,0.00631303,59.9331,0.7746,0.0
6.85267,0.00621663,60.786,0.755106,0.0
6.85431,0.00617201,60.5351,0.776993,0.0
6.85511,0.00630788,60.5518,0.771864,0.0
6.855,0.00631101,59.5987,0.776309,0.0
6.84525,0.00636352,59.398,0.792725,0.0
6.84958,0.00638094,60.7023,0.779387,0.0
6.8552,0.0064024,60.2843,0.766734,0.0
6.8543,0.00638035,60.3512,0.779729,0.0
6.85397,0.00631721,61.4716,0.763656,0.0
6.84918,0.00631995,60.5017,0.784517,0.0
6.84401,0.00644812,59.5318,0.75066,0.0
6.8467,0.00628088,60.3177,0.733903,0.0
6.84709,0.00621878,60.9866,0.765366,0.0
6.83687,0.00641349,58.8629,0.787595,0.0
6.84705,0.00629803,60.3846,0.774942,0.0
6.86466,0.00636952,58.7291,0.784517,0.0
6.8518,0.00650057,60.6522,0.758868,0.0
6.84165,0.0064189,60.2843,0.766392,0.0
6.84847,0.00626888,59.2642,0.775625,0.0
6.85394,0.00635472,59.6656,0.780413,0.0
6.84325,0.00645178,59.0468,0.783833,0.0
6.83741,0.00644082,59.0635,0.788963,0.0
6.84593,0.00642405,58.796,0.766392,0.0
6.85176,0.00653644,61.0368,0.76947,0.0
6.85011,0.00633286,60.5351,0.787253,0.0
6.84893,0.0063163,59.5652,0.76263,0.0
6.8486,0.00623261,61.0368,0.784517,0.0
6.85264,0.00624428,59.8997,0.784517,0.0
6.85212,0.0062722,59.9331,0.75408,0.0
6.84749,0.00645628,60.0,0.768444,0.0
6.84311,0.00650213,58.9967,0.783491,0.0
6.83941,0.00640905,59.699,0.770154,0.0
6.84514,0.00636496,59.6154,0.77118,0.0
6.84311,0.0064067,59.6488,0.775625,0.0
6.83384,0.00629027,58.9632,0.764682,0.0
6.83271,0.00628505,57.3579,0.748267,0.0
6.83758,0.0062857,59.0803,0.766734,0.0
6.84099,0.0061784,58.9465,0.775625,0.0
6.83037,0.00634969,58.4281,0.763998,0.0
6.82438,0.00641538,58.6288,0.775284,0.0
6.83229,0.00632367,58.5452,0.766392,0.0
6.83701,0.00625863,59.1472,0.789647,0.0
6.8284,0.00627977,56.99,0.760578,0.0
6.83064,0.00626998,60.0502,0.793409,0.0
6.83722,0.0063874,58.9465,0.761262,0.0
6.83352,0.00625485,59.8662,0.761946,0.0
6.83789,0.00608076,59.9666,0.763656,0.0
6.83416,0.00631401,58.7291,0.757158,0.0
6.82827,0.00634408,58.8629,0.776309,0.0
6.84205,0.00647278,59.2475,0.761262,0.0
6.8499,0.00652855,60.2843,0.776993,0.0
6.8396,0.00629992,60.903,0.773916,0.0
6.83093,0.00612322,59.5987,0.779045,0.0
6.83121,0.00621747,58.8294,0.762288,0.0
6.83732,0.00619804,58.6789,0.777335,0.0
6.83604,0.00627944,60.1003,0.791015,0.0
6.83287,0.00622426,59.2475,0.771522,0.0
6.8378,0.00624428,58.5786,0.761262,0.0
6.83692,0.00625805,59.1639,0.772548,0.0
6.83457,0.00631669,59.9666,0.785543,0.0
6.83255,0.00625622,58.5953,0.77118,0.0
6.82472,0.00630619,58.6789,0.775284,0.0
6.82676,0.0062405,58.2441,0.749977,0.0
6.83394,0.00624037,58.8629,0.744505,0.0
6.83308,0.00634754,59.5151,0.769812,0.0
6.83233,0.00641283,60.0,0.785201,0.0
6.83541,0.00630964,59.7826,0.748609,0.0
6.83909,0.00635211,58.6957,0.77289,0.0
6.83449,0.00631467,59.4649,0.767418,0.0
6.83161,0.00631649,57.6589,0.789305,0.0
6.83612,0.00635354,59.5987,0.753396,0.0
6.8419,0.00627859,61.1371,0.768444,0.0
6.83833,0.00620723,59.0803,0.776993,0.0
6.83548,0.00648387,59.0134,0.754422,0.0
6.8276,0.00625694,58.5953,0.76092,0.0
6.82655,0.00645615,58.5786,0.794777,0.0
6.83532,0.00627631,58.796,0.76092,0.0
6.82923,0.00631577,57.6589,0.773574,0.0
6.8255,0.00636352,58.0769,0.780413,0.0
6.83289,0.00633515,59.097,0.742795,0.0
6.8328,0.00629764,59.3311,0.757842,0.0
6.8321,0.00629679,59.097,0.76263,0.0
6.83547,0.00615107,59.7157,0.759552,0.0
6.83046,0.0065037,57.2742,0.783149,0.0
6.82954,0.00622165,59.6321,0.761604,0.0
6.8358,0.00622843,58.3779,0.760578,0.0
6.83202,0.00641805,59.5652,0.777335,0.0
6.82705,0.00618108,59.4816,0.779045,0.0
6.82875,0.00626646,58.7625,0.758868,0.0
6.82835,0.00628427,57.9599,0.754764,0.0
6.82836,0.00638276,57.9766,0.780413,0.0
6.82786,0.0064373,58.8462,0.77118,0.0
6.8217,0.0061889,59.1806,0.761262,0.0
6.82268,0.00632478,57.4415,0.774942,0.0
6.82569,0.00635263,58.5117,0.781439,0.0
6.82041,0.00631088,57.8261,0.773916,0.0
6.81802,0.00614905,58.5953,0.778019,0.0
6.82284,0.006215,58.6455,0.764682,0.0
6.83426,0.00644799,60.1505,0.782807,0.0
6.82809,0.00630032,59.0468,0.763998,0.0
6.82189,0.00621082,57.1405,0.761946,0.0
6.82936,0.00638479,58.8127,0.779045,0.0
6.82785,0.00625824,59.1472,0.75408,0.0
6.82671,0.00625433,58.2943,0.788279,0.0
6.83016,0.00629255,58.7793,0.742795,0.0
6.82586,0.00627214,57.6087,0.762288,0.0
6.82914,0.00634461,58.8963,0.782807,0.0
6.83642,0.00636881,60.1839,0.782123,0.0
6.83098,0.0062527,59.1806,0.761604,0.0
6.83058,0.00629934,58.6288,0.782123,0.0
6.83497,0.00617129,59.097,0.748951,0.0
6.82888,0.00641557,59.1973,0.794777,0.0
6.82842,0.00618858,57.6923,0.760236,0.0
6.82254,0.00618453,58.9967,0.783833,0.0
6.81652,0.00597424,57.8261,0.75921,0.0
6.82078,0.00625348,58.1271,0.785885,0.0
6.83297,0.00632347,60.9197,0.796487,0.0
6.83785,0.00626659,58.796,0.761262,0.0
6.83127,0.00624885,58.6288,0.771864,0.0
6.83165,0.0063024,59.4314,0.755448,0.0
6.82616,0.00636854,57.2408,0.769128,0.0
6.82764,0.00636972,59.1137,0.755448,0.0
6.82931,0.00614801,57.709,0.760578,0.0
6.82671,0.00624311,57.3913,0.76947,0.0
6.83025,0.00626542,58.9632,0.747241,0.0
6.82695,0.00629601,57.7926,0.776651,0.0
6.82798,0.00639431,58.4448,0.741427,0.0
6.83774,0.00647578,58.5619,0.75921,0.0
6.83,0.00610372,59.4816,0.766734,0.0
6.81855,0.0062058,57.5418,0.77289,0.0
6.82944,0.00626366,58.9799,0.771522,0.0
6.83962,0.00639711,59.4649,0.773232,0.0
6.82828,0.00638818,57.5251,0.761262,0.0
6.82118,0.00624415,57.7592,0.759894,0.0
6.82628,0.00624774,57.2575,0.758184,0.0
6.82582,0.00631897,58.6789,0.772206,0.0
6.82599,0.00639738,59.0803,0.777677,0.0
6.82007,0.00629327,56.7893,0.755448,0.0
6.81894,0.00615988,58.2943,0.756474,0.0
6.82924,0.00627207,58.9799,0.757842,0.0
6.82559,0.00619497,59.0803,0.765366,0.0
6.81869,0.00626255,56.99,0.754764,0.0
6.82936,0.00625198,59.7324,0.757158,0.0
6.8315,0.00614501,58.495,0.767418,0.0
6.82854,0.00628668,58.7625,0.778703,0.0
6.83056,0.00639281,58.0435,0.753738,0.0
6.82006,0.00625335,57.4415,0.751686,0.0
6.82394,0.00630997,58.5619,0.777677,0.0
6.83505,0.00623013,58.7291,0.76605,0.0
6.82826,0.00625139,57.9766,0.756132,0.0
6.81941,0.00636881,58.8294,0.783833,0.0
6.82446,0.00628838,58.913,0.768444,0.0
6.82729,0.00629314,56.8896,0.7575,0.0
6.82868,0.00631473,59.6823,0.784175,0.0
6.83354,0.00612655,59.1137,0.776309,0.0
6.83123,0.00627996,59.8662,0.758868,0.0
6.82056,0.00617442,58.8796,0.7746,0.0
6.82416,0.00622224,59.5819,0.773916,0.0
6.83322,0.0063401,59.8662,0.762972,0.0
6.82725,0.00622608,58.7625,0.768444,0.0
6.82504,0.00618662,57.8595,0.76434,0.0
6.83225,0.00627103,59.1973,0.764682,0.0
6.82814,0.00614416,57.8763,0.758526,0.0
6.82582,0.0062255,59.2977,0.77289,0.0
6.83233,0.00629594,59.4314,0.765024,0.0
6.82303,0.00620573,59.1304,0.776651,0.0
6.81021,0.00622732,57.8261,0.780755,0.0
6.82033,0.00618095,60.1003,0.76947,0.0
6.83624,0.00621898,58.5786,0.75408,0.0
6.83385,0.00633436,58.612,0.76605,0.0
6.82693,0.00644304,58.913,0.770838,0.0
6.82648,0.00643201,58.7793,0.774258,0.0
6.82958,0.00634898,58.6957,0.765708,0.0
6.82708,0.00612492,59.4314,0.755106,0.0
6.81763,0.0061574,57.4415,0.765708,0.0
6.82136,0.00627403,58.9799,0.765708,0.0
6.83128,0.00614103,57.9264,0.75921,0.0
6.83174,0.00609132,59.3478,0.765708,0.0
6.8386,0.00650337,59.4983,0.774258,0.0
6.83128,0.00639346,58.3445,0.762288,0.0
6.81925,0.00648472,58.6622,0.781439,0.0
6.8252,0.00620254,58.2274,0.765024,0.0
6.82547,0.00627142,59.7157,0.772206,0.0
6.83078,0.00643612,60.0167,0.796487,0.0
6.83452,0.00632432,59.3645,0.752712,0.0
6.82916,0.00630951,60.1171,0.766392,0.0
6.82753,0.00625289,59.5819,0.759894,0.0
6.82199,0.00627409,58.2441,0.761946,0.0
6.82132,0.00624474,57.6756,0.765366,0.0
6.82726,0.0062737,58.4783,0.773232,0.0
6.8326,0.006127,59.5652,0.77118,0.0
6.8311,0.00642914,59.5987,0.792383,0.0
6.82941,0.0064658,58.7793,0.765708,0.0
6.82638,0.00637135,58.1773,0.763314,0.0
6.8137,0.00640436,57.8261,0.773574,0.0
6.81659,0.00619791,58.0769,0.748951,0.0
6.82892,0.00614351,57.5418,0.758184,0.0
6.8298,0.00625544,58.8294,0.765366,0.0
6.8269,0.00620032,58.3779,0.758184,0.0
6.83152,0.00645641,58.194,0.75921,0.0
6.83029,0.00617325,60.3512,0.789647,0.0
6.82305,0.00621291,59.1304,0.782123,0.0
6.82814,0.00625348,59.6488,0.756132,0.0
6.8322,0.00631408,58.612,0.76947,0.0
6.82976,0.00631323,59.5987,0.762972,0.0
6.82943,0.00635276,59.3144,0.76263,0.0
6.8155,0.00607965,57.6923,0.759552,0.0
6.82135,0.00624233,59.4816,0.773232,0.0
6.83627,0.00652946,58.8963,0.776993,0.0
6.82145,0.00630638,58.2274,0.770496,0.0
6.82547,0.00629542,59.0468,0.783491,0.0
6.82263,0.00629908,56.99,0.761946,0.0
6.80949,0.00624389,57.4749,0.786227,0.0
6.82825,0.00653214,59.8328,0.770496,0.0
6.83304,0.00623502,57.1906,0.732193,0.0
6.81392,0.00638002,58.5117,0.765708,0.0
6.82091,0.00635028,57.4582,0.773574,0.0
6.83352,0.00614729,58.4281,0.768786,0.0
6.82445,0.00624702,57.5251,0.753054,0.0
6.82498,0.00623894,57.9766,0.762288,0.0
6.83393,0.00623046,59.0803,0.767418,0.0
6.82647,0.00618238,58.1605,0.770496,0.0
6.82449,0.00614729,59.3478,0.748609,0.0
6.83457,0.00621637,58.7625,0.770838,0.0
6.82357,0.00625433,58.9298,0.750318,0.0
6.81038,0.00619151,57.7592,0.775625,0.0
6.81829,0.00594841,58.0602,0.768102,0.0
6.82267,0.00611487,57.893,0.762972,0.0
6.82404,0.00609504,58.7291,0.758868,0.0
6.83622,0.00630553,60.4682,0.771522,0.0
6.83405,0.00617482,58.4281,0.766734,0.0
6.83098,0.00626333,60.6187,0.76263,0.0
6.83198,0.00635974,58.6622,0.771522,0.0
6.8231,0.00624787,58.8127,0.765708,0.0
6.82055,0.00628923,58.4615,0.782465,0.0
6.81938,0.00626901,57.6087,0.765024,0.0
6.81867,0.00619295,57.6756,0.764682,0.0
6.82258,0.00617103,58.5284,0.770154,0.0
6.82659,0.00626646,58.5452,0.7575,0.0
6.82443,0.00642125,57.3746,0.773232,0.0
6.83039,0.00624859,59.1806,0.754422,0.0
6.83369,0.00631199,59.1137,0.7746,0.0
6.82518,0.00621402,58.8796,0.76605,0.0
6.8348,0.00647728,61.0535,0.757842,0.0
6.83387,0.00629979,59.1472,0.762288,0.0
6.81345,0.00636652,58.01,0.776651,0.0
6.81674,0.00639679,58.0936,0.758526,0.0
6.81981,0.00619745,57.592,0.751344,0.0
6.82427,0.00625974,58.8462,0.762972,0.0
6.83837,0.00622569,58.4615,0.771864,0.0
6.82589,0.00618388,59.4482,0.770496,0.0
6.81361,0.00623032,57.5084,0.761946,0.0
6.81984,0.00641212,58.612,0.76947,0.0
6.82599,0.00622341,57.709,0.760236,0.0
6.83266,0.00619073,58.6288,0.745531,0.0
6.83782,0.00641753,57.893,0.770838,0.0
6.83715,0.00618995,59.2475,0.774258,0.0
6.82916,0.0063375,58.612,0.76947,0.0
6.81522,0.00606308,57.3579,0.763998,0.0
6.81978,0.0063405,58.5953,0.775284,0.0
6.83159,0.00635654,58.1271,0.7575,0.0
6.83593,0.00631199,60.8194,0.769812,0.0
6.83693,0.00640605,59.1806,0.753396,0.0
6.82568,0.00632556,58.2943,0.780413,0.0
6.81629,0.00600359,58.2943,0.747241,0.0
6.82449,0.00614514,57.291,0.759552,0.0
6.82623,0.00630566,57.9097,0.7746,0.0
6.82804,0.00631356,58.8127,0.76092,0.0
6.83311,0.00620006,58.6455,0.763998,0.0
6.8257,0.00641323,59.1137,0.781097,0.0
6.82054,0.0063405,58.9298,0.769128,0.0
6.8289,0.00621754,58.1104,0.752712,0.0
6.82458,0.00617475,58.5786,0.757158,0.0
6.82276,0.00629138,58.2441,0.768102,0.0
6.82741,0.00624937,58.9967,0.7575,0.0
6.83468,0.00628812,58.1104,0.766734,0.0
6.83166,0.00619608,58.796,0.76092,0.0
6.81917,0.00626085,58.1438,0.759894,0.0
6.81674,0.00631564,57.3244,0.771522,0.0
6.82237,0.00609804,58.3946,0.766392,0.0
6.82571,0.00616738,58.6455,0.776993,0.0
6.8258,0.00623111,58.7124,0.771522,0.0
6.82748,0.00629307,58.0936,0.778361,0.0
6.82565,0.00642927,58.194,0.76605,0.0
6.82776,0.00630462,59.3311,0.795461,0.0
6.82957,0.00639868,58.8127,0.776651,0.0
6.82643,0.00620025,59.1472,0.785543,0.0
6.83042,0.00614579,59.7157,0.765024,0.0
6.83273,0.00615459,59.1137,0.764682,0.0
6.82431,0.0062135,59.097,0.77289,0.0
6.81905,0.00620795,58.4448,0.751686,0.0
6.81809,0.00637461,58.4783,0.787595,0.0
6.81864,0.00635465,58.7625,0.776651,0.0
6.81541,0.0063904,57.5251,0.764682,0.0
6.82238,0.00619915,58.8796,0.768102,0.0
6.83144,0.0061784,58.2274,0.780755,0.0
6.8299,0.00631069,59.0134,0.769812,0.0
6.82659,0.00635902,58.0936,0.76776,0.0
6.83027,0.00633906,59.4816,0.794777,0.0
6.82544,0.00637376,58.0936,0.749977,0.0
6.81497,0.00623111,58.1438,0.76263,0.0
6.81758,0.00620091,58.4281,0.757842,0.0
6.82623,0.00611154,58.01,0.761946,0.0
6.82267,0.00614024,58.796,0.761262,0.0
6.82001,0.00624181,58.8629,0.763314,0.0
6.82538,0.00632954,57.0234,0.769128,0.0
6.82975,0.00627638,58.5619,0.76263,0.0
6.8266,0.00643723,58.7291,0.777677,0.0
6.82035,0.0063949,58.1773,0.741085,0.0
6.81773,0.00631095,57.3411,0.771522,0.0
6.81583,0.00609458,58.1438,0.763656,0.0
6.81994,0.00629777,59.214,0.76605,0.0
6.81918,0.00626079,57.592,0.76776,0.0
6.8259,0.00631251,59.1137,0.765024,0.0
6.82858,0.00626131,58.796,0.769128,0.0
6.82675,0.00629288,58.913,0.785885,0.0
6.83024,0.00620652,59.1304,0.769128,0.0
6.82526,0.00638348,58.8127,0.791699,0.0
6.81784,0.00622706,57.9599,0.77118,0.0
6.81193,0.00616086,59.6656,0.755448,0.0
6.81382,0.0061364,58.5452,0.768786,0.0
6.82141,0.00621017,58.6455,0.762972,0.0
6.8202,0.00624448,57.0903,0.756132,0.0
6.82482,0.00627827,57.6756,0.756816,0.0
6.83326,0.00628877,58.5117,0.752028,0.0
6.8242,0.00626255,58.5619,0.781097,0.0
6.81734,0.00626933,57.408,0.763998,0.0
6.82439,0.00618767,58.5452,0.785543,0.0
6.82801,0.00617977,59.1137,0.763998,0.0
6.82454,0.00627011,57.4415,0.76605,0.0
6.83004,0.00618297,59.6321,0.7575,0.0
6.83165,0.00632504,58.3278,0.76434,0.0
6.8212,0.00640605,57.1906,0.771522,0.0
6.82628,0.00626411,58.4448,0.77118,0.0
6.82923,0.00637331,58.5786,0.783149,0.0
6.82044,0.0063144,57.7759,0.761262,0.0
6.82406,0.00639072,59.2308,0.786911,0.0
6.8213,0.00639229,59.0635,0.763656,0.0
6.82523,0.00649091,60.6856,0.785885,0.0
6.83501,0.00624565,57.2742,0.770154,0.0
6.82514,0.00647565,58.2609,0.76263,0.0
6.82663,0.00617814,59.4816,0.755106,0.0
6.83613,0.00636313,58.2274,0.75237,0.0
6.83505,0.00626385,59.0468,0.766392,0.0
6.83304,0.00622302,58.495,0.771522,0.0
6.82207,0.00623946,57.6589,0.750318,0.0
6.81872,0.00634552,58.6455,0.779729,0.0
6.82763,0.00632236,58.8127,0.775967,0.0
6.83035,0.0060863,58.4114,0.757842,0.0
6.82941,0.0062979,58.4114,0.772206,0.0
6.82874,0.00624878,58.8127,0.763314,0.0
6.82665,0.0063326,59.9331,0.795803,0.0
6.81843,0.00615022,57.3579,0.756132,0.0
6.81259,0.00617299,57.7258,0.756816,0.0
6.81326,0.0062662,56.9398,0.762288,0.0
6.81422,0.00629105,57.3077,0.759894,0.0
6.82726,0.00632856,58.6622,0.769128,0.0
6.82546,0.00628427,56.4883,0.756474,0.0
6.81634,0.00632745,58.1271,0.779729,0.0
6.82892,0.0063371,58.7124,0.772548,0.0
6.83348,0.00626177,58.3278,0.756132,0.0
6.82669,0.00629621,59.1973,0.76947,0.0
6.82695,0.0064294,58.311,0.761604,0.0
6.82208,0.00627514,57.8595,0.761946,0.0
6.81531,0.00626516,58.1438,0.7746,0.0
6.81894,0.00624826,58.01,0.770154,0.0
6.82758,0.00627951,59.0134,0.759894,0.0
6.8186,0.0062392,56.8395,0.757842,0.0
6.8103,0.00613809,57.8094,0.749635,0.0
6.82314,0.00632301,58.7793,0.771864,0.0
6.83116,0.00639464,59.3478,0.768444,0.0
6.82813,0.00641427,57.3913,0.764682,0.0
6.82186,0.00627925,58.5619,0.768444,0.0
6.82099,0.00634728,59.1472,0.788279,0.0
6.82278,0.00619986,58.5452,0.771522,0.0
6.82279,0.00634604,58.2943,0.756816,0.0
6.82588,0.00633482,57.592,0.786569,0.0
6.82847,0.00633652,58.5953,0.771864,0.0
6.82383,0.00607704,58.2441,0.787253,0.0
6.82228,0.0060411,58.6288,0.766392,0.0
6.82478,0.00620404,57.408,0.779045,0.0
6.82203,0.00611167,57.893,0.798881,0.0
6.8314,0.0062163,58.4448,0.748609,0.0
6.83416,0.00636959,59.3144,0.771864,0.0
6.81771,0.00623554,57.0401,0.76776,0.0
6.81724,0.00616288,58.0435,0.76947,0.0
6.82471,0.00632817,58.913,0.782807,0.0
6.81748,0.00617808,57.3411,0.75066,0.0
6.81548,0.00613131,57.1739,0.761604,0.0
6.82448,0.00631701,58.3946,0.771522,0.0
6.82354,0.00634917,58.796,0.761946,0.0
6.81399,0.00633273,59.0134,0.782465,0.0
6.81424,0.00629118,57.408,0.760578,0.0
6.815,0.00621095,57.2074,0.746899,0.0
6.81832,0.00616725,58.2274,0.763314,0.0
6.82651,0.00604018,58.6455,0.743479,0.0
6.82007,0.00610372,57.5753,0.765366,0.0
6.81278,0.00630592,58.4615,0.765024,0.0
6.82352,0.00631584,57.5084,0.772548,0.0
6.83061,0.00623639,59.0134,0.777677,0.0
6.82773,0.00631682,57.9599,0.749293,0.0
6.81903,0.00638244,58.2441,0.773232,0.0
6.8142,0.00648015,58.3946,0.769128,0.0
6.81585,0.00623874,58.9298,0.756816,0.0
6.83196,0.00632438,59.0134,0.771522,0.0
6.8349,0.00640501,58.4114,0.7575,0.0
6.81433,0.00623685,58.4615,0.761604,0.0
6.81421,0.00623059,58.01,0.759894,0.0
6.82359,0.00621487,58.2274,0.761946,0.0
6.82144,0.00632438,58.9967,0.760236,0.0
6.82536,0.00626855,59.097,0.762972,0.0
6.82391,0.00625133,57.4749,0.77289,0.0
6.82199,0.00630899,57.9097,0.767418,0.0
6.82426,0.00619719,57.6756,0.76605,0.0
6.82604,0.00630919,59.3144,0.777335,0.0
6.83392,0.00633515,59.398,0.779045,0.0
6.8295,0.00629184,60.2676,0.770154,0.0
6.81831,0.00633586,58.8629,0.781781,0.0
6.81994,0.0061499,56.8729,0.740059,0.0
6.82776,0.00640233,58.7291,0.762972,0.0
6.82492,0.00621219,57.4415,0.757842,0.0
6.82607,0.00626059,58.6455,0.75237,0.0
6.83548,0.00621898,59.6321,0.786569,0.0
6.83164,0.00647311,58.2609,0.786569,0.0
6.83065,0.0062799,58.2441,0.780071,0.0
6.8315,0.00619928,58.8127,0.782123,0.0
6.822,0.00638544,56.8729,0.766392,0.0
6.8132,0.00626594,58.4783,0.75921,0.0
6.81934,0.00627742,58.8629,0.763656,0.0
6.82123,0.00630319,57.0569,0.748951,0.0
6.81617,0.00637344,58.5786,0.769128,0.0
6.82085,0.00631558,58.8462,0.764682,0.0
6.82262,0.00636235,57.7926,0.76263,0.0
6.81733,0.00643162,59.0635,0.779387,0.0
6.82114,0.00636613,60.602,0.775967,0.0
6.82216,0.00635002,58.194,0.760236,0.0
6.82321,0.00625048,59.097,0.76605,0.0
6.82325,0.00621963,57.5753,0.769128,0.0
6.81423,0.00621911,58.0268,0.755448,0.0
6.82245,0.00631532,56.9732,0.75921,0.0
6.82561,0.00609667,60.6355,0.791699,0.0
6.81873,0.00627638,58.5284,0.768102,0.0
6.81949,0.0062769,58.4783,0.779729,0.0
6.83481,0.00638322,59.5151,0.76092,0.0
6.83448,0.00642608,58.9799,0.775967,0.0
6.82023,0.00632471,57.5251,0.761946,0.0
6.81849,0.00626085,59.0301,0.777677,0.0
6.82695,0.0063328,57.2241,0.765024,0.0
6.82433,0.00620143,59.1806,0.752028,0.0
6.82534,0.00624233,59.6823,0.787595,0.0
6.8259,0.00625159,57.8261,0.765708,0.0
6.82402,0.00627768,58.7458,0.76947,0.0
6.82452,0.00626561,57.1572,0.748609,0.0
6.82217,0.00636039,59.3311,0.778361,0.0
6.81906,0.00623991,58.2441,0.752712,0.0
6.8181,0.00620378,57.2074,0.775284,0.0
6.82245,0.00627951,59.2475,0.772548,0.0
6.81533,0.00629197,57.4749,0.773232,0.0
6.80926,0.00639718,57.893,0.759894,0.0
6.81942,0.00614448,57.893,0.767076,0.0
6.82382,0.00626209,57.2742,0.7575,0.0
6.81555,0.00623665,58.1271,0.752028,0.0
6.82411,0.00626809,59.398,0.772206,0.0
6.83318,0.00611976,60.2174,0.755106,0.0
6.82889,0.00629197,58.8462,0.770838,0.0
6.82679,0.00638179,58.913,0.776993,0.0
6.81615,0.00620671,57.6756,0.745531,0.0
6.81347,0.00625642,56.8227,0.792383,0.0
6.82516,0.00615668,57.7592,0.758184,0.0
6.81749,0.00636346,58.9298,0.781097,0.0
6.80712,0.00617071,58.7793,0.744505,0.0
6.81801,0.00607893,58.2943,0.754422,0.0
6.82594,0.00609824,58.6957,0.763656,0.0
6.82981,0.00617782,58.913,0.780413,0.0
6.82444,0.00632804,58.4448,0.771522,0.0
6.81698,0.00635191,57.3746,0.740401,0.0
6.81587,0.00632712,57.0736,0.775284,0.0
6.81874,0.00624265,58.7124,0.76605,0.0
6.82318,0.00639757,57.0067,0.747583,0.0
6.82255,0.00635615,57.3411,0.758184,0.0
6.81414,0.00600783,58.5284,0.762972,0.0
6.81259,0.00619765,56.9398,0.775284,0.0
6.81993,0.00624448,57.8428,0.77289,0.0
6.82347,0.00630756,57.592,0.773232,0.0
6.81843,0.00618969,57.5418,0.768786,0.0
6.8168,0.00619706,57.7759,0.747241,0.0
6.82429,0.00633313,58.9465,0.787937,0.0
6.81619,0.00641831,56.99,0.762972,0.0
6.81356,0.00640788,57.9431,0.781439,0.0
6.82653,0.00625746,58.0936,0.762288,0.0
6.82709,0.00629014,58.5452,0.769128,0.0
6.82132,0.00633143,58.5284,0.782465,0.0
6.82967,0.00642477,59.1973,0.75408,0.0
6.83294,0.00627905,58.5284,0.773574,0.0
6.81757,0.00629014,57.8763,0.775284,0.0
6.81178,0.00616262,58.2609,0.777677,0.0
6.81711,0.0060668,59.6823,0.76605,0.0
6.8216,0.00629718,57.9264,0.76263,0.0
6.81502,0.00613529,57.4916,0.730483,0.0
6.81453,0.00601605,58.194,0.742453,0.0
6.82716,0.00621676,58.9465,0.753396,0.0
6.82889,0.00629816,59.6321,0.76434,0.0
6.81965,0.00632797,58.7291,0.765366,0.0
6.81491,0.0061242,57.6756,0.778019,0.0
6.81531,0.00624813,57.6589,0.757158,0.0
6.81372,0.00622015,58.1773,0.765366,0.0
6.81519,0.00630227,59.2308,0.785201,0.0
6.81527,0.0063587,57.2575,0.762972,0.0
6.82255,0.00615309,59.7826,0.761604,0.0
6.82555,0.00599746,58.6288,0.762288,0.0
6.81344,0.00614377,58.1773,0.752028,0.0
6.81811,0.00617468,60.3846,0.760236,0.0
6.8305,0.00618877,58.7793,0.783149,0.0
6.82747,0.00622778,59.0635,0.769812,0.0
6.81672,0.006212,57.291,0.769128,0.0
6.81362,0.00637161,58.0936,0.764682,0.0
6.81733,0.00629334,58.1773,0.768444,0.0
6.81411,0.00609413,58.6455,0.771864,0.0
6.81934,0.00632673,58.4281,0.75408,0.0
6.83182,0.0062373,58.2107,0.772206,0.0
6.82381,0.00624331,57.6756,0.756132,0.0
6.81623,0.00645876,59.097,0.783491,0.0
6.82229,0.00631153,57.6923,0.738691,0.0
6.81881,0.00621721,57.4916,0.748267,0.0
6.8228,0.00637676,58.2274,0.753054,0.0
6.82783,0.00638635,57.5418,0.761946,0.0
6.82409,0.0062872,58.7793,0.77118,0.0
6.83344,0.00640749,57.8595,0.785885,0.0
6.83162,0.00642405,59.1639,0.779387,0.0
6.81393,0.00628173,57.5251,0.758184,0.0
6.81556,0.00629549,59.4983,0.772206,0.0
6.83136,0.00629953,58.3278,0.764682,0.0
6.81898,0.00626392,57.107,0.76605,0.0
6.80848,0.00634754,56.1873,0.763314,0.0
6.81809,0.00613124,58.4783,0.767076,0.0
6.82361,0.00630247,57.408,0.773574,0.0
6.82225,0.00622811,57.1906,0.778019,0.0
6.8205,0.00629079,57.7425,0.759552,0.0
6.81077,0.00620025,57.2074,0.764682,0.0
6.81729,0.00633632,57.893,0.761262,0.0
6.82709,0.00629666,57.8428,0.76092,0.0
6.81678,0.00616829,58.6789,0.762288,0.0
6.81197,0.0062328,59.1973,0.763314,0.0
6.8217,0.00630064,59.5318,0.776309,0.0
6.82627,0.00620319,57.3244,0.770496,0.0
6.82164,0.00609354,57.6421,0.775625,0.0
6.83153,0.00618675,59.9498,0.778361,0.0
6.83399,0.00627201,58.7291,0.758184,0.0
6.81851,0.00624337,59.0468,0.763314,0.0
6.81677,0.00629686,58.4114,0.760236,0.0
6.82521,0.00625642,58.194,0.766392,0.0
6.82254,0.00624311,58.495,0.760236,0.0
6.81761,0.00623502,57.9766,0.766734,0.0
6.8218,0.00628101,59.214,0.768444,0.0
6.82412,0.00611389,57.9599,0.773232,0.0
6.81561,0.00613777,57.5084,0.761262,0.0
6.82469,0.00611637,59.097,0.75921,0.0
6.82714,0.00632217,57.3077,0.778703,0.0
6.82085,0.00630475,58.5452,0.76605,0.0
6.81951,0.00609139,58.3946,0.770838,0.0
6.82218,0.0060653,60.0334,0.781439,0.0
6.81905,0.00620945,56.8562,0.767076,0.0
6.81381,0.00630925,58.5953,0.762288,0.0
6.8292,0.00624572,59.5987,0.787595,0.0
6.83118,0.00638446,56.7057,0.77289,0.0
6.82056,0.00649241,58.6957,0.775284,0.0
6.82307,0.00635791,57.9097,0.756474,0.0
6.82167,0.00622048,57.6087,0.748609,0.0
6.82107,0.00616073,58.3779,0.772206,0.0
6.82697,0.00619947,58.1605,0.758526,0.0
6.81591,0.00636854,58.4783,0.751686,0.0
6.81157,0.00632367,58.5619,0.763314,0.0
6.82307,0.00624702,59.1137,0.787253,0.0
6.82438,0.00629568,58.3946,0.779045,0.0
6.82564,0.00631904,57.7425,0.758526,0.0
6.82708,0.0062011,57.592,0.752712,0.0
6.82532,0.00627357,59.4983,0.751344,0.0
6.82368,0.00625485,57.9933,0.782807,0.0
6.824,0.00631747,59.1806,0.8023,0.0
6.8259,0.00630899,58.796,0.75579,0.0
6.82627,0.00621206,58.7625,0.760236,0.0
6.82858,0.00638642,59.6154,0.770496,0.0
6.82634,0.00616692,58.0769,0.749977,0.0
6.82078,0.00623359,57.3746,0.758868,0.0
6.81647,0.00628101,57.7258,0.759894,0.0
6.82258,0.00632484,58.8294,0.76605,0.0
6.82056,0.00625022,57.8094,0.769128,0.0
6.80937,0.00620241,58.2776,0.776651,0.0
6.82546,0.00633984,59.4649,0.775625,0.0
6.83467,0.00632432,58.9632,0.750318,0.0
6.81787,0.00637976,58.2776,0.762972,0.0
6.81547,0.0061617,57.7592,0.754764,0.0
6.82246,0.00619373,58.2609,0.753738,0.0
6.81372,0.00606288,57.1739,0.741085,0.0
6.80993,0.00608102,58.1104,0.765366,0.0
6.8174,0.00620091,58.4114,0.776993,0.0
6.81605,0.00626274,57.4247,0.781439,0.0
6.81164,0.00626992,56.6054,0.775967,0.0
6.81645,0.00627677,58.2943,0.749293,0.0
6.82314,0.00638518,58.913,0.76776,0.0
6.82102,0.00618088,57.107,0.751344,0.0
6.82091,0.00629555,58.5619,0.758184,0.0
6.82497,0.00635883,58.1773,0.759552,0.0
6.82502,0.00609948,59.1806,0.767418,0.0
6.82071,0.00620632,56.99,0.763998,0.0
6.81242,0.00617208,58.1104,0.745189,0.0
6.81375,0.00634761,58.1438,0.762972,0.0
6.82353,0.00639203,58.3445,0.75921,0.0
6.8214,0.00641264,58.8462,0.785201,0.0
6.817,0.00611122,58.7793,0.766734,0.0
6.82178,0.00622706,60.5686,0.780755,0.0
6.82014,0.00622061,57.2241,0.755106,0.0
6.81551,0.0061,57.291,0.7575,0.0
6.82256,0.00616425,59.0803,0.758184,0.0
6.8314,0.00630182,59.4816,0.771522,0.0
6.82364,0.00626437,58.4615,0.757842,0.0
6.82127,0.00619771,57.4247,0.76263,0.0
6.8268,0.00627161,57.7759,0.770838,0.0
6.81718,0.0062315,57.1237,0.776993,0.0
6.81833,0.0062966,59.6823,0.754422,0.0
6.82331,0.00621982,58.5953,0.754422,0.0
6.81949,0.00619791,58.3946,0.769128,0.0
6.82156,0.00630703,58.3278,0.778361,0.0
6.82136,0.00631356,57.709,0.763656,0.0
6.82074,0.00624559,57.8428,0.76434,0.0
6.82447,0.00635387,58.3445,0.765366,0.0
6.81922,0.00631199,57.7926,0.756474,0.0
6.80927,0.00609974,56.8395,0.767418,0.0
6.81376,0.00627566,57.6923,0.761604,0.0
6.82314,0.00639405,57.7592,0.767076,0.0
6.81604,0.0061182,58.3445,0.785885,0.0
6.81777,0.00631773,58.8629,0.760236,0.0
6.82695,0.0063313,58.8629,0.775967,0.0
6.82168,0.00621415,57.1572,0.769128,0.0
6.81525,0.0060484,58.7124,0.7575,0.0
6.82089,0.00613861,56.689,0.761604,0.0
6.83199,0.00611937,59.7157,0.76947,0.0
6.82446,0.00626392,58.3946,0.76434,0.0
6.80854,0.00626046,58.1605,0.779729,0.0
6.82558,0.00621584,57.7592,0.757158,0.0
6.83445,0.00624539,58.7458,0.757158,0.0
6.82053,0.00614735,57.9599,0.77289,0.0
6.82353,0.00625407,59.1973,0.766392,0.0
6.8297,0.00616803,57.8094,0.772206,0.0
6.82007,0.00634578,58.9632,0.767076,0.0
6.81393,0.00618688,57.5585,0.758184,0.0
6.82125,0.00636013,57.0234,0.756474,0.0
6.83056,0.00617208,59.214,0.769812,0.0
6.8288,0.00622491,58.5284,0.776993,0.0
6.82561,0.00626829,58.2107,0.787937,0.0
6.82339,0.00630573,57.5084,0.773232,0.0
6.81967,0.00624141,58.6288,0.749635,0.0
6.82348,0.00631238,58.0936,0.77118,0.0
6.81995,0.00632732,58.9465,0.777335,0.0
6.81686,0.00622967,57.5585,0.773916,0.0
6.82604,0.00633665,57.5753,0.747583,0.0
6.8258,0.00628518,58.3946,0.77289,0.0
6.82385,0.00637507,57.0903,0.757842,0.0
6.82414,0.00633123,58.9465,0.792383,0.0
6.8193,0.00647258,58.4448,0.763314,0.0
6.82503,0.00617475,59.9498,0.790331,0.0
6.82986,0.006239,59.1472,0.775284,0.0
6.82359,0.00633195,58.612,0.762972,0.0
6.82183,0.00618564,59.4147,0.765708,0.0
6.8159,0.00640775,57.5418,0.784175,0.0
6.81966,0.0064221,59.0134,0.763998,0.0
6.82655,0.00621989,57.9431,0.757158,0.0
6.82103,0.00634741,59.0803,0.744163,0.0
6.81604,0.0062949,57.6087,0.758184,0.0
6.82216,0.00628949,57.9097,0.761604,0.0
6.83142,0.0063885,57.7592,0.775284,0.0
6.82826,0.00633684,58.5284,0.749977,0.0
6.82177,0.00629797,57.592,0.786569,0.0
6.82487,0.00634813,58.495,0.776651,0.0
6.82211,0.00649163,58.3445,0.759894,0.0
6.81662,0.00627598,58.5619,0.756816,0.0
6.81681,0.00613353,57.8094,0.76263,0.0
6.81431,0.00617292,57.9599,0.776309,0.0
6.81648,0.00626816,58.3946,0.752028,0.0
6.82918,0.00625361,58.796,0.757158,0.0
6.82867,0.00633743,58.7458,0.778361,0.0
6.816,0.0063041,58.1438,0.775967,0.0
6.82253,0.00626307,57.7926,0.780071,0.0
6.83109,0.0062707,57.592,0.755448,0.0
6.82162,0.00628733,57.592,0.740059,0.0
6.82563,0.00643938,59.699,0.770838,0.0
6.83308,0.00639653,59.1472,0.766734,0.0
6.82536,0.00630873,59.0468,0.789305,0.0
6.82504,0.00646084,60.1338,0.767076,0.0
6.82851,0.00623978,59.7993,0.767076,0.0
6.81733,0.00628486,57.9097,0.772206,0.0
6.81039,0.00626242,58.5786,0.753738,0.0
6.82827,0.00619184,58.8462,0.75066,0.0
6.83904,0.00634624,58.0769,0.767076,0.0
6.81763,0.00631851,56.3712,0.768786,0.0
6.81133,0.00639353,57.8763,0.765024,0.0
6.82236,0.00623026,57.8261,0.770496,0.0
6.81109,0.00628016,57.8261,0.773574,0.0
6.8083,0.00625061,57.7258,0.76263,0.0
6.82019,0.006254,58.4114,0.768102,0.0
6.81748,0.00613307,58.7291,0.761604,0.0
6.81628,0.00611193,58.6622,0.751344,0.0
6.8165,0.00613985,55.8863,0.766392,0.0
6.81822,0.00634702,58.3278,0.787937,0.0
6.81948,0.00623665,57.4916,0.747583,0.0
6.81531,0.00626483,57.592,0.753054,0.0
6.82574,0.00619438,58.8127,0.776309,0.0
6.82944,0.00627318,59.1304,0.759552,0.0
6.82179,0.00634076,58.6622,0.780755,0.0
6.8183,0.00631545,57.8428,0.752028,0.0
6.81411,0.00615492,57.8094,0.778361,0.0
6.81277,0.006109,58.0602,0.737665,0.0
6.81661,0.0062512,56.689,0.76605,0.0
6.81458,0.00622269,58.01,0.760578,0.0
6.81488,0.00617495,57.6254,0.762288,0.0
6.82014,0.0062103,59.2809,0.789989,0.0
6.82422,0.00631577,58.0268,0.774258,0.0
6.81972,0.00625218,58.8294,0.767076,0.0
6.82288,0.00625211,58.913,0.778703,0.0
6.82356,0.00632419,57.0736,0.738691,0.0
6.81394,0.00610345,57.709,0.768786,0.0
6.81787,0.00625661,58.0602,0.772206,0.0
6.83489,0.00644995,58.8796,0.767076,0.0
6.83254,0.00644917,57.6756,0.762972,0.0
6.81822,0.0062861,57.8595,0.757158,0.0
6.82143,0.00625583,58.6789,0.762288,0.0
6.82086,0.00627625,58.7291,0.786227,0.0
6.81851,0.00631225,57.592,0.767076,0.0
6.82334,0.00639483,59.4147,0.777677,0.0
6.81419,0.0061394,56.8562,0.756474,0.0
6.81908,0.00631408,58.8294,0.774258,0.0
6.83122,0.00642653,58.4281,0.770154,0.0
6.82381,0.00628662,58.612,0.769128,0.0
6.82755,0.00623189,57.5585,0.777677,0.0
6.82502,0.00625876,58.913,0.750318,0.0
6.81656,0.00619171,57.4749,0.760236,0.0
6.81652,0.00628492,57.8261,0.755106,0.0
6.81647,0.00619191,56.8562,0.753054,0.0
6.81455,0.00624644,57.291,0.7746,0.0
6.82541,0.00620038,58.0769,0.773232,0.0
6.82406,0.00638446,58.495,0.778019,0.0
6.81457,0.00622485,57.9264,0.763314,0.0
6.8088,0.0061636,57.9431,0.770154,0.0
6.81422,0.0062422,59.4482,0.771522,0.0
6.82025,0.00629875,57.5251,0.762288,0.0
6.82089,0.00636652,57.9933,0.768786,0.0
6.81705,0.00635706,56.9565,0.759894,0.0
6.81496,0.0063371,58.1605,0.770154,0.0
6.81571,0.0063311,57.9097,0.756132,0.0
6.82005,0.00622145,57.4415,0.756132,0.0
6.82643,0.00633456,57.709,0.770838,0.0
6.82532,0.00635654,58.612,0.775625,0.0
6.82453,0.00644878,58.6455,0.76263,0.0
6.82455,0.00654225,58.1773,0.773916,0.0
6.81532,0.00620032,58.0602,0.763998,0.0
6.81921,0.00606543,58.913,0.780071,0.0
6.82661,0.00628499,57.5084,0.765366,0.0
6.82359,0.00636717,57.8428,0.748951,0.0
6.82031,0.00623691,58.8294,0.780071,0.0
6.82713,0.00615923,59.3645,0.7575,0.0
6.83275,0.00624396,58.9799,0.767418,0.0
6.82442,0.00608089,59.1137,0.789989,0.0
6.81014,0.00621963,57.0903,0.782807,0.0
6.81365,0.00623,57.5251,0.774258,0.0
6.82201,0.00631401,56.9398,0.748267,0.0
6.81796,0.00631062,56.9732,0.773916,0.0
6.82439,0.00632334,59.7324,0.779729,0.0
6.82874,0.00617697,58.6789,0.775967,0.0
6.81576,0.00620449,58.1104,0.750318,0.0
6.80945,0.00611846,56.7057,0.76776,0.0
6.81546,0.00626777,57.6756,0.765024,0.0
6.81993,0.00622139,59.2475,0.775967,0.0
6.81134,0.00605558,58.6789,0.752712,0.0
6.81567,0.00606347,58.3946,0.766734,0.0
6.82192,0.00637383,57.2074,0.762972,0.0
6.80796,0.00628401,57.5251,0.756816,0.0
6.81065,0.00626777,57.5753,0.754764,0.0
6.82077,0.00609713,57.0234,0.768102,0.0
6.82288,0.00636072,58.8629,0.751344,0.0
6.8257,0.0061696,57.893,0.738007,0.0
6.8266,0.00626255,58.4448,0.751686,0.0
6.82353,0.0062527,58.7124,0.76776,0.0
6.82326,0.00639627,57.6254,0.788621,0.0
6.8164,0.00634584,57.9599,0.752028,0.0
6.81415,0.00631082,57.1739,0.770838,0.0
6.81843,0.00613659,58.8629,0.75921,0.0
6.81583,0.00617723,57.4749,0.765366,0.0
6.81236,0.00617703,57.2408,0.763998,0.0
6.81685,0.00628525,57.8763,0.770838,0.0
6.8202,0.00625942,59.5151,0.770496,0.0
6.81778,0.00619875,57.8261,0.769128,0.0
6.82032,0.0061662,59.2809,0.777335,0.0
6.82616,0.00629686,59.3144,0.778019,0.0
6.82236,0.00626731,57.4247,0.760578,0.0
6.81315,0.00627161,57.5753,0.770838,0.0
6.81758,0.00633645,58.2107,0.753396,0.0
6.82451,0.00629901,58.8963,0.759894,0.0
6.82421,0.00625635,57.8595,0.760578,0.0
6.82103,0.00611311,58.0602,0.783149,0.0
6.81869,0.00634089,58.612,0.767418,0.0
6.81698,0.00639542,57.3579,0.761604,0.0
6.81752,0.00611957,58.6288,0.763998,0.0
6.81665,0.00617886,58.1104,0.775625,0.0
6.82172,0.00624846,57.9933,0.75921,0.0
6.82822,0.00622589,58.194,0.780413,0.0
6.81779,0.00640103,57.592,0.770838,0.0
6.82122,0.00630247,58.3779,0.761604,0.0
6.83237,0.00639555,59.7826,0.77118,0.0
6.82909,0.00623111,60.3177,0.775284,0.0
6.82241,0.00643077,58.7793,0.774942,0.0
6.82445,0.00628694,58.8127,0.770154,0.0
6.82962,0.00640605,58.1271,0.77289,0.0
6.8267,0.00618434,59.7993,0.776651,0.0
6.82609,0.00644017,58.0769,0.776651,0.0
6.82011,0.00632406,56.5217,0.764682,0.0
6.80579,0.00614481,57.8763,0.75408,0.0
6.80909,0.00623137,59.2977,0.758184,0.0
6.82307,0.00636241,56.8896,0.765024,0.0
6.817,0.0061784,57.4247,0.76434,0.0
6.81192,0.00623483,57.1572,0.753738,0.0
6.81718,0.0063418,58.6288,0.749635,0.0
6.81941,0.00615368,58.5953,0.783491,0.0
6.82224,0.00613992,57.9431,0.761262,0.0
6.80798,0.00622889,55.0669,0.730483,0.0
6.80379,0.00619197,58.3779,0.774258,0.0
6.81912,0.00628009,57.2241,0.775967,0.0
6.81922,0.00629268,58.4615,0.76947,0.0
6.8211,0.00623574,58.8462,0.775967,0.0
6.82809,0.00616066,58.9967,0.745189,0.0
6.82719,0.0062165,58.3779,0.773232,0.0
6.81761,0.00638759,56.9231,0.770838,0.0
6.8129,0.00639327,57.3077,0.768786,0.0
6.80794,0.00625394,57.1906,0.77118,0.0
6.80331,0.00629334,56.505,0.753396,0.0
6.81412,0.0060938,58.311,0.760236,0.0
6.82462,0.0061424,57.9097,0.769812,0.0
6.81995,0.00615172,59.2308,0.787937,0.0
6.81985,0.00603888,58.4615,0.76776,0.0
6.82041,0.0063752,57.2241,0.76947,0.0
6.81786,0.00618851,58.4448,0.750318,0.0
6.81668,0.00624174,58.2609,0.775967,0.0
6.81313,0.00616947,57.5251,0.770838,0.0
6.81494,0.00631858,57.7592,0.786569,0.0
6.81964,0.00630671,58.8796,0.759552,0.0
6.81462,0.00619575,57.0067,0.746557,0.0
6.81335,0.00629764,57.9097,0.784517,0.0
6.81429,0.00620952,57.0401,0.744505,0.0
6.81275,0.00621128,58.4615,0.770496,0.0
6.82373,0.00628153,58.2943,0.76947,0.0
6.82838,0.00631806,59.1639,0.767418,0.0
6.81593,0.00626737,57.7592,0.76434,0.0
6.81819,0.00633554,57.8595,0.782807,0.0
6.82757,0.00655445,59.5151,0.777335,0.0
6.8195,0.00623293,58.4783,0.787253,0.0
6.81254,0.00609197,57.408,0.776993,0.0
6.82406,0.0062328,59.5819,0.765024,0.0
6.83242,0.00635941,59.7492,0.775967,0.0
6.82525,0.00631669,58.3278,0.773916,0.0
6.81644,0.00624833,58.3946,0.759552,0.0
6.81469,0.00626587,57.6087,0.768786,0.0
6.82076,0.00630743,58.8294,0.767076,0.0
6.82313,0.00619119,58.4281,0.764682,0.0
6.8274,0.0063086,61.087,0.779387,0.0
6.82998,0.00625107,58.1271,0.775967,0.0
6.8209,0.00632041,57.5084,0.757158,0.0
6.81809,0.00613007,58.0435,0.758184,0.0
6.82398,0.0062619,58.01,0.774942,0.0
6.81816,0.00635752,58.6455,0.756474,0.0
6.80974,0.00624102,57.0736,0.760236,0.0
6.81415,0.00619301,58.9465,0.773574,0.0
6.82341,0.00626874,58.1271,0.777335,0.0
6.81875,0.00628505,58.6455,0.773916,0.0
6.82242,0.00618708,57.8595,0.754422,0.0
6.82581,0.00610332,58.4114,0.742453,0.0
6.82009,0.00623646,58.3946,0.776651,0.0
6.81287,0.00617077,58.2609,0.784517,0.0
6.81223,0.00613287,58.5452,0.759894,0.0
6.81644,0.00613855,57.6756,0.75408,0.0
6.82203,0.00628479,58.0435,0.753396,0.0
6.82043,0.00626105,57.8763,0.753738,0.0
6.81727,0.0062345,58.8294,0.768444,0.0
6.82198,0.00620358,57.6254,0.756132,0.0
6.81412,0.00633717,57.408,0.766734,0.0
6.80898,0.00637605,57.2742,0.777677,0.0
6.81998,0.00634956,58.8963,0.7746,0.0
6.82008,0.00632895,57.5585,0.762288,0.0
6.8194,0.00617449,59.8829,0.75921,0.0
6.82579,0.00625413,57.1572,0.748609,0.0
6.81445,0.00611585,57.8428,0.75066,0.0
6.81651,0.00631414,58.1271,0.779045,0.0
6.82013,0.00618577,57.2408,0.77289,0.0
6.81099,0.00644388,57.3411,0.755106,0.0
6.80777,0.00642986,57.291,0.767418,0.0
6.81253,0.0061996,58.0268,0.796145,0.0
6.81526,0.00635635,56.5385,0.77118,0.0
6.81934,0.00619601,57.7425,0.768102,0.0
6.82601,0.00629412,58.796,0.783491,0.0
6.82681,0.00627338,58.3946,0.769128,0.0
6.82411,0.00621728,58.2107,0.752712,0.0
6.80926,0.00624285,57.7592,0.758868,0.0
6.80998,0.00626405,57.8428,0.77118,0.0
6.83175,0.00635967,58.9298,0.788621,0.0
6.82228,0.00627475,59.1304,0.75921,0.0
6.81521,0.00620528,58.6288,0.773916,0.0
6.82136,0.00630886,57.7425,0.76434,0.0
6.81666,0.00624304,59.4983,0.777335,0.0
6.81876,0.00625113,57.5753,0.76434,0.0
6.81473,0.0063598,57.1739,0.768102,0.0
6.81097,0.00612289,57.0067,0.767076,0.0
6.82103,0.00632869,58.2609,0.786569,0.0
6.82711,0.00635902,58.2609,0.770838,0.0
6.81999,0.00621141,58.5284,0.746557,0.0
6.81347,0.00609132,58.1605,0.735613,0.0
6.81497,0.00630521,59.0134,0.759894,0.0
6.82044,0.0062103,58.1605,0.759894,0.0
6.81667,0.00622504,58.0435,0.75066,0.0
6.81272,0.00629321,57.291,0.752028,0.0
6.82073,0.00618995,58.1104,0.779387,0.0
6.82335,0.00613861,58.5786,0.756816,0.0
6.81913,0.00604827,59.097,0.76776,0.0
6.82684,0.00626307,58.6957,0.772206,0.0
6.83024,0.00630279,58.8963,0.76776,0.0
6.82482,0.00640416,57.9264,0.76947,0.0
6.81999,0.00615433,57.9097,0.75408,0.0
6.82093,0.00638133,58.1605,0.768786,0.0
6.82221,0.00611761,58.0268,0.758184,0.0
6.82209,0.00611004,59.3478,0.763314,0.0
6.82214,0.00620208,58.6622,0.735271,0.0
6.82637,0.00636939,58.6957,0.7746,0.0
6.81435,0.00607117,57.592,0.770496,0.0
6.79449,0.00621767,56.4716,0.77289,0.0
6.80714,0.00610098,58.5284,0.766734,0.0
6.82804,0.00636143,58.8629,0.773916,0.0
6.82012,0.00630566,56.9231,0.770154,0.0
6.80954,0.00635537,57.6923,0.738349,0.0
6.81697,0.00632869,57.8094,0.786911,0.0
6.82172,0.00622889,58.4615,0.773232,0.0
6.81044,0.00634017,57.3411,0.772548,0.0
6.81193,0.00620423,57.8094,0.779045,0.0
6.81243,0.00621356,57.6254,0.793067,0.0
6.80685,0.0061092,57.5753,0.757842,0.0
6.81443,0.00618799,58.0435,0.779045,0.0
6.81768,0.00607332,57.893,0.75408,0.0
6.81644,0.0062527,57.7425,0.753396,0.0
6.82135,0.00614611,57.8261,0.75408,0.0
6.82272,0.00607482,58.5284,0.7746,0.0
6.81876,0.00626,57.9599,0.77289,0.0
6.81836,0.00615603,57.9431,0.77289,0.0
6.81604,0.00613672,58.7793,0.792041,0.0
6.81481,0.00632699,57.9933,0.768102,0.0
6.81775,0.00621734,58.7291,0.769812,0.0
6.81798,0.00627207,57.5084,0.778361,0.0
6.82268,0.00632471,58.311,0.753054,0.0
6.82191,0.00610509,58.6288,0.751686,0.0
6.81476,0.00615675,57.7258,0.756816,0.0
6.81422,0.00621115,56.99,0.75408,0.0
6.82069,0.00632086,57.7759,0.751344,0.0
6.81932,0.00614422,59.2475,0.769812,0.0
6.80913,0.00607299,56.0033,0.749977,0.0
6.80521,0.00606236,59.1137,0.743137,0.0
6.82313,0.00619217,57.5753,0.758868,0.0
6.82931,0.00635295,57.6923,0.769812,0.0
6.82237,0.0063934,59.5652,0.763998,0.0
6.81804,0.00625726,58.311,0.763998,0.0
6.8173,0.00629471,57.4415,0.765708,0.0
6.81621,0.00622752,58.3779,0.77289,0.0
6.81839,0.00621565,59.4147,0.767418,0.0
6.82357,0.00624141,58.5619,0.754422,0.0
6.81562,0.00609876,57.8595,0.77289,0.0
6.81368,0.00633097,57.7759,0.777677,0.0
6.83106,0.0062615,58.6957,0.760236,0.0
6.83239,0.00628146,59.0803,0.761604,0.0
6.81109,0.00617801,56.204,0.768102,0.0
6.80882,0.00623111,57.9766,0.783149,0.0
6.81681,0.00621774,58.4114,0.763656,0.0
6.81189,0.00619595,57.8595,0.771864,0.0
6.81452,0.00617729,58.2441,0.734929,0.0
6.8119,0.00624957,57.291,0.77289,0.0
6.80995,0.00628988,57.3746,0.772548,0.0
6.82443,0.0062195,57.8595,0.776309,0.0
6.82261,0.00625974,58.4448,0.776993,0.0
6.81567,0.00601337,58.7458,0.765708,0.0
6.82411,0.00639561,58.5452,0.784517,0.0
6.82331,0.00632315,57.7258,0.758868,0.0
6.81552,0.00630893,58.0769,0.776651,0.0
6.81793,0.00618499,58.4114,0.763998,0.0
6.81972,0.00623006,57.4749,0.77289,0.0
6.82391,0.0061559,58.0268,0.750318,0.0
6.8207,0.00625387,58.0268,0.765366,0.0
6.81398,0.00635432,58.2107,0.75921,0.0
6.81459,0.00636352,56.9732,0.765366,0.0
6.81585,0.00616001,58.495,0.772206,0.0
6.81745,0.00623626,57.9599,0.772206,0.0
6.81557,0.00622752,58.4281,0.788621,0.0
6.82828,0.00643977,59.8328,0.768786,0.0
6.82316,0.00633541,56.2375,0.778703,0.0
6.81124,0.00622511,58.1438,0.750318,0.0
6.82815,0.00636372,59.1137,0.765366,0.0
6.82955,0.00631284,57.9264,0.76092,0.0
6.81114,0.00631375,57.6421,0.765708,0.0
6.81239,0.00621356,58.0769,0.762972,0.0
6.81576,0.00633247,58.1605,0.75921,0.0
6.81308,0.00630071,57.2408,0.760578,0.0
6.82206,0.00623463,57.5585,0.76434,0.0
6.82422,0.00632406,58.8796,0.765366,0.0
6.82211,0.00641101,57.5251,0.784517,0.0
6.82049,0.00643984,57.2241,0.768786,0.0
6.81677,0.00632732,58.7458,0.759894,0.0
6.8125,0.00644656,56.9565,0.764682,0.0
6.81837,0.00640331,57.9264,0.756816,0.0
6.82711,0.00641831,58.7458,0.777677,0.0
6.82098,0.00624252,58.0936,0.756816,0.0
6.82255,0.00620893,59.2977,0.771864,0.0
6.82382,0.00631604,58.2776,0.779729,0.0
6.81022,0.00623404,58.5117,0.755106,0.0
6.81265,0.00623411,56.9231,0.760578,0.0
6.82344,0.00637213,57.4749,0.748609,0.0
6.82819,0.00623254,58.8629,0.743821,0.0
6.82453,0.00646724,57.3077,0.754422,0.0
6.8237,0.00628414,58.3278,0.760578,0.0
6.82702,0.00617325,58.4281,0.770154,0.0
6.81859,0.00624344,58.0268,0.780413,0.0
6.81482,0.00605023,57.2241,0.760578,0.0
6.8231,0.0060544,58.7793,0.780413,0.0
6.82245,0.00619451,58.0602,0.759552,0.0
6.82054,0.00617423,57.3077,0.752028,0.0
6.82239,0.00615773,58.0769,0.754422,0.0
6.8189,0.00613542,58.8127,0.786569,0.0
6.81712,0.0061981,57.3913,0.762288,0.0
6.82211,0.00621206,58.9967,0.768444,0.0
6.82425,0.00630273,58.7793,0.735271,0.0
6.81179,0.00634558,57.6756,0.777335,0.0
6.81301,0.0062722,57.4916,0.757158,0.0
6.82679,0.00620789,57.5251,0.75921,0.0
6.82245,0.00623378,58.6957,0.780071,0.0
6.82246,0.00628642,59.7324,0.783491,0.0
6.82428,0.00620097,56.0033,0.759894,0.0
6.81377,0.00631962,57.2074,0.758526,0.0
6.81255,0.00607306,58.0435,0.786569,0.0
6.82174,0.00623848,59.0134,0.765366,0.0
6.81506,0.00610769,57.7926,0.772548,0.0
6.80317,0.00606197,57.9933,0.757158,0.0
6.81891,0.00612935,58.5619,0.782807,0.0
6.82774,0.00624696,58.8462,0.770154,0.0
6.81394,0.00620978,58.612,0.760578,0.0
6.81559,0.00614174,58.4783,0.753738,0.0
6.81582,0.00621917,58.3278,0.786569,0.0
6.81143,0.00607462,58.4448,0.765708,0.0
6.82277,0.00619099,58.2943,0.76605,0.0
6.83279,0.00623991,58.3612,0.766392,0.0
6.82099,0.0062392,58.8629,0.766392,0.0
6.80816,0.00632014,56.7057,0.75237,0.0
6.81683,0.006221,58.1605,0.76434,0.0
6.81908,0.00619354,58.3946,0.772548,0.0
6.81762,0.00608656,58.2943,0.759894,0.0
6.82724,0.00629888,60.2007,0.776651,0.0
6.82711,0.00624331,59.398,0.786569,0.0
6.8182,0.00640181,57.2742,0.765024,0.0
6.81653,0.00627396,57.8763,0.767076,0.0
6.8184,0.00612785,57.1739,0.763314,0.0
6.82068,0.00615068,59.214,0.768102,0.0
6.82384,0.00627383,58.8629,0.775284,0.0
6.81648,0.00603053,57.408,0.767418,0.0
6.81577,0.00612948,58.5452,0.761946,0.0
6.82453,0.00627859,58.2107,0.769812,0.0
6.81429,0.0063643,57.1572,0.758868,0.0
6.80694,0.00614096,58.5117,0.76776,0.0
6.82483,0.00620515,57.709,0.745873,0.0
6.82458,0.00625648,58.7625,0.772548,0.0
6.81286,0.00631082,58.8127,0.767418,0.0
6.82029,0.00628003,58.01,0.777677,0.0
6.81592,0.00632054,57.9264,0.768102,0.0
6.8169,0.00639855,58.1605,0.753738,0.0
6.82906,0.00626222,58.3779,0.759552,0.0
6.81448,0.00629477,57.6421,0.775967,0.0
6.80726,0.00621774,57.8428,0.762288,0.0
6.82513,0.0063101,58.8629,0.77118,0.0
6.82456,0.00623822,58.1271,0.770838,0.0
6.80728,0.00634317,58.8127,0.789305,0.0
6.81418,0.00616549,58.311,0.76434,0.0
6.82918,0.00649842,59.7157,0.765708,0.0
6.8239,0.00639914,57.7592,0.756816,0.0
6.82052,0.00621689,57.9431,0.740059,0.0
6.82051,0.00613568,59.4816,0.781439,0.0
6.81622,0.00645152,55.786,0.748951,0.0
6.81527,0.00634343,58.9632,0.794777,0.0
6.81674,0.0061544,58.311,0.770496,0.0
6.82021,0.00622804,58.4448,0.761946,0.0
6.82629,0.0062347,58.8629,0.768444,0.0
6.82964,0.00617266,58.8294,0.7575,0.0
6.81637,0.0061195,57.4749,0.77118,0.0
6.80969,0.00635863,58.2609,0.792725,0.0
6.81475,0.00620143,56.4047,0.759552,0.0
6.81518,0.00618532,58.9632,0.753738,0.0
6.82233,0.00637885,59.0134,0.783149,0.0
6.82682,0.00620189,58.2609,0.770838,0.0
6.81526,0.00617847,57.291,0.749635,0.0
6.81694,0.00640162,59.5151,0.787253,0.0
6.81654,0.00616333,57.8595,0.75921,0.0
6.80887,0.00615388,58.2107,0.770496,0.0
6.81406,0.00610365,57.9264,0.774258,0.0
6.82098,0.00622674,58.8796,0.788279,0.0
6.82761,0.00624187,57.5418,0.776309,0.0
6.82471,0.00633456,57.7926,0.759552,0.0
6.81722,0.00619164,58.6789,0.767076,0.0
6.82103,0.00627794,59.8328,0.76776,0.0
6.82314,0.00630925,59.097,0.770154,0.0
6.82015,0.00626868,59.1137,0.7575,0.0
6.81817,0.00629914,57.5418,0.768444,0.0
6.81187,0.00627918,56.8729,0.755448,0.0
6.81146,0.00630077,58.4783,0.75237,0.0
6.81698,0.00626868,57.7592,0.758184,0.0
6.81829,0.00632073,56.5552,0.770838,0.0
6.81689,0.00619771,57.5251,0.741085,0.0
6.8161,0.00653233,57.5418,0.767076,0.0
6.81273,0.00622419,57.893,0.770838,0.0
6.80959,0.00620586,59.214,0.772548,0.0
6.81541,0.00617645,58.5452,0.7746,0.0
6.81989,0.00623346,58.3278,0.760578,0.0
6.82053,0.00628329,57.7759,0.771522,0.0
6.82325,0.00638733,56.6221,0.756816,0.0
6.81849,0.00640409,59.0635,0.773574,0.0
6.81562,0.0061859,58.194,0.757158,0.0
6.8193,0.00612361,57.7425,0.77289,0.0
6.82027,0.00619497,58.1438,0.770154,0.0
6.81952,0.00608682,59.2809,0.767418,0.0
6.82483,0.00628016,58.9632,0.778019,0.0
6.82216,0.00630025,59.1137,0.759552,0.0
6.81218,0.0061848,57.3579,0.774258,0.0
6.80697,0.00627931,57.4582,0.758184,0.0
6.81131,0.00612916,58.8127,0.773916,0.0
6.81441,0.00616718,58.8963,0.760578,0.0
6.81829,0.00605636,57.893,0.767076,0.0
6.82017,0.0061651,57.8595,0.749293,0.0
6.81994,0.00619086,57.9599,0.76092,0.0
6.82479,0.00617984,57.893,0.75408,0.0
6.81315,0.00603099,56.3712,0.751344,0.0
6.8036,0.00620939,57.6589,0.755106,0.0
6.80716,0.00632073,56.7893,0.759894,0.0
6.81354,0.00612355,57.4749,0.770496,0.0
6.81986,0.00611037,59.4816,0.763998,0.0
6.82204,0.00622667,59.0301,0.765366,0.0
6.81768,0.00619099,57.1405,0.767076,0.0
6.82299,0.00624591,58.6288,0.766392,0.0
6.82734,0.00621121,58.1271,0.76947,0.0
6.8177,0.00638694,58.3779,0.745189,0.0
6.81727,0.00620749,57.7258,0.747925,0.0
6.82018,0.00628225,57.4415,0.775967,0.0
6.81416,0.00631317,57.592,0.756132,0.0
6.81185,0.00617658,58.4615,0.77289,0.0
6.81097,0.00611115,57.9933,0.766392,0.0
6.80998,0.0060621,57.7258,0.748951,0.0
6.8164,0.00628199,58.4448,0.763998,0.0
6.81786,0.00645054,58.2441,0.76776,0.0
6.81449,0.00633195,58.3612,0.75066,0.0
6.82146,0.0062769,58.1271,0.746557,0.0
6.81985,0.00612335,57.6589,0.769128,0.0
6.80769,0.00624807,58.1605,0.770154,0.0
6.81137,0.00624526,57.6756,0.778703,0.0
6.81696,0.00606928,57.709,0.761604,0.0
6.81182,0.00617527,57.0736,0.760578,0.0
6.81263,0.00618238,57.3746,0.758868,0.0
6.8139,0.00636991,58.3946,0.790331,0.0
6.81739,0.00636143,57.8094,0.777335,0.0
6.82474,0.00637533,58.1605,0.768102,0.0
6.82161,0.00620789,56.8729,0.77118,0.0
6.81457,0.00620828,58.5117,0.782465,0.0
6.81163,0.00636404,57.3411,0.765366,0.0
6.81383,0.00632106,57.4582,0.765708,0.0
6.81513,0.00628055,58.7291,0.765708,0.0
6.80671,0.0062195,55.9866,0.760236,0.0
6.81166,0.00623985,58.9967,0.758526,0.0
6.82036,0.00623509,56.8896,0.763998,0.0
6.80936,0.00620867,57.7592,0.75237,0.0
6.80656,0.00621702,58.2274,0.75237,0.0
6.81501,0.00622615,58.5953,0.767418,0.0
6.81105,0.00631695,56.6555,0.772206,0.0
6.80704,0.00615733,57.2241,0.7575,0.0
6.81392,0.00621239,57.9933,0.748609,0.0
6.81738,0.00618382,58.4114,0.782123,0.0
6.81625,0.00612218,57.4415,0.768786,0.0
6.82307,0.00623378,58.2107,0.763656,0.0
6.82951,0.00614168,59.1806,0.779045,0.0
6.82848,0.00620189,57.9933,0.756474,0.0
6.82265,0.00613431,57.8428,0.75408,0.0
6.81472,0.00602733,57.107,0.761604,0.0
6.81074,0.0062497,57.8763,0.760236,0.0
6.81976,0.00629184,57.0736,0.780071,0.0
6.81834,0.00629934,57.1906,0.773574,0.0
6.80712,0.00612126,57.9264,0.751686,0.0
6.81889,0.00638257,57.6254,0.76092,0.0
6.82839,0.00627455,58.194,0.772548,0.0
6.81945,0.00632543,58.6288,0.76947,0.0
6.81698,0.00639842,58.9967,0.772548,0.0
6.81839,0.00643221,57.2742,0.757158,0.0
6.81498,0.00622361,57.0736,0.758526,0.0
6.81868,0.00639633,58.3779,0.773232,0.0
6.81975,0.00607665,59.0468,0.782465,0.0
6.82047,0.00626587,58.4114,0.758526,0.0
6.81868,0.0063086,58.4114,0.770838,0.0
6.81817,0.00614142,57.5753,0.763998,0.0
6.81782,0.00628668,57.5585,0.751344,0.0
6.8186,0.00633528,58.8462,0.762288,0.0
6.81962,0.00617208,59.5652,0.767076,0.0
6.8237,0.0061889,59.1639,0.76263,0.0
6.82026,0.00615329,57.5251,0.749635,0.0
6.81363,0.00625348,58.3278,0.766392,0.0
6.81058,0.0062146,57.1572,0.752712,0.0
6.81178,0.00617018,58.5452,0.782123,0.0
6.82292,0.00618564,58.4281,0.775625,0.0
6.82596,0.00621226,58.1438,0.758526,0.0
6.82347,0.00615205,58.7625,0.767418,0.0
6.82684,0.0062133,58.0769,0.782123,0.0
6.81775,0.00615786,57.5084,0.758184,0.0
6.81969,0.0063024,59.0635,0.780413,0.0
6.82189,0.00629927,56.9398,0.770496,0.0
6.81816,0.00625009,59.3813,0.732535,0.0
6.81989,0.00628283,57.4916,0.775967,0.0
6.80766,0.00613822,56.4214,0.76947,0.0
6.80445,0.00617384,56.0535,0.773916,0.0
6.81261,0.00622302,58.5117,0.763998,0.0
6.81536,0.00614729,57.9097,0.760236,0.0
6.81216,0.00627253,57.2074,0.76263,0.0
6.81236,0.00616268,58.9465,0.76263,0.0
6.82051,0.00621056,58.6455,0.761946,0.0
6.8227,0.00630462,58.8963,0.756816,0.0
6.81564,0.00630371,57.6421,0.779045,0.0
6.81667,0.00640331,58.7458,0.784517,0.0
6.82735,0.00652425,58.4114,0.776309,0.0
6.81112,0.00612739,57.3244,0.752028,0.0
6.80004,0.00599041,58.5619,0.776993,0.0
6.82125,0.00632282,56.5719,0.753396,0.0
6.83354,0.006387,59.9833,0.768444,0.0
6.82121,0.0062285,58.311,0.753054,0.0
6.80835,0.00597841,58.0769,0.768102,0.0
6.81837,0.0062707,58.194,0.76263,0.0
6.82865,0.0062737,58.5786,0.762972,0.0
6.81185,0.00616816,57.6087,0.740059,0.0
6.80644,0.00615596,57.1739,0.754422,0.0
6.81862,0.00618597,59.5485,0.763998,0.0
6.81589,0.0061662,57.1739,0.754422,0.0
6.81113,0.0061831,57.1739,0.762972,0.0
6.82453,0.00629953,58.8963,0.776993,0.0
6.81817,0.0063692,58.1104,0.76776,0.0
6.8038,0.00639066,58.5953,0.774258,0.0
6.81399,0.00614364,57.5251,0.756474,0.0
6.82084,0.00637135,58.5452,0.788621,0.0
6.81866,0.00634545,58.1271,0.7575,0.0
6.82559,0.00616908,58.7793,0.778019,0.0
6.82894,0.00634735,58.5619,0.766734,0.0
6.81272,0.00615694,57.0903,0.768102,0.0
6.81435,0.0061439,58.1271,0.765366,0.0
6.82418,0.00616986,58.194,0.763656,0.0
6.81499,0.00613131,58.6789,0.758526,0.0
6.82396,0.00628851,57.6923,0.761262,0.0
6.84113,0.0065688,59.9498,0.784859,0.0
6.82454,0.00650076,57.3244,0.765024,0.0
6.80745,0.00618297,58.5452,0.774942,0.0
6.82444,0.00628538,57.408,0.755448,0.0
6.83304,0.00629236,59.0134,0.794777,0.0
6.83025,0.00638864,58.7291,0.778703,0.0
6.82864,0.00629444,58.8127,0.77289,0.0
6.81914,0.00637376,59.7324,0.75237,0.0
6.81248,0.00621747,57.0903,0.774258,0.0
6.8149,0.0063647,57.1906,0.75579,0.0
6.82609,0.00614116,58.4783,0.775284,0.0
6.83528,0.00634663,59.7492,0.781439,0.0
6.8237,0.00630964,59.0803,0.756474,0.0
6.81807,0.00623626,58.01,0.779729,0.0
6.82733,0.00628512,58.5619,0.767418,0.0
6.82643,0.00635354,58.01,0.756132,0.0
6.824,0.0063054,57.6087,0.773232,0.0
6.82042,0.00629314,58.0769,0.76605,0.0
6.81545,0.00624761,59.3144,0.770154,0.0
6.81384,0.00615205,58.5619,0.756132,0.0
6.81775,0.0061377,57.709,0.773574,0.0
6.82545,0.00615094,59.0468,0.765024,0.0
6.81869,0.00618453,58.0268,0.75408,0.0
6.81923,0.00636528,59.097,0.7746,0.0
6.82181,0.00641942,58.1104,0.775967,0.0
6.8248,0.00642079,59.4314,0.76092,0.0
6.82407,0.00631069,57.9264,0.760578,0.0
6.81512,0.00621571,57.4247,0.767418,0.0
6.824,0.00637879,59.7659,0.763998,0.0
6.82706,0.0063131,58.0936,0.738691,0.0
6.81548,0.00626607,58.5452,0.775625,0.0
6.81067,0.00622941,57.6589,0.775967,0.0
6.82149,0.00630005,59.7324,0.785885,0.0
6.82997,0.00640468,58.8127,0.771522,0.0
6.8236,0.00639548,59.1639,0.779729,0.0
6.82486,0.00625087,58.5284,0.760236,0.0
6.82891,0.00614598,59.7826,0.759894,0.0
6.82503,0.0061544,57.709,0.76605,0.0
6.81892,0.0062589,58.9799,0.782465,0.0
6.81585,0.00634702,57.1572,0.765708,0.0
6.82106,0.00640709,57.3746,0.771522,0.0
6.82277,0.00638042,58.0435,0.7746,0.0
6.8196,0.00633808,58.1104,0.780755,0.0
6.81245,0.00625355,57.3746,0.75921,0.0
6.80788,0.0061908,58.7291,0.776651,0.0
6.81382,0.00608741,59.0803,0.763656,0.0
6.82135,0.00613711,57.592,0.755106,0.0
6.82456,0.00620221,58.913,0.752028,0.0
6.82194,0.006227,58.5452,0.766734,0.0
6.82264,0.006348,58.4281,0.771864,0.0
6.82104,0.00626398,57.709,0.757842,0.0
6.81306,0.00632882,59.0301,0.753738,0.0
6.81663,0.0061966,57.7592,0.763656,0.0
6.81465,0.00612198,56.5385,0.755106,0.0
6.8064,0.00608134,58.495,0.770838,0.0
6.81509,0.00628316,57.6421,0.761946,0.0
6.81893,0.00632784,56.7057,0.765024,0.0
6.81072,0.00619177,56.806,0.768444,0.0
6.81652,0.00615055,58.2274,0.766392,0.0
6.82577,0.00629705,57.2742,0.775625,0.0
6.82014,0.00633769,57.9097,0.776651,0.0
6.81203,0.00627938,57.9599,0.76947,0.0
6.81282,0.00622504,57.7425,0.77289,0.0
6.81711,0.00615335,58.3445,0.768444,0.0
6.80994,0.00621545,58.1773,0.76605,0.0
6.8021,0.00630077,57.6254,0.778703,0.0
6.8105,0.00623535,56.6722,0.76434,0.0
6.80936,0.00599491,56.9398,0.756132,0.0
6.81163,0.00625648,57.592,0.76263,0.0
6.82285,0.0062981,58.913,0.788621,0.0
6.82044,0.00625094,57.7759,0.761604,0.0
6.81252,0.0062647,57.5084,0.744847,0.0
6.81312,0.00620704,57.5418,0.779387,0.0
6.81855,0.00618708,58.1271,0.769128,0.0
6.81161,0.00613731,57.7926,0.772206,0.0
6.80804,0.00618949,58.4114,0.765366,0.0
6.81384,0.006233,58.7458,0.764682,0.0
6.81518,0.0063448,57.7258,0.758526,0.0
6.82082,0.00642634,58.5953,0.783149,0.0
6.8251,0.00635856,59.0134,0.773232,0.0
6.83002,0.00626568,59.0468,0.77289,0.0
6.82808,0.00628349,59.0635,0.76776,0.0
6.81588,0.00625974,57.1906,0.756474,0.0
6.81547,0.00616921,57.7926,0.741769,0.0
6.82111,0.00621656,59.0134,0.786911,0.0
6.81328,0.00629458,57.2408,0.760578,0.0
6.80956,0.00611689,58.612,0.778703,0.0
6.81727,0.0062131,59.0134,0.768786,0.0
6.81434,0.00613183,57.0067,0.761262,0.0
6.81035,0.00639398,57.7759,0.779387,0.0
6.81815,0.00633293,57.0234,0.75066,0.0
6.81504,0.00624096,58.311,0.778361,0.0
6.80727,0.00623261,57.6087,0.766392,0.0
6.81449,0.00623287,57.9431,0.751002,0.0
6.82268,0.00639666,60.1171,0.781439,0.0
6.82029,0.00629418,57.9097,0.749635,0.0
6.80824,0.00622048,56.7559,0.76776,0.0
6.81333,0.00635961,57.6254,0.768102,0.0
6.82147,0.00634956,57.893,0.776651,0.0
6.81272,0.00616855,57.4582,0.749977,0.0
6.81451,0.00626809,57.9766,0.763998,0.0
6.82331,0.00645791,57.6254,0.771522,0.0
6.82645,0.00650605,59.8328,0.783149,0.0
6.82457,0.00639255,58.8796,0.790673,0.0
6.81418,0.00615512,57.6923,0.772206,0.0
6.81802,0.00616875,58.913,0.781781,0.0
6.82028,0.00627005,56.806,0.749293,0.0
6.81595,0.00613007,57.8763,0.755448,0.0
6.82361,0.00628623,59.2809,0.768102,0.0
6.81442,0.00632249,56.5552,0.76434,0.0
6.80196,0.00612498,58.5786,0.752712,0.0
6.8194,0.00623522,57.8428,0.771522,0.0
6.82655,0.00650585,58.1438,0.775284,0.0
6.81815,0.00615453,58.7124,0.734929,0.0
6.82097,0.00620502,58.7124,0.763998,0.0
6.81357,0.00617201,58.6789,0.75579,0.0
6.80957,0.00630932,56.9398,0.765024,0.0
6.82149,0.00627253,56.9565,0.769812,0.0
6.81467,0.00611735,58.2776,0.766392,0.0
6.80927,0.00636254,56.7224,0.768444,0.0
6.81036,0.00627344,57.3746,0.769128,0.0
6.8159,0.00637468,58.3612,0.786227,0.0
6.82983,0.00617136,59.8662,0.774942,0.0
6.82285,0.00639418,58.3612,0.776651,0.0
6.81293,0.00643038,58.5452,0.762972,0.0
6.82067,0.00627325,58.1605,0.727747,0.0
6.82623,0.00619778,58.9799,0.779729,0.0
6.82268,0.00620932,59.097,0.767076,0.0
6.81408,0.00622282,58.194,0.754422,0.0
6.81062,0.00602609,58.6789,0.767076,0.0
6.82013,0.00635061,58.0602,0.761946,0.0
6.82345,0.00636881,58.7458,0.758868,0.0
6.81504,0.00624983,57.3244,0.772548,0.0
6.81021,0.0064236,57.1906,0.783491,0.0
6.81821,0.00641662,57.893,0.76776,0.0
6.82025,0.00635309,57.8763,0.756474,0.0
6.8174,0.0062178,59.097,0.758526,0.0
6.81823,0.0062812,57.3579,0.756816,0.0
6.81413,0.00616581,56.3712,0.766392,0.0
6.81094,0.00630005,58.3445,0.780413,0.0
6.80866,0.00611298,57.8094,0.784175,0.0
6.80941,0.00616086,57.0401,0.753054,0.0
6.81248,0.00633991,57.7425,0.781439,0.0
6.80962,0.00619634,56.8227,0.7746,0.0
6.81116,0.0061848,57.5084,0.779729,0.0
6.82093,0.00636,58.9967,0.780413,0.0
6.81753,0.00633326,57.1739,0.758184,0.0
6.81362,0.00626496,58.4448,0.7746,0.0
6.82357,0.00624618,57.4916,0.76605,0.0
6.82653,0.00634995,58.0769,0.780755,0.0
6.81821,0.00628988,57.1906,0.763998,0.0
6.8158,0.00625589,59.398,0.776651,0.0
6.82207,0.00623319,57.6756,0.738691,0.0
6.8182,0.00630847,57.6589,0.763998,0.0
6.81712,0.00649241,58.3278,0.783833,0.0
6.81652,0.00630201,56.5552,0.751686,0.0
6.81435,0.00629464,58.2274,0.759894,0.0
6.81344,0.00614579,58.8294,0.770496,0.0
6.81471,0.00620339,58.3612,0.768102,0.0
6.8235,0.00621917,58.5452,0.768786,0.0
6.82593,0.00612407,58.311,0.77289,0.0
6.81266,0.00621128,57.8595,0.760578,0.0
6.805,0.00628388,57.592,0.765024,0.0
6.80775,0.00624905,57.0234,0.76776,0.0
6.82017,0.00634506,58.5786,0.767418,0.0
6.82717,0.00607567,59.5151,0.751686,0.0
6.82691,0.00624846,58.3779,0.749977,0.0
6.81828,0.00628897,57.408,0.753738,0.0
6.81437,0.00618695,58.7793,0.758526,0.0
6.82658,0.00615479,58.5284,0.776993,0.0
6.82056,0.00631336,58.0268,0.770154,0.0
6.81012,0.00631714,57.2074,0.761262,0.0
6.81387,0.0062542,58.0602,0.768102,0.0
6.81292,0.00626333,58.3278,0.775284,0.0
6.80944,0.00609889,56.5719,0.748951,0.0
6.80763,0.00624174,57.0903,0.771522,0.0
6.81259,0.00628577,58.3278,0.763314,0.0
6.8193,0.00620997,58.3445,0.779729,0.0
6.81404,0.00617951,57.5084,0.761604,0.0
6.81025,0.00612505,58.7124,0.766734,0.0
6.81688,0.00606125,58.2107,0.763656,0.0
6.81695,0.0061165,56.8562,0.77289,0.0
6.81714,0.00623567,58.1438,0.785543,0.0
6.83127,0.00633313,59.4314,0.773232,0.0
6.83128,0.00620078,57.6756,0.761604,0.0
6.81474,0.00619014,58.7291,0.76434,0.0
6.81205,0.00611741,56.8896,0.759894,0.0
6.81144,0.00627964,58.4114,0.766734,0.0
6.80865,0.0061197,57.5585,0.775284,0.0
6.81388,0.00610756,58.3946,0.758526,0.0
6.81826,0.00620723,58.2441,0.763314,0.0
6.80994,0.00612205,58.1773,0.763998,0.0
6.80308,0.00614292,56.806,0.759552,0.0
6.81616,0.0062589,58.8462,0.781781,0.0
6.82697,0.00635537,57.8261,0.767076,0.0
6.81847,0.00624324,58.6455,0.76092,0.0
6.82192,0.00637311,60.0669,0.780413,0.0
6.81911,0.00611148,57.3746,0.759894,0.0
6.80468,0.00604579,56.7224,0.765708,0.0
6.80777,0.0062452,57.709,0.768786,0.0
6.81567,0.00645993,58.4281,0.785885,0.0
6.81918,0.00644891,58.7793,0.763314,0.0
6.81884,0.00622948,57.3411,0.753054,0.0
6.81645,0.00622034,57.7258,0.784859,0.0
6.81363,0.00619191,56.8729,0.740743,0.0
6.81733,0.00631558,58.8796,0.765708,0.0
6.82195,0.00625498,58.2441,0.76605,0.0
6.82095,0.006227,58.7793,0.775284,0.0
6.82211,0.00612524,58.7291,0.759894,0.0
6.82303,0.00620143,59.1304,0.787937,0.0
6.81726,0.00630129,56.5552,0.76092,0.0
6.81139,0.00635041,56.8227,0.748609,0.0
6.81853,0.00624774,58.4783,0.746215,0.0
6.82168,0.00622119,57.6421,0.776651,0.0
6.81453,0.00628257,57.0903,0.742111,0.0
6.8184,0.00631617,58.1605,0.76947,0.0
6.81985,0.00628694,57.8595,0.775284,0.0
6.82022,0.00624317,59.214,0.771864,0.0
6.81721,0.00631949,56.6054,0.764682,0.0
6.81056,0.00616986,57.3077,0.770496,0.0
6.82157,0.00628668,58.8294,0.758868,0.0
6.8263,0.0064054,58.194,0.783491,0.0
6.8189,0.0061681,58.4783,0.767076,0.0
6.82163,0.00627305,56.7726,0.743479,0.0
6.82144,0.00625942,56.8395,0.7575,0.0
6.82172,0.00623443,58.6622,0.771864,0.0
6.8202,0.00635165,57.5084,0.765366,0.0
6.81263,0.00628388,57.4247,0.769128,0.0
6.81859,0.00630697,57.5753,0.758868,0.0
6.82315,0.00632732,57.8763,0.778703,0.0
6.81969,0.00642595,58.4281,0.776651,0.0
6.82017,0.00615048,58.0602,0.760236,0.0
6.82687,0.00633215,58.7124,0.760236,0.0
6.82495,0.00628988,58.0769,0.765024,0.0
6.81793,0.006339,58.3278,0.764682,0.0
6.81505,0.00638159,57.0903,0.778703,0.0
6.81742,0.00637011,57.6589,0.756474,0.0
6.82337,0.00631695,58.913,0.768786,0.0
6.82057,0.00619562,57.9431,0.753738,0.0
6.81042,0.00629236,57.2408,0.764682,0.0
6.81629,0.00615903,58.2441,0.772206,0.0
6.83029,0.0062829,58.7458,0.775625,0.0
6.82793,0.00621226,57.6421,0.754422,0.0
6.81385,0.0063039,57.5084,0.785543,0.0
6.81489,0.00630958,57.9599,0.747241,0.0
6.82228,0.00633652,59.0301,0.768444,0.0
6.81999,0.00624565,58.4615,0.770154,0.0
6.81651,0.00627109,57.7592,0.770154,0.0
6.81877,0.00616046,58.6622,0.748951,0.0
6.81039,0.00608115,57.9933,0.756816,0.0
6.80945,0.0061876,57.1906,0.7746,0.0
6.81753,0.00626731,57.7759,0.757158,0.0
6.81508,0.00618721,57.3244,0.785201,0.0
6.81903,0.00638987,58.7124,0.771522,0.0
6.82422,0.00634415,59.3813,0.748951,0.0
6.82017,0.0061769,58.4281,0.769812,0.0
6.81895,0.00636176,58.5452,0.749977,0.0
6.82384,0.00632862,58.3445,0.763314,0.0
6.82674,0.00623372,59.8662,0.771864,0.0
6.82368,0.00628375,57.8763,0.751344,0.0
6.81687,0.00627403,58.0268,0.77289,0.0
6.81516,0.00627638,56.8729,0.766734,0.0
6.81959,0.00634695,58.2441,0.76434,0.0
6.81811,0.00630429,56.806,0.768102,0.0
6.81737,0.00620919,58.311,0.792041,0.0
6.81203,0.00610698,57.1739,0.769128,0.0
6.80304,0.00599094,56.4548,0.752712,0.0
6.81362,0.00619327,58.3946,0.761262,0.0
6.82369,0.00613242,57.4247,0.762972,0.0
6.82254,0.00629908,60.2007,0.790673,0.0
6.81899,0.00624122,58.1605,0.749635,0.0
6.80956,0.0061636,58.6789,0.7575,0.0
6.81662,0.0061647,58.1104,0.763998,0.0
6.82478,0.00628225,58.9632,0.770838,0.0
6.81391,0.00618753,58.495,0.758184,0.0
6.8078,0.00615257,58.1271,0.771864,0.0
6.81275,0.00623861,56.8395,0.76776,0.0
6.8134,0.00630495,58.1104,0.773232,0.0
6.81054,0.0062754,57.3579,0.76434,0.0
6.81332,0.00613366,57.2408,0.757158,0.0
6.81601,0.00625302,58.0268,0.76605,0.0
6.80635,0.00612302,57.107,0.767076,0.0
6.80861,0.00627801,59.0803,0.752028,0.0
6.82727,0.00618401,59.0301,0.763314,0.0
6.81417,0.00624024,56.8896,0.756132,0.0
6.80601,0.00630377,58.5452,0.771864,0.0
6.82715,0.00631545,58.1104,0.763998,0.0
6.81581,0.00634487,57.9766,0.768786,0.0
6.80691,0.00611794,58.8796,0.767076,0.0
6.81299,0.00616288,57.0067,0.751686,0.0
6.81086,0.00609491,58.7124,0.748951,0.0
6.81916,0.00616797,59.1472,0.76605,0.0
6.81904,0.00618525,56.7559,0.765366,0.0
6.80801,0.00619588,57.1739,0.755448,0.0
6.81138,0.00617097,58.0435,0.76605,0.0
6.81683,0.00625981,58.0769,0.774942,0.0
6.81863,0.00620025,56.806,0.773574,0.0
6.8174,0.00633534,56.8562,0.747925,0.0
6.81633,0.00616679,58.8462,0.768786,0.0
6.81865,0.00635993,57.709,0.75408,0.0
6.81804,0.00614905,58.6455,0.780071,0.0
6.81571,0.00618453,58.311,0.776651,0.0
6.81603,0.00622106,57.9599,0.757158,0.0
6.8193,0.00616457,58.3779,0.747583,0.0
6.81955,0.0062647,58.8796,0.770838,0.0
6.82016,0.00633821,58.8127,0.771864,0.0
6.82066,0.00619608,59.5819,0.765708,0.0
6.81817,0.00633717,56.1371,0.753738,0.0
6.81949,0.00618812,58.6288,0.767418,0.0
6.81458,0.00613633,56.7893,0.766734,0.0
6.8059,0.00618701,56.7726,0.767418,0.0
6.81117,0.00622719,56.9231,0.756132,0.0
6.82494,0.00620684,59.4314,0.770838,0.0
6.82523,0.00615707,57.6923,0.774942,0.0
6.81742,0.00632856,58.0936,0.750318,0.0
6.82472,0.00624317,59.7324,0.756132,0.0
6.82438,0.00628107,58.6288,0.779729,0.0
6.8091,0.00623646,56.3211,0.763656,0.0
6.80684,0.00622289,57.1572,0.776309,0.0
6.8198,0.00614435,57.1237,0.76776,0.0
6.81828,0.00617358,57.9933,0.750318,0.0
6.8126,0.00612635,58.311,0.76263,0.0
6.81813,0.00626333,59.4147,0.776993,0.0
6.81961,0.00625074,58.6957,0.767418,0.0
6.81218,0.00615544,57.9097,0.75921,0.0
6.8173,0.00638518,60.0669,0.784175,0.0
6.82776,0.0063662,57.3077,0.779729,0.0
6.82074,0.00638361,57.3579,0.762972,0.0
6.8175,0.00631604,58.612,0.777335,0.0
6.81293,0.00637826,55.9532,0.75579,0.0
6.81189,0.00623887,57.2408,0.768102,0.0
6.82396,0.00634787,57.4749,0.754764,0.0
6.82143,0.00636985,57.3411,0.758184,0.0
6.81924,0.00629386,58.7291,0.782807,0.0
6.81437,0.00620743,58.4114,0.780071,0.0
6.81262,0.00599289,59.097,0.76434,0.0
6.82234,0.00631167,58.3779,0.76263,0.0
6.83502,0.00628049,59.5151,0.765024,0.0
6.83131,0.00609132,58.0602,0.76605,0.0
6.81675,0.00624604,57.893,0.76092,0.0
6.81221,0.00616464,57.9933,0.773232,0.0
6.81675,0.00627625,57.4916,0.778019,0.0
6.82286,0.00625172,58.2441,0.759894,0.0
6.82255,0.0061317,58.2943,0.775284,0.0
6.82161,0.00629471,57.3579,0.755448,0.0
6.82545,0.00626033,59.5485,0.778019,0.0
6.83277,0.00626972,58.1605,0.758184,0.0
6.83352,0.0063266,59.2475,0.768102,0.0
6.83271,0.00640807,59.8662,0.784175,0.0
6.82905,0.00625159,58.9799,0.76434,0.0
6.8265,0.0062859,59.4147,0.797171,0.0
6.83321,0.00635041,59.0301,0.779729,0.0
6.83338,0.00644108,58.8963,0.744163,0.0
6.83778,0.00651968,58.4281,0.76092,0.0
6.83961,0.00645908,59.699,0.784859,0.0
6.8345,0.00624474,59.0134,0.734929,0.0
6.84141,0.00627194,60.5518,0.790331,0.0
6.84764,0.00620149,59.699,0.77118,0.0
6.8425,0.00640383,59.3813,0.768786,0.0
6.84548,0.00633378,59.9833,0.762288,0.0
6.85927,0.00646639,60.3177,0.789305,0.0
6.85836,0.0061876,59.8829,0.76605,0.0
6.85891,0.00629621,61.2709,0.767418,0.0
6.86782,0.0065294,60.8863,0.784859,0.0
6.86069,0.00643958,59.9833,0.765708,0.0
6.85785,0.0066594,61.0535,0.795461,0.0
6.8663,0.00663526,60.2341,0.756816,0.0
6.86994,0.00643371,60.903,0.770154,0.0
6.87383,0.00651016,61.7057,0.800933,0.0
6.88128,0.00657447,61.7559,0.789305,0.0
6.87798,0.00644101,60.8027,0.77289,0.0
6.8711,0.00653527,61.5552,0.77289,0.0
6.87051,0.00648563,61.4047,0.798539,0.0
6.87272,0.00658536,61.7559,0.791015,0.0
6.86688,0.00632419,61.5217,0.773574,0.0
6.86437,0.00660526,61.2709,0.778703,0.0
6.88395,0.00662313,62.893,0.785543,0.0
6.88609,0.00651824,62.4582,0.783833,0.0
6.88119,0.00654505,62.6589,0.786227,0.0
6.89241,0.00649202,62.4916,0.779045,0.0
6.89008,0.00662731,62.2575,0.788621,0.0
6.88603,0.00661041,63.0268,0.771522,0.0
6.89171,0.00649313,64.0134,0.76776,0.0
6.88657,0.00656684,61.4381,0.774258,0.0
6.88528,0.00657499,62.7926,0.768786,0.0
6.90013,0.00674739,62.1405,0.788279,0.0
6.89957,0.00641205,64.2809,0.7746,0.0
6.89186,0.00658928,62.9264,0.793067,0.0
6.89852,0.00660624,63.7124,0.801958,0.0
6.90339,0.00650546,62.291,0.768444,0.0
6.91316,0.00665803,65.2843,0.783149,0.0
6.91534,0.00665092,63.3612,0.781097,0.0
6.90473,0.00661994,63.8963,0.794435,0.0
6.90796,0.00657284,63.1438,0.787937,0.0
6.90823,0.006635,63.612,0.773232,0.0
6.89265,0.006505,62.4916,0.779045,0.0
6.89983,0.00662313,63.9465,0.774942,0.0
6.91664,0.00647278,62.1237,0.771522,0.0
6.91608,0.00645719,64.0134,0.779729,0.0
6.9144,0.00674863,62.8094,0.784175,0.0
6.91859,0.00680264,65.3177,0.790673,0.0
6.92621,0.00665288,63.5117,0.798539,0.0
6.92358,0.00661687,65.301,0.781439,0.0
6.92092,0.00659306,63.9799,0.776993,0.0
6.92372,0.00666344,64.9164,0.80401,0.0
6.93111,0.00667571,65.5518,0.788279,0.0
6.92982,0.00685887,63.8462,0.786911,0.0
6.9264,0.00679847,64.9833,0.75921,0.0
6.93154,0.00671145,67.1739,0.758868,0.0
6.9353,0.00672104,64.3144,0.796829,0.0
6.91717,0.00674407,63.5786,0.791357,0.0
6.90704,0.00662894,64.5318,0.779045,0.0
6.91307,0.00667068,63.5117,0.784859,0.0
6.92038,0.00671719,64.7157,0.791699,0.0
6.92453,0.00663631,64.9331,0.775284,0.0
6.92266,0.00685398,65.1839,0.798197,0.0
6.92425,0.00682156,64.3144,0.804694,0.0
6.92371,0.00692371,64.1973,0.768102,0.0
6.92034,0.00659671,64.5652,0.789305,0.0
6.92769,0.00671876,64.5151,0.798881,0.0
6.92459,0.00661889,63.8127,0.773232,0.0
6.91997,0.00666847,64.4983,0.780755,0.0
6.92579,0.00664322,64.4649,0.787253,0.0
6.92586,0.0067337,64.7993,0.790673,0.0
6.91868,0.00654127,65.2174,0.795119,0.0
6.92619,0.00677185,65.0167,0.796829,0.0
6.9218,0.00680988,62.8261,0.787253,0.0
6.90643,0.00672319,64.398,0.796145,0.0
6.91419,0.00681419,63.2274,0.777335,0.0
6.92213,0.00677949,64.0134,0.780413,0.0
6.92173,0.00671824,64.6823,0.798881,0.0
6.91846,0.00680453,64.4314,0.798881,0.0
6.91622,0.00683193,64.0301,0.777335,0.0
6.91503,0.00663311,64.0301,0.807772,0.0
6.91245,0.00666657,62.6421,0.801616,0.0
6.91426,0.00652659,65.2508,0.780755,0.0
6.91563,0.00662802,64.1472,0.784175,0.0
6.92222,0.00674015,63.7625,0.769128,0.0
6.9236,0.00657878,64.4983,0.775284,0.0
6.91046,0.00661889,63.9632,0.790673,0.0
6.90949,0.00667773,63.3278,0.795461,0.0
6.9118,0.00650076,64.1639,0.771522,0.0
6.91088,0.00657421,63.6789,0.76776,0.0
6.92072,0.00659841,64.6488,0.784859,0.0
6.91706,0.00659652,63.6789,0.798539,0.0
6.91003,0.0066412,64.0468,0.782807,0.0
6.91756,0.00660754,64.1304,0.789989,0.0
6.91134,0.00667649,63.1438,0.80572,0.0
6.90546,0.00665953,64.2977,0.781097,0.0
6.90621,0.00657702,63.3779,0.775625,0.0
6.90315,0.00658471,63.7124,0.778703,0.0
6.90296,0.00657656,63.2274,0.790331,0.0
6.91081,0.00665803,64.1472,0.783833,0.0
6.91471,0.00653997,64.1304,0.782807,0.0
6.91692,0.00648276,64.5318,0.781781,0.0
6.9099,0.00663827,64.1973,0.793751,0.0
6.90519,0.00657408,64.4147,0.757158,0.0
6.9128,0.00650161,64.7324,0.783491,0.0
6.91362,0.00651087,63.7458,0.773574,0.0
6.90313,0.00654564,63.8462,0.768786,0.0
6.90527,0.0065624,63.9967,0.788279,0.0
6.90421,0.00680851,63.194,0.7746,0.0
6.89121,0.00653879,63.1104,0.77289,0.0
6.90324,0.00669723,61.9064,0.785543,0.0
6.90907,0.00659228,63.3779,0.782807,0.0
6.89414,0.00649235,62.8595,0.782123,0.0
6.89324,0.00665379,62.2241,0.766392,0.0
6.90509,0.00671876,64.2977,0.801616,0.0
6.90267,0.00662718,63.0435,0.779387,0.0
6.89392,0.00657323,62.1405,0.784517,0.0
6.89077,0.00657304,62.6589,0.793067,0.0
6.89411,0.00662561,62.291,0.770838,0.0
6.8896,0.00664759,61.99,0.778703,0.0
6.89054,0.00661804,62.2408,0.782465,0.0
6.89219,0.00641714,62.291,0.756816,0.0
6.88562,0.00639203,63.2776,0.7575,0.0
6.88948,0.0065337,63.311,0.789647,0.0
6.89126,0.00651153,63.3946,0.781781,0.0
6.87878,0.00661087,60.8863,0.789647,0.0
6.8778,0.00648726,63.3278,0.776993,0.0
6.89164,0.00642895,63.3278,0.796487,0.0
6.88767,0.00654303,62.8595,0.783491,0.0
6.87907,0.00652457,62.0569,0.783149,0.0
6.87842,0.00635726,62.1739,0.781781,0.0
6.88218,0.00650996,62.6421,0.779045,0.0
6.88006,0.00650787,61.3712,0.770838,0.0
6.88035,0.00663579,62.4247,0.77289,0.0
6.88322,0.00654134,62.4916,0.791357,0.0
6.87842,0.00659561,60.9699,0.773916,0.0
6.87441,0.00658843,63.2107,0.798197,0.0
6.88871,0.00665777,63.2107,0.786911,0.0
6.8876,0.00651524,61.4883,0.768786,0.0
6.87138,0.00651433,62.3579,0.788621,0.0
6.87358,0.00660363,62.0067,0.783491,0.0
6.86991,0.00630012,60.9365,0.778361,0.0
6.86903,0.00640305,62.1739,0.787253,0.0
6.87757,0.00637539,62.6589,0.771522,0.0
6.87664,0.00680134,61.4214,0.785201,0.0
6.86934,0.00659991,60.8696,0.799223,0.0
6.87867,0.00642353,61.9231,0.783833,0.0
6.87374,0.00653207,60.9197,0.780413,0.0
6.86341,0.00648628,60.7692,0.777335,0.0
6.87225,0.00650755,61.806,0.782807,0.0
6.87072,0.0063056,61.8896,0.780755,0.0
6.86417,0.0064373,61.9064,0.789989,0.0
6.8663,0.00654186,61.8896,0.797855,0.0
6.86706,0.00632191,61.806,0.790673,0.0
6.86252,0.00651205,60.7525,0.765366,0.0
6.86582,0.00632119,61.3712,0.765366,0.0
6.88071,0.00656058,63.2274,0.769128,0.0
6.87389,0.00649633,60.6522,0.773574,0.0
6.85866,0.00632628,60.6355,0.7746,0.0
6.86699,0.00634969,62.2742,0.787253,0.0
6.86717,0.00655229,61.689,0.775284,0.0
6.85804,0.0063026,61.4548,0.758184,0.0
6.85981,0.00643932,61.2207,0.780071,0.0
6.85834,0.00638224,60.5853,0.776651,0.0
6.8508,0.00628642,60.8528,0.781097,0.0
6.85868,0.00656214,59.6823,0.774942,0.0
6.86551,0.00641792,60.7525,0.781781,0.0
6.86541,0.00633345,61.1538,0.762972,0.0
6.86387,0.00635048,60.0167,0.770154,0.0
6.86958,0.00625361,62.1405,0.789647,0.0
6.87181,0.00652033,60.903,0.758868,0.0
6.85928,0.00641825,61.0368,0.765708,0.0
6.85706,0.00637663,61.7893,0.773574,0.0
6.85187,0.00653155,59.9331,0.77289,0.0
6.84145,0.00641492,60.1672,0.785201,0.0
6.84512,0.00623763,58.6455,0.765708,0.0
6.85178,0.00641323,60.9699,0.793409,0.0
6.85761,0.00647441,60.903,0.780413,0.0
6.85655,0.00629118,59.8662,0.774942,0.0
6.84948,0.00629138,60.5518,0.781781,0.0
6.85306,0.00633404,60.1003,0.764682,0.0
6.84448,0.00619549,57.9097,0.760236,0.0
6.84087,0.00616138,59.9833,0.753054,0.0
6.84707,0.00637702,59.5652,0.773232,0.0
6.84311,0.0063613,59.3311,0.765366,0.0
6.83846,0.00632771,59.1806,0.771522,0.0
6.83707,0.00628975,58.7291,0.765024,0.0
6.83069,0.0060726,58.1605,0.759552,0.0
6.8333,0.00632465,58.9967,0.770838,0.0
6.84528,0.00656984,60.0836,0.774942,0.0
6.84459,0.00655145,58.9298,0.763314,0.0
6.83563,0.00646241,60.301,0.75408,0.0
6.83314,0.0062011,59.2977,0.757158,0.0
6.83631,0.00624696,59.5485,0.770154,0.0
6.83837,0.00619843,59.5652,0.782807,0.0
6.83513,0.0061771,60.9197,0.775625,0.0
6.83222,0.00622361,59.1304,0.778703,0.0
6.82449,0.00611644,57.592,0.770838,0.0
6.82252,0.00634108,59.1137,0.778703,0.0
6.82675,0.00619784,59.2308,0.76776,0.0
6.82971,0.006342,58.6957,0.766392,0.0
6.83806,0.00640344,60.2676,0.784517,0.0
6.8426,0.00630325,59.3311,0.76605,0.0
6.83787,0.00647082,58.6455,0.778703,0.0
6.82927,0.00637102,59.4816,0.779387,0.0
6.82818,0.00631525,60.2174,0.76776,0.0
6.82895,0.00630338,58.5452,0.785543,0.0
6.8264,0.00624702,58.3946,0.763998,0.0
6.82356,0.00630351,58.5953,0.763998,0.0
6.82467,0.00620384,58.8629,0.767418,0.0
6.82447,0.00628179,58.5786,0.75408,0.0
6.83352,0.00636398,58.495,0.758868,0.0
6.84241,0.00643919,58.2107,0.767418,0.0
6.82771,0.0061696,58.5117,0.781439,0.0
6.82569,0.00635935,59.1137,0.769128,0.0
6.8331,0.00645484,57.7592,0.779045,0.0
6.82411,0.00615538,58.9967,0.773916,0.0
6.82498,0.00627109,57.9097,0.758526,0.0
6.82606,0.00619614,57.8595,0.780755,0.0
6.82311,0.00630371,58.3445,0.755448,0.0
6.82333,0.00623613,57.893,0.763314,0.0
6.82007,0.00614155,58.1605,0.764682,0.0
6.82028,0.00612765,58.5284,0.755448,0.0
6.82619,0.00619132,58.5953,0.759552,0.0
6.81848,0.0,57.3244,0.0,0.0
6.81658,0.0,58.7291,0.0,0.0
6.82383,0.0,58.3612,0.0,0.0
6.82299,0.0,58.9799,0.0,0.0
6.82104,0.0,58.0602,0.0,0.0
6.82487,0.0,59.5485,0.0,0.0
6.82538,0.0,57.408,0.0,0.0
6.818,0.0,57.709,0.0,0.0
6.81779,0.0,57.9599,0.0,0.0
6.82301,0.0,57.6254,0.0,0.0
6.82995,0.0,59.9498,0.0,0.0
6.82692,0.0,57.8763,0.0,0.0
6.82249,0.0,59.1973,0.0,0.0
6.82207,0.0,58.4448,0.0,0.0
6.80919,0.0,56.8562,0.0,0.0
6.81025,0.0,58.4615,0.0,0.0
6.82739,0.0,58.913,0.0,0.0
6.8218,0.0,57.3244,0.0,0.0
6.81374,0.0,56.7726,0.0,0.0
6.81666,0.0,56.8395,0.0,0.0
6.81831,0.0,57.9097,0.0,0.0
6.81452,0.0,58.0769,0.0,0.0
6.81633,0.0,57.893,0.0,0.0
6.829,0.0,57.9431,0.0,0.0
6.82556,0.0,59.5819,0.0,0.0
6.81688,0.0,58.0769,0.0,0.0
6.81796,0.0,58.6455,0.0,0.0
6.82365,0.0,57.8094,0.0,0.0
6.82761,0.0,58.4448,0.0,0.0
6.8187,0.0,57.6254,0.0,0.0
6.81045,0.0,57.3244,0.0,0.0
6.81568,0.0,57.4582,0.0,0.0
6.81221,0.0,58.2943,0.0,0.0
6.80916,0.0,58.194,0.0,0.0
6.8182,0.0,58.1104,0.0,0.0
6.81736,0.0,57.4582,0.0,0.0
6.82283,0.0,57.6087,0.0,0.0
6.82748,0.0,58.3779,0.0,0.0
6.81997,0.0,57.6589,0.0,0.0
6.81611,0.0,58.7458,0.0,0.0
6.81907,0.0,58.7793,0.0,0.0
6.8157,0.0,57.0903,0.0,0.0
6.81234,0.0,58.5117,0.0,0.0
6.81468,0.0,57.1237,0.0,0.0
6.81456,0.0,59.1973,0.0,0.0
6.82086,0.0,58.2943,0.0,0.0
6.82447,0.0,58.1605,0.0,0.0
6.81006,0.0,56.4883,0.0,0.0
6.80471,0.0,57.0401,0.0,0.0
6.82155,0.0,59.9666,0.0,0.0
6.81985,0.0,57.4749,0.0,0.0
6.80821,0.0,57.4247,0.0,0.0
6.81591,0.0,57.3746,0.0,0.0
6.81149,0.0,56.8562,0.0,0.0
6.8034,0.0,57.4415,0.0,0.0
6.81867,0.0,57.9933,0.0,0.0
6.82103,0.0,57.6254,0.0,0.0
6.81037,0.0,58.4448,0.0,0.0
6.81669,0.0,57.0401,0.0,0.0
6.81981,0.0,58.2274,0.0,0.0
6.81637,0.0,59.5485,0.0,0.0
6.81614,0.0,57.6087,0.0,0.0
6.81305,0.0,56.4047,0.0,0.0
6.81168,0.0,57.2742,0.0,0.0
6.81918,0.0,58.1271,0.0,0.0
6.82165,0.0,58.9967,0.0,0.0
6.81226,0.0,56.6555,0.0,0.0
6.81266,0.0,57.592,0.0,0.0
6.82042,0.0,57.893,0.0,0.0
6.81977,0.0,59.1472,0.0,0.0
6.81527,0.0,58.7625,0.0,0.0
6.80891,0.0,56.9732,0.0,0.0
6.80267,0.0,58.1104,0.0,0.0
6.80511,0.0,57.2742,0.0,0.0
6.8048,0.0,56.1873,0.0,0.0
6.81479,0.0,58.0435,0.0,0.0
6.82403,0.0,57.893,0.0,0.0
6.81706,0.0,58.194,0.0,0.0
6.81357,0.0,58.1271,0.0,0.0
6.82335,0.0,59.4983,0.0,0.0
6.82175,0.0,57.2074,0.0,0.0
6.81511,0.0,57.9599,0.0,0.0
6.81752,0.0,58.3612,0.0,0.0
6.81015,0.0,57.5084,0.0,0.0
6.80438,0.0,58.3946,0.0,0.0
6.81011,0.0,56.8395,0.0,0.0
6.81192,0.0,57.8094,0.0,0.0
6.82066,0.0,58.0268,0.0,0.0
6.8282,0.0,58.1438,0.0,0.0
6.81081,0.0,57.1739,0.0,0.0
6.81123,0.0,59.4649,0.0,0.0
6.82577,0.0,57.2408,0.0,0.0
6.81361,0.0,57.8261,0.0,0.0
6.80946,0.0,58.5953,0.0,0.0
6.82046,0.0,58.4448,0.0,0.0
6.81252,0.0,57.4916,0.0,0.0
6.80724,0.0,57.709,0.0,0.0
6.81034,0.0,57.2074,0.0,0.0
6.81974,0.0,59.1973,0.0,0.0
6.82857,0.0,58.1773,0.0,0.0
6.82117,0.0,58.2441,0.0,0.0
6.81035,0.0,56.9064,0.0,0.0
6.80896,0.0,58.2609,0.0,0.0
6.81779,0.0,58.5117,0.0,0.0
6.81863,0.0,57.7425,0.0,0.0
6.80853,0.0,56.2207,0.0,0.0
6.81087,0.0,57.7592,0.0,0.0
6.82075,0.0,58.6789,0.0,0.0
6.81648,0.0,57.9097,0.0,0.0
6.81896,0.0,58.5786,0.0,0.0
6.81918,0.0,58.4783,0.0,0.0
6.80622,0.0,57.5418,0.0,0.0
6.80313,0.0,57.9431,0.0,0.0
6.81262,0.0,57.4415,0.0,0.0
6.8196,0.0,57.9766,0.0,0.0
6.81991,0.0,58.01,0.0,0.0
6.81446,0.0,57.1405,0.0,0.0
6.81994,0.0,57.9933,0.0,0.0
6.82437,0.0,58.0268,0.0,0.0
6.81054,0.0,57.0569,0.0,0.0
6.80721,0.0,57.8094,0.0,0.0
6.81834,0.0,56.5385,0.0,0.0
6.81365,0.0,55.1839,0.0,0.0
6.8096,0.0,58.1438,0.0,0.0
6.80868,0.0,56.2542,0.0,0.0
6.80978,0.0,57.6254,0.0,0.0
6.81932,0.0,57.709,0.0,0.0
6.82147,0.0,57.5585,0.0,0.0
6.80865,0.0,57.3913,0.0,0.0
6.81161,0.0,58.0435,0.0,0.0
6.82146,0.0,58.7291,0.0,0.0
6.81065,0.0,57.291,0.0,0.0
6.80708,0.0,57.4582,0.0,0.0
6.81639,0.0,58.1773,0.0,0.0
6.82603,0.0,58.1438,0.0,0.0
6.81189,0.0,57.3913,0.0,0.0
6.80693,0.0,57.7258,0.0,0.0
6.82621,0.0,58.4114,0.0,0.0
6.82477,0.0,59.1639,0.0,0.0
6.80846,0.0,58.0769,0.0,0.0
6.8122,0.0,58.7625,0.0,0.0
6.81586,0.0,57.4415,0.0,0.0
6.81616,0.0,56.6388,0.0,0.0
6.81411,0.0,58.2441,0.0,0.0
6.80557,0.0,57.9933,0.0,0.0
6.81056,0.0,56.8227,0.0,0.0
6.81838,0.0,58.1773,0.0,0.0
6.81885,0.0,58.7458,0.0,0.0
6.81818,0.0,57.1906,0.0,0.0
6.82081,0.0,58.2609,0.0,0.0
6.82499,0.0,57.5753,0.0,0.0
6.82348,0.0,59.4983,0.0,0.0
6.81683,0.0,57.9933,0.0,0.0
6.80398,0.0,58.4448,0.0,0.0
6.80378,0.0,57.0234,0.0,0.0
6.81557,0.0,58.6789,0.0,0.0
6.81895,0.0,57.4415,0.0,0.0
6.82097,0.0,58.8127,0.0,0.0
6.82119,0.0,59.398,0.0,0.0
6.80928,0.0,56.505,0.0,0.0
6.80893,0.0,57.8261,0.0,0.0
6.82071,0.0,57.6087,0.0,0.0
6.81975,0.0,58.2943,0.0,0.0
6.81781,0.0,58.7124,0.0,0.0
6.81293,0.0,57.9933,0.0,0.0
6.8147,0.0,57.8094,0.0,0.0
6.81757,0.0,57.1739,0.0,0.0
6.81424,0.0,57.6087,0.0,0.0
6.80738,0.0,57.3077,0.0,0.0
6.80869,0.0,58.2943,0.0,0.0
6.81589,0.0,59.1137,0.0,0.0
6.8106,0.0,57.7759,0.0,0.0
6.80303,0.0,57.2241,0.0,0.0
6.81032,0.0,58.7625,0.0,0.0
6.81838,0.0,56.99,0.0,0.0
6.81012,0.0,57.5418,0.0,0.0
6.80781,0.0,57.9097,0.0,0.0
6.82062,0.0,57.5084,0.0,0.0
6.82333,0.0,57.9599,0.0,0.0
6.81538,0.0,56.388,0.0,0.0
6.81371,0.0,56.6221,0.0,0.0
6.81004,0.0,57.4582,0.0,0.0
6.81329,0.0,57.5251,0.0,0.0
6.81742,0.0,56.9231,0.0,0.0
6.81053,0.0,56.8562,0.0,0.0
6.81146,0.0,58.5953,0.0,0.0
6.81745,0.0,57.0234,0.0,0.0
6.81178,0.0,57.291,0.0,0.0
6.80982,0.0,56.5886,0.0,0.0
6.81194,0.0,58.0268,0.0,0.0
6.81754,0.0,57.6421,0.0,0.0
6.81385,0.0,58.0769,0.0,0.0
6.80524,0.0,56.7726,0.0,0.0
6.80215,0.0,57.1906,0.0,0.0
6.80899,0.0,58.01,0.0,0.0
6.80896,0.0,57.7592,0.0,0.0
6.8107,0.0,57.8428,0.0,0.0
6.82199,0.0,57.4916,0.0,0.0
6.8148,0.0,57.7759,0.0,0.0
6.80451,0.0,57.5585,0.0,0.0
6.81551,0.0,58.6622,0.0,0.0
6.82216,0.0,58.2107,0.0,0.0
6.81555,0.0,58.2776,0.0,0.0
6.81142,0.0,58.4448,0.0,0.0
6.81364,0.0,57.1237,0.0,0.0
6.8237,0.0,59.9164,0.0,0.0
6.82157,0.0,59.0301,0.0,0.0
6.81411,0.0,57.4247,0.0,0.0
6.81666,0.0,58.3612,0.0,0.0
6.81559,0.0,58.612,0.0,0.0
6.80904,0.0,58.2107,0.0,0.0
6.80974,0.0,57.6254,0.0,0.0
6.81889,0.0,57.9933,0.0,0.0
6.81507,0.0,57.6589,0.0,0.0
6.8126,0.0,58.1438,0.0,0.0
6.81556,0.0,56.8729,0.0,0.0
6.80227,0.0,57.2408,0.0,0.0
6.80634,0.0,58.2107,0.0,0.0
6.81785,0.0,56.7726,0.0,0.0
6.8186,0.0,58.8294,0.0,0.0
6.82288,0.0,57.3746,0.0,0.0
6.81837,0.0,58.2943,0.0,0.0
6.81059,0.0,58.3612,0.0,0.0
6.81525,0.0,58.5786,0.0,0.0
6.81872,0.0,57.0569,0.0,0.0
6.8103,0.0,57.0067,0.0,0.0
6.80941,0.0,58.3612,0.0,0.0
6.81025,0.0,56.9398,0.0,0.0
6.81415,0.0,58.1104,0.0,0.0
6.81826,0.0,56.7057,0.0,0.0
6.81062,0.0,57.6254,0.0,0.0
6.81635,0.0,58.9465,0.0,0.0
6.82418,0.0,56.7726,0.0,0.0
6.81028,0.0,57.0401,0.0,0.0
6.8158,0.0,57.9431,0.0,0.0
6.82494,0.0,58.3278,0.0,0.0
6.81477,0.0,56.8896,0.0,0.0
6.8167,0.0,59.398,0.0,0.0
6.81988,0.0,58.2609,0.0,0.0
6.81215,0.0,58.1104,0.0,0.0
6.81373,0.0,58.495,0.0,0.0
6.81905,0.0,57.3913,0.0,0.0
6.81188,0.0,57.592,0.0,0.0
6.80879,0.0,56.5886,0.0,0.0
6.81653,0.0,59.3144,0.0,0.0
6.81523,0.0,58.4114,0.0,0.0
6.80409,0.0,57.3913,0.0,0.0
6.80284,0.0,57.5418,0.0,0.0
6.81684,0.0,58.1773,0.0,0.0
6.82004,0.0,57.8428,0.0,0.0
6.80945,0.0,57.7759,0.0,0.0
6.81125,0.0,58.0769,0.0,0.0
6.81385,0.0,58.0435,0.0,0.0
6.8094,0.0,57.0569,0.0,0.0
6.81238,0.0,59.3144,0.0,0.0
6.82218,0.0,57.408,0.0,0.0
6.81696,0.0,57.3746,0.0,0.0
6.80671,0.0,58.2943,0.0,0.0
6.80261,0.0,56.7726,0.0,0.0
6.80419,0.0,57.408,0.0,0.0
6.81299,0.0,57.709,0.0,0.0
6.81251,0.0,57.7258,0.0,0.0
6.80976,0.0,59.214,0.0,0.0
6.81707,0.0,57.4916,0.0,0.0
6.81879,0.0,57.0401,0.0,0.0
6.81755,0.0,58.8963,0.0,0.0
6.81865,0.0,58.311,0.0,0.0
6.81629,0.0,57.7258,0.0,0.0
6.81432,0.0,57.7425,0.0,0.0
6.81936,0.0,57.0234,0.0,0.0
6.81851,0.0,58.3612,0.0,0.0
6.82078,0.0,58.7793,0.0,0.0
6.82149,0.0,57.3244,0.0,0.0
6.8248,0.0,57.6421,0.0,0.0
6.82101,0.0,56.6722,0.0,0.0
6.80947,0.0,58.0268,0.0,0.0
6.8092,0.0,57.291,0.0,0.0
6.81215,0.0,57.7759,0.0,0.0
6.80905,0.0,57.3077,0.0,0.0
6.81687,0.0,58.9799,0.0,0.0
6.82491,0.0,58.4783,0.0,0.0
6.81624,0.0,56.4548,0.0,0.0
6.81481,0.0,58.1271,0.0,0.0
6.81866,0.0,57.6923,0.0,0.0
6.80783,0.0,58.5452,0.0,0.0
6.80886,0.0,56.9732,0.0,0.0
6.82374,0.0,59.4314,0.0,0.0
6.82053,0.0,58.495,0.0,0.0
6.80423,0.0,56.4047,0.0,0.0
6.80922,0.0,58.1605,0.0,0.0
6.81981,0.0,58.1605,0.0,0.0
6.81486,0.0,57.6421,0.0,0.0
6.81388,0.0,57.7759,0.0,0.0
6.81715,0.0,59.1137,0.0,0.0
6.80358,0.0,56.3043,0.0,0.0
6.79596,0.0,57.5084,0.0,0.0
6.80341,0.0,56.9064,0.0,0.0
6.80578,0.0,56.3712,0.0,0.0
6.8136,0.0,58.3445,0.0,0.0
6.81659,0.0,57.6589,0.0,0.0
6.8092,0.0,57.9431,0.0,0.0
6.80384,0.0,57.893,0.0,0.0
6.81116,0.0,57.5753,0.0,0.0
6.81823,0.0,57.3077,0.0,0.0
6.81169,0.0,58.1605,0.0,0.0
6.80975,0.0,58.2274,0.0,0.0
6.80864,0.0,56.1538,0.0,0.0
6.8113,0.0,58.0936,0.0,0.0
6.82564,0.0,58.0602,0.0,0.0
6.82043,0.0,58.9632,0.0,0.0
6.8118,0.0,56.8562,0.0,0.0
6.82144,0.0,58.4783,0.0,0.0
6.81703,0.0,57.4247,0.0,0.0
6.80859,0.0,57.8595,0.0,0.0
6.81678,0.0,59.5318,0.0,0.0
6.81849,0.0,57.1906,0.0,0.0
6.81223,0.0,59.1973,0.0,0.0
6.82179,0.0,59.4147,0.0,0.0
6.82597,0.0,58.1605,0.0,0.0
6.81456,0.0,57.0903,0.0,0.0
6.81846,0.0,58.6957,0.0,0.0
6.82283,0.0,57.3579,0.0,0.0
6.81601,0.0,58.5619,0.0,0.0
6.81919,0.0,59.1472,0.0,0.0
6.81159,0.0,57.4916,0.0,0.0
6.80307,0.0,56.99,0.0,0.0
6.81533,0.0,58.913,0.0,0.0
6.82603,0.0,58.5953,0.0,0.0
6.81941,0.0,57.4415,0.0,0.0
6.81556,0.0,57.7258,0.0,0.0
6.81832,0.0,58.3278,0.0,0.0
6.8074,0.0,56.6054,0.0,0.0
6.80534,0.0,57.5753,0.0,0.0
6.81754,0.0,57.4916,0.0,0.0
6.81663,0.0,58.0602,0.0,0.0
6.81393,0.0,58.1104,0.0,0.0
6.81721,0.0,56.8395,0.0,0.0
6.81365,0.0,57.0736,0.0,0.0
6.81173,0.0,58.1605,0.0,0.0
6.81933,0.0,57.1572,0.0,0.0
6.83231,0.0,58.8963,0.0,0.0
6.83117,0.0,59.9331,0.0,0.0
6.82366,0.0,58.2107,0.0,0.0
6.81904,0.0,58.7793,0.0,0.0
6.81204,0.0,57.408,0.0,0.0
6.81064,0.0,57.6254,0.0,0.0
6.81459,0.0,57.9097,0.0,0.0
6.80635,0.0,56.087,0.0,0.0
6.81026,0.0,58.7291,0.0,0.0
6.82605,0.0,57.8094,0.0,0.0
6.82059,0.0,58.8127,0.0,0.0
6.8121,0.0,57.9264,0.0,0.0
6.80905,0.0,56.3043,0.0,0.0
6.80901,0.0,58.4281,0.0,0.0
6.81046,0.0,56.4047,0.0,0.0
6.81716,0.0,57.4415,0.0,0.0
6.82423,0.0,58.1773,0.0,0.0
6.82082,0.0,58.01,0.0,0.0
6.80877,0.0,58.7625,0.0,0.0
6.8051,0.0,57.6254,0.0,0.0
6.80673,0.0,58.194,0.0,0.0
6.80934,0.0,56.8896,0.0,0.0
6.80262,0.0,55.7191,0.0,0.0
6.81715,0.0,58.7291,0.0,0.0
6.81847,0.0,57.9264,0.0,0.0
6.80474,0.0,56.99,0.0,0.0
6.80586,0.0,57.0401,0.0,0.0
6.80505,0.0,56.2709,0.0,0.0
6.80535,0.0,57.709,0.0,0.0
6.8162,0.0,56.5886,0.0,0.0
6.81577,0.0,58.5452,0.0,0.0
6.80924,0.0,58.6288,0.0,0.0
6.82082,0.0,58.0769,0.0,0.0
6.82045,0.0,58.913,0.0,0.0
6.80789,0.0,57.9766,0.0,0.0
6.80961,0.0,58.311,0.0,0.0
6.82073,0.0,57.1906,0.0,0.0
6.82261,0.0,58.2274,0.0,0.0
6.82257,0.0,58.6789,0.0,0.0
6.81853,0.0,57.4247,0.0,0.0
6.81697,0.0,59.2809,0.0,0.0
6.82573,0.0,58.495,0.0,0.0
6.82003,0.0,57.6254,0.0,0.0
6.80704,0.0,57.3244,0.0,0.0
6.80824,0.0,58.6622,0.0,0.0
6.80928,0.0,58.01,0.0,0.0
6.80896,0.0,57.4582,0.0,0.0
6.81405,0.0,58.0602,0.0,0.0
6.81935,0.0,58.4281,0.0,0.0
6.81444,0.0,57.2074,0.0,0.0
6.80752,0.0,57.3077,0.0,0.0
6.82217,0.0,59.699,0.0,0.0
6.81618,0.0,55.6856,0.0,0.0
6.80041,0.0,58.2274,0.0,0.0
6.81089,0.0,56.9732,0.0,0.0
6.81516,0.0,56.9398,0.0,0.0
6.81294,0.0,57.1739,0.0,0.0
6.81328,0.0,58.5786,0.0,0.0
6.82252,0.0,58.2776,0.0,0.0
6.82383,0.0,58.0602,0.0,0.0
6.81368,0.0,58.2943,0.0,0.0
6.80577,0.0,56.4716,0.0,0.0
6.81443,0.0,58.5452,0.0,0.0
6.81418,0.0,56.8562,0.0,0.0
6.81785,0.0,59.1973,0.0,0.0
6.82642,0.0,57.9431,0.0,0.0
6.81224,0.0,58.0936,0.0,0.0
6.79998,0.0,57.5418,0.0,0.0
6.81801,0.0,58.8796,0.0,0.0
6.82274,0.0,56.9565,0.0,0.0
6.81578,0.0,59.1973,0.0,0.0
6.82132,0.0,56.5385,0.0,0.0
6.81897,0.0,57.3913,0.0,0.0
6.81214,0.0,57.8094,0.0,0.0
6.80826,0.0,57.6756,0.0,0.0
6.81274,0.0,59.1137,0.0,0.0
6.80982,0.0,58.0936,0.0,0.0
6.81135,0.0,58.6622,0.0,0.0
6.8122,0.0,57.9766,0.0,0.0
6.80068,0.0,57.9097,0.0,0.0
6.80868,0.0,57.9766,0.0,0.0
6.81115,0.0,57.8428,0.0,0.0
6.79667,0.0,56.1037,0.0,0.0
6.80789,0.0,57.7258,0.0,0.0
6.81914,0.0,57.5585,0.0,0.0
6.80519,0.0,58.0268,0.0,0.0
6.80474,0.0,57.7759,0.0,0.0
6.81137,0.0,57.2742,0.0,0.0
6.81627,0.0,59.5819,0.0,0.0
6.81495,0.0,56.3545,0.0,0.0
6.81567,0.0,58.5452,0.0,0.0
6.82338,0.0,58.5953,0.0,0.0
6.81203,0.0,56.7391,0.0,0.0
6.80648,0.0,58.194,0.0,0.0
6.81374,0.0,56.7057,0.0,0.0
6.81112,0.0,57.4749,0.0,0.0
6.81595,0.0,58.495,0.0,0.0
6.81249,0.0,56.4047,0.0,0.0
6.80957,0.0,57.291,0.0,0.0
6.81416,0.0,57.9766,0.0,0.0
6.80967,0.0,58.2776,0.0,0.0
6.81243,0.0,57.6421,0.0,0.0
6.82169,0.0,57.6756,0.0,0.0
6.81967,0.0,58.8963,0.0,0.0
6.81713,0.0,58.6622,0.0,0.0
6.81926,0.0,58.0435,0.0,0.0
6.82198,0.0,58.2776,0.0,0.0
6.82281,0.0,57.6254,0.0,0.0
6.82591,0.0,59.0301,0.0,0.0
6.81779,0.0,58.3445,0.0,0.0
6.8154,0.0,57.2241,0.0,0.0
6.81682,0.0,58.01,0.0,0.0
6.80846,0.0,57.0401,0.0,0.0
6.81392,0.0,58.7458,0.0,0.0
6.81786,0.0,56.9064,0.0,0.0
6.80915,0.0,58.0435,0.0,0.0
6.81207,0.0,57.7425,0.0,0.0
6.8156,0.0,57.592,0.0,0.0
6.80568,0.0,57.5753,0.0,0.0
6.80826,0.0,57.5251,0.0,0.0
6.82369,0.0,58.2609,0.0,0.0
6.82101,0.0,58.3278,0.0,0.0
6.80887,0.0,57.5251,0.0,0.0
6.81653,0.0,58.6622,0.0,0.0
6.81653,0.0,57.3411,0.0,0.0
6.8098,0.0,58.3278,0.0,0.0
6.80616,0.0,57.1405,0.0,0.0
6.80421,0.0,57.0903,0.0,0.0
6.81481,0.0,58.9799,0.0,0.0
6.81494,0.0,57.0234,0.0,0.0
6.80617,0.0,58.9298,0.0,0.0
6.81722,0.0,57.6756,0.0,0.0
6.81747,0.0,57.0401,0.0,0.0
6.80992,0.0,57.7926,0.0,0.0
6.81356,0.0,57.0234,0.0,0.0
6.81701,0.0,58.4281,0.0,0.0
6.81642,0.0,57.4749,0.0,0.0
6.81069,0.0,56.6722,0.0,0.0
6.81016,0.0,57.9599,0.0,0.0
6.81341,0.0,58.1104,0.0,0.0
6.81549,0.0,58.8462,0.0,0.0
6.82045,0.0,59.1304,0.0,0.0
6.82486,0.0,58.1605,0.0,0.0
6.82094,0.0,58.194,0.0,0.0
6.81115,0.0,57.1405,0.0,0.0
6.8079,0.0,58.1271,0.0,0.0
6.8122,0.0,57.8595,0.0,0.0
6.82789,0.0,58.4114,0.0,0.0
6.82511,0.0,57.8763,0.0,0.0
6.81019,0.0,57.9264,0.0,0.0
6.80834,0.0,57.2408,0.0,0.0
6.81319,0.0,58.913,0.0,0.0
6.8204,0.0,58.1605,0.0,0.0
6.82049,0.0,58.3612,0.0,0.0
6.81517,0.0,57.408,0.0,0.0
6.81502,0.0,58.0268,0.0,0.0
6.8159,0.0,57.3077,0.0,0.0
6.81393,0.0,58.9298,0.0,0.0
6.82206,0.0,58.5619,0.0,0.0
6.81386,0.0,55.7525,0.0,0.0
6.80416,0.0,57.3077,0.0,0.0
6.81959,0.0,59.0468,0.0,0.0
6.81319,0.0,57.6923,0.0,0.0
6.80635,0.0,59.2308,0.0,0.0
6.81211,0.0,56.4883,0.0,0.0
6.80691,0.0,57.9431,0.0,0.0
6.80981,0.0,57.3579,0.0,0.0
6.81703,0.0,58.1773,0.0,0.0
6.80849,0.0,56.4381,0.0,0.0
6.80259,0.0,57.7759,0.0,0.0
6.80854,0.0,57.408,0.0,0.0
6.80802,0.0,57.8595,0.0,0.0
6.81578,0.0,57.7425,0.0,0.0
6.82132,0.0,58.0602,0.0,0.0
6.80974,0.0,57.0903,0.0,0.0
6.8078,0.0,57.709,0.0,0.0
6.80988,0.0,58.0268,0.0,0.0
6.81722,0.0,58.1438,0.0,0.0
6.82049,0.0,58.1773,0.0,0.0
6.81155,0.0,57.0569,0.0,0.0
6.8021,0.0,58.5452,0.0,0.0
6.80654,0.0,56.8395,0.0,0.0
6.80816,0.0,58.0435,0.0,0.0
6.7994,0.0,56.8562,0.0,0.0
6.81073,0.0,57.7759,0.0,0.0
6.82165,0.0,57.4916,0.0,0.0
6.81595,0.0,58.1438,0.0,0.0
6.81665,0.0,58.2776,0.0,0.0
6.81152,0.0,57.3746,0.0,0.0
6.8041,0.0,56.7224,0.0,0.0
6.81192,0.0,57.6756,0.0,0.0
6.81983,0.0,57.8094,0.0,0.0
6.81051,0.0,57.408,0.0,0.0
6.80419,0.0,56.5385,0.0,0.0
6.81125,0.0,57.709,0.0,0.0
6.82051,0.0,58.6957,0.0,0.0
6.82593,0.0,57.5251,0.0,0.0
6.8161,0.0,57.4582,0.0,0.0
6.81137,0.0,57.709,0.0,0.0
6.81999,0.0,58.311,0.0,0.0
6.81653,0.0,58.6455,0.0,0.0
6.81285,0.0,58.4615,0.0,0.0
6.82336,0.0,57.1739,0.0,0.0
6.8141,0.0,57.3746,0.0,0.0
6.80212,0.0,58.2107,0.0,0.0
6.81566,0.0,58.4615,0.0,0.0
6.82214,0.0,59.4482,0.0,0.0
6.81147,0.0,57.9097,0.0,0.0
6.81207,0.0,58.1773,0.0,0.0
6.82193,0.0,57.9933,0.0,0.0
6.8221,0.0,58.4281,0.0,0.0
6.81263,0.0,58.0268,0.0,0.0
6.80258,0.0,57.1572,0.0,0.0
6.81636,0.0,58.8294,0.0,0.0
6.82662,0.0,58.1773,0.0,0.0
6.81927,0.0,58.0769,0.0,0.0
6.81325,0.0,57.4415,0.0,0.0
6.81112,0.0,56.9064,0.0,0.0
6.81609,0.0,56.8227,0.0,0.0
6.81752,0.0,57.4916,0.0,0.0
6.81376,0.0,57.291,0.0,0.0
6.82072,0.0,58.0602,0.0,0.0
6.82345,0.0,58.7124,0.0,0.0
6.80721,0.0,57.6254,0.0,0.0
6.80258,0.0,57.0401,0.0,0.0
6.81348,0.0,56.6722,0.0,0.0
6.81368,0.0,58.3445,0.0,0.0
6.8134,0.0,58.01,0.0,0.0
6.81433,0.0,57.5084,0.0,0.0
6.80693,0.0,58.4783,0.0,0.0
6.80779,0.0,57.4916,0.0,0.0
6.81118,0.0,58.3445,0.0,0.0
6.81514,0.0,59.1973,0.0,0.0
6.81664,0.0,57.5084,0.0,0.0
6.81572,0.0,58.3445,0.0,0.0
6.81673,0.0,58.8629,0.0,0.0
6.81219,0.0,57.2241,0.0,0.0
6.80703,0.0,57.6254,0.0,0.0
6.8181,0.0,58.5117,0.0,0.0
6.82284,0.0,57.6421,0.0,0.0
6.81593,0.0,58.7793,0.0,0.0
6.81881,0.0,58.2609,0.0,0.0
6.81586,0.0,57.7258,0.0,0.0
6.81143,0.0,58.3445,0.0,0.0
6.81348,0.0,58.2609,0.0,0.0
6.81962,0.0,57.1906,0.0,0.0
6.81496,0.0,58.5452,0.0,0.0
6.81201,0.0,58.0602,0.0,0.0
6.82133,0.0,57.893,0.0,0.0
6.82414,0.0,59.1304,0.0,0.0
6.81218,0.0,58.1104,0.0,0.0
6.8059,0.0,58.3946,0.0,0.0
6.80915,0.0,56.806,0.0,0.0
6.81131,0.0,58.7793,0.0,0.0
6.81435,0.0,56.7726,0.0,0.0
6.81635,0.0,58.2609,0.0,0.0
6.81331,0.0,57.0401,0.0,0.0
6.80967,0.0,57.7592,0.0,0.0
6.81205,0.0,57.4247,0.0,0.0
6.81534,0.0,58.3445,0.0,0.0
6.81574,0.0,58.5117,0.0,0.0
6.81272,0.0,58.2441,0.0,0.0
6.81182,0.0,56.689,0.0,0.0
6.81891,0.0,58.796,0.0,0.0
6.82128,0.0,58.311,0.0,0.0
6.81693,0.0,58.5619,0.0,0.0
6.81853,0.0,58.6288,0.0,0.0
6.81434,0.0,58.1438,0.0,0.0
6.81172,0.0,58.6957,0.0,0.0
6.82153,0.0,58.4281,0.0,0.0
6.81676,0.0,57.592,0.0,0.0
6.80738,0.0,56.9398,0.0,0.0
6.81294,0.0,58.01,0.0,0.0
6.81708,0.0,58.3445,0.0,0.0
6.81105,0.0,57.6254,0.0,0.0
6.80981,0.0,56.5385,0.0,0.0
6.82304,0.0,58.3612,0.0,0.0
6.82856,0.0,58.6957,0.0,0.0
6.81368,0.0,57.1572,0.0,0.0
6.80945,0.0,58.8294,0.0,0.0
6.82715,0.0,59.3311,0.0,0.0
6.82068,0.0,57.0234,0.0,0.0
6.80101,0.0,58.311,0.0,0.0
6.80928,0.0,58.0268,0.0,0.0
6.81936,0.0,58.01,0.0,0.0
6.81309,0.0,58.5619,0.0,0.0
6.81064,0.0,57.3411,0.0,0.0
6.81714,0.0,58.1438,0.0,0.0
6.82303,0.0,58.5117,0.0,0.0
6.81872,0.0,58.0936,0.0,0.0
6.80895,0.0,58.3946,0.0,0.0
6.80709,0.0,57.4582,0.0,0.0
6.81703,0.0,58.4281,0.0,0.0
6.82146,0.0,59.6488,0.0,0.0
6.82025,0.0,58.7124,0.0,0.0
6.81535,0.0,57.7425,0.0,0.0
6.80291,0.0,57.1405,0.0,0.0
6.80842,0.0,58.2107,0.0,0.0
6.82161,0.0,58.1104,0.0,0.0
6.81874,0.0,58.3779,0.0,0.0
6.81198,0.0,57.5084,0.0,0.0
6.81348,0.0,57.0903,0.0,0.0
6.81687,0.0,59.0635,0.0,0.0
6.81697,0.0,58.2441,0.0,0.0
6.81863,0.0,58.01,0.0,0.0
6.81652,0.0,59.097,0.0,0.0
6.80447,0.0,56.7559,0.0,0.0
6.80373,0.0,57.9766,0.0,0.0
6.8099,0.0,57.6589,0.0,0.0
6.81195,0.0,59.097,0.0,0.0
6.82052,0.0,58.9298,0.0,0.0
6.8153,0.0,58.7124,0.0,0.0
6.81518,0.0,59.4147,0.0,0.0
6.81559,0.0,56.3712,0.0,0.0
6.80897,0.0,57.709,0.0,0.0
6.81156,0.0,58.01,0.0,0.0
6.81463,0.0,56.7057,0.0,0.0
6.81567,0.0,57.3411,0.0,0.0
6.81772,0.0,57.4415,0.0,0.0
6.81766,0.0,58.612,0.0,0.0
6.81768,0.0,57.6756,0.0,0.0
6.80964,0.0,57.9097,0.0,0.0
6.81174,0.0,59.3311,0.0,0.0
6.81772,0.0,56.5552,0.0,0.0
6.81097,0.0,58.7124,0.0,0.0
6.81113,0.0,56.806,0.0,0.0
6.81288,0.0,57.893,0.0,0.0
6.80851,0.0,57.709,0.0,0.0
6.81084,0.0,57.1237,0.0,0.0
6.80973,0.0,57.9097,0.0,0.0
6.80987,0.0,58.4448,0.0,0.0
6.82019,0.0,58.7291,0.0,0.0
6.81975,0.0,58.2943,0.0,0.0
6.81128,0.0,58.3779,0.0,0.0
6.80977,0.0,57.8261,0.0,0.0
6.81267,0.0,57.4916,0.0,0.0
6.80916,0.0,57.6421,0.0,0.0
6.8059,0.0,57.3244,0.0,0.0
6.81934,0.0,58.7625,0.0,0.0
6.82761,0.0,58.1271,0.0,0.0
6.81866,0.0,57.3579,0.0,0.0
6.81668,0.0,58.311,0.0,0.0
6.81924,0.0,58.7625,0.0,0.0
6.81793,0.0,58.1104,0.0,0.0
6.8145,0.0,58.3445,0.0,0.0
6.81512,0.0,58.2609,0.0,0.0
6.81322,0.0,57.291,0.0,0.0
6.81185,0.0,58.2274,0.0,0.0
6.81092,0.0,56.5886,0.0,0.0
6.80995,0.0,57.8595,0.0,0.0
6.818,0.0,57.4916,0.0,0.0
6.82476,0.0,59.3144,0.0,0.0
6.82407,0.0,57.6254,0.0,0.0
6.82064,0.0,59.4649,0.0,0.0
6.82352,0.0,58.01,0.0,0.0
6.81922,0.0,58.5953,0.0,0.0
6.80565,0.0,57.3244,0.0,0.0
6.8021,0.0,57.0569,0.0,0.0
6.80526,0.0,56.2542,0.0,0.0
6.81042,0.0,58.913,0.0,0.0
6.8155,0.0,57.3746,0.0,0.0
6.81044,0.0,55.5184,0.0,0.0
6.80816,0.0,57.4247,0.0,0.0
6.81578,0.0,58.495,0.0,0.0
6.81254,0.0,58.4448,0.0,0.0
6.80898,0.0,57.0401,0.0,0.0
6.81231,0.0,58.0769,0.0,0.0
6.81506,0.0,57.4247,0.0,0.0
6.81929,0.0,57.6923,0.0,0.0
6.81922,0.0,58.7124,0.0,0.0
6.81652,0.0,59.0301,0.0,0.0
6.81229,0.0,58.1773,0.0,0.0
6.81927,0.0,59.0468,0.0,0.0
6.82535,0.0,57.4749,0.0,0.0
6.82508,0.0,58.3946,0.0,0.0
6.81638,0.0,57.4749,0.0,0.0
6.80241,0.0,57.0736,0.0,0.0
6.81296,0.0,57.9097,0.0,0.0
6.82248,0.0,57.9264,0.0,0.0
6.81382,0.0,58.2776,0.0,0.0
6.81416,0.0,57.709,0.0,0.0
6.81865,0.0,57.7759,0.0,0.0
6.81277,0.0,58.2441,0.0,0.0
6.80741,0.0,56.6555,0.0,0.0
6.82074,0.0,57.8094,0.0,0.0
6.82074,0.0,58.01,0.0,0.0
6.81268,0.0,59.2475,0.0,0.0
6.81446,0.0,56.5385,0.0,0.0
6.81286,0.0,58.7458,0.0,0.0
6.81544,0.0,57.3411,0.0,0.0
6.81853,0.0,58.5452,0.0,0.0
6.81103,0.0,57.3077,0.0,0.0
6.79901,0.0,56.6388,0.0,0.0
6.79766,0.0,55.7023,0.0,0.0
6.80887,0.0,57.4916,0.0,0.0
6.81693,0.0,57.3411,0.0,0.0
6.81775,0.0,58.4615,0.0,0.0
6.82242,0.0,58.194,0.0,0.0
6.82399,0.0,58.7291,0.0,0.0
6.81942,0.0,59.3645,0.0,0.0
6.81589,0.0,57.5251,0.0,0.0
6.80391,0.0,56.0535,0.0,0.0
6.80797,0.0,58.4783,0.0,0.0
6.82292,0.0,57.2074,0.0,0.0
6.81929,0.0,59.0134,0.0,0.0
6.815,0.0,57.5084,0.0,0.0
6.82154,0.0,59.3645,0.0,0.0
6.81627,0.0,58.2107,0.0,0.0
6.81208,0.0,58.2274,0.0,0.0
6.81357,0.0,58.8462,0.0,0.0
6.80601,0.0,57.0067,0.0,0.0
6.81058,0.0,58.3779,0.0,0.0
6.82315,0.0,58.8629,0.0,0.0
6.82038,0.0,58.8127,0.0,0.0
6.81023,0.0,56.5552,0.0,0.0
6.81112,0.0,57.0903,0.0,0.0
6.81024,0.0,57.9097,0.0,0.0
6.8111,0.0,58.2776,0.0,0.0
6.81319,0.0,57.2241,0.0,0.0
6.81807,0.0,57.9766,0.0,0.0
6.81733,0.0,56.6388,0.0,0.0
6.8123,0.0,57.5753,0.0,0.0
6.81536,0.0,58.4783,0.0,0.0
6.8089,0.0,56.8227,0.0,0.0
6.80431,0.0,57.5251,0.0,0.0
6.82003,0.0,58.8294,0.0,0.0
6.82653,0.0,58.4615,0.0,0.0
6.81531,0.0,58.4114,0.0,0.0
6.80799,0.0,58.5619,0.0,0.0
6.80711,0.0,57.3746,0.0,0.0
6.80765,0.0,58.7793,0.0,0.0
6.8078,0.0,56.8729,0.0,0.0
6.80873,0.0,58.1271,0.0,0.0
6.81642,0.0,57.4582,0.0,0.0
6.81143,0.0,58.1271,0.0,0.0
6.81401,0.0,58.0769,0.0,0.0
6.81666,0.0,56.7893,0.0,0.0
6.81182,0.0,58.0936,0.0,0.0
6.81326,0.0,56.5719,0.0,0.0
6.81016,0.0,58.1605,0.0,0.0
6.80981,0.0,57.8763,0.0,0.0
6.80916,0.0,57.2742,0.0,0.0
6.81064,0.0,58.5619,0.0,0.0
6.81359,0.0,57.1572,0.0,0.0
6.81378,0.0,57.4415,0.0,0.0
6.81567,0.0,59.1137,0.0,0.0
6.82163,0.0,58.3946,0.0,0.0
6.8181,0.0,58.2776,0.0,0.0
6.81037,0.0,57.5753,0.0,0.0
6.81715,0.0,58.311,0.0,0.0
6.81581,0.0,57.2742,0.0,0.0
6.80663,0.0,58.4114,0.0,0.0
6.81909,0.0,58.3445,0.0,0.0
6.82305,0.0,58.0602,0.0,0.0
6.80899,0.0,56.8896,0.0,0.0
6.80853,0.0,56.806,0.0,0.0
6.81499,0.0,58.2609,0.0,0.0
6.8235,0.0,58.5619,0.0,0.0
6.82613,0.0,59.6823,0.0,0.0
6.8185,0.0,57.8595,0.0,0.0
6.80949,0.0,56.2207,0.0,0.0
6.81515,0.0,59.4482,0.0,0.0
6.8168,0.0,58.7793,0.0,0.0
6.80497,0.0,56.5552,0.0,0.0
6.81074,0.0,57.408,0.0,0.0
6.81702,0.0,57.3244,0.0,0.0
6.80947,0.0,57.1572,0.0,0.0
6.80905,0.0,57.8261,0.0,0.0
6.82196,0.0,57.5418,0.0,0.0
6.82669,0.0,58.9632,0.0,0.0
6.81484,0.0,59.0468,0.0,0.0
6.8108,0.0,57.2742,0.0,0.0
6.80954,0.0,57.7759,0.0,0.0
6.80657,0.0,56.8562,0.0,0.0
6.81268,0.0,57.9766,0.0,0.0
6.81316,0.0,58.8963,0.0,0.0
6.81279,0.0,57.0234,0.0,0.0
6.81482,0.0,58.5284,0.0,0.0
6.81288,0.0,57.7759,0.0,0.0
6.80948,0.0,57.2408,0.0,0.0
6.80736,0.0,57.9766,0.0,0.0
6.81611,0.0,58.1271,0.0,0.0
6.82545,0.0,58.3779,0.0,0.0
6.82463,0.0,58.3445,0.0,0.0
6.81807,0.0,59.1304,0.0,0.0
6.81003,0.0,57.5084,0.0,0.0
6.82045,0.0,58.6622,0.0,0.0
6.8266,0.0,58.5786,0.0,0.0
6.81719,0.0,57.2241,0.0,0.0
6.8145,0.0,58.2107,0.0,0.0
6.80976,0.0,56.99,0.0,0.0
6.8057,0.0,57.8763,0.0,0.0
6.81389,0.0,58.5117,0.0,0.0
6.8171,0.0,58.612,0.0,0.0
6.81468,0.0,58.4448,0.0,0.0
6.82145,0.0,58.8127,0.0,0.0
6.81291,0.0,57.8261,0.0,0.0
6.80693,0.0,56.8896,0.0,0.0
6.82719,0.0,59.4983,0.0,0.0
6.82852,0.0,57.5753,0.0,0.0
6.81007,0.0,57.7258,0.0,0.0
6.8112,0.0,57.5251,0.0,0.0
6.81742,0.0,57.9933,0.0,0.0
6.81665,0.0,58.2609,0.0,0.0
6.81862,0.0,58.7458,0.0,0.0
6.81101,0.0,56.8729,0.0,0.0
6.80184,0.0,57.4415,0.0,0.0
6.81088,0.0,57.0903,0.0,0.0
6.81897,0.0,58.7291,0.0,0.0
6.81483,0.0,57.8763,0.0,0.0
6.80924,0.0,57.5251,0.0,0.0
6.81822,0.0,58.495,0.0,0.0
6.82645,0.0,57.9599,0.0,0.0
6.81904,0.0,57.9599,0.0,0.0
6.81465,0.0,58.4783,0.0,0.0
6.80542,0.0,56.806,0.0,0.0
6.80802,0.0,57.6923,0.0,0.0
6.82129,0.0,58.5786,0.0,0.0
6.82261,0.0,58.4783,0.0,0.0
6.8191,0.0,58.0769,0.0,0.0
6.8222,0.0,58.1104,0.0,0.0
6.81399,0.0,57.8094,0.0,0.0
6.80522,0.0,56.388,0.0,0.0
6.81374,0.0,58.0936,0.0,0.0
6.82632,0.0,58.913,0.0,0.0
6.818,0.0,56.5385,0.0,0.0
6.80833,0.0,57.7926,0.0,0.0
6.80998,0.0,57.7425,0.0,0.0
6.8143,0.0,59.6154,0.0,0.0
6.82188,0.0,59.1639,0.0,0.0
6.82309,0.0,57.1572,0.0,0.0
6.82219,0.0,58.2441,0.0,0.0
6.82113,0.0,58.3445,0.0,0.0
6.8181,0.0,58.6957,0.0,0.0
6.81316,0.0,56.9064,0.0,0.0
6.8088,0.0,56.806,0.0,0.0
6.81381,0.0,57.3244,0.0,0.0
6.81035,0.0,56.3378,0.0,0.0
6.81071,0.0,57.4415,0.0,0.0
6.82207,0.0,58.4615,0.0,0.0
6.81967,0.0,58.8629,0.0,0.0
6.81709,0.0,58.495,0.0,0.0
6.81795,0.0,57.592,0.0,0.0
6.81714,0.0,58.2609,0.0,0.0
6.81872,0.0,57.2074,0.0,0.0
6.8127,0.0,58.4281,0.0,0.0
6.80744,0.0,57.291,0.0,0.0
6.80787,0.0,58.194,0.0,0.0
6.80901,0.0,57.107,0.0,0.0
6.81178,0.0,58.2441,0.0,0.0
6.81553,0.0,58.796,0.0,0.0
6.81531,0.0,57.1906,0.0,0.0
6.81369,0.0,57.8763,0.0,0.0
6.81711,0.0,58.0435,0.0,0.0
6.81554,0.0,58.1605,0.0,0.0
6.81102,0.0,58.1104,0.0,0.0
6.82202,0.0,58.1271,0.0,0.0
6.83134,0.0,58.6789,0.0,0.0
6.81757,0.0,58.7625,0.0,0.0
6.80465,0.0,58.194,0.0,0.0
6.80577,0.0,57.6756,0.0,0.0
6.80793,0.0,56.806,0.0,0.0
6.81049,0.0,57.4582,0.0,0.0
6.81533,0.0,57.6589,0.0,0.0
6.81445,0.0,58.01,0.0,0.0
6.81553,0.0,58.0268,0.0,0.0
6.81445,0.0,57.709,0.0,0.0
6.81736,0.0,58.5786,0.0,0.0
6.82565,0.0,58.5452,0.0,0.0
6.81638,0.0,57.4916,0.0,0.0
6.81066,0.0,58.0936,0.0,0.0
6.81947,0.0,58.2776,0.0,0.0
6.81479,0.0,57.6589,0.0,0.0
6.81487,0.0,57.408,0.0,0.0
6.81764,0.0,57.6756,0.0,0.0
6.81179,0.0,57.5084,0.0,0.0
6.80667,0.0,57.4582,0.0,0.0
6.80598,0.0,57.3746,0.0,0.0
6.81105,0.0,58.796,0.0,0.0
6.82018,0.0,57.6087,0.0,0.0
6.81543,0.0,58.5619,0.0,0.0
6.81826,0.0,57.893,0.0,0.0
6.8171,0.0,57.7258,0.0,0.0
6.80904,0.0,57.291,0.0,0.0
6.80656,0.0,56.99,0.0,0.0
6.80305,0.0,56.7391,0.0,0.0
6.8032,0.0,57.9599,0.0,0.0
6.81427,0.0,58.0268,0.0,0.0
6.8178,0.0,57.5084,0.0,0.0
6.81074,0.0,57.4582,0.0,0.0
6.80746,0.0,58.4448,0.0,0.0
6.81436,0.0,57.9599,0.0,0.0
6.81389,0.0,56.2375,0.0,0.0
6.80942,0.0,58.3612,0.0,0.0
