analog,analog_sterr,photon_counting,pc_sterr,overflow_info
5.9089,0.000606779,0.167084,0.0525999,0.0
5.9076,0.000608082,0.150376,0.050209,0.0
5.90793,0.000607105,0.183793,0.0553324,0.0
5.90873,0.000607431,0.100251,0.040987,0.0
5.90853,0.000600981,0.133668,0.047135,0.0
5.90842,0.000630688,0.233918,0.0625051,0.0
5.90951,0.000630037,0.183793,0.0553324,0.0
5.9091,0.000619353,0.200501,0.0577233,0.0
5.90699,0.000648604,0.150376,0.050209,0.0
5.90766,0.000594076,0.0334169,0.0235675,0.0
5.9079,0.000595574,0.167084,0.0525999,0.0
5.90814,0.000589059,0.116959,0.044061,0.0
5.90838,0.000607626,0.0668338,0.0334727,0.0
5.90907,0.00063349,0.167084,0.0525999,0.0
5.90865,0.000624434,0.200501,0.0577233,0.0
5.9079,0.000646454,0.200501,0.0577233,0.0
5.90845,0.00062704,0.133668,0.047135,0.0
5.90746,0.000620721,0.116959,0.044061,0.0
5.90757,0.000627496,0.233918,0.0625051,0.0
5.90864,0.000635249,0.21721,0.0601142,0.0
5.90949,0.000651731,0.250627,0.0645545,0.0
5.90865,0.000635574,0.133668,0.047135,0.0
5.90882,0.000613815,0.21721,0.0601142,0.0
5.90872,0.00063121,0.200501,0.0577233,0.0
5.90931,0.000673425,0.31746,0.0724103,0.0
5.90959,0.000654076,0.267335,0.0666038,0.0
5.90916,0.000642285,0.150376,0.050209,0.0
5.90841,0.000652969,0.150376,0.050209,0.0
5.90835,0.000621503,0.167084,0.0525999,0.0
5.90905,0.000608213,0.200501,0.0577233,0.0
5.90878,0.000625346,0.150376,0.050209,0.0
5.90804,0.000636356,0.183793,0.0553324,0.0
5.90831,0.000653816,0.300752,0.0707025,0.0
5.90765,0.000610232,0.133668,0.047135,0.0
5.90837,0.000605216,0.0835422,0.0372298,0.0
5.90894,0.000596616,0.150376,0.050209,0.0
5.90927,0.000620916,0.183793,0.0553324,0.0
5.90851,0.000643262,0.167084,0.0525999,0.0
5.90789,0.00064463,0.233918,0.0625051,0.0
5.90927,0.000637138,0.21721,0.0601142,0.0
5.90891,0.000648539,0.200501,0.0577233,0.0
5.90854,0.000612447,0.200501,0.0577233,0.0
5.90731,0.000635574,0.133668,0.047135,0.0
5.90835,0.000635574,0.21721,0.0601142,0.0
5.90778,0.000621698,0.116959,0.044061,0.0
5.90754,0.000596682,0.150376,0.050209,0.0
5.90773,0.000610493,0.183793,0.0553324,0.0
5.90733,0.000620525,0.150376,0.050209,0.0
5.90706,0.000597007,0.150376,0.050209,0.0
5.90861,0.000622284,0.116959,0.044061,0.0
5.90836,0.000669451,0.31746,0.0761674,0.0
5.90846,0.000662219,0.21721,0.0601142,0.0
5.90833,0.000633425,0.150376,0.050209,0.0
5.90836,0.000636421,0.167084,0.0525999,0.0
5.90802,0.000606519,0.100251,0.040987,0.0
5.90794,0.000636226,0.233918,0.0625051,0.0
5.90898,0.000670493,0.167084,0.0525999,0.0
5.90807,0.000605151,0.116959,0.044061,0.0
5.90749,0.000636877,0.284043,0.0686532,0.0
5.90893,0.000639353,0.150376,0.050209,0.0
5.90849,0.000620721,0.167084,0.0525999,0.0
5.9084,0.00060476,0.133668,0.047135,0.0
5.90757,0.000605411,0.167084,0.0525999,0.0
5.90784,0.000603522,0.116959,0.044061,0.0
5.90909,0.000607301,0.21721,0.0601142,0.0
5.90823,0.000616291,0.0668338,0.0334727,0.0
5.9066,0.000595444,0.133668,0.047135,0.0
5.90766,0.000596291,0.150376,0.050209,0.0
5.90868,0.000629581,0.250627,0.0686532,0.0
5.90831,0.00062691,0.183793,0.0553324,0.0
5.90818,0.000628213,0.183793,0.0553324,0.0
5.90898,0.000647887,0.200501,0.0577233,0.0
5.90828,0.000610884,0.200501,0.0577233,0.0
5.90854,0.00063564,0.250627,0.0645545,0.0
5.90814,0.000655705,0.133668,0.047135,0.0
5.90815,0.000645672,0.200501,0.0577233,0.0
5.90787,0.000636226,0.21721,0.0601142,0.0
5.90748,0.000605346,0.116959,0.044061,0.0
5.90856,0.000594076,0.150376,0.050209,0.0
5.9084,0.000613359,0.200501,0.0625051,0.0
5.90816,0.000595183,0.21721,0.0601142,0.0
5.90847,0.000626128,0.116959,0.044061,0.0
5.90913,0.000639613,0.183793,0.0553324,0.0
5.90862,0.000614597,0.133668,0.047135,0.0
5.90969,0.000635379,0.200501,0.0577233,0.0
5.90886,0.000608734,0.183793,0.0553324,0.0
5.90842,0.000611079,0.133668,0.047135,0.0
5.90796,0.000608929,0.0668338,0.0334727,0.0
5.9082,0.000599157,0.100251,0.040987,0.0
5.90874,0.000602284,0.21721,0.0601142,0.0
5.9081,0.000599287,0.0668338,0.0334727,0.0
5.90842,0.00061818,0.31746,0.0724103,0.0
5.90885,0.00062235,0.167084,0.0525999,0.0
5.90804,0.000593424,0.116959,0.044061,0.0
5.90739,0.000617007,0.183793,0.0553324,0.0
5.90785,0.000604369,0.150376,0.050209,0.0
5.9072,0.000607496,0.133668,0.047135,0.0
5.9066,0.000595118,0.133668,0.047135,0.0
5.90697,0.000608538,0.167084,0.0525999,0.0
5.90835,0.000624825,0.183793,0.0553324,0.0
5.90827,0.000628995,0.21721,0.0601142,0.0
5.90802,0.00060717,0.116959,0.044061,0.0
5.90807,0.000633099,0.200501,0.0577233,0.0
5.90929,0.000629711,0.200501,0.0577233,0.0
5.90869,0.000652708,0.21721,0.0601142,0.0
5.90917,0.000647822,0.200501,0.0577233,0.0
5.9088,0.000622936,0.150376,0.050209,0.0
5.90771,0.000610753,0.116959,0.044061,0.0
5.9082,0.00062248,0.183793,0.0553324,0.0
5.90844,0.000627887,0.100251,0.040987,0.0
5.90809,0.000608082,0.167084,0.0525999,0.0
5.9087,0.00062046,0.150376,0.050209,0.0
5.90849,0.000606779,0.0835422,0.0372298,0.0
5.90812,0.000623978,0.167084,0.0525999,0.0
5.90764,0.000622675,0.100251,0.040987,0.0
5.90756,0.000601828,0.150376,0.050209,0.0
5.9085,0.00061603,0.167084,0.0525999,0.0
5.90879,0.000610297,0.116959,0.050209,0.0
5.90813,0.000606258,0.100251,0.040987,0.0
5.90835,0.000622936,0.183793,0.0553324,0.0
5.90885,0.000621568,0.183793,0.0553324,0.0
5.9086,0.000632903,0.21721,0.0601142,0.0
5.9081,0.000647171,0.183793,0.0553324,0.0
5.90751,0.000596551,0.200501,0.0577233,0.0
5.90886,0.000630623,0.183793,0.0553324,0.0
5.90825,0.000615574,0.133668,0.047135,0.0
5.90775,0.00060691,0.0835422,0.0372298,0.0
5.90898,0.000606779,0.133668,0.047135,0.0
5.90801,0.000579809,0.0835422,0.0372298,0.0
5.90752,0.000601763,0.150376,0.050209,0.0
5.90839,0.000597268,0.100251,0.040987,0.0
5.9085,0.000616421,0.200501,0.0577233,0.0
5.90884,0.000628017,0.200501,0.0577233,0.0
5.90815,0.000619353,0.183793,0.0553324,0.0
5.90845,0.000596551,0.0835422,0.0372298,0.0
5.90841,0.000615379,0.150376,0.050209,0.0
5.90834,0.000629125,0.233918,0.0625051,0.0
5.90837,0.000659679,0.167084,0.0525999,0.0
5.90849,0.000653425,0.267335,0.0666038,0.0
5.90857,0.000634988,0.200501,0.0577233,0.0
5.90825,0.000606714,0.167084,0.0525999,0.0
5.90774,0.000585216,0.150376,0.050209,0.0
5.90877,0.000628929,0.183793,0.0553324,0.0
5.90957,0.000640916,0.183793,0.0553324,0.0
5.9071,0.000618245,0.150376,0.050209,0.0
5.9072,0.000627236,0.167084,0.0525999,0.0
5.90825,0.000624304,0.167084,0.0525999,0.0
5.90916,0.000642154,0.300752,0.0744596,0.0
5.90848,0.000606323,0.150376,0.050209,0.0
5.90731,0.000608213,0.133668,0.047135,0.0
5.9079,0.000619092,0.150376,0.050209,0.0
5.90784,0.000619353,0.167084,0.0525999,0.0
5.90807,0.000617333,0.133668,0.047135,0.0
5.9081,0.000610037,0.183793,0.0553324,0.0
5.90807,0.000619288,0.116959,0.044061,0.0
5.90859,0.000621568,0.167084,0.0525999,0.0
5.90846,0.000600656,0.133668,0.047135,0.0
5.90807,0.00058919,0.0835422,0.0372298,0.0
5.90783,0.000591926,0.133668,0.047135,0.0
5.90783,0.000600525,0.133668,0.047135,0.0
5.9076,0.000612838,0.100251,0.040987,0.0
5.90821,0.000623131,0.200501,0.0577233,0.0
5.90876,0.000619548,0.183793,0.0553324,0.0
5.90793,0.000612838,0.21721,0.0601142,0.0
5.90828,0.000604434,0.116959,0.044061,0.0
5.9077,0.000610949,0.167084,0.0525999,0.0
5.90813,0.000632447,0.167084,0.0525999,0.0
5.90803,0.000588929,0.0835422,0.0372298,0.0
5.90695,0.000605216,0.150376,0.050209,0.0
5.90699,0.000603978,0.0835422,0.0372298,0.0
5.90758,0.000597854,0.150376,0.050209,0.0
5.90887,0.000604825,0.133668,0.047135,0.0
5.90901,0.00061818,0.21721,0.0601142,0.0
5.90933,0.000639679,0.116959,0.044061,0.0
5.9079,0.000591014,0.183793,0.0553324,0.0
5.90752,0.000601046,0.0835422,0.0372298,0.0
5.90864,0.000593229,0.0835422,0.0372298,0.0
5.90849,0.000630232,0.200501,0.0577233,0.0
5.90782,0.000657789,0.200501,0.0577233,0.0
5.90775,0.000610428,0.0835422,0.0372298,0.0
5.90798,0.00060489,0.183793,0.0553324,0.0
5.90837,0.000623522,0.133668,0.047135,0.0
5.90804,0.000614076,0.133668,0.047135,0.0
5.9091,0.0006359,0.133668,0.047135,0.0
5.90872,0.000636226,0.200501,0.0625051,0.0
5.90831,0.000617138,0.133668,0.047135,0.0
5.90843,0.000614076,0.167084,0.0525999,0.0
5.90835,0.000611209,0.0835422,0.0372298,0.0
5.90833,0.000623587,0.150376,0.050209,0.0
5.90783,0.00059375,0.150376,0.050209,0.0
5.90727,0.000594467,0.0501253,0.0290324,0.0
5.90751,0.000588994,0.0835422,0.0372298,0.0
5.90766,0.000595053,0.167084,0.0525999,0.0
5.90841,0.000640786,0.233918,0.0625051,0.0
5.9079,0.000619418,0.21721,0.0645545,0.0
5.90726,0.000615705,0.0668338,0.0334727,0.0
5.90813,0.000600786,0.200501,0.0577233,0.0
5.90885,0.000617463,0.133668,0.047135,0.0
5.90764,0.000604499,0.133668,0.047135,0.0
5.90833,0.000633229,0.21721,0.0601142,0.0
5.90813,0.000611861,0.116959,0.044061,0.0
5.90802,0.000625672,0.167084,0.0525999,0.0
5.90922,0.000636942,0.200501,0.0577233,0.0
5.90892,0.000640916,0.100251,0.040987,0.0
5.90836,0.000644434,0.284043,0.0686532,0.0
5.90939,0.000651601,0.284043,0.0686532,0.0
5.90873,0.000618636,0.116959,0.044061,0.0
5.90849,0.000639744,0.183793,0.0553324,0.0
5.90893,0.000619613,0.0835422,0.0372298,0.0
5.90821,0.000603587,0.167084,0.0525999,0.0
5.90826,0.000598766,0.100251,0.040987,0.0
5.90901,0.000624434,0.233918,0.0625051,0.0
5.90869,0.000607626,0.133668,0.047135,0.0
5.90869,0.000631991,0.21721,0.0601142,0.0
5.90931,0.000623327,0.200501,0.0577233,0.0
5.90919,0.000628082,0.233918,0.0625051,0.0
5.90815,0.000620265,0.183793,0.0553324,0.0
5.90893,0.000620591,0.133668,0.047135,0.0
5.9085,0.000621503,0.183793,0.0553324,0.0
5.90743,0.000634076,0.167084,0.0525999,0.0
5.90787,0.000634662,0.167084,0.0525999,0.0
5.90752,0.000602675,0.133668,0.047135,0.0
5.90778,0.000637203,0.0668338,0.0334727,0.0
5.90894,0.000621177,0.183793,0.0553324,0.0
5.90898,0.000628017,0.150376,0.050209,0.0
5.90818,0.000628278,0.167084,0.0525999,0.0
5.90828,0.000610493,0.133668,0.047135,0.0
5.90823,0.000637985,0.150376,0.050209,0.0
5.90841,0.000603196,0.116959,0.044061,0.0
5.90816,0.000621568,0.150376,0.050209,0.0
5.90809,0.00061349,0.167084,0.0525999,0.0
5.90794,0.00059603,0.150376,0.050209,0.0
5.90793,0.000612382,0.133668,0.047135,0.0
5.90878,0.000633164,0.183793,0.0553324,0.0
5.90917,0.000630493,0.116959,0.044061,0.0
5.9083,0.000641438,0.200501,0.0577233,0.0
5.90833,0.000594857,0.100251,0.040987,0.0
5.9078,0.000622936,0.133668,0.047135,0.0
5.90801,0.00061831,0.183793,0.0553324,0.0
5.90844,0.000631014,0.200501,0.0577233,0.0
5.90864,0.000648408,0.21721,0.0601142,0.0
5.90814,0.000614336,0.0835422,0.0372298,0.0
5.90862,0.000615509,0.167084,0.0525999,0.0
5.90866,0.000603848,0.133668,0.047135,0.0
5.90909,0.000638962,0.21721,0.0601142,0.0
5.90931,0.00058261,0.0668338,0.0334727,0.0
5.90864,0.000590623,0.167084,0.0525999,0.0
5.90865,0.000590623,0.116959,0.044061,0.0
5.90842,0.000605411,0.116959,0.044061,0.0
5.90843,0.000605672,0.116959,0.044061,0.0
5.90872,0.000604825,0.116959,0.044061,0.0
5.90755,0.000611665,0.133668,0.047135,0.0
5.90767,0.000607235,0.0668338,0.0334727,0.0
5.90822,0.000614858,0.233918,0.0625051,0.0
5.90881,0.000645151,0.116959,0.044061,0.0
5.90825,0.000610818,0.133668,0.047135,0.0
5.90862,0.000607691,0.116959,0.044061,0.0
5.90899,0.000610623,0.250627,0.0686532,0.0
5.90886,0.000624825,0.0668338,0.0334727,0.0
5.90881,0.000613815,0.183793,0.0553324,0.0
5.90822,0.000644369,0.233918,0.0666038,0.0
5.90824,0.000612447,0.0334169,0.0235675,0.0
5.90772,0.000611926,0.133668,0.047135,0.0
5.90824,0.000620525,0.183793,0.0553324,0.0
5.90791,0.000621177,0.150376,0.050209,0.0
5.90751,0.000625216,0.0668338,0.0334727,0.0
5.90766,0.000601112,0.0668338,0.0334727,0.0
5.90741,0.000591405,0.183793,0.0553324,0.0
5.90847,0.000598571,0.133668,0.047135,0.0
5.90885,0.00066007,0.200501,0.0577233,0.0
5.90789,0.00062235,0.116959,0.044061,0.0
5.90685,0.000624043,0.167084,0.0577233,0.0
5.90814,0.000623262,0.167084,0.0525999,0.0
5.90908,0.000631666,0.167084,0.0525999,0.0
5.90806,0.000604955,0.0835422,0.0372298,0.0
5.90809,0.000615118,0.133668,0.047135,0.0
5.90802,0.000646063,0.133668,0.047135,0.0
5.90821,0.000594727,0.100251,0.040987,0.0
5.90766,0.000606454,0.133668,0.047135,0.0
5.90814,0.00059147,0.116959,0.044061,0.0
5.90847,0.000623783,0.116959,0.044061,0.0
5.90851,0.000620916,0.183793,0.0553324,0.0
5.90844,0.000601958,0.100251,0.040987,0.0
5.90832,0.000601568,0.133668,0.047135,0.0
5.90916,0.000593685,0.116959,0.044061,0.0
5.90887,0.000625672,0.167084,0.0525999,0.0
5.90803,0.000597528,0.0835422,0.0372298,0.0
5.90785,0.000598962,0.183793,0.0553324,0.0
5.90901,0.000619548,0.21721,0.0601142,0.0
5.90801,0.000618636,0.150376,0.050209,0.0
5.90774,0.000632708,0.100251,0.040987,0.0
5.90782,0.000622284,0.0835422,0.0372298,0.0
5.9087,0.000619939,0.150376,0.050209,0.0
5.90828,0.000604499,0.133668,0.047135,0.0
5.90792,0.000594857,0.100251,0.040987,0.0
5.9069,0.000612838,0.167084,0.0525999,0.0
5.9071,0.000615053,0.183793,0.0553324,0.0
5.90772,0.000620004,0.167084,0.0525999,0.0
5.90813,0.000619744,0.150376,0.050209,0.0
5.90827,0.000612187,0.183793,0.0553324,0.0
5.90859,0.000610493,0.100251,0.040987,0.0
5.90872,0.000588212,0.133668,0.047135,0.0
5.90939,0.000598897,0.167084,0.0525999,0.0
5.90873,0.000618766,0.150376,0.050209,0.0
5.90844,0.00063792,0.21721,0.0601142,0.0
5.90839,0.000618766,0.200501,0.0577233,0.0
5.90873,0.000629711,0.150376,0.050209,0.0
5.90906,0.00064046,0.200501,0.0577233,0.0
5.90833,0.000607887,0.116959,0.044061,0.0
5.90746,0.000608017,0.133668,0.047135,0.0
5.90882,0.000616161,0.150376,0.050209,0.0
5.9094,0.000617463,0.100251,0.047135,0.0
5.90816,0.000637724,0.21721,0.0601142,0.0
5.90879,0.000625867,0.183793,0.0553324,0.0
5.90782,0.000603652,0.150376,0.050209,0.0
5.90735,0.000627692,0.167084,0.0525999,0.0
5.90771,0.000626389,0.133668,0.047135,0.0
5.90744,0.000616617,0.183793,0.0553324,0.0
5.90795,0.000627692,0.150376,0.050209,0.0
5.90831,0.000616095,0.150376,0.050209,0.0
5.90868,0.000619483,0.167084,0.0525999,0.0
5.90761,0.000606975,0.150376,0.050209,0.0
5.90686,0.000620069,0.21721,0.0601142,0.0
5.90787,0.000640851,0.133668,0.047135,0.0
5.90879,0.000654597,0.21721,0.0601142,0.0
5.90742,0.000660591,0.200501,0.0577233,0.0
5.90767,0.000615314,0.133668,0.047135,0.0
5.90847,0.000627366,0.183793,0.0553324,0.0
5.90921,0.000612643,0.150376,0.050209,0.0
5.90863,0.000606063,0.150376,0.050209,0.0
5.90877,0.000600721,0.116959,0.044061,0.0
5.90783,0.000586975,0.0501253,0.0290324,0.0
5.90814,0.000575444,0.167084,0.0525999,0.0
5.90942,0.000605867,0.100251,0.040987,0.0
5.90883,0.000638962,0.133668,0.047135,0.0
5.9085,0.000620525,0.100251,0.040987,0.0
5.90853,0.000600656,0.133668,0.047135,0.0
5.90871,0.000639353,0.167084,0.0525999,0.0
5.90835,0.000619353,0.133668,0.047135,0.0
5.90756,0.000628017,0.250627,0.0645545,0.0
5.90844,0.000607496,0.0668338,0.0334727,0.0
5.90788,0.000639809,0.167084,0.0525999,0.0
5.90834,0.000610884,0.150376,0.050209,0.0
5.90833,0.000591405,0.150376,0.050209,0.0
5.90825,0.000603783,0.100251,0.040987,0.0
5.90754,0.00060463,0.100251,0.040987,0.0
5.90744,0.000601242,0.116959,0.044061,0.0
5.90835,0.000627496,0.167084,0.0525999,0.0
5.90787,0.000614402,0.21721,0.0601142,0.0
5.90814,0.000614988,0.167084,0.0525999,0.0
5.90796,0.000599353,0.0835422,0.0372298,0.0
5.90746,0.000596812,0.100251,0.040987,0.0
5.90875,0.000612968,0.167084,0.0525999,0.0
5.90964,0.000603587,0.100251,0.040987,0.0
5.90808,0.000613555,0.200501,0.0577233,0.0
5.90811,0.000602154,0.200501,0.0577233,0.0
5.90861,0.000623652,0.167084,0.0525999,0.0
5.90859,0.000604499,0.0668338,0.0334727,0.0
5.90862,0.000608473,0.0668338,0.0334727,0.0
5.90834,0.000634793,0.133668,0.047135,0.0
5.90854,0.00061831,0.150376,0.050209,0.0
5.90923,0.000634076,0.250627,0.0645545,0.0
5.90866,0.000630949,0.200501,0.0577233,0.0
5.90884,0.000625477,0.116959,0.044061,0.0
5.90887,0.000622415,0.200501,0.0577233,0.0
5.90789,0.000624043,0.133668,0.047135,0.0
5.90724,0.000598375,0.100251,0.040987,0.0
5.90763,0.000591209,0.0835422,0.0372298,0.0
5.90761,0.00061831,0.233918,0.0625051,0.0
5.9075,0.000621568,0.183793,0.0553324,0.0
5.90807,0.000607105,0.133668,0.047135,0.0
5.90749,0.000618701,0.183793,0.0553324,0.0
5.90757,0.000632122,0.267335,0.0666038,0.0
5.90947,0.000652708,0.0835422,0.0372298,0.0
5.90885,0.000632056,0.200501,0.0577233,0.0
5.90892,0.000621763,0.183793,0.0553324,0.0
5.90952,0.000614336,0.133668,0.047135,0.0
5.90779,0.000603457,0.116959,0.044061,0.0
5.90931,0.000632252,0.183793,0.0553324,0.0
5.90942,0.000608017,0.116959,0.044061,0.0
5.90787,0.000601568,0.116959,0.044061,0.0
5.90877,0.000622154,0.200501,0.0577233,0.0
5.909,0.000625021,0.150376,0.050209,0.0
5.90867,0.000648864,0.21721,0.0601142,0.0
5.90785,0.000637398,0.0835422,0.0372298,0.0
5.90706,0.000611665,0.183793,0.0553324,0.0
5.90753,0.000628799,0.250627,0.0645545,0.0
5.90922,0.000623196,0.167084,0.0525999,0.0
5.90893,0.000604173,0.133668,0.047135,0.0
5.90797,0.000614206,0.150376,0.050209,0.0
5.90996,0.000623978,0.21721,0.0601142,0.0
5.90804,0.000616226,0.133668,0.047135,0.0
5.90788,0.000623196,0.150376,0.050209,0.0
5.90885,0.000618766,0.133668,0.047135,0.0
5.90917,0.000647301,0.250627,0.0645545,0.0
5.90821,0.000636421,0.167084,0.0525999,0.0
5.90869,0.000632382,0.150376,0.050209,0.0
5.90898,0.000624695,0.150376,0.050209,0.0
5.90816,0.000610102,0.100251,0.040987,0.0
5.90845,0.000618897,0.200501,0.0577233,0.0
5.90887,0.000616682,0.133668,0.047135,0.0
5.90813,0.000613229,0.21721,0.0601142,0.0
5.90755,0.000625737,0.150376,0.050209,0.0
5.90768,0.000627496,0.133668,0.047135,0.0
5.90818,0.000621568,0.100251,0.040987,0.0
5.90868,0.000620786,0.150376,0.050209,0.0
5.90792,0.000615965,0.167084,0.0525999,0.0
5.90749,0.000612447,0.133668,0.047135,0.0
5.90746,0.000623131,0.150376,0.050209,0.0
5.90825,0.000620656,0.116959,0.044061,0.0
5.90831,0.000631731,0.250627,0.0645545,0.0
5.9081,0.000616226,0.183793,0.0553324,0.0
5.90987,0.000635249,0.167084,0.0525999,0.0
5.90813,0.000610297,0.21721,0.0601142,0.0
5.90739,0.000601307,0.116959,0.044061,0.0
5.90859,0.000597268,0.0835422,0.0372298,0.0
5.90806,0.000606258,0.150376,0.050209,0.0
5.90783,0.00063349,0.250627,0.0645545,0.0
5.90821,0.000631079,0.116959,0.044061,0.0
5.90883,0.000597919,0.133668,0.047135,0.0
5.90882,0.000644109,0.200501,0.0625051,0.0
5.90793,0.00062919,0.233918,0.0625051,0.0
5.90805,0.000636747,0.167084,0.0525999,0.0
5.90794,0.000636682,0.167084,0.0525999,0.0
5.90823,0.000634467,0.133668,0.047135,0.0
5.90839,0.000616617,0.200501,0.0577233,0.0
5.9085,0.000625672,0.133668,0.047135,0.0
5.90695,0.00061805,0.116959,0.044061,0.0
5.90785,0.000599157,0.0334169,0.0235675,0.0
5.90809,0.000614076,0.0835422,0.0372298,0.0
5.90751,0.000603392,0.116959,0.044061,0.0
5.90787,0.000607822,0.133668,0.047135,0.0
5.90864,0.000607887,0.21721,0.0601142,0.0
5.91004,0.000626519,0.21721,0.0601142,0.0
5.90897,0.000636291,0.21721,0.0601142,0.0
5.90862,0.000661242,0.167084,0.0525999,0.0
5.90844,0.000631144,0.267335,0.0666038,0.0
5.90854,0.000606323,0.116959,0.044061,0.0
5.90811,0.000586323,0.0668338,0.0334727,0.0
5.9074,0.000602349,0.150376,0.050209,0.0
5.9075,0.000601242,0.133668,0.047135,0.0
5.90785,0.000603652,0.21721,0.0601142,0.0
5.90924,0.000598636,0.116959,0.044061,0.0
5.9087,0.000615183,0.167084,0.0525999,0.0
5.90757,0.000603327,0.133668,0.047135,0.0
5.9076,0.000618115,0.150376,0.050209,0.0
5.90824,0.000614792,0.116959,0.044061,0.0
5.90789,0.000613033,0.200501,0.0577233,0.0
5.90751,0.000644043,0.267335,0.0666038,0.0
5.90734,0.000638441,0.267335,0.0707025,0.0
5.90806,0.000640786,0.21721,0.0601142,0.0
5.90816,0.000623196,0.250627,0.0645545,0.0
5.9086,0.00063805,0.183793,0.0553324,0.0
5.90852,0.000639353,0.167084,0.0525999,0.0
5.90752,0.000605607,0.150376,0.050209,0.0
5.90845,0.000628669,0.284043,0.0686532,0.0
5.90853,0.00062678,0.233918,0.0625051,0.0
5.90988,0.000621437,0.150376,0.050209,0.0
5.90942,0.000617073,0.167084,0.0525999,0.0
5.90872,0.000620656,0.150376,0.050209,0.0
5.90921,0.000622675,0.100251,0.040987,0.0
5.90816,0.000635509,0.200501,0.0577233,0.0
5.9086,0.000612317,0.167084,0.0525999,0.0
5.90905,0.000612968,0.116959,0.044061,0.0
5.90868,0.000633815,0.200501,0.0625051,0.0
5.90818,0.000638962,0.21721,0.0601142,0.0
5.90785,0.00063121,0.233918,0.0625051,0.0
5.90859,0.000634271,0.233918,0.0625051,0.0
5.90767,0.000623001,0.167084,0.0525999,0.0
5.90735,0.000614662,0.150376,0.050209,0.0
5.90825,0.000613359,0.100251,0.040987,0.0
5.90702,0.000605476,0.183793,0.0553324,0.0
5.90731,0.000608278,0.0835422,0.0372298,0.0
5.90851,0.000636617,0.200501,0.0577233,0.0
5.90773,0.000628929,0.167084,0.0525999,0.0
5.90735,0.000612317,0.21721,0.0601142,0.0
5.90858,0.000632773,0.167084,0.0525999,0.0
5.90928,0.000619353,0.167084,0.0525999,0.0
5.90829,0.000584825,0.167084,0.0525999,0.0
5.90842,0.000601502,0.133668,0.047135,0.0
5.90873,0.000632317,0.133668,0.047135,0.0
5.90881,0.000625802,0.133668,0.047135,0.0
5.90915,0.000630297,0.150376,0.050209,0.0
5.908,0.000615574,0.200501,0.0577233,0.0
5.90817,0.000606323,0.133668,0.047135,0.0
5.90916,0.000592642,0.116959,0.044061,0.0
5.90794,0.00058704,0.150376,0.050209,0.0
5.90858,0.000625216,0.183793,0.0553324,0.0
5.90804,0.000617854,0.100251,0.040987,0.0
5.90659,0.000599418,0.133668,0.047135,0.0
5.90765,0.000616486,0.0668338,0.0334727,0.0
5.90795,0.000603261,0.116959,0.044061,0.0
5.9079,0.00059603,0.0835422,0.0372298,0.0
5.90771,0.000591079,0.167084,0.0525999,0.0
5.90745,0.000598701,0.0835422,0.0372298,0.0
5.90728,0.000625672,0.267335,0.0666038,0.0
5.9082,0.000641047,0.21721,0.0601142,0.0
5.90835,0.000625021,0.100251,0.040987,0.0
5.90776,0.000611926,0.167084,0.0525999,0.0
5.90892,0.000604499,0.150376,0.050209,0.0
5.90943,0.000626845,0.167084,0.0525999,0.0
5.9088,0.000608473,0.0501253,0.0290324,0.0
5.90852,0.000621307,0.150376,0.050209,0.0
5.90918,0.000606388,0.150376,0.050209,0.0
5.90945,0.000630493,0.233918,0.0625051,0.0
5.90889,0.000610558,0.150376,0.050209,0.0
5.90908,0.000618701,0.150376,0.050209,0.0
5.9079,0.000614141,0.200501,0.0577233,0.0
5.9076,0.000619483,0.150376,0.050209,0.0
5.90852,0.000626454,0.183793,0.0553324,0.0
5.90924,0.000610493,0.133668,0.047135,0.0
5.9085,0.000611665,0.167084,0.0525999,0.0
5.90752,0.000616551,0.150376,0.050209,0.0
5.90778,0.000607952,0.0668338,0.0334727,0.0
5.90845,0.000601502,0.0835422,0.0372298,0.0
5.90821,0.000599222,0.150376,0.050209,0.0
5.90788,0.000608929,0.250627,0.0645545,0.0
5.90742,0.0006002,0.150376,0.050209,0.0
5.90713,0.000599353,0.116959,0.044061,0.0
5.90766,0.000611535,0.167084,0.0525999,0.0
5.90839,0.000613685,0.167084,0.0525999,0.0
5.90817,0.000624239,0.116959,0.044061,0.0
5.90744,0.000631796,0.284043,0.0686532,0.0
5.90798,0.000614597,0.0835422,0.0372298,0.0
5.90892,0.00062463,0.167084,0.0525999,0.0
5.90869,0.000657399,0.31746,0.0724103,0.0
5.90806,0.000639027,0.133668,0.047135,0.0
5.90825,0.000610493,0.0501253,0.0290324,0.0
5.90775,0.000606845,0.167084,0.0525999,0.0
5.90843,0.000608213,0.0835422,0.0372298,0.0
5.90959,0.000627757,0.200501,0.0577233,0.0
5.90948,0.000611144,0.150376,0.050209,0.0
5.90806,0.000625281,0.167084,0.0525999,0.0
5.90822,0.000595444,0.150376,0.050209,0.0
5.90742,0.000597333,0.0835422,0.0372298,0.0
5.90715,0.000611731,0.133668,0.047135,0.0
5.9078,0.000602219,0.200501,0.0577233,0.0
5.90816,0.000623848,0.267335,0.0666038,0.0
5.90868,0.000618441,0.133668,0.047135,0.0
5.9088,0.000615835,0.133668,0.047135,0.0
5.90858,0.000624239,0.167084,0.0525999,0.0
5.90878,0.000612187,0.150376,0.050209,0.0
5.9086,0.000606323,0.200501,0.0577233,0.0
5.90847,0.000608994,0.133668,0.047135,0.0
5.90838,0.000615248,0.133668,0.047135,0.0
5.90811,0.000642741,0.250627,0.0645545,0.0
5.90801,0.000614011,0.183793,0.0553324,0.0
5.90856,0.000611796,0.250627,0.0645545,0.0
5.90778,0.000625672,0.0835422,0.0372298,0.0
5.90873,0.000596616,0.284043,0.0686532,0.0
5.9092,0.000619874,0.133668,0.047135,0.0
5.90835,0.000616421,0.116959,0.044061,0.0
5.90702,0.000605998,0.183793,0.0553324,0.0
5.90859,0.000623783,0.150376,0.050209,0.0
5.90807,0.000609125,0.116959,0.044061,0.0
5.9077,0.000634988,0.21721,0.0601142,0.0
5.90926,0.000645086,0.267335,0.0666038,0.0
5.90783,0.000613033,0.0835422,0.0372298,0.0
5.90697,0.000602415,0.116959,0.044061,0.0
5.90706,0.000629581,0.233918,0.0625051,0.0
5.90795,0.000595379,0.0668338,0.0334727,0.0
5.90844,0.000600721,0.133668,0.0529415,0.0
5.90733,0.000602349,0.133668,0.047135,0.0
5.9078,0.000612382,0.133668,0.047135,0.0
5.90799,0.000605216,0.133668,0.047135,0.0
5.90718,0.000599092,0.133668,0.047135,0.0
5.90783,0.000614467,0.200501,0.0577233,0.0
5.9083,0.000599939,0.0668338,0.0334727,0.0
5.90796,0.000608538,0.183793,0.0553324,0.0
5.90911,0.000622024,0.21721,0.0601142,0.0
5.90816,0.000610753,0.100251,0.040987,0.0
5.90901,0.000615444,0.200501,0.0577233,0.0
5.90875,0.000617724,0.116959,0.044061,0.0
5.90851,0.000599874,0.0668338,0.0334727,0.0
5.90868,0.000606649,0.150376,0.050209,0.0
5.9089,0.000612968,0.150376,0.050209,0.0
5.90836,0.000611796,0.167084,0.0525999,0.0
5.90864,0.000623131,0.150376,0.050209,0.0
5.90888,0.000619027,0.116959,0.044061,0.0
5.90867,0.000636421,0.167084,0.0525999,0.0
5.90922,0.00062932,0.200501,0.0577233,0.0
5.90954,0.000654141,0.267335,0.0666038,0.0
5.90783,0.000621372,0.0668338,0.0334727,0.0
5.90682,0.000608603,0.133668,0.047135,0.0
5.9085,0.000599483,0.133668,0.047135,0.0
5.90853,0.000611014,0.100251,0.040987,0.0
5.90877,0.000625737,0.183793,0.0553324,0.0
5.9083,0.000611991,0.183793,0.0553324,0.0
5.90757,0.000618636,0.116959,0.044061,0.0
5.90837,0.000639157,0.183793,0.0553324,0.0
5.90766,0.000640786,0.133668,0.047135,0.0
5.90707,0.000612187,0.116959,0.044061,0.0
5.90816,0.000610102,0.0668338,0.0334727,0.0
5.90818,0.000605281,0.167084,0.0525999,0.0
5.90821,0.000624434,0.284043,0.0686532,0.0
5.90821,0.000639027,0.200501,0.0577233,0.0
5.90869,0.00064893,0.183793,0.0553324,0.0
5.9086,0.000632643,0.150376,0.050209,0.0
5.90859,0.000632838,0.100251,0.040987,0.0
5.90853,0.000625542,0.284043,0.0686532,0.0
5.90874,0.000621372,0.167084,0.0525999,0.0
5.90758,0.000619744,0.167084,0.0525999,0.0
5.90834,0.000627561,0.100251,0.040987,0.0
5.90825,0.000604499,0.0835422,0.0372298,0.0
5.90823,0.000623783,0.150376,0.050209,0.0
5.90795,0.000607822,0.133668,0.047135,0.0
5.90765,0.000598962,0.133668,0.047135,0.0
5.90789,0.000585476,0.0835422,0.0372298,0.0
5.90834,0.000600525,0.150376,0.050209,0.0
5.90817,0.000601828,0.100251,0.040987,0.0
5.90769,0.000586844,0.0668338,0.0334727,0.0
5.90945,0.000620004,0.284043,0.0686532,0.0
5.9094,0.000631861,0.167084,0.0525999,0.0
5.90887,0.000629646,0.21721,0.0601142,0.0
5.90836,0.000629776,0.150376,0.050209,0.0
5.90791,0.000625867,0.183793,0.0601142,0.0
5.90821,0.000644304,0.21721,0.0601142,0.0
5.90833,0.000619613,0.133668,0.047135,0.0
5.90751,0.000618441,0.116959,0.044061,0.0
5.90737,0.000598636,0.100251,0.040987,0.0
5.90829,0.000604304,0.167084,0.0525999,0.0
5.90874,0.000666975,0.250627,0.0645545,0.0
5.90858,0.000619548,0.150376,0.050209,0.0
5.90854,0.000603066,0.267335,0.0666038,0.0
5.90773,0.000607366,0.116959,0.044061,0.0
5.90851,0.000658962,0.233918,0.0625051,0.0
5.9086,0.000660395,0.21721,0.0601142,0.0
5.90892,0.000633946,0.150376,0.050209,0.0
5.90901,0.0006202,0.200501,0.0577233,0.0
5.90869,0.000629451,0.167084,0.0525999,0.0
5.90804,0.000620591,0.183793,0.0553324,0.0
5.90897,0.000602089,0.150376,0.050209,0.0
5.90952,0.000619092,0.116959,0.044061,0.0
5.9084,0.000638636,0.200501,0.0577233,0.0
5.90947,0.000591079,0.0835422,0.0372298,0.0
5.90888,0.000622089,0.116959,0.044061,0.0
5.90832,0.000641307,0.183793,0.0553324,0.0
5.90812,0.000599027,0.21721,0.0601142,0.0
5.90845,0.000596616,0.133668,0.047135,0.0
5.90842,0.000607561,0.150376,0.050209,0.0
5.9083,0.000609255,0.0835422,0.0372298,0.0
5.90796,0.00060919,0.150376,0.050209,0.0
5.90857,0.00061375,0.150376,0.050209,0.0
5.9093,0.000639679,0.167084,0.0525999,0.0
5.90849,0.000637398,0.200501,0.0577233,0.0
5.90713,0.00062235,0.133668,0.047135,0.0
5.90738,0.000621828,0.183793,0.0553324,0.0
5.90828,0.000643392,0.183793,0.0601142,0.0
5.90797,0.000630363,0.233918,0.0625051,0.0
5.90868,0.000634141,0.133668,0.047135,0.0
5.90813,0.000607235,0.167084,0.0525999,0.0
5.9083,0.00059805,0.233918,0.0625051,0.0
5.90871,0.00063147,0.183793,0.0601142,0.0
5.90862,0.000625542,0.116959,0.044061,0.0
5.9087,0.000628213,0.167084,0.0525999,0.0
5.90851,0.00063349,0.250627,0.0645545,0.0
5.90858,0.000614532,0.100251,0.040987,0.0
5.90821,0.000610558,0.167084,0.0525999,0.0
5.90908,0.000612577,0.200501,0.0577233,0.0
5.90838,0.000610558,0.167084,0.0525999,0.0
5.90778,0.00062919,0.150376,0.050209,0.0
5.90811,0.000599874,0.116959,0.044061,0.0
5.90838,0.000641112,0.133668,0.047135,0.0
5.90836,0.000617659,0.116959,0.044061,0.0
5.90873,0.000600004,0.0501253,0.0290324,0.0
5.9093,0.000614011,0.21721,0.0601142,0.0
5.9084,0.000611926,0.116959,0.044061,0.0
5.90752,0.000618506,0.150376,0.050209,0.0
5.90901,0.000622024,0.167084,0.0525999,0.0
5.90881,0.000617138,0.116959,0.044061,0.0
5.90756,0.000616095,0.133668,0.047135,0.0
5.90857,0.000627887,0.167084,0.0525999,0.0
5.90859,0.000593555,0.133668,0.047135,0.0
5.90725,0.00060906,0.150376,0.050209,0.0
5.90809,0.000620591,0.116959,0.044061,0.0
5.909,0.000610558,0.167084,0.0525999,0.0
5.90887,0.000616421,0.183793,0.0553324,0.0
5.90857,0.00062033,0.167084,0.0525999,0.0
5.90874,0.00063349,0.267335,0.0666038,0.0
5.90932,0.000628864,0.200501,0.0577233,0.0
5.90854,0.000637855,0.150376,0.050209,0.0
5.90875,0.000627561,0.21721,0.0601142,0.0
5.9089,0.00061818,0.100251,0.040987,0.0
5.9084,0.000605476,0.133668,0.047135,0.0
5.90803,0.000615965,0.167084,0.0525999,0.0
5.90844,0.000638376,0.21721,0.0601142,0.0
5.90779,0.000620981,0.183793,0.0553324,0.0
5.90775,0.000637855,0.200501,0.0577233,0.0
5.90714,0.000618245,0.150376,0.050209,0.0
5.90713,0.000611665,0.183793,0.0553324,0.0
5.90782,0.000618441,0.150376,0.050209,0.0
5.90757,0.000599353,0.116959,0.044061,0.0
5.90831,0.000629776,0.200501,0.0577233,0.0
5.90854,0.000628864,0.200501,0.0577233,0.0
5.90822,0.000642089,0.116959,0.044061,0.0
5.90805,0.000609906,0.100251,0.040987,0.0
5.90785,0.000626258,0.200501,0.0577233,0.0
5.90771,0.000630493,0.183793,0.0553324,0.0
5.90798,0.000612317,0.116959,0.044061,0.0
5.9082,0.00060919,0.167084,0.0525999,0.0
5.90843,0.000609125,0.0835422,0.0372298,0.0
5.90796,0.000609516,0.100251,0.040987,0.0
5.90848,0.000619222,0.233918,0.0625051,0.0
5.90948,0.000637203,0.150376,0.050209,0.0
5.90931,0.00063603,0.233918,0.0625051,0.0
5.90836,0.000627496,0.150376,0.050209,0.0
5.90807,0.000627626,0.250627,0.0645545,0.0
5.90911,0.000627822,0.150376,0.050209,0.0
5.9084,0.000617073,0.200501,0.0577233,0.0
5.9071,0.000606323,0.150376,0.050209,0.0
5.90816,0.000625151,0.150376,0.050209,0.0
5.9086,0.000643653,0.21721,0.0601142,0.0
5.90779,0.000629125,0.150376,0.050209,0.0
5.90764,0.000636096,0.150376,0.050209,0.0
5.90774,0.000597789,0.200501,0.0577233,0.0
5.9085,0.000630623,0.133668,0.047135,0.0
5.9079,0.000621893,0.183793,0.0553324,0.0
5.90702,0.000639809,0.133668,0.047135,0.0
5.90803,0.000593229,0.150376,0.050209,0.0
5.90794,0.000617398,0.183793,0.0553324,0.0
5.90841,0.000612708,0.167084,0.0525999,0.0
5.90864,0.00061792,0.167084,0.0525999,0.0
5.90846,0.000623001,0.167084,0.0525999,0.0
5.9096,0.000628408,0.183793,0.0553324,0.0
5.90929,0.00062033,0.21721,0.0601142,0.0
5.90896,0.000653816,0.250627,0.0645545,0.0
5.90975,0.000633034,0.167084,0.0525999,0.0
5.9084,0.000610167,0.200501,0.0577233,0.0
5.90805,0.000616291,0.133668,0.047135,0.0
5.90856,0.000613424,0.21721,0.0601142,0.0
5.90896,0.000611014,0.21721,0.0601142,0.0
5.90837,0.00061603,0.150376,0.050209,0.0
5.90864,0.000607366,0.133668,0.047135,0.0
5.90882,0.000601242,0.116959,0.044061,0.0
5.90858,0.000594532,0.21721,0.0601142,0.0
5.90795,0.000608343,0.183793,0.0553324,0.0
5.90821,0.000619353,0.233918,0.0625051,0.0
5.90836,0.000597007,0.133668,0.047135,0.0
5.90727,0.000606845,0.133668,0.047135,0.0
5.90855,0.000610688,0.133668,0.047135,0.0
5.90889,0.000598897,0.21721,0.0601142,0.0
5.90781,0.000621307,0.150376,0.050209,0.0
5.90787,0.000628929,0.167084,0.0525999,0.0
5.90788,0.000614076,0.167084,0.0525999,0.0
5.90745,0.00060033,0.133668,0.047135,0.0
5.90771,0.000620004,0.116959,0.044061,0.0
5.90851,0.000614336,0.116959,0.044061,0.0
5.90852,0.000612773,0.167084,0.0525999,0.0
5.90827,0.000618571,0.100251,0.040987,0.0
5.9079,0.000613815,0.150376,0.050209,0.0
5.90847,0.00062704,0.21721,0.0601142,0.0
5.91001,0.000607561,0.133668,0.047135,0.0
5.90828,0.000622219,0.116959,0.044061,0.0
5.90765,0.0006202,0.233918,0.0625051,0.0
5.90847,0.000623392,0.167084,0.0525999,0.0
5.90824,0.00062489,0.233918,0.0625051,0.0
5.90752,0.000615248,0.0501253,0.0290324,0.0
5.90716,0.000610558,0.150376,0.050209,0.0
5.90811,0.000616356,0.200501,0.0577233,0.0
5.90859,0.000625151,0.183793,0.0553324,0.0
5.90816,0.000607691,0.21721,0.0601142,0.0
5.9089,0.0006116,0.150376,0.050209,0.0
5.90921,0.000664239,0.250627,0.0645545,0.0
5.90834,0.000657724,0.200501,0.0577233,0.0
5.90792,0.000630558,0.116959,0.044061,0.0
5.9075,0.000611535,0.116959,0.044061,0.0
5.90866,0.000597138,0.133668,0.047135,0.0
5.90977,0.000607301,0.133668,0.047135,0.0
5.90849,0.000610362,0.133668,0.047135,0.0
5.90768,0.0006116,0.167084,0.0525999,0.0
5.90778,0.000606258,0.133668,0.047135,0.0
5.90872,0.000629841,0.167084,0.0525999,0.0
5.90889,0.000625672,0.183793,0.0553324,0.0
5.90888,0.000636877,0.150376,0.050209,0.0
5.90845,0.000642675,0.250627,0.0645545,0.0
5.90856,0.000640656,0.250627,0.0645545,0.0
5.90901,0.000655965,0.233918,0.0625051,0.0
5.90838,0.00066261,0.167084,0.0525999,0.0
5.90757,0.000657594,0.200501,0.0577233,0.0
5.90934,0.000644369,0.167084,0.0525999,0.0
5.90803,0.000606649,0.116959,0.044061,0.0
5.90794,0.000633294,0.183793,0.0553324,0.0
5.90863,0.00060502,0.150376,0.050209,0.0
5.90777,0.000623196,0.183793,0.0553324,0.0
5.90809,0.000621047,0.116959,0.044061,0.0
5.90753,0.000631861,0.183793,0.0553324,0.0
5.90778,0.000617138,0.100251,0.040987,0.0
5.90818,0.000631861,0.284043,0.0727519,0.0
5.90844,0.000621437,0.0668338,0.0334727,0.0
5.90818,0.000592252,0.100251,0.040987,0.0
5.90805,0.00061831,0.200501,0.0577233,0.0
5.90847,0.000631796,0.233918,0.0625051,0.0
5.90807,0.000629385,0.167084,0.0525999,0.0
5.90781,0.000623718,0.200501,0.0577233,0.0
5.90861,0.000596551,0.133668,0.047135,0.0
5.90847,0.000603261,0.100251,0.040987,0.0
5.90779,0.000609906,0.167084,0.0525999,0.0
5.90798,0.000623783,0.183793,0.0553324,0.0
5.90833,0.000628213,0.250627,0.0645545,0.0
5.90902,0.000620851,0.233918,0.0625051,0.0
5.90816,0.000612773,0.0835422,0.0372298,0.0
5.90742,0.000600525,0.21721,0.0601142,0.0
5.90843,0.000632447,0.21721,0.0601142,0.0
5.90784,0.000620721,0.167084,0.0525999,0.0
5.90842,0.000601698,0.116959,0.044061,0.0
5.9089,0.000604499,0.133668,0.047135,0.0
5.90892,0.000622675,0.21721,0.0601142,0.0
5.90845,0.000607431,0.133668,0.047135,0.0
5.90833,0.000626258,0.150376,0.050209,0.0
5.90854,0.000624239,0.167084,0.0525999,0.0
5.90915,0.000632903,0.167084,0.0525999,0.0
5.90823,0.00061603,0.183793,0.0553324,0.0
5.90751,0.000619157,0.167084,0.0525999,0.0
5.90852,0.000620135,0.200501,0.0577233,0.0
5.90891,0.000652708,0.21721,0.0601142,0.0
5.90947,0.000639874,0.150376,0.050209,0.0
5.90776,0.000601893,0.100251,0.040987,0.0
5.90807,0.000613099,0.133668,0.047135,0.0
5.9085,0.000626323,0.233918,0.0625051,0.0
5.90845,0.000643457,0.167084,0.0525999,0.0
5.90909,0.000628669,0.116959,0.044061,0.0
5.90852,0.000617529,0.116959,0.044061,0.0
5.90802,0.000615509,0.116959,0.044061,0.0
5.90884,0.000650819,0.150376,0.050209,0.0
5.9093,0.000635835,0.183793,0.0553324,0.0
5.90843,0.000628408,0.116959,0.044061,0.0
5.90776,0.000619939,0.233918,0.0625051,0.0
5.90848,0.000649516,0.284043,0.0686532,0.0
5.90944,0.000657073,0.116959,0.044061,0.0
5.90865,0.000607366,0.0668338,0.0334727,0.0
5.90956,0.000612708,0.21721,0.0601142,0.0
5.91003,0.000632187,0.133668,0.047135,0.0
5.90934,0.000633359,0.284043,0.0686532,0.0
5.90848,0.000623457,0.150376,0.050209,0.0
5.90863,0.000629385,0.183793,0.0553324,0.0
5.90844,0.000641633,0.200501,0.0577233,0.0
5.90822,0.0006159,0.133668,0.047135,0.0
5.90888,0.000627301,0.150376,0.050209,0.0
5.90876,0.000608603,0.150376,0.050209,0.0
5.90703,0.00059805,0.116959,0.044061,0.0
5.90778,0.000627236,0.250627,0.0645545,0.0
5.90833,0.000620525,0.133668,0.047135,0.0
5.90814,0.000610362,0.0668338,0.0334727,0.0
5.90734,0.000614597,0.183793,0.0553324,0.0
5.90814,0.000632187,0.250627,0.0645545,0.0
5.90814,0.000610428,0.150376,0.050209,0.0
5.90819,0.000602675,0.0835422,0.0372298,0.0
5.90801,0.000602675,0.116959,0.044061,0.0
5.90766,0.000593555,0.167084,0.0525999,0.0
5.90857,0.000603652,0.116959,0.044061,0.0
5.90765,0.000621568,0.200501,0.0577233,0.0
5.90814,0.000615835,0.183793,0.0553324,0.0
5.90897,0.000636812,0.250627,0.0645545,0.0
5.90801,0.000613555,0.100251,0.040987,0.0
5.90883,0.000610688,0.250627,0.0645545,0.0
5.90901,0.000607561,0.150376,0.050209,0.0
5.90762,0.000618701,0.167084,0.0525999,0.0
5.90714,0.000617073,0.167084,0.0525999,0.0
5.90851,0.000616747,0.150376,0.050209,0.0
5.90854,0.000609125,0.200501,0.0577233,0.0
5.90881,0.000640786,0.183793,0.0553324,0.0
5.90913,0.000597268,0.100251,0.040987,0.0
5.90835,0.000597919,0.133668,0.047135,0.0
5.90775,0.000631731,0.167084,0.0525999,0.0
5.90824,0.000605998,0.183793,0.0553324,0.0
5.9083,0.000633425,0.183793,0.0553324,0.0
5.90779,0.000622806,0.116959,0.044061,0.0
5.9079,0.000595379,0.116959,0.044061,0.0
5.90823,0.000641242,0.167084,0.0525999,0.0
5.90784,0.00062261,0.200501,0.0577233,0.0
5.90841,0.000639613,0.200501,0.0577233,0.0
5.90848,0.000632708,0.167084,0.0525999,0.0
5.90771,0.000619092,0.100251,0.040987,0.0
5.90776,0.000597985,0.116959,0.044061,0.0
5.90852,0.000608864,0.133668,0.047135,0.0
5.90814,0.000622936,0.21721,0.0601142,0.0
5.90821,0.000638962,0.21721,0.0601142,0.0
5.90776,0.000638376,0.183793,0.0553324,0.0
5.90844,0.000605476,0.100251,0.040987,0.0
5.90843,0.000606193,0.0835422,0.0372298,0.0
5.90815,0.00058261,0.100251,0.040987,0.0
5.90843,0.000613164,0.150376,0.050209,0.0
5.90902,0.000610818,0.167084,0.0525999,0.0
5.90928,0.000626128,0.250627,0.0645545,0.0
5.90764,0.000612121,0.116959,0.044061,0.0
5.90704,0.000582154,0.0668338,0.0334727,0.0
5.90727,0.000587235,0.0501253,0.0290324,0.0
5.90793,0.000614858,0.133668,0.047135,0.0
5.90857,0.00061805,0.21721,0.0601142,0.0
5.90882,0.000622545,0.167084,0.0525999,0.0
5.90767,0.000613555,0.150376,0.050209,0.0
5.90739,0.000637529,0.183793,0.0553324,0.0
5.9084,0.000607496,0.167084,0.0525999,0.0
5.90777,0.000619353,0.167084,0.0525999,0.0
5.90777,0.000608799,0.133668,0.047135,0.0
5.90898,0.000616161,0.150376,0.050209,0.0
5.9076,0.000625086,0.183793,0.0553324,0.0
5.90831,0.000632968,0.183793,0.0553324,0.0
5.90895,0.000619678,0.200501,0.0577233,0.0
5.90906,0.000603978,0.0835422,0.0372298,0.0
5.91017,0.000627692,0.183793,0.0553324,0.0
5.90923,0.000627366,0.233918,0.0625051,0.0
5.90912,0.000621307,0.150376,0.050209,0.0
5.90883,0.000638506,0.133668,0.047135,0.0
5.90874,0.000624955,0.116959,0.044061,0.0
5.90857,0.000598115,0.167084,0.0525999,0.0
5.90878,0.000624108,0.167084,0.0525999,0.0
5.90885,0.000619809,0.21721,0.0601142,0.0
5.90785,0.000598441,0.0835422,0.0372298,0.0
5.90873,0.000596551,0.100251,0.040987,0.0
5.90816,0.00060046,0.150376,0.050209,0.0
5.90814,0.000625086,0.267335,0.0666038,0.0
5.90863,0.000625867,0.116959,0.044061,0.0
5.90807,0.000611861,0.0835422,0.0372298,0.0
5.9085,0.000623587,0.200501,0.0577233,0.0
5.90893,0.000633685,0.183793,0.0553324,0.0
5.90902,0.000636096,0.21721,0.0601142,0.0
5.90814,0.000621698,0.116959,0.044061,0.0
5.9087,0.000616942,0.133668,0.047135,0.0
5.90914,0.000612187,0.183793,0.0553324,0.0
5.90791,0.000615639,0.150376,0.050209,0.0
5.90765,0.00061375,0.133668,0.047135,0.0
5.90844,0.000612317,0.100251,0.040987,0.0
5.9075,0.000610232,0.0668338,0.0334727,0.0
5.90739,0.000618636,0.167084,0.0525999,0.0
5.90749,0.00060261,0.100251,0.040987,0.0
5.90733,0.000605672,0.133668,0.047135,0.0
5.90883,0.000617203,0.100251,0.040987,0.0
5.90924,0.000621372,0.150376,0.050209,0.0
5.90894,0.0006402,0.250627,0.0645545,0.0
5.90861,0.000639157,0.21721,0.0601142,0.0
5.90783,0.000634076,0.133668,0.047135,0.0
5.90769,0.000618766,0.116959,0.044061,0.0
5.90793,0.000597659,0.100251,0.040987,0.0
5.90846,0.000638245,0.167084,0.0525999,0.0
5.90774,0.000603913,0.116959,0.044061,0.0
5.90771,0.00062489,0.150376,0.050209,0.0
5.90908,0.000614792,0.150376,0.050209,0.0
5.90895,0.000632317,0.133668,0.047135,0.0
5.90778,0.000603587,0.150376,0.050209,0.0
5.90897,0.000622024,0.167084,0.0525999,0.0
5.90841,0.000629385,0.21721,0.0601142,0.0
5.9076,0.000616682,0.0835422,0.044061,0.0
5.9079,0.000625802,0.21721,0.0601142,0.0
5.9087,0.000621828,0.167084,0.0525999,0.0
5.90813,0.000649516,0.133668,0.047135,0.0
5.90789,0.000621503,0.200501,0.0577233,0.0
5.90824,0.000620395,0.150376,0.050209,0.0
5.90822,0.000618441,0.183793,0.0553324,0.0
5.90896,0.000613229,0.133668,0.047135,0.0
5.90915,0.000625672,0.233918,0.0666038,0.0
5.90888,0.000605672,0.183793,0.0553324,0.0
5.90859,0.000608864,0.167084,0.0525999,0.0
5.9088,0.000585085,0.167084,0.0525999,0.0
5.90844,0.000648213,0.200501,0.0577233,0.0
5.90894,0.000641307,0.233918,0.0625051,0.0
5.90829,0.000631926,0.150376,0.050209,0.0
5.90779,0.000616747,0.133668,0.047135,0.0
5.90788,0.000637985,0.116959,0.044061,0.0
5.90816,0.000616226,0.167084,0.0525999,0.0
5.90795,0.000615379,0.150376,0.050209,0.0
5.9079,0.000619874,0.233918,0.0625051,0.0
5.90909,0.000619288,0.133668,0.047135,0.0
5.90839,0.00061362,0.267335,0.0666038,0.0
5.90738,0.000600134,0.0835422,0.0372298,0.0
5.90808,0.000616877,0.0835422,0.0372298,0.0
5.90817,0.000620721,0.21721,0.0601142,0.0
5.9077,0.0006202,0.167084,0.0525999,0.0
5.90815,0.000596682,0.0835422,0.0372298,0.0
5.90803,0.00058932,0.133668,0.047135,0.0
5.90776,0.000621047,0.200501,0.0577233,0.0
5.90896,0.000663001,0.200501,0.0577233,0.0
5.90947,0.000658571,0.250627,0.0686532,0.0
5.90942,0.000653294,0.233918,0.0625051,0.0
5.90868,0.000651014,0.21721,0.0601142,0.0
5.90883,0.000626063,0.167084,0.0525999,0.0
5.90742,0.000616421,0.100251,0.040987,0.0
5.90828,0.000610623,0.167084,0.0525999,0.0
5.90886,0.000636226,0.167084,0.0525999,0.0
5.90825,0.000602089,0.167084,0.0525999,0.0
5.90845,0.00060489,0.100251,0.040987,0.0
5.90871,0.000618897,0.100251,0.040987,0.0
5.90809,0.000589646,0.0334169,0.0235675,0.0
5.90697,0.000604043,0.150376,0.050209,0.0
5.90836,0.00061134,0.183793,0.0553324,0.0
5.90889,0.000620981,0.183793,0.0553324,0.0
5.90789,0.000618766,0.200501,0.0577233,0.0
5.90828,0.00061349,0.150376,0.050209,0.0
5.90863,0.000631405,0.183793,0.0553324,0.0
5.90792,0.000646324,0.284043,0.0686532,0.0
5.90781,0.000611144,0.116959,0.044061,0.0
5.9082,0.000620525,0.167084,0.0525999,0.0
5.90883,0.000608538,0.167084,0.0525999,0.0
5.90821,0.000609125,0.167084,0.0525999,0.0
5.908,0.000622415,0.133668,0.047135,0.0
5.90847,0.000606584,0.133668,0.047135,0.0
5.90913,0.000616356,0.133668,0.047135,0.0
5.9081,0.00063792,0.116959,0.044061,0.0
5.90844,0.000606584,0.167084,0.0525999,0.0
5.9075,0.000608603,0.116959,0.044061,0.0
5.90853,0.000590167,0.116959,0.044061,0.0
5.90857,0.000593685,0.167084,0.0525999,0.0
5.90854,0.000644434,0.284043,0.0686532,0.0
5.90893,0.000613815,0.150376,0.050209,0.0
5.90889,0.000646063,0.183793,0.0553324,0.0
5.90898,0.000667692,0.300752,0.0707025,0.0
5.90997,0.000656877,0.167084,0.0525999,0.0
5.90793,0.000606063,0.0835422,0.0372298,0.0
5.90727,0.000612968,0.233918,0.0625051,0.0
5.90944,0.000625867,0.21721,0.0601142,0.0
5.90862,0.000627952,0.167084,0.0525999,0.0
5.90827,0.000628604,0.250627,0.0645545,0.0
5.90821,0.00064046,0.150376,0.050209,0.0
5.90789,0.000600916,0.133668,0.047135,0.0
5.90751,0.000603587,0.133668,0.047135,0.0
5.90814,0.000606258,0.100251,0.040987,0.0
5.90851,0.000616356,0.116959,0.044061,0.0
5.90771,0.000602871,0.150376,0.050209,0.0
5.91107,0.000617529,0.133668,0.047135,0.0
6.71597,0.0188296,0.284043,0.0686532,0.0
23.1786,0.220324,53.8012,0.702243,0.0
83.1818,0.446436,114.369,1.09982,0.0
135.722,0.195675,194.586,0.897273,0.0
129.703,0.198848,193.049,0.884977,0.0
119.474,0.135356,191.947,0.880195,0.0
122.57,0.125193,193.968,0.887368,0.0
117.103,0.128975,196.274,0.854237,0.0
116.621,0.127348,198.179,0.871998,0.0
131.749,0.232609,201.337,0.866533,0.0
172.432,0.530717,190.259,0.891808,0.0
255.184,0.889476,170.276,0.896248,0.0
356.935,0.9829,178.964,0.884294,1.0
436.536,0.815374,193.333,0.874389,1.0
482.88,0.491947,199.382,0.91196,1.0
497.642,0.179891,200.835,0.888392,1.0
499.532,0.0749906,198.78,0.917766,1.0
499.411,0.0800775,197.845,0.895907,1.0
499.257,0.0893784,196.391,0.907861,1.0
499.244,0.0895815,195.155,0.884294,1.0
499.274,0.0885874,194.603,0.866191,1.0
499.355,0.0838158,195.706,0.863459,1.0
499.407,0.0802756,196.725,0.880195,1.0
499.492,0.0747779,197.744,0.891466,1.0
499.554,0.0693041,197.744,0.893174,1.0
499.693,0.0574664,199.532,0.884977,1.0
499.732,0.0545142,200.05,0.883952,1.0
499.817,0.046621,200.201,0.874047,1.0
499.867,0.041185,199.365,0.890783,1.0
499.868,0.0439765,199.85,0.881561,1.0
499.862,0.0445909,200.685,0.891125,1.0
499.881,0.0420327,200.134,0.879853,1.0
499.876,0.0441034,198.713,0.884977,1.0
499.839,0.0479691,200.602,0.893174,1.0
499.784,0.0534104,201.303,0.873364,1.0
499.696,0.0601048,200.334,0.883952,1.0
499.536,0.0739136,200.0,0.888734,1.0
499.227,0.0928784,198.864,0.896931,1.0
498.755,0.116158,200.568,0.884294,1.0
498.112,0.140672,200.15,0.891808,1.0
497.077,0.171524,201.938,0.884635,1.0
495.802,0.203602,200.618,0.878829,1.0
494.376,0.230231,200.184,0.873364,1.0
492.426,0.262686,198.747,0.877804,1.0
489.915,0.296628,199.348,0.891125,1.0
486.88,0.327572,200.217,0.892833,1.0
483.132,0.358657,198.797,0.871315,1.0
478.641,0.383854,198.663,0.86585,1.0
473.266,0.404381,199.666,0.8901,1.0
466.824,0.41546,198.931,0.861751,1.0
459.633,0.421084,198.63,0.89454,1.0
451.916,0.419608,199.282,0.881903,1.0
443.657,0.418588,199.699,0.892491,1.0
435.358,0.415471,200.0,0.892491,1.0
427.425,0.406375,199.398,0.888734,1.0
419.761,0.39327,200.785,0.889076,1.0
412.173,0.383139,198.797,0.876779,1.0
404.641,0.375185,200.769,0.875413,1.0
397.203,0.366392,201.771,0.891808,0.0
390.179,0.36564,199.716,0.889759,0.0
383.607,0.366596,200.15,0.871656,1.0
377.591,0.371246,201.27,0.887368,1.0
371.753,0.369716,199.114,0.888734,1.0
365.83,0.34775,198.68,0.888734,1.0
360.317,0.336413,196.825,0.874047,0.0
355.262,0.335086,199.499,0.851163,0.0
350.074,0.325374,200.702,0.863117,0.0
345.047,0.318956,198.279,0.887709,0.0
340.288,0.319855,197.728,0.866874,0.0
335.328,0.311762,198.997,0.880195,0.0
330.415,0.300748,198.947,0.900005,0.0
325.711,0.295308,197.661,0.869948,0.0
320.675,0.288746,199.198,0.886343,0.0
315.734,0.278913,197.661,0.844331,0.0
311.106,0.269869,199.783,0.902396,0.0
306.282,0.264653,198.697,0.899664,0.0
301.459,0.261857,200.084,0.867216,0.0
296.948,0.256679,198.663,0.860726,0.0
292.889,0.252999,198.747,0.884294,0.0
288.872,0.250443,198.563,0.899322,0.0
284.38,0.247204,199.599,0.884977,0.0
279.796,0.241502,197.109,0.882244,0.0
275.465,0.236526,199.683,0.884294,0.0
271.136,0.232361,199.282,0.886685,0.0
266.852,0.230644,199.231,0.881561,0.0
262.641,0.226974,196.859,0.900005,0.0
258.484,0.227541,200.952,0.883269,0.0
254.552,0.22348,200.535,0.906153,0.0
250.888,0.217861,199.081,0.88566,0.0
247.3,0.217353,196.424,0.873022,0.0
243.655,0.21731,200.652,0.882244,0.0
239.978,0.216325,199.315,0.869948,0.0
236.353,0.217547,198.931,0.886685,0.0
233.018,0.215813,199.716,0.893516,0.0
229.762,0.213674,198.279,0.88566,0.0
226.313,0.214475,199.749,0.89215,0.0
223.209,0.212885,199.649,0.86585,0.0
220.284,0.211135,199.081,0.881903,0.0
217.124,0.2114,199.114,0.904104,0.0
214.193,0.20832,198.48,0.869607,0.0
211.438,0.205249,198.296,0.877804,0.0
208.602,0.206935,197.477,0.889417,0.0
205.705,0.205085,198.162,0.8638,0.0
202.925,0.206842,198.881,0.890442,0.0
200.092,0.203864,199.332,0.868924,0.0
197.326,0.201934,200.234,0.889759,0.0
194.727,0.200702,199.315,0.876779,0.0
192.27,0.19898,200.501,0.890442,0.0
189.749,0.196892,199.716,0.889759,0.0
187.001,0.197712,199.599,0.879512,0.0
184.419,0.197604,198.63,0.897956,0.0
182.034,0.193157,199.098,0.860726,0.0
179.737,0.192084,199.9,0.886002,0.0
177.509,0.190915,198.446,0.886685,0.0
175.401,0.186134,201.437,0.881903,0.0
173.272,0.186781,199.499,0.856628,0.0
171.114,0.196946,197.728,0.871315,0.0
168.933,0.186879,199.265,0.883269,0.0
166.767,0.182325,198.546,0.90103,0.0
164.852,0.18284,198.83,0.877463,0.0
162.81,0.180338,197.694,0.873705,0.0
160.806,0.178009,197.911,0.872681,0.0
158.98,0.179508,198.312,0.872681,0.0
157.074,0.17823,197.31,0.868924,0.0
155.118,0.173482,199.064,0.883952,0.0
153.139,0.17023,198.162,0.886002,0.0
151.308,0.169315,199.9,0.872339,0.0
149.573,0.170213,197.561,0.882927,0.0
147.989,0.16852,197.811,0.881561,0.0
146.529,0.168066,198.914,0.895224,0.0
145.055,0.167315,198.413,0.870973,0.0
143.746,0.16616,197.544,0.876438,0.0
142.358,0.166744,199.064,0.88566,0.0
140.861,0.165835,199.967,0.867899,0.0
139.586,0.160638,198.396,0.870631,0.0
138.252,0.155574,198.68,0.87917,0.0
136.766,0.154523,199.783,0.879512,0.0
135.332,0.154496,200.184,0.869948,0.0
133.74,0.152286,200.568,0.876779,0.0
132.155,0.148852,199.649,0.887026,0.0
130.865,0.148189,197.945,0.879853,0.0
129.647,0.149406,198.647,0.862434,0.0
128.418,0.14829,199.348,0.877121,0.0
127.065,0.14616,198.713,0.873022,0.0
125.876,0.144482,198.58,0.891808,0.0
125.188,0.143464,200.451,0.879853,0.0
124.371,0.141169,198.847,0.895224,0.0
123.052,0.140679,199.114,0.869948,0.0
121.884,0.144174,197.978,0.885318,0.0
120.867,0.156179,197.561,0.897956,0.0
119.35,0.139321,198.914,0.882927,0.0
117.761,0.136148,197.143,0.867557,0.0
116.581,0.133451,199.348,0.875413,0.0
115.42,0.132908,198.379,0.865166,0.0
114.074,0.131905,197.911,0.898639,0.0
112.721,0.12988,199.048,0.875413,0.0
111.218,0.125919,198.914,0.874047,0.0
109.928,0.126245,199.231,0.880195,0.0
109.012,0.126087,198.68,0.862776,0.0
108.159,0.123161,198.162,0.871998,0.0
107.343,0.122415,198.48,0.868924,0.0
106.256,0.123192,198.413,0.908544,0.0
105.076,0.122499,198.363,0.896931,0.0
104.004,0.120123,199.649,0.889417,0.0
102.876,0.118165,196.09,0.893857,0.0
101.694,0.117927,198.513,0.899664,0.0
100.585,0.11813,198.73,0.87917,0.0
99.545,0.117773,199.432,0.887709,0.0
98.6254,0.117191,198.613,0.889417,0.0
97.8302,0.115565,198.028,0.883269,0.0
96.9882,0.116524,199.833,0.900005,0.0
95.9689,0.117798,197.343,0.887368,0.0
94.9748,0.114411,196.825,0.858335,0.0
94.0843,0.113536,197.911,0.884635,0.0
93.1369,0.111833,197.728,0.887026,0.0
92.162,0.111035,198.814,0.875413,0.0
91.1312,0.111865,199.783,0.880195,0.0
90.0872,0.112678,197.277,0.851163,0.0
88.9845,0.110895,197.327,0.87473,0.0
87.8704,0.10747,196.658,0.887368,0.0
86.8984,0.107414,196.642,0.886002,0.0
85.951,0.10649,197.327,0.869265,0.0
84.951,0.103118,197.093,0.860385,0.0
83.9529,0.101369,198.413,0.899664,0.0
83.0121,0.103009,198.095,0.869265,0.0
81.9856,0.102963,196.608,0.864142,0.0
81.0309,0.0984171,196.09,0.868241,0.0
80.2349,0.0965462,198.012,0.884635,0.0
79.2546,0.0962908,197.076,0.890783,0.0
78.2467,0.097522,195.622,0.894199,0.0
77.4687,0.097031,196.591,0.871315,0.0
76.556,0.0970573,198.546,0.884294,0.0
75.5592,0.0971645,197.494,0.89215,0.0
74.8081,0.0953629,197.594,0.879512,0.0
74.0245,0.0961071,197.577,0.866874,0.0
73.176,0.0942296,196.942,0.876779,0.0
72.4383,0.0938441,196.792,0.880878,0.0
71.6381,0.0925944,195.455,0.865166,0.0
70.8502,0.0914486,197.143,0.881561,0.0
70.1445,0.0904623,196.475,0.868241,0.0
69.3456,0.0903604,193.901,0.858335,0.0
68.614,0.0907518,197.561,0.862776,0.0
67.9682,0.0886637,197.728,0.856969,0.0
67.2597,0.0864838,193.684,0.861409,0.0
66.5176,0.0880997,197.093,0.881561,0.0
65.7711,0.0885343,196.458,0.883952,0.0
65.1322,0.0885968,195.739,0.870973,0.0
64.5031,0.0866988,195.489,0.889759,0.0
63.7748,0.0845113,197.377,0.869265,0.0
63.0828,0.0826913,196.909,0.88566,0.0
62.4373,0.0837896,193.651,0.85936,0.0
61.7596,0.084593,195.923,0.846381,0.0
61.1419,0.0836513,196.508,0.871315,0.0
60.5747,0.0830765,195.322,0.859018,0.0
59.9433,0.0798763,194.937,0.860043,0.0
59.1766,0.0788912,194.486,0.880878,0.0
58.5882,0.0781078,194.369,0.880537,0.0
58.1622,0.0770906,196.174,0.889759,0.0
57.5976,0.0762078,194.754,0.870631,0.0
57.0245,0.0755255,194.336,0.872339,0.0
56.5421,0.0751563,193.216,0.887368,0.0
55.9771,0.0746629,195.756,0.875413,0.0
55.3328,0.0743092,194.302,0.867216,0.0
54.7911,0.0730201,195.088,0.851504,0.0
54.2808,0.0724436,194.336,0.862776,0.0
53.7607,0.0721643,194.954,0.855603,0.0
53.2418,0.0718804,193.467,0.880537,0.0
52.7676,0.0704878,192.348,0.855944,0.0
52.2621,0.0695526,194.302,0.863117,0.0
51.6831,0.0684766,192.949,0.858335,0.0
51.2406,0.0692314,194.954,0.87029,0.0
50.8132,0.0685104,194.703,0.897614,0.0
50.3292,0.0682371,194.202,0.847405,0.0
49.922,0.0680818,192.297,0.877121,0.0
49.4712,0.0674115,194.603,0.872339,0.0
48.9343,0.0668479,195.556,0.857994,0.0
48.4796,0.0666855,193.066,0.869265,0.0
48.1099,0.0661934,193.835,0.853212,0.0
47.7302,0.0663894,193.751,0.859702,0.0
47.3088,0.0663787,192.264,0.884294,0.0
46.8334,0.0652002,191.779,0.861751,0.0
46.4257,0.065476,192.348,0.870973,0.0
46.0941,0.0647593,192.565,0.866874,0.0
45.6903,0.0648402,192.548,0.858335,0.0
45.3041,0.0628253,191.93,0.881903,0.0
44.9114,0.0620957,192.498,0.881903,0.0
44.4631,0.0626621,193.534,0.880537,0.0
44.0675,0.0624524,193.016,0.895565,0.0
43.7077,0.0621424,192.849,0.844331,0.0
43.3579,0.0621465,193.083,0.881561,0.0
42.9984,0.0601536,191.98,0.873364,0.0
42.6585,0.059915,193.45,0.886002,0.0
42.3203,0.0608304,191.044,0.857311,0.0
41.9431,0.0590328,193.066,0.861751,0.0
41.6332,0.0587708,193.484,0.877804,0.0
41.2932,0.0604983,191.395,0.82862,0.0
40.9412,0.0575049,192.231,0.857311,0.0
40.6411,0.0570717,192.247,0.862434,0.0
40.2396,0.0576985,191.345,0.857652,0.0
39.9035,0.0572672,192.047,0.861751,0.0
39.663,0.0572765,191.896,0.871998,0.0
39.3782,0.0565055,193.133,0.868924,0.0
39.0364,0.0555704,190.376,0.866874,0.0
38.7318,0.0549335,191.261,0.875072,0.0
38.4389,0.0562131,191.395,0.867216,0.0
38.1762,0.0547786,193.434,0.866533,0.0
37.9953,0.0555359,192.047,0.879853,0.0
37.7615,0.0572746,190.409,0.880878,0.0
37.4245,0.0550008,191.078,0.860043,0.0
37.1456,0.054794,190.259,0.870631,0.0
36.9309,0.0540825,191.395,0.877463,0.0
36.7096,0.055203,189.14,0.864142,0.0
36.4391,0.0549218,189.574,0.853212,0.0
36.1114,0.0529264,190.593,0.871656,0.0
35.8044,0.0525348,190.292,0.869948,0.0
35.613,0.0550766,190.627,0.873705,0.0
35.3767,0.052588,191.195,0.884635,0.0
35.0503,0.0524983,189.123,0.859018,0.0
34.8493,0.0533562,190.827,0.882927,0.0
34.6592,0.0545251,188.421,0.855603,0.0
34.4034,0.0523936,188.772,0.866533,0.0
34.266,0.0526886,189.173,0.867899,0.0
34.1042,0.0534742,188.839,0.864483,0.0
33.8912,0.0541327,186.951,0.866874,0.0
33.7332,0.0525615,190.159,0.880537,0.0
33.4672,0.0519671,189.19,0.872339,0.0
33.2368,0.0522859,188.505,0.876096,0.0
33.053,0.05033,189.223,0.864483,0.0
32.8098,0.0509867,188.421,0.867899,0.0
32.5742,0.0520972,189.557,0.866874,0.0
32.3794,0.0502416,187.235,0.880537,0.0
32.1547,0.0491715,189.206,0.857994,0.0
31.9286,0.0500893,189.29,0.864825,0.0
31.7275,0.0515735,188.538,0.858677,0.0
31.5416,0.0499045,187.736,0.868924,0.0
31.4045,0.0497518,186.8,0.851846,0.0
31.2607,0.0498381,188.104,0.869948,0.0
31.0003,0.050238,189.624,0.848772,0.0
30.759,0.0493095,187.519,0.880195,0.0
30.6136,0.0484532,187.335,0.857311,0.0
30.4406,0.0486804,187.92,0.86585,0.0
30.2154,0.0480732,186.633,0.864142,0.0
29.9926,0.0469025,188.588,0.855261,0.0
29.7924,0.0468528,189.223,0.868241,0.0
29.6421,0.0474329,187.652,0.846722,0.0
29.5852,0.0482306,187.135,0.871998,0.0
29.4526,0.0475433,188.622,0.871998,0.0
29.2564,0.0459604,185.464,0.827937,0.0
29.1925,0.0454638,188.571,0.883611,0.0
29.1493,0.0450109,186.55,0.877121,0.0
29.001,0.0455262,185.931,0.847064,0.0
28.9113,0.0461895,187.135,0.84399,0.0
28.8263,0.0459931,186.065,0.870973,0.0
28.6189,0.0456047,186.165,0.864483,0.0
28.4712,0.0448716,186.099,0.880195,0.0
28.3222,0.0457496,185.263,0.882586,0.0
28.1307,0.0459081,185.848,0.871998,0.0
28.0021,0.0448372,186.048,0.879853,0.0
27.7722,0.0444407,185.798,0.872339,0.0
27.5499,0.0439067,186.015,0.87029,0.0
27.5051,0.0430401,186.399,0.871998,0.0
27.4028,0.0435901,186.266,0.839891,0.0
27.1841,0.0435463,186.383,0.852529,0.0
27.0023,0.0426535,185.38,0.868241,0.0
26.8684,0.0430692,186.182,0.880878,0.0
26.7629,0.0419265,185.931,0.879512,0.0
26.6476,0.0411575,185.313,0.877463,0.0
26.4573,0.0412015,185.464,0.863117,0.0
26.3247,0.0430001,184.829,0.8375,0.0
26.2294,0.041811,184.461,0.883952,0.0
26.0443,0.040726,184.545,0.87917,0.0
25.9705,0.0401357,185.063,0.87029,0.0
25.9499,0.0408987,185.681,0.855603,0.0
25.7811,0.040428,183.81,0.850138,0.0
25.5737,0.0414253,184.795,0.864825,0.0
25.4073,0.0412067,184.896,0.84399,0.0
25.2792,0.0400911,184.578,0.856969,0.0
25.1533,0.0398282,184.511,0.853895,0.0
24.9691,0.0405242,183.659,0.87473,0.0
24.8148,0.040786,183.492,0.847064,0.0
24.6548,0.0402338,184.411,0.842282,0.0
24.474,0.038749,183.358,0.867557,0.0
24.314,0.0395165,184.01,0.862092,0.0
24.2218,0.039715,184.428,0.886343,0.0
24.1119,0.0391809,182.54,0.853554,0.0
23.926,0.0387635,182.573,0.845015,0.0
23.8028,0.0388696,183.525,0.871656,0.0
23.676,0.039107,182.891,0.856628,0.0
23.469,0.0388556,181.771,0.855603,0.0
23.3334,0.0384244,182.005,0.858335,0.0
23.2292,0.0385185,184.077,0.88122,0.0
23.0392,0.0377436,182.389,0.85287,0.0
22.8722,0.0368391,183.626,0.850138,0.0
22.687,0.0367564,181.871,0.863459,0.0
22.483,0.0367691,184.177,0.861409,0.0
22.4151,0.0367823,180.952,0.880537,0.0
22.307,0.0372655,182.506,0.877121,0.0
22.0728,0.0368829,181.788,0.85492,0.0
21.8968,0.03589,182.289,0.853895,0.0
21.7995,0.0355748,180.819,0.830328,0.0
21.6716,0.0355679,181.069,0.85492,0.0
21.548,0.0349397,181.47,0.866874,0.0
21.4078,0.0347733,180.468,0.835451,0.0
21.2705,0.0340106,179.716,0.832377,0.0
21.1633,0.034206,180.184,0.848772,0.0
21.0402,0.0336522,181.153,0.856628,0.0
20.8855,0.0339553,180.451,0.865508,0.0
20.736,0.0344096,180.251,0.854237,0.0
20.5952,0.0339772,182.339,0.871656,0.0
20.4197,0.0338731,178.663,0.869948,0.0
20.3203,0.0335864,180.117,0.863117,0.0
20.2395,0.0332965,178.697,0.871315,0.0
20.0923,0.0328581,179.181,0.880195,0.0
19.9471,0.0329271,178.897,0.864142,0.0
19.7835,0.0335879,179.014,0.865166,0.0
19.696,0.0331633,177.962,0.848089,0.0
19.6682,0.0328884,179.749,0.840574,0.0
19.5801,0.032137,178.931,0.857994,0.0
19.4711,0.032549,179.482,0.868582,0.0
19.3582,0.0326113,179.098,0.866191,0.0
19.2624,0.032385,176.775,0.849113,0.0
19.1808,0.0322822,178.312,0.869265,0.0
19.0704,0.0306493,177.761,0.874389,0.0
19.0017,0.0306895,177.828,0.855944,0.0
18.9422,0.0317452,178.413,0.869607,0.0
18.7813,0.0312411,178.112,0.855603,0.0
18.6237,0.0301289,176.491,0.847064,0.0
18.5788,0.0306972,176.759,0.853895,0.0
18.5353,0.0303631,176.608,0.851163,0.0
18.4068,0.0301713,175.589,0.863117,0.0
18.3268,0.0299476,177.277,0.871315,0.0
18.2977,0.0307728,175.171,0.877804,0.0
18.196,0.0312142,177.327,0.835451,0.0
18.0861,0.0311057,176.458,0.861068,0.0
18.0104,0.0306564,175.739,0.868241,0.0
17.9326,0.0298104,175.806,0.82418,0.0
17.8183,0.0299901,176.207,0.860385,0.0
17.7441,0.030219,175.94,0.870631,0.0
17.6988,0.0294367,175.806,0.85936,0.0
17.6122,0.029453,174.135,0.863117,0.0
17.5227,0.0291665,174.653,0.840916,0.0
17.4533,0.0298396,176.508,0.865166,0.0
17.3725,0.0292861,174.82,0.867557,0.0
17.2842,0.0284888,174.854,0.856969,0.0
17.2117,0.0290238,177.043,0.880878,0.0
17.1799,0.0288532,174.453,0.8375,0.0
17.09,0.028401,176.241,0.851504,0.0
16.9644,0.0287444,175.689,0.850821,0.0
16.9043,0.0291689,175.572,0.869607,0.0
16.8203,0.0287405,173.718,0.841941,0.0
16.697,0.0282032,173.116,0.860726,0.0
16.5803,0.0286952,173.701,0.860043,0.0
16.4657,0.028095,173.868,0.853895,0.0
16.3976,0.0279481,173.985,0.856286,0.0
16.3014,0.0276563,173.684,0.87029,0.0
16.1922,0.0284896,172.431,0.867557,0.0
16.1152,0.0279178,173.049,0.845356,0.0
16.0158,0.0280393,171.93,0.862434,0.0
15.9321,0.0281091,172.164,0.864825,0.0
15.8761,0.0275574,172.13,0.861751,0.0
15.7908,0.0266753,171.529,0.874047,0.0
15.6806,0.0262694,172.581,0.860043,0.0
15.6095,0.0266672,172.197,0.861409,0.0
15.6054,0.0261086,171.779,0.873705,0.0
15.5485,0.0261368,171.98,0.841599,0.0
15.4378,0.0259931,169.44,0.840574,0.0
15.3661,0.0262142,170.877,0.85287,0.0
15.2851,0.0268318,170.175,0.846722,0.0
15.1969,0.0261958,172.13,0.875413,0.0
15.1666,0.0259321,171.295,0.861751,0.0
15.1112,0.0253679,170.276,0.840916,0.0
15.0491,0.0253256,169.758,0.867216,0.0
15.0304,0.0256062,169.524,0.868241,0.0
14.9327,0.0255793,169.975,0.864825,0.0
14.7996,0.0249709,168.438,0.856969,0.0
14.7548,0.0249978,169.206,0.8375,0.0
14.6916,0.0242404,168.053,0.846381,0.0
14.5964,0.0243371,169.574,0.836817,0.0
14.5631,0.0245371,167.469,0.834426,0.0
14.4831,0.0240007,167.502,0.829303,0.0
14.386,0.0240125,166.433,0.835792,0.0
14.3371,0.0239333,168.221,0.849455,0.0
14.2362,0.0236847,167.251,0.850479,0.0
14.1199,0.0239051,167.084,0.845015,0.0
14.0758,0.0235764,166.449,0.863459,0.0
14.0164,0.0232562,165.815,0.852529,0.0
13.9601,0.0232246,166.901,0.855603,0.0
13.9328,0.0239329,167.151,0.854237,0.0
13.8475,0.023443,165.263,0.848772,0.0
13.7766,0.0235482,165.631,0.850138,0.0
13.7279,0.0236638,165.096,0.864142,0.0
13.6605,0.0233318,165.48,0.838867,0.0
13.614,0.0225321,164.912,0.822813,0.0
13.5731,0.0227282,165.146,0.850821,0.0
13.5016,0.0229094,166.717,0.844331,0.0
13.4396,0.022655,164.862,0.872339,0.0
13.3816,0.0229762,164.946,0.861068,0.0
13.2969,0.0229082,163.993,0.847064,0.0
13.2216,0.0222264,163.258,0.849796,0.0
13.1547,0.0220551,163.843,0.861751,0.0
13.1039,0.0220318,162.005,0.843307,0.0
13.0521,0.0214833,162.222,0.838525,0.0
13.0009,0.0218957,162.857,0.857994,0.0
12.9381,0.0220101,163.175,0.85287,0.0
12.879,0.0217729,163.041,0.846381,0.0
12.82,0.0215382,162.707,0.84843,0.0
12.7351,0.0213387,163.459,0.834768,0.0
12.6667,0.0215497,161.721,0.835792,0.0
12.6239,0.0215327,161.069,0.845698,0.0
12.5442,0.0211176,160.284,0.84843,0.0
12.4888,0.0208632,162.289,0.832035,0.0
12.4659,0.0208852,158.83,0.840916,0.0
12.4252,0.0212885,161.972,0.860726,0.0
12.4308,0.020837,160.017,0.860043,0.0
12.3985,0.0207578,162.022,0.841599,0.0
12.3193,0.0211162,160.15,0.855944,0.0
12.2789,0.0204091,158.513,0.84843,0.0
12.2418,0.0205242,159.766,0.852187,0.0
12.211,0.0208986,161.287,0.834426,0.0
12.1918,0.0211093,158.814,0.862776,0.0
12.1692,0.0207829,158.63,0.845356,0.0
12.1338,0.0214343,157.678,0.840916,0.0
12.0894,0.0212012,158.697,0.840916,0.0
12.0773,0.0205259,159.098,0.854578,0.0
12.029,0.0202564,158.396,0.849455,0.0
11.9738,0.0207867,158.864,0.861409,0.0
11.9629,0.0206616,158.129,0.833402,0.0
11.8902,0.0211977,158.914,0.860726,0.0
11.7876,0.020862,157.226,0.858677,0.0
11.7729,0.0205932,157.377,0.855261,0.0
11.7461,0.0202461,157.21,0.829644,0.0
11.6499,0.0208775,154.921,0.8375,0.0
11.6011,0.0202908,157.327,0.849455,0.0
11.5756,0.020144,156.458,0.843307,0.0
11.5193,0.0199455,155.439,0.83955,0.0
11.4846,0.019427,155.706,0.843648,0.0
11.4267,0.0190198,154.737,0.862434,0.0
11.3416,0.0191934,154.135,0.842282,0.0
11.3337,0.0190683,153.952,0.844673,0.0
11.3228,0.0191747,155.522,0.840233,0.0
11.2576,0.0188623,155.656,0.846381,0.0
11.2225,0.018783,153.266,0.831352,0.0
11.227,0.0192079,155.422,0.849113,0.0
11.202,0.0189478,153.35,0.83955,0.0
11.1621,0.018629,154.386,0.849113,0.0
11.1186,0.0186841,154.002,0.824521,0.0
11.084,0.0183354,153.333,0.850821,0.0
11.0318,0.0183044,152.214,0.845356,0.0
10.9535,0.0181191,152.197,0.857652,0.0
10.9209,0.0176431,152.047,0.856628,0.0
10.8887,0.0175249,150.343,0.841257,0.0
10.8173,0.0180722,149.758,0.820764,0.0
10.7636,0.0179959,150.209,0.841257,0.0
10.6971,0.0176907,150.159,0.838183,0.0
10.6171,0.0176014,149.641,0.845698,0.0
10.57,0.0174959,149.123,0.847747,0.0
10.5096,0.0173618,149.056,0.855944,0.0
10.3915,0.0170571,145.581,0.849455,0.0
10.299,0.0167984,147.268,0.868924,0.0
10.2528,0.0170019,147.536,0.863459,0.0
10.1914,0.0171412,143.292,0.836134,0.0
10.1493,0.016392,145.079,0.842965,0.0
10.1097,0.0161814,145.497,0.829644,0.0
10.0411,0.0164529,144.311,0.849113,0.0
9.97887,0.0167147,144.996,0.8638,0.0
9.89645,0.0165943,142.74,0.858335,0.0
9.79526,0.0159977,141.905,0.856969,0.0
9.7549,0.0159118,142.022,0.846039,0.0
9.7138,0.0163311,141.788,0.836134,0.0
9.62414,0.0159135,139.632,0.829986,0.0
9.56619,0.0161503,138.964,0.862434,0.0
9.54898,0.0153576,138.881,0.838183,0.0
9.51437,0.0151851,138.546,0.841257,0.0
9.45419,0.0150811,138.346,0.832377,0.0
9.39857,0.01502,136.19,0.852187,0.0
9.37266,0.0149969,135.272,0.85492,0.0
9.35753,0.0148512,136.374,0.840574,0.0
9.34233,0.0153707,138.012,0.8375,0.0
9.28975,0.0144522,136.742,0.866533,0.0
9.24749,0.014456,134.804,0.837159,0.0
9.25215,0.0147622,134.837,0.855603,0.0
9.22521,0.0147339,135.155,0.824521,0.0
9.1941,0.0144264,134.453,0.859702,0.0
9.16635,0.0142757,134.67,0.854578,0.0
9.12853,0.0146075,134.887,0.853212,0.0
9.09659,0.0140574,132.999,0.867216,0.0
9.0775,0.0141521,134.637,0.849113,0.0
9.06136,0.0143647,134.018,0.848089,0.0
9.03812,0.0139072,132.849,0.847405,0.0
9.0165,0.0141314,132.414,0.849113,0.0
8.9844,0.0139182,133.383,0.846039,0.0
8.97751,0.0140277,131.863,0.854237,0.0
8.97785,0.0138255,131.713,0.840233,0.0
8.95855,0.0137942,131.713,0.845698,0.0
8.92654,0.0135538,132.231,0.845698,0.0
8.90327,0.0136835,130.677,0.850479,0.0
8.87997,0.0135028,131.044,0.850479,0.0
8.83653,0.0133523,129.357,0.855261,0.0
8.81949,0.0134899,130.593,0.840233,0.0
8.81243,0.0130394,129.223,0.848089,0.0
8.77886,0.0133703,128.705,0.860726,0.0
8.74437,0.0134467,127.602,0.864142,0.0
8.72115,0.0135377,126.266,0.856969,0.0
8.7129,0.0128538,129.073,0.832718,0.0
8.72334,0.0128135,127.335,0.844673,0.0
8.71572,0.0131189,129.023,0.845015,0.0
8.68556,0.0125938,127.034,0.834426,0.0
8.65795,0.0131103,126.633,0.837842,0.0
8.62802,0.0128899,126.433,0.860385,0.0
8.61654,0.012793,125.698,0.85287,0.0
8.62977,0.0125252,126.5,0.867216,0.0
8.6226,0.0127677,126.115,0.849455,0.0
8.58914,0.0122782,125.38,0.865166,0.0
8.56869,0.0123292,125.146,0.850138,0.0
8.55581,0.0129338,124.912,0.838525,0.0
8.53627,0.013052,125.464,0.838183,0.0
8.53389,0.0126248,122.707,0.85936,0.0
8.52277,0.0123368,124.511,0.840233,0.0
8.49503,0.0123555,122.523,0.846722,0.0
8.47708,0.0125538,124.578,0.842624,0.0
8.48295,0.0124344,122.84,0.857652,0.0
8.48201,0.0125684,124.378,0.847405,0.0
8.48492,0.0121801,124.394,0.843648,0.0
8.49017,0.0125652,123.091,0.838183,0.0
8.46101,0.0127251,123.175,0.851163,0.0
8.44146,0.0125434,123.843,0.866874,0.0
8.46838,0.0125546,122.723,0.849455,0.0
8.46245,0.0122785,123.158,0.855261,0.0
8.41988,0.0124558,122.172,0.853212,0.0
8.40945,0.0122463,122.857,0.841599,0.0
8.42105,0.0122894,123.642,0.858677,0.0
8.40701,0.0125846,123.074,0.853554,0.0
8.3723,0.0118272,122.874,0.84399,0.0
8.36312,0.0120232,120.267,0.869607,0.0
8.36697,0.0120668,119.816,0.828961,0.0
8.34323,0.0120353,120.317,0.841257,0.0
8.32352,0.0121113,123.977,0.84843,0.0
8.33356,0.0120306,120.602,0.864825,0.0
8.31983,0.0120573,120.986,0.862092,0.0
8.27929,0.0115639,120.969,0.828961,0.0
8.24848,0.0116561,118.981,0.84399,0.0
8.24212,0.0118586,118.647,0.845698,0.0
8.23316,0.0118938,119.165,0.859018,0.0
8.21961,0.0116936,119.081,0.857652,0.0
8.21865,0.0120385,117.226,0.862434,0.0
8.19154,0.0119911,118.997,0.862434,0.0
8.1665,0.0117491,117.544,0.857652,0.0
8.14662,0.0114951,118.296,0.839208,0.0
8.13293,0.0114197,115.756,0.845356,0.0
8.13161,0.0114508,116.692,0.836817,0.0
8.10599,0.0115198,116.057,0.860043,0.0
8.0727,0.0118842,116.023,0.870631,0.0
8.06377,0.0116876,115.272,0.8638,0.0
8.05098,0.0114472,114.57,0.838867,0.0
8.03861,0.01118,115.622,0.848089,0.0
8.01897,0.0115588,113.634,0.849113,0.0
8.00083,0.0113529,114.119,0.83306,0.0
8.02023,0.0113882,113.367,0.839208,0.0
8.03307,0.0114394,113.968,0.840233,0.0
7.99662,0.0114695,113.835,0.841257,0.0
7.98675,0.011016,113.551,0.840574,0.0
7.99768,0.0112541,113.818,0.844673,0.0
7.9783,0.011297,113.985,0.848772,0.0
7.98306,0.0113037,113.734,0.829644,0.0
7.98071,0.0111087,112.481,0.835792,0.0
7.96042,0.011271,111.763,0.846722,0.0
7.97396,0.0111544,112.214,0.843307,0.0
7.95641,0.0111265,111.562,0.85492,0.0
7.91428,0.0110542,111.93,0.843648,0.0
7.92165,0.0112751,110.326,0.843307,0.0
7.93478,0.011203,110.226,0.836817,0.0
7.9343,0.01147,112.615,0.871998,0.0
7.94946,0.0113025,112.414,0.850821,0.0
7.95703,0.0114882,111.813,0.850821,0.0
7.95471,0.0114474,113.216,0.851163,0.0
7.96133,0.0117348,113.233,0.856286,0.0
7.96615,0.0116909,111.562,0.857994,0.0
7.95498,0.0115985,112.331,0.85492,0.0
7.97345,0.0115362,113.216,0.827595,0.0
7.98358,0.0116565,112.231,0.8638,0.0
7.96215,0.011264,112.331,0.849796,0.0
7.96159,0.0109699,112.899,0.849796,0.0
7.96161,0.0110272,113.133,0.863117,0.0
7.94531,0.0114064,112.565,0.856969,0.0
7.94216,0.0113045,110.61,0.834426,0.0
7.94194,0.0111446,111.763,0.834768,0.0
7.94286,0.0108141,113.133,0.85287,0.0
7.94615,0.0110926,111.796,0.849113,0.0
7.94199,0.0109883,112.882,0.85936,0.0
7.94606,0.0110388,112.548,0.821447,0.0
7.92678,0.0111733,111.362,0.870631,0.0
7.90677,0.0111902,110.794,0.856628,0.0
7.91203,0.0111646,112.047,0.855603,0.0
7.89768,0.0111098,110.142,0.847064,0.0
7.87437,0.0106638,109.992,0.834768,0.0
7.87298,0.0106694,111.612,0.856969,0.0
7.86687,0.0110962,109.19,0.86585,0.0
7.85695,0.0107214,110.493,0.844673,0.0
7.85274,0.0107861,111.161,0.855944,0.0
7.84443,0.0107122,108.939,0.847064,0.0
7.83837,0.0109057,109.875,0.868582,0.0
7.84828,0.01055,110.276,0.840916,0.0
7.87021,0.0106973,110.66,0.83306,0.0
7.86765,0.0110042,109.591,0.841599,0.0
7.85865,0.010825,109.708,0.821105,0.0
7.86233,0.0107486,108.789,0.837842,0.0
7.85264,0.0109621,110.192,0.860726,0.0
7.85497,0.0112121,109.307,0.855944,0.0
7.87741,0.0111117,109.19,0.846722,0.0
7.89102,0.0109561,111.211,0.856969,0.0
7.89195,0.0106889,111.997,0.873022,0.0
7.87122,0.0110132,110.276,0.855261,0.0
7.86379,0.0107901,110.359,0.849455,0.0
7.8811,0.0110156,111.529,0.858677,0.0
7.86746,0.0110156,109.908,0.849455,0.0
7.8506,0.0107639,110.008,0.859702,0.0
7.86125,0.0110766,110.125,0.845356,0.0
7.85464,0.0109238,110.409,0.845015,0.0
7.84124,0.0108001,107.251,0.82657,0.0
7.84647,0.0106855,110.576,0.846722,0.0
7.84929,0.0109998,109.674,0.83306,0.0
7.85351,0.01116,110.643,0.851846,0.0
7.86462,0.0104736,111.245,0.856286,0.0
7.86111,0.0108665,109.841,0.845698,0.0
7.8463,0.0105792,109.975,0.833743,0.0
7.86085,0.0108643,110.008,0.856969,0.0
7.88323,0.0108304,111.111,0.829303,0.0
7.87968,0.0110917,110.226,0.863459,0.0
7.87238,0.0107264,109.758,0.846039,0.0
7.87762,0.0108876,111.546,0.840916,0.0
7.90792,0.0111771,111.094,0.847064,0.0
7.90438,0.0107915,111.378,0.839891,0.0
7.87837,0.0109646,109.056,0.842282,0.0
7.87249,0.0108433,109.791,0.87029,0.0
7.88402,0.0109553,110.911,0.852187,0.0
7.91216,0.011019,111.362,0.85492,0.0
7.90629,0.0110192,110.075,0.846039,0.0
7.88196,0.0110536,110.443,0.854237,0.0
7.8982,0.0110728,111.412,0.847064,0.0
7.92166,0.0110972,112.364,0.865166,0.0
7.92418,0.0110387,111.646,0.845015,0.0
7.91356,0.0108046,111.746,0.839208,0.0
7.90894,0.0110272,110.226,0.847747,0.0
7.90544,0.0112085,111.512,0.844331,0.0
7.9195,0.0109749,111.846,0.844673,0.0
7.93604,0.0109295,111.88,0.847747,0.0
7.93324,0.0108569,110.543,0.836817,0.0
7.92454,0.0108832,111.312,0.852187,0.0
7.93402,0.0109282,113.266,0.857311,0.0
7.93986,0.0110263,112.197,0.853895,0.0
7.92091,0.0111475,111.98,0.848089,0.0
7.91147,0.0109537,110.71,0.861409,0.0
7.89022,0.0107586,110.259,0.844331,0.0
7.86736,0.0107346,109.891,0.846722,0.0
7.8561,0.0108844,109.323,0.850821,0.0
7.84082,0.0106558,110.326,0.850479,0.0
7.84171,0.0108413,109.357,0.848772,0.0
7.8515,0.0112344,110.109,0.842624,0.0
7.83807,0.0107316,109.156,0.868582,0.0
7.83158,0.0110165,108.772,0.857994,0.0
7.83499,0.0107671,107.987,0.842624,0.0
7.84361,0.0109655,110.777,0.840233,0.0
7.87966,0.0109697,110.86,0.834768,0.0
7.8851,0.0112056,110.175,0.823496,0.0
7.89145,0.0110443,110.744,0.846722,0.0
7.9351,0.0111153,112.548,0.85287,0.0
7.9844,0.0114702,113.851,0.840916,0.0
8.05833,0.0117566,115.338,0.83306,0.0
8.17786,0.0129202,117.226,0.847405,0.0
8.31984,0.0136146,120.752,0.839891,0.0
8.49136,0.0141407,124.11,0.84843,0.0
8.67414,0.014843,126.533,0.849113,0.0
8.73248,0.0141063,126.149,0.841941,0.0
8.665,0.014032,125.196,0.844331,0.0
8.56712,0.0150318,125.698,0.865166,0.0
8.41054,0.015678,120.317,0.867557,0.0
8.11895,0.014448,114.47,0.836817,0.0
7.81229,0.0119895,106.917,0.849455,0.0
7.63863,0.0106286,102.941,0.851163,0.0
7.54392,0.0102358,100.936,0.862434,0.0
7.46225,0.0102311,97.8112,0.857994,0.0
7.36848,0.00977922,93.35,0.845698,0.0
7.2743,0.00949381,91.5957,0.848089,0.0
7.18604,0.00884214,86.7335,0.832718,0.0
7.08859,0.00842364,84.2774,0.843307,0.0
7.0281,0.00822859,81.7878,0.828961,0.0
7.00403,0.00808748,80.3175,0.828961,0.0
6.98117,0.00796474,81.086,0.825887,0.0
6.96566,0.00817393,78.5464,0.848089,0.0
6.95202,0.00790722,78.2122,0.834085,0.0
6.92649,0.0077168,76.8755,0.829644,0.0
6.89709,0.00773386,75.9064,0.826912,0.0
6.86886,0.00756096,73.9014,0.809834,0.0
6.83512,0.007402,72.5313,0.829986,0.0
6.79436,0.00722422,69.2063,0.8112,0.0
6.74288,0.00712923,67.5188,0.813591,0.0
6.68076,0.00680871,61.7878,0.783193,0.0
6.61149,0.00658447,59.5823,0.789341,0.0
6.54499,0.0060048,55.6391,0.776703,0.0
6.48667,0.00589535,51.3617,0.748012,0.0
6.4313,0.00550219,46.9507,0.72342,0.0
6.38151,0.00525489,44.1437,0.725469,0.0
6.34258,0.00520173,41.604,0.716247,0.0
6.3056,0.00503358,37.9282,0.690289,0.0
6.25701,0.00473039,34.3024,0.681408,0.0
6.21063,0.00433762,29.8747,0.627101,0.0
6.17909,0.00425814,26.8505,0.604558,0.0
6.15409,0.00385299,25.33,0.590212,0.0
6.14086,0.00382341,24.127,0.582698,0.0
6.13143,0.00365162,23.2247,0.579624,0.0
6.12143,0.00371045,21.6876,0.553324,0.0
6.11855,0.0035496,22.6566,0.558789,0.0
6.11505,0.00353364,21.6541,0.562888,0.0
6.09842,0.0034711,20.6182,0.547176,0.0
6.08266,0.00332263,18.5965,0.529415,0.0
6.07338,0.00318706,17.6107,0.503115,0.0
6.06887,0.00313279,17.4102,0.513703,0.0
6.07211,0.00321429,17.477,0.507214,0.0
6.07038,0.00315996,16.7419,0.501407,0.0
6.06505,0.00310295,15.9398,0.489453,0.0
6.06565,0.00310549,17.6107,0.506189,0.0
6.06997,0.00306842,16.5079,0.489453,0.0
6.06832,0.00304803,16.7251,0.49765,0.0
6.06778,0.00304927,17.0092,0.503457,0.0
6.07368,0.00309891,17.6942,0.514728,0.0
6.07474,0.0031382,18.7135,0.516777,0.0
6.07453,0.00319181,17.477,0.511995,0.0
6.08129,0.0032451,18.6967,0.525316,0.0
6.08388,0.00313585,18.5965,0.521559,0.0
6.08483,0.00317676,19.2648,0.52839,0.0
6.08685,0.00319631,18.1119,0.518144,0.0
6.09152,0.00324152,20.0501,0.544785,0.0
6.09209,0.00321338,18.9641,0.53044,0.0
6.09542,0.00326054,20.0334,0.537612,0.0
6.10379,0.0033524,20.3342,0.539662,0.0
6.10739,0.00336393,20.6182,0.546493,0.0
6.10827,0.0034784,20.8855,0.566645,0.0
6.10911,0.00342439,21.2698,0.56118,0.0
6.1131,0.00342967,20.9858,0.551958,0.0
6.12331,0.00356198,22.406,0.564595,0.0
6.12753,0.00353442,22.1721,0.560155,0.0
6.12872,0.00362289,22.5063,0.569377,0.0
6.13583,0.0036038,23.8095,0.571427,0.0
6.14418,0.00370537,23.9432,0.582015,0.0
6.15246,0.00368465,25.0794,0.597043,0.0
6.16483,0.00390498,26.0485,0.600117,0.0
6.17202,0.00397293,26.6332,0.599776,0.0
6.17422,0.00392205,26.1988,0.597727,0.0
6.18471,0.00403703,28.4211,0.627784,0.0
6.20133,0.00406641,29.8413,0.639055,0.0
6.21155,0.00418381,30.7435,0.645203,0.0
6.21723,0.00426361,31.0443,0.640421,0.0
6.21877,0.00426987,30.4261,0.633249,0.0
6.21527,0.00420394,31.3617,0.641788,0.0
6.20872,0.00417514,29.5238,0.616512,0.0
6.20758,0.0042483,30.4094,0.640763,0.0
6.19862,0.00410726,28.6884,0.62471,0.0
6.16958,0.00412465,26.8003,0.601484,0.0
6.14249,0.00390283,24.7285,0.594311,0.0
6.12819,0.00373586,22.3726,0.556398,0.0
6.11415,0.00349403,20.4678,0.536929,0.0
6.10131,0.00340934,20.6516,0.547176,0.0
6.09877,0.00332764,20.4511,0.547176,0.0
6.09286,0.00332471,19.2481,0.542394,0.0
6.07847,0.00320908,17.7109,0.509263,0.0
6.07088,0.00309566,17.2431,0.505164,0.0
6.06775,0.00305292,16.8254,0.494918,0.0
6.06104,0.00302712,16.391,0.485354,0.0
6.05558,0.00304706,15.5556,0.48228,0.0
6.05462,0.0029653,15.6892,0.486379,0.0
6.05328,0.00298992,14.9039,0.480914,0.0
6.05155,0.00289709,15.8229,0.475107,0.0
6.05117,0.0029165,15.4887,0.487745,0.0
6.04799,0.00291116,15.1546,0.48228,0.0
6.04475,0.00286679,14.5865,0.459054,0.0
6.04485,0.00281155,14.8538,0.462811,0.0
6.04669,0.00289096,14.4528,0.460762,0.0
6.04136,0.00273826,14.152,0.467593,0.0
6.03687,0.00284497,13.9181,0.465885,0.0
6.0401,0.00291318,14.4027,0.468276,0.0
6.04219,0.00280556,14.6199,0.461103,0.0
6.04453,0.00287409,14.6366,0.472375,0.0
6.0472,0.00290634,14.787,0.481255,0.0
6.04482,0.0028481,14.7703,0.461786,0.0
6.03837,0.00286536,13.6174,0.446416,0.0
6.03623,0.0027752,13.6341,0.450857,0.0
6.03802,0.00270614,14.0184,0.454272,0.0
6.03724,0.00276445,14.2857,0.470667,0.0
6.04024,0.00277103,13.985,0.454614,0.0
6.04237,0.0027995,13.5505,0.450857,0.0
6.03659,0.00284119,14.1353,0.462811,0.0
6.03727,0.00283077,14.0184,0.462811,0.0
6.04025,0.00284393,13.4169,0.454955,0.0
6.03816,0.00274275,14.0351,0.457346,0.0
6.03731,0.002798,13.7343,0.456322,0.0
6.03683,0.00282803,14.4695,0.463836,0.0
6.03572,0.00276328,13.8012,0.454272,0.0
6.03594,0.00274914,13.5505,0.454614,0.0
6.03504,0.00276588,13.7678,0.462811,0.0
6.03722,0.00278113,13.5673,0.447441,0.0
6.03875,0.00280458,14.1353,0.459737,0.0
6.03614,0.00282341,13.584,0.453589,0.0
6.03611,0.00275963,13.8179,0.459737,0.0
6.036,0.0026853,13.985,0.449832,0.0
6.03502,0.00277266,13.4837,0.456663,0.0
6.03669,0.0027851,14.269,0.468276,0.0
6.04151,0.0027739,14.5196,0.470667,0.0
6.04144,0.00279793,14.2356,0.459054,0.0
6.03773,0.00278262,14.269,0.465202,0.0
6.04268,0.00289865,14.787,0.483305,0.0
6.04592,0.00285207,14.2022,0.475107,0.0
6.04486,0.00287598,14.5363,0.464177,0.0
6.04576,0.00284347,15.2214,0.465202,0.0
6.04555,0.00289253,14.4695,0.471692,0.0
6.04769,0.00296373,15.0209,0.468276,0.0
6.04633,0.00290608,14.2523,0.466568,0.0
6.04597,0.00286061,15.5054,0.479206,0.0
6.04777,0.00289689,14.4862,0.469984,0.0
6.04481,0.00280536,15.3551,0.478181,0.0
6.04707,0.00280458,15.0543,0.468618,0.0
6.04786,0.00284771,14.1688,0.457688,0.0
6.04854,0.00292999,15.5054,0.482621,0.0
6.05439,0.00304901,15.5388,0.48228,0.0
6.0529,0.00292836,15.0877,0.47579,0.0
6.05397,0.00301377,15.6892,0.48672,0.0
6.05977,0.00307533,15.589,0.488086,0.0
6.05734,0.00299546,15.8062,0.482621,0.0
6.05341,0.00298132,15.7561,0.481938,0.0
6.05371,0.00293324,15.4553,0.481938,0.0
6.05451,0.00292087,15.1713,0.473058,0.0
6.05342,0.00292295,15.2047,0.478523,0.0
6.05528,0.00298386,16.0735,0.488086,0.0
6.06152,0.00312061,16.6249,0.494918,0.0
6.06255,0.00304901,16.1236,0.491844,0.0
6.05684,0.00289096,16.2072,0.479889,0.0
6.05806,0.00300386,16.1404,0.488428,0.0
6.05736,0.00302549,15.9231,0.502432,0.0
6.04978,0.00294986,15.589,0.477157,0.0
6.05409,0.00298074,15.8897,0.496625,0.0
6.05888,0.00297546,15.8062,0.481938,0.0
6.05709,0.00308771,16.2072,0.494234,0.0
6.05591,0.0031279,15.1713,0.481255,0.0
6.05623,0.0030466,15.6391,0.490136,0.0
6.06176,0.00303605,16.4745,0.482621,0.0
6.06514,0.00311533,16.5581,0.500383,0.0
6.06309,0.00304328,15.4386,0.487062,0.0
6.06251,0.00315149,16.391,0.495601,0.0
6.0656,0.0031352,16.8254,0.507214,0.0
6.05814,0.00310035,15.0877,0.477498,0.0
6.05226,0.00296966,15.8396,0.482963,0.0
6.05205,0.00296406,14.6366,0.465885,0.0
6.04537,0.00297129,15.3049,0.47784,0.0
6.04237,0.00289253,14.1019,0.462811,0.0
6.04138,0.00284002,14.4695,0.462128,0.0
6.04003,0.00277995,14.1353,0.467593,0.0
6.04237,0.00279344,14.8037,0.46486,0.0
6.04085,0.0028193,13.467,0.447441,0.0
6.03488,0.00278386,13.9683,0.452223,0.0
6.03226,0.00269246,13.7678,0.461445,0.0
6.03138,0.00277702,13.1662,0.445392,0.0
6.03347,0.00270197,13.6675,0.450515,0.0
6.03639,0.00271859,13.7009,0.451881,0.0
6.03415,0.00277618,13.5171,0.455638,0.0
6.0337,0.00281533,13.467,0.468276,0.0
6.03278,0.00276347,12.9825,0.437877,0.0
6.02946,0.00270321,13.5338,0.459396,0.0
6.0344,0.00276751,14.0017,0.462811,0.0
6.03546,0.00278601,13.2164,0.450857,0.0
6.02948,0.00274334,13.3668,0.454272,0.0
6.02819,0.00266197,12.381,0.448466,0.0
6.03041,0.00267937,13.7845,0.458371,0.0
6.02953,0.00269578,12.9156,0.44505,0.0
6.02971,0.00268686,13.3668,0.445392,0.0
6.03307,0.00265709,13.5004,0.447441,0.0
6.03001,0.00262666,12.1972,0.42968,0.0
6.02901,0.00273852,13.7176,0.456322,0.0
6.02989,0.00263904,12.6316,0.442659,0.0
6.02518,0.00259181,12.4478,0.42524,0.0
6.02821,0.00273689,12.7987,0.443001,0.0
6.03282,0.00275735,13.1495,0.446075,0.0
6.03046,0.00272028,12.8488,0.442318,0.0
6.03183,0.0027064,13.5171,0.456322,0.0
6.03747,0.00277513,13.6508,0.450857,0.0
6.03383,0.0027023,13.8513,0.447099,0.0
6.03006,0.00272647,12.7318,0.433779,0.0
6.03116,0.00279435,13.7845,0.462128,0.0
6.02902,0.00266849,13.0159,0.446416,0.0
6.02921,0.0026853,13.2832,0.451881,0.0
6.03216,0.00271852,13.2665,0.455297,0.0
6.03858,0.00283709,14.4027,0.464177,0.0
6.04208,0.00282673,14.0017,0.454955,0.0
6.03645,0.00281533,14.0518,0.457688,0.0
6.04108,0.0028096,14.3358,0.467593,0.0
6.04447,0.0028195,14.1855,0.453248,0.0
6.04108,0.00279109,14.6366,0.468959,0.0
6.04691,0.00292666,14.9708,0.468618,0.0
6.05286,0.00283924,14.8371,0.465885,0.0
6.05779,0.0028752,16.2406,0.495601,0.0
6.06644,0.00303097,15.873,0.490477,0.0
6.07334,0.00302582,17.8446,0.510629,0.0
6.08032,0.00315514,17.8112,0.517119,0.0
6.08939,0.0033081,19.7828,0.539662,0.0
6.09404,0.00325631,19.716,0.520193,0.0
6.09003,0.00316009,18.3124,0.510288,0.0
6.0915,0.00328693,19.6491,0.533855,0.0
6.09558,0.00323273,19.8162,0.522242,0.0
6.09596,0.00332152,20.3509,0.536929,0.0
6.09673,0.00331325,19.9332,0.530781,0.0
6.08983,0.00321005,18.279,0.51302,0.0
6.08634,0.00323735,19.3317,0.533172,0.0
6.08614,0.00327807,18.5297,0.525658,0.0
6.0842,0.00325435,19.0142,0.535563,0.0
6.08823,0.00321084,19.2147,0.533514,0.0
6.09063,0.00325963,19.2314,0.526341,0.0
6.08768,0.00335364,18.3626,0.519168,0.0
6.08751,0.00332022,19.6491,0.531123,0.0
6.08719,0.00334282,18.6299,0.515411,0.0
6.08774,0.00324953,19.3818,0.522584,0.0
6.08799,0.0032883,18.4628,0.522925,0.0
6.08135,0.00317579,18.0451,0.518144,0.0
6.08246,0.00324549,18.6633,0.522584,0.0
6.08751,0.00321116,18.8471,0.527707,0.0
6.08182,0.00319442,17.6441,0.509605,0.0
6.0814,0.0031965,18.7803,0.511312,0.0
6.0875,0.00322093,18.4294,0.515753,0.0
6.08871,0.00327025,19.3818,0.533855,0.0
6.08853,0.00322321,18.68,0.514045,0.0
6.08985,0.00323911,19.3985,0.53044,0.0
6.08889,0.00326093,19.5155,0.529415,0.0
6.08857,0.00319116,18.9975,0.524975,0.0
6.09001,0.00321983,18.5631,0.51507,0.0
6.08782,0.00329253,19.198,0.533514,0.0
6.08223,0.00311943,18.1454,0.518827,0.0
6.0819,0.0032283,17.8613,0.522925,0.0
6.0887,0.00331644,19.5656,0.537954,0.0
6.09063,0.00334198,18.6299,0.518144,0.0
6.08907,0.00329234,18.4628,0.529415,0.0
6.09278,0.00341201,19.2314,0.535221,0.0
6.09023,0.00322432,19.315,0.527366,0.0
6.0819,0.00315709,18.5798,0.517802,0.0
6.08168,0.00321383,18.4795,0.519851,0.0
6.08532,0.00327729,18.396,0.528732,0.0
6.08493,0.00316771,19.1145,0.525658,0.0
6.08482,0.00322699,18.4628,0.516436,0.0
6.08396,0.00322491,17.9449,0.510629,0.0
6.08122,0.00313474,18.1788,0.518827,0.0
6.08309,0.00317742,18.5129,0.530781,0.0
6.08767,0.00325344,18.8304,0.51951,0.0
6.08404,0.00326686,18.0952,0.516436,0.0
6.07953,0.00319351,17.6942,0.505506,0.0
6.08435,0.00327898,18.2289,0.527366,0.0
6.08533,0.00318243,18.4294,0.518485,0.0
6.08386,0.00318562,18.4127,0.520193,0.0
6.08703,0.003278,18.2122,0.520876,0.0
6.08639,0.00324282,18.5965,0.519168,0.0
6.08085,0.00321553,17.6441,0.518485,0.0
6.07754,0.00314341,17.8613,0.511654,0.0
6.08105,0.00313012,17.6775,0.495942,0.0
6.08135,0.00320224,18.5965,0.523608,0.0
6.0806,0.00325305,18.5965,0.525316,0.0
6.08075,0.00319755,18.0618,0.511995,0.0
6.08171,0.00316308,18.1287,0.525658,0.0
6.08582,0.00331774,18.5798,0.518827,0.0
6.08271,0.00312986,17.9783,0.511312,0.0
6.07922,0.00310614,17.7778,0.517119,0.0
6.08105,0.00312419,18.4795,0.515753,0.0
6.07979,0.00312413,17.5104,0.500724,0.0
6.0763,0.00310334,17.4269,0.494918,0.0
6.07569,0.0031281,16.9424,0.51302,0.0
6.08106,0.00313755,18.6633,0.516777,0.0
6.08453,0.00328882,18.7636,0.517802,0.0
6.07692,0.00313533,17.5606,0.506872,0.0
6.0747,0.0031311,18.2122,0.521559,0.0
6.07991,0.00312321,17.7109,0.515753,0.0
6.07649,0.00309318,18.3124,0.51302,0.0
6.07188,0.00317344,16.9256,0.49765,0.0
6.07311,0.00307123,16.7084,0.489453,0.0
6.07498,0.00309904,18.1955,0.506189,0.0
6.07397,0.0031339,17.8613,0.512679,0.0
6.06875,0.00311468,16.3409,0.480914,0.0
6.06876,0.00305168,17.9449,0.507897,0.0
6.07483,0.00299096,17.2932,0.507214,0.0
6.07669,0.00309168,17.594,0.502432,0.0
6.06984,0.00309253,17.3099,0.508921,0.0
6.06827,0.00304654,16.4912,0.489111,0.0
6.07344,0.00323559,17.3434,0.510288,0.0
6.07195,0.00305943,16.8087,0.497308,0.0
6.07012,0.00301546,17.3266,0.503115,0.0
6.07105,0.00321194,17.4102,0.50209,0.0
6.07027,0.00305741,17.6107,0.505847,0.0
6.06894,0.00305214,17.2097,0.504481,0.0
6.06992,0.00317683,17.4436,0.501066,0.0
6.06956,0.0031154,17.5272,0.505164,0.0
6.06834,0.00310126,17.0092,0.50209,0.0
6.06502,0.00302119,17.7945,0.507897,0.0
6.06563,0.00307448,16.792,0.500041,0.0
6.06644,0.00314732,17.0259,0.505506,0.0
6.0638,0.00306693,15.9064,0.487062,0.0
6.06325,0.00309442,16.3576,0.499358,0.0
6.06672,0.0031066,16.4077,0.50209,0.0
6.06852,0.00308484,17.1596,0.498675,0.0
6.06393,0.00298862,16.7419,0.495259,0.0
6.05884,0.00296608,16.3409,0.483305,0.0
6.05725,0.00296165,16.3074,0.495942,0.0
6.06706,0.00307448,16.6416,0.484329,0.0
6.06947,0.00307742,16.4578,0.484329,0.0
6.06151,0.00303312,16.1404,0.495259,0.0
6.05727,0.00294862,15.6558,0.484329,0.0
6.06157,0.00298204,16.4411,0.502773,0.0
6.06405,0.00307305,16.5079,0.489453,0.0
6.06311,0.0030653,16.3576,0.493551,0.0
6.06204,0.00297175,16.5246,0.487403,0.0
6.06229,0.0030354,16.2573,0.495601,0.0
6.06564,0.00307162,16.4244,0.494576,0.0
6.06586,0.00309077,16.4745,0.492185,0.0
6.06233,0.0029838,16.792,0.494234,0.0
6.05841,0.00296569,15.3216,0.479206,0.0
6.05779,0.00286504,15.2882,0.466568,0.0
6.06122,0.00297566,16.1069,0.484329,0.0
6.06533,0.00305403,16.9256,0.505847,0.0
6.06234,0.00296895,16.3576,0.479206,0.0
6.06199,0.00298217,16.5414,0.48672,0.0
6.0658,0.00305025,16.5246,0.48228,0.0
6.06308,0.00301468,16.6583,0.499016,0.0
6.05939,0.00295116,15.7393,0.475449,0.0
6.06313,0.00301722,16.6249,0.507214,0.0
6.06677,0.00298803,16.5748,0.490477,0.0
6.06507,0.00301566,16.7586,0.498333,0.0
6.06399,0.0029709,15.9733,0.483988,0.0
6.05947,0.0029253,16.0735,0.482621,0.0
6.05863,0.00295292,15.7728,0.480231,0.0
6.05911,0.0029436,15.7895,0.483305,0.0
6.05746,0.00300901,16.0902,0.490477,0.0
6.06109,0.00313005,16.792,0.496625,0.0
6.06109,0.00303266,15.4887,0.486037,0.0
6.05856,0.00308745,16.2072,0.492185,0.0
6.06053,0.0030152,16.1404,0.49116,0.0
6.06144,0.00300738,16.5414,0.499358,0.0
6.06114,0.00303396,15.9064,0.501749,0.0
6.05826,0.00292719,15.8229,0.485696,0.0
6.05678,0.00290934,16.0067,0.490819,0.0
6.06213,0.00303481,16.7586,0.502773,0.0
6.06039,0.00288321,15.3383,0.479206,0.0
6.05624,0.00295103,16.1069,0.492868,0.0
6.06309,0.00298204,16.9591,0.49321,0.0
6.06198,0.002998,16.3074,0.487745,0.0
6.05592,0.00297676,15.6224,0.476815,0.0
6.05621,0.00291735,15.3216,0.487062,0.0
6.06418,0.00299083,16.6917,0.507897,0.0
6.06492,0.00302217,15.873,0.485696,0.0
6.06307,0.00303989,17.1763,0.506531,0.0
6.06564,0.00305924,17.0092,0.497308,0.0
6.05914,0.00295364,15.873,0.474766,0.0
6.05584,0.00304719,16.0067,0.491502,0.0
6.05655,0.00297266,15.7561,0.484329,0.0
6.05224,0.00292289,15.071,0.473399,0.0
6.05195,0.00287859,15.4386,0.478864,0.0
6.0547,0.00288588,15.8229,0.483988,0.0
6.05722,0.00297018,16.1236,0.489111,0.0
6.05196,0.00293982,14.9708,0.474083,0.0
6.04839,0.00286797,14.3525,0.452223,0.0
6.05562,0.00281982,15.99,0.490819,0.0
6.0547,0.00289057,15.188,0.467251,0.0
6.05156,0.00287038,15.7059,0.482963,0.0
6.05851,0.00293181,16.2072,0.491502,0.0
6.0586,0.0028965,16.1404,0.487745,0.0
6.05266,0.00289859,14.5363,0.469642,0.0
6.05195,0.00289618,15.589,0.480572,0.0
6.05119,0.00291351,14.9875,0.467593,0.0
6.04869,0.00284582,15.1713,0.476132,0.0
6.05015,0.00284536,14.4361,0.471692,0.0
6.04826,0.00286354,14.9875,0.474766,0.0
6.0482,0.00293865,14.6533,0.477157,0.0
6.05183,0.00294842,14.4194,0.473741,0.0
6.05264,0.00290575,15.7226,0.474766,0.0
6.05181,0.00290269,14.4862,0.45598,0.0
6.05537,0.00286582,16.2573,0.486037,0.0
6.05539,0.00299005,15.4887,0.489453,0.0
6.05471,0.00296126,15.2047,0.477498,0.0
6.05964,0.00299279,16.5414,0.490819,0.0
6.05466,0.00294751,15.2214,0.472033,0.0
6.04962,0.00287559,14.9875,0.465885,0.0
6.04852,0.00285409,14.8705,0.474766,0.0
6.04698,0.0028223,14.67,0.457688,0.0
6.05029,0.00287865,15.0209,0.469984,0.0
6.05391,0.00292126,15.5054,0.485696,0.0
6.05309,0.00291774,15.9231,0.488428,0.0
6.05081,0.0029965,14.8705,0.483988,0.0
6.04659,0.00288412,14.8705,0.473058,0.0
6.04883,0.00289266,14.7201,0.477498,0.0
6.05085,0.0028496,15.0042,0.473741,0.0
6.04845,0.00290002,14.7201,0.475107,0.0
6.04717,0.002835,14.9039,0.470325,0.0
6.04968,0.00287748,14.9875,0.467593,0.0
6.05101,0.00298341,14.3693,0.453589,0.0
6.05068,0.00292914,15.5388,0.48228,0.0
6.05037,0.00297976,15.2882,0.483646,0.0
6.0482,0.00287741,14.2523,0.463494,0.0
6.04682,0.0029096,15.188,0.485012,0.0
6.04667,0.00287122,14.787,0.469642,0.0
6.04283,0.00282041,14.5196,0.472716,0.0
6.04391,0.00278569,14.6199,0.469642,0.0
6.05016,0.00285631,15.0042,0.474083,0.0
6.04843,0.00288894,14.67,0.476132,0.0
6.04593,0.00287663,14.9541,0.476815,0.0
6.04957,0.00290171,14.6533,0.464177,0.0
6.04816,0.00288334,14.8204,0.465202,0.0
6.04388,0.00286999,14.5865,0.468276,0.0
6.04823,0.00289637,15.1713,0.476815,0.0
6.0469,0.00287064,14.5029,0.466568,0.0
6.04519,0.00284126,14.787,0.468959,0.0
6.04894,0.00287259,15.2381,0.478181,0.0
6.04846,0.00288947,15.2882,0.482963,0.0
6.0446,0.00296425,14.9708,0.476473,0.0
6.04464,0.00285494,14.553,0.471692,0.0
6.04567,0.0028881,14.5698,0.470325,0.0
6.04438,0.00282569,14.4695,0.464519,0.0
6.04374,0.0028221,13.9014,0.449149,0.0
6.04129,0.00279872,14.1186,0.465885,0.0
6.04177,0.00287168,14.1688,0.463494,0.0
6.04274,0.0028109,14.1855,0.460079,0.0
6.04169,0.00281455,14.0685,0.450857,0.0
6.03628,0.00268256,13.4002,0.447099,0.0
6.03414,0.00272556,13.6675,0.446758,0.0
6.03958,0.00277044,13.9348,0.46247,0.0
6.03719,0.00276132,13.4002,0.456322,0.0
6.02881,0.00265311,12.782,0.454272,0.0
6.02894,0.00273272,13.183,0.454955,0.0
6.03121,0.00273109,13.7009,0.461103,0.0
6.02816,0.00264458,12.4645,0.417384,0.0
6.02447,0.00265761,12.2974,0.436511,0.0
6.02522,0.00261233,12.7318,0.439927,0.0
6.02452,0.00267083,12.1637,0.439244,0.0
6.02219,0.00266321,12.1136,0.425923,0.0
6.0191,0.00257389,11.7293,0.422166,0.0
6.01593,0.00247494,12.381,0.432412,0.0
6.01525,0.00246451,11.2448,0.409187,0.0
6.01302,0.00250803,11.5455,0.427972,0.0
6.01528,0.00255468,11.4787,0.424557,0.0
6.01701,0.00254823,12.0134,0.432412,0.0
6.01261,0.00255767,11.462,0.421824,0.0
6.01134,0.00256171,11.3283,0.40987,0.0
6.01153,0.00237305,11.7627,0.413627,0.0
6.00548,0.00244021,10.6099,0.408845,0.0
6.00122,0.00234979,9.7076,0.383911,0.0
6.00677,0.00242171,10.7602,0.405429,0.0
6.00896,0.00247344,10.0084,0.405771,0.0
6.00457,0.00242366,10.6266,0.404063,0.0
6.00148,0.00247077,9.62406,0.387327,0.0
6.00321,0.00245474,10.7602,0.40338,0.0
6.00126,0.00235604,9.82456,0.389718,0.0
5.99708,0.00238151,9.82456,0.393133,0.0
5.99775,0.00240451,9.67419,0.380837,0.0
5.99905,0.00236862,9.92481,0.386985,0.0
5.99688,0.00230627,9.22306,0.38152,0.0
5.99567,0.00233018,9.87469,0.395183,0.0
5.99507,0.00229155,9.17293,0.378446,0.0
5.99437,0.0022593,9.67419,0.384936,0.0
5.9953,0.00231415,9.54052,0.379129,0.0
5.99644,0.00237194,9.62406,0.391767,0.0
5.99444,0.00234151,9.20635,0.386302,0.0
5.99142,0.00229083,8.60485,0.36171,0.0
5.99049,0.00228138,9.25647,0.381862,0.0
5.9881,0.00220666,8.53801,0.369224,0.0
5.9881,0.00224093,9.1061,0.370249,0.0
5.99176,0.00223995,9.45698,0.378788,0.0
5.99095,0.00230256,8.62155,0.374689,0.0
5.9905,0.00234523,9.27318,0.390059,0.0
5.99051,0.00222809,9.03926,0.37264,0.0
5.98562,0.00215037,8.08688,0.349755,0.0
5.98562,0.00213858,8.75522,0.367516,0.0
5.98508,0.00210953,8.1203,0.35727,0.0
5.98197,0.00210523,8.15372,0.356245,0.0
5.98246,0.00208568,7.76942,0.342924,0.0
5.98237,0.00211715,8.03676,0.354537,0.0
5.98607,0.00216288,8.97243,0.372298,0.0
5.98788,0.00218073,8.42105,0.368541,0.0
5.98415,0.00219109,8.45447,0.369566,0.0
5.98499,0.00217226,8.43776,0.36615,0.0
5.98791,0.00219441,8.63826,0.371957,0.0
5.98669,0.0021776,8.75522,0.37264,0.0
5.98776,0.00223474,8.67168,0.365467,0.0
5.98835,0.0022008,8.60485,0.364784,0.0
5.98642,0.00218757,8.68839,0.37264,0.0
5.98601,0.00216842,8.17043,0.356587,0.0
5.98584,0.00216646,8.35422,0.363759,0.0
5.98754,0.0022348,8.53801,0.369907,0.0
5.98825,0.00220386,8.55472,0.360344,0.0
5.98692,0.00226197,8.5213,0.373323,0.0
5.98419,0.00213109,8.38764,0.354879,0.0
5.98422,0.00217324,8.43776,0.362393,0.0
5.98782,0.00222216,8.87218,0.371957,0.0
5.98762,0.00217422,8.43776,0.358636,0.0
5.98651,0.00227793,8.60485,0.372981,0.0
5.98818,0.00216171,8.40434,0.362052,0.0
5.98706,0.0021735,8.50459,0.370249,0.0
5.98288,0.00214001,8.35422,0.360685,0.0
5.98112,0.00216933,7.80284,0.349072,0.0
5.98209,0.0021449,8.15372,0.352488,0.0
5.98118,0.00206966,7.78613,0.351122,0.0
5.9811,0.00215272,7.96992,0.352829,0.0
5.9852,0.00216946,8.57143,0.369566,0.0
5.98469,0.00217357,8.30409,0.361368,0.0
5.97852,0.00208744,8.08688,0.353854,0.0
5.97812,0.00209135,7.66917,0.349414,0.0
5.97813,0.00208497,7.28488,0.339509,0.0
5.97771,0.00210659,8.08688,0.352829,0.0
5.97591,0.00203239,7.40184,0.338826,0.0
5.97509,0.00204842,7.40184,0.344632,0.0
5.97673,0.00206672,7.76942,0.35078,0.0
5.97482,0.00206972,6.91729,0.327554,0.0
5.9737,0.00206223,7.85297,0.343266,0.0
5.97411,0.00203076,6.90058,0.330628,0.0
5.97173,0.00198594,7.35171,0.343607,0.0
5.96962,0.00201239,6.68338,0.330628,0.0
5.96677,0.00193539,6.39933,0.317991,0.0
5.96809,0.00197728,7.16792,0.329262,0.0
5.9703,0.00191617,6.75021,0.324139,0.0
5.96806,0.0019305,6.70008,0.33097,0.0
5.96692,0.0019907,6.81704,0.331994,0.0
5.96781,0.00199298,6.70008,0.323114,0.0
5.96972,0.00196151,6.71679,0.330287,0.0
5.96988,0.00193545,7.00084,0.331653,0.0
5.96843,0.00194431,6.46617,0.323455,0.0
5.96551,0.00189519,6.49958,0.320381,0.0
5.96577,0.00193676,6.04845,0.316624,0.0
5.96637,0.00194594,6.43275,0.319357,0.0
5.9645,0.00190705,5.9482,0.309452,0.0
5.96502,0.0019834,7.11779,0.3419,0.0
5.96239,0.00188666,5.96491,0.312526,0.0
5.95973,0.00179767,5.88137,0.307402,0.0
5.96293,0.00183773,6.16541,0.305353,0.0
5.96243,0.00190809,5.81454,0.307061,0.0
5.96068,0.0018621,5.9482,0.312184,0.0
5.96097,0.00185187,6.16541,0.311842,0.0
5.96205,0.00187578,6.09858,0.313209,0.0
5.96049,0.00180965,6.03175,0.306719,0.0
5.95964,0.00178659,5.63074,0.304328,0.0
5.95841,0.00181715,5.63074,0.295789,0.0
5.95772,0.00176131,5.84795,0.303987,0.0
5.9601,0.00180034,5.9482,0.306719,0.0
5.96095,0.0018662,5.61404,0.303987,0.0
5.96069,0.001815,6.132,0.313892,0.0
5.96053,0.00179382,5.69758,0.301937,0.0
5.95812,0.00174392,5.5472,0.294081,0.0
5.95981,0.00182294,5.83124,0.307402,0.0
5.96209,0.00184607,6.04845,0.314917,0.0
5.96159,0.0018479,5.48037,0.294765,0.0
5.95942,0.00180496,6.09858,0.310476,0.0
5.96129,0.00187389,5.89808,0.308427,0.0
5.96272,0.00186106,6.16541,0.317991,0.0
5.96321,0.00188255,6.14871,0.317649,0.0
5.96227,0.0018376,6.08187,0.310135,0.0
5.96019,0.00185044,5.86466,0.305353,0.0
5.95755,0.00178522,5.66416,0.295789,0.0
5.95734,0.00179356,5.58062,0.298522,0.0
5.95661,0.00183969,5.56391,0.302962,0.0
5.95466,0.0017019,5.46366,0.299205,0.0
5.95175,0.00169943,4.77861,0.279394,0.0
5.94962,0.00165102,4.72849,0.282468,0.0
5.9503,0.00175597,4.64495,0.275637,0.0
5.94928,0.00168594,4.5614,0.274613,0.0
5.94811,0.00168314,4.71178,0.277004,0.0
5.9498,0.00164679,4.47786,0.272563,0.0
5.94883,0.00161793,4.7619,0.274271,0.0
5.9477,0.00166223,4.92899,0.287933,0.0
5.94786,0.00158581,4.1604,0.258559,0.0
5.94981,0.00164679,4.92899,0.280078,0.0
5.95045,0.00164561,4.64495,0.272563,0.0
5.94769,0.00167597,4.17711,0.258901,0.0
5.94545,0.00156066,4.24394,0.261633,0.0
5.94777,0.00164079,4.1604,0.263683,0.0
5.94799,0.00160301,4.46115,0.275296,0.0
5.94556,0.00158425,4.34419,0.268465,0.0
5.94592,0.00156314,4.02673,0.254802,0.0
5.94658,0.00160685,4.24394,0.263683,0.0
5.94531,0.00158268,4.47786,0.268465,0.0
5.9457,0.00156633,4.26065,0.265049,0.0
5.94735,0.00163369,4.46115,0.269148,0.0
5.94825,0.00159591,4.51128,0.268123,0.0
5.94569,0.00160705,4.17711,0.261975,0.0
5.9425,0.00157024,4.04344,0.254461,0.0
5.9407,0.00148626,3.77611,0.245922,0.0
5.94304,0.00151454,4.06015,0.260267,0.0
5.94675,0.00164881,4.64495,0.279394,0.0
5.94534,0.0016032,4.14369,0.263341,0.0
5.94312,0.00156679,4.07686,0.251728,0.0
5.94524,0.00156086,3.92648,0.251045,0.0
5.94572,0.00156868,4.26065,0.264024,0.0
5.94469,0.00162535,4.34419,0.265049,0.0
5.94437,0.00162444,4.27736,0.267781,0.0
5.94449,0.0015335,4.44444,0.270856,0.0
5.94531,0.00156574,4.17711,0.255485,0.0
5.94517,0.0015647,4.22723,0.258901,0.0
5.94453,0.00152138,3.90977,0.254119,0.0
5.94182,0.00145643,4.11028,0.259243,0.0
5.94198,0.00151942,3.97661,0.254802,0.0
5.94326,0.00151428,3.9599,0.24763,0.0
5.94048,0.00150008,3.60902,0.242506,0.0
5.94205,0.00150672,4.21053,0.25651,0.0
5.94443,0.00154587,3.7594,0.253436,0.0
5.94171,0.00156952,3.74269,0.246263,0.0
5.94188,0.0015105,3.89307,0.246946,0.0
5.94238,0.00148679,3.27485,0.23021,0.0
5.94162,0.00155167,4.21053,0.263,0.0
5.94293,0.00155102,4.09357,0.259926,0.0
5.93941,0.00149011,3.19131,0.231576,0.0
5.93753,0.0014391,3.50877,0.237383,0.0
5.94312,0.00151877,4.24394,0.259584,0.0
5.94354,0.00155004,3.94319,0.253778,0.0
5.9405,0.0015333,3.45865,0.240457,0.0
5.94315,0.00156105,4.14369,0.253778,0.0
5.94282,0.00152503,3.72598,0.247971,0.0
5.94034,0.00151701,3.97661,0.254802,0.0
5.94144,0.00149343,3.85965,0.247288,0.0
5.94255,0.00150366,3.64244,0.244556,0.0
5.94269,0.00152392,3.79282,0.248654,0.0
5.94496,0.00158542,4.82874,0.284518,0.0
5.94365,0.00156203,3.72598,0.253436,0.0
5.94014,0.00152724,3.65915,0.240457,0.0
5.94307,0.00151929,4.24394,0.261633,0.0
5.9434,0.00151499,3.49206,0.239091,0.0
5.9388,0.00143473,3.62573,0.242848,0.0
5.93871,0.00148783,3.54219,0.241823,0.0
5.93811,0.00142672,3.34169,0.233626,0.0
5.93736,0.00142196,3.57561,0.239091,0.0
5.93943,0.00146157,3.24144,0.231576,0.0
5.93973,0.00143851,3.29156,0.229527,0.0
5.93828,0.00143069,3.45865,0.235675,0.0
5.94154,0.00152464,3.62573,0.248654,0.0
5.94302,0.00155871,3.80952,0.244556,0.0
5.94029,0.00148574,3.57561,0.2367,0.0
5.93806,0.0014477,3.60902,0.241482,0.0
5.9395,0.00146034,3.34169,0.236017,0.0
5.9394,0.00146542,3.79282,0.244214,0.0
5.93933,0.00144021,3.54219,0.238408,0.0
5.94086,0.00144874,3.92648,0.247971,0.0
5.94087,0.00148496,3.65915,0.246263,0.0
5.93902,0.00145011,3.47536,0.239774,0.0
5.93908,0.00143955,3.45865,0.235675,0.0
5.94085,0.0014518,3.54219,0.239432,0.0
5.94158,0.00149174,3.89307,0.249337,0.0
5.94238,0.00155734,4.27736,0.264707,0.0
5.9413,0.00149343,3.49206,0.2367,0.0
5.93831,0.0014705,3.47536,0.239774,0.0
5.93934,0.00146705,3.89307,0.254802,0.0
5.9396,0.00152385,3.64244,0.244556,0.0
5.93784,0.00144952,3.52548,0.247971,0.0
5.93835,0.00145258,3.50877,0.241823,0.0
5.9397,0.00151714,3.84294,0.248996,0.0
5.93805,0.0014505,3.14119,0.229869,0.0
5.9382,0.00145167,3.40852,0.2367,0.0
5.94063,0.0014903,3.64244,0.244556,0.0
5.93902,0.00142848,3.65915,0.242848,0.0
5.93809,0.00144183,3.50877,0.238408,0.0
5.9374,0.00140151,3.19131,0.227819,0.0
5.93519,0.00141877,3.30827,0.239774,0.0
5.93733,0.00145936,3.47536,0.236358,0.0
5.9383,0.00144424,3.25815,0.228502,0.0
5.93755,0.00148242,3.47536,0.238749,0.0
5.93716,0.00146105,3.22473,0.229869,0.0
5.93717,0.0014204,3.67586,0.244214,0.0
5.9382,0.00143239,3.49206,0.242506,0.0
5.93937,0.0014748,3.89307,0.243531,0.0
5.93924,0.00148548,3.69256,0.243531,0.0
5.93675,0.00142444,3.39181,0.233967,0.0
5.93363,0.0013318,2.84043,0.21928,0.0
5.93481,0.00137108,2.84043,0.215182,0.0
5.93683,0.00141037,3.47536,0.234992,0.0
5.93721,0.00141043,3.47536,0.238749,0.0
5.93618,0.00139564,3.1746,0.230893,0.0
5.93488,0.00137532,2.9741,0.220988,0.0
5.9356,0.00137473,2.99081,0.220305,0.0
5.93711,0.00144118,3.19131,0.228844,0.0
5.93638,0.00142027,3.65915,0.244897,0.0
5.93724,0.00144959,3.45865,0.243872,0.0
5.93757,0.00141955,3.20802,0.233284,0.0
5.93498,0.00138301,3.15789,0.226795,0.0
5.93571,0.0014047,3.44194,0.240115,0.0
5.93835,0.00150151,3.67586,0.244214,0.0
5.93606,0.00135395,3.00752,0.220646,0.0
5.93139,0.0013232,2.67335,0.20835,0.0
5.93503,0.0013834,3.29156,0.230893,0.0
5.93799,0.00141161,3.45865,0.237041,0.0
5.9371,0.00147968,3.42523,0.240798,0.0
5.93596,0.00141819,3.3751,0.235675,0.0
5.93558,0.00141037,3.05764,0.220988,0.0
5.935,0.00139278,3.02423,0.222696,0.0
5.93506,0.00138333,3.10777,0.224062,0.0
5.93599,0.00137779,2.99081,0.217572,0.0
5.93719,0.00142841,3.30827,0.234992,0.0
5.9378,0.00143193,3.34169,0.232259,0.0
5.93497,0.0014417,3.42523,0.233626,0.0
5.93379,0.00139512,2.92398,0.217914,0.0
5.93586,0.00142737,3.12448,0.224404,0.0
5.93565,0.00140125,3.12448,0.226795,0.0
5.93518,0.00134542,2.92398,0.220646,0.0
5.93431,0.00136731,3.04094,0.220646,0.0
5.93535,0.00140463,2.95739,0.220305,0.0
5.93499,0.00137512,2.74018,0.208009,0.0
5.93294,0.00133252,3.00752,0.222013,0.0
5.93517,0.00135675,3.1746,0.228502,0.0
5.93742,0.00138802,3.24144,0.226795,0.0
5.93472,0.00136007,2.92398,0.216889,0.0
5.93395,0.00134151,3.60902,0.241482,0.0
5.93446,0.00135467,3.04094,0.21928,0.0
5.93446,0.00134841,3.1746,0.229869,0.0
5.93508,0.00142724,3.20802,0.228161,0.0
5.93349,0.0013406,2.63993,0.216206,0.0
5.93225,0.0013662,2.90727,0.21484,0.0
5.93348,0.0013002,2.9741,0.217231,0.0
5.93375,0.00136672,2.87385,0.216548,0.0
5.93364,0.00133695,3.12448,0.226795,0.0
5.93395,0.00137558,2.80702,0.216889,0.0
5.93384,0.00134913,2.9741,0.218256,0.0
5.93531,0.00136965,3.24144,0.228161,0.0
5.93586,0.00139806,3.00752,0.223379,0.0
5.93544,0.00141271,3.07435,0.225428,0.0
5.9371,0.00139851,3.15789,0.224404,0.0
5.93566,0.00137851,3.07435,0.218939,0.0
5.93283,0.00131395,2.7736,0.2104,0.0
5.93235,0.00132678,2.84043,0.215182,0.0
5.9325,0.00129499,2.7736,0.216889,0.0
5.93158,0.00133428,3.02423,0.223721,0.0
5.93267,0.0013462,2.90727,0.21484,0.0
5.93394,0.00135148,3.00752,0.216889,0.0
5.93499,0.00137121,3.00752,0.219622,0.0
5.93445,0.00134913,2.90727,0.218597,0.0
5.93285,0.00134366,2.9741,0.219622,0.0
5.93289,0.0013002,2.9741,0.220988,0.0
5.93338,0.0013174,3.09106,0.224745,0.0
5.93293,0.00132007,2.87385,0.215182,0.0
5.93248,0.00133258,3.02423,0.225087,0.0
5.93232,0.00131226,2.79031,0.20835,0.0
5.93331,0.00134444,2.99081,0.222696,0.0
5.9353,0.00140307,2.95739,0.221671,0.0
5.9342,0.00137076,3.09106,0.229527,0.0
5.93222,0.00133564,3.00752,0.220646,0.0
5.93223,0.00133317,2.72348,0.212791,0.0
5.93132,0.00130372,2.94069,0.220988,0.0
5.9331,0.00130776,3.12448,0.226795,0.0
5.93357,0.00132047,2.9741,0.215865,0.0
5.93239,0.00130965,2.84043,0.215182,0.0
5.93302,0.00132665,2.80702,0.211424,0.0
5.93272,0.00131258,3.14119,0.227478,0.0
5.93282,0.00131069,2.80702,0.217914,0.0
5.93252,0.00135708,2.89056,0.218256,0.0
5.93272,0.00129656,2.69006,0.206301,0.0
5.93283,0.00131493,2.72348,0.210058,0.0
5.93119,0.00131786,2.89056,0.214498,0.0
5.93122,0.00131643,2.55639,0.20835,0.0
5.93123,0.00126574,2.47285,0.199811,0.0
5.9321,0.00126815,2.80702,0.211424,0.0
5.93299,0.00131786,2.94069,0.222354,0.0
5.93299,0.00133825,2.90727,0.218597,0.0
5.93208,0.00130053,2.99081,0.22133,0.0
5.93409,0.00133519,3.10777,0.225087,0.0
5.93443,0.00142529,3.04094,0.221671,0.0
5.93368,0.00145395,3.10777,0.224062,0.0
5.93332,0.00134327,2.92398,0.216889,0.0
5.93245,0.00131832,2.90727,0.21484,0.0
5.93146,0.00129213,2.82373,0.21484,0.0
5.93144,0.00131669,2.62322,0.206643,0.0
5.93308,0.00130633,2.90727,0.216206,0.0
5.93176,0.00130261,2.5731,0.204593,0.0
5.93141,0.0012789,2.85714,0.219622,0.0
5.93211,0.00132568,2.7736,0.216889,0.0
5.93088,0.00127512,2.90727,0.219963,0.0
5.9314,0.00132594,2.82373,0.219963,0.0
5.93255,0.00133949,2.62322,0.215865,0.0
5.93342,0.00138047,3.04094,0.226795,0.0
5.93219,0.00130607,2.70677,0.208009,0.0
5.92998,0.00128177,2.80702,0.214157,0.0
5.93084,0.00128079,2.58981,0.206643,0.0
5.93263,0.00132574,2.94069,0.219963,0.0
5.93185,0.0013561,2.65664,0.207667,0.0
5.93186,0.00134229,2.62322,0.213132,0.0
5.93147,0.0013217,2.79031,0.21484,0.0
5.93227,0.00128053,2.94069,0.217231,0.0
5.93473,0.00134216,2.99081,0.22133,0.0
5.93373,0.0013776,2.87385,0.213815,0.0
5.93033,0.001292,2.65664,0.209034,0.0
5.92986,0.00128757,2.43943,0.198445,0.0
5.93122,0.00131141,2.74018,0.209375,0.0
5.93156,0.00132379,2.55639,0.212108,0.0
5.93101,0.00130235,2.79031,0.209717,0.0
5.93269,0.0012733,2.48956,0.198787,0.0
5.92981,0.00122958,2.50627,0.200836,0.0
5.92931,0.00123897,2.33918,0.201861,0.0
5.93234,0.00126678,2.63993,0.205618,0.0
5.93161,0.00126366,2.74018,0.208009,0.0
5.92992,0.00121375,2.50627,0.198104,0.0
5.92987,0.00123226,2.43943,0.197079,0.0
5.92997,0.00125284,2.52297,0.204252,0.0
5.93056,0.00129838,2.70677,0.210741,0.0
5.93033,0.00126066,2.35589,0.198104,0.0
5.92893,0.0012391,2.52297,0.202885,0.0
5.92929,0.00125076,2.13868,0.18854,0.0
5.9299,0.00126274,2.63993,0.204252,0.0
5.93013,0.00121186,2.47285,0.199811,0.0
5.92922,0.00123929,2.63993,0.204252,0.0
5.92985,0.00124112,2.70677,0.208009,0.0
5.93071,0.00130516,2.75689,0.215182,0.0
5.92954,0.00125871,2.48956,0.203227,0.0
5.92873,0.00127395,2.5731,0.205959,0.0
5.93118,0.00130548,2.79031,0.21484,0.0
5.93078,0.00127134,2.38931,0.196737,0.0
5.9284,0.00130691,2.53968,0.204935,0.0
5.9282,0.00123981,2.45614,0.200495,0.0
5.92974,0.00128939,2.95739,0.217914,0.0
5.93043,0.00129981,2.35589,0.195371,0.0
5.92968,0.00125851,2.50627,0.203569,0.0
5.93011,0.00126998,2.43943,0.199811,0.0
5.93021,0.00127108,2.52297,0.202885,0.0
5.92922,0.00123545,2.27235,0.192297,0.0
5.93022,0.0012776,2.60652,0.204593,0.0
5.93169,0.00131121,2.60652,0.205959,0.0
5.93074,0.00129134,2.72348,0.211424,0.0
5.92947,0.00124398,2.30576,0.19503,0.0
5.93006,0.00125141,2.7736,0.213132,0.0
5.93141,0.00124268,2.45614,0.200495,0.0
5.93029,0.0012905,3.05764,0.224745,0.0
5.92953,0.00121375,2.30576,0.191956,0.0
5.92818,0.00120932,2.69006,0.211424,0.0
5.92907,0.00122281,2.35589,0.196737,0.0
5.92999,0.0012591,2.69006,0.211424,0.0
5.93031,0.0012602,2.94069,0.219963,0.0
5.92961,0.00128581,2.45614,0.200495,0.0
5.92785,0.00123675,2.42272,0.199128,0.0
5.92868,0.0012204,2.53968,0.203569,0.0
5.92997,0.00127108,2.70677,0.205276,0.0
5.92894,0.00121714,2.45614,0.200495,0.0
5.92703,0.001209,2.20551,0.189565,0.0
5.927,0.00121017,2.53968,0.206301,0.0
5.92848,0.00122737,2.42272,0.19503,0.0
5.92954,0.00124476,2.40602,0.195713,0.0
5.92945,0.00125577,2.52297,0.206984,0.0
5.92809,0.00127128,2.53968,0.202202,0.0
5.92817,0.00124613,2.23893,0.187857,0.0
5.93018,0.00126724,2.75689,0.209717,0.0
5.93132,0.00129851,2.70677,0.212108,0.0
5.92772,0.0012731,2.02172,0.183758,0.0
5.9268,0.00122294,2.40602,0.201519,0.0
5.92846,0.00126678,2.65664,0.204935,0.0
5.92728,0.00120932,2.28906,0.195713,0.0
5.92828,0.00123121,2.74018,0.209375,0.0
5.92922,0.00122099,2.42272,0.197762,0.0
5.92863,0.00123584,2.65664,0.206301,0.0
5.92914,0.00126157,2.50627,0.203569,0.0
5.92968,0.00122131,2.42272,0.199128,0.0
5.92931,0.00127154,2.75689,0.20835,0.0
5.928,0.00120027,2.1721,0.189906,0.0
5.92806,0.00125082,2.40602,0.197421,0.0
5.92855,0.0012288,2.25564,0.190248,0.0
5.92668,0.00121362,2.30576,0.19503,0.0
5.92746,0.00127649,2.50627,0.202202,0.0
5.93114,0.00124431,2.58981,0.20391,0.0
5.9309,0.00127597,2.70677,0.210741,0.0
5.92944,0.00129473,2.60652,0.203227,0.0
5.92787,0.00125766,2.47285,0.205276,0.0
5.92791,0.00125818,2.70677,0.209375,0.0
5.92862,0.00124678,2.79031,0.212449,0.0
5.92825,0.00123173,2.47285,0.202544,0.0
5.92931,0.00131669,2.53968,0.206301,0.0
5.92901,0.00127968,2.33918,0.191956,0.0
5.92788,0.00126118,2.42272,0.197762,0.0
5.92893,0.00128516,2.75689,0.20835,0.0
5.92947,0.00123362,2.28906,0.195713,0.0
5.92817,0.00127903,2.45614,0.203227,0.0
5.92886,0.00126138,2.53968,0.207667,0.0
5.92844,0.00123616,2.53968,0.203569,0.0
5.92973,0.00132001,2.45614,0.201861,0.0
5.92852,0.00119857,2.47285,0.201178,0.0
5.92624,0.0011774,2.05514,0.180684,0.0
5.92804,0.00124398,2.38931,0.198104,0.0
5.92915,0.00125708,2.55639,0.204252,0.0
5.92749,0.00123323,2.32247,0.192639,0.0
5.92684,0.00120854,2.38931,0.19947,0.0
5.9291,0.00124574,2.72348,0.210058,0.0
5.92809,0.00124704,2.25564,0.18854,0.0
5.92708,0.00121603,2.38931,0.198104,0.0
5.92649,0.00121369,2.25564,0.190248,0.0
5.92767,0.00121616,2.20551,0.189565,0.0
5.92792,0.00123082,2.33918,0.194688,0.0
5.9282,0.00125024,2.27235,0.189223,0.0
5.92738,0.00120522,2.23893,0.193663,0.0
5.92782,0.00125226,2.50627,0.198104,0.0
5.92776,0.00120548,2.3726,0.196054,0.0
5.92819,0.00119629,2.28906,0.191272,0.0
5.92929,0.00121662,2.3726,0.197421,0.0
5.93109,0.00127636,2.82373,0.215865,0.0
5.92882,0.00122867,2.3726,0.19298,0.0
5.92708,0.00123981,2.07185,0.185808,0.0
5.9264,0.00115304,2.05514,0.185124,0.0
5.92636,0.00113864,2.05514,0.183758,0.0
5.92998,0.00126242,2.65664,0.204935,0.0
5.92861,0.00119779,2.03843,0.181367,0.0
5.92497,0.00118509,2.12197,0.193663,0.0
5.92768,0.00121467,2.52297,0.202885,0.0
5.93031,0.0012705,2.47285,0.209375,0.0
5.92734,0.00122555,2.42272,0.203569,0.0
5.92561,0.00122757,2.02172,0.183758,0.0
5.92596,0.00118939,2.1721,0.191272,0.0
5.92876,0.00125336,2.89056,0.219622,0.0
5.9288,0.00120932,2.23893,0.189565,0.0
5.92693,0.00123239,2.00501,0.181367,0.0
5.92688,0.00120144,2.12197,0.184783,0.0
5.92774,0.00120255,2.72348,0.211424,0.0
5.92834,0.00123011,2.40602,0.200153,0.0
5.92802,0.00123695,2.45614,0.200495,0.0
5.92739,0.00120314,2.05514,0.186491,0.0
5.92794,0.00124007,2.47285,0.20391,0.0
5.92748,0.00114626,2.15539,0.186149,0.0
5.92485,0.00112822,2.05514,0.180684,0.0
5.92599,0.00123239,2.53968,0.204935,0.0
5.92815,0.0012275,2.20551,0.188198,0.0
5.92521,0.00122222,1.93818,0.180343,0.0
5.9258,0.00118379,2.10526,0.185466,0.0
5.92925,0.00125577,2.58981,0.208009,0.0
5.92869,0.00123682,2.20551,0.192639,0.0
5.92744,0.00123656,2.08855,0.18205,0.0
5.92848,0.00123897,2.38931,0.19947,0.0
5.92776,0.00122744,2.22222,0.190248,0.0
5.92649,0.00123004,2.13868,0.186832,0.0
5.92582,0.00121805,2.27235,0.190589,0.0
5.92762,0.00122066,2.22222,0.190248,0.0
5.92807,0.00124952,2.20551,0.190931,0.0
5.92701,0.00119643,2.12197,0.184783,0.0
5.92577,0.00116724,1.9716,0.176927,0.0
5.92664,0.00119747,2.3726,0.198787,0.0
5.92662,0.00119408,2.32247,0.194005,0.0
5.92537,0.00120281,2.18881,0.188882,0.0
5.92582,0.00120242,2.20551,0.190931,0.0
5.92657,0.00119708,2.42272,0.202202,0.0
5.9264,0.00118092,2.12197,0.187857,0.0
5.92726,0.00120027,2.33918,0.191956,0.0
5.92947,0.00127102,2.7736,0.2104,0.0
5.92786,0.00124157,2.27235,0.193663,0.0
5.92571,0.00118405,2.28906,0.194347,0.0
5.92635,0.00122535,2.12197,0.186149,0.0
5.92605,0.00116144,2.27235,0.190589,0.0
5.92704,0.00120515,2.30576,0.19503,0.0
5.92703,0.00117226,2.05514,0.186491,0.0
5.92824,0.00126059,2.58981,0.20391,0.0
5.92979,0.00122815,2.45614,0.200495,0.0
5.92741,0.00124652,2.32247,0.194005,0.0
5.92641,0.00121656,2.00501,0.181367,0.0
5.92633,0.00117897,2.28906,0.195713,0.0
5.9258,0.00117414,2.1721,0.191272,0.0
5.92505,0.00115219,1.9716,0.180001,0.0
5.9251,0.00114085,2.23893,0.190931,0.0
5.92504,0.00112496,1.9883,0.17761,0.0
5.92513,0.00118255,2.15539,0.187515,0.0
5.92528,0.00115258,1.88805,0.173511,0.0
5.92531,0.00120307,2.28906,0.189906,0.0
5.92552,0.00119297,2.28906,0.19298,0.0
5.92488,0.00119193,2.07185,0.182734,0.0
5.92776,0.00121147,2.40602,0.200153,0.0
5.92929,0.00128112,2.74018,0.211766,0.0
5.92779,0.00125949,2.13868,0.189906,0.0
5.92581,0.00120118,2.25564,0.19298,0.0
5.92636,0.00121239,2.27235,0.193663,0.0
5.92651,0.00117265,2.13868,0.1841,0.0
5.92428,0.00113584,1.9883,0.179318,0.0
5.92625,0.00117154,2.35589,0.194005,0.0
5.92828,0.00116405,2.27235,0.193663,0.0
5.92664,0.00119252,2.25564,0.191614,0.0
5.92776,0.00120822,2.3726,0.197421,0.0
5.92742,0.00120144,2.1721,0.188198,0.0
5.92492,0.00118555,2.05514,0.183758,0.0
5.92459,0.00116574,2.08855,0.184783,0.0
5.92551,0.00114763,2.1721,0.185466,0.0
5.92525,0.00113734,1.9883,0.17761,0.0
5.92714,0.00121395,2.3726,0.197421,0.0
5.9263,0.00118353,2.15539,0.190589,0.0
5.92618,0.00122014,2.22222,0.193322,0.0
5.92802,0.00119388,2.48956,0.198787,0.0
5.92776,0.00122548,2.33918,0.193322,0.0
5.92585,0.00123747,2.12197,0.190589,0.0
5.92485,0.0012161,2.28906,0.199811,0.0
5.92599,0.00119108,2.00501,0.181367,0.0
5.92642,0.00117199,2.18881,0.191956,0.0
5.92808,0.00124724,2.75689,0.211083,0.0
5.92701,0.00124287,2.22222,0.191614,0.0
5.92426,0.00117949,1.9883,0.180684,0.0
5.92534,0.00117636,2.18881,0.191956,0.0
5.92628,0.00123284,2.10526,0.187174,0.0
5.92629,0.00120346,2.20551,0.192639,0.0
5.92633,0.00121656,2.32247,0.201178,0.0
5.92587,0.00120542,2.02172,0.185124,0.0
5.92508,0.00114489,1.90476,0.174195,0.0
5.92407,0.00115629,1.90476,0.175561,0.0
5.92443,0.00114704,2.08855,0.183417,0.0
5.92457,0.00114164,1.90476,0.185124,0.0
5.92497,0.00114112,2.05514,0.18205,0.0
5.92351,0.00112437,2.02172,0.180684,0.0
5.92355,0.00113597,1.62072,0.164631,0.0
5.92424,0.00114164,1.88805,0.174878,0.0
5.92463,0.00112515,2.00501,0.180001,0.0
5.92412,0.00109493,1.90476,0.174195,0.0
5.92468,0.00113753,1.87135,0.174195,0.0
5.92481,0.00117219,2.10526,0.185466,0.0
5.92508,0.00114607,1.92147,0.181026,0.0
5.92555,0.00116353,1.95489,0.182392,0.0
5.92637,0.001169,2.12197,0.184783,0.0
5.92458,0.00114366,2.1721,0.188198,0.0
5.92311,0.00113154,1.85464,0.175219,0.0
5.92477,0.00116333,1.9883,0.182392,0.0
5.92506,0.00113857,2.02172,0.18205,0.0
5.92435,0.00113141,2.23893,0.190931,0.0
5.92341,0.00113128,1.63743,0.165314,0.0
5.92418,0.00117519,2.08855,0.187857,0.0
5.92621,0.00121278,2.32247,0.195713,0.0
5.92418,0.00117812,2.02172,0.185124,0.0
5.92291,0.00110945,1.77109,0.168047,0.0
5.92471,0.00117167,2.12197,0.187857,0.0
5.92593,0.00119414,1.93818,0.178635,0.0
5.92559,0.00116235,2.48956,0.200495,0.0
5.92569,0.00115682,2.22222,0.191614,0.0
5.92473,0.00116118,1.90476,0.174195,0.0
5.92446,0.00114848,2.03843,0.181367,0.0
5.92569,0.00117929,2.05514,0.18205,0.0
5.92592,0.00119792,2.00501,0.181367,0.0
5.92438,0.00116581,1.88805,0.178293,0.0
5.92323,0.00111545,1.70426,0.168388,0.0
5.92402,0.00114594,1.93818,0.178635,0.0
5.92512,0.0011662,2.15539,0.186149,0.0
5.9242,0.00121512,2.07185,0.1841,0.0
5.92439,0.00119434,2.22222,0.188882,0.0
5.92602,0.00122014,2.18881,0.190589,0.0
5.92484,0.00121154,2.08855,0.184783,0.0
5.92353,0.00119219,2.03843,0.185808,0.0
5.92432,0.00112033,1.73768,0.168388,0.0
5.92522,0.00118737,2.23893,0.193663,0.0
5.92489,0.00119141,1.77109,0.171462,0.0
5.92451,0.00113916,2.15539,0.186149,0.0
5.92447,0.00115239,1.95489,0.179318,0.0
5.92563,0.00119512,2.18881,0.190589,0.0
5.92386,0.00114607,2.02172,0.185124,0.0
5.92335,0.00116418,1.67084,0.165314,0.0
5.92514,0.0011748,2.27235,0.193663,0.0
5.92395,0.00116112,1.80451,0.169754,0.0
5.92298,0.00111421,1.85464,0.175219,0.0
5.92617,0.00113349,2.05514,0.183758,0.0
5.92812,0.00117056,2.18881,0.187515,0.0
5.92538,0.00116919,2.05514,0.185124,0.0
5.92403,0.00114522,2.02172,0.18205,0.0
5.92448,0.00114242,1.92147,0.181026,0.0
5.9239,0.00112151,1.92147,0.176585,0.0
5.92538,0.00115454,2.05514,0.18205,0.0
5.92393,0.0011473,1.88805,0.17966,0.0
5.92329,0.00118796,2.15539,0.189223,0.0
5.92518,0.00116405,2.08855,0.18205,0.0
5.92387,0.0011105,1.7878,0.172145,0.0
5.9245,0.00113343,2.03843,0.181367,0.0
5.92697,0.00123473,2.30576,0.196396,0.0
5.92383,0.0011348,1.85464,0.173511,0.0
5.92218,0.0011617,1.92147,0.181026,0.0
5.92495,0.00114385,1.92147,0.181026,0.0
5.92538,0.0011548,2.05514,0.185124,0.0
5.92549,0.00114209,2.20551,0.194005,0.0
5.92565,0.00115108,2.12197,0.184783,0.0
5.9265,0.00122072,2.58981,0.208009,0.0
5.92804,0.00120548,2.12197,0.187857,0.0
5.92447,0.00118457,1.9883,0.180684,0.0
5.92412,0.0011434,2.05514,0.188198,0.0
5.92661,0.00115414,2.10526,0.187174,0.0
5.92666,0.00124033,2.33918,0.194688,0.0
5.92464,0.0011434,1.80451,0.169754,0.0
5.92244,0.00111004,1.63743,0.165314,0.0
5.92267,0.00111291,1.88805,0.176585,0.0
5.92329,0.00109467,1.70426,0.16668,0.0
5.92312,0.00112424,1.9716,0.186149,0.0
5.92401,0.00112248,2.03843,0.182734,0.0
5.9236,0.00112796,1.88805,0.176585,0.0
5.92403,0.00111076,2.00501,0.180001,0.0
5.92573,0.00116665,2.00501,0.180001,0.0
5.92374,0.00114105,2.00501,0.180001,0.0
5.92415,0.00120274,2.00501,0.178293,0.0
5.92437,0.00111734,1.83793,0.17761,0.0
5.92307,0.00111897,1.90476,0.177269,0.0
5.92549,0.00114515,2.08855,0.187857,0.0
5.92488,0.00116568,2.30576,0.200495,0.0
5.92335,0.00116033,2.12197,0.186149,0.0
5.92396,0.00116411,1.87135,0.180684,0.0
5.9229,0.00111512,1.85464,0.173511,0.0
5.92226,0.00112998,1.77109,0.169754,0.0
5.92339,0.00115662,2.00501,0.183075,0.0
5.92195,0.00111467,1.55388,0.159849,0.0
5.9237,0.00114874,1.95489,0.181026,0.0
5.92375,0.00113258,1.75439,0.169071,0.0
5.92391,0.00112366,1.90476,0.177269,0.0
5.92354,0.00112463,1.95489,0.181026,0.0
5.92368,0.00110789,1.87135,0.174195,0.0
5.92341,0.00111564,1.83793,0.174536,0.0
5.9217,0.00107323,1.63743,0.165314,0.0
5.9216,0.0010961,1.73768,0.16668,0.0
5.92283,0.00108633,1.7878,0.170437,0.0
5.92327,0.00111297,1.88805,0.174878,0.0
5.92361,0.00113024,1.9716,0.178635,0.0
5.92393,0.00114222,2.10526,0.185466,0.0
5.92331,0.00110874,1.65414,0.167705,0.0
5.92081,0.00110678,1.63743,0.163606,0.0
5.92197,0.00108118,1.75439,0.167363,0.0
5.92459,0.00115284,2.27235,0.192297,0.0
5.92246,0.00112164,1.82122,0.175219,0.0
5.92006,0.00108548,1.68755,0.165997,0.0
5.92308,0.00115375,1.80451,0.172828,0.0
5.92396,0.00118822,1.92147,0.17966,0.0
5.92236,0.00115245,1.87135,0.178976,0.0
5.92236,0.00106339,1.77109,0.168047,0.0
5.92314,0.001106,1.72097,0.169413,0.0
5.92375,0.00114248,1.9716,0.183075,0.0
5.9249,0.00118489,2.08855,0.183417,0.0
5.9248,0.00114555,1.93818,0.177269,0.0
5.92339,0.00118398,1.93818,0.177269,0.0
5.92355,0.00115245,2.10526,0.1841,0.0
5.92316,0.00112893,1.68755,0.167705,0.0
5.923,0.00114053,2.07185,0.181367,0.0
5.9234,0.00109369,1.63743,0.165314,0.0
5.92127,0.00108463,1.5873,0.159508,0.0
5.91929,0.00102372,1.35338,0.149602,0.0
5.92074,0.00106652,1.62072,0.164631,0.0
5.92288,0.0010987,1.80451,0.172828,0.0
5.92116,0.00108782,1.63743,0.165314,0.0
5.91902,0.00099473,1.33668,0.152676,0.0
5.92151,0.001043,1.60401,0.163948,0.0
5.92186,0.00107577,1.82122,0.173853,0.0
5.92224,0.00113467,1.77109,0.168047,0.0
5.9218,0.00106574,1.85464,0.173511,0.0
5.91994,0.00105766,1.3868,0.15131,0.0
5.91951,0.00105134,1.65414,0.171121,0.0
5.92027,0.00106424,1.40351,0.154043,0.0
5.92031,0.00103082,1.67084,0.163606,0.0
5.92317,0.00109382,1.77109,0.171462,0.0
5.9242,0.00109734,1.83793,0.172828,0.0
5.92177,0.00107271,1.65414,0.164631,0.0
5.92059,0.000996749,1.53718,0.162582,0.0
5.92251,0.00110737,1.72097,0.170779,0.0
5.9233,0.00109186,1.72097,0.170779,0.0
5.92276,0.00111799,1.93818,0.175561,0.0
5.92275,0.00108483,1.57059,0.160532,0.0
5.92221,0.00113701,1.68755,0.165997,0.0
5.92249,0.00114887,1.85464,0.176585,0.0
5.92174,0.00109421,1.68755,0.165997,0.0
5.91915,0.00104268,1.47034,0.153701,0.0
5.91896,0.00102828,1.55388,0.159849,0.0
5.92147,0.00105121,1.60401,0.167363,0.0
5.91944,0.00103825,1.63743,0.165314,0.0
5.92001,0.00103916,1.68755,0.165997,0.0
5.92134,0.00108092,1.70426,0.165314,0.0
5.9209,0.0010776,1.70426,0.16668,0.0
5.92034,0.00105493,1.87135,0.178976,0.0
5.9206,0.00108854,1.68755,0.167705,0.0
5.92098,0.00106333,1.50376,0.157458,0.0
5.92151,0.00106822,1.47034,0.160874,0.0
5.91988,0.0010316,1.45363,0.154726,0.0
5.92049,0.000986456,1.45363,0.154726,0.0
5.92219,0.00108398,1.85464,0.173511,0.0
5.92206,0.00105753,1.31997,0.147895,0.0
5.91987,0.00103024,1.57059,0.160532,0.0
5.91947,0.00100652,1.26984,0.145162,0.0
5.91958,0.00106261,1.35338,0.149602,0.0
5.92138,0.00104704,1.75439,0.172487,0.0
5.92168,0.0010703,1.75439,0.167363,0.0
5.92045,0.0010576,1.62072,0.162923,0.0
5.9202,0.00103414,1.48705,0.156434,0.0
5.92031,0.00103655,1.55388,0.159849,0.0
5.91899,0.000998704,1.16959,0.139697,0.0
5.91867,0.000958573,1.48705,0.154726,0.0
5.91956,0.00101701,1.52047,0.161557,0.0
5.91974,0.00103297,1.43693,0.154043,0.0
5.9189,0.00101629,1.43693,0.154043,0.0
5.91907,0.00101265,1.52047,0.161557,0.0
5.91953,0.00107239,1.43693,0.154043,0.0
5.92012,0.00106287,1.63743,0.163606,0.0
5.92033,0.00106828,1.63743,0.165314,0.0
5.91964,0.00103831,1.43693,0.154043,0.0
5.91835,0.00101154,1.48705,0.154726,0.0
5.91994,0.00102457,1.43693,0.152335,0.0
5.9202,0.0010391,1.3868,0.15131,0.0
5.91793,0.00101258,1.30326,0.145162,0.0
5.9186,0.00102809,1.57059,0.160532,0.0
5.91918,0.00102339,1.42022,0.153018,0.0
5.92068,0.00105401,1.92147,0.174878,0.0
5.92162,0.00110307,1.72097,0.169413,0.0
5.91854,0.0010118,1.30326,0.147212,0.0
5.91791,0.0010176,1.21972,0.14243,0.0
5.91982,0.00100379,1.3868,0.149602,0.0
5.91831,0.00102802,1.42022,0.155067,0.0
5.91928,0.00101076,1.31997,0.147895,0.0
5.91932,0.0010146,1.16959,0.137648,0.0
5.91972,0.00106059,1.42022,0.15131,0.0
5.91997,0.0010703,1.53718,0.160532,0.0
5.91985,0.00102906,1.3868,0.149602,0.0
5.91895,0.00097473,1.23642,0.141405,0.0
5.91946,0.00102639,1.67084,0.165314,0.0
5.91899,0.000991473,1.43693,0.15575,0.0
5.91769,0.000973427,1.30326,0.145162,0.0
5.92045,0.00103421,1.52047,0.159849,0.0
5.92047,0.0010148,1.57059,0.16224,0.0
5.91993,0.00102164,1.68755,0.165997,0.0
5.92072,0.00102828,1.52047,0.158141,0.0
5.91873,0.00097701,1.30326,0.148919,0.0
5.91815,0.00100861,1.20301,0.141747,0.0
5.91889,0.00100457,1.50376,0.157458,0.0
5.92111,0.00103532,1.68755,0.164289,0.0
5.92096,0.00105949,1.80451,0.179318,0.0
5.91949,0.0010262,1.25313,0.14243,0.0
5.91854,0.000967108,1.31997,0.147895,0.0
5.91885,0.000978573,1.52047,0.156434,0.0
5.91884,0.00103584,1.23642,0.143454,0.0
5.91797,0.00100385,1.35338,0.151652,0.0
5.91808,0.00100554,1.47034,0.15575,0.0
5.9188,0.00101525,1.35338,0.149602,0.0
5.91877,0.00101056,1.40351,0.152335,0.0
5.91983,0.00100235,1.42022,0.155067,0.0
5.92052,0.00102945,1.68755,0.165997,0.0
5.91912,0.00102541,1.55388,0.158141,0.0
5.91858,0.000997662,1.35338,0.147895,0.0
5.91838,0.000994078,1.3868,0.15336,0.0
5.91853,0.00100691,1.48705,0.154726,0.0
5.91863,0.00102235,1.3868,0.15131,0.0
5.91917,0.00102444,1.50376,0.155409,0.0
5.92042,0.00102932,1.65414,0.166339,0.0
5.91922,0.00103238,1.43693,0.154043,0.0
5.91913,0.00103799,1.73768,0.168388,0.0
5.91897,0.00101063,1.15288,0.136965,0.0
5.91767,0.000973948,1.31997,0.146187,0.0
5.91871,0.00100874,1.65414,0.164631,0.0
5.91895,0.00104307,1.26984,0.150969,0.0
5.91604,0.000963785,1.20301,0.139697,0.0
5.91735,0.000956814,1.21972,0.140722,0.0
5.91912,0.00102001,1.45363,0.158483,0.0
5.91758,0.000947889,1.35338,0.147895,0.0
5.91733,0.000990821,1.11947,0.136965,0.0
5.91806,0.000984697,1.70426,0.165314,0.0
5.9195,0.00102652,1.47034,0.15575,0.0
5.91968,0.00103851,1.47034,0.15575,0.0
5.91998,0.00102893,1.45363,0.154726,0.0
5.9182,0.00100913,1.31997,0.146187,0.0
5.918,0.000997466,1.33668,0.14687,0.0
5.9183,0.000999355,1.23642,0.143454,0.0
5.91867,0.0010318,1.67084,0.16873,0.0
5.91801,0.000985609,1.30326,0.147212,0.0
5.91699,0.000968345,1.20301,0.139697,0.0
5.91801,0.000975902,1.33668,0.152676,0.0
5.91878,0.000966652,1.25313,0.14243,0.0
5.91765,0.000940267,1.33668,0.150627,0.0
5.91714,0.000952124,1.15288,0.138673,0.0
5.9189,0.000991017,1.45363,0.154726,0.0
5.91971,0.00101877,1.47034,0.15575,0.0
5.91842,0.00100496,1.43693,0.152335,0.0
5.91688,0.000965479,1.10276,0.133891,0.0
5.91692,0.000967889,1.3868,0.149602,0.0
5.91934,0.000961244,1.40351,0.150286,0.0
5.91777,0.000952124,1.16959,0.139697,0.0
5.91741,0.00100046,1.40351,0.150286,0.0
5.91844,0.000966912,1.20301,0.143454,0.0
5.91805,0.000986912,1.43693,0.15575,0.0
5.91894,0.00101232,1.37009,0.150627,0.0
5.91779,0.000965674,1.16959,0.137648,0.0
5.91717,0.000949648,1.13617,0.13594,0.0
5.91808,0.000971863,1.37009,0.150627,0.0
5.91731,0.000957336,1.20301,0.139697,0.0
5.91768,0.00098144,1.37009,0.148578,0.0
5.91875,0.000992775,1.26984,0.143454,0.0
5.9185,0.000965023,1.25313,0.14243,0.0
5.91911,0.000997987,1.16959,0.137648,0.0
5.91823,0.000974925,1.53718,0.160532,0.0
5.91738,0.000987955,1.16959,0.139697,0.0
5.91689,0.000946,1.15288,0.136965,0.0
5.91696,0.000925935,1.28655,0.146187,0.0
5.91782,0.000978834,1.21972,0.140722,0.0
5.91774,0.000913296,1.20301,0.139697,0.0
5.91786,0.000943068,1.11947,0.134915,0.0
5.91727,0.000959225,1.1863,0.138673,0.0
5.91713,0.000927368,1.15288,0.136965,0.0
5.91623,0.000958378,1.20301,0.139697,0.0
5.91602,0.000900267,0.969089,0.125693,0.0
5.91724,0.000958899,1.52047,0.156434,0.0
5.91859,0.000978639,1.37009,0.150627,0.0
5.91825,0.000983459,1.26984,0.143454,0.0
5.91743,0.000969518,1.57059,0.158824,0.0
5.91883,0.000994078,1.42022,0.15131,0.0
5.91969,0.00108418,1.5873,0.161215,0.0
5.91839,0.000968215,1.11947,0.134915,0.0
5.91684,0.000958964,1.28655,0.144137,0.0
5.91835,0.000969062,1.26984,0.145162,0.0
5.91967,0.000983069,1.57059,0.158824,0.0
5.91802,0.00094815,1.15288,0.136965,0.0
5.91879,0.000983655,1.40351,0.152335,0.0
5.91968,0.00102437,1.42022,0.155067,0.0
5.91694,0.000949127,1.13617,0.137989,0.0
5.91692,0.00101532,1.45363,0.154726,0.0
5.91922,0.00102007,1.28655,0.151652,0.0
5.91797,0.00100704,1.20301,0.141747,0.0
5.91618,0.000919811,0.935673,0.123644,0.0
5.91691,0.000950365,1.33668,0.14687,0.0
5.91813,0.000952124,1.15288,0.136965,0.0
5.9174,0.000988997,1.30326,0.145162,0.0
5.91832,0.00100476,1.16959,0.141747,0.0
5.91877,0.00099499,1.28655,0.144137,0.0
5.91641,0.000949322,1.16959,0.137648,0.0
5.91655,0.000947433,1.40351,0.152335,0.0
5.91699,0.000951212,1.23642,0.141405,0.0
5.91728,0.000980332,1.21972,0.144479,0.0
5.91764,0.000973687,1.3868,0.15131,0.0
5.91745,0.00101532,1.31997,0.147895,0.0
5.91656,0.000981375,1.30326,0.154384,0.0
5.91706,0.000981635,1.10276,0.13594,0.0
5.91668,0.00096144,1.3868,0.15131,0.0
5.9172,0.000998508,1.21972,0.144479,0.0
5.91666,0.000946912,1.3868,0.149602,0.0
5.91554,0.000920397,1.01921,0.137306,0.0
5.91761,0.000936032,1.11947,0.134915,0.0
5.91705,0.000960007,1.31997,0.147895,0.0
5.91594,0.000934795,1.11947,0.134915,0.0
5.91852,0.000969648,1.25313,0.14243,0.0
5.91768,0.000983134,1.23642,0.145504,0.0
5.91716,0.00100164,1.11947,0.134915,0.0
5.91712,0.000932905,1.30326,0.145162,0.0
5.91749,0.000953492,1.35338,0.147895,0.0
5.91787,0.000963134,1.25313,0.148236,0.0
5.91738,0.000986065,1.16959,0.137648,0.0
5.91574,0.000947759,1.26984,0.143454,0.0
5.91767,0.000962287,1.50376,0.155409,0.0
5.91821,0.000938703,1.15288,0.136965,0.0
5.91662,0.000970365,1.28655,0.144137,0.0
5.91755,0.000983459,1.33668,0.148919,0.0
5.9165,0.000987043,1.13617,0.140039,0.0
5.91736,0.000969518,1.23642,0.141405,0.0
5.91878,0.000994665,1.42022,0.153018,0.0
5.91746,0.000970235,1.37009,0.148578,0.0
5.91738,0.000983394,1.43693,0.15575,0.0
5.917,0.000936944,1.06934,0.131841,0.0
5.91624,0.000907628,1.06934,0.131841,0.0
5.91799,0.000966391,1.21972,0.144479,0.0
5.9173,0.000938247,0.985798,0.126718,0.0
5.91566,0.000885153,1.10276,0.13594,0.0
5.91821,0.000956554,1.33668,0.14687,0.0
5.91953,0.00103708,1.31997,0.146187,0.0
5.91844,0.00097929,1.31997,0.147895,0.0
5.91765,0.000971147,0.985798,0.126718,0.0
5.91586,0.000902417,1.10276,0.137989,0.0
5.91645,0.000941179,1.16959,0.139697,0.0
5.9175,0.000960332,1.25313,0.146187,0.0
5.91963,0.00102405,1.30326,0.148919,0.0
5.91808,0.000995186,1.37009,0.152335,0.0
5.91729,0.00101271,1.28655,0.148236,0.0
5.91839,0.000996359,1.21972,0.144479,0.0
5.91765,0.000995903,1.30326,0.145162,0.0
5.91698,0.000959225,1.28655,0.144137,0.0
5.9182,0.000977857,1.11947,0.136965,0.0
5.91563,0.000927759,1.06934,0.133891,0.0
5.9159,0.000964632,1.08605,0.141063,0.0
5.91772,0.00096815,1.20301,0.141747,0.0
5.91716,0.000999616,1.16959,0.139697,0.0
5.91599,0.000951472,1.06934,0.133891,0.0
5.91688,0.000933817,1.06934,0.131841,0.0
5.9163,0.000948932,1.30326,0.150969,0.0
5.91742,0.000986065,1.26984,0.145162,0.0
5.91762,0.000968345,1.26984,0.145162,0.0
5.91663,0.000962873,1.43693,0.154043,0.0
5.91715,0.000965283,1.16959,0.137648,0.0
5.91721,0.000944632,1.28655,0.144137,0.0
5.9166,0.000942743,1.10276,0.137989,0.0
5.91576,0.000964306,1.21972,0.140722,0.0
5.9176,0.000972906,1.23642,0.143454,0.0
5.91778,0.000978248,1.03592,0.129792,0.0
5.91666,0.000968671,1.1863,0.140722,0.0
5.91719,0.000945218,1.21972,0.140722,0.0
5.91777,0.000978704,1.28655,0.144137,0.0
5.918,0.000971342,1.35338,0.147895,0.0
5.91799,0.00100457,1.47034,0.15575,0.0
5.9182,0.000947368,1.23642,0.141405,0.0
5.9164,0.000953883,1.21972,0.140722,0.0
5.91592,0.00089069,0.935673,0.123644,0.0
5.9167,0.000930169,1.10276,0.13594,0.0
5.91648,0.000940397,1.25313,0.14243,0.0
5.91617,0.000980984,1.40351,0.152335,0.0
5.91602,0.000953362,1.16959,0.137648,0.0
5.91647,0.000962873,1.13617,0.137989,0.0
5.91613,0.000955577,1.16959,0.137648,0.0
5.91425,0.000905544,0.935673,0.128084,0.0
5.91693,0.000922026,1.23642,0.143454,0.0
5.91821,0.000956814,1.35338,0.155067,0.0
5.91599,0.000937922,1.11947,0.136965,0.0
5.91407,0.000893557,1.05263,0.132866,0.0
5.91526,0.000898052,1.08605,0.132866,0.0
5.91702,0.000917075,1.16959,0.137648,0.0
5.91806,0.000960007,1.50376,0.155409,0.0
5.91923,0.000969323,1.3868,0.15131,0.0
5.91804,0.000934534,1.21972,0.140722,0.0
5.91543,0.000940462,0.985798,0.131158,0.0
5.91536,0.000911211,1.00251,0.130134,0.0
5.91697,0.000984306,1.31997,0.149944,0.0
5.91714,0.000931277,1.06934,0.133891,0.0
5.91501,0.000900723,0.969089,0.125693,0.0
5.91562,0.000930886,1.05263,0.130817,0.0
5.91678,0.000923589,1.28655,0.144137,0.0
5.91616,0.000924827,1.25313,0.14243,0.0
5.91565,0.000912123,1.01921,0.128767,0.0
5.91477,0.000879224,1.05263,0.132866,0.0
5.91371,0.000836097,0.75188,0.111006,0.0
5.91612,0.000900592,1.00251,0.127743,0.0
5.91587,0.000905609,1.01921,0.128767,0.0
5.91472,0.000918638,1.21972,0.14243,0.0
5.91571,0.000937987,0.969089,0.128084,0.0
5.91629,0.000933948,1.10276,0.133891,0.0
5.91569,0.000923329,1.15288,0.140722,0.0
5.91643,0.000920593,1.00251,0.130134,0.0
5.91722,0.00095714,1.33668,0.152676,0.0
5.91582,0.000923394,1.08605,0.132866,0.0
5.91658,0.000902156,1.1863,0.140722,0.0
5.91741,0.000949453,1.20301,0.143454,0.0
5.9155,0.00092613,1.00251,0.127743,0.0
5.91607,0.000922612,1.16959,0.139697,0.0
5.91742,0.000875967,1.01921,0.128767,0.0
5.91538,0.000902156,0.969089,0.125693,0.0
5.91707,0.000962352,1.42022,0.153018,0.0
5.91641,0.00093258,1.13617,0.13594,0.0
5.91586,0.000936749,1.06934,0.131841,0.0
5.91525,0.00090815,0.985798,0.129109,0.0
5.91582,0.000943655,1.28655,0.144137,0.0
5.91628,0.00095258,0.918964,0.122619,0.0
5.9159,0.000950821,1.21972,0.140722,0.0
5.91452,0.000885869,0.835422,0.116813,0.0
5.91493,0.000924632,1.05263,0.130817,0.0
5.91664,0.000961961,1.1863,0.140722,0.0
5.91468,0.000926195,1.11947,0.134915,0.0
5.91401,0.000891211,0.969089,0.128084,0.0
5.91481,0.000917075,1.01921,0.128767,0.0
5.91489,0.000929909,1.05263,0.130817,0.0
5.91579,0.000909192,1.10276,0.13594,0.0
5.91748,0.00097473,1.33668,0.14687,0.0
5.9166,0.000992906,1.35338,0.15336,0.0
5.91475,0.0009617,1.08605,0.134915,0.0
5.91532,0.000907237,0.835422,0.116813,0.0
5.91547,0.000878638,1.15288,0.136965,0.0
5.91586,0.000904762,1.03592,0.131841,0.0
5.91769,0.000960007,1.21972,0.14243,0.0
5.91737,0.000976554,1.1863,0.140722,0.0
5.91676,0.000933166,1.15288,0.138673,0.0
5.91623,0.000908931,0.985798,0.126718,0.0
5.91487,0.000894534,0.969089,0.128084,0.0
5.91547,0.000916358,1.15288,0.136965,0.0
5.91607,0.000946977,1.03592,0.131841,0.0
5.91479,0.000902742,1.05263,0.130817,0.0
5.91503,0.000903329,1.15288,0.138673,0.0
5.91556,0.000891863,0.952381,0.124669,0.0
5.91426,0.000897465,0.935673,0.128084,0.0
5.91577,0.000911277,1.06934,0.131841,0.0
5.91698,0.000962612,1.16959,0.139697,0.0
5.91671,0.00098131,1.31997,0.149944,0.0
5.91638,0.000994665,1.13617,0.13594,0.0
5.91618,0.000947498,1.03592,0.134232,0.0
5.91668,0.000961896,1.33668,0.152676,0.0
5.91614,0.000951081,1.31997,0.147895,0.0
5.91524,0.000933752,0.885547,0.120228,0.0
5.91585,0.000881309,1.11947,0.136965,0.0
5.91691,0.00093929,0.885547,0.120228,0.0
5.91578,0.00092144,1.15288,0.140722,0.0
5.91662,0.00100007,1.31997,0.146187,0.0
5.91757,0.000951212,1.30326,0.147212,0.0
5.91612,0.000945739,1.16959,0.137648,0.0
5.91419,0.000911993,0.952381,0.129109,0.0
5.91474,0.00087512,0.935673,0.123644,0.0
5.91587,0.000909257,1.13617,0.140039,0.0
5.91661,0.000956163,1.28655,0.144137,0.0
5.91553,0.00089955,0.902256,0.123644,0.0
5.91385,0.000918703,0.969089,0.128084,0.0
5.91521,0.000973166,1.1863,0.138673,0.0
5.91615,0.00088157,1.00251,0.130134,0.0
5.9147,0.000909452,1.16959,0.137648,0.0
5.91404,0.000871732,0.985798,0.129109,0.0
5.91521,0.000886651,0.835422,0.116813,0.0
5.91645,0.000944762,1.45363,0.153018,0.0
5.91588,0.000926456,1.01921,0.128767,0.0
5.91439,0.000941635,1.15288,0.138673,0.0
5.915,0.000892123,0.952381,0.124669,0.0
5.91485,0.000903068,0.885547,0.120228,0.0
5.91501,0.00088841,1.05263,0.132866,0.0
5.91495,0.000899746,0.835422,0.116813,0.0
5.91382,0.000846781,0.802005,0.114763,0.0
5.91498,0.000926521,1.01921,0.128767,0.0
5.91551,0.000880462,1.03592,0.134232,0.0
5.91543,0.000920006,0.985798,0.126718,0.0
5.91508,0.00089082,1.06934,0.133891,0.0
5.91481,0.000906195,1.05263,0.130817,0.0
5.91469,0.000928736,0.902256,0.121253,0.0
5.91505,0.000902026,1.05263,0.130817,0.0
5.9155,0.00092385,1.13617,0.137989,0.0
5.91559,0.000930234,1.11947,0.136965,0.0
5.91657,0.000970235,1.23642,0.143454,0.0
5.91569,0.000923785,1.05263,0.132866,0.0
5.9157,0.000943264,1.06934,0.13594,0.0
5.91572,0.000934925,0.918964,0.122619,0.0
5.91574,0.000904566,1.16959,0.137648,0.0
5.91583,0.000901048,1.03592,0.131841,0.0
5.91461,0.000890299,0.85213,0.118179,0.0
5.91403,0.000859354,1.08605,0.132866,0.0
5.91589,0.000872449,0.902256,0.121253,0.0
5.91409,0.000863459,0.885547,0.120228,0.0
5.91411,0.000895706,1.01921,0.131158,0.0
5.9159,0.000928931,1.05263,0.130817,0.0
5.91517,0.00092815,0.985798,0.129109,0.0
5.91398,0.000879876,0.85213,0.118179,0.0
5.91482,0.000868345,1.00251,0.130134,0.0
5.91554,0.00092372,0.969089,0.130134,0.0
5.91471,0.000918052,0.935673,0.123644,0.0
5.91642,0.000893101,1.06934,0.131841,0.0
5.91693,0.000912254,0.935673,0.123644,0.0
5.9164,0.000894599,0.985798,0.126718,0.0
5.91412,0.000847758,0.75188,0.111006,0.0
5.91315,0.000827497,0.918964,0.124669,0.0
5.91453,0.000914143,1.13617,0.137989,0.0
5.91573,0.000921635,0.818713,0.115788,0.0
5.91536,0.000940332,1.23642,0.141405,0.0
5.91485,0.000860788,0.918964,0.122619,0.0
5.91426,0.000912449,0.902256,0.126035,0.0
5.91501,0.000902221,1.26984,0.145162,0.0
5.91544,0.00092372,0.918964,0.122619,0.0
5.91569,0.000979095,1.37009,0.148578,0.0
5.91461,0.000882351,0.885547,0.12501,0.0
5.91473,0.000911928,1.13617,0.137989,0.0
5.91509,0.000907433,0.918964,0.122619,0.0
5.91475,0.00088411,0.935673,0.125693,0.0
5.91477,0.000907889,1.01921,0.128767,0.0
5.9147,0.000868866,0.902256,0.123644,0.0
5.91363,0.000903003,1.01921,0.135257,0.0
5.91459,0.00089525,0.952381,0.131158,0.0
5.91608,0.000964958,1.20301,0.141747,0.0
5.91544,0.000921635,0.952381,0.124669,0.0
5.91599,0.000956358,0.935673,0.125693,0.0
5.91569,0.0008774,0.902256,0.121253,0.0
5.91488,0.000871602,0.969089,0.125693,0.0
5.91586,0.000907237,1.01921,0.128767,0.0
5.91525,0.00089929,1.00251,0.130134,0.0
5.91483,0.000907368,0.868839,0.119204,0.0
5.9161,0.000922417,1.08605,0.134915,0.0
5.91457,0.000903524,0.885547,0.122619,0.0
5.91452,0.000906912,1.00251,0.127743,0.0
5.9153,0.00089968,0.918964,0.124669,0.0
5.91487,0.000909778,1.05263,0.132866,0.0
5.91508,0.000911342,0.935673,0.125693,0.0
5.91385,0.000854012,0.685046,0.106225,0.0
5.91439,0.000888475,1.23642,0.143454,0.0
5.91604,0.000937922,1.06934,0.133891,0.0
5.91478,0.000909322,1.00251,0.127743,0.0
5.91422,0.000906325,0.969089,0.125693,0.0
5.91587,0.000887889,1.10276,0.133891,0.0
5.91405,0.000904241,0.885547,0.12501,0.0
5.91364,0.00090157,0.969089,0.125693,0.0
5.91472,0.000893296,1.00251,0.132183,0.0
5.91546,0.000930886,1.08605,0.134915,0.0
5.91478,0.000879615,1.01921,0.128767,0.0
5.91491,0.000894273,0.885547,0.120228,0.0
5.91433,0.000874208,0.902256,0.121253,0.0
5.91387,0.000860788,0.885547,0.120228,0.0
5.91452,0.000878377,1.03592,0.129792,0.0
5.91554,0.000942677,0.969089,0.125693,0.0
5.9146,0.000882807,1.08605,0.134915,0.0
5.91398,0.000880592,0.835422,0.116813,0.0
5.91544,0.000897987,1.03592,0.129792,0.0
5.91631,0.0009017,0.935673,0.128084,0.0
5.91471,0.000908606,1.03592,0.131841,0.0
5.91409,0.000865348,0.768588,0.112373,0.0
5.91286,0.000893491,0.969089,0.125693,0.0
5.9132,0.000875576,1.00251,0.127743,0.0
5.91471,0.00088828,0.969089,0.125693,0.0
5.91525,0.000889778,1.05263,0.135257,0.0
5.91486,0.000874794,0.952381,0.124669,0.0
5.91529,0.000886195,0.935673,0.128084,0.0
5.91459,0.000847107,0.935673,0.123644,0.0
5.91329,0.000853621,0.85213,0.118179,0.0
5.91369,0.000892905,0.952381,0.124669,0.0
5.91558,0.00088626,0.952381,0.126718,0.0
5.91536,0.000904892,1.01921,0.128767,0.0
5.91548,0.000886977,0.952381,0.126718,0.0
5.91522,0.000869648,0.969089,0.125693,0.0
5.91452,0.000873426,0.985798,0.129109,0.0
5.91415,0.000858442,0.835422,0.116813,0.0
5.91437,0.000900136,1.08605,0.134915,0.0
5.91527,0.000900983,0.85213,0.118179,0.0
5.91356,0.000885478,0.835422,0.121595,0.0
5.91287,0.00082183,0.685046,0.106225,0.0
5.91464,0.000838898,1.00251,0.127743,0.0
5.91502,0.000894664,0.985798,0.129109,0.0
5.91351,0.000847889,0.785297,0.113397,0.0
5.91365,0.000875967,0.985798,0.129109,0.0
5.91394,0.000863719,0.902256,0.123644,0.0
5.91392,0.000903915,0.969089,0.128084,0.0
5.91518,0.000895381,1.01921,0.128767,0.0
5.91454,0.000879159,0.818713,0.12057,0.0
5.9148,0.000913361,1.21972,0.14243,0.0
5.91562,0.000920983,0.985798,0.126718,0.0
5.91469,0.000881504,0.918964,0.122619,0.0
5.91418,0.000893491,1.03592,0.129792,0.0
5.91399,0.000831471,0.818713,0.118179,0.0
5.91426,0.000859029,0.918964,0.122619,0.0
5.91629,0.000920397,1.03592,0.129792,0.0
5.9146,0.000866651,0.952381,0.124669,0.0
5.91427,0.000910625,1.05263,0.132866,0.0
5.91561,0.00088398,0.918964,0.122619,0.0
5.91441,0.000862025,0.902256,0.121253,0.0
5.91431,0.000867954,0.835422,0.119204,0.0
5.91436,0.000867237,1.1863,0.140722,0.0
5.91332,0.000886325,0.802005,0.114763,0.0
5.91379,0.000848931,0.918964,0.124669,0.0
5.91312,0.000873426,0.985798,0.129109,0.0
5.91287,0.000836683,0.818713,0.115788,0.0
5.91321,0.000871016,0.902256,0.123644,0.0
5.91482,0.000885934,0.835422,0.116813,0.0
5.91305,0.000902873,0.918964,0.122619,0.0
5.91376,0.000824826,0.785297,0.113397,0.0
5.91326,0.000864892,0.935673,0.125693,0.0
5.91335,0.00084424,0.818713,0.115788,0.0
5.91321,0.000827888,0.818713,0.115788,0.0
5.9141,0.000863198,0.785297,0.113397,0.0
5.9144,0.000874729,0.802005,0.117154,0.0
5.91403,0.000887563,0.952381,0.124669,0.0
5.91268,0.000823719,0.701754,0.107249,0.0
5.91293,0.00082437,0.885547,0.120228,0.0
5.91447,0.000875771,1.03592,0.129792,0.0
5.91495,0.000909974,1.00251,0.127743,0.0
5.91379,0.000880592,0.701754,0.109982,0.0
5.91329,0.00087714,0.902256,0.121253,0.0
5.91377,0.000886195,0.952381,0.126718,0.0
5.91258,0.000851667,0.601504,0.0993934,0.0
5.91282,0.000909583,1.08605,0.136965,0.0
5.91475,0.000897531,0.969089,0.128084,0.0
5.91229,0.00088626,0.802005,0.114763,0.0
5.91351,0.000889843,1.03592,0.131841,0.0
5.9157,0.000913361,1.03592,0.129792,0.0
5.91513,0.000890169,0.785297,0.115788,0.0
5.91375,0.000887237,0.985798,0.129109,0.0
5.91215,0.000828084,0.668338,0.104858,0.0
5.91277,0.000780461,0.718463,0.108615,0.0
5.91393,0.000874794,0.985798,0.126718,0.0
5.91406,0.000860592,0.75188,0.111006,0.0
5.91354,0.00085082,0.85213,0.118179,0.0
5.91461,0.000838116,0.885547,0.120228,0.0
5.91348,0.000825022,0.618212,0.103492,0.0
5.91324,0.000847172,0.868839,0.119204,0.0
5.91464,0.000877986,0.768588,0.112373,0.0
5.91319,0.000846195,0.818713,0.115788,0.0
5.91423,0.00087499,0.918964,0.122619,0.0
5.91512,0.000870495,0.868839,0.121595,0.0
5.91388,0.000865283,0.985798,0.126718,0.0
5.91458,0.000841895,1.08605,0.134915,0.0
5.91451,0.000906521,0.918964,0.122619,0.0
5.91353,0.000918508,1.08605,0.134915,0.0
5.91382,0.000857205,0.835422,0.116813,0.0
5.91398,0.000879289,0.935673,0.123644,0.0
5.91483,0.000885348,1.00251,0.127743,0.0
5.91431,0.000901374,0.985798,0.126718,0.0
5.91337,0.000830364,0.802005,0.114763,0.0
5.91285,0.000832058,0.818713,0.115788,0.0
5.91315,0.000864045,0.918964,0.122619,0.0
5.91345,0.000854794,0.818713,0.115788,0.0
5.91456,0.00091284,0.918964,0.122619,0.0
5.91487,0.000881179,0.818713,0.115788,0.0
5.91563,0.000908215,1.08605,0.134915,0.0
5.91537,0.000880136,0.918964,0.122619,0.0
5.91481,0.000867498,0.918964,0.122619,0.0
5.91431,0.000853556,0.701754,0.107249,0.0
5.91321,0.000864306,0.868839,0.119204,0.0
5.9142,0.00089069,1.08605,0.132866,0.0
5.91312,0.000841895,0.952381,0.124669,0.0
5.91238,0.000851667,0.802005,0.117154,0.0
5.91387,0.000881048,1.03592,0.134232,0.0
5.91412,0.000874729,0.902256,0.121253,0.0
5.91454,0.000924111,1.03592,0.129792,0.0
5.91387,0.000872644,0.868839,0.119204,0.0
5.91209,0.000834664,0.85213,0.12057,0.0
5.91223,0.000868605,0.952381,0.124669,0.0
5.91403,0.00084626,0.868839,0.119204,0.0
5.91344,0.000870364,0.735171,0.112373,0.0
5.91402,0.000876488,1.13617,0.13594,0.0
5.91443,0.000849061,0.902256,0.121253,0.0
5.91327,0.000837856,0.75188,0.111006,0.0
5.91293,0.000841374,1.00251,0.130134,0.0
5.91269,0.000831081,0.651629,0.106225,0.0
5.91339,0.00083981,0.785297,0.113397,0.0
5.91222,0.00080222,0.785297,0.113397,0.0
5.91304,0.000827954,0.818713,0.118179,0.0
5.91296,0.000833296,0.918964,0.122619,0.0
5.91363,0.000876683,0.885547,0.122619,0.0
5.91395,0.000862612,0.868839,0.119204,0.0
5.9135,0.000878833,0.802005,0.114763,0.0
5.91326,0.000829973,0.952381,0.124669,0.0
5.91259,0.0008088,0.785297,0.113397,0.0
5.91335,0.000860071,0.835422,0.116813,0.0
5.91312,0.000830755,0.75188,0.111006,0.0
5.91195,0.000818637,0.651629,0.103492,0.0
5.91361,0.000867563,0.935673,0.123644,0.0
5.91416,0.000847107,0.885547,0.120228,0.0
5.91287,0.00081955,0.818713,0.118179,0.0
5.91287,0.000807563,0.735171,0.109982,0.0
5.91362,0.000843002,0.768588,0.114763,0.0
5.91272,0.00083284,0.802005,0.114763,0.0
5.91215,0.000801439,0.802005,0.114763,0.0
5.91345,0.000844631,0.885547,0.120228,0.0
5.91416,0.000850885,0.918964,0.124669,0.0
5.91406,0.000853296,0.902256,0.121253,0.0
5.91319,0.000884892,0.85213,0.12057,0.0
5.91348,0.000870299,0.802005,0.114763,0.0
5.91494,0.00089043,0.885547,0.120228,0.0
5.9154,0.00090815,0.768588,0.112373,0.0
5.91313,0.000875381,0.969089,0.125693,0.0
5.91333,0.000854534,0.818713,0.115788,0.0
5.91268,0.000793556,0.584795,0.0980272,0.0
5.91204,0.000833491,0.902256,0.121253,0.0
5.91349,0.000843263,0.835422,0.116813,0.0
5.91413,0.000882091,0.969089,0.128084,0.0
5.91362,0.000887758,0.768588,0.112373,0.0
5.91259,0.000849908,0.868839,0.121595,0.0
5.91254,0.00083323,0.785297,0.113397,0.0
5.9128,0.000820136,0.785297,0.113397,0.0
5.91289,0.000817335,0.701754,0.107249,0.0
5.9121,0.0008574,0.768588,0.117154,0.0
5.91162,0.000825217,0.918964,0.122619,0.0
5.91284,0.000859615,0.935673,0.123644,0.0
5.91398,0.000824957,0.952381,0.124669,0.0
5.91303,0.000880397,0.75188,0.111006,0.0
5.91406,0.00088626,0.818713,0.115788,0.0
5.91234,0.000854599,0.668338,0.104858,0.0
5.91283,0.000889387,0.868839,0.121595,0.0
5.91484,0.000861048,0.902256,0.123644,0.0
5.91322,0.000887237,0.902256,0.123644,0.0
5.9131,0.000887954,0.902256,0.123644,0.0
5.91361,0.000883263,0.952381,0.126718,0.0
5.9131,0.000847889,0.768588,0.112373,0.0
5.91238,0.000828149,0.768588,0.112373,0.0
5.91406,0.000837009,0.768588,0.112373,0.0
5.91413,0.000892905,0.918964,0.124669,0.0
5.91352,0.00086183,0.735171,0.109982,0.0
5.91365,0.000845087,0.952381,0.126718,0.0
5.91405,0.000868931,0.85213,0.12057,0.0
5.91337,0.000841244,0.85213,0.118179,0.0
5.91298,0.000841374,0.785297,0.113397,0.0
5.91321,0.000859485,0.868839,0.119204,0.0
5.91423,0.000840266,0.785297,0.113397,0.0
5.91275,0.00083981,0.902256,0.121253,0.0
5.91286,0.000836683,0.802005,0.114763,0.0
5.91334,0.000828605,0.85213,0.118179,0.0
5.91256,0.000815901,0.651629,0.103492,0.0
5.91301,0.000852384,0.868839,0.119204,0.0
5.91356,0.000802937,0.651629,0.103492,0.0
5.91216,0.000850364,0.885547,0.120228,0.0
5.91311,0.000867693,0.818713,0.115788,0.0
5.91282,0.000832058,0.75188,0.113397,0.0
5.91232,0.000867628,1.05263,0.132866,0.0
5.913,0.000836553,0.835422,0.119204,0.0
5.9136,0.000875641,1.01921,0.128767,0.0
5.91347,0.000852644,0.802005,0.114763,0.0
5.91303,0.000825282,0.651629,0.103492,0.0
5.91324,0.000849061,0.885547,0.120228,0.0
5.91297,0.000824696,0.802005,0.114763,0.0
5.91321,0.000822155,0.918964,0.122619,0.0
5.91353,0.0007974,0.601504,0.0993934,0.0
5.91312,0.000795119,0.701754,0.107249,0.0
5.91306,0.000816422,0.668338,0.104858,0.0
5.91364,0.000864827,0.935673,0.125693,0.0
5.91306,0.000834338,0.75188,0.111006,0.0
5.91217,0.000816422,0.75188,0.113397,0.0
5.91238,0.000799484,0.668338,0.104858,0.0
5.91353,0.000857661,1.03592,0.131841,0.0
5.91526,0.000884892,0.885547,0.120228,0.0
5.9129,0.000849257,0.735171,0.109982,0.0
5.91154,0.000788865,0.651629,0.103492,0.0
5.91268,0.000791536,0.618212,0.10076,0.0
5.9123,0.000813491,0.618212,0.10076,0.0
5.91306,0.000868866,0.918964,0.122619,0.0
5.91289,0.000823067,0.701754,0.107249,0.0
5.91402,0.000856553,0.75188,0.111006,0.0
5.91491,0.000844957,1.00251,0.127743,0.0
5.91364,0.000880332,0.802005,0.117154,0.0
5.91286,0.000860397,0.785297,0.113397,0.0
5.91261,0.000836032,0.735171,0.109982,0.0
5.91345,0.000849973,0.835422,0.116813,0.0
5.9125,0.000853556,0.802005,0.114763,0.0
5.91195,0.000833882,0.701754,0.107249,0.0
5.91097,0.000805738,0.651629,0.103492,0.0
5.91202,0.000823458,0.835422,0.119204,0.0
5.9122,0.000793295,0.651629,0.103492,0.0
5.9131,0.000852319,0.818713,0.115788,0.0
5.91321,0.000849126,0.868839,0.121595,0.0
5.91341,0.000808475,0.818713,0.115788,0.0
5.91323,0.000832449,0.818713,0.118179,0.0
5.91251,0.000807497,0.785297,0.113397,0.0
5.91255,0.000847954,0.85213,0.118179,0.0
5.91252,0.000783393,0.584795,0.0980272,0.0
5.91231,0.000843263,0.918964,0.124669,0.0
5.91321,0.000853231,0.75188,0.113397,0.0
5.91367,0.000849517,0.868839,0.119204,0.0
5.91397,0.000882416,0.835422,0.116813,0.0
5.91292,0.000796357,0.718463,0.108615,0.0
5.91363,0.000862286,0.985798,0.126718,0.0
5.91342,0.000876358,1.03592,0.129792,0.0
5.91368,0.000858377,0.785297,0.115788,0.0
5.91051,0.000822742,0.685046,0.106225,0.0
5.91158,0.000846325,0.985798,0.126718,0.0
5.91362,0.000822416,0.718463,0.108615,0.0
5.91201,0.000821569,0.818713,0.118179,0.0
5.91255,0.000840527,0.668338,0.104858,0.0
5.91257,0.000828735,0.818713,0.115788,0.0
5.91081,0.000823133,0.768588,0.112373,0.0
5.91124,0.000852644,0.634921,0.104858,0.0
5.91311,0.000828605,0.75188,0.111006,0.0
5.9125,0.000791797,0.568087,0.0966609,0.0
5.91249,0.000831081,0.868839,0.119204,0.0
5.91323,0.0007974,0.668338,0.107591,0.0
5.91282,0.000817986,0.85213,0.118179,0.0
5.91249,0.00079779,0.718463,0.108615,0.0
5.91328,0.000803198,0.718463,0.108615,0.0
5.91277,0.000810364,0.802005,0.114763,0.0
5.91344,0.000803393,0.785297,0.115788,0.0
5.91191,0.00081525,0.568087,0.0966609,0.0
5.91168,0.000813621,0.768588,0.114763,0.0
5.91398,0.000874468,0.952381,0.124669,0.0
5.9142,0.000917466,0.985798,0.131158,0.0
5.91299,0.000833426,0.985798,0.126718,0.0
5.91438,0.00084639,0.902256,0.121253,0.0
5.91432,0.000833035,0.785297,0.113397,0.0
5.91452,0.000906521,1.08605,0.132866,0.0
5.91478,0.000871667,0.868839,0.121595,0.0
5.91512,0.000951081,1.13617,0.137989,0.0
5.9152,0.000959811,0.935673,0.123644,0.0
5.91472,0.000946521,1.25313,0.148236,0.0
5.91549,0.000960397,1.06934,0.13594,0.0
5.91607,0.000963459,1.10276,0.140039,0.0
5.91566,0.000947629,1.03592,0.129792,0.0
5.91654,0.000992515,1.16959,0.155067,0.0
5.9176,0.000997271,1.3868,0.15131,0.0
5.91804,0.0010161,1.37009,0.156092,0.0
5.91896,0.00108366,1.31997,0.157117,0.0
5.92113,0.00114418,1.7878,0.181709,0.0
5.92195,0.00119708,1.83793,0.180684,0.0
5.92177,0.00116138,1.35338,0.155067,0.0
5.92227,0.0012576,1.95489,0.187174,0.0
5.92328,0.0013191,1.48705,0.161899,0.0
5.92167,0.00130372,1.85464,0.181367,0.0
5.92425,0.00131291,1.92147,0.19298,0.0
5.92603,0.00141258,2.07185,0.201519,0.0
5.92611,0.00148118,2.28906,0.209375,0.0
5.92878,0.00151343,2.45614,0.214157,0.0
5.92887,0.00159434,2.15539,0.207326,0.0
5.92902,0.00159219,2.69006,0.229185,0.0
5.93146,0.00168255,2.9741,0.241482,0.0
5.93302,0.00175024,2.63993,0.225087,0.0
5.93412,0.00175487,3.00752,0.242506,0.0
5.93513,0.00174809,2.9741,0.234309,0.0
5.93587,0.00181552,3.69256,0.268806,0.0
5.93746,0.00185044,3.29156,0.253778,0.0
5.93629,0.00170281,3.20802,0.243531,0.0
5.93662,0.00175278,3.54219,0.269148,0.0
5.93828,0.00190535,3.20802,0.244897,0.0
5.93678,0.00183376,3.25815,0.245239,0.0
5.93906,0.0018062,3.69256,0.259243,0.0
5.94471,0.00192001,4.02673,0.269831,0.0
5.94503,0.00197337,4.22723,0.295448,0.0
5.94447,0.00201767,3.89307,0.275637,0.0
5.94789,0.00197239,4.37761,0.279394,0.0
5.95184,0.00211506,4.7619,0.295789,0.0
5.9528,0.0020462,4.99582,0.305353,0.0
5.95564,0.00210399,5.58062,0.318674,0.0
5.9587,0.00214132,5.49708,0.314233,0.0
5.95746,0.0021406,5.12949,0.303304,0.0
5.95806,0.00212822,5.63074,0.315941,0.0
5.96171,0.00221767,5.68087,0.317991,0.0
5.96306,0.00226953,6.09858,0.342924,0.0
5.96385,0.00243011,5.84795,0.326188,0.0
5.9654,0.00229845,6.09858,0.329603,0.0
5.96863,0.00243415,7.40184,0.361027,0.0
5.97245,0.00249285,6.80033,0.365467,0.0
5.97197,0.0024793,6.98413,0.351805,0.0
5.97355,0.0024292,7.28488,0.358636,0.0
5.97823,0.00249428,7.335,0.364101,0.0
5.98303,0.00259246,8.10359,0.382887,0.0
5.98753,0.00261546,8.9056,0.384936,0.0
5.99088,0.00272712,9.03926,0.408845,0.0
5.99087,0.00271676,8.68839,0.395866,0.0
5.99577,0.00279272,9.64077,0.419433,0.0
6.00136,0.00284087,9.80785,0.406454,0.0
5.99946,0.00270647,9.23977,0.382203,0.0
5.99827,0.00264191,9.8914,0.418067,0.0
5.99994,0.00268132,9.40685,0.401331,0.0
5.99832,0.00269598,9.47368,0.40338,0.0
6.00643,0.00286106,10.944,0.440268,0.0
6.01274,0.00283487,11.3617,0.432754,0.0
6.01344,0.00282706,11.5288,0.443684,0.0
6.014,0.00277761,11.5455,0.429338,0.0
6.01482,0.0027995,11.4787,0.427289,0.0
6.01671,0.00280184,11.746,0.440268,0.0
6.02091,0.00272217,12.3642,0.438219,0.0
6.02899,0.00276692,13.5338,0.459396,0.0
6.03174,0.00284771,13.2331,0.453931,0.0
6.03046,0.00286816,13.751,0.469642,0.0
6.03589,0.00294139,13.5673,0.456663,0.0
6.03701,0.00289565,13.9515,0.470325,0.0
6.0374,0.00291057,13.7009,0.451881,0.0
6.04071,0.0029664,13.9348,0.474766,0.0
6.04399,0.00309644,13.9348,0.467251,0.0
6.05025,0.00312002,14.8538,0.478181,0.0
6.05766,0.00315742,16.0735,0.500041,0.0
6.05628,0.00322387,14.8204,0.478523,0.0
6.05613,0.00325644,15.7393,0.497308,0.0
6.06206,0.00342576,15.9231,0.505164,0.0
6.06116,0.00343794,16.0735,0.508921,0.0
6.06085,0.00331305,16.3241,0.500724,0.0
6.06287,0.00336817,15.8229,0.503115,0.0
6.064,0.00342973,16.2072,0.513703,0.0
6.06591,0.00353208,16.7586,0.516436,0.0
6.06381,0.00339631,15.7059,0.503115,0.0
6.06495,0.00345937,16.7586,0.512679,0.0
6.07314,0.00366543,16.6249,0.524633,0.0
6.07416,0.00364322,17.1261,0.51951,0.0
6.07661,0.00364836,18.2122,0.529073,0.0
6.07579,0.00354315,16.6917,0.514045,0.0
6.06647,0.00350432,16.391,0.517119,0.0
6.06776,0.00362061,16.0568,0.514728,0.0
6.07589,0.0037369,17.6441,0.52839,0.0
6.07447,0.00365566,17.5272,0.532147,0.0
6.07349,0.00378563,17.1429,0.538979,0.0
6.07342,0.00378178,16.7586,0.51951,0.0
6.07081,0.00366674,17.0259,0.524975,0.0
6.06809,0.00362621,15.9398,0.509605,0.0
6.06869,0.00376263,17.1094,0.530098,0.0
6.07286,0.00382543,16.6082,0.524633,0.0
6.06857,0.00363012,16.5748,0.516436,0.0
6.06184,0.00358895,15.8396,0.516777,0.0
6.0611,0.00368406,16.0401,0.520193,0.0
6.05601,0.00349761,15.5054,0.495942,0.0
6.05138,0.00350022,14.5363,0.493893,0.0
6.05361,0.00347051,14.8872,0.488086,0.0
6.05151,0.00341846,14.6366,0.494918,0.0
6.04775,0.00345331,14.2857,0.491844,0.0
6.05176,0.00352348,15.188,0.500041,0.0
6.04953,0.00340686,14.4194,0.484329,0.0
6.04467,0.00338986,13.7343,0.479547,0.0
6.04768,0.00341064,14.553,0.490819,0.0
6.04631,0.00335123,13.6508,0.463153,0.0
6.04041,0.00333331,13.8179,0.482963,0.0
6.03995,0.00325273,13.4336,0.474424,0.0
6.03826,0.00318426,13.8012,0.473741,0.0
6.03391,0.00312406,12.4812,0.454614,0.0
6.03035,0.00299657,13.1662,0.459737,0.0
6.03064,0.00301318,12.9323,0.454614,0.0
6.0292,0.00306732,12.5815,0.453931,0.0
6.02466,0.00301194,12.665,0.455297,0.0
6.02142,0.00292386,11.6792,0.436853,0.0
6.0223,0.00290276,12.1303,0.441976,0.0
6.02139,0.00292191,11.9632,0.442659,0.0
6.01825,0.00278034,11.3283,0.428655,0.0
6.01388,0.00272419,11.2615,0.419433,0.0
6.01274,0.0027909,11.9298,0.444367,0.0
6.01335,0.00275546,11.2114,0.425581,0.0
6.00931,0.00277937,11.0443,0.424215,0.0
6.00359,0.0025995,10.1086,0.412944,0.0
6.00198,0.00259422,9.85798,0.395524,0.0
5.99964,0.0025238,9.80785,0.398598,0.0
5.99726,0.0025464,10.0251,0.403722,0.0
5.9924,0.0024907,9.05597,0.382203,0.0
5.98874,0.00238249,9.23977,0.396549,0.0
5.98866,0.00233031,8.75522,0.376397,0.0
5.98686,0.00237109,8.23726,0.373664,0.0
5.98855,0.00234327,9.13952,0.390401,0.0
5.9882,0.00236998,8.68839,0.376397,0.0
5.98437,0.00229904,8.38764,0.370249,0.0
5.98434,0.00236158,8.80535,0.384253,0.0
5.98361,0.00232099,7.83626,0.349414,0.0
5.98217,0.00223083,8.22055,0.365809,0.0
5.98021,0.00225832,7.7193,0.356245,0.0
5.97621,0.00214034,7.46867,0.349414,0.0
5.9757,0.00218894,7.23475,0.334385,0.0
5.97783,0.00220992,7.95322,0.363759,0.0
5.97893,0.00226809,7.10109,0.33985,0.0
5.97563,0.00226946,7.43525,0.35078,0.0
5.97231,0.00219949,7.50209,0.355562,0.0
5.96971,0.00215441,6.21554,0.323114,0.0
5.97082,0.00218008,7.5188,0.35727,0.0
5.97029,0.0021391,6.24896,0.319698,0.0
5.96744,0.00212164,7.01754,0.349072,0.0
5.96608,0.00203812,6.64996,0.331653,0.0
5.96664,0.00211715,6.41604,0.321748,0.0
5.96767,0.00211832,6.63325,0.332336,0.0
5.96669,0.00212034,6.59983,0.333361,0.0
5.96218,0.00206412,5.88137,0.319015,0.0
5.96152,0.00201037,6.49958,0.332336,0.0
5.96124,0.00198216,5.26316,0.304328,0.0
5.95806,0.00195845,5.98162,0.307402,0.0
5.95803,0.0019004,5.51378,0.299205,0.0
5.95969,0.00194353,5.71429,0.303987,0.0
5.96093,0.00199278,6.23225,0.327896,0.0
5.96134,0.00201422,6.01504,0.320381,0.0
5.95936,0.00200946,5.43024,0.30023,0.0
5.95892,0.00195825,6.08187,0.3156,0.0
5.95849,0.00192952,5.24645,0.305694,0.0
5.9578,0.00196835,5.66416,0.309452,0.0
5.95747,0.00191448,4.89557,0.284176,0.0
5.95619,0.00190926,5.17962,0.298863,0.0
5.96035,0.00198959,6.28237,0.321065,0.0
5.96039,0.00198451,5.63074,0.310818,0.0
5.95637,0.00196614,5.84795,0.3156,0.0
5.95533,0.00195565,5.29657,0.305011,0.0
5.95538,0.00197943,5.56391,0.312867,0.0
5.95364,0.0019492,4.51128,0.283493,0.0
5.95294,0.00183552,5.1462,0.299205,0.0
5.95383,0.00188138,4.7452,0.288617,0.0
5.95367,0.00194477,5.04595,0.293398,0.0
5.95396,0.00193721,5.02924,0.292032,0.0
5.9516,0.00190073,4.64495,0.285543,0.0
5.94686,0.00180307,4.01003,0.263,0.0
5.94359,0.00171063,3.89307,0.255827,0.0
5.94424,0.00169434,4.12698,0.263,0.0
5.94695,0.00169786,4.57811,0.281785,0.0
5.94378,0.00168223,3.82623,0.253094,0.0
5.9405,0.00164666,3.65915,0.252753,0.0
5.94046,0.00165741,3.32498,0.240115,0.0
5.93983,0.00163447,3.69256,0.253778,0.0
5.9411,0.00166236,3.80952,0.256852,0.0
5.93901,0.00159988,3.3584,0.238749,0.0
5.93673,0.00155799,3.45865,0.249679,0.0
5.93617,0.0015163,3.15789,0.231576,0.0
5.93592,0.00159148,3.30827,0.243189,0.0
5.93516,0.00154809,3.02423,0.226111,0.0
5.93534,0.00152451,3.50877,0.244214,0.0
5.93348,0.00147812,2.87385,0.226453,0.0
5.93169,0.00148229,3.02423,0.226111,0.0
5.93073,0.00142867,2.45614,0.201861,0.0
5.92945,0.0014075,2.52297,0.20835,0.0
5.93097,0.00143493,2.72348,0.211424,0.0
5.93071,0.00137688,2.65664,0.215523,0.0
5.92867,0.00141493,2.45614,0.211424,0.0
5.92816,0.00138731,2.3726,0.206984,0.0
5.92802,0.00135851,2.25564,0.200153,0.0
5.92727,0.00129284,2.22222,0.200153,0.0
5.9266,0.00133701,2.1721,0.198445,0.0
5.9249,0.00124776,2.10526,0.190248,0.0
5.92412,0.00122216,1.80451,0.174536,0.0
5.92509,0.00122138,1.95489,0.18854,0.0
5.92342,0.0012447,1.90476,0.178976,0.0
5.91939,0.00108828,1.33668,0.150627,0.0
5.91936,0.00109454,1.55388,0.16668,0.0
5.9215,0.00111538,1.57059,0.167363,0.0
5.91883,0.00110209,1.35338,0.151652,0.0
5.91773,0.00100958,1.35338,0.151652,0.0
5.91915,0.00102867,1.45363,0.156775,0.0
5.91768,0.00104457,1.35338,0.151652,0.0
5.91561,0.000963655,1.15288,0.140722,0.0
5.91524,0.000958508,0.969089,0.128084,0.0
5.91466,0.000902612,0.75188,0.111006,0.0
5.91331,0.000892579,1.05263,0.130817,0.0
5.9137,0.000888475,0.785297,0.118179,0.0
5.91344,0.000838182,0.551378,0.101101,0.0
5.91317,0.000838247,0.902256,0.121253,0.0
5.91234,0.000804696,0.651629,0.103492,0.0
5.91161,0.000853687,0.685046,0.108615,0.0
5.91132,0.000839029,0.651629,0.103492,0.0
5.91162,0.000775836,0.584795,0.0980272,0.0
5.91096,0.000769647,0.53467,0.0939285,0.0
5.91098,0.000775901,0.718463,0.108615,0.0
5.91167,0.000764826,0.501253,0.0908544,0.0
5.91091,0.000748604,0.53467,0.0939285,0.0
5.90988,0.000759223,0.467836,0.0877804,0.0
5.9116,0.000737008,0.568087,0.0966609,0.0
5.91068,0.000739614,0.367586,0.0816324,0.0
5.9102,0.000751732,0.517962,0.0952947,0.0
5.91028,0.000752709,0.401003,0.0812908,0.0
5.91054,0.00076437,0.584795,0.0980272,0.0
5.91052,0.000734272,0.384294,0.0799246,0.0
5.90917,0.000743523,0.484545,0.0925622,0.0
5.90898,0.000719223,0.401003,0.0812908,0.0
5.91065,0.000757725,0.634921,0.102126,0.0
5.91096,0.000759223,0.484545,0.0894882,0.0
5.91006,0.00073538,0.384294,0.0799246,0.0
5.90987,0.00073779,0.53467,0.0939285,0.0
5.90955,0.000741113,0.517962,0.0925622,0.0
5.91004,0.000740917,0.350877,0.0761674,0.0
5.9103,0.000747302,0.584795,0.0980272,0.0
5.91014,0.00077108,0.451128,0.0864142,0.0
5.91032,0.000738572,0.53467,0.0939285,0.0
5.90986,0.00074906,0.484545,0.0894882,0.0
5.90974,0.000737855,0.434419,0.0847064,0.0
5.91126,0.000758051,0.651629,0.106225,0.0
5.91136,0.000790038,0.517962,0.0983687,0.0
5.91163,0.000771666,0.685046,0.106225,0.0
5.91101,0.000775901,0.568087,0.0997349,0.0
5.90991,0.000732969,0.484545,0.0894882,0.0
5.90995,0.000739028,0.501253,0.0908544,0.0
5.91023,0.00075121,0.584795,0.101101,0.0
5.91086,0.000803719,0.618212,0.10076,0.0
5.91033,0.000752253,0.584795,0.0980272,0.0
5.91047,0.000782611,0.551378,0.0952947,0.0
5.9113,0.000776683,0.584795,0.0980272,0.0
5.90958,0.000719484,0.384294,0.0799246,0.0
5.90916,0.000744565,0.484545,0.0925622,0.0
5.91098,0.000786846,0.584795,0.0980272,0.0
5.90972,0.000761178,0.467836,0.0877804,0.0
5.90857,0.000716161,0.53467,0.0939285,0.0
5.9106,0.00077564,0.568087,0.0966609,0.0
5.91136,0.00076639,0.434419,0.0847064,0.0
5.91081,0.000764044,0.685046,0.106225,0.0
5.90916,0.000730559,0.384294,0.0799246,0.0
5.90954,0.000708865,0.401003,0.0812908,0.0
5.91034,0.000752513,0.651629,0.103492,0.0
5.9104,0.000770298,0.517962,0.0925622,0.0
5.91089,0.000754207,0.501253,0.0908544,0.0
5.91154,0.000812905,0.568087,0.0966609,0.0
5.91079,0.000742025,0.685046,0.106225,0.0
5.90891,0.000728148,0.501253,0.0908544,0.0
5.90948,0.000708278,0.401003,0.0812908,0.0
5.91039,0.000732513,0.501253,0.0908544,0.0
5.91147,0.000762741,0.551378,0.0983687,0.0
5.91056,0.000786194,0.668338,0.104858,0.0
5.91018,0.00076678,0.584795,0.0980272,0.0
5.9097,0.00076893,0.568087,0.0966609,0.0
5.91088,0.000739354,0.501253,0.0908544,0.0
5.91131,0.000772188,0.701754,0.109982,0.0
5.91076,0.00081323,0.53467,0.0939285,0.0
5.91017,0.000743262,0.53467,0.0939285,0.0
5.91023,0.000763263,0.467836,0.0877804,0.0
5.91047,0.0007402,0.618212,0.10076,0.0
5.91041,0.000725933,0.501253,0.0939285,0.0
5.91035,0.00075994,0.618212,0.10076,0.0
5.91007,0.000735836,0.484545,0.0894882,0.0
5.90952,0.000745152,0.517962,0.0925622,0.0
5.9104,0.000772057,0.53467,0.0939285,0.0
5.90981,0.000728474,0.517962,0.0925622,0.0
5.90958,0.000768995,0.601504,0.0993934,0.0
5.91065,0.000729712,0.484545,0.0894882,0.0
5.9091,0.000742937,0.467836,0.0877804,0.0
5.90987,0.000749712,0.384294,0.0799246,0.0
5.91025,0.000779614,0.467836,0.0877804,0.0
5.90937,0.000732643,0.484545,0.0894882,0.0
5.91016,0.000713099,0.434419,0.0847064,0.0
5.9107,0.000699809,0.367586,0.0778752,0.0
5.91006,0.000734142,0.484545,0.0894882,0.0
5.91185,0.000740591,0.401003,0.0812908,0.0
5.91083,0.000754663,0.584795,0.0980272,0.0
5.91014,0.000735054,0.517962,0.0925622,0.0
5.9109,0.000736878,0.517962,0.0925622,0.0
5.91024,0.000732709,0.601504,0.0993934,0.0
5.91044,0.000751927,0.584795,0.0980272,0.0
5.91189,0.000804696,0.618212,0.10076,0.0
5.91056,0.000763719,0.384294,0.0799246,0.0
5.90948,0.000711015,0.384294,0.0799246,0.0
5.90972,0.000723067,0.501253,0.0908544,0.0
5.91117,0.000753621,0.467836,0.0877804,0.0
5.91029,0.000718702,0.417711,0.0829986,0.0
5.91001,0.000739354,0.601504,0.0993934,0.0
5.90992,0.000714272,0.501253,0.0908544,0.0
5.91016,0.000741699,0.53467,0.0966609,0.0
5.91096,0.000799419,0.517962,0.0925622,0.0
5.91033,0.000754924,0.551378,0.0952947,0.0
5.90972,0.000749256,0.53467,0.0939285,0.0
5.90991,0.000765999,0.467836,0.0877804,0.0
5.90969,0.00073538,0.350877,0.0761674,0.0
5.90856,0.00068248,0.384294,0.0799246,0.0
5.90961,0.000713425,0.401003,0.0812908,0.0
5.91032,0.000746976,0.634921,0.102126,0.0
5.91086,0.000743784,0.517962,0.0925622,0.0
5.91093,0.000763458,0.568087,0.0966609,0.0
5.91097,0.000787041,0.467836,0.0877804,0.0
5.90973,0.000731731,0.417711,0.0829986,0.0
5.90983,0.000743458,0.501253,0.0908544,0.0
5.91009,0.000753425,0.618212,0.10076,0.0
5.9091,0.000712774,0.334169,0.0744596,0.0
5.90897,0.000722155,0.53467,0.0939285,0.0
5.91077,0.000738702,0.551378,0.0983687,0.0
5.91079,0.000756292,0.601504,0.0993934,0.0
5.91067,0.000768214,0.517962,0.0925622,0.0
5.91034,0.000750363,0.601504,0.102126,0.0
5.91002,0.000781569,0.517962,0.0925622,0.0
5.90912,0.000717529,0.451128,0.0864142,0.0
5.90924,0.000731536,0.467836,0.0877804,0.0
5.91062,0.000780005,0.384294,0.0799246,0.0
5.90937,0.000720005,0.53467,0.0939285,0.0
5.90941,0.000729386,0.334169,0.0744596,0.0
5.90881,0.000739158,0.551378,0.0983687,0.0
5.90916,0.000730298,0.350877,0.0761674,0.0
5.9102,0.000731406,0.484545,0.0894882,0.0
5.91043,0.000768409,0.501253,0.0908544,0.0
5.9086,0.00068893,0.267335,0.0666038,0.0
5.90916,0.00072463,0.551378,0.0952947,0.0
5.91111,0.000750819,0.417711,0.0829986,0.0
5.91031,0.000748865,0.467836,0.0877804,0.0
5.91018,0.000756227,0.551378,0.0952947,0.0
5.9102,0.000729647,0.334169,0.0744596,0.0
5.90941,0.000709516,0.467836,0.0877804,0.0
5.90966,0.000711601,0.384294,0.0799246,0.0
5.9106,0.000741634,0.434419,0.091196,0.0
5.91042,0.000707822,0.417711,0.0829986,0.0
5.90935,0.000732709,0.434419,0.0847064,0.0
5.90906,0.00072248,0.384294,0.0799246,0.0
5.91021,0.000736748,0.517962,0.0925622,0.0
5.91017,0.000773751,0.53467,0.0939285,0.0
5.90936,0.000729386,0.384294,0.0833402,0.0
5.90884,0.000707106,0.350877,0.0761674,0.0
5.90866,0.000706129,0.350877,0.0761674,0.0
5.91076,0.000743653,0.634921,0.102126,0.0
5.91057,0.000752709,0.517962,0.0925622,0.0
5.90976,0.000743262,0.451128,0.0864142,0.0
5.90921,0.000732318,0.501253,0.0908544,0.0
5.9097,0.000702089,0.384294,0.0799246,0.0
5.91013,0.000715901,0.484545,0.0894882,0.0
5.91038,0.000743262,0.53467,0.0966609,0.0
5.91081,0.00072906,0.401003,0.0812908,0.0
5.91084,0.000755054,0.484545,0.0894882,0.0
5.91036,0.000754207,0.434419,0.0847064,0.0
5.91086,0.000717594,0.501253,0.0908544,0.0
5.91001,0.000743002,0.568087,0.0966609,0.0
5.90967,0.000751145,0.584795,0.0980272,0.0
5.90994,0.00075792,0.451128,0.0864142,0.0
5.90894,0.000713099,0.350877,0.0761674,0.0
5.90892,0.000743849,0.451128,0.0864142,0.0
5.90957,0.000698441,0.350877,0.0761674,0.0
5.90864,0.000708734,0.484545,0.0894882,0.0
5.90898,0.000717008,0.484545,0.0894882,0.0
5.90967,0.000718181,0.401003,0.0812908,0.0
5.90959,0.000760722,0.434419,0.0847064,0.0
5.91012,0.000753295,0.467836,0.0877804,0.0
5.90936,0.000757204,0.417711,0.0829986,0.0
5.90864,0.000702611,0.31746,0.0724103,0.0
5.90871,0.000731275,0.484545,0.0894882,0.0
5.91088,0.000775901,0.434419,0.0847064,0.0
5.90952,0.000721894,0.434419,0.0847064,0.0
5.90862,0.000715445,0.434419,0.0847064,0.0
5.91082,0.000706129,0.517962,0.0925622,0.0
5.91148,0.000749256,0.551378,0.0952947,0.0
5.91112,0.000770624,0.467836,0.0877804,0.0
5.91055,0.000719809,0.367586,0.0778752,0.0
5.91014,0.000714402,0.568087,0.0966609,0.0
5.91033,0.000731862,0.467836,0.0877804,0.0
5.91031,0.000767953,0.501253,0.0908544,0.0
5.90923,0.000708213,0.334169,0.0744596,0.0
5.90891,0.000721829,0.334169,0.0744596,0.0
5.90953,0.000724695,0.367586,0.0778752,0.0
5.90946,0.000730754,0.451128,0.0864142,0.0
5.90945,0.000721634,0.250627,0.0645545,0.0
5.90908,0.000714923,0.401003,0.0812908,0.0
5.909,0.000667757,0.350877,0.0761674,0.0
5.90982,0.000703848,0.417711,0.0829986,0.0
5.90917,0.000703458,0.467836,0.0877804,0.0
5.9095,0.000705998,0.300752,0.0707025,0.0
5.90842,0.000687431,0.384294,0.0799246,0.0
5.90828,0.000732578,0.401003,0.0812908,0.0
5.9094,0.000724044,0.451128,0.0864142,0.0
5.91008,0.000741764,0.501253,0.0908544,0.0
5.91079,0.000752122,0.467836,0.0877804,0.0
5.90998,0.000758963,0.568087,0.0966609,0.0
5.90924,0.000733165,0.401003,0.0812908,0.0
5.91001,0.000737399,0.501253,0.0908544,0.0
5.90903,0.000719549,0.484545,0.0894882,0.0
5.90939,0.000738963,0.451128,0.0894882,0.0
5.91027,0.000743523,0.484545,0.0894882,0.0
5.90941,0.000737985,0.467836,0.0877804,0.0
5.90945,0.000726976,0.384294,0.0799246,0.0
5.91011,0.000763067,0.568087,0.0997349,0.0
5.90937,0.000732774,0.467836,0.0877804,0.0
5.90944,0.000755054,0.568087,0.0966609,0.0
5.90907,0.000717073,0.350877,0.0761674,0.0
5.90918,0.000722285,0.568087,0.0997349,0.0
5.91077,0.000763197,0.568087,0.0966609,0.0
5.91026,0.000766976,0.467836,0.0877804,0.0
5.90935,0.0007202,0.284043,0.0686532,0.0
5.90915,0.000688083,0.384294,0.0799246,0.0
5.90872,0.000723849,0.401003,0.0812908,0.0
5.91026,0.000764761,0.384294,0.0799246,0.0
5.91026,0.000757399,0.601504,0.0993934,0.0
5.90917,0.000720135,0.417711,0.0829986,0.0
5.90927,0.000743067,0.434419,0.0847064,0.0
5.90958,0.000729647,0.384294,0.0799246,0.0
5.91007,0.000729647,0.501253,0.0939285,0.0
5.90991,0.000727888,0.501253,0.0908544,0.0
5.90931,0.000718897,0.501253,0.0908544,0.0
5.90979,0.000774338,0.618212,0.10076,0.0
5.90988,0.000768344,0.501253,0.0908544,0.0
5.909,0.000703132,0.434419,0.0847064,0.0
5.91029,0.000715575,0.451128,0.0864142,0.0
5.91055,0.000752383,0.53467,0.0939285,0.0
5.90998,0.00074652,0.551378,0.0952947,0.0
5.91106,0.000767823,0.584795,0.0980272,0.0
5.91019,0.000732643,0.501253,0.0908544,0.0
5.91019,0.000752709,0.601504,0.0993934,0.0
5.91098,0.000748018,0.417711,0.0829986,0.0
5.9102,0.000734468,0.367586,0.0778752,0.0
5.90998,0.000708018,0.434419,0.0847064,0.0
5.9102,0.000735901,0.517962,0.0952947,0.0
5.91056,0.000745673,0.551378,0.0983687,0.0
5.90991,0.000719223,0.401003,0.0847064,0.0
5.90847,0.000703848,0.401003,0.0812908,0.0
5.90784,0.000687171,0.300752,0.0707025,0.0
5.90864,0.000719158,0.467836,0.091196,0.0
5.91006,0.000738767,0.384294,0.0799246,0.0
5.91063,0.000736292,0.451128,0.0864142,0.0
5.90983,0.00076235,0.501253,0.0908544,0.0
5.90918,0.000739419,0.367586,0.0778752,0.0
5.9094,0.000697659,0.367586,0.0778752,0.0
5.90984,0.000721568,0.434419,0.0847064,0.0
5.90937,0.000722546,0.484545,0.0894882,0.0
5.90906,0.000731145,0.31746,0.0724103,0.0
5.90928,0.000723132,0.501253,0.0908544,0.0
5.90948,0.000729125,0.334169,0.0744596,0.0
5.90915,0.000706519,0.417711,0.0829986,0.0
5.90913,0.000720656,0.501253,0.0908544,0.0
5.9098,0.000735054,0.350877,0.0761674,0.0
5.90954,0.000733165,0.467836,0.0877804,0.0
5.90989,0.000730494,0.334169,0.0744596,0.0
5.90925,0.0,0.384294,0.0,0.0
5.9091,0.0,0.267335,0.0,0.0
5.90838,0.0,0.434419,0.0,0.0
5.91031,0.0,0.501253,0.0,0.0
5.9109,0.0,0.634921,0.0,0.0
5.90963,0.0,0.384294,0.0,0.0
5.90986,0.0,0.501253,0.0,0.0
5.90946,0.0,0.434419,0.0,0.0
5.91024,0.0,0.484545,0.0,0.0
5.91047,0.0,0.584795,0.0,0.0
5.90894,0.0,0.384294,0.0,0.0
5.90885,0.0,0.384294,0.0,0.0
5.90959,0.0,0.451128,0.0,0.0
5.90952,0.0,0.267335,0.0,0.0
5.90992,0.0,0.551378,0.0,0.0
5.91067,0.0,0.384294,0.0,0.0
5.90881,0.0,0.350877,0.0,0.0
5.90841,0.0,0.367586,0.0,0.0
5.90946,0.0,0.501253,0.0,0.0
5.90909,0.0,0.367586,0.0,0.0
5.90763,0.0,0.31746,0.0,0.0
5.90927,0.0,0.334169,0.0,0.0
5.90948,0.0,0.350877,0.0,0.0
5.90834,0.0,0.367586,0.0,0.0
5.90896,0.0,0.451128,0.0,0.0
5.9102,0.0,0.401003,0.0,0.0
5.91005,0.0,0.501253,0.0,0.0
5.90984,0.0,0.53467,0.0,0.0
5.91015,0.0,0.467836,0.0,0.0
5.91061,0.0,0.601504,0.0,0.0
5.90988,0.0,0.451128,0.0,0.0
5.90934,0.0,0.467836,0.0,0.0
5.90914,0.0,0.467836,0.0,0.0
5.91077,0.0,0.551378,0.0,0.0
5.91117,0.0,0.350877,0.0,0.0
5.90887,0.0,0.417711,0.0,0.0
5.90848,0.0,0.451128,0.0,0.0
5.9099,0.0,0.434419,0.0,0.0
5.90835,0.0,0.284043,0.0,0.0
5.90893,0.0,0.484545,0.0,0.0
5.90919,0.0,0.350877,0.0,0.0
5.90906,0.0,0.401003,0.0,0.0
5.90928,0.0,0.417711,0.0,0.0
5.90929,0.0,0.350877,0.0,0.0
5.91002,0.0,0.484545,0.0,0.0
5.90948,0.0,0.233918,0.0,0.0
5.90787,0.0,0.334169,0.0,0.0
5.90773,0.0,0.233918,0.0,0.0
5.90862,0.0,0.484545,0.0,0.0
5.90825,0.0,0.384294,0.0,0.0
5.90753,0.0,0.31746,0.0,0.0
5.90821,0.0,0.484545,0.0,0.0
5.90885,0.0,0.384294,0.0,0.0
5.90993,0.0,0.517962,0.0,0.0
5.91088,0.0,0.618212,0.0,0.0
5.91037,0.0,0.568087,0.0,0.0
5.90924,0.0,0.300752,0.0,0.0
5.90923,0.0,0.300752,0.0,0.0
5.90887,0.0,0.350877,0.0,0.0
5.90918,0.0,0.334169,0.0,0.0
5.90928,0.0,0.651629,0.0,0.0
5.9098,0.0,0.367586,0.0,0.0
5.90989,0.0,0.401003,0.0,0.0
5.909,0.0,0.417711,0.0,0.0
5.9087,0.0,0.334169,0.0,0.0
5.90877,0.0,0.467836,0.0,0.0
5.90923,0.0,0.384294,0.0,0.0
5.90979,0.0,0.451128,0.0,0.0
5.90906,0.0,0.434419,0.0,0.0
5.90851,0.0,0.451128,0.0,0.0
5.90964,0.0,0.417711,0.0,0.0
5.91,0.0,0.451128,0.0,0.0
5.90998,0.0,0.467836,0.0,0.0
5.91001,0.0,0.434419,0.0,0.0
5.90815,0.0,0.384294,0.0,0.0
5.90936,0.0,0.334169,0.0,0.0
5.91009,0.0,0.451128,0.0,0.0
5.91029,0.0,0.53467,0.0,0.0
5.90941,0.0,0.417711,0.0,0.0
5.90909,0.0,0.417711,0.0,0.0
5.90937,0.0,0.334169,0.0,0.0
5.90901,0.0,0.31746,0.0,0.0
5.90937,0.0,0.484545,0.0,0.0
5.91033,0.0,0.467836,0.0,0.0
5.90916,0.0,0.367586,0.0,0.0
5.90857,0.0,0.417711,0.0,0.0
5.90873,0.0,0.183793,0.0,0.0
5.90824,0.0,0.53467,0.0,0.0
5.91019,0.0,0.401003,0.0,0.0
5.9094,0.0,0.501253,0.0,0.0
5.90778,0.0,0.334169,0.0,0.0
5.90877,0.0,0.451128,0.0,0.0
5.9101,0.0,0.384294,0.0,0.0
5.90852,0.0,0.233918,0.0,0.0
5.90852,0.0,0.401003,0.0,0.0
5.90792,0.0,0.334169,0.0,0.0
5.90788,0.0,0.31746,0.0,0.0
5.90991,0.0,0.417711,0.0,0.0
5.90935,0.0,0.367586,0.0,0.0
5.90818,0.0,0.284043,0.0,0.0
5.90971,0.0,0.284043,0.0,0.0
5.91067,0.0,0.501253,0.0,0.0
5.91031,0.0,0.334169,0.0,0.0
5.91005,0.0,0.401003,0.0,0.0
5.90959,0.0,0.284043,0.0,0.0
5.90853,0.0,0.484545,0.0,0.0
5.90995,0.0,0.367586,0.0,0.0
5.90941,0.0,0.551378,0.0,0.0
5.90941,0.0,0.284043,0.0,0.0
5.90862,0.0,0.434419,0.0,0.0
5.90889,0.0,0.350877,0.0,0.0
5.90926,0.0,0.53467,0.0,0.0
5.90971,0.0,0.551378,0.0,0.0
5.90873,0.0,0.334169,0.0,0.0
5.90932,0.0,0.451128,0.0,0.0
5.9091,0.0,0.284043,0.0,0.0
5.90971,0.0,0.451128,0.0,0.0
5.90881,0.0,0.334169,0.0,0.0
5.90774,0.0,0.434419,0.0,0.0
5.90873,0.0,0.384294,0.0,0.0
5.90916,0.0,0.434419,0.0,0.0
5.90781,0.0,0.284043,0.0,0.0
5.90897,0.0,0.434419,0.0,0.0
5.90987,0.0,0.401003,0.0,0.0
5.90924,0.0,0.467836,0.0,0.0
5.9099,0.0,0.417711,0.0,0.0
5.90948,0.0,0.401003,0.0,0.0
5.90952,0.0,0.334169,0.0,0.0
5.90997,0.0,0.367586,0.0,0.0
5.90923,0.0,0.334169,0.0,0.0
5.90945,0.0,0.451128,0.0,0.0
5.90951,0.0,0.300752,0.0,0.0
5.90907,0.0,0.384294,0.0,0.0
5.90907,0.0,0.467836,0.0,0.0
5.90993,0.0,0.417711,0.0,0.0
5.91031,0.0,0.501253,0.0,0.0
5.90985,0.0,0.484545,0.0,0.0
5.90746,0.0,0.284043,0.0,0.0
5.90727,0.0,0.31746,0.0,0.0
5.90891,0.0,0.467836,0.0,0.0
5.90974,0.0,0.568087,0.0,0.0
5.90963,0.0,0.517962,0.0,0.0
5.90988,0.0,0.334169,0.0,0.0
5.9091,0.0,0.417711,0.0,0.0
5.90904,0.0,0.417711,0.0,0.0
5.90979,0.0,0.384294,0.0,0.0
5.90991,0.0,0.384294,0.0,0.0
5.90999,0.0,0.484545,0.0,0.0
5.9102,0.0,0.501253,0.0,0.0
5.90972,0.0,0.21721,0.0,0.0
5.91056,0.0,0.517962,0.0,0.0
5.90992,0.0,0.367586,0.0,0.0
5.90888,0.0,0.334169,0.0,0.0
5.90928,0.0,0.384294,0.0,0.0
5.90904,0.0,0.417711,0.0,0.0
5.90806,0.0,0.451128,0.0,0.0
5.90832,0.0,0.367586,0.0,0.0
5.90831,0.0,0.451128,0.0,0.0
5.90857,0.0,0.417711,0.0,0.0
5.9088,0.0,0.417711,0.0,0.0
5.91025,0.0,0.501253,0.0,0.0
5.90922,0.0,0.434419,0.0,0.0
5.90851,0.0,0.434419,0.0,0.0
5.90973,0.0,0.384294,0.0,0.0
5.90924,0.0,0.401003,0.0,0.0
5.90893,0.0,0.467836,0.0,0.0
5.90939,0.0,0.484545,0.0,0.0
5.90974,0.0,0.584795,0.0,0.0
5.90929,0.0,0.284043,0.0,0.0
5.90886,0.0,0.367586,0.0,0.0
5.90874,0.0,0.417711,0.0,0.0
5.90825,0.0,0.517962,0.0,0.0
5.90882,0.0,0.501253,0.0,0.0
5.9095,0.0,0.334169,0.0,0.0
5.90908,0.0,0.384294,0.0,0.0
5.90829,0.0,0.384294,0.0,0.0
5.90739,0.0,0.401003,0.0,0.0
5.90847,0.0,0.284043,0.0,0.0
5.90797,0.0,0.350877,0.0,0.0
5.90739,0.0,0.334169,0.0,0.0
5.90975,0.0,0.501253,0.0,0.0
5.90968,0.0,0.31746,0.0,0.0
5.90732,0.0,0.367586,0.0,0.0
5.90887,0.0,0.334169,0.0,0.0
5.90954,0.0,0.417711,0.0,0.0
5.90872,0.0,0.31746,0.0,0.0
5.90875,0.0,0.284043,0.0,0.0
5.90974,0.0,0.31746,0.0,0.0
5.90898,0.0,0.451128,0.0,0.0
5.90913,0.0,0.267335,0.0,0.0
5.90789,0.0,0.334169,0.0,0.0
5.90799,0.0,0.334169,0.0,0.0
5.9091,0.0,0.31746,0.0,0.0
5.90745,0.0,0.367586,0.0,0.0
5.90845,0.0,0.451128,0.0,0.0
5.90948,0.0,0.384294,0.0,0.0
5.90937,0.0,0.401003,0.0,0.0
5.9088,0.0,0.401003,0.0,0.0
5.91008,0.0,0.467836,0.0,0.0
5.90954,0.0,0.451128,0.0,0.0
5.90872,0.0,0.367586,0.0,0.0
5.90836,0.0,0.417711,0.0,0.0
5.90872,0.0,0.484545,0.0,0.0
5.90847,0.0,0.300752,0.0,0.0
5.90734,0.0,0.300752,0.0,0.0
5.90812,0.0,0.334169,0.0,0.0
5.90879,0.0,0.53467,0.0,0.0
5.90979,0.0,0.384294,0.0,0.0
5.9097,0.0,0.384294,0.0,0.0
5.90931,0.0,0.434419,0.0,0.0
5.91003,0.0,0.467836,0.0,0.0
5.9092,0.0,0.350877,0.0,0.0
5.90812,0.0,0.401003,0.0,0.0
5.90839,0.0,0.434419,0.0,0.0
5.90809,0.0,0.384294,0.0,0.0
5.9084,0.0,0.284043,0.0,0.0
5.90853,0.0,0.334169,0.0,0.0
5.90892,0.0,0.250627,0.0,0.0
5.90843,0.0,0.384294,0.0,0.0
5.90828,0.0,0.300752,0.0,0.0
5.90846,0.0,0.417711,0.0,0.0
5.90893,0.0,0.401003,0.0,0.0
5.90923,0.0,0.434419,0.0,0.0
5.90971,0.0,0.434419,0.0,0.0
5.91096,0.0,0.651629,0.0,0.0
5.91309,0.0,0.952381,0.0,0.0
5.91245,0.0,0.584795,0.0,0.0
5.91298,0.0,0.935673,0.0,0.0
5.91624,0.0,1.05263,0.0,0.0
5.91817,0.0,1.53718,0.0,0.0
5.91939,0.0,1.67084,0.0,0.0
5.92244,0.0,1.72097,0.0,0.0
5.92504,0.0,2.15539,0.0,0.0
5.92695,0.0,2.28906,0.0,0.0
5.93102,0.0,2.7736,0.0,0.0
5.93337,0.0,2.87385,0.0,0.0
5.93549,0.0,3.3751,0.0,0.0
5.93917,0.0,3.69256,0.0,0.0
5.94512,0.0,4.34419,0.0,0.0
5.94826,0.0,4.41103,0.0,0.0
5.94958,0.0,5.44695,0.0,0.0
5.952,0.0,4.89557,0.0,0.0
5.95435,0.0,5.09607,0.0,0.0
5.95602,0.0,5.36341,0.0,0.0
5.95815,0.0,5.44695,0.0,0.0
5.95992,0.0,5.73099,0.0,0.0
5.9639,0.0,6.3325,0.0,0.0
5.97062,0.0,6.91729,0.0,0.0
5.9739,0.0,7.16792,0.0,0.0
5.97656,0.0,7.21805,0.0,0.0
5.97896,0.0,8.03676,0.0,0.0
5.98415,0.0,8.37093,0.0,0.0
5.98968,0.0,8.95572,0.0,0.0
5.99446,0.0,9.84127,0.0,0.0
5.99795,0.0,9.69089,0.0,0.0
5.99771,0.0,9.60735,0.0,0.0
5.99329,0.0,9.32331,0.0,0.0
5.98954,0.0,8.7051,0.0,0.0
5.98328,0.0,8.03676,0.0,0.0
5.97637,0.0,7.48538,0.0,0.0
5.97682,0.0,7.5188,0.0,0.0
5.97596,0.0,7.41855,0.0,0.0
5.97236,0.0,7.58563,0.0,0.0
5.96661,0.0,6.46617,0.0,0.0
5.96028,0.0,5.66416,0.0,0.0
5.95523,0.0,5.1462,0.0,0.0
5.94866,0.0,4.66165,0.0,0.0
5.94331,0.0,3.9599,0.0,0.0
5.94063,0.0,3.79282,0.0,0.0
5.93504,0.0,2.95739,0.0,0.0
5.92895,0.0,2.52297,0.0,0.0
5.92254,0.0,1.52047,0.0,0.0
5.91887,0.0,1.37009,0.0,0.0
5.9175,0.0,1.08605,0.0,0.0
5.91492,0.0,0.785297,0.0,0.0
5.91062,0.0,0.384294,0.0,0.0
5.90981,0.0,0.367586,0.0,0.0
5.91201,0.0,0.334169,0.0,0.0
5.91136,0.0,0.451128,0.0,0.0
5.90975,0.0,0.384294,0.0,0.0
5.90995,0.0,0.401003,0.0,0.0
5.91171,0.0,0.401003,0.0,0.0
5.91072,0.0,0.367586,0.0,0.0
5.90968,0.0,0.401003,0.0,0.0
5.90843,0.0,0.300752,0.0,0.0
5.90918,0.0,0.300752,0.0,0.0
5.91001,0.0,0.467836,0.0,0.0
5.90912,0.0,0.367586,0.0,0.0
5.90771,0.0,0.21721,0.0,0.0
5.9076,0.0,0.21721,0.0,0.0
5.90824,0.0,0.267335,0.0,0.0
5.90835,0.0,0.334169,0.0,0.0
5.90847,0.0,0.250627,0.0,0.0
5.9085,0.0,0.367586,0.0,0.0
5.90877,0.0,0.334169,0.0,0.0
5.90844,0.0,0.384294,0.0,0.0
5.90805,0.0,0.434419,0.0,0.0
5.90902,0.0,0.350877,0.0,0.0
5.90994,0.0,0.484545,0.0,0.0
5.91003,0.0,0.417711,0.0,0.0
5.90879,0.0,0.31746,0.0,0.0
5.90871,0.0,0.350877,0.0,0.0
5.90938,0.0,0.451128,0.0,0.0
5.90951,0.0,0.350877,0.0,0.0
5.90932,0.0,0.284043,0.0,0.0
5.90886,0.0,0.401003,0.0,0.0
5.90886,0.0,0.300752,0.0,0.0
5.90829,0.0,0.31746,0.0,0.0
5.90811,0.0,0.31746,0.0,0.0
5.90845,0.0,0.451128,0.0,0.0
5.90886,0.0,0.300752,0.0,0.0
5.90807,0.0,0.384294,0.0,0.0
5.90851,0.0,0.434419,0.0,0.0
5.90878,0.0,0.434419,0.0,0.0
5.90841,0.0,0.401003,0.0,0.0
5.90795,0.0,0.350877,0.0,0.0
5.90898,0.0,0.367586,0.0,0.0
5.90865,0.0,0.367586,0.0,0.0
5.9087,0.0,0.267335,0.0,0.0
5.90878,0.0,0.367586,0.0,0.0
5.90915,0.0,0.334169,0.0,0.0
5.90903,0.0,0.250627,0.0,0.0
5.90877,0.0,0.517962,0.0,0.0
5.90915,0.0,0.350877,0.0,0.0
5.90898,0.0,0.334169,0.0,0.0
5.90921,0.0,0.300752,0.0,0.0
5.90786,0.0,0.300752,0.0,0.0
5.90873,0.0,0.250627,0.0,0.0
5.91036,0.0,0.31746,0.0,0.0
5.90861,0.0,0.384294,0.0,0.0
5.90806,0.0,0.417711,0.0,0.0
5.90969,0.0,0.434419,0.0,0.0
5.90906,0.0,0.467836,0.0,0.0
5.90872,0.0,0.451128,0.0,0.0
5.9078,0.0,0.21721,0.0,0.0
5.90752,0.0,0.350877,0.0,0.0
5.90893,0.0,0.350877,0.0,0.0
5.9085,0.0,0.31746,0.0,0.0
5.90825,0.0,0.21721,0.0,0.0
5.90849,0.0,0.350877,0.0,0.0
5.90885,0.0,0.334169,0.0,0.0
5.90844,0.0,0.451128,0.0,0.0
5.90966,0.0,0.417711,0.0,0.0
5.90923,0.0,0.300752,0.0,0.0
5.90893,0.0,0.300752,0.0,0.0
5.90795,0.0,0.284043,0.0,0.0
5.90939,0.0,0.367586,0.0,0.0
5.90877,0.0,0.250627,0.0,0.0
5.90802,0.0,0.250627,0.0,0.0
5.90821,0.0,0.250627,0.0,0.0
5.90874,0.0,0.200501,0.0,0.0
5.9091,0.0,0.367586,0.0,0.0
5.9085,0.0,0.200501,0.0,0.0
5.90844,0.0,0.451128,0.0,0.0
5.90876,0.0,0.334169,0.0,0.0
5.90812,0.0,0.284043,0.0,0.0
5.90825,0.0,0.384294,0.0,0.0
5.90859,0.0,0.417711,0.0,0.0
5.90894,0.0,0.334169,0.0,0.0
5.90828,0.0,0.334169,0.0,0.0
5.90839,0.0,0.200501,0.0,0.0
5.90904,0.0,0.300752,0.0,0.0
5.9089,0.0,0.334169,0.0,0.0
5.90816,0.0,0.384294,0.0,0.0
5.90734,0.0,0.300752,0.0,0.0
5.90865,0.0,0.267335,0.0,0.0
5.90822,0.0,0.300752,0.0,0.0
5.90812,0.0,0.384294,0.0,0.0
5.90866,0.0,0.350877,0.0,0.0
5.90848,0.0,0.401003,0.0,0.0
5.90744,0.0,0.250627,0.0,0.0
5.90805,0.0,0.300752,0.0,0.0
5.90839,0.0,0.31746,0.0,0.0
5.90903,0.0,0.233918,0.0,0.0
5.90799,0.0,0.284043,0.0,0.0
5.90963,0.0,0.484545,0.0,0.0
5.90973,0.0,0.267335,0.0,0.0
5.90733,0.0,0.250627,0.0,0.0
5.90788,0.0,0.350877,0.0,0.0
5.90884,0.0,0.21721,0.0,0.0
5.90891,0.0,0.284043,0.0,0.0
5.90869,0.0,0.367586,0.0,0.0
5.90863,0.0,0.334169,0.0,0.0
5.90891,0.0,0.31746,0.0,0.0
5.90896,0.0,0.401003,0.0,0.0
5.9089,0.0,0.334169,0.0,0.0
5.90798,0.0,0.250627,0.0,0.0
5.90878,0.0,0.267335,0.0,0.0
5.90793,0.0,0.284043,0.0,0.0
5.90823,0.0,0.300752,0.0,0.0
5.90922,0.0,0.334169,0.0,0.0
5.90812,0.0,0.267335,0.0,0.0
5.90749,0.0,0.267335,0.0,0.0
5.9088,0.0,0.350877,0.0,0.0
5.90856,0.0,0.367586,0.0,0.0
5.90773,0.0,0.267335,0.0,0.0
5.90865,0.0,0.350877,0.0,0.0
5.90847,0.0,0.367586,0.0,0.0
5.90839,0.0,0.434419,0.0,0.0
5.90952,0.0,0.31746,0.0,0.0
5.90868,0.0,0.401003,0.0,0.0
5.90818,0.0,0.300752,0.0,0.0
5.90864,0.0,0.31746,0.0,0.0
5.90831,0.0,0.300752,0.0,0.0
5.90709,0.0,0.267335,0.0,0.0
5.90838,0.0,0.367586,0.0,0.0
5.90851,0.0,0.284043,0.0,0.0
5.90908,0.0,0.334169,0.0,0.0
5.90811,0.0,0.31746,0.0,0.0
5.90783,0.0,0.334169,0.0,0.0
5.90802,0.0,0.401003,0.0,0.0
5.90906,0.0,0.367586,0.0,0.0
5.90884,0.0,0.350877,0.0,0.0
5.90845,0.0,0.384294,0.0,0.0
5.90852,0.0,0.367586,0.0,0.0
5.90824,0.0,0.401003,0.0,0.0
5.90814,0.0,0.300752,0.0,0.0
5.90849,0.0,0.401003,0.0,0.0
5.90888,0.0,0.284043,0.0,0.0
5.90862,0.0,0.451128,0.0,0.0
5.90845,0.0,0.31746,0.0,0.0
5.90835,0.0,0.300752,0.0,0.0
5.90822,0.0,0.250627,0.0,0.0
5.90954,0.0,0.384294,0.0,0.0
5.91012,0.0,0.467836,0.0,0.0
5.90993,0.0,0.467836,0.0,0.0
5.90987,0.0,0.367586,0.0,0.0
5.9093,0.0,0.334169,0.0,0.0
5.90808,0.0,0.250627,0.0,0.0
5.9085,0.0,0.334169,0.0,0.0
5.90925,0.0,0.568087,0.0,0.0
5.90909,0.0,0.200501,0.0,0.0
5.9088,0.0,0.233918,0.0,0.0
5.90836,0.0,0.350877,0.0,0.0
5.90924,0.0,0.334169,0.0,0.0
5.90762,0.0,0.150376,0.0,0.0
5.90687,0.0,0.267335,0.0,0.0
5.90887,0.0,0.367586,0.0,0.0
5.90838,0.0,0.250627,0.0,0.0
5.90775,0.0,0.31746,0.0,0.0
5.90824,0.0,0.350877,0.0,0.0
5.90791,0.0,0.350877,0.0,0.0
5.90746,0.0,0.350877,0.0,0.0
5.90771,0.0,0.267335,0.0,0.0
5.90791,0.0,0.367586,0.0,0.0
5.90801,0.0,0.267335,0.0,0.0
5.90836,0.0,0.300752,0.0,0.0
5.90923,0.0,0.384294,0.0,0.0
5.90952,0.0,0.467836,0.0,0.0
5.90925,0.0,0.334169,0.0,0.0
5.90905,0.0,0.334169,0.0,0.0
5.90894,0.0,0.367586,0.0,0.0
5.90716,0.0,0.267335,0.0,0.0
5.90758,0.0,0.300752,0.0,0.0
5.90925,0.0,0.250627,0.0,0.0
5.9087,0.0,0.367586,0.0,0.0
5.90919,0.0,0.233918,0.0,0.0
5.90931,0.0,0.31746,0.0,0.0
5.90828,0.0,0.384294,0.0,0.0
5.90793,0.0,0.334169,0.0,0.0
5.90797,0.0,0.334169,0.0,0.0
5.90761,0.0,0.21721,0.0,0.0
5.90796,0.0,0.31746,0.0,0.0
5.90792,0.0,0.284043,0.0,0.0
5.90859,0.0,0.467836,0.0,0.0
5.90818,0.0,0.267335,0.0,0.0
5.90891,0.0,0.233918,0.0,0.0
5.90858,0.0,0.401003,0.0,0.0
5.90842,0.0,0.200501,0.0,0.0
5.90829,0.0,0.350877,0.0,0.0
5.90794,0.0,0.284043,0.0,0.0
5.90926,0.0,0.334169,0.0,0.0
5.9091,0.0,0.350877,0.0,0.0
5.90798,0.0,0.233918,0.0,0.0
5.90937,0.0,0.334169,0.0,0.0
5.90925,0.0,0.284043,0.0,0.0
5.90852,0.0,0.31746,0.0,0.0
5.90846,0.0,0.284043,0.0,0.0
5.90972,0.0,0.367586,0.0,0.0
5.90867,0.0,0.367586,0.0,0.0
5.90884,0.0,0.384294,0.0,0.0
5.90988,0.0,0.367586,0.0,0.0
5.90926,0.0,0.417711,0.0,0.0
5.90772,0.0,0.367586,0.0,0.0
5.90822,0.0,0.21721,0.0,0.0
5.90807,0.0,0.233918,0.0,0.0
5.90868,0.0,0.401003,0.0,0.0
5.90796,0.0,0.300752,0.0,0.0
5.90809,0.0,0.367586,0.0,0.0
5.90837,0.0,0.250627,0.0,0.0
5.90827,0.0,0.284043,0.0,0.0
5.90836,0.0,0.350877,0.0,0.0
5.90785,0.0,0.300752,0.0,0.0
5.90857,0.0,0.334169,0.0,0.0
5.90826,0.0,0.233918,0.0,0.0
5.90776,0.0,0.267335,0.0,0.0
5.90819,0.0,0.167084,0.0,0.0
5.90807,0.0,0.350877,0.0,0.0
5.9088,0.0,0.267335,0.0,0.0
5.90843,0.0,0.167084,0.0,0.0
5.90764,0.0,0.334169,0.0,0.0
5.908,0.0,0.300752,0.0,0.0
5.90853,0.0,0.250627,0.0,0.0
5.90731,0.0,0.401003,0.0,0.0
5.90709,0.0,0.233918,0.0,0.0
5.90786,0.0,0.21721,0.0,0.0
5.90903,0.0,0.467836,0.0,0.0
5.90912,0.0,0.300752,0.0,0.0
5.90783,0.0,0.434419,0.0,0.0
5.90779,0.0,0.284043,0.0,0.0
5.90708,0.0,0.167084,0.0,0.0
5.90832,0.0,0.417711,0.0,0.0
5.90809,0.0,0.350877,0.0,0.0
5.90757,0.0,0.21721,0.0,0.0
5.90871,0.0,0.250627,0.0,0.0
5.90843,0.0,0.31746,0.0,0.0
5.9085,0.0,0.434419,0.0,0.0
5.90904,0.0,0.334169,0.0,0.0
5.90854,0.0,0.200501,0.0,0.0
5.90893,0.0,0.467836,0.0,0.0
5.9098,0.0,0.31746,0.0,0.0
5.9087,0.0,0.31746,0.0,0.0
5.90823,0.0,0.300752,0.0,0.0
5.90796,0.0,0.233918,0.0,0.0
5.90842,0.0,0.284043,0.0,0.0
5.90806,0.0,0.31746,0.0,0.0
5.90829,0.0,0.467836,0.0,0.0
5.90868,0.0,0.31746,0.0,0.0
5.90829,0.0,0.284043,0.0,0.0
5.90734,0.0,0.350877,0.0,0.0
5.90754,0.0,0.167084,0.0,0.0
5.90741,0.0,0.284043,0.0,0.0
5.90829,0.0,0.267335,0.0,0.0
5.90724,0.0,0.233918,0.0,0.0
5.9078,0.0,0.284043,0.0,0.0
5.90866,0.0,0.334169,0.0,0.0
5.90841,0.0,0.284043,0.0,0.0
5.908,0.0,0.31746,0.0,0.0
5.90799,0.0,0.384294,0.0,0.0
5.90809,0.0,0.300752,0.0,0.0
5.90793,0.0,0.183793,0.0,0.0
5.90811,0.0,0.334169,0.0,0.0
5.90817,0.0,0.300752,0.0,0.0
5.90892,0.0,0.267335,0.0,0.0
5.90848,0.0,0.367586,0.0,0.0
5.90873,0.0,0.21721,0.0,0.0
5.90763,0.0,0.334169,0.0,0.0
5.90655,0.0,0.267335,0.0,0.0
5.90648,0.0,0.284043,0.0,0.0
5.90756,0.0,0.21721,0.0,0.0
5.90897,0.0,0.350877,0.0,0.0
5.90932,0.0,0.334169,0.0,0.0
5.90668,0.0,0.21721,0.0,0.0
5.90737,0.0,0.250627,0.0,0.0
5.90901,0.0,0.267335,0.0,0.0
5.9082,0.0,0.350877,0.0,0.0
5.90867,0.0,0.350877,0.0,0.0
5.90795,0.0,0.21721,0.0,0.0
5.90633,0.0,0.21721,0.0,0.0
5.90757,0.0,0.31746,0.0,0.0
5.90778,0.0,0.367586,0.0,0.0
5.90809,0.0,0.300752,0.0,0.0
5.90832,0.0,0.233918,0.0,0.0
5.90846,0.0,0.31746,0.0,0.0
5.90836,0.0,0.267335,0.0,0.0
5.9077,0.0,0.233918,0.0,0.0
5.90803,0.0,0.31746,0.0,0.0
5.90894,0.0,0.334169,0.0,0.0
5.90917,0.0,0.401003,0.0,0.0
5.90882,0.0,0.434419,0.0,0.0
5.90833,0.0,0.233918,0.0,0.0
5.90712,0.0,0.334169,0.0,0.0
5.90799,0.0,0.434419,0.0,0.0
5.90842,0.0,0.250627,0.0,0.0
5.90745,0.0,0.267335,0.0,0.0
5.90874,0.0,0.31746,0.0,0.0
5.90825,0.0,0.300752,0.0,0.0
5.9081,0.0,0.250627,0.0,0.0
5.90819,0.0,0.300752,0.0,0.0
5.90815,0.0,0.384294,0.0,0.0
5.90916,0.0,0.417711,0.0,0.0
5.90877,0.0,0.31746,0.0,0.0
5.90859,0.0,0.250627,0.0,0.0
5.90827,0.0,0.21721,0.0,0.0
5.90799,0.0,0.233918,0.0,0.0
5.90847,0.0,0.334169,0.0,0.0
5.90826,0.0,0.233918,0.0,0.0
5.90678,0.0,0.233918,0.0,0.0
5.90814,0.0,0.233918,0.0,0.0
5.90828,0.0,0.200501,0.0,0.0
5.90735,0.0,0.233918,0.0,0.0
5.90778,0.0,0.350877,0.0,0.0
5.90916,0.0,0.417711,0.0,0.0
5.90949,0.0,0.250627,0.0,0.0
5.90837,0.0,0.334169,0.0,0.0
5.90835,0.0,0.350877,0.0,0.0
5.90755,0.0,0.350877,0.0,0.0
5.9084,0.0,0.31746,0.0,0.0
5.90823,0.0,0.401003,0.0,0.0
5.90765,0.0,0.384294,0.0,0.0
5.9081,0.0,0.300752,0.0,0.0
5.90868,0.0,0.267335,0.0,0.0
5.90852,0.0,0.401003,0.0,0.0
5.90819,0.0,0.300752,0.0,0.0
5.9088,0.0,0.401003,0.0,0.0
5.91008,0.0,0.31746,0.0,0.0
5.90938,0.0,0.384294,0.0,0.0
5.90796,0.0,0.250627,0.0,0.0
5.90763,0.0,0.284043,0.0,0.0
5.90782,0.0,0.334169,0.0,0.0
5.90785,0.0,0.233918,0.0,0.0
5.90725,0.0,0.233918,0.0,0.0
5.90802,0.0,0.21721,0.0,0.0
5.9075,0.0,0.417711,0.0,0.0
5.90749,0.0,0.167084,0.0,0.0
5.90776,0.0,0.250627,0.0,0.0
5.90836,0.0,0.284043,0.0,0.0
5.90845,0.0,0.367586,0.0,0.0
5.90904,0.0,0.350877,0.0,0.0
5.90746,0.0,0.200501,0.0,0.0
5.90706,0.0,0.300752,0.0,0.0
5.90811,0.0,0.233918,0.0,0.0
5.90849,0.0,0.267335,0.0,0.0
5.90856,0.0,0.451128,0.0,0.0
5.90918,0.0,0.31746,0.0,0.0
5.9088,0.0,0.334169,0.0,0.0
5.90842,0.0,0.267335,0.0,0.0
5.90863,0.0,0.300752,0.0,0.0
5.90903,0.0,0.300752,0.0,0.0
5.90952,0.0,0.334169,0.0,0.0
5.90828,0.0,0.21721,0.0,0.0
5.90774,0.0,0.200501,0.0,0.0
5.90836,0.0,0.267335,0.0,0.0
5.90847,0.0,0.334169,0.0,0.0
5.90763,0.0,0.21721,0.0,0.0
5.90734,0.0,0.250627,0.0,0.0
5.90624,0.0,0.284043,0.0,0.0
5.90727,0.0,0.31746,0.0,0.0
5.90945,0.0,0.401003,0.0,0.0
5.90858,0.0,0.334169,0.0,0.0
5.90748,0.0,0.267335,0.0,0.0
5.90817,0.0,0.250627,0.0,0.0
5.9085,0.0,0.451128,0.0,0.0
5.90848,0.0,0.250627,0.0,0.0
5.90794,0.0,0.200501,0.0,0.0
5.90864,0.0,0.31746,0.0,0.0
5.90795,0.0,0.250627,0.0,0.0
5.90826,0.0,0.367586,0.0,0.0
5.90778,0.0,0.31746,0.0,0.0
5.90774,0.0,0.267335,0.0,0.0
5.90764,0.0,0.150376,0.0,0.0
5.90865,0.0,0.300752,0.0,0.0
5.90848,0.0,0.250627,0.0,0.0
5.9078,0.0,0.284043,0.0,0.0
5.90846,0.0,0.300752,0.0,0.0
5.90824,0.0,0.367586,0.0,0.0
5.90792,0.0,0.31746,0.0,0.0
5.90785,0.0,0.334169,0.0,0.0
5.90714,0.0,0.21721,0.0,0.0
5.90707,0.0,0.250627,0.0,0.0
5.90801,0.0,0.367586,0.0,0.0
5.90826,0.0,0.334169,0.0,0.0
5.90681,0.0,0.150376,0.0,0.0
5.90799,0.0,0.300752,0.0,0.0
5.90804,0.0,0.233918,0.0,0.0
5.90831,0.0,0.350877,0.0,0.0
5.90834,0.0,0.300752,0.0,0.0
5.90782,0.0,0.284043,0.0,0.0
5.90853,0.0,0.350877,0.0,0.0
5.90951,0.0,0.250627,0.0,0.0
5.90954,0.0,0.200501,0.0,0.0
5.90918,0.0,0.350877,0.0,0.0
5.90864,0.0,0.350877,0.0,0.0
5.90929,0.0,0.350877,0.0,0.0
5.90776,0.0,0.233918,0.0,0.0
5.90775,0.0,0.183793,0.0,0.0
5.90767,0.0,0.284043,0.0,0.0
5.9074,0.0,0.300752,0.0,0.0
5.90865,0.0,0.300752,0.0,0.0
5.9085,0.0,0.334169,0.0,0.0
5.90753,0.0,0.267335,0.0,0.0
5.90674,0.0,0.250627,0.0,0.0
5.90878,0.0,0.350877,0.0,0.0
5.90858,0.0,0.350877,0.0,0.0
5.90725,0.0,0.21721,0.0,0.0
5.90759,0.0,0.334169,0.0,0.0
5.90833,0.0,0.167084,0.0,0.0
5.90894,0.0,0.451128,0.0,0.0
5.90874,0.0,0.21721,0.0,0.0
5.90845,0.0,0.334169,0.0,0.0
5.90812,0.0,0.167084,0.0,0.0
5.9085,0.0,0.250627,0.0,0.0
5.90804,0.0,0.250627,0.0,0.0
5.90788,0.0,0.334169,0.0,0.0
5.90781,0.0,0.350877,0.0,0.0
5.90907,0.0,0.384294,0.0,0.0
5.90833,0.0,0.300752,0.0,0.0
5.90774,0.0,0.284043,0.0,0.0
5.90704,0.0,0.334169,0.0,0.0
5.90807,0.0,0.300752,0.0,0.0
5.9082,0.0,0.200501,0.0,0.0
5.90744,0.0,0.267335,0.0,0.0
5.90697,0.0,0.233918,0.0,0.0
5.90705,0.0,0.200501,0.0,0.0
5.90838,0.0,0.250627,0.0,0.0
5.90813,0.0,0.31746,0.0,0.0
5.90765,0.0,0.21721,0.0,0.0
5.90709,0.0,0.31746,0.0,0.0
5.9072,0.0,0.250627,0.0,0.0
5.90699,0.0,0.250627,0.0,0.0
5.90748,0.0,0.21721,0.0,0.0
5.90826,0.0,0.233918,0.0,0.0
5.90867,0.0,0.350877,0.0,0.0
5.90825,0.0,0.183793,0.0,0.0
5.90779,0.0,0.300752,0.0,0.0
5.90916,0.0,0.350877,0.0,0.0
5.90859,0.0,0.31746,0.0,0.0
5.90757,0.0,0.250627,0.0,0.0
5.90751,0.0,0.300752,0.0,0.0
5.90786,0.0,0.350877,0.0,0.0
5.90682,0.0,0.350877,0.0,0.0
5.90778,0.0,0.300752,0.0,0.0
5.90898,0.0,0.334169,0.0,0.0
5.90806,0.0,0.284043,0.0,0.0
5.90741,0.0,0.21721,0.0,0.0
5.90796,0.0,0.21721,0.0,0.0
5.90814,0.0,0.250627,0.0,0.0
5.90785,0.0,0.267335,0.0,0.0
5.90879,0.0,0.284043,0.0,0.0
5.90759,0.0,0.250627,0.0,0.0
5.90793,0.0,0.21721,0.0,0.0
5.90836,0.0,0.334169,0.0,0.0
5.9081,0.0,0.200501,0.0,0.0
5.90764,0.0,0.200501,0.0,0.0
5.90743,0.0,0.21721,0.0,0.0
5.90732,0.0,0.250627,0.0,0.0
5.90763,0.0,0.31746,0.0,0.0
5.9079,0.0,0.233918,0.0,0.0
5.90835,0.0,0.334169,0.0,0.0
5.90809,0.0,0.233918,0.0,0.0
5.90769,0.0,0.384294,0.0,0.0
5.90813,0.0,0.233918,0.0,0.0
5.9079,0.0,0.250627,0.0,0.0
5.90883,0.0,0.31746,0.0,0.0
5.90898,0.0,0.300752,0.0,0.0
5.90782,0.0,0.167084,0.0,0.0
5.90802,0.0,0.300752,0.0,0.0
5.90803,0.0,0.350877,0.0,0.0
5.90912,0.0,0.267335,0.0,0.0
5.90824,0.0,0.233918,0.0,0.0
5.90746,0.0,0.300752,0.0,0.0
5.90777,0.0,0.167084,0.0,0.0
5.90765,0.0,0.250627,0.0,0.0
5.90831,0.0,0.284043,0.0,0.0
5.9071,0.0,0.133668,0.0,0.0
5.90734,0.0,0.367586,0.0,0.0
5.90854,0.0,0.21721,0.0,0.0
5.90851,0.0,0.334169,0.0,0.0
5.90808,0.0,0.250627,0.0,0.0
5.90804,0.0,0.367586,0.0,0.0
5.90718,0.0,0.300752,0.0,0.0
5.9076,0.0,0.233918,0.0,0.0
5.90779,0.0,0.250627,0.0,0.0
5.90731,0.0,0.150376,0.0,0.0
5.90741,0.0,0.200501,0.0,0.0
5.90808,0.0,0.31746,0.0,0.0
5.90741,0.0,0.200501,0.0,0.0
5.90694,0.0,0.150376,0.0,0.0
5.90751,0.0,0.31746,0.0,0.0
5.90928,0.0,0.31746,0.0,0.0
5.9088,0.0,0.334169,0.0,0.0
5.9072,0.0,0.334169,0.0,0.0
5.90768,0.0,0.284043,0.0,0.0
5.90831,0.0,0.350877,0.0,0.0
5.9077,0.0,0.21721,0.0,0.0
5.90805,0.0,0.250627,0.0,0.0
5.90806,0.0,0.267335,0.0,0.0
5.90826,0.0,0.367586,0.0,0.0
5.90843,0.0,0.250627,0.0,0.0
5.90812,0.0,0.367586,0.0,0.0
5.90974,0.0,0.467836,0.0,0.0
5.90846,0.0,0.267335,0.0,0.0
5.90654,0.0,0.267335,0.0,0.0
5.90829,0.0,0.21721,0.0,0.0
5.90809,0.0,0.401003,0.0,0.0
5.90828,0.0,0.367586,0.0,0.0
5.90824,0.0,0.250627,0.0,0.0
5.90737,0.0,0.233918,0.0,0.0
5.90752,0.0,0.21721,0.0,0.0
5.9083,0.0,0.350877,0.0,0.0
5.90727,0.0,0.21721,0.0,0.0
5.90687,0.0,0.200501,0.0,0.0
5.90765,0.0,0.334169,0.0,0.0
5.90797,0.0,0.267335,0.0,0.0
5.90768,0.0,0.183793,0.0,0.0
5.90702,0.0,0.183793,0.0,0.0
5.90792,0.0,0.284043,0.0,0.0
5.90808,0.0,0.21721,0.0,0.0
5.90833,0.0,0.384294,0.0,0.0
5.90953,0.0,0.334169,0.0,0.0
5.90846,0.0,0.300752,0.0,0.0
5.90714,0.0,0.167084,0.0,0.0
5.90869,0.0,0.31746,0.0,0.0
5.9087,0.0,0.284043,0.0,0.0
5.90808,0.0,0.31746,0.0,0.0
5.90826,0.0,0.21721,0.0,0.0
5.90844,0.0,0.300752,0.0,0.0
5.90808,0.0,0.21721,0.0,0.0
5.90803,0.0,0.284043,0.0,0.0
5.90718,0.0,0.31746,0.0,0.0
5.90757,0.0,0.200501,0.0,0.0
5.90816,0.0,0.350877,0.0,0.0
5.90815,0.0,0.300752,0.0,0.0
5.90813,0.0,0.300752,0.0,0.0
5.90727,0.0,0.284043,0.0,0.0
5.90657,0.0,0.183793,0.0,0.0
5.90786,0.0,0.284043,0.0,0.0
5.90881,0.0,0.267335,0.0,0.0
5.90726,0.0,0.233918,0.0,0.0
5.90686,0.0,0.200501,0.0,0.0
5.90739,0.0,0.200501,0.0,0.0
5.90724,0.0,0.21721,0.0,0.0
5.90761,0.0,0.200501,0.0,0.0
5.90794,0.0,0.334169,0.0,0.0
5.90835,0.0,0.267335,0.0,0.0
5.90762,0.0,0.31746,0.0,0.0
5.90825,0.0,0.233918,0.0,0.0
5.908,0.0,0.284043,0.0,0.0
5.90727,0.0,0.267335,0.0,0.0
5.90719,0.0,0.167084,0.0,0.0
5.90709,0.0,0.250627,0.0,0.0
5.90773,0.0,0.21721,0.0,0.0
5.90666,0.0,0.233918,0.0,0.0
5.90714,0.0,0.300752,0.0,0.0
5.90861,0.0,0.300752,0.0,0.0
5.90786,0.0,0.334169,0.0,0.0
5.90816,0.0,0.434419,0.0,0.0
5.90849,0.0,0.417711,0.0,0.0
5.90672,0.0,0.284043,0.0,0.0
5.90769,0.0,0.267335,0.0,0.0
5.90877,0.0,0.250627,0.0,0.0
5.90766,0.0,0.250627,0.0,0.0
5.90799,0.0,0.21721,0.0,0.0
5.90844,0.0,0.250627,0.0,0.0
5.90811,0.0,0.183793,0.0,0.0
5.90817,0.0,0.31746,0.0,0.0
5.90819,0.0,0.250627,0.0,0.0
5.90844,0.0,0.200501,0.0,0.0
5.90807,0.0,0.284043,0.0,0.0
5.90756,0.0,0.167084,0.0,0.0
5.90772,0.0,0.300752,0.0,0.0
5.90832,0.0,0.167084,0.0,0.0
5.90841,0.0,0.334169,0.0,0.0
5.90859,0.0,0.300752,0.0,0.0
5.90798,0.0,0.367586,0.0,0.0
5.90841,0.0,0.31746,0.0,0.0
5.90756,0.0,0.367586,0.0,0.0
5.90763,0.0,0.267335,0.0,0.0
5.9087,0.0,0.250627,0.0,0.0
5.90772,0.0,0.200501,0.0,0.0
5.90738,0.0,0.267335,0.0,0.0
5.90793,0.0,0.250627,0.0,0.0
5.90821,0.0,0.350877,0.0,0.0
5.90823,0.0,0.200501,0.0,0.0
5.90767,0.0,0.300752,0.0,0.0
5.90733,0.0,0.267335,0.0,0.0
5.9081,0.0,0.367586,0.0,0.0
5.90838,0.0,0.284043,0.0,0.0
5.90797,0.0,0.267335,0.0,0.0
5.90795,0.0,0.167084,0.0,0.0
5.90816,0.0,0.334169,0.0,0.0
5.90874,0.0,0.384294,0.0,0.0
5.90834,0.0,0.284043,0.0,0.0
5.90792,0.0,0.267335,0.0,0.0
5.90825,0.0,0.267335,0.0,0.0
5.90783,0.0,0.350877,0.0,0.0
5.9064,0.0,0.183793,0.0,0.0
5.90756,0.0,0.334169,0.0,0.0
5.90925,0.0,0.334169,0.0,0.0
5.90795,0.0,0.183793,0.0,0.0
5.90731,0.0,0.183793,0.0,0.0
5.90718,0.0,0.21721,0.0,0.0
5.90755,0.0,0.31746,0.0,0.0
5.90837,0.0,0.350877,0.0,0.0
5.90857,0.0,0.200501,0.0,0.0
5.90744,0.0,0.150376,0.0,0.0
5.9083,0.0,0.267335,0.0,0.0
5.90807,0.0,0.300752,0.0,0.0
5.90817,0.0,0.350877,0.0,0.0
5.90756,0.0,0.233918,0.0,0.0
5.90734,0.0,0.284043,0.0,0.0
5.90811,0.0,0.267335,0.0,0.0
5.9083,0.0,0.200501,0.0,0.0
5.90854,0.0,0.367586,0.0,0.0
5.90828,0.0,0.334169,0.0,0.0
5.90748,0.0,0.100251,0.0,0.0
5.90787,0.0,0.300752,0.0,0.0
5.90915,0.0,0.384294,0.0,0.0
5.90854,0.0,0.401003,0.0,0.0
5.90733,0.0,0.250627,0.0,0.0
5.90752,0.0,0.167084,0.0,0.0
5.90719,0.0,0.334169,0.0,0.0
5.90774,0.0,0.401003,0.0,0.0
5.90813,0.0,0.334169,0.0,0.0
5.90776,0.0,0.334169,0.0,0.0
5.90687,0.0,0.200501,0.0,0.0
5.90806,0.0,0.300752,0.0,0.0
5.90801,0.0,0.233918,0.0,0.0
5.90682,0.0,0.300752,0.0,0.0
5.90744,0.0,0.284043,0.0,0.0
5.90906,0.0,0.300752,0.0,0.0
5.90915,0.0,0.300752,0.0,0.0
5.90829,0.0,0.233918,0.0,0.0
5.90763,0.0,0.183793,0.0,0.0
5.90783,0.0,0.233918,0.0,0.0
5.9095,0.0,0.31746,0.0,0.0
5.90836,0.0,0.233918,0.0,0.0
5.90736,0.0,0.31746,0.0,0.0
5.90779,0.0,0.150376,0.0,0.0
5.9089,0.0,0.233918,0.0,0.0
5.90788,0.0,0.21721,0.0,0.0
5.90637,0.0,0.133668,0.0,0.0
5.90689,0.0,0.250627,0.0,0.0
5.90777,0.0,0.250627,0.0,0.0
5.90783,0.0,0.250627,0.0,0.0
5.90836,0.0,0.284043,0.0,0.0
5.90832,0.0,0.250627,0.0,0.0
5.9075,0.0,0.200501,0.0,0.0
5.90717,0.0,0.284043,0.0,0.0
5.90847,0.0,0.300752,0.0,0.0
5.90771,0.0,0.167084,0.0,0.0
5.90658,0.0,0.401003,0.0,0.0
5.90741,0.0,0.300752,0.0,0.0
5.90777,0.0,0.233918,0.0,0.0
